relative_ms;timestamp_ms;channel;meaning;length;packet_no;changed_bytes;hex;origin;connection_epoch
8527;1787221623544;1502;Akkuinformationen;16;1;0,1,2,3,4,5,6,7,8,9,10,11,12,13,14,15;47-18-FF-FF-FF-FF-47-18-FF-FF-FF-FF-FF-FF-00-00;NOTIFICATION;1
9143;1787221624160;1506;Trip / Kilometer & Betriebszähler;16;1;0,1,2,3,4,5,6,7,8,9,10,11,12,13,14,15;00-00-1B-D2-00-02-2B-1B-00-00-02-C8-00-00-00-00;NOTIFICATION;1
9567;1787221624584;1508;Settings / Licht & Fahrstufe;17;1;0,1,2,3,4,5,6,7,8,9,10,11,12,13,14,15,16;00-00-00-01-FF-FF-FF-FF-FF-FF-FF-00-00-00-00-00-00;NOTIFICATION;1
9783;1787221624800;1509;BatteryChange / Akku-Livestand;11;1;0,1,2,3,4,5,6,7,8,9,10;00-00-FF-FF-40-C0-94-00-00-00-00;NOTIFICATION;1
9985;1787221625002;150A;MotorUpdate / Motor-Livestand;10;1;0,1,2,3,4,5,6,7,8,9;00-00-FF-FF-FF-FF-FF-FF-FF-FF;NOTIFICATION;1
10196;1787221625213;150B;Motor-/Controllerblock;20;1;0,1,2,3,4,5,6,7,8,9,10,11,12,13,14,15,16,17,18,19;FF-FF-FF-FF-FF-FF-FF-FF-FF-FF-FF-FF-FF-FF-FF-FF-FF-FF-FF-FF;NOTIFICATION;1
10408;1787221625425;150D;Fahrstatistik Max/Ø;20;1;0,1,2,3,4,5,6,7,8,9,10,11,12,13,14,15,16,17,18,19;00-10-00-00-FF-FF-FF-FF-47-18-FF-FF-FF-FF-FF-FF-FF-FF-00-00;NOTIFICATION;1
11446;1787221626463;1502;Akkuinformationen;16;2;–;47-18-FF-FF-FF-FF-47-18-FF-FF-FF-FF-FF-FF-00-00;NOTIFICATION;1
11855;1787221626872;1505;BikePerformance / Fahrleistung;18;1;0,1,2,3,4,5,6,7,8,9,10,11,12,13,14,15,16,17;00-00-00-00-FF-FF-00-00-FF-FF-FF-FF-FF-00-00-00-00-00;NOTIFICATION;1
12067;1787221627084;1506;Trip / Kilometer & Betriebszähler;16;2;7;00-00-1B-D2-00-02-2B-1C-00-00-02-C8-00-00-00-00;NOTIFICATION;1
12485;1787221627502;1508;Settings / Licht & Fahrstufe;17;2;–;00-00-00-01-FF-FF-FF-FF-FF-FF-FF-00-00-00-00-00-00;NOTIFICATION;1
12697;1787221627714;1509;BatteryChange / Akku-Livestand;11;2;–;00-00-FF-FF-40-C0-94-00-00-00-00;NOTIFICATION;1
12906;1787221627923;150A;MotorUpdate / Motor-Livestand;10;2;–;00-00-FF-FF-FF-FF-FF-FF-FF-FF;NOTIFICATION;1
13119;1787221628136;150B;Motor-/Controllerblock;20;2;–;FF-FF-FF-FF-FF-FF-FF-FF-FF-FF-FF-FF-FF-FF-FF-FF-FF-FF-FF-FF;NOTIFICATION;1
13326;1787221628343;150D;Fahrstatistik Max/Ø;20;2;–;00-10-00-00-FF-FF-FF-FF-47-18-FF-FF-FF-FF-FF-FF-FF-FF-00-00;NOTIFICATION;1
14367;1787221629384;1502;Akkuinformationen;16;3;–;47-18-FF-FF-FF-FF-47-18-FF-FF-FF-FF-FF-FF-00-00;NOTIFICATION;1
14784;1787221629801;1505;BikePerformance / Fahrleistung;18;2;–;00-00-00-00-FF-FF-00-00-FF-FF-FF-FF-FF-00-00-00-00-00;NOTIFICATION;1
14986;1787221630003;1506;Trip / Kilometer & Betriebszähler;16;3;–;00-00-1B-D2-00-02-2B-1C-00-00-02-C8-00-00-00-00;NOTIFICATION;1
15409;1787221630426;1508;Settings / Licht & Fahrstufe;17;3;–;00-00-00-01-FF-FF-FF-FF-FF-FF-FF-00-00-00-00-00-00;NOTIFICATION;1
15618;1787221630635;1509;BatteryChange / Akku-Livestand;11;3;–;00-00-FF-FF-40-C0-94-00-00-00-00;NOTIFICATION;1
15841;1787221630858;150A;MotorUpdate / Motor-Livestand;10;3;–;00-00-FF-FF-FF-FF-FF-FF-FF-FF;NOTIFICATION;1
16035;1787221631052;150B;Motor-/Controllerblock;20;3;–;FF-FF-FF-FF-FF-FF-FF-FF-FF-FF-FF-FF-FF-FF-FF-FF-FF-FF-FF-FF;NOTIFICATION;1
16249;1787221631266;150D;Fahrstatistik Max/Ø;20;3;–;00-10-00-00-FF-FF-FF-FF-47-18-FF-FF-FF-FF-FF-FF-FF-FF-00-00;NOTIFICATION;1
17285;1787221632302;1502;Akkuinformationen;16;4;–;47-18-FF-FF-FF-FF-47-18-FF-FF-FF-FF-FF-FF-00-00;NOTIFICATION;1
17709;1787221632726;1505;BikePerformance / Fahrleistung;18;3;–;00-00-00-00-FF-FF-00-00-FF-FF-FF-FF-FF-00-00-00-00-00;NOTIFICATION;1
17916;1787221632933;1506;Trip / Kilometer & Betriebszähler;16;4;–;00-00-1B-D2-00-02-2B-1C-00-00-02-C8-00-00-00-00;NOTIFICATION;1
18327;1787221633344;1508;Settings / Licht & Fahrstufe;17;4;–;00-00-00-01-FF-FF-FF-FF-FF-FF-FF-00-00-00-00-00-00;NOTIFICATION;1
18537;1787221633554;1509;BatteryChange / Akku-Livestand;11;4;–;00-00-FF-FF-40-C0-94-00-00-00-00;NOTIFICATION;1
18745;1787221633762;150A;MotorUpdate / Motor-Livestand;10;4;–;00-00-FF-FF-FF-FF-FF-FF-FF-FF;NOTIFICATION;1
18957;1787221633974;150B;Motor-/Controllerblock;20;4;–;FF-FF-FF-FF-FF-FF-FF-FF-FF-FF-FF-FF-FF-FF-FF-FF-FF-FF-FF-FF;NOTIFICATION;1
19166;1787221634183;150D;Fahrstatistik Max/Ø;20;4;–;00-10-00-00-FF-FF-FF-FF-47-18-FF-FF-FF-FF-FF-FF-FF-FF-00-00;NOTIFICATION;1
20206;1787221635223;1502;Akkuinformationen;16;5;–;47-18-FF-FF-FF-FF-47-18-FF-FF-FF-FF-FF-FF-00-00;NOTIFICATION;1
20626;1787221635643;1505;BikePerformance / Fahrleistung;18;4;–;00-00-00-00-FF-FF-00-00-FF-FF-FF-FF-FF-00-00-00-00-00;NOTIFICATION;1
20835;1787221635852;1506;Trip / Kilometer & Betriebszähler;16;5;–;00-00-1B-D2-00-02-2B-1C-00-00-02-C8-00-00-00-00;NOTIFICATION;1
21247;1787221636264;1508;Settings / Licht & Fahrstufe;17;5;–;00-00-00-01-FF-FF-FF-FF-FF-FF-FF-00-00-00-00-00-00;NOTIFICATION;1
21458;1787221636475;1509;BatteryChange / Akku-Livestand;11;5;–;00-00-FF-FF-40-C0-94-00-00-00-00;NOTIFICATION;1
21665;1787221636682;150A;MotorUpdate / Motor-Livestand;10;5;–;00-00-FF-FF-FF-FF-FF-FF-FF-FF;NOTIFICATION;1
21879;1787221636896;150B;Motor-/Controllerblock;20;5;–;FF-FF-FF-FF-FF-FF-FF-FF-FF-FF-FF-FF-FF-FF-FF-FF-FF-FF-FF-FF;NOTIFICATION;1
22087;1787221637104;150D;Fahrstatistik Max/Ø;20;5;–;00-10-00-00-FF-FF-FF-FF-47-18-FF-FF-FF-FF-FF-FF-FF-FF-00-00;NOTIFICATION;1
23127;1787221638144;1502;Akkuinformationen;16;6;–;47-18-FF-FF-FF-FF-47-18-FF-FF-FF-FF-FF-FF-00-00;NOTIFICATION;1
23546;1787221638563;1505;BikePerformance / Fahrleistung;18;5;–;00-00-00-00-FF-FF-00-00-FF-FF-FF-FF-FF-00-00-00-00-00;NOTIFICATION;1
23756;1787221638773;1506;Trip / Kilometer & Betriebszähler;16;6;–;00-00-1B-D2-00-02-2B-1C-00-00-02-C8-00-00-00-00;NOTIFICATION;1
24167;1787221639184;1508;Settings / Licht & Fahrstufe;17;6;–;00-00-00-01-FF-FF-FF-FF-FF-FF-FF-00-00-00-00-00-00;NOTIFICATION;1
24377;1787221639394;1509;BatteryChange / Akku-Livestand;11;6;–;00-00-FF-FF-40-C0-94-00-00-00-00;NOTIFICATION;1
24585;1787221639602;150A;MotorUpdate / Motor-Livestand;10;6;–;00-00-FF-FF-FF-FF-FF-FF-FF-FF;NOTIFICATION;1
24797;1787221639814;150B;Motor-/Controllerblock;20;6;–;FF-FF-FF-FF-FF-FF-FF-FF-FF-FF-FF-FF-FF-FF-FF-FF-FF-FF-FF-FF;NOTIFICATION;1
25009;1787221640026;150D;Fahrstatistik Max/Ø;20;6;–;00-10-00-00-FF-FF-FF-FF-47-18-FF-FF-FF-FF-FF-FF-FF-FF-00-00;NOTIFICATION;1
26047;1787221641064;1502;Akkuinformationen;16;7;–;47-18-FF-FF-FF-FF-47-18-FF-FF-FF-FF-FF-FF-00-00;NOTIFICATION;1
26467;1787221641484;1505;BikePerformance / Fahrleistung;18;6;–;00-00-00-00-FF-FF-00-00-FF-FF-FF-FF-FF-00-00-00-00-00;NOTIFICATION;1
26678;1787221641695;1506;Trip / Kilometer & Betriebszähler;16;7;–;00-00-1B-D2-00-02-2B-1C-00-00-02-C8-00-00-00-00;NOTIFICATION;1
27094;1787221642111;1508;Settings / Licht & Fahrstufe;17;7;–;00-00-00-01-FF-FF-FF-FF-FF-FF-FF-00-00-00-00-00-00;NOTIFICATION;1
27295;1787221642312;1509;BatteryChange / Akku-Livestand;11;7;–;00-00-FF-FF-40-C0-94-00-00-00-00;NOTIFICATION;1
27508;1787221642525;150A;MotorUpdate / Motor-Livestand;10;7;–;00-00-FF-FF-FF-FF-FF-FF-FF-FF;NOTIFICATION;1
27713;1787221642730;150B;Motor-/Controllerblock;20;7;–;FF-FF-FF-FF-FF-FF-FF-FF-FF-FF-FF-FF-FF-FF-FF-FF-FF-FF-FF-FF;NOTIFICATION;1
27924;1787221642941;150D;Fahrstatistik Max/Ø;20;7;–;00-10-00-00-FF-FF-FF-FF-47-18-FF-FF-FF-FF-FF-FF-FF-FF-00-00;NOTIFICATION;1
28969;1787221643986;1502;Akkuinformationen;16;8;–;47-18-FF-FF-FF-FF-47-18-FF-FF-FF-FF-FF-FF-00-00;NOTIFICATION;1
29385;1787221644402;1505;BikePerformance / Fahrleistung;18;7;–;00-00-00-00-FF-FF-00-00-FF-FF-FF-FF-FF-00-00-00-00-00;NOTIFICATION;1
29595;1787221644612;1506;Trip / Kilometer & Betriebszähler;16;8;–;00-00-1B-D2-00-02-2B-1C-00-00-02-C8-00-00-00-00;NOTIFICATION;1
30014;1787221645031;1508;Settings / Licht & Fahrstufe;17;8;–;00-00-00-01-FF-FF-FF-FF-FF-FF-FF-00-00-00-00-00-00;NOTIFICATION;1
30227;1787221645244;1509;BatteryChange / Akku-Livestand;11;8;–;00-00-FF-FF-40-C0-94-00-00-00-00;NOTIFICATION;1
30425;1787221645442;150A;MotorUpdate / Motor-Livestand;10;8;–;00-00-FF-FF-FF-FF-FF-FF-FF-FF;NOTIFICATION;1
30640;1787221645657;150B;Motor-/Controllerblock;20;8;–;FF-FF-FF-FF-FF-FF-FF-FF-FF-FF-FF-FF-FF-FF-FF-FF-FF-FF-FF-FF;NOTIFICATION;1
30849;1787221645866;150D;Fahrstatistik Max/Ø;20;8;–;00-10-00-00-FF-FF-FF-FF-47-18-FF-FF-FF-FF-FF-FF-FF-FF-00-00;NOTIFICATION;1
31886;1787221646903;1502;Akkuinformationen;16;9;–;47-18-FF-FF-FF-FF-47-18-FF-FF-FF-FF-FF-FF-00-00;NOTIFICATION;1
32306;1787221647323;1505;BikePerformance / Fahrleistung;18;8;–;00-00-00-00-FF-FF-00-00-FF-FF-FF-FF-FF-00-00-00-00-00;NOTIFICATION;1
32515;1787221647532;1506;Trip / Kilometer & Betriebszähler;16;9;–;00-00-1B-D2-00-02-2B-1C-00-00-02-C8-00-00-00-00;NOTIFICATION;1
32941;1787221647958;1508;Settings / Licht & Fahrstufe;17;9;–;00-00-00-01-FF-FF-FF-FF-FF-FF-FF-00-00-00-00-00-00;NOTIFICATION;1
33145;1787221648162;1509;BatteryChange / Akku-Livestand;11;9;–;00-00-FF-FF-40-C0-94-00-00-00-00;NOTIFICATION;1
33355;1787221648372;150A;MotorUpdate / Motor-Livestand;10;9;–;00-00-FF-FF-FF-FF-FF-FF-FF-FF;NOTIFICATION;1
33557;1787221648574;150B;Motor-/Controllerblock;20;9;–;FF-FF-FF-FF-FF-FF-FF-FF-FF-FF-FF-FF-FF-FF-FF-FF-FF-FF-FF-FF;NOTIFICATION;1
33765;1787221648782;150D;Fahrstatistik Max/Ø;20;9;–;00-10-00-00-FF-FF-FF-FF-47-18-FF-FF-FF-FF-FF-FF-FF-FF-00-00;NOTIFICATION;1
35026;1787221650043;1502;Akkuinformationen;16;10;–;47-18-FF-FF-FF-FF-47-18-FF-FF-FF-FF-FF-FF-00-00;NOTIFICATION;1
35435;1787221650452;1505;BikePerformance / Fahrleistung;18;9;–;00-00-00-00-FF-FF-00-00-FF-FF-FF-FF-FF-00-00-00-00-00;NOTIFICATION;1
35643;1787221650660;1506;Trip / Kilometer & Betriebszähler;16;10;–;00-00-1B-D2-00-02-2B-1C-00-00-02-C8-00-00-00-00;NOTIFICATION;1
36065;1787221651082;1508;Settings / Licht & Fahrstufe;17;10;–;00-00-00-01-FF-FF-FF-FF-FF-FF-FF-00-00-00-00-00-00;NOTIFICATION;1
36485;1787221651502;1509;BatteryChange / Akku-Livestand;11;10;–;00-00-FF-FF-40-C0-94-00-00-00-00;NOTIFICATION;1
36686;1787221651703;150A;MotorUpdate / Motor-Livestand;10;10;–;00-00-FF-FF-FF-FF-FF-FF-FF-FF;NOTIFICATION;1
36896;1787221651913;150B;Motor-/Controllerblock;20;10;–;FF-FF-FF-FF-FF-FF-FF-FF-FF-FF-FF-FF-FF-FF-FF-FF-FF-FF-FF-FF;NOTIFICATION;1
37109;1787221652126;150D;Fahrstatistik Max/Ø;20;10;–;00-10-00-00-FF-FF-FF-FF-47-18-FF-FF-FF-FF-FF-FF-FF-FF-00-00;NOTIFICATION;1
38156;1787221653173;1502;Akkuinformationen;16;11;–;47-18-FF-FF-FF-FF-47-18-FF-FF-FF-FF-FF-FF-00-00;NOTIFICATION;1
38566;1787221653583;1505;BikePerformance / Fahrleistung;18;10;–;00-00-00-00-FF-FF-00-00-FF-FF-FF-FF-FF-00-00-00-00-00;NOTIFICATION;1
38774;1787221653791;1506;Trip / Kilometer & Betriebszähler;16;11;–;00-00-1B-D2-00-02-2B-1C-00-00-02-C8-00-00-00-00;NOTIFICATION;1
39195;1787221654212;1508;Settings / Licht & Fahrstufe;17;11;–;00-00-00-01-FF-FF-FF-FF-FF-FF-FF-00-00-00-00-00-00;NOTIFICATION;1
39406;1787221654423;1509;BatteryChange / Akku-Livestand;11;11;–;00-00-FF-FF-40-C0-94-00-00-00-00;NOTIFICATION;1
39615;1787221654632;150A;MotorUpdate / Motor-Livestand;10;11;–;00-00-FF-FF-FF-FF-FF-FF-FF-FF;NOTIFICATION;1
39827;1787221654844;150B;Motor-/Controllerblock;20;11;–;FF-FF-FF-FF-FF-FF-FF-FF-FF-FF-FF-FF-FF-FF-FF-FF-FF-FF-FF-FF;NOTIFICATION;1
40027;1787221655044;150D;Fahrstatistik Max/Ø;20;11;–;00-10-00-00-FF-FF-FF-FF-47-18-FF-FF-FF-FF-FF-FF-FF-FF-00-00;NOTIFICATION;1
41075;1787221656092;1502;Akkuinformationen;16;12;–;47-18-FF-FF-FF-FF-47-18-FF-FF-FF-FF-FF-FF-00-00;NOTIFICATION;1
41486;1787221656503;1505;BikePerformance / Fahrleistung;18;11;–;00-00-00-00-FF-FF-00-00-FF-FF-FF-FF-FF-00-00-00-00-00;NOTIFICATION;1
41698;1787221656715;1506;Trip / Kilometer & Betriebszähler;16;12;–;00-00-1B-D2-00-02-2B-1C-00-00-02-C8-00-00-00-00;NOTIFICATION;1
42116;1787221657133;1508;Settings / Licht & Fahrstufe;17;12;–;00-00-00-01-FF-FF-FF-FF-FF-FF-FF-00-00-00-00-00-00;NOTIFICATION;1
42325;1787221657342;1509;BatteryChange / Akku-Livestand;11;12;–;00-00-FF-FF-40-C0-94-00-00-00-00;NOTIFICATION;1
42535;1787221657552;150A;MotorUpdate / Motor-Livestand;10;12;–;00-00-FF-FF-FF-FF-FF-FF-FF-FF;NOTIFICATION;1
42746;1787221657763;150B;Motor-/Controllerblock;20;12;–;FF-FF-FF-FF-FF-FF-FF-FF-FF-FF-FF-FF-FF-FF-FF-FF-FF-FF-FF-FF;NOTIFICATION;1
42955;1787221657972;150D;Fahrstatistik Max/Ø;20;12;–;00-10-00-00-FF-FF-FF-FF-47-18-FF-FF-FF-FF-FF-FF-FF-FF-00-00;NOTIFICATION;1
43994;1787221659011;1502;Akkuinformationen;16;13;–;47-18-FF-FF-FF-FF-47-18-FF-FF-FF-FF-FF-FF-00-00;NOTIFICATION;1
44416;1787221659433;1505;BikePerformance / Fahrleistung;18;12;–;00-00-00-00-FF-FF-00-00-FF-FF-FF-FF-FF-00-00-00-00-00;NOTIFICATION;1
44616;1787221659633;1506;Trip / Kilometer & Betriebszähler;16;13;–;00-00-1B-D2-00-02-2B-1C-00-00-02-C8-00-00-00-00;NOTIFICATION;1
45040;1787221660057;1508;Settings / Licht & Fahrstufe;17;13;–;00-00-00-01-FF-FF-FF-FF-FF-FF-FF-00-00-00-00-00-00;NOTIFICATION;1
45248;1787221660265;1509;BatteryChange / Akku-Livestand;11;13;–;00-00-FF-FF-40-C0-94-00-00-00-00;NOTIFICATION;1
45456;1787221660473;150A;MotorUpdate / Motor-Livestand;10;13;–;00-00-FF-FF-FF-FF-FF-FF-FF-FF;NOTIFICATION;1
45668;1787221660685;150B;Motor-/Controllerblock;20;13;–;FF-FF-FF-FF-FF-FF-FF-FF-FF-FF-FF-FF-FF-FF-FF-FF-FF-FF-FF-FF;NOTIFICATION;1
45879;1787221660896;150D;Fahrstatistik Max/Ø;20;13;–;00-10-00-00-FF-FF-FF-FF-47-18-FF-FF-FF-FF-FF-FF-FF-FF-00-00;NOTIFICATION;1
46915;1787221661932;1502;Akkuinformationen;16;14;–;47-18-FF-FF-FF-FF-47-18-FF-FF-FF-FF-FF-FF-00-00;NOTIFICATION;1
47347;1787221662364;1505;BikePerformance / Fahrleistung;18;13;–;00-00-00-00-FF-FF-00-00-FF-FF-FF-FF-FF-00-00-00-00-00;NOTIFICATION;1
47548;1787221662565;1506;Trip / Kilometer & Betriebszähler;16;14;–;00-00-1B-D2-00-02-2B-1C-00-00-02-C8-00-00-00-00;NOTIFICATION;1
47954;1787221662971;1508;Settings / Licht & Fahrstufe;17;14;–;00-00-00-01-FF-FF-FF-FF-FF-FF-FF-00-00-00-00-00-00;NOTIFICATION;1
48164;1787221663181;1509;BatteryChange / Akku-Livestand;11;14;–;00-00-FF-FF-40-C0-94-00-00-00-00;NOTIFICATION;1
48375;1787221663392;150A;MotorUpdate / Motor-Livestand;10;14;–;00-00-FF-FF-FF-FF-FF-FF-FF-FF;NOTIFICATION;1
48585;1787221663602;150B;Motor-/Controllerblock;20;14;–;FF-FF-FF-FF-FF-FF-FF-FF-FF-FF-FF-FF-FF-FF-FF-FF-FF-FF-FF-FF;NOTIFICATION;1
48795;1787221663812;150D;Fahrstatistik Max/Ø;20;14;1;00-12-00-00-FF-FF-FF-FF-47-18-FF-FF-FF-FF-FF-FF-FF-FF-00-00;NOTIFICATION;1
49836;1787221664853;1502;Akkuinformationen;16;15;–;47-18-FF-FF-FF-FF-47-18-FF-FF-FF-FF-FF-FF-00-00;NOTIFICATION;1
50255;1787221665272;1505;BikePerformance / Fahrleistung;18;14;7;00-00-00-00-FF-FF-00-1B-FF-FF-FF-FF-FF-00-00-00-00-00;NOTIFICATION;1
50466;1787221665483;1506;Trip / Kilometer & Betriebszähler;16;15;7;00-00-1B-D2-00-02-2B-1E-00-00-02-C8-00-00-00-00;NOTIFICATION;1
50885;1787221665902;1508;Settings / Licht & Fahrstufe;17;15;–;00-00-00-01-FF-FF-FF-FF-FF-FF-FF-00-00-00-00-00-00;NOTIFICATION;1
51084;1787221666101;1509;BatteryChange / Akku-Livestand;11;15;–;00-00-FF-FF-40-C0-94-00-00-00-00;NOTIFICATION;1
51296;1787221666313;150A;MotorUpdate / Motor-Livestand;10;15;–;00-00-FF-FF-FF-FF-FF-FF-FF-FF;NOTIFICATION;1
51506;1787221666523;150B;Motor-/Controllerblock;20;15;–;FF-FF-FF-FF-FF-FF-FF-FF-FF-FF-FF-FF-FF-FF-FF-FF-FF-FF-FF-FF;NOTIFICATION;1
51716;1787221666733;150D;Fahrstatistik Max/Ø;20;15;1;00-1C-00-00-FF-FF-FF-FF-47-18-FF-FF-FF-FF-FF-FF-FF-FF-00-00;NOTIFICATION;1
52755;1787221667772;1502;Akkuinformationen;16;16;–;47-18-FF-FF-FF-FF-47-18-FF-FF-FF-FF-FF-FF-00-00;NOTIFICATION;1
53176;1787221668193;1505;BikePerformance / Fahrleistung;18;15;7;00-00-00-00-FF-FF-00-31-FF-FF-FF-FF-FF-00-00-00-00-00;NOTIFICATION;1
53385;1787221668402;1506;Trip / Kilometer & Betriebszähler;16;16;7;00-00-1B-D2-00-02-2B-21-00-00-02-C8-00-00-00-00;NOTIFICATION;1
53807;1787221668824;1508;Settings / Licht & Fahrstufe;17;16;–;00-00-00-01-FF-FF-FF-FF-FF-FF-FF-00-00-00-00-00-00;NOTIFICATION;1
54018;1787221669035;1509;BatteryChange / Akku-Livestand;11;16;6;00-00-FF-FF-40-C0-30-00-00-00-00;NOTIFICATION;1
54216;1787221669233;150A;MotorUpdate / Motor-Livestand;10;16;–;00-00-FF-FF-FF-FF-FF-FF-FF-FF;NOTIFICATION;1
54425;1787221669442;150B;Motor-/Controllerblock;20;16;–;FF-FF-FF-FF-FF-FF-FF-FF-FF-FF-FF-FF-FF-FF-FF-FF-FF-FF-FF-FF;NOTIFICATION;1
54636;1787221669653;150D;Fahrstatistik Max/Ø;20;16;1;00-44-00-00-FF-FF-FF-FF-47-18-FF-FF-FF-FF-FF-FF-FF-FF-00-00;NOTIFICATION;1
55677;1787221670694;1502;Akkuinformationen;16;17;–;47-18-FF-FF-FF-FF-47-18-FF-FF-FF-FF-FF-FF-00-00;NOTIFICATION;1
56096;1787221671113;1505;BikePerformance / Fahrleistung;18;16;7;00-00-00-00-FF-FF-00-39-FF-FF-FF-FF-FF-00-00-00-00-00;NOTIFICATION;1
56306;1787221671323;1506;Trip / Kilometer & Betriebszähler;16;17;7;00-00-1B-D2-00-02-2B-24-00-00-02-C8-00-00-00-00;NOTIFICATION;1
56728;1787221671745;1508;Settings / Licht & Fahrstufe;17;17;–;00-00-00-01-FF-FF-FF-FF-FF-FF-FF-00-00-00-00-00-00;NOTIFICATION;1
56937;1787221671954;1509;BatteryChange / Akku-Livestand;11;17;–;00-00-FF-FF-40-C0-30-00-00-00-00;NOTIFICATION;1
57145;1787221672162;150A;MotorUpdate / Motor-Livestand;10;17;–;00-00-FF-FF-FF-FF-FF-FF-FF-FF;NOTIFICATION;1
57346;1787221672363;150B;Motor-/Controllerblock;20;17;–;FF-FF-FF-FF-FF-FF-FF-FF-FF-FF-FF-FF-FF-FF-FF-FF-FF-FF-FF-FF;NOTIFICATION;1
57556;1787221672573;150D;Fahrstatistik Max/Ø;20;17;1;00-4F-00-00-FF-FF-FF-FF-47-18-FF-FF-FF-FF-FF-FF-FF-FF-00-00;NOTIFICATION;1
58610;1787221673627;1502;Akkuinformationen;16;18;–;47-18-FF-FF-FF-FF-47-18-FF-FF-FF-FF-FF-FF-00-00;NOTIFICATION;1
59017;1787221674034;1505;BikePerformance / Fahrleistung;18;17;7;00-00-00-00-FF-FF-00-48-FF-FF-FF-FF-FF-00-00-00-00-00;NOTIFICATION;1
59225;1787221674242;1506;Trip / Kilometer & Betriebszähler;16;18;7;00-00-1B-D2-00-02-2B-27-00-00-02-C8-00-00-00-00;NOTIFICATION;1
59647;1787221674664;1508;Settings / Licht & Fahrstufe;17;18;–;00-00-00-01-FF-FF-FF-FF-FF-FF-FF-00-00-00-00-00-00;NOTIFICATION;1
59853;1787221674870;1509;BatteryChange / Akku-Livestand;11;18;4;00-00-FF-FF-3D-C0-30-00-00-00-00;NOTIFICATION;1
60067;1787221675084;150A;MotorUpdate / Motor-Livestand;10;18;–;00-00-FF-FF-FF-FF-FF-FF-FF-FF;NOTIFICATION;1
60277;1787221675294;150B;Motor-/Controllerblock;20;18;–;FF-FF-FF-FF-FF-FF-FF-FF-FF-FF-FF-FF-FF-FF-FF-FF-FF-FF-FF-FF;NOTIFICATION;1
60473;1787221675490;150D;Fahrstatistik Max/Ø;20;18;–;00-4F-00-00-FF-FF-FF-FF-47-18-FF-FF-FF-FF-FF-FF-FF-FF-00-00;NOTIFICATION;1
61528;1787221676545;1502;Akkuinformationen;16;19;–;47-18-FF-FF-FF-FF-47-18-FF-FF-FF-FF-FF-FF-00-00;NOTIFICATION;1
61940;1787221676957;1505;BikePerformance / Fahrleistung;18;18;7;00-00-00-00-FF-FF-00-2E-FF-FF-FF-FF-FF-00-00-00-00-00;NOTIFICATION;1
62147;1787221677164;1506;Trip / Kilometer & Betriebszähler;16;19;7;00-00-1B-D2-00-02-2B-2A-00-00-02-C8-00-00-00-00;NOTIFICATION;1
62567;1787221677584;1508;Settings / Licht & Fahrstufe;17;19;–;00-00-00-01-FF-FF-FF-FF-FF-FF-FF-00-00-00-00-00-00;NOTIFICATION;1
62779;1787221677796;1509;BatteryChange / Akku-Livestand;11;19;4,6;00-00-FF-FF-3B-C0-F8-00-00-00-00;NOTIFICATION;1
62986;1787221678003;150A;MotorUpdate / Motor-Livestand;10;19;–;00-00-FF-FF-FF-FF-FF-FF-FF-FF;NOTIFICATION;1
63198;1787221678215;150B;Motor-/Controllerblock;20;19;–;FF-FF-FF-FF-FF-FF-FF-FF-FF-FF-FF-FF-FF-FF-FF-FF-FF-FF-FF-FF;NOTIFICATION;1
63407;1787221678424;150D;Fahrstatistik Max/Ø;20;19;–;00-4F-00-00-FF-FF-FF-FF-47-18-FF-FF-FF-FF-FF-FF-FF-FF-00-00;NOTIFICATION;1
64447;1787221679464;1502;Akkuinformationen;16;20;–;47-18-FF-FF-FF-FF-47-18-FF-FF-FF-FF-FF-FF-00-00;NOTIFICATION;1
64868;1787221679885;1505;BikePerformance / Fahrleistung;18;19;7;00-00-00-00-FF-FF-00-00-FF-FF-FF-FF-FF-00-00-00-00-00;NOTIFICATION;1
65072;1787221680089;1506;Trip / Kilometer & Betriebszähler;16;20;7;00-00-1B-D2-00-02-2B-2C-00-00-02-C8-00-00-00-00;NOTIFICATION;1
65490;1787221680507;1508;Settings / Licht & Fahrstufe;17;20;–;00-00-00-01-FF-FF-FF-FF-FF-FF-FF-00-00-00-00-00-00;NOTIFICATION;1
65697;1787221680714;1509;BatteryChange / Akku-Livestand;11;20;6;00-00-FF-FF-3B-C0-94-00-00-00-00;NOTIFICATION;1
65907;1787221680924;150A;MotorUpdate / Motor-Livestand;10;20;–;00-00-FF-FF-FF-FF-FF-FF-FF-FF;NOTIFICATION;1
66116;1787221681133;150B;Motor-/Controllerblock;20;20;–;FF-FF-FF-FF-FF-FF-FF-FF-FF-FF-FF-FF-FF-FF-FF-FF-FF-FF-FF-FF;NOTIFICATION;1
66330;1787221681347;150D;Fahrstatistik Max/Ø;20;20;–;00-4F-00-00-FF-FF-FF-FF-47-18-FF-FF-FF-FF-FF-FF-FF-FF-00-00;NOTIFICATION;1
67368;1787221682385;1502;Akkuinformationen;16;21;–;47-18-FF-FF-FF-FF-47-18-FF-FF-FF-FF-FF-FF-00-00;NOTIFICATION;1
67997;1787221683014;1506;Trip / Kilometer & Betriebszähler;16;21;7;00-00-1B-D2-00-02-2B-2F-00-00-02-C8-00-00-00-00;NOTIFICATION;1
68407;1787221683424;1508;Settings / Licht & Fahrstufe;17;21;–;00-00-00-01-FF-FF-FF-FF-FF-FF-FF-00-00-00-00-00-00;NOTIFICATION;1
68618;1787221683635;1509;BatteryChange / Akku-Livestand;11;21;4,5,6;00-00-FF-FF-3F-BF-68-00-00-00-00;NOTIFICATION;1
68828;1787221683845;150A;MotorUpdate / Motor-Livestand;10;21;0,1;13-88-FF-FF-FF-FF-FF-FF-FF-FF;NOTIFICATION;1
69039;1787221684056;150B;Motor-/Controllerblock;20;21;–;FF-FF-FF-FF-FF-FF-FF-FF-FF-FF-FF-FF-FF-FF-FF-FF-FF-FF-FF-FF;NOTIFICATION;1
69250;1787221684267;150D;Fahrstatistik Max/Ø;20;21;1;00-53-00-00-FF-FF-FF-FF-47-18-FF-FF-FF-FF-FF-FF-FF-FF-00-00;NOTIFICATION;1
70288;1787221685305;1502;Akkuinformationen;16;22;–;47-18-FF-FF-FF-FF-47-18-FF-FF-FF-FF-FF-FF-00-00;NOTIFICATION;1
70709;1787221685726;1505;BikePerformance / Fahrleistung;18;20;0,1,2,3,7;0E-D8-0E-D8-FF-FF-00-78-FF-FF-FF-FF-FF-00-00-00-00-00;NOTIFICATION;1
70918;1787221685935;1506;Trip / Kilometer & Betriebszähler;16;22;7;00-00-1B-D2-00-02-2B-32-00-00-02-C8-00-00-00-00;NOTIFICATION;1
71328;1787221686345;1508;Settings / Licht & Fahrstufe;17;22;–;00-00-00-01-FF-FF-FF-FF-FF-FF-FF-00-00-00-00-00-00;NOTIFICATION;1
71538;1787221686555;1509;BatteryChange / Akku-Livestand;11;22;0,1,5,6,9,10;32-C8-FF-FF-3F-B9-8C-00-00-02-69;NOTIFICATION;1
71748;1787221686765;150A;MotorUpdate / Motor-Livestand;10;22;0,1;2A-F8-FF-FF-FF-FF-FF-FF-FF-FF;NOTIFICATION;1
71959;1787221686976;150B;Motor-/Controllerblock;20;22;–;FF-FF-FF-FF-FF-FF-FF-FF-FF-FF-FF-FF-FF-FF-FF-FF-FF-FF-FF-FF;NOTIFICATION;1
72166;1787221687183;150D;Fahrstatistik Max/Ø;20;22;1;00-B3-00-00-FF-FF-FF-FF-47-18-FF-FF-FF-FF-FF-FF-FF-FF-00-00;NOTIFICATION;1
73207;1787221688224;1502;Akkuinformationen;16;23;–;47-18-FF-FF-FF-FF-47-18-FF-FF-FF-FF-FF-FF-00-00;NOTIFICATION;1
73627;1787221688644;1505;BikePerformance / Fahrleistung;18;21;0,1,2,3,7;00-00-00-00-FF-FF-00-B4-FF-FF-FF-FF-FF-00-00-00-00-00;NOTIFICATION;1
73838;1787221688855;1506;Trip / Kilometer & Betriebszähler;16;23;7;00-00-1B-D2-00-02-2B-34-00-00-02-C8-00-00-00-00;NOTIFICATION;1
74257;1787221689274;1508;Settings / Licht & Fahrstufe;17;23;–;00-00-00-01-FF-FF-FF-FF-FF-FF-FF-00-00-00-00-00-00;NOTIFICATION;1
74456;1787221689473;1509;BatteryChange / Akku-Livestand;11;23;0,1,4,5,6,9,10;00-00-FF-FF-3B-BF-CC-00-00-00-00;NOTIFICATION;1
74668;1787221689685;150A;MotorUpdate / Motor-Livestand;10;23;0,1;00-00-FF-FF-FF-FF-FF-FF-FF-FF;NOTIFICATION;1
74878;1787221689895;150B;Motor-/Controllerblock;20;23;–;FF-FF-FF-FF-FF-FF-FF-FF-FF-FF-FF-FF-FF-FF-FF-FF-FF-FF-FF-FF;NOTIFICATION;1
75086;1787221690103;150D;Fahrstatistik Max/Ø;20;23;1;00-B9-00-00-FF-FF-FF-FF-47-18-FF-FF-FF-FF-FF-FF-FF-FF-00-00;NOTIFICATION;1
76130;1787221691147;1502;Akkuinformationen;16;24;–;47-18-FF-FF-FF-FF-47-18-FF-FF-FF-FF-FF-FF-00-00;NOTIFICATION;1
76547;1787221691564;1505;BikePerformance / Fahrleistung;18;22;7;00-00-00-00-FF-FF-00-88-FF-FF-FF-FF-FF-00-00-00-00-00;NOTIFICATION;1
76761;1787221691778;1506;Trip / Kilometer & Betriebszähler;16;24;7;00-00-1B-D2-00-02-2B-37-00-00-02-C8-00-00-00-00;NOTIFICATION;1
77179;1787221692196;1508;Settings / Licht & Fahrstufe;17;24;–;00-00-00-01-FF-FF-FF-FF-FF-FF-FF-00-00-00-00-00-00;NOTIFICATION;1
77389;1787221692406;1509;BatteryChange / Akku-Livestand;11;24;–;00-00-FF-FF-3B-BF-CC-00-00-00-00;NOTIFICATION;1
77589;1787221692606;150A;MotorUpdate / Motor-Livestand;10;24;–;00-00-FF-FF-FF-FF-FF-FF-FF-FF;NOTIFICATION;1
77797;1787221692814;150B;Motor-/Controllerblock;20;24;–;FF-FF-FF-FF-FF-FF-FF-FF-FF-FF-FF-FF-FF-FF-FF-FF-FF-FF-FF-FF;NOTIFICATION;1
78011;1787221693028;150D;Fahrstatistik Max/Ø;20;24;–;00-B9-00-00-FF-FF-FF-FF-47-18-FF-FF-FF-FF-FF-FF-FF-FF-00-00;NOTIFICATION;1
79060;1787221694077;1502;Akkuinformationen;16;25;–;47-18-FF-FF-FF-FF-47-18-FF-FF-FF-FF-FF-FF-00-00;NOTIFICATION;1
79469;1787221694486;1505;BikePerformance / Fahrleistung;18;23;7;00-00-00-00-FF-FF-00-71-FF-FF-FF-FF-FF-00-00-00-00-00;NOTIFICATION;1
79678;1787221694695;1506;Trip / Kilometer & Betriebszähler;16;25;7;00-00-1B-D2-00-02-2B-3A-00-00-02-C8-00-00-00-00;NOTIFICATION;1
80098;1787221695115;1508;Settings / Licht & Fahrstufe;17;25;–;00-00-00-01-FF-FF-FF-FF-FF-FF-FF-00-00-00-00-00-00;NOTIFICATION;1
80308;1787221695325;1509;BatteryChange / Akku-Livestand;11;25;5,6;00-00-FF-FF-3B-C1-5C-00-00-00-00;NOTIFICATION;1
80516;1787221695533;150A;MotorUpdate / Motor-Livestand;10;25;–;00-00-FF-FF-FF-FF-FF-FF-FF-FF;NOTIFICATION;1
80728;1787221695745;150B;Motor-/Controllerblock;20;25;–;FF-FF-FF-FF-FF-FF-FF-FF-FF-FF-FF-FF-FF-FF-FF-FF-FF-FF-FF-FF;NOTIFICATION;1
80928;1787221695945;150D;Fahrstatistik Max/Ø;20;25;–;00-B9-00-00-FF-FF-FF-FF-47-18-FF-FF-FF-FF-FF-FF-FF-FF-00-00;NOTIFICATION;1
81979;1787221696996;1502;Akkuinformationen;16;26;–;47-18-FF-FF-FF-FF-47-18-FF-FF-FF-FF-FF-FF-00-00;NOTIFICATION;1
82387;1787221697404;1505;BikePerformance / Fahrleistung;18;24;7;00-00-00-00-FF-FF-00-1C-FF-FF-FF-FF-FF-00-00-00-00-00;NOTIFICATION;1
82596;1787221697613;1506;Trip / Kilometer & Betriebszähler;16;26;7;00-00-1B-D2-00-02-2B-3D-00-00-02-C8-00-00-00-00;NOTIFICATION;1
83016;1787221698033;1508;Settings / Licht & Fahrstufe;17;26;–;00-00-00-01-FF-FF-FF-FF-FF-FF-FF-00-00-00-00-00-00;NOTIFICATION;1
83229;1787221698246;1509;BatteryChange / Akku-Livestand;11;26;5,6;00-00-FF-FF-3B-C0-30-00-00-00-00;NOTIFICATION;1
83440;1787221698457;150A;MotorUpdate / Motor-Livestand;10;26;–;00-00-FF-FF-FF-FF-FF-FF-FF-FF;NOTIFICATION;1
83649;1787221698666;150B;Motor-/Controllerblock;20;26;–;FF-FF-FF-FF-FF-FF-FF-FF-FF-FF-FF-FF-FF-FF-FF-FF-FF-FF-FF-FF;NOTIFICATION;1
83859;1787221698876;150D;Fahrstatistik Max/Ø;20;26;–;00-B9-00-00-FF-FF-FF-FF-47-18-FF-FF-FF-FF-FF-FF-FF-FF-00-00;NOTIFICATION;1
84899;1787221699916;1502;Akkuinformationen;16;27;–;47-18-FF-FF-FF-FF-47-18-FF-FF-FF-FF-FF-FF-00-00;NOTIFICATION;1
85315;1787221700332;1505;BikePerformance / Fahrleistung;18;25;7;00-00-00-00-FF-FF-00-00-FF-FF-FF-FF-FF-00-00-00-00-00;NOTIFICATION;1
85518;1787221700535;1506;Trip / Kilometer & Betriebszähler;16;27;7;00-00-1B-D2-00-02-2B-3F-00-00-02-C8-00-00-00-00;NOTIFICATION;1
85938;1787221700955;1508;Settings / Licht & Fahrstufe;17;27;–;00-00-00-01-FF-FF-FF-FF-FF-FF-FF-00-00-00-00-00-00;NOTIFICATION;1
86147;1787221701164;1509;BatteryChange / Akku-Livestand;11;27;–;00-00-FF-FF-3B-C0-30-00-00-00-00;NOTIFICATION;1
86359;1787221701376;150A;MotorUpdate / Motor-Livestand;10;27;–;00-00-FF-FF-FF-FF-FF-FF-FF-FF;NOTIFICATION;1
86572;1787221701589;150B;Motor-/Controllerblock;20;27;–;FF-FF-FF-FF-FF-FF-FF-FF-FF-FF-FF-FF-FF-FF-FF-FF-FF-FF-FF-FF;NOTIFICATION;1
86780;1787221701797;150D;Fahrstatistik Max/Ø;20;27;–;00-B9-00-00-FF-FF-FF-FF-47-18-FF-FF-FF-FF-FF-FF-FF-FF-00-00;NOTIFICATION;1
87816;1787221702833;1502;Akkuinformationen;16;28;–;47-18-FF-FF-FF-FF-47-18-FF-FF-FF-FF-FF-FF-00-00;NOTIFICATION;1
88237;1787221703254;1505;BikePerformance / Fahrleistung;18;26;–;00-00-00-00-FF-FF-00-00-FF-FF-FF-FF-FF-00-00-00-00-00;NOTIFICATION;1
88451;1787221703468;1506;Trip / Kilometer & Betriebszähler;16;28;–;00-00-1B-D2-00-02-2B-3F-00-00-02-C8-00-00-00-00;NOTIFICATION;1
88860;1787221703877;1508;Settings / Licht & Fahrstufe;17;28;–;00-00-00-01-FF-FF-FF-FF-FF-FF-FF-00-00-00-00-00-00;NOTIFICATION;1
89069;1787221704086;1509;BatteryChange / Akku-Livestand;11;28;–;00-00-FF-FF-3B-C0-30-00-00-00-00;NOTIFICATION;1
89282;1787221704299;150A;MotorUpdate / Motor-Livestand;10;28;–;00-00-FF-FF-FF-FF-FF-FF-FF-FF;NOTIFICATION;1
89490;1787221704507;150B;Motor-/Controllerblock;20;28;–;FF-FF-FF-FF-FF-FF-FF-FF-FF-FF-FF-FF-FF-FF-FF-FF-FF-FF-FF-FF;NOTIFICATION;1
89698;1787221704715;150D;Fahrstatistik Max/Ø;20;28;–;00-B9-00-00-FF-FF-FF-FF-47-18-FF-FF-FF-FF-FF-FF-FF-FF-00-00;NOTIFICATION;1
90739;1787221705756;1502;Akkuinformationen;16;29;–;47-18-FF-FF-FF-FF-47-18-FF-FF-FF-FF-FF-FF-00-00;NOTIFICATION;1
91161;1787221706178;1505;BikePerformance / Fahrleistung;18;27;–;00-00-00-00-FF-FF-00-00-FF-FF-FF-FF-FF-00-00-00-00-00;NOTIFICATION;1
91367;1787221706384;1506;Trip / Kilometer & Betriebszähler;16;29;–;00-00-1B-D2-00-02-2B-3F-00-00-02-C8-00-00-00-00;NOTIFICATION;1
91778;1787221706795;1508;Settings / Licht & Fahrstufe;17;29;–;00-00-00-01-FF-FF-FF-FF-FF-FF-FF-00-00-00-00-00-00;NOTIFICATION;1
91989;1787221707006;1509;BatteryChange / Akku-Livestand;11;29;–;00-00-FF-FF-3B-C0-30-00-00-00-00;NOTIFICATION;1
92201;1787221707218;150A;MotorUpdate / Motor-Livestand;10;29;–;00-00-FF-FF-FF-FF-FF-FF-FF-FF;NOTIFICATION;1
92407;1787221707424;150B;Motor-/Controllerblock;20;29;–;FF-FF-FF-FF-FF-FF-FF-FF-FF-FF-FF-FF-FF-FF-FF-FF-FF-FF-FF-FF;NOTIFICATION;1
92619;1787221707636;150D;Fahrstatistik Max/Ø;20;29;–;00-B9-00-00-FF-FF-FF-FF-47-18-FF-FF-FF-FF-FF-FF-FF-FF-00-00;NOTIFICATION;1
93663;1787221708680;1502;Akkuinformationen;16;30;–;47-18-FF-FF-FF-FF-47-18-FF-FF-FF-FF-FF-FF-00-00;NOTIFICATION;1
94077;1787221709094;1505;BikePerformance / Fahrleistung;18;28;–;00-00-00-00-FF-FF-00-00-FF-FF-FF-FF-FF-00-00-00-00-00;NOTIFICATION;1
94288;1787221709305;1506;Trip / Kilometer & Betriebszähler;16;30;–;00-00-1B-D2-00-02-2B-3F-00-00-02-C8-00-00-00-00;NOTIFICATION;1
94709;1787221709726;1508;Settings / Licht & Fahrstufe;17;30;–;00-00-00-01-FF-FF-FF-FF-FF-FF-FF-00-00-00-00-00-00;NOTIFICATION;1
94908;1787221709925;1509;BatteryChange / Akku-Livestand;11;30;–;00-00-FF-FF-3B-C0-30-00-00-00-00;NOTIFICATION;1
95122;1787221710139;150A;MotorUpdate / Motor-Livestand;10;30;–;00-00-FF-FF-FF-FF-FF-FF-FF-FF;NOTIFICATION;1
95329;1787221710346;150B;Motor-/Controllerblock;20;30;–;FF-FF-FF-FF-FF-FF-FF-FF-FF-FF-FF-FF-FF-FF-FF-FF-FF-FF-FF-FF;NOTIFICATION;1
95540;1787221710557;150D;Fahrstatistik Max/Ø;20;30;–;00-B9-00-00-FF-FF-FF-FF-47-18-FF-FF-FF-FF-FF-FF-FF-FF-00-00;NOTIFICATION;1
96581;1787221711598;1502;Akkuinformationen;16;31;–;47-18-FF-FF-FF-FF-47-18-FF-FF-FF-FF-FF-FF-00-00;NOTIFICATION;1
97001;1787221712018;1505;BikePerformance / Fahrleistung;18;29;–;00-00-00-00-FF-FF-00-00-FF-FF-FF-FF-FF-00-00-00-00-00;NOTIFICATION;1
97210;1787221712227;1506;Trip / Kilometer & Betriebszähler;16;31;–;00-00-1B-D2-00-02-2B-3F-00-00-02-C8-00-00-00-00;NOTIFICATION;1
97630;1787221712647;1508;Settings / Licht & Fahrstufe;17;31;–;00-00-00-01-FF-FF-FF-FF-FF-FF-FF-00-00-00-00-00-00;NOTIFICATION;1
97841;1787221712858;1509;BatteryChange / Akku-Livestand;11;31;–;00-00-FF-FF-3B-C0-30-00-00-00-00;NOTIFICATION;1
98050;1787221713067;150A;MotorUpdate / Motor-Livestand;10;31;–;00-00-FF-FF-FF-FF-FF-FF-FF-FF;NOTIFICATION;1
98251;1787221713268;150B;Motor-/Controllerblock;20;31;–;FF-FF-FF-FF-FF-FF-FF-FF-FF-FF-FF-FF-FF-FF-FF-FF-FF-FF-FF-FF;NOTIFICATION;1
98463;1787221713480;150D;Fahrstatistik Max/Ø;20;31;–;00-B9-00-00-FF-FF-FF-FF-47-18-FF-FF-FF-FF-FF-FF-FF-FF-00-00;NOTIFICATION;1
99511;1787221714528;1502;Akkuinformationen;16;32;–;47-18-FF-FF-FF-FF-47-18-FF-FF-FF-FF-FF-FF-00-00;NOTIFICATION;1
99921;1787221714938;1505;BikePerformance / Fahrleistung;18;30;–;00-00-00-00-FF-FF-00-00-FF-FF-FF-FF-FF-00-00-00-00-00;NOTIFICATION;1
100131;1787221715148;1506;Trip / Kilometer & Betriebszähler;16;32;–;00-00-1B-D2-00-02-2B-3F-00-00-02-C8-00-00-00-00;NOTIFICATION;1
100551;1787221715568;1508;Settings / Licht & Fahrstufe;17;32;–;00-00-00-01-FF-FF-FF-FF-FF-FF-FF-00-00-00-00-00-00;NOTIFICATION;1
100761;1787221715778;1509;BatteryChange / Akku-Livestand;11;32;–;00-00-FF-FF-3B-C0-30-00-00-00-00;NOTIFICATION;1
100971;1787221715988;150A;MotorUpdate / Motor-Livestand;10;32;–;00-00-FF-FF-FF-FF-FF-FF-FF-FF;NOTIFICATION;1
101177;1787221716194;150B;Motor-/Controllerblock;20;32;–;FF-FF-FF-FF-FF-FF-FF-FF-FF-FF-FF-FF-FF-FF-FF-FF-FF-FF-FF-FF;NOTIFICATION;1
101388;1787221716405;150D;Fahrstatistik Max/Ø;20;32;–;00-B9-00-00-FF-FF-FF-FF-47-18-FF-FF-FF-FF-FF-FF-FF-FF-00-00;NOTIFICATION;1
102427;1787221717444;1502;Akkuinformationen;16;33;–;47-18-FF-FF-FF-FF-47-18-FF-FF-FF-FF-FF-FF-00-00;NOTIFICATION;1
102891;1787221717908;1505;BikePerformance / Fahrleistung;18;31;7;00-00-00-00-FF-FF-00-01-FF-FF-FF-FF-FF-00-00-00-00-00;NOTIFICATION;1
103049;1787221718066;1506;Trip / Kilometer & Betriebszähler;16;33;7;00-00-1B-D2-00-02-2B-41-00-00-02-C8-00-00-00-00;NOTIFICATION;1
103471;1787221718488;1508;Settings / Licht & Fahrstufe;17;33;–;00-00-00-01-FF-FF-FF-FF-FF-FF-FF-00-00-00-00-00-00;NOTIFICATION;1
103681;1787221718698;1509;BatteryChange / Akku-Livestand;11;33;–;00-00-FF-FF-3B-C0-30-00-00-00-00;NOTIFICATION;1
103891;1787221718908;150A;MotorUpdate / Motor-Livestand;10;33;–;00-00-FF-FF-FF-FF-FF-FF-FF-FF;NOTIFICATION;1
104102;1787221719119;150B;Motor-/Controllerblock;20;33;–;FF-FF-FF-FF-FF-FF-FF-FF-FF-FF-FF-FF-FF-FF-FF-FF-FF-FF-FF-FF;NOTIFICATION;1
104321;1787221719338;150D;Fahrstatistik Max/Ø;20;33;–;00-B9-00-00-FF-FF-FF-FF-47-18-FF-FF-FF-FF-FF-FF-FF-FF-00-00;NOTIFICATION;1
105351;1787221720368;1502;Akkuinformationen;16;34;–;47-18-FF-FF-FF-FF-47-18-FF-FF-FF-FF-FF-FF-00-00;NOTIFICATION;1
105771;1787221720788;1505;BikePerformance / Fahrleistung;18;32;7;00-00-00-00-FF-FF-00-00-FF-FF-FF-FF-FF-00-00-00-00-00;NOTIFICATION;1
105979;1787221720996;1506;Trip / Kilometer & Betriebszähler;16;34;–;00-00-1B-D2-00-02-2B-41-00-00-02-C8-00-00-00-00;NOTIFICATION;1
106398;1787221721415;1508;Settings / Licht & Fahrstufe;17;34;–;00-00-00-01-FF-FF-FF-FF-FF-FF-FF-00-00-00-00-00-00;NOTIFICATION;1
106600;1787221721617;1509;BatteryChange / Akku-Livestand;11;34;–;00-00-FF-FF-3B-C0-30-00-00-00-00;NOTIFICATION;1
106809;1787221721826;150A;MotorUpdate / Motor-Livestand;10;34;–;00-00-FF-FF-FF-FF-FF-FF-FF-FF;NOTIFICATION;1
107020;1787221722037;150B;Motor-/Controllerblock;20;34;–;FF-FF-FF-FF-FF-FF-FF-FF-FF-FF-FF-FF-FF-FF-FF-FF-FF-FF-FF-FF;NOTIFICATION;1
107230;1787221722247;150D;Fahrstatistik Max/Ø;20;34;–;00-B9-00-00-FF-FF-FF-FF-47-18-FF-FF-FF-FF-FF-FF-FF-FF-00-00;NOTIFICATION;1
108267;1787221723284;1502;Akkuinformationen;16;35;–;47-18-FF-FF-FF-FF-47-18-FF-FF-FF-FF-FF-FF-00-00;NOTIFICATION;1
108690;1787221723707;1505;BikePerformance / Fahrleistung;18;33;0,1,2,3,7;16-4E-16-4E-FF-FF-00-62-FF-FF-FF-FF-FF-00-00-00-00-00;NOTIFICATION;1
108900;1787221723917;1506;Trip / Kilometer & Betriebszähler;16;35;7;00-00-1B-D2-00-02-2B-44-00-00-02-C8-00-00-00-00;NOTIFICATION;1
109319;1787221724336;1508;Settings / Licht & Fahrstufe;17;35;–;00-00-00-01-FF-FF-FF-FF-FF-FF-FF-00-00-00-00-00-00;NOTIFICATION;1
109520;1787221724537;1509;BatteryChange / Akku-Livestand;11;35;0,1,5,6,9,10;2A-F8-FF-FF-3B-BF-68-00-00-03-20;NOTIFICATION;1
109731;1787221724748;150A;MotorUpdate / Motor-Livestand;10;35;0,1;17-70-FF-FF-FF-FF-FF-FF-FF-FF;NOTIFICATION;1
109938;1787221724955;150B;Motor-/Controllerblock;20;35;–;FF-FF-FF-FF-FF-FF-FF-FF-FF-FF-FF-FF-FF-FF-FF-FF-FF-FF-FF-FF;NOTIFICATION;1
110149;1787221725166;150D;Fahrstatistik Max/Ø;20;35;–;00-B9-00-00-FF-FF-FF-FF-47-18-FF-FF-FF-FF-FF-FF-FF-FF-00-00;NOTIFICATION;1
111189;1787221726206;1502;Akkuinformationen;16;36;–;47-18-FF-FF-FF-FF-47-18-FF-FF-FF-FF-FF-FF-00-00;NOTIFICATION;1
111609;1787221726626;1505;BikePerformance / Fahrleistung;18;34;0,1,2,3,7;00-00-00-00-FF-FF-00-98-FF-FF-FF-FF-FF-00-00-00-00-00;NOTIFICATION;1
111819;1787221726836;1506;Trip / Kilometer & Betriebszähler;16;36;7;00-00-1B-D2-00-02-2B-47-00-00-02-C8-00-00-00-00;NOTIFICATION;1
112239;1787221727256;1508;Settings / Licht & Fahrstufe;17;36;–;00-00-00-01-FF-FF-FF-FF-FF-FF-FF-00-00-00-00-00-00;NOTIFICATION;1
112450;1787221727467;1509;BatteryChange / Akku-Livestand;11;36;0,1,5,6,9,10;1B-58-FF-FF-3B-BC-48-00-00-01-51;NOTIFICATION;1
112649;1787221727666;150A;MotorUpdate / Motor-Livestand;10;36;0,1;32-C8-FF-FF-FF-FF-FF-FF-FF-FF;NOTIFICATION;1
112858;1787221727875;150B;Motor-/Controllerblock;20;36;–;FF-FF-FF-FF-FF-FF-FF-FF-FF-FF-FF-FF-FF-FF-FF-FF-FF-FF-FF-FF;NOTIFICATION;1
113069;1787221728086;150D;Fahrstatistik Max/Ø;20;36;1;00-BD-00-00-FF-FF-FF-FF-47-18-FF-FF-FF-FF-FF-FF-FF-FF-00-00;NOTIFICATION;1
114119;1787221729136;1502;Akkuinformationen;16;37;–;47-18-FF-FF-FF-FF-47-18-FF-FF-FF-FF-FF-FF-00-00;NOTIFICATION;1
114530;1787221729547;1505;BikePerformance / Fahrleistung;18;35;0,1,2,3,7;09-6A-09-6A-FF-FF-00-DA-FF-FF-FF-FF-FF-00-00-00-00-00;NOTIFICATION;1
114740;1787221729757;1506;Trip / Kilometer & Betriebszähler;16;37;3,7;00-00-1B-D3-00-02-2B-4A-00-00-02-C8-00-00-00-00;NOTIFICATION;1
115160;1787221730177;1508;Settings / Licht & Fahrstufe;17;37;–;00-00-00-01-FF-FF-FF-FF-FF-FF-FF-00-00-00-00-00-00;NOTIFICATION;1
115368;1787221730385;1509;BatteryChange / Akku-Livestand;11;37;0,1,9,10;13-88-FF-FF-3B-BC-48-00-00-00-F0;NOTIFICATION;1
115579;1787221730596;150A;MotorUpdate / Motor-Livestand;10;37;0,1;13-88-FF-FF-FF-FF-FF-FF-FF-FF;NOTIFICATION;1
115791;1787221730808;150B;Motor-/Controllerblock;20;37;–;FF-FF-FF-FF-FF-FF-FF-FF-FF-FF-FF-FF-FF-FF-FF-FF-FF-FF-FF-FF;NOTIFICATION;1
115991;1787221731008;150D;Fahrstatistik Max/Ø;20;37;1,3;00-DA-00-42-FF-FF-FF-FF-47-18-FF-FF-FF-FF-FF-FF-FF-FF-00-00;NOTIFICATION;1
117039;1787221732056;1502;Akkuinformationen;16;38;–;47-18-FF-FF-FF-FF-47-18-FF-FF-FF-FF-FF-FF-00-00;NOTIFICATION;1
117448;1787221732465;1505;BikePerformance / Fahrleistung;18;36;0,1,2,3;00-00-00-00-FF-FF-00-DA-FF-FF-FF-FF-FF-00-00-00-00-00;NOTIFICATION;1
117660;1787221732677;1506;Trip / Kilometer & Betriebszähler;16;38;7;00-00-1B-D3-00-02-2B-4D-00-00-02-C8-00-00-00-00;NOTIFICATION;1
118082;1787221733099;1508;Settings / Licht & Fahrstufe;17;38;3;00-00-00-02-FF-FF-FF-FF-FF-FF-FF-00-00-00-00-00-00;NOTIFICATION;1
118291;1787221733308;1509;BatteryChange / Akku-Livestand;11;38;0,1,5,6,10;00-00-FF-FF-3B-BF-68-00-00-00-00;NOTIFICATION;1
118500;1787221733517;150A;MotorUpdate / Motor-Livestand;10;38;0,1;00-00-FF-FF-FF-FF-FF-FF-FF-FF;NOTIFICATION;1
118710;1787221733727;150B;Motor-/Controllerblock;20;38;–;FF-FF-FF-FF-FF-FF-FF-FF-FF-FF-FF-FF-FF-FF-FF-FF-FF-FF-FF-FF;NOTIFICATION;1
118920;1787221733937;150D;Fahrstatistik Max/Ø;20;38;–;00-DA-00-42-FF-FF-FF-FF-47-18-FF-FF-FF-FF-FF-FF-FF-FF-00-00;NOTIFICATION;1
119961;1787221734978;1502;Akkuinformationen;16;39;–;47-18-FF-FF-FF-FF-47-18-FF-FF-FF-FF-FF-FF-00-00;NOTIFICATION;1
120379;1787221735396;1505;BikePerformance / Fahrleistung;18;37;7;00-00-00-00-FF-FF-00-AF-FF-FF-FF-FF-FF-00-00-00-00-00;NOTIFICATION;1
120591;1787221735608;1506;Trip / Kilometer & Betriebszähler;16;39;7;00-00-1B-D3-00-02-2B-4F-00-00-02-C8-00-00-00-00;NOTIFICATION;1
120998;1787221736015;1508;Settings / Licht & Fahrstufe;17;39;–;00-00-00-02-FF-FF-FF-FF-FF-FF-FF-00-00-00-00-00-00;NOTIFICATION;1
121210;1787221736227;1509;BatteryChange / Akku-Livestand;11;39;–;00-00-FF-FF-3B-BF-68-00-00-00-00;NOTIFICATION;1
121421;1787221736438;150A;MotorUpdate / Motor-Livestand;10;39;–;00-00-FF-FF-FF-FF-FF-FF-FF-FF;NOTIFICATION;1
121631;1787221736648;150B;Motor-/Controllerblock;20;39;–;FF-FF-FF-FF-FF-FF-FF-FF-FF-FF-FF-FF-FF-FF-FF-FF-FF-FF-FF-FF;NOTIFICATION;1
121840;1787221736857;150D;Fahrstatistik Max/Ø;20;39;–;00-DA-00-42-FF-FF-FF-FF-47-18-FF-FF-FF-FF-FF-FF-FF-FF-00-00;NOTIFICATION;1
122880;1787221737897;1502;Akkuinformationen;16;40;–;47-18-FF-FF-FF-FF-47-18-FF-FF-FF-FF-FF-FF-00-00;NOTIFICATION;1
123301;1787221738318;1505;BikePerformance / Fahrleistung;18;38;0,1,2,3,7;01-E0-01-E0-FF-FF-00-94-FF-FF-FF-FF-FF-00-00-00-00-00;NOTIFICATION;1
123509;1787221738526;1506;Trip / Kilometer & Betriebszähler;16;40;7;00-00-1B-D3-00-02-2B-52-00-00-02-C8-00-00-00-00;NOTIFICATION;1
123924;1787221738941;1508;Settings / Licht & Fahrstufe;17;40;–;00-00-00-02-FF-FF-FF-FF-FF-FF-FF-00-00-00-00-00-00;NOTIFICATION;1
124130;1787221739147;1509;BatteryChange / Akku-Livestand;11;40;0,1,5,6,10;0B-B8-FF-FF-3B-BD-D8-00-00-00-91;NOTIFICATION;1
124341;1787221739358;150A;MotorUpdate / Motor-Livestand;10;40;0,1;0B-B8-FF-FF-FF-FF-FF-FF-FF-FF;NOTIFICATION;1
124551;1787221739568;150B;Motor-/Controllerblock;20;40;–;FF-FF-FF-FF-FF-FF-FF-FF-FF-FF-FF-FF-FF-FF-FF-FF-FF-FF-FF-FF;NOTIFICATION;1
124762;1787221739779;150D;Fahrstatistik Max/Ø;20;40;–;00-DA-00-42-FF-FF-FF-FF-47-18-FF-FF-FF-FF-FF-FF-FF-FF-00-00;NOTIFICATION;1
125801;1787221740818;1502;Akkuinformationen;16;41;–;47-18-FF-FF-FF-FF-47-18-FF-FF-FF-FF-FF-FF-00-00;NOTIFICATION;1
126218;1787221741235;1505;BikePerformance / Fahrleistung;18;39;7;01-E0-01-E0-FF-FF-00-A7-FF-FF-FF-FF-FF-00-00-00-00-00;NOTIFICATION;1
126430;1787221741447;1506;Trip / Kilometer & Betriebszähler;16;41;7;00-00-1B-D3-00-02-2B-55-00-00-02-C8-00-00-00-00;NOTIFICATION;1
126850;1787221741867;1508;Settings / Licht & Fahrstufe;17;41;–;00-00-00-02-FF-FF-FF-FF-FF-FF-FF-00-00-00-00-00-00;NOTIFICATION;1
127050;1787221742067;1509;BatteryChange / Akku-Livestand;11;41;0,1,5,6,10;00-00-FF-FF-3B-BF-68-00-00-00-00;NOTIFICATION;1
127260;1787221742277;150A;MotorUpdate / Motor-Livestand;10;41;0,1;00-00-FF-FF-FF-FF-FF-FF-FF-FF;NOTIFICATION;1
127469;1787221742486;150B;Motor-/Controllerblock;20;41;–;FF-FF-FF-FF-FF-FF-FF-FF-FF-FF-FF-FF-FF-FF-FF-FF-FF-FF-FF-FF;NOTIFICATION;1
127682;1787221742699;150D;Fahrstatistik Max/Ø;20;41;–;00-DA-00-42-FF-FF-FF-FF-47-18-FF-FF-FF-FF-FF-FF-FF-FF-00-00;NOTIFICATION;1
128724;1787221743741;1502;Akkuinformationen;16;42;–;47-18-FF-FF-FF-FF-47-18-FF-FF-FF-FF-FF-FF-00-00;NOTIFICATION;1
129141;1787221744158;1505;BikePerformance / Fahrleistung;18;40;0,1,2,3,7;09-6A-09-6A-FF-FF-00-AA-FF-FF-FF-FF-FF-00-00-00-00-00;NOTIFICATION;1
129349;1787221744366;1506;Trip / Kilometer & Betriebszähler;16;42;7;00-00-1B-D3-00-02-2B-58-00-00-02-C8-00-00-00-00;NOTIFICATION;1
129772;1787221744789;1508;Settings / Licht & Fahrstufe;17;42;–;00-00-00-02-FF-FF-FF-FF-FF-FF-FF-00-00-00-00-00-00;NOTIFICATION;1
129980;1787221744997;1509;BatteryChange / Akku-Livestand;11;42;0,1,5,6,10;13-88-FF-FF-3B-BC-48-00-00-00-F1;NOTIFICATION;1
130190;1787221745207;150A;MotorUpdate / Motor-Livestand;10;42;0,1;13-88-FF-FF-FF-FF-FF-FF-FF-FF;NOTIFICATION;1
130391;1787221745408;150B;Motor-/Controllerblock;20;42;–;FF-FF-FF-FF-FF-FF-FF-FF-FF-FF-FF-FF-FF-FF-FF-FF-FF-FF-FF-FF;NOTIFICATION;1
130600;1787221745617;150D;Fahrstatistik Max/Ø;20;42;–;00-DA-00-42-FF-FF-FF-FF-47-18-FF-FF-FF-FF-FF-FF-FF-FF-00-00;NOTIFICATION;1
131653;1787221746670;1502;Akkuinformationen;16;43;–;47-18-FF-FF-FF-FF-47-18-FF-FF-FF-FF-FF-FF-00-00;NOTIFICATION;1
132059;1787221747076;1505;BikePerformance / Fahrleistung;18;41;0,1,2,3,7;10-B8-10-B8-FF-FF-00-BC-FF-FF-FF-FF-FF-00-00-00-00-00;NOTIFICATION;1
132270;1787221747287;1506;Trip / Kilometer & Betriebszähler;16;43;7;00-00-1B-D3-00-02-2B-5B-00-00-02-C8-00-00-00-00;NOTIFICATION;1
132688;1787221747705;1508;Settings / Licht & Fahrstufe;17;43;–;00-00-00-02-FF-FF-FF-FF-FF-FF-FF-00-00-00-00-00-00;NOTIFICATION;1
132898;1787221747915;1509;BatteryChange / Akku-Livestand;11;43;0,1,5,6,9,10;2A-F8-FF-FF-3B-B9-8C-00-00-02-0A;NOTIFICATION;1
133110;1787221748127;150A;MotorUpdate / Motor-Livestand;10;43;0,1;27-10-FF-FF-FF-FF-FF-FF-FF-FF;NOTIFICATION;1
133321;1787221748338;150B;Motor-/Controllerblock;20;43;–;FF-FF-FF-FF-FF-FF-FF-FF-FF-FF-FF-FF-FF-FF-FF-FF-FF-FF-FF-FF;NOTIFICATION;1
133543;1787221748560;150D;Fahrstatistik Max/Ø;20;43;–;00-DA-00-42-FF-FF-FF-FF-47-18-FF-FF-FF-FF-FF-FF-FF-FF-00-00;NOTIFICATION;1
134570;1787221749587;1502;Akkuinformationen;16;44;–;47-18-FF-FF-FF-FF-47-18-FF-FF-FF-FF-FF-FF-00-00;NOTIFICATION;1
134991;1787221750008;1505;BikePerformance / Fahrleistung;18;42;0,1,2,3,7;00-00-00-00-FF-FF-00-D5-FF-FF-FF-FF-FF-00-00-00-00-00;NOTIFICATION;1
135191;1787221750208;1506;Trip / Kilometer & Betriebszähler;16;44;3,7;00-00-1B-D4-00-02-2B-5E-00-00-02-C8-00-00-00-00;NOTIFICATION;1
135609;1787221750626;1508;Settings / Licht & Fahrstufe;17;44;3;00-00-00-01-FF-FF-FF-FF-FF-FF-FF-00-00-00-00-00-00;NOTIFICATION;1
135821;1787221750838;1509;BatteryChange / Akku-Livestand;11;44;0,1,5,6,9,10;00-00-FF-FF-3B-BE-A0-00-00-00-00;NOTIFICATION;1
136034;1787221751051;150A;MotorUpdate / Motor-Livestand;10;44;0,1;00-00-FF-FF-FF-FF-FF-FF-FF-FF;NOTIFICATION;1
136237;1787221751254;150B;Motor-/Controllerblock;20;44;–;FF-FF-FF-FF-FF-FF-FF-FF-FF-FF-FF-FF-FF-FF-FF-FF-FF-FF-FF-FF;NOTIFICATION;1
136458;1787221751475;150D;Fahrstatistik Max/Ø;20;44;3;00-DA-00-60-FF-FF-FF-FF-47-18-FF-FF-FF-FF-FF-FF-FF-FF-00-00;NOTIFICATION;1
137491;1787221752508;1502;Akkuinformationen;16;45;–;47-18-FF-FF-FF-FF-47-18-FF-FF-FF-FF-FF-FF-00-00;NOTIFICATION;1
137910;1787221752927;1505;BikePerformance / Fahrleistung;18;43;7;00-00-00-00-FF-FF-00-8B-FF-FF-FF-FF-FF-00-00-00-00-00;NOTIFICATION;1
138120;1787221753137;1506;Trip / Kilometer & Betriebszähler;16;45;7;00-00-1B-D4-00-02-2B-61-00-00-02-C8-00-00-00-00;NOTIFICATION;1
138530;1787221753547;1508;Settings / Licht & Fahrstufe;17;45;–;00-00-00-01-FF-FF-FF-FF-FF-FF-FF-00-00-00-00-00-00;NOTIFICATION;1
138741;1787221753758;1509;BatteryChange / Akku-Livestand;11;45;5,6;00-00-FF-FF-3B-BF-68-00-00-00-00;NOTIFICATION;1
138951;1787221753968;150A;MotorUpdate / Motor-Livestand;10;45;–;00-00-FF-FF-FF-FF-FF-FF-FF-FF;NOTIFICATION;1
139162;1787221754179;150B;Motor-/Controllerblock;20;45;–;FF-FF-FF-FF-FF-FF-FF-FF-FF-FF-FF-FF-FF-FF-FF-FF-FF-FF-FF-FF;NOTIFICATION;1
139371;1787221754388;150D;Fahrstatistik Max/Ø;20;45;–;00-DA-00-60-FF-FF-FF-FF-47-18-FF-FF-FF-FF-FF-FF-FF-FF-00-00;NOTIFICATION;1
140410;1787221755427;1502;Akkuinformationen;16;46;–;47-18-FF-FF-FF-FF-47-18-FF-FF-FF-FF-FF-FF-00-00;NOTIFICATION;1
140832;1787221755849;1505;BikePerformance / Fahrleistung;18;44;0,1,2,3,7;20-BC-20-BC-FF-FF-00-A1-FF-FF-FF-FF-FF-00-00-00-00-00;NOTIFICATION;1
141039;1787221756056;1506;Trip / Kilometer & Betriebszähler;16;46;7;00-00-1B-D4-00-02-2B-64-00-00-02-C8-00-00-00-00;NOTIFICATION;1
141463;1787221756480;1508;Settings / Licht & Fahrstufe;17;46;–;00-00-00-01-FF-FF-FF-FF-FF-FF-FF-00-00-00-00-00-00;NOTIFICATION;1
141669;1787221756686;1509;BatteryChange / Akku-Livestand;11;46;0,1,5,6,9,10;2E-E0-FF-FF-3B-B8-60-00-00-02-36;NOTIFICATION;1
141869;1787221756886;150A;MotorUpdate / Motor-Livestand;10;46;0,1;27-10-FF-FF-FF-FF-FF-FF-FF-FF;NOTIFICATION;1
142080;1787221757097;150B;Motor-/Controllerblock;20;46;–;FF-FF-FF-FF-FF-FF-FF-FF-FF-FF-FF-FF-FF-FF-FF-FF-FF-FF-FF-FF;NOTIFICATION;1
142291;1787221757308;150D;Fahrstatistik Max/Ø;20;46;–;00-DA-00-60-FF-FF-FF-FF-47-18-FF-FF-FF-FF-FF-FF-FF-FF-00-00;NOTIFICATION;1
143330;1787221758347;1502;Akkuinformationen;16;47;–;47-18-FF-FF-FF-FF-47-18-FF-FF-FF-FF-FF-FF-00-00;NOTIFICATION;1
143751;1787221758768;1505;BikePerformance / Fahrleistung;18;45;0,1,2,3,7;10-90-10-90-FF-FF-00-DA-FF-FF-FF-FF-FF-00-00-00-00-00;NOTIFICATION;1
143960;1787221758977;1506;Trip / Kilometer & Betriebszähler;16;47;7;00-00-1B-D4-00-02-2B-67-00-00-02-C8-00-00-00-00;NOTIFICATION;1
144380;1787221759397;1508;Settings / Licht & Fahrstufe;17;47;–;00-00-00-01-FF-FF-FF-FF-FF-FF-FF-00-00-00-00-00-00;NOTIFICATION;1
144592;1787221759609;1509;BatteryChange / Akku-Livestand;11;47;0,1,5,6,9,10;1F-40-FF-FF-3B-BA-B8-00-00-01-7E;NOTIFICATION;1
144792;1787221759809;150A;MotorUpdate / Motor-Livestand;10;47;0,1;1B-58-FF-FF-FF-FF-FF-FF-FF-FF;NOTIFICATION;1
145001;1787221760018;150B;Motor-/Controllerblock;20;47;–;FF-FF-FF-FF-FF-FF-FF-FF-FF-FF-FF-FF-FF-FF-FF-FF-FF-FF-FF-FF;NOTIFICATION;1
145210;1787221760227;150D;Fahrstatistik Max/Ø;20;47;–;00-DA-00-60-FF-FF-FF-FF-47-18-FF-FF-FF-FF-FF-FF-FF-FF-00-00;NOTIFICATION;1
146261;1787221761278;1502;Akkuinformationen;16;48;–;47-18-FF-FF-FF-FF-47-18-FF-FF-FF-FF-FF-FF-00-00;NOTIFICATION;1
146669;1787221761686;1505;BikePerformance / Fahrleistung;18;46;0,1,2,3;0E-D8-0E-D8-FF-FF-00-DA-FF-FF-FF-FF-FF-00-00-00-00-00;NOTIFICATION;1
146880;1787221761897;1506;Trip / Kilometer & Betriebszähler;16;48;7;00-00-1B-D4-00-02-2B-6A-00-00-02-C8-00-00-00-00;NOTIFICATION;1
147300;1787221762317;1508;Settings / Licht & Fahrstufe;17;48;–;00-00-00-01-FF-FF-FF-FF-FF-FF-FF-00-00-00-00-00-00;NOTIFICATION;1
147521;1787221762538;1509;BatteryChange / Akku-Livestand;11;48;0,1,5,6,9,10;13-88-FF-FF-3B-BB-80-00-00-00-F0;NOTIFICATION;1
147722;1787221762739;150A;MotorUpdate / Motor-Livestand;10;48;0,1;13-88-FF-FF-FF-FF-FF-FF-FF-FF;NOTIFICATION;1
147930;1787221762947;150B;Motor-/Controllerblock;20;48;–;FF-FF-FF-FF-FF-FF-FF-FF-FF-FF-FF-FF-FF-FF-FF-FF-FF-FF-FF-FF;NOTIFICATION;1
148131;1787221763148;150D;Fahrstatistik Max/Ø;20;48;–;00-DA-00-60-FF-FF-FF-FF-47-18-FF-FF-FF-FF-FF-FF-FF-FF-00-00;NOTIFICATION;1
149180;1787221764197;1502;Akkuinformationen;16;49;–;47-18-FF-FF-FF-FF-47-18-FF-FF-FF-FF-FF-FF-00-00;NOTIFICATION;1
149600;1787221764617;1505;BikePerformance / Fahrleistung;18;47;0,1,2,3;09-56-09-56-FF-FF-00-DA-FF-FF-FF-FF-FF-00-00-00-00-00;NOTIFICATION;1
149810;1787221764827;1506;Trip / Kilometer & Betriebszähler;16;49;7;00-00-1B-D4-00-02-2B-6D-00-00-02-C8-00-00-00-00;NOTIFICATION;1
150222;1787221765239;1508;Settings / Licht & Fahrstufe;17;49;–;00-00-00-01-FF-FF-FF-FF-FF-FF-FF-00-00-00-00-00-00;NOTIFICATION;1
150431;1787221765448;1509;BatteryChange / Akku-Livestand;11;49;0,1,6,10;0F-A0-FF-FF-3B-BB-1C-00-00-00-C0;NOTIFICATION;1
150643;1787221765660;150A;MotorUpdate / Motor-Livestand;10;49;0,1;0F-A0-FF-FF-FF-FF-FF-FF-FF-FF;NOTIFICATION;1
150850;1787221765867;150B;Motor-/Controllerblock;20;49;–;FF-FF-FF-FF-FF-FF-FF-FF-FF-FF-FF-FF-FF-FF-FF-FF-FF-FF-FF-FF;NOTIFICATION;1
151063;1787221766080;150D;Fahrstatistik Max/Ø;20;49;–;00-DA-00-60-FF-FF-FF-FF-47-18-FF-FF-FF-FF-FF-FF-FF-FF-00-00;NOTIFICATION;1
152100;1787221767117;1502;Akkuinformationen;16;50;–;47-18-FF-FF-FF-FF-47-18-FF-FF-FF-FF-FF-FF-00-00;NOTIFICATION;1
152523;1787221767540;1505;BikePerformance / Fahrleistung;18;48;0,1,2,3;05-A0-05-A0-FF-FF-00-DA-FF-FF-FF-FF-FF-00-00-00-00-00;NOTIFICATION;1
152750;1787221767767;1506;Trip / Kilometer & Betriebszähler;16;50;3,7;00-00-1B-D5-00-02-2B-70-00-00-02-C8-00-00-00-00;NOTIFICATION;1
153141;1787221768158;1508;Settings / Licht & Fahrstufe;17;50;–;00-00-00-01-FF-FF-FF-FF-FF-FF-FF-00-00-00-00-00-00;NOTIFICATION;1
153350;1787221768367;1509;BatteryChange / Akku-Livestand;11;50;0,1,5,6,9,10;1B-58-FF-FF-3B-B9-F0-00-00-01-4D;NOTIFICATION;1
153561;1787221768578;150A;MotorUpdate / Motor-Livestand;10;50;0,1;1B-58-FF-FF-FF-FF-FF-FF-FF-FF;NOTIFICATION;1
153770;1787221768787;150B;Motor-/Controllerblock;20;50;–;FF-FF-FF-FF-FF-FF-FF-FF-FF-FF-FF-FF-FF-FF-FF-FF-FF-FF-FF-FF;NOTIFICATION;1
153980;1787221768997;150D;Fahrstatistik Max/Ø;20;50;3;00-DA-00-74-FF-FF-FF-FF-47-18-FF-FF-FF-FF-FF-FF-FF-FF-00-00;NOTIFICATION;1
155032;1787221770049;1502;Akkuinformationen;16;51;–;47-18-FF-FF-FF-FF-47-18-FF-FF-FF-FF-FF-FF-00-00;NOTIFICATION;1
155439;1787221770456;1505;BikePerformance / Fahrleistung;18;49;0,1,2,3;0B-36-0B-36-FF-FF-00-DA-FF-FF-FF-FF-FF-00-00-00-00-00;NOTIFICATION;1
155652;1787221770669;1506;Trip / Kilometer & Betriebszähler;16;51;7;00-00-1B-D5-00-02-2B-73-00-00-02-C8-00-00-00-00;NOTIFICATION;1
156060;1787221771077;1508;Settings / Licht & Fahrstufe;17;51;–;00-00-00-01-FF-FF-FF-FF-FF-FF-FF-00-00-00-00-00-00;NOTIFICATION;1
156269;1787221771286;1509;BatteryChange / Akku-Livestand;11;51;0,1,5,6,9,10;13-88-FF-FF-3B-BB-80-00-00-00-F0;NOTIFICATION;1
156481;1787221771498;150A;MotorUpdate / Motor-Livestand;10;51;0,1;17-70-FF-FF-FF-FF-FF-FF-FF-FF;NOTIFICATION;1
156694;1787221771711;150B;Motor-/Controllerblock;20;51;–;FF-FF-FF-FF-FF-FF-FF-FF-FF-FF-FF-FF-FF-FF-FF-FF-FF-FF-FF-FF;NOTIFICATION;1
156900;1787221771917;150D;Fahrstatistik Max/Ø;20;51;–;00-DA-00-74-FF-FF-FF-FF-47-18-FF-FF-FF-FF-FF-FF-FF-FF-00-00;NOTIFICATION;1
157941;1787221772958;1502;Akkuinformationen;16;52;–;47-18-FF-FF-FF-FF-47-18-FF-FF-FF-FF-FF-FF-00-00;NOTIFICATION;1
158361;1787221773378;1505;BikePerformance / Fahrleistung;18;50;0,1,2,3;05-A0-05-A0-FF-FF-00-DA-FF-FF-FF-FF-FF-00-00-00-00-00;NOTIFICATION;1
158570;1787221773587;1506;Trip / Kilometer & Betriebszähler;16;52;7;00-00-1B-D5-00-02-2B-76-00-00-02-C8-00-00-00-00;NOTIFICATION;1
158990;1787221774007;1508;Settings / Licht & Fahrstufe;17;52;–;00-00-00-01-FF-FF-FF-FF-FF-FF-FF-00-00-00-00-00-00;NOTIFICATION;1
159193;1787221774210;1509;BatteryChange / Akku-Livestand;11;52;0,1,5,6,9,10;1B-58-FF-FF-3B-B9-F0-00-00-01-4D;NOTIFICATION;1
159400;1787221774417;150A;MotorUpdate / Motor-Livestand;10;52;–;17-70-FF-FF-FF-FF-FF-FF-FF-FF;NOTIFICATION;1
159610;1787221774627;150B;Motor-/Controllerblock;20;52;–;FF-FF-FF-FF-FF-FF-FF-FF-FF-FF-FF-FF-FF-FF-FF-FF-FF-FF-FF-FF;NOTIFICATION;1
159821;1787221774838;150D;Fahrstatistik Max/Ø;20;52;–;00-DA-00-74-FF-FF-FF-FF-47-18-FF-FF-FF-FF-FF-FF-FF-FF-00-00;NOTIFICATION;1
160861;1787221775878;1502;Akkuinformationen;16;53;–;47-18-FF-FF-FF-FF-47-18-FF-FF-FF-FF-FF-FF-00-00;NOTIFICATION;1
161281;1787221776298;1505;BikePerformance / Fahrleistung;18;51;0,1,2,3;0B-36-0B-36-FF-FF-00-DA-FF-FF-FF-FF-FF-00-00-00-00-00;NOTIFICATION;1
161492;1787221776509;1506;Trip / Kilometer & Betriebszähler;16;53;7;00-00-1B-D5-00-02-2B-79-00-00-02-C8-00-00-00-00;NOTIFICATION;1
161911;1787221776928;1508;Settings / Licht & Fahrstufe;17;53;–;00-00-00-01-FF-FF-FF-FF-FF-FF-FF-00-00-00-00-00-00;NOTIFICATION;1
162119;1787221777136;1509;BatteryChange / Akku-Livestand;11;53;0,1,10;17-70-FF-FF-3B-B9-F0-00-00-01-1D;NOTIFICATION;1
162331;1787221777348;150A;MotorUpdate / Motor-Livestand;10;53;0,1;1B-58-FF-FF-FF-FF-FF-FF-FF-FF;NOTIFICATION;1
162534;1787221777551;150B;Motor-/Controllerblock;20;53;–;FF-FF-FF-FF-FF-FF-FF-FF-FF-FF-FF-FF-FF-FF-FF-FF-FF-FF-FF-FF;NOTIFICATION;1
162740;1787221777757;150D;Fahrstatistik Max/Ø;20;53;–;00-DA-00-74-FF-FF-FF-FF-47-18-FF-FF-FF-FF-FF-FF-FF-FF-00-00;NOTIFICATION;1
163800;1787221778817;1502;Akkuinformationen;16;54;–;47-18-FF-FF-FF-FF-47-18-FF-FF-FF-FF-FF-FF-00-00;NOTIFICATION;1
164411;1787221779428;1506;Trip / Kilometer & Betriebszähler;16;54;7;00-00-1B-D5-00-02-2B-7C-00-00-02-C8-00-00-00-00;NOTIFICATION;1
164830;1787221779847;1508;Settings / Licht & Fahrstufe;17;54;–;00-00-00-01-FF-FF-FF-FF-FF-FF-FF-00-00-00-00-00-00;NOTIFICATION;1
165040;1787221780057;1509;BatteryChange / Akku-Livestand;11;54;0,1,10;1B-58-FF-FF-3B-B9-F0-00-00-01-4D;NOTIFICATION;1
165249;1787221780266;150A;MotorUpdate / Motor-Livestand;10;54;–;1B-58-FF-FF-FF-FF-FF-FF-FF-FF;NOTIFICATION;1
165460;1787221780477;150B;Motor-/Controllerblock;20;54;–;FF-FF-FF-FF-FF-FF-FF-FF-FF-FF-FF-FF-FF-FF-FF-FF-FF-FF-FF-FF;NOTIFICATION;1
165662;1787221780679;150D;Fahrstatistik Max/Ø;20;54;–;00-DA-00-74-FF-FF-FF-FF-47-18-FF-FF-FF-FF-FF-FF-FF-FF-00-00;NOTIFICATION;1
166710;1787221781727;1502;Akkuinformationen;16;55;–;47-18-FF-FF-FF-FF-47-18-FF-FF-FF-FF-FF-FF-00-00;NOTIFICATION;1
167128;1787221782145;1505;BikePerformance / Fahrleistung;18;52;0,1,2,3;09-56-09-56-FF-FF-00-DA-FF-FF-FF-FF-FF-00-00-00-00-00;NOTIFICATION;1
167328;1787221782345;1506;Trip / Kilometer & Betriebszähler;16;55;7;00-00-1B-D5-00-02-2B-7F-00-00-02-C8-00-00-00-00;NOTIFICATION;1
167747;1787221782764;1508;Settings / Licht & Fahrstufe;17;55;–;00-00-00-01-FF-FF-FF-FF-FF-FF-FF-00-00-00-00-00-00;NOTIFICATION;1
167958;1787221782975;1509;BatteryChange / Akku-Livestand;11;55;0,1,10;17-70-FF-FF-3B-B9-F0-00-00-01-1E;NOTIFICATION;1
168168;1787221783185;150A;MotorUpdate / Motor-Livestand;10;55;0,1;17-70-FF-FF-FF-FF-FF-FF-FF-FF;NOTIFICATION;1
168377;1787221783394;150B;Motor-/Controllerblock;20;55;–;FF-FF-FF-FF-FF-FF-FF-FF-FF-FF-FF-FF-FF-FF-FF-FF-FF-FF-FF-FF;NOTIFICATION;1
168589;1787221783606;150D;Fahrstatistik Max/Ø;20;55;–;00-DA-00-74-FF-FF-FF-FF-47-18-FF-FF-FF-FF-FF-FF-FF-FF-00-00;NOTIFICATION;1
169633;1787221784650;1502;Akkuinformationen;16;56;–;47-18-FF-FF-FF-FF-47-18-FF-FF-FF-FF-FF-FF-00-00;NOTIFICATION;1
170051;1787221785068;1505;BikePerformance / Fahrleistung;18;53;0,1,2,3;0B-22-0B-22-FF-FF-00-DA-FF-FF-FF-FF-FF-00-00-00-00-00;NOTIFICATION;1
170258;1787221785275;1506;Trip / Kilometer & Betriebszähler;16;56;7;00-00-1B-D5-00-02-2B-81-00-00-02-C8-00-00-00-00;NOTIFICATION;1
170679;1787221785696;1508;Settings / Licht & Fahrstufe;17;56;–;00-00-00-01-FF-FF-FF-FF-FF-FF-FF-00-00-00-00-00-00;NOTIFICATION;1
170880;1787221785897;1509;BatteryChange / Akku-Livestand;11;56;0,1,5,6,9,10;03-E8-FF-FF-3B-BD-74-00-00-00-90;NOTIFICATION;1
171091;1787221786108;150A;MotorUpdate / Motor-Livestand;10;56;0,1;00-00-FF-FF-FF-FF-FF-FF-FF-FF;NOTIFICATION;1
171297;1787221786314;150B;Motor-/Controllerblock;20;56;–;FF-FF-FF-FF-FF-FF-FF-FF-FF-FF-FF-FF-FF-FF-FF-FF-FF-FF-FF-FF;NOTIFICATION;1
171508;1787221786525;150D;Fahrstatistik Max/Ø;20;56;3;00-DA-00-81-FF-FF-FF-FF-47-18-FF-FF-FF-FF-FF-FF-FF-FF-00-00;NOTIFICATION;1
172550;1787221787567;1502;Akkuinformationen;16;57;–;47-18-FF-FF-FF-FF-47-18-FF-FF-FF-FF-FF-FF-00-00;NOTIFICATION;1
172970;1787221787987;1505;BikePerformance / Fahrleistung;18;54;0,1,2,3,7;00-00-00-00-FF-FF-00-AF-FF-FF-FF-FF-FF-00-00-00-00-00;NOTIFICATION;1
173191;1787221788208;1506;Trip / Kilometer & Betriebszähler;16;57;3,7;00-00-1B-D6-00-02-2B-84-00-00-02-C8-00-00-00-00;NOTIFICATION;1
173600;1787221788617;1508;Settings / Licht & Fahrstufe;17;57;–;00-00-00-01-FF-FF-FF-FF-FF-FF-FF-00-00-00-00-00-00;NOTIFICATION;1
173808;1787221788825;1509;BatteryChange / Akku-Livestand;11;57;0,1,6,10;00-00-FF-FF-3B-BD-D8-00-00-00-00;NOTIFICATION;1
174010;1787221789027;150A;MotorUpdate / Motor-Livestand;10;57;–;00-00-FF-FF-FF-FF-FF-FF-FF-FF;NOTIFICATION;1
174229;1787221789246;150B;Motor-/Controllerblock;20;57;–;FF-FF-FF-FF-FF-FF-FF-FF-FF-FF-FF-FF-FF-FF-FF-FF-FF-FF-FF-FF;NOTIFICATION;1
174430;1787221789447;150D;Fahrstatistik Max/Ø;20;57;–;00-DA-00-81-FF-FF-FF-FF-47-18-FF-FF-FF-FF-FF-FF-FF-FF-00-00;NOTIFICATION;1
175480;1787221790497;1502;Akkuinformationen;16;58;–;47-18-FF-FF-FF-FF-47-18-FF-FF-FF-FF-FF-FF-00-00;NOTIFICATION;1
175889;1787221790906;1505;BikePerformance / Fahrleistung;18;55;7;00-00-00-00-FF-FF-00-7E-FF-FF-FF-FF-FF-00-00-00-00-00;NOTIFICATION;1
176099;1787221791116;1506;Trip / Kilometer & Betriebszähler;16;58;7;00-00-1B-D6-00-02-2B-87-00-00-02-C8-00-00-00-00;NOTIFICATION;1
176519;1787221791536;1508;Settings / Licht & Fahrstufe;17;58;–;00-00-00-01-FF-FF-FF-FF-FF-FF-FF-00-00-00-00-00-00;NOTIFICATION;1
176728;1787221791745;1509;BatteryChange / Akku-Livestand;11;58;0,1,5,6,10;07-D0-FF-FF-3B-BC-48-00-00-00-30;NOTIFICATION;1
176941;1787221791958;150A;MotorUpdate / Motor-Livestand;10;58;0,1;07-D0-FF-FF-FF-FF-FF-FF-FF-FF;NOTIFICATION;1
177153;1787221792170;150B;Motor-/Controllerblock;20;58;–;FF-FF-FF-FF-FF-FF-FF-FF-FF-FF-FF-FF-FF-FF-FF-FF-FF-FF-FF-FF;NOTIFICATION;1
177349;1787221792366;150D;Fahrstatistik Max/Ø;20;58;–;00-DA-00-81-FF-FF-FF-FF-47-18-FF-FF-FF-FF-FF-FF-FF-FF-00-00;NOTIFICATION;1
178402;1787221793419;1502;Akkuinformationen;16;59;–;47-18-FF-FF-FF-FF-47-18-FF-FF-FF-FF-FF-FF-00-00;NOTIFICATION;1
178812;1787221793829;1505;BikePerformance / Fahrleistung;18;56;0,1,2,3,7;0B-22-0B-22-FF-FF-00-7C-FF-FF-FF-FF-FF-00-00-00-00-00;NOTIFICATION;1
179020;1787221794037;1506;Trip / Kilometer & Betriebszähler;16;59;7;00-00-1B-D6-00-02-2B-8A-00-00-02-C8-00-00-00-00;NOTIFICATION;1
179440;1787221794457;1508;Settings / Licht & Fahrstufe;17;59;–;00-00-00-01-FF-FF-FF-FF-FF-FF-FF-00-00-00-00-00-00;NOTIFICATION;1
179651;1787221794668;1509;BatteryChange / Akku-Livestand;11;59;0,1,5,6,9,10;1F-40-FF-FF-3B-B9-8C-00-00-01-7C;NOTIFICATION;1
179861;1787221794878;150A;MotorUpdate / Motor-Livestand;10;59;0,1;1F-40-FF-FF-FF-FF-FF-FF-FF-FF;NOTIFICATION;1
180080;1787221795097;150B;Motor-/Controllerblock;20;59;–;FF-FF-FF-FF-FF-FF-FF-FF-FF-FF-FF-FF-FF-FF-FF-FF-FF-FF-FF-FF;NOTIFICATION;1
180280;1787221795297;150D;Fahrstatistik Max/Ø;20;59;–;00-DA-00-81-FF-FF-FF-FF-47-18-FF-FF-FF-FF-FF-FF-FF-FF-00-00;NOTIFICATION;1
181321;1787221796338;1502;Akkuinformationen;16;60;–;47-18-FF-FF-FF-FF-47-18-FF-FF-FF-FF-FF-FF-00-00;NOTIFICATION;1
181739;1787221796756;1505;BikePerformance / Fahrleistung;18;57;0,1,2,3,7;0C-F8-0C-F8-FF-FF-00-AC-FF-FF-FF-FF-FF-00-00-00-00-00;NOTIFICATION;1
181951;1787221796968;1506;Trip / Kilometer & Betriebszähler;16;60;7;00-00-1B-D6-00-02-2B-8D-00-00-02-C8-00-00-00-00;NOTIFICATION;1
182359;1787221797376;1508;Settings / Licht & Fahrstufe;17;60;–;00-00-00-01-FF-FF-FF-FF-FF-FF-FF-00-00-00-00-00-00;NOTIFICATION;1
182571;1787221797588;1509;BatteryChange / Akku-Livestand;11;60;0,1,6,10;1B-58-FF-FF-3B-B9-F0-00-00-01-4D;NOTIFICATION;1
182782;1787221797799;150A;MotorUpdate / Motor-Livestand;10;60;0,1;17-70-FF-FF-FF-FF-FF-FF-FF-FF;NOTIFICATION;1
182990;1787221798007;150B;Motor-/Controllerblock;20;60;–;FF-FF-FF-FF-FF-FF-FF-FF-FF-FF-FF-FF-FF-FF-FF-FF-FF-FF-FF-FF;NOTIFICATION;1
183198;1787221798215;150D;Fahrstatistik Max/Ø;20;60;–;00-DA-00-81-FF-FF-FF-FF-47-18-FF-FF-FF-FF-FF-FF-FF-FF-00-00;NOTIFICATION;1
184240;1787221799257;1502;Akkuinformationen;16;61;–;47-18-FF-FF-FF-FF-47-18-FF-FF-FF-FF-FF-FF-00-00;NOTIFICATION;1
184664;1787221799681;1505;BikePerformance / Fahrleistung;18;58;0,1,2,3,7;07-76-07-76-FF-FF-00-C6-FF-FF-FF-FF-FF-00-00-00-00-00;NOTIFICATION;1
184872;1787221799889;1506;Trip / Kilometer & Betriebszähler;16;61;7;00-00-1B-D6-00-02-2B-90-00-00-02-C8-00-00-00-00;NOTIFICATION;1
185291;1787221800308;1508;Settings / Licht & Fahrstufe;17;61;–;00-00-00-01-FF-FF-FF-FF-FF-FF-FF-00-00-00-00-00-00;NOTIFICATION;1
185490;1787221800507;1509;BatteryChange / Akku-Livestand;11;61;0,1,4,5,6,9,10;0F-A0-FF-FF-39-BB-80-00-00-00-C0;NOTIFICATION;1
185700;1787221800717;150A;MotorUpdate / Motor-Livestand;10;61;0,1;0B-B8-FF-FF-FF-FF-FF-FF-FF-FF;NOTIFICATION;1
185911;1787221800928;150B;Motor-/Controllerblock;20;61;–;FF-FF-FF-FF-FF-FF-FF-FF-FF-FF-FF-FF-FF-FF-FF-FF-FF-FF-FF-FF;NOTIFICATION;1
186120;1787221801137;150D;Fahrstatistik Max/Ø;20;61;–;00-DA-00-81-FF-FF-FF-FF-47-18-FF-FF-FF-FF-FF-FF-FF-FF-00-00;NOTIFICATION;1
187160;1787221802177;1502;Akkuinformationen;16;62;–;47-18-FF-FF-FF-FF-47-18-FF-FF-FF-FF-FF-FF-00-00;NOTIFICATION;1
187579;1787221802596;1505;BikePerformance / Fahrleistung;18;59;7;07-76-07-76-FF-FF-00-C2-FF-FF-FF-FF-FF-00-00-00-00-00;NOTIFICATION;1
187790;1787221802807;1506;Trip / Kilometer & Betriebszähler;16;62;7;00-00-1B-D6-00-02-2B-93-00-00-02-C8-00-00-00-00;NOTIFICATION;1
188210;1787221803227;1508;Settings / Licht & Fahrstufe;17;62;–;00-00-00-01-FF-FF-FF-FF-FF-FF-FF-00-00-00-00-00-00;NOTIFICATION;1
188420;1787221803437;1509;BatteryChange / Akku-Livestand;11;62;0,1,4,5,6,9,10;1F-40-FF-FF-36-B7-FC-00-00-01-4C;NOTIFICATION;1
188620;1787221803637;150A;MotorUpdate / Motor-Livestand;10;62;0,1;1F-40-FF-FF-FF-FF-FF-FF-FF-FF;NOTIFICATION;1
188830;1787221803847;150B;Motor-/Controllerblock;20;62;–;FF-FF-FF-FF-FF-FF-FF-FF-FF-FF-FF-FF-FF-FF-FF-FF-FF-FF-FF-FF;NOTIFICATION;1
189039;1787221804056;150D;Fahrstatistik Max/Ø;20;62;–;00-DA-00-81-FF-FF-FF-FF-47-18-FF-FF-FF-FF-FF-FF-FF-FF-00-00;NOTIFICATION;1
190091;1787221805108;1502;Akkuinformationen;16;63;–;47-18-FF-FF-FF-FF-47-18-FF-FF-FF-FF-FF-FF-00-00;NOTIFICATION;1
190511;1787221805528;1505;BikePerformance / Fahrleistung;18;60;0,1,2,3,7;09-56-09-56-FF-FF-00-DA-FF-FF-FF-FF-FF-00-00-00-00-00;NOTIFICATION;1
190711;1787221805728;1506;Trip / Kilometer & Betriebszähler;16;63;7;00-00-1B-D6-00-02-2B-96-00-00-02-C8-00-00-00-00;NOTIFICATION;1
191130;1787221806147;1508;Settings / Licht & Fahrstufe;17;63;–;00-00-00-01-FF-FF-FF-FF-FF-FF-FF-00-00-00-00-00-00;NOTIFICATION;1
191341;1787221806358;1509;BatteryChange / Akku-Livestand;11;63;0,1,5,6,9,10;00-00-FF-FF-36-BD-74-00-00-00-60;NOTIFICATION;1
191553;1787221806570;150A;MotorUpdate / Motor-Livestand;10;63;0,1;00-00-FF-FF-FF-FF-FF-FF-FF-FF;NOTIFICATION;1
191761;1787221806778;150B;Motor-/Controllerblock;20;63;–;FF-FF-FF-FF-FF-FF-FF-FF-FF-FF-FF-FF-FF-FF-FF-FF-FF-FF-FF-FF;NOTIFICATION;1
191970;1787221806987;150D;Fahrstatistik Max/Ø;20;63;3;00-DA-00-88-FF-FF-FF-FF-47-18-FF-FF-FF-FF-FF-FF-FF-FF-00-00;NOTIFICATION;1
193021;1787221808038;1502;Akkuinformationen;16;64;–;47-18-FF-FF-FF-FF-47-18-FF-FF-FF-FF-FF-FF-00-00;NOTIFICATION;1
193440;1787221808457;1505;BikePerformance / Fahrleistung;18;61;–;09-56-09-56-FF-FF-00-DA-FF-FF-FF-FF-FF-00-00-00-00-00;NOTIFICATION;1
193640;1787221808657;1506;Trip / Kilometer & Betriebszähler;16;64;3,7;00-00-1B-D7-00-02-2B-99-00-00-02-C8-00-00-00-00;NOTIFICATION;1
194052;1787221809069;1508;Settings / Licht & Fahrstufe;17;64;–;00-00-00-01-FF-FF-FF-FF-FF-FF-FF-00-00-00-00-00-00;NOTIFICATION;1
194259;1787221809276;1509;BatteryChange / Akku-Livestand;11;64;0,1,5,6,10;13-88-FF-FF-36-B9-F0-00-00-00-EE;NOTIFICATION;1
194471;1787221809488;150A;MotorUpdate / Motor-Livestand;10;64;0,1;0F-A0-FF-FF-FF-FF-FF-FF-FF-FF;NOTIFICATION;1
194681;1787221809698;150B;Motor-/Controllerblock;20;64;–;FF-FF-FF-FF-FF-FF-FF-FF-FF-FF-FF-FF-FF-FF-FF-FF-FF-FF-FF-FF;NOTIFICATION;1
194890;1787221809907;150D;Fahrstatistik Max/Ø;20;64;–;00-DA-00-88-FF-FF-FF-FF-47-18-FF-FF-FF-FF-FF-FF-FF-FF-00-00;NOTIFICATION;1
195932;1787221810949;1502;Akkuinformationen;16;65;–;47-18-FF-FF-FF-FF-47-18-FF-FF-FF-FF-FF-FF-00-00;NOTIFICATION;1
196352;1787221811369;1505;BikePerformance / Fahrleistung;18;62;–;09-56-09-56-FF-FF-00-DA-FF-FF-FF-FF-FF-00-00-00-00-00;NOTIFICATION;1
196566;1787221811583;1506;Trip / Kilometer & Betriebszähler;16;65;7;00-00-1B-D7-00-02-2B-9C-00-00-02-C8-00-00-00-00;NOTIFICATION;1
196980;1787221811997;1508;Settings / Licht & Fahrstufe;17;65;–;00-00-00-01-FF-FF-FF-FF-FF-FF-FF-00-00-00-00-00-00;NOTIFICATION;1
197181;1787221812198;1509;BatteryChange / Akku-Livestand;11;65;5,6,10;13-88-FF-FF-36-BB-1C-00-00-00-EF;NOTIFICATION;1
197390;1787221812407;150A;MotorUpdate / Motor-Livestand;10;65;–;0F-A0-FF-FF-FF-FF-FF-FF-FF-FF;NOTIFICATION;1
197599;1787221812616;150B;Motor-/Controllerblock;20;65;–;FF-FF-FF-FF-FF-FF-FF-FF-FF-FF-FF-FF-FF-FF-FF-FF-FF-FF-FF-FF;NOTIFICATION;1
197809;1787221812826;150D;Fahrstatistik Max/Ø;20;65;–;00-DA-00-88-FF-FF-FF-FF-47-18-FF-FF-FF-FF-FF-FF-FF-FF-00-00;NOTIFICATION;1
198851;1787221813868;1502;Akkuinformationen;16;66;–;47-18-FF-FF-FF-FF-47-18-FF-FF-FF-FF-FF-FF-00-00;NOTIFICATION;1
199270;1787221814287;1505;BikePerformance / Fahrleistung;18;63;0,1,2,3;07-76-07-76-FF-FF-00-DA-FF-FF-FF-FF-FF-00-00-00-00-00;NOTIFICATION;1
199479;1787221814496;1506;Trip / Kilometer & Betriebszähler;16;66;7;00-00-1B-D7-00-02-2B-9F-00-00-02-C8-00-00-00-00;NOTIFICATION;1
199899;1787221814916;1508;Settings / Licht & Fahrstufe;17;66;–;00-00-00-01-FF-FF-FF-FF-FF-FF-FF-00-00-00-00-00-00;NOTIFICATION;1
200110;1787221815127;1509;BatteryChange / Akku-Livestand;11;66;0,1,5,6,10;0F-A0-FF-FF-36-BA-B8-00-00-00-BF;NOTIFICATION;1
200310;1787221815327;150A;MotorUpdate / Motor-Livestand;10;66;0,1;13-88-FF-FF-FF-FF-FF-FF-FF-FF;NOTIFICATION;1
200519;1787221815536;150B;Motor-/Controllerblock;20;66;–;FF-FF-FF-FF-FF-FF-FF-FF-FF-FF-FF-FF-FF-FF-FF-FF-FF-FF-FF-FF;NOTIFICATION;1
200731;1787221815748;150D;Fahrstatistik Max/Ø;20;66;–;00-DA-00-88-FF-FF-FF-FF-47-18-FF-FF-FF-FF-FF-FF-FF-FF-00-00;NOTIFICATION;1
201781;1787221816798;1502;Akkuinformationen;16;67;–;47-18-FF-FF-FF-FF-47-18-FF-FF-FF-FF-FF-FF-00-00;NOTIFICATION;1
202191;1787221817208;1505;BikePerformance / Fahrleistung;18;64;0,1,2,3,7;00-00-00-00-FF-FF-00-C5-FF-FF-FF-FF-FF-00-00-00-00-00;NOTIFICATION;1
202400;1787221817417;1506;Trip / Kilometer & Betriebszähler;16;67;7;00-00-1B-D7-00-02-2B-A2-00-00-02-C8-00-00-00-00;NOTIFICATION;1
202820;1787221817837;1508;Settings / Licht & Fahrstufe;17;67;–;00-00-00-01-FF-FF-FF-FF-FF-FF-FF-00-00-00-00-00-00;NOTIFICATION;1
203031;1787221818048;1509;BatteryChange / Akku-Livestand;11;67;0,1,5,6,9,10;17-70-FF-FF-36-B9-8C-00-00-01-1D;NOTIFICATION;1
203240;1787221818257;150A;MotorUpdate / Motor-Livestand;10;67;0,1;17-70-FF-FF-FF-FF-FF-FF-FF-FF;NOTIFICATION;1
203453;1787221818470;150B;Motor-/Controllerblock;20;67;–;FF-FF-FF-FF-FF-FF-FF-FF-FF-FF-FF-FF-FF-FF-FF-FF-FF-FF-FF-FF;NOTIFICATION;1
203662;1787221818679;150D;Fahrstatistik Max/Ø;20;67;–;00-DA-00-88-FF-FF-FF-FF-47-18-FF-FF-FF-FF-FF-FF-FF-FF-00-00;NOTIFICATION;1
204701;1787221819718;1502;Akkuinformationen;16;68;–;47-18-FF-FF-FF-FF-47-18-FF-FF-FF-FF-FF-FF-00-00;NOTIFICATION;1
205121;1787221820138;1505;BikePerformance / Fahrleistung;18;65;0,1,2,3,7;09-4C-09-4C-FF-FF-00-DA-FF-FF-FF-FF-FF-00-00-00-00-00;NOTIFICATION;1
205330;1787221820347;1506;Trip / Kilometer & Betriebszähler;16;68;7;00-00-1B-D7-00-02-2B-A5-00-00-02-C8-00-00-00-00;NOTIFICATION;1
205740;1787221820757;1508;Settings / Licht & Fahrstufe;17;68;–;00-00-00-01-FF-FF-FF-FF-FF-FF-FF-00-00-00-00-00-00;NOTIFICATION;1
205951;1787221820968;1509;BatteryChange / Akku-Livestand;11;68;0,1,5,6,9,10;13-88-FF-FF-36-BA-B8-00-00-00-EF;NOTIFICATION;1
206160;1787221821177;150A;MotorUpdate / Motor-Livestand;10;68;0,1;13-88-FF-FF-FF-FF-FF-FF-FF-FF;NOTIFICATION;1
206370;1787221821387;150B;Motor-/Controllerblock;20;68;–;FF-FF-FF-FF-FF-FF-FF-FF-FF-FF-FF-FF-FF-FF-FF-FF-FF-FF-FF-FF;NOTIFICATION;1
206580;1787221821597;150D;Fahrstatistik Max/Ø;20;68;3;00-DA-00-92-FF-FF-FF-FF-47-18-FF-FF-FF-FF-FF-FF-FF-FF-00-00;NOTIFICATION;1
207621;1787221822638;1502;Akkuinformationen;16;69;–;47-18-FF-FF-FF-FF-47-18-FF-FF-FF-FF-FF-FF-00-00;NOTIFICATION;1
208041;1787221823058;1505;BikePerformance / Fahrleistung;18;66;1,3;09-56-09-56-FF-FF-00-DA-FF-FF-FF-FF-FF-00-00-00-00-00;NOTIFICATION;1
208251;1787221823268;1506;Trip / Kilometer & Betriebszähler;16;69;3,7;00-00-1B-D8-00-02-2B-A8-00-00-02-C8-00-00-00-00;NOTIFICATION;1
208663;1787221823680;1508;Settings / Licht & Fahrstufe;17;69;–;00-00-00-01-FF-FF-FF-FF-FF-FF-FF-00-00-00-00-00-00;NOTIFICATION;1
208871;1787221823888;1509;BatteryChange / Akku-Livestand;11;69;5,6;13-88-FF-FF-36-BB-1C-00-00-00-EF;NOTIFICATION;1
209080;1787221824097;150A;MotorUpdate / Motor-Livestand;10;69;0,1;0F-A0-FF-FF-FF-FF-FF-FF-FF-FF;NOTIFICATION;1
209291;1787221824308;150B;Motor-/Controllerblock;20;69;–;FF-FF-FF-FF-FF-FF-FF-FF-FF-FF-FF-FF-FF-FF-FF-FF-FF-FF-FF-FF;NOTIFICATION;1
209500;1787221824517;150D;Fahrstatistik Max/Ø;20;69;–;00-DA-00-92-FF-FF-FF-FF-47-18-FF-FF-FF-FF-FF-FF-FF-FF-00-00;NOTIFICATION;1
210539;1787221825556;1502;Akkuinformationen;16;70;–;47-18-FF-FF-FF-FF-47-18-FF-FF-FF-FF-FF-FF-00-00;NOTIFICATION;1
210962;1787221825979;1505;BikePerformance / Fahrleistung;18;67;0,1,2,3;05-96-05-96-FF-FF-00-DA-FF-FF-FF-FF-FF-00-00-00-00-00;NOTIFICATION;1
211171;1787221826188;1506;Trip / Kilometer & Betriebszähler;16;70;7;00-00-1B-D8-00-02-2B-AB-00-00-02-C8-00-00-00-00;NOTIFICATION;1
211593;1787221826610;1508;Settings / Licht & Fahrstufe;17;70;–;00-00-00-01-FF-FF-FF-FF-FF-FF-FF-00-00-00-00-00-00;NOTIFICATION;1
211795;1787221826812;1509;BatteryChange / Akku-Livestand;11;70;0,1,5,6,10;00-00-FF-FF-36-BC-AC-00-00-00-00;NOTIFICATION;1
212000;1787221827017;150A;MotorUpdate / Motor-Livestand;10;70;0,1;00-00-FF-FF-FF-FF-FF-FF-FF-FF;NOTIFICATION;1
212211;1787221827228;150B;Motor-/Controllerblock;20;70;–;FF-FF-FF-FF-FF-FF-FF-FF-FF-FF-FF-FF-FF-FF-FF-FF-FF-FF-FF-FF;NOTIFICATION;1
212421;1787221827438;150D;Fahrstatistik Max/Ø;20;70;–;00-DA-00-92-FF-FF-FF-FF-47-18-FF-FF-FF-FF-FF-FF-FF-FF-00-00;NOTIFICATION;1
213471;1787221828488;1502;Akkuinformationen;16;71;–;47-18-FF-FF-FF-FF-47-18-FF-FF-FF-FF-FF-FF-00-00;NOTIFICATION;1
213880;1787221828897;1505;BikePerformance / Fahrleistung;18;68;0,1,2,3,7;00-00-00-00-FF-FF-00-BD-FF-FF-FF-FF-FF-00-00-00-00-00;NOTIFICATION;1
214091;1787221829108;1506;Trip / Kilometer & Betriebszähler;16;71;7;00-00-1B-D8-00-02-2B-AE-00-00-02-C8-00-00-00-00;NOTIFICATION;1
214510;1787221829527;1508;Settings / Licht & Fahrstufe;17;71;–;00-00-00-01-FF-FF-FF-FF-FF-FF-FF-00-00-00-00-00-00;NOTIFICATION;1
214724;1787221829741;1509;BatteryChange / Akku-Livestand;11;71;5,6;00-00-FF-FF-36-BD-74-00-00-00-00;NOTIFICATION;1
214933;1787221829950;150A;MotorUpdate / Motor-Livestand;10;71;–;00-00-FF-FF-FF-FF-FF-FF-FF-FF;NOTIFICATION;1
215139;1787221830156;150B;Motor-/Controllerblock;20;71;–;FF-FF-FF-FF-FF-FF-FF-FF-FF-FF-FF-FF-FF-FF-FF-FF-FF-FF-FF-FF;NOTIFICATION;1
215341;1787221830358;150D;Fahrstatistik Max/Ø;20;71;–;00-DA-00-92-FF-FF-FF-FF-47-18-FF-FF-FF-FF-FF-FF-FF-FF-00-00;NOTIFICATION;1
216394;1787221831411;1502;Akkuinformationen;16;72;–;47-18-FF-FF-FF-FF-47-18-FF-FF-FF-FF-FF-FF-00-00;NOTIFICATION;1
216800;1787221831817;1505;BikePerformance / Fahrleistung;18;69;7;00-00-00-00-FF-FF-00-A9-FF-FF-FF-FF-FF-00-00-00-00-00;NOTIFICATION;1
217010;1787221832027;1506;Trip / Kilometer & Betriebszähler;16;72;7;00-00-1B-D8-00-02-2B-B1-00-00-02-C8-00-00-00-00;NOTIFICATION;1
217431;1787221832448;1508;Settings / Licht & Fahrstufe;17;72;3;00-00-00-02-FF-FF-FF-FF-FF-FF-FF-00-00-00-00-00-00;NOTIFICATION;1
217640;1787221832657;1509;BatteryChange / Akku-Livestand;11;72;0,1,5,6,10;13-88-FF-FF-36-BB-1C-00-00-00-EF;NOTIFICATION;1
217852;1787221832869;150A;MotorUpdate / Motor-Livestand;10;72;0,1;1B-58-FF-FF-FF-FF-FF-FF-FF-FF;NOTIFICATION;1
218063;1787221833080;150B;Motor-/Controllerblock;20;72;–;FF-FF-FF-FF-FF-FF-FF-FF-FF-FF-FF-FF-FF-FF-FF-FF-FF-FF-FF-FF;NOTIFICATION;1
218271;1787221833288;150D;Fahrstatistik Max/Ø;20;72;–;00-DA-00-92-FF-FF-FF-FF-47-18-FF-FF-FF-FF-FF-FF-FF-FF-00-00;NOTIFICATION;1
219311;1787221834328;1502;Akkuinformationen;16;73;–;47-18-FF-FF-FF-FF-47-18-FF-FF-FF-FF-FF-FF-00-00;NOTIFICATION;1
219732;1787221834749;1505;BikePerformance / Fahrleistung;18;70;0,1,2,3,7;0C-F8-0C-F8-FF-FF-00-C0-FF-FF-FF-FF-FF-00-00-00-00-00;NOTIFICATION;1
219940;1787221834957;1506;Trip / Kilometer & Betriebszähler;16;73;7;00-00-1B-D8-00-02-2B-B3-00-00-02-C8-00-00-00-00;NOTIFICATION;1
220351;1787221835368;1508;Settings / Licht & Fahrstufe;17;73;–;00-00-00-02-FF-FF-FF-FF-FF-FF-FF-00-00-00-00-00-00;NOTIFICATION;1
220562;1787221835579;1509;BatteryChange / Akku-Livestand;11;73;0,1,5,6,9,10;1F-40-FF-FF-36-B8-C4-00-00-01-7A;NOTIFICATION;1
220772;1787221835789;150A;MotorUpdate / Motor-Livestand;10;73;0,1;23-28-FF-FF-FF-FF-FF-FF-FF-FF;NOTIFICATION;1
220983;1787221836000;150B;Motor-/Controllerblock;20;73;–;FF-FF-FF-FF-FF-FF-FF-FF-FF-FF-FF-FF-FF-FF-FF-FF-FF-FF-FF-FF;NOTIFICATION;1
221192;1787221836209;150D;Fahrstatistik Max/Ø;20;73;–;00-DA-00-92-FF-FF-FF-FF-47-18-FF-FF-FF-FF-FF-FF-FF-FF-00-00;NOTIFICATION;1
222231;1787221837248;1502;Akkuinformationen;16;74;–;47-18-FF-FF-FF-FF-47-18-FF-FF-FF-FF-FF-FF-00-00;NOTIFICATION;1
222651;1787221837668;1505;BikePerformance / Fahrleistung;18;71;0,1,2,3,7;0E-CE-0E-CE-FF-FF-00-CD-FF-FF-FF-FF-FF-00-00-00-00-00;NOTIFICATION;1
222861;1787221837878;1506;Trip / Kilometer & Betriebszähler;16;74;7;00-00-1B-D8-00-02-2B-B6-00-00-02-C8-00-00-00-00;NOTIFICATION;1
223281;1787221838298;1508;Settings / Licht & Fahrstufe;17;74;–;00-00-00-02-FF-FF-FF-FF-FF-FF-FF-00-00-00-00-00-00;NOTIFICATION;1
223481;1787221838498;1509;BatteryChange / Akku-Livestand;11;74;–;1F-40-FF-FF-36-B8-C4-00-00-01-7A;NOTIFICATION;1
223691;1787221838708;150A;MotorUpdate / Motor-Livestand;10;74;0,1;1F-40-FF-FF-FF-FF-FF-FF-FF-FF;NOTIFICATION;1
223900;1787221838917;150B;Motor-/Controllerblock;20;74;–;FF-FF-FF-FF-FF-FF-FF-FF-FF-FF-FF-FF-FF-FF-FF-FF-FF-FF-FF-FF;NOTIFICATION;1
224111;1787221839128;150D;Fahrstatistik Max/Ø;20;74;3;00-DA-00-98-FF-FF-FF-FF-47-18-FF-FF-FF-FF-FF-FF-FF-FF-00-00;NOTIFICATION;1
225162;1787221840179;1502;Akkuinformationen;16;75;–;47-18-FF-FF-FF-FF-47-18-FF-FF-FF-FF-FF-FF-00-00;NOTIFICATION;1
225582;1787221840599;1505;BikePerformance / Fahrleistung;18;72;0,1,2,3,7;0B-22-0B-22-FF-FF-00-DA-FF-FF-FF-FF-FF-00-00-00-00-00;NOTIFICATION;1
225792;1787221840809;1506;Trip / Kilometer & Betriebszähler;16;75;3,7;00-00-1B-D9-00-02-2B-B9-00-00-02-C8-00-00-00-00;NOTIFICATION;1
226211;1787221841228;1508;Settings / Licht & Fahrstufe;17;75;3;00-00-00-01-FF-FF-FF-FF-FF-FF-FF-00-00-00-00-00-00;NOTIFICATION;1
226421;1787221841438;1509;BatteryChange / Akku-Livestand;11;75;0,1,5,6,10;17-70-FF-FF-36-B9-8C-00-00-01-1D;NOTIFICATION;1
226631;1787221841648;150A;MotorUpdate / Motor-Livestand;10;75;0,1;17-70-FF-FF-FF-FF-FF-FF-FF-FF;NOTIFICATION;1
226841;1787221841858;150B;Motor-/Controllerblock;20;75;–;FF-FF-FF-FF-FF-FF-FF-FF-FF-FF-FF-FF-FF-FF-FF-FF-FF-FF-FF-FF;NOTIFICATION;1
227041;1787221842058;150D;Fahrstatistik Max/Ø;20;75;–;00-DA-00-98-FF-FF-FF-FF-47-18-FF-FF-FF-FF-FF-FF-FF-FF-00-00;NOTIFICATION;1
228092;1787221843109;1502;Akkuinformationen;16;76;–;47-18-FF-FF-FF-FF-47-18-FF-FF-FF-FF-FF-FF-00-00;NOTIFICATION;1
228502;1787221843519;1505;BikePerformance / Fahrleistung;18;73;–;0B-22-0B-22-FF-FF-00-DA-FF-FF-FF-FF-FF-00-00-00-00-00;NOTIFICATION;1
228710;1787221843727;1506;Trip / Kilometer & Betriebszähler;16;76;7;00-00-1B-D9-00-02-2B-BC-00-00-02-C8-00-00-00-00;NOTIFICATION;1
229132;1787221844149;1508;Settings / Licht & Fahrstufe;17;76;–;00-00-00-01-FF-FF-FF-FF-FF-FF-FF-00-00-00-00-00-00;NOTIFICATION;1
229340;1787221844357;1509;BatteryChange / Akku-Livestand;11;76;10;17-70-FF-FF-36-B9-8C-00-00-01-1B;NOTIFICATION;1
229554;1787221844571;150A;MotorUpdate / Motor-Livestand;10;76;–;17-70-FF-FF-FF-FF-FF-FF-FF-FF;NOTIFICATION;1
229762;1787221844779;150B;Motor-/Controllerblock;20;76;–;FF-FF-FF-FF-FF-FF-FF-FF-FF-FF-FF-FF-FF-FF-FF-FF-FF-FF-FF-FF;NOTIFICATION;1
229973;1787221844990;150D;Fahrstatistik Max/Ø;20;76;–;00-DA-00-98-FF-FF-FF-FF-47-18-FF-FF-FF-FF-FF-FF-FF-FF-00-00;NOTIFICATION;1
231010;1787221846027;1502;Akkuinformationen;16;77;–;47-18-FF-FF-FF-FF-47-18-FF-FF-FF-FF-FF-FF-00-00;NOTIFICATION;1
231430;1787221846447;1505;BikePerformance / Fahrleistung;18;74;–;0B-22-0B-22-FF-FF-00-DA-FF-FF-FF-FF-FF-00-00-00-00-00;NOTIFICATION;1
231641;1787221846658;1506;Trip / Kilometer & Betriebszähler;16;77;7;00-00-1B-D9-00-02-2B-BF-00-00-02-C8-00-00-00-00;NOTIFICATION;1
232054;1787221847071;1508;Settings / Licht & Fahrstufe;17;77;–;00-00-00-01-FF-FF-FF-FF-FF-FF-FF-00-00-00-00-00-00;NOTIFICATION;1
232261;1787221847278;1509;BatteryChange / Akku-Livestand;11;77;6,10;17-70-FF-FF-36-B9-F0-00-00-01-1D;NOTIFICATION;1
232480;1787221847497;150A;MotorUpdate / Motor-Livestand;10;77;–;17-70-FF-FF-FF-FF-FF-FF-FF-FF;NOTIFICATION;1
232682;1787221847699;150B;Motor-/Controllerblock;20;77;–;FF-FF-FF-FF-FF-FF-FF-FF-FF-FF-FF-FF-FF-FF-FF-FF-FF-FF-FF-FF;NOTIFICATION;1
232900;1787221847917;150D;Fahrstatistik Max/Ø;20;77;–;00-DA-00-98-FF-FF-FF-FF-47-18-FF-FF-FF-FF-FF-FF-FF-FF-00-00;NOTIFICATION;1
233931;1787221848948;1502;Akkuinformationen;16;78;–;47-18-FF-FF-FF-FF-47-18-FF-FF-FF-FF-FF-FF-00-00;NOTIFICATION;1
234351;1787221849368;1505;BikePerformance / Fahrleistung;18;75;–;0B-22-0B-22-FF-FF-00-DA-FF-FF-FF-FF-FF-00-00-00-00-00;NOTIFICATION;1
234562;1787221849579;1506;Trip / Kilometer & Betriebszähler;16;78;7;00-00-1B-D9-00-02-2B-C2-00-00-02-C8-00-00-00-00;NOTIFICATION;1
234982;1787221849999;1508;Settings / Licht & Fahrstufe;17;78;–;00-00-00-01-FF-FF-FF-FF-FF-FF-FF-00-00-00-00-00-00;NOTIFICATION;1
235181;1787221850198;1509;BatteryChange / Akku-Livestand;11;78;0,1,5,6,9,10;07-D0-FF-FF-36-BC-48-00-00-00-60;NOTIFICATION;1
235392;1787221850409;150A;MotorUpdate / Motor-Livestand;10;78;0,1;00-00-FF-FF-FF-FF-FF-FF-FF-FF;NOTIFICATION;1
235602;1787221850619;150B;Motor-/Controllerblock;20;78;–;FF-FF-FF-FF-FF-FF-FF-FF-FF-FF-FF-FF-FF-FF-FF-FF-FF-FF-FF-FF;NOTIFICATION;1
235810;1787221850827;150D;Fahrstatistik Max/Ø;20;78;–;00-DA-00-98-FF-FF-FF-FF-47-18-FF-FF-FF-FF-FF-FF-FF-FF-00-00;NOTIFICATION;1
236850;1787221851867;1502;Akkuinformationen;16;79;–;47-18-FF-FF-FF-FF-47-18-FF-FF-FF-FF-FF-FF-00-00;NOTIFICATION;1
237272;1787221852289;1505;BikePerformance / Fahrleistung;18;76;0,1,2,3,7;00-00-00-00-FF-FF-00-AC-FF-FF-FF-FF-FF-00-00-00-00-00;NOTIFICATION;1
237484;1787221852501;1506;Trip / Kilometer & Betriebszähler;16;79;7;00-00-1B-D9-00-02-2B-C5-00-00-02-C8-00-00-00-00;NOTIFICATION;1
237901;1787221852918;1508;Settings / Licht & Fahrstufe;17;79;–;00-00-00-01-FF-FF-FF-FF-FF-FF-FF-00-00-00-00-00-00;NOTIFICATION;1
238110;1787221853127;1509;BatteryChange / Akku-Livestand;11;79;0,1,5,6,10;0B-B8-FF-FF-36-BB-1C-00-00-00-8F;NOTIFICATION;1
238312;1787221853329;150A;MotorUpdate / Motor-Livestand;10;79;0,1;07-D0-FF-FF-FF-FF-FF-FF-FF-FF;NOTIFICATION;1
238521;1787221853538;150B;Motor-/Controllerblock;20;79;–;FF-FF-FF-FF-FF-FF-FF-FF-FF-FF-FF-FF-FF-FF-FF-FF-FF-FF-FF-FF;NOTIFICATION;1
238730;1787221853747;150D;Fahrstatistik Max/Ø;20;79;–;00-DA-00-98-FF-FF-FF-FF-47-18-FF-FF-FF-FF-FF-FF-FF-FF-00-00;NOTIFICATION;1
239782;1787221854799;1502;Akkuinformationen;16;80;–;47-18-FF-FF-FF-FF-47-18-FF-FF-FF-FF-FF-FF-00-00;NOTIFICATION;1
240192;1787221855209;1505;BikePerformance / Fahrleistung;18;77;0,1,2,3,7;07-76-07-76-FF-FF-00-9E-FF-FF-FF-FF-FF-00-00-00-00-00;NOTIFICATION;1
240400;1787221855417;1506;Trip / Kilometer & Betriebszähler;16;80;7;00-00-1B-D9-00-02-2B-C8-00-00-02-C8-00-00-00-00;NOTIFICATION;1
240821;1787221855838;1508;Settings / Licht & Fahrstufe;17;80;–;00-00-00-01-FF-FF-FF-FF-FF-FF-FF-00-00-00-00-00-00;NOTIFICATION;1
241032;1787221856049;1509;BatteryChange / Akku-Livestand;11;80;0,1,6,10;07-D0-FF-FF-36-BB-80-00-00-00-60;NOTIFICATION;1
241240;1787221856257;150A;MotorUpdate / Motor-Livestand;10;80;–;07-D0-FF-FF-FF-FF-FF-FF-FF-FF;NOTIFICATION;1
241452;1787221856469;150B;Motor-/Controllerblock;20;80;–;FF-FF-FF-FF-FF-FF-FF-FF-FF-FF-FF-FF-FF-FF-FF-FF-FF-FF-FF-FF;NOTIFICATION;1
241662;1787221856679;150D;Fahrstatistik Max/Ø;20;80;–;00-DA-00-98-FF-FF-FF-FF-47-18-FF-FF-FF-FF-FF-FF-FF-FF-00-00;NOTIFICATION;1
242701;1787221857718;1502;Akkuinformationen;16;81;–;47-18-FF-FF-FF-FF-47-18-FF-FF-FF-FF-FF-FF-00-00;NOTIFICATION;1
243133;1787221858150;1505;BikePerformance / Fahrleistung;18;78;0,1,2,3,7;01-E0-01-E0-FF-FF-00-8E-FF-FF-FF-FF-FF-00-00-00-00-00;NOTIFICATION;1
243322;1787221858339;1506;Trip / Kilometer & Betriebszähler;16;81;3,7,11;00-00-1B-DA-00-02-2B-CB-00-00-02-C9-00-00-00-00;NOTIFICATION;1
243740;1787221858757;1508;Settings / Licht & Fahrstufe;17;81;–;00-00-00-01-FF-FF-FF-FF-FF-FF-FF-00-00-00-00-00-00;NOTIFICATION;1
243950;1787221858967;1509;BatteryChange / Akku-Livestand;11;81;0,1,6,10;03-E8-FF-FF-36-BB-E4-00-00-00-30;NOTIFICATION;1
244163;1787221859180;150A;MotorUpdate / Motor-Livestand;10;81;0,1;03-E8-FF-FF-FF-FF-FF-FF-FF-FF;NOTIFICATION;1
244371;1787221859388;150B;Motor-/Controllerblock;20;81;–;FF-FF-FF-FF-FF-FF-FF-FF-FF-FF-FF-FF-FF-FF-FF-FF-FF-FF-FF-FF;NOTIFICATION;1
244584;1787221859601;150D;Fahrstatistik Max/Ø;20;81;3;00-DA-00-9D-FF-FF-FF-FF-47-18-FF-FF-FF-FF-FF-FF-FF-FF-00-00;NOTIFICATION;1
245624;1787221860641;1502;Akkuinformationen;16;82;–;47-18-FF-FF-FF-FF-47-18-FF-FF-FF-FF-FF-FF-00-00;NOTIFICATION;1
246041;1787221861058;1505;BikePerformance / Fahrleistung;18;79;0,1,2,3,7;00-00-00-00-FF-FF-00-83-FF-FF-FF-FF-FF-00-00-00-00-00;NOTIFICATION;1
246252;1787221861269;1506;Trip / Kilometer & Betriebszähler;16;82;7;00-00-1B-DA-00-02-2B-CE-00-00-02-C9-00-00-00-00;NOTIFICATION;1
246662;1787221861679;1508;Settings / Licht & Fahrstufe;17;82;–;00-00-00-01-FF-FF-FF-FF-FF-FF-FF-00-00-00-00-00-00;NOTIFICATION;1
246870;1787221861887;1509;BatteryChange / Akku-Livestand;11;82;–;03-E8-FF-FF-36-BB-E4-00-00-00-30;NOTIFICATION;1
247083;1787221862100;150A;MotorUpdate / Motor-Livestand;10;82;–;03-E8-FF-FF-FF-FF-FF-FF-FF-FF;NOTIFICATION;1
247295;1787221862312;150B;Motor-/Controllerblock;20;82;–;FF-FF-FF-FF-FF-FF-FF-FF-FF-FF-FF-FF-FF-FF-FF-FF-FF-FF-FF-FF;NOTIFICATION;1
247502;1787221862519;150D;Fahrstatistik Max/Ø;20;82;–;00-DA-00-9D-FF-FF-FF-FF-47-18-FF-FF-FF-FF-FF-FF-FF-FF-00-00;NOTIFICATION;1
248541;1787221863558;1502;Akkuinformationen;16;83;–;47-18-FF-FF-FF-FF-47-18-FF-FF-FF-FF-FF-FF-00-00;NOTIFICATION;1
248961;1787221863978;1505;BikePerformance / Fahrleistung;18;80;0,1,2,3,7;01-E0-01-E0-FF-FF-00-80-FF-FF-FF-FF-FF-00-00-00-00-00;NOTIFICATION;1
249172;1787221864189;1506;Trip / Kilometer & Betriebszähler;16;83;7;00-00-1B-DA-00-02-2B-D1-00-00-02-C9-00-00-00-00;NOTIFICATION;1
249592;1787221864609;1508;Settings / Licht & Fahrstufe;17;83;–;00-00-00-01-FF-FF-FF-FF-FF-FF-FF-00-00-00-00-00-00;NOTIFICATION;1
249802;1787221864819;1509;BatteryChange / Akku-Livestand;11;83;0,1,5,6,10;00-00-FF-FF-36-BD-10-00-00-00-00;NOTIFICATION;1
250001;1787221865018;150A;MotorUpdate / Motor-Livestand;10;83;0,1;00-00-FF-FF-FF-FF-FF-FF-FF-FF;NOTIFICATION;1
250212;1787221865229;150B;Motor-/Controllerblock;20;83;–;FF-FF-FF-FF-FF-FF-FF-FF-FF-FF-FF-FF-FF-FF-FF-FF-FF-FF-FF-FF;NOTIFICATION;1
250422;1787221865439;150D;Fahrstatistik Max/Ø;20;83;–;00-DA-00-9D-FF-FF-FF-FF-47-18-FF-FF-FF-FF-FF-FF-FF-FF-00-00;NOTIFICATION;1
251472;1787221866489;1502;Akkuinformationen;16;84;–;47-18-FF-FF-FF-FF-47-18-FF-FF-FF-FF-FF-FF-00-00;NOTIFICATION;1
251880;1787221866897;1505;BikePerformance / Fahrleistung;18;81;0,1,2,3,7;00-00-00-00-FF-FF-00-6C-FF-FF-FF-FF-FF-00-00-00-00-00;NOTIFICATION;1
252092;1787221867109;1506;Trip / Kilometer & Betriebszähler;16;84;7;00-00-1B-DA-00-02-2B-D4-00-00-02-C9-00-00-00-00;NOTIFICATION;1
252511;1787221867528;1508;Settings / Licht & Fahrstufe;17;84;–;00-00-00-01-FF-FF-FF-FF-FF-FF-FF-00-00-00-00-00-00;NOTIFICATION;1
252722;1787221867739;1509;BatteryChange / Akku-Livestand;11;84;6;00-00-FF-FF-36-BD-74-00-00-00-00;NOTIFICATION;1
252931;1787221867948;150A;MotorUpdate / Motor-Livestand;10;84;–;00-00-FF-FF-FF-FF-FF-FF-FF-FF;NOTIFICATION;1
253142;1787221868159;150B;Motor-/Controllerblock;20;84;–;FF-FF-FF-FF-FF-FF-FF-FF-FF-FF-FF-FF-FF-FF-FF-FF-FF-FF-FF-FF;NOTIFICATION;1
253341;1787221868358;150D;Fahrstatistik Max/Ø;20;84;–;00-DA-00-9D-FF-FF-FF-FF-47-18-FF-FF-FF-FF-FF-FF-FF-FF-00-00;NOTIFICATION;1
254392;1787221869409;1502;Akkuinformationen;16;85;–;47-18-FF-FF-FF-FF-47-18-FF-FF-FF-FF-FF-FF-00-00;NOTIFICATION;1
254814;1787221869831;1505;BikePerformance / Fahrleistung;18;82;7;00-00-00-00-FF-FF-00-4F-FF-FF-FF-FF-FF-00-00-00-00-00;NOTIFICATION;1
255013;1787221870030;1506;Trip / Kilometer & Betriebszähler;16;85;7;00-00-1B-DA-00-02-2B-D7-00-00-02-C9-00-00-00-00;NOTIFICATION;1
255432;1787221870449;1508;Settings / Licht & Fahrstufe;17;85;–;00-00-00-01-FF-FF-FF-FF-FF-FF-FF-00-00-00-00-00-00;NOTIFICATION;1
255640;1787221870657;1509;BatteryChange / Akku-Livestand;11;85;0,1,5,6,9,10;23-28-FF-FF-36-B8-C4-00-00-01-A9;NOTIFICATION;1
255852;1787221870869;150A;MotorUpdate / Motor-Livestand;10;85;0,1;0F-A0-FF-FF-FF-FF-FF-FF-FF-FF;NOTIFICATION;1
256062;1787221871079;150B;Motor-/Controllerblock;20;85;–;FF-FF-FF-FF-FF-FF-FF-FF-FF-FF-FF-FF-FF-FF-FF-FF-FF-FF-FF-FF;NOTIFICATION;1
256274;1787221871291;150D;Fahrstatistik Max/Ø;20;85;–;00-DA-00-9D-FF-FF-FF-FF-47-18-FF-FF-FF-FF-FF-FF-FF-FF-00-00;NOTIFICATION;1
257312;1787221872329;1502;Akkuinformationen;16;86;–;47-18-FF-FF-FF-FF-47-18-FF-FF-FF-FF-FF-FF-00-00;NOTIFICATION;1
257733;1787221872750;1505;BikePerformance / Fahrleistung;18;83;7;00-00-00-00-FF-FF-00-3E-FF-FF-FF-FF-FF-00-00-00-00-00;NOTIFICATION;1
257943;1787221872960;1506;Trip / Kilometer & Betriebszähler;16;86;7;00-00-1B-DA-00-02-2B-DA-00-00-02-C9-00-00-00-00;NOTIFICATION;1
258351;1787221873368;1508;Settings / Licht & Fahrstufe;17;86;–;00-00-00-01-FF-FF-FF-FF-FF-FF-FF-00-00-00-00-00-00;NOTIFICATION;1
258564;1787221873581;1509;BatteryChange / Akku-Livestand;11;86;0,1,5,6,9,10;00-00-FF-FF-36-BD-D8-00-00-00-00;NOTIFICATION;1
258776;1787221873793;150A;MotorUpdate / Motor-Livestand;10;86;0,1;00-00-FF-FF-FF-FF-FF-FF-FF-FF;NOTIFICATION;1
258982;1787221873999;150B;Motor-/Controllerblock;20;86;–;FF-FF-FF-FF-FF-FF-FF-FF-FF-FF-FF-FF-FF-FF-FF-FF-FF-FF-FF-FF;NOTIFICATION;1
259192;1787221874209;150D;Fahrstatistik Max/Ø;20;86;–;00-DA-00-9D-FF-FF-FF-FF-47-18-FF-FF-FF-FF-FF-FF-FF-FF-00-00;NOTIFICATION;1
260233;1787221875250;1502;Akkuinformationen;16;87;–;47-18-FF-FF-FF-FF-47-18-FF-FF-FF-FF-FF-FF-00-00;NOTIFICATION;1
260651;1787221875668;1505;BikePerformance / Fahrleistung;18;84;7;00-00-00-00-FF-FF-00-00-FF-FF-FF-FF-FF-00-00-00-00-00;NOTIFICATION;1
260861;1787221875878;1506;Trip / Kilometer & Betriebszähler;16;87;7;00-00-1B-DA-00-02-2B-DC-00-00-02-C9-00-00-00-00;NOTIFICATION;1
261281;1787221876298;1508;Settings / Licht & Fahrstufe;17;87;–;00-00-00-01-FF-FF-FF-FF-FF-FF-FF-00-00-00-00-00-00;NOTIFICATION;1
261484;1787221876501;1509;BatteryChange / Akku-Livestand;11;87;–;00-00-FF-FF-36-BD-D8-00-00-00-00;NOTIFICATION;1
261691;1787221876708;150A;MotorUpdate / Motor-Livestand;10;87;–;00-00-FF-FF-FF-FF-FF-FF-FF-FF;NOTIFICATION;1
261899;1787221876916;150B;Motor-/Controllerblock;20;87;–;FF-FF-FF-FF-FF-FF-FF-FF-FF-FF-FF-FF-FF-FF-FF-FF-FF-FF-FF-FF;NOTIFICATION;1
262112;1787221877129;150D;Fahrstatistik Max/Ø;20;87;–;00-DA-00-9D-FF-FF-FF-FF-47-18-FF-FF-FF-FF-FF-FF-FF-FF-00-00;NOTIFICATION;1
263151;1787221878168;1502;Akkuinformationen;16;88;–;47-18-FF-FF-FF-FF-47-18-FF-FF-FF-FF-FF-FF-00-00;NOTIFICATION;1
263572;1787221878589;1505;BikePerformance / Fahrleistung;18;85;–;00-00-00-00-FF-FF-00-00-FF-FF-FF-FF-FF-00-00-00-00-00;NOTIFICATION;1
263781;1787221878798;1506;Trip / Kilometer & Betriebszähler;16;88;–;00-00-1B-DA-00-02-2B-DC-00-00-02-C9-00-00-00-00;NOTIFICATION;1
264201;1787221879218;1508;Settings / Licht & Fahrstufe;17;88;–;00-00-00-01-FF-FF-FF-FF-FF-FF-FF-00-00-00-00-00-00;NOTIFICATION;1
264411;1787221879428;1509;BatteryChange / Akku-Livestand;11;88;–;00-00-FF-FF-36-BD-D8-00-00-00-00;NOTIFICATION;1
264611;1787221879628;150A;MotorUpdate / Motor-Livestand;10;88;–;00-00-FF-FF-FF-FF-FF-FF-FF-FF;NOTIFICATION;1
264823;1787221879840;150B;Motor-/Controllerblock;20;88;–;FF-FF-FF-FF-FF-FF-FF-FF-FF-FF-FF-FF-FF-FF-FF-FF-FF-FF-FF-FF;NOTIFICATION;1
265030;1787221880047;150D;Fahrstatistik Max/Ø;20;88;–;00-DA-00-9D-FF-FF-FF-FF-47-18-FF-FF-FF-FF-FF-FF-FF-FF-00-00;NOTIFICATION;1
266082;1787221881099;1502;Akkuinformationen;16;89;–;47-18-FF-FF-FF-FF-47-18-FF-FF-FF-FF-FF-FF-00-00;NOTIFICATION;1
266494;1787221881511;1505;BikePerformance / Fahrleistung;18;86;–;00-00-00-00-FF-FF-00-00-FF-FF-FF-FF-FF-00-00-00-00-00;NOTIFICATION;1
266702;1787221881719;1506;Trip / Kilometer & Betriebszähler;16;89;–;00-00-1B-DA-00-02-2B-DC-00-00-02-C9-00-00-00-00;NOTIFICATION;1
267122;1787221882139;1508;Settings / Licht & Fahrstufe;17;89;–;00-00-00-01-FF-FF-FF-FF-FF-FF-FF-00-00-00-00-00-00;NOTIFICATION;1
267331;1787221882348;1509;BatteryChange / Akku-Livestand;11;89;–;00-00-FF-FF-36-BD-D8-00-00-00-00;NOTIFICATION;1
267541;1787221882558;150A;MotorUpdate / Motor-Livestand;10;89;–;00-00-FF-FF-FF-FF-FF-FF-FF-FF;NOTIFICATION;1
267754;1787221882771;150B;Motor-/Controllerblock;20;89;–;FF-FF-FF-FF-FF-FF-FF-FF-FF-FF-FF-FF-FF-FF-FF-FF-FF-FF-FF-FF;NOTIFICATION;1
267963;1787221882980;150D;Fahrstatistik Max/Ø;20;89;–;00-DA-00-9D-FF-FF-FF-FF-47-18-FF-FF-FF-FF-FF-FF-FF-FF-00-00;NOTIFICATION;1
268999;1787221884016;1502;Akkuinformationen;16;90;–;47-18-FF-FF-FF-FF-47-18-FF-FF-FF-FF-FF-FF-00-00;NOTIFICATION;1
269422;1787221884439;1505;BikePerformance / Fahrleistung;18;87;–;00-00-00-00-FF-FF-00-00-FF-FF-FF-FF-FF-00-00-00-00-00;NOTIFICATION;1
269632;1787221884649;1506;Trip / Kilometer & Betriebszähler;16;90;–;00-00-1B-DA-00-02-2B-DC-00-00-02-C9-00-00-00-00;NOTIFICATION;1
270041;1787221885058;1508;Settings / Licht & Fahrstufe;17;90;–;00-00-00-01-FF-FF-FF-FF-FF-FF-FF-00-00-00-00-00-00;NOTIFICATION;1
270251;1787221885268;1509;BatteryChange / Akku-Livestand;11;90;–;00-00-FF-FF-36-BD-D8-00-00-00-00;NOTIFICATION;1
270465;1787221885482;150A;MotorUpdate / Motor-Livestand;10;90;–;00-00-FF-FF-FF-FF-FF-FF-FF-FF;NOTIFICATION;1
270670;1787221885687;150B;Motor-/Controllerblock;20;90;–;FF-FF-FF-FF-FF-FF-FF-FF-FF-FF-FF-FF-FF-FF-FF-FF-FF-FF-FF-FF;NOTIFICATION;1
270881;1787221885898;150D;Fahrstatistik Max/Ø;20;90;–;00-DA-00-9D-FF-FF-FF-FF-47-18-FF-FF-FF-FF-FF-FF-FF-FF-00-00;NOTIFICATION;1
271923;1787221886940;1502;Akkuinformationen;16;91;–;47-18-FF-FF-FF-FF-47-18-FF-FF-FF-FF-FF-FF-00-00;NOTIFICATION;1
272342;1787221887359;1505;BikePerformance / Fahrleistung;18;88;–;00-00-00-00-FF-FF-00-00-FF-FF-FF-FF-FF-00-00-00-00-00;NOTIFICATION;1
272561;1787221887578;1506;Trip / Kilometer & Betriebszähler;16;91;–;00-00-1B-DA-00-02-2B-DC-00-00-02-C9-00-00-00-00;NOTIFICATION;1
272963;1787221887980;1508;Settings / Licht & Fahrstufe;17;91;–;00-00-00-01-FF-FF-FF-FF-FF-FF-FF-00-00-00-00-00-00;NOTIFICATION;1
273172;1787221888189;1509;BatteryChange / Akku-Livestand;11;91;–;00-00-FF-FF-36-BD-D8-00-00-00-00;NOTIFICATION;1
273388;1787221888405;150A;MotorUpdate / Motor-Livestand;10;91;–;00-00-FF-FF-FF-FF-FF-FF-FF-FF;NOTIFICATION;1
273595;1787221888612;150B;Motor-/Controllerblock;20;91;–;FF-FF-FF-FF-FF-FF-FF-FF-FF-FF-FF-FF-FF-FF-FF-FF-FF-FF-FF-FF;NOTIFICATION;1
273802;1787221888819;150D;Fahrstatistik Max/Ø;20;91;–;00-DA-00-9D-FF-FF-FF-FF-47-18-FF-FF-FF-FF-FF-FF-FF-FF-00-00;NOTIFICATION;1
274841;1787221889858;1502;Akkuinformationen;16;92;–;47-18-FF-FF-FF-FF-47-18-FF-FF-FF-FF-FF-FF-00-00;NOTIFICATION;1
275261;1787221890278;1505;BikePerformance / Fahrleistung;18;89;–;00-00-00-00-FF-FF-00-00-FF-FF-FF-FF-FF-00-00-00-00-00;NOTIFICATION;1
275472;1787221890489;1506;Trip / Kilometer & Betriebszähler;16;92;–;00-00-1B-DA-00-02-2B-DC-00-00-02-C9-00-00-00-00;NOTIFICATION;1
275892;1787221890909;1508;Settings / Licht & Fahrstufe;17;92;–;00-00-00-01-FF-FF-FF-FF-FF-FF-FF-00-00-00-00-00-00;NOTIFICATION;1
276100;1787221891117;1509;BatteryChange / Akku-Livestand;11;92;–;00-00-FF-FF-36-BD-D8-00-00-00-00;NOTIFICATION;1
276300;1787221891317;150A;MotorUpdate / Motor-Livestand;10;92;–;00-00-FF-FF-FF-FF-FF-FF-FF-FF;NOTIFICATION;1
276512;1787221891529;150B;Motor-/Controllerblock;20;92;–;FF-FF-FF-FF-FF-FF-FF-FF-FF-FF-FF-FF-FF-FF-FF-FF-FF-FF-FF-FF;NOTIFICATION;1
276721;1787221891738;150D;Fahrstatistik Max/Ø;20;92;–;00-DA-00-9D-FF-FF-FF-FF-47-18-FF-FF-FF-FF-FF-FF-FF-FF-00-00;NOTIFICATION;1
277770;1787221892787;1502;Akkuinformationen;16;93;–;47-18-FF-FF-FF-FF-47-18-FF-FF-FF-FF-FF-FF-00-00;NOTIFICATION;1
278184;1787221893201;1505;BikePerformance / Fahrleistung;18;90;–;00-00-00-00-FF-FF-00-00-FF-FF-FF-FF-FF-00-00-00-00-00;NOTIFICATION;1
278391;1787221893408;1506;Trip / Kilometer & Betriebszähler;16;93;–;00-00-1B-DA-00-02-2B-DC-00-00-02-C9-00-00-00-00;NOTIFICATION;1
278812;1787221893829;1508;Settings / Licht & Fahrstufe;17;93;3;00-00-00-02-FF-FF-FF-FF-FF-FF-FF-00-00-00-00-00-00;NOTIFICATION;1
279020;1787221894037;1509;BatteryChange / Akku-Livestand;11;93;–;00-00-FF-FF-36-BD-D8-00-00-00-00;NOTIFICATION;1
279232;1787221894249;150A;MotorUpdate / Motor-Livestand;10;93;–;00-00-FF-FF-FF-FF-FF-FF-FF-FF;NOTIFICATION;1
279445;1787221894462;150B;Motor-/Controllerblock;20;93;–;FF-FF-FF-FF-FF-FF-FF-FF-FF-FF-FF-FF-FF-FF-FF-FF-FF-FF-FF-FF;NOTIFICATION;1
279641;1787221894658;150D;Fahrstatistik Max/Ø;20;93;–;00-DA-00-9D-FF-FF-FF-FF-47-18-FF-FF-FF-FF-FF-FF-FF-FF-00-00;NOTIFICATION;1
280691;1787221895708;1502;Akkuinformationen;16;94;–;47-18-FF-FF-FF-FF-47-18-FF-FF-FF-FF-FF-FF-00-00;NOTIFICATION;1
281112;1787221896129;1505;BikePerformance / Fahrleistung;18;91;–;00-00-00-00-FF-FF-00-00-FF-FF-FF-FF-FF-00-00-00-00-00;NOTIFICATION;1
281313;1787221896330;1506;Trip / Kilometer & Betriebszähler;16;94;–;00-00-1B-DA-00-02-2B-DC-00-00-02-C9-00-00-00-00;NOTIFICATION;1
281734;1787221896751;1508;Settings / Licht & Fahrstufe;17;94;–;00-00-00-02-FF-FF-FF-FF-FF-FF-FF-00-00-00-00-00-00;NOTIFICATION;1
281942;1787221896959;1509;BatteryChange / Akku-Livestand;11;94;–;00-00-FF-FF-36-BD-D8-00-00-00-00;NOTIFICATION;1
282153;1787221897170;150A;MotorUpdate / Motor-Livestand;10;94;–;00-00-FF-FF-FF-FF-FF-FF-FF-FF;NOTIFICATION;1
282364;1787221897381;150B;Motor-/Controllerblock;20;94;–;FF-FF-FF-FF-FF-FF-FF-FF-FF-FF-FF-FF-FF-FF-FF-FF-FF-FF-FF-FF;NOTIFICATION;1
282574;1787221897591;150D;Fahrstatistik Max/Ø;20;94;–;00-DA-00-9D-FF-FF-FF-FF-47-18-FF-FF-FF-FF-FF-FF-FF-FF-00-00;NOTIFICATION;1
283611;1787221898628;1502;Akkuinformationen;16;95;–;47-18-FF-FF-FF-FF-47-18-FF-FF-FF-FF-FF-FF-00-00;NOTIFICATION;1
284035;1787221899052;1505;BikePerformance / Fahrleistung;18;92;–;00-00-00-00-FF-FF-00-00-FF-FF-FF-FF-FF-00-00-00-00-00;NOTIFICATION;1
284241;1787221899258;1506;Trip / Kilometer & Betriebszähler;16;95;–;00-00-1B-DA-00-02-2B-DC-00-00-02-C9-00-00-00-00;NOTIFICATION;1
284652;1787221899669;1508;Settings / Licht & Fahrstufe;17;95;–;00-00-00-02-FF-FF-FF-FF-FF-FF-FF-00-00-00-00-00-00;NOTIFICATION;1
284862;1787221899879;1509;BatteryChange / Akku-Livestand;11;95;–;00-00-FF-FF-36-BD-D8-00-00-00-00;NOTIFICATION;1
285073;1787221900090;150A;MotorUpdate / Motor-Livestand;10;95;–;00-00-FF-FF-FF-FF-FF-FF-FF-FF;NOTIFICATION;1
285282;1787221900299;150B;Motor-/Controllerblock;20;95;–;FF-FF-FF-FF-FF-FF-FF-FF-FF-FF-FF-FF-FF-FF-FF-FF-FF-FF-FF-FF;NOTIFICATION;1
285495;1787221900512;150D;Fahrstatistik Max/Ø;20;95;–;00-DA-00-9D-FF-FF-FF-FF-47-18-FF-FF-FF-FF-FF-FF-FF-FF-00-00;NOTIFICATION;1
286534;1787221901551;1502;Akkuinformationen;16;96;–;47-18-FF-FF-FF-FF-47-18-FF-FF-FF-FF-FF-FF-00-00;NOTIFICATION;1
286953;1787221901970;1505;BikePerformance / Fahrleistung;18;93;–;00-00-00-00-FF-FF-00-00-FF-FF-FF-FF-FF-00-00-00-00-00;NOTIFICATION;1
287162;1787221902179;1506;Trip / Kilometer & Betriebszähler;16;96;–;00-00-1B-DA-00-02-2B-DC-00-00-02-C9-00-00-00-00;NOTIFICATION;1
287586;1787221902603;1508;Settings / Licht & Fahrstufe;17;96;–;00-00-00-02-FF-FF-FF-FF-FF-FF-FF-00-00-00-00-00-00;NOTIFICATION;1
287785;1787221902802;1509;BatteryChange / Akku-Livestand;11;96;–;00-00-FF-FF-36-BD-D8-00-00-00-00;NOTIFICATION;1
287995;1787221903012;150A;MotorUpdate / Motor-Livestand;10;96;–;00-00-FF-FF-FF-FF-FF-FF-FF-FF;NOTIFICATION;1
288201;1787221903218;150B;Motor-/Controllerblock;20;96;–;FF-FF-FF-FF-FF-FF-FF-FF-FF-FF-FF-FF-FF-FF-FF-FF-FF-FF-FF-FF;NOTIFICATION;1
288409;1787221903426;150D;Fahrstatistik Max/Ø;20;96;–;00-DA-00-9D-FF-FF-FF-FF-47-18-FF-FF-FF-FF-FF-FF-FF-FF-00-00;NOTIFICATION;1
289461;1787221904478;1502;Akkuinformationen;16;97;–;47-18-FF-FF-FF-FF-47-18-FF-FF-FF-FF-FF-FF-00-00;NOTIFICATION;1
289871;1787221904888;1505;BikePerformance / Fahrleistung;18;94;–;00-00-00-00-FF-FF-00-00-FF-FF-FF-FF-FF-00-00-00-00-00;NOTIFICATION;1
290080;1787221905097;1506;Trip / Kilometer & Betriebszähler;16;97;–;00-00-1B-DA-00-02-2B-DC-00-00-02-C9-00-00-00-00;NOTIFICATION;1
290501;1787221905518;1508;Settings / Licht & Fahrstufe;17;97;–;00-00-00-02-FF-FF-FF-FF-FF-FF-FF-00-00-00-00-00-00;NOTIFICATION;1
290712;1787221905729;1509;BatteryChange / Akku-Livestand;11;97;5,6;00-00-FF-FF-36-BE-3C-00-00-00-00;NOTIFICATION;1
290921;1787221905938;150A;MotorUpdate / Motor-Livestand;10;97;–;00-00-FF-FF-FF-FF-FF-FF-FF-FF;NOTIFICATION;1
291130;1787221906147;150B;Motor-/Controllerblock;20;97;–;FF-FF-FF-FF-FF-FF-FF-FF-FF-FF-FF-FF-FF-FF-FF-FF-FF-FF-FF-FF;NOTIFICATION;1
291332;1787221906349;150D;Fahrstatistik Max/Ø;20;97;–;00-DA-00-9D-FF-FF-FF-FF-47-18-FF-FF-FF-FF-FF-FF-FF-FF-00-00;NOTIFICATION;1
292381;1787221907398;1502;Akkuinformationen;16;98;–;47-18-FF-FF-FF-FF-47-18-FF-FF-FF-FF-FF-FF-00-00;NOTIFICATION;1
292803;1787221907820;1505;BikePerformance / Fahrleistung;18;95;–;00-00-00-00-FF-FF-00-00-FF-FF-FF-FF-FF-00-00-00-00-00;NOTIFICATION;1
293000;1787221908017;1506;Trip / Kilometer & Betriebszähler;16;98;–;00-00-1B-DA-00-02-2B-DC-00-00-02-C9-00-00-00-00;NOTIFICATION;1
293422;1787221908439;1508;Settings / Licht & Fahrstufe;17;98;–;00-00-00-02-FF-FF-FF-FF-FF-FF-FF-00-00-00-00-00-00;NOTIFICATION;1
293632;1787221908649;1509;BatteryChange / Akku-Livestand;11;98;–;00-00-FF-FF-36-BE-3C-00-00-00-00;NOTIFICATION;1
293841;1787221908858;150A;MotorUpdate / Motor-Livestand;10;98;–;00-00-FF-FF-FF-FF-FF-FF-FF-FF;NOTIFICATION;1
294052;1787221909069;150B;Motor-/Controllerblock;20;98;–;FF-FF-FF-FF-FF-FF-FF-FF-FF-FF-FF-FF-FF-FF-FF-FF-FF-FF-FF-FF;NOTIFICATION;1
294275;1787221909292;150D;Fahrstatistik Max/Ø;20;98;–;00-DA-00-9D-FF-FF-FF-FF-47-18-FF-FF-FF-FF-FF-FF-FF-FF-00-00;NOTIFICATION;1
295304;1787221910321;1502;Akkuinformationen;16;99;–;47-18-FF-FF-FF-FF-47-18-FF-FF-FF-FF-FF-FF-00-00;NOTIFICATION;1
295722;1787221910739;1505;BikePerformance / Fahrleistung;18;96;–;00-00-00-00-FF-FF-00-00-FF-FF-FF-FF-FF-00-00-00-00-00;NOTIFICATION;1
295932;1787221910949;1506;Trip / Kilometer & Betriebszähler;16;99;–;00-00-1B-DA-00-02-2B-DC-00-00-02-C9-00-00-00-00;NOTIFICATION;1
296341;1787221911358;1508;Settings / Licht & Fahrstufe;17;99;–;00-00-00-02-FF-FF-FF-FF-FF-FF-FF-00-00-00-00-00-00;NOTIFICATION;1
296552;1787221911569;1509;BatteryChange / Akku-Livestand;11;99;–;00-00-FF-FF-36-BE-3C-00-00-00-00;NOTIFICATION;1
296758;1787221911775;150A;MotorUpdate / Motor-Livestand;10;99;–;00-00-FF-FF-FF-FF-FF-FF-FF-FF;NOTIFICATION;1
296968;1787221911985;150B;Motor-/Controllerblock;20;99;–;FF-FF-FF-FF-FF-FF-FF-FF-FF-FF-FF-FF-FF-FF-FF-FF-FF-FF-FF-FF;NOTIFICATION;1
297180;1787221912197;150D;Fahrstatistik Max/Ø;20;99;–;00-DA-00-9D-FF-FF-FF-FF-47-18-FF-FF-FF-FF-FF-FF-FF-FF-00-00;NOTIFICATION;1
298433;1787221913450;1502;Akkuinformationen;16;100;–;47-18-FF-FF-FF-FF-47-18-FF-FF-FF-FF-FF-FF-00-00;NOTIFICATION;1
298853;1787221913870;1505;BikePerformance / Fahrleistung;18;97;–;00-00-00-00-FF-FF-00-00-FF-FF-FF-FF-FF-00-00-00-00-00;NOTIFICATION;1
299063;1787221914080;1506;Trip / Kilometer & Betriebszähler;16;100;–;00-00-1B-DA-00-02-2B-DC-00-00-02-C9-00-00-00-00;NOTIFICATION;1
299471;1787221914488;1508;Settings / Licht & Fahrstufe;17;100;–;00-00-00-02-FF-FF-FF-FF-FF-FF-FF-00-00-00-00-00-00;NOTIFICATION;1
299682;1787221914699;1509;BatteryChange / Akku-Livestand;11;100;4;00-00-FF-FF-3A-BE-3C-00-00-00-00;NOTIFICATION;1
299892;1787221914909;150A;MotorUpdate / Motor-Livestand;10;100;–;00-00-FF-FF-FF-FF-FF-FF-FF-FF;NOTIFICATION;1
300103;1787221915120;150B;Motor-/Controllerblock;20;100;–;FF-FF-FF-FF-FF-FF-FF-FF-FF-FF-FF-FF-FF-FF-FF-FF-FF-FF-FF-FF;NOTIFICATION;1
300313;1787221915330;150D;Fahrstatistik Max/Ø;20;100;–;00-DA-00-9D-FF-FF-FF-FF-47-18-FF-FF-FF-FF-FF-FF-FF-FF-00-00;NOTIFICATION;1
301356;1787221916373;1502;Akkuinformationen;16;101;–;47-18-FF-FF-FF-FF-47-18-FF-FF-FF-FF-FF-FF-00-00;NOTIFICATION;1
301772;1787221916789;1505;BikePerformance / Fahrleistung;18;98;–;00-00-00-00-FF-FF-00-00-FF-FF-FF-FF-FF-00-00-00-00-00;NOTIFICATION;1
301983;1787221917000;1506;Trip / Kilometer & Betriebszähler;16;101;–;00-00-1B-DA-00-02-2B-DC-00-00-02-C9-00-00-00-00;NOTIFICATION;1
302401;1787221917418;1508;Settings / Licht & Fahrstufe;17;101;–;00-00-00-02-FF-FF-FF-FF-FF-FF-FF-00-00-00-00-00-00;NOTIFICATION;1
302601;1787221917618;1509;BatteryChange / Akku-Livestand;11;101;4;00-00-FF-FF-3B-BE-3C-00-00-00-00;NOTIFICATION;1
302811;1787221917828;150A;MotorUpdate / Motor-Livestand;10;101;–;00-00-FF-FF-FF-FF-FF-FF-FF-FF;NOTIFICATION;1
303023;1787221918040;150B;Motor-/Controllerblock;20;101;–;FF-FF-FF-FF-FF-FF-FF-FF-FF-FF-FF-FF-FF-FF-FF-FF-FF-FF-FF-FF;NOTIFICATION;1
303237;1787221918254;150D;Fahrstatistik Max/Ø;20;101;–;00-DA-00-9D-FF-FF-FF-FF-47-18-FF-FF-FF-FF-FF-FF-FF-FF-00-00;NOTIFICATION;1