relative_ms;timestamp_ms;speed_kmh_candidate;battery_percent;voltage_v;current_a;power_w;electrical_power_w;power_provenance;motor_temp_c;battery_temp_c;trip_km;odometer_km;drive_raw_1505_b7;motor_load_raw_be;battery_state_raw_1509_b6;accessory_raw_b0;accessory_raw_b3;source_channel
8868;1787409402636;;;;;;;;;;;;;;;;;1502
9493;1787409403261;0.7;;;;;;;;;;;7;;;;;1505
9702;1787409403470;0.7;;;;;;;;;;716.6;7;;;;;1506
10123;1787409403891;0.7;;;;;;;;;;716.6;7;;;0;1;1508
10323;1787409404091;0.7;48;47.8;0.0;0.0;0.0;1509_direct;;;;716.6;7;0;;0;1;1509
10532;1787409404300;0.7;48;47.8;0.0;0.0;0.0;1509_direct_carried;;;;716.6;7;0;;0;1;150A
10743;1787409404511;0.7;48;47.8;0.0;0.0;0.0;1509_direct_carried;;;;716.6;7;0;;0;1;150B
10954;1787409404722;0.7;48;47.8;0.0;0.0;0.0;1509_direct_carried;;;;716.6;7;0;;0;1;150D
12001;1787409405769;0.7;48;47.8;0.0;0.0;0.0;1509_direct_carried;;;;716.6;7;0;;0;1;1502
12413;1787409406181;1.4;48;47.8;0.0;0.0;0.0;1509_direct_carried;;;;716.6;14;0;;0;1;1505
12834;1787409406602;1.4;48;47.8;0.0;0.0;0.0;1509_direct_carried;;;;716.6;14;0;;0;1;1506
13244;1787409407012;1.4;48;47.8;0.0;0.0;0.0;1509_direct_carried;;;;716.6;14;0;;0;1;1508
13455;1787409407223;1.4;48;47.8;0.0;0.0;0.0;1509_direct;;;;716.6;14;0;;0;1;1509
13665;1787409407433;1.4;48;47.8;0.0;0.0;0.0;1509_direct_carried;;;;716.6;14;0;;0;1;150A
13874;1787409407642;1.4;48;47.8;0.0;0.0;0.0;1509_direct_carried;;;;716.6;14;0;;0;1;150B
14087;1787409407855;1.4;48;47.8;0.0;0.0;0.0;1509_direct_carried;;;;716.6;14;0;;0;1;150D
15125;1787409408893;1.4;48;47.8;0.0;0.0;0.0;1509_direct_carried;;;;716.6;14;0;;0;1;1502
15545;1787409409313;0.0;48;47.8;0.0;0.0;0.0;1509_direct_carried;;;;716.6;0;0;;0;1;1505
15755;1787409409523;0.0;48;47.8;0.0;0.0;0.0;1509_direct_carried;;;;716.6;0;0;;0;1;1506
16162;1787409409930;0.0;48;47.8;0.0;0.0;0.0;1509_direct_carried;;;;716.6;0;0;;0;1;1508
16373;1787409410141;0.0;48;47.8;0.0;0.0;0.0;1509_direct;;;;716.6;0;0;;0;1;1509
16586;1787409410354;0.0;48;47.8;0.0;0.0;0.0;1509_direct_carried;;;;716.6;0;0;;0;1;150A
16797;1787409410565;0.0;48;47.8;0.0;0.0;0.0;1509_direct_carried;;;;716.6;0;0;;0;1;150B
17004;1787409410772;0.0;48;47.8;0.0;0.0;0.0;1509_direct_carried;;;;716.6;0;0;;0;1;150D
18048;1787409411816;0.0;48;47.8;0.0;0.0;0.0;1509_direct_carried;;;;716.6;0;0;;0;1;1502
18465;1787409412233;0.0;48;47.8;0.0;0.0;0.0;1509_direct_carried;;;;716.6;0;0;;0;1;1505
18674;1787409412442;0.0;48;47.8;0.0;0.0;0.0;1509_direct_carried;;;;716.6;0;0;;0;1;1506
19096;1787409412864;0.0;48;47.8;0.0;0.0;0.0;1509_direct_carried;;;;716.6;0;0;;0;1;1508
19295;1787409413063;0.0;48;47.8;0.0;0.0;0.0;1509_direct;;;;716.6;0;0;;0;1;1509
19504;1787409413272;0.0;48;47.8;0.0;0.0;0.0;1509_direct_carried;;;;716.6;0;0;;0;1;150A
19717;1787409413485;0.0;48;47.8;0.0;0.0;0.0;1509_direct_carried;;;;716.6;0;0;;0;1;150B
19928;1787409413696;0.0;48;47.8;0.0;0.0;0.0;1509_direct_carried;;;;716.6;0;0;;0;1;150D
20965;1787409414733;0.0;48;47.8;0.0;0.0;0.0;1509_direct_carried;;;;716.6;0;0;;0;1;1502
21383;1787409415151;4.9;48;47.8;0.0;0.0;0.0;1509_direct_carried;;;;716.6;49;0;;0;1;1505
21596;1787409415364;4.9;48;47.8;0.0;0.0;0.0;1509_direct_carried;;;;716.6;49;0;;0;1;1506
22016;1787409415784;4.9;48;47.8;0.0;0.0;0.0;1509_direct_carried;;;;716.6;49;0;;0;1;1508
22215;1787409415983;4.9;48;47.8;0.0;0.0;0.0;1509_direct;;;;716.6;49;0;;0;1;1509
22426;1787409416194;4.9;48;47.8;0.0;0.0;0.0;1509_direct_carried;;;;716.6;49;0;;0;1;150A
22635;1787409416403;4.9;48;47.8;0.0;0.0;0.0;1509_direct_carried;;;;716.6;49;0;;0;1;150B
22846;1787409416614;4.9;48;47.8;0.0;0.0;0.0;1509_direct_carried;;;;716.6;49;0;;0;1;150D
23885;1787409417653;4.9;48;47.8;0.0;0.0;0.0;1509_direct_carried;;;;716.6;49;0;;0;1;1502
24307;1787409418075;4.6;48;47.8;0.0;0.0;0.0;1509_direct_carried;;;;716.6;46;0;;0;1;1505
24514;1787409418282;4.6;48;47.8;0.0;0.0;0.0;1509_direct_carried;;;;716.6;46;0;;0;1;1506
24936;1787409418704;4.6;48;47.8;0.0;0.0;0.0;1509_direct_carried;;;;716.6;46;0;;0;1;1508
25137;1787409418905;4.6;48;47.8;0.0;0.0;0.0;1509_direct;;;;716.6;46;0;;0;1;1509
25346;1787409419114;4.6;48;47.8;0.0;0.0;0.0;1509_direct_carried;;;;716.6;46;0;;0;1;150A
25556;1787409419324;4.6;48;47.8;0.0;0.0;0.0;1509_direct_carried;;;;716.6;46;0;;0;1;150B
25767;1787409419535;4.6;48;47.8;0.0;0.0;0.0;1509_direct_carried;;;;716.6;46;0;;0;1;150D
26806;1787409420574;4.6;48;47.8;0.0;0.0;0.0;1509_direct_carried;;;;716.6;46;0;;0;1;1502
27226;1787409420994;5.4;48;47.8;0.0;0.0;0.0;1509_direct_carried;;;;716.6;54;0;;0;1;1505
27437;1787409421205;5.4;48;47.8;0.0;0.0;0.0;1509_direct_carried;;;;716.6;54;0;;0;1;1506
27857;1787409421625;5.4;48;47.8;0.0;0.0;0.0;1509_direct_carried;;;;716.6;54;0;;0;1;1508
28052;1787409421820;5.4;48;47.8;0.0;0.0;0.0;1509_direct;;;;716.6;54;0;;0;1;1509
28263;1787409422031;5.4;48;47.8;0.0;0.0;0.0;1509_direct_carried;;;;716.6;54;0;;0;1;150A
28473;1787409422241;5.4;48;47.8;0.0;0.0;0.0;1509_direct_carried;;;;716.6;54;0;;0;1;150B
28684;1787409422452;5.4;48;47.8;0.0;0.0;0.0;1509_direct_carried;;;;716.6;54;0;;0;1;150D
29727;1787409423495;5.4;48;47.8;0.0;0.0;0.0;1509_direct_carried;;;;716.6;54;0;;0;1;1502
30147;1787409423915;5.2;48;47.8;0.0;0.0;0.0;1509_direct_carried;;;;716.6;52;0;;0;1;1505
30356;1787409424124;5.2;48;47.8;0.0;0.0;0.0;1509_direct_carried;;;;716.6;52;0;;0;1;1506
30784;1787409424552;5.2;48;47.8;0.0;0.0;0.0;1509_direct_carried;;;;716.6;52;0;;0;1;1508
30988;1787409424756;5.2;48;47.8;0.0;0.0;0.0;1509_direct;;;;716.6;52;0;;0;1;1509
31186;1787409424954;5.2;48;47.8;0.0;0.0;0.0;1509_direct_carried;;;;716.6;52;0;;0;1;150A
31394;1787409425162;5.2;48;47.8;0.0;0.0;0.0;1509_direct_carried;;;;716.6;52;0;;0;1;150B
31608;1787409425376;5.2;48;47.8;0.0;0.0;0.0;1509_direct_carried;;;;716.6;52;0;;0;1;150D
32648;1787409426416;5.2;48;47.8;0.0;0.0;0.0;1509_direct_carried;;;;716.6;52;0;;0;1;1502
33067;1787409426835;3.8;48;47.8;0.0;0.0;0.0;1509_direct_carried;;;;716.6;38;0;;0;1;1505
33274;1787409427042;3.8;48;47.8;0.0;0.0;0.0;1509_direct_carried;;;;716.6;38;0;;0;1;1506
33698;1787409427466;3.8;48;47.8;0.0;0.0;0.0;1509_direct_carried;;;;716.6;38;0;;0;1;1508
33910;1787409427678;3.8;48;47.8;0.0;0.0;0.0;1509_direct;;;;716.6;38;0;;0;1;1509
34106;1787409427874;3.8;48;47.8;0.0;0.0;0.0;1509_direct_carried;;;;716.6;38;0;;0;1;150A
34314;1787409428082;3.8;48;47.8;0.0;0.0;0.0;1509_direct_carried;;;;716.6;38;0;;0;1;150B
34522;1787409428290;3.8;48;47.8;0.0;0.0;0.0;1509_direct_carried;;;;716.6;38;0;;0;1;150D
35572;1787409429340;3.8;48;47.8;0.0;0.0;0.0;1509_direct_carried;;;;716.6;38;0;;0;1;1502
35982;1787409429750;1.0;48;47.8;0.0;0.0;0.0;1509_direct_carried;;;;716.6;10;0;;0;1;1505
36193;1787409429961;1.0;48;47.8;0.0;0.0;0.0;1509_direct_carried;;;;716.6;10;0;;0;1;1506
36613;1787409430381;1.0;48;47.8;0.0;0.0;0.0;1509_direct_carried;;;;716.6;10;0;;0;1;1508
36823;1787409430591;1.0;48;47.8;0.0;0.0;0.0;1509_direct;;;;716.6;10;0;;0;1;1509
37035;1787409430803;1.0;48;47.8;0.0;0.0;0.0;1509_direct_carried;;;;716.6;10;0;;0;1;150A
37235;1787409431003;1.0;48;47.8;0.0;0.0;0.0;1509_direct_carried;;;;716.6;10;0;;0;1;150B
37445;1787409431213;1.0;48;47.8;0.0;0.0;0.0;1509_direct_carried;;;;716.6;10;0;;0;1;150D
38492;1787409432260;1.0;48;47.8;0.0;0.0;0.0;1509_direct_carried;;;;716.6;10;0;;0;1;1502
38903;1787409432671;0.0;48;47.8;0.0;0.0;0.0;1509_direct_carried;;;;716.6;0;0;;0;1;1505
39116;1787409432884;0.0;48;47.8;0.0;0.0;0.0;1509_direct_carried;;;;716.6;0;0;;0;1;1506
39535;1787409433303;0.0;48;47.8;0.0;0.0;0.0;1509_direct_carried;;;;716.6;0;0;;0;1;1508
39743;1787409433511;0.0;48;47.8;0.0;0.0;0.0;1509_direct;;;;716.6;0;0;;0;1;1509
39955;1787409433723;0.0;48;47.8;0.0;0.0;0.0;1509_direct_carried;;;;716.6;0;0;;0;1;150A
40165;1787409433933;0.0;48;47.8;0.0;0.0;0.0;1509_direct_carried;;;;716.6;0;0;;0;1;150B
40364;1787409434132;0.0;48;47.8;0.0;0.0;0.0;1509_direct_carried;;;;716.6;0;0;;0;1;150D
41414;1787409435182;0.0;48;47.8;0.0;0.0;0.0;1509_direct_carried;;;;716.6;0;0;;0;1;1502
41824;1787409435592;0.0;48;47.8;0.0;0.0;0.0;1509_direct_carried;;;;716.6;0;0;;0;1;1505
42033;1787409435801;0.0;48;47.8;0.0;0.0;0.0;1509_direct_carried;;;;716.6;0;0;;0;1;1506
42453;1787409436221;0.0;48;47.8;0.0;0.0;0.0;1509_direct_carried;;;;716.6;0;0;;0;1;1508
42666;1787409436434;0.0;48;47.8;0.0;0.0;0.0;1509_direct;;;;716.6;0;0;;0;1;1509
42872;1787409436640;0.0;48;47.8;0.0;0.0;0.0;1509_direct_carried;;;;716.6;0;0;;0;1;150A
43084;1787409436852;0.0;48;47.8;0.0;0.0;0.0;1509_direct_carried;;;;716.6;0;0;;0;1;150B
43287;1787409437055;0.0;48;47.8;0.0;0.0;0.0;1509_direct_carried;;;;716.6;0;0;;0;1;150D
44337;1787409438105;0.0;48;47.8;0.0;0.0;0.0;1509_direct_carried;;;;716.6;0;0;;0;1;1502
44758;1787409438526;0.0;48;47.8;0.0;0.0;0.0;1509_direct_carried;;;;716.6;0;0;;0;1;1505
44957;1787409438725;0.0;48;47.8;0.0;0.0;0.0;1509_direct_carried;;;;716.6;0;0;;0;1;1506
45377;1787409439145;0.0;48;47.8;0.0;0.0;0.0;1509_direct_carried;;;;716.6;0;0;;0;1;1508
45588;1787409439356;0.0;48;47.7;0.0;0.0;0.0;1509_direct;;;;716.6;0;0;;0;1;1509
45797;1787409439565;0.0;48;47.7;0.0;0.0;0.0;1509_direct_carried;;;;716.6;0;0;;0;1;150A
46006;1787409439774;0.0;48;47.7;0.0;0.0;0.0;1509_direct_carried;;;;716.6;0;0;;0;1;150B
46216;1787409439984;0.0;48;47.7;0.0;0.0;0.0;1509_direct_carried;;;;716.6;0;0;;0;1;150D
47256;1787409441024;0.0;48;47.7;0.0;0.0;0.0;1509_direct_carried;;;;716.6;0;0;;0;1;1502
47676;1787409441444;0.0;48;47.7;0.0;0.0;0.0;1509_direct_carried;;;;716.6;0;0;;0;1;1505
47876;1787409441644;0.0;48;47.7;0.0;0.0;0.0;1509_direct_carried;;;;716.6;0;0;;0;1;1506
48298;1787409442066;0.0;48;47.7;0.0;0.0;0.0;1509_direct_carried;;;;716.6;0;0;;0;2;1508
48505;1787409442273;0.0;48;47.7;0.0;0.0;0.0;1509_direct;;;;716.6;0;0;;0;2;1509
48715;1787409442483;0.0;48;47.7;0.0;0.0;0.0;1509_direct_carried;;;;716.6;0;0;;0;2;150A
48924;1787409442692;0.0;48;47.7;0.0;0.0;0.0;1509_direct_carried;;;;716.6;0;0;;0;2;150B
49136;1787409442904;0.0;48;47.7;0.0;0.0;0.0;1509_direct_carried;;;;716.6;0;0;;0;2;150D
50177;1787409443945;0.0;48;47.7;0.0;0.0;0.0;1509_direct_carried;;;;716.6;0;0;;0;2;1502
50596;1787409444364;0.0;48;47.7;0.0;0.0;0.0;1509_direct_carried;;;;716.6;0;0;;0;2;1505
50807;1787409444575;0.0;48;47.7;0.0;0.0;0.0;1509_direct_carried;;;;716.6;0;0;;0;2;1506
51217;1787409444985;0.0;48;47.7;0.0;0.0;0.0;1509_direct_carried;;;;716.6;0;0;;0;2;1508
51424;1787409445192;0.0;48;47.8;0.0;0.0;0.0;1509_direct;;;;716.6;0;0;;0;2;1509
51637;1787409445405;0.0;48;47.8;0.0;0.0;0.0;1509_direct_carried;;;;716.6;0;0;;0;2;150A
51848;1787409445616;0.0;48;47.8;0.0;0.0;0.0;1509_direct_carried;;;;716.6;0;0;;0;2;150B
52057;1787409445825;0.0;48;47.8;0.0;0.0;0.0;1509_direct_carried;;;;716.6;0;0;;0;2;150D
53098;1787409446866;0.0;48;47.8;0.0;0.0;0.0;1509_direct_carried;;;;716.6;0;0;;0;2;1502
53518;1787409447286;4.4;48;47.8;0.0;0.0;0.0;1509_direct_carried;;;;716.6;44;0;;0;2;1505
53727;1787409447495;4.4;48;47.8;0.0;0.0;0.0;1509_direct_carried;;;;716.6;44;0;;0;2;1506
54136;1787409447904;4.4;48;47.8;0.0;0.0;0.0;1509_direct_carried;;;;716.6;44;0;;0;2;1508
54346;1787409448114;4.4;48;47.3;0.0;0.0;0.0;1509_direct;;;;716.6;44;0;;0;2;1509
54556;1787409448324;4.4;48;47.3;0.0;0.0;0.0;1509_direct_carried;;;;716.6;44;0;;0;2;150A
54766;1787409448534;4.4;48;47.3;0.0;0.0;0.0;1509_direct_carried;;;;716.6;44;0;;0;2;150B
54976;1787409448744;4.4;48;47.3;0.0;0.0;0.0;1509_direct_carried;;;;716.6;44;0;;0;2;150D
56018;1787409449786;4.4;48;47.3;0.0;0.0;0.0;1509_direct_carried;;;;716.6;44;0;;0;2;1502
56436;1787409450204;17.9;48;47.3;0.0;0.0;0.0;1509_direct_carried;;;;716.6;179;0;;0;2;1505
56646;1787409450414;17.9;48;47.3;0.0;0.0;0.0;1509_direct_carried;;;;716.6;179;0;;0;2;1506
57066;1787409450834;17.9;48;47.3;0.0;0.0;0.0;1509_direct_carried;;;;716.6;179;0;;0;2;1508
57268;1787409451036;17.9;48;46.4;6.0;280.0;278.4;1509_direct;;;;716.6;179;280;;0;2;1509
57477;1787409451245;17.9;48;46.4;6.0;280.0;278.4;1509_direct_carried;;;;716.6;179;280;;0;2;150A
57687;1787409451455;17.9;48;46.4;6.0;280.0;278.4;1509_direct_carried;;;;716.6;179;280;;0;2;150B
57897;1787409451665;17.9;48;46.4;6.0;280.0;278.4;1509_direct_carried;;;;716.6;179;280;;0;2;150D
58938;1787409452706;17.9;48;46.4;6.0;280.0;278.4;1509_direct_carried;;;;716.6;179;280;;0;2;1502
59357;1787409453125;19.1;48;46.4;6.0;280.0;278.4;1509_direct_carried;;;;716.6;191;280;;0;2;1505
59567;1787409453335;19.1;48;46.4;6.0;280.0;278.4;1509_direct_carried;;;;716.6;191;280;;0;2;1506
59986;1787409453754;19.1;48;46.4;6.0;280.0;278.4;1509_direct_carried;;;;716.6;191;280;;0;2;1508
60187;1787409453955;19.1;48;46.3;7.0;324.0;324.09999999999997;1509_direct;;;;716.6;191;324;;0;2;1509
60395;1787409454163;19.1;48;46.3;7.0;324.0;324.09999999999997;1509_direct_carried;;;;716.6;191;324;;0;2;150A
60609;1787409454377;19.1;48;46.3;7.0;324.0;324.09999999999997;1509_direct_carried;;;;716.6;191;324;;0;2;150B
60816;1787409454584;19.1;48;46.3;7.0;324.0;324.09999999999997;1509_direct_carried;;;;716.6;191;324;;0;2;150D
61858;1787409455626;19.1;48;46.3;7.0;324.0;324.09999999999997;1509_direct_carried;;;;716.6;191;324;;0;2;1502
62278;1787409456046;20.5;48;46.3;7.0;324.0;324.09999999999997;1509_direct_carried;;;;716.6;205;324;;0;2;1505
62487;1787409456255;20.5;48;46.3;7.0;324.0;324.09999999999997;1509_direct_carried;;;;716.6;205;324;;0;2;1506
62908;1787409456676;20.5;48;46.3;7.0;324.0;324.09999999999997;1509_direct_carried;;;;716.6;205;324;;0;2;1508
63117;1787409456885;20.5;48;46.5;4.0;186.0;186.0;1509_direct;;;;716.6;205;186;;0;2;1509
63316;1787409457084;20.5;48;46.5;4.0;186.0;186.0;1509_direct_carried;;;;716.6;205;186;;0;2;150A
63527;1787409457295;20.5;48;46.5;4.0;186.0;186.0;1509_direct_carried;;;;716.6;205;186;;0;2;150B
63740;1787409457508;20.5;48;46.5;4.0;186.0;186.0;1509_direct_carried;;;;716.6;205;186;;0;2;150D
64792;1787409458560;20.5;48;46.5;4.0;186.0;186.0;1509_direct_carried;;;;716.6;205;186;;0;2;1502
65196;1787409458964;20.6;48;46.5;4.0;186.0;186.0;1509_direct_carried;;;;716.6;206;186;;0;2;1505
65419;1787409459187;20.6;48;46.5;4.0;186.0;186.0;1509_direct_carried;;;;716.6;206;186;;0;2;1506
65827;1787409459595;20.6;48;46.5;4.0;186.0;186.0;1509_direct_carried;;;;716.6;206;186;;0;2;1508
66039;1787409459807;20.6;48;46.4;5.0;233.0;232.0;1509_direct;;;;716.6;206;233;;0;2;1509
66249;1787409460017;20.6;48;46.4;5.0;233.0;232.0;1509_direct_carried;;;;716.6;206;233;;0;2;150A
66445;1787409460213;20.6;48;46.4;5.0;233.0;232.0;1509_direct_carried;;;;716.6;206;233;;0;2;150B
66656;1787409460424;20.6;48;46.4;5.0;233.0;232.0;1509_direct_carried;;;;716.6;206;233;;0;2;150D
67708;1787409461476;20.6;48;46.4;5.0;233.0;232.0;1509_direct_carried;;;;716.6;206;233;;0;2;1502
68116;1787409461884;19.8;48;46.4;5.0;233.0;232.0;1509_direct_carried;;;;716.6;198;233;;0;2;1505
68327;1787409462095;19.8;48;46.4;5.0;233.0;232.0;1509_direct_carried;;;;716.6;198;233;;0;2;1506
68746;1787409462514;19.8;48;46.4;5.0;233.0;232.0;1509_direct_carried;;;;716.6;198;233;;0;2;1508
68960;1787409462728;19.8;48;45.9;8.0;367.0;367.2;1509_direct;;;;716.6;198;367;;0;2;1509
69169;1787409462937;19.8;48;45.9;8.0;367.0;367.2;1509_direct_carried;;;;716.6;198;367;;0;2;150A
69378;1787409463146;19.8;48;45.9;8.0;367.0;367.2;1509_direct_carried;;;;716.6;198;367;;0;2;150B
69578;1787409463346;19.8;48;45.9;8.0;367.0;367.2;1509_direct_carried;;;;716.6;198;367;;0;2;150D
70628;1787409464396;19.8;48;45.9;8.0;367.0;367.2;1509_direct_carried;;;;716.6;198;367;;0;2;1502
71038;1787409464806;18.8;48;45.9;8.0;367.0;367.2;1509_direct_carried;;;;716.6;188;367;;0;2;1505
71248;1787409465016;18.8;48;45.9;8.0;367.0;367.2;1509_direct_carried;;;;716.7;188;367;;0;2;1506
71666;1787409465434;18.8;48;45.9;8.0;367.0;367.2;1509_direct_carried;;;;716.7;188;367;;0;2;1508
71877;1787409465645;18.8;48;47.3;0.0;0.0;0.0;1509_direct;;;;716.7;188;0;;0;2;1509
72086;1787409465854;18.8;48;47.3;0.0;0.0;0.0;1509_direct_carried;;;;716.7;188;0;;0;2;150A
72297;1787409466065;18.8;48;47.3;0.0;0.0;0.0;1509_direct_carried;;;;716.7;188;0;;0;2;150B
72508;1787409466276;18.8;48;47.3;0.0;0.0;0.0;1509_direct_carried;;;;716.7;188;0;;0;2;150D
73546;1787409467314;18.8;48;47.3;0.0;0.0;0.0;1509_direct_carried;;;;716.7;188;0;;0;2;1502
73967;1787409467735;13.7;48;47.3;0.0;0.0;0.0;1509_direct_carried;;;;716.7;137;0;;0;2;1505
74168;1787409467936;13.7;48;47.3;0.0;0.0;0.0;1509_direct_carried;;;;716.7;137;0;;0;2;1506
74587;1787409468355;13.7;48;47.3;0.0;0.0;0.0;1509_direct_carried;;;;716.7;137;0;;0;2;1508
74797;1787409468565;13.7;48;47.3;0.0;0.0;0.0;1509_direct;;;;716.7;137;0;;0;2;1509
75006;1787409468774;13.7;48;47.3;0.0;0.0;0.0;1509_direct_carried;;;;716.7;137;0;;0;2;150A
75216;1787409468984;13.7;48;47.3;0.0;0.0;0.0;1509_direct_carried;;;;716.7;137;0;;0;2;150B
75427;1787409469195;13.7;48;47.3;0.0;0.0;0.0;1509_direct_carried;;;;716.7;137;0;;0;2;150D
76468;1787409470236;13.7;48;47.3;0.0;0.0;0.0;1509_direct_carried;;;;716.7;137;0;;0;2;1502
76891;1787409470659;4.1;48;47.3;0.0;0.0;0.0;1509_direct_carried;;;;716.7;41;0;;0;2;1505
77101;1787409470869;4.1;48;47.3;0.0;0.0;0.0;1509_direct_carried;;;;716.7;41;0;;0;2;1506
77509;1787409471277;4.1;48;47.3;0.0;0.0;0.0;1509_direct_carried;;;;716.7;41;0;;0;2;1508
77717;1787409471485;4.1;48;47.5;0.0;0.0;0.0;1509_direct;;;;716.7;41;0;;0;2;1509
77928;1787409471696;4.1;48;47.5;0.0;0.0;0.0;1509_direct_carried;;;;716.7;41;0;;0;2;150A
78138;1787409471906;4.1;48;47.5;0.0;0.0;0.0;1509_direct_carried;;;;716.7;41;0;;0;2;150B
78348;1787409472116;4.1;48;47.5;0.0;0.0;0.0;1509_direct_carried;;;;716.7;41;0;;0;2;150D
79389;1787409473157;4.1;48;47.5;0.0;0.0;0.0;1509_direct_carried;;;;716.7;41;0;;0;2;1502
79809;1787409473577;0.0;48;47.5;0.0;0.0;0.0;1509_direct_carried;;;;716.7;0;0;;0;2;1505
80014;1787409473782;0.0;48;47.5;0.0;0.0;0.0;1509_direct_carried;;;;716.7;0;0;;0;2;1506
80439;1787409474207;0.0;48;47.5;0.0;0.0;0.0;1509_direct_carried;;;;716.7;0;0;;0;2;1508
80639;1787409474407;0.0;48;47.5;0.0;0.0;0.0;1509_direct;;;;716.7;0;0;;0;2;1509
80846;1787409474614;0.0;48;47.5;0.0;0.0;0.0;1509_direct_carried;;;;716.7;0;0;;0;2;150A
81057;1787409474825;0.0;48;47.5;0.0;0.0;0.0;1509_direct_carried;;;;716.7;0;0;;0;2;150B
81265;1787409475033;0.0;48;47.5;0.0;0.0;0.0;1509_direct_carried;;;;716.7;0;0;;0;2;150D
82308;1787409476076;0.0;48;47.5;0.0;0.0;0.0;1509_direct_carried;;;;716.7;0;0;;0;2;1502
82723;1787409476491;0.0;48;47.5;0.0;0.0;0.0;1509_direct_carried;;;;716.7;0;0;;0;2;1505
82933;1787409476701;0.0;48;47.5;0.0;0.0;0.0;1509_direct_carried;;;;716.7;0;0;;0;2;1506
83343;1787409477111;0.0;48;47.5;0.0;0.0;0.0;1509_direct_carried;;;;716.7;0;0;;0;2;1508
83552;1787409477320;0.0;48;47.5;0.0;0.0;0.0;1509_direct;;;;716.7;0;0;;0;2;1509
83774;1787409477542;0.0;48;47.5;0.0;0.0;0.0;1509_direct_carried;;;;716.7;0;0;;0;2;150A
83979;1787409477747;0.0;48;47.5;0.0;0.0;0.0;1509_direct_carried;;;;716.7;0;0;;0;2;150B
84187;1787409477955;0.0;48;47.5;0.0;0.0;0.0;1509_direct_carried;;;;716.7;0;0;;0;2;150D
85228;1787409478996;0.0;48;47.5;0.0;0.0;0.0;1509_direct_carried;;;;716.7;0;0;;0;2;1502
85646;1787409479414;0.1;48;47.5;0.0;0.0;0.0;1509_direct_carried;;;;716.7;1;0;;0;2;1505
85858;1787409479626;0.1;48;47.5;0.0;0.0;0.0;1509_direct_carried;;;;716.7;1;0;;0;2;1506
86276;1787409480044;0.1;48;47.5;0.0;0.0;0.0;1509_direct_carried;;;;716.7;1;0;;0;2;1508
86478;1787409480246;0.1;48;47.5;0.0;0.0;0.0;1509_direct;;;;716.7;1;0;;0;2;1509
86687;1787409480455;0.1;48;47.5;0.0;0.0;0.0;1509_direct_carried;;;;716.7;1;0;;0;2;150A
86901;1787409480669;0.1;48;47.5;0.0;0.0;0.0;1509_direct_carried;;;;716.7;1;0;;0;2;150B
87107;1787409480875;0.1;48;47.5;0.0;0.0;0.0;1509_direct_carried;;;;716.7;1;0;;0;2;150D
88151;1787409481919;0.1;48;47.5;0.0;0.0;0.0;1509_direct_carried;;;;716.7;1;0;;0;2;1502
88579;1787409482347;2.5;48;47.5;0.0;0.0;0.0;1509_direct_carried;;;;716.7;25;0;;0;2;1505
88777;1787409482545;2.5;48;47.5;0.0;0.0;0.0;1509_direct_carried;;;;716.7;25;0;;0;2;1506
89197;1787409482965;2.5;48;47.5;0.0;0.0;0.0;1509_direct_carried;;;;716.7;25;0;;0;2;1508
89408;1787409483176;2.5;48;47.5;0.0;0.0;0.0;1509_direct;;;;716.7;25;0;;0;2;1509
89606;1787409483374;2.5;48;47.5;0.0;0.0;0.0;1509_direct_carried;;;;716.7;25;0;;0;2;150A
89818;1787409483586;2.5;48;47.5;0.0;0.0;0.0;1509_direct_carried;;;;716.7;25;0;;0;2;150B
90027;1787409483795;2.5;48;47.5;0.0;0.0;0.0;1509_direct_carried;;;;716.7;25;0;;0;2;150D
91069;1787409484837;2.5;48;47.5;0.0;0.0;0.0;1509_direct_carried;;;;716.7;25;0;;0;2;1502
91489;1787409485257;2.8;48;47.5;0.0;0.0;0.0;1509_direct_carried;;;;716.7;28;0;;0;2;1505
91697;1787409485465;2.8;48;47.5;0.0;0.0;0.0;1509_direct_carried;;;;716.7;28;0;;0;2;1506
92118;1787409485886;2.8;48;47.5;0.0;0.0;0.0;1509_direct_carried;;;;716.7;28;0;;0;2;1508
92331;1787409486099;2.8;48;47.5;0.0;0.0;0.0;1509_direct;;;;716.7;28;0;;0;2;1509
92527;1787409486295;2.8;48;47.5;0.0;0.0;0.0;1509_direct_carried;;;;716.7;28;0;;0;2;150A
92739;1787409486507;2.8;48;47.5;0.0;0.0;0.0;1509_direct_carried;;;;716.7;28;0;;0;2;150B
92947;1787409486715;2.8;48;47.5;0.0;0.0;0.0;1509_direct_carried;;;;716.7;28;0;;0;2;150D
93998;1787409487766;2.8;48;47.5;0.0;0.0;0.0;1509_direct_carried;;;;716.7;28;0;;0;2;1502
94409;1787409488177;0.0;48;47.5;0.0;0.0;0.0;1509_direct_carried;;;;716.7;0;0;;0;2;1505
94617;1787409488385;0.0;48;47.5;0.0;0.0;0.0;1509_direct_carried;;;;716.7;0;0;;0;2;1506
95041;1787409488809;0.0;48;47.5;0.0;0.0;0.0;1509_direct_carried;;;;716.7;0;0;;0;2;1508
95246;1787409489014;0.0;48;47.5;0.0;0.0;0.0;1509_direct;;;;716.7;0;0;;0;2;1509
95460;1787409489228;0.0;48;47.5;0.0;0.0;0.0;1509_direct_carried;;;;716.7;0;0;;0;2;150A
95667;1787409489435;0.0;48;47.5;0.0;0.0;0.0;1509_direct_carried;;;;716.7;0;0;;0;2;150B
95868;1787409489636;0.0;48;47.5;0.0;0.0;0.0;1509_direct_carried;;;;716.7;0;0;;0;2;150D
96918;1787409490686;0.0;48;47.5;0.0;0.0;0.0;1509_direct_carried;;;;716.7;0;0;;0;2;1502
97328;1787409491096;0.0;48;47.5;0.0;0.0;0.0;1509_direct_carried;;;;716.7;0;0;;0;2;1505
97539;1787409491307;0.0;48;47.5;0.0;0.0;0.0;1509_direct_carried;;;;716.7;0;0;;0;2;1506
97958;1787409491726;0.0;48;47.5;0.0;0.0;0.0;1509_direct_carried;;;;716.7;0;0;;0;2;1508
98169;1787409491937;0.0;48;47.5;0.0;0.0;0.0;1509_direct;;;;716.7;0;0;;0;2;1509
98378;1787409492146;0.0;48;47.5;0.0;0.0;0.0;1509_direct_carried;;;;716.7;0;0;;0;2;150A
98588;1787409492356;0.0;48;47.5;0.0;0.0;0.0;1509_direct_carried;;;;716.7;0;0;;0;2;150B
98797;1787409492565;0.0;48;47.5;0.0;0.0;0.0;1509_direct_carried;;;;716.7;0;0;;0;2;150D
99839;1787409493607;0.0;48;47.5;0.0;0.0;0.0;1509_direct_carried;;;;716.7;0;0;;0;2;1502
100261;1787409494029;0.0;48;47.5;0.0;0.0;0.0;1509_direct_carried;;;;716.7;0;0;;0;2;1505
100462;1787409494230;0.0;48;47.5;0.0;0.0;0.0;1509_direct_carried;;;;716.7;0;0;;0;2;1506
100878;1787409494646;0.0;48;47.5;0.0;0.0;0.0;1509_direct_carried;;;;716.7;0;0;;0;2;1508
101088;1787409494856;0.0;48;47.5;0.0;0.0;0.0;1509_direct;;;;716.7;0;0;;0;2;1509
101299;1787409495067;0.0;48;47.5;0.0;0.0;0.0;1509_direct_carried;;;;716.7;0;0;;0;2;150A
101508;1787409495276;0.0;48;47.5;0.0;0.0;0.0;1509_direct_carried;;;;716.7;0;0;;0;2;150B
101718;1787409495486;0.0;48;47.5;0.0;0.0;0.0;1509_direct_carried;;;;716.7;0;0;;0;2;150D
102755;1787409496523;0.0;48;47.5;0.0;0.0;0.0;1509_direct_carried;;;;716.7;0;0;;0;2;1502
103177;1787409496945;0.0;48;47.5;0.0;0.0;0.0;1509_direct_carried;;;;716.7;0;0;;0;2;1505
103384;1787409497152;0.0;48;47.5;0.0;0.0;0.0;1509_direct_carried;;;;716.7;0;0;;0;2;1506
103794;1787409497562;0.0;48;47.5;0.0;0.0;0.0;1509_direct_carried;;;;716.7;0;0;;0;2;1508
104004;1787409497772;0.0;48;47.5;0.0;0.0;0.0;1509_direct;;;;716.7;0;0;;0;2;1509
104219;1787409497987;0.0;48;47.5;0.0;0.0;0.0;1509_direct_carried;;;;716.7;0;0;;0;2;150A
104482;1787409498250;0.0;48;47.5;0.0;0.0;0.0;1509_direct_carried;;;;716.7;0;0;;0;2;150B
104637;1787409498405;0.0;48;47.5;0.0;0.0;0.0;1509_direct_carried;;;;716.7;0;0;;0;2;150D
105798;1787409499566;0.0;48;47.5;0.0;0.0;0.0;1509_direct_carried;;;;716.7;0;0;;0;2;1502
106166;1787409499934;0.0;48;47.5;0.0;0.0;0.0;1509_direct_carried;;;;716.7;0;0;;0;2;1505
106308;1787409500076;0.0;48;47.5;0.0;0.0;0.0;1509_direct_carried;;;;716.7;0;0;;0;2;1506
106828;1787409500596;0.0;48;47.5;0.0;0.0;0.0;1509_direct_carried;;;;716.7;0;0;;0;2;1508
106926;1787409500694;0.0;48;47.5;0.0;0.0;0.0;1509_direct;;;;716.7;0;0;;0;2;1509
107190;1787409500958;0.0;48;47.5;0.0;0.0;0.0;1509_direct_carried;;;;716.7;0;0;;0;2;150A
107348;1787409501116;0.0;48;47.5;0.0;0.0;0.0;1509_direct_carried;;;;716.7;0;0;;0;2;150B
107608;1787409501376;0.0;48;47.5;0.0;0.0;0.0;1509_direct_carried;;;;716.7;0;0;;0;2;150D
108676;1787409502444;0.0;48;47.5;0.0;0.0;0.0;1509_direct_carried;;;;716.7;0;0;;0;2;1502
109015;1787409502783;0.0;48;47.5;0.0;0.0;0.0;1509_direct_carried;;;;716.7;0;0;;0;2;1505
109228;1787409502996;0.0;48;47.5;0.0;0.0;0.0;1509_direct_carried;;;;716.7;0;0;;0;2;1506
109704;1787409503472;0.0;48;47.5;0.0;0.0;0.0;1509_direct_carried;;;;716.7;0;0;;0;2;1508
109852;1787409503620;0.0;48;47.5;0.0;0.0;0.0;1509_direct;;;;716.7;0;0;;0;2;1509
110058;1787409503826;0.0;48;47.5;0.0;0.0;0.0;1509_direct_carried;;;;716.7;0;0;;0;2;150A
110269;1787409504037;0.0;48;47.5;0.0;0.0;0.0;1509_direct_carried;;;;716.7;0;0;;0;2;150B
110480;1787409504248;0.0;48;47.5;0.0;0.0;0.0;1509_direct_carried;;;;716.7;0;0;;0;2;150D
111522;1787409505290;0.0;48;47.5;0.0;0.0;0.0;1509_direct_carried;;;;716.7;0;0;;0;2;1502
111942;1787409505710;0.0;48;47.5;0.0;0.0;0.0;1509_direct_carried;;;;716.7;0;0;;0;2;1505
112189;1787409505957;0.0;48;47.5;0.0;0.0;0.0;1509_direct_carried;;;;716.7;0;0;;0;2;1506
112572;1787409506340;0.0;48;47.5;0.0;0.0;0.0;1509_direct_carried;;;;716.7;0;0;;0;2;1508
112769;1787409506537;0.0;48;47.5;0.0;0.0;0.0;1509_direct;;;;716.7;0;0;;0;2;1509
112979;1787409506747;0.0;48;47.5;0.0;0.0;0.0;1509_direct_carried;;;;716.7;0;0;;0;2;150A
113187;1787409506955;0.0;48;47.5;0.0;0.0;0.0;1509_direct_carried;;;;716.7;0;0;;0;2;150B
113399;1787409507167;0.0;48;47.5;0.0;0.0;0.0;1509_direct_carried;;;;716.7;0;0;;0;2;150D
114439;1787409508207;0.0;48;47.5;0.0;0.0;0.0;1509_direct_carried;;;;716.7;0;0;;0;2;1502
114861;1787409508629;4.0;48;47.5;0.0;0.0;0.0;1509_direct_carried;;;;716.7;40;0;;0;2;1505
115070;1787409508838;4.0;48;47.5;0.0;0.0;0.0;1509_direct_carried;;;;716.7;40;0;;0;2;1506
115488;1787409509256;4.0;48;47.5;0.0;0.0;0.0;1509_direct_carried;;;;716.7;40;0;;0;2;1508
115696;1787409509464;4.0;48;46.9;6.0;326.0;281.4;1509_direct;;;;716.7;40;326;;0;2;1509
115911;1787409509679;4.0;48;46.9;6.0;326.0;281.4;1509_direct_carried;;;;716.7;40;326;;0;2;150A
116111;1787409509879;4.0;48;46.9;6.0;326.0;281.4;1509_direct_carried;;;;716.7;40;326;;0;2;150B
116319;1787409510087;4.0;48;46.9;6.0;326.0;281.4;1509_direct_carried;;;;716.7;40;326;;0;2;150D
117368;1787409511136;4.0;48;46.9;6.0;326.0;281.4;1509_direct_carried;;;;716.7;40;326;;0;2;1502
117779;1787409511547;10.8;48;46.9;6.0;326.0;281.4;1509_direct_carried;;;;716.7;108;326;;0;2;1505
117991;1787409511759;10.8;48;46.9;6.0;326.0;281.4;1509_direct_carried;;;;716.7;108;326;;0;2;1506
118408;1787409512176;10.8;48;46.9;6.0;326.0;281.4;1509_direct_carried;;;;716.7;108;326;;0;2;1508
118621;1787409512389;10.8;48;46.6;6.0;279.0;279.6;1509_direct;;;;716.7;108;279;;0;2;1509
118830;1787409512598;10.8;48;46.6;6.0;279.0;279.6;1509_direct_carried;;;;716.7;108;279;;0;2;150A
119036;1787409512804;10.8;48;46.6;6.0;279.0;279.6;1509_direct_carried;;;;716.7;108;279;;0;2;150B
119240;1787409513008;10.8;48;46.6;6.0;279.0;279.6;1509_direct_carried;;;;716.7;108;279;;0;2;150D
120291;1787409514059;10.8;48;46.6;6.0;279.0;279.6;1509_direct_carried;;;;716.7;108;279;;0;2;1502
120698;1787409514466;10.1;48;46.6;6.0;279.0;279.6;1509_direct_carried;;;;716.7;101;279;;0;2;1505
120912;1787409514680;10.1;48;46.6;6.0;279.0;279.6;1509_direct_carried;;;;716.7;101;279;;0;2;1506
121330;1787409515098;10.1;48;46.6;6.0;279.0;279.6;1509_direct_carried;;;;716.7;101;279;;0;2;1508
121542;1787409515310;10.1;48;46.2;8.0;369.0;369.6;1509_direct;;;;716.7;101;369;;0;2;1509
121750;1787409515518;10.1;48;46.2;8.0;369.0;369.6;1509_direct_carried;;;;716.7;101;369;;0;2;150A
121960;1787409515728;10.1;48;46.2;8.0;369.0;369.6;1509_direct_carried;;;;716.7;101;369;;0;2;150B
122170;1787409515938;10.1;48;46.2;8.0;369.0;369.6;1509_direct_carried;;;;716.7;101;369;;0;2;150D
123281;1787409517049;10.1;48;46.2;8.0;369.0;369.6;1509_direct_carried;;;;716.7;101;369;;0;2;1502
123627;1787409517395;10.3;48;46.2;8.0;369.0;369.6;1509_direct_carried;;;;716.7;103;369;;0;2;1505
123826;1787409517594;10.3;48;46.2;8.0;369.0;369.6;1509_direct_carried;;;;716.7;103;369;;0;2;1506
124358;1787409518126;10.3;48;46.2;8.0;369.0;369.6;1509_direct_carried;;;;716.7;103;369;;0;2;1508
124467;1787409518235;10.3;48;46.0;9.0;414.0;414.0;1509_direct;;;;716.7;103;414;;0;2;1509
124669;1787409518437;10.3;48;46.0;9.0;414.0;414.0;1509_direct_carried;;;;716.7;103;414;;0;2;150A
124876;1787409518644;10.3;48;46.0;9.0;414.0;414.0;1509_direct_carried;;;;716.7;103;414;;0;2;150B
125087;1787409518855;10.3;48;46.0;9.0;414.0;414.0;1509_direct_carried;;;;716.7;103;414;;0;2;150D
126129;1787409519897;10.3;48;46.0;9.0;414.0;414.0;1509_direct_carried;;;;716.7;103;414;;0;2;1502
126654;1787409520422;13.1;48;46.0;9.0;414.0;414.0;1509_direct_carried;;;;716.7;131;414;;0;2;1505
126769;1787409520537;13.1;48;46.0;9.0;414.0;414.0;1509_direct_carried;;;;716.7;131;414;;0;2;1506
127171;1787409520939;13.1;48;46.0;9.0;414.0;414.0;1509_direct_carried;;;;716.7;131;414;;0;2;1508
127381;1787409521149;13.1;48;44.6;17.0;724.0;758.2;1509_direct;;;;716.7;131;724;;0;2;1509
127591;1787409521359;13.1;48;44.6;17.0;724.0;758.2;1509_direct_carried;;;;716.7;131;724;;0;2;150A
127801;1787409521569;13.1;48;44.6;17.0;724.0;758.2;1509_direct_carried;;;;716.7;131;724;;0;2;150B
128064;1787409521832;13.1;48;44.6;17.0;724.0;758.2;1509_direct_carried;;;;716.7;131;724;;0;2;150D
129052;1787409522820;13.1;48;44.6;17.0;724.0;758.2;1509_direct_carried;;;;716.7;131;724;;0;2;1502
129469;1787409523237;16.4;48;44.6;17.0;724.0;758.2;1509_direct_carried;;;;716.7;164;724;;0;2;1505
129679;1787409523447;16.4;48;44.6;17.0;724.0;758.2;1509_direct_carried;;;;716.7;164;724;;0;2;1506
130195;1787409523963;16.4;48;44.6;17.0;724.0;758.2;1509_direct_carried;;;;716.7;164;724;;0;2;1508
130309;1787409524077;16.4;48;46.3;6.0;277.0;277.79999999999995;1509_direct;;;;716.7;164;277;;0;2;1509
130513;1787409524281;16.4;48;46.3;6.0;277.0;277.79999999999995;1509_direct_carried;;;;716.7;164;277;;0;2;150A
130768;1787409524536;16.4;48;46.3;6.0;277.0;277.79999999999995;1509_direct_carried;;;;716.7;164;277;;0;2;150B
130929;1787409524697;16.4;48;46.3;6.0;277.0;277.79999999999995;1509_direct_carried;;;;716.7;164;277;;0;2;150D
132032;1787409525800;16.4;48;46.3;6.0;277.0;277.79999999999995;1509_direct_carried;;;;716.7;164;277;;0;2;1502
132389;1787409526157;16.9;48;46.3;6.0;277.0;277.79999999999995;1509_direct_carried;;;;716.7;169;277;;0;2;1505
132600;1787409526368;16.9;48;46.3;6.0;277.0;277.79999999999995;1509_direct_carried;;;;716.8;169;277;;0;2;1506
133098;1787409526866;16.9;48;46.3;6.0;277.0;277.79999999999995;1509_direct_carried;;;;716.8;169;277;;0;2;1508
133218;1787409526986;16.9;48;45.7;11.0;502.0;502.70000000000005;1509_direct;;;;716.8;169;502;;0;2;1509
133426;1787409527194;16.9;48;45.7;11.0;502.0;502.70000000000005;1509_direct_carried;;;;716.8;169;502;;0;2;150A
133741;1787409527509;16.9;48;45.7;11.0;502.0;502.70000000000005;1509_direct_carried;;;;716.8;169;502;;0;2;150B
133849;1787409527617;16.9;48;45.7;11.0;502.0;502.70000000000005;1509_direct_carried;;;;716.8;169;502;;0;2;150D
134969;1787409528737;16.9;48;45.7;11.0;502.0;502.70000000000005;1509_direct_carried;;;;716.8;169;502;;0;2;1502
135308;1787409529076;17.5;48;45.7;11.0;502.0;502.70000000000005;1509_direct_carried;;;;716.8;175;502;;0;2;1505
135517;1787409529285;17.5;48;45.7;11.0;502.0;502.70000000000005;1509_direct_carried;;;;716.8;175;502;;0;2;1506
136016;1787409529784;17.5;48;45.7;11.0;502.0;502.70000000000005;1509_direct_carried;;;;716.8;175;502;;0;2;1508
136148;1787409529916;17.5;44;45.6;10.0;456.0;456.0;1509_direct;;;;716.8;175;456;;0;2;1509
136353;1787409530121;17.5;44;45.6;10.0;456.0;456.0;1509_direct_carried;;;;716.8;175;456;;0;2;150A
136561;1787409530329;17.5;44;45.6;10.0;456.0;456.0;1509_direct_carried;;;;716.8;175;456;;0;2;150B
136770;1787409530538;17.5;44;45.6;10.0;456.0;456.0;1509_direct_carried;;;;716.8;175;456;;0;2;150D
137882;1787409531650;17.5;44;45.6;10.0;456.0;456.0;1509_direct_carried;;;;716.8;175;456;;0;2;1502
138302;1787409532070;18.2;44;45.6;10.0;456.0;456.0;1509_direct_carried;;;;716.8;182;456;;0;2;1505
138442;1787409532210;18.2;44;45.6;10.0;456.0;456.0;1509_direct_carried;;;;716.8;182;456;;0;2;1506
138934;1787409532702;18.2;44;45.6;10.0;456.0;456.0;1509_direct_carried;;;;716.8;182;456;;0;2;1508
139070;1787409532838;18.2;43;45.6;11.0;501.0;501.6;1509_direct;;;;716.8;182;501;;0;2;1509
139313;1787409533081;18.2;43;45.6;11.0;501.0;501.6;1509_direct_carried;;;;716.8;182;501;;0;2;150A
139479;1787409533247;18.2;43;45.6;11.0;501.0;501.6;1509_direct_carried;;;;716.8;182;501;;0;2;150B
139738;1787409533506;18.2;43;45.6;11.0;501.0;501.6;1509_direct_carried;;;;716.8;182;501;;0;2;150D
140848;1787409534616;18.2;43;45.6;11.0;501.0;501.6;1509_direct_carried;;;;716.8;182;501;;0;2;1502
141195;1787409534963;18.9;43;45.6;11.0;501.0;501.6;1509_direct_carried;;;;716.8;189;501;;0;2;1505
141359;1787409535127;18.9;43;45.6;11.0;501.0;501.6;1509_direct_carried;;;;716.8;189;501;;0;2;1506
141850;1787409535618;18.9;43;45.6;11.0;501.0;501.6;1509_direct_carried;;;;716.8;189;501;;0;2;1508
141989;1787409535757;18.9;43;46.2;8.0;369.0;369.6;1509_direct;;;;716.8;189;369;;0;2;1509
142239;1787409536007;18.9;43;46.2;8.0;369.0;369.6;1509_direct_carried;;;;716.8;189;369;;0;2;150A
142409;1787409536177;18.9;43;46.2;8.0;369.0;369.6;1509_direct_carried;;;;716.8;189;369;;0;2;150B
142655;1787409536423;18.9;43;46.2;8.0;369.0;369.6;1509_direct_carried;;;;716.8;189;369;;0;2;150D
143656;1787409537424;18.9;43;46.2;8.0;369.0;369.6;1509_direct_carried;;;;716.8;189;369;;0;2;1502
144070;1787409537838;17.9;43;46.2;8.0;369.0;369.6;1509_direct_carried;;;;716.8;179;369;;0;2;1505
144280;1787409538048;17.9;43;46.2;8.0;369.0;369.6;1509_direct_carried;;;;716.8;179;369;;0;2;1506
144702;1787409538470;17.9;43;46.2;8.0;369.0;369.6;1509_direct_carried;;;;716.8;179;369;;0;2;1508
144912;1787409538680;17.9;43;45.2;12.0;542.0;542.4000000000001;1509_direct;;;;716.8;179;542;;0;2;1509
145117;1787409538885;17.9;43;45.2;12.0;542.0;542.4000000000001;1509_direct_carried;;;;716.8;179;542;;0;2;150A
145332;1787409539100;17.9;43;45.2;12.0;542.0;542.4000000000001;1509_direct_carried;;;;716.8;179;542;;0;2;150B
145528;1787409539296;17.9;43;45.2;12.0;542.0;542.4000000000001;1509_direct_carried;;;;716.8;179;542;;0;2;150D
146580;1787409540348;17.9;43;45.2;12.0;542.0;542.4000000000001;1509_direct_carried;;;;716.8;179;542;;0;2;1502
146994;1787409540762;18.3;43;45.2;12.0;542.0;542.4000000000001;1509_direct_carried;;;;716.8;183;542;;0;2;1505
147291;1787409541059;18.3;43;45.2;12.0;542.0;542.4000000000001;1509_direct_carried;;;;716.8;183;542;;0;2;1506
147622;1787409541390;18.3;43;45.2;12.0;542.0;542.4000000000001;1509_direct_carried;;;;716.8;183;542;;0;2;1508
147830;1787409541598;18.3;43;46.0;11.0;496.0;506.0;1509_direct;;;;716.8;183;496;;0;2;1509
148040;1787409541808;18.3;43;46.0;11.0;496.0;506.0;1509_direct_carried;;;;716.8;183;496;;0;2;150A
148252;1787409542020;18.3;43;46.0;11.0;496.0;506.0;1509_direct_carried;;;;716.8;183;496;;0;2;150B
148460;1787409542228;18.3;43;46.0;11.0;496.0;506.0;1509_direct_carried;;;;716.8;183;496;;0;2;150D
149614;1787409543382;18.3;43;46.0;11.0;496.0;506.0;1509_direct_carried;;;;716.8;183;496;;0;2;1502
149971;1787409543739;19.1;43;46.0;11.0;496.0;506.0;1509_direct_carried;;;;716.8;191;496;;0;2;1505
150119;1787409543887;19.1;43;46.0;11.0;496.0;506.0;1509_direct_carried;;;;716.8;191;496;;0;2;1506
150654;1787409544422;19.1;43;46.0;11.0;496.0;506.0;1509_direct_carried;;;;716.8;191;496;;0;2;1508
150748;1787409544516;19.1;43;45.6;14.0;638.0;638.4;1509_direct;;;;716.8;191;638;;0;2;1509
151011;1787409544779;19.1;43;45.6;14.0;638.0;638.4;1509_direct_carried;;;;716.8;191;638;;0;2;150A
151169;1787409544937;19.1;43;45.6;14.0;638.0;638.4;1509_direct_carried;;;;716.8;191;638;;0;2;150B
151427;1787409545195;19.1;43;45.6;14.0;638.0;638.4;1509_direct_carried;;;;716.8;191;638;;0;2;150D
152495;1787409546263;19.1;43;45.6;14.0;638.0;638.4;1509_direct_carried;;;;716.8;191;638;;0;2;1502
152955;1787409546723;18.0;43;45.6;14.0;638.0;638.4;1509_direct_carried;;;;716.8;180;638;;0;2;1505
153048;1787409546816;18.0;43;45.6;14.0;638.0;638.4;1509_direct_carried;;;;716.9;180;638;;0;2;1506
153539;1787409547307;18.0;43;45.6;14.0;638.0;638.4;1509_direct_carried;;;;716.9;180;638;;0;2;1508
153669;1787409547437;18.0;43;44.7;13.0;581.0;581.1;1509_direct;;;;716.9;180;581;;0;2;1509
153926;1787409547694;18.0;43;44.7;13.0;581.0;581.1;1509_direct_carried;;;;716.9;180;581;;0;2;150A
154089;1787409547857;18.0;43;44.7;13.0;581.0;581.1;1509_direct_carried;;;;716.9;180;581;;0;2;150B
154346;1787409548114;18.0;43;44.7;13.0;581.0;581.1;1509_direct_carried;;;;716.9;180;581;;0;2;150D
155408;1787409549176;18.0;43;44.7;13.0;581.0;581.1;1509_direct_carried;;;;716.9;180;581;;0;2;1502
155824;1787409549592;17.0;43;44.7;13.0;581.0;581.1;1509_direct_carried;;;;716.9;170;581;;0;2;1505
155966;1787409549734;17.0;43;44.7;13.0;581.0;581.1;1509_direct_carried;;;;716.9;170;581;;0;2;1506
156382;1787409550150;17.0;43;44.7;13.0;581.0;581.1;1509_direct_carried;;;;716.9;170;581;;0;2;1508
156593;1787409550361;17.0;43;44.1;17.0;718.0;749.7;1509_direct;;;;716.9;170;718;;0;2;1509
156796;1787409550564;17.0;43;44.1;17.0;718.0;749.7;1509_direct_carried;;;;716.9;170;718;;0;2;150A
157010;1787409550778;17.0;43;44.1;17.0;718.0;749.7;1509_direct_carried;;;;716.9;170;718;;0;2;150B
157265;1787409551033;17.0;43;44.1;17.0;718.0;749.7;1509_direct_carried;;;;716.9;170;718;;0;2;150D
158342;1787409552110;17.0;43;44.1;17.0;718.0;749.7;1509_direct_carried;;;;716.9;170;718;;0;2;1502
158680;1787409552448;18.1;43;44.1;17.0;718.0;749.7;1509_direct_carried;;;;716.9;181;718;;0;2;1505
158936;1787409552704;18.1;43;44.1;17.0;718.0;749.7;1509_direct_carried;;;;716.9;181;718;;0;2;1506
159404;1787409553172;18.1;43;44.1;17.0;718.0;749.7;1509_direct_carried;;;;716.9;181;718;;0;2;1508
159508;1787409553276;18.1;43;43.9;20.0;878.0;878.0;1509_direct;;;;716.9;181;878;;0;2;1509
159719;1787409553487;18.1;43;43.9;20.0;878.0;878.0;1509_direct_carried;;;;716.9;181;878;;0;2;150A
160050;1787409553818;18.1;43;43.9;20.0;878.0;878.0;1509_direct_carried;;;;716.9;181;878;;0;2;150B
160138;1787409553906;18.1;43;43.9;20.0;878.0;878.0;1509_direct_carried;;;;716.9;181;878;;0;2;150D
161179;1787409554947;18.1;43;43.9;20.0;878.0;878.0;1509_direct_carried;;;;716.9;181;878;;0;2;1502
161600;1787409555368;18.4;43;43.9;20.0;878.0;878.0;1509_direct_carried;;;;716.9;184;878;;0;2;1505
161813;1787409555581;18.4;43;43.9;20.0;878.0;878.0;1509_direct_carried;;;;716.9;184;878;;0;2;1506
162230;1787409555998;18.4;43;43.9;20.0;878.0;878.0;1509_direct_carried;;;;716.9;184;878;;0;2;1508
162439;1787409556207;18.4;43;44.2;18.0;795.0;795.6;1509_direct;;;;716.9;184;795;;0;2;1509
162643;1787409556411;18.4;43;44.2;18.0;795.0;795.6;1509_direct_carried;;;;716.9;184;795;;0;2;150A
162921;1787409556689;18.4;43;44.2;18.0;795.0;795.6;1509_direct_carried;;;;716.9;184;795;;0;2;150B
163061;1787409556829;18.4;43;44.2;18.0;795.0;795.6;1509_direct_carried;;;;716.9;184;795;;0;2;150D
164114;1787409557882;18.4;43;44.2;18.0;795.0;795.6;1509_direct_carried;;;;716.9;184;795;;0;2;1502
164521;1787409558289;17.0;43;44.2;18.0;795.0;795.6;1509_direct_carried;;;;716.9;170;795;;0;2;1505
164730;1787409558498;17.0;43;44.2;18.0;795.0;795.6;1509_direct_carried;;;;716.9;170;795;;0;2;1506
165152;1787409558920;17.0;43;44.2;18.0;795.0;795.6;1509_direct_carried;;;;716.9;170;795;;0;2;1508
165361;1787409559129;17.0;43;44.2;19.0;751.0;839.8000000000001;1509_direct;;;;716.9;170;751;;0;2;1509
165569;1787409559337;17.0;43;44.2;19.0;751.0;839.8000000000001;1509_direct_carried;;;;716.9;170;751;;0;2;150A
165769;1787409559537;17.0;43;44.2;19.0;751.0;839.8000000000001;1509_direct_carried;;;;716.9;170;751;;0;2;150B
165981;1787409559749;17.0;43;44.2;19.0;751.0;839.8000000000001;1509_direct_carried;;;;716.9;170;751;;0;2;150D
167147;1787409560915;17.0;43;44.2;19.0;751.0;839.8000000000001;1509_direct_carried;;;;716.9;170;751;;0;2;1502
167493;1787409561261;17.6;43;44.2;19.0;751.0;839.8000000000001;1509_direct_carried;;;;716.9;176;751;;0;2;1505
167650;1787409561418;17.6;43;44.2;19.0;751.0;839.8000000000001;1509_direct_carried;;;;716.9;176;751;;0;2;1506
168069;1787409561837;17.6;43;44.2;19.0;751.0;839.8000000000001;1509_direct_carried;;;;716.9;176;751;;0;2;1508
168279;1787409562047;17.6;43;44.6;14.0;586.0;624.4;1509_direct;;;;716.9;176;586;;0;2;1509
168494;1787409562262;17.6;43;44.6;14.0;586.0;624.4;1509_direct_carried;;;;716.9;176;586;;0;2;150A
168700;1787409562468;17.6;43;44.6;14.0;586.0;624.4;1509_direct_carried;;;;716.9;176;586;;0;2;150B
168911;1787409562679;17.6;43;44.6;14.0;586.0;624.4;1509_direct_carried;;;;716.9;176;586;;0;2;150D
169950;1787409563718;17.6;43;44.6;14.0;586.0;624.4;1509_direct_carried;;;;716.9;176;586;;0;2;1502
170372;1787409564140;14.9;43;44.6;14.0;586.0;624.4;1509_direct_carried;;;;716.9;149;586;;0;2;1505
170571;1787409564339;14.9;43;44.6;14.0;586.0;624.4;1509_direct_carried;;;;716.9;149;586;;0;2;1506
170990;1787409564758;14.9;43;44.6;14.0;586.0;624.4;1509_direct_carried;;;;716.9;149;586;;0;2;1508
171269;1787409565037;14.9;43;44.5;17.0;756.0;756.5;1509_direct;;;;716.9;149;756;;0;2;1509
171411;1787409565179;14.9;43;44.5;17.0;756.0;756.5;1509_direct_carried;;;;716.9;149;756;;0;2;150A
171621;1787409565389;14.9;43;44.5;17.0;756.0;756.5;1509_direct_carried;;;;716.9;149;756;;0;2;150B
171830;1787409565598;14.9;43;44.5;17.0;756.0;756.5;1509_direct_carried;;;;716.9;149;756;;0;2;150D
172938;1787409566706;14.9;43;44.5;17.0;756.0;756.5;1509_direct_carried;;;;716.9;149;756;;0;2;1502
173406;1787409567174;16.3;43;44.5;17.0;756.0;756.5;1509_direct_carried;;;;716.9;163;756;;0;2;1505
173494;1787409567262;16.3;43;44.5;17.0;756.0;756.5;1509_direct_carried;;;;717.0;163;756;;0;2;1506
174029;1787409567797;16.3;43;44.5;17.0;756.0;756.5;1509_direct_carried;;;;717.0;163;756;;0;2;1508
174117;1787409567885;16.3;43;44.2;16.0;707.0;707.2;1509_direct;;;;717.0;163;707;;0;2;1509
174330;1787409568098;16.3;43;44.2;16.0;707.0;707.2;1509_direct_carried;;;;717.0;163;707;;0;2;150A
174544;1787409568312;16.3;43;44.2;16.0;707.0;707.2;1509_direct_carried;;;;717.0;163;707;;0;2;150B
174751;1787409568519;16.3;43;44.2;16.0;707.0;707.2;1509_direct_carried;;;;717.0;163;707;;0;2;150D
175861;1787409569629;16.3;43;44.2;16.0;707.0;707.2;1509_direct_carried;;;;717.0;163;707;;0;2;1502
176284;1787409570052;14.6;43;44.2;16.0;707.0;707.2;1509_direct_carried;;;;717.0;146;707;;0;2;1505
176423;1787409570191;14.6;43;44.2;16.0;707.0;707.2;1509_direct_carried;;;;717.0;146;707;;0;2;1506
176847;1787409570615;14.6;43;44.2;16.0;707.0;707.2;1509_direct_carried;;;;717.0;146;707;;0;2;1508
177040;1787409570808;14.6;43;44.0;18.0;799.0;792.0;1509_direct;;;;717.0;146;799;;0;2;1509
177251;1787409571019;14.6;43;44.0;18.0;799.0;792.0;1509_direct_carried;;;;717.0;146;799;;0;2;150A
177462;1787409571230;14.6;43;44.0;18.0;799.0;792.0;1509_direct_carried;;;;717.0;146;799;;0;2;150B
177668;1787409571436;14.6;43;44.0;18.0;799.0;792.0;1509_direct_carried;;;;717.0;146;799;;0;2;150D
178713;1787409572481;14.6;43;44.0;18.0;799.0;792.0;1509_direct_carried;;;;717.0;146;799;;0;2;1502
179240;1787409573008;15.5;43;44.0;18.0;799.0;792.0;1509_direct_carried;;;;717.0;155;799;;0;2;1505
179336;1787409573104;15.5;43;44.0;18.0;799.0;792.0;1509_direct_carried;;;;717.0;155;799;;0;2;1506
179835;1787409573603;15.5;43;44.0;18.0;799.0;792.0;1509_direct_carried;;;;717.0;155;799;;0;2;1508
179968;1787409573736;15.5;43;45.0;15.0;675.0;675.0;1509_direct;;;;717.0;155;675;;0;2;1509
180169;1787409573937;15.5;43;45.0;15.0;675.0;675.0;1509_direct_carried;;;;717.0;155;675;;0;2;150A
180377;1787409574145;15.5;43;45.0;15.0;675.0;675.0;1509_direct_carried;;;;717.0;155;675;;0;2;150B
180593;1787409574361;15.5;43;45.0;15.0;675.0;675.0;1509_direct_carried;;;;717.0;155;675;;0;2;150D
181716;1787409575484;15.5;43;45.0;15.0;675.0;675.0;1509_direct_carried;;;;717.0;155;675;;0;2;1502
182050;1787409575818;17.1;43;45.0;15.0;675.0;675.0;1509_direct_carried;;;;717.0;171;675;;0;2;1505
182260;1787409576028;17.1;43;45.0;15.0;675.0;675.0;1509_direct_carried;;;;717.0;171;675;;0;2;1506
182681;1787409576449;17.1;43;45.0;15.0;675.0;675.0;1509_direct_carried;;;;717.0;171;675;;0;2;1508
182891;1787409576659;17.1;43;44.6;14.0;624.0;624.4;1509_direct;;;;717.0;171;624;;0;2;1509
183103;1787409576871;17.1;43;44.6;14.0;624.0;624.4;1509_direct_carried;;;;717.0;171;624;;0;2;150A
183405;1787409577173;17.1;43;44.6;14.0;624.0;624.4;1509_direct_carried;;;;717.0;171;624;;0;2;150B
183508;1787409577276;17.1;43;44.6;14.0;624.0;624.4;1509_direct_carried;;;;717.0;171;624;;0;2;150D
184645;1787409578413;17.1;43;44.6;14.0;624.0;624.4;1509_direct_carried;;;;717.0;171;624;;0;2;1502
184971;1787409578739;16.7;43;44.6;14.0;624.0;624.4;1509_direct_carried;;;;717.0;167;624;;0;2;1505
185180;1787409578948;16.7;43;44.6;14.0;624.0;624.4;1509_direct_carried;;;;717.0;167;624;;0;2;1506
185699;1787409579467;16.7;43;44.6;14.0;624.0;624.4;1509_direct_carried;;;;717.0;167;624;;0;2;1508
185808;1787409579576;16.7;43;43.8;19.0;790.0;832.1999999999999;1509_direct;;;;717.0;167;790;;0;2;1509
186084;1787409579852;16.7;43;43.8;19.0;790.0;832.1999999999999;1509_direct_carried;;;;717.0;167;790;;0;2;150A
186230;1787409579998;16.7;43;43.8;19.0;790.0;832.1999999999999;1509_direct_carried;;;;717.0;167;790;;0;2;150B
186513;1787409580281;16.7;43;43.8;19.0;790.0;832.1999999999999;1509_direct_carried;;;;717.0;167;790;;0;2;150D
187555;1787409581323;16.7;43;43.8;19.0;790.0;832.1999999999999;1509_direct_carried;;;;717.0;167;790;;0;2;1502
187887;1787409581655;17.1;43;43.8;19.0;790.0;832.1999999999999;1509_direct_carried;;;;717.0;171;790;;0;2;1505
188103;1787409581871;17.1;43;43.8;19.0;790.0;832.1999999999999;1509_direct_carried;;;;717.0;171;790;;0;2;1506
188594;1787409582362;17.1;43;43.8;19.0;790.0;832.1999999999999;1509_direct_carried;;;;717.0;171;790;;0;2;1508
188729;1787409582497;17.1;43;44.3;16.0;705.0;708.8;1509_direct;;;;717.0;171;705;;0;2;1509
188973;1787409582741;17.1;43;44.3;16.0;705.0;708.8;1509_direct_carried;;;;717.0;171;705;;0;2;150A
189149;1787409582917;17.1;43;44.3;16.0;705.0;708.8;1509_direct_carried;;;;717.0;171;705;;0;2;150B
189363;1787409583131;17.1;43;44.3;16.0;705.0;708.8;1509_direct_carried;;;;717.0;171;705;;0;2;150D
190469;1787409584237;17.1;43;44.3;16.0;705.0;708.8;1509_direct_carried;;;;717.0;171;705;;0;2;1502
190819;1787409584587;19.0;43;44.3;16.0;705.0;708.8;1509_direct_carried;;;;717.0;190;705;;0;2;1505
191021;1787409584789;19.0;43;44.3;16.0;705.0;708.8;1509_direct_carried;;;;717.0;190;705;;0;2;1506
191443;1787409585211;19.0;43;44.3;16.0;705.0;708.8;1509_direct_carried;;;;717.0;190;705;;0;2;1508
191740;1787409585508;19.0;43;44.2;18.0;795.0;795.6;1509_direct;;;;717.0;190;795;;0;2;1509
191857;1787409585625;19.0;43;44.2;18.0;795.0;795.6;1509_direct_carried;;;;717.0;190;795;;0;2;150A
192141;1787409585909;19.0;43;44.2;18.0;795.0;795.6;1509_direct_carried;;;;717.0;190;795;;0;2;150B
192281;1787409586049;19.0;43;44.2;18.0;795.0;795.6;1509_direct_carried;;;;717.0;190;795;;0;2;150D
193418;1787409587186;19.0;43;44.2;18.0;795.0;795.6;1509_direct_carried;;;;717.0;190;795;;0;2;1502
193799;1787409587567;20.6;43;44.2;18.0;795.0;795.6;1509_direct_carried;;;;717.0;206;795;;0;2;1505
193954;1787409587722;20.6;43;44.2;18.0;795.0;795.6;1509_direct_carried;;;;717.1;206;795;;0;2;1506
194428;1787409588196;20.6;43;44.2;18.0;795.0;795.6;1509_direct_carried;;;;717.1;206;795;;0;2;1508
194570;1787409588338;20.6;43;44.7;12.0;536.0;536.4000000000001;1509_direct;;;;717.1;206;536;;0;2;1509
194826;1787409588594;20.6;43;44.7;12.0;536.0;536.4000000000001;1509_direct_carried;;;;717.1;206;536;;0;2;150A
194991;1787409588759;20.6;43;44.7;12.0;536.0;536.4000000000001;1509_direct_carried;;;;717.1;206;536;;0;2;150B
195249;1787409589017;20.6;43;44.7;12.0;536.0;536.4000000000001;1509_direct_carried;;;;717.1;206;536;;0;2;150D
196311;1787409590079;20.6;43;44.7;12.0;536.0;536.4000000000001;1509_direct_carried;;;;717.1;206;536;;0;2;1502
196778;1787409590546;21.2;43;44.7;12.0;536.0;536.4000000000001;1509_direct_carried;;;;717.1;212;536;;0;2;1505
196868;1787409590636;21.2;43;44.7;12.0;536.0;536.4000000000001;1509_direct_carried;;;;717.1;212;536;;0;2;1506
197380;1787409591148;21.2;43;44.7;12.0;536.0;536.4000000000001;1509_direct_carried;;;;717.1;212;536;;0;2;1508
197504;1787409591272;21.2;43;44.1;17.0;663.0;749.7;1509_direct;;;;717.1;212;663;;0;2;1509
197785;1787409591553;21.2;43;44.1;17.0;663.0;749.7;1509_direct_carried;;;;717.1;212;663;;0;2;150A
197910;1787409591678;21.2;43;44.1;17.0;663.0;749.7;1509_direct_carried;;;;717.1;212;663;;0;2;150B
198217;1787409591985;21.2;43;44.1;17.0;663.0;749.7;1509_direct_carried;;;;717.1;212;663;;0;2;150D
199263;1787409593031;21.2;43;44.1;17.0;663.0;749.7;1509_direct_carried;;;;717.1;212;663;;0;2;1502
199670;1787409593438;21.3;43;44.1;17.0;663.0;749.7;1509_direct_carried;;;;717.1;213;663;;0;2;1505
199787;1787409593555;21.3;43;44.1;17.0;663.0;749.7;1509_direct_carried;;;;717.1;213;663;;0;2;1506
200284;1787409594052;21.3;43;44.1;17.0;663.0;749.7;1509_direct_carried;;;;717.1;213;663;;0;2;1508
200412;1787409594180;21.3;43;43.9;19.0;834.0;834.1;1509_direct;;;;717.1;213;834;;0;2;1509
200683;1787409594451;21.3;43;43.9;19.0;834.0;834.1;1509_direct_carried;;;;717.1;213;834;;0;2;150A
200830;1787409594598;21.3;43;43.9;19.0;834.0;834.1;1509_direct_carried;;;;717.1;213;834;;0;2;150B
201102;1787409594870;21.3;43;43.9;19.0;834.0;834.1;1509_direct_carried;;;;717.1;213;834;;0;2;150D
202077;1787409595845;21.3;43;43.9;19.0;834.0;834.1;1509_direct_carried;;;;717.1;213;834;;0;2;1502
202501;1787409596269;21.8;43;43.9;19.0;834.0;834.1;1509_direct_carried;;;;717.1;218;834;;0;2;1505
202784;1787409596552;21.8;43;43.9;19.0;834.0;834.1;1509_direct_carried;;;;717.1;218;834;;0;2;1506
203201;1787409596969;21.8;43;43.9;19.0;834.0;834.1;1509_direct_carried;;;;717.1;218;834;;0;2;1508
203342;1787409597110;21.8;43;44.2;15.0;663.0;663.0;1509_direct;;;;717.1;218;663;;0;2;1509
203546;1787409597314;21.8;43;44.2;15.0;663.0;663.0;1509_direct_carried;;;;717.1;218;663;;0;2;150A
203814;1787409597582;21.8;43;44.2;15.0;663.0;663.0;1509_direct_carried;;;;717.1;218;663;;0;2;150B
203957;1787409597725;21.8;43;44.2;15.0;663.0;663.0;1509_direct_carried;;;;717.1;218;663;;0;2;150D
205111;1787409598879;21.8;43;44.2;15.0;663.0;663.0;1509_direct_carried;;;;717.1;218;663;;0;2;1502
205471;1787409599239;21.8;43;44.2;15.0;663.0;663.0;1509_direct_carried;;;;717.1;218;663;;0;2;1505
205631;1787409599399;21.8;43;44.2;15.0;663.0;663.0;1509_direct_carried;;;;717.1;218;663;;0;2;1506
206160;1787409599928;21.8;43;44.2;15.0;663.0;663.0;1509_direct_carried;;;;717.1;218;663;;0;2;1508
206259;1787409600027;21.8;43;44.1;16.0;669.0;705.6;1509_direct;;;;717.1;218;669;;0;2;1509
206534;1787409600302;21.8;43;44.1;16.0;669.0;705.6;1509_direct_carried;;;;717.1;218;669;;0;2;150A
206670;1787409600438;21.8;43;44.1;16.0;669.0;705.6;1509_direct_carried;;;;717.1;218;669;;0;2;150B
206881;1787409600649;21.8;43;44.1;16.0;669.0;705.6;1509_direct_carried;;;;717.1;218;669;;0;2;150D
207990;1787409601758;21.8;43;44.1;16.0;669.0;705.6;1509_direct_carried;;;;717.1;218;669;;0;2;1502
208342;1787409602110;19.4;43;44.1;16.0;669.0;705.6;1509_direct_carried;;;;717.1;194;669;;0;2;1505
208590;1787409602358;19.4;43;44.1;16.0;669.0;705.6;1509_direct_carried;;;;717.1;194;669;;0;2;1506
208970;1787409602738;19.4;43;44.1;16.0;669.0;705.6;1509_direct_carried;;;;717.1;194;669;;0;2;1508
209180;1787409602948;19.4;43;43.7;18.0;792.0;786.6;1509_direct;;;;717.1;194;792;;0;2;1509
209394;1787409603162;19.4;43;43.7;18.0;792.0;786.6;1509_direct_carried;;;;717.1;194;792;;0;2;150A
209659;1787409603427;19.4;43;43.7;18.0;792.0;786.6;1509_direct_carried;;;;717.1;194;792;;0;2;150B
209799;1787409603567;19.4;43;43.7;18.0;792.0;786.6;1509_direct_carried;;;;717.1;194;792;;0;2;150D
210854;1787409604622;19.4;43;43.7;18.0;792.0;786.6;1509_direct_carried;;;;717.1;194;792;;0;2;1502
211272;1787409605040;19.1;43;43.7;18.0;792.0;786.6;1509_direct_carried;;;;717.1;191;792;;0;2;1505
211511;1787409605279;19.1;43;43.7;18.0;792.0;786.6;1509_direct_carried;;;;717.1;191;792;;0;2;1506
211891;1787409605659;19.1;43;43.7;18.0;792.0;786.6;1509_direct_carried;;;;717.1;191;792;;0;2;1508
212103;1787409605871;19.1;43;44.1;18.0;793.0;793.8000000000001;1509_direct;;;;717.1;191;793;;0;2;1509
212314;1787409606082;19.1;43;44.1;18.0;793.0;793.8000000000001;1509_direct_carried;;;;717.1;191;793;;0;2;150A
212522;1787409606290;19.1;43;44.1;18.0;793.0;793.8000000000001;1509_direct_carried;;;;717.1;191;793;;0;2;150B
212734;1787409606502;19.1;43;44.1;18.0;793.0;793.8000000000001;1509_direct_carried;;;;717.1;191;793;;0;2;150D
213772;1787409607540;19.1;43;44.1;18.0;793.0;793.8000000000001;1509_direct_carried;;;;717.1;191;793;;0;2;1502
214191;1787409607959;18.6;43;44.1;18.0;793.0;793.8000000000001;1509_direct_carried;;;;717.1;186;793;;0;2;1505
214404;1787409608172;18.6;43;44.1;18.0;793.0;793.8000000000001;1509_direct_carried;;;;717.2;186;793;;0;2;1506
214910;1787409608678;18.6;43;44.1;18.0;793.0;793.8000000000001;1509_direct_carried;;;;717.2;186;793;;0;2;1508
215019;1787409608787;18.6;43;43.7;18.0;786.0;786.6;1509_direct;;;;717.2;186;786;;0;2;1509
215231;1787409608999;18.6;43;43.7;18.0;786.0;786.6;1509_direct_carried;;;;717.2;186;786;;0;2;150A
215442;1787409609210;18.6;43;43.7;18.0;786.0;786.6;1509_direct_carried;;;;717.2;186;786;;0;2;150B
215654;1787409609422;18.6;43;43.7;18.0;786.0;786.6;1509_direct_carried;;;;717.2;186;786;;0;2;150D
216691;1787409610459;18.6;43;43.7;18.0;786.0;786.6;1509_direct_carried;;;;717.2;186;786;;0;2;1502
217114;1787409610882;20.2;43;43.7;18.0;786.0;786.6;1509_direct_carried;;;;717.2;202;786;;0;2;1505
217322;1787409611090;20.2;43;43.7;18.0;786.0;786.6;1509_direct_carried;;;;717.2;202;786;;0;2;1506
217735;1787409611503;20.2;43;43.7;18.0;786.0;786.6;1509_direct_carried;;;;717.2;202;786;;0;2;1508
217944;1787409611712;20.2;43;43.9;14.0;663.0;614.6;1509_direct;;;;717.2;202;663;;0;2;1509
218151;1787409611919;20.2;43;43.9;14.0;663.0;614.6;1509_direct_carried;;;;717.2;202;663;;0;2;150A
218361;1787409612129;20.2;43;43.9;14.0;663.0;614.6;1509_direct_carried;;;;717.2;202;663;;0;2;150B
218571;1787409612339;20.2;43;43.9;14.0;663.0;614.6;1509_direct_carried;;;;717.2;202;663;;0;2;150D
219614;1787409613382;20.2;43;43.9;14.0;663.0;614.6;1509_direct_carried;;;;717.2;202;663;;0;2;1502
220034;1787409613802;21.8;43;43.9;14.0;663.0;614.6;1509_direct_carried;;;;717.2;218;663;;0;2;1505
220242;1787409614010;21.8;43;43.9;14.0;663.0;614.6;1509_direct_carried;;;;717.2;218;663;;0;2;1506
220664;1787409614432;21.8;43;43.9;14.0;663.0;614.6;1509_direct_carried;;;;717.2;218;663;;0;2;1508
220863;1787409614631;21.8;43;45.1;9.0;405.0;405.90000000000003;1509_direct;;;;717.2;218;405;;0;2;1509
221072;1787409614840;21.8;43;45.1;9.0;405.0;405.90000000000003;1509_direct_carried;;;;717.2;218;405;;0;2;150A
221281;1787409615049;21.8;43;45.1;9.0;405.0;405.90000000000003;1509_direct_carried;;;;717.2;218;405;;0;2;150B
221531;1787409615299;21.8;43;45.1;9.0;405.0;405.90000000000003;1509_direct_carried;;;;717.2;218;405;;0;2;150D
222533;1787409616301;21.8;43;45.1;9.0;405.0;405.90000000000003;1509_direct_carried;;;;717.2;218;405;;0;2;1502
223160;1787409616928;21.8;43;45.1;9.0;405.0;405.90000000000003;1509_direct_carried;;;;717.2;218;405;;0;2;1506
223584;1787409617352;21.8;43;45.1;9.0;405.0;405.90000000000003;1509_direct_carried;;;;717.2;218;405;;0;2;1508
223782;1787409617550;21.8;43;45.1;9.0;405.0;405.90000000000003;1509_direct;;;;717.2;218;405;;0;2;1509
223994;1787409617762;21.8;43;45.1;9.0;405.0;405.90000000000003;1509_direct_carried;;;;717.2;218;405;;0;2;150A
224200;1787409617968;21.8;43;45.1;9.0;405.0;405.90000000000003;1509_direct_carried;;;;717.2;218;405;;0;2;150B
224411;1787409618179;21.8;43;45.1;9.0;405.0;405.90000000000003;1509_direct_carried;;;;717.2;218;405;;0;2;150D
225454;1787409619222;21.8;43;45.1;9.0;405.0;405.90000000000003;1509_direct_carried;;;;717.2;218;405;;0;2;1502
225871;1787409619639;21.2;43;45.1;9.0;405.0;405.90000000000003;1509_direct_carried;;;;717.2;212;405;;0;2;1505
226082;1787409619850;21.2;43;45.1;9.0;405.0;405.90000000000003;1509_direct_carried;;;;717.2;212;405;;0;2;1506
226503;1787409620271;21.2;43;45.1;9.0;405.0;405.90000000000003;1509_direct_carried;;;;717.2;212;405;;0;2;1508
226714;1787409620482;21.2;43;44.5;12.0;490.0;534.0;1509_direct;;;;717.2;212;490;;0;2;1509
226914;1787409620682;21.2;43;44.5;12.0;490.0;534.0;1509_direct_carried;;;;717.2;212;490;;0;2;150A
227122;1787409620890;21.2;43;44.5;12.0;490.0;534.0;1509_direct_carried;;;;717.2;212;490;;0;2;150B
227330;1787409621098;21.2;43;44.5;12.0;490.0;534.0;1509_direct_carried;;;;717.2;212;490;;0;2;150D
228381;1787409622149;21.2;43;44.5;12.0;490.0;534.0;1509_direct_carried;;;;717.2;212;490;;0;2;1502
228793;1787409622561;21.8;43;44.5;12.0;490.0;534.0;1509_direct_carried;;;;717.2;218;490;;0;2;1505
229003;1787409622771;21.8;43;44.5;12.0;490.0;534.0;1509_direct_carried;;;;717.2;218;490;;0;2;1506
229422;1787409623190;21.8;43;44.5;12.0;490.0;534.0;1509_direct_carried;;;;717.2;218;490;;0;2;1508
229631;1787409623399;21.8;43;44.6;13.0;579.0;579.8000000000001;1509_direct;;;;717.2;218;579;;0;2;1509
229842;1787409623610;21.8;43;44.6;13.0;579.0;579.8000000000001;1509_direct_carried;;;;717.2;218;579;;0;2;150A
230040;1787409623808;21.8;43;44.6;13.0;579.0;579.8000000000001;1509_direct_carried;;;;717.2;218;579;;0;2;150B
230252;1787409624020;21.8;43;44.6;13.0;579.0;579.8000000000001;1509_direct_carried;;;;717.2;218;579;;0;2;150D
231304;1787409625072;21.8;43;44.6;13.0;579.0;579.8000000000001;1509_direct_carried;;;;717.2;218;579;;0;2;1502
231714;1787409625482;20.4;43;44.6;13.0;579.0;579.8000000000001;1509_direct_carried;;;;717.2;204;579;;0;2;1505
231921;1787409625689;20.4;43;44.6;13.0;579.0;579.8000000000001;1509_direct_carried;;;;717.3;204;579;;0;2;1506
232342;1787409626110;20.4;43;44.6;13.0;579.0;579.8000000000001;1509_direct_carried;;;;717.3;204;579;;0;2;1508
232551;1787409626319;20.4;43;44.5;12.0;534.0;534.0;1509_direct;;;;717.3;204;534;;0;2;1509
232761;1787409626529;20.4;43;44.5;12.0;534.0;534.0;1509_direct_carried;;;;717.3;204;534;;0;2;150A
232972;1787409626740;20.4;43;44.5;12.0;534.0;534.0;1509_direct_carried;;;;717.3;204;534;;0;2;150B
233172;1787409626940;20.4;43;44.5;12.0;534.0;534.0;1509_direct_carried;;;;717.3;204;534;;0;2;150D
234224;1787409627992;20.4;43;44.5;12.0;534.0;534.0;1509_direct_carried;;;;717.3;204;534;;0;2;1502
234710;1787409628478;19.7;43;44.5;12.0;534.0;534.0;1509_direct_carried;;;;717.3;197;534;;0;2;1505
234840;1787409628608;19.7;43;44.5;12.0;534.0;534.0;1509_direct_carried;;;;717.3;197;534;;0;2;1506
235313;1787409629081;19.7;43;44.5;12.0;534.0;534.0;1509_direct_carried;;;;717.3;197;534;;0;2;1508
235471;1787409629239;19.7;43;45.4;8.0;363.0;363.2;1509_direct;;;;717.3;197;363;;0;2;1509
235726;1787409629494;19.7;43;45.4;8.0;363.0;363.2;1509_direct_carried;;;;717.3;197;363;;0;2;150A
235892;1787409629660;19.7;43;45.4;8.0;363.0;363.2;1509_direct_carried;;;;717.3;197;363;;0;2;150B
236105;1787409629873;19.7;43;45.4;8.0;363.0;363.2;1509_direct_carried;;;;717.3;197;363;;0;2;150D
237140;1787409630908;19.7;43;45.4;8.0;363.0;363.2;1509_direct_carried;;;;717.3;197;363;;0;2;1502
237564;1787409631332;16.5;43;45.4;8.0;363.0;363.2;1509_direct_carried;;;;717.3;165;363;;0;2;1505
237826;1787409631594;16.5;43;45.4;8.0;363.0;363.2;1509_direct_carried;;;;717.3;165;363;;0;2;1506
238184;1787409631952;16.5;43;45.4;8.0;363.0;363.2;1509_direct_carried;;;;717.3;165;363;;0;2;1508
238394;1787409632162;16.5;43;45.1;10.0;360.0;451.0;1509_direct;;;;717.3;165;360;;0;2;1509
238601;1787409632369;16.5;43;45.1;10.0;360.0;451.0;1509_direct_carried;;;;717.3;165;360;;0;2;150A
238811;1787409632579;16.5;43;45.1;10.0;360.0;451.0;1509_direct_carried;;;;717.3;165;360;;0;2;150B
239021;1787409632789;16.5;43;45.1;10.0;360.0;451.0;1509_direct_carried;;;;717.3;165;360;;0;2;150D
240136;1787409633904;16.5;43;45.1;10.0;360.0;451.0;1509_direct_carried;;;;717.3;165;360;;0;2;1502
240481;1787409634249;15.2;43;45.1;10.0;360.0;451.0;1509_direct_carried;;;;717.3;152;360;;0;2;1505
240694;1787409634462;15.2;43;45.1;10.0;360.0;451.0;1509_direct_carried;;;;717.3;152;360;;0;2;1506
241103;1787409634871;15.2;43;45.1;10.0;360.0;451.0;1509_direct_carried;;;;717.3;152;360;;0;2;1508
241400;1787409635168;15.2;43;44.6;15.0;669.0;669.0;1509_direct;;;;717.3;152;669;;0;2;1509
241518;1787409635286;15.2;43;44.6;15.0;669.0;669.0;1509_direct_carried;;;;717.3;152;669;;0;2;150A
241804;1787409635572;15.2;43;44.6;15.0;669.0;669.0;1509_direct_carried;;;;717.3;152;669;;0;2;150B
241940;1787409635708;15.2;43;44.6;15.0;669.0;669.0;1509_direct_carried;;;;717.3;152;669;;0;2;150D
243066;1787409636834;15.2;43;44.6;15.0;669.0;669.0;1509_direct_carried;;;;717.3;152;669;;0;2;1502
243402;1787409637170;21.8;43;44.6;15.0;669.0;669.0;1509_direct_carried;;;;717.3;218;669;;0;2;1505
243614;1787409637382;21.8;43;44.6;15.0;669.0;669.0;1509_direct_carried;;;;717.3;218;669;;0;2;1506
244097;1787409637865;21.8;43;44.6;15.0;669.0;669.0;1509_direct_carried;;;;717.3;218;669;;0;2;1508
244230;1787409637998;21.8;42;45.7;5.0;228.0;228.5;1509_direct;;;;717.3;218;228;;0;2;1509
244441;1787409638209;21.8;42;45.7;5.0;228.0;228.5;1509_direct_carried;;;;717.3;218;228;;0;2;150A
244651;1787409638419;21.8;42;45.7;5.0;228.0;228.5;1509_direct_carried;;;;717.3;218;228;;0;2;150B
244861;1787409638629;21.8;42;45.7;5.0;228.0;228.5;1509_direct_carried;;;;717.3;218;228;;0;2;150D
245953;1787409639721;21.8;42;45.7;5.0;228.0;228.5;1509_direct_carried;;;;717.3;218;228;;0;2;1502
246321;1787409640089;21.8;42;45.7;5.0;228.0;228.5;1509_direct_carried;;;;717.3;218;228;;0;2;1505
246534;1787409640302;21.8;42;45.7;5.0;228.0;228.5;1509_direct_carried;;;;717.3;218;228;;0;2;1506
246951;1787409640719;21.8;42;45.7;5.0;228.0;228.5;1509_direct_carried;;;;717.3;218;228;;0;2;1508
247154;1787409640922;21.8;37;45.6;4.0;227.0;182.4;1509_direct;;;;717.3;218;227;;0;2;1509
247361;1787409641129;21.8;37;45.6;4.0;227.0;182.4;1509_direct_carried;;;;717.3;218;227;;0;2;150A
247571;1787409641339;21.8;37;45.6;4.0;227.0;182.4;1509_direct_carried;;;;717.3;218;227;;0;2;150B
247781;1787409641549;21.8;37;45.6;4.0;227.0;182.4;1509_direct_carried;;;;717.3;218;227;;0;2;150D
248824;1787409642592;21.8;37;45.6;4.0;227.0;182.4;1509_direct_carried;;;;717.3;218;227;;0;2;1502
249240;1787409643008;21.8;37;45.6;4.0;227.0;182.4;1509_direct_carried;;;;717.3;218;227;;0;2;1505
249448;1787409643216;21.8;37;45.6;4.0;227.0;182.4;1509_direct_carried;;;;717.4;218;227;;0;2;1506
249872;1787409643640;21.8;37;45.6;4.0;227.0;182.4;1509_direct_carried;;;;717.4;218;227;;0;2;1508
250084;1787409643852;21.8;37;45.7;4.0;182.0;182.8;1509_direct;;;;717.4;218;182;;0;2;1509
250284;1787409644052;21.8;37;45.7;4.0;182.0;182.8;1509_direct_carried;;;;717.4;218;182;;0;2;150A
250492;1787409644260;21.8;37;45.7;4.0;182.0;182.8;1509_direct_carried;;;;717.4;218;182;;0;2;150B
250701;1787409644469;21.8;37;45.7;4.0;182.0;182.8;1509_direct_carried;;;;717.4;218;182;;0;2;150D
251748;1787409645516;21.8;37;45.7;4.0;182.0;182.8;1509_direct_carried;;;;717.4;218;182;;0;2;1502
252159;1787409645927;21.8;37;45.7;4.0;182.0;182.8;1509_direct_carried;;;;717.4;218;182;;0;2;1505
252371;1787409646139;21.8;37;45.7;4.0;182.0;182.8;1509_direct_carried;;;;717.4;218;182;;0;2;1506
252790;1787409646558;21.8;37;45.7;4.0;182.0;182.8;1509_direct_carried;;;;717.4;218;182;;0;2;1508
252995;1787409646763;21.8;37;45.8;4.0;183.0;183.2;1509_direct;;;;717.4;218;183;;0;2;1509
253205;1787409646973;21.8;37;45.8;4.0;183.0;183.2;1509_direct_carried;;;;717.4;218;183;;0;2;150A
253405;1787409647173;21.8;37;45.8;4.0;183.0;183.2;1509_direct_carried;;;;717.4;218;183;;0;2;150B
253617;1787409647385;21.8;37;45.8;4.0;183.0;183.2;1509_direct_carried;;;;717.4;218;183;;0;2;150D
254667;1787409648435;21.8;37;45.8;4.0;183.0;183.2;1509_direct_carried;;;;717.4;218;183;;0;2;1502
255075;1787409648843;21.8;37;45.8;4.0;183.0;183.2;1509_direct_carried;;;;717.4;218;183;;0;2;1505
255286;1787409649054;21.8;37;45.8;4.0;183.0;183.2;1509_direct_carried;;;;717.4;218;183;;0;2;1506
255706;1787409649474;21.8;37;45.8;4.0;183.0;183.2;1509_direct_carried;;;;717.4;218;183;;0;2;1508
255918;1787409649686;21.8;37;45.7;4.0;182.0;182.8;1509_direct;;;;717.4;218;182;;0;2;1509
256129;1787409649897;21.8;37;45.7;4.0;182.0;182.8;1509_direct_carried;;;;717.4;218;182;;0;2;150A
256336;1787409650104;21.8;37;45.7;4.0;182.0;182.8;1509_direct_carried;;;;717.4;218;182;;0;2;150B
256547;1787409650315;21.8;37;45.7;4.0;182.0;182.8;1509_direct_carried;;;;717.4;218;182;;0;2;150D
257588;1787409651356;21.8;37;45.7;4.0;182.0;182.8;1509_direct_carried;;;;717.4;218;182;;0;2;1502
258007;1787409651775;21.8;37;45.7;4.0;182.0;182.8;1509_direct_carried;;;;717.4;218;182;;0;2;1505
258210;1787409651978;21.8;37;45.7;4.0;182.0;182.8;1509_direct_carried;;;;717.4;218;182;;0;2;1506
258630;1787409652398;21.8;37;45.7;4.0;182.0;182.8;1509_direct_carried;;;;717.4;218;182;;0;2;1508
258840;1787409652608;21.8;35;45.8;5.0;228.0;229.0;1509_direct;;;;717.4;218;228;;0;2;1509
259048;1787409652816;21.8;35;45.8;5.0;228.0;229.0;1509_direct_carried;;;;717.4;218;228;;0;2;150A
259260;1787409653028;21.8;35;45.8;5.0;228.0;229.0;1509_direct_carried;;;;717.4;218;228;;0;2;150B
259469;1787409653237;21.8;35;45.8;5.0;228.0;229.0;1509_direct_carried;;;;717.4;218;228;;0;2;150D
260513;1787409654281;21.8;35;45.8;5.0;228.0;229.0;1509_direct_carried;;;;717.4;218;228;;0;2;1502
260926;1787409654694;21.8;35;45.8;5.0;228.0;229.0;1509_direct_carried;;;;717.4;218;228;;0;2;1505
261140;1787409654908;21.8;35;45.8;5.0;228.0;229.0;1509_direct_carried;;;;717.4;218;228;;0;2;1506
261551;1787409655319;21.8;35;45.8;5.0;228.0;229.0;1509_direct_carried;;;;717.4;218;228;;0;2;1508
261757;1787409655525;21.8;32;45.9;5.0;229.0;229.5;1509_direct;;;;717.4;218;229;;0;2;1509
261968;1787409655736;21.8;32;45.9;5.0;229.0;229.5;1509_direct_carried;;;;717.4;218;229;;0;2;150A
262180;1787409655948;21.8;32;45.9;5.0;229.0;229.5;1509_direct_carried;;;;717.4;218;229;;0;2;150B
262391;1787409656159;21.8;32;45.9;5.0;229.0;229.5;1509_direct_carried;;;;717.4;218;229;;0;2;150D
263432;1787409657200;21.8;32;45.9;5.0;229.0;229.5;1509_direct_carried;;;;717.4;218;229;;0;2;1502
263851;1787409657619;21.8;32;45.9;5.0;229.0;229.5;1509_direct_carried;;;;717.4;218;229;;0;2;1505
264060;1787409657828;21.8;32;45.9;5.0;229.0;229.5;1509_direct_carried;;;;717.5;218;229;;0;2;1506
264472;1787409658240;21.8;32;45.9;5.0;229.0;229.5;1509_direct_carried;;;;717.5;218;229;;0;2;1508
264679;1787409658447;21.8;32;46.2;4.0;184.0;184.8;1509_direct;;;;717.5;218;184;;0;2;1509
264889;1787409658657;21.8;32;46.2;4.0;184.0;184.8;1509_direct_carried;;;;717.5;218;184;;0;2;150A
265099;1787409658867;21.8;32;46.2;4.0;184.0;184.8;1509_direct_carried;;;;717.5;218;184;;0;2;150B
265308;1787409659076;21.8;32;46.2;4.0;184.0;184.8;1509_direct_carried;;;;717.5;218;184;;0;2;150D
266353;1787409660121;21.8;32;46.2;4.0;184.0;184.8;1509_direct_carried;;;;717.5;218;184;;0;2;1502
266771;1787409660539;21.8;32;46.2;4.0;184.0;184.8;1509_direct_carried;;;;717.5;218;184;;0;2;1505
266981;1787409660749;21.8;32;46.2;4.0;184.0;184.8;1509_direct_carried;;;;717.5;218;184;;0;2;1506
267401;1787409661169;21.8;32;46.2;4.0;184.0;184.8;1509_direct_carried;;;;717.5;218;184;;0;2;1508
267601;1787409661369;21.8;32;45.6;6.0;229.0;273.6;1509_direct;;;;717.5;218;229;;0;2;1509
267810;1787409661578;21.8;32;45.6;6.0;229.0;273.6;1509_direct_carried;;;;717.5;218;229;;0;2;150A
268017;1787409661785;21.8;32;45.6;6.0;229.0;273.6;1509_direct_carried;;;;717.5;218;229;;0;2;150B
268230;1787409661998;21.8;32;45.6;6.0;229.0;273.6;1509_direct_carried;;;;717.5;218;229;;0;2;150D
269270;1787409663038;21.8;32;45.6;6.0;229.0;273.6;1509_direct_carried;;;;717.5;218;229;;0;2;1502
269686;1787409663454;21.8;32;45.6;6.0;229.0;273.6;1509_direct_carried;;;;717.5;218;229;;0;2;1505
269903;1787409663671;21.8;32;45.6;6.0;229.0;273.6;1509_direct_carried;;;;717.5;218;229;;0;2;1506
270321;1787409664089;21.8;32;45.6;6.0;229.0;273.6;1509_direct_carried;;;;717.5;218;229;;0;2;1508
270531;1787409664299;21.8;32;45.7;5.0;228.0;228.5;1509_direct;;;;717.5;218;228;;0;2;1509
270731;1787409664499;21.8;32;45.7;5.0;228.0;228.5;1509_direct_carried;;;;717.5;218;228;;0;2;150A
270938;1787409664706;21.8;32;45.7;5.0;228.0;228.5;1509_direct_carried;;;;717.5;218;228;;0;2;150B
271147;1787409664915;21.8;32;45.7;5.0;228.0;228.5;1509_direct_carried;;;;717.5;218;228;;0;2;150D
272198;1787409665966;21.8;32;45.7;5.0;228.0;228.5;1509_direct_carried;;;;717.5;218;228;;0;2;1502
272608;1787409666376;21.8;32;45.7;5.0;228.0;228.5;1509_direct_carried;;;;717.5;218;228;;0;2;1505
272817;1787409666585;21.8;32;45.7;5.0;228.0;228.5;1509_direct_carried;;;;717.5;218;228;;0;2;1506
273237;1787409667005;21.8;32;45.7;5.0;228.0;228.5;1509_direct_carried;;;;717.5;218;228;;0;2;1508
273448;1787409667216;21.8;32;45.8;5.0;229.0;229.0;1509_direct;;;;717.5;218;229;;0;2;1509
273662;1787409667430;21.8;32;45.8;5.0;229.0;229.0;1509_direct_carried;;;;717.5;218;229;;0;2;150A
273861;1787409667629;21.8;32;45.8;5.0;229.0;229.0;1509_direct_carried;;;;717.5;218;229;;0;2;150B
274067;1787409667835;21.8;32;45.8;5.0;229.0;229.0;1509_direct_carried;;;;717.5;218;229;;0;2;150D
275123;1787409668891;21.8;32;45.8;5.0;229.0;229.0;1509_direct_carried;;;;717.5;218;229;;0;2;1502
275528;1787409669296;21.8;32;45.8;5.0;229.0;229.0;1509_direct_carried;;;;717.5;218;229;;0;2;1505
275742;1787409669510;21.8;32;45.8;5.0;229.0;229.0;1509_direct_carried;;;;717.5;218;229;;0;2;1506
276161;1787409669929;21.8;32;45.8;5.0;229.0;229.0;1509_direct_carried;;;;717.5;218;229;;0;2;1508
276368;1787409670136;21.8;32;45.8;5.0;229.0;229.0;1509_direct;;;;717.5;218;229;;0;2;1509
276578;1787409670346;21.8;32;45.8;5.0;229.0;229.0;1509_direct_carried;;;;717.5;218;229;;0;2;150A
276788;1787409670556;21.8;32;45.8;5.0;229.0;229.0;1509_direct_carried;;;;717.5;218;229;;0;2;150B
276988;1787409670756;21.8;32;45.8;5.0;229.0;229.0;1509_direct_carried;;;;717.5;218;229;;0;2;150D
278037;1787409671805;21.8;32;45.8;5.0;229.0;229.0;1509_direct_carried;;;;717.5;218;229;;0;2;1502
278461;1787409672229;21.8;32;45.8;5.0;229.0;229.0;1509_direct_carried;;;;717.5;218;229;;0;2;1505
278661;1787409672429;21.8;32;45.8;5.0;229.0;229.0;1509_direct_carried;;;;717.5;218;229;;0;2;1506
279076;1787409672844;21.8;32;45.8;5.0;229.0;229.0;1509_direct_carried;;;;717.5;218;229;;0;2;1508
279296;1787409673064;21.8;32;45.7;4.0;184.0;182.8;1509_direct;;;;717.5;218;184;;0;2;1509
279497;1787409673265;21.8;32;45.7;4.0;184.0;182.8;1509_direct_carried;;;;717.5;218;184;;0;2;150A
279707;1787409673475;21.8;32;45.7;4.0;184.0;182.8;1509_direct_carried;;;;717.5;218;184;;0;2;150B
280130;1787409673898;21.8;32;45.7;4.0;184.0;182.8;1509_direct_carried;;;;717.5;218;184;;0;2;150D
281181;1787409674949;21.8;32;45.7;4.0;184.0;182.8;1509_direct_carried;;;;717.5;218;184;;0;2;1502
281593;1787409675361;21.8;32;45.7;4.0;184.0;182.8;1509_direct_carried;;;;717.5;218;184;;0;2;1505
281801;1787409675569;21.8;32;45.7;4.0;184.0;182.8;1509_direct_carried;;;;717.6;218;184;;0;2;1506
282221;1787409675989;21.8;32;45.7;4.0;184.0;182.8;1509_direct_carried;;;;717.6;218;184;;0;2;1508
282432;1787409676200;21.8;32;46.2;3.0;138.0;138.60000000000002;1509_direct;;;;717.6;218;138;;0;2;1509
282641;1787409676409;21.8;32;46.2;3.0;138.0;138.60000000000002;1509_direct_carried;;;;717.6;218;138;;0;2;150A
282839;1787409676607;21.8;32;46.2;3.0;138.0;138.60000000000002;1509_direct_carried;;;;717.6;218;138;;0;2;150B
283050;1787409676818;21.8;32;46.2;3.0;138.0;138.60000000000002;1509_direct_carried;;;;717.6;218;138;;0;2;150D
284101;1787409677869;21.8;32;46.2;3.0;138.0;138.60000000000002;1509_direct_carried;;;;717.6;218;138;;0;2;1502
284512;1787409678280;21.8;32;46.2;3.0;138.0;138.60000000000002;1509_direct_carried;;;;717.6;218;138;;0;2;1505
284717;1787409678485;21.8;32;46.2;3.0;138.0;138.60000000000002;1509_direct_carried;;;;717.6;218;138;;0;2;1506
285138;1787409678906;21.8;32;46.2;3.0;138.0;138.60000000000002;1509_direct_carried;;;;717.6;218;138;;0;2;1508
285348;1787409679116;21.8;32;45.9;5.0;229.0;229.5;1509_direct;;;;717.6;218;229;;0;2;1509
285557;1787409679325;21.8;32;45.9;5.0;229.0;229.5;1509_direct_carried;;;;717.6;218;229;;0;2;150A
285768;1787409679536;21.8;32;45.9;5.0;229.0;229.5;1509_direct_carried;;;;717.6;218;229;;0;2;150B
285978;1787409679746;21.8;32;45.9;5.0;229.0;229.5;1509_direct_carried;;;;717.6;218;229;;0;2;150D
287018;1787409680786;21.8;32;45.9;5.0;229.0;229.5;1509_direct_carried;;;;717.6;218;229;;0;2;1502
287438;1787409681206;21.8;32;45.9;5.0;229.0;229.5;1509_direct_carried;;;;717.6;218;229;;0;2;1505
287638;1787409681406;21.8;32;45.9;5.0;229.0;229.5;1509_direct_carried;;;;717.6;218;229;;0;2;1506
288058;1787409681826;21.8;32;45.9;5.0;229.0;229.5;1509_direct_carried;;;;717.6;218;229;;0;2;1508
288267;1787409682035;21.8;32;46.2;4.0;184.0;184.8;1509_direct;;;;717.6;218;184;;0;2;1509
288478;1787409682246;21.8;32;46.2;4.0;184.0;184.8;1509_direct_carried;;;;717.6;218;184;;0;2;150A
288690;1787409682458;21.8;32;46.2;4.0;184.0;184.8;1509_direct_carried;;;;717.6;218;184;;0;2;150B
288902;1787409682670;21.8;32;46.2;4.0;184.0;184.8;1509_direct_carried;;;;717.6;218;184;;0;2;150D
289941;1787409683709;21.8;32;46.2;4.0;184.0;184.8;1509_direct_carried;;;;717.6;218;184;;0;2;1502
290360;1787409684128;21.8;32;46.2;4.0;184.0;184.8;1509_direct_carried;;;;717.6;218;184;;0;2;1505
290569;1787409684337;21.8;32;46.2;4.0;184.0;184.8;1509_direct_carried;;;;717.6;218;184;;0;2;1506
290980;1787409684748;21.8;32;46.2;4.0;184.0;184.8;1509_direct_carried;;;;717.6;218;184;;0;2;1508
291188;1787409684956;21.8;32;46.2;5.0;230.0;231.0;1509_direct;;;;717.6;218;230;;0;2;1509
291398;1787409685166;21.8;32;46.2;5.0;230.0;231.0;1509_direct_carried;;;;717.6;218;230;;0;2;150A
291608;1787409685376;21.8;32;46.2;5.0;230.0;231.0;1509_direct_carried;;;;717.6;218;230;;0;2;150B
291819;1787409685587;21.8;32;46.2;5.0;230.0;231.0;1509_direct_carried;;;;717.6;218;230;;0;2;150D
292859;1787409686627;21.8;32;46.2;5.0;230.0;231.0;1509_direct_carried;;;;717.6;218;230;;0;2;1502
293281;1787409687049;21.8;32;46.2;5.0;230.0;231.0;1509_direct_carried;;;;717.6;218;230;;0;2;1505
293488;1787409687256;21.8;32;46.2;5.0;230.0;231.0;1509_direct_carried;;;;717.6;218;230;;0;2;1506
293901;1787409687669;21.8;32;46.2;5.0;230.0;231.0;1509_direct_carried;;;;717.6;218;230;;0;2;1508
294109;1787409687877;21.8;32;45.8;4.0;183.0;183.2;1509_direct;;;;717.6;218;183;;0;2;1509
294318;1787409688086;21.8;32;45.8;4.0;183.0;183.2;1509_direct_carried;;;;717.6;218;183;;0;2;150A
294528;1787409688296;21.8;32;45.8;4.0;183.0;183.2;1509_direct_carried;;;;717.6;218;183;;0;2;150B
294740;1787409688508;21.8;32;45.8;4.0;183.0;183.2;1509_direct_carried;;;;717.6;218;183;;0;2;150D
295782;1787409689550;21.8;32;45.8;4.0;183.0;183.2;1509_direct_carried;;;;717.6;218;183;;0;2;1502
296198;1787409689966;21.8;32;45.8;4.0;183.0;183.2;1509_direct_carried;;;;717.6;218;183;;0;2;1505
296410;1787409690178;21.8;32;45.8;4.0;183.0;183.2;1509_direct_carried;;;;717.7;218;183;;0;2;1506
296829;1787409690597;21.8;32;45.8;4.0;183.0;183.2;1509_direct_carried;;;;717.7;218;183;;0;2;1508
297028;1787409690796;21.8;32;45.7;4.0;182.0;182.8;1509_direct;;;;717.7;218;182;;0;2;1509
297238;1787409691006;21.8;32;45.7;4.0;182.0;182.8;1509_direct_carried;;;;717.7;218;182;;0;2;150A
297448;1787409691216;21.8;32;45.7;4.0;182.0;182.8;1509_direct_carried;;;;717.7;218;182;;0;2;150B
297661;1787409691429;21.8;32;45.7;4.0;182.0;182.8;1509_direct_carried;;;;717.7;218;182;;0;2;150D
298699;1787409692467;21.8;32;45.7;4.0;182.0;182.8;1509_direct_carried;;;;717.7;218;182;;0;2;1502
299120;1787409692888;21.8;32;45.7;4.0;182.0;182.8;1509_direct_carried;;;;717.7;218;182;;0;2;1505
299329;1787409693097;21.8;32;45.7;4.0;182.0;182.8;1509_direct_carried;;;;717.7;218;182;;0;2;1506
299748;1787409693516;21.8;32;45.7;4.0;182.0;182.8;1509_direct_carried;;;;717.7;218;182;;0;2;1508
299962;1787409693730;21.8;32;45.9;5.0;182.0;229.5;1509_direct;;;;717.7;218;182;;0;2;1509
300160;1787409693928;21.8;32;45.9;5.0;182.0;229.5;1509_direct_carried;;;;717.7;218;182;;0;2;150A
300371;1787409694139;21.8;32;45.9;5.0;182.0;229.5;1509_direct_carried;;;;717.7;218;182;;0;2;150B
300581;1787409694349;21.8;32;45.9;5.0;182.0;229.5;1509_direct_carried;;;;717.7;218;182;;0;2;150D
301630;1787409695398;21.8;32;45.9;5.0;182.0;229.5;1509_direct_carried;;;;717.7;218;182;;0;2;1502
302041;1787409695809;21.8;32;45.9;5.0;182.0;229.5;1509_direct_carried;;;;717.7;218;182;;0;2;1505
302251;1787409696019;21.8;32;45.9;5.0;182.0;229.5;1509_direct_carried;;;;717.7;218;182;;0;2;1506
302671;1787409696439;21.8;32;45.9;5.0;182.0;229.5;1509_direct_carried;;;;717.7;218;182;;0;2;1508
302881;1787409696649;21.8;32;45.7;5.0;183.0;228.5;1509_direct;;;;717.7;218;183;;0;2;1509
303090;1787409696858;21.8;32;45.7;5.0;183.0;228.5;1509_direct_carried;;;;717.7;218;183;;0;2;150A
303301;1787409697069;21.8;32;45.7;5.0;183.0;228.5;1509_direct_carried;;;;717.7;218;183;;0;2;150B
303500;1787409697268;21.8;32;45.7;5.0;183.0;228.5;1509_direct_carried;;;;717.7;218;183;;0;2;150D
304552;1787409698320;21.8;32;45.7;5.0;183.0;228.5;1509_direct_carried;;;;717.7;218;183;;0;2;1502
304961;1787409698729;21.8;32;45.7;5.0;183.0;228.5;1509_direct_carried;;;;717.7;218;183;;0;2;1505
305171;1787409698939;21.8;32;45.7;5.0;183.0;228.5;1509_direct_carried;;;;717.7;218;183;;0;2;1506
305591;1787409699359;21.8;32;45.7;5.0;183.0;228.5;1509_direct_carried;;;;717.7;218;183;;0;2;1508
305801;1787409699569;21.8;32;45.8;5.0;229.0;229.0;1509_direct;;;;717.7;218;229;;0;2;1509
306015;1787409699783;21.8;32;45.8;5.0;229.0;229.0;1509_direct_carried;;;;717.7;218;229;;0;2;150A
306223;1787409699991;21.8;32;45.8;5.0;229.0;229.0;1509_direct_carried;;;;717.7;218;229;;0;2;150B
306431;1787409700199;21.8;32;45.8;5.0;229.0;229.0;1509_direct_carried;;;;717.7;218;229;;0;2;150D
307473;1787409701241;21.8;32;45.8;5.0;229.0;229.0;1509_direct_carried;;;;717.7;218;229;;0;2;1502
307893;1787409701661;21.8;32;45.8;5.0;229.0;229.0;1509_direct_carried;;;;717.7;218;229;;0;2;1505
308094;1787409701862;21.8;32;45.8;5.0;229.0;229.0;1509_direct_carried;;;;717.7;218;229;;0;2;1506
308514;1787409702282;21.8;32;45.8;5.0;229.0;229.0;1509_direct_carried;;;;717.7;218;229;;0;2;1508
308721;1787409702489;21.8;32;45.8;4.0;183.0;183.2;1509_direct;;;;717.7;218;183;;0;2;1509
308930;1787409702698;21.8;32;45.8;4.0;183.0;183.2;1509_direct_carried;;;;717.7;218;183;;0;2;150A
309140;1787409702908;21.8;32;45.8;4.0;183.0;183.2;1509_direct_carried;;;;717.7;218;183;;0;2;150B
309352;1787409703120;21.8;32;45.8;4.0;183.0;183.2;1509_direct_carried;;;;717.7;218;183;;0;2;150D
310393;1787409704161;21.8;32;45.8;4.0;183.0;183.2;1509_direct_carried;;;;717.7;218;183;;0;2;1502
310815;1787409704583;21.8;32;45.8;4.0;183.0;183.2;1509_direct_carried;;;;717.7;218;183;;0;2;1505
311022;1787409704790;21.8;32;45.8;4.0;183.0;183.2;1509_direct_carried;;;;717.7;218;183;;0;2;1506
311433;1787409705201;21.8;32;45.8;4.0;183.0;183.2;1509_direct_carried;;;;717.7;218;183;;0;2;1508
311642;1787409705410;21.8;32;45.8;5.0;228.0;229.0;1509_direct;;;;717.7;218;228;;0;2;1509
311851;1787409705619;21.8;32;45.8;5.0;228.0;229.0;1509_direct_carried;;;;717.7;218;228;;0;2;150A
312063;1787409705831;21.8;32;45.8;5.0;228.0;229.0;1509_direct_carried;;;;717.7;218;228;;0;2;150B
312271;1787409706039;21.8;32;45.8;5.0;228.0;229.0;1509_direct_carried;;;;717.7;218;228;;0;2;150D
313311;1787409707079;21.8;32;45.8;5.0;228.0;229.0;1509_direct_carried;;;;717.7;218;228;;0;2;1502
313732;1787409707500;21.8;32;45.8;5.0;228.0;229.0;1509_direct_carried;;;;717.7;218;228;;0;2;1505
313939;1787409707707;21.8;32;45.8;5.0;228.0;229.0;1509_direct_carried;;;;717.8;218;228;;0;2;1506
314352;1787409708120;21.8;32;45.8;5.0;228.0;229.0;1509_direct_carried;;;;717.8;218;228;;0;2;1508
314562;1787409708330;21.8;32;46.2;3.0;138.0;138.60000000000002;1509_direct;;;;717.8;218;138;;0;2;1509
314772;1787409708540;21.8;32;46.2;3.0;138.0;138.60000000000002;1509_direct_carried;;;;717.8;218;138;;0;2;150A
314982;1787409708750;21.8;32;46.2;3.0;138.0;138.60000000000002;1509_direct_carried;;;;717.8;218;138;;0;2;150B
315187;1787409708955;21.8;32;46.2;3.0;138.0;138.60000000000002;1509_direct_carried;;;;717.8;218;138;;0;2;150D
316231;1787409709999;21.8;32;46.2;3.0;138.0;138.60000000000002;1509_direct_carried;;;;717.8;218;138;;0;2;1502
316653;1787409710421;21.8;32;46.2;3.0;138.0;138.60000000000002;1509_direct_carried;;;;717.8;218;138;;0;2;1505
316863;1787409710631;21.8;32;46.2;3.0;138.0;138.60000000000002;1509_direct_carried;;;;717.8;218;138;;0;2;1506
317280;1787409711048;21.8;32;46.2;3.0;138.0;138.60000000000002;1509_direct_carried;;;;717.8;218;138;;0;2;1508
317481;1787409711249;21.8;32;45.8;4.0;183.0;183.2;1509_direct;;;;717.8;218;183;;0;2;1509
317692;1787409711460;21.8;32;45.8;4.0;183.0;183.2;1509_direct_carried;;;;717.8;218;183;;0;2;150A
317901;1787409711669;21.8;32;45.8;4.0;183.0;183.2;1509_direct_carried;;;;717.8;218;183;;0;2;150B
318112;1787409711880;21.8;32;45.8;4.0;183.0;183.2;1509_direct_carried;;;;717.8;218;183;;0;2;150D
319153;1787409712921;21.8;32;45.8;4.0;183.0;183.2;1509_direct_carried;;;;717.8;218;183;;0;2;1502
319571;1787409713339;21.8;32;45.8;4.0;183.0;183.2;1509_direct_carried;;;;717.8;218;183;;0;2;1505
319781;1787409713549;21.8;32;45.8;4.0;183.0;183.2;1509_direct_carried;;;;717.8;218;183;;0;2;1506
320202;1787409713970;21.8;32;45.8;4.0;183.0;183.2;1509_direct_carried;;;;717.8;218;183;;0;2;1508
320413;1787409714181;21.8;32;46.5;0.0;0.0;0.0;1509_direct;;;;717.8;218;0;;0;2;1509
320610;1787409714378;21.8;32;46.5;0.0;0.0;0.0;1509_direct_carried;;;;717.8;218;0;;0;2;150A
320822;1787409714590;21.8;32;46.5;0.0;0.0;0.0;1509_direct_carried;;;;717.8;218;0;;0;2;150B
321032;1787409714800;21.8;32;46.5;0.0;0.0;0.0;1509_direct_carried;;;;717.8;218;0;;0;2;150D
322083;1787409715851;21.8;32;46.5;0.0;0.0;0.0;1509_direct_carried;;;;717.8;218;0;;0;2;1502
322492;1787409716260;16.7;32;46.5;0.0;0.0;0.0;1509_direct_carried;;;;717.8;167;0;;0;2;1505
322702;1787409716470;16.7;32;46.5;0.0;0.0;0.0;1509_direct_carried;;;;717.8;167;0;;0;2;1506
323121;1787409716889;16.7;32;46.5;0.0;0.0;0.0;1509_direct_carried;;;;717.8;167;0;;0;2;1508
323337;1787409717105;16.7;36;45.6;11.0;498.0;501.6;1509_direct;;;;717.8;167;498;;0;2;1509
323542;1787409717310;16.7;36;45.6;11.0;498.0;501.6;1509_direct_carried;;;;717.8;167;498;;0;2;150A
323751;1787409717519;16.7;36;45.6;11.0;498.0;501.6;1509_direct_carried;;;;717.8;167;498;;0;2;150B
323952;1787409717720;16.7;36;45.6;11.0;498.0;501.6;1509_direct_carried;;;;717.8;167;498;;0;2;150D
325002;1787409718770;16.7;36;45.6;11.0;498.0;501.6;1509_direct_carried;;;;717.8;167;498;;0;2;1502
325415;1787409719183;21.4;36;45.6;11.0;498.0;501.6;1509_direct_carried;;;;717.8;214;498;;0;2;1505
325621;1787409719389;21.4;36;45.6;11.0;498.0;501.6;1509_direct_carried;;;;717.8;214;498;;0;2;1506
326041;1787409719809;21.4;36;45.6;11.0;498.0;501.6;1509_direct_carried;;;;717.8;214;498;;0;2;1508
326247;1787409720015;21.4;37;46.5;0.0;0.0;0.0;1509_direct;;;;717.8;214;0;;0;2;1509
326463;1787409720231;21.4;37;46.5;0.0;0.0;0.0;1509_direct_carried;;;;717.8;214;0;;0;2;150A
326667;1787409720435;21.4;37;46.5;0.0;0.0;0.0;1509_direct_carried;;;;717.8;214;0;;0;2;150B
326877;1787409720645;21.4;37;46.5;0.0;0.0;0.0;1509_direct_carried;;;;717.8;214;0;;0;2;150D
327917;1787409721685;21.4;37;46.5;0.0;0.0;0.0;1509_direct_carried;;;;717.8;214;0;;0;2;1502
328340;1787409722108;16.8;37;46.5;0.0;0.0;0.0;1509_direct_carried;;;;717.8;168;0;;0;2;1505
328541;1787409722309;16.8;37;46.5;0.0;0.0;0.0;1509_direct_carried;;;;717.8;168;0;;0;2;1506
328961;1787409722729;16.8;37;46.5;0.0;0.0;0.0;1509_direct_carried;;;;717.8;168;0;;0;2;1508
329170;1787409722938;16.8;37;46.6;0.0;0.0;0.0;1509_direct;;;;717.8;168;0;;0;2;1509
329381;1787409723149;16.8;37;46.6;0.0;0.0;0.0;1509_direct_carried;;;;717.8;168;0;;0;2;150A
329589;1787409723357;16.8;37;46.6;0.0;0.0;0.0;1509_direct_carried;;;;717.8;168;0;;0;2;150B
329799;1787409723567;16.8;37;46.6;0.0;0.0;0.0;1509_direct_carried;;;;717.8;168;0;;0;2;150D
330845;1787409724613;16.8;37;46.6;0.0;0.0;0.0;1509_direct_carried;;;;717.8;168;0;;0;2;1502
331260;1787409725028;14.2;37;46.6;0.0;0.0;0.0;1509_direct_carried;;;;717.8;142;0;;0;2;1505
331473;1787409725241;14.2;37;46.6;0.0;0.0;0.0;1509_direct_carried;;;;717.9;142;0;;0;2;1506
331884;1787409725652;14.2;37;46.6;0.0;0.0;0.0;1509_direct_carried;;;;717.9;142;0;;0;2;1508
332092;1787409725860;14.2;37;46.2;2.0;92.0;92.4;1509_direct;;;;717.9;142;92;;0;2;1509
332303;1787409726071;14.2;37;46.2;2.0;92.0;92.4;1509_direct_carried;;;;717.9;142;92;;0;2;150A
332513;1787409726281;14.2;37;46.2;2.0;92.0;92.4;1509_direct_carried;;;;717.9;142;92;;0;2;150B
332722;1787409726490;14.2;37;46.2;2.0;92.0;92.4;1509_direct_carried;;;;717.9;142;92;;0;2;150D
333761;1787409727529;14.2;37;46.2;2.0;92.0;92.4;1509_direct_carried;;;;717.9;142;92;;0;2;1502
334183;1787409727951;15.3;37;46.2;2.0;92.0;92.4;1509_direct_carried;;;;717.9;153;92;;0;2;1505
334393;1787409728161;15.3;37;46.2;2.0;92.0;92.4;1509_direct_carried;;;;717.9;153;92;;0;2;1506
334813;1787409728581;15.3;37;46.2;2.0;92.0;92.4;1509_direct_carried;;;;717.9;153;92;;0;2;1508
335010;1787409728778;15.3;37;46.0;4.0;184.0;184.0;1509_direct;;;;717.9;153;184;;0;2;1509
335220;1787409728988;15.3;37;46.0;4.0;184.0;184.0;1509_direct_carried;;;;717.9;153;184;;0;2;150A
335431;1787409729199;15.3;37;46.0;4.0;184.0;184.0;1509_direct_carried;;;;717.9;153;184;;0;2;150B
335641;1787409729409;15.3;37;46.0;4.0;184.0;184.0;1509_direct_carried;;;;717.9;153;184;;0;2;150D
336682;1787409730450;15.3;37;46.0;4.0;184.0;184.0;1509_direct_carried;;;;717.9;153;184;;0;2;1502
337102;1787409730870;14.4;37;46.0;4.0;184.0;184.0;1509_direct_carried;;;;717.9;144;184;;0;2;1505
337312;1787409731080;14.4;37;46.0;4.0;184.0;184.0;1509_direct_carried;;;;717.9;144;184;;0;2;1506
337732;1787409731500;14.4;37;46.0;4.0;184.0;184.0;1509_direct_carried;;;;717.9;144;184;;0;2;1508
337945;1787409731713;14.4;37;46.6;0.0;0.0;0.0;1509_direct;;;;717.9;144;0;;0;2;1509
338142;1787409731910;14.4;37;46.6;0.0;0.0;0.0;1509_direct_carried;;;;717.9;144;0;;0;2;150A
338350;1787409732118;14.4;37;46.6;0.0;0.0;0.0;1509_direct_carried;;;;717.9;144;0;;0;2;150B
338565;1787409732333;14.4;37;46.6;0.0;0.0;0.0;1509_direct_carried;;;;717.9;144;0;;0;2;150D
339613;1787409733381;14.4;37;46.6;0.0;0.0;0.0;1509_direct_carried;;;;717.9;144;0;;0;2;1502
340024;1787409733792;10.5;37;46.6;0.0;0.0;0.0;1509_direct_carried;;;;717.9;105;0;;0;2;1505
340231;1787409733999;10.5;37;46.6;0.0;0.0;0.0;1509_direct_carried;;;;717.9;105;0;;0;2;1506
340654;1787409734422;10.5;37;46.6;0.0;0.0;0.0;1509_direct_carried;;;;717.9;105;0;;0;2;1508
340859;1787409734627;10.5;37;45.8;6.0;274.0;274.79999999999995;1509_direct;;;;717.9;105;274;;0;2;1509
341072;1787409734840;10.5;37;45.8;6.0;274.0;274.79999999999995;1509_direct_carried;;;;717.9;105;274;;0;2;150A
341281;1787409735049;10.5;37;45.8;6.0;274.0;274.79999999999995;1509_direct_carried;;;;717.9;105;274;;0;2;150B
341481;1787409735249;10.5;37;45.8;6.0;274.0;274.79999999999995;1509_direct_carried;;;;717.9;105;274;;0;2;150D
342530;1787409736298;10.5;37;45.8;6.0;274.0;274.79999999999995;1509_direct_carried;;;;717.9;105;274;;0;2;1502
342946;1787409736714;17.8;37;45.8;6.0;274.0;274.79999999999995;1509_direct_carried;;;;717.9;178;274;;0;2;1505
343148;1787409736916;17.8;37;45.8;6.0;274.0;274.79999999999995;1509_direct_carried;;;;717.9;178;274;;0;2;1506
343571;1787409737339;17.8;37;45.8;6.0;274.0;274.79999999999995;1509_direct_carried;;;;717.9;178;274;;0;2;1508
343782;1787409737550;17.8;37;45.6;8.0;408.0;364.8;1509_direct;;;;717.9;178;408;;0;2;1509
343992;1787409737760;17.8;37;45.6;8.0;408.0;364.8;1509_direct_carried;;;;717.9;178;408;;0;2;150A
344203;1787409737971;17.8;37;45.6;8.0;408.0;364.8;1509_direct_carried;;;;717.9;178;408;;0;2;150B
344410;1787409738178;17.8;37;45.6;8.0;408.0;364.8;1509_direct_carried;;;;717.9;178;408;;0;2;150D
345454;1787409739222;17.8;37;45.6;8.0;408.0;364.8;1509_direct_carried;;;;717.9;178;408;;0;2;1502
345873;1787409739641;21.8;37;45.6;8.0;408.0;364.8;1509_direct_carried;;;;717.9;218;408;;0;2;1505
346083;1787409739851;21.8;37;45.6;8.0;408.0;364.8;1509_direct_carried;;;;717.9;218;408;;0;2;1506
346491;1787409740259;21.8;37;45.6;8.0;408.0;364.8;1509_direct_carried;;;;717.9;218;408;;0;2;1508
346700;1787409740468;21.8;37;45.9;4.0;183.0;183.6;1509_direct;;;;717.9;218;183;;0;2;1509
346907;1787409740675;21.8;37;45.9;4.0;183.0;183.6;1509_direct_carried;;;;717.9;218;183;;0;2;150A
347118;1787409740886;21.8;37;45.9;4.0;183.0;183.6;1509_direct_carried;;;;717.9;218;183;;0;2;150B
347332;1787409741100;21.8;37;45.9;4.0;183.0;183.6;1509_direct_carried;;;;717.9;218;183;;0;2;150D
348373;1787409742141;21.8;37;45.9;4.0;183.0;183.6;1509_direct_carried;;;;717.9;218;183;;0;2;1502
348789;1787409742557;21.8;37;45.9;4.0;183.0;183.6;1509_direct_carried;;;;717.9;218;183;;0;2;1505
349002;1787409742770;21.8;37;45.9;4.0;183.0;183.6;1509_direct_carried;;;;717.9;218;183;;0;2;1506
349415;1787409743183;21.8;37;45.9;4.0;183.0;183.6;1509_direct_carried;;;;717.9;218;183;;0;2;1508
349622;1787409743390;21.8;37;45.4;8.0;363.0;363.2;1509_direct;;;;717.9;218;363;;0;2;1509
349833;1787409743601;21.8;37;45.4;8.0;363.0;363.2;1509_direct_carried;;;;717.9;218;363;;0;2;150A
350046;1787409743814;21.8;37;45.4;8.0;363.0;363.2;1509_direct_carried;;;;717.9;218;363;;0;2;150B
350248;1787409744016;21.8;37;45.4;8.0;363.0;363.2;1509_direct_carried;;;;717.9;218;363;;0;2;150D
351296;1787409745064;21.8;37;45.4;8.0;363.0;363.2;1509_direct_carried;;;;717.9;218;363;;0;2;1502
351713;1787409745481;21.8;37;45.4;8.0;363.0;363.2;1509_direct_carried;;;;717.9;218;363;;0;2;1505
351922;1787409745690;21.8;37;45.4;8.0;363.0;363.2;1509_direct_carried;;;;718.0;218;363;;0;2;1506
352342;1787409746110;21.8;37;45.4;8.0;363.0;363.2;1509_direct_carried;;;;718.0;218;363;;0;2;1508
352545;1787409746313;21.8;37;45.7;6.0;228.0;274.20000000000005;1509_direct;;;;718.0;218;228;;0;2;1509
352753;1787409746521;21.8;37;45.7;6.0;228.0;274.20000000000005;1509_direct_carried;;;;718.0;218;228;;0;2;150A
352965;1787409746733;21.8;37;45.7;6.0;228.0;274.20000000000005;1509_direct_carried;;;;718.0;218;228;;0;2;150B
353172;1787409746940;21.8;37;45.7;6.0;228.0;274.20000000000005;1509_direct_carried;;;;718.0;218;228;;0;2;150D
354215;1787409747983;21.8;37;45.7;6.0;228.0;274.20000000000005;1509_direct_carried;;;;718.0;218;228;;0;2;1502
354633;1787409748401;21.8;37;45.7;6.0;228.0;274.20000000000005;1509_direct_carried;;;;718.0;218;228;;0;2;1505
354842;1787409748610;21.8;37;45.7;6.0;228.0;274.20000000000005;1509_direct_carried;;;;718.0;218;228;;0;2;1506
355263;1787409749031;21.8;37;45.7;6.0;228.0;274.20000000000005;1509_direct_carried;;;;718.0;218;228;;0;2;1508
355475;1787409749243;21.8;37;45.4;8.0;363.0;363.2;1509_direct;;;;718.0;218;363;;0;2;1509
355669;1787409749437;21.8;37;45.4;8.0;363.0;363.2;1509_direct_carried;;;;718.0;218;363;;0;2;150A
355882;1787409749650;21.8;37;45.4;8.0;363.0;363.2;1509_direct_carried;;;;718.0;218;363;;0;2;150B
356095;1787409749863;21.8;37;45.4;8.0;363.0;363.2;1509_direct_carried;;;;718.0;218;363;;0;2;150D
357143;1787409750911;21.8;37;45.4;8.0;363.0;363.2;1509_direct_carried;;;;718.0;218;363;;0;2;1502
357555;1787409751323;21.8;37;45.4;8.0;363.0;363.2;1509_direct_carried;;;;718.0;218;363;;0;2;1505
357764;1787409751532;21.8;37;45.4;8.0;363.0;363.2;1509_direct_carried;;;;718.0;218;363;;0;2;1506
358183;1787409751951;21.8;37;45.4;8.0;363.0;363.2;1509_direct_carried;;;;718.0;218;363;;0;2;1508
358396;1787409752164;21.8;37;45.8;5.0;229.0;229.0;1509_direct;;;;718.0;218;229;;0;2;1509
358603;1787409752371;21.8;37;45.8;5.0;229.0;229.0;1509_direct_carried;;;;718.0;218;229;;0;2;150A
358805;1787409752573;21.8;37;45.8;5.0;229.0;229.0;1509_direct_carried;;;;718.0;218;229;;0;2;150B
359016;1787409752784;21.8;37;45.8;5.0;229.0;229.0;1509_direct_carried;;;;718.0;218;229;;0;2;150D
360066;1787409753834;21.8;37;45.8;5.0;229.0;229.0;1509_direct_carried;;;;718.0;218;229;;0;2;1502
360473;1787409754241;21.8;37;45.8;5.0;229.0;229.0;1509_direct_carried;;;;718.0;218;229;;0;2;1505
360682;1787409754450;21.8;37;45.8;5.0;229.0;229.0;1509_direct_carried;;;;718.0;218;229;;0;2;1506
361105;1787409754873;21.8;37;45.8;5.0;229.0;229.0;1509_direct_carried;;;;718.0;218;229;;0;2;1508
361314;1787409755082;21.8;37;45.6;7.0;317.0;319.2;1509_direct;;;;718.0;218;317;;0;2;1509
361524;1787409755292;21.8;37;45.6;7.0;317.0;319.2;1509_direct_carried;;;;718.0;218;317;;0;2;150A
361805;1787409755573;21.8;37;45.6;7.0;317.0;319.2;1509_direct_carried;;;;718.0;218;317;;0;2;150B
361952;1787409755720;21.8;37;45.6;7.0;317.0;319.2;1509_direct_carried;;;;718.0;218;317;;0;2;150D
362982;1787409756750;21.8;37;45.6;7.0;317.0;319.2;1509_direct_carried;;;;718.0;218;317;;0;2;1502
363407;1787409757175;21.8;37;45.6;7.0;317.0;319.2;1509_direct_carried;;;;718.0;218;317;;0;2;1505
363603;1787409757371;21.8;37;45.6;7.0;317.0;319.2;1509_direct_carried;;;;718.0;218;317;;0;2;1506
364022;1787409757790;21.8;37;45.6;7.0;317.0;319.2;1509_direct_carried;;;;718.0;218;317;;0;2;1508
364232;1787409758000;21.8;37;45.4;7.0;317.0;317.8;1509_direct;;;;718.0;218;317;;0;2;1509
364442;1787409758210;21.8;37;45.4;7.0;317.0;317.8;1509_direct_carried;;;;718.0;218;317;;0;2;150A
364654;1787409758422;21.8;37;45.4;7.0;317.0;317.8;1509_direct_carried;;;;718.0;218;317;;0;2;150B
364863;1787409758631;21.8;37;45.4;7.0;317.0;317.8;1509_direct_carried;;;;718.0;218;317;;0;2;150D
365905;1787409759673;21.8;37;45.4;7.0;317.0;317.8;1509_direct_carried;;;;718.0;218;317;;0;2;1502
366323;1787409760091;21.8;37;45.4;7.0;317.0;317.8;1509_direct_carried;;;;718.0;218;317;;0;2;1505
366536;1787409760304;21.8;37;45.4;7.0;317.0;317.8;1509_direct_carried;;;;718.0;218;317;;0;2;1506
366945;1787409760713;21.8;37;45.4;7.0;317.0;317.8;1509_direct_carried;;;;718.0;218;317;;0;2;1508
367154;1787409760922;21.8;37;45.4;9.0;408.0;408.59999999999997;1509_direct;;;;718.0;218;408;;0;2;1509
367365;1787409761133;21.8;37;45.4;9.0;408.0;408.59999999999997;1509_direct_carried;;;;718.0;218;408;;0;2;150A
367570;1787409761338;21.8;37;45.4;9.0;408.0;408.59999999999997;1509_direct_carried;;;;718.0;218;408;;0;2;150B
367781;1787409761549;21.8;37;45.4;9.0;408.0;408.59999999999997;1509_direct_carried;;;;718.0;218;408;;0;2;150D
368822;1787409762590;21.8;37;45.4;9.0;408.0;408.59999999999997;1509_direct_carried;;;;718.0;218;408;;0;2;1502
369243;1787409763011;21.8;37;45.4;9.0;408.0;408.59999999999997;1509_direct_carried;;;;718.0;218;408;;0;2;1505
369452;1787409763220;21.8;37;45.4;9.0;408.0;408.59999999999997;1509_direct_carried;;;;716.8;218;408;;0;2;1506
369872;1787409763640;21.8;37;45.4;9.0;408.0;408.59999999999997;1509_direct_carried;;;;716.8;218;408;;0;2;1508
370074;1787409763842;21.8;37;45.6;6.0;273.0;273.6;1509_direct;;;;716.8;218;273;;0;2;1509
370283;1787409764051;21.8;37;45.6;6.0;273.0;273.6;1509_direct_carried;;;;716.8;218;273;;0;2;150A
370495;1787409764263;21.8;37;45.6;6.0;273.0;273.6;1509_direct_carried;;;;716.8;218;273;;0;2;150B
370706;1787409764474;21.8;37;45.6;6.0;273.0;273.6;1509_direct_carried;;;;716.8;218;273;;0;2;150D
371747;1787409765515;21.8;37;45.6;6.0;273.0;273.6;1509_direct_carried;;;;716.8;218;273;;0;2;1502
372166;1787409765934;21.8;37;45.6;6.0;273.0;273.6;1509_direct_carried;;;;716.8;218;273;;0;2;1505
372374;1787409766142;21.8;37;45.6;6.0;273.0;273.6;1509_direct_carried;;;;716.8;218;273;;0;2;1506
372796;1787409766564;21.8;37;45.6;6.0;273.0;273.6;1509_direct_carried;;;;716.8;218;273;;0;2;1508
372993;1787409766761;21.8;37;45.6;6.0;317.0;273.6;1509_direct;;;;716.8;218;317;;0;2;1509
373203;1787409766971;21.8;37;45.6;6.0;317.0;273.6;1509_direct_carried;;;;716.8;218;317;;0;2;150A
373414;1787409767182;21.8;37;45.6;6.0;317.0;273.6;1509_direct_carried;;;;716.8;218;317;;0;2;150B
373624;1787409767392;21.8;37;45.6;6.0;317.0;273.6;1509_direct_carried;;;;716.8;218;317;;0;2;150D
374663;1787409768431;21.8;37;45.6;6.0;317.0;273.6;1509_direct_carried;;;;716.8;218;317;;0;2;1502
375082;1787409768850;21.8;37;45.6;6.0;317.0;273.6;1509_direct_carried;;;;716.8;218;317;;0;2;1505
375292;1787409769060;21.8;37;45.6;6.0;317.0;273.6;1509_direct_carried;;;;716.8;218;317;;0;2;1506
375714;1787409769482;21.8;37;45.6;6.0;317.0;273.6;1509_direct_carried;;;;716.8;218;317;;0;2;1508
375926;1787409769694;21.8;37;45.6;6.0;273.0;273.6;1509_direct;;;;716.8;218;273;;0;2;1509
376122;1787409769890;21.8;37;45.6;6.0;273.0;273.6;1509_direct_carried;;;;716.8;218;273;;0;2;150A
376333;1787409770101;21.8;37;45.6;6.0;273.0;273.6;1509_direct_carried;;;;716.8;218;273;;0;2;150B
376545;1787409770313;21.8;37;45.6;6.0;273.0;273.6;1509_direct_carried;;;;716.8;218;273;;0;2;150D
377593;1787409771361;21.8;37;45.6;6.0;273.0;273.6;1509_direct_carried;;;;716.8;218;273;;0;2;1502
378008;1787409771776;21.8;37;45.6;6.0;273.0;273.6;1509_direct_carried;;;;716.8;218;273;;0;2;1505
378216;1787409771984;21.8;37;45.6;6.0;273.0;273.6;1509_direct_carried;;;;716.8;218;273;;0;2;1506
378632;1787409772400;21.8;37;45.6;6.0;273.0;273.6;1509_direct_carried;;;;716.8;218;273;;0;2;1508
378845;1787409772613;21.8;37;45.6;7.0;319.0;319.2;1509_direct;;;;716.8;218;319;;0;2;1509
379054;1787409772822;21.8;37;45.6;7.0;319.0;319.2;1509_direct_carried;;;;716.8;218;319;;0;2;150A
379262;1787409773030;21.8;37;45.6;7.0;319.0;319.2;1509_direct_carried;;;;716.8;218;319;;0;2;150B
379462;1787409773230;21.8;37;45.6;7.0;319.0;319.2;1509_direct_carried;;;;716.8;218;319;;0;2;150D
380513;1787409774281;21.8;37;45.6;7.0;319.0;319.2;1509_direct_carried;;;;716.8;218;319;;0;2;1502
380925;1787409774693;21.8;37;45.6;7.0;319.0;319.2;1509_direct_carried;;;;716.8;218;319;;0;2;1505
381136;1787409774904;21.8;37;45.6;7.0;319.0;319.2;1509_direct_carried;;;;716.8;218;319;;0;2;1506
381553;1787409775321;21.8;37;45.6;7.0;319.0;319.2;1509_direct_carried;;;;716.8;218;319;;0;2;1508
381763;1787409775531;21.8;37;45.6;6.0;273.0;273.6;1509_direct;;;;716.8;218;273;;0;2;1509
381973;1787409775741;21.8;37;45.6;6.0;273.0;273.6;1509_direct_carried;;;;716.8;218;273;;0;2;150A
382182;1787409775950;21.8;37;45.6;6.0;273.0;273.6;1509_direct_carried;;;;716.8;218;273;;0;2;150B
382396;1787409776164;21.8;37;45.6;6.0;273.0;273.6;1509_direct_carried;;;;716.8;218;273;;0;2;150D
383444;1787409777212;21.8;37;45.6;6.0;273.0;273.6;1509_direct_carried;;;;716.8;218;273;;0;2;1502
383854;1787409777622;21.8;37;45.6;6.0;273.0;273.6;1509_direct_carried;;;;716.8;218;273;;0;2;1505
384056;1787409777824;21.8;37;45.6;6.0;273.0;273.6;1509_direct_carried;;;;716.8;218;273;;0;2;1506
384476;1787409778244;21.8;37;45.6;6.0;273.0;273.6;1509_direct_carried;;;;716.8;218;273;;0;2;1508
384680;1787409778448;21.8;37;45.2;8.0;361.0;361.6;1509_direct;;;;716.8;218;361;;0;2;1509
384896;1787409778664;21.8;37;45.2;8.0;361.0;361.6;1509_direct_carried;;;;716.8;218;361;;0;2;150A
385104;1787409778872;21.8;37;45.2;8.0;361.0;361.6;1509_direct_carried;;;;716.8;218;361;;0;2;150B
385313;1787409779081;21.8;37;45.2;8.0;361.0;361.6;1509_direct_carried;;;;716.8;218;361;;0;2;150D
386350;1787409780118;21.8;37;45.2;8.0;361.0;361.6;1509_direct_carried;;;;716.8;218;361;;0;2;1502
386772;1787409780540;21.8;37;45.2;8.0;361.0;361.6;1509_direct_carried;;;;716.8;218;361;;0;2;1505
386979;1787409780747;21.8;37;45.2;8.0;361.0;361.6;1509_direct_carried;;;;718.2;218;361;;0;2;1506
387387;1787409781155;21.8;37;45.2;8.0;361.0;361.6;1509_direct_carried;;;;718.2;218;361;;0;2;1508
387596;1787409781364;21.8;37;45.4;7.0;317.0;317.8;1509_direct;;;;718.2;218;317;;0;2;1509
387808;1787409781576;21.8;37;45.4;7.0;317.0;317.8;1509_direct_carried;;;;718.2;218;317;;0;2;150A
388017;1787409781785;21.8;37;45.4;7.0;317.0;317.8;1509_direct_carried;;;;718.2;218;317;;0;2;150B
388233;1787409782001;21.8;37;45.4;7.0;317.0;317.8;1509_direct_carried;;;;718.2;218;317;;0;2;150D
389270;1787409783038;21.8;37;45.4;7.0;317.0;317.8;1509_direct_carried;;;;718.2;218;317;;0;2;1502
389686;1787409783454;21.8;37;45.4;7.0;317.0;317.8;1509_direct_carried;;;;718.2;218;317;;0;2;1505
389897;1787409783665;21.8;37;45.4;7.0;317.0;317.8;1509_direct_carried;;;;718.2;218;317;;0;2;1506
390318;1787409784086;21.8;37;45.4;7.0;317.0;317.8;1509_direct_carried;;;;718.2;218;317;;0;2;1508
390519;1787409784287;21.8;37;45.4;7.0;317.0;317.8;1509_direct;;;;718.2;218;317;;0;2;1509
390729;1787409784497;21.8;37;45.4;7.0;317.0;317.8;1509_direct_carried;;;;718.2;218;317;;0;2;150A
390940;1787409784708;21.8;37;45.4;7.0;317.0;317.8;1509_direct_carried;;;;718.2;218;317;;0;2;150B
391150;1787409784918;21.8;37;45.4;7.0;317.0;317.8;1509_direct_carried;;;;718.2;218;317;;0;2;150D
392187;1787409785955;21.8;37;45.4;7.0;317.0;317.8;1509_direct_carried;;;;718.2;218;317;;0;2;1502
392608;1787409786376;21.8;37;45.4;7.0;317.0;317.8;1509_direct_carried;;;;718.2;218;317;;0;2;1505
392818;1787409786586;21.8;37;45.4;7.0;317.0;317.8;1509_direct_carried;;;;718.2;218;317;;0;2;1506
393238;1787409787006;21.8;37;45.4;7.0;317.0;317.8;1509_direct_carried;;;;718.2;218;317;;0;2;1508
393439;1787409787207;21.8;37;45.2;8.0;362.0;361.6;1509_direct;;;;718.2;218;362;;0;2;1509
393648;1787409787416;21.8;37;45.2;8.0;362.0;361.6;1509_direct_carried;;;;718.2;218;362;;0;2;150A
393858;1787409787626;21.8;37;45.2;8.0;362.0;361.6;1509_direct_carried;;;;718.2;218;362;;0;2;150B
394068;1787409787836;21.8;37;45.2;8.0;362.0;361.6;1509_direct_carried;;;;718.2;218;362;;0;2;150D
395109;1787409788877;21.8;37;45.2;8.0;362.0;361.6;1509_direct_carried;;;;718.2;218;362;;0;2;1502
395527;1787409789295;21.8;37;45.2;8.0;362.0;361.6;1509_direct_carried;;;;718.2;218;362;;0;2;1505
395741;1787409789509;21.8;37;45.2;8.0;362.0;361.6;1509_direct_carried;;;;718.2;218;362;;0;2;1506
396157;1787409789925;21.8;37;45.2;8.0;362.0;361.6;1509_direct_carried;;;;718.2;218;362;;0;2;1508
396370;1787409790138;21.8;37;45.4;8.0;363.0;363.2;1509_direct;;;;718.2;218;363;;0;2;1509
396569;1787409790337;21.8;37;45.4;8.0;363.0;363.2;1509_direct_carried;;;;718.2;218;363;;0;2;150A
396779;1787409790547;21.8;37;45.4;8.0;363.0;363.2;1509_direct_carried;;;;718.2;218;363;;0;2;150B
396989;1787409790757;21.8;37;45.4;8.0;363.0;363.2;1509_direct_carried;;;;718.2;218;363;;0;2;150D
398037;1787409791805;21.8;37;45.4;8.0;363.0;363.2;1509_direct_carried;;;;718.2;218;363;;0;2;1502
398450;1787409792218;21.8;37;45.4;8.0;363.0;363.2;1509_direct_carried;;;;718.2;218;363;;0;2;1505
398659;1787409792427;21.8;37;45.4;8.0;363.0;363.2;1509_direct_carried;;;;718.2;218;363;;0;2;1506
399078;1787409792846;21.8;37;45.4;8.0;363.0;363.2;1509_direct_carried;;;;718.2;218;363;;0;2;1508
399289;1787409793057;21.8;37;45.4;8.0;363.0;363.2;1509_direct;;;;718.2;218;363;;0;2;1509
399501;1787409793269;21.8;37;45.4;8.0;363.0;363.2;1509_direct_carried;;;;718.2;218;363;;0;2;150A
399709;1787409793477;21.8;37;45.4;8.0;363.0;363.2;1509_direct_carried;;;;718.2;218;363;;0;2;150B
399913;1787409793681;21.8;37;45.4;8.0;363.0;363.2;1509_direct_carried;;;;718.2;218;363;;0;2;150D
400964;1787409794732;21.8;37;45.4;8.0;363.0;363.2;1509_direct_carried;;;;718.2;218;363;;0;2;1502
401379;1787409795147;21.8;37;45.4;8.0;363.0;363.2;1509_direct_carried;;;;718.2;218;363;;0;2;1505
401578;1787409795346;21.8;37;45.4;8.0;363.0;363.2;1509_direct_carried;;;;718.3;218;363;;0;2;1506
401998;1787409795766;21.8;37;45.4;8.0;363.0;363.2;1509_direct_carried;;;;718.3;218;363;;0;2;1508
402208;1787409795976;21.8;37;45.2;8.0;362.0;361.6;1509_direct;;;;718.3;218;362;;0;2;1509
402419;1787409796187;21.8;37;45.2;8.0;362.0;361.6;1509_direct_carried;;;;718.3;218;362;;0;2;150A
402629;1787409796397;21.8;37;45.2;8.0;362.0;361.6;1509_direct_carried;;;;718.3;218;362;;0;2;150B
402839;1787409796607;21.8;37;45.2;8.0;362.0;361.6;1509_direct_carried;;;;718.3;218;362;;0;2;150D
403880;1787409797648;21.8;37;45.2;8.0;362.0;361.6;1509_direct_carried;;;;718.3;218;362;;0;2;1502
404299;1787409798067;21.8;37;45.2;8.0;362.0;361.6;1509_direct_carried;;;;718.3;218;362;;0;2;1505
404512;1787409798280;21.8;37;45.2;8.0;362.0;361.6;1509_direct_carried;;;;718.3;218;362;;0;2;1506
404920;1787409798688;21.8;37;45.2;8.0;362.0;361.6;1509_direct_carried;;;;718.3;218;362;;0;2;1508
405130;1787409798898;21.8;37;45.3;7.0;317.0;317.09999999999997;1509_direct;;;;718.3;218;317;;0;2;1509
405340;1787409799108;21.8;37;45.3;7.0;317.0;317.09999999999997;1509_direct_carried;;;;718.3;218;317;;0;2;150A
405551;1787409799319;21.8;37;45.3;7.0;317.0;317.09999999999997;1509_direct_carried;;;;718.3;218;317;;0;2;150B
405761;1787409799529;21.8;37;45.3;7.0;317.0;317.09999999999997;1509_direct_carried;;;;718.3;218;317;;0;2;150D
406799;1787409800567;21.8;37;45.3;7.0;317.0;317.09999999999997;1509_direct_carried;;;;718.3;218;317;;0;2;1502
407224;1787409800992;21.8;37;45.3;7.0;317.0;317.09999999999997;1509_direct_carried;;;;718.3;218;317;;0;2;1505
407431;1787409801199;21.8;37;45.3;7.0;317.0;317.09999999999997;1509_direct_carried;;;;718.3;218;317;;0;2;1506
407841;1787409801609;21.8;37;45.3;7.0;317.0;317.09999999999997;1509_direct_carried;;;;718.3;218;317;;0;2;1508
408049;1787409801817;21.8;37;45.6;5.0;228.0;228.0;1509_direct;;;;718.3;218;228;;0;2;1509
408260;1787409802028;21.8;37;45.6;5.0;228.0;228.0;1509_direct_carried;;;;718.3;218;228;;0;2;150A
408470;1787409802238;21.8;37;45.6;5.0;228.0;228.0;1509_direct_carried;;;;718.3;218;228;;0;2;150B
408680;1787409802448;21.8;37;45.6;5.0;228.0;228.0;1509_direct_carried;;;;718.3;218;228;;0;2;150D
409729;1787409803497;21.8;37;45.6;5.0;228.0;228.0;1509_direct_carried;;;;718.3;218;228;;0;2;1502
410137;1787409803905;21.8;37;45.6;5.0;228.0;228.0;1509_direct_carried;;;;718.3;218;228;;0;2;1505
410349;1787409804117;21.8;37;45.6;5.0;228.0;228.0;1509_direct_carried;;;;718.3;218;228;;0;2;1506
410770;1787409804538;21.8;37;45.6;5.0;228.0;228.0;1509_direct_carried;;;;718.3;218;228;;0;2;1508
410980;1787409804748;21.8;37;45.7;4.0;182.0;182.8;1509_direct;;;;718.3;218;182;;0;2;1509
411179;1787409804947;21.8;37;45.7;4.0;182.0;182.8;1509_direct_carried;;;;718.3;218;182;;0;2;150A
411388;1787409805156;21.8;37;45.7;4.0;182.0;182.8;1509_direct_carried;;;;718.3;218;182;;0;2;150B
411599;1787409805367;21.8;37;45.7;4.0;182.0;182.8;1509_direct_carried;;;;718.3;218;182;;0;2;150D
412639;1787409806407;21.8;37;45.7;4.0;182.0;182.8;1509_direct_carried;;;;718.3;218;182;;0;2;1502
413059;1787409806827;21.8;37;45.7;4.0;182.0;182.8;1509_direct_carried;;;;718.3;218;182;;0;2;1505
413268;1787409807036;21.8;37;45.7;4.0;182.0;182.8;1509_direct_carried;;;;718.3;218;182;;0;2;1506
413692;1787409807460;21.8;37;45.7;4.0;182.0;182.8;1509_direct_carried;;;;718.3;218;182;;0;2;1508
413890;1787409807658;21.8;37;45.6;5.0;227.0;228.0;1509_direct;;;;718.3;218;227;;0;2;1509
414101;1787409807869;21.8;37;45.6;5.0;227.0;228.0;1509_direct_carried;;;;718.3;218;227;;0;2;150A
414310;1787409808078;21.8;37;45.6;5.0;227.0;228.0;1509_direct_carried;;;;718.3;218;227;;0;2;150B
414520;1787409808288;21.8;37;45.6;5.0;227.0;228.0;1509_direct_carried;;;;718.3;218;227;;0;2;150D
415561;1787409809329;21.8;37;45.6;5.0;227.0;228.0;1509_direct_carried;;;;718.3;218;227;;0;2;1502
415980;1787409809748;21.8;37;45.6;5.0;227.0;228.0;1509_direct_carried;;;;718.3;218;227;;0;2;1505
416190;1787409809958;21.8;37;45.6;5.0;227.0;228.0;1509_direct_carried;;;;718.3;218;227;;0;2;1506
416611;1787409810379;21.8;37;45.6;5.0;227.0;228.0;1509_direct_carried;;;;718.3;218;227;;0;2;1508
416822;1787409810590;21.8;37;45.6;5.0;228.0;228.0;1509_direct;;;;718.3;218;228;;0;2;1509
417020;1787409810788;21.8;37;45.6;5.0;228.0;228.0;1509_direct_carried;;;;718.3;218;228;;0;2;150A
417231;1787409810999;21.8;37;45.6;5.0;228.0;228.0;1509_direct_carried;;;;718.3;218;228;;0;2;150B
417450;1787409811218;21.8;37;45.6;5.0;228.0;228.0;1509_direct_carried;;;;718.3;218;228;;0;2;150D
418490;1787409812258;21.8;37;45.6;5.0;228.0;228.0;1509_direct_carried;;;;718.3;218;228;;0;2;1502
418914;1787409812682;21.8;37;45.6;5.0;228.0;228.0;1509_direct_carried;;;;718.3;218;228;;0;2;1505
419123;1787409812891;21.8;37;45.6;5.0;228.0;228.0;1509_direct_carried;;;;718.4;218;228;;0;2;1506
419532;1787409813300;21.8;37;45.6;5.0;228.0;228.0;1509_direct_carried;;;;718.4;218;228;;0;2;1508
419756;1787409813524;21.8;37;45.4;6.0;272.0;272.4;1509_direct;;;;718.4;218;272;;0;2;1509
419951;1787409813719;21.8;37;45.4;6.0;272.0;272.4;1509_direct_carried;;;;718.4;218;272;;0;2;150A
420162;1787409813930;21.8;37;45.4;6.0;272.0;272.4;1509_direct_carried;;;;718.4;218;272;;0;2;150B
420371;1787409814139;21.8;37;45.4;6.0;272.0;272.4;1509_direct_carried;;;;718.4;218;272;;0;2;150D
421412;1787409815180;21.8;37;45.4;6.0;272.0;272.4;1509_direct_carried;;;;718.4;218;272;;0;2;1502
421832;1787409815600;21.8;37;45.4;6.0;272.0;272.4;1509_direct_carried;;;;718.4;218;272;;0;2;1505
422041;1787409815809;21.8;37;45.4;6.0;272.0;272.4;1509_direct_carried;;;;718.4;218;272;;0;2;1506
422450;1787409816218;21.8;37;45.4;6.0;272.0;272.4;1509_direct_carried;;;;718.4;218;272;;0;2;1508
422661;1787409816429;21.8;37;45.8;5.0;229.0;229.0;1509_direct;;;;718.4;218;229;;0;2;1509
422874;1787409816642;21.8;37;45.8;5.0;229.0;229.0;1509_direct_carried;;;;718.4;218;229;;0;2;150A
423082;1787409816850;21.8;37;45.8;5.0;229.0;229.0;1509_direct_carried;;;;718.4;218;229;;0;2;150B
423290;1787409817058;21.8;37;45.8;5.0;229.0;229.0;1509_direct_carried;;;;718.4;218;229;;0;2;150D
424330;1787409818098;21.8;37;45.8;5.0;229.0;229.0;1509_direct_carried;;;;718.4;218;229;;0;2;1502
424750;1787409818518;21.8;37;45.8;5.0;229.0;229.0;1509_direct_carried;;;;718.4;218;229;;0;2;1505
424964;1787409818732;21.8;37;45.8;5.0;229.0;229.0;1509_direct_carried;;;;718.4;218;229;;0;2;1506
425371;1787409819139;21.8;37;45.8;5.0;229.0;229.0;1509_direct_carried;;;;718.4;218;229;;0;2;1508
425584;1787409819352;21.8;37;45.8;4.0;183.0;183.2;1509_direct;;;;718.4;218;183;;0;2;1509
425790;1787409819558;21.8;37;45.8;4.0;183.0;183.2;1509_direct_carried;;;;718.4;218;183;;0;2;150A
426002;1787409819770;21.8;37;45.8;4.0;183.0;183.2;1509_direct_carried;;;;718.4;218;183;;0;2;150B
426211;1787409819979;21.8;37;45.8;4.0;183.0;183.2;1509_direct_carried;;;;718.4;218;183;;0;2;150D
427250;1787409821018;21.8;37;45.8;4.0;183.0;183.2;1509_direct_carried;;;;718.4;218;183;;0;2;1502
427672;1787409821440;21.8;37;45.8;4.0;183.0;183.2;1509_direct_carried;;;;718.4;218;183;;0;2;1505
427880;1787409821648;21.8;37;45.8;4.0;183.0;183.2;1509_direct_carried;;;;718.4;218;183;;0;2;1506
428301;1787409822069;21.8;37;45.8;4.0;183.0;183.2;1509_direct_carried;;;;718.4;218;183;;0;2;1508
428501;1787409822269;21.8;37;45.7;4.0;182.0;182.8;1509_direct;;;;718.4;218;182;;0;2;1509
428711;1787409822479;21.8;37;45.7;4.0;182.0;182.8;1509_direct_carried;;;;718.4;218;182;;0;2;150A
428921;1787409822689;21.8;37;45.7;4.0;182.0;182.8;1509_direct_carried;;;;718.4;218;182;;0;2;150B
429132;1787409822900;21.8;37;45.7;4.0;182.0;182.8;1509_direct_carried;;;;718.4;218;182;;0;2;150D
430169;1787409823937;21.8;37;45.7;4.0;182.0;182.8;1509_direct_carried;;;;718.4;218;182;;0;2;1502
430590;1787409824358;21.8;37;45.7;4.0;182.0;182.8;1509_direct_carried;;;;718.4;218;182;;0;2;1505
430801;1787409824569;21.8;37;45.7;4.0;182.0;182.8;1509_direct_carried;;;;718.4;218;182;;0;2;1506
431220;1787409824988;21.8;37;45.7;4.0;182.0;182.8;1509_direct_carried;;;;718.4;218;182;;0;2;1508
431432;1787409825200;21.8;37;45.8;5.0;229.0;229.0;1509_direct;;;;718.4;218;229;;0;2;1509
431631;1787409825399;21.8;37;45.8;5.0;229.0;229.0;1509_direct_carried;;;;718.4;218;229;;0;2;150A
431840;1787409825608;21.8;37;45.8;5.0;229.0;229.0;1509_direct_carried;;;;718.4;218;229;;0;2;150B
432050;1787409825818;21.8;37;45.8;5.0;229.0;229.0;1509_direct_carried;;;;718.4;218;229;;0;2;150D
433090;1787409826858;21.8;37;45.8;5.0;229.0;229.0;1509_direct_carried;;;;718.4;218;229;;0;2;1502
433512;1787409827280;21.8;37;45.8;5.0;229.0;229.0;1509_direct_carried;;;;718.4;218;229;;0;2;1505
433725;1787409827493;21.8;37;45.8;5.0;229.0;229.0;1509_direct_carried;;;;718.4;218;229;;0;2;1506
434142;1787409827910;21.8;37;45.8;5.0;229.0;229.0;1509_direct_carried;;;;718.4;218;229;;0;2;1508
434353;1787409828121;21.8;37;45.8;4.0;182.0;183.2;1509_direct;;;;718.4;218;182;;0;2;1509
434563;1787409828331;21.8;37;45.8;4.0;182.0;183.2;1509_direct_carried;;;;718.4;218;182;;0;2;150A
434763;1787409828531;21.8;37;45.8;4.0;182.0;183.2;1509_direct_carried;;;;718.4;218;182;;0;2;150B
434971;1787409828739;21.8;37;45.8;4.0;182.0;183.2;1509_direct_carried;;;;718.4;218;182;;0;2;150D
436023;1787409829791;21.8;37;45.8;4.0;182.0;183.2;1509_direct_carried;;;;718.4;218;182;;0;2;1502
436432;1787409830200;21.8;37;45.8;4.0;182.0;183.2;1509_direct_carried;;;;718.4;218;182;;0;2;1505
436642;1787409830410;21.8;37;45.8;4.0;182.0;183.2;1509_direct_carried;;;;718.5;218;182;;0;2;1506
437061;1787409830829;21.8;37;45.8;4.0;182.0;183.2;1509_direct_carried;;;;718.5;218;182;;0;2;1508
437272;1787409831040;21.8;37;45.6;5.0;228.0;228.0;1509_direct;;;;718.5;218;228;;0;2;1509
437483;1787409831251;21.8;37;45.6;5.0;228.0;228.0;1509_direct_carried;;;;718.5;218;228;;0;2;150A
437692;1787409831460;21.8;37;45.6;5.0;228.0;228.0;1509_direct_carried;;;;718.5;218;228;;0;2;150B
437896;1787409831664;21.8;37;45.6;5.0;228.0;228.0;1509_direct_carried;;;;718.5;218;228;;0;2;150D
438941;1787409832709;21.8;37;45.6;5.0;228.0;228.0;1509_direct_carried;;;;718.5;218;228;;0;2;1502
439352;1787409833120;21.8;37;45.6;5.0;228.0;228.0;1509_direct_carried;;;;718.5;218;228;;0;2;1505
439566;1787409833334;21.8;37;45.6;5.0;228.0;228.0;1509_direct_carried;;;;718.5;218;228;;0;2;1506
439983;1787409833751;21.8;37;45.6;5.0;228.0;228.0;1509_direct_carried;;;;718.5;218;228;;0;2;1508
440190;1787409833958;21.8;37;45.6;6.0;273.0;273.6;1509_direct;;;;718.5;218;273;;0;2;1509
440403;1787409834171;21.8;37;45.6;6.0;273.0;273.6;1509_direct_carried;;;;718.5;218;273;;0;2;150A
440612;1787409834380;21.8;37;45.6;6.0;273.0;273.6;1509_direct_carried;;;;718.5;218;273;;0;2;150B
440824;1787409834592;21.8;37;45.6;6.0;273.0;273.6;1509_direct_carried;;;;718.5;218;273;;0;2;150D
441863;1787409835631;21.8;37;45.6;6.0;273.0;273.6;1509_direct_carried;;;;718.5;218;273;;0;2;1502
442283;1787409836051;21.8;37;45.6;6.0;273.0;273.6;1509_direct_carried;;;;718.5;218;273;;0;2;1505
442481;1787409836249;21.8;37;45.6;6.0;273.0;273.6;1509_direct_carried;;;;718.5;218;273;;0;2;1506
442903;1787409836671;21.8;37;45.6;6.0;273.0;273.6;1509_direct_carried;;;;718.5;218;273;;0;2;1508
443114;1787409836882;21.8;37;45.6;6.0;272.0;273.6;1509_direct;;;;718.5;218;272;;0;2;1509
443326;1787409837094;21.8;37;45.6;6.0;272.0;273.6;1509_direct_carried;;;;718.5;218;272;;0;2;150A
443533;1787409837301;21.8;37;45.6;6.0;272.0;273.6;1509_direct_carried;;;;718.5;218;272;;0;2;150B
443754;1787409837522;21.8;37;45.6;6.0;272.0;273.6;1509_direct_carried;;;;718.5;218;272;;0;2;150D
444783;1787409838551;21.8;37;45.6;6.0;272.0;273.6;1509_direct_carried;;;;718.5;218;272;;0;2;1502
445203;1787409838971;21.8;37;45.6;6.0;272.0;273.6;1509_direct_carried;;;;718.5;218;272;;0;2;1505
445414;1787409839182;21.8;37;45.6;6.0;272.0;273.6;1509_direct_carried;;;;718.5;218;272;;0;2;1506
445823;1787409839591;21.8;37;45.6;6.0;272.0;273.6;1509_direct_carried;;;;718.5;218;272;;0;2;1508
446035;1787409839803;21.8;37;45.6;5.0;228.0;228.0;1509_direct;;;;718.5;218;228;;0;2;1509
446241;1787409840009;21.8;37;45.6;5.0;228.0;228.0;1509_direct_carried;;;;718.5;218;228;;0;2;150A
446453;1787409840221;21.8;37;45.6;5.0;228.0;228.0;1509_direct_carried;;;;718.5;218;228;;0;2;150B
446665;1787409840433;21.8;37;45.6;5.0;228.0;228.0;1509_direct_carried;;;;718.5;218;228;;0;2;150D
447704;1787409841472;21.8;37;45.6;5.0;228.0;228.0;1509_direct_carried;;;;718.5;218;228;;0;2;1502
448122;1787409841890;21.8;37;45.6;5.0;228.0;228.0;1509_direct_carried;;;;718.5;218;228;;0;2;1505
448333;1787409842101;21.8;37;45.6;5.0;228.0;228.0;1509_direct_carried;;;;718.5;218;228;;0;2;1506
448742;1787409842510;21.8;37;45.6;5.0;228.0;228.0;1509_direct_carried;;;;718.5;218;228;;0;2;1508
448953;1787409842721;21.8;37;45.8;4.0;183.0;183.2;1509_direct;;;;718.5;218;183;;0;2;1509
449161;1787409842929;21.8;37;45.8;4.0;183.0;183.2;1509_direct_carried;;;;718.5;218;183;;0;2;150A
449372;1787409843140;21.8;37;45.8;4.0;183.0;183.2;1509_direct_carried;;;;718.5;218;183;;0;2;150B
449583;1787409843351;21.8;37;45.8;4.0;183.0;183.2;1509_direct_carried;;;;718.5;218;183;;0;2;150D
450623;1787409844391;21.8;37;45.8;4.0;183.0;183.2;1509_direct_carried;;;;718.5;218;183;;0;2;1502
451041;1787409844809;21.8;37;45.8;4.0;183.0;183.2;1509_direct_carried;;;;718.5;218;183;;0;2;1505
451253;1787409845021;21.8;37;45.8;4.0;183.0;183.2;1509_direct_carried;;;;718.6;218;183;;0;2;1506
451681;1787409845449;21.8;37;45.8;4.0;183.0;183.2;1509_direct_carried;;;;718.6;218;183;;0;2;1508
451874;1787409845642;21.8;37;45.8;3.0;137.0;137.39999999999998;1509_direct;;;;718.6;218;137;;0;2;1509
452083;1787409845851;21.8;37;45.8;3.0;137.0;137.39999999999998;1509_direct_carried;;;;718.6;218;137;;0;2;150A
452293;1787409846061;21.8;37;45.8;3.0;137.0;137.39999999999998;1509_direct_carried;;;;718.6;218;137;;0;2;150B
452502;1787409846270;21.8;37;45.8;3.0;137.0;137.39999999999998;1509_direct_carried;;;;718.6;218;137;;0;2;150D
453544;1787409847312;21.8;37;45.8;3.0;137.0;137.39999999999998;1509_direct_carried;;;;718.6;218;137;;0;2;1502
453965;1787409847733;21.8;37;45.8;3.0;137.0;137.39999999999998;1509_direct_carried;;;;718.6;218;137;;0;2;1505
454172;1787409847940;21.8;37;45.8;3.0;137.0;137.39999999999998;1509_direct_carried;;;;718.6;218;137;;0;2;1506
454592;1787409848360;21.8;37;45.8;3.0;137.0;137.39999999999998;1509_direct_carried;;;;718.6;218;137;;0;2;1508
454793;1787409848561;21.8;37;45.7;5.0;227.0;228.5;1509_direct;;;;718.6;218;227;;0;2;1509
455002;1787409848770;21.8;37;45.7;5.0;227.0;228.5;1509_direct_carried;;;;718.6;218;227;;0;2;150A
455222;1787409848990;21.8;37;45.7;5.0;227.0;228.5;1509_direct_carried;;;;718.6;218;227;;0;2;150B
455423;1787409849191;21.8;37;45.7;5.0;227.0;228.5;1509_direct_carried;;;;718.6;218;227;;0;2;150D
456463;1787409850231;21.8;37;45.7;5.0;227.0;228.5;1509_direct_carried;;;;718.6;218;227;;0;2;1502
456883;1787409850651;21.8;37;45.7;5.0;227.0;228.5;1509_direct_carried;;;;718.6;218;227;;0;2;1505
457089;1787409850857;21.8;37;45.7;5.0;227.0;228.5;1509_direct_carried;;;;718.6;218;227;;0;2;1506
457509;1787409851277;21.8;37;45.7;5.0;227.0;228.5;1509_direct_carried;;;;718.6;218;227;;0;2;1508
457719;1787409851487;21.8;37;45.8;4.0;183.0;183.2;1509_direct;;;;718.6;218;183;;0;2;1509
457919;1787409851687;21.8;37;45.8;4.0;183.0;183.2;1509_direct_carried;;;;718.6;218;183;;0;2;150A
458130;1787409851898;21.8;37;45.8;4.0;183.0;183.2;1509_direct_carried;;;;718.6;218;183;;0;2;150B
458343;1787409852111;21.8;37;45.8;4.0;183.0;183.2;1509_direct_carried;;;;718.6;218;183;;0;2;150D
459390;1787409853158;21.8;37;45.8;4.0;183.0;183.2;1509_direct_carried;;;;718.6;218;183;;0;2;1502
459801;1787409853569;21.8;37;45.8;4.0;183.0;183.2;1509_direct_carried;;;;718.6;218;183;;0;2;1505
460013;1787409853781;21.8;37;45.8;4.0;183.0;183.2;1509_direct_carried;;;;718.6;218;183;;0;2;1506
460435;1787409854203;21.8;37;45.8;4.0;183.0;183.2;1509_direct_carried;;;;718.6;218;183;;0;2;1508
460644;1787409854412;21.8;37;45.9;3.0;137.0;137.7;1509_direct;;;;718.6;218;137;;0;2;1509
460853;1787409854621;21.8;37;45.9;3.0;137.0;137.7;1509_direct_carried;;;;718.6;218;137;;0;2;150A
461066;1787409854834;21.8;37;45.9;3.0;137.0;137.7;1509_direct_carried;;;;718.6;218;137;;0;2;150B
461259;1787409855027;21.8;37;45.9;3.0;137.0;137.7;1509_direct_carried;;;;718.6;218;137;;0;2;150D
462312;1787409856080;21.8;37;45.9;3.0;137.0;137.7;1509_direct_carried;;;;718.6;218;137;;0;2;1502
462734;1787409856502;21.8;37;45.9;3.0;137.0;137.7;1509_direct_carried;;;;718.6;218;137;;0;2;1505
462933;1787409856701;21.8;37;45.9;3.0;137.0;137.7;1509_direct_carried;;;;718.6;218;137;;0;2;1506
463364;1787409857132;21.8;37;45.9;3.0;137.0;137.7;1509_direct_carried;;;;718.6;218;137;;0;2;1508
463562;1787409857330;21.8;37;46.0;3.0;137.0;138.0;1509_direct;;;;718.6;218;137;;0;2;1509
463772;1787409857540;21.8;37;46.0;3.0;137.0;138.0;1509_direct_carried;;;;718.6;218;137;;0;2;150A
463984;1787409857752;21.8;37;46.0;3.0;137.0;138.0;1509_direct_carried;;;;718.6;218;137;;0;2;150B
464193;1787409857961;21.8;37;46.0;3.0;137.0;138.0;1509_direct_carried;;;;718.6;218;137;;0;2;150D
465233;1787409859001;21.8;37;46.0;3.0;137.0;138.0;1509_direct_carried;;;;718.6;218;137;;0;2;1502
465654;1787409859422;21.8;37;46.0;3.0;137.0;138.0;1509_direct_carried;;;;718.6;218;137;;0;2;1505
465853;1787409859621;21.8;37;46.0;3.0;137.0;138.0;1509_direct_carried;;;;718.6;218;137;;0;2;1506
466273;1787409860041;21.8;37;46.0;3.0;137.0;138.0;1509_direct_carried;;;;718.6;218;137;;0;2;1508
466484;1787409860252;21.8;37;46.0;3.0;138.0;138.0;1509_direct;;;;718.6;218;138;;0;2;1509
466693;1787409860461;21.8;37;46.0;3.0;138.0;138.0;1509_direct_carried;;;;718.6;218;138;;0;2;150A
466904;1787409860672;21.8;37;46.0;3.0;138.0;138.0;1509_direct_carried;;;;718.6;218;138;;0;2;150B
467114;1787409860882;21.8;37;46.0;3.0;138.0;138.0;1509_direct_carried;;;;718.6;218;138;;0;2;150D
468159;1787409861927;21.8;37;46.0;3.0;138.0;138.0;1509_direct_carried;;;;718.6;218;138;;0;2;1502
468573;1787409862341;21.8;37;46.0;3.0;138.0;138.0;1509_direct_carried;;;;718.6;218;138;;0;2;1505
468784;1787409862552;21.8;37;46.0;3.0;138.0;138.0;1509_direct_carried;;;;718.7;218;138;;0;2;1506
469191;1787409862959;21.8;37;46.0;3.0;138.0;138.0;1509_direct_carried;;;;718.7;218;138;;0;2;1508
469404;1787409863172;21.8;37;45.7;5.0;228.0;228.5;1509_direct;;;;718.7;218;228;;0;2;1509
469614;1787409863382;21.8;37;45.7;5.0;228.0;228.5;1509_direct_carried;;;;718.7;218;228;;0;2;150A
469824;1787409863592;21.8;37;45.7;5.0;228.0;228.5;1509_direct_carried;;;;718.7;218;228;;0;2;150B
470033;1787409863801;21.8;37;45.7;5.0;228.0;228.5;1509_direct_carried;;;;718.7;218;228;;0;2;150D
471074;1787409864842;21.8;37;45.7;5.0;228.0;228.5;1509_direct_carried;;;;718.7;218;228;;0;2;1502
471492;1787409865260;21.8;37;45.7;5.0;228.0;228.5;1509_direct_carried;;;;718.7;218;228;;0;2;1505
471701;1787409865469;21.8;37;45.7;5.0;228.0;228.5;1509_direct_carried;;;;718.7;218;228;;0;2;1506
472124;1787409865892;21.8;37;45.7;5.0;228.0;228.5;1509_direct_carried;;;;718.7;218;228;;0;2;1508
472322;1787409866090;21.8;37;45.7;5.0;228.0;228.5;1509_direct;;;;718.7;218;228;;0;2;1509
472531;1787409866299;21.8;37;45.7;5.0;228.0;228.5;1509_direct_carried;;;;718.7;218;228;;0;2;150A
472741;1787409866509;21.8;37;45.7;5.0;228.0;228.5;1509_direct_carried;;;;718.7;218;228;;0;2;150B
472953;1787409866721;21.8;37;45.7;5.0;228.0;228.5;1509_direct_carried;;;;718.7;218;228;;0;2;150D
473993;1787409867761;21.8;37;45.7;5.0;228.0;228.5;1509_direct_carried;;;;718.7;218;228;;0;2;1502
474413;1787409868181;21.8;37;45.7;5.0;228.0;228.5;1509_direct_carried;;;;718.7;218;228;;0;2;1505
474624;1787409868392;21.8;37;45.7;5.0;228.0;228.5;1509_direct_carried;;;;718.7;218;228;;0;2;1506
475044;1787409868812;21.8;37;45.7;5.0;228.0;228.5;1509_direct_carried;;;;718.7;218;228;;0;2;1508
475252;1787409869020;21.8;37;45.7;5.0;229.0;228.5;1509_direct;;;;718.7;218;229;;0;2;1509
475454;1787409869222;21.8;37;45.7;5.0;229.0;228.5;1509_direct_carried;;;;718.7;218;229;;0;2;150A
475668;1787409869436;21.8;37;45.7;5.0;229.0;228.5;1509_direct_carried;;;;718.7;218;229;;0;2;150B
475873;1787409869641;21.8;37;45.7;5.0;229.0;228.5;1509_direct_carried;;;;718.7;218;229;;0;2;150D
476923;1787409870691;21.8;37;45.7;5.0;229.0;228.5;1509_direct_carried;;;;718.7;218;229;;0;2;1502
477333;1787409871101;21.8;37;45.7;5.0;229.0;228.5;1509_direct_carried;;;;718.7;218;229;;0;2;1505
477540;1787409871308;21.8;37;45.7;5.0;229.0;228.5;1509_direct_carried;;;;718.7;218;229;;0;2;1506
477960;1787409871728;21.8;37;45.7;5.0;229.0;228.5;1509_direct_carried;;;;718.7;218;229;;0;2;1508
478170;1787409871938;21.8;37;45.8;3.0;137.0;137.39999999999998;1509_direct;;;;718.7;218;137;;0;2;1509
478380;1787409872148;21.8;37;45.8;3.0;137.0;137.39999999999998;1509_direct_carried;;;;718.7;218;137;;0;2;150A
478594;1787409872362;21.8;37;45.8;3.0;137.0;137.39999999999998;1509_direct_carried;;;;718.7;218;137;;0;2;150B
478793;1787409872561;21.8;37;45.8;3.0;137.0;137.39999999999998;1509_direct_carried;;;;718.7;218;137;;0;2;150D
479844;1787409873612;21.8;37;45.8;3.0;137.0;137.39999999999998;1509_direct_carried;;;;718.7;218;137;;0;2;1502
480254;1787409874022;21.8;37;45.8;3.0;137.0;137.39999999999998;1509_direct_carried;;;;718.7;218;137;;0;2;1505
480464;1787409874232;21.8;37;45.8;3.0;137.0;137.39999999999998;1509_direct_carried;;;;718.7;218;137;;0;2;1506
480884;1787409874652;21.8;37;45.8;3.0;137.0;137.39999999999998;1509_direct_carried;;;;718.7;218;137;;0;2;1508
481096;1787409874864;21.8;37;46.2;2.0;92.0;92.4;1509_direct;;;;718.7;218;92;;0;2;1509
481304;1787409875072;21.8;37;46.2;2.0;92.0;92.4;1509_direct_carried;;;;718.7;218;92;;0;2;150A
481513;1787409875281;21.8;37;46.2;2.0;92.0;92.4;1509_direct_carried;;;;718.7;218;92;;0;2;150B
481723;1787409875491;21.8;37;46.2;2.0;92.0;92.4;1509_direct_carried;;;;718.7;218;92;;0;2;150D
482764;1787409876532;21.8;37;46.2;2.0;92.0;92.4;1509_direct_carried;;;;718.7;218;92;;0;2;1502
483185;1787409876953;21.8;37;46.2;2.0;92.0;92.4;1509_direct_carried;;;;718.7;218;92;;0;2;1505
483383;1787409877151;21.8;37;46.2;2.0;92.0;92.4;1509_direct_carried;;;;718.8;218;92;;0;2;1506
483802;1787409877570;21.8;37;46.2;2.0;92.0;92.4;1509_direct_carried;;;;718.8;218;92;;0;2;1508
484014;1787409877782;21.8;37;45.8;3.0;137.0;137.39999999999998;1509_direct;;;;718.8;218;137;;0;2;1509
484224;1787409877992;21.8;37;45.8;3.0;137.0;137.39999999999998;1509_direct_carried;;;;718.8;218;137;;0;2;150A
484433;1787409878201;21.8;37;45.8;3.0;137.0;137.39999999999998;1509_direct_carried;;;;718.8;218;137;;0;2;150B
484644;1787409878412;21.8;37;45.8;3.0;137.0;137.39999999999998;1509_direct_carried;;;;718.8;218;137;;0;2;150D
485684;1787409879452;21.8;37;45.8;3.0;137.0;137.39999999999998;1509_direct_carried;;;;718.8;218;137;;0;2;1502
486105;1787409879873;21.8;37;45.8;3.0;137.0;137.39999999999998;1509_direct_carried;;;;718.8;218;137;;0;2;1505
486315;1787409880083;21.8;37;45.8;3.0;137.0;137.39999999999998;1509_direct_carried;;;;718.8;218;137;;0;2;1506
486725;1787409880493;21.8;37;45.8;3.0;137.0;137.39999999999998;1509_direct_carried;;;;718.8;218;137;;0;2;1508
486933;1787409880701;21.8;37;45.7;4.0;182.0;182.8;1509_direct;;;;718.8;218;182;;0;2;1509
487144;1787409880912;21.8;37;45.7;4.0;182.0;182.8;1509_direct_carried;;;;718.8;218;182;;0;2;150A
487353;1787409881121;21.8;37;45.7;4.0;182.0;182.8;1509_direct_carried;;;;718.8;218;182;;0;2;150B
487564;1787409881332;21.8;37;45.7;4.0;182.0;182.8;1509_direct_carried;;;;718.8;218;182;;0;2;150D
488605;1787409882373;21.8;37;45.7;4.0;182.0;182.8;1509_direct_carried;;;;718.8;218;182;;0;2;1502
489024;1787409882792;21.8;37;45.7;4.0;182.0;182.8;1509_direct_carried;;;;718.8;218;182;;0;2;1505
489235;1787409883003;21.8;37;45.7;4.0;182.0;182.8;1509_direct_carried;;;;718.8;218;182;;0;2;1506
489644;1787409883412;21.8;37;45.7;4.0;182.0;182.8;1509_direct_carried;;;;718.8;218;182;;0;2;1508
489854;1787409883622;21.8;37;46.2;1.0;46.0;46.2;1509_direct;;;;718.8;218;46;;0;2;1509
490064;1787409883832;21.8;37;46.2;1.0;46.0;46.2;1509_direct_carried;;;;718.8;218;46;;0;2;150A
490273;1787409884041;21.8;37;46.2;1.0;46.0;46.2;1509_direct_carried;;;;718.8;218;46;;0;2;150B
490484;1787409884252;21.8;37;46.2;1.0;46.0;46.2;1509_direct_carried;;;;718.8;218;46;;0;2;150D
491524;1787409885292;21.8;37;46.2;1.0;46.0;46.2;1509_direct_carried;;;;718.8;218;46;;0;2;1502
491944;1787409885712;21.8;37;46.2;1.0;46.0;46.2;1509_direct_carried;;;;718.8;218;46;;0;2;1505
492156;1787409885924;21.8;37;46.2;1.0;46.0;46.2;1509_direct_carried;;;;718.8;218;46;;0;2;1506
492575;1787409886343;21.8;37;46.2;1.0;46.0;46.2;1509_direct_carried;;;;718.8;218;46;;0;2;1508
492774;1787409886542;21.8;37;46.0;2.0;46.0;92.0;1509_direct;;;;718.8;218;46;;0;2;1509
492985;1787409886753;21.8;37;46.0;2.0;46.0;92.0;1509_direct_carried;;;;718.8;218;46;;0;2;150A
493195;1787409886963;21.8;37;46.0;2.0;46.0;92.0;1509_direct_carried;;;;718.8;218;46;;0;2;150B
493402;1787409887170;21.8;37;46.0;2.0;46.0;92.0;1509_direct_carried;;;;718.8;218;46;;0;2;150D
494444;1787409888212;21.8;37;46.0;2.0;46.0;92.0;1509_direct_carried;;;;718.8;218;46;;0;2;1502
494865;1787409888633;21.8;37;46.0;2.0;46.0;92.0;1509_direct_carried;;;;718.8;218;46;;0;2;1505
495073;1787409888841;21.8;37;46.0;2.0;46.0;92.0;1509_direct_carried;;;;718.8;218;46;;0;2;1506
495494;1787409889262;21.8;37;46.0;2.0;46.0;92.0;1509_direct_carried;;;;718.8;218;46;;0;2;1508
495704;1787409889472;21.8;37;46.2;1.0;46.0;46.2;1509_direct;;;;718.8;218;46;;0;2;1509
495905;1787409889673;21.8;37;46.2;1.0;46.0;46.2;1509_direct_carried;;;;718.8;218;46;;0;2;150A
496114;1787409889882;21.8;37;46.2;1.0;46.0;46.2;1509_direct_carried;;;;718.8;218;46;;0;2;150B
496324;1787409890092;21.8;37;46.2;1.0;46.0;46.2;1509_direct_carried;;;;718.8;218;46;;0;2;150D
497374;1787409891142;21.8;37;46.2;1.0;46.0;46.2;1509_direct_carried;;;;718.8;218;46;;0;2;1502
497784;1787409891552;21.8;37;46.2;1.0;46.0;46.2;1509_direct_carried;;;;718.8;218;46;;0;2;1505
497993;1787409891761;21.8;37;46.2;1.0;46.0;46.2;1509_direct_carried;;;;718.8;218;46;;0;2;1506
498414;1787409892182;21.8;37;46.2;1.0;46.0;46.2;1509_direct_carried;;;;718.8;218;46;;0;2;1508
498622;1787409892390;21.8;37;46.3;0.0;0.0;0.0;1509_direct;;;;718.8;218;0;;0;2;1509
498834;1787409892602;21.8;37;46.3;0.0;0.0;0.0;1509_direct_carried;;;;718.8;218;0;;0;2;150A
499045;1787409892813;21.8;37;46.3;0.0;0.0;0.0;1509_direct_carried;;;;718.8;218;0;;0;2;150B
499244;1787409893012;21.8;37;46.3;0.0;0.0;0.0;1509_direct_carried;;;;718.8;218;0;;0;2;150D
500291;1787409894059;21.8;37;46.3;0.0;0.0;0.0;1509_direct_carried;;;;718.8;218;0;;0;2;1502
500705;1787409894473;21.8;37;46.3;0.0;0.0;0.0;1509_direct_carried;;;;718.8;218;0;;0;2;1505
500914;1787409894682;21.8;37;46.3;0.0;0.0;0.0;1509_direct_carried;;;;718.9;218;0;;0;2;1506
501334;1787409895102;21.8;37;46.3;0.0;0.0;0.0;1509_direct_carried;;;;718.9;218;0;;0;2;1508
501544;1787409895312;21.8;37;46.4;0.0;0.0;0.0;1509_direct;;;;718.9;218;0;;0;2;1509
501753;1787409895521;21.8;37;46.4;0.0;0.0;0.0;1509_direct_carried;;;;718.9;218;0;;0;2;150A
501962;1787409895730;21.8;37;46.4;0.0;0.0;0.0;1509_direct_carried;;;;718.9;218;0;;0;2;150B
502175;1787409895943;21.8;37;46.4;0.0;0.0;0.0;1509_direct_carried;;;;718.9;218;0;;0;2;150D
503214;1787409896982;21.8;37;46.4;0.0;0.0;0.0;1509_direct_carried;;;;718.9;218;0;;0;2;1502
503635;1787409897403;21.8;37;46.4;0.0;0.0;0.0;1509_direct_carried;;;;718.9;218;0;;0;2;1505
503834;1787409897602;21.8;37;46.4;0.0;0.0;0.0;1509_direct_carried;;;;718.9;218;0;;0;2;1506
504254;1787409898022;21.8;37;46.4;0.0;0.0;0.0;1509_direct_carried;;;;718.9;218;0;;0;2;1508
504464;1787409898232;21.8;37;46.4;0.0;0.0;0.0;1509_direct;;;;718.9;218;0;;0;2;1509
504675;1787409898443;21.8;37;46.4;0.0;0.0;0.0;1509_direct_carried;;;;718.9;218;0;;0;2;150A
504885;1787409898653;21.8;37;46.4;0.0;0.0;0.0;1509_direct_carried;;;;718.9;218;0;;0;2;150B
505095;1787409898863;21.8;37;46.4;0.0;0.0;0.0;1509_direct_carried;;;;718.9;218;0;;0;2;150D
506133;1787409899901;21.8;37;46.4;0.0;0.0;0.0;1509_direct_carried;;;;718.9;218;0;;0;2;1502
506554;1787409900322;21.8;37;46.4;0.0;0.0;0.0;1509_direct_carried;;;;718.9;218;0;;0;2;1505
506763;1787409900531;21.8;37;46.4;0.0;0.0;0.0;1509_direct_carried;;;;718.9;218;0;;0;2;1506
507173;1787409900941;21.8;37;46.4;0.0;0.0;0.0;1509_direct_carried;;;;718.9;218;0;;0;2;1508
507384;1787409901152;21.8;37;46.4;0.0;0.0;0.0;1509_direct;;;;718.9;218;0;;0;2;1509
507594;1787409901362;21.8;37;46.4;0.0;0.0;0.0;1509_direct_carried;;;;718.9;218;0;;0;2;150A
507804;1787409901572;21.8;37;46.4;0.0;0.0;0.0;1509_direct_carried;;;;718.9;218;0;;0;2;150B
508015;1787409901783;21.8;37;46.4;0.0;0.0;0.0;1509_direct_carried;;;;718.9;218;0;;0;2;150D
509055;1787409902823;21.8;37;46.4;0.0;0.0;0.0;1509_direct_carried;;;;718.9;218;0;;0;2;1502
509474;1787409903242;21.8;37;46.4;0.0;0.0;0.0;1509_direct_carried;;;;718.9;218;0;;0;2;1505
509681;1787409903449;21.8;37;46.4;0.0;0.0;0.0;1509_direct_carried;;;;718.9;218;0;;0;2;1506
510096;1787409903864;21.8;37;46.4;0.0;0.0;0.0;1509_direct_carried;;;;718.9;218;0;;0;2;1508
510303;1787409904071;21.8;37;46.5;0.0;0.0;0.0;1509_direct;;;;718.9;218;0;;0;2;1509
510514;1787409904282;21.8;37;46.5;0.0;0.0;0.0;1509_direct_carried;;;;718.9;218;0;;0;2;150A
510724;1787409904492;21.8;37;46.5;0.0;0.0;0.0;1509_direct_carried;;;;718.9;218;0;;0;2;150B
510934;1787409904702;21.8;37;46.5;0.0;0.0;0.0;1509_direct_carried;;;;718.9;218;0;;0;2;150D
511974;1787409905742;21.8;37;46.5;0.0;0.0;0.0;1509_direct_carried;;;;718.9;218;0;;0;2;1502
512394;1787409906162;21.8;37;46.5;0.0;0.0;0.0;1509_direct_carried;;;;718.9;218;0;;0;2;1505
512605;1787409906373;21.8;37;46.5;0.0;0.0;0.0;1509_direct_carried;;;;718.9;218;0;;0;2;1506
513024;1787409906792;21.8;37;46.5;0.0;0.0;0.0;1509_direct_carried;;;;718.9;218;0;;0;2;1508
513224;1787409906992;21.8;37;46.4;0.0;0.0;0.0;1509_direct;;;;718.9;218;0;;0;2;1509
513435;1787409907203;21.8;37;46.4;0.0;0.0;0.0;1509_direct_carried;;;;718.9;218;0;;0;2;150A
513645;1787409907413;21.8;37;46.4;0.0;0.0;0.0;1509_direct_carried;;;;718.9;218;0;;0;2;150B
513855;1787409907623;21.8;37;46.4;0.0;0.0;0.0;1509_direct_carried;;;;718.9;218;0;;0;2;150D
514895;1787409908663;21.8;37;46.4;0.0;0.0;0.0;1509_direct_carried;;;;718.9;218;0;;0;2;1502
515315;1787409909083;21.8;37;46.4;0.0;0.0;0.0;1509_direct_carried;;;;718.9;218;0;;0;2;1505
515524;1787409909292;21.8;37;46.4;0.0;0.0;0.0;1509_direct_carried;;;;718.9;218;0;;0;2;1506
515945;1787409909713;21.8;37;46.4;0.0;0.0;0.0;1509_direct_carried;;;;718.9;218;0;;0;2;1508
516144;1787409909912;21.8;37;46.4;0.0;0.0;0.0;1509_direct;;;;718.9;218;0;;0;2;1509
516354;1787409910122;21.8;37;46.4;0.0;0.0;0.0;1509_direct_carried;;;;718.9;218;0;;0;2;150A
516565;1787409910333;21.8;37;46.4;0.0;0.0;0.0;1509_direct_carried;;;;718.9;218;0;;0;2;150B
516776;1787409910544;21.8;37;46.4;0.0;0.0;0.0;1509_direct_carried;;;;718.9;218;0;;0;2;150D
517814;1787409911582;21.8;37;46.4;0.0;0.0;0.0;1509_direct_carried;;;;718.9;218;0;;0;2;1502
518233;1787409912001;23.5;37;46.4;0.0;0.0;0.0;1509_direct_carried;;;;718.9;235;0;;0;2;1505
518444;1787409912212;23.5;37;46.4;0.0;0.0;0.0;1509_direct_carried;;;;719.0;235;0;;0;2;1506
518865;1787409912633;23.5;37;46.4;0.0;0.0;0.0;1509_direct_carried;;;;719.0;235;0;;0;2;1508
519075;1787409912843;23.5;37;46.5;0.0;0.0;0.0;1509_direct;;;;719.0;235;0;;0;2;1509
519274;1787409913042;23.5;37;46.5;0.0;0.0;0.0;1509_direct_carried;;;;719.0;235;0;;0;2;150A
519485;1787409913253;23.5;37;46.5;0.0;0.0;0.0;1509_direct_carried;;;;719.0;235;0;;0;2;150B
519691;1787409913459;23.5;37;46.5;0.0;0.0;0.0;1509_direct_carried;;;;719.0;235;0;;0;2;150D
520745;1787409914513;23.5;37;46.5;0.0;0.0;0.0;1509_direct_carried;;;;719.0;235;0;;0;2;1502
521152;1787409914920;24.4;37;46.5;0.0;0.0;0.0;1509_direct_carried;;;;719.0;244;0;;0;2;1505
521366;1787409915134;24.4;37;46.5;0.0;0.0;0.0;1509_direct_carried;;;;719.0;244;0;;0;2;1506
521784;1787409915552;24.4;37;46.5;0.0;0.0;0.0;1509_direct_carried;;;;719.0;244;0;;0;2;1508
521994;1787409915762;24.4;37;46.4;0.0;0.0;0.0;1509_direct;;;;719.0;244;0;;0;2;1509
522204;1787409915972;24.4;37;46.4;0.0;0.0;0.0;1509_direct_carried;;;;719.0;244;0;;0;2;150A
522414;1787409916182;24.4;37;46.4;0.0;0.0;0.0;1509_direct_carried;;;;719.0;244;0;;0;2;150B
522614;1787409916382;24.4;37;46.4;0.0;0.0;0.0;1509_direct_carried;;;;719.0;244;0;;0;2;150D
523663;1787409917431;24.4;37;46.4;0.0;0.0;0.0;1509_direct_carried;;;;719.0;244;0;;0;2;1502
524075;1787409917843;25.3;37;46.4;0.0;0.0;0.0;1509_direct_carried;;;;719.0;253;0;;0;2;1505
524285;1787409918053;25.3;37;46.4;0.0;0.0;0.0;1509_direct_carried;;;;719.0;253;0;;0;2;1506
524702;1787409918470;25.3;37;46.4;0.0;0.0;0.0;1509_direct_carried;;;;719.0;253;0;;0;2;1508
524914;1787409918682;25.3;37;46.5;0.0;0.0;0.0;1509_direct;;;;719.0;253;0;;0;2;1509
525126;1787409918894;25.3;37;46.5;0.0;0.0;0.0;1509_direct_carried;;;;719.0;253;0;;0;2;150A
525335;1787409919103;25.3;37;46.5;0.0;0.0;0.0;1509_direct_carried;;;;719.0;253;0;;0;2;150B
525546;1787409919314;25.3;37;46.5;0.0;0.0;0.0;1509_direct_carried;;;;719.0;253;0;;0;2;150D
526583;1787409920351;25.3;37;46.5;0.0;0.0;0.0;1509_direct_carried;;;;719.0;253;0;;0;2;1502
527005;1787409920773;26.6;37;46.5;0.0;0.0;0.0;1509_direct_carried;;;;719.0;266;0;;0;2;1505
527203;1787409920971;26.6;37;46.5;0.0;0.0;0.0;1509_direct_carried;;;;719.0;266;0;;0;2;1506
527625;1787409921393;26.6;37;46.5;0.0;0.0;0.0;1509_direct_carried;;;;719.0;266;0;;0;2;1508
527834;1787409921602;26.6;37;46.5;0.0;0.0;0.0;1509_direct;;;;719.0;266;0;;0;2;1509
528044;1787409921812;26.6;37;46.5;0.0;0.0;0.0;1509_direct_carried;;;;719.0;266;0;;0;2;150A
528255;1787409922023;26.6;37;46.5;0.0;0.0;0.0;1509_direct_carried;;;;719.0;266;0;;0;2;150B
528467;1787409922235;26.6;37;46.5;0.0;0.0;0.0;1509_direct_carried;;;;719.0;266;0;;0;2;150D
529504;1787409923272;26.6;37;46.5;0.0;0.0;0.0;1509_direct_carried;;;;719.0;266;0;;0;2;1502
529925;1787409923693;27.5;37;46.5;0.0;0.0;0.0;1509_direct_carried;;;;719.0;275;0;;0;2;1505
530135;1787409923903;27.5;37;46.5;0.0;0.0;0.0;1509_direct_carried;;;;719.0;275;0;;0;2;1506
530546;1787409924314;27.5;37;46.5;0.0;0.0;0.0;1509_direct_carried;;;;719.0;275;0;;0;2;1508
530755;1787409924523;27.5;37;46.5;0.0;0.0;0.0;1509_direct;;;;719.0;275;0;;0;2;1509
530965;1787409924733;27.5;37;46.5;0.0;0.0;0.0;1509_direct_carried;;;;719.0;275;0;;0;2;150A
531174;1787409924942;27.5;37;46.5;0.0;0.0;0.0;1509_direct_carried;;;;719.0;275;0;;0;2;150B
531384;1787409925152;27.5;37;46.5;0.0;0.0;0.0;1509_direct_carried;;;;719.0;275;0;;0;2;150D
532425;1787409926193;27.5;37;46.5;0.0;0.0;0.0;1509_direct_carried;;;;719.0;275;0;;0;2;1502
532845;1787409926613;28.2;37;46.5;0.0;0.0;0.0;1509_direct_carried;;;;719.0;282;0;;0;2;1505
533056;1787409926824;28.2;37;46.5;0.0;0.0;0.0;1509_direct_carried;;;;719.1;282;0;;0;2;1506
533465;1787409927233;28.2;37;46.5;0.0;0.0;0.0;1509_direct_carried;;;;719.1;282;0;;0;2;1508
533675;1787409927443;28.2;37;46.5;0.0;0.0;0.0;1509_direct;;;;719.1;282;0;;0;2;1509
533885;1787409927653;28.2;37;46.5;0.0;0.0;0.0;1509_direct_carried;;;;719.1;282;0;;0;2;150A
534096;1787409927864;28.2;37;46.5;0.0;0.0;0.0;1509_direct_carried;;;;719.1;282;0;;0;2;150B
534305;1787409928073;28.2;37;46.5;0.0;0.0;0.0;1509_direct_carried;;;;719.1;282;0;;0;2;150D
535345;1787409929113;28.2;37;46.5;0.0;0.0;0.0;1509_direct_carried;;;;719.1;282;0;;0;2;1502
535765;1787409929533;28.2;37;46.5;0.0;0.0;0.0;1509_direct_carried;;;;719.1;282;0;;0;2;1505
535976;1787409929744;28.2;37;46.5;0.0;0.0;0.0;1509_direct_carried;;;;719.1;282;0;;0;2;1506
536385;1787409930153;28.2;37;46.5;0.0;0.0;0.0;1509_direct_carried;;;;719.1;282;0;;0;2;1508
536594;1787409930362;28.2;37;46.3;0.0;0.0;0.0;1509_direct;;;;719.1;282;0;;0;2;1509
536804;1787409930572;28.2;37;46.3;0.0;0.0;0.0;1509_direct_carried;;;;719.1;282;0;;0;2;150A
537014;1787409930782;28.2;37;46.3;0.0;0.0;0.0;1509_direct_carried;;;;719.1;282;0;;0;2;150B
537224;1787409930992;28.2;37;46.3;0.0;0.0;0.0;1509_direct_carried;;;;719.1;282;0;;0;2;150D
538266;1787409932034;28.2;37;46.3;0.0;0.0;0.0;1509_direct_carried;;;;719.1;282;0;;0;2;1502
538686;1787409932454;27.5;37;46.3;0.0;0.0;0.0;1509_direct_carried;;;;719.1;275;0;;0;2;1505
538895;1787409932663;27.5;37;46.3;0.0;0.0;0.0;1509_direct_carried;;;;719.1;275;0;;0;2;1506
539314;1787409933082;27.5;37;46.3;0.0;0.0;0.0;1509_direct_carried;;;;719.1;275;0;;0;2;1508
539515;1787409933283;27.5;37;46.4;0.0;0.0;0.0;1509_direct;;;;719.1;275;0;;0;2;1509
539721;1787409933489;27.5;37;46.4;0.0;0.0;0.0;1509_direct_carried;;;;719.1;275;0;;0;2;150A
539934;1787409933702;27.5;37;46.4;0.0;0.0;0.0;1509_direct_carried;;;;719.1;275;0;;0;2;150B
540145;1787409933913;27.5;37;46.4;0.0;0.0;0.0;1509_direct_carried;;;;719.1;275;0;;0;2;150D
541185;1787409934953;27.5;37;46.4;0.0;0.0;0.0;1509_direct_carried;;;;719.1;275;0;;0;2;1502
541604;1787409935372;26.8;37;46.4;0.0;0.0;0.0;1509_direct_carried;;;;719.1;268;0;;0;2;1505
541815;1787409935583;26.8;37;46.4;0.0;0.0;0.0;1509_direct_carried;;;;719.1;268;0;;0;2;1506
542236;1787409936004;26.8;37;46.4;0.0;0.0;0.0;1509_direct_carried;;;;719.1;268;0;;0;2;1508
542444;1787409936212;26.8;37;46.5;0.0;0.0;0.0;1509_direct;;;;719.1;268;0;;0;2;1509
542644;1787409936412;26.8;37;46.5;0.0;0.0;0.0;1509_direct_carried;;;;719.1;268;0;;0;2;150A
542854;1787409936622;26.8;37;46.5;0.0;0.0;0.0;1509_direct_carried;;;;719.1;268;0;;0;2;150B
543065;1787409936833;26.8;37;46.5;0.0;0.0;0.0;1509_direct_carried;;;;719.1;268;0;;0;2;150D
544105;1787409937873;26.8;37;46.5;0.0;0.0;0.0;1509_direct_carried;;;;719.1;268;0;;0;2;1502
544524;1787409938292;25.4;37;46.5;0.0;0.0;0.0;1509_direct_carried;;;;719.1;254;0;;0;2;1505
544732;1787409938500;25.4;37;46.5;0.0;0.0;0.0;1509_direct_carried;;;;719.2;254;0;;0;2;1506
545154;1787409938922;25.4;37;46.5;0.0;0.0;0.0;1509_direct_carried;;;;719.2;254;0;;0;2;1508
545367;1787409939135;25.4;37;46.5;0.0;0.0;0.0;1509_direct;;;;719.2;254;0;;0;2;1509
545574;1787409939342;25.4;37;46.5;0.0;0.0;0.0;1509_direct_carried;;;;719.2;254;0;;0;2;150A
545775;1787409939543;25.4;37;46.5;0.0;0.0;0.0;1509_direct_carried;;;;719.2;254;0;;0;2;150B
545984;1787409939752;25.4;37;46.5;0.0;0.0;0.0;1509_direct_carried;;;;719.2;254;0;;0;2;150D
547035;1787409940803;25.4;37;46.5;0.0;0.0;0.0;1509_direct_carried;;;;719.2;254;0;;0;2;1502
547445;1787409941213;23.7;37;46.5;0.0;0.0;0.0;1509_direct_carried;;;;719.2;237;0;;0;2;1505
547657;1787409941425;23.7;37;46.5;0.0;0.0;0.0;1509_direct_carried;;;;719.2;237;0;;0;2;1506
548074;1787409941842;23.7;37;46.5;0.0;0.0;0.0;1509_direct_carried;;;;719.2;237;0;;0;2;1508
548285;1787409942053;23.7;37;46.5;0.0;0.0;0.0;1509_direct;;;;719.2;237;0;;0;2;1509
548494;1787409942262;23.7;37;46.5;0.0;0.0;0.0;1509_direct_carried;;;;719.2;237;0;;0;2;150A
548704;1787409942472;23.7;37;46.5;0.0;0.0;0.0;1509_direct_carried;;;;719.2;237;0;;0;2;150B
548907;1787409942675;23.7;37;46.5;0.0;0.0;0.0;1509_direct_carried;;;;719.2;237;0;;0;2;150D
549952;1787409943720;23.7;37;46.5;0.0;0.0;0.0;1509_direct_carried;;;;719.2;237;0;;0;2;1502
550375;1787409944143;23.3;37;46.5;0.0;0.0;0.0;1509_direct_carried;;;;719.2;233;0;;0;2;1505
550575;1787409944343;23.3;37;46.5;0.0;0.0;0.0;1509_direct_carried;;;;719.2;233;0;;0;2;1506
550994;1787409944762;23.3;37;46.5;0.0;0.0;0.0;1509_direct_carried;;;;719.2;233;0;;0;2;1508
551204;1787409944972;23.3;37;46.5;0.0;0.0;0.0;1509_direct;;;;719.2;233;0;;0;2;1509
551415;1787409945183;23.3;37;46.5;0.0;0.0;0.0;1509_direct_carried;;;;719.2;233;0;;0;2;150A
551625;1787409945393;23.3;37;46.5;0.0;0.0;0.0;1509_direct_carried;;;;719.2;233;0;;0;2;150B
551835;1787409945603;23.3;37;46.5;0.0;0.0;0.0;1509_direct_carried;;;;719.2;233;0;;0;2;150D
552874;1787409946642;23.3;37;46.5;0.0;0.0;0.0;1509_direct_carried;;;;719.2;233;0;;0;2;1502
553296;1787409947064;23.1;37;46.5;0.0;0.0;0.0;1509_direct_carried;;;;719.2;231;0;;0;2;1505
553505;1787409947273;23.1;37;46.5;0.0;0.0;0.0;1509_direct_carried;;;;719.2;231;0;;0;2;1506
553915;1787409947683;23.1;37;46.5;0.0;0.0;0.0;1509_direct_carried;;;;719.2;231;0;;0;2;1508
554125;1787409947893;23.1;37;46.5;0.0;0.0;0.0;1509_direct;;;;719.2;231;0;;0;2;1509
554335;1787409948103;23.1;37;46.5;0.0;0.0;0.0;1509_direct_carried;;;;719.2;231;0;;0;2;150A
554546;1787409948314;23.1;37;46.5;0.0;0.0;0.0;1509_direct_carried;;;;719.2;231;0;;0;2;150B
554756;1787409948524;23.1;37;46.5;0.0;0.0;0.0;1509_direct_carried;;;;719.2;231;0;;0;2;150D
555795;1787409949563;23.1;37;46.5;0.0;0.0;0.0;1509_direct_carried;;;;719.2;231;0;;0;2;1502
556216;1787409949984;21.8;37;46.5;0.0;0.0;0.0;1509_direct_carried;;;;719.2;218;0;;0;2;1505
556426;1787409950194;21.8;37;46.5;0.0;0.0;0.0;1509_direct_carried;;;;719.2;218;0;;0;2;1506
556835;1787409950603;21.8;37;46.5;0.0;0.0;0.0;1509_direct_carried;;;;719.2;218;0;;0;2;1508
557045;1787409950813;21.8;37;46.6;0.0;0.0;0.0;1509_direct;;;;719.2;218;0;;0;2;1509
557255;1787409951023;21.8;37;46.6;0.0;0.0;0.0;1509_direct_carried;;;;719.2;218;0;;0;2;150A
557465;1787409951233;21.8;37;46.6;0.0;0.0;0.0;1509_direct_carried;;;;719.2;218;0;;0;2;150B
557674;1787409951442;21.8;37;46.6;0.0;0.0;0.0;1509_direct_carried;;;;719.2;218;0;;0;2;150D
558715;1787409952483;21.8;37;46.6;0.0;0.0;0.0;1509_direct_carried;;;;719.2;218;0;;0;2;1502
559135;1787409952903;21.4;37;46.6;0.0;0.0;0.0;1509_direct_carried;;;;719.2;214;0;;0;2;1505
559344;1787409953112;21.4;37;46.6;0.0;0.0;0.0;1509_direct_carried;;;;719.3;214;0;;0;2;1506
559754;1787409953522;21.4;37;46.6;0.0;0.0;0.0;1509_direct_carried;;;;719.3;214;0;;0;2;1508
559965;1787409953733;21.4;37;46.6;0.0;0.0;0.0;1509_direct;;;;719.3;214;0;;0;2;1509
560174;1787409953942;21.4;37;46.6;0.0;0.0;0.0;1509_direct_carried;;;;719.3;214;0;;0;2;150A
560384;1787409954152;21.4;37;46.6;0.0;0.0;0.0;1509_direct_carried;;;;719.3;214;0;;0;2;150B
560594;1787409954362;21.4;37;46.6;0.0;0.0;0.0;1509_direct_carried;;;;719.3;214;0;;0;2;150D
561635;1787409955403;21.4;37;46.6;0.0;0.0;0.0;1509_direct_carried;;;;719.3;214;0;;0;2;1502
562056;1787409955824;19.2;37;46.6;0.0;0.0;0.0;1509_direct_carried;;;;719.3;192;0;;0;2;1505
562265;1787409956033;19.2;37;46.6;0.0;0.0;0.0;1509_direct_carried;;;;719.3;192;0;;0;2;1506
562685;1787409956453;19.2;37;46.6;0.0;0.0;0.0;1509_direct_carried;;;;719.3;192;0;;0;2;1508
562885;1787409956653;19.2;37;45.9;5.0;229.0;229.5;1509_direct;;;;719.3;192;229;;0;2;1509
563094;1787409956862;19.2;37;45.9;5.0;229.0;229.5;1509_direct_carried;;;;719.3;192;229;;0;2;150A
563305;1787409957073;19.2;37;45.9;5.0;229.0;229.5;1509_direct_carried;;;;719.3;192;229;;0;2;150B
563514;1787409957282;19.2;37;45.9;5.0;229.0;229.5;1509_direct_carried;;;;719.3;192;229;;0;2;150D
564555;1787409958323;19.2;37;45.9;5.0;229.0;229.5;1509_direct_carried;;;;719.3;192;229;;0;2;1502
564972;1787409958740;21.8;37;45.9;5.0;229.0;229.5;1509_direct_carried;;;;719.3;218;229;;0;2;1505
565185;1787409958953;21.8;37;45.9;5.0;229.0;229.5;1509_direct_carried;;;;719.3;218;229;;0;2;1506
565605;1787409959373;21.8;37;45.9;5.0;229.0;229.5;1509_direct_carried;;;;719.3;218;229;;0;2;1508
565805;1787409959573;21.8;37;46.2;3.0;92.0;138.60000000000002;1509_direct;;;;719.3;218;92;;0;2;1509
566014;1787409959782;21.8;37;46.2;3.0;92.0;138.60000000000002;1509_direct_carried;;;;719.3;218;92;;0;2;150A
566225;1787409959993;21.8;37;46.2;3.0;92.0;138.60000000000002;1509_direct_carried;;;;719.3;218;92;;0;2;150B
566435;1787409960203;21.8;37;46.2;3.0;92.0;138.60000000000002;1509_direct_carried;;;;719.3;218;92;;0;2;150D
567475;1787409961243;21.8;37;46.2;3.0;92.0;138.60000000000002;1509_direct_carried;;;;719.3;218;92;;0;2;1502
567898;1787409961666;21.8;37;46.2;3.0;92.0;138.60000000000002;1509_direct_carried;;;;719.3;218;92;;0;2;1505
568104;1787409961872;21.8;37;46.2;3.0;92.0;138.60000000000002;1509_direct_carried;;;;719.3;218;92;;0;2;1506
568526;1787409962294;21.8;37;46.2;3.0;92.0;138.60000000000002;1509_direct_carried;;;;719.3;218;92;;0;2;1508
568735;1787409962503;21.8;37;46.0;3.0;138.0;138.0;1509_direct;;;;719.3;218;138;;0;2;1509
568935;1787409962703;21.8;37;46.0;3.0;138.0;138.0;1509_direct_carried;;;;719.3;218;138;;0;2;150A
569145;1787409962913;21.8;37;46.0;3.0;138.0;138.0;1509_direct_carried;;;;719.3;218;138;;0;2;150B
569355;1787409963123;21.8;37;46.0;3.0;138.0;138.0;1509_direct_carried;;;;719.3;218;138;;0;2;150D
570404;1787409964172;21.8;37;46.0;3.0;138.0;138.0;1509_direct_carried;;;;719.3;218;138;;0;2;1502
570814;1787409964582;21.8;37;46.0;3.0;138.0;138.0;1509_direct_carried;;;;719.3;218;138;;0;2;1505
571025;1787409964793;21.8;37;46.0;3.0;138.0;138.0;1509_direct_carried;;;;719.3;218;138;;0;2;1506
571445;1787409965213;21.8;37;46.0;3.0;138.0;138.0;1509_direct_carried;;;;719.3;218;138;;0;2;1508
571654;1787409965422;21.8;37;46.2;3.0;138.0;138.60000000000002;1509_direct;;;;719.3;218;138;;0;2;1509
571865;1787409965633;21.8;37;46.2;3.0;138.0;138.60000000000002;1509_direct_carried;;;;719.3;218;138;;0;2;150A
572074;1787409965842;21.8;37;46.2;3.0;138.0;138.60000000000002;1509_direct_carried;;;;719.3;218;138;;0;2;150B
572275;1787409966043;21.8;37;46.2;3.0;138.0;138.60000000000002;1509_direct_carried;;;;719.3;218;138;;0;2;150D
573324;1787409967092;21.8;37;46.2;3.0;138.0;138.60000000000002;1509_direct_carried;;;;719.3;218;138;;0;2;1502
573735;1787409967503;21.8;37;46.2;3.0;138.0;138.60000000000002;1509_direct_carried;;;;719.3;218;138;;0;2;1505
573945;1787409967713;21.8;37;46.2;3.0;138.0;138.60000000000002;1509_direct_carried;;;;719.3;218;138;;0;2;1506
574365;1787409968133;21.8;37;46.2;3.0;138.0;138.60000000000002;1509_direct_carried;;;;719.3;218;138;;0;2;1508
574575;1787409968343;21.8;37;45.9;3.0;137.0;137.7;1509_direct;;;;719.3;218;137;;0;2;1509
574784;1787409968552;21.8;37;45.9;3.0;137.0;137.7;1509_direct_carried;;;;719.3;218;137;;0;2;150A
574994;1787409968762;21.8;37;45.9;3.0;137.0;137.7;1509_direct_carried;;;;719.3;218;137;;0;2;150B
575205;1787409968973;21.8;37;45.9;3.0;137.0;137.7;1509_direct_carried;;;;719.3;218;137;;0;2;150D
576244;1787409970012;21.8;37;45.9;3.0;137.0;137.7;1509_direct_carried;;;;719.3;218;137;;0;2;1502
576668;1787409970436;21.8;37;45.9;3.0;137.0;137.7;1509_direct_carried;;;;719.3;218;137;;0;2;1505
576866;1787409970634;21.8;37;45.9;3.0;137.0;137.7;1509_direct_carried;;;;719.4;218;137;;0;2;1506
577285;1787409971053;21.8;37;45.9;3.0;137.0;137.7;1509_direct_carried;;;;719.4;218;137;;0;2;1508
577494;1787409971262;21.8;37;45.9;3.0;137.0;137.7;1509_direct;;;;719.4;218;137;;0;2;1509
577705;1787409971473;21.8;37;45.9;3.0;137.0;137.7;1509_direct_carried;;;;719.4;218;137;;0;2;150A
577915;1787409971683;21.8;37;45.9;3.0;137.0;137.7;1509_direct_carried;;;;719.4;218;137;;0;2;150B
578125;1787409971893;21.8;37;45.9;3.0;137.0;137.7;1509_direct_carried;;;;719.4;218;137;;0;2;150D
579166;1787409972934;21.8;37;45.9;3.0;137.0;137.7;1509_direct_carried;;;;719.4;218;137;;0;2;1502
579584;1787409973352;21.8;37;45.9;3.0;137.0;137.7;1509_direct_carried;;;;719.4;218;137;;0;2;1505
579785;1787409973553;21.8;37;45.9;3.0;137.0;137.7;1509_direct_carried;;;;719.4;218;137;;0;2;1506
580202;1787409973970;21.8;37;45.9;3.0;137.0;137.7;1509_direct_carried;;;;719.4;218;137;;0;2;1508
580414;1787409974182;21.8;37;45.8;4.0;183.0;183.2;1509_direct;;;;719.4;218;183;;0;2;1509
580626;1787409974394;21.8;37;45.8;4.0;183.0;183.2;1509_direct_carried;;;;719.4;218;183;;0;2;150A
580835;1787409974603;21.8;37;45.8;4.0;183.0;183.2;1509_direct_carried;;;;719.4;218;183;;0;2;150B
581045;1787409974813;21.8;37;45.8;4.0;183.0;183.2;1509_direct_carried;;;;719.4;218;183;;0;2;150D
582085;1787409975853;21.8;37;45.8;4.0;183.0;183.2;1509_direct_carried;;;;719.4;218;183;;0;2;1502
582505;1787409976273;21.8;37;45.8;4.0;183.0;183.2;1509_direct_carried;;;;719.4;218;183;;0;2;1505
582717;1787409976485;21.8;37;45.8;4.0;183.0;183.2;1509_direct_carried;;;;719.4;218;183;;0;2;1506
583125;1787409976893;21.8;37;45.8;4.0;183.0;183.2;1509_direct_carried;;;;719.4;218;183;;0;2;1508
583335;1787409977103;21.8;37;45.8;5.0;229.0;229.0;1509_direct;;;;719.4;218;229;;0;2;1509
583544;1787409977312;21.8;37;45.8;5.0;229.0;229.0;1509_direct_carried;;;;719.4;218;229;;0;2;150A
583754;1787409977522;21.8;37;45.8;5.0;229.0;229.0;1509_direct_carried;;;;719.4;218;229;;0;2;150B
583967;1787409977735;21.8;37;45.8;5.0;229.0;229.0;1509_direct_carried;;;;719.4;218;229;;0;2;150D
585005;1787409978773;21.8;37;45.8;5.0;229.0;229.0;1509_direct_carried;;;;719.4;218;229;;0;2;1502
585425;1787409979193;21.8;37;45.8;5.0;229.0;229.0;1509_direct_carried;;;;719.4;218;229;;0;2;1505
585634;1787409979402;21.8;37;45.8;5.0;229.0;229.0;1509_direct_carried;;;;719.4;218;229;;0;2;1506
586045;1787409979813;21.8;37;45.8;5.0;229.0;229.0;1509_direct_carried;;;;719.4;218;229;;0;2;1508
586257;1787409980025;21.8;37;45.8;5.0;228.0;229.0;1509_direct;;;;719.4;218;228;;0;2;1509
586465;1787409980233;21.8;37;45.8;5.0;228.0;229.0;1509_direct_carried;;;;719.4;218;228;;0;2;150A
586674;1787409980442;21.8;37;45.8;5.0;228.0;229.0;1509_direct_carried;;;;719.4;218;228;;0;2;150B
586885;1787409980653;21.8;37;45.8;5.0;228.0;229.0;1509_direct_carried;;;;719.4;218;228;;0;2;150D
587925;1787409981693;21.8;37;45.8;5.0;228.0;229.0;1509_direct_carried;;;;719.4;218;228;;0;2;1502
588345;1787409982113;21.8;37;45.8;5.0;228.0;229.0;1509_direct_carried;;;;719.4;218;228;;0;2;1505
588555;1787409982323;21.8;37;45.8;5.0;228.0;229.0;1509_direct_carried;;;;719.4;218;228;;0;2;1506
588975;1787409982743;21.8;37;45.8;5.0;228.0;229.0;1509_direct_carried;;;;719.4;218;228;;0;2;1508
589174;1787409982942;21.8;37;45.8;4.0;183.0;183.2;1509_direct;;;;719.4;218;183;;0;2;1509
589385;1787409983153;21.8;37;45.8;4.0;183.0;183.2;1509_direct_carried;;;;719.4;218;183;;0;2;150A
589595;1787409983363;21.8;37;45.8;4.0;183.0;183.2;1509_direct_carried;;;;719.4;218;183;;0;2;150B
589804;1787409983572;21.8;37;45.8;4.0;183.0;183.2;1509_direct_carried;;;;719.4;218;183;;0;2;150D
590847;1787409984615;21.8;37;45.8;4.0;183.0;183.2;1509_direct_carried;;;;719.4;218;183;;0;2;1502
591265;1787409985033;21.8;37;45.8;4.0;183.0;183.2;1509_direct_carried;;;;719.4;218;183;;0;2;1505
591475;1787409985243;21.8;37;45.8;4.0;183.0;183.2;1509_direct_carried;;;;719.5;218;183;;0;2;1506
591895;1787409985663;21.8;37;45.8;4.0;183.0;183.2;1509_direct_carried;;;;719.5;218;183;;0;2;1508
592104;1787409985872;21.8;37;45.7;5.0;229.0;228.5;1509_direct;;;;719.5;218;229;;0;2;1509
592303;1787409986071;21.8;37;45.7;5.0;229.0;228.5;1509_direct_carried;;;;719.5;218;229;;0;2;150A
592515;1787409986283;21.8;37;45.7;5.0;229.0;228.5;1509_direct_carried;;;;719.5;218;229;;0;2;150B
592726;1787409986494;21.8;37;45.7;5.0;229.0;228.5;1509_direct_carried;;;;719.5;218;229;;0;2;150D
593766;1787409987534;21.8;37;45.7;5.0;229.0;228.5;1509_direct_carried;;;;719.5;218;229;;0;2;1502
594185;1787409987953;21.8;37;45.7;5.0;229.0;228.5;1509_direct_carried;;;;719.5;218;229;;0;2;1505
594396;1787409988164;21.8;37;45.7;5.0;229.0;228.5;1509_direct_carried;;;;719.5;218;229;;0;2;1506
594815;1787409988583;21.8;37;45.7;5.0;229.0;228.5;1509_direct_carried;;;;719.5;218;229;;0;2;1508
595024;1787409988792;21.8;37;45.8;5.0;229.0;229.0;1509_direct;;;;719.5;218;229;;0;2;1509
595227;1787409988995;21.8;37;45.8;5.0;229.0;229.0;1509_direct_carried;;;;719.5;218;229;;0;2;150A
595437;1787409989205;21.8;37;45.8;5.0;229.0;229.0;1509_direct_carried;;;;719.5;218;229;;0;2;150B
595645;1787409989413;21.8;37;45.8;5.0;229.0;229.0;1509_direct_carried;;;;719.5;218;229;;0;2;150D
596695;1787409990463;21.8;37;45.8;5.0;229.0;229.0;1509_direct_carried;;;;719.5;218;229;;0;2;1502
597106;1787409990874;21.8;37;45.8;5.0;229.0;229.0;1509_direct_carried;;;;719.5;218;229;;0;2;1505
597315;1787409991083;21.8;37;45.8;5.0;229.0;229.0;1509_direct_carried;;;;719.5;218;229;;0;2;1506
597736;1787409991504;21.8;37;45.8;5.0;229.0;229.0;1509_direct_carried;;;;719.5;218;229;;0;2;1508
597944;1787409991712;21.8;37;46.2;3.0;138.0;138.60000000000002;1509_direct;;;;719.5;218;138;;0;2;1509
598154;1787409991922;21.8;37;46.2;3.0;138.0;138.60000000000002;1509_direct_carried;;;;719.5;218;138;;0;2;150A
598361;1787409992129;21.8;37;46.2;3.0;138.0;138.60000000000002;1509_direct_carried;;;;719.5;218;138;;0;2;150B
598562;1787409992330;21.8;37;46.2;3.0;138.0;138.60000000000002;1509_direct_carried;;;;719.5;218;138;;0;2;150D
599614;1787409993382;21.8;37;46.2;3.0;138.0;138.60000000000002;1509_direct_carried;;;;719.5;218;138;;0;2;1502
600023;1787409993791;21.8;37;46.2;3.0;138.0;138.60000000000002;1509_direct_carried;;;;719.5;218;138;;0;2;1505
600234;1787409994002;21.8;37;46.2;3.0;138.0;138.60000000000002;1509_direct_carried;;;;719.5;218;138;;0;2;1506
600654;1787409994422;21.8;37;46.2;3.0;138.0;138.60000000000002;1509_direct_carried;;;;719.5;218;138;;0;2;1508
600862;1787409994630;21.8;37;45.9;4.0;183.0;183.6;1509_direct;;;;719.5;218;183;;0;2;1509
601073;1787409994841;21.8;37;45.9;4.0;183.0;183.6;1509_direct_carried;;;;719.5;218;183;;0;2;150A
601284;1787409995052;21.8;37;45.9;4.0;183.0;183.6;1509_direct_carried;;;;719.5;218;183;;0;2;150B
601496;1787409995264;21.8;37;45.9;4.0;183.0;183.6;1509_direct_carried;;;;719.5;218;183;;0;2;150D
602537;1787409996305;21.8;37;45.9;4.0;183.0;183.6;1509_direct_carried;;;;719.5;218;183;;0;2;1502
602952;1787409996720;21.8;37;45.9;4.0;183.0;183.6;1509_direct_carried;;;;719.5;218;183;;0;2;1505
603156;1787409996924;21.8;37;45.9;4.0;183.0;183.6;1509_direct_carried;;;;719.5;218;183;;0;2;1506
603575;1787409997343;21.8;37;45.9;4.0;183.0;183.6;1509_direct_carried;;;;719.5;218;183;;0;2;1508
603786;1787409997554;21.8;37;45.9;5.0;228.0;229.5;1509_direct;;;;719.5;218;228;;0;2;1509
603997;1787409997765;21.8;37;45.9;5.0;228.0;229.5;1509_direct_carried;;;;719.5;218;228;;0;2;150A
604205;1787409997973;21.8;37;45.9;5.0;228.0;229.5;1509_direct_carried;;;;719.5;218;228;;0;2;150B
604419;1787409998187;21.8;37;45.9;5.0;228.0;229.5;1509_direct_carried;;;;719.5;218;228;;0;2;150D
605457;1787409999225;21.8;37;45.9;5.0;228.0;229.5;1509_direct_carried;;;;719.5;218;228;;0;2;1502
605876;1787409999644;21.8;37;45.9;5.0;228.0;229.5;1509_direct_carried;;;;719.5;218;228;;0;2;1505
606085;1787409999853;21.8;37;45.9;5.0;228.0;229.5;1509_direct_carried;;;;719.5;218;228;;0;2;1506
606495;1787410000263;21.8;37;45.9;5.0;228.0;229.5;1509_direct_carried;;;;719.5;218;228;;0;2;1508
606705;1787410000473;21.8;37;45.7;4.0;182.0;182.8;1509_direct;;;;719.5;218;182;;0;2;1509
606915;1787410000683;21.8;37;45.7;4.0;182.0;182.8;1509_direct_carried;;;;719.5;218;182;;0;2;150A
607125;1787410000893;21.8;37;45.7;4.0;182.0;182.8;1509_direct_carried;;;;719.5;218;182;;0;2;150B
607337;1787410001105;21.8;37;45.7;4.0;182.0;182.8;1509_direct_carried;;;;719.5;218;182;;0;2;150D
608378;1787410002146;21.8;37;45.7;4.0;182.0;182.8;1509_direct_carried;;;;719.5;218;182;;0;2;1502
608796;1787410002564;21.8;37;45.7;4.0;182.0;182.8;1509_direct_carried;;;;719.5;218;182;;0;2;1505
609005;1787410002773;21.8;37;45.7;4.0;182.0;182.8;1509_direct_carried;;;;719.6;218;182;;0;2;1506
609426;1787410003194;21.8;37;45.7;4.0;182.0;182.8;1509_direct_carried;;;;719.6;218;182;;0;2;1508
609625;1787410003393;21.8;37;45.6;5.0;228.0;228.0;1509_direct;;;;719.6;218;228;;0;2;1509
609835;1787410003603;21.8;37;45.6;5.0;228.0;228.0;1509_direct_carried;;;;719.6;218;228;;0;2;150A
610046;1787410003814;21.8;37;45.6;5.0;228.0;228.0;1509_direct_carried;;;;719.6;218;228;;0;2;150B
610256;1787410004024;21.8;37;45.6;5.0;228.0;228.0;1509_direct_carried;;;;719.6;218;228;;0;2;150D
611296;1787410005064;21.8;37;45.6;5.0;228.0;228.0;1509_direct_carried;;;;719.6;218;228;;0;2;1502
611716;1787410005484;21.8;37;45.6;5.0;228.0;228.0;1509_direct_carried;;;;719.6;218;228;;0;2;1505
611927;1787410005695;21.8;37;45.6;5.0;228.0;228.0;1509_direct_carried;;;;719.6;218;228;;0;2;1506
612345;1787410006113;21.8;37;45.6;5.0;228.0;228.0;1509_direct_carried;;;;719.6;218;228;;0;2;1508
612544;1787410006312;21.8;37;45.6;5.0;228.0;228.0;1509_direct;;;;719.6;218;228;;0;2;1509
612756;1787410006524;21.8;37;45.6;5.0;228.0;228.0;1509_direct_carried;;;;719.6;218;228;;0;2;150A
612965;1787410006733;21.8;37;45.6;5.0;228.0;228.0;1509_direct_carried;;;;719.6;218;228;;0;2;150B
613176;1787410006944;21.8;37;45.6;5.0;228.0;228.0;1509_direct_carried;;;;719.6;218;228;;0;2;150D
614215;1787410007983;21.8;37;45.6;5.0;228.0;228.0;1509_direct_carried;;;;719.6;218;228;;0;2;1502
614637;1787410008405;21.8;37;45.6;5.0;228.0;228.0;1509_direct_carried;;;;719.6;218;228;;0;2;1505
614845;1787410008613;21.8;37;45.6;5.0;228.0;228.0;1509_direct_carried;;;;719.6;218;228;;0;2;1506
615265;1787410009033;21.8;37;45.6;5.0;228.0;228.0;1509_direct_carried;;;;719.6;218;228;;0;2;1508
615475;1787410009243;21.8;37;45.8;4.0;183.0;183.2;1509_direct;;;;719.6;218;183;;0;2;1509
615674;1787410009442;21.8;37;45.8;4.0;183.0;183.2;1509_direct_carried;;;;719.6;218;183;;0;2;150A
615885;1787410009653;21.8;37;45.8;4.0;183.0;183.2;1509_direct_carried;;;;719.6;218;183;;0;2;150B
616096;1787410009864;21.8;37;45.8;4.0;183.0;183.2;1509_direct_carried;;;;719.6;218;183;;0;2;150D
617143;1787410010911;21.8;37;45.8;4.0;183.0;183.2;1509_direct_carried;;;;719.6;218;183;;0;2;1502
617557;1787410011325;21.8;37;45.8;4.0;183.0;183.2;1509_direct_carried;;;;719.6;218;183;;0;2;1505
617766;1787410011534;21.8;37;45.8;4.0;183.0;183.2;1509_direct_carried;;;;719.6;218;183;;0;2;1506
618185;1787410011953;21.8;37;45.8;4.0;183.0;183.2;1509_direct_carried;;;;719.6;218;183;;0;2;1508
618395;1787410012163;21.8;37;45.7;4.0;182.0;182.8;1509_direct;;;;719.6;218;182;;0;2;1509
618605;1787410012373;21.8;37;45.7;4.0;182.0;182.8;1509_direct_carried;;;;719.6;218;182;;0;2;150A
618815;1787410012583;21.8;37;45.7;4.0;182.0;182.8;1509_direct_carried;;;;719.6;218;182;;0;2;150B
619014;1787410012782;21.8;37;45.7;4.0;182.0;182.8;1509_direct_carried;;;;719.6;218;182;;0;2;150D
620065;1787410013833;21.8;37;45.7;4.0;182.0;182.8;1509_direct_carried;;;;719.6;218;182;;0;2;1502
620476;1787410014244;21.8;37;45.7;4.0;182.0;182.8;1509_direct_carried;;;;719.6;218;182;;0;2;1505
620686;1787410014454;21.8;37;45.7;4.0;182.0;182.8;1509_direct_carried;;;;719.6;218;182;;0;2;1506
621106;1787410014874;21.8;37;45.7;4.0;182.0;182.8;1509_direct_carried;;;;719.6;218;182;;0;2;1508
621315;1787410015083;21.8;37;45.6;4.0;182.0;182.4;1509_direct;;;;719.6;218;182;;0;2;1509
621524;1787410015292;21.8;37;45.6;4.0;182.0;182.4;1509_direct_carried;;;;719.6;218;182;;0;2;150A
621735;1787410015503;21.8;37;45.6;4.0;182.0;182.4;1509_direct_carried;;;;719.6;218;182;;0;2;150B
621936;1787410015704;21.8;37;45.6;4.0;182.0;182.4;1509_direct_carried;;;;719.6;218;182;;0;2;150D
622986;1787410016754;21.8;37;45.6;4.0;182.0;182.4;1509_direct_carried;;;;719.6;218;182;;0;2;1502
623405;1787410017173;21.8;37;45.6;4.0;182.0;182.4;1509_direct_carried;;;;719.6;218;182;;0;2;1505
623605;1787410017373;21.8;37;45.6;4.0;182.0;182.4;1509_direct_carried;;;;719.7;218;182;;0;2;1506
624026;1787410017794;21.8;37;45.6;4.0;182.0;182.4;1509_direct_carried;;;;719.7;218;182;;0;2;1508
624236;1787410018004;21.8;37;45.8;4.0;182.0;183.2;1509_direct;;;;719.7;218;182;;0;2;1509
624446;1787410018214;21.8;37;45.8;4.0;182.0;183.2;1509_direct_carried;;;;719.7;218;182;;0;2;150A
624656;1787410018424;21.8;37;45.8;4.0;182.0;183.2;1509_direct_carried;;;;719.7;218;182;;0;2;150B
624865;1787410018633;21.8;37;45.8;4.0;182.0;183.2;1509_direct_carried;;;;719.7;218;182;;0;2;150D
625907;1787410019675;21.8;37;45.8;4.0;182.0;183.2;1509_direct_carried;;;;719.7;218;182;;0;2;1502
626325;1787410020093;21.8;37;45.8;4.0;182.0;183.2;1509_direct_carried;;;;719.7;218;182;;0;2;1505
626526;1787410020294;21.8;37;45.8;4.0;182.0;183.2;1509_direct_carried;;;;719.7;218;182;;0;2;1506
626944;1787410020712;21.8;37;45.8;4.0;182.0;183.2;1509_direct_carried;;;;719.7;218;182;;0;2;1508
627155;1787410020923;21.8;37;45.8;4.0;183.0;183.2;1509_direct;;;;719.7;218;183;;0;2;1509
627365;1787410021133;21.8;37;45.8;4.0;183.0;183.2;1509_direct_carried;;;;719.7;218;183;;0;2;150A
627574;1787410021342;21.8;37;45.8;4.0;183.0;183.2;1509_direct_carried;;;;719.7;218;183;;0;2;150B
627786;1787410021554;21.8;37;45.8;4.0;183.0;183.2;1509_direct_carried;;;;719.7;218;183;;0;2;150D
628826;1787410022594;21.8;37;45.8;4.0;183.0;183.2;1509_direct_carried;;;;719.7;218;183;;0;2;1502
629245;1787410023013;21.8;37;45.8;4.0;183.0;183.2;1509_direct_carried;;;;719.7;218;183;;0;2;1505
629455;1787410023223;21.8;37;45.8;4.0;183.0;183.2;1509_direct_carried;;;;719.7;218;183;;0;2;1506
629865;1787410023633;21.8;37;45.8;4.0;183.0;183.2;1509_direct_carried;;;;719.7;218;183;;0;2;1508
630076;1787410023844;21.8;37;46.0;3.0;138.0;138.0;1509_direct;;;;719.7;218;138;;0;2;1509
630285;1787410024053;21.8;37;46.0;3.0;138.0;138.0;1509_direct_carried;;;;719.7;218;138;;0;2;150A
630496;1787410024264;21.8;37;46.0;3.0;138.0;138.0;1509_direct_carried;;;;719.7;218;138;;0;2;150B
630706;1787410024474;21.8;37;46.0;3.0;138.0;138.0;1509_direct_carried;;;;719.7;218;138;;0;2;150D
631746;1787410025514;21.8;37;46.0;3.0;138.0;138.0;1509_direct_carried;;;;719.7;218;138;;0;2;1502
632165;1787410025933;21.8;37;46.0;3.0;138.0;138.0;1509_direct_carried;;;;719.7;218;138;;0;2;1505
632375;1787410026143;21.8;37;46.0;3.0;138.0;138.0;1509_direct_carried;;;;719.7;218;138;;0;2;1506
632786;1787410026554;21.8;37;46.0;3.0;138.0;138.0;1509_direct_carried;;;;719.7;218;138;;0;2;1508
632996;1787410026764;21.8;37;45.9;3.0;137.0;137.7;1509_direct;;;;719.7;218;137;;0;2;1509
633205;1787410026973;21.8;37;45.9;3.0;137.0;137.7;1509_direct_carried;;;;719.7;218;137;;0;2;150A
633415;1787410027183;21.8;37;45.9;3.0;137.0;137.7;1509_direct_carried;;;;719.7;218;137;;0;2;150B
633626;1787410027394;21.8;37;45.9;3.0;137.0;137.7;1509_direct_carried;;;;719.7;218;137;;0;2;150D
634666;1787410028434;21.8;37;45.9;3.0;137.0;137.7;1509_direct_carried;;;;719.7;218;137;;0;2;1502
635087;1787410028855;21.8;37;45.9;3.0;137.0;137.7;1509_direct_carried;;;;719.7;218;137;;0;2;1505
635295;1787410029063;21.8;37;45.9;3.0;137.0;137.7;1509_direct_carried;;;;719.7;218;137;;0;2;1506
635716;1787410029484;21.8;37;45.9;3.0;137.0;137.7;1509_direct_carried;;;;719.7;218;137;;0;2;1508
635916;1787410029684;21.8;37;45.8;3.0;137.0;137.39999999999998;1509_direct;;;;719.7;218;137;;0;2;1509
636125;1787410029893;21.8;37;45.8;3.0;137.0;137.39999999999998;1509_direct_carried;;;;719.7;218;137;;0;2;150A
636336;1787410030104;21.8;37;45.8;3.0;137.0;137.39999999999998;1509_direct_carried;;;;719.7;218;137;;0;2;150B
636545;1787410030313;21.8;37;45.8;3.0;137.0;137.39999999999998;1509_direct_carried;;;;719.7;218;137;;0;2;150D
637586;1787410031354;21.8;37;45.8;3.0;137.0;137.39999999999998;1509_direct_carried;;;;719.7;218;137;;0;2;1502
638006;1787410031774;21.8;37;45.8;3.0;137.0;137.39999999999998;1509_direct_carried;;;;719.7;218;137;;0;2;1505
638216;1787410031984;21.8;37;45.8;3.0;137.0;137.39999999999998;1509_direct_carried;;;;719.7;218;137;;0;2;1506
638637;1787410032405;21.8;37;45.8;3.0;137.0;137.39999999999998;1509_direct_carried;;;;719.7;218;137;;0;2;1508
638837;1787410032605;21.8;37;45.6;6.0;273.0;273.6;1509_direct;;;;719.7;218;273;;0;2;1509
639045;1787410032813;21.8;37;45.6;6.0;273.0;273.6;1509_direct_carried;;;;719.7;218;273;;0;2;150A
639257;1787410033025;21.8;37;45.6;6.0;273.0;273.6;1509_direct_carried;;;;719.7;218;273;;0;2;150B
639465;1787410033233;21.8;37;45.6;6.0;273.0;273.6;1509_direct_carried;;;;719.7;218;273;;0;2;150D
640505;1787410034273;21.8;37;45.6;6.0;273.0;273.6;1509_direct_carried;;;;719.7;218;273;;0;2;1502
640928;1787410034696;21.8;37;45.6;6.0;273.0;273.6;1509_direct_carried;;;;719.7;218;273;;0;2;1505
641135;1787410034903;21.8;37;45.6;6.0;273.0;273.6;1509_direct_carried;;;;719.8;218;273;;0;2;1506
641558;1787410035326;21.8;37;45.6;6.0;273.0;273.6;1509_direct_carried;;;;719.8;218;273;;0;2;1508
641765;1787410035533;21.8;37;45.6;6.0;273.0;273.6;1509_direct;;;;719.8;218;273;;0;2;1509
641964;1787410035732;21.8;37;45.6;6.0;273.0;273.6;1509_direct_carried;;;;719.8;218;273;;0;2;150A
642176;1787410035944;21.8;37;45.6;6.0;273.0;273.6;1509_direct_carried;;;;719.8;218;273;;0;2;150B
642385;1787410036153;21.8;37;45.6;6.0;273.0;273.6;1509_direct_carried;;;;719.8;218;273;;0;2;150D
643426;1787410037194;21.8;37;45.6;6.0;273.0;273.6;1509_direct_carried;;;;719.8;218;273;;0;2;1502
643846;1787410037614;21.8;37;45.6;6.0;273.0;273.6;1509_direct_carried;;;;719.8;218;273;;0;2;1505
644055;1787410037823;21.8;37;45.6;6.0;273.0;273.6;1509_direct_carried;;;;719.8;218;273;;0;2;1506
644476;1787410038244;21.8;37;45.6;6.0;273.0;273.6;1509_direct_carried;;;;719.8;218;273;;0;2;1508
644682;1787410038450;21.8;37;45.4;6.0;273.0;272.4;1509_direct;;;;719.8;218;273;;0;2;1509
644885;1787410038653;21.8;37;45.4;6.0;273.0;272.4;1509_direct_carried;;;;719.8;218;273;;0;2;150A
645096;1787410038864;21.8;37;45.4;6.0;273.0;272.4;1509_direct_carried;;;;719.8;218;273;;0;2;150B
645305;1787410039073;21.8;37;45.4;6.0;273.0;272.4;1509_direct_carried;;;;719.8;218;273;;0;2;150D
646356;1787410040124;21.8;37;45.4;6.0;273.0;272.4;1509_direct_carried;;;;719.8;218;273;;0;2;1502
646767;1787410040535;21.8;37;45.4;6.0;273.0;272.4;1509_direct_carried;;;;719.8;218;273;;0;2;1505
646975;1787410040743;21.8;37;45.4;6.0;273.0;272.4;1509_direct_carried;;;;719.8;218;273;;0;2;1506
647397;1787410041165;21.8;37;45.4;6.0;273.0;272.4;1509_direct_carried;;;;719.8;218;273;;0;2;1508
647606;1787410041374;21.8;37;45.6;4.0;182.0;182.4;1509_direct;;;;719.8;218;182;;0;2;1509
647816;1787410041584;21.8;37;45.6;4.0;182.0;182.4;1509_direct_carried;;;;719.8;218;182;;0;2;150A
648025;1787410041793;21.8;37;45.6;4.0;182.0;182.4;1509_direct_carried;;;;719.8;218;182;;0;2;150B
648225;1787410041993;21.8;37;45.6;4.0;182.0;182.4;1509_direct_carried;;;;719.8;218;182;;0;2;150D
649274;1787410043042;21.8;37;45.6;4.0;182.0;182.4;1509_direct_carried;;;;719.8;218;182;;0;2;1502
649682;1787410043450;21.8;37;45.6;4.0;182.0;182.4;1509_direct_carried;;;;719.8;218;182;;0;2;1505
649895;1787410043663;21.8;37;45.6;4.0;182.0;182.4;1509_direct_carried;;;;719.8;218;182;;0;2;1506
650316;1787410044084;21.8;37;45.6;4.0;182.0;182.4;1509_direct_carried;;;;719.8;218;182;;0;2;1508
650525;1787410044293;21.8;37;45.7;4.0;182.0;182.8;1509_direct;;;;719.8;218;182;;0;2;1509
650736;1787410044504;21.8;37;45.7;4.0;182.0;182.8;1509_direct_carried;;;;719.8;218;182;;0;2;150A
650945;1787410044713;21.8;37;45.7;4.0;182.0;182.8;1509_direct_carried;;;;719.8;218;182;;0;2;150B
651155;1787410044923;21.8;37;45.7;4.0;182.0;182.8;1509_direct_carried;;;;719.8;218;182;;0;2;150D
652198;1787410045966;21.8;37;45.7;4.0;182.0;182.8;1509_direct_carried;;;;719.8;218;182;;0;2;1502
652617;1787410046385;21.8;37;45.7;4.0;182.0;182.8;1509_direct_carried;;;;719.8;218;182;;0;2;1505
652818;1787410046586;21.8;37;45.7;4.0;182.0;182.8;1509_direct_carried;;;;719.8;218;182;;0;2;1506
653235;1787410047003;21.8;37;45.7;4.0;182.0;182.8;1509_direct_carried;;;;719.8;218;182;;0;2;1508
653446;1787410047214;21.8;37;45.7;4.0;182.0;182.8;1509_direct;;;;719.8;218;182;;0;2;1509
653655;1787410047423;21.8;37;45.7;4.0;182.0;182.8;1509_direct_carried;;;;719.8;218;182;;0;2;150A
653865;1787410047633;21.8;37;45.7;4.0;182.0;182.8;1509_direct_carried;;;;719.8;218;182;;0;2;150B
654075;1787410047843;21.8;37;45.7;4.0;182.0;182.8;1509_direct_carried;;;;719.8;218;182;;0;2;150D
655116;1787410048884;21.8;37;45.7;4.0;182.0;182.8;1509_direct_carried;;;;719.8;218;182;;0;2;1502
655536;1787410049304;21.8;37;45.7;4.0;182.0;182.8;1509_direct_carried;;;;719.8;218;182;;0;2;1505
655735;1787410049503;21.8;37;45.7;4.0;182.0;182.8;1509_direct_carried;;;;719.8;218;182;;0;2;1506
656156;1787410049924;21.8;37;45.7;4.0;182.0;182.8;1509_direct_carried;;;;719.8;218;182;;0;2;1508
656366;1787410050134;21.8;37;45.9;3.0;137.0;137.7;1509_direct;;;;719.8;218;137;;0;2;1509
656576;1787410050344;21.8;37;45.9;3.0;137.0;137.7;1509_direct_carried;;;;719.8;218;137;;0;2;150A
656787;1787410050555;21.8;37;45.9;3.0;137.0;137.7;1509_direct_carried;;;;719.8;218;137;;0;2;150B
656995;1787410050763;21.8;37;45.9;3.0;137.0;137.7;1509_direct_carried;;;;719.8;218;137;;0;2;150D
658036;1787410051804;21.8;37;45.9;3.0;137.0;137.7;1509_direct_carried;;;;719.8;218;137;;0;2;1502
658457;1787410052225;21.8;37;45.9;3.0;137.0;137.7;1509_direct_carried;;;;719.8;218;137;;0;2;1505
658665;1787410052433;21.8;37;45.9;3.0;137.0;137.7;1509_direct_carried;;;;719.9;218;137;;0;2;1506
659076;1787410052844;21.8;37;45.9;3.0;137.0;137.7;1509_direct_carried;;;;719.9;218;137;;0;2;1508
659286;1787410053054;21.8;37;45.8;3.0;137.0;137.39999999999998;1509_direct;;;;719.9;218;137;;0;2;1509
659498;1787410053266;21.8;37;45.8;3.0;137.0;137.39999999999998;1509_direct_carried;;;;719.9;218;137;;0;2;150A
659702;1787410053470;21.8;37;45.8;3.0;137.0;137.39999999999998;1509_direct_carried;;;;719.9;218;137;;0;2;150B
659916;1787410053684;21.8;37;45.8;3.0;137.0;137.39999999999998;1509_direct_carried;;;;719.9;218;137;;0;2;150D
660957;1787410054725;21.8;37;45.8;3.0;137.0;137.39999999999998;1509_direct_carried;;;;719.9;218;137;;0;2;1502
661373;1787410055141;21.8;37;45.8;3.0;137.0;137.39999999999998;1509_direct_carried;;;;719.9;218;137;;0;2;1505
661587;1787410055355;21.8;37;45.8;3.0;137.0;137.39999999999998;1509_direct_carried;;;;719.9;218;137;;0;2;1506
661996;1787410055764;21.8;37;45.8;3.0;137.0;137.39999999999998;1509_direct_carried;;;;719.9;218;137;;0;2;1508
662206;1787410055974;21.8;37;45.8;3.0;137.0;137.39999999999998;1509_direct;;;;719.9;218;137;;0;2;1509
662417;1787410056185;21.8;37;45.8;3.0;137.0;137.39999999999998;1509_direct_carried;;;;719.9;218;137;;0;2;150A
662626;1787410056394;21.8;37;45.8;3.0;137.0;137.39999999999998;1509_direct_carried;;;;719.9;218;137;;0;2;150B
662838;1787410056606;21.8;37;45.8;3.0;137.0;137.39999999999998;1509_direct_carried;;;;719.9;218;137;;0;2;150D
663876;1787410057644;21.8;37;45.8;3.0;137.0;137.39999999999998;1509_direct_carried;;;;719.9;218;137;;0;2;1502
664296;1787410058064;21.8;37;45.8;3.0;137.0;137.39999999999998;1509_direct_carried;;;;719.9;218;137;;0;2;1505
664506;1787410058274;21.8;37;45.8;3.0;137.0;137.39999999999998;1509_direct_carried;;;;719.9;218;137;;0;2;1506
664927;1787410058695;21.8;37;45.8;3.0;137.0;137.39999999999998;1509_direct_carried;;;;719.9;218;137;;0;2;1508
665125;1787410058893;21.8;37;45.6;4.0;183.0;182.4;1509_direct;;;;719.9;218;183;;0;2;1509
665335;1787410059103;21.8;37;45.6;4.0;183.0;182.4;1509_direct_carried;;;;719.9;218;183;;0;2;150A
665546;1787410059314;21.8;37;45.6;4.0;183.0;182.4;1509_direct_carried;;;;719.9;218;183;;0;2;150B
665755;1787410059523;21.8;37;45.6;4.0;183.0;182.4;1509_direct_carried;;;;719.9;218;183;;0;2;150D
666797;1787410060565;21.8;37;45.6;4.0;183.0;182.4;1509_direct_carried;;;;719.9;218;183;;0;2;1502
667217;1787410060985;21.8;37;45.6;4.0;183.0;182.4;1509_direct_carried;;;;719.9;218;183;;0;2;1505
667426;1787410061194;21.8;37;45.6;4.0;183.0;182.4;1509_direct_carried;;;;719.9;218;183;;0;2;1506
667846;1787410061614;21.8;37;45.6;4.0;183.0;182.4;1509_direct_carried;;;;719.9;218;183;;0;2;1508
668045;1787410061813;21.8;37;46.0;4.0;184.0;184.0;1509_direct;;;;719.9;218;184;;0;2;1509
668254;1787410062022;21.8;37;46.0;4.0;184.0;184.0;1509_direct_carried;;;;719.9;218;184;;0;2;150A
668467;1787410062235;21.8;37;46.0;4.0;184.0;184.0;1509_direct_carried;;;;719.9;218;184;;0;2;150B
668677;1787410062445;21.8;37;46.0;4.0;184.0;184.0;1509_direct_carried;;;;719.9;218;184;;0;2;150D
669712;1787410063480;21.8;37;46.0;4.0;184.0;184.0;1509_direct_carried;;;;719.9;218;184;;0;2;1502
670136;1787410063904;21.8;37;46.0;4.0;184.0;184.0;1509_direct_carried;;;;719.9;218;184;;0;2;1505
670345;1787410064113;21.8;37;46.0;4.0;184.0;184.0;1509_direct_carried;;;;719.9;218;184;;0;2;1506
670767;1787410064535;21.8;37;46.0;4.0;184.0;184.0;1509_direct_carried;;;;719.9;218;184;;0;2;1508
670975;1787410064743;21.8;37;45.6;4.0;182.0;182.4;1509_direct;;;;719.9;218;182;;0;2;1509
671177;1787410064945;21.8;37;45.6;4.0;182.0;182.4;1509_direct_carried;;;;719.9;218;182;;0;2;150A
671385;1787410065153;21.8;37;45.6;4.0;182.0;182.4;1509_direct_carried;;;;719.9;218;182;;0;2;150B
671597;1787410065365;21.8;37;45.6;4.0;182.0;182.4;1509_direct_carried;;;;719.9;218;182;;0;2;150D
672646;1787410066414;21.8;37;45.6;4.0;182.0;182.4;1509_direct_carried;;;;719.9;218;182;;0;2;1502
673056;1787410066824;21.8;37;45.6;4.0;182.0;182.4;1509_direct_carried;;;;719.9;218;182;;0;2;1505
673266;1787410067034;21.8;37;45.6;4.0;182.0;182.4;1509_direct_carried;;;;719.9;218;182;;0;2;1506
673687;1787410067455;21.8;37;45.6;4.0;182.0;182.4;1509_direct_carried;;;;719.9;218;182;;0;2;1508
673896;1787410067664;21.8;37;45.8;4.0;183.0;183.2;1509_direct;;;;719.9;218;183;;0;2;1509
674105;1787410067873;21.8;37;45.8;4.0;183.0;183.2;1509_direct_carried;;;;719.9;218;183;;0;2;150A
674315;1787410068083;21.8;37;45.8;4.0;183.0;183.2;1509_direct_carried;;;;719.9;218;183;;0;2;150B
674516;1787410068284;21.8;37;45.8;4.0;183.0;183.2;1509_direct_carried;;;;719.9;218;183;;0;2;150D
675567;1787410069335;21.8;37;45.8;4.0;183.0;183.2;1509_direct_carried;;;;719.9;218;183;;0;2;1502
675976;1787410069744;21.8;37;45.8;4.0;183.0;183.2;1509_direct_carried;;;;719.9;218;183;;0;2;1505
676186;1787410069954;21.8;37;45.8;4.0;183.0;183.2;1509_direct_carried;;;;720.0;218;183;;0;2;1506
676605;1787410070373;21.8;37;45.8;4.0;183.0;183.2;1509_direct_carried;;;;720.0;218;183;;0;2;1508
676817;1787410070585;21.8;37;45.8;4.0;228.0;183.2;1509_direct;;;;720.0;218;228;;0;2;1509
677025;1787410070793;21.8;37;45.8;4.0;228.0;183.2;1509_direct_carried;;;;720.0;218;228;;0;2;150A
677234;1787410071002;21.8;37;45.8;4.0;228.0;183.2;1509_direct_carried;;;;720.0;218;228;;0;2;150B
677437;1787410071205;21.8;37;45.8;4.0;228.0;183.2;1509_direct_carried;;;;720.0;218;228;;0;2;150D
678486;1787410072254;21.8;37;45.8;4.0;228.0;183.2;1509_direct_carried;;;;720.0;218;228;;0;2;1502
678908;1787410072676;21.8;37;45.8;4.0;228.0;183.2;1509_direct_carried;;;;720.0;218;228;;0;2;1505
679106;1787410072874;21.8;37;45.8;4.0;228.0;183.2;1509_direct_carried;;;;720.0;218;228;;0;2;1506
679526;1787410073294;21.8;37;45.8;4.0;228.0;183.2;1509_direct_carried;;;;720.0;218;228;;0;2;1508
679732;1787410073500;21.8;37;45.7;4.0;182.0;182.8;1509_direct;;;;720.0;218;182;;0;2;1509
679946;1787410073714;21.8;37;45.7;4.0;182.0;182.8;1509_direct_carried;;;;720.0;218;182;;0;2;150A
680156;1787410073924;21.8;37;45.7;4.0;182.0;182.8;1509_direct_carried;;;;720.0;218;182;;0;2;150B
680366;1787410074134;21.8;37;45.7;4.0;182.0;182.8;1509_direct_carried;;;;720.0;218;182;;0;2;150D
681406;1787410075174;21.8;37;45.7;4.0;182.0;182.8;1509_direct_carried;;;;720.0;218;182;;0;2;1502
681828;1787410075596;21.8;37;45.7;4.0;182.0;182.8;1509_direct_carried;;;;720.0;218;182;;0;2;1505
682025;1787410075793;21.8;37;45.7;4.0;182.0;182.8;1509_direct_carried;;;;720.0;218;182;;0;2;1506
682446;1787410076214;21.8;37;45.7;4.0;182.0;182.8;1509_direct_carried;;;;720.0;218;182;;0;2;1508
682656;1787410076424;21.8;37;45.6;4.0;182.0;182.4;1509_direct;;;;720.0;218;182;;0;2;1509
682865;1787410076633;21.8;37;45.6;4.0;182.0;182.4;1509_direct_carried;;;;720.0;218;182;;0;2;150A
683075;1787410076843;21.8;37;45.6;4.0;182.0;182.4;1509_direct_carried;;;;720.0;218;182;;0;2;150B
683285;1787410077053;21.8;37;45.6;4.0;182.0;182.4;1509_direct_carried;;;;720.0;218;182;;0;2;150D
684326;1787410078094;21.8;37;45.6;4.0;182.0;182.4;1509_direct_carried;;;;720.0;218;182;;0;2;1502
684746;1787410078514;21.8;37;45.6;4.0;182.0;182.4;1509_direct_carried;;;;720.0;218;182;;0;2;1505
684957;1787410078725;21.8;37;45.6;4.0;182.0;182.4;1509_direct_carried;;;;720.0;218;182;;0;2;1506
685366;1787410079134;21.8;37;45.6;4.0;182.0;182.4;1509_direct_carried;;;;720.0;218;182;;0;2;1508
685575;1787410079343;21.8;37;45.6;4.0;228.0;182.4;1509_direct;;;;720.0;218;228;;0;2;1509
685787;1787410079555;21.8;37;45.6;4.0;228.0;182.4;1509_direct_carried;;;;720.0;218;228;;0;2;150A
685997;1787410079765;21.8;37;45.6;4.0;228.0;182.4;1509_direct_carried;;;;720.0;218;228;;0;2;150B
686206;1787410079974;21.8;37;45.6;4.0;228.0;182.4;1509_direct_carried;;;;720.0;218;228;;0;2;150D
687246;1787410081014;21.8;37;45.6;4.0;228.0;182.4;1509_direct_carried;;;;720.0;218;228;;0;2;1502
687666;1787410081434;21.8;37;45.6;4.0;228.0;182.4;1509_direct_carried;;;;720.0;218;228;;0;2;1505
687876;1787410081644;21.8;37;45.6;4.0;228.0;182.4;1509_direct_carried;;;;720.0;218;228;;0;2;1506
688285;1787410082053;21.8;37;45.6;4.0;228.0;182.4;1509_direct_carried;;;;720.0;218;228;;0;2;1508
688497;1787410082265;21.8;37;45.9;3.0;137.0;137.7;1509_direct;;;;720.0;218;137;;0;2;1509
688706;1787410082474;21.8;37;45.9;3.0;137.0;137.7;1509_direct_carried;;;;720.0;218;137;;0;2;150A
688917;1787410082685;21.8;37;45.9;3.0;137.0;137.7;1509_direct_carried;;;;720.0;218;137;;0;2;150B
689127;1787410082895;21.8;37;45.9;3.0;137.0;137.7;1509_direct_carried;;;;720.0;218;137;;0;2;150D
690166;1787410083934;21.8;37;45.9;3.0;137.0;137.7;1509_direct_carried;;;;720.0;218;137;;0;2;1502
690587;1787410084355;21.8;37;45.9;3.0;137.0;137.7;1509_direct_carried;;;;720.0;218;137;;0;2;1505
690796;1787410084564;21.8;37;45.9;3.0;137.0;137.7;1509_direct_carried;;;;720.1;218;137;;0;2;1506
691217;1787410084985;21.8;37;45.9;3.0;137.0;137.7;1509_direct_carried;;;;720.1;218;137;;0;2;1508
691415;1787410085183;21.8;37;46.2;2.0;92.0;92.4;1509_direct;;;;720.1;218;92;;0;2;1509
691626;1787410085394;21.8;37;46.2;2.0;92.0;92.4;1509_direct_carried;;;;720.1;218;92;;0;2;150A
691836;1787410085604;21.8;37;46.2;2.0;92.0;92.4;1509_direct_carried;;;;720.1;218;92;;0;2;150B
692047;1787410085815;21.8;37;46.2;2.0;92.0;92.4;1509_direct_carried;;;;720.1;218;92;;0;2;150D
693086;1787410086854;21.8;37;46.2;2.0;92.0;92.4;1509_direct_carried;;;;720.1;218;92;;0;2;1502
693506;1787410087274;21.8;37;46.2;2.0;92.0;92.4;1509_direct_carried;;;;720.1;218;92;;0;2;1505
693716;1787410087484;21.8;37;46.2;2.0;92.0;92.4;1509_direct_carried;;;;720.1;218;92;;0;2;1506
694136;1787410087904;21.8;37;46.2;2.0;92.0;92.4;1509_direct_carried;;;;720.1;218;92;;0;2;1508
694335;1787410088103;21.8;37;45.8;4.0;183.0;183.2;1509_direct;;;;720.1;218;183;;0;2;1509
694547;1787410088315;21.8;37;45.8;4.0;183.0;183.2;1509_direct_carried;;;;720.1;218;183;;0;2;150A
694757;1787410088525;21.8;37;45.8;4.0;183.0;183.2;1509_direct_carried;;;;720.1;218;183;;0;2;150B
694966;1787410088734;21.8;37;45.8;4.0;183.0;183.2;1509_direct_carried;;;;720.1;218;183;;0;2;150D
696006;1787410089774;21.8;37;45.8;4.0;183.0;183.2;1509_direct_carried;;;;720.1;218;183;;0;2;1502
696426;1787410090194;21.8;37;45.8;4.0;183.0;183.2;1509_direct_carried;;;;720.1;218;183;;0;2;1505
696636;1787410090404;21.8;37;45.8;4.0;183.0;183.2;1509_direct_carried;;;;720.1;218;183;;0;2;1506
697057;1787410090825;21.8;37;45.8;4.0;183.0;183.2;1509_direct_carried;;;;720.1;218;183;;0;2;1508
697267;1787410091035;21.8;37;45.7;4.0;182.0;182.8;1509_direct;;;;720.1;218;182;;0;2;1509
697466;1787410091234;21.8;37;45.7;4.0;182.0;182.8;1509_direct_carried;;;;720.1;218;182;;0;2;150A
697676;1787410091444;21.8;37;45.7;4.0;182.0;182.8;1509_direct_carried;;;;720.1;218;182;;0;2;150B
697887;1787410091655;21.8;37;45.7;4.0;182.0;182.8;1509_direct_carried;;;;720.1;218;182;;0;2;150D
698937;1787410092705;21.8;37;45.7;4.0;182.0;182.8;1509_direct_carried;;;;720.1;218;182;;0;2;1502
699347;1787410093115;21.8;37;45.7;4.0;182.0;182.8;1509_direct_carried;;;;720.1;218;182;;0;2;1505
699555;1787410093323;21.8;37;45.7;4.0;182.0;182.8;1509_direct_carried;;;;720.1;218;182;;0;2;1506
699976;1787410093744;21.8;37;45.7;4.0;182.0;182.8;1509_direct_carried;;;;720.1;218;182;;0;2;1508
700186;1787410093954;21.8;37;45.9;3.0;137.0;137.7;1509_direct;;;;720.1;218;137;;0;2;1509
700394;1787410094162;21.8;37;45.9;3.0;137.0;137.7;1509_direct_carried;;;;720.1;218;137;;0;2;150A
700605;1787410094373;21.8;37;45.9;3.0;137.0;137.7;1509_direct_carried;;;;720.1;218;137;;0;2;150B
700806;1787410094574;21.8;37;45.9;3.0;137.0;137.7;1509_direct_carried;;;;720.1;218;137;;0;2;150D
701857;1787410095625;21.8;37;45.9;3.0;137.0;137.7;1509_direct_carried;;;;720.1;218;137;;0;2;1502
702264;1787410096032;21.8;37;45.9;3.0;137.0;137.7;1509_direct_carried;;;;720.1;218;137;;0;2;1505
702476;1787410096244;21.8;37;45.9;3.0;137.0;137.7;1509_direct_carried;;;;720.1;218;137;;0;2;1506
702897;1787410096665;21.8;37;45.9;3.0;137.0;137.7;1509_direct_carried;;;;720.1;218;137;;0;2;1508
703104;1787410096872;21.8;37;45.7;4.0;182.0;182.8;1509_direct;;;;720.1;218;182;;0;2;1509
703313;1787410097081;21.8;37;45.7;4.0;182.0;182.8;1509_direct_carried;;;;720.1;218;182;;0;2;150A
703526;1787410097294;21.8;37;45.7;4.0;182.0;182.8;1509_direct_carried;;;;720.1;218;182;;0;2;150B
703736;1787410097504;21.8;37;45.7;4.0;182.0;182.8;1509_direct_carried;;;;720.1;218;182;;0;2;150D
704774;1787410098542;21.8;37;45.7;4.0;182.0;182.8;1509_direct_carried;;;;720.1;218;182;;0;2;1502
705196;1787410098964;21.8;37;45.7;4.0;182.0;182.8;1509_direct_carried;;;;720.1;218;182;;0;2;1505
705397;1787410099165;21.8;37;45.7;4.0;182.0;182.8;1509_direct_carried;;;;720.1;218;182;;0;2;1506
705816;1787410099584;21.8;37;45.7;4.0;182.0;182.8;1509_direct_carried;;;;720.1;218;182;;0;2;1508
706026;1787410099794;21.8;37;45.8;3.0;136.0;137.39999999999998;1509_direct;;;;720.1;218;136;;0;2;1509
706235;1787410100003;21.8;37;45.8;3.0;136.0;137.39999999999998;1509_direct_carried;;;;720.1;218;136;;0;2;150A
706456;1787410100224;21.8;37;45.8;3.0;136.0;137.39999999999998;1509_direct_carried;;;;720.1;218;136;;0;2;150B
706659;1787410100427;21.8;37;45.8;3.0;136.0;137.39999999999998;1509_direct_carried;;;;720.1;218;136;;0;2;150D
707697;1787410101465;21.8;37;45.8;3.0;136.0;137.39999999999998;1509_direct_carried;;;;720.1;218;136;;0;2;1502
708127;1787410101895;21.8;37;45.8;3.0;136.0;137.39999999999998;1509_direct_carried;;;;720.1;218;136;;0;2;1505
708315;1787410102083;21.8;37;45.8;3.0;136.0;137.39999999999998;1509_direct_carried;;;;720.2;218;136;;0;2;1506
708737;1787410102505;21.8;37;45.8;3.0;136.0;137.39999999999998;1509_direct_carried;;;;720.2;218;136;;0;2;1508
708947;1787410102715;21.8;37;45.7;4.0;182.0;182.8;1509_direct;;;;720.2;218;182;;0;2;1509
709157;1787410102925;21.8;37;45.7;4.0;182.0;182.8;1509_direct_carried;;;;720.2;218;182;;0;2;150A
709367;1787410103135;21.8;37;45.7;4.0;182.0;182.8;1509_direct_carried;;;;720.2;218;182;;0;2;150B
709578;1787410103346;21.8;37;45.7;4.0;182.0;182.8;1509_direct_carried;;;;720.2;218;182;;0;2;150D
710617;1787410104385;21.8;37;45.7;4.0;182.0;182.8;1509_direct_carried;;;;720.2;218;182;;0;2;1502
711037;1787410104805;21.8;37;45.7;4.0;182.0;182.8;1509_direct_carried;;;;720.2;218;182;;0;2;1505
711247;1787410105015;21.8;37;45.7;4.0;182.0;182.8;1509_direct_carried;;;;720.2;218;182;;0;2;1506
711656;1787410105424;21.8;37;45.7;4.0;182.0;182.8;1509_direct_carried;;;;720.2;218;182;;0;2;1508
711865;1787410105633;21.8;37;45.3;7.0;317.0;317.09999999999997;1509_direct;;;;720.2;218;317;;0;2;1509
712077;1787410105845;21.8;37;45.3;7.0;317.0;317.09999999999997;1509_direct_carried;;;;720.2;218;317;;0;2;150A
712286;1787410106054;21.8;37;45.3;7.0;317.0;317.09999999999997;1509_direct_carried;;;;720.2;218;317;;0;2;150B
712496;1787410106264;21.8;37;45.3;7.0;317.0;317.09999999999997;1509_direct_carried;;;;720.2;218;317;;0;2;150D
713537;1787410107305;21.8;37;45.3;7.0;317.0;317.09999999999997;1509_direct_carried;;;;720.2;218;317;;0;2;1502
713957;1787410107725;21.8;37;45.3;7.0;317.0;317.09999999999997;1509_direct_carried;;;;720.2;218;317;;0;2;1505
714166;1787410107934;21.8;37;45.3;7.0;317.0;317.09999999999997;1509_direct_carried;;;;720.2;218;317;;0;2;1506
714577;1787410108345;21.8;37;45.3;7.0;317.0;317.09999999999997;1509_direct_carried;;;;720.2;218;317;;0;2;1508
714787;1787410108555;21.8;37;45.2;7.0;317.0;316.40000000000003;1509_direct;;;;720.2;218;317;;0;2;1509
714997;1787410108765;21.8;37;45.2;7.0;317.0;316.40000000000003;1509_direct_carried;;;;720.2;218;317;;0;2;150A
715206;1787410108974;21.8;37;45.2;7.0;317.0;316.40000000000003;1509_direct_carried;;;;720.2;218;317;;0;2;150B
715416;1787410109184;21.8;37;45.2;7.0;317.0;316.40000000000003;1509_direct_carried;;;;720.2;218;317;;0;2;150D
716458;1787410110226;21.8;37;45.2;7.0;317.0;316.40000000000003;1509_direct_carried;;;;720.2;218;317;;0;2;1502
716876;1787410110644;21.8;37;45.2;7.0;317.0;316.40000000000003;1509_direct_carried;;;;720.2;218;317;;0;2;1505
717086;1787410110854;21.8;37;45.2;7.0;317.0;316.40000000000003;1509_direct_carried;;;;720.2;218;317;;0;2;1506
717506;1787410111274;21.8;37;45.2;7.0;317.0;316.40000000000003;1509_direct_carried;;;;720.2;218;317;;0;2;1508
717706;1787410111474;21.8;37;45.6;6.0;271.0;273.6;1509_direct;;;;720.2;218;271;;0;2;1509
717917;1787410111685;21.8;37;45.6;6.0;271.0;273.6;1509_direct_carried;;;;720.2;218;271;;0;2;150A
718125;1787410111893;21.8;37;45.6;6.0;271.0;273.6;1509_direct_carried;;;;720.2;218;271;;0;2;150B
718335;1787410112103;21.8;37;45.6;6.0;271.0;273.6;1509_direct_carried;;;;720.2;218;271;;0;2;150D
719378;1787410113146;21.8;37;45.6;6.0;271.0;273.6;1509_direct_carried;;;;720.2;218;271;;0;2;1502
719797;1787410113565;21.1;37;45.6;6.0;271.0;273.6;1509_direct_carried;;;;720.2;211;271;;0;2;1505
720006;1787410113774;21.1;37;45.6;6.0;271.0;273.6;1509_direct_carried;;;;720.2;211;271;;0;2;1506
720425;1787410114193;21.1;37;45.6;6.0;271.0;273.6;1509_direct_carried;;;;720.2;211;271;;0;2;1508
720625;1787410114393;21.1;37;44.7;10.0;447.0;447.0;1509_direct;;;;720.2;211;447;;0;2;1509
720837;1787410114605;21.1;37;44.7;10.0;447.0;447.0;1509_direct_carried;;;;720.2;211;447;;0;2;150A
721046;1787410114814;21.1;37;44.7;10.0;447.0;447.0;1509_direct_carried;;;;720.2;211;447;;0;2;150B
721257;1787410115025;21.1;37;44.7;10.0;447.0;447.0;1509_direct_carried;;;;720.2;211;447;;0;2;150D
722297;1787410116065;21.1;37;44.7;10.0;447.0;447.0;1509_direct_carried;;;;720.2;211;447;;0;2;1502
722717;1787410116485;21.4;37;44.7;10.0;447.0;447.0;1509_direct_carried;;;;720.2;214;447;;0;2;1505
722924;1787410116692;21.4;37;44.7;10.0;447.0;447.0;1509_direct_carried;;;;720.2;214;447;;0;2;1506
723346;1787410117114;21.4;37;44.7;10.0;447.0;447.0;1509_direct_carried;;;;720.2;214;447;;0;2;1508
723556;1787410117324;21.4;37;45.1;9.0;405.0;405.90000000000003;1509_direct;;;;720.2;214;405;;0;2;1509
723757;1787410117525;21.4;37;45.1;9.0;405.0;405.90000000000003;1509_direct_carried;;;;720.2;214;405;;0;2;150A
723966;1787410117734;21.4;37;45.1;9.0;405.0;405.90000000000003;1509_direct_carried;;;;720.2;214;405;;0;2;150B
724177;1787410117945;21.4;37;45.1;9.0;405.0;405.90000000000003;1509_direct_carried;;;;720.2;214;405;;0;2;150D
725225;1787410118993;21.4;37;45.1;9.0;405.0;405.90000000000003;1509_direct_carried;;;;720.2;214;405;;0;2;1502
725636;1787410119404;21.8;37;45.1;9.0;405.0;405.90000000000003;1509_direct_carried;;;;720.2;218;405;;0;2;1505
725847;1787410119615;21.8;37;45.1;9.0;405.0;405.90000000000003;1509_direct_carried;;;;720.3;218;405;;0;2;1506
726266;1787410120034;21.8;37;45.1;9.0;405.0;405.90000000000003;1509_direct_carried;;;;720.3;218;405;;0;2;1508
726476;1787410120244;21.8;37;45.0;9.0;404.0;405.0;1509_direct;;;;720.3;218;404;;0;2;1509
726687;1787410120455;21.8;37;45.0;9.0;404.0;405.0;1509_direct_carried;;;;720.3;218;404;;0;2;150A
726896;1787410120664;21.8;37;45.0;9.0;404.0;405.0;1509_direct_carried;;;;720.3;218;404;;0;2;150B
727095;1787410120863;21.8;37;45.0;9.0;404.0;405.0;1509_direct_carried;;;;720.3;218;404;;0;2;150D
728146;1787410121914;21.8;37;45.0;9.0;404.0;405.0;1509_direct_carried;;;;720.3;218;404;;0;2;1502
728556;1787410122324;18.1;37;45.0;9.0;404.0;405.0;1509_direct_carried;;;;720.3;181;404;;0;2;1505
728768;1787410122536;18.1;37;45.0;9.0;404.0;405.0;1509_direct_carried;;;;720.3;181;404;;0;2;1506
729186;1787410122954;18.1;37;45.0;9.0;404.0;405.0;1509_direct_carried;;;;720.3;181;404;;0;2;1508
729396;1787410123164;18.1;37;45.6;4.0;182.0;182.4;1509_direct;;;;720.3;181;182;;0;2;1509
729605;1787410123373;18.1;37;45.6;4.0;182.0;182.4;1509_direct_carried;;;;720.3;181;182;;0;2;150A
729817;1787410123585;18.1;37;45.6;4.0;182.0;182.4;1509_direct_carried;;;;720.3;181;182;;0;2;150B
730026;1787410123794;18.1;37;45.6;4.0;182.0;182.4;1509_direct_carried;;;;720.3;181;182;;0;2;150D
731065;1787410124833;18.1;37;45.6;4.0;182.0;182.4;1509_direct_carried;;;;720.3;181;182;;0;2;1502
731488;1787410125256;19.7;37;45.6;4.0;182.0;182.4;1509_direct_carried;;;;720.3;197;182;;0;2;1505
731685;1787410125453;19.7;37;45.6;4.0;182.0;182.4;1509_direct_carried;;;;720.3;197;182;;0;2;1506
732109;1787410125877;19.7;37;45.6;4.0;182.0;182.4;1509_direct_carried;;;;720.3;197;182;;0;2;1508
732313;1787410126081;19.7;37;46.2;0.0;0.0;0.0;1509_direct;;;;720.3;197;0;;0;2;1509
732523;1787410126291;19.7;37;46.2;0.0;0.0;0.0;1509_direct_carried;;;;720.3;197;0;;0;2;150A
732734;1787410126502;19.7;37;46.2;0.0;0.0;0.0;1509_direct_carried;;;;720.3;197;0;;0;2;150B
732944;1787410126712;19.7;37;46.2;0.0;0.0;0.0;1509_direct_carried;;;;720.3;197;0;;0;2;150D
733986;1787410127754;19.7;37;46.2;0.0;0.0;0.0;1509_direct_carried;;;;720.3;197;0;;0;2;1502
734403;1787410128171;16.2;37;46.2;0.0;0.0;0.0;1509_direct_carried;;;;720.3;162;0;;0;2;1505
734615;1787410128383;16.2;37;46.2;0.0;0.0;0.0;1509_direct_carried;;;;720.3;162;0;;0;2;1506
735026;1787410128794;16.2;37;46.2;0.0;0.0;0.0;1509_direct_carried;;;;720.3;162;0;;0;2;1508
735234;1787410129002;16.2;35;46.2;0.0;0.0;0.0;1509_direct;;;;720.3;162;0;;0;2;1509
735446;1787410129214;16.2;35;46.2;0.0;0.0;0.0;1509_direct_carried;;;;720.3;162;0;;0;2;150A
735654;1787410129422;16.2;35;46.2;0.0;0.0;0.0;1509_direct_carried;;;;720.3;162;0;;0;2;150B
735868;1787410129636;16.2;35;46.2;0.0;0.0;0.0;1509_direct_carried;;;;720.3;162;0;;0;2;150D
736907;1787410130675;16.2;35;46.2;0.0;0.0;0.0;1509_direct_carried;;;;720.3;162;0;;0;2;1502
737326;1787410131094;9.5;35;46.2;0.0;0.0;0.0;1509_direct_carried;;;;720.3;95;0;;0;2;1505
737533;1787410131301;9.5;35;46.2;0.0;0.0;0.0;1509_direct_carried;;;;720.3;95;0;;0;2;1506
737945;1787410131713;9.5;35;46.2;0.0;0.0;0.0;1509_direct_carried;;;;720.3;95;0;;0;2;1508
738154;1787410131922;9.5;32;46.3;0.0;0.0;0.0;1509_direct;;;;720.3;95;0;;0;2;1509
738366;1787410132134;9.5;32;46.3;0.0;0.0;0.0;1509_direct_carried;;;;720.3;95;0;;0;2;150A
738575;1787410132343;9.5;32;46.3;0.0;0.0;0.0;1509_direct_carried;;;;720.3;95;0;;0;2;150B
738784;1787410132552;9.5;32;46.3;0.0;0.0;0.0;1509_direct_carried;;;;720.3;95;0;;0;2;150D
739827;1787410133595;9.5;32;46.3;0.0;0.0;0.0;1509_direct_carried;;;;720.3;95;0;;0;2;1502
740246;1787410134014;2.6;32;46.3;0.0;0.0;0.0;1509_direct_carried;;;;720.3;26;0;;0;2;1505
740454;1787410134222;2.6;32;46.3;0.0;0.0;0.0;1509_direct_carried;;;;720.3;26;0;;0;2;1506
740876;1787410134644;2.6;32;46.3;0.0;0.0;0.0;1509_direct_carried;;;;720.3;26;0;;0;2;1508
741076;1787410134844;2.6;32;46.3;0.0;0.0;0.0;1509_direct;;;;720.3;26;0;;0;2;1509
741286;1787410135054;2.6;32;46.3;0.0;0.0;0.0;1509_direct_carried;;;;720.3;26;0;;0;2;150A
741493;1787410135261;2.6;32;46.3;0.0;0.0;0.0;1509_direct_carried;;;;720.3;26;0;;0;2;150B
741704;1787410135472;2.6;32;46.3;0.0;0.0;0.0;1509_direct_carried;;;;720.3;26;0;;0;2;150D
742746;1787410136514;2.6;32;46.3;0.0;0.0;0.0;1509_direct_carried;;;;720.3;26;0;;0;2;1502
743164;1787410136932;0.7;32;46.3;0.0;0.0;0.0;1509_direct_carried;;;;720.3;7;0;;0;2;1505
743377;1787410137145;0.7;32;46.3;0.0;0.0;0.0;1509_direct_carried;;;;720.3;7;0;;0;2;1506
743798;1787410137566;0.7;32;46.3;0.0;0.0;0.0;1509_direct_carried;;;;720.3;7;0;;0;2;1508
744005;1787410137773;0.7;32;46.4;0.0;0.0;0.0;1509_direct;;;;720.3;7;0;;0;2;1509
744203;1787410137971;0.7;32;46.4;0.0;0.0;0.0;1509_direct_carried;;;;720.3;7;0;;0;2;150A
744415;1787410138183;0.7;32;46.4;0.0;0.0;0.0;1509_direct_carried;;;;720.3;7;0;;0;2;150B
744623;1787410138391;0.7;32;46.4;0.0;0.0;0.0;1509_direct_carried;;;;720.3;7;0;;0;2;150D
745664;1787410139432;0.7;32;46.4;0.0;0.0;0.0;1509_direct_carried;;;;720.3;7;0;;0;2;1502
746088;1787410139856;0.0;32;46.4;0.0;0.0;0.0;1509_direct_carried;;;;720.3;0;0;;0;2;1505
746297;1787410140065;0.0;32;46.4;0.0;0.0;0.0;1509_direct_carried;;;;720.3;0;0;;0;2;1506
746714;1787410140482;0.0;32;46.4;0.0;0.0;0.0;1509_direct_carried;;;;720.3;0;0;;0;2;1508
746925;1787410140693;0.0;32;46.4;0.0;0.0;0.0;1509_direct;;;;720.3;0;0;;0;2;1509
747124;1787410140892;0.0;32;46.4;0.0;0.0;0.0;1509_direct_carried;;;;720.3;0;0;;0;2;150A
747339;1787410141107;0.0;32;46.4;0.0;0.0;0.0;1509_direct_carried;;;;720.3;0;0;;0;2;150B
747546;1787410141314;0.0;32;46.4;0.0;0.0;0.0;1509_direct_carried;;;;720.3;0;0;;0;2;150D
748595;1787410142363;0.0;32;46.4;0.0;0.0;0.0;1509_direct_carried;;;;720.3;0;0;;0;2;1502
749007;1787410142775;0.0;32;46.4;0.0;0.0;0.0;1509_direct_carried;;;;720.3;0;0;;0;2;1505
749213;1787410142981;0.0;32;46.4;0.0;0.0;0.0;1509_direct_carried;;;;720.3;0;0;;0;2;1506
749635;1787410143403;0.0;32;46.4;0.0;0.0;0.0;1509_direct_carried;;;;720.3;0;0;;0;2;1508
749844;1787410143612;0.0;34;46.4;0.0;0.0;0.0;1509_direct;;;;720.3;0;0;;0;2;1509
750058;1787410143826;0.0;34;46.4;0.0;0.0;0.0;1509_direct_carried;;;;720.3;0;0;;0;2;150A
750266;1787410144034;0.0;34;46.4;0.0;0.0;0.0;1509_direct_carried;;;;720.3;0;0;;0;2;150B
750468;1787410144236;0.0;34;46.4;0.0;0.0;0.0;1509_direct_carried;;;;720.3;0;0;;0;2;150D
751516;1787410145284;0.0;34;46.4;0.0;0.0;0.0;1509_direct_carried;;;;720.3;0;0;;0;2;1502
751926;1787410145694;0.0;34;46.4;0.0;0.0;0.0;1509_direct_carried;;;;720.3;0;0;;0;2;1505
752137;1787410145905;0.0;34;46.4;0.0;0.0;0.0;1509_direct_carried;;;;720.3;0;0;;0;2;1506
752556;1787410146324;0.0;34;46.4;0.0;0.0;0.0;1509_direct_carried;;;;720.3;0;0;;0;2;1508
752767;1787410146535;0.0;37;46.4;0.0;0.0;0.0;1509_direct;;;;720.3;0;0;;0;2;1509
752977;1787410146745;0.0;37;46.4;0.0;0.0;0.0;1509_direct_carried;;;;720.3;0;0;;0;2;150A
753186;1787410146954;0.0;37;46.4;0.0;0.0;0.0;1509_direct_carried;;;;720.3;0;0;;0;2;150B
753398;1787410147166;0.0;37;46.4;0.0;0.0;0.0;1509_direct_carried;;;;720.3;0;0;;0;2;150D
754447;1787410148215;0.0;37;46.4;0.0;0.0;0.0;1509_direct_carried;;;;720.3;0;0;;0;2;1502
754869;1787410148637;0.0;37;46.4;0.0;0.0;0.0;1509_direct_carried;;;;720.3;0;0;;0;2;1505
755057;1787410148825;0.0;37;46.4;0.0;0.0;0.0;1509_direct_carried;;;;720.3;0;0;;0;2;1506
755478;1787410149246;0.0;37;46.4;0.0;0.0;0.0;1509_direct_carried;;;;720.3;0;0;;0;2;1508
755705;1787410149473;0.0;37;46.4;0.0;0.0;0.0;1509_direct;;;;720.3;0;0;;0;2;1509
755905;1787410149673;0.0;37;46.4;0.0;0.0;0.0;1509_direct_carried;;;;720.3;0;0;;0;2;150A
756108;1787410149876;0.0;37;46.4;0.0;0.0;0.0;1509_direct_carried;;;;720.3;0;0;;0;2;150B
756316;1787410150084;0.0;37;46.4;0.0;0.0;0.0;1509_direct_carried;;;;720.3;0;0;;0;2;150D
757357;1787410151125;0.0;37;46.4;0.0;0.0;0.0;1509_direct_carried;;;;720.3;0;0;;0;2;1502
757778;1787410151546;0.0;37;46.4;0.0;0.0;0.0;1509_direct_carried;;;;720.3;0;0;;0;2;1505
757987;1787410151755;0.0;37;46.4;0.0;0.0;0.0;1509_direct_carried;;;;720.3;0;0;;0;2;1506
758394;1787410152162;0.0;37;46.4;0.0;0.0;0.0;1509_direct_carried;;;;720.3;0;0;;0;2;1508
758610;1787410152378;0.0;37;46.4;0.0;0.0;0.0;1509_direct;;;;720.3;0;0;;0;2;1509
758813;1787410152581;0.0;37;46.4;0.0;0.0;0.0;1509_direct_carried;;;;720.3;0;0;;0;2;150A
759028;1787410152796;0.0;37;46.4;0.0;0.0;0.0;1509_direct_carried;;;;720.3;0;0;;0;2;150B
759259;1787410153027;0.0;37;46.4;0.0;0.0;0.0;1509_direct_carried;;;;720.3;0;0;;0;2;150D
760274;1787410154042;0.0;37;46.4;0.0;0.0;0.0;1509_direct_carried;;;;720.3;0;0;;0;2;1502
760727;1787410154495;0.0;37;46.4;0.0;0.0;0.0;1509_direct_carried;;;;720.3;0;0;;0;2;1505
760908;1787410154676;0.0;37;46.4;0.0;0.0;0.0;1509_direct_carried;;;;720.3;0;0;;0;2;1506
761325;1787410155093;0.0;37;46.4;0.0;0.0;0.0;1509_direct_carried;;;;720.3;0;0;;0;2;1508
761557;1787410155325;0.0;37;46.5;0.0;0.0;0.0;1509_direct;;;;720.3;0;0;;0;2;1509
761746;1787410155514;0.0;37;46.5;0.0;0.0;0.0;1509_direct_carried;;;;720.3;0;0;;0;2;150A
761967;1787410155735;0.0;37;46.5;0.0;0.0;0.0;1509_direct_carried;;;;720.3;0;0;;0;2;150B
762168;1787410155936;0.0;37;46.5;0.0;0.0;0.0;1509_direct_carried;;;;720.3;0;0;;0;2;150D
763306;1787410157074;0.0;37;46.5;0.0;0.0;0.0;1509_direct_carried;;;;720.3;0;0;;0;2;1502
763866;1787410157634;0.0;37;46.5;0.0;0.0;0.0;1509_direct_carried;;;;720.3;0;0;;0;2;1505
763868;1787410157636;0.0;37;46.5;0.0;0.0;0.0;1509_direct_carried;;;;720.3;0;0;;0;2;1506
764405;1787410158173;0.0;37;46.5;0.0;0.0;0.0;1509_direct_carried;;;;720.3;0;0;;0;2;1508
764494;1787410158262;0.0;37;46.5;0.0;0.0;0.0;1509_direct;;;;720.3;0;0;;0;2;1509
764904;1787410158672;0.0;37;46.5;0.0;0.0;0.0;1509_direct_carried;;;;720.3;0;0;;0;2;150A
764906;1787410158674;0.0;37;46.5;0.0;0.0;0.0;1509_direct_carried;;;;720.3;0;0;;0;2;150B
765377;1787410159145;0.0;37;46.5;0.0;0.0;0.0;1509_direct_carried;;;;720.3;0;0;;0;2;150D