relative_ms;timestamp_ms;channel;meaning;length;packet_no;changed_bytes;hex;origin;connection_epoch;service_uuid;characteristic_uuid;properties_raw;payload_sha256;public_redaction
4938;1788054829490;1502;Akkuinformationen;16;1;0,1,2,3,4,5,6,7,8,9,10,11,12,13,14,15;47-18-FF-FF-FF-FF-47-18-FF-FF-FF-FF-FF-FF-00-00;NOTIFICATION;0;da1a1500-d532-4285-be94-b07a3e11a098;da1a1502-d532-4285-be94-b07a3e11a098;18;;
5567;1788054830119;1505;BikePerformance / Fahrleistung;18;1;0,1,2,3,4,5,6,7,8,9,10,11,12,13,14,15,16,17;03-7A-03-7A-FF-FF-00-7C-FF-FF-FF-FF-FF-00-00-00-00-00;NOTIFICATION;0;da1a1500-d532-4285-be94-b07a3e11a098;da1a1505-d532-4285-be94-b07a3e11a098;18;;
5778;1788054830330;1506;Trip / Kilometer & Betriebszähler;16;1;0,1,2,3,4,5,6,7,8,9,10,11,12,13,14,15;00-00-1E-2F-00-02-5C-AC-00-00-03-04-00-00-00-00;NOTIFICATION;0;da1a1500-d532-4285-be94-b07a3e11a098;da1a1506-d532-4285-be94-b07a3e11a098;18;;
6190;1788054830742;1508;Settings / Licht & Fahrstufe;17;1;0,1,2,3,4,5,6,7,8,9,10,11,12,13,14,15,16;01-00-00-01-FF-FF-FF-FF-FF-FF-FF-00-00-00-00-00-00;NOTIFICATION;0;da1a1500-d532-4285-be94-b07a3e11a098;da1a1508-d532-4285-be94-b07a3e11a098;18;;
6398;1788054830950;1509;BatteryChange / Akku-Livestand;11;1;0,1,2,3,4,5,6,7,8,9,10;07-D0-FF-FF-1B-AF-00-00-00-00-59;NOTIFICATION;0;da1a1500-d532-4285-be94-b07a3e11a098;da1a1509-d532-4285-be94-b07a3e11a098;18;;
6610;1788054831162;150A;MotorUpdate / Motor-Livestand;10;1;0,1,2,3,4,5,6,7,8,9;07-D0-FF-FF-FF-FF-FF-FF-FF-FF;NOTIFICATION;0;da1a1500-d532-4285-be94-b07a3e11a098;da1a150a-d532-4285-be94-b07a3e11a098;18;;
6820;1788054831372;150B;Motor-/Controllerblock;20;1;0,1,2,3,4,5,6,7,8,9,10,11,12,13,14,15,16,17,18,19;FF-FF-FF-FF-FF-FF-FF-FF-FF-FF-FF-FF-FF-FF-FF-FF-FF-FF-FF-FF;NOTIFICATION;0;da1a1500-d532-4285-be94-b07a3e11a098;da1a150b-d532-4285-be94-b07a3e11a098;18;;
7031;1788054831583;150D;Fahrstatistik Max/Ø;20;1;0,1,2,3,4,5,6,7,8,9,10,11,12,13,14,15,16,17,18,19;00-DA-00-7F-FF-FF-FF-FF-47-18-FF-FF-FF-FF-FF-FF-FF-FF-00-00;NOTIFICATION;0;da1a1500-d532-4285-be94-b07a3e11a098;da1a150d-d532-4285-be94-b07a3e11a098;18;;
8071;1788054832623;1502;Akkuinformationen;16;2;–;47-18-FF-FF-FF-FF-47-18-FF-FF-FF-FF-FF-FF-00-00;NOTIFICATION;0;da1a1500-d532-4285-be94-b07a3e11a098;da1a1502-d532-4285-be94-b07a3e11a098;18;;
8490;1788054833042;1505;BikePerformance / Fahrleistung;18;2;7;03-7A-03-7A-FF-FF-00-7E-FF-FF-FF-FF-FF-00-00-00-00-00;NOTIFICATION;0;da1a1500-d532-4285-be94-b07a3e11a098;da1a1505-d532-4285-be94-b07a3e11a098;18;;
8697;1788054833249;1506;Trip / Kilometer & Betriebszähler;16;2;7;00-00-1E-2F-00-02-5C-AF-00-00-03-04-00-00-00-00;NOTIFICATION;0;da1a1500-d532-4285-be94-b07a3e11a098;da1a1506-d532-4285-be94-b07a3e11a098;18;;
9112;1788054833664;1508;Settings / Licht & Fahrstufe;17;2;–;01-00-00-01-FF-FF-FF-FF-FF-FF-FF-00-00-00-00-00-00;NOTIFICATION;0;da1a1500-d532-4285-be94-b07a3e11a098;da1a1508-d532-4285-be94-b07a3e11a098;18;;
9323;1788054833875;1509;BatteryChange / Akku-Livestand;11;2;6;07-D0-FF-FF-1B-AF-64-00-00-00-59;NOTIFICATION;0;da1a1500-d532-4285-be94-b07a3e11a098;da1a1509-d532-4285-be94-b07a3e11a098;18;;
9530;1788054834082;150A;MotorUpdate / Motor-Livestand;10;2;–;07-D0-FF-FF-FF-FF-FF-FF-FF-FF;NOTIFICATION;0;da1a1500-d532-4285-be94-b07a3e11a098;da1a150a-d532-4285-be94-b07a3e11a098;18;;
9737;1788054834289;150B;Motor-/Controllerblock;20;2;–;FF-FF-FF-FF-FF-FF-FF-FF-FF-FF-FF-FF-FF-FF-FF-FF-FF-FF-FF-FF;NOTIFICATION;0;da1a1500-d532-4285-be94-b07a3e11a098;da1a150b-d532-4285-be94-b07a3e11a098;18;;
9947;1788054834499;150D;Fahrstatistik Max/Ø;20;2;–;00-DA-00-7F-FF-FF-FF-FF-47-18-FF-FF-FF-FF-FF-FF-FF-FF-00-00;NOTIFICATION;0;da1a1500-d532-4285-be94-b07a3e11a098;da1a150d-d532-4285-be94-b07a3e11a098;18;;
10989;1788054835541;1502;Akkuinformationen;16;3;–;47-18-FF-FF-FF-FF-47-18-FF-FF-FF-FF-FF-FF-00-00;NOTIFICATION;0;da1a1500-d532-4285-be94-b07a3e11a098;da1a1502-d532-4285-be94-b07a3e11a098;18;;
11404;1788054835956;1505;BikePerformance / Fahrleistung;18;3;7;03-7A-03-7A-FF-FF-00-7B-FF-FF-FF-FF-FF-00-00-00-00-00;NOTIFICATION;0;da1a1500-d532-4285-be94-b07a3e11a098;da1a1505-d532-4285-be94-b07a3e11a098;18;;
11615;1788054836167;1506;Trip / Kilometer & Betriebszähler;16;3;7;00-00-1E-2F-00-02-5C-B2-00-00-03-04-00-00-00-00;NOTIFICATION;0;da1a1500-d532-4285-be94-b07a3e11a098;da1a1506-d532-4285-be94-b07a3e11a098;18;;
12026;1788054836578;1508;Settings / Licht & Fahrstufe;17;3;–;01-00-00-01-FF-FF-FF-FF-FF-FF-FF-00-00-00-00-00-00;NOTIFICATION;0;da1a1500-d532-4285-be94-b07a3e11a098;da1a1508-d532-4285-be94-b07a3e11a098;18;;
12236;1788054836788;1509;BatteryChange / Akku-Livestand;11;3;6;07-D0-FF-FF-1B-AF-00-00-00-00-59;NOTIFICATION;0;da1a1500-d532-4285-be94-b07a3e11a098;da1a1509-d532-4285-be94-b07a3e11a098;18;;
12445;1788054836997;150A;MotorUpdate / Motor-Livestand;10;3;–;07-D0-FF-FF-FF-FF-FF-FF-FF-FF;NOTIFICATION;0;da1a1500-d532-4285-be94-b07a3e11a098;da1a150a-d532-4285-be94-b07a3e11a098;18;;
12657;1788054837209;150B;Motor-/Controllerblock;20;3;–;FF-FF-FF-FF-FF-FF-FF-FF-FF-FF-FF-FF-FF-FF-FF-FF-FF-FF-FF-FF;NOTIFICATION;0;da1a1500-d532-4285-be94-b07a3e11a098;da1a150b-d532-4285-be94-b07a3e11a098;18;;
12867;1788054837419;150D;Fahrstatistik Max/Ø;20;3;–;00-DA-00-7F-FF-FF-FF-FF-47-18-FF-FF-FF-FF-FF-FF-FF-FF-00-00;NOTIFICATION;0;da1a1500-d532-4285-be94-b07a3e11a098;da1a150d-d532-4285-be94-b07a3e11a098;18;;
13907;1788054838459;1502;Akkuinformationen;16;4;–;47-18-FF-FF-FF-FF-47-18-FF-FF-FF-FF-FF-FF-00-00;NOTIFICATION;0;da1a1500-d532-4285-be94-b07a3e11a098;da1a1502-d532-4285-be94-b07a3e11a098;18;;
14327;1788054838879;1505;BikePerformance / Fahrleistung;18;4;7;03-7A-03-7A-FF-FF-00-7D-FF-FF-FF-FF-FF-00-00-00-00-00;NOTIFICATION;0;da1a1500-d532-4285-be94-b07a3e11a098;da1a1505-d532-4285-be94-b07a3e11a098;18;;
14537;1788054839089;1506;Trip / Kilometer & Betriebszähler;16;4;3,7;00-00-1E-30-00-02-5C-B5-00-00-03-04-00-00-00-00;NOTIFICATION;0;da1a1500-d532-4285-be94-b07a3e11a098;da1a1506-d532-4285-be94-b07a3e11a098;18;;
14949;1788054839501;1508;Settings / Licht & Fahrstufe;17;4;–;01-00-00-01-FF-FF-FF-FF-FF-FF-FF-00-00-00-00-00-00;NOTIFICATION;0;da1a1500-d532-4285-be94-b07a3e11a098;da1a1508-d532-4285-be94-b07a3e11a098;18;;
15157;1788054839709;1509;BatteryChange / Akku-Livestand;11;4;–;07-D0-FF-FF-1B-AF-00-00-00-00-59;NOTIFICATION;0;da1a1500-d532-4285-be94-b07a3e11a098;da1a1509-d532-4285-be94-b07a3e11a098;18;;
15367;1788054839919;150A;MotorUpdate / Motor-Livestand;10;4;–;07-D0-FF-FF-FF-FF-FF-FF-FF-FF;NOTIFICATION;0;da1a1500-d532-4285-be94-b07a3e11a098;da1a150a-d532-4285-be94-b07a3e11a098;18;;
15578;1788054840130;150B;Motor-/Controllerblock;20;4;–;FF-FF-FF-FF-FF-FF-FF-FF-FF-FF-FF-FF-FF-FF-FF-FF-FF-FF-FF-FF;NOTIFICATION;0;da1a1500-d532-4285-be94-b07a3e11a098;da1a150b-d532-4285-be94-b07a3e11a098;18;;
15787;1788054840339;150D;Fahrstatistik Max/Ø;20;4;–;00-DA-00-7F-FF-FF-FF-FF-47-18-FF-FF-FF-FF-FF-FF-FF-FF-00-00;NOTIFICATION;0;da1a1500-d532-4285-be94-b07a3e11a098;da1a150d-d532-4285-be94-b07a3e11a098;18;;
16832;1788054841384;1502;Akkuinformationen;16;5;–;47-18-FF-FF-FF-FF-47-18-FF-FF-FF-FF-FF-FF-00-00;NOTIFICATION;0;da1a1500-d532-4285-be94-b07a3e11a098;da1a1502-d532-4285-be94-b07a3e11a098;18;;
17251;1788054841803;1505;BikePerformance / Fahrleistung;18;5;0,1,2,3,7;01-B8-01-B8-FF-FF-00-82-FF-FF-FF-FF-FF-00-00-00-00-00;NOTIFICATION;0;da1a1500-d532-4285-be94-b07a3e11a098;da1a1505-d532-4285-be94-b07a3e11a098;18;;
17460;1788054842012;1506;Trip / Kilometer & Betriebszähler;16;5;7;00-00-1E-30-00-02-5C-B8-00-00-03-04-00-00-00-00;NOTIFICATION;0;da1a1500-d532-4285-be94-b07a3e11a098;da1a1506-d532-4285-be94-b07a3e11a098;18;;
17871;1788054842423;1508;Settings / Licht & Fahrstufe;17;5;–;01-00-00-01-FF-FF-FF-FF-FF-FF-FF-00-00-00-00-00-00;NOTIFICATION;0;da1a1500-d532-4285-be94-b07a3e11a098;da1a1508-d532-4285-be94-b07a3e11a098;18;;
18081;1788054842633;1509;BatteryChange / Akku-Livestand;11;5;0,1,6,10;03-E8-FF-FF-1B-AF-64-00-00-00-2C;NOTIFICATION;0;da1a1500-d532-4285-be94-b07a3e11a098;da1a1509-d532-4285-be94-b07a3e11a098;18;;
18289;1788054842841;150A;MotorUpdate / Motor-Livestand;10;5;–;07-D0-FF-FF-FF-FF-FF-FF-FF-FF;NOTIFICATION;0;da1a1500-d532-4285-be94-b07a3e11a098;da1a150a-d532-4285-be94-b07a3e11a098;18;;
18500;1788054843052;150B;Motor-/Controllerblock;20;5;–;FF-FF-FF-FF-FF-FF-FF-FF-FF-FF-FF-FF-FF-FF-FF-FF-FF-FF-FF-FF;NOTIFICATION;0;da1a1500-d532-4285-be94-b07a3e11a098;da1a150b-d532-4285-be94-b07a3e11a098;18;;
18711;1788054843263;150D;Fahrstatistik Max/Ø;20;5;–;00-DA-00-7F-FF-FF-FF-FF-47-18-FF-FF-FF-FF-FF-FF-FF-FF-00-00;NOTIFICATION;0;da1a1500-d532-4285-be94-b07a3e11a098;da1a150d-d532-4285-be94-b07a3e11a098;18;;
19745;1788054844297;1502;Akkuinformationen;16;6;–;47-18-FF-FF-FF-FF-47-18-FF-FF-FF-FF-FF-FF-00-00;NOTIFICATION;0;da1a1500-d532-4285-be94-b07a3e11a098;da1a1502-d532-4285-be94-b07a3e11a098;18;;
20166;1788054844718;1505;BikePerformance / Fahrleistung;18;6;0,1,2,3,7;03-7A-03-7A-FF-FF-00-85-FF-FF-FF-FF-FF-00-00-00-00-00;NOTIFICATION;0;da1a1500-d532-4285-be94-b07a3e11a098;da1a1505-d532-4285-be94-b07a3e11a098;18;;
20376;1788054844928;1506;Trip / Kilometer & Betriebszähler;16;6;7;00-00-1E-30-00-02-5C-BB-00-00-03-04-00-00-00-00;NOTIFICATION;0;da1a1500-d532-4285-be94-b07a3e11a098;da1a1506-d532-4285-be94-b07a3e11a098;18;;
20787;1788054845339;1508;Settings / Licht & Fahrstufe;17;6;–;01-00-00-01-FF-FF-FF-FF-FF-FF-FF-00-00-00-00-00-00;NOTIFICATION;0;da1a1500-d532-4285-be94-b07a3e11a098;da1a1508-d532-4285-be94-b07a3e11a098;18;;
21000;1788054845552;1509;BatteryChange / Akku-Livestand;11;6;0,1,6,10;07-D0-FF-FF-1B-AF-00-00-00-00-59;NOTIFICATION;0;da1a1500-d532-4285-be94-b07a3e11a098;da1a1509-d532-4285-be94-b07a3e11a098;18;;
21207;1788054845759;150A;MotorUpdate / Motor-Livestand;10;6;–;07-D0-FF-FF-FF-FF-FF-FF-FF-FF;NOTIFICATION;0;da1a1500-d532-4285-be94-b07a3e11a098;da1a150a-d532-4285-be94-b07a3e11a098;18;;
21417;1788054845969;150B;Motor-/Controllerblock;20;6;–;FF-FF-FF-FF-FF-FF-FF-FF-FF-FF-FF-FF-FF-FF-FF-FF-FF-FF-FF-FF;NOTIFICATION;0;da1a1500-d532-4285-be94-b07a3e11a098;da1a150b-d532-4285-be94-b07a3e11a098;18;;
21631;1788054846183;150D;Fahrstatistik Max/Ø;20;6;–;00-DA-00-7F-FF-FF-FF-FF-47-18-FF-FF-FF-FF-FF-FF-FF-FF-00-00;NOTIFICATION;0;da1a1500-d532-4285-be94-b07a3e11a098;da1a150d-d532-4285-be94-b07a3e11a098;18;;
22672;1788054847224;1502;Akkuinformationen;16;7;–;47-18-FF-FF-FF-FF-47-18-FF-FF-FF-FF-FF-FF-00-00;NOTIFICATION;0;da1a1500-d532-4285-be94-b07a3e11a098;da1a1502-d532-4285-be94-b07a3e11a098;18;;
23091;1788054847643;1505;BikePerformance / Fahrleistung;18;7;7;03-7A-03-7A-FF-FF-00-86-FF-FF-FF-FF-FF-00-00-00-00-00;NOTIFICATION;0;da1a1500-d532-4285-be94-b07a3e11a098;da1a1505-d532-4285-be94-b07a3e11a098;18;;
23301;1788054847853;1506;Trip / Kilometer & Betriebszähler;16;7;7;00-00-1E-30-00-02-5C-BE-00-00-03-04-00-00-00-00;NOTIFICATION;0;da1a1500-d532-4285-be94-b07a3e11a098;da1a1506-d532-4285-be94-b07a3e11a098;18;;
23711;1788054848263;1508;Settings / Licht & Fahrstufe;17;7;–;01-00-00-01-FF-FF-FF-FF-FF-FF-FF-00-00-00-00-00-00;NOTIFICATION;0;da1a1500-d532-4285-be94-b07a3e11a098;da1a1508-d532-4285-be94-b07a3e11a098;18;;
23920;1788054848472;1509;BatteryChange / Akku-Livestand;11;7;0,1,5,6,10;00-00-FF-FF-1B-B0-F4-00-00-00-00;NOTIFICATION;0;da1a1500-d532-4285-be94-b07a3e11a098;da1a1509-d532-4285-be94-b07a3e11a098;18;;
24132;1788054848684;150A;MotorUpdate / Motor-Livestand;10;7;0,1;00-00-FF-FF-FF-FF-FF-FF-FF-FF;NOTIFICATION;0;da1a1500-d532-4285-be94-b07a3e11a098;da1a150a-d532-4285-be94-b07a3e11a098;18;;
24340;1788054848892;150B;Motor-/Controllerblock;20;7;–;FF-FF-FF-FF-FF-FF-FF-FF-FF-FF-FF-FF-FF-FF-FF-FF-FF-FF-FF-FF;NOTIFICATION;0;da1a1500-d532-4285-be94-b07a3e11a098;da1a150b-d532-4285-be94-b07a3e11a098;18;;
24551;1788054849103;150D;Fahrstatistik Max/Ø;20;7;–;00-DA-00-7F-FF-FF-FF-FF-47-18-FF-FF-FF-FF-FF-FF-FF-FF-00-00;NOTIFICATION;0;da1a1500-d532-4285-be94-b07a3e11a098;da1a150d-d532-4285-be94-b07a3e11a098;18;;
25591;1788054850143;1502;Akkuinformationen;16;8;–;47-18-FF-FF-FF-FF-47-18-FF-FF-FF-FF-FF-FF-00-00;NOTIFICATION;0;da1a1500-d532-4285-be94-b07a3e11a098;da1a1502-d532-4285-be94-b07a3e11a098;18;;
26012;1788054850564;1505;BikePerformance / Fahrleistung;18;8;0,1,2,3,7;00-00-00-00-FF-FF-00-6D-FF-FF-FF-FF-FF-00-00-00-00-00;NOTIFICATION;0;da1a1500-d532-4285-be94-b07a3e11a098;da1a1505-d532-4285-be94-b07a3e11a098;18;;
26222;1788054850774;1506;Trip / Kilometer & Betriebszähler;16;8;7;00-00-1E-30-00-02-5C-C1-00-00-03-04-00-00-00-00;NOTIFICATION;0;da1a1500-d532-4285-be94-b07a3e11a098;da1a1506-d532-4285-be94-b07a3e11a098;18;;
26639;1788054851191;1508;Settings / Licht & Fahrstufe;17;8;–;01-00-00-01-FF-FF-FF-FF-FF-FF-FF-00-00-00-00-00-00;NOTIFICATION;0;da1a1500-d532-4285-be94-b07a3e11a098;da1a1508-d532-4285-be94-b07a3e11a098;18;;
26841;1788054851393;1509;BatteryChange / Akku-Livestand;11;8;0,1,5,6,10;07-D0-FF-FF-1B-AF-64-00-00-00-59;NOTIFICATION;0;da1a1500-d532-4285-be94-b07a3e11a098;da1a1509-d532-4285-be94-b07a3e11a098;18;;
27051;1788054851603;150A;MotorUpdate / Motor-Livestand;10;8;0,1;0B-B8-FF-FF-FF-FF-FF-FF-FF-FF;NOTIFICATION;0;da1a1500-d532-4285-be94-b07a3e11a098;da1a150a-d532-4285-be94-b07a3e11a098;18;;
27262;1788054851814;150B;Motor-/Controllerblock;20;8;–;FF-FF-FF-FF-FF-FF-FF-FF-FF-FF-FF-FF-FF-FF-FF-FF-FF-FF-FF-FF;NOTIFICATION;0;da1a1500-d532-4285-be94-b07a3e11a098;da1a150b-d532-4285-be94-b07a3e11a098;18;;
27471;1788054852023;150D;Fahrstatistik Max/Ø;20;8;–;00-DA-00-7F-FF-FF-FF-FF-47-18-FF-FF-FF-FF-FF-FF-FF-FF-00-00;NOTIFICATION;0;da1a1500-d532-4285-be94-b07a3e11a098;da1a150d-d532-4285-be94-b07a3e11a098;18;;
28511;1788054853063;1502;Akkuinformationen;16;9;–;47-18-FF-FF-FF-FF-47-18-FF-FF-FF-FF-FF-FF-00-00;NOTIFICATION;0;da1a1500-d532-4285-be94-b07a3e11a098;da1a1502-d532-4285-be94-b07a3e11a098;18;;
28928;1788054853480;1505;BikePerformance / Fahrleistung;18;9;0,1,2,3,7;05-3C-05-3C-FF-FF-00-88-FF-FF-FF-FF-FF-00-00-00-00-00;NOTIFICATION;0;da1a1500-d532-4285-be94-b07a3e11a098;da1a1505-d532-4285-be94-b07a3e11a098;18;;
29143;1788054853695;1506;Trip / Kilometer & Betriebszähler;16;9;7;00-00-1E-30-00-02-5C-C4-00-00-03-04-00-00-00-00;NOTIFICATION;0;da1a1500-d532-4285-be94-b07a3e11a098;da1a1506-d532-4285-be94-b07a3e11a098;18;;
29561;1788054854113;1508;Settings / Licht & Fahrstufe;17;9;–;01-00-00-01-FF-FF-FF-FF-FF-FF-FF-00-00-00-00-00-00;NOTIFICATION;0;da1a1500-d532-4285-be94-b07a3e11a098;da1a1508-d532-4285-be94-b07a3e11a098;18;;
29756;1788054854308;1509;BatteryChange / Akku-Livestand;11;9;0,1,5,6,10;0B-B8-FF-FF-1B-AE-9C-00-00-00-86;NOTIFICATION;0;da1a1500-d532-4285-be94-b07a3e11a098;da1a1509-d532-4285-be94-b07a3e11a098;18;;
29966;1788054854518;150A;MotorUpdate / Motor-Livestand;10;9;0,1;07-D0-FF-FF-FF-FF-FF-FF-FF-FF;NOTIFICATION;0;da1a1500-d532-4285-be94-b07a3e11a098;da1a150a-d532-4285-be94-b07a3e11a098;18;;
30177;1788054854729;150B;Motor-/Controllerblock;20;9;–;FF-FF-FF-FF-FF-FF-FF-FF-FF-FF-FF-FF-FF-FF-FF-FF-FF-FF-FF-FF;NOTIFICATION;0;da1a1500-d532-4285-be94-b07a3e11a098;da1a150b-d532-4285-be94-b07a3e11a098;18;;
30387;1788054854939;150D;Fahrstatistik Max/Ø;20;9;–;00-DA-00-7F-FF-FF-FF-FF-47-18-FF-FF-FF-FF-FF-FF-FF-FF-00-00;NOTIFICATION;0;da1a1500-d532-4285-be94-b07a3e11a098;da1a150d-d532-4285-be94-b07a3e11a098;18;;
31426;1788054855978;1502;Akkuinformationen;16;10;–;47-18-FF-FF-FF-FF-47-18-FF-FF-FF-FF-FF-FF-00-00;NOTIFICATION;0;da1a1500-d532-4285-be94-b07a3e11a098;da1a1502-d532-4285-be94-b07a3e11a098;18;;
31852;1788054856404;1505;BikePerformance / Fahrleistung;18;10;0,1,2,3,7;03-7A-03-7A-FF-FF-00-8C-FF-FF-FF-FF-FF-00-00-00-00-00;NOTIFICATION;0;da1a1500-d532-4285-be94-b07a3e11a098;da1a1505-d532-4285-be94-b07a3e11a098;18;;
32059;1788054856611;1506;Trip / Kilometer & Betriebszähler;16;10;7;00-00-1E-30-00-02-5C-C7-00-00-03-04-00-00-00-00;NOTIFICATION;0;da1a1500-d532-4285-be94-b07a3e11a098;da1a1506-d532-4285-be94-b07a3e11a098;18;;
32481;1788054857033;1508;Settings / Licht & Fahrstufe;17;10;–;01-00-00-01-FF-FF-FF-FF-FF-FF-FF-00-00-00-00-00-00;NOTIFICATION;0;da1a1500-d532-4285-be94-b07a3e11a098;da1a1508-d532-4285-be94-b07a3e11a098;18;;
32678;1788054857230;1509;BatteryChange / Akku-Livestand;11;10;0,1,5,6,10;07-D0-FF-FF-1B-AF-00-00-00-00-2C;NOTIFICATION;0;da1a1500-d532-4285-be94-b07a3e11a098;da1a1509-d532-4285-be94-b07a3e11a098;18;;
32891;1788054857443;150A;MotorUpdate / Motor-Livestand;10;10;–;07-D0-FF-FF-FF-FF-FF-FF-FF-FF;NOTIFICATION;0;da1a1500-d532-4285-be94-b07a3e11a098;da1a150a-d532-4285-be94-b07a3e11a098;18;;
33102;1788054857654;150B;Motor-/Controllerblock;20;10;–;FF-FF-FF-FF-FF-FF-FF-FF-FF-FF-FF-FF-FF-FF-FF-FF-FF-FF-FF-FF;NOTIFICATION;0;da1a1500-d532-4285-be94-b07a3e11a098;da1a150b-d532-4285-be94-b07a3e11a098;18;;
33311;1788054857863;150D;Fahrstatistik Max/Ø;20;10;–;00-DA-00-7F-FF-FF-FF-FF-47-18-FF-FF-FF-FF-FF-FF-FF-FF-00-00;NOTIFICATION;0;da1a1500-d532-4285-be94-b07a3e11a098;da1a150d-d532-4285-be94-b07a3e11a098;18;;
34352;1788054858904;1502;Akkuinformationen;16;11;–;47-18-FF-FF-FF-FF-47-18-FF-FF-FF-FF-FF-FF-00-00;NOTIFICATION;0;da1a1500-d532-4285-be94-b07a3e11a098;da1a1502-d532-4285-be94-b07a3e11a098;18;;
34766;1788054859318;1505;BikePerformance / Fahrleistung;18;11;0,1,2,3,7;00-00-00-00-FF-FF-00-81-FF-FF-FF-FF-FF-00-00-00-00-00;NOTIFICATION;0;da1a1500-d532-4285-be94-b07a3e11a098;da1a1505-d532-4285-be94-b07a3e11a098;18;;
34978;1788054859530;1506;Trip / Kilometer & Betriebszähler;16;11;7;00-00-1E-30-00-02-5C-CA-00-00-03-04-00-00-00-00;NOTIFICATION;0;da1a1500-d532-4285-be94-b07a3e11a098;da1a1506-d532-4285-be94-b07a3e11a098;18;;
35397;1788054859949;1508;Settings / Licht & Fahrstufe;17;11;–;01-00-00-01-FF-FF-FF-FF-FF-FF-FF-00-00-00-00-00-00;NOTIFICATION;0;da1a1500-d532-4285-be94-b07a3e11a098;da1a1508-d532-4285-be94-b07a3e11a098;18;;
35596;1788054860148;1509;BatteryChange / Akku-Livestand;11;11;0,1,5,6,10;00-00-FF-FF-1B-B0-2C-00-00-00-00;NOTIFICATION;0;da1a1500-d532-4285-be94-b07a3e11a098;da1a1509-d532-4285-be94-b07a3e11a098;18;;
35806;1788054860358;150A;MotorUpdate / Motor-Livestand;10;11;0,1;00-00-FF-FF-FF-FF-FF-FF-FF-FF;NOTIFICATION;0;da1a1500-d532-4285-be94-b07a3e11a098;da1a150a-d532-4285-be94-b07a3e11a098;18;;
36017;1788054860569;150B;Motor-/Controllerblock;20;11;–;FF-FF-FF-FF-FF-FF-FF-FF-FF-FF-FF-FF-FF-FF-FF-FF-FF-FF-FF-FF;NOTIFICATION;0;da1a1500-d532-4285-be94-b07a3e11a098;da1a150b-d532-4285-be94-b07a3e11a098;18;;
36226;1788054860778;150D;Fahrstatistik Max/Ø;20;11;–;00-DA-00-7F-FF-FF-FF-FF-47-18-FF-FF-FF-FF-FF-FF-FF-FF-00-00;NOTIFICATION;0;da1a1500-d532-4285-be94-b07a3e11a098;da1a150d-d532-4285-be94-b07a3e11a098;18;;
37271;1788054861823;1502;Akkuinformationen;16;12;–;47-18-FF-FF-FF-FF-47-18-FF-FF-FF-FF-FF-FF-00-00;NOTIFICATION;0;da1a1500-d532-4285-be94-b07a3e11a098;da1a1502-d532-4285-be94-b07a3e11a098;18;;
37691;1788054862243;1505;BikePerformance / Fahrleistung;18;12;0,1,2,3,7;03-7A-03-7A-FF-FF-00-73-FF-FF-FF-FF-FF-00-00-00-00-00;NOTIFICATION;0;da1a1500-d532-4285-be94-b07a3e11a098;da1a1505-d532-4285-be94-b07a3e11a098;18;;
37902;1788054862454;1506;Trip / Kilometer & Betriebszähler;16;12;7;00-00-1E-30-00-02-5C-CD-00-00-03-04-00-00-00-00;NOTIFICATION;0;da1a1500-d532-4285-be94-b07a3e11a098;da1a1506-d532-4285-be94-b07a3e11a098;18;;
38322;1788054862874;1508;Settings / Licht & Fahrstufe;17;12;–;01-00-00-01-FF-FF-FF-FF-FF-FF-FF-00-00-00-00-00-00;NOTIFICATION;0;da1a1500-d532-4285-be94-b07a3e11a098;da1a1508-d532-4285-be94-b07a3e11a098;18;;
38516;1788054863068;1509;BatteryChange / Akku-Livestand;11;12;0,1,5,6,10;07-D0-FF-FF-1B-AF-00-00-00-00-59;NOTIFICATION;0;da1a1500-d532-4285-be94-b07a3e11a098;da1a1509-d532-4285-be94-b07a3e11a098;18;;
38726;1788054863278;150A;MotorUpdate / Motor-Livestand;10;12;0,1;07-D0-FF-FF-FF-FF-FF-FF-FF-FF;NOTIFICATION;0;da1a1500-d532-4285-be94-b07a3e11a098;da1a150a-d532-4285-be94-b07a3e11a098;18;;
38937;1788054863489;150B;Motor-/Controllerblock;20;12;–;FF-FF-FF-FF-FF-FF-FF-FF-FF-FF-FF-FF-FF-FF-FF-FF-FF-FF-FF-FF;NOTIFICATION;0;da1a1500-d532-4285-be94-b07a3e11a098;da1a150b-d532-4285-be94-b07a3e11a098;18;;
39147;1788054863699;150D;Fahrstatistik Max/Ø;20;12;–;00-DA-00-7F-FF-FF-FF-FF-47-18-FF-FF-FF-FF-FF-FF-FF-FF-00-00;NOTIFICATION;0;da1a1500-d532-4285-be94-b07a3e11a098;da1a150d-d532-4285-be94-b07a3e11a098;18;;
40190;1788054864742;1502;Akkuinformationen;16;13;–;47-18-FF-FF-FF-FF-47-18-FF-FF-FF-FF-FF-FF-00-00;NOTIFICATION;0;da1a1500-d532-4285-be94-b07a3e11a098;da1a1502-d532-4285-be94-b07a3e11a098;18;;
40609;1788054865161;1505;BikePerformance / Fahrleistung;18;13;0,1,2,3,7;06-F4-06-F4-FF-FF-00-86-FF-FF-FF-FF-FF-00-00-00-00-00;NOTIFICATION;0;da1a1500-d532-4285-be94-b07a3e11a098;da1a1505-d532-4285-be94-b07a3e11a098;18;;
40819;1788054865371;1506;Trip / Kilometer & Betriebszähler;16;13;7;00-00-1E-30-00-02-5C-D0-00-00-03-04-00-00-00-00;NOTIFICATION;0;da1a1500-d532-4285-be94-b07a3e11a098;da1a1506-d532-4285-be94-b07a3e11a098;18;;
41238;1788054865790;1508;Settings / Licht & Fahrstufe;17;13;–;01-00-00-01-FF-FF-FF-FF-FF-FF-FF-00-00-00-00-00-00;NOTIFICATION;0;da1a1500-d532-4285-be94-b07a3e11a098;da1a1508-d532-4285-be94-b07a3e11a098;18;;
41438;1788054865990;1509;BatteryChange / Akku-Livestand;11;13;0,1,5,6,10;0B-B8-FF-FF-1B-AE-9C-00-00-00-85;NOTIFICATION;0;da1a1500-d532-4285-be94-b07a3e11a098;da1a1509-d532-4285-be94-b07a3e11a098;18;;
41651;1788054866203;150A;MotorUpdate / Motor-Livestand;10;13;0,1;0B-B8-FF-FF-FF-FF-FF-FF-FF-FF;NOTIFICATION;0;da1a1500-d532-4285-be94-b07a3e11a098;da1a150a-d532-4285-be94-b07a3e11a098;18;;
41860;1788054866412;150B;Motor-/Controllerblock;20;13;–;FF-FF-FF-FF-FF-FF-FF-FF-FF-FF-FF-FF-FF-FF-FF-FF-FF-FF-FF-FF;NOTIFICATION;0;da1a1500-d532-4285-be94-b07a3e11a098;da1a150b-d532-4285-be94-b07a3e11a098;18;;
42071;1788054866623;150D;Fahrstatistik Max/Ø;20;13;–;00-DA-00-7F-FF-FF-FF-FF-47-18-FF-FF-FF-FF-FF-FF-FF-FF-00-00;NOTIFICATION;0;da1a1500-d532-4285-be94-b07a3e11a098;da1a150d-d532-4285-be94-b07a3e11a098;18;;
43113;1788054867665;1502;Akkuinformationen;16;14;–;47-18-FF-FF-FF-FF-47-18-FF-FF-FF-FF-FF-FF-00-00;NOTIFICATION;0;da1a1500-d532-4285-be94-b07a3e11a098;da1a1502-d532-4285-be94-b07a3e11a098;18;;
43525;1788054868077;1505;BikePerformance / Fahrleistung;18;14;0,1,2,3,7;00-00-00-00-FF-FF-00-84-FF-FF-FF-FF-FF-00-00-00-00-00;NOTIFICATION;0;da1a1500-d532-4285-be94-b07a3e11a098;da1a1505-d532-4285-be94-b07a3e11a098;18;;
43740;1788054868292;1506;Trip / Kilometer & Betriebszähler;16;14;3,7;00-00-1E-31-00-02-5C-D3-00-00-03-04-00-00-00-00;NOTIFICATION;0;da1a1500-d532-4285-be94-b07a3e11a098;da1a1506-d532-4285-be94-b07a3e11a098;18;;
44157;1788054868709;1508;Settings / Licht & Fahrstufe;17;14;–;01-00-00-01-FF-FF-FF-FF-FF-FF-FF-00-00-00-00-00-00;NOTIFICATION;0;da1a1500-d532-4285-be94-b07a3e11a098;da1a1508-d532-4285-be94-b07a3e11a098;18;;
44358;1788054868910;1509;BatteryChange / Akku-Livestand;11;14;0,1,5,6,10;00-00-FF-FF-1B-B0-F4-00-00-00-00;NOTIFICATION;0;da1a1500-d532-4285-be94-b07a3e11a098;da1a1509-d532-4285-be94-b07a3e11a098;18;;
44568;1788054869120;150A;MotorUpdate / Motor-Livestand;10;14;0,1;00-00-FF-FF-FF-FF-FF-FF-FF-FF;NOTIFICATION;0;da1a1500-d532-4285-be94-b07a3e11a098;da1a150a-d532-4285-be94-b07a3e11a098;18;;
44778;1788054869330;150B;Motor-/Controllerblock;20;14;–;FF-FF-FF-FF-FF-FF-FF-FF-FF-FF-FF-FF-FF-FF-FF-FF-FF-FF-FF-FF;NOTIFICATION;0;da1a1500-d532-4285-be94-b07a3e11a098;da1a150b-d532-4285-be94-b07a3e11a098;18;;
44989;1788054869541;150D;Fahrstatistik Max/Ø;20;14;–;00-DA-00-7F-FF-FF-FF-FF-47-18-FF-FF-FF-FF-FF-FF-FF-FF-00-00;NOTIFICATION;0;da1a1500-d532-4285-be94-b07a3e11a098;da1a150d-d532-4285-be94-b07a3e11a098;18;;
46031;1788054870583;1502;Akkuinformationen;16;15;–;47-18-FF-FF-FF-FF-47-18-FF-FF-FF-FF-FF-FF-00-00;NOTIFICATION;0;da1a1500-d532-4285-be94-b07a3e11a098;da1a1502-d532-4285-be94-b07a3e11a098;18;;
46451;1788054871003;1505;BikePerformance / Fahrleistung;18;15;0,1,2,3,7;03-7A-03-7A-FF-FF-00-6A-FF-FF-FF-FF-FF-00-00-00-00-00;NOTIFICATION;0;da1a1500-d532-4285-be94-b07a3e11a098;da1a1505-d532-4285-be94-b07a3e11a098;18;;
46659;1788054871211;1506;Trip / Kilometer & Betriebszähler;16;15;7;00-00-1E-31-00-02-5C-D6-00-00-03-04-00-00-00-00;NOTIFICATION;0;da1a1500-d532-4285-be94-b07a3e11a098;da1a1506-d532-4285-be94-b07a3e11a098;18;;
47084;1788054871636;1508;Settings / Licht & Fahrstufe;17;15;–;01-00-00-01-FF-FF-FF-FF-FF-FF-FF-00-00-00-00-00-00;NOTIFICATION;0;da1a1500-d532-4285-be94-b07a3e11a098;da1a1508-d532-4285-be94-b07a3e11a098;18;;
47291;1788054871843;1509;BatteryChange / Akku-Livestand;11;15;0,1,5,6,10;0B-B8-FF-FF-1B-AE-9C-00-00-00-86;NOTIFICATION;0;da1a1500-d532-4285-be94-b07a3e11a098;da1a1509-d532-4285-be94-b07a3e11a098;18;;
47487;1788054872039;150A;MotorUpdate / Motor-Livestand;10;15;0,1;0B-B8-FF-FF-FF-FF-FF-FF-FF-FF;NOTIFICATION;0;da1a1500-d532-4285-be94-b07a3e11a098;da1a150a-d532-4285-be94-b07a3e11a098;18;;
47699;1788054872251;150B;Motor-/Controllerblock;20;15;–;FF-FF-FF-FF-FF-FF-FF-FF-FF-FF-FF-FF-FF-FF-FF-FF-FF-FF-FF-FF;NOTIFICATION;0;da1a1500-d532-4285-be94-b07a3e11a098;da1a150b-d532-4285-be94-b07a3e11a098;18;;
47909;1788054872461;150D;Fahrstatistik Max/Ø;20;15;–;00-DA-00-7F-FF-FF-FF-FF-47-18-FF-FF-FF-FF-FF-FF-FF-FF-00-00;NOTIFICATION;0;da1a1500-d532-4285-be94-b07a3e11a098;da1a150d-d532-4285-be94-b07a3e11a098;18;;
48946;1788054873498;1502;Akkuinformationen;16;16;–;47-18-FF-FF-FF-FF-47-18-FF-FF-FF-FF-FF-FF-00-00;NOTIFICATION;0;da1a1500-d532-4285-be94-b07a3e11a098;da1a1502-d532-4285-be94-b07a3e11a098;18;;
49366;1788054873918;1505;BikePerformance / Fahrleistung;18;16;0,1,2,3,7;00-00-00-00-FF-FF-00-7E-FF-FF-FF-FF-FF-00-00-00-00-00;NOTIFICATION;0;da1a1500-d532-4285-be94-b07a3e11a098;da1a1505-d532-4285-be94-b07a3e11a098;18;;
49577;1788054874129;1506;Trip / Kilometer & Betriebszähler;16;16;7;00-00-1E-31-00-02-5C-D9-00-00-03-04-00-00-00-00;NOTIFICATION;0;da1a1500-d532-4285-be94-b07a3e11a098;da1a1506-d532-4285-be94-b07a3e11a098;18;;
50001;1788054874553;1508;Settings / Licht & Fahrstufe;17;16;–;01-00-00-01-FF-FF-FF-FF-FF-FF-FF-00-00-00-00-00-00;NOTIFICATION;0;da1a1500-d532-4285-be94-b07a3e11a098;da1a1508-d532-4285-be94-b07a3e11a098;18;;
50206;1788054874758;1509;BatteryChange / Akku-Livestand;11;16;0,1,5,6,10;00-00-FF-FF-1B-B0-F4-00-00-00-00;NOTIFICATION;0;da1a1500-d532-4285-be94-b07a3e11a098;da1a1509-d532-4285-be94-b07a3e11a098;18;;
50407;1788054874959;150A;MotorUpdate / Motor-Livestand;10;16;0,1;00-00-FF-FF-FF-FF-FF-FF-FF-FF;NOTIFICATION;0;da1a1500-d532-4285-be94-b07a3e11a098;da1a150a-d532-4285-be94-b07a3e11a098;18;;
50620;1788054875172;150B;Motor-/Controllerblock;20;16;–;FF-FF-FF-FF-FF-FF-FF-FF-FF-FF-FF-FF-FF-FF-FF-FF-FF-FF-FF-FF;NOTIFICATION;0;da1a1500-d532-4285-be94-b07a3e11a098;da1a150b-d532-4285-be94-b07a3e11a098;18;;
50831;1788054875383;150D;Fahrstatistik Max/Ø;20;16;–;00-DA-00-7F-FF-FF-FF-FF-47-18-FF-FF-FF-FF-FF-FF-FF-FF-00-00;NOTIFICATION;0;da1a1500-d532-4285-be94-b07a3e11a098;da1a150d-d532-4285-be94-b07a3e11a098;18;;
51871;1788054876423;1502;Akkuinformationen;16;17;–;47-18-FF-FF-FF-FF-47-18-FF-FF-FF-FF-FF-FF-00-00;NOTIFICATION;0;da1a1500-d532-4285-be94-b07a3e11a098;da1a1502-d532-4285-be94-b07a3e11a098;18;;
52292;1788054876844;1505;BikePerformance / Fahrleistung;18;17;7;00-00-00-00-FF-FF-00-61-FF-FF-FF-FF-FF-00-00-00-00-00;NOTIFICATION;0;da1a1500-d532-4285-be94-b07a3e11a098;da1a1505-d532-4285-be94-b07a3e11a098;18;;
52501;1788054877053;1506;Trip / Kilometer & Betriebszähler;16;17;7;00-00-1E-31-00-02-5C-DB-00-00-03-04-00-00-00-00;NOTIFICATION;0;da1a1500-d532-4285-be94-b07a3e11a098;da1a1506-d532-4285-be94-b07a3e11a098;18;;
52923;1788054877475;1508;Settings / Licht & Fahrstufe;17;17;–;01-00-00-01-FF-FF-FF-FF-FF-FF-FF-00-00-00-00-00-00;NOTIFICATION;0;da1a1500-d532-4285-be94-b07a3e11a098;da1a1508-d532-4285-be94-b07a3e11a098;18;;
53121;1788054877673;1509;BatteryChange / Akku-Livestand;11;17;5,6;00-00-FF-FF-1B-B2-20-00-00-00-00;NOTIFICATION;0;da1a1500-d532-4285-be94-b07a3e11a098;da1a1509-d532-4285-be94-b07a3e11a098;18;;
53332;1788054877884;150A;MotorUpdate / Motor-Livestand;10;17;–;00-00-FF-FF-FF-FF-FF-FF-FF-FF;NOTIFICATION;0;da1a1500-d532-4285-be94-b07a3e11a098;da1a150a-d532-4285-be94-b07a3e11a098;18;;
53542;1788054878094;150B;Motor-/Controllerblock;20;17;–;FF-FF-FF-FF-FF-FF-FF-FF-FF-FF-FF-FF-FF-FF-FF-FF-FF-FF-FF-FF;NOTIFICATION;0;da1a1500-d532-4285-be94-b07a3e11a098;da1a150b-d532-4285-be94-b07a3e11a098;18;;
53752;1788054878304;150D;Fahrstatistik Max/Ø;20;17;–;00-DA-00-7F-FF-FF-FF-FF-47-18-FF-FF-FF-FF-FF-FF-FF-FF-00-00;NOTIFICATION;0;da1a1500-d532-4285-be94-b07a3e11a098;da1a150d-d532-4285-be94-b07a3e11a098;18;;
54790;1788054879342;1502;Akkuinformationen;16;18;–;47-18-FF-FF-FF-FF-47-18-FF-FF-FF-FF-FF-FF-00-00;NOTIFICATION;0;da1a1500-d532-4285-be94-b07a3e11a098;da1a1502-d532-4285-be94-b07a3e11a098;18;;
55213;1788054879765;1505;BikePerformance / Fahrleistung;18;18;7;00-00-00-00-FF-FF-00-0A-FF-FF-FF-FF-FF-00-00-00-00-00;NOTIFICATION;0;da1a1500-d532-4285-be94-b07a3e11a098;da1a1505-d532-4285-be94-b07a3e11a098;18;;
55421;1788054879973;1506;Trip / Kilometer & Betriebszähler;16;18;7;00-00-1E-31-00-02-5C-DE-00-00-03-04-00-00-00-00;NOTIFICATION;0;da1a1500-d532-4285-be94-b07a3e11a098;da1a1506-d532-4285-be94-b07a3e11a098;18;;
55843;1788054880395;1508;Settings / Licht & Fahrstufe;17;18;–;01-00-00-01-FF-FF-FF-FF-FF-FF-FF-00-00-00-00-00-00;NOTIFICATION;0;da1a1500-d532-4285-be94-b07a3e11a098;da1a1508-d532-4285-be94-b07a3e11a098;18;;
56051;1788054880603;1509;BatteryChange / Akku-Livestand;11;18;5,6;00-00-FF-FF-1B-B1-58-00-00-00-00;NOTIFICATION;0;da1a1500-d532-4285-be94-b07a3e11a098;da1a1509-d532-4285-be94-b07a3e11a098;18;;
56251;1788054880803;150A;MotorUpdate / Motor-Livestand;10;18;–;00-00-FF-FF-FF-FF-FF-FF-FF-FF;NOTIFICATION;0;da1a1500-d532-4285-be94-b07a3e11a098;da1a150a-d532-4285-be94-b07a3e11a098;18;;
56461;1788054881013;150B;Motor-/Controllerblock;20;18;–;FF-FF-FF-FF-FF-FF-FF-FF-FF-FF-FF-FF-FF-FF-FF-FF-FF-FF-FF-FF;NOTIFICATION;0;da1a1500-d532-4285-be94-b07a3e11a098;da1a150b-d532-4285-be94-b07a3e11a098;18;;
56672;1788054881224;150D;Fahrstatistik Max/Ø;20;18;–;00-DA-00-7F-FF-FF-FF-FF-47-18-FF-FF-FF-FF-FF-FF-FF-FF-00-00;NOTIFICATION;0;da1a1500-d532-4285-be94-b07a3e11a098;da1a150d-d532-4285-be94-b07a3e11a098;18;;
57711;1788054882263;1502;Akkuinformationen;16;19;–;47-18-FF-FF-FF-FF-47-18-FF-FF-FF-FF-FF-FF-00-00;NOTIFICATION;0;da1a1500-d532-4285-be94-b07a3e11a098;da1a1502-d532-4285-be94-b07a3e11a098;18;;
58131;1788054882683;1505;BikePerformance / Fahrleistung;18;19;7;00-00-00-00-FF-FF-00-0F-FF-FF-FF-FF-FF-00-00-00-00-00;NOTIFICATION;0;da1a1500-d532-4285-be94-b07a3e11a098;da1a1505-d532-4285-be94-b07a3e11a098;18;;
58340;1788054882892;1506;Trip / Kilometer & Betriebszähler;16;19;7;00-00-1E-31-00-02-5C-E1-00-00-03-04-00-00-00-00;NOTIFICATION;0;da1a1500-d532-4285-be94-b07a3e11a098;da1a1506-d532-4285-be94-b07a3e11a098;18;;
58762;1788054883314;1508;Settings / Licht & Fahrstufe;17;19;–;01-00-00-01-FF-FF-FF-FF-FF-FF-FF-00-00-00-00-00-00;NOTIFICATION;0;da1a1500-d532-4285-be94-b07a3e11a098;da1a1508-d532-4285-be94-b07a3e11a098;18;;
58971;1788054883523;1509;BatteryChange / Akku-Livestand;11;19;–;00-00-FF-FF-1B-B1-58-00-00-00-00;NOTIFICATION;0;da1a1500-d532-4285-be94-b07a3e11a098;da1a1509-d532-4285-be94-b07a3e11a098;18;;
59175;1788054883727;150A;MotorUpdate / Motor-Livestand;10;19;–;00-00-FF-FF-FF-FF-FF-FF-FF-FF;NOTIFICATION;0;da1a1500-d532-4285-be94-b07a3e11a098;da1a150a-d532-4285-be94-b07a3e11a098;18;;
59382;1788054883934;150B;Motor-/Controllerblock;20;19;–;FF-FF-FF-FF-FF-FF-FF-FF-FF-FF-FF-FF-FF-FF-FF-FF-FF-FF-FF-FF;NOTIFICATION;0;da1a1500-d532-4285-be94-b07a3e11a098;da1a150b-d532-4285-be94-b07a3e11a098;18;;
59591;1788054884143;150D;Fahrstatistik Max/Ø;20;19;–;00-DA-00-7F-FF-FF-FF-FF-47-18-FF-FF-FF-FF-FF-FF-FF-FF-00-00;NOTIFICATION;0;da1a1500-d532-4285-be94-b07a3e11a098;da1a150d-d532-4285-be94-b07a3e11a098;18;;
60633;1788054885185;1502;Akkuinformationen;16;20;–;47-18-FF-FF-FF-FF-47-18-FF-FF-FF-FF-FF-FF-00-00;NOTIFICATION;0;da1a1500-d532-4285-be94-b07a3e11a098;da1a1502-d532-4285-be94-b07a3e11a098;18;;
61052;1788054885604;1505;BikePerformance / Fahrleistung;18;20;7;00-00-00-00-FF-FF-00-08-FF-FF-FF-FF-FF-00-00-00-00-00;NOTIFICATION;0;da1a1500-d532-4285-be94-b07a3e11a098;da1a1505-d532-4285-be94-b07a3e11a098;18;;
61263;1788054885815;1506;Trip / Kilometer & Betriebszähler;16;20;7;00-00-1E-31-00-02-5C-E4-00-00-03-04-00-00-00-00;NOTIFICATION;0;da1a1500-d532-4285-be94-b07a3e11a098;da1a1506-d532-4285-be94-b07a3e11a098;18;;
61680;1788054886232;1508;Settings / Licht & Fahrstufe;17;20;–;01-00-00-01-FF-FF-FF-FF-FF-FF-FF-00-00-00-00-00-00;NOTIFICATION;0;da1a1500-d532-4285-be94-b07a3e11a098;da1a1508-d532-4285-be94-b07a3e11a098;18;;
61882;1788054886434;1509;BatteryChange / Akku-Livestand;11;20;–;00-00-FF-FF-1B-B1-58-00-00-00-00;NOTIFICATION;0;da1a1500-d532-4285-be94-b07a3e11a098;da1a1509-d532-4285-be94-b07a3e11a098;18;;
62092;1788054886644;150A;MotorUpdate / Motor-Livestand;10;20;–;00-00-FF-FF-FF-FF-FF-FF-FF-FF;NOTIFICATION;0;da1a1500-d532-4285-be94-b07a3e11a098;da1a150a-d532-4285-be94-b07a3e11a098;18;;
62303;1788054886855;150B;Motor-/Controllerblock;20;20;–;FF-FF-FF-FF-FF-FF-FF-FF-FF-FF-FF-FF-FF-FF-FF-FF-FF-FF-FF-FF;NOTIFICATION;0;da1a1500-d532-4285-be94-b07a3e11a098;da1a150b-d532-4285-be94-b07a3e11a098;18;;
62515;1788054887067;150D;Fahrstatistik Max/Ø;20;20;–;00-DA-00-7F-FF-FF-FF-FF-47-18-FF-FF-FF-FF-FF-FF-FF-FF-00-00;NOTIFICATION;0;da1a1500-d532-4285-be94-b07a3e11a098;da1a150d-d532-4285-be94-b07a3e11a098;18;;
63551;1788054888103;1502;Akkuinformationen;16;21;–;47-18-FF-FF-FF-FF-47-18-FF-FF-FF-FF-FF-FF-00-00;NOTIFICATION;0;da1a1500-d532-4285-be94-b07a3e11a098;da1a1502-d532-4285-be94-b07a3e11a098;18;;
63972;1788054888524;1505;BikePerformance / Fahrleistung;18;21;7;00-00-00-00-FF-FF-00-00-FF-FF-FF-FF-FF-00-00-00-00-00;NOTIFICATION;0;da1a1500-d532-4285-be94-b07a3e11a098;da1a1505-d532-4285-be94-b07a3e11a098;18;;
64182;1788054888734;1506;Trip / Kilometer & Betriebszähler;16;21;–;00-00-1E-31-00-02-5C-E4-00-00-03-04-00-00-00-00;NOTIFICATION;0;da1a1500-d532-4285-be94-b07a3e11a098;da1a1506-d532-4285-be94-b07a3e11a098;18;;
64603;1788054889155;1508;Settings / Licht & Fahrstufe;17;21;–;01-00-00-01-FF-FF-FF-FF-FF-FF-FF-00-00-00-00-00-00;NOTIFICATION;0;da1a1500-d532-4285-be94-b07a3e11a098;da1a1508-d532-4285-be94-b07a3e11a098;18;;
64802;1788054889354;1509;BatteryChange / Akku-Livestand;11;21;–;00-00-FF-FF-1B-B1-58-00-00-00-00;NOTIFICATION;0;da1a1500-d532-4285-be94-b07a3e11a098;da1a1509-d532-4285-be94-b07a3e11a098;18;;
65011;1788054889563;150A;MotorUpdate / Motor-Livestand;10;21;–;00-00-FF-FF-FF-FF-FF-FF-FF-FF;NOTIFICATION;0;da1a1500-d532-4285-be94-b07a3e11a098;da1a150a-d532-4285-be94-b07a3e11a098;18;;
65225;1788054889777;150B;Motor-/Controllerblock;20;21;–;FF-FF-FF-FF-FF-FF-FF-FF-FF-FF-FF-FF-FF-FF-FF-FF-FF-FF-FF-FF;NOTIFICATION;0;da1a1500-d532-4285-be94-b07a3e11a098;da1a150b-d532-4285-be94-b07a3e11a098;18;;
65433;1788054889985;150D;Fahrstatistik Max/Ø;20;21;–;00-DA-00-7F-FF-FF-FF-FF-47-18-FF-FF-FF-FF-FF-FF-FF-FF-00-00;NOTIFICATION;0;da1a1500-d532-4285-be94-b07a3e11a098;da1a150d-d532-4285-be94-b07a3e11a098;18;;
66473;1788054891025;1502;Akkuinformationen;16;22;–;47-18-FF-FF-FF-FF-47-18-FF-FF-FF-FF-FF-FF-00-00;NOTIFICATION;0;da1a1500-d532-4285-be94-b07a3e11a098;da1a1502-d532-4285-be94-b07a3e11a098;18;;
66891;1788054891443;1505;BikePerformance / Fahrleistung;18;22;7;00-00-00-00-FF-FF-00-0A-FF-FF-FF-FF-FF-00-00-00-00-00;NOTIFICATION;0;da1a1500-d532-4285-be94-b07a3e11a098;da1a1505-d532-4285-be94-b07a3e11a098;18;;
67103;1788054891655;1506;Trip / Kilometer & Betriebszähler;16;22;7;00-00-1E-31-00-02-5C-E5-00-00-03-04-00-00-00-00;NOTIFICATION;0;da1a1500-d532-4285-be94-b07a3e11a098;da1a1506-d532-4285-be94-b07a3e11a098;18;;
67521;1788054892073;1508;Settings / Licht & Fahrstufe;17;22;–;01-00-00-01-FF-FF-FF-FF-FF-FF-FF-00-00-00-00-00-00;NOTIFICATION;0;da1a1500-d532-4285-be94-b07a3e11a098;da1a1508-d532-4285-be94-b07a3e11a098;18;;
67721;1788054892273;1509;BatteryChange / Akku-Livestand;11;22;–;00-00-FF-FF-1B-B1-58-00-00-00-00;NOTIFICATION;0;da1a1500-d532-4285-be94-b07a3e11a098;da1a1509-d532-4285-be94-b07a3e11a098;18;;
67930;1788054892482;150A;MotorUpdate / Motor-Livestand;10;22;–;00-00-FF-FF-FF-FF-FF-FF-FF-FF;NOTIFICATION;0;da1a1500-d532-4285-be94-b07a3e11a098;da1a150a-d532-4285-be94-b07a3e11a098;18;;
68142;1788054892694;150B;Motor-/Controllerblock;20;22;–;FF-FF-FF-FF-FF-FF-FF-FF-FF-FF-FF-FF-FF-FF-FF-FF-FF-FF-FF-FF;NOTIFICATION;0;da1a1500-d532-4285-be94-b07a3e11a098;da1a150b-d532-4285-be94-b07a3e11a098;18;;
68351;1788054892903;150D;Fahrstatistik Max/Ø;20;22;–;00-DA-00-7F-FF-FF-FF-FF-47-18-FF-FF-FF-FF-FF-FF-FF-FF-00-00;NOTIFICATION;0;da1a1500-d532-4285-be94-b07a3e11a098;da1a150d-d532-4285-be94-b07a3e11a098;18;;
69395;1788054893947;1502;Akkuinformationen;16;23;–;47-18-FF-FF-FF-FF-47-18-FF-FF-FF-FF-FF-FF-00-00;NOTIFICATION;0;da1a1500-d532-4285-be94-b07a3e11a098;da1a1502-d532-4285-be94-b07a3e11a098;18;;
69812;1788054894364;1505;BikePerformance / Fahrleistung;18;23;7;00-00-00-00-FF-FF-00-04-FF-FF-FF-FF-FF-00-00-00-00-00;NOTIFICATION;0;da1a1500-d532-4285-be94-b07a3e11a098;da1a1505-d532-4285-be94-b07a3e11a098;18;;
70025;1788054894577;1506;Trip / Kilometer & Betriebszähler;16;23;7;00-00-1E-31-00-02-5C-E8-00-00-03-04-00-00-00-00;NOTIFICATION;0;da1a1500-d532-4285-be94-b07a3e11a098;da1a1506-d532-4285-be94-b07a3e11a098;18;;
70443;1788054894995;1508;Settings / Licht & Fahrstufe;17;23;–;01-00-00-01-FF-FF-FF-FF-FF-FF-FF-00-00-00-00-00-00;NOTIFICATION;0;da1a1500-d532-4285-be94-b07a3e11a098;da1a1508-d532-4285-be94-b07a3e11a098;18;;
70653;1788054895205;1509;BatteryChange / Akku-Livestand;11;23;–;00-00-FF-FF-1B-B1-58-00-00-00-00;NOTIFICATION;0;da1a1500-d532-4285-be94-b07a3e11a098;da1a1509-d532-4285-be94-b07a3e11a098;18;;
70852;1788054895404;150A;MotorUpdate / Motor-Livestand;10;23;–;00-00-FF-FF-FF-FF-FF-FF-FF-FF;NOTIFICATION;0;da1a1500-d532-4285-be94-b07a3e11a098;da1a150a-d532-4285-be94-b07a3e11a098;18;;
71063;1788054895615;150B;Motor-/Controllerblock;20;23;–;FF-FF-FF-FF-FF-FF-FF-FF-FF-FF-FF-FF-FF-FF-FF-FF-FF-FF-FF-FF;NOTIFICATION;0;da1a1500-d532-4285-be94-b07a3e11a098;da1a150b-d532-4285-be94-b07a3e11a098;18;;
71274;1788054895826;150D;Fahrstatistik Max/Ø;20;23;–;00-DA-00-7F-FF-FF-FF-FF-47-18-FF-FF-FF-FF-FF-FF-FF-FF-00-00;NOTIFICATION;0;da1a1500-d532-4285-be94-b07a3e11a098;da1a150d-d532-4285-be94-b07a3e11a098;18;;
72312;1788054896864;1502;Akkuinformationen;16;24;–;47-18-FF-FF-FF-FF-47-18-FF-FF-FF-FF-FF-FF-00-00;NOTIFICATION;0;da1a1500-d532-4285-be94-b07a3e11a098;da1a1502-d532-4285-be94-b07a3e11a098;18;;
72735;1788054897287;1505;BikePerformance / Fahrleistung;18;24;7;00-00-00-00-FF-FF-00-00-FF-FF-FF-FF-FF-00-00-00-00-00;NOTIFICATION;0;da1a1500-d532-4285-be94-b07a3e11a098;da1a1505-d532-4285-be94-b07a3e11a098;18;;
72943;1788054897495;1506;Trip / Kilometer & Betriebszähler;16;24;7;00-00-1E-31-00-02-5C-E9-00-00-03-04-00-00-00-00;NOTIFICATION;0;da1a1500-d532-4285-be94-b07a3e11a098;da1a1506-d532-4285-be94-b07a3e11a098;18;;
73362;1788054897914;1508;Settings / Licht & Fahrstufe;17;24;–;01-00-00-01-FF-FF-FF-FF-FF-FF-FF-00-00-00-00-00-00;NOTIFICATION;0;da1a1500-d532-4285-be94-b07a3e11a098;da1a1508-d532-4285-be94-b07a3e11a098;18;;
73574;1788054898126;1509;BatteryChange / Akku-Livestand;11;24;–;00-00-FF-FF-1B-B1-58-00-00-00-00;NOTIFICATION;0;da1a1500-d532-4285-be94-b07a3e11a098;da1a1509-d532-4285-be94-b07a3e11a098;18;;
73775;1788054898327;150A;MotorUpdate / Motor-Livestand;10;24;–;00-00-FF-FF-FF-FF-FF-FF-FF-FF;NOTIFICATION;0;da1a1500-d532-4285-be94-b07a3e11a098;da1a150a-d532-4285-be94-b07a3e11a098;18;;
73982;1788054898534;150B;Motor-/Controllerblock;20;24;–;FF-FF-FF-FF-FF-FF-FF-FF-FF-FF-FF-FF-FF-FF-FF-FF-FF-FF-FF-FF;NOTIFICATION;0;da1a1500-d532-4285-be94-b07a3e11a098;da1a150b-d532-4285-be94-b07a3e11a098;18;;
74196;1788054898748;150D;Fahrstatistik Max/Ø;20;24;–;00-DA-00-7F-FF-FF-FF-FF-47-18-FF-FF-FF-FF-FF-FF-FF-FF-00-00;NOTIFICATION;0;da1a1500-d532-4285-be94-b07a3e11a098;da1a150d-d532-4285-be94-b07a3e11a098;18;;
75235;1788054899787;1502;Akkuinformationen;16;25;–;47-18-FF-FF-FF-FF-47-18-FF-FF-FF-FF-FF-FF-00-00;NOTIFICATION;0;da1a1500-d532-4285-be94-b07a3e11a098;da1a1502-d532-4285-be94-b07a3e11a098;18;;
75654;1788054900206;1505;BikePerformance / Fahrleistung;18;25;–;00-00-00-00-FF-FF-00-00-FF-FF-FF-FF-FF-00-00-00-00-00;NOTIFICATION;0;da1a1500-d532-4285-be94-b07a3e11a098;da1a1505-d532-4285-be94-b07a3e11a098;18;;
75862;1788054900414;1506;Trip / Kilometer & Betriebszähler;16;25;–;00-00-1E-31-00-02-5C-E9-00-00-03-04-00-00-00-00;NOTIFICATION;0;da1a1500-d532-4285-be94-b07a3e11a098;da1a1506-d532-4285-be94-b07a3e11a098;18;;
76284;1788054900836;1508;Settings / Licht & Fahrstufe;17;25;–;01-00-00-01-FF-FF-FF-FF-FF-FF-FF-00-00-00-00-00-00;NOTIFICATION;0;da1a1500-d532-4285-be94-b07a3e11a098;da1a1508-d532-4285-be94-b07a3e11a098;18;;
76485;1788054901037;1509;BatteryChange / Akku-Livestand;11;25;–;00-00-FF-FF-1B-B1-58-00-00-00-00;NOTIFICATION;0;da1a1500-d532-4285-be94-b07a3e11a098;da1a1509-d532-4285-be94-b07a3e11a098;18;;
76687;1788054901239;150A;MotorUpdate / Motor-Livestand;10;25;–;00-00-FF-FF-FF-FF-FF-FF-FF-FF;NOTIFICATION;0;da1a1500-d532-4285-be94-b07a3e11a098;da1a150a-d532-4285-be94-b07a3e11a098;18;;
76897;1788054901449;150B;Motor-/Controllerblock;20;25;–;FF-FF-FF-FF-FF-FF-FF-FF-FF-FF-FF-FF-FF-FF-FF-FF-FF-FF-FF-FF;NOTIFICATION;0;da1a1500-d532-4285-be94-b07a3e11a098;da1a150b-d532-4285-be94-b07a3e11a098;18;;
77117;1788054901669;150D;Fahrstatistik Max/Ø;20;25;–;00-DA-00-7F-FF-FF-FF-FF-47-18-FF-FF-FF-FF-FF-FF-FF-FF-00-00;NOTIFICATION;0;da1a1500-d532-4285-be94-b07a3e11a098;da1a150d-d532-4285-be94-b07a3e11a098;18;;
78149;1788054902701;1502;Akkuinformationen;16;26;–;47-18-FF-FF-FF-FF-47-18-FF-FF-FF-FF-FF-FF-00-00;NOTIFICATION;0;da1a1500-d532-4285-be94-b07a3e11a098;da1a1502-d532-4285-be94-b07a3e11a098;18;;
78570;1788054903122;1505;BikePerformance / Fahrleistung;18;26;–;00-00-00-00-FF-FF-00-00-FF-FF-FF-FF-FF-00-00-00-00-00;NOTIFICATION;0;da1a1500-d532-4285-be94-b07a3e11a098;da1a1505-d532-4285-be94-b07a3e11a098;18;;
78779;1788054903331;1506;Trip / Kilometer & Betriebszähler;16;26;–;00-00-1E-31-00-02-5C-E9-00-00-03-04-00-00-00-00;NOTIFICATION;0;da1a1500-d532-4285-be94-b07a3e11a098;da1a1506-d532-4285-be94-b07a3e11a098;18;;
79201;1788054903753;1508;Settings / Licht & Fahrstufe;17;26;–;01-00-00-01-FF-FF-FF-FF-FF-FF-FF-00-00-00-00-00-00;NOTIFICATION;0;da1a1500-d532-4285-be94-b07a3e11a098;da1a1508-d532-4285-be94-b07a3e11a098;18;;
79407;1788054903959;1509;BatteryChange / Akku-Livestand;11;26;–;00-00-FF-FF-1B-B1-58-00-00-00-00;NOTIFICATION;0;da1a1500-d532-4285-be94-b07a3e11a098;da1a1509-d532-4285-be94-b07a3e11a098;18;;
79607;1788054904159;150A;MotorUpdate / Motor-Livestand;10;26;–;00-00-FF-FF-FF-FF-FF-FF-FF-FF;NOTIFICATION;0;da1a1500-d532-4285-be94-b07a3e11a098;da1a150a-d532-4285-be94-b07a3e11a098;18;;
79816;1788054904368;150B;Motor-/Controllerblock;20;26;–;FF-FF-FF-FF-FF-FF-FF-FF-FF-FF-FF-FF-FF-FF-FF-FF-FF-FF-FF-FF;NOTIFICATION;0;da1a1500-d532-4285-be94-b07a3e11a098;da1a150b-d532-4285-be94-b07a3e11a098;18;;
80026;1788054904578;150D;Fahrstatistik Max/Ø;20;26;–;00-DA-00-7F-FF-FF-FF-FF-47-18-FF-FF-FF-FF-FF-FF-FF-FF-00-00;NOTIFICATION;0;da1a1500-d532-4285-be94-b07a3e11a098;da1a150d-d532-4285-be94-b07a3e11a098;18;;
81070;1788054905622;1502;Akkuinformationen;16;27;–;47-18-FF-FF-FF-FF-47-18-FF-FF-FF-FF-FF-FF-00-00;NOTIFICATION;0;da1a1500-d532-4285-be94-b07a3e11a098;da1a1502-d532-4285-be94-b07a3e11a098;18;;
81492;1788054906044;1505;BikePerformance / Fahrleistung;18;27;–;00-00-00-00-FF-FF-00-00-FF-FF-FF-FF-FF-00-00-00-00-00;NOTIFICATION;0;da1a1500-d532-4285-be94-b07a3e11a098;da1a1505-d532-4285-be94-b07a3e11a098;18;;
81702;1788054906254;1506;Trip / Kilometer & Betriebszähler;16;27;–;00-00-1E-31-00-02-5C-E9-00-00-03-04-00-00-00-00;NOTIFICATION;0;da1a1500-d532-4285-be94-b07a3e11a098;da1a1506-d532-4285-be94-b07a3e11a098;18;;
82115;1788054906667;1508;Settings / Licht & Fahrstufe;17;27;–;01-00-00-01-FF-FF-FF-FF-FF-FF-FF-00-00-00-00-00-00;NOTIFICATION;0;da1a1500-d532-4285-be94-b07a3e11a098;da1a1508-d532-4285-be94-b07a3e11a098;18;;
82327;1788054906879;1509;BatteryChange / Akku-Livestand;11;27;–;00-00-FF-FF-1B-B1-58-00-00-00-00;NOTIFICATION;0;da1a1500-d532-4285-be94-b07a3e11a098;da1a1509-d532-4285-be94-b07a3e11a098;18;;
82527;1788054907079;150A;MotorUpdate / Motor-Livestand;10;27;–;00-00-FF-FF-FF-FF-FF-FF-FF-FF;NOTIFICATION;0;da1a1500-d532-4285-be94-b07a3e11a098;da1a150a-d532-4285-be94-b07a3e11a098;18;;
82737;1788054907289;150B;Motor-/Controllerblock;20;27;–;FF-FF-FF-FF-FF-FF-FF-FF-FF-FF-FF-FF-FF-FF-FF-FF-FF-FF-FF-FF;NOTIFICATION;0;da1a1500-d532-4285-be94-b07a3e11a098;da1a150b-d532-4285-be94-b07a3e11a098;18;;
82947;1788054907499;150D;Fahrstatistik Max/Ø;20;27;–;00-DA-00-7F-FF-FF-FF-FF-47-18-FF-FF-FF-FF-FF-FF-FF-FF-00-00;NOTIFICATION;0;da1a1500-d532-4285-be94-b07a3e11a098;da1a150d-d532-4285-be94-b07a3e11a098;18;;
83998;1788054908550;1502;Akkuinformationen;16;28;–;47-18-FF-FF-FF-FF-47-18-FF-FF-FF-FF-FF-FF-00-00;NOTIFICATION;0;da1a1500-d532-4285-be94-b07a3e11a098;da1a1502-d532-4285-be94-b07a3e11a098;18;;
84407;1788054908959;1505;BikePerformance / Fahrleistung;18;28;–;00-00-00-00-FF-FF-00-00-FF-FF-FF-FF-FF-00-00-00-00-00;NOTIFICATION;0;da1a1500-d532-4285-be94-b07a3e11a098;da1a1505-d532-4285-be94-b07a3e11a098;18;;
84617;1788054909169;1506;Trip / Kilometer & Betriebszähler;16;28;–;00-00-1E-31-00-02-5C-E9-00-00-03-04-00-00-00-00;NOTIFICATION;0;da1a1500-d532-4285-be94-b07a3e11a098;da1a1506-d532-4285-be94-b07a3e11a098;18;;
85041;1788054909593;1508;Settings / Licht & Fahrstufe;17;28;–;01-00-00-01-FF-FF-FF-FF-FF-FF-FF-00-00-00-00-00-00;NOTIFICATION;0;da1a1500-d532-4285-be94-b07a3e11a098;da1a1508-d532-4285-be94-b07a3e11a098;18;;
85247;1788054909799;1509;BatteryChange / Akku-Livestand;11;28;–;00-00-FF-FF-1B-B1-58-00-00-00-00;NOTIFICATION;0;da1a1500-d532-4285-be94-b07a3e11a098;da1a1509-d532-4285-be94-b07a3e11a098;18;;
85448;1788054910000;150A;MotorUpdate / Motor-Livestand;10;28;–;00-00-FF-FF-FF-FF-FF-FF-FF-FF;NOTIFICATION;0;da1a1500-d532-4285-be94-b07a3e11a098;da1a150a-d532-4285-be94-b07a3e11a098;18;;
85658;1788054910210;150B;Motor-/Controllerblock;20;28;–;FF-FF-FF-FF-FF-FF-FF-FF-FF-FF-FF-FF-FF-FF-FF-FF-FF-FF-FF-FF;NOTIFICATION;0;da1a1500-d532-4285-be94-b07a3e11a098;da1a150b-d532-4285-be94-b07a3e11a098;18;;
85867;1788054910419;150D;Fahrstatistik Max/Ø;20;28;–;00-DA-00-7F-FF-FF-FF-FF-47-18-FF-FF-FF-FF-FF-FF-FF-FF-00-00;NOTIFICATION;0;da1a1500-d532-4285-be94-b07a3e11a098;da1a150d-d532-4285-be94-b07a3e11a098;18;;
86918;1788054911470;1502;Akkuinformationen;16;29;–;47-18-FF-FF-FF-FF-47-18-FF-FF-FF-FF-FF-FF-00-00;NOTIFICATION;0;da1a1500-d532-4285-be94-b07a3e11a098;da1a1502-d532-4285-be94-b07a3e11a098;18;;
87327;1788054911879;1505;BikePerformance / Fahrleistung;18;29;–;00-00-00-00-FF-FF-00-00-FF-FF-FF-FF-FF-00-00-00-00-00;NOTIFICATION;0;da1a1500-d532-4285-be94-b07a3e11a098;da1a1505-d532-4285-be94-b07a3e11a098;18;;
87537;1788054912089;1506;Trip / Kilometer & Betriebszähler;16;29;–;00-00-1E-31-00-02-5C-E9-00-00-03-04-00-00-00-00;NOTIFICATION;0;da1a1500-d532-4285-be94-b07a3e11a098;da1a1506-d532-4285-be94-b07a3e11a098;18;;
87958;1788054912510;1508;Settings / Licht & Fahrstufe;17;29;–;01-00-00-01-FF-FF-FF-FF-FF-FF-FF-00-00-00-00-00-00;NOTIFICATION;0;da1a1500-d532-4285-be94-b07a3e11a098;da1a1508-d532-4285-be94-b07a3e11a098;18;;
88168;1788054912720;1509;BatteryChange / Akku-Livestand;11;29;–;00-00-FF-FF-1B-B1-58-00-00-00-00;NOTIFICATION;0;da1a1500-d532-4285-be94-b07a3e11a098;da1a1509-d532-4285-be94-b07a3e11a098;18;;
88381;1788054912933;150A;MotorUpdate / Motor-Livestand;10;29;–;00-00-FF-FF-FF-FF-FF-FF-FF-FF;NOTIFICATION;0;da1a1500-d532-4285-be94-b07a3e11a098;da1a150a-d532-4285-be94-b07a3e11a098;18;;
88578;1788054913130;150B;Motor-/Controllerblock;20;29;–;FF-FF-FF-FF-FF-FF-FF-FF-FF-FF-FF-FF-FF-FF-FF-FF-FF-FF-FF-FF;NOTIFICATION;0;da1a1500-d532-4285-be94-b07a3e11a098;da1a150b-d532-4285-be94-b07a3e11a098;18;;
88790;1788054913342;150D;Fahrstatistik Max/Ø;20;29;–;00-DA-00-7F-FF-FF-FF-FF-47-18-FF-FF-FF-FF-FF-FF-FF-FF-00-00;NOTIFICATION;0;da1a1500-d532-4285-be94-b07a3e11a098;da1a150d-d532-4285-be94-b07a3e11a098;18;;
89840;1788054914392;1502;Akkuinformationen;16;30;–;47-18-FF-FF-FF-FF-47-18-FF-FF-FF-FF-FF-FF-00-00;NOTIFICATION;0;da1a1500-d532-4285-be94-b07a3e11a098;da1a1502-d532-4285-be94-b07a3e11a098;18;;
90251;1788054914803;1505;BikePerformance / Fahrleistung;18;30;–;00-00-00-00-FF-FF-00-00-FF-FF-FF-FF-FF-00-00-00-00-00;NOTIFICATION;0;da1a1500-d532-4285-be94-b07a3e11a098;da1a1505-d532-4285-be94-b07a3e11a098;18;;
90460;1788054915012;1506;Trip / Kilometer & Betriebszähler;16;30;–;00-00-1E-31-00-02-5C-E9-00-00-03-04-00-00-00-00;NOTIFICATION;0;da1a1500-d532-4285-be94-b07a3e11a098;da1a1506-d532-4285-be94-b07a3e11a098;18;;
90879;1788054915431;1508;Settings / Licht & Fahrstufe;17;30;–;01-00-00-01-FF-FF-FF-FF-FF-FF-FF-00-00-00-00-00-00;NOTIFICATION;0;da1a1500-d532-4285-be94-b07a3e11a098;da1a1508-d532-4285-be94-b07a3e11a098;18;;
91089;1788054915641;1509;BatteryChange / Akku-Livestand;11;30;5,6;00-00-FF-FF-1B-B2-20-00-00-00-00;NOTIFICATION;0;da1a1500-d532-4285-be94-b07a3e11a098;da1a1509-d532-4285-be94-b07a3e11a098;18;;
91299;1788054915851;150A;MotorUpdate / Motor-Livestand;10;30;–;00-00-FF-FF-FF-FF-FF-FF-FF-FF;NOTIFICATION;0;da1a1500-d532-4285-be94-b07a3e11a098;da1a150a-d532-4285-be94-b07a3e11a098;18;;
91509;1788054916061;150B;Motor-/Controllerblock;20;30;–;FF-FF-FF-FF-FF-FF-FF-FF-FF-FF-FF-FF-FF-FF-FF-FF-FF-FF-FF-FF;NOTIFICATION;0;da1a1500-d532-4285-be94-b07a3e11a098;da1a150b-d532-4285-be94-b07a3e11a098;18;;
91711;1788054916263;150D;Fahrstatistik Max/Ø;20;30;–;00-DA-00-7F-FF-FF-FF-FF-47-18-FF-FF-FF-FF-FF-FF-FF-FF-00-00;NOTIFICATION;0;da1a1500-d532-4285-be94-b07a3e11a098;da1a150d-d532-4285-be94-b07a3e11a098;18;;
92758;1788054917310;1502;Akkuinformationen;16;31;–;47-18-FF-FF-FF-FF-47-18-FF-FF-FF-FF-FF-FF-00-00;NOTIFICATION;0;da1a1500-d532-4285-be94-b07a3e11a098;da1a1502-d532-4285-be94-b07a3e11a098;18;;
93169;1788054917721;1505;BikePerformance / Fahrleistung;18;31;–;00-00-00-00-FF-FF-00-00-FF-FF-FF-FF-FF-00-00-00-00-00;NOTIFICATION;0;da1a1500-d532-4285-be94-b07a3e11a098;da1a1505-d532-4285-be94-b07a3e11a098;18;;
93379;1788054917931;1506;Trip / Kilometer & Betriebszähler;16;31;–;00-00-1E-31-00-02-5C-E9-00-00-03-04-00-00-00-00;NOTIFICATION;0;da1a1500-d532-4285-be94-b07a3e11a098;da1a1506-d532-4285-be94-b07a3e11a098;18;;
93797;1788054918349;1508;Settings / Licht & Fahrstufe;17;31;–;01-00-00-01-FF-FF-FF-FF-FF-FF-FF-00-00-00-00-00-00;NOTIFICATION;0;da1a1500-d532-4285-be94-b07a3e11a098;da1a1508-d532-4285-be94-b07a3e11a098;18;;
94007;1788054918559;1509;BatteryChange / Akku-Livestand;11;31;5,6;00-00-FF-FF-1B-B1-BC-00-00-00-00;NOTIFICATION;0;da1a1500-d532-4285-be94-b07a3e11a098;da1a1509-d532-4285-be94-b07a3e11a098;18;;
94217;1788054918769;150A;MotorUpdate / Motor-Livestand;10;31;–;00-00-FF-FF-FF-FF-FF-FF-FF-FF;NOTIFICATION;0;da1a1500-d532-4285-be94-b07a3e11a098;da1a150a-d532-4285-be94-b07a3e11a098;18;;
94428;1788054918980;150B;Motor-/Controllerblock;20;31;–;FF-FF-FF-FF-FF-FF-FF-FF-FF-FF-FF-FF-FF-FF-FF-FF-FF-FF-FF-FF;NOTIFICATION;0;da1a1500-d532-4285-be94-b07a3e11a098;da1a150b-d532-4285-be94-b07a3e11a098;18;;
94629;1788054919181;150D;Fahrstatistik Max/Ø;20;31;–;00-DA-00-7F-FF-FF-FF-FF-47-18-FF-FF-FF-FF-FF-FF-FF-FF-00-00;NOTIFICATION;0;da1a1500-d532-4285-be94-b07a3e11a098;da1a150d-d532-4285-be94-b07a3e11a098;18;;
95679;1788054920231;1502;Akkuinformationen;16;32;–;47-18-FF-FF-FF-FF-47-18-FF-FF-FF-FF-FF-FF-00-00;NOTIFICATION;0;da1a1500-d532-4285-be94-b07a3e11a098;da1a1502-d532-4285-be94-b07a3e11a098;18;;
96089;1788054920641;1505;BikePerformance / Fahrleistung;18;32;–;00-00-00-00-FF-FF-00-00-FF-FF-FF-FF-FF-00-00-00-00-00;NOTIFICATION;0;da1a1500-d532-4285-be94-b07a3e11a098;da1a1505-d532-4285-be94-b07a3e11a098;18;;
96298;1788054920850;1506;Trip / Kilometer & Betriebszähler;16;32;–;00-00-1E-31-00-02-5C-E9-00-00-03-04-00-00-00-00;NOTIFICATION;0;da1a1500-d532-4285-be94-b07a3e11a098;da1a1506-d532-4285-be94-b07a3e11a098;18;;
96719;1788054921271;1508;Settings / Licht & Fahrstufe;17;32;–;01-00-00-01-FF-FF-FF-FF-FF-FF-FF-00-00-00-00-00-00;NOTIFICATION;0;da1a1500-d532-4285-be94-b07a3e11a098;da1a1508-d532-4285-be94-b07a3e11a098;18;;
96927;1788054921479;1509;BatteryChange / Akku-Livestand;11;32;6;00-00-FF-FF-1B-B1-58-00-00-00-00;NOTIFICATION;0;da1a1500-d532-4285-be94-b07a3e11a098;da1a1509-d532-4285-be94-b07a3e11a098;18;;
97141;1788054921693;150A;MotorUpdate / Motor-Livestand;10;32;–;00-00-FF-FF-FF-FF-FF-FF-FF-FF;NOTIFICATION;0;da1a1500-d532-4285-be94-b07a3e11a098;da1a150a-d532-4285-be94-b07a3e11a098;18;;
97350;1788054921902;150B;Motor-/Controllerblock;20;32;–;FF-FF-FF-FF-FF-FF-FF-FF-FF-FF-FF-FF-FF-FF-FF-FF-FF-FF-FF-FF;NOTIFICATION;0;da1a1500-d532-4285-be94-b07a3e11a098;da1a150b-d532-4285-be94-b07a3e11a098;18;;
97558;1788054922110;150D;Fahrstatistik Max/Ø;20;32;–;00-DA-00-7F-FF-FF-FF-FF-47-18-FF-FF-FF-FF-FF-FF-FF-FF-00-00;NOTIFICATION;0;da1a1500-d532-4285-be94-b07a3e11a098;da1a150d-d532-4285-be94-b07a3e11a098;18;;
98598;1788054923150;1502;Akkuinformationen;16;33;–;47-18-FF-FF-FF-FF-47-18-FF-FF-FF-FF-FF-FF-00-00;NOTIFICATION;0;da1a1500-d532-4285-be94-b07a3e11a098;da1a1502-d532-4285-be94-b07a3e11a098;18;;
99018;1788054923570;1505;BikePerformance / Fahrleistung;18;33;–;00-00-00-00-FF-FF-00-00-FF-FF-FF-FF-FF-00-00-00-00-00;NOTIFICATION;0;da1a1500-d532-4285-be94-b07a3e11a098;da1a1505-d532-4285-be94-b07a3e11a098;18;;
99222;1788054923774;1506;Trip / Kilometer & Betriebszähler;16;33;–;00-00-1E-31-00-02-5C-E9-00-00-03-04-00-00-00-00;NOTIFICATION;0;da1a1500-d532-4285-be94-b07a3e11a098;da1a1506-d532-4285-be94-b07a3e11a098;18;;
99640;1788054924192;1508;Settings / Licht & Fahrstufe;17;33;–;01-00-00-01-FF-FF-FF-FF-FF-FF-FF-00-00-00-00-00-00;NOTIFICATION;0;da1a1500-d532-4285-be94-b07a3e11a098;da1a1508-d532-4285-be94-b07a3e11a098;18;;
99848;1788054924400;1509;BatteryChange / Akku-Livestand;11;33;5,6;00-00-FF-FF-1B-B2-20-00-00-00-00;NOTIFICATION;0;da1a1500-d532-4285-be94-b07a3e11a098;da1a1509-d532-4285-be94-b07a3e11a098;18;;
100058;1788054924610;150A;MotorUpdate / Motor-Livestand;10;33;–;00-00-FF-FF-FF-FF-FF-FF-FF-FF;NOTIFICATION;0;da1a1500-d532-4285-be94-b07a3e11a098;da1a150a-d532-4285-be94-b07a3e11a098;18;;
100273;1788054924825;150B;Motor-/Controllerblock;20;33;–;FF-FF-FF-FF-FF-FF-FF-FF-FF-FF-FF-FF-FF-FF-FF-FF-FF-FF-FF-FF;NOTIFICATION;0;da1a1500-d532-4285-be94-b07a3e11a098;da1a150b-d532-4285-be94-b07a3e11a098;18;;
100481;1788054925033;150D;Fahrstatistik Max/Ø;20;33;–;00-DA-00-7F-FF-FF-FF-FF-47-18-FF-FF-FF-FF-FF-FF-FF-FF-00-00;NOTIFICATION;0;da1a1500-d532-4285-be94-b07a3e11a098;da1a150d-d532-4285-be94-b07a3e11a098;18;;
101516;1788054926068;1502;Akkuinformationen;16;34;–;47-18-FF-FF-FF-FF-47-18-FF-FF-FF-FF-FF-FF-00-00;NOTIFICATION;0;da1a1500-d532-4285-be94-b07a3e11a098;da1a1502-d532-4285-be94-b07a3e11a098;18;;
101937;1788054926489;1505;BikePerformance / Fahrleistung;18;34;–;00-00-00-00-FF-FF-00-00-FF-FF-FF-FF-FF-00-00-00-00-00;NOTIFICATION;0;da1a1500-d532-4285-be94-b07a3e11a098;da1a1505-d532-4285-be94-b07a3e11a098;18;;
102137;1788054926689;1506;Trip / Kilometer & Betriebszähler;16;34;–;00-00-1E-31-00-02-5C-E9-00-00-03-04-00-00-00-00;NOTIFICATION;0;da1a1500-d532-4285-be94-b07a3e11a098;da1a1506-d532-4285-be94-b07a3e11a098;18;;
102558;1788054927110;1508;Settings / Licht & Fahrstufe;17;34;–;01-00-00-01-FF-FF-FF-FF-FF-FF-FF-00-00-00-00-00-00;NOTIFICATION;0;da1a1500-d532-4285-be94-b07a3e11a098;da1a1508-d532-4285-be94-b07a3e11a098;18;;
102772;1788054927324;1509;BatteryChange / Akku-Livestand;11;34;5,6;00-00-FF-FF-1B-B1-BC-00-00-00-00;NOTIFICATION;0;da1a1500-d532-4285-be94-b07a3e11a098;da1a1509-d532-4285-be94-b07a3e11a098;18;;
102981;1788054927533;150A;MotorUpdate / Motor-Livestand;10;34;–;00-00-FF-FF-FF-FF-FF-FF-FF-FF;NOTIFICATION;0;da1a1500-d532-4285-be94-b07a3e11a098;da1a150a-d532-4285-be94-b07a3e11a098;18;;
103191;1788054927743;150B;Motor-/Controllerblock;20;34;–;FF-FF-FF-FF-FF-FF-FF-FF-FF-FF-FF-FF-FF-FF-FF-FF-FF-FF-FF-FF;NOTIFICATION;0;da1a1500-d532-4285-be94-b07a3e11a098;da1a150b-d532-4285-be94-b07a3e11a098;18;;
103401;1788054927953;150D;Fahrstatistik Max/Ø;20;34;–;00-DA-00-7F-FF-FF-FF-FF-47-18-FF-FF-FF-FF-FF-FF-FF-FF-00-00;NOTIFICATION;0;da1a1500-d532-4285-be94-b07a3e11a098;da1a150d-d532-4285-be94-b07a3e11a098;18;;
104442;1788054928994;1502;Akkuinformationen;16;35;–;47-18-FF-FF-FF-FF-47-18-FF-FF-FF-FF-FF-FF-00-00;NOTIFICATION;0;da1a1500-d532-4285-be94-b07a3e11a098;da1a1502-d532-4285-be94-b07a3e11a098;18;;
104863;1788054929415;1505;BikePerformance / Fahrleistung;18;35;7;00-00-00-00-FF-FF-00-0B-FF-FF-FF-FF-FF-00-00-00-00-00;NOTIFICATION;0;da1a1500-d532-4285-be94-b07a3e11a098;da1a1505-d532-4285-be94-b07a3e11a098;18;;
105062;1788054929614;1506;Trip / Kilometer & Betriebszähler;16;35;7;00-00-1E-31-00-02-5C-EA-00-00-03-04-00-00-00-00;NOTIFICATION;0;da1a1500-d532-4285-be94-b07a3e11a098;da1a1506-d532-4285-be94-b07a3e11a098;18;;
105483;1788054930035;1508;Settings / Licht & Fahrstufe;17;35;–;01-00-00-01-FF-FF-FF-FF-FF-FF-FF-00-00-00-00-00-00;NOTIFICATION;0;da1a1500-d532-4285-be94-b07a3e11a098;da1a1508-d532-4285-be94-b07a3e11a098;18;;
105691;1788054930243;1509;BatteryChange / Akku-Livestand;11;35;5,6;00-00-FF-FF-1B-B2-20-00-00-00-00;NOTIFICATION;0;da1a1500-d532-4285-be94-b07a3e11a098;da1a1509-d532-4285-be94-b07a3e11a098;18;;
105901;1788054930453;150A;MotorUpdate / Motor-Livestand;10;35;–;00-00-FF-FF-FF-FF-FF-FF-FF-FF;NOTIFICATION;0;da1a1500-d532-4285-be94-b07a3e11a098;da1a150a-d532-4285-be94-b07a3e11a098;18;;
106110;1788054930662;150B;Motor-/Controllerblock;20;35;–;FF-FF-FF-FF-FF-FF-FF-FF-FF-FF-FF-FF-FF-FF-FF-FF-FF-FF-FF-FF;NOTIFICATION;0;da1a1500-d532-4285-be94-b07a3e11a098;da1a150b-d532-4285-be94-b07a3e11a098;18;;
106322;1788054930874;150D;Fahrstatistik Max/Ø;20;35;–;00-DA-00-7F-FF-FF-FF-FF-47-18-FF-FF-FF-FF-FF-FF-FF-FF-00-00;NOTIFICATION;0;da1a1500-d532-4285-be94-b07a3e11a098;da1a150d-d532-4285-be94-b07a3e11a098;18;;
107364;1788054931916;1502;Akkuinformationen;16;36;–;47-18-FF-FF-FF-FF-47-18-FF-FF-FF-FF-FF-FF-00-00;NOTIFICATION;0;da1a1500-d532-4285-be94-b07a3e11a098;da1a1502-d532-4285-be94-b07a3e11a098;18;;
107782;1788054932334;1505;BikePerformance / Fahrleistung;18;36;7;00-00-00-00-FF-FF-00-01-FF-FF-FF-FF-FF-00-00-00-00-00;NOTIFICATION;0;da1a1500-d532-4285-be94-b07a3e11a098;da1a1505-d532-4285-be94-b07a3e11a098;18;;
107985;1788054932537;1506;Trip / Kilometer & Betriebszähler;16;36;7;00-00-1E-31-00-02-5C-ED-00-00-03-04-00-00-00-00;NOTIFICATION;0;da1a1500-d532-4285-be94-b07a3e11a098;da1a1506-d532-4285-be94-b07a3e11a098;18;;
108398;1788054932950;1508;Settings / Licht & Fahrstufe;17;36;–;01-00-00-01-FF-FF-FF-FF-FF-FF-FF-00-00-00-00-00-00;NOTIFICATION;0;da1a1500-d532-4285-be94-b07a3e11a098;da1a1508-d532-4285-be94-b07a3e11a098;18;;
108610;1788054933162;1509;BatteryChange / Akku-Livestand;11;36;–;00-00-FF-FF-1B-B2-20-00-00-00-00;NOTIFICATION;0;da1a1500-d532-4285-be94-b07a3e11a098;da1a1509-d532-4285-be94-b07a3e11a098;18;;
108818;1788054933370;150A;MotorUpdate / Motor-Livestand;10;36;–;00-00-FF-FF-FF-FF-FF-FF-FF-FF;NOTIFICATION;0;da1a1500-d532-4285-be94-b07a3e11a098;da1a150a-d532-4285-be94-b07a3e11a098;18;;
109028;1788054933580;150B;Motor-/Controllerblock;20;36;–;FF-FF-FF-FF-FF-FF-FF-FF-FF-FF-FF-FF-FF-FF-FF-FF-FF-FF-FF-FF;NOTIFICATION;0;da1a1500-d532-4285-be94-b07a3e11a098;da1a150b-d532-4285-be94-b07a3e11a098;18;;
109238;1788054933790;150D;Fahrstatistik Max/Ø;20;36;–;00-DA-00-7F-FF-FF-FF-FF-47-18-FF-FF-FF-FF-FF-FF-FF-FF-00-00;NOTIFICATION;0;da1a1500-d532-4285-be94-b07a3e11a098;da1a150d-d532-4285-be94-b07a3e11a098;18;;
110278;1788054934830;1502;Akkuinformationen;16;37;–;47-18-FF-FF-FF-FF-47-18-FF-FF-FF-FF-FF-FF-00-00;NOTIFICATION;0;da1a1500-d532-4285-be94-b07a3e11a098;da1a1502-d532-4285-be94-b07a3e11a098;18;;
110699;1788054935251;1505;BikePerformance / Fahrleistung;18;37;–;00-00-00-00-FF-FF-00-01-FF-FF-FF-FF-FF-00-00-00-00-00;NOTIFICATION;0;da1a1500-d532-4285-be94-b07a3e11a098;da1a1505-d532-4285-be94-b07a3e11a098;18;;
110909;1788054935461;1506;Trip / Kilometer & Betriebszähler;16;37;–;00-00-1E-31-00-02-5C-ED-00-00-03-04-00-00-00-00;NOTIFICATION;0;da1a1500-d532-4285-be94-b07a3e11a098;da1a1506-d532-4285-be94-b07a3e11a098;18;;
111319;1788054935871;1508;Settings / Licht & Fahrstufe;17;37;–;01-00-00-01-FF-FF-FF-FF-FF-FF-FF-00-00-00-00-00-00;NOTIFICATION;0;da1a1500-d532-4285-be94-b07a3e11a098;da1a1508-d532-4285-be94-b07a3e11a098;18;;
111529;1788054936081;1509;BatteryChange / Akku-Livestand;11;37;–;00-00-FF-FF-1B-B2-20-00-00-00-00;NOTIFICATION;0;da1a1500-d532-4285-be94-b07a3e11a098;da1a1509-d532-4285-be94-b07a3e11a098;18;;
111738;1788054936290;150A;MotorUpdate / Motor-Livestand;10;37;–;00-00-FF-FF-FF-FF-FF-FF-FF-FF;NOTIFICATION;0;da1a1500-d532-4285-be94-b07a3e11a098;da1a150a-d532-4285-be94-b07a3e11a098;18;;
111949;1788054936501;150B;Motor-/Controllerblock;20;37;–;FF-FF-FF-FF-FF-FF-FF-FF-FF-FF-FF-FF-FF-FF-FF-FF-FF-FF-FF-FF;NOTIFICATION;0;da1a1500-d532-4285-be94-b07a3e11a098;da1a150b-d532-4285-be94-b07a3e11a098;18;;
112158;1788054936710;150D;Fahrstatistik Max/Ø;20;37;–;00-DA-00-7F-FF-FF-FF-FF-47-18-FF-FF-FF-FF-FF-FF-FF-FF-00-00;NOTIFICATION;0;da1a1500-d532-4285-be94-b07a3e11a098;da1a150d-d532-4285-be94-b07a3e11a098;18;;
113203;1788054937755;1502;Akkuinformationen;16;38;–;47-18-FF-FF-FF-FF-47-18-FF-FF-FF-FF-FF-FF-00-00;NOTIFICATION;0;da1a1500-d532-4285-be94-b07a3e11a098;da1a1502-d532-4285-be94-b07a3e11a098;18;;
113670;1788054938222;1505;BikePerformance / Fahrleistung;18;38;–;00-00-00-00-FF-FF-00-01-FF-FF-FF-FF-FF-00-00-00-00-00;NOTIFICATION;0;da1a1500-d532-4285-be94-b07a3e11a098;da1a1505-d532-4285-be94-b07a3e11a098;18;;
113834;1788054938386;1506;Trip / Kilometer & Betriebszähler;16;38;7;00-00-1E-31-00-02-5C-F0-00-00-03-04-00-00-00-00;NOTIFICATION;0;da1a1500-d532-4285-be94-b07a3e11a098;da1a1506-d532-4285-be94-b07a3e11a098;18;;
114244;1788054938796;1508;Settings / Licht & Fahrstufe;17;38;–;01-00-00-01-FF-FF-FF-FF-FF-FF-FF-00-00-00-00-00-00;NOTIFICATION;0;da1a1500-d532-4285-be94-b07a3e11a098;da1a1508-d532-4285-be94-b07a3e11a098;18;;
114452;1788054939004;1509;BatteryChange / Akku-Livestand;11;38;–;00-00-FF-FF-1B-B2-20-00-00-00-00;NOTIFICATION;0;da1a1500-d532-4285-be94-b07a3e11a098;da1a1509-d532-4285-be94-b07a3e11a098;18;;
114663;1788054939215;150A;MotorUpdate / Motor-Livestand;10;38;–;00-00-FF-FF-FF-FF-FF-FF-FF-FF;NOTIFICATION;0;da1a1500-d532-4285-be94-b07a3e11a098;da1a150a-d532-4285-be94-b07a3e11a098;18;;
114873;1788054939425;150B;Motor-/Controllerblock;20;38;–;FF-FF-FF-FF-FF-FF-FF-FF-FF-FF-FF-FF-FF-FF-FF-FF-FF-FF-FF-FF;NOTIFICATION;0;da1a1500-d532-4285-be94-b07a3e11a098;da1a150b-d532-4285-be94-b07a3e11a098;18;;
115083;1788054939635;150D;Fahrstatistik Max/Ø;20;38;–;00-DA-00-7F-FF-FF-FF-FF-47-18-FF-FF-FF-FF-FF-FF-FF-FF-00-00;NOTIFICATION;0;da1a1500-d532-4285-be94-b07a3e11a098;da1a150d-d532-4285-be94-b07a3e11a098;18;;
116124;1788054940676;1502;Akkuinformationen;16;39;–;47-18-FF-FF-FF-FF-47-18-FF-FF-FF-FF-FF-FF-00-00;NOTIFICATION;0;da1a1500-d532-4285-be94-b07a3e11a098;da1a1502-d532-4285-be94-b07a3e11a098;18;;
116543;1788054941095;1505;BikePerformance / Fahrleistung;18;39;7;00-00-00-00-FF-FF-00-10-FF-FF-FF-FF-FF-00-00-00-00-00;NOTIFICATION;0;da1a1500-d532-4285-be94-b07a3e11a098;da1a1505-d532-4285-be94-b07a3e11a098;18;;
116752;1788054941304;1506;Trip / Kilometer & Betriebszähler;16;39;7;00-00-1E-31-00-02-5C-F3-00-00-03-04-00-00-00-00;NOTIFICATION;0;da1a1500-d532-4285-be94-b07a3e11a098;da1a1506-d532-4285-be94-b07a3e11a098;18;;
117195;1788054941747;1508;Settings / Licht & Fahrstufe;17;39;–;01-00-00-01-FF-FF-FF-FF-FF-FF-FF-00-00-00-00-00-00;NOTIFICATION;0;da1a1500-d532-4285-be94-b07a3e11a098;da1a1508-d532-4285-be94-b07a3e11a098;18;;
117373;1788054941925;1509;BatteryChange / Akku-Livestand;11;39;–;00-00-FF-FF-1B-B2-20-00-00-00-00;NOTIFICATION;0;da1a1500-d532-4285-be94-b07a3e11a098;da1a1509-d532-4285-be94-b07a3e11a098;18;;
117613;1788054942165;150A;MotorUpdate / Motor-Livestand;10;39;–;00-00-FF-FF-FF-FF-FF-FF-FF-FF;NOTIFICATION;0;da1a1500-d532-4285-be94-b07a3e11a098;da1a150a-d532-4285-be94-b07a3e11a098;18;;
117793;1788054942345;150B;Motor-/Controllerblock;20;39;–;FF-FF-FF-FF-FF-FF-FF-FF-FF-FF-FF-FF-FF-FF-FF-FF-FF-FF-FF-FF;NOTIFICATION;0;da1a1500-d532-4285-be94-b07a3e11a098;da1a150b-d532-4285-be94-b07a3e11a098;18;;
118004;1788054942556;150D;Fahrstatistik Max/Ø;20;39;–;00-DA-00-7F-FF-FF-FF-FF-47-18-FF-FF-FF-FF-FF-FF-FF-FF-00-00;NOTIFICATION;0;da1a1500-d532-4285-be94-b07a3e11a098;da1a150d-d532-4285-be94-b07a3e11a098;18;;
119125;1788054943677;1502;Akkuinformationen;16;40;–;47-18-FF-FF-FF-FF-47-18-FF-FF-FF-FF-FF-FF-00-00;NOTIFICATION;0;da1a1500-d532-4285-be94-b07a3e11a098;da1a1502-d532-4285-be94-b07a3e11a098;18;;
119460;1788054944012;1505;BikePerformance / Fahrleistung;18;40;7;00-00-00-00-FF-FF-00-48-FF-FF-FF-FF-FF-00-00-00-00-00;NOTIFICATION;0;da1a1500-d532-4285-be94-b07a3e11a098;da1a1505-d532-4285-be94-b07a3e11a098;18;;
119669;1788054944221;1506;Trip / Kilometer & Betriebszähler;16;40;7;00-00-1E-31-00-02-5C-F6-00-00-03-04-00-00-00-00;NOTIFICATION;0;da1a1500-d532-4285-be94-b07a3e11a098;da1a1506-d532-4285-be94-b07a3e11a098;18;;
120077;1788054944629;1508;Settings / Licht & Fahrstufe;17;40;–;01-00-00-01-FF-FF-FF-FF-FF-FF-FF-00-00-00-00-00-00;NOTIFICATION;0;da1a1500-d532-4285-be94-b07a3e11a098;da1a1508-d532-4285-be94-b07a3e11a098;18;;
120316;1788054944868;1509;BatteryChange / Akku-Livestand;11;40;5,6;00-00-FF-FF-1B-B1-58-00-00-00-00;NOTIFICATION;0;da1a1500-d532-4285-be94-b07a3e11a098;da1a1509-d532-4285-be94-b07a3e11a098;18;;
120503;1788054945055;150A;MotorUpdate / Motor-Livestand;10;40;–;00-00-FF-FF-FF-FF-FF-FF-FF-FF;NOTIFICATION;0;da1a1500-d532-4285-be94-b07a3e11a098;da1a150a-d532-4285-be94-b07a3e11a098;18;;
120715;1788054945267;150B;Motor-/Controllerblock;20;40;–;FF-FF-FF-FF-FF-FF-FF-FF-FF-FF-FF-FF-FF-FF-FF-FF-FF-FF-FF-FF;NOTIFICATION;0;da1a1500-d532-4285-be94-b07a3e11a098;da1a150b-d532-4285-be94-b07a3e11a098;18;;
120927;1788054945479;150D;Fahrstatistik Max/Ø;20;40;–;00-DA-00-7F-FF-FF-FF-FF-47-18-FF-FF-FF-FF-FF-FF-FF-FF-00-00;NOTIFICATION;0;da1a1500-d532-4285-be94-b07a3e11a098;da1a150d-d532-4285-be94-b07a3e11a098;18;;
121962;1788054946514;1502;Akkuinformationen;16;41;–;47-18-FF-FF-FF-FF-47-18-FF-FF-FF-FF-FF-FF-00-00;NOTIFICATION;0;da1a1500-d532-4285-be94-b07a3e11a098;da1a1502-d532-4285-be94-b07a3e11a098;18;;
122384;1788054946936;1505;BikePerformance / Fahrleistung;18;41;0,1,2,3,7;05-3C-05-3C-FF-FF-00-65-FF-FF-FF-FF-FF-00-00-00-00-00;NOTIFICATION;0;da1a1500-d532-4285-be94-b07a3e11a098;da1a1505-d532-4285-be94-b07a3e11a098;18;;
122592;1788054947144;1506;Trip / Kilometer & Betriebszähler;16;41;7;00-00-1E-31-00-02-5C-F9-00-00-03-04-00-00-00-00;NOTIFICATION;0;da1a1500-d532-4285-be94-b07a3e11a098;da1a1506-d532-4285-be94-b07a3e11a098;18;;
123014;1788054947566;1508;Settings / Licht & Fahrstufe;17;41;–;01-00-00-01-FF-FF-FF-FF-FF-FF-FF-00-00-00-00-00-00;NOTIFICATION;0;da1a1500-d532-4285-be94-b07a3e11a098;da1a1508-d532-4285-be94-b07a3e11a098;18;;
123215;1788054947767;1509;BatteryChange / Akku-Livestand;11;41;–;00-00-FF-FF-1B-B1-58-00-00-00-00;NOTIFICATION;0;da1a1500-d532-4285-be94-b07a3e11a098;da1a1509-d532-4285-be94-b07a3e11a098;18;;
123424;1788054947976;150A;MotorUpdate / Motor-Livestand;10;41;–;00-00-FF-FF-FF-FF-FF-FF-FF-FF;NOTIFICATION;0;da1a1500-d532-4285-be94-b07a3e11a098;da1a150a-d532-4285-be94-b07a3e11a098;18;;
123633;1788054948185;150B;Motor-/Controllerblock;20;41;–;FF-FF-FF-FF-FF-FF-FF-FF-FF-FF-FF-FF-FF-FF-FF-FF-FF-FF-FF-FF;NOTIFICATION;0;da1a1500-d532-4285-be94-b07a3e11a098;da1a150b-d532-4285-be94-b07a3e11a098;18;;
123846;1788054948398;150D;Fahrstatistik Max/Ø;20;41;–;00-DA-00-7F-FF-FF-FF-FF-47-18-FF-FF-FF-FF-FF-FF-FF-FF-00-00;NOTIFICATION;0;da1a1500-d532-4285-be94-b07a3e11a098;da1a150d-d532-4285-be94-b07a3e11a098;18;;
124886;1788054949438;1502;Akkuinformationen;16;42;–;47-18-FF-FF-FF-FF-47-18-FF-FF-FF-FF-FF-FF-00-00;NOTIFICATION;0;da1a1500-d532-4285-be94-b07a3e11a098;da1a1502-d532-4285-be94-b07a3e11a098;18;;
125305;1788054949857;1505;BikePerformance / Fahrleistung;18;42;0,1,2,3,7;03-84-03-84-FF-FF-00-56-FF-FF-FF-FF-FF-00-00-00-00-00;NOTIFICATION;0;da1a1500-d532-4285-be94-b07a3e11a098;da1a1505-d532-4285-be94-b07a3e11a098;18;;
125512;1788054950064;1506;Trip / Kilometer & Betriebszähler;16;42;7;00-00-1E-31-00-02-5C-FC-00-00-03-04-00-00-00-00;NOTIFICATION;0;da1a1500-d532-4285-be94-b07a3e11a098;da1a1506-d532-4285-be94-b07a3e11a098;18;;
125936;1788054950488;1508;Settings / Licht & Fahrstufe;17;42;–;01-00-00-01-FF-FF-FF-FF-FF-FF-FF-00-00-00-00-00-00;NOTIFICATION;0;da1a1500-d532-4285-be94-b07a3e11a098;da1a1508-d532-4285-be94-b07a3e11a098;18;;
126132;1788054950684;1509;BatteryChange / Akku-Livestand;11;42;0,1,5,6,10;07-D0-FF-FF-1B-AF-C8-00-00-00-5A;NOTIFICATION;0;da1a1500-d532-4285-be94-b07a3e11a098;da1a1509-d532-4285-be94-b07a3e11a098;18;;
126369;1788054950921;150A;MotorUpdate / Motor-Livestand;10;42;0,1;03-E8-FF-FF-FF-FF-FF-FF-FF-FF;NOTIFICATION;0;da1a1500-d532-4285-be94-b07a3e11a098;da1a150a-d532-4285-be94-b07a3e11a098;18;;
126552;1788054951104;150B;Motor-/Controllerblock;20;42;–;FF-FF-FF-FF-FF-FF-FF-FF-FF-FF-FF-FF-FF-FF-FF-FF-FF-FF-FF-FF;NOTIFICATION;0;da1a1500-d532-4285-be94-b07a3e11a098;da1a150b-d532-4285-be94-b07a3e11a098;18;;
126762;1788054951314;150D;Fahrstatistik Max/Ø;20;42;–;00-DA-00-7F-FF-FF-FF-FF-47-18-FF-FF-FF-FF-FF-FF-FF-FF-00-00;NOTIFICATION;0;da1a1500-d532-4285-be94-b07a3e11a098;da1a150d-d532-4285-be94-b07a3e11a098;18;;
127857;1788054952409;1502;Akkuinformationen;16;43;–;47-18-FF-FF-FF-FF-47-18-FF-FF-FF-FF-FF-FF-00-00;NOTIFICATION;0;da1a1500-d532-4285-be94-b07a3e11a098;da1a1502-d532-4285-be94-b07a3e11a098;18;;
128316;1788054952868;1505;BikePerformance / Fahrleistung;18;43;7;03-84-03-84-FF-FF-00-57-FF-FF-FF-FF-FF-00-00-00-00-00;NOTIFICATION;0;da1a1500-d532-4285-be94-b07a3e11a098;da1a1505-d532-4285-be94-b07a3e11a098;18;;
128431;1788054952983;1506;Trip / Kilometer & Betriebszähler;16;43;7;00-00-1E-31-00-02-5C-FF-00-00-03-04-00-00-00-00;NOTIFICATION;0;da1a1500-d532-4285-be94-b07a3e11a098;da1a1506-d532-4285-be94-b07a3e11a098;18;;
128912;1788054953464;1508;Settings / Licht & Fahrstufe;17;43;–;01-00-00-01-FF-FF-FF-FF-FF-FF-FF-00-00-00-00-00-00;NOTIFICATION;0;da1a1500-d532-4285-be94-b07a3e11a098;da1a1508-d532-4285-be94-b07a3e11a098;18;;
129052;1788054953604;1509;BatteryChange / Akku-Livestand;11;43;6,10;07-D0-FF-FF-1B-AF-64-00-00-00-59;NOTIFICATION;0;da1a1500-d532-4285-be94-b07a3e11a098;da1a1509-d532-4285-be94-b07a3e11a098;18;;
129294;1788054953846;150A;MotorUpdate / Motor-Livestand;10;43;0,1;07-D0-FF-FF-FF-FF-FF-FF-FF-FF;NOTIFICATION;0;da1a1500-d532-4285-be94-b07a3e11a098;da1a150a-d532-4285-be94-b07a3e11a098;18;;
129473;1788054954025;150B;Motor-/Controllerblock;20;43;–;FF-FF-FF-FF-FF-FF-FF-FF-FF-FF-FF-FF-FF-FF-FF-FF-FF-FF-FF-FF;NOTIFICATION;0;da1a1500-d532-4285-be94-b07a3e11a098;da1a150b-d532-4285-be94-b07a3e11a098;18;;
129711;1788054954263;150D;Fahrstatistik Max/Ø;20;43;–;00-DA-00-7F-FF-FF-FF-FF-47-18-FF-FF-FF-FF-FF-FF-FF-FF-00-00;NOTIFICATION;0;da1a1500-d532-4285-be94-b07a3e11a098;da1a150d-d532-4285-be94-b07a3e11a098;18;;
130797;1788054955349;1502;Akkuinformationen;16;44;–;47-18-FF-FF-FF-FF-47-18-FF-FF-FF-FF-FF-FF-00-00;NOTIFICATION;0;da1a1500-d532-4285-be94-b07a3e11a098;da1a1502-d532-4285-be94-b07a3e11a098;18;;
131234;1788054955786;1505;BikePerformance / Fahrleistung;18;44;7;03-84-03-84-FF-FF-00-6D-FF-FF-FF-FF-FF-00-00-00-00-00;NOTIFICATION;0;da1a1500-d532-4285-be94-b07a3e11a098;da1a1505-d532-4285-be94-b07a3e11a098;18;;
131351;1788054955903;1506;Trip / Kilometer & Betriebszähler;16;44;6,7;00-00-1E-31-00-02-5D-02-00-00-03-04-00-00-00-00;NOTIFICATION;0;da1a1500-d532-4285-be94-b07a3e11a098;da1a1506-d532-4285-be94-b07a3e11a098;18;;
131855;1788054956407;1508;Settings / Licht & Fahrstufe;17;44;–;01-00-00-01-FF-FF-FF-FF-FF-FF-FF-00-00-00-00-00-00;NOTIFICATION;0;da1a1500-d532-4285-be94-b07a3e11a098;da1a1508-d532-4285-be94-b07a3e11a098;18;;
131993;1788054956545;1509;BatteryChange / Akku-Livestand;11;44;–;07-D0-FF-FF-1B-AF-64-00-00-00-59;NOTIFICATION;0;da1a1500-d532-4285-be94-b07a3e11a098;da1a1509-d532-4285-be94-b07a3e11a098;18;;
132216;1788054956768;150A;MotorUpdate / Motor-Livestand;10;44;–;07-D0-FF-FF-FF-FF-FF-FF-FF-FF;NOTIFICATION;0;da1a1500-d532-4285-be94-b07a3e11a098;da1a150a-d532-4285-be94-b07a3e11a098;18;;
132393;1788054956945;150B;Motor-/Controllerblock;20;44;–;FF-FF-FF-FF-FF-FF-FF-FF-FF-FF-FF-FF-FF-FF-FF-FF-FF-FF-FF-FF;NOTIFICATION;0;da1a1500-d532-4285-be94-b07a3e11a098;da1a150b-d532-4285-be94-b07a3e11a098;18;;
132632;1788054957184;150D;Fahrstatistik Max/Ø;20;44;–;00-DA-00-7F-FF-FF-FF-FF-47-18-FF-FF-FF-FF-FF-FF-FF-FF-00-00;NOTIFICATION;0;da1a1500-d532-4285-be94-b07a3e11a098;da1a150d-d532-4285-be94-b07a3e11a098;18;;
133646;1788054958198;1502;Akkuinformationen;16;45;–;47-18-FF-FF-FF-FF-47-18-FF-FF-FF-FF-FF-FF-00-00;NOTIFICATION;0;da1a1500-d532-4285-be94-b07a3e11a098;da1a1502-d532-4285-be94-b07a3e11a098;18;;
134064;1788054958616;1505;BikePerformance / Fahrleistung;18;45;1,3,7;03-7A-03-7A-FF-FF-00-72-FF-FF-FF-FF-FF-00-00-00-00-00;NOTIFICATION;0;da1a1500-d532-4285-be94-b07a3e11a098;da1a1505-d532-4285-be94-b07a3e11a098;18;;
134274;1788054958826;1506;Trip / Kilometer & Betriebszähler;16;45;7;00-00-1E-31-00-02-5D-05-00-00-03-04-00-00-00-00;NOTIFICATION;0;da1a1500-d532-4285-be94-b07a3e11a098;da1a1506-d532-4285-be94-b07a3e11a098;18;;
134696;1788054959248;1508;Settings / Licht & Fahrstufe;17;45;–;01-00-00-01-FF-FF-FF-FF-FF-FF-FF-00-00-00-00-00-00;NOTIFICATION;0;da1a1500-d532-4285-be94-b07a3e11a098;da1a1508-d532-4285-be94-b07a3e11a098;18;;
134904;1788054959456;1509;BatteryChange / Akku-Livestand;11;45;6,10;07-D0-FF-FF-1B-AF-C8-00-00-00-5A;NOTIFICATION;0;da1a1500-d532-4285-be94-b07a3e11a098;da1a1509-d532-4285-be94-b07a3e11a098;18;;
135102;1788054959654;150A;MotorUpdate / Motor-Livestand;10;45;–;07-D0-FF-FF-FF-FF-FF-FF-FF-FF;NOTIFICATION;0;da1a1500-d532-4285-be94-b07a3e11a098;da1a150a-d532-4285-be94-b07a3e11a098;18;;
135313;1788054959865;150B;Motor-/Controllerblock;20;45;–;FF-FF-FF-FF-FF-FF-FF-FF-FF-FF-FF-FF-FF-FF-FF-FF-FF-FF-FF-FF;NOTIFICATION;0;da1a1500-d532-4285-be94-b07a3e11a098;da1a150b-d532-4285-be94-b07a3e11a098;18;;
135523;1788054960075;150D;Fahrstatistik Max/Ø;20;45;–;00-DA-00-7F-FF-FF-FF-FF-47-18-FF-FF-FF-FF-FF-FF-FF-FF-00-00;NOTIFICATION;0;da1a1500-d532-4285-be94-b07a3e11a098;da1a150d-d532-4285-be94-b07a3e11a098;18;;
136571;1788054961123;1502;Akkuinformationen;16;46;–;47-18-FF-FF-FF-FF-47-18-FF-FF-FF-FF-FF-FF-00-00;NOTIFICATION;0;da1a1500-d532-4285-be94-b07a3e11a098;da1a1502-d532-4285-be94-b07a3e11a098;18;;
136986;1788054961538;1505;BikePerformance / Fahrleistung;18;46;0,1,2,3;01-C2-01-C2-FF-FF-00-72-FF-FF-FF-FF-FF-00-00-00-00-00;NOTIFICATION;0;da1a1500-d532-4285-be94-b07a3e11a098;da1a1505-d532-4285-be94-b07a3e11a098;18;;
137193;1788054961745;1506;Trip / Kilometer & Betriebszähler;16;46;3,7,11;00-00-1E-32-00-02-5D-08-00-00-03-05-00-00-00-00;NOTIFICATION;0;da1a1500-d532-4285-be94-b07a3e11a098;da1a1506-d532-4285-be94-b07a3e11a098;18;;
137616;1788054962168;1508;Settings / Licht & Fahrstufe;17;46;–;01-00-00-01-FF-FF-FF-FF-FF-FF-FF-00-00-00-00-00-00;NOTIFICATION;0;da1a1500-d532-4285-be94-b07a3e11a098;da1a1508-d532-4285-be94-b07a3e11a098;18;;
137833;1788054962385;1509;BatteryChange / Akku-Livestand;11;46;–;07-D0-FF-FF-1B-AF-C8-00-00-00-5A;NOTIFICATION;0;da1a1500-d532-4285-be94-b07a3e11a098;da1a1509-d532-4285-be94-b07a3e11a098;18;;
138030;1788054962582;150A;MotorUpdate / Motor-Livestand;10;46;–;07-D0-FF-FF-FF-FF-FF-FF-FF-FF;NOTIFICATION;0;da1a1500-d532-4285-be94-b07a3e11a098;da1a150a-d532-4285-be94-b07a3e11a098;18;;
138230;1788054962782;150B;Motor-/Controllerblock;20;46;–;FF-FF-FF-FF-FF-FF-FF-FF-FF-FF-FF-FF-FF-FF-FF-FF-FF-FF-FF-FF;NOTIFICATION;0;da1a1500-d532-4285-be94-b07a3e11a098;da1a150b-d532-4285-be94-b07a3e11a098;18;;
138443;1788054962995;150D;Fahrstatistik Max/Ø;20;46;3;00-DA-00-7A-FF-FF-FF-FF-47-18-FF-FF-FF-FF-FF-FF-FF-FF-00-00;NOTIFICATION;0;da1a1500-d532-4285-be94-b07a3e11a098;da1a150d-d532-4285-be94-b07a3e11a098;18;;
139498;1788054964050;1502;Akkuinformationen;16;47;–;47-18-FF-FF-FF-FF-47-18-FF-FF-FF-FF-FF-FF-00-00;NOTIFICATION;0;da1a1500-d532-4285-be94-b07a3e11a098;da1a1502-d532-4285-be94-b07a3e11a098;18;;
139905;1788054964457;1505;BikePerformance / Fahrleistung;18;47;0,1,2,3,7;03-7A-03-7A-FF-FF-00-6D-FF-FF-FF-FF-FF-00-00-00-00-00;NOTIFICATION;0;da1a1500-d532-4285-be94-b07a3e11a098;da1a1505-d532-4285-be94-b07a3e11a098;18;;
140146;1788054964698;1506;Trip / Kilometer & Betriebszähler;16;47;7;00-00-1E-32-00-02-5D-0B-00-00-03-05-00-00-00-00;NOTIFICATION;0;da1a1500-d532-4285-be94-b07a3e11a098;da1a1506-d532-4285-be94-b07a3e11a098;18;;
140533;1788054965085;1508;Settings / Licht & Fahrstufe;17;47;–;01-00-00-01-FF-FF-FF-FF-FF-FF-FF-00-00-00-00-00-00;NOTIFICATION;0;da1a1500-d532-4285-be94-b07a3e11a098;da1a1508-d532-4285-be94-b07a3e11a098;18;;
140742;1788054965294;1509;BatteryChange / Akku-Livestand;11;47;0,1,5,6,10;0F-A0-FF-FF-1B-AE-38-00-00-00-B2;NOTIFICATION;0;da1a1500-d532-4285-be94-b07a3e11a098;da1a1509-d532-4285-be94-b07a3e11a098;18;;
140953;1788054965505;150A;MotorUpdate / Motor-Livestand;10;47;0,1;0F-A0-FF-FF-FF-FF-FF-FF-FF-FF;NOTIFICATION;0;da1a1500-d532-4285-be94-b07a3e11a098;da1a150a-d532-4285-be94-b07a3e11a098;18;;
141164;1788054965716;150B;Motor-/Controllerblock;20;47;–;FF-FF-FF-FF-FF-FF-FF-FF-FF-FF-FF-FF-FF-FF-FF-FF-FF-FF-FF-FF;NOTIFICATION;0;da1a1500-d532-4285-be94-b07a3e11a098;da1a150b-d532-4285-be94-b07a3e11a098;18;;
141364;1788054965916;150D;Fahrstatistik Max/Ø;20;47;–;00-DA-00-7A-FF-FF-FF-FF-47-18-FF-FF-FF-FF-FF-FF-FF-FF-00-00;NOTIFICATION;0;da1a1500-d532-4285-be94-b07a3e11a098;da1a150d-d532-4285-be94-b07a3e11a098;18;;
142495;1788054967047;1502;Akkuinformationen;16;48;–;47-18-FF-FF-FF-FF-47-18-FF-FF-FF-FF-FF-FF-00-00;NOTIFICATION;0;da1a1500-d532-4285-be94-b07a3e11a098;da1a1502-d532-4285-be94-b07a3e11a098;18;;
142907;1788054967459;1505;BikePerformance / Fahrleistung;18;48;7;03-7A-03-7A-FF-FF-00-7A-FF-FF-FF-FF-FF-00-00-00-00-00;NOTIFICATION;0;da1a1500-d532-4285-be94-b07a3e11a098;da1a1505-d532-4285-be94-b07a3e11a098;18;;
143031;1788054967583;1506;Trip / Kilometer & Betriebszähler;16;48;7;00-00-1E-32-00-02-5D-0E-00-00-03-05-00-00-00-00;NOTIFICATION;0;da1a1500-d532-4285-be94-b07a3e11a098;da1a1506-d532-4285-be94-b07a3e11a098;18;;
143538;1788054968090;1508;Settings / Licht & Fahrstufe;17;48;–;01-00-00-01-FF-FF-FF-FF-FF-FF-FF-00-00-00-00-00-00;NOTIFICATION;0;da1a1500-d532-4285-be94-b07a3e11a098;da1a1508-d532-4285-be94-b07a3e11a098;18;;
143662;1788054968214;1509;BatteryChange / Akku-Livestand;11;48;0,1,5,6,10;07-D0-FF-FF-1B-AF-00-00-00-00-59;NOTIFICATION;0;da1a1500-d532-4285-be94-b07a3e11a098;da1a1509-d532-4285-be94-b07a3e11a098;18;;
143871;1788054968423;150A;MotorUpdate / Motor-Livestand;10;48;0,1;07-D0-FF-FF-FF-FF-FF-FF-FF-FF;NOTIFICATION;0;da1a1500-d532-4285-be94-b07a3e11a098;da1a150a-d532-4285-be94-b07a3e11a098;18;;
144082;1788054968634;150B;Motor-/Controllerblock;20;48;–;FF-FF-FF-FF-FF-FF-FF-FF-FF-FF-FF-FF-FF-FF-FF-FF-FF-FF-FF-FF;NOTIFICATION;0;da1a1500-d532-4285-be94-b07a3e11a098;da1a150b-d532-4285-be94-b07a3e11a098;18;;
144295;1788054968847;150D;Fahrstatistik Max/Ø;20;48;–;00-DA-00-7A-FF-FF-FF-FF-47-18-FF-FF-FF-FF-FF-FF-FF-FF-00-00;NOTIFICATION;0;da1a1500-d532-4285-be94-b07a3e11a098;da1a150d-d532-4285-be94-b07a3e11a098;18;;
145425;1788054969977;1502;Akkuinformationen;16;49;–;47-18-FF-FF-FF-FF-47-18-FF-FF-FF-FF-FF-FF-00-00;NOTIFICATION;0;da1a1500-d532-4285-be94-b07a3e11a098;da1a1502-d532-4285-be94-b07a3e11a098;18;;
145809;1788054970361;1505;BikePerformance / Fahrleistung;18;49;0,1,2,3,7;01-C2-01-C2-FF-FF-00-7D-FF-FF-FF-FF-FF-00-00-00-00-00;NOTIFICATION;0;da1a1500-d532-4285-be94-b07a3e11a098;da1a1505-d532-4285-be94-b07a3e11a098;18;;
145951;1788054970503;1506;Trip / Kilometer & Betriebszähler;16;49;7;00-00-1E-32-00-02-5D-11-00-00-03-05-00-00-00-00;NOTIFICATION;0;da1a1500-d532-4285-be94-b07a3e11a098;da1a1506-d532-4285-be94-b07a3e11a098;18;;
146426;1788054970978;1508;Settings / Licht & Fahrstufe;17;49;–;01-00-00-01-FF-FF-FF-FF-FF-FF-FF-00-00-00-00-00-00;NOTIFICATION;0;da1a1500-d532-4285-be94-b07a3e11a098;da1a1508-d532-4285-be94-b07a3e11a098;18;;
146583;1788054971135;1509;BatteryChange / Akku-Livestand;11;49;0,1,6,10;03-E8-FF-FF-1B-AF-C8-00-00-00-2D;NOTIFICATION;0;da1a1500-d532-4285-be94-b07a3e11a098;da1a1509-d532-4285-be94-b07a3e11a098;18;;
146823;1788054971375;150A;MotorUpdate / Motor-Livestand;10;49;0,1;03-E8-FF-FF-FF-FF-FF-FF-FF-FF;NOTIFICATION;0;da1a1500-d532-4285-be94-b07a3e11a098;da1a150a-d532-4285-be94-b07a3e11a098;18;;
147003;1788054971555;150B;Motor-/Controllerblock;20;49;–;FF-FF-FF-FF-FF-FF-FF-FF-FF-FF-FF-FF-FF-FF-FF-FF-FF-FF-FF-FF;NOTIFICATION;0;da1a1500-d532-4285-be94-b07a3e11a098;da1a150b-d532-4285-be94-b07a3e11a098;18;;
147247;1788054971799;150D;Fahrstatistik Max/Ø;20;49;–;00-DA-00-7A-FF-FF-FF-FF-47-18-FF-FF-FF-FF-FF-FF-FF-FF-00-00;NOTIFICATION;0;da1a1500-d532-4285-be94-b07a3e11a098;da1a150d-d532-4285-be94-b07a3e11a098;18;;
148336;1788054972888;1502;Akkuinformationen;16;50;–;47-18-FF-FF-FF-FF-47-18-FF-FF-FF-FF-FF-FF-00-00;NOTIFICATION;0;da1a1500-d532-4285-be94-b07a3e11a098;da1a1502-d532-4285-be94-b07a3e11a098;18;;
148729;1788054973281;1505;BikePerformance / Fahrleistung;18;50;0,1,2,3,7;03-7A-03-7A-FF-FF-00-79-FF-FF-FF-FF-FF-00-00-00-00-00;NOTIFICATION;0;da1a1500-d532-4285-be94-b07a3e11a098;da1a1505-d532-4285-be94-b07a3e11a098;18;;
148873;1788054973425;1506;Trip / Kilometer & Betriebszähler;16;50;7;00-00-1E-32-00-02-5D-13-00-00-03-05-00-00-00-00;NOTIFICATION;0;da1a1500-d532-4285-be94-b07a3e11a098;da1a1506-d532-4285-be94-b07a3e11a098;18;;
149346;1788054973898;1508;Settings / Licht & Fahrstufe;17;50;–;01-00-00-01-FF-FF-FF-FF-FF-FF-FF-00-00-00-00-00-00;NOTIFICATION;0;da1a1500-d532-4285-be94-b07a3e11a098;da1a1508-d532-4285-be94-b07a3e11a098;18;;
149502;1788054974054;1509;BatteryChange / Akku-Livestand;11;50;0,1,5,6,10;00-00-FF-FF-1B-B0-F4-00-00-00-00;NOTIFICATION;0;da1a1500-d532-4285-be94-b07a3e11a098;da1a1509-d532-4285-be94-b07a3e11a098;18;;
149742;1788054974294;150A;MotorUpdate / Motor-Livestand;10;50;0,1;00-00-FF-FF-FF-FF-FF-FF-FF-FF;NOTIFICATION;0;da1a1500-d532-4285-be94-b07a3e11a098;da1a150a-d532-4285-be94-b07a3e11a098;18;;
149923;1788054974475;150B;Motor-/Controllerblock;20;50;–;FF-FF-FF-FF-FF-FF-FF-FF-FF-FF-FF-FF-FF-FF-FF-FF-FF-FF-FF-FF;NOTIFICATION;0;da1a1500-d532-4285-be94-b07a3e11a098;da1a150b-d532-4285-be94-b07a3e11a098;18;;
150165;1788054974717;150D;Fahrstatistik Max/Ø;20;50;–;00-DA-00-7A-FF-FF-FF-FF-47-18-FF-FF-FF-FF-FF-FF-FF-FF-00-00;NOTIFICATION;0;da1a1500-d532-4285-be94-b07a3e11a098;da1a150d-d532-4285-be94-b07a3e11a098;18;;
151255;1788054975807;1502;Akkuinformationen;16;51;–;47-18-FF-FF-FF-FF-47-18-FF-FF-FF-FF-FF-FF-00-00;NOTIFICATION;0;da1a1500-d532-4285-be94-b07a3e11a098;da1a1502-d532-4285-be94-b07a3e11a098;18;;
151682;1788054976234;1505;BikePerformance / Fahrleistung;18;51;0,1,2,3,7;06-F4-06-F4-FF-FF-00-7B-FF-FF-FF-FF-FF-00-00-00-00-00;NOTIFICATION;0;da1a1500-d532-4285-be94-b07a3e11a098;da1a1505-d532-4285-be94-b07a3e11a098;18;;
151790;1788054976342;1506;Trip / Kilometer & Betriebszähler;16;51;7;00-00-1E-32-00-02-5D-16-00-00-03-05-00-00-00-00;NOTIFICATION;0;da1a1500-d532-4285-be94-b07a3e11a098;da1a1506-d532-4285-be94-b07a3e11a098;18;;
152214;1788054976766;1508;Settings / Licht & Fahrstufe;17;51;–;01-00-00-01-FF-FF-FF-FF-FF-FF-FF-00-00-00-00-00-00;NOTIFICATION;0;da1a1500-d532-4285-be94-b07a3e11a098;da1a1508-d532-4285-be94-b07a3e11a098;18;;
152423;1788054976975;1509;BatteryChange / Akku-Livestand;11;51;0,1,5,6,10;0B-B8-FF-FF-1B-AE-9C-00-00-00-86;NOTIFICATION;0;da1a1500-d532-4285-be94-b07a3e11a098;da1a1509-d532-4285-be94-b07a3e11a098;18;;
152633;1788054977185;150A;MotorUpdate / Motor-Livestand;10;51;0,1;0B-B8-FF-FF-FF-FF-FF-FF-FF-FF;NOTIFICATION;0;da1a1500-d532-4285-be94-b07a3e11a098;da1a150a-d532-4285-be94-b07a3e11a098;18;;
152841;1788054977393;150B;Motor-/Controllerblock;20;51;–;FF-FF-FF-FF-FF-FF-FF-FF-FF-FF-FF-FF-FF-FF-FF-FF-FF-FF-FF-FF;NOTIFICATION;0;da1a1500-d532-4285-be94-b07a3e11a098;da1a150b-d532-4285-be94-b07a3e11a098;18;;
153053;1788054977605;150D;Fahrstatistik Max/Ø;20;51;–;00-DA-00-7A-FF-FF-FF-FF-47-18-FF-FF-FF-FF-FF-FF-FF-FF-00-00;NOTIFICATION;0;da1a1500-d532-4285-be94-b07a3e11a098;da1a150d-d532-4285-be94-b07a3e11a098;18;;
154180;1788054978732;1502;Akkuinformationen;16;52;–;47-18-FF-FF-FF-FF-47-18-FF-FF-FF-FF-FF-FF-00-00;NOTIFICATION;0;da1a1500-d532-4285-be94-b07a3e11a098;da1a1502-d532-4285-be94-b07a3e11a098;18;;
154569;1788054979121;1505;BikePerformance / Fahrleistung;18;52;0,1,2,3,7;05-3C-05-3C-FF-FF-00-89-FF-FF-FF-FF-FF-00-00-00-00-00;NOTIFICATION;0;da1a1500-d532-4285-be94-b07a3e11a098;da1a1505-d532-4285-be94-b07a3e11a098;18;;
154732;1788054979284;1506;Trip / Kilometer & Betriebszähler;16;52;7;00-00-1E-32-00-02-5D-19-00-00-03-05-00-00-00-00;NOTIFICATION;0;da1a1500-d532-4285-be94-b07a3e11a098;da1a1506-d532-4285-be94-b07a3e11a098;18;;
155131;1788054979683;1508;Settings / Licht & Fahrstufe;17;52;–;01-00-00-01-FF-FF-FF-FF-FF-FF-FF-00-00-00-00-00-00;NOTIFICATION;0;da1a1500-d532-4285-be94-b07a3e11a098;da1a1508-d532-4285-be94-b07a3e11a098;18;;
155343;1788054979895;1509;BatteryChange / Akku-Livestand;11;52;0,1,5,6,10;00-00-FF-FF-1B-B0-F4-00-00-00-00;NOTIFICATION;0;da1a1500-d532-4285-be94-b07a3e11a098;da1a1509-d532-4285-be94-b07a3e11a098;18;;
155554;1788054980106;150A;MotorUpdate / Motor-Livestand;10;52;0,1;00-00-FF-FF-FF-FF-FF-FF-FF-FF;NOTIFICATION;0;da1a1500-d532-4285-be94-b07a3e11a098;da1a150a-d532-4285-be94-b07a3e11a098;18;;
155805;1788054980357;150B;Motor-/Controllerblock;20;52;–;FF-FF-FF-FF-FF-FF-FF-FF-FF-FF-FF-FF-FF-FF-FF-FF-FF-FF-FF-FF;NOTIFICATION;0;da1a1500-d532-4285-be94-b07a3e11a098;da1a150b-d532-4285-be94-b07a3e11a098;18;;
155974;1788054980526;150D;Fahrstatistik Max/Ø;20;52;–;00-DA-00-7A-FF-FF-FF-FF-47-18-FF-FF-FF-FF-FF-FF-FF-FF-00-00;NOTIFICATION;0;da1a1500-d532-4285-be94-b07a3e11a098;da1a150d-d532-4285-be94-b07a3e11a098;18;;
157067;1788054981619;1502;Akkuinformationen;16;53;–;47-18-FF-FF-FF-FF-47-18-FF-FF-FF-FF-FF-FF-00-00;NOTIFICATION;0;da1a1500-d532-4285-be94-b07a3e11a098;da1a1502-d532-4285-be94-b07a3e11a098;18;;
157485;1788054982037;1505;BikePerformance / Fahrleistung;18;53;0,1,2,3,7;00-00-00-00-FF-FF-00-6C-FF-FF-FF-FF-FF-00-00-00-00-00;NOTIFICATION;0;da1a1500-d532-4285-be94-b07a3e11a098;da1a1505-d532-4285-be94-b07a3e11a098;18;;
157642;1788054982194;1506;Trip / Kilometer & Betriebszähler;16;53;7;00-00-1E-32-00-02-5D-1C-00-00-03-05-00-00-00-00;NOTIFICATION;0;da1a1500-d532-4285-be94-b07a3e11a098;da1a1506-d532-4285-be94-b07a3e11a098;18;;
158125;1788054982677;1508;Settings / Licht & Fahrstufe;17;53;–;01-00-00-01-FF-FF-FF-FF-FF-FF-FF-00-00-00-00-00-00;NOTIFICATION;0;da1a1500-d532-4285-be94-b07a3e11a098;da1a1508-d532-4285-be94-b07a3e11a098;18;;
158263;1788054982815;1509;BatteryChange / Akku-Livestand;11;53;0,1,5,6,10;03-E8-FF-FF-1B-AF-C8-00-00-00-2D;NOTIFICATION;0;da1a1500-d532-4285-be94-b07a3e11a098;da1a1509-d532-4285-be94-b07a3e11a098;18;;
158510;1788054983062;150A;MotorUpdate / Motor-Livestand;10;53;0,1;07-D0-FF-FF-FF-FF-FF-FF-FF-FF;NOTIFICATION;0;da1a1500-d532-4285-be94-b07a3e11a098;da1a150a-d532-4285-be94-b07a3e11a098;18;;
158683;1788054983235;150B;Motor-/Controllerblock;20;53;–;FF-FF-FF-FF-FF-FF-FF-FF-FF-FF-FF-FF-FF-FF-FF-FF-FF-FF-FF-FF;NOTIFICATION;0;da1a1500-d532-4285-be94-b07a3e11a098;da1a150b-d532-4285-be94-b07a3e11a098;18;;
158934;1788054983486;150D;Fahrstatistik Max/Ø;20;53;–;00-DA-00-7A-FF-FF-FF-FF-47-18-FF-FF-FF-FF-FF-FF-FF-FF-00-00;NOTIFICATION;0;da1a1500-d532-4285-be94-b07a3e11a098;da1a150d-d532-4285-be94-b07a3e11a098;18;;
160008;1788054984560;1502;Akkuinformationen;16;54;–;47-18-FF-FF-FF-FF-47-18-FF-FF-FF-FF-FF-FF-00-00;NOTIFICATION;0;da1a1500-d532-4285-be94-b07a3e11a098;da1a1502-d532-4285-be94-b07a3e11a098;18;;
160404;1788054984956;1505;BikePerformance / Fahrleistung;18;54;0,1,2,3,7;03-7A-03-7A-FF-FF-00-78-FF-FF-FF-FF-FF-00-00-00-00-00;NOTIFICATION;0;da1a1500-d532-4285-be94-b07a3e11a098;da1a1505-d532-4285-be94-b07a3e11a098;18;;
160563;1788054985115;1506;Trip / Kilometer & Betriebszähler;16;54;7;00-00-1E-32-00-02-5D-1F-00-00-03-05-00-00-00-00;NOTIFICATION;0;da1a1500-d532-4285-be94-b07a3e11a098;da1a1506-d532-4285-be94-b07a3e11a098;18;;
161025;1788054985577;1508;Settings / Licht & Fahrstufe;17;54;–;01-00-00-01-FF-FF-FF-FF-FF-FF-FF-00-00-00-00-00-00;NOTIFICATION;0;da1a1500-d532-4285-be94-b07a3e11a098;da1a1508-d532-4285-be94-b07a3e11a098;18;;
161186;1788054985738;1509;BatteryChange / Akku-Livestand;11;54;0,1,6,10;07-D0-FF-FF-1B-AF-64-00-00-00-59;NOTIFICATION;0;da1a1500-d532-4285-be94-b07a3e11a098;da1a1509-d532-4285-be94-b07a3e11a098;18;;
161431;1788054985983;150A;MotorUpdate / Motor-Livestand;10;54;–;07-D0-FF-FF-FF-FF-FF-FF-FF-FF;NOTIFICATION;0;da1a1500-d532-4285-be94-b07a3e11a098;da1a150a-d532-4285-be94-b07a3e11a098;18;;
161605;1788054986157;150B;Motor-/Controllerblock;20;54;–;FF-FF-FF-FF-FF-FF-FF-FF-FF-FF-FF-FF-FF-FF-FF-FF-FF-FF-FF-FF;NOTIFICATION;0;da1a1500-d532-4285-be94-b07a3e11a098;da1a150b-d532-4285-be94-b07a3e11a098;18;;
161845;1788054986397;150D;Fahrstatistik Max/Ø;20;54;–;00-DA-00-7A-FF-FF-FF-FF-47-18-FF-FF-FF-FF-FF-FF-FF-FF-00-00;NOTIFICATION;0;da1a1500-d532-4285-be94-b07a3e11a098;da1a150d-d532-4285-be94-b07a3e11a098;18;;
162849;1788054987401;1502;Akkuinformationen;16;55;–;47-18-FF-FF-FF-FF-47-18-FF-FF-FF-FF-FF-FF-00-00;NOTIFICATION;0;da1a1500-d532-4285-be94-b07a3e11a098;da1a1502-d532-4285-be94-b07a3e11a098;18;;
163272;1788054987824;1505;BikePerformance / Fahrleistung;18;55;0,1,2,3,7;00-00-00-00-FF-FF-00-72-FF-FF-FF-FF-FF-00-00-00-00-00;NOTIFICATION;0;da1a1500-d532-4285-be94-b07a3e11a098;da1a1505-d532-4285-be94-b07a3e11a098;18;;
163482;1788054988034;1506;Trip / Kilometer & Betriebszähler;16;55;7;00-00-1E-32-00-02-5D-22-00-00-03-05-00-00-00-00;NOTIFICATION;0;da1a1500-d532-4285-be94-b07a3e11a098;da1a1506-d532-4285-be94-b07a3e11a098;18;;
163892;1788054988444;1508;Settings / Licht & Fahrstufe;17;55;–;01-00-00-01-FF-FF-FF-FF-FF-FF-FF-00-00-00-00-00-00;NOTIFICATION;0;da1a1500-d532-4285-be94-b07a3e11a098;da1a1508-d532-4285-be94-b07a3e11a098;18;;
164099;1788054988651;1509;BatteryChange / Akku-Livestand;11;55;0,1,5,6,10;00-00-FF-FF-1B-B0-F4-00-00-00-00;NOTIFICATION;0;da1a1500-d532-4285-be94-b07a3e11a098;da1a1509-d532-4285-be94-b07a3e11a098;18;;
164308;1788054988860;150A;MotorUpdate / Motor-Livestand;10;55;0,1;00-00-FF-FF-FF-FF-FF-FF-FF-FF;NOTIFICATION;0;da1a1500-d532-4285-be94-b07a3e11a098;da1a150a-d532-4285-be94-b07a3e11a098;18;;
164519;1788054989071;150B;Motor-/Controllerblock;20;55;–;FF-FF-FF-FF-FF-FF-FF-FF-FF-FF-FF-FF-FF-FF-FF-FF-FF-FF-FF-FF;NOTIFICATION;0;da1a1500-d532-4285-be94-b07a3e11a098;da1a150b-d532-4285-be94-b07a3e11a098;18;;
164728;1788054989280;150D;Fahrstatistik Max/Ø;20;55;–;00-DA-00-7A-FF-FF-FF-FF-47-18-FF-FF-FF-FF-FF-FF-FF-FF-00-00;NOTIFICATION;0;da1a1500-d532-4285-be94-b07a3e11a098;da1a150d-d532-4285-be94-b07a3e11a098;18;;
165772;1788054990324;1502;Akkuinformationen;16;56;–;47-18-FF-FF-FF-FF-47-18-FF-FF-FF-FF-FF-FF-00-00;NOTIFICATION;0;da1a1500-d532-4285-be94-b07a3e11a098;da1a1502-d532-4285-be94-b07a3e11a098;18;;
166189;1788054990741;1505;BikePerformance / Fahrleistung;18;56;7;00-00-00-00-FF-FF-00-54-FF-FF-FF-FF-FF-00-00-00-00-00;NOTIFICATION;0;da1a1500-d532-4285-be94-b07a3e11a098;da1a1505-d532-4285-be94-b07a3e11a098;18;;
166404;1788054990956;1506;Trip / Kilometer & Betriebszähler;16;56;7;00-00-1E-32-00-02-5D-25-00-00-03-05-00-00-00-00;NOTIFICATION;0;da1a1500-d532-4285-be94-b07a3e11a098;da1a1506-d532-4285-be94-b07a3e11a098;18;;
166811;1788054991363;1508;Settings / Licht & Fahrstufe;17;56;–;01-00-00-01-FF-FF-FF-FF-FF-FF-FF-00-00-00-00-00-00;NOTIFICATION;0;da1a1500-d532-4285-be94-b07a3e11a098;da1a1508-d532-4285-be94-b07a3e11a098;18;;
167023;1788054991575;1509;BatteryChange / Akku-Livestand;11;56;0,1,5,6,9,10;17-70-FF-FF-1B-AC-A8-00-00-01-09;NOTIFICATION;0;da1a1500-d532-4285-be94-b07a3e11a098;da1a1509-d532-4285-be94-b07a3e11a098;18;;
167234;1788054991786;150A;MotorUpdate / Motor-Livestand;10;56;0,1;1B-58-FF-FF-FF-FF-FF-FF-FF-FF;NOTIFICATION;0;da1a1500-d532-4285-be94-b07a3e11a098;da1a150a-d532-4285-be94-b07a3e11a098;18;;
167444;1788054991996;150B;Motor-/Controllerblock;20;56;–;FF-FF-FF-FF-FF-FF-FF-FF-FF-FF-FF-FF-FF-FF-FF-FF-FF-FF-FF-FF;NOTIFICATION;0;da1a1500-d532-4285-be94-b07a3e11a098;da1a150b-d532-4285-be94-b07a3e11a098;18;;
167651;1788054992203;150D;Fahrstatistik Max/Ø;20;56;–;00-DA-00-7A-FF-FF-FF-FF-47-18-FF-FF-FF-FF-FF-FF-FF-FF-00-00;NOTIFICATION;0;da1a1500-d532-4285-be94-b07a3e11a098;da1a150d-d532-4285-be94-b07a3e11a098;18;;
168749;1788054993301;1502;Akkuinformationen;16;57;–;47-18-FF-FF-FF-FF-47-18-FF-FF-FF-FF-FF-FF-00-00;NOTIFICATION;0;da1a1500-d532-4285-be94-b07a3e11a098;da1a1502-d532-4285-be94-b07a3e11a098;18;;
169112;1788054993664;1505;BikePerformance / Fahrleistung;18;57;0,1,2,3,7;08-AC-08-AC-FF-FF-00-8A-FF-FF-FF-FF-FF-00-00-00-00-00;NOTIFICATION;0;da1a1500-d532-4285-be94-b07a3e11a098;da1a1505-d532-4285-be94-b07a3e11a098;18;;
169322;1788054993874;1506;Trip / Kilometer & Betriebszähler;16;57;3,7;00-00-1E-33-00-02-5D-28-00-00-03-05-00-00-00-00;NOTIFICATION;0;da1a1500-d532-4285-be94-b07a3e11a098;da1a1506-d532-4285-be94-b07a3e11a098;18;;
169741;1788054994293;1508;Settings / Licht & Fahrstufe;17;57;–;01-00-00-01-FF-FF-FF-FF-FF-FF-FF-00-00-00-00-00-00;NOTIFICATION;0;da1a1500-d532-4285-be94-b07a3e11a098;da1a1508-d532-4285-be94-b07a3e11a098;18;;
170008;1788054994560;1509;BatteryChange / Akku-Livestand;11;57;0,1,5,6,9,10;0B-B8-FF-FF-1B-AF-00-00-00-00-86;NOTIFICATION;0;da1a1500-d532-4285-be94-b07a3e11a098;da1a1509-d532-4285-be94-b07a3e11a098;18;;
170151;1788054994703;150A;MotorUpdate / Motor-Livestand;10;57;0,1;0B-B8-FF-FF-FF-FF-FF-FF-FF-FF;NOTIFICATION;0;da1a1500-d532-4285-be94-b07a3e11a098;da1a150a-d532-4285-be94-b07a3e11a098;18;;
170398;1788054994950;150B;Motor-/Controllerblock;20;57;–;FF-FF-FF-FF-FF-FF-FF-FF-FF-FF-FF-FF-FF-FF-FF-FF-FF-FF-FF-FF;NOTIFICATION;0;da1a1500-d532-4285-be94-b07a3e11a098;da1a150b-d532-4285-be94-b07a3e11a098;18;;
170573;1788054995125;150D;Fahrstatistik Max/Ø;20;57;–;00-DA-00-7A-FF-FF-FF-FF-47-18-FF-FF-FF-FF-FF-FF-FF-FF-00-00;NOTIFICATION;0;da1a1500-d532-4285-be94-b07a3e11a098;da1a150d-d532-4285-be94-b07a3e11a098;18;;
171614;1788054996166;1502;Akkuinformationen;16;58;–;47-18-FF-FF-FF-FF-47-18-FF-FF-FF-FF-FF-FF-00-00;NOTIFICATION;0;da1a1500-d532-4285-be94-b07a3e11a098;da1a1502-d532-4285-be94-b07a3e11a098;18;;
172087;1788054996639;1505;BikePerformance / Fahrleistung;18;58;0,1,2,3,7;00-00-00-00-FF-FF-00-91-FF-FF-FF-FF-FF-00-00-00-00-00;NOTIFICATION;0;da1a1500-d532-4285-be94-b07a3e11a098;da1a1505-d532-4285-be94-b07a3e11a098;18;;
172242;1788054996794;1506;Trip / Kilometer & Betriebszähler;16;58;7;00-00-1E-33-00-02-5D-2B-00-00-03-05-00-00-00-00;NOTIFICATION;0;da1a1500-d532-4285-be94-b07a3e11a098;da1a1506-d532-4285-be94-b07a3e11a098;18;;
172720;1788054997272;1508;Settings / Licht & Fahrstufe;17;58;–;01-00-00-01-FF-FF-FF-FF-FF-FF-FF-00-00-00-00-00-00;NOTIFICATION;0;da1a1500-d532-4285-be94-b07a3e11a098;da1a1508-d532-4285-be94-b07a3e11a098;18;;
172864;1788054997416;1509;BatteryChange / Akku-Livestand;11;58;0,1,5,6,10;00-00-FF-FF-1B-B0-F4-00-00-00-00;NOTIFICATION;0;da1a1500-d532-4285-be94-b07a3e11a098;da1a1509-d532-4285-be94-b07a3e11a098;18;;
173106;1788054997658;150A;MotorUpdate / Motor-Livestand;10;58;0,1;00-00-FF-FF-FF-FF-FF-FF-FF-FF;NOTIFICATION;0;da1a1500-d532-4285-be94-b07a3e11a098;da1a150a-d532-4285-be94-b07a3e11a098;18;;
173282;1788054997834;150B;Motor-/Controllerblock;20;58;–;FF-FF-FF-FF-FF-FF-FF-FF-FF-FF-FF-FF-FF-FF-FF-FF-FF-FF-FF-FF;NOTIFICATION;0;da1a1500-d532-4285-be94-b07a3e11a098;da1a150b-d532-4285-be94-b07a3e11a098;18;;
173529;1788054998081;150D;Fahrstatistik Max/Ø;20;58;–;00-DA-00-7A-FF-FF-FF-FF-47-18-FF-FF-FF-FF-FF-FF-FF-FF-00-00;NOTIFICATION;0;da1a1500-d532-4285-be94-b07a3e11a098;da1a150d-d532-4285-be94-b07a3e11a098;18;;
174588;1788054999140;1502;Akkuinformationen;16;59;–;47-18-FF-FF-FF-FF-47-18-FF-FF-FF-FF-FF-FF-00-00;NOTIFICATION;0;da1a1500-d532-4285-be94-b07a3e11a098;da1a1502-d532-4285-be94-b07a3e11a098;18;;
175004;1788054999556;1505;BikePerformance / Fahrleistung;18;59;7;00-00-00-00-FF-FF-00-7C-FF-FF-FF-FF-FF-00-00-00-00-00;NOTIFICATION;0;da1a1500-d532-4285-be94-b07a3e11a098;da1a1505-d532-4285-be94-b07a3e11a098;18;;
175166;1788054999718;1506;Trip / Kilometer & Betriebszähler;16;59;7;00-00-1E-33-00-02-5D-2E-00-00-03-05-00-00-00-00;NOTIFICATION;0;da1a1500-d532-4285-be94-b07a3e11a098;da1a1506-d532-4285-be94-b07a3e11a098;18;;
175652;1788055000204;1508;Settings / Licht & Fahrstufe;17;59;–;01-00-00-01-FF-FF-FF-FF-FF-FF-FF-00-00-00-00-00-00;NOTIFICATION;0;da1a1500-d532-4285-be94-b07a3e11a098;da1a1508-d532-4285-be94-b07a3e11a098;18;;
175783;1788055000335;1509;BatteryChange / Akku-Livestand;11;59;–;00-00-FF-FF-1B-B0-F4-00-00-00-00;NOTIFICATION;0;da1a1500-d532-4285-be94-b07a3e11a098;da1a1509-d532-4285-be94-b07a3e11a098;18;;
175992;1788055000544;150A;MotorUpdate / Motor-Livestand;10;59;–;00-00-FF-FF-FF-FF-FF-FF-FF-FF;NOTIFICATION;0;da1a1500-d532-4285-be94-b07a3e11a098;da1a150a-d532-4285-be94-b07a3e11a098;18;;
176198;1788055000750;150B;Motor-/Controllerblock;20;59;–;FF-FF-FF-FF-FF-FF-FF-FF-FF-FF-FF-FF-FF-FF-FF-FF-FF-FF-FF-FF;NOTIFICATION;0;da1a1500-d532-4285-be94-b07a3e11a098;da1a150b-d532-4285-be94-b07a3e11a098;18;;
176407;1788055000959;150D;Fahrstatistik Max/Ø;20;59;–;00-DA-00-7A-FF-FF-FF-FF-47-18-FF-FF-FF-FF-FF-FF-FF-FF-00-00;NOTIFICATION;0;da1a1500-d532-4285-be94-b07a3e11a098;da1a150d-d532-4285-be94-b07a3e11a098;18;;
177457;1788055002009;1502;Akkuinformationen;16;60;–;47-18-FF-FF-FF-FF-47-18-FF-FF-FF-FF-FF-FF-00-00;NOTIFICATION;0;da1a1500-d532-4285-be94-b07a3e11a098;da1a1502-d532-4285-be94-b07a3e11a098;18;;
177874;1788055002426;1505;BikePerformance / Fahrleistung;18;60;0,1,2,3,7;05-32-05-32-FF-FF-00-76-FF-FF-FF-FF-FF-00-00-00-00-00;NOTIFICATION;0;da1a1500-d532-4285-be94-b07a3e11a098;da1a1505-d532-4285-be94-b07a3e11a098;18;;
178139;1788055002691;1506;Trip / Kilometer & Betriebszähler;16;60;7;00-00-1E-33-00-02-5D-31-00-00-03-05-00-00-00-00;NOTIFICATION;0;da1a1500-d532-4285-be94-b07a3e11a098;da1a1506-d532-4285-be94-b07a3e11a098;18;;
178539;1788055003091;1508;Settings / Licht & Fahrstufe;17;60;–;01-00-00-01-FF-FF-FF-FF-FF-FF-FF-00-00-00-00-00-00;NOTIFICATION;0;da1a1500-d532-4285-be94-b07a3e11a098;da1a1508-d532-4285-be94-b07a3e11a098;18;;
178704;1788055003256;1509;BatteryChange / Akku-Livestand;11;60;0,1,5,6,10;0B-B8-FF-FF-1B-AE-9C-00-00-00-86;NOTIFICATION;0;da1a1500-d532-4285-be94-b07a3e11a098;da1a1509-d532-4285-be94-b07a3e11a098;18;;
178914;1788055003466;150A;MotorUpdate / Motor-Livestand;10;60;0,1;0B-B8-FF-FF-FF-FF-FF-FF-FF-FF;NOTIFICATION;0;da1a1500-d532-4285-be94-b07a3e11a098;da1a150a-d532-4285-be94-b07a3e11a098;18;;
179152;1788055003704;150B;Motor-/Controllerblock;20;60;–;FF-FF-FF-FF-FF-FF-FF-FF-FF-FF-FF-FF-FF-FF-FF-FF-FF-FF-FF-FF;NOTIFICATION;0;da1a1500-d532-4285-be94-b07a3e11a098;da1a150b-d532-4285-be94-b07a3e11a098;18;;
179333;1788055003885;150D;Fahrstatistik Max/Ø;20;60;–;00-DA-00-7A-FF-FF-FF-FF-47-18-FF-FF-FF-FF-FF-FF-FF-FF-00-00;NOTIFICATION;0;da1a1500-d532-4285-be94-b07a3e11a098;da1a150d-d532-4285-be94-b07a3e11a098;18;;
180371;1788055004923;1502;Akkuinformationen;16;61;–;47-18-FF-FF-FF-FF-47-18-FF-FF-FF-FF-FF-FF-00-00;NOTIFICATION;0;da1a1500-d532-4285-be94-b07a3e11a098;da1a1502-d532-4285-be94-b07a3e11a098;18;;
180790;1788055005342;1505;BikePerformance / Fahrleistung;18;61;0,1,2,3,7;08-A2-08-A2-FF-FF-00-87-FF-FF-FF-FF-FF-00-00-00-00-00;NOTIFICATION;0;da1a1500-d532-4285-be94-b07a3e11a098;da1a1505-d532-4285-be94-b07a3e11a098;18;;
181001;1788055005553;1506;Trip / Kilometer & Betriebszähler;16;61;7;00-00-1E-33-00-02-5D-34-00-00-03-05-00-00-00-00;NOTIFICATION;0;da1a1500-d532-4285-be94-b07a3e11a098;da1a1506-d532-4285-be94-b07a3e11a098;18;;
181424;1788055005976;1508;Settings / Licht & Fahrstufe;17;61;–;01-00-00-01-FF-FF-FF-FF-FF-FF-FF-00-00-00-00-00-00;NOTIFICATION;0;da1a1500-d532-4285-be94-b07a3e11a098;da1a1508-d532-4285-be94-b07a3e11a098;18;;
181633;1788055006185;1509;BatteryChange / Akku-Livestand;11;61;0,1,5,6,9,10;42-68-FF-FF-1B-A7-30-00-00-02-D7;NOTIFICATION;0;da1a1500-d532-4285-be94-b07a3e11a098;da1a1509-d532-4285-be94-b07a3e11a098;18;;
181833;1788055006385;150A;MotorUpdate / Motor-Livestand;10;61;0,1;42-68-FF-FF-FF-FF-FF-FF-FF-FF;NOTIFICATION;0;da1a1500-d532-4285-be94-b07a3e11a098;da1a150a-d532-4285-be94-b07a3e11a098;18;;
182044;1788055006596;150B;Motor-/Controllerblock;20;61;–;FF-FF-FF-FF-FF-FF-FF-FF-FF-FF-FF-FF-FF-FF-FF-FF-FF-FF-FF-FF;NOTIFICATION;0;da1a1500-d532-4285-be94-b07a3e11a098;da1a150b-d532-4285-be94-b07a3e11a098;18;;
182252;1788055006804;150D;Fahrstatistik Max/Ø;20;61;–;00-DA-00-7A-FF-FF-FF-FF-47-18-FF-FF-FF-FF-FF-FF-FF-FF-00-00;NOTIFICATION;0;da1a1500-d532-4285-be94-b07a3e11a098;da1a150d-d532-4285-be94-b07a3e11a098;18;;
183303;1788055007855;1502;Akkuinformationen;16;62;–;47-18-FF-FF-FF-FF-47-18-FF-FF-FF-FF-FF-FF-00-00;NOTIFICATION;0;da1a1500-d532-4285-be94-b07a3e11a098;da1a1502-d532-4285-be94-b07a3e11a098;18;;
183710;1788055008262;1505;BikePerformance / Fahrleistung;18;62;0,1,2,3,7;00-00-00-00-FF-FF-00-D3-FF-FF-FF-FF-FF-00-00-00-00-00;NOTIFICATION;0;da1a1500-d532-4285-be94-b07a3e11a098;da1a1505-d532-4285-be94-b07a3e11a098;18;;
183924;1788055008476;1506;Trip / Kilometer & Betriebszähler;16;62;7;00-00-1E-33-00-02-5D-37-00-00-03-05-00-00-00-00;NOTIFICATION;0;da1a1500-d532-4285-be94-b07a3e11a098;da1a1506-d532-4285-be94-b07a3e11a098;18;;
184420;1788055008972;1508;Settings / Licht & Fahrstufe;17;62;–;01-00-00-01-FF-FF-FF-FF-FF-FF-FF-00-00-00-00-00-00;NOTIFICATION;0;da1a1500-d532-4285-be94-b07a3e11a098;da1a1508-d532-4285-be94-b07a3e11a098;18;;
184551;1788055009103;1509;BatteryChange / Akku-Livestand;11;62;0,1,5,6,9,10;00-00-FF-FF-1B-B0-2C-00-00-00-00;NOTIFICATION;0;da1a1500-d532-4285-be94-b07a3e11a098;da1a1509-d532-4285-be94-b07a3e11a098;18;;
184798;1788055009350;150A;MotorUpdate / Motor-Livestand;10;62;0,1;00-00-FF-FF-FF-FF-FF-FF-FF-FF;NOTIFICATION;0;da1a1500-d532-4285-be94-b07a3e11a098;da1a150a-d532-4285-be94-b07a3e11a098;18;;
184963;1788055009515;150B;Motor-/Controllerblock;20;62;–;FF-FF-FF-FF-FF-FF-FF-FF-FF-FF-FF-FF-FF-FF-FF-FF-FF-FF-FF-FF;NOTIFICATION;0;da1a1500-d532-4285-be94-b07a3e11a098;da1a150b-d532-4285-be94-b07a3e11a098;18;;
185199;1788055009751;150D;Fahrstatistik Max/Ø;20;62;–;00-DA-00-7A-FF-FF-FF-FF-47-18-FF-FF-FF-FF-FF-FF-FF-FF-00-00;NOTIFICATION;0;da1a1500-d532-4285-be94-b07a3e11a098;da1a150d-d532-4285-be94-b07a3e11a098;18;;
186279;1788055010831;1502;Akkuinformationen;16;63;–;47-18-FF-FF-FF-FF-47-18-FF-FF-FF-FF-FF-FF-00-00;NOTIFICATION;0;da1a1500-d532-4285-be94-b07a3e11a098;da1a1502-d532-4285-be94-b07a3e11a098;18;;
186713;1788055011265;1505;BikePerformance / Fahrleistung;18;63;7;00-00-00-00-FF-FF-00-89-FF-FF-FF-FF-FF-00-00-00-00-00;NOTIFICATION;0;da1a1500-d532-4285-be94-b07a3e11a098;da1a1505-d532-4285-be94-b07a3e11a098;18;;
186853;1788055011405;1506;Trip / Kilometer & Betriebszähler;16;63;7;00-00-1E-33-00-02-5D-3A-00-00-03-05-00-00-00-00;NOTIFICATION;0;da1a1500-d532-4285-be94-b07a3e11a098;da1a1506-d532-4285-be94-b07a3e11a098;18;;
187317;1788055011869;1508;Settings / Licht & Fahrstufe;17;63;–;01-00-00-01-FF-FF-FF-FF-FF-FF-FF-00-00-00-00-00-00;NOTIFICATION;0;da1a1500-d532-4285-be94-b07a3e11a098;da1a1508-d532-4285-be94-b07a3e11a098;18;;
187474;1788055012026;1509;BatteryChange / Akku-Livestand;11;63;4,5,6;00-00-FF-FF-19-B3-B0-00-00-00-00;NOTIFICATION;0;da1a1500-d532-4285-be94-b07a3e11a098;da1a1509-d532-4285-be94-b07a3e11a098;18;;
187725;1788055012277;150A;MotorUpdate / Motor-Livestand;10;63;–;00-00-FF-FF-FF-FF-FF-FF-FF-FF;NOTIFICATION;0;da1a1500-d532-4285-be94-b07a3e11a098;da1a150a-d532-4285-be94-b07a3e11a098;18;;
187897;1788055012449;150B;Motor-/Controllerblock;20;63;–;FF-FF-FF-FF-FF-FF-FF-FF-FF-FF-FF-FF-FF-FF-FF-FF-FF-FF-FF-FF;NOTIFICATION;0;da1a1500-d532-4285-be94-b07a3e11a098;da1a150b-d532-4285-be94-b07a3e11a098;18;;
188122;1788055012674;150D;Fahrstatistik Max/Ø;20;63;–;00-DA-00-7A-FF-FF-FF-FF-47-18-FF-FF-FF-FF-FF-FF-FF-FF-00-00;NOTIFICATION;0;da1a1500-d532-4285-be94-b07a3e11a098;da1a150d-d532-4285-be94-b07a3e11a098;18;;
189207;1788055013759;1502;Akkuinformationen;16;64;–;47-18-FF-FF-FF-FF-47-18-FF-FF-FF-FF-FF-FF-00-00;NOTIFICATION;0;da1a1500-d532-4285-be94-b07a3e11a098;da1a1502-d532-4285-be94-b07a3e11a098;18;;
189607;1788055014159;1505;BikePerformance / Fahrleistung;18;64;0,1,2,3,7;0A-50-0A-50-FF-FF-00-81-FF-FF-FF-FF-FF-00-00-00-00-00;NOTIFICATION;0;da1a1500-d532-4285-be94-b07a3e11a098;da1a1505-d532-4285-be94-b07a3e11a098;18;;
189760;1788055014312;1506;Trip / Kilometer & Betriebszähler;16;64;7;00-00-1E-33-00-02-5D-3D-00-00-03-05-00-00-00-00;NOTIFICATION;0;da1a1500-d532-4285-be94-b07a3e11a098;da1a1506-d532-4285-be94-b07a3e11a098;18;;
190241;1788055014793;1508;Settings / Licht & Fahrstufe;17;64;–;01-00-00-01-FF-FF-FF-FF-FF-FF-FF-00-00-00-00-00-00;NOTIFICATION;0;da1a1500-d532-4285-be94-b07a3e11a098;da1a1508-d532-4285-be94-b07a3e11a098;18;;
190390;1788055014942;1509;BatteryChange / Akku-Livestand;11;64;5,6;00-00-FF-FF-19-B0-2C-00-00-00-00;NOTIFICATION;0;da1a1500-d532-4285-be94-b07a3e11a098;da1a1509-d532-4285-be94-b07a3e11a098;18;;
190598;1788055015150;150A;MotorUpdate / Motor-Livestand;10;64;–;00-00-FF-FF-FF-FF-FF-FF-FF-FF;NOTIFICATION;0;da1a1500-d532-4285-be94-b07a3e11a098;da1a150a-d532-4285-be94-b07a3e11a098;18;;
190811;1788055015363;150B;Motor-/Controllerblock;20;64;–;FF-FF-FF-FF-FF-FF-FF-FF-FF-FF-FF-FF-FF-FF-FF-FF-FF-FF-FF-FF;NOTIFICATION;0;da1a1500-d532-4285-be94-b07a3e11a098;da1a150b-d532-4285-be94-b07a3e11a098;18;;
191054;1788055015606;150D;Fahrstatistik Max/Ø;20;64;–;00-DA-00-7A-FF-FF-FF-FF-47-18-FF-FF-FF-FF-FF-FF-FF-FF-00-00;NOTIFICATION;0;da1a1500-d532-4285-be94-b07a3e11a098;da1a150d-d532-4285-be94-b07a3e11a098;18;;
192154;1788055016706;1502;Akkuinformationen;16;65;–;47-18-FF-FF-FF-FF-47-18-FF-FF-FF-FF-FF-FF-00-00;NOTIFICATION;0;da1a1500-d532-4285-be94-b07a3e11a098;da1a1502-d532-4285-be94-b07a3e11a098;18;;
192562;1788055017114;1505;BikePerformance / Fahrleistung;18;65;0,1,2,3,7;03-7A-03-7A-FF-FF-00-83-FF-FF-FF-FF-FF-00-00-00-00-00;NOTIFICATION;0;da1a1500-d532-4285-be94-b07a3e11a098;da1a1505-d532-4285-be94-b07a3e11a098;18;;
192679;1788055017231;1506;Trip / Kilometer & Betriebszähler;16;65;7;00-00-1E-33-00-02-5D-40-00-00-03-05-00-00-00-00;NOTIFICATION;0;da1a1500-d532-4285-be94-b07a3e11a098;da1a1506-d532-4285-be94-b07a3e11a098;18;;
193165;1788055017717;1508;Settings / Licht & Fahrstufe;17;65;–;01-00-00-01-FF-FF-FF-FF-FF-FF-FF-00-00-00-00-00-00;NOTIFICATION;0;da1a1500-d532-4285-be94-b07a3e11a098;da1a1508-d532-4285-be94-b07a3e11a098;18;;
193313;1788055017865;1509;BatteryChange / Akku-Livestand;11;65;0,1,5,6,10;0F-A0-FF-FF-19-AD-D4-00-00-00-B2;NOTIFICATION;0;da1a1500-d532-4285-be94-b07a3e11a098;da1a1509-d532-4285-be94-b07a3e11a098;18;;
193555;1788055018107;150A;MotorUpdate / Motor-Livestand;10;65;0,1;07-D0-FF-FF-FF-FF-FF-FF-FF-FF;NOTIFICATION;0;da1a1500-d532-4285-be94-b07a3e11a098;da1a150a-d532-4285-be94-b07a3e11a098;18;;
193733;1788055018285;150B;Motor-/Controllerblock;20;65;–;FF-FF-FF-FF-FF-FF-FF-FF-FF-FF-FF-FF-FF-FF-FF-FF-FF-FF-FF-FF;NOTIFICATION;0;da1a1500-d532-4285-be94-b07a3e11a098;da1a150b-d532-4285-be94-b07a3e11a098;18;;
193971;1788055018523;150D;Fahrstatistik Max/Ø;20;65;3;00-DA-00-7B-FF-FF-FF-FF-47-18-FF-FF-FF-FF-FF-FF-FF-FF-00-00;NOTIFICATION;0;da1a1500-d532-4285-be94-b07a3e11a098;da1a150d-d532-4285-be94-b07a3e11a098;18;;
195053;1788055019605;1502;Akkuinformationen;16;66;–;47-18-FF-FF-FF-FF-47-18-FF-FF-FF-FF-FF-FF-00-00;NOTIFICATION;0;da1a1500-d532-4285-be94-b07a3e11a098;da1a1502-d532-4285-be94-b07a3e11a098;18;;
195408;1788055019960;1505;BikePerformance / Fahrleistung;18;66;0,1,2,3,7;05-32-05-32-FF-FF-00-89-FF-FF-FF-FF-FF-00-00-00-00-00;NOTIFICATION;0;da1a1500-d532-4285-be94-b07a3e11a098;da1a1505-d532-4285-be94-b07a3e11a098;18;;
195604;1788055020156;1506;Trip / Kilometer & Betriebszähler;16;66;3,7;00-00-1E-34-00-02-5D-43-00-00-03-05-00-00-00-00;NOTIFICATION;0;da1a1500-d532-4285-be94-b07a3e11a098;da1a1506-d532-4285-be94-b07a3e11a098;18;;
196056;1788055020608;1508;Settings / Licht & Fahrstufe;17;66;–;01-00-00-01-FF-FF-FF-FF-FF-FF-FF-00-00-00-00-00-00;NOTIFICATION;0;da1a1500-d532-4285-be94-b07a3e11a098;da1a1508-d532-4285-be94-b07a3e11a098;18;;
196234;1788055020786;1509;BatteryChange / Akku-Livestand;11;66;4,5,6,10;0F-A0-FF-FF-17-AB-7C-00-00-00-AF;NOTIFICATION;0;da1a1500-d532-4285-be94-b07a3e11a098;da1a1509-d532-4285-be94-b07a3e11a098;18;;
196446;1788055020998;150A;MotorUpdate / Motor-Livestand;10;66;0,1;1B-58-FF-FF-FF-FF-FF-FF-FF-FF;NOTIFICATION;0;da1a1500-d532-4285-be94-b07a3e11a098;da1a150a-d532-4285-be94-b07a3e11a098;18;;
196666;1788055021218;150B;Motor-/Controllerblock;20;66;–;FF-FF-FF-FF-FF-FF-FF-FF-FF-FF-FF-FF-FF-FF-FF-FF-FF-FF-FF-FF;NOTIFICATION;0;da1a1500-d532-4285-be94-b07a3e11a098;da1a150b-d532-4285-be94-b07a3e11a098;18;;
196866;1788055021418;150D;Fahrstatistik Max/Ø;20;66;–;00-DA-00-7B-FF-FF-FF-FF-47-18-FF-FF-FF-FF-FF-FF-FF-FF-00-00;NOTIFICATION;0;da1a1500-d532-4285-be94-b07a3e11a098;da1a150d-d532-4285-be94-b07a3e11a098;18;;
197967;1788055022519;1502;Akkuinformationen;16;67;–;47-18-FF-FF-FF-FF-47-18-FF-FF-FF-FF-FF-FF-00-00;NOTIFICATION;0;da1a1500-d532-4285-be94-b07a3e11a098;da1a1502-d532-4285-be94-b07a3e11a098;18;;
198368;1788055022920;1505;BikePerformance / Fahrleistung;18;67;0,1,2,3,7;00-00-00-00-FF-FF-00-9A-FF-FF-FF-FF-FF-00-00-00-00-00;NOTIFICATION;0;da1a1500-d532-4285-be94-b07a3e11a098;da1a1505-d532-4285-be94-b07a3e11a098;18;;
198544;1788055023096;1506;Trip / Kilometer & Betriebszähler;16;67;7;00-00-1E-34-00-02-5D-45-00-00-03-05-00-00-00-00;NOTIFICATION;0;da1a1500-d532-4285-be94-b07a3e11a098;da1a1506-d532-4285-be94-b07a3e11a098;18;;
198943;1788055023495;1508;Settings / Licht & Fahrstufe;17;67;–;01-00-00-01-FF-FF-FF-FF-FF-FF-FF-00-00-00-00-00-00;NOTIFICATION;0;da1a1500-d532-4285-be94-b07a3e11a098;da1a1508-d532-4285-be94-b07a3e11a098;18;;
199151;1788055023703;1509;BatteryChange / Akku-Livestand;11;67;0,1,4,5,6,10;00-00-FF-FF-18-B0-2C-00-00-00-00;NOTIFICATION;0;da1a1500-d532-4285-be94-b07a3e11a098;da1a1509-d532-4285-be94-b07a3e11a098;18;;
199361;1788055023913;150A;MotorUpdate / Motor-Livestand;10;67;0,1;00-00-FF-FF-FF-FF-FF-FF-FF-FF;NOTIFICATION;0;da1a1500-d532-4285-be94-b07a3e11a098;da1a150a-d532-4285-be94-b07a3e11a098;18;;
199569;1788055024121;150B;Motor-/Controllerblock;20;67;–;FF-FF-FF-FF-FF-FF-FF-FF-FF-FF-FF-FF-FF-FF-FF-FF-FF-FF-FF-FF;NOTIFICATION;0;da1a1500-d532-4285-be94-b07a3e11a098;da1a150b-d532-4285-be94-b07a3e11a098;18;;
199781;1788055024333;150D;Fahrstatistik Max/Ø;20;67;–;00-DA-00-7B-FF-FF-FF-FF-47-18-FF-FF-FF-FF-FF-FF-FF-FF-00-00;NOTIFICATION;0;da1a1500-d532-4285-be94-b07a3e11a098;da1a150d-d532-4285-be94-b07a3e11a098;18;;
200889;1788055025441;1502;Akkuinformationen;16;68;–;47-18-FF-FF-FF-FF-47-18-FF-FF-FF-FF-FF-FF-00-00;NOTIFICATION;0;da1a1500-d532-4285-be94-b07a3e11a098;da1a1502-d532-4285-be94-b07a3e11a098;18;;
201297;1788055025849;1505;BikePerformance / Fahrleistung;18;68;0,1,2,3,7;01-B8-01-B8-FF-FF-00-77-FF-FF-FF-FF-FF-00-00-00-00-00;NOTIFICATION;0;da1a1500-d532-4285-be94-b07a3e11a098;da1a1505-d532-4285-be94-b07a3e11a098;18;;
201453;1788055026005;1506;Trip / Kilometer & Betriebszähler;16;68;7;00-00-1E-34-00-02-5D-48-00-00-03-05-00-00-00-00;NOTIFICATION;0;da1a1500-d532-4285-be94-b07a3e11a098;da1a1506-d532-4285-be94-b07a3e11a098;18;;
201923;1788055026475;1508;Settings / Licht & Fahrstufe;17;68;–;01-00-00-01-FF-FF-FF-FF-FF-FF-FF-00-00-00-00-00-00;NOTIFICATION;0;da1a1500-d532-4285-be94-b07a3e11a098;da1a1508-d532-4285-be94-b07a3e11a098;18;;
202072;1788055026624;1509;BatteryChange / Akku-Livestand;11;68;0,1,4,5,6,10;0B-B8-FF-FF-15-AE-9C-00-00-00-86;NOTIFICATION;0;da1a1500-d532-4285-be94-b07a3e11a098;da1a1509-d532-4285-be94-b07a3e11a098;18;;
202321;1788055026873;150A;MotorUpdate / Motor-Livestand;10;68;0,1;03-E8-FF-FF-FF-FF-FF-FF-FF-FF;NOTIFICATION;0;da1a1500-d532-4285-be94-b07a3e11a098;da1a150a-d532-4285-be94-b07a3e11a098;18;;
202494;1788055027046;150B;Motor-/Controllerblock;20;68;–;FF-FF-FF-FF-FF-FF-FF-FF-FF-FF-FF-FF-FF-FF-FF-FF-FF-FF-FF-FF;NOTIFICATION;0;da1a1500-d532-4285-be94-b07a3e11a098;da1a150b-d532-4285-be94-b07a3e11a098;18;;
202703;1788055027255;150D;Fahrstatistik Max/Ø;20;68;–;00-DA-00-7B-FF-FF-FF-FF-47-18-FF-FF-FF-FF-FF-FF-FF-FF-00-00;NOTIFICATION;0;da1a1500-d532-4285-be94-b07a3e11a098;da1a150d-d532-4285-be94-b07a3e11a098;18;;
203827;1788055028379;1502;Akkuinformationen;16;69;–;47-18-FF-FF-FF-FF-47-18-FF-FF-FF-FF-FF-FF-00-00;NOTIFICATION;0;da1a1500-d532-4285-be94-b07a3e11a098;da1a1502-d532-4285-be94-b07a3e11a098;18;;
204224;1788055028776;1505;BikePerformance / Fahrleistung;18;69;0,1,2,3,7;00-00-00-00-FF-FF-00-7D-FF-FF-FF-FF-FF-00-00-00-00-00;NOTIFICATION;0;da1a1500-d532-4285-be94-b07a3e11a098;da1a1505-d532-4285-be94-b07a3e11a098;18;;
204374;1788055028926;1506;Trip / Kilometer & Betriebszähler;16;69;7;00-00-1E-34-00-02-5D-4B-00-00-03-05-00-00-00-00;NOTIFICATION;0;da1a1500-d532-4285-be94-b07a3e11a098;da1a1506-d532-4285-be94-b07a3e11a098;18;;
204840;1788055029392;1508;Settings / Licht & Fahrstufe;17;69;–;01-00-00-01-FF-FF-FF-FF-FF-FF-FF-00-00-00-00-00-00;NOTIFICATION;0;da1a1500-d532-4285-be94-b07a3e11a098;da1a1508-d532-4285-be94-b07a3e11a098;18;;
204993;1788055029545;1509;BatteryChange / Akku-Livestand;11;69;0,1,5,6,10;07-D0-FF-FF-15-B0-2C-00-00-00-E1;NOTIFICATION;0;da1a1500-d532-4285-be94-b07a3e11a098;da1a1509-d532-4285-be94-b07a3e11a098;18;;
205240;1788055029792;150A;MotorUpdate / Motor-Livestand;10;69;–;03-E8-FF-FF-FF-FF-FF-FF-FF-FF;NOTIFICATION;0;da1a1500-d532-4285-be94-b07a3e11a098;da1a150a-d532-4285-be94-b07a3e11a098;18;;
205410;1788055029962;150B;Motor-/Controllerblock;20;69;–;FF-FF-FF-FF-FF-FF-FF-FF-FF-FF-FF-FF-FF-FF-FF-FF-FF-FF-FF-FF;NOTIFICATION;0;da1a1500-d532-4285-be94-b07a3e11a098;da1a150b-d532-4285-be94-b07a3e11a098;18;;
205651;1788055030203;150D;Fahrstatistik Max/Ø;20;69;–;00-DA-00-7B-FF-FF-FF-FF-47-18-FF-FF-FF-FF-FF-FF-FF-FF-00-00;NOTIFICATION;0;da1a1500-d532-4285-be94-b07a3e11a098;da1a150d-d532-4285-be94-b07a3e11a098;18;;
206719;1788055031271;1502;Akkuinformationen;16;70;–;47-18-FF-FF-FF-FF-47-18-FF-FF-FF-FF-FF-FF-00-00;NOTIFICATION;0;da1a1500-d532-4285-be94-b07a3e11a098;da1a1502-d532-4285-be94-b07a3e11a098;18;;
207142;1788055031694;1505;BikePerformance / Fahrleistung;18;70;0,1,2,3,7;01-C2-01-C2-FF-FF-00-86-FF-FF-FF-FF-FF-00-00-00-00-00;NOTIFICATION;0;da1a1500-d532-4285-be94-b07a3e11a098;da1a1505-d532-4285-be94-b07a3e11a098;18;;
207293;1788055031845;1506;Trip / Kilometer & Betriebszähler;16;70;7;00-00-1E-34-00-02-5D-4E-00-00-03-05-00-00-00-00;NOTIFICATION;0;da1a1500-d532-4285-be94-b07a3e11a098;da1a1506-d532-4285-be94-b07a3e11a098;18;;
207773;1788055032325;1508;Settings / Licht & Fahrstufe;17;70;–;01-00-00-01-FF-FF-FF-FF-FF-FF-FF-00-00-00-00-00-00;NOTIFICATION;0;da1a1500-d532-4285-be94-b07a3e11a098;da1a1508-d532-4285-be94-b07a3e11a098;18;;
207913;1788055032465;1509;BatteryChange / Akku-Livestand;11;70;0,1,10;03-E8-FF-FF-15-B0-2C-00-00-00-2D;NOTIFICATION;0;da1a1500-d532-4285-be94-b07a3e11a098;da1a1509-d532-4285-be94-b07a3e11a098;18;;
208152;1788055032704;150A;MotorUpdate / Motor-Livestand;10;70;0,1;00-00-FF-FF-FF-FF-FF-FF-FF-FF;NOTIFICATION;0;da1a1500-d532-4285-be94-b07a3e11a098;da1a150a-d532-4285-be94-b07a3e11a098;18;;
208334;1788055032886;150B;Motor-/Controllerblock;20;70;–;FF-FF-FF-FF-FF-FF-FF-FF-FF-FF-FF-FF-FF-FF-FF-FF-FF-FF-FF-FF;NOTIFICATION;0;da1a1500-d532-4285-be94-b07a3e11a098;da1a150b-d532-4285-be94-b07a3e11a098;18;;
208580;1788055033132;150D;Fahrstatistik Max/Ø;20;70;–;00-DA-00-7B-FF-FF-FF-FF-47-18-FF-FF-FF-FF-FF-FF-FF-FF-00-00;NOTIFICATION;0;da1a1500-d532-4285-be94-b07a3e11a098;da1a150d-d532-4285-be94-b07a3e11a098;18;;
209637;1788055034189;1502;Akkuinformationen;16;71;–;47-18-FF-FF-FF-FF-47-18-FF-FF-FF-FF-FF-FF-00-00;NOTIFICATION;0;da1a1500-d532-4285-be94-b07a3e11a098;da1a1502-d532-4285-be94-b07a3e11a098;18;;
210003;1788055034555;1505;BikePerformance / Fahrleistung;18;71;7;01-C2-01-C2-FF-FF-00-90-FF-FF-FF-FF-FF-00-00-00-00-00;NOTIFICATION;0;da1a1500-d532-4285-be94-b07a3e11a098;da1a1505-d532-4285-be94-b07a3e11a098;18;;
210213;1788055034765;1506;Trip / Kilometer & Betriebszähler;16;71;7;00-00-1E-34-00-02-5D-51-00-00-03-05-00-00-00-00;NOTIFICATION;0;da1a1500-d532-4285-be94-b07a3e11a098;da1a1506-d532-4285-be94-b07a3e11a098;18;;
210690;1788055035242;1508;Settings / Licht & Fahrstufe;17;71;–;01-00-00-01-FF-FF-FF-FF-FF-FF-FF-00-00-00-00-00-00;NOTIFICATION;0;da1a1500-d532-4285-be94-b07a3e11a098;da1a1508-d532-4285-be94-b07a3e11a098;18;;
210830;1788055035382;1509;BatteryChange / Akku-Livestand;11;71;0,1,5,6,9,10;1B-58-FF-FF-15-AD-D4-00-00-01-37;NOTIFICATION;0;da1a1500-d532-4285-be94-b07a3e11a098;da1a1509-d532-4285-be94-b07a3e11a098;18;;
211041;1788055035593;150A;MotorUpdate / Motor-Livestand;10;71;0,1;0B-B8-FF-FF-FF-FF-FF-FF-FF-FF;NOTIFICATION;0;da1a1500-d532-4285-be94-b07a3e11a098;da1a150a-d532-4285-be94-b07a3e11a098;18;;
211256;1788055035808;150B;Motor-/Controllerblock;20;71;–;FF-FF-FF-FF-FF-FF-FF-FF-FF-FF-FF-FF-FF-FF-FF-FF-FF-FF-FF-FF;NOTIFICATION;0;da1a1500-d532-4285-be94-b07a3e11a098;da1a150b-d532-4285-be94-b07a3e11a098;18;;
211495;1788055036047;150D;Fahrstatistik Max/Ø;20;71;–;00-DA-00-7B-FF-FF-FF-FF-47-18-FF-FF-FF-FF-FF-FF-FF-FF-00-00;NOTIFICATION;0;da1a1500-d532-4285-be94-b07a3e11a098;da1a150d-d532-4285-be94-b07a3e11a098;18;;
212561;1788055037113;1502;Akkuinformationen;16;72;–;47-18-FF-FF-FF-FF-47-18-FF-FF-FF-FF-FF-FF-00-00;NOTIFICATION;0;da1a1500-d532-4285-be94-b07a3e11a098;da1a1502-d532-4285-be94-b07a3e11a098;18;;
213014;1788055037566;1505;BikePerformance / Fahrleistung;18;72;0,1,2,3,7;00-00-00-00-FF-FF-00-82-FF-FF-FF-FF-FF-00-00-00-00-00;NOTIFICATION;0;da1a1500-d532-4285-be94-b07a3e11a098;da1a1505-d532-4285-be94-b07a3e11a098;18;;
213131;1788055037683;1506;Trip / Kilometer & Betriebszähler;16;72;7;00-00-1E-34-00-02-5D-54-00-00-03-05-00-00-00-00;NOTIFICATION;0;da1a1500-d532-4285-be94-b07a3e11a098;da1a1506-d532-4285-be94-b07a3e11a098;18;;
213642;1788055038194;1508;Settings / Licht & Fahrstufe;17;72;–;01-00-00-01-FF-FF-FF-FF-FF-FF-FF-00-00-00-00-00-00;NOTIFICATION;0;da1a1500-d532-4285-be94-b07a3e11a098;da1a1508-d532-4285-be94-b07a3e11a098;18;;
213762;1788055038314;1509;BatteryChange / Akku-Livestand;11;72;0,1,5,6,9,10;00-00-FF-FF-15-B0-90-00-00-00-2D;NOTIFICATION;0;da1a1500-d532-4285-be94-b07a3e11a098;da1a1509-d532-4285-be94-b07a3e11a098;18;;
214003;1788055038555;150A;MotorUpdate / Motor-Livestand;10;72;0,1;00-00-FF-FF-FF-FF-FF-FF-FF-FF;NOTIFICATION;0;da1a1500-d532-4285-be94-b07a3e11a098;da1a150a-d532-4285-be94-b07a3e11a098;18;;
214174;1788055038726;150B;Motor-/Controllerblock;20;72;–;FF-FF-FF-FF-FF-FF-FF-FF-FF-FF-FF-FF-FF-FF-FF-FF-FF-FF-FF-FF;NOTIFICATION;0;da1a1500-d532-4285-be94-b07a3e11a098;da1a150b-d532-4285-be94-b07a3e11a098;18;;
214410;1788055038962;150D;Fahrstatistik Max/Ø;20;72;–;00-DA-00-7B-FF-FF-FF-FF-47-18-FF-FF-FF-FF-FF-FF-FF-FF-00-00;NOTIFICATION;0;da1a1500-d532-4285-be94-b07a3e11a098;da1a150d-d532-4285-be94-b07a3e11a098;18;;
215424;1788055039976;1502;Akkuinformationen;16;73;–;47-18-FF-FF-FF-FF-47-18-FF-FF-FF-FF-FF-FF-00-00;NOTIFICATION;0;da1a1500-d532-4285-be94-b07a3e11a098;da1a1502-d532-4285-be94-b07a3e11a098;18;;
215846;1788055040398;1505;BikePerformance / Fahrleistung;18;73;0,1,2,3,7;10-C2-10-C2-FF-FF-00-7D-FF-FF-FF-FF-FF-00-00-00-00-00;NOTIFICATION;0;da1a1500-d532-4285-be94-b07a3e11a098;da1a1505-d532-4285-be94-b07a3e11a098;18;;
216054;1788055040606;1506;Trip / Kilometer & Betriebszähler;16;73;7;00-00-1E-34-00-02-5D-57-00-00-03-05-00-00-00-00;NOTIFICATION;0;da1a1500-d532-4285-be94-b07a3e11a098;da1a1506-d532-4285-be94-b07a3e11a098;18;;
216473;1788055041025;1508;Settings / Licht & Fahrstufe;17;73;–;01-00-00-01-FF-FF-FF-FF-FF-FF-FF-00-00-00-00-00-00;NOTIFICATION;0;da1a1500-d532-4285-be94-b07a3e11a098;da1a1508-d532-4285-be94-b07a3e11a098;18;;
216684;1788055041236;1509;BatteryChange / Akku-Livestand;11;73;10;00-00-FF-FF-15-B0-90-00-00-00-00;NOTIFICATION;0;da1a1500-d532-4285-be94-b07a3e11a098;da1a1509-d532-4285-be94-b07a3e11a098;18;;
216886;1788055041438;150A;MotorUpdate / Motor-Livestand;10;73;–;00-00-FF-FF-FF-FF-FF-FF-FF-FF;NOTIFICATION;0;da1a1500-d532-4285-be94-b07a3e11a098;da1a150a-d532-4285-be94-b07a3e11a098;18;;
217096;1788055041648;150B;Motor-/Controllerblock;20;73;–;FF-FF-FF-FF-FF-FF-FF-FF-FF-FF-FF-FF-FF-FF-FF-FF-FF-FF-FF-FF;NOTIFICATION;0;da1a1500-d532-4285-be94-b07a3e11a098;da1a150b-d532-4285-be94-b07a3e11a098;18;;
217304;1788055041856;150D;Fahrstatistik Max/Ø;20;73;–;00-DA-00-7B-FF-FF-FF-FF-47-18-FF-FF-FF-FF-FF-FF-FF-FF-00-00;NOTIFICATION;0;da1a1500-d532-4285-be94-b07a3e11a098;da1a150d-d532-4285-be94-b07a3e11a098;18;;
218439;1788055042991;1502;Akkuinformationen;16;74;–;47-18-FF-FF-FF-FF-47-18-FF-FF-FF-FF-FF-FF-00-00;NOTIFICATION;0;da1a1500-d532-4285-be94-b07a3e11a098;da1a1502-d532-4285-be94-b07a3e11a098;18;;
218819;1788055043371;1505;BikePerformance / Fahrleistung;18;74;0,1,2,3,7;06-D6-06-D6-FF-FF-00-80-FF-FF-FF-FF-FF-00-00-00-00-00;NOTIFICATION;0;da1a1500-d532-4285-be94-b07a3e11a098;da1a1505-d532-4285-be94-b07a3e11a098;18;;
218973;1788055043525;1506;Trip / Kilometer & Betriebszähler;16;74;7;00-00-1E-34-00-02-5D-5A-00-00-03-05-00-00-00-00;NOTIFICATION;0;da1a1500-d532-4285-be94-b07a3e11a098;da1a1506-d532-4285-be94-b07a3e11a098;18;;
219469;1788055044021;1508;Settings / Licht & Fahrstufe;17;74;–;01-00-00-01-FF-FF-FF-FF-FF-FF-FF-00-00-00-00-00-00;NOTIFICATION;0;da1a1500-d532-4285-be94-b07a3e11a098;da1a1508-d532-4285-be94-b07a3e11a098;18;;
219605;1788055044157;1509;BatteryChange / Akku-Livestand;11;74;0,1,5,6,10;03-E8-FF-FF-15-AD-70-00-00-00-2C;NOTIFICATION;0;da1a1500-d532-4285-be94-b07a3e11a098;da1a1509-d532-4285-be94-b07a3e11a098;18;;
219847;1788055044399;150A;MotorUpdate / Motor-Livestand;10;74;0,1;23-28-FF-FF-FF-FF-FF-FF-FF-FF;NOTIFICATION;0;da1a1500-d532-4285-be94-b07a3e11a098;da1a150a-d532-4285-be94-b07a3e11a098;18;;
220026;1788055044578;150B;Motor-/Controllerblock;20;74;–;FF-FF-FF-FF-FF-FF-FF-FF-FF-FF-FF-FF-FF-FF-FF-FF-FF-FF-FF-FF;NOTIFICATION;0;da1a1500-d532-4285-be94-b07a3e11a098;da1a150b-d532-4285-be94-b07a3e11a098;18;;
220251;1788055044803;150D;Fahrstatistik Max/Ø;20;74;–;00-DA-00-7B-FF-FF-FF-FF-47-18-FF-FF-FF-FF-FF-FF-FF-FF-00-00;NOTIFICATION;0;da1a1500-d532-4285-be94-b07a3e11a098;da1a150d-d532-4285-be94-b07a3e11a098;18;;
221347;1788055045899;1502;Akkuinformationen;16;75;–;47-18-FF-FF-FF-FF-47-18-FF-FF-FF-FF-FF-FF-00-00;NOTIFICATION;0;da1a1500-d532-4285-be94-b07a3e11a098;da1a1502-d532-4285-be94-b07a3e11a098;18;;
221750;1788055046302;1505;BikePerformance / Fahrleistung;18;75;0,1,2,3,7;00-00-00-00-FF-FF-00-8B-FF-FF-FF-FF-FF-00-00-00-00-00;NOTIFICATION;0;da1a1500-d532-4285-be94-b07a3e11a098;da1a1505-d532-4285-be94-b07a3e11a098;18;;
221893;1788055046445;1506;Trip / Kilometer & Betriebszähler;16;75;3,7;00-00-1E-35-00-02-5D-5D-00-00-03-05-00-00-00-00;NOTIFICATION;0;da1a1500-d532-4285-be94-b07a3e11a098;da1a1506-d532-4285-be94-b07a3e11a098;18;;
222403;1788055046955;1508;Settings / Licht & Fahrstufe;17;75;–;01-00-00-01-FF-FF-FF-FF-FF-FF-FF-00-00-00-00-00-00;NOTIFICATION;0;da1a1500-d532-4285-be94-b07a3e11a098;da1a1508-d532-4285-be94-b07a3e11a098;18;;
222522;1788055047074;1509;BatteryChange / Akku-Livestand;11;75;0,1,6,10;0F-A0-FF-FF-15-AD-D4-00-00-00-B2;NOTIFICATION;0;da1a1500-d532-4285-be94-b07a3e11a098;da1a1509-d532-4285-be94-b07a3e11a098;18;;
222759;1788055047311;150A;MotorUpdate / Motor-Livestand;10;75;0,1;07-D0-FF-FF-FF-FF-FF-FF-FF-FF;NOTIFICATION;0;da1a1500-d532-4285-be94-b07a3e11a098;da1a150a-d532-4285-be94-b07a3e11a098;18;;
222942;1788055047494;150B;Motor-/Controllerblock;20;75;–;FF-FF-FF-FF-FF-FF-FF-FF-FF-FF-FF-FF-FF-FF-FF-FF-FF-FF-FF-FF;NOTIFICATION;0;da1a1500-d532-4285-be94-b07a3e11a098;da1a150b-d532-4285-be94-b07a3e11a098;18;;
223170;1788055047722;150D;Fahrstatistik Max/Ø;20;75;–;00-DA-00-7B-FF-FF-FF-FF-47-18-FF-FF-FF-FF-FF-FF-FF-FF-00-00;NOTIFICATION;0;da1a1500-d532-4285-be94-b07a3e11a098;da1a150d-d532-4285-be94-b07a3e11a098;18;;
224245;1788055048797;1502;Akkuinformationen;16;76;–;47-18-FF-FF-FF-FF-47-18-FF-FF-FF-FF-FF-FF-00-00;NOTIFICATION;0;da1a1500-d532-4285-be94-b07a3e11a098;da1a1502-d532-4285-be94-b07a3e11a098;18;;
224655;1788055049207;1505;BikePerformance / Fahrleistung;18;76;0,1,2,3,7;0E-CE-0E-CE-FF-FF-00-88-FF-FF-FF-FF-FF-00-00-00-00-00;NOTIFICATION;0;da1a1500-d532-4285-be94-b07a3e11a098;da1a1505-d532-4285-be94-b07a3e11a098;18;;
224814;1788055049366;1506;Trip / Kilometer & Betriebszähler;16;76;7;00-00-1E-35-00-02-5D-60-00-00-03-05-00-00-00-00;NOTIFICATION;0;da1a1500-d532-4285-be94-b07a3e11a098;da1a1506-d532-4285-be94-b07a3e11a098;18;;
225317;1788055049869;1508;Settings / Licht & Fahrstufe;17;76;–;01-00-00-01-FF-FF-FF-FF-FF-FF-FF-00-00-00-00-00-00;NOTIFICATION;0;da1a1500-d532-4285-be94-b07a3e11a098;da1a1508-d532-4285-be94-b07a3e11a098;18;;
225442;1788055049994;1509;BatteryChange / Akku-Livestand;11;76;0,1,5,6,10;00-00-FF-FF-15-B0-2C-00-00-00-00;NOTIFICATION;0;da1a1500-d532-4285-be94-b07a3e11a098;da1a1509-d532-4285-be94-b07a3e11a098;18;;
225692;1788055050244;150A;MotorUpdate / Motor-Livestand;10;76;0,1;00-00-FF-FF-FF-FF-FF-FF-FF-FF;NOTIFICATION;0;da1a1500-d532-4285-be94-b07a3e11a098;da1a150a-d532-4285-be94-b07a3e11a098;18;;
225864;1788055050416;150B;Motor-/Controllerblock;20;76;–;FF-FF-FF-FF-FF-FF-FF-FF-FF-FF-FF-FF-FF-FF-FF-FF-FF-FF-FF-FF;NOTIFICATION;0;da1a1500-d532-4285-be94-b07a3e11a098;da1a150b-d532-4285-be94-b07a3e11a098;18;;
226104;1788055050656;150D;Fahrstatistik Max/Ø;20;76;–;00-DA-00-7B-FF-FF-FF-FF-47-18-FF-FF-FF-FF-FF-FF-FF-FF-00-00;NOTIFICATION;0;da1a1500-d532-4285-be94-b07a3e11a098;da1a150d-d532-4285-be94-b07a3e11a098;18;;
227201;1788055051753;1502;Akkuinformationen;16;77;–;47-18-FF-FF-FF-FF-47-18-FF-FF-FF-FF-FF-FF-00-00;NOTIFICATION;0;da1a1500-d532-4285-be94-b07a3e11a098;da1a1502-d532-4285-be94-b07a3e11a098;18;;
227585;1788055052137;1505;BikePerformance / Fahrleistung;18;77;0,1,2,3,7;00-00-00-00-FF-FF-00-85-FF-FF-FF-FF-FF-00-00-00-00-00;NOTIFICATION;0;da1a1500-d532-4285-be94-b07a3e11a098;da1a1505-d532-4285-be94-b07a3e11a098;18;;
227735;1788055052287;1506;Trip / Kilometer & Betriebszähler;16;77;7;00-00-1E-35-00-02-5D-63-00-00-03-05-00-00-00-00;NOTIFICATION;0;da1a1500-d532-4285-be94-b07a3e11a098;da1a1506-d532-4285-be94-b07a3e11a098;18;;
228222;1788055052774;1508;Settings / Licht & Fahrstufe;17;77;–;01-00-00-01-FF-FF-FF-FF-FF-FF-FF-00-00-00-00-00-00;NOTIFICATION;0;da1a1500-d532-4285-be94-b07a3e11a098;da1a1508-d532-4285-be94-b07a3e11a098;18;;
228365;1788055052917;1509;BatteryChange / Akku-Livestand;11;77;0,1,10;03-E8-FF-FF-15-B0-2C-00-00-00-2D;NOTIFICATION;0;da1a1500-d532-4285-be94-b07a3e11a098;da1a1509-d532-4285-be94-b07a3e11a098;18;;
228607;1788055053159;150A;MotorUpdate / Motor-Livestand;10;77;–;00-00-FF-FF-FF-FF-FF-FF-FF-FF;NOTIFICATION;0;da1a1500-d532-4285-be94-b07a3e11a098;da1a150a-d532-4285-be94-b07a3e11a098;18;;
228784;1788055053336;150B;Motor-/Controllerblock;20;77;–;FF-FF-FF-FF-FF-FF-FF-FF-FF-FF-FF-FF-FF-FF-FF-FF-FF-FF-FF-FF;NOTIFICATION;0;da1a1500-d532-4285-be94-b07a3e11a098;da1a150b-d532-4285-be94-b07a3e11a098;18;;
229026;1788055053578;150D;Fahrstatistik Max/Ø;20;77;–;00-DA-00-7B-FF-FF-FF-FF-47-18-FF-FF-FF-FF-FF-FF-FF-FF-00-00;NOTIFICATION;0;da1a1500-d532-4285-be94-b07a3e11a098;da1a150d-d532-4285-be94-b07a3e11a098;18;;
230113;1788055054665;1502;Akkuinformationen;16;78;–;47-18-FF-FF-FF-FF-47-18-FF-FF-FF-FF-FF-FF-00-00;NOTIFICATION;0;da1a1500-d532-4285-be94-b07a3e11a098;da1a1502-d532-4285-be94-b07a3e11a098;18;;
230538;1788055055090;1505;BikePerformance / Fahrleistung;18;78;0,1,2,3,7;01-C2-01-C2-FF-FF-00-7D-FF-FF-FF-FF-FF-00-00-00-00-00;NOTIFICATION;0;da1a1500-d532-4285-be94-b07a3e11a098;da1a1505-d532-4285-be94-b07a3e11a098;18;;
230652;1788055055204;1506;Trip / Kilometer & Betriebszähler;16;78;7;00-00-1E-35-00-02-5D-66-00-00-03-05-00-00-00-00;NOTIFICATION;0;da1a1500-d532-4285-be94-b07a3e11a098;da1a1506-d532-4285-be94-b07a3e11a098;18;;
231073;1788055055625;1508;Settings / Licht & Fahrstufe;17;78;–;01-00-00-01-FF-FF-FF-FF-FF-FF-FF-00-00-00-00-00-00;NOTIFICATION;0;da1a1500-d532-4285-be94-b07a3e11a098;da1a1508-d532-4285-be94-b07a3e11a098;18;;
231284;1788055055836;1509;BatteryChange / Akku-Livestand;11;78;0,1,10;07-D0-FF-FF-15-B0-2C-00-00-00-5A;NOTIFICATION;0;da1a1500-d532-4285-be94-b07a3e11a098;da1a1509-d532-4285-be94-b07a3e11a098;18;;
231496;1788055056048;150A;MotorUpdate / Motor-Livestand;10;78;0,1;03-E8-FF-FF-FF-FF-FF-FF-FF-FF;NOTIFICATION;0;da1a1500-d532-4285-be94-b07a3e11a098;da1a150a-d532-4285-be94-b07a3e11a098;18;;
231746;1788055056298;150B;Motor-/Controllerblock;20;78;–;FF-FF-FF-FF-FF-FF-FF-FF-FF-FF-FF-FF-FF-FF-FF-FF-FF-FF-FF-FF;NOTIFICATION;0;da1a1500-d532-4285-be94-b07a3e11a098;da1a150b-d532-4285-be94-b07a3e11a098;18;;
231917;1788055056469;150D;Fahrstatistik Max/Ø;20;78;–;00-DA-00-7B-FF-FF-FF-FF-47-18-FF-FF-FF-FF-FF-FF-FF-FF-00-00;NOTIFICATION;0;da1a1500-d532-4285-be94-b07a3e11a098;da1a150d-d532-4285-be94-b07a3e11a098;18;;
233009;1788055057561;1502;Akkuinformationen;16;79;–;47-18-FF-FF-FF-FF-47-18-FF-FF-FF-FF-FF-FF-00-00;NOTIFICATION;0;da1a1500-d532-4285-be94-b07a3e11a098;da1a1502-d532-4285-be94-b07a3e11a098;18;;
233426;1788055057978;1505;BikePerformance / Fahrleistung;18;79;0,1,2,3,7;0B-FE-0B-FE-FF-FF-00-89-FF-FF-FF-FF-FF-00-00-00-00-00;NOTIFICATION;0;da1a1500-d532-4285-be94-b07a3e11a098;da1a1505-d532-4285-be94-b07a3e11a098;18;;
233572;1788055058124;1506;Trip / Kilometer & Betriebszähler;16;79;7;00-00-1E-35-00-02-5D-69-00-00-03-05-00-00-00-00;NOTIFICATION;0;da1a1500-d532-4285-be94-b07a3e11a098;da1a1506-d532-4285-be94-b07a3e11a098;18;;
234048;1788055058600;1508;Settings / Licht & Fahrstufe;17;79;–;01-00-00-01-FF-FF-FF-FF-FF-FF-FF-00-00-00-00-00-00;NOTIFICATION;0;da1a1500-d532-4285-be94-b07a3e11a098;da1a1508-d532-4285-be94-b07a3e11a098;18;;
234204;1788055058756;1509;BatteryChange / Akku-Livestand;11;79;0,1,5,6,10;03-E8-FF-FF-15-AD-70-00-00-00-2C;NOTIFICATION;0;da1a1500-d532-4285-be94-b07a3e11a098;da1a1509-d532-4285-be94-b07a3e11a098;18;;
234443;1788055058995;150A;MotorUpdate / Motor-Livestand;10;79;0,1;27-10-FF-FF-FF-FF-FF-FF-FF-FF;NOTIFICATION;0;da1a1500-d532-4285-be94-b07a3e11a098;da1a150a-d532-4285-be94-b07a3e11a098;18;;
234624;1788055059176;150B;Motor-/Controllerblock;20;79;–;FF-FF-FF-FF-FF-FF-FF-FF-FF-FF-FF-FF-FF-FF-FF-FF-FF-FF-FF-FF;NOTIFICATION;0;da1a1500-d532-4285-be94-b07a3e11a098;da1a150b-d532-4285-be94-b07a3e11a098;18;;
234872;1788055059424;150D;Fahrstatistik Max/Ø;20;79;–;00-DA-00-7B-FF-FF-FF-FF-47-18-FF-FF-FF-FF-FF-FF-FF-FF-00-00;NOTIFICATION;0;da1a1500-d532-4285-be94-b07a3e11a098;da1a150d-d532-4285-be94-b07a3e11a098;18;;
235926;1788055060478;1502;Akkuinformationen;16;80;–;47-18-FF-FF-FF-FF-47-18-FF-FF-FF-FF-FF-FF-00-00;NOTIFICATION;0;da1a1500-d532-4285-be94-b07a3e11a098;da1a1502-d532-4285-be94-b07a3e11a098;18;;
236388;1788055060940;1505;BikePerformance / Fahrleistung;18;80;0,1,2,3,7;00-00-00-00-FF-FF-00-7E-FF-FF-FF-FF-FF-00-00-00-00-00;NOTIFICATION;0;da1a1500-d532-4285-be94-b07a3e11a098;da1a1505-d532-4285-be94-b07a3e11a098;18;;
236501;1788055061053;1506;Trip / Kilometer & Betriebszähler;16;80;7;00-00-1E-35-00-02-5D-6C-00-00-03-05-00-00-00-00;NOTIFICATION;0;da1a1500-d532-4285-be94-b07a3e11a098;da1a1506-d532-4285-be94-b07a3e11a098;18;;
236973;1788055061525;1508;Settings / Licht & Fahrstufe;17;80;–;01-00-00-01-FF-FF-FF-FF-FF-FF-FF-00-00-00-00-00-00;NOTIFICATION;0;da1a1500-d532-4285-be94-b07a3e11a098;da1a1508-d532-4285-be94-b07a3e11a098;18;;
237125;1788055061677;1509;BatteryChange / Akku-Livestand;11;80;5,6,10;03-E8-FF-FF-15-B0-2C-00-00-00-2D;NOTIFICATION;0;da1a1500-d532-4285-be94-b07a3e11a098;da1a1509-d532-4285-be94-b07a3e11a098;18;;
237362;1788055061914;150A;MotorUpdate / Motor-Livestand;10;80;0,1;00-00-FF-FF-FF-FF-FF-FF-FF-FF;NOTIFICATION;0;da1a1500-d532-4285-be94-b07a3e11a098;da1a150a-d532-4285-be94-b07a3e11a098;18;;
237545;1788055062097;150B;Motor-/Controllerblock;20;80;–;FF-FF-FF-FF-FF-FF-FF-FF-FF-FF-FF-FF-FF-FF-FF-FF-FF-FF-FF-FF;NOTIFICATION;0;da1a1500-d532-4285-be94-b07a3e11a098;da1a150b-d532-4285-be94-b07a3e11a098;18;;
237779;1788055062331;150D;Fahrstatistik Max/Ø;20;80;–;00-DA-00-7B-FF-FF-FF-FF-47-18-FF-FF-FF-FF-FF-FF-FF-FF-00-00;NOTIFICATION;0;da1a1500-d532-4285-be94-b07a3e11a098;da1a150d-d532-4285-be94-b07a3e11a098;18;;
238849;1788055063401;1502;Akkuinformationen;16;81;–;47-18-FF-FF-FF-FF-47-18-FF-FF-FF-FF-FF-FF-00-00;NOTIFICATION;0;da1a1500-d532-4285-be94-b07a3e11a098;da1a1502-d532-4285-be94-b07a3e11a098;18;;
239291;1788055063843;1505;BikePerformance / Fahrleistung;18;81;7;00-00-00-00-FF-FF-00-83-FF-FF-FF-FF-FF-00-00-00-00-00;NOTIFICATION;0;da1a1500-d532-4285-be94-b07a3e11a098;da1a1505-d532-4285-be94-b07a3e11a098;18;;
239423;1788055063975;1506;Trip / Kilometer & Betriebszähler;16;81;7;00-00-1E-35-00-02-5D-6F-00-00-03-05-00-00-00-00;NOTIFICATION;0;da1a1500-d532-4285-be94-b07a3e11a098;da1a1506-d532-4285-be94-b07a3e11a098;18;;
239895;1788055064447;1508;Settings / Licht & Fahrstufe;17;81;–;01-00-00-01-FF-FF-FF-FF-FF-FF-FF-00-00-00-00-00-00;NOTIFICATION;0;da1a1500-d532-4285-be94-b07a3e11a098;da1a1508-d532-4285-be94-b07a3e11a098;18;;
240045;1788055064597;1509;BatteryChange / Akku-Livestand;11;81;5,6,10;03-E8-FF-FF-15-AE-9C-00-00-00-2C;NOTIFICATION;0;da1a1500-d532-4285-be94-b07a3e11a098;da1a1509-d532-4285-be94-b07a3e11a098;18;;
240282;1788055064834;150A;MotorUpdate / Motor-Livestand;10;81;0,1;07-D0-FF-FF-FF-FF-FF-FF-FF-FF;NOTIFICATION;0;da1a1500-d532-4285-be94-b07a3e11a098;da1a150a-d532-4285-be94-b07a3e11a098;18;;
240464;1788055065016;150B;Motor-/Controllerblock;20;81;–;FF-FF-FF-FF-FF-FF-FF-FF-FF-FF-FF-FF-FF-FF-FF-FF-FF-FF-FF-FF;NOTIFICATION;0;da1a1500-d532-4285-be94-b07a3e11a098;da1a150b-d532-4285-be94-b07a3e11a098;18;;
240702;1788055065254;150D;Fahrstatistik Max/Ø;20;81;–;00-DA-00-7B-FF-FF-FF-FF-47-18-FF-FF-FF-FF-FF-FF-FF-FF-00-00;NOTIFICATION;0;da1a1500-d532-4285-be94-b07a3e11a098;da1a150d-d532-4285-be94-b07a3e11a098;18;;
241775;1788055066327;1502;Akkuinformationen;16;82;–;47-18-FF-FF-FF-FF-47-18-FF-FF-FF-FF-FF-FF-00-00;NOTIFICATION;0;da1a1500-d532-4285-be94-b07a3e11a098;da1a1502-d532-4285-be94-b07a3e11a098;18;;
242133;1788055066685;1505;BikePerformance / Fahrleistung;18;82;0,1,2,3,7;05-32-05-32-FF-FF-00-81-FF-FF-FF-FF-FF-00-00-00-00-00;NOTIFICATION;0;da1a1500-d532-4285-be94-b07a3e11a098;da1a1505-d532-4285-be94-b07a3e11a098;18;;
242340;1788055066892;1506;Trip / Kilometer & Betriebszähler;16;82;7;00-00-1E-35-00-02-5D-72-00-00-03-05-00-00-00-00;NOTIFICATION;0;da1a1500-d532-4285-be94-b07a3e11a098;da1a1506-d532-4285-be94-b07a3e11a098;18;;
242851;1788055067403;1508;Settings / Licht & Fahrstufe;17;82;–;01-00-00-01-FF-FF-FF-FF-FF-FF-FF-00-00-00-00-00-00;NOTIFICATION;0;da1a1500-d532-4285-be94-b07a3e11a098;da1a1508-d532-4285-be94-b07a3e11a098;18;;
242972;1788055067524;1509;BatteryChange / Akku-Livestand;11;82;0,1,5,6,10;0F-A0-FF-FF-15-AD-70-00-00-00-B2;NOTIFICATION;0;da1a1500-d532-4285-be94-b07a3e11a098;da1a1509-d532-4285-be94-b07a3e11a098;18;;
243205;1788055067757;150A;MotorUpdate / Motor-Livestand;10;82;0,1;0F-A0-FF-FF-FF-FF-FF-FF-FF-FF;NOTIFICATION;0;da1a1500-d532-4285-be94-b07a3e11a098;da1a150a-d532-4285-be94-b07a3e11a098;18;;
243385;1788055067937;150B;Motor-/Controllerblock;20;82;–;FF-FF-FF-FF-FF-FF-FF-FF-FF-FF-FF-FF-FF-FF-FF-FF-FF-FF-FF-FF;NOTIFICATION;0;da1a1500-d532-4285-be94-b07a3e11a098;da1a150b-d532-4285-be94-b07a3e11a098;18;;
243631;1788055068183;150D;Fahrstatistik Max/Ø;20;82;–;00-DA-00-7B-FF-FF-FF-FF-47-18-FF-FF-FF-FF-FF-FF-FF-FF-00-00;NOTIFICATION;0;da1a1500-d532-4285-be94-b07a3e11a098;da1a150d-d532-4285-be94-b07a3e11a098;18;;
244735;1788055069287;1502;Akkuinformationen;16;83;–;47-18-FF-FF-FF-FF-47-18-FF-FF-FF-FF-FF-FF-00-00;NOTIFICATION;0;da1a1500-d532-4285-be94-b07a3e11a098;da1a1502-d532-4285-be94-b07a3e11a098;18;;
245131;1788055069683;1505;BikePerformance / Fahrleistung;18;83;0,1,2,3,7;03-7A-03-7A-FF-FF-00-88-FF-FF-FF-FF-FF-00-00-00-00-00;NOTIFICATION;0;da1a1500-d532-4285-be94-b07a3e11a098;da1a1505-d532-4285-be94-b07a3e11a098;18;;
245264;1788055069816;1506;Trip / Kilometer & Betriebszähler;16;83;7;00-00-1E-35-00-02-5D-74-00-00-03-05-00-00-00-00;NOTIFICATION;0;da1a1500-d532-4285-be94-b07a3e11a098;da1a1506-d532-4285-be94-b07a3e11a098;18;;
245753;1788055070305;1508;Settings / Licht & Fahrstufe;17;83;–;01-00-00-01-FF-FF-FF-FF-FF-FF-FF-00-00-00-00-00-00;NOTIFICATION;0;da1a1500-d532-4285-be94-b07a3e11a098;da1a1508-d532-4285-be94-b07a3e11a098;18;;
245894;1788055070446;1509;BatteryChange / Akku-Livestand;11;83;0,1,5,6,10;00-00-FF-FF-15-B0-2C-00-00-00-2D;NOTIFICATION;0;da1a1500-d532-4285-be94-b07a3e11a098;da1a1509-d532-4285-be94-b07a3e11a098;18;;
246125;1788055070677;150A;MotorUpdate / Motor-Livestand;10;83;0,1;00-00-FF-FF-FF-FF-FF-FF-FF-FF;NOTIFICATION;0;da1a1500-d532-4285-be94-b07a3e11a098;da1a150a-d532-4285-be94-b07a3e11a098;18;;
246304;1788055070856;150B;Motor-/Controllerblock;20;83;–;FF-FF-FF-FF-FF-FF-FF-FF-FF-FF-FF-FF-FF-FF-FF-FF-FF-FF-FF-FF;NOTIFICATION;0;da1a1500-d532-4285-be94-b07a3e11a098;da1a150b-d532-4285-be94-b07a3e11a098;18;;
246561;1788055071113;150D;Fahrstatistik Max/Ø;20;83;–;00-DA-00-7B-FF-FF-FF-FF-47-18-FF-FF-FF-FF-FF-FF-FF-FF-00-00;NOTIFICATION;0;da1a1500-d532-4285-be94-b07a3e11a098;da1a150d-d532-4285-be94-b07a3e11a098;18;;
247560;1788055072112;1502;Akkuinformationen;16;84;–;47-18-FF-FF-FF-FF-47-18-FF-FF-FF-FF-FF-FF-00-00;NOTIFICATION;0;da1a1500-d532-4285-be94-b07a3e11a098;da1a1502-d532-4285-be94-b07a3e11a098;18;;
247986;1788055072538;1505;BikePerformance / Fahrleistung;18;84;0,1,2,3,7;01-C2-01-C2-FF-FF-00-86-FF-FF-FF-FF-FF-00-00-00-00-00;NOTIFICATION;0;da1a1500-d532-4285-be94-b07a3e11a098;da1a1505-d532-4285-be94-b07a3e11a098;18;;
248198;1788055072750;1506;Trip / Kilometer & Betriebszähler;16;84;3,7;00-00-1E-36-00-02-5D-77-00-00-03-05-00-00-00-00;NOTIFICATION;0;da1a1500-d532-4285-be94-b07a3e11a098;da1a1506-d532-4285-be94-b07a3e11a098;18;;
248615;1788055073167;1508;Settings / Licht & Fahrstufe;17;84;–;01-00-00-01-FF-FF-FF-FF-FF-FF-FF-00-00-00-00-00-00;NOTIFICATION;0;da1a1500-d532-4285-be94-b07a3e11a098;da1a1508-d532-4285-be94-b07a3e11a098;18;;
248851;1788055073403;1509;BatteryChange / Akku-Livestand;11;84;0,1,5,6,10;0F-A0-FF-FF-15-AD-D4-00-00-00-B2;NOTIFICATION;0;da1a1500-d532-4285-be94-b07a3e11a098;da1a1509-d532-4285-be94-b07a3e11a098;18;;
249024;1788055073576;150A;MotorUpdate / Motor-Livestand;10;84;0,1;0F-A0-FF-FF-FF-FF-FF-FF-FF-FF;NOTIFICATION;0;da1a1500-d532-4285-be94-b07a3e11a098;da1a150a-d532-4285-be94-b07a3e11a098;18;;
249267;1788055073819;150B;Motor-/Controllerblock;20;84;–;FF-FF-FF-FF-FF-FF-FF-FF-FF-FF-FF-FF-FF-FF-FF-FF-FF-FF-FF-FF;NOTIFICATION;0;da1a1500-d532-4285-be94-b07a3e11a098;da1a150b-d532-4285-be94-b07a3e11a098;18;;
249454;1788055074006;150D;Fahrstatistik Max/Ø;20;84;–;00-DA-00-7B-FF-FF-FF-FF-47-18-FF-FF-FF-FF-FF-FF-FF-FF-00-00;NOTIFICATION;0;da1a1500-d532-4285-be94-b07a3e11a098;da1a150d-d532-4285-be94-b07a3e11a098;18;;
250483;1788055075035;1502;Akkuinformationen;16;85;–;47-18-FF-FF-FF-FF-47-18-FF-FF-FF-FF-FF-FF-00-00;NOTIFICATION;0;da1a1500-d532-4285-be94-b07a3e11a098;da1a1502-d532-4285-be94-b07a3e11a098;18;;
250905;1788055075457;1505;BikePerformance / Fahrleistung;18;85;0,1,2,3,7;0B-F4-0B-F4-FF-FF-00-87-FF-FF-FF-FF-FF-00-00-00-00-00;NOTIFICATION;0;da1a1500-d532-4285-be94-b07a3e11a098;da1a1505-d532-4285-be94-b07a3e11a098;18;;
251115;1788055075667;1506;Trip / Kilometer & Betriebszähler;16;85;7;00-00-1E-36-00-02-5D-7A-00-00-03-05-00-00-00-00;NOTIFICATION;0;da1a1500-d532-4285-be94-b07a3e11a098;da1a1506-d532-4285-be94-b07a3e11a098;18;;
251535;1788055076087;1508;Settings / Licht & Fahrstufe;17;85;–;01-00-00-01-FF-FF-FF-FF-FF-FF-FF-00-00-00-00-00-00;NOTIFICATION;0;da1a1500-d532-4285-be94-b07a3e11a098;da1a1508-d532-4285-be94-b07a3e11a098;18;;
251737;1788055076289;1509;BatteryChange / Akku-Livestand;11;85;0,1,5,6,10;00-00-FF-FF-15-AF-00-00-00-00-00;NOTIFICATION;0;da1a1500-d532-4285-be94-b07a3e11a098;da1a1509-d532-4285-be94-b07a3e11a098;18;;
251948;1788055076500;150A;MotorUpdate / Motor-Livestand;10;85;0,1;03-E8-FF-FF-FF-FF-FF-FF-FF-FF;NOTIFICATION;0;da1a1500-d532-4285-be94-b07a3e11a098;da1a150a-d532-4285-be94-b07a3e11a098;18;;
252157;1788055076709;150B;Motor-/Controllerblock;20;85;–;FF-FF-FF-FF-FF-FF-FF-FF-FF-FF-FF-FF-FF-FF-FF-FF-FF-FF-FF-FF;NOTIFICATION;0;da1a1500-d532-4285-be94-b07a3e11a098;da1a150b-d532-4285-be94-b07a3e11a098;18;;
252366;1788055076918;150D;Fahrstatistik Max/Ø;20;85;–;00-DA-00-7B-FF-FF-FF-FF-47-18-FF-FF-FF-FF-FF-FF-FF-FF-00-00;NOTIFICATION;0;da1a1500-d532-4285-be94-b07a3e11a098;da1a150d-d532-4285-be94-b07a3e11a098;18;;
253403;1788055077955;1502;Akkuinformationen;16;86;–;47-18-FF-FF-FF-FF-47-18-FF-FF-FF-FF-FF-FF-00-00;NOTIFICATION;0;da1a1500-d532-4285-be94-b07a3e11a098;da1a1502-d532-4285-be94-b07a3e11a098;18;;
253824;1788055078376;1505;BikePerformance / Fahrleistung;18;86;0,1,2,3,7;03-7A-03-7A-FF-FF-00-82-FF-FF-FF-FF-FF-00-00-00-00-00;NOTIFICATION;0;da1a1500-d532-4285-be94-b07a3e11a098;da1a1505-d532-4285-be94-b07a3e11a098;18;;
254035;1788055078587;1506;Trip / Kilometer & Betriebszähler;16;86;7;00-00-1E-36-00-02-5D-7D-00-00-03-05-00-00-00-00;NOTIFICATION;0;da1a1500-d532-4285-be94-b07a3e11a098;da1a1506-d532-4285-be94-b07a3e11a098;18;;
254454;1788055079006;1508;Settings / Licht & Fahrstufe;17;86;–;01-00-00-01-FF-FF-FF-FF-FF-FF-FF-00-00-00-00-00-00;NOTIFICATION;0;da1a1500-d532-4285-be94-b07a3e11a098;da1a1508-d532-4285-be94-b07a3e11a098;18;;
254666;1788055079218;1509;BatteryChange / Akku-Livestand;11;86;6;00-00-FF-FF-15-AF-C8-00-00-00-00;NOTIFICATION;0;da1a1500-d532-4285-be94-b07a3e11a098;da1a1509-d532-4285-be94-b07a3e11a098;18;;
254867;1788055079419;150A;MotorUpdate / Motor-Livestand;10;86;0,1;00-00-FF-FF-FF-FF-FF-FF-FF-FF;NOTIFICATION;0;da1a1500-d532-4285-be94-b07a3e11a098;da1a150a-d532-4285-be94-b07a3e11a098;18;;
255078;1788055079630;150B;Motor-/Controllerblock;20;86;–;FF-FF-FF-FF-FF-FF-FF-FF-FF-FF-FF-FF-FF-FF-FF-FF-FF-FF-FF-FF;NOTIFICATION;0;da1a1500-d532-4285-be94-b07a3e11a098;da1a150b-d532-4285-be94-b07a3e11a098;18;;
255286;1788055079838;150D;Fahrstatistik Max/Ø;20;86;–;00-DA-00-7B-FF-FF-FF-FF-47-18-FF-FF-FF-FF-FF-FF-FF-FF-00-00;NOTIFICATION;0;da1a1500-d532-4285-be94-b07a3e11a098;da1a150d-d532-4285-be94-b07a3e11a098;18;;
256324;1788055080876;1502;Akkuinformationen;16;87;–;47-18-FF-FF-FF-FF-47-18-FF-FF-FF-FF-FF-FF-00-00;NOTIFICATION;0;da1a1500-d532-4285-be94-b07a3e11a098;da1a1502-d532-4285-be94-b07a3e11a098;18;;
256800;1788055081352;1505;BikePerformance / Fahrleistung;18;87;0,1,2,3,7;06-EA-06-EA-FF-FF-00-7D-FF-FF-FF-FF-FF-00-00-00-00-00;NOTIFICATION;0;da1a1500-d532-4285-be94-b07a3e11a098;da1a1505-d532-4285-be94-b07a3e11a098;18;;
256954;1788055081506;1506;Trip / Kilometer & Betriebszähler;16;87;7;00-00-1E-36-00-02-5D-80-00-00-03-05-00-00-00-00;NOTIFICATION;0;da1a1500-d532-4285-be94-b07a3e11a098;da1a1506-d532-4285-be94-b07a3e11a098;18;;
257454;1788055082006;1508;Settings / Licht & Fahrstufe;17;87;–;01-00-00-01-FF-FF-FF-FF-FF-FF-FF-00-00-00-00-00-00;NOTIFICATION;0;da1a1500-d532-4285-be94-b07a3e11a098;da1a1508-d532-4285-be94-b07a3e11a098;18;;
257593;1788055082145;1509;BatteryChange / Akku-Livestand;11;87;0,1,5,6,10;0B-B8-FF-FF-15-AE-38-00-00-00-85;NOTIFICATION;0;da1a1500-d532-4285-be94-b07a3e11a098;da1a1509-d532-4285-be94-b07a3e11a098;18;;
257827;1788055082379;150A;MotorUpdate / Motor-Livestand;10;87;0,1;0B-B8-FF-FF-FF-FF-FF-FF-FF-FF;NOTIFICATION;0;da1a1500-d532-4285-be94-b07a3e11a098;da1a150a-d532-4285-be94-b07a3e11a098;18;;
257993;1788055082545;150B;Motor-/Controllerblock;20;87;–;FF-FF-FF-FF-FF-FF-FF-FF-FF-FF-FF-FF-FF-FF-FF-FF-FF-FF-FF-FF;NOTIFICATION;0;da1a1500-d532-4285-be94-b07a3e11a098;da1a150b-d532-4285-be94-b07a3e11a098;18;;
258204;1788055082756;150D;Fahrstatistik Max/Ø;20;87;–;00-DA-00-7B-FF-FF-FF-FF-47-18-FF-FF-FF-FF-FF-FF-FF-FF-00-00;NOTIFICATION;0;da1a1500-d532-4285-be94-b07a3e11a098;da1a150d-d532-4285-be94-b07a3e11a098;18;;
259255;1788055083807;1502;Akkuinformationen;16;88;–;47-18-FF-FF-FF-FF-47-18-FF-FF-FF-FF-FF-FF-00-00;NOTIFICATION;0;da1a1500-d532-4285-be94-b07a3e11a098;da1a1502-d532-4285-be94-b07a3e11a098;18;;
259667;1788055084219;1505;BikePerformance / Fahrleistung;18;88;0,1,2,3,7;00-00-00-00-FF-FF-00-7A-FF-FF-FF-FF-FF-00-00-00-00-00;NOTIFICATION;0;da1a1500-d532-4285-be94-b07a3e11a098;da1a1505-d532-4285-be94-b07a3e11a098;18;;
259878;1788055084430;1506;Trip / Kilometer & Betriebszähler;16;88;7;00-00-1E-36-00-02-5D-83-00-00-03-05-00-00-00-00;NOTIFICATION;0;da1a1500-d532-4285-be94-b07a3e11a098;da1a1506-d532-4285-be94-b07a3e11a098;18;;
260297;1788055084849;1508;Settings / Licht & Fahrstufe;17;88;–;01-00-00-01-FF-FF-FF-FF-FF-FF-FF-00-00-00-00-00-00;NOTIFICATION;0;da1a1500-d532-4285-be94-b07a3e11a098;da1a1508-d532-4285-be94-b07a3e11a098;18;;
260505;1788055085057;1509;BatteryChange / Akku-Livestand;11;88;0,1,6,10;07-D0-FF-FF-15-AE-9C-00-00-00-59;NOTIFICATION;0;da1a1500-d532-4285-be94-b07a3e11a098;da1a1509-d532-4285-be94-b07a3e11a098;18;;
260712;1788055085264;150A;MotorUpdate / Motor-Livestand;10;88;0,1;07-D0-FF-FF-FF-FF-FF-FF-FF-FF;NOTIFICATION;0;da1a1500-d532-4285-be94-b07a3e11a098;da1a150a-d532-4285-be94-b07a3e11a098;18;;
260928;1788055085480;150B;Motor-/Controllerblock;20;88;–;FF-FF-FF-FF-FF-FF-FF-FF-FF-FF-FF-FF-FF-FF-FF-FF-FF-FF-FF-FF;NOTIFICATION;0;da1a1500-d532-4285-be94-b07a3e11a098;da1a150b-d532-4285-be94-b07a3e11a098;18;;
261125;1788055085677;150D;Fahrstatistik Max/Ø;20;88;–;00-DA-00-7B-FF-FF-FF-FF-47-18-FF-FF-FF-FF-FF-FF-FF-FF-00-00;NOTIFICATION;0;da1a1500-d532-4285-be94-b07a3e11a098;da1a150d-d532-4285-be94-b07a3e11a098;18;;
262175;1788055086727;1502;Akkuinformationen;16;89;–;47-18-FF-FF-FF-FF-47-18-FF-FF-FF-FF-FF-FF-00-00;NOTIFICATION;0;da1a1500-d532-4285-be94-b07a3e11a098;da1a1502-d532-4285-be94-b07a3e11a098;18;;
262584;1788055087136;1505;BikePerformance / Fahrleistung;18;89;0,1,2,3;03-7A-03-7A-FF-FF-00-7A-FF-FF-FF-FF-FF-00-00-00-00-00;NOTIFICATION;0;da1a1500-d532-4285-be94-b07a3e11a098;da1a1505-d532-4285-be94-b07a3e11a098;18;;
262793;1788055087345;1506;Trip / Kilometer & Betriebszähler;16;89;7;00-00-1E-36-00-02-5D-86-00-00-03-05-00-00-00-00;NOTIFICATION;0;da1a1500-d532-4285-be94-b07a3e11a098;da1a1506-d532-4285-be94-b07a3e11a098;18;;
263218;1788055087770;1508;Settings / Licht & Fahrstufe;17;89;–;01-00-00-01-FF-FF-FF-FF-FF-FF-FF-00-00-00-00-00-00;NOTIFICATION;0;da1a1500-d532-4285-be94-b07a3e11a098;da1a1508-d532-4285-be94-b07a3e11a098;18;;
263425;1788055087977;1509;BatteryChange / Akku-Livestand;11;89;5,6;07-D0-FF-FF-15-AF-00-00-00-00-59;NOTIFICATION;0;da1a1500-d532-4285-be94-b07a3e11a098;da1a1509-d532-4285-be94-b07a3e11a098;18;;
263637;1788055088189;150A;MotorUpdate / Motor-Livestand;10;89;–;07-D0-FF-FF-FF-FF-FF-FF-FF-FF;NOTIFICATION;0;da1a1500-d532-4285-be94-b07a3e11a098;da1a150a-d532-4285-be94-b07a3e11a098;18;;
263834;1788055088386;150B;Motor-/Controllerblock;20;89;–;FF-FF-FF-FF-FF-FF-FF-FF-FF-FF-FF-FF-FF-FF-FF-FF-FF-FF-FF-FF;NOTIFICATION;0;da1a1500-d532-4285-be94-b07a3e11a098;da1a150b-d532-4285-be94-b07a3e11a098;18;;
264046;1788055088598;150D;Fahrstatistik Max/Ø;20;89;–;00-DA-00-7B-FF-FF-FF-FF-47-18-FF-FF-FF-FF-FF-FF-FF-FF-00-00;NOTIFICATION;0;da1a1500-d532-4285-be94-b07a3e11a098;da1a150d-d532-4285-be94-b07a3e11a098;18;;
265145;1788055089697;1502;Akkuinformationen;16;90;–;47-18-FF-FF-FF-FF-47-18-FF-FF-FF-FF-FF-FF-00-00;NOTIFICATION;0;da1a1500-d532-4285-be94-b07a3e11a098;da1a1502-d532-4285-be94-b07a3e11a098;18;;
265507;1788055090059;1505;BikePerformance / Fahrleistung;18;90;0,1,2,3,7;01-B8-01-B8-FF-FF-00-80-FF-FF-FF-FF-FF-00-00-00-00-00;NOTIFICATION;0;da1a1500-d532-4285-be94-b07a3e11a098;da1a1505-d532-4285-be94-b07a3e11a098;18;;
265715;1788055090267;1506;Trip / Kilometer & Betriebszähler;16;90;7;00-00-1E-36-00-02-5D-89-00-00-03-05-00-00-00-00;NOTIFICATION;0;da1a1500-d532-4285-be94-b07a3e11a098;da1a1506-d532-4285-be94-b07a3e11a098;18;;
266134;1788055090686;1508;Settings / Licht & Fahrstufe;17;90;–;01-00-00-01-FF-FF-FF-FF-FF-FF-FF-00-00-00-00-00-00;NOTIFICATION;0;da1a1500-d532-4285-be94-b07a3e11a098;da1a1508-d532-4285-be94-b07a3e11a098;18;;
266347;1788055090899;1509;BatteryChange / Akku-Livestand;11;90;0,1,10;03-E8-FF-FF-15-AF-00-00-00-00-2C;NOTIFICATION;0;da1a1500-d532-4285-be94-b07a3e11a098;da1a1509-d532-4285-be94-b07a3e11a098;18;;
266555;1788055091107;150A;MotorUpdate / Motor-Livestand;10;90;0,1;03-E8-FF-FF-FF-FF-FF-FF-FF-FF;NOTIFICATION;0;da1a1500-d532-4285-be94-b07a3e11a098;da1a150a-d532-4285-be94-b07a3e11a098;18;;
266754;1788055091306;150B;Motor-/Controllerblock;20;90;–;FF-FF-FF-FF-FF-FF-FF-FF-FF-FF-FF-FF-FF-FF-FF-FF-FF-FF-FF-FF;NOTIFICATION;0;da1a1500-d532-4285-be94-b07a3e11a098;da1a150b-d532-4285-be94-b07a3e11a098;18;;
266965;1788055091517;150D;Fahrstatistik Max/Ø;20;90;–;00-DA-00-7B-FF-FF-FF-FF-47-18-FF-FF-FF-FF-FF-FF-FF-FF-00-00;NOTIFICATION;0;da1a1500-d532-4285-be94-b07a3e11a098;da1a150d-d532-4285-be94-b07a3e11a098;18;;
268014;1788055092566;1502;Akkuinformationen;16;91;–;47-18-FF-FF-FF-FF-47-18-FF-FF-FF-FF-FF-FF-00-00;NOTIFICATION;0;da1a1500-d532-4285-be94-b07a3e11a098;da1a1502-d532-4285-be94-b07a3e11a098;18;;
268426;1788055092978;1505;BikePerformance / Fahrleistung;18;91;0,1,2,3,7;00-00-00-00-FF-FF-00-79-FF-FF-FF-FF-FF-00-00-00-00-00;NOTIFICATION;0;da1a1500-d532-4285-be94-b07a3e11a098;da1a1505-d532-4285-be94-b07a3e11a098;18;;
268638;1788055093190;1506;Trip / Kilometer & Betriebszähler;16;91;7;00-00-1E-36-00-02-5D-8C-00-00-03-05-00-00-00-00;NOTIFICATION;0;da1a1500-d532-4285-be94-b07a3e11a098;da1a1506-d532-4285-be94-b07a3e11a098;18;;
269053;1788055093605;1508;Settings / Licht & Fahrstufe;17;91;–;01-00-00-01-FF-FF-FF-FF-FF-FF-FF-00-00-00-00-00-00;NOTIFICATION;0;da1a1500-d532-4285-be94-b07a3e11a098;da1a1508-d532-4285-be94-b07a3e11a098;18;;
269263;1788055093815;1509;BatteryChange / Akku-Livestand;11;91;0,1,5,6,10;00-00-FF-FF-15-B0-90-00-00-00-00;NOTIFICATION;0;da1a1500-d532-4285-be94-b07a3e11a098;da1a1509-d532-4285-be94-b07a3e11a098;18;;
269473;1788055094025;150A;MotorUpdate / Motor-Livestand;10;91;0,1;00-00-FF-FF-FF-FF-FF-FF-FF-FF;NOTIFICATION;0;da1a1500-d532-4285-be94-b07a3e11a098;da1a150a-d532-4285-be94-b07a3e11a098;18;;
269688;1788055094240;150B;Motor-/Controllerblock;20;91;–;FF-FF-FF-FF-FF-FF-FF-FF-FF-FF-FF-FF-FF-FF-FF-FF-FF-FF-FF-FF;NOTIFICATION;0;da1a1500-d532-4285-be94-b07a3e11a098;da1a150b-d532-4285-be94-b07a3e11a098;18;;
269886;1788055094438;150D;Fahrstatistik Max/Ø;20;91;–;00-DA-00-7B-FF-FF-FF-FF-47-18-FF-FF-FF-FF-FF-FF-FF-FF-00-00;NOTIFICATION;0;da1a1500-d532-4285-be94-b07a3e11a098;da1a150d-d532-4285-be94-b07a3e11a098;18;;
270939;1788055095491;1502;Akkuinformationen;16;92;–;47-18-FF-FF-FF-FF-47-18-FF-FF-FF-FF-FF-FF-00-00;NOTIFICATION;0;da1a1500-d532-4285-be94-b07a3e11a098;da1a1502-d532-4285-be94-b07a3e11a098;18;;
271346;1788055095898;1505;BikePerformance / Fahrleistung;18;92;0,1,2,3,7;0A-5A-0A-5A-FF-FF-00-70-FF-FF-FF-FF-FF-00-00-00-00-00;NOTIFICATION;0;da1a1500-d532-4285-be94-b07a3e11a098;da1a1505-d532-4285-be94-b07a3e11a098;18;;
271555;1788055096107;1506;Trip / Kilometer & Betriebszähler;16;92;7;00-00-1E-36-00-02-5D-8F-00-00-03-05-00-00-00-00;NOTIFICATION;0;da1a1500-d532-4285-be94-b07a3e11a098;da1a1506-d532-4285-be94-b07a3e11a098;18;;
271978;1788055096530;1508;Settings / Licht & Fahrstufe;17;92;–;01-00-00-01-FF-FF-FF-FF-FF-FF-FF-00-00-00-00-00-00;NOTIFICATION;0;da1a1500-d532-4285-be94-b07a3e11a098;da1a1508-d532-4285-be94-b07a3e11a098;18;;
272184;1788055096736;1509;BatteryChange / Akku-Livestand;11;92;0,1,5,6,10;13-88-FF-FF-15-AD-0C-00-00-00-DD;NOTIFICATION;0;da1a1500-d532-4285-be94-b07a3e11a098;da1a1509-d532-4285-be94-b07a3e11a098;18;;
272394;1788055096946;150A;MotorUpdate / Motor-Livestand;10;92;0,1;13-88-FF-FF-FF-FF-FF-FF-FF-FF;NOTIFICATION;0;da1a1500-d532-4285-be94-b07a3e11a098;da1a150a-d532-4285-be94-b07a3e11a098;18;;
272607;1788055097159;150B;Motor-/Controllerblock;20;92;–;FF-FF-FF-FF-FF-FF-FF-FF-FF-FF-FF-FF-FF-FF-FF-FF-FF-FF-FF-FF;NOTIFICATION;0;da1a1500-d532-4285-be94-b07a3e11a098;da1a150b-d532-4285-be94-b07a3e11a098;18;;
272806;1788055097358;150D;Fahrstatistik Max/Ø;20;92;–;00-DA-00-7B-FF-FF-FF-FF-47-18-FF-FF-FF-FF-FF-FF-FF-FF-00-00;NOTIFICATION;0;da1a1500-d532-4285-be94-b07a3e11a098;da1a150d-d532-4285-be94-b07a3e11a098;18;;
273906;1788055098458;1502;Akkuinformationen;16;93;–;47-18-FF-FF-FF-FF-47-18-FF-FF-FF-FF-FF-FF-00-00;NOTIFICATION;0;da1a1500-d532-4285-be94-b07a3e11a098;da1a1502-d532-4285-be94-b07a3e11a098;18;;
274321;1788055098873;1505;BikePerformance / Fahrleistung;18;93;0,1,2,3,7;00-00-00-00-FF-FF-00-7B-FF-FF-FF-FF-FF-00-00-00-00-00;NOTIFICATION;0;da1a1500-d532-4285-be94-b07a3e11a098;da1a1505-d532-4285-be94-b07a3e11a098;18;;
274477;1788055099029;1506;Trip / Kilometer & Betriebszähler;16;93;3,7;00-00-1E-37-00-02-5D-92-00-00-03-05-00-00-00-00;NOTIFICATION;0;da1a1500-d532-4285-be94-b07a3e11a098;da1a1506-d532-4285-be94-b07a3e11a098;18;;
274948;1788055099500;1508;Settings / Licht & Fahrstufe;17;93;–;01-00-00-01-FF-FF-FF-FF-FF-FF-FF-00-00-00-00-00-00;NOTIFICATION;0;da1a1500-d532-4285-be94-b07a3e11a098;da1a1508-d532-4285-be94-b07a3e11a098;18;;
275104;1788055099656;1509;BatteryChange / Akku-Livestand;11;93;0,1,6,10;0B-B8-FF-FF-15-AD-D4-00-00-00-2C;NOTIFICATION;0;da1a1500-d532-4285-be94-b07a3e11a098;da1a1509-d532-4285-be94-b07a3e11a098;18;;
275341;1788055099893;150A;MotorUpdate / Motor-Livestand;10;93;0,1;0B-B8-FF-FF-FF-FF-FF-FF-FF-FF;NOTIFICATION;0;da1a1500-d532-4285-be94-b07a3e11a098;da1a150a-d532-4285-be94-b07a3e11a098;18;;
275524;1788055100076;150B;Motor-/Controllerblock;20;93;–;FF-FF-FF-FF-FF-FF-FF-FF-FF-FF-FF-FF-FF-FF-FF-FF-FF-FF-FF-FF;NOTIFICATION;0;da1a1500-d532-4285-be94-b07a3e11a098;da1a150b-d532-4285-be94-b07a3e11a098;18;;
275765;1788055100317;150D;Fahrstatistik Max/Ø;20;93;3;00-DA-00-7C-FF-FF-FF-FF-47-18-FF-FF-FF-FF-FF-FF-FF-FF-00-00;NOTIFICATION;0;da1a1500-d532-4285-be94-b07a3e11a098;da1a150d-d532-4285-be94-b07a3e11a098;18;;
276847;1788055101399;1502;Akkuinformationen;16;94;–;47-18-FF-FF-FF-FF-47-18-FF-FF-FF-FF-FF-FF-00-00;NOTIFICATION;0;da1a1500-d532-4285-be94-b07a3e11a098;da1a1502-d532-4285-be94-b07a3e11a098;18;;
277273;1788055101825;1505;BikePerformance / Fahrleistung;18;94;0,1,2,3,7;01-C2-01-C2-FF-FF-00-86-FF-FF-FF-FF-FF-00-00-00-00-00;NOTIFICATION;0;da1a1500-d532-4285-be94-b07a3e11a098;da1a1505-d532-4285-be94-b07a3e11a098;18;;
277396;1788055101948;1506;Trip / Kilometer & Betriebszähler;16;94;7;00-00-1E-37-00-02-5D-95-00-00-03-05-00-00-00-00;NOTIFICATION;0;da1a1500-d532-4285-be94-b07a3e11a098;da1a1506-d532-4285-be94-b07a3e11a098;18;;
277865;1788055102417;1508;Settings / Licht & Fahrstufe;17;94;–;01-00-00-01-FF-FF-FF-FF-FF-FF-FF-00-00-00-00-00-00;NOTIFICATION;0;da1a1500-d532-4285-be94-b07a3e11a098;da1a1508-d532-4285-be94-b07a3e11a098;18;;
278028;1788055102580;1509;BatteryChange / Akku-Livestand;11;94;0,1,5,6,10;00-00-FF-FF-15-B0-2C-00-00-00-00;NOTIFICATION;0;da1a1500-d532-4285-be94-b07a3e11a098;da1a1509-d532-4285-be94-b07a3e11a098;18;;
278258;1788055102810;150A;MotorUpdate / Motor-Livestand;10;94;0,1;00-00-FF-FF-FF-FF-FF-FF-FF-FF;NOTIFICATION;0;da1a1500-d532-4285-be94-b07a3e11a098;da1a150a-d532-4285-be94-b07a3e11a098;18;;
278448;1788055103000;150B;Motor-/Controllerblock;20;94;–;FF-FF-FF-FF-FF-FF-FF-FF-FF-FF-FF-FF-FF-FF-FF-FF-FF-FF-FF-FF;NOTIFICATION;0;da1a1500-d532-4285-be94-b07a3e11a098;da1a150b-d532-4285-be94-b07a3e11a098;18;;
278685;1788055103237;150D;Fahrstatistik Max/Ø;20;94;–;00-DA-00-7C-FF-FF-FF-FF-47-18-FF-FF-FF-FF-FF-FF-FF-FF-00-00;NOTIFICATION;0;da1a1500-d532-4285-be94-b07a3e11a098;da1a150d-d532-4285-be94-b07a3e11a098;18;;
279745;1788055104297;1502;Akkuinformationen;16;95;–;47-18-FF-FF-FF-FF-47-18-FF-FF-FF-FF-FF-FF-00-00;NOTIFICATION;0;da1a1500-d532-4285-be94-b07a3e11a098;da1a1502-d532-4285-be94-b07a3e11a098;18;;
280186;1788055104738;1505;BikePerformance / Fahrleistung;18;95;0,1,2,3,7;03-7A-03-7A-FF-FF-00-75-FF-FF-FF-FF-FF-00-00-00-00-00;NOTIFICATION;0;da1a1500-d532-4285-be94-b07a3e11a098;da1a1505-d532-4285-be94-b07a3e11a098;18;;
280307;1788055104859;1506;Trip / Kilometer & Betriebszähler;16;95;7;00-00-1E-37-00-02-5D-98-00-00-03-05-00-00-00-00;NOTIFICATION;0;da1a1500-d532-4285-be94-b07a3e11a098;da1a1506-d532-4285-be94-b07a3e11a098;18;;
280732;1788055105284;1508;Settings / Licht & Fahrstufe;17;95;–;01-00-00-01-FF-FF-FF-FF-FF-FF-FF-00-00-00-00-00-00;NOTIFICATION;0;da1a1500-d532-4285-be94-b07a3e11a098;da1a1508-d532-4285-be94-b07a3e11a098;18;;
280943;1788055105495;1509;BatteryChange / Akku-Livestand;11;95;–;00-00-FF-FF-15-B0-2C-00-00-00-00;NOTIFICATION;0;da1a1500-d532-4285-be94-b07a3e11a098;da1a1509-d532-4285-be94-b07a3e11a098;18;;
281151;1788055105703;150A;MotorUpdate / Motor-Livestand;10;95;–;00-00-FF-FF-FF-FF-FF-FF-FF-FF;NOTIFICATION;0;da1a1500-d532-4285-be94-b07a3e11a098;da1a150a-d532-4285-be94-b07a3e11a098;18;;
281363;1788055105915;150B;Motor-/Controllerblock;20;95;–;FF-FF-FF-FF-FF-FF-FF-FF-FF-FF-FF-FF-FF-FF-FF-FF-FF-FF-FF-FF;NOTIFICATION;0;da1a1500-d532-4285-be94-b07a3e11a098;da1a150b-d532-4285-be94-b07a3e11a098;18;;
281562;1788055106114;150D;Fahrstatistik Max/Ø;20;95;–;00-DA-00-7C-FF-FF-FF-FF-47-18-FF-FF-FF-FF-FF-FF-FF-FF-00-00;NOTIFICATION;0;da1a1500-d532-4285-be94-b07a3e11a098;da1a150d-d532-4285-be94-b07a3e11a098;18;;
282616;1788055107168;1502;Akkuinformationen;16;96;–;47-18-FF-FF-FF-FF-47-18-FF-FF-FF-FF-FF-FF-00-00;NOTIFICATION;0;da1a1500-d532-4285-be94-b07a3e11a098;da1a1502-d532-4285-be94-b07a3e11a098;18;;
283024;1788055107576;1505;BikePerformance / Fahrleistung;18;96;1,3,7;03-84-03-84-FF-FF-00-68-FF-FF-FF-FF-FF-00-00-00-00-00;NOTIFICATION;0;da1a1500-d532-4285-be94-b07a3e11a098;da1a1505-d532-4285-be94-b07a3e11a098;18;;
283234;1788055107786;1506;Trip / Kilometer & Betriebszähler;16;96;7;00-00-1E-37-00-02-5D-9B-00-00-03-05-00-00-00-00;NOTIFICATION;0;da1a1500-d532-4285-be94-b07a3e11a098;da1a1506-d532-4285-be94-b07a3e11a098;18;;
283654;1788055108206;1508;Settings / Licht & Fahrstufe;17;96;–;01-00-00-01-FF-FF-FF-FF-FF-FF-FF-00-00-00-00-00-00;NOTIFICATION;0;da1a1500-d532-4285-be94-b07a3e11a098;da1a1508-d532-4285-be94-b07a3e11a098;18;;
283866;1788055108418;1509;BatteryChange / Akku-Livestand;11;96;0,1,9,10;0B-B8-FF-FF-15-B0-2C-00-00-01-34;NOTIFICATION;0;da1a1500-d532-4285-be94-b07a3e11a098;da1a1509-d532-4285-be94-b07a3e11a098;18;;
284072;1788055108624;150A;MotorUpdate / Motor-Livestand;10;96;0,1;03-E8-FF-FF-FF-FF-FF-FF-FF-FF;NOTIFICATION;0;da1a1500-d532-4285-be94-b07a3e11a098;da1a150a-d532-4285-be94-b07a3e11a098;18;;
284283;1788055108835;150B;Motor-/Controllerblock;20;96;–;FF-FF-FF-FF-FF-FF-FF-FF-FF-FF-FF-FF-FF-FF-FF-FF-FF-FF-FF-FF;NOTIFICATION;0;da1a1500-d532-4285-be94-b07a3e11a098;da1a150b-d532-4285-be94-b07a3e11a098;18;;
284488;1788055109040;150D;Fahrstatistik Max/Ø;20;96;–;00-DA-00-7C-FF-FF-FF-FF-47-18-FF-FF-FF-FF-FF-FF-FF-FF-00-00;NOTIFICATION;0;da1a1500-d532-4285-be94-b07a3e11a098;da1a150d-d532-4285-be94-b07a3e11a098;18;;
285537;1788055110089;1502;Akkuinformationen;16;97;–;47-18-FF-FF-FF-FF-47-18-FF-FF-FF-FF-FF-FF-00-00;NOTIFICATION;0;da1a1500-d532-4285-be94-b07a3e11a098;da1a1502-d532-4285-be94-b07a3e11a098;18;;
285947;1788055110499;1505;BikePerformance / Fahrleistung;18;97;0,1,2,3,7;00-00-00-00-FF-FF-00-6C-FF-FF-FF-FF-FF-00-00-00-00-00;NOTIFICATION;0;da1a1500-d532-4285-be94-b07a3e11a098;da1a1505-d532-4285-be94-b07a3e11a098;18;;
286154;1788055110706;1506;Trip / Kilometer & Betriebszähler;16;97;7;00-00-1E-37-00-02-5D-9E-00-00-03-05-00-00-00-00;NOTIFICATION;0;da1a1500-d532-4285-be94-b07a3e11a098;da1a1506-d532-4285-be94-b07a3e11a098;18;;
286577;1788055111129;1508;Settings / Licht & Fahrstufe;17;97;–;01-00-00-01-FF-FF-FF-FF-FF-FF-FF-00-00-00-00-00-00;NOTIFICATION;0;da1a1500-d532-4285-be94-b07a3e11a098;da1a1508-d532-4285-be94-b07a3e11a098;18;;
286787;1788055111339;1509;BatteryChange / Akku-Livestand;11;97;0,1,5,6,9,10;07-D0-FF-FF-15-AF-00-00-00-00-59;NOTIFICATION;0;da1a1500-d532-4285-be94-b07a3e11a098;da1a1509-d532-4285-be94-b07a3e11a098;18;;
287008;1788055111560;150A;MotorUpdate / Motor-Livestand;10;97;–;03-E8-FF-FF-FF-FF-FF-FF-FF-FF;NOTIFICATION;0;da1a1500-d532-4285-be94-b07a3e11a098;da1a150a-d532-4285-be94-b07a3e11a098;18;;
287203;1788055111755;150B;Motor-/Controllerblock;20;97;–;FF-FF-FF-FF-FF-FF-FF-FF-FF-FF-FF-FF-FF-FF-FF-FF-FF-FF-FF-FF;NOTIFICATION;0;da1a1500-d532-4285-be94-b07a3e11a098;da1a150b-d532-4285-be94-b07a3e11a098;18;;
287411;1788055111963;150D;Fahrstatistik Max/Ø;20;97;–;00-DA-00-7C-FF-FF-FF-FF-47-18-FF-FF-FF-FF-FF-FF-FF-FF-00-00;NOTIFICATION;0;da1a1500-d532-4285-be94-b07a3e11a098;da1a150d-d532-4285-be94-b07a3e11a098;18;;
288456;1788055113008;1502;Akkuinformationen;16;98;–;47-18-FF-FF-FF-FF-47-18-FF-FF-FF-FF-FF-FF-00-00;NOTIFICATION;0;da1a1500-d532-4285-be94-b07a3e11a098;da1a1502-d532-4285-be94-b07a3e11a098;18;;
288868;1788055113420;1505;BikePerformance / Fahrleistung;18;98;0,1,2,3,7;06-F4-06-F4-FF-FF-00-75-FF-FF-FF-FF-FF-00-00-00-00-00;NOTIFICATION;0;da1a1500-d532-4285-be94-b07a3e11a098;da1a1505-d532-4285-be94-b07a3e11a098;18;;
289077;1788055113629;1506;Trip / Kilometer & Betriebszähler;16;98;7;00-00-1E-37-00-02-5D-A1-00-00-03-05-00-00-00-00;NOTIFICATION;0;da1a1500-d532-4285-be94-b07a3e11a098;da1a1506-d532-4285-be94-b07a3e11a098;18;;
289497;1788055114049;1508;Settings / Licht & Fahrstufe;17;98;–;01-00-00-01-FF-FF-FF-FF-FF-FF-FF-00-00-00-00-00-00;NOTIFICATION;0;da1a1500-d532-4285-be94-b07a3e11a098;da1a1508-d532-4285-be94-b07a3e11a098;18;;
289705;1788055114257;1509;BatteryChange / Akku-Livestand;11;98;0,1,6,10;0B-B8-FF-FF-15-AF-C8-00-00-00-87;NOTIFICATION;0;da1a1500-d532-4285-be94-b07a3e11a098;da1a1509-d532-4285-be94-b07a3e11a098;18;;
289916;1788055114468;150A;MotorUpdate / Motor-Livestand;10;98;0,1;00-00-FF-FF-FF-FF-FF-FF-FF-FF;NOTIFICATION;0;da1a1500-d532-4285-be94-b07a3e11a098;da1a150a-d532-4285-be94-b07a3e11a098;18;;
290125;1788055114677;150B;Motor-/Controllerblock;20;98;–;FF-FF-FF-FF-FF-FF-FF-FF-FF-FF-FF-FF-FF-FF-FF-FF-FF-FF-FF-FF;NOTIFICATION;0;da1a1500-d532-4285-be94-b07a3e11a098;da1a150b-d532-4285-be94-b07a3e11a098;18;;
290338;1788055114890;150D;Fahrstatistik Max/Ø;20;98;–;00-DA-00-7C-FF-FF-FF-FF-47-18-FF-FF-FF-FF-FF-FF-FF-FF-00-00;NOTIFICATION;0;da1a1500-d532-4285-be94-b07a3e11a098;da1a150d-d532-4285-be94-b07a3e11a098;18;;
291375;1788055115927;1502;Akkuinformationen;16;99;–;47-18-FF-FF-FF-FF-47-18-FF-FF-FF-FF-FF-FF-00-00;NOTIFICATION;0;da1a1500-d532-4285-be94-b07a3e11a098;da1a1502-d532-4285-be94-b07a3e11a098;18;;
291794;1788055116346;1505;BikePerformance / Fahrleistung;18;99;0,1,2,3,7;00-00-00-00-FF-FF-00-79-FF-FF-FF-FF-FF-00-00-00-00-00;NOTIFICATION;0;da1a1500-d532-4285-be94-b07a3e11a098;da1a1505-d532-4285-be94-b07a3e11a098;18;;
292004;1788055116556;1506;Trip / Kilometer & Betriebszähler;16;99;7;00-00-1E-37-00-02-5D-A4-00-00-03-05-00-00-00-00;NOTIFICATION;0;da1a1500-d532-4285-be94-b07a3e11a098;da1a1506-d532-4285-be94-b07a3e11a098;18;;
292416;1788055116968;1508;Settings / Licht & Fahrstufe;17;99;–;01-00-00-01-FF-FF-FF-FF-FF-FF-FF-00-00-00-00-00-00;NOTIFICATION;0;da1a1500-d532-4285-be94-b07a3e11a098;da1a1508-d532-4285-be94-b07a3e11a098;18;;
292627;1788055117179;1509;BatteryChange / Akku-Livestand;11;99;0,1,5,6,10;07-D0-FF-FF-15-B0-2C-00-00-00-5A;NOTIFICATION;0;da1a1500-d532-4285-be94-b07a3e11a098;da1a1509-d532-4285-be94-b07a3e11a098;18;;
292832;1788055117384;150A;MotorUpdate / Motor-Livestand;10;99;–;00-00-FF-FF-FF-FF-FF-FF-FF-FF;NOTIFICATION;0;da1a1500-d532-4285-be94-b07a3e11a098;da1a150a-d532-4285-be94-b07a3e11a098;18;;
293041;1788055117593;150B;Motor-/Controllerblock;20;99;–;FF-FF-FF-FF-FF-FF-FF-FF-FF-FF-FF-FF-FF-FF-FF-FF-FF-FF-FF-FF;NOTIFICATION;0;da1a1500-d532-4285-be94-b07a3e11a098;da1a150b-d532-4285-be94-b07a3e11a098;18;;
293251;1788055117803;150D;Fahrstatistik Max/Ø;20;99;–;00-DA-00-7C-FF-FF-FF-FF-47-18-FF-FF-FF-FF-FF-FF-FF-FF-00-00;NOTIFICATION;0;da1a1500-d532-4285-be94-b07a3e11a098;da1a150d-d532-4285-be94-b07a3e11a098;18;;
294296;1788055118848;1502;Akkuinformationen;16;100;–;47-18-FF-FF-FF-FF-47-18-FF-FF-FF-FF-FF-FF-00-00;NOTIFICATION;0;da1a1500-d532-4285-be94-b07a3e11a098;da1a1502-d532-4285-be94-b07a3e11a098;18;;
294784;1788055119336;1505;BikePerformance / Fahrleistung;18;100;0,1,2,3;05-28-05-28-FF-FF-00-79-FF-FF-FF-FF-FF-00-00-00-00-00;NOTIFICATION;0;da1a1500-d532-4285-be94-b07a3e11a098;da1a1505-d532-4285-be94-b07a3e11a098;18;;
294913;1788055119465;1506;Trip / Kilometer & Betriebszähler;16;100;7;00-00-1E-37-00-02-5D-A6-00-00-03-05-00-00-00-00;NOTIFICATION;0;da1a1500-d532-4285-be94-b07a3e11a098;da1a1506-d532-4285-be94-b07a3e11a098;18;;
295390;1788055119942;1508;Settings / Licht & Fahrstufe;17;100;–;01-00-00-01-FF-FF-FF-FF-FF-FF-FF-00-00-00-00-00-00;NOTIFICATION;0;da1a1500-d532-4285-be94-b07a3e11a098;da1a1508-d532-4285-be94-b07a3e11a098;18;;
295547;1788055120099;1509;BatteryChange / Akku-Livestand;11;100;0,1,5,6,10;03-E8-FF-FF-15-AE-9C-00-00-00-2D;NOTIFICATION;0;da1a1500-d532-4285-be94-b07a3e11a098;da1a1509-d532-4285-be94-b07a3e11a098;18;;
295785;1788055120337;150A;MotorUpdate / Motor-Livestand;10;100;0,1;13-88-FF-FF-FF-FF-FF-FF-FF-FF;NOTIFICATION;0;da1a1500-d532-4285-be94-b07a3e11a098;da1a150a-d532-4285-be94-b07a3e11a098;18;;
295967;1788055120519;150B;Motor-/Controllerblock;20;100;–;FF-FF-FF-FF-FF-FF-FF-FF-FF-FF-FF-FF-FF-FF-FF-FF-FF-FF-FF-FF;NOTIFICATION;0;da1a1500-d532-4285-be94-b07a3e11a098;da1a150b-d532-4285-be94-b07a3e11a098;18;;
296204;1788055120756;150D;Fahrstatistik Max/Ø;20;100;–;00-DA-00-7C-FF-FF-FF-FF-47-18-FF-FF-FF-FF-FF-FF-FF-FF-00-00;NOTIFICATION;0;da1a1500-d532-4285-be94-b07a3e11a098;da1a150d-d532-4285-be94-b07a3e11a098;18;;
297270;1788055121822;1502;Akkuinformationen;16;101;–;47-18-FF-FF-FF-FF-47-18-FF-FF-FF-FF-FF-FF-00-00;NOTIFICATION;0;da1a1500-d532-4285-be94-b07a3e11a098;da1a1502-d532-4285-be94-b07a3e11a098;18;;
297710;1788055122262;1505;BikePerformance / Fahrleistung;18;101;0,1,2,3,7;01-C2-01-C2-FF-FF-00-7A-FF-FF-FF-FF-FF-00-00-00-00-00;NOTIFICATION;0;da1a1500-d532-4285-be94-b07a3e11a098;da1a1505-d532-4285-be94-b07a3e11a098;18;;
297838;1788055122390;1506;Trip / Kilometer & Betriebszähler;16;101;7;00-00-1E-37-00-02-5D-A9-00-00-03-05-00-00-00-00;NOTIFICATION;0;da1a1500-d532-4285-be94-b07a3e11a098;da1a1506-d532-4285-be94-b07a3e11a098;18;;
298332;1788055122884;1508;Settings / Licht & Fahrstufe;17;101;–;01-00-00-01-FF-FF-FF-FF-FF-FF-FF-00-00-00-00-00-00;NOTIFICATION;0;da1a1500-d532-4285-be94-b07a3e11a098;da1a1508-d532-4285-be94-b07a3e11a098;18;;
298465;1788055123017;1509;BatteryChange / Akku-Livestand;11;101;0,1,5,6,10;07-D0-FF-FF-15-AD-D4-00-00-00-59;NOTIFICATION;0;da1a1500-d532-4285-be94-b07a3e11a098;da1a1509-d532-4285-be94-b07a3e11a098;18;;
298699;1788055123251;150A;MotorUpdate / Motor-Livestand;10;101;0,1;00-00-FF-FF-FF-FF-FF-FF-FF-FF;NOTIFICATION;0;da1a1500-d532-4285-be94-b07a3e11a098;da1a150a-d532-4285-be94-b07a3e11a098;18;;
298886;1788055123438;150B;Motor-/Controllerblock;20;101;–;FF-FF-FF-FF-FF-FF-FF-FF-FF-FF-FF-FF-FF-FF-FF-FF-FF-FF-FF-FF;NOTIFICATION;0;da1a1500-d532-4285-be94-b07a3e11a098;da1a150b-d532-4285-be94-b07a3e11a098;18;;
299129;1788055123681;150D;Fahrstatistik Max/Ø;20;101;–;00-DA-00-7C-FF-FF-FF-FF-47-18-FF-FF-FF-FF-FF-FF-FF-FF-00-00;NOTIFICATION;0;da1a1500-d532-4285-be94-b07a3e11a098;da1a150d-d532-4285-be94-b07a3e11a098;18;;
300196;1788055124748;1502;Akkuinformationen;16;102;–;47-18-FF-FF-FF-FF-47-18-FF-FF-FF-FF-FF-FF-00-00;NOTIFICATION;0;da1a1500-d532-4285-be94-b07a3e11a098;da1a1502-d532-4285-be94-b07a3e11a098;18;;
300639;1788055125191;1505;BikePerformance / Fahrleistung;18;102;0,1,2,3,7;00-00-00-00-FF-FF-00-72-FF-FF-FF-FF-FF-00-00-00-00-00;NOTIFICATION;0;da1a1500-d532-4285-be94-b07a3e11a098;da1a1505-d532-4285-be94-b07a3e11a098;18;;
300753;1788055125305;1506;Trip / Kilometer & Betriebszähler;16;102;7;00-00-1E-37-00-02-5D-AC-00-00-03-05-00-00-00-00;NOTIFICATION;0;da1a1500-d532-4285-be94-b07a3e11a098;da1a1506-d532-4285-be94-b07a3e11a098;18;;
301268;1788055125820;1508;Settings / Licht & Fahrstufe;17;102;–;01-00-00-01-FF-FF-FF-FF-FF-FF-FF-00-00-00-00-00-00;NOTIFICATION;0;da1a1500-d532-4285-be94-b07a3e11a098;da1a1508-d532-4285-be94-b07a3e11a098;18;;
301381;1788055125933;1509;BatteryChange / Akku-Livestand;11;102;0,1,6,10;13-88-FF-FF-15-AD-70-00-00-00-DE;NOTIFICATION;0;da1a1500-d532-4285-be94-b07a3e11a098;da1a1509-d532-4285-be94-b07a3e11a098;18;;
301653;1788055126205;150A;MotorUpdate / Motor-Livestand;10;102;0,1;07-D0-FF-FF-FF-FF-FF-FF-FF-FF;NOTIFICATION;0;da1a1500-d532-4285-be94-b07a3e11a098;da1a150a-d532-4285-be94-b07a3e11a098;18;;
301805;1788055126357;150B;Motor-/Controllerblock;20;102;–;FF-FF-FF-FF-FF-FF-FF-FF-FF-FF-FF-FF-FF-FF-FF-FF-FF-FF-FF-FF;NOTIFICATION;0;da1a1500-d532-4285-be94-b07a3e11a098;da1a150b-d532-4285-be94-b07a3e11a098;18;;
302051;1788055126603;150D;Fahrstatistik Max/Ø;20;102;–;00-DA-00-7C-FF-FF-FF-FF-47-18-FF-FF-FF-FF-FF-FF-FF-FF-00-00;NOTIFICATION;0;da1a1500-d532-4285-be94-b07a3e11a098;da1a150d-d532-4285-be94-b07a3e11a098;18;;
303113;1788055127665;1502;Akkuinformationen;16;103;–;47-18-FF-FF-FF-FF-47-18-FF-FF-FF-FF-FF-FF-00-00;NOTIFICATION;0;da1a1500-d532-4285-be94-b07a3e11a098;da1a1502-d532-4285-be94-b07a3e11a098;18;;
303531;1788055128083;1505;BikePerformance / Fahrleistung;18;103;0,1,2,3,7;08-A2-08-A2-FF-FF-00-7D-FF-FF-FF-FF-FF-00-00-00-00-00;NOTIFICATION;0;da1a1500-d532-4285-be94-b07a3e11a098;da1a1505-d532-4285-be94-b07a3e11a098;18;;
303676;1788055128228;1506;Trip / Kilometer & Betriebszähler;16;103;7;00-00-1E-37-00-02-5D-AF-00-00-03-05-00-00-00-00;NOTIFICATION;0;da1a1500-d532-4285-be94-b07a3e11a098;da1a1506-d532-4285-be94-b07a3e11a098;18;;
304175;1788055128727;1508;Settings / Licht & Fahrstufe;17;103;–;01-00-00-01-FF-FF-FF-FF-FF-FF-FF-00-00-00-00-00-00;NOTIFICATION;0;da1a1500-d532-4285-be94-b07a3e11a098;da1a1508-d532-4285-be94-b07a3e11a098;18;;
304303;1788055128855;1509;BatteryChange / Akku-Livestand;11;103;0,1,5,6,10;00-00-FF-FF-15-AF-00-00-00-00-00;NOTIFICATION;0;da1a1500-d532-4285-be94-b07a3e11a098;da1a1509-d532-4285-be94-b07a3e11a098;18;;
304546;1788055129098;150A;MotorUpdate / Motor-Livestand;10;103;0,1;0B-B8-FF-FF-FF-FF-FF-FF-FF-FF;NOTIFICATION;0;da1a1500-d532-4285-be94-b07a3e11a098;da1a150a-d532-4285-be94-b07a3e11a098;18;;
304725;1788055129277;150B;Motor-/Controllerblock;20;103;–;FF-FF-FF-FF-FF-FF-FF-FF-FF-FF-FF-FF-FF-FF-FF-FF-FF-FF-FF-FF;NOTIFICATION;0;da1a1500-d532-4285-be94-b07a3e11a098;da1a150b-d532-4285-be94-b07a3e11a098;18;;
304962;1788055129514;150D;Fahrstatistik Max/Ø;20;103;–;00-DA-00-7C-FF-FF-FF-FF-47-18-FF-FF-FF-FF-FF-FF-FF-FF-00-00;NOTIFICATION;0;da1a1500-d532-4285-be94-b07a3e11a098;da1a150d-d532-4285-be94-b07a3e11a098;18;;
306042;1788055130594;1502;Akkuinformationen;16;104;–;47-18-FF-FF-FF-FF-47-18-FF-FF-FF-FF-FF-FF-00-00;NOTIFICATION;0;da1a1500-d532-4285-be94-b07a3e11a098;da1a1502-d532-4285-be94-b07a3e11a098;18;;
306442;1788055130994;1505;BikePerformance / Fahrleistung;18;104;0,1,2,3,7;00-00-00-00-FF-FF-00-84-FF-FF-FF-FF-FF-00-00-00-00-00;NOTIFICATION;0;da1a1500-d532-4285-be94-b07a3e11a098;da1a1505-d532-4285-be94-b07a3e11a098;18;;
306594;1788055131146;1506;Trip / Kilometer & Betriebszähler;16;104;3,7;00-00-1E-38-00-02-5D-B2-00-00-03-05-00-00-00-00;NOTIFICATION;0;da1a1500-d532-4285-be94-b07a3e11a098;da1a1506-d532-4285-be94-b07a3e11a098;18;;
307011;1788055131563;1508;Settings / Licht & Fahrstufe;17;104;–;01-00-00-01-FF-FF-FF-FF-FF-FF-FF-00-00-00-00-00-00;NOTIFICATION;0;da1a1500-d532-4285-be94-b07a3e11a098;da1a1508-d532-4285-be94-b07a3e11a098;18;;
307225;1788055131777;1509;BatteryChange / Akku-Livestand;11;104;0,1,5,6,10;0F-A0-FF-FF-15-AD-D4-00-00-00-B2;NOTIFICATION;0;da1a1500-d532-4285-be94-b07a3e11a098;da1a1509-d532-4285-be94-b07a3e11a098;18;;
307436;1788055131988;150A;MotorUpdate / Motor-Livestand;10;104;0,1;00-00-FF-FF-FF-FF-FF-FF-FF-FF;NOTIFICATION;0;da1a1500-d532-4285-be94-b07a3e11a098;da1a150a-d532-4285-be94-b07a3e11a098;18;;
307672;1788055132224;150B;Motor-/Controllerblock;20;104;–;FF-FF-FF-FF-FF-FF-FF-FF-FF-FF-FF-FF-FF-FF-FF-FF-FF-FF-FF-FF;NOTIFICATION;0;da1a1500-d532-4285-be94-b07a3e11a098;da1a150b-d532-4285-be94-b07a3e11a098;18;;
307856;1788055132408;150D;Fahrstatistik Max/Ø;20;104;3;00-DA-00-7B-FF-FF-FF-FF-47-18-FF-FF-FF-FF-FF-FF-FF-FF-00-00;NOTIFICATION;0;da1a1500-d532-4285-be94-b07a3e11a098;da1a150d-d532-4285-be94-b07a3e11a098;18;;
308948;1788055133500;1502;Akkuinformationen;16;105;–;47-18-FF-FF-FF-FF-47-18-FF-FF-FF-FF-FF-FF-00-00;NOTIFICATION;0;da1a1500-d532-4285-be94-b07a3e11a098;da1a1502-d532-4285-be94-b07a3e11a098;18;;
309363;1788055133915;1505;BikePerformance / Fahrleistung;18;105;0,1,2,3,7;01-B8-01-B8-FF-FF-00-7A-FF-FF-FF-FF-FF-00-00-00-00-00;NOTIFICATION;0;da1a1500-d532-4285-be94-b07a3e11a098;da1a1505-d532-4285-be94-b07a3e11a098;18;;
309514;1788055134066;1506;Trip / Kilometer & Betriebszähler;16;105;7;00-00-1E-38-00-02-5D-B5-00-00-03-05-00-00-00-00;NOTIFICATION;0;da1a1500-d532-4285-be94-b07a3e11a098;da1a1506-d532-4285-be94-b07a3e11a098;18;;
310022;1788055134574;1508;Settings / Licht & Fahrstufe;17;105;–;01-00-00-01-FF-FF-FF-FF-FF-FF-FF-00-00-00-00-00-00;NOTIFICATION;0;da1a1500-d532-4285-be94-b07a3e11a098;da1a1508-d532-4285-be94-b07a3e11a098;18;;
310143;1788055134695;1509;BatteryChange / Akku-Livestand;11;105;0,1,5,6,9,10;17-70-FF-FF-15-AB-7C-00-00-01-07;NOTIFICATION;0;da1a1500-d532-4285-be94-b07a3e11a098;da1a1509-d532-4285-be94-b07a3e11a098;18;;
310398;1788055134950;150A;MotorUpdate / Motor-Livestand;10;105;0,1;03-E8-FF-FF-FF-FF-FF-FF-FF-FF;NOTIFICATION;0;da1a1500-d532-4285-be94-b07a3e11a098;da1a150a-d532-4285-be94-b07a3e11a098;18;;
310567;1788055135119;150B;Motor-/Controllerblock;20;105;–;FF-FF-FF-FF-FF-FF-FF-FF-FF-FF-FF-FF-FF-FF-FF-FF-FF-FF-FF-FF;NOTIFICATION;0;da1a1500-d532-4285-be94-b07a3e11a098;da1a150b-d532-4285-be94-b07a3e11a098;18;;
310774;1788055135326;150D;Fahrstatistik Max/Ø;20;105;–;00-DA-00-7B-FF-FF-FF-FF-47-18-FF-FF-FF-FF-FF-FF-FF-FF-00-00;NOTIFICATION;0;da1a1500-d532-4285-be94-b07a3e11a098;da1a150d-d532-4285-be94-b07a3e11a098;18;;
311869;1788055136421;1502;Akkuinformationen;16;106;–;47-18-FF-FF-FF-FF-47-18-FF-FF-FF-FF-FF-FF-00-00;NOTIFICATION;0;da1a1500-d532-4285-be94-b07a3e11a098;da1a1502-d532-4285-be94-b07a3e11a098;18;;
312234;1788055136786;1505;BikePerformance / Fahrleistung;18;106;0,1,2,3,7;00-00-00-00-FF-FF-00-7D-FF-FF-FF-FF-FF-00-00-00-00-00;NOTIFICATION;0;da1a1500-d532-4285-be94-b07a3e11a098;da1a1505-d532-4285-be94-b07a3e11a098;18;;
312446;1788055136998;1506;Trip / Kilometer & Betriebszähler;16;106;7;00-00-1E-38-00-02-5D-B8-00-00-03-05-00-00-00-00;NOTIFICATION;0;da1a1500-d532-4285-be94-b07a3e11a098;da1a1506-d532-4285-be94-b07a3e11a098;18;;
312856;1788055137408;1508;Settings / Licht & Fahrstufe;17;106;–;01-00-00-01-FF-FF-FF-FF-FF-FF-FF-00-00-00-00-00-00;NOTIFICATION;0;da1a1500-d532-4285-be94-b07a3e11a098;da1a1508-d532-4285-be94-b07a3e11a098;18;;
313068;1788055137620;1509;BatteryChange / Akku-Livestand;11;106;0,1,5,6,9,10;00-00-FF-FF-15-AF-00-00-00-00-00;NOTIFICATION;0;da1a1500-d532-4285-be94-b07a3e11a098;da1a1509-d532-4285-be94-b07a3e11a098;18;;
313276;1788055137828;150A;MotorUpdate / Motor-Livestand;10;106;0,1;0B-B8-FF-FF-FF-FF-FF-FF-FF-FF;NOTIFICATION;0;da1a1500-d532-4285-be94-b07a3e11a098;da1a150a-d532-4285-be94-b07a3e11a098;18;;
313556;1788055138108;150B;Motor-/Controllerblock;20;106;–;FF-FF-FF-FF-FF-FF-FF-FF-FF-FF-FF-FF-FF-FF-FF-FF-FF-FF-FF-FF;NOTIFICATION;0;da1a1500-d532-4285-be94-b07a3e11a098;da1a150b-d532-4285-be94-b07a3e11a098;18;;
313697;1788055138249;150D;Fahrstatistik Max/Ø;20;106;–;00-DA-00-7B-FF-FF-FF-FF-47-18-FF-FF-FF-FF-FF-FF-FF-FF-00-00;NOTIFICATION;0;da1a1500-d532-4285-be94-b07a3e11a098;da1a150d-d532-4285-be94-b07a3e11a098;18;;
314809;1788055139361;1502;Akkuinformationen;16;107;–;47-18-FF-FF-FF-FF-47-18-FF-FF-FF-FF-FF-FF-00-00;NOTIFICATION;0;da1a1500-d532-4285-be94-b07a3e11a098;da1a1502-d532-4285-be94-b07a3e11a098;18;;
315222;1788055139774;1505;BikePerformance / Fahrleistung;18;107;7;00-00-00-00-FF-FF-00-83-FF-FF-FF-FF-FF-00-00-00-00-00;NOTIFICATION;0;da1a1500-d532-4285-be94-b07a3e11a098;da1a1505-d532-4285-be94-b07a3e11a098;18;;
315364;1788055139916;1506;Trip / Kilometer & Betriebszähler;16;107;7;00-00-1E-38-00-02-5D-BB-00-00-03-05-00-00-00-00;NOTIFICATION;0;da1a1500-d532-4285-be94-b07a3e11a098;da1a1506-d532-4285-be94-b07a3e11a098;18;;
315775;1788055140327;1508;Settings / Licht & Fahrstufe;17;107;–;01-00-00-01-FF-FF-FF-FF-FF-FF-FF-00-00-00-00-00-00;NOTIFICATION;0;da1a1500-d532-4285-be94-b07a3e11a098;da1a1508-d532-4285-be94-b07a3e11a098;18;;
315987;1788055140539;1509;BatteryChange / Akku-Livestand;11;107;5,6,10;00-00-FF-FF-15-B0-2C-00-00-00-5A;NOTIFICATION;0;da1a1500-d532-4285-be94-b07a3e11a098;da1a1509-d532-4285-be94-b07a3e11a098;18;;
316198;1788055140750;150A;MotorUpdate / Motor-Livestand;10;107;0,1;00-00-FF-FF-FF-FF-FF-FF-FF-FF;NOTIFICATION;0;da1a1500-d532-4285-be94-b07a3e11a098;da1a150a-d532-4285-be94-b07a3e11a098;18;;
316406;1788055140958;150B;Motor-/Controllerblock;20;107;–;FF-FF-FF-FF-FF-FF-FF-FF-FF-FF-FF-FF-FF-FF-FF-FF-FF-FF-FF-FF;NOTIFICATION;0;da1a1500-d532-4285-be94-b07a3e11a098;da1a150b-d532-4285-be94-b07a3e11a098;18;;
316617;1788055141169;150D;Fahrstatistik Max/Ø;20;107;–;00-DA-00-7B-FF-FF-FF-FF-47-18-FF-FF-FF-FF-FF-FF-FF-FF-00-00;NOTIFICATION;0;da1a1500-d532-4285-be94-b07a3e11a098;da1a150d-d532-4285-be94-b07a3e11a098;18;;
317655;1788055142207;1502;Akkuinformationen;16;108;–;47-18-FF-FF-FF-FF-47-18-FF-FF-FF-FF-FF-FF-00-00;NOTIFICATION;0;da1a1500-d532-4285-be94-b07a3e11a098;da1a1502-d532-4285-be94-b07a3e11a098;18;;
318077;1788055142629;1505;BikePerformance / Fahrleistung;18;108;7;00-00-00-00-FF-FF-00-73-FF-FF-FF-FF-FF-00-00-00-00-00;NOTIFICATION;0;da1a1500-d532-4285-be94-b07a3e11a098;da1a1505-d532-4285-be94-b07a3e11a098;18;;
318286;1788055142838;1506;Trip / Kilometer & Betriebszähler;16;108;7;00-00-1E-38-00-02-5D-BE-00-00-03-05-00-00-00-00;NOTIFICATION;0;da1a1500-d532-4285-be94-b07a3e11a098;da1a1506-d532-4285-be94-b07a3e11a098;18;;
318705;1788055143257;1508;Settings / Licht & Fahrstufe;17;108;–;01-00-00-01-FF-FF-FF-FF-FF-FF-FF-00-00-00-00-00-00;NOTIFICATION;0;da1a1500-d532-4285-be94-b07a3e11a098;da1a1508-d532-4285-be94-b07a3e11a098;18;;
318905;1788055143457;1509;BatteryChange / Akku-Livestand;11;108;0,1,10;03-E8-FF-FF-15-B0-2C-00-00-00-2D;NOTIFICATION;0;da1a1500-d532-4285-be94-b07a3e11a098;da1a1509-d532-4285-be94-b07a3e11a098;18;;
319118;1788055143670;150A;MotorUpdate / Motor-Livestand;10;108;–;00-00-FF-FF-FF-FF-FF-FF-FF-FF;NOTIFICATION;0;da1a1500-d532-4285-be94-b07a3e11a098;da1a150a-d532-4285-be94-b07a3e11a098;18;;
319327;1788055143879;150B;Motor-/Controllerblock;20;108;–;FF-FF-FF-FF-FF-FF-FF-FF-FF-FF-FF-FF-FF-FF-FF-FF-FF-FF-FF-FF;NOTIFICATION;0;da1a1500-d532-4285-be94-b07a3e11a098;da1a150b-d532-4285-be94-b07a3e11a098;18;;
319538;1788055144090;150D;Fahrstatistik Max/Ø;20;108;–;00-DA-00-7B-FF-FF-FF-FF-47-18-FF-FF-FF-FF-FF-FF-FF-FF-00-00;NOTIFICATION;0;da1a1500-d532-4285-be94-b07a3e11a098;da1a150d-d532-4285-be94-b07a3e11a098;18;;
320578;1788055145130;1502;Akkuinformationen;16;109;–;47-18-FF-FF-FF-FF-47-18-FF-FF-FF-FF-FF-FF-00-00;NOTIFICATION;0;da1a1500-d532-4285-be94-b07a3e11a098;da1a1502-d532-4285-be94-b07a3e11a098;18;;
320996;1788055145548;1505;BikePerformance / Fahrleistung;18;109;0,1,2,3,7;0A-5A-0A-5A-FF-FF-00-75-FF-FF-FF-FF-FF-00-00-00-00-00;NOTIFICATION;0;da1a1500-d532-4285-be94-b07a3e11a098;da1a1505-d532-4285-be94-b07a3e11a098;18;;
321205;1788055145757;1506;Trip / Kilometer & Betriebszähler;16;109;7;00-00-1E-38-00-02-5D-C1-00-00-03-05-00-00-00-00;NOTIFICATION;0;da1a1500-d532-4285-be94-b07a3e11a098;da1a1506-d532-4285-be94-b07a3e11a098;18;;
321616;1788055146168;1508;Settings / Licht & Fahrstufe;17;109;–;01-00-00-01-FF-FF-FF-FF-FF-FF-FF-00-00-00-00-00-00;NOTIFICATION;0;da1a1500-d532-4285-be94-b07a3e11a098;da1a1508-d532-4285-be94-b07a3e11a098;18;;
321828;1788055146380;1509;BatteryChange / Akku-Livestand;11;109;0,1,10;00-00-FF-FF-15-B0-2C-00-00-00-00;NOTIFICATION;0;da1a1500-d532-4285-be94-b07a3e11a098;da1a1509-d532-4285-be94-b07a3e11a098;18;;
322038;1788055146590;150A;MotorUpdate / Motor-Livestand;10;109;–;00-00-FF-FF-FF-FF-FF-FF-FF-FF;NOTIFICATION;0;da1a1500-d532-4285-be94-b07a3e11a098;da1a150a-d532-4285-be94-b07a3e11a098;18;;
322247;1788055146799;150B;Motor-/Controllerblock;20;109;–;FF-FF-FF-FF-FF-FF-FF-FF-FF-FF-FF-FF-FF-FF-FF-FF-FF-FF-FF-FF;NOTIFICATION;0;da1a1500-d532-4285-be94-b07a3e11a098;da1a150b-d532-4285-be94-b07a3e11a098;18;;
322455;1788055147007;150D;Fahrstatistik Max/Ø;20;109;–;00-DA-00-7B-FF-FF-FF-FF-47-18-FF-FF-FF-FF-FF-FF-FF-FF-00-00;NOTIFICATION;0;da1a1500-d532-4285-be94-b07a3e11a098;da1a150d-d532-4285-be94-b07a3e11a098;18;;
323496;1788055148048;1502;Akkuinformationen;16;110;–;47-18-FF-FF-FF-FF-47-18-FF-FF-FF-FF-FF-FF-00-00;NOTIFICATION;0;da1a1500-d532-4285-be94-b07a3e11a098;da1a1502-d532-4285-be94-b07a3e11a098;18;;
323914;1788055148466;1505;BikePerformance / Fahrleistung;18;110;0,1,2,3,7;00-00-00-00-FF-FF-00-68-FF-FF-FF-FF-FF-00-00-00-00-00;NOTIFICATION;0;da1a1500-d532-4285-be94-b07a3e11a098;da1a1505-d532-4285-be94-b07a3e11a098;18;;
324127;1788055148679;1506;Trip / Kilometer & Betriebszähler;16;110;7;00-00-1E-38-00-02-5D-C4-00-00-03-05-00-00-00-00;NOTIFICATION;0;da1a1500-d532-4285-be94-b07a3e11a098;da1a1506-d532-4285-be94-b07a3e11a098;18;;
324537;1788055149089;1508;Settings / Licht & Fahrstufe;17;110;–;01-00-00-01-FF-FF-FF-FF-FF-FF-FF-00-00-00-00-00-00;NOTIFICATION;0;da1a1500-d532-4285-be94-b07a3e11a098;da1a1508-d532-4285-be94-b07a3e11a098;18;;
324745;1788055149297;1509;BatteryChange / Akku-Livestand;11;110;0,1,5,6,10;13-88-FF-FF-15-AC-A8-00-00-00-DD;NOTIFICATION;0;da1a1500-d532-4285-be94-b07a3e11a098;da1a1509-d532-4285-be94-b07a3e11a098;18;;
325036;1788055149588;150A;MotorUpdate / Motor-Livestand;10;110;0,1;13-88-FF-FF-FF-FF-FF-FF-FF-FF;NOTIFICATION;0;da1a1500-d532-4285-be94-b07a3e11a098;da1a150a-d532-4285-be94-b07a3e11a098;18;;
325164;1788055149716;150B;Motor-/Controllerblock;20;110;–;FF-FF-FF-FF-FF-FF-FF-FF-FF-FF-FF-FF-FF-FF-FF-FF-FF-FF-FF-FF;NOTIFICATION;0;da1a1500-d532-4285-be94-b07a3e11a098;da1a150b-d532-4285-be94-b07a3e11a098;18;;
325374;1788055149926;150D;Fahrstatistik Max/Ø;20;110;–;00-DA-00-7B-FF-FF-FF-FF-47-18-FF-FF-FF-FF-FF-FF-FF-FF-00-00;NOTIFICATION;0;da1a1500-d532-4285-be94-b07a3e11a098;da1a150d-d532-4285-be94-b07a3e11a098;18;;
326415;1788055150967;1502;Akkuinformationen;16;111;–;47-18-FF-FF-FF-FF-47-18-FF-FF-FF-FF-FF-FF-00-00;NOTIFICATION;0;da1a1500-d532-4285-be94-b07a3e11a098;da1a1502-d532-4285-be94-b07a3e11a098;18;;
326836;1788055151388;1505;BikePerformance / Fahrleistung;18;111;0,1,2,3,7;06-EA-06-EA-FF-FF-00-7C-FF-FF-FF-FF-FF-00-00-00-00-00;NOTIFICATION;0;da1a1500-d532-4285-be94-b07a3e11a098;da1a1505-d532-4285-be94-b07a3e11a098;18;;
327045;1788055151597;1506;Trip / Kilometer & Betriebszähler;16;111;7;00-00-1E-38-00-02-5D-C7-00-00-03-05-00-00-00-00;NOTIFICATION;0;da1a1500-d532-4285-be94-b07a3e11a098;da1a1506-d532-4285-be94-b07a3e11a098;18;;
327457;1788055152009;1508;Settings / Licht & Fahrstufe;17;111;–;01-00-00-01-FF-FF-FF-FF-FF-FF-FF-00-00-00-00-00-00;NOTIFICATION;0;da1a1500-d532-4285-be94-b07a3e11a098;da1a1508-d532-4285-be94-b07a3e11a098;18;;
327669;1788055152221;1509;BatteryChange / Akku-Livestand;11;111;0,1,5,6,10;00-00-FF-FF-15-AF-00-00-00-00-00;NOTIFICATION;0;da1a1500-d532-4285-be94-b07a3e11a098;da1a1509-d532-4285-be94-b07a3e11a098;18;;
327878;1788055152430;150A;MotorUpdate / Motor-Livestand;10;111;0,1;07-D0-FF-FF-FF-FF-FF-FF-FF-FF;NOTIFICATION;0;da1a1500-d532-4285-be94-b07a3e11a098;da1a150a-d532-4285-be94-b07a3e11a098;18;;
328111;1788055152663;150B;Motor-/Controllerblock;20;111;–;FF-FF-FF-FF-FF-FF-FF-FF-FF-FF-FF-FF-FF-FF-FF-FF-FF-FF-FF-FF;NOTIFICATION;0;da1a1500-d532-4285-be94-b07a3e11a098;da1a150b-d532-4285-be94-b07a3e11a098;18;;
328298;1788055152850;150D;Fahrstatistik Max/Ø;20;111;–;00-DA-00-7B-FF-FF-FF-FF-47-18-FF-FF-FF-FF-FF-FF-FF-FF-00-00;NOTIFICATION;0;da1a1500-d532-4285-be94-b07a3e11a098;da1a150d-d532-4285-be94-b07a3e11a098;18;;
329388;1788055153940;1502;Akkuinformationen;16;112;–;47-18-FF-FF-FF-FF-47-18-FF-FF-FF-FF-FF-FF-00-00;NOTIFICATION;0;da1a1500-d532-4285-be94-b07a3e11a098;da1a1502-d532-4285-be94-b07a3e11a098;18;;
329839;1788055154391;1505;BikePerformance / Fahrleistung;18;112;0,1,2,3,7;00-00-00-00-FF-FF-00-73-FF-FF-FF-FF-FF-00-00-00-00-00;NOTIFICATION;0;da1a1500-d532-4285-be94-b07a3e11a098;da1a1505-d532-4285-be94-b07a3e11a098;18;;
329969;1788055154521;1506;Trip / Kilometer & Betriebszähler;16;112;7;00-00-1E-38-00-02-5D-CA-00-00-03-05-00-00-00-00;NOTIFICATION;0;da1a1500-d532-4285-be94-b07a3e11a098;da1a1506-d532-4285-be94-b07a3e11a098;18;;
330444;1788055154996;1508;Settings / Licht & Fahrstufe;17;112;–;01-00-00-01-FF-FF-FF-FF-FF-FF-FF-00-00-00-00-00-00;NOTIFICATION;0;da1a1500-d532-4285-be94-b07a3e11a098;da1a1508-d532-4285-be94-b07a3e11a098;18;;
330585;1788055155137;1509;BatteryChange / Akku-Livestand;11;112;0,1,5,6,10;03-E8-FF-FF-15-B0-2C-00-00-00-2D;NOTIFICATION;0;da1a1500-d532-4285-be94-b07a3e11a098;da1a1509-d532-4285-be94-b07a3e11a098;18;;
330820;1788055155372;150A;MotorUpdate / Motor-Livestand;10;112;0,1;00-00-FF-FF-FF-FF-FF-FF-FF-FF;NOTIFICATION;0;da1a1500-d532-4285-be94-b07a3e11a098;da1a150a-d532-4285-be94-b07a3e11a098;18;;
331005;1788055155557;150B;Motor-/Controllerblock;20;112;–;FF-FF-FF-FF-FF-FF-FF-FF-FF-FF-FF-FF-FF-FF-FF-FF-FF-FF-FF-FF;NOTIFICATION;0;da1a1500-d532-4285-be94-b07a3e11a098;da1a150b-d532-4285-be94-b07a3e11a098;18;;
331218;1788055155770;150D;Fahrstatistik Max/Ø;20;112;–;00-DA-00-7B-FF-FF-FF-FF-47-18-FF-FF-FF-FF-FF-FF-FF-FF-00-00;NOTIFICATION;0;da1a1500-d532-4285-be94-b07a3e11a098;da1a150d-d532-4285-be94-b07a3e11a098;18;;
332256;1788055156808;1502;Akkuinformationen;16;113;–;47-18-FF-FF-FF-FF-47-18-FF-FF-FF-FF-FF-FF-00-00;NOTIFICATION;0;da1a1500-d532-4285-be94-b07a3e11a098;da1a1502-d532-4285-be94-b07a3e11a098;18;;
332673;1788055157225;1505;BikePerformance / Fahrleistung;18;113;0,1,2,3,7;03-7A-03-7A-FF-FF-00-79-FF-FF-FF-FF-FF-00-00-00-00-00;NOTIFICATION;0;da1a1500-d532-4285-be94-b07a3e11a098;da1a1505-d532-4285-be94-b07a3e11a098;18;;
332884;1788055157436;1506;Trip / Kilometer & Betriebszähler;16;113;7;00-00-1E-38-00-02-5D-CD-00-00-03-05-00-00-00-00;NOTIFICATION;0;da1a1500-d532-4285-be94-b07a3e11a098;da1a1506-d532-4285-be94-b07a3e11a098;18;;
333295;1788055157847;1508;Settings / Licht & Fahrstufe;17;113;–;01-00-00-01-FF-FF-FF-FF-FF-FF-FF-00-00-00-00-00-00;NOTIFICATION;0;da1a1500-d532-4285-be94-b07a3e11a098;da1a1508-d532-4285-be94-b07a3e11a098;18;;
333503;1788055158055;1509;BatteryChange / Akku-Livestand;11;113;0,1,5,6,10;13-88-FF-FF-15-AC-A8-00-00-00-DD;NOTIFICATION;0;da1a1500-d532-4285-be94-b07a3e11a098;da1a1509-d532-4285-be94-b07a3e11a098;18;;
333714;1788055158266;150A;MotorUpdate / Motor-Livestand;10;113;0,1;0F-A0-FF-FF-FF-FF-FF-FF-FF-FF;NOTIFICATION;0;da1a1500-d532-4285-be94-b07a3e11a098;da1a150a-d532-4285-be94-b07a3e11a098;18;;
333925;1788055158477;150B;Motor-/Controllerblock;20;113;–;FF-FF-FF-FF-FF-FF-FF-FF-FF-FF-FF-FF-FF-FF-FF-FF-FF-FF-FF-FF;NOTIFICATION;0;da1a1500-d532-4285-be94-b07a3e11a098;da1a150b-d532-4285-be94-b07a3e11a098;18;;
334135;1788055158687;150D;Fahrstatistik Max/Ø;20;113;–;00-DA-00-7B-FF-FF-FF-FF-47-18-FF-FF-FF-FF-FF-FF-FF-FF-00-00;NOTIFICATION;0;da1a1500-d532-4285-be94-b07a3e11a098;da1a150d-d532-4285-be94-b07a3e11a098;18;;
335178;1788055159730;1502;Akkuinformationen;16;114;–;47-18-FF-FF-FF-FF-47-18-FF-FF-FF-FF-FF-FF-00-00;NOTIFICATION;0;da1a1500-d532-4285-be94-b07a3e11a098;da1a1502-d532-4285-be94-b07a3e11a098;18;;
335598;1788055160150;1505;BikePerformance / Fahrleistung;18;114;0,1,2,3,7;00-00-00-00-FF-FF-00-6F-FF-FF-FF-FF-FF-00-00-00-00-00;NOTIFICATION;0;da1a1500-d532-4285-be94-b07a3e11a098;da1a1505-d532-4285-be94-b07a3e11a098;18;;
335804;1788055160356;1506;Trip / Kilometer & Betriebszähler;16;114;3,7;00-00-1E-39-00-02-5D-D0-00-00-03-05-00-00-00-00;NOTIFICATION;0;da1a1500-d532-4285-be94-b07a3e11a098;da1a1506-d532-4285-be94-b07a3e11a098;18;;
336211;1788055160763;1508;Settings / Licht & Fahrstufe;17;114;–;01-00-00-01-FF-FF-FF-FF-FF-FF-FF-00-00-00-00-00-00;NOTIFICATION;0;da1a1500-d532-4285-be94-b07a3e11a098;da1a1508-d532-4285-be94-b07a3e11a098;18;;
336424;1788055160976;1509;BatteryChange / Akku-Livestand;11;114;0,1,5,6,10;00-00-FF-FF-15-AF-C8-00-00-00-2D;NOTIFICATION;0;da1a1500-d532-4285-be94-b07a3e11a098;da1a1509-d532-4285-be94-b07a3e11a098;18;;
336636;1788055161188;150A;MotorUpdate / Motor-Livestand;10;114;0,1;00-00-FF-FF-FF-FF-FF-FF-FF-FF;NOTIFICATION;0;da1a1500-d532-4285-be94-b07a3e11a098;da1a150a-d532-4285-be94-b07a3e11a098;18;;
336875;1788055161427;150B;Motor-/Controllerblock;20;114;–;FF-FF-FF-FF-FF-FF-FF-FF-FF-FF-FF-FF-FF-FF-FF-FF-FF-FF-FF-FF;NOTIFICATION;0;da1a1500-d532-4285-be94-b07a3e11a098;da1a150b-d532-4285-be94-b07a3e11a098;18;;
337058;1788055161610;150D;Fahrstatistik Max/Ø;20;114;–;00-DA-00-7B-FF-FF-FF-FF-47-18-FF-FF-FF-FF-FF-FF-FF-FF-00-00;NOTIFICATION;0;da1a1500-d532-4285-be94-b07a3e11a098;da1a150d-d532-4285-be94-b07a3e11a098;18;;
338150;1788055162702;1502;Akkuinformationen;16;115;–;47-18-FF-FF-FF-FF-47-18-FF-FF-FF-FF-FF-FF-00-00;NOTIFICATION;0;da1a1500-d532-4285-be94-b07a3e11a098;da1a1502-d532-4285-be94-b07a3e11a098;18;;
338574;1788055163126;1505;BikePerformance / Fahrleistung;18;115;0,1,2,3,7;03-7A-03-7A-FF-FF-00-6A-FF-FF-FF-FF-FF-00-00-00-00-00;NOTIFICATION;0;da1a1500-d532-4285-be94-b07a3e11a098;da1a1505-d532-4285-be94-b07a3e11a098;18;;
338727;1788055163279;1506;Trip / Kilometer & Betriebszähler;16;115;7;00-00-1E-39-00-02-5D-D3-00-00-03-05-00-00-00-00;NOTIFICATION;0;da1a1500-d532-4285-be94-b07a3e11a098;da1a1506-d532-4285-be94-b07a3e11a098;18;;
339221;1788055163773;1508;Settings / Licht & Fahrstufe;17;115;–;01-00-00-01-FF-FF-FF-FF-FF-FF-FF-00-00-00-00-00-00;NOTIFICATION;0;da1a1500-d532-4285-be94-b07a3e11a098;da1a1508-d532-4285-be94-b07a3e11a098;18;;
339351;1788055163903;1509;BatteryChange / Akku-Livestand;11;115;0,1,5,6,10;13-88-FF-FF-15-A9-EC-00-00-00-D9;NOTIFICATION;0;da1a1500-d532-4285-be94-b07a3e11a098;da1a1509-d532-4285-be94-b07a3e11a098;18;;
339555;1788055164107;150A;MotorUpdate / Motor-Livestand;10;115;0,1;13-88-FF-FF-FF-FF-FF-FF-FF-FF;NOTIFICATION;0;da1a1500-d532-4285-be94-b07a3e11a098;da1a150a-d532-4285-be94-b07a3e11a098;18;;
339765;1788055164317;150B;Motor-/Controllerblock;20;115;–;FF-FF-FF-FF-FF-FF-FF-FF-FF-FF-FF-FF-FF-FF-FF-FF-FF-FF-FF-FF;NOTIFICATION;0;da1a1500-d532-4285-be94-b07a3e11a098;da1a150b-d532-4285-be94-b07a3e11a098;18;;
339979;1788055164531;150D;Fahrstatistik Max/Ø;20;115;–;00-DA-00-7B-FF-FF-FF-FF-47-18-FF-FF-FF-FF-FF-FF-FF-FF-00-00;NOTIFICATION;0;da1a1500-d532-4285-be94-b07a3e11a098;da1a150d-d532-4285-be94-b07a3e11a098;18;;
341017;1788055165569;1502;Akkuinformationen;16;116;–;47-18-FF-FF-FF-FF-47-18-FF-FF-FF-FF-FF-FF-00-00;NOTIFICATION;0;da1a1500-d532-4285-be94-b07a3e11a098;da1a1502-d532-4285-be94-b07a3e11a098;18;;
341438;1788055165990;1505;BikePerformance / Fahrleistung;18;116;0,1,2,3,7;05-32-05-32-FF-FF-00-6B-FF-FF-FF-FF-FF-00-00-00-00-00;NOTIFICATION;0;da1a1500-d532-4285-be94-b07a3e11a098;da1a1505-d532-4285-be94-b07a3e11a098;18;;
341647;1788055166199;1506;Trip / Kilometer & Betriebszähler;16;116;7;00-00-1E-39-00-02-5D-D6-00-00-03-05-00-00-00-00;NOTIFICATION;0;da1a1500-d532-4285-be94-b07a3e11a098;da1a1506-d532-4285-be94-b07a3e11a098;18;;
342055;1788055166607;1508;Settings / Licht & Fahrstufe;17;116;–;01-00-00-01-FF-FF-FF-FF-FF-FF-FF-00-00-00-00-00-00;NOTIFICATION;0;da1a1500-d532-4285-be94-b07a3e11a098;da1a1508-d532-4285-be94-b07a3e11a098;18;;
342264;1788055166816;1509;BatteryChange / Akku-Livestand;11;116;5,6,10;13-88-FF-FF-15-AB-7C-00-00-00-DB;NOTIFICATION;0;da1a1500-d532-4285-be94-b07a3e11a098;da1a1509-d532-4285-be94-b07a3e11a098;18;;
342474;1788055167026;150A;MotorUpdate / Motor-Livestand;10;116;0,1;1F-40-FF-FF-FF-FF-FF-FF-FF-FF;NOTIFICATION;0;da1a1500-d532-4285-be94-b07a3e11a098;da1a150a-d532-4285-be94-b07a3e11a098;18;;
342694;1788055167246;150B;Motor-/Controllerblock;20;116;–;FF-FF-FF-FF-FF-FF-FF-FF-FF-FF-FF-FF-FF-FF-FF-FF-FF-FF-FF-FF;NOTIFICATION;0;da1a1500-d532-4285-be94-b07a3e11a098;da1a150b-d532-4285-be94-b07a3e11a098;18;;
342897;1788055167449;150D;Fahrstatistik Max/Ø;20;116;–;00-DA-00-7B-FF-FF-FF-FF-47-18-FF-FF-FF-FF-FF-FF-FF-FF-00-00;NOTIFICATION;0;da1a1500-d532-4285-be94-b07a3e11a098;da1a150d-d532-4285-be94-b07a3e11a098;18;;
343935;1788055168487;1502;Akkuinformationen;16;117;–;47-18-FF-FF-FF-FF-47-18-FF-FF-FF-FF-FF-FF-00-00;NOTIFICATION;0;da1a1500-d532-4285-be94-b07a3e11a098;da1a1502-d532-4285-be94-b07a3e11a098;18;;
344356;1788055168908;1505;BikePerformance / Fahrleistung;18;117;0,1,2,3,7;18-C4-18-C4-FF-FF-00-99-FF-FF-FF-FF-FF-00-00-00-00-00;NOTIFICATION;0;da1a1500-d532-4285-be94-b07a3e11a098;da1a1505-d532-4285-be94-b07a3e11a098;18;;
344565;1788055169117;1506;Trip / Kilometer & Betriebszähler;16;117;7;00-00-1E-39-00-02-5D-D8-00-00-03-05-00-00-00-00;NOTIFICATION;0;da1a1500-d532-4285-be94-b07a3e11a098;da1a1506-d532-4285-be94-b07a3e11a098;18;;
345040;1788055169592;1508;Settings / Licht & Fahrstufe;17;117;–;01-00-00-01-FF-FF-FF-FF-FF-FF-FF-00-00-00-00-00-00;NOTIFICATION;0;da1a1500-d532-4285-be94-b07a3e11a098;da1a1508-d532-4285-be94-b07a3e11a098;18;;
345189;1788055169741;1509;BatteryChange / Akku-Livestand;11;117;0,1,5,6,10;00-00-FF-FF-15-AF-64-00-00-00-00;NOTIFICATION;0;da1a1500-d532-4285-be94-b07a3e11a098;da1a1509-d532-4285-be94-b07a3e11a098;18;;
345435;1788055169987;150A;MotorUpdate / Motor-Livestand;10;117;0,1;00-00-FF-FF-FF-FF-FF-FF-FF-FF;NOTIFICATION;0;da1a1500-d532-4285-be94-b07a3e11a098;da1a150a-d532-4285-be94-b07a3e11a098;18;;
345606;1788055170158;150B;Motor-/Controllerblock;20;117;–;FF-FF-FF-FF-FF-FF-FF-FF-FF-FF-FF-FF-FF-FF-FF-FF-FF-FF-FF-FF;NOTIFICATION;0;da1a1500-d532-4285-be94-b07a3e11a098;da1a150b-d532-4285-be94-b07a3e11a098;18;;
345847;1788055170399;150D;Fahrstatistik Max/Ø;20;117;–;00-DA-00-7B-FF-FF-FF-FF-47-18-FF-FF-FF-FF-FF-FF-FF-FF-00-00;NOTIFICATION;0;da1a1500-d532-4285-be94-b07a3e11a098;da1a150d-d532-4285-be94-b07a3e11a098;18;;
346855;1788055171407;1502;Akkuinformationen;16;118;–;47-18-FF-FF-FF-FF-47-18-FF-FF-FF-FF-FF-FF-00-00;NOTIFICATION;0;da1a1500-d532-4285-be94-b07a3e11a098;da1a1502-d532-4285-be94-b07a3e11a098;18;;
347279;1788055171831;1505;BikePerformance / Fahrleistung;18;118;0,1,2,3,7;01-B8-01-B8-FF-FF-00-83-FF-FF-FF-FF-FF-00-00-00-00-00;NOTIFICATION;0;da1a1500-d532-4285-be94-b07a3e11a098;da1a1505-d532-4285-be94-b07a3e11a098;18;;
347511;1788055172063;1506;Trip / Kilometer & Betriebszähler;16;118;7;00-00-1E-39-00-02-5D-DB-00-00-03-05-00-00-00-00;NOTIFICATION;0;da1a1500-d532-4285-be94-b07a3e11a098;da1a1506-d532-4285-be94-b07a3e11a098;18;;
347904;1788055172456;1508;Settings / Licht & Fahrstufe;17;118;–;01-00-00-01-FF-FF-FF-FF-FF-FF-FF-00-00-00-00-00-00;NOTIFICATION;0;da1a1500-d532-4285-be94-b07a3e11a098;da1a1508-d532-4285-be94-b07a3e11a098;18;;
348105;1788055172657;1509;BatteryChange / Akku-Livestand;11;118;0,1,6,10;03-E8-FF-FF-15-AF-00-00-00-00-2C;NOTIFICATION;0;da1a1500-d532-4285-be94-b07a3e11a098;da1a1509-d532-4285-be94-b07a3e11a098;18;;
348318;1788055172870;150A;MotorUpdate / Motor-Livestand;10;118;0,1;03-E8-FF-FF-FF-FF-FF-FF-FF-FF;NOTIFICATION;0;da1a1500-d532-4285-be94-b07a3e11a098;da1a150a-d532-4285-be94-b07a3e11a098;18;;
348526;1788055173078;150B;Motor-/Controllerblock;20;118;–;FF-FF-FF-FF-FF-FF-FF-FF-FF-FF-FF-FF-FF-FF-FF-FF-FF-FF-FF-FF;NOTIFICATION;0;da1a1500-d532-4285-be94-b07a3e11a098;da1a150b-d532-4285-be94-b07a3e11a098;18;;
348733;1788055173285;150D;Fahrstatistik Max/Ø;20;118;–;00-DA-00-7B-FF-FF-FF-FF-47-18-FF-FF-FF-FF-FF-FF-FF-FF-00-00;NOTIFICATION;0;da1a1500-d532-4285-be94-b07a3e11a098;da1a150d-d532-4285-be94-b07a3e11a098;18;;
349775;1788055174327;1502;Akkuinformationen;16;119;–;47-18-FF-FF-FF-FF-47-18-FF-FF-FF-FF-FF-FF-00-00;NOTIFICATION;0;da1a1500-d532-4285-be94-b07a3e11a098;da1a1502-d532-4285-be94-b07a3e11a098;18;;
350196;1788055174748;1505;BikePerformance / Fahrleistung;18;119;0,1,2,3,7;05-32-05-32-FF-FF-00-85-FF-FF-FF-FF-FF-00-00-00-00-00;NOTIFICATION;0;da1a1500-d532-4285-be94-b07a3e11a098;da1a1505-d532-4285-be94-b07a3e11a098;18;;
350405;1788055174957;1506;Trip / Kilometer & Betriebszähler;16;119;7;00-00-1E-39-00-02-5D-DE-00-00-03-05-00-00-00-00;NOTIFICATION;0;da1a1500-d532-4285-be94-b07a3e11a098;da1a1506-d532-4285-be94-b07a3e11a098;18;;
350836;1788055175388;1508;Settings / Licht & Fahrstufe;17;119;–;01-00-00-01-FF-FF-FF-FF-FF-FF-FF-00-00-00-00-00-00;NOTIFICATION;0;da1a1500-d532-4285-be94-b07a3e11a098;da1a1508-d532-4285-be94-b07a3e11a098;18;;
351024;1788055175576;1509;BatteryChange / Akku-Livestand;11;119;0,1,5,6,10;0B-B8-FF-FF-15-AD-D4-00-00-00-85;NOTIFICATION;0;da1a1500-d532-4285-be94-b07a3e11a098;da1a1509-d532-4285-be94-b07a3e11a098;18;;
351234;1788055175786;150A;MotorUpdate / Motor-Livestand;10;119;0,1;0B-B8-FF-FF-FF-FF-FF-FF-FF-FF;NOTIFICATION;0;da1a1500-d532-4285-be94-b07a3e11a098;da1a150a-d532-4285-be94-b07a3e11a098;18;;
351445;1788055175997;150B;Motor-/Controllerblock;20;119;–;FF-FF-FF-FF-FF-FF-FF-FF-FF-FF-FF-FF-FF-FF-FF-FF-FF-FF-FF-FF;NOTIFICATION;0;da1a1500-d532-4285-be94-b07a3e11a098;da1a150b-d532-4285-be94-b07a3e11a098;18;;
351654;1788055176206;150D;Fahrstatistik Max/Ø;20;119;–;00-DA-00-7B-FF-FF-FF-FF-47-18-FF-FF-FF-FF-FF-FF-FF-FF-00-00;NOTIFICATION;0;da1a1500-d532-4285-be94-b07a3e11a098;da1a150d-d532-4285-be94-b07a3e11a098;18;;
352695;1788055177247;1502;Akkuinformationen;16;120;–;47-18-FF-FF-FF-FF-47-18-FF-FF-FF-FF-FF-FF-00-00;NOTIFICATION;0;da1a1500-d532-4285-be94-b07a3e11a098;da1a1502-d532-4285-be94-b07a3e11a098;18;;
353161;1788055177713;1505;BikePerformance / Fahrleistung;18;120;0,1,2,3,7;01-B8-01-B8-FF-FF-00-7D-FF-FF-FF-FF-FF-00-00-00-00-00;NOTIFICATION;0;da1a1500-d532-4285-be94-b07a3e11a098;da1a1505-d532-4285-be94-b07a3e11a098;18;;
353325;1788055177877;1506;Trip / Kilometer & Betriebszähler;16;120;7;00-00-1E-39-00-02-5D-E1-00-00-03-05-00-00-00-00;NOTIFICATION;0;da1a1500-d532-4285-be94-b07a3e11a098;da1a1506-d532-4285-be94-b07a3e11a098;18;;
353748;1788055178300;1508;Settings / Licht & Fahrstufe;17;120;–;01-00-00-01-FF-FF-FF-FF-FF-FF-FF-00-00-00-00-00-00;NOTIFICATION;0;da1a1500-d532-4285-be94-b07a3e11a098;da1a1508-d532-4285-be94-b07a3e11a098;18;;
353946;1788055178498;1509;BatteryChange / Akku-Livestand;11;120;0,1,5,6,10;07-D0-FF-FF-15-AE-38-00-00-00-59;NOTIFICATION;0;da1a1500-d532-4285-be94-b07a3e11a098;da1a1509-d532-4285-be94-b07a3e11a098;18;;
354168;1788055178720;150A;MotorUpdate / Motor-Livestand;10;120;0,1;07-D0-FF-FF-FF-FF-FF-FF-FF-FF;NOTIFICATION;0;da1a1500-d532-4285-be94-b07a3e11a098;da1a150a-d532-4285-be94-b07a3e11a098;18;;
354365;1788055178917;150B;Motor-/Controllerblock;20;120;–;FF-FF-FF-FF-FF-FF-FF-FF-FF-FF-FF-FF-FF-FF-FF-FF-FF-FF-FF-FF;NOTIFICATION;0;da1a1500-d532-4285-be94-b07a3e11a098;da1a150b-d532-4285-be94-b07a3e11a098;18;;
354576;1788055179128;150D;Fahrstatistik Max/Ø;20;120;–;00-DA-00-7B-FF-FF-FF-FF-47-18-FF-FF-FF-FF-FF-FF-FF-FF-00-00;NOTIFICATION;0;da1a1500-d532-4285-be94-b07a3e11a098;da1a150d-d532-4285-be94-b07a3e11a098;18;;
355619;1788055180171;1502;Akkuinformationen;16;121;–;47-18-FF-FF-FF-FF-47-18-FF-FF-FF-FF-FF-FF-00-00;NOTIFICATION;0;da1a1500-d532-4285-be94-b07a3e11a098;da1a1502-d532-4285-be94-b07a3e11a098;18;;
356036;1788055180588;1505;BikePerformance / Fahrleistung;18;121;0,1,2,3,7;05-32-05-32-FF-FF-00-80-FF-FF-FF-FF-FF-00-00-00-00-00;NOTIFICATION;0;da1a1500-d532-4285-be94-b07a3e11a098;da1a1505-d532-4285-be94-b07a3e11a098;18;;
356248;1788055180800;1506;Trip / Kilometer & Betriebszähler;16;121;7;00-00-1E-39-00-02-5D-E4-00-00-03-05-00-00-00-00;NOTIFICATION;0;da1a1500-d532-4285-be94-b07a3e11a098;da1a1506-d532-4285-be94-b07a3e11a098;18;;
356741;1788055181293;1508;Settings / Licht & Fahrstufe;17;121;–;01-00-00-01-FF-FF-FF-FF-FF-FF-FF-00-00-00-00-00-00;NOTIFICATION;0;da1a1500-d532-4285-be94-b07a3e11a098;da1a1508-d532-4285-be94-b07a3e11a098;18;;
356873;1788055181425;1509;BatteryChange / Akku-Livestand;11;121;0,1,5,6,10;0F-A0-FF-FF-15-AD-D4-00-00-00-B2;NOTIFICATION;0;da1a1500-d532-4285-be94-b07a3e11a098;da1a1509-d532-4285-be94-b07a3e11a098;18;;
357110;1788055181662;150A;MotorUpdate / Motor-Livestand;10;121;0,1;0B-B8-FF-FF-FF-FF-FF-FF-FF-FF;NOTIFICATION;0;da1a1500-d532-4285-be94-b07a3e11a098;da1a150a-d532-4285-be94-b07a3e11a098;18;;
357284;1788055181836;150B;Motor-/Controllerblock;20;121;–;FF-FF-FF-FF-FF-FF-FF-FF-FF-FF-FF-FF-FF-FF-FF-FF-FF-FF-FF-FF;NOTIFICATION;0;da1a1500-d532-4285-be94-b07a3e11a098;da1a150b-d532-4285-be94-b07a3e11a098;18;;
357496;1788055182048;150D;Fahrstatistik Max/Ø;20;121;–;00-DA-00-7B-FF-FF-FF-FF-47-18-FF-FF-FF-FF-FF-FF-FF-FF-00-00;NOTIFICATION;0;da1a1500-d532-4285-be94-b07a3e11a098;da1a150d-d532-4285-be94-b07a3e11a098;18;;
358538;1788055183090;1502;Akkuinformationen;16;122;–;47-18-FF-FF-FF-FF-47-18-FF-FF-FF-FF-FF-FF-00-00;NOTIFICATION;0;da1a1500-d532-4285-be94-b07a3e11a098;da1a1502-d532-4285-be94-b07a3e11a098;18;;
359041;1788055183593;1505;BikePerformance / Fahrleistung;18;122;0,1,2,3,7;00-00-00-00-FF-FF-00-8D-FF-FF-FF-FF-FF-00-00-00-00-00;NOTIFICATION;0;da1a1500-d532-4285-be94-b07a3e11a098;da1a1505-d532-4285-be94-b07a3e11a098;18;;
359165;1788055183717;1506;Trip / Kilometer & Betriebszähler;16;122;7;00-00-1E-39-00-02-5D-E7-00-00-03-05-00-00-00-00;NOTIFICATION;0;da1a1500-d532-4285-be94-b07a3e11a098;da1a1506-d532-4285-be94-b07a3e11a098;18;;
359640;1788055184192;1508;Settings / Licht & Fahrstufe;17;122;–;01-00-00-01-FF-FF-FF-FF-FF-FF-FF-00-00-00-00-00-00;NOTIFICATION;0;da1a1500-d532-4285-be94-b07a3e11a098;da1a1508-d532-4285-be94-b07a3e11a098;18;;
359788;1788055184340;1509;BatteryChange / Akku-Livestand;11;122;0,1,5,6,10;00-00-FF-FF-15-AF-C8-00-00-00-00;NOTIFICATION;0;da1a1500-d532-4285-be94-b07a3e11a098;da1a1509-d532-4285-be94-b07a3e11a098;18;;
360030;1788055184582;150A;MotorUpdate / Motor-Livestand;10;122;0,1;00-00-FF-FF-FF-FF-FF-FF-FF-FF;NOTIFICATION;0;da1a1500-d532-4285-be94-b07a3e11a098;da1a150a-d532-4285-be94-b07a3e11a098;18;;
360204;1788055184756;150B;Motor-/Controllerblock;20;122;–;FF-FF-FF-FF-FF-FF-FF-FF-FF-FF-FF-FF-FF-FF-FF-FF-FF-FF-FF-FF;NOTIFICATION;0;da1a1500-d532-4285-be94-b07a3e11a098;da1a150b-d532-4285-be94-b07a3e11a098;18;;
360409;1788055184961;150D;Fahrstatistik Max/Ø;20;122;–;00-DA-00-7B-FF-FF-FF-FF-47-18-FF-FF-FF-FF-FF-FF-FF-FF-00-00;NOTIFICATION;0;da1a1500-d532-4285-be94-b07a3e11a098;da1a150d-d532-4285-be94-b07a3e11a098;18;;
361462;1788055186014;1502;Akkuinformationen;16;123;–;47-18-FF-FF-FF-FF-47-18-FF-FF-FF-FF-FF-FF-00-00;NOTIFICATION;0;da1a1500-d532-4285-be94-b07a3e11a098;da1a1502-d532-4285-be94-b07a3e11a098;18;;
361870;1788055186422;1505;BikePerformance / Fahrleistung;18;123;0,1,2,3,7;05-32-05-32-FF-FF-00-71-FF-FF-FF-FF-FF-00-00-00-00-00;NOTIFICATION;0;da1a1500-d532-4285-be94-b07a3e11a098;da1a1505-d532-4285-be94-b07a3e11a098;18;;
362082;1788055186634;1506;Trip / Kilometer & Betriebszähler;16;123;7;00-00-1E-39-00-02-5D-EA-00-00-03-05-00-00-00-00;NOTIFICATION;0;da1a1500-d532-4285-be94-b07a3e11a098;da1a1506-d532-4285-be94-b07a3e11a098;18;;
362502;1788055187054;1508;Settings / Licht & Fahrstufe;17;123;–;01-00-00-01-FF-FF-FF-FF-FF-FF-FF-00-00-00-00-00-00;NOTIFICATION;0;da1a1500-d532-4285-be94-b07a3e11a098;da1a1508-d532-4285-be94-b07a3e11a098;18;;
362705;1788055187257;1509;BatteryChange / Akku-Livestand;11;123;0,1,5,6,10;0F-A0-FF-FF-15-AD-D4-00-00-00-B2;NOTIFICATION;0;da1a1500-d532-4285-be94-b07a3e11a098;da1a1509-d532-4285-be94-b07a3e11a098;18;;
362919;1788055187471;150A;MotorUpdate / Motor-Livestand;10;123;0,1;0B-B8-FF-FF-FF-FF-FF-FF-FF-FF;NOTIFICATION;0;da1a1500-d532-4285-be94-b07a3e11a098;da1a150a-d532-4285-be94-b07a3e11a098;18;;
363123;1788055187675;150B;Motor-/Controllerblock;20;123;–;FF-FF-FF-FF-FF-FF-FF-FF-FF-FF-FF-FF-FF-FF-FF-FF-FF-FF-FF-FF;NOTIFICATION;0;da1a1500-d532-4285-be94-b07a3e11a098;da1a150b-d532-4285-be94-b07a3e11a098;18;;
363330;1788055187882;150D;Fahrstatistik Max/Ø;20;123;–;00-DA-00-7B-FF-FF-FF-FF-47-18-FF-FF-FF-FF-FF-FF-FF-FF-00-00;NOTIFICATION;0;da1a1500-d532-4285-be94-b07a3e11a098;da1a150d-d532-4285-be94-b07a3e11a098;18;;
364370;1788055188922;1502;Akkuinformationen;16;124;–;47-18-FF-FF-FF-FF-47-18-FF-FF-FF-FF-FF-FF-00-00;NOTIFICATION;0;da1a1500-d532-4285-be94-b07a3e11a098;da1a1502-d532-4285-be94-b07a3e11a098;18;;
364791;1788055189343;1505;BikePerformance / Fahrleistung;18;124;0,1,2,3,7;00-00-00-00-FF-FF-00-77-FF-FF-FF-FF-FF-00-00-00-00-00;NOTIFICATION;0;da1a1500-d532-4285-be94-b07a3e11a098;da1a1505-d532-4285-be94-b07a3e11a098;18;;
365001;1788055189553;1506;Trip / Kilometer & Betriebszähler;16;124;3,7;00-00-1E-3A-00-02-5D-ED-00-00-03-05-00-00-00-00;NOTIFICATION;0;da1a1500-d532-4285-be94-b07a3e11a098;da1a1506-d532-4285-be94-b07a3e11a098;18;;
365420;1788055189972;1508;Settings / Licht & Fahrstufe;17;124;–;01-00-00-01-FF-FF-FF-FF-FF-FF-FF-00-00-00-00-00-00;NOTIFICATION;0;da1a1500-d532-4285-be94-b07a3e11a098;da1a1508-d532-4285-be94-b07a3e11a098;18;;
365621;1788055190173;1509;BatteryChange / Akku-Livestand;11;124;0,1,5,6,10;03-E8-FF-FF-15-AE-9C-00-00-00-2C;NOTIFICATION;0;da1a1500-d532-4285-be94-b07a3e11a098;da1a1509-d532-4285-be94-b07a3e11a098;18;;
365830;1788055190382;150A;MotorUpdate / Motor-Livestand;10;124;0,1;07-D0-FF-FF-FF-FF-FF-FF-FF-FF;NOTIFICATION;0;da1a1500-d532-4285-be94-b07a3e11a098;da1a150a-d532-4285-be94-b07a3e11a098;18;;
366041;1788055190593;150B;Motor-/Controllerblock;20;124;–;FF-FF-FF-FF-FF-FF-FF-FF-FF-FF-FF-FF-FF-FF-FF-FF-FF-FF-FF-FF;NOTIFICATION;0;da1a1500-d532-4285-be94-b07a3e11a098;da1a150b-d532-4285-be94-b07a3e11a098;18;;
366250;1788055190802;150D;Fahrstatistik Max/Ø;20;124;–;00-DA-00-7B-FF-FF-FF-FF-47-18-FF-FF-FF-FF-FF-FF-FF-FF-00-00;NOTIFICATION;0;da1a1500-d532-4285-be94-b07a3e11a098;da1a150d-d532-4285-be94-b07a3e11a098;18;;
367289;1788055191841;1502;Akkuinformationen;16;125;–;47-18-FF-FF-FF-FF-47-18-FF-FF-FF-FF-FF-FF-00-00;NOTIFICATION;0;da1a1500-d532-4285-be94-b07a3e11a098;da1a1502-d532-4285-be94-b07a3e11a098;18;;
367712;1788055192264;1505;BikePerformance / Fahrleistung;18;125;0,1,2,3,7;05-32-05-32-FF-FF-00-86-FF-FF-FF-FF-FF-00-00-00-00-00;NOTIFICATION;0;da1a1500-d532-4285-be94-b07a3e11a098;da1a1505-d532-4285-be94-b07a3e11a098;18;;
367923;1788055192475;1506;Trip / Kilometer & Betriebszähler;16;125;7;00-00-1E-3A-00-02-5D-F0-00-00-03-05-00-00-00-00;NOTIFICATION;0;da1a1500-d532-4285-be94-b07a3e11a098;da1a1506-d532-4285-be94-b07a3e11a098;18;;
368342;1788055192894;1508;Settings / Licht & Fahrstufe;17;125;–;01-00-00-01-FF-FF-FF-FF-FF-FF-FF-00-00-00-00-00-00;NOTIFICATION;0;da1a1500-d532-4285-be94-b07a3e11a098;da1a1508-d532-4285-be94-b07a3e11a098;18;;
368540;1788055193092;1509;BatteryChange / Akku-Livestand;11;125;0,1,5,6,10;0B-B8-FF-FF-15-AD-D4-00-00-00-85;NOTIFICATION;0;da1a1500-d532-4285-be94-b07a3e11a098;da1a1509-d532-4285-be94-b07a3e11a098;18;;
368751;1788055193303;150A;MotorUpdate / Motor-Livestand;10;125;0,1;0B-B8-FF-FF-FF-FF-FF-FF-FF-FF;NOTIFICATION;0;da1a1500-d532-4285-be94-b07a3e11a098;da1a150a-d532-4285-be94-b07a3e11a098;18;;
368962;1788055193514;150B;Motor-/Controllerblock;20;125;–;FF-FF-FF-FF-FF-FF-FF-FF-FF-FF-FF-FF-FF-FF-FF-FF-FF-FF-FF-FF;NOTIFICATION;0;da1a1500-d532-4285-be94-b07a3e11a098;da1a150b-d532-4285-be94-b07a3e11a098;18;;
369175;1788055193727;150D;Fahrstatistik Max/Ø;20;125;–;00-DA-00-7B-FF-FF-FF-FF-47-18-FF-FF-FF-FF-FF-FF-FF-FF-00-00;NOTIFICATION;0;da1a1500-d532-4285-be94-b07a3e11a098;da1a150d-d532-4285-be94-b07a3e11a098;18;;
370216;1788055194768;1502;Akkuinformationen;16;126;–;47-18-FF-FF-FF-FF-47-18-FF-FF-FF-FF-FF-FF-00-00;NOTIFICATION;0;da1a1500-d532-4285-be94-b07a3e11a098;da1a1502-d532-4285-be94-b07a3e11a098;18;;
370631;1788055195183;1505;BikePerformance / Fahrleistung;18;126;0,1,2,3,7;03-7A-03-7A-FF-FF-00-90-FF-FF-FF-FF-FF-00-00-00-00-00;NOTIFICATION;0;da1a1500-d532-4285-be94-b07a3e11a098;da1a1505-d532-4285-be94-b07a3e11a098;18;;
370841;1788055195393;1506;Trip / Kilometer & Betriebszähler;16;126;7;00-00-1E-3A-00-02-5D-F3-00-00-03-05-00-00-00-00;NOTIFICATION;0;da1a1500-d532-4285-be94-b07a3e11a098;da1a1506-d532-4285-be94-b07a3e11a098;18;;
371261;1788055195813;1508;Settings / Licht & Fahrstufe;17;126;–;01-00-00-01-FF-FF-FF-FF-FF-FF-FF-00-00-00-00-00-00;NOTIFICATION;0;da1a1500-d532-4285-be94-b07a3e11a098;da1a1508-d532-4285-be94-b07a3e11a098;18;;
371465;1788055196017;1509;BatteryChange / Akku-Livestand;11;126;0,1,5,6,10;07-D0-FF-FF-15-AE-38-00-00-00-59;NOTIFICATION;0;da1a1500-d532-4285-be94-b07a3e11a098;da1a1509-d532-4285-be94-b07a3e11a098;18;;
371671;1788055196223;150A;MotorUpdate / Motor-Livestand;10;126;0,1;07-D0-FF-FF-FF-FF-FF-FF-FF-FF;NOTIFICATION;0;da1a1500-d532-4285-be94-b07a3e11a098;da1a150a-d532-4285-be94-b07a3e11a098;18;;
371884;1788055196436;150B;Motor-/Controllerblock;20;126;–;FF-FF-FF-FF-FF-FF-FF-FF-FF-FF-FF-FF-FF-FF-FF-FF-FF-FF-FF-FF;NOTIFICATION;0;da1a1500-d532-4285-be94-b07a3e11a098;da1a150b-d532-4285-be94-b07a3e11a098;18;;
372090;1788055196642;150D;Fahrstatistik Max/Ø;20;126;–;00-DA-00-7B-FF-FF-FF-FF-47-18-FF-FF-FF-FF-FF-FF-FF-FF-00-00;NOTIFICATION;0;da1a1500-d532-4285-be94-b07a3e11a098;da1a150d-d532-4285-be94-b07a3e11a098;18;;
373131;1788055197683;1502;Akkuinformationen;16;127;–;47-18-FF-FF-FF-FF-47-18-FF-FF-FF-FF-FF-FF-00-00;NOTIFICATION;0;da1a1500-d532-4285-be94-b07a3e11a098;da1a1502-d532-4285-be94-b07a3e11a098;18;;
373554;1788055198106;1505;BikePerformance / Fahrleistung;18;127;0,1,2,3,7;00-00-00-00-FF-FF-00-7A-FF-FF-FF-FF-FF-00-00-00-00-00;NOTIFICATION;0;da1a1500-d532-4285-be94-b07a3e11a098;da1a1505-d532-4285-be94-b07a3e11a098;18;;
373763;1788055198315;1506;Trip / Kilometer & Betriebszähler;16;127;7;00-00-1E-3A-00-02-5D-F6-00-00-03-05-00-00-00-00;NOTIFICATION;0;da1a1500-d532-4285-be94-b07a3e11a098;da1a1506-d532-4285-be94-b07a3e11a098;18;;
374181;1788055198733;1508;Settings / Licht & Fahrstufe;17;127;–;01-00-00-01-FF-FF-FF-FF-FF-FF-FF-00-00-00-00-00-00;NOTIFICATION;0;da1a1500-d532-4285-be94-b07a3e11a098;da1a1508-d532-4285-be94-b07a3e11a098;18;;
374385;1788055198937;1509;BatteryChange / Akku-Livestand;11;127;0,1,5,6,10;00-00-FF-FF-15-AF-C8-00-00-00-00;NOTIFICATION;0;da1a1500-d532-4285-be94-b07a3e11a098;da1a1509-d532-4285-be94-b07a3e11a098;18;;
374593;1788055199145;150A;MotorUpdate / Motor-Livestand;10;127;0,1;00-00-FF-FF-FF-FF-FF-FF-FF-FF;NOTIFICATION;0;da1a1500-d532-4285-be94-b07a3e11a098;da1a150a-d532-4285-be94-b07a3e11a098;18;;
374802;1788055199354;150B;Motor-/Controllerblock;20;127;–;FF-FF-FF-FF-FF-FF-FF-FF-FF-FF-FF-FF-FF-FF-FF-FF-FF-FF-FF-FF;NOTIFICATION;0;da1a1500-d532-4285-be94-b07a3e11a098;da1a150b-d532-4285-be94-b07a3e11a098;18;;
375015;1788055199567;150D;Fahrstatistik Max/Ø;20;127;–;00-DA-00-7B-FF-FF-FF-FF-47-18-FF-FF-FF-FF-FF-FF-FF-FF-00-00;NOTIFICATION;0;da1a1500-d532-4285-be94-b07a3e11a098;da1a150d-d532-4285-be94-b07a3e11a098;18;;
376054;1788055200606;1502;Akkuinformationen;16;128;–;47-18-FF-FF-FF-FF-47-18-FF-FF-FF-FF-FF-FF-00-00;NOTIFICATION;0;da1a1500-d532-4285-be94-b07a3e11a098;da1a1502-d532-4285-be94-b07a3e11a098;18;;
376476;1788055201028;1505;BikePerformance / Fahrleistung;18;128;0,1,2,3,7;08-A2-08-A2-FF-FF-00-68-FF-FF-FF-FF-FF-00-00-00-00-00;NOTIFICATION;0;da1a1500-d532-4285-be94-b07a3e11a098;da1a1505-d532-4285-be94-b07a3e11a098;18;;
376684;1788055201236;1506;Trip / Kilometer & Betriebszähler;16;128;7;00-00-1E-3A-00-02-5D-F9-00-00-03-05-00-00-00-00;NOTIFICATION;0;da1a1500-d532-4285-be94-b07a3e11a098;da1a1506-d532-4285-be94-b07a3e11a098;18;;
377106;1788055201658;1508;Settings / Licht & Fahrstufe;17;128;–;01-00-00-01-FF-FF-FF-FF-FF-FF-FF-00-00-00-00-00-00;NOTIFICATION;0;da1a1500-d532-4285-be94-b07a3e11a098;da1a1508-d532-4285-be94-b07a3e11a098;18;;
377311;1788055201863;1509;BatteryChange / Akku-Livestand;11;128;0,1,5,6,10;13-88-FF-FF-15-AC-A8-00-00-00-DD;NOTIFICATION;0;da1a1500-d532-4285-be94-b07a3e11a098;da1a1509-d532-4285-be94-b07a3e11a098;18;;
377511;1788055202063;150A;MotorUpdate / Motor-Livestand;10;128;0,1;0F-A0-FF-FF-FF-FF-FF-FF-FF-FF;NOTIFICATION;0;da1a1500-d532-4285-be94-b07a3e11a098;da1a150a-d532-4285-be94-b07a3e11a098;18;;
377722;1788055202274;150B;Motor-/Controllerblock;20;128;–;FF-FF-FF-FF-FF-FF-FF-FF-FF-FF-FF-FF-FF-FF-FF-FF-FF-FF-FF-FF;NOTIFICATION;0;da1a1500-d532-4285-be94-b07a3e11a098;da1a150b-d532-4285-be94-b07a3e11a098;18;;
377934;1788055202486;150D;Fahrstatistik Max/Ø;20;128;–;00-DA-00-7B-FF-FF-FF-FF-47-18-FF-FF-FF-FF-FF-FF-FF-FF-00-00;NOTIFICATION;0;da1a1500-d532-4285-be94-b07a3e11a098;da1a150d-d532-4285-be94-b07a3e11a098;18;;
378973;1788055203525;1502;Akkuinformationen;16;129;–;47-18-FF-FF-FF-FF-47-18-FF-FF-FF-FF-FF-FF-00-00;NOTIFICATION;0;da1a1500-d532-4285-be94-b07a3e11a098;da1a1502-d532-4285-be94-b07a3e11a098;18;;
379391;1788055203943;1505;BikePerformance / Fahrleistung;18;129;0,1,2,3,7;06-EA-06-EA-FF-FF-00-85-FF-FF-FF-FF-FF-00-00-00-00-00;NOTIFICATION;0;da1a1500-d532-4285-be94-b07a3e11a098;da1a1505-d532-4285-be94-b07a3e11a098;18;;
379604;1788055204156;1506;Trip / Kilometer & Betriebszähler;16;129;7;00-00-1E-3A-00-02-5D-FC-00-00-03-05-00-00-00-00;NOTIFICATION;0;da1a1500-d532-4285-be94-b07a3e11a098;da1a1506-d532-4285-be94-b07a3e11a098;18;;
380025;1788055204577;1508;Settings / Licht & Fahrstufe;17;129;–;01-00-00-01-FF-FF-FF-FF-FF-FF-FF-00-00-00-00-00-00;NOTIFICATION;0;da1a1500-d532-4285-be94-b07a3e11a098;da1a1508-d532-4285-be94-b07a3e11a098;18;;
380235;1788055204787;1509;BatteryChange / Akku-Livestand;11;129;0,1,5,6,10;0F-A0-FF-FF-15-AD-70-00-00-00-B1;NOTIFICATION;0;da1a1500-d532-4285-be94-b07a3e11a098;da1a1509-d532-4285-be94-b07a3e11a098;18;;
380435;1788055204987;150A;MotorUpdate / Motor-Livestand;10;129;0,1;0B-B8-FF-FF-FF-FF-FF-FF-FF-FF;NOTIFICATION;0;da1a1500-d532-4285-be94-b07a3e11a098;da1a150a-d532-4285-be94-b07a3e11a098;18;;
380645;1788055205197;150B;Motor-/Controllerblock;20;129;–;FF-FF-FF-FF-FF-FF-FF-FF-FF-FF-FF-FF-FF-FF-FF-FF-FF-FF-FF-FF;NOTIFICATION;0;da1a1500-d532-4285-be94-b07a3e11a098;da1a150b-d532-4285-be94-b07a3e11a098;18;;
380855;1788055205407;150D;Fahrstatistik Max/Ø;20;129;–;00-DA-00-7B-FF-FF-FF-FF-47-18-FF-FF-FF-FF-FF-FF-FF-FF-00-00;NOTIFICATION;0;da1a1500-d532-4285-be94-b07a3e11a098;da1a150d-d532-4285-be94-b07a3e11a098;18;;
381896;1788055206448;1502;Akkuinformationen;16;130;–;47-18-FF-FF-FF-FF-47-18-FF-FF-FF-FF-FF-FF-00-00;NOTIFICATION;0;da1a1500-d532-4285-be94-b07a3e11a098;da1a1502-d532-4285-be94-b07a3e11a098;18;;
382315;1788055206867;1505;BikePerformance / Fahrleistung;18;130;0,1,2,3,7;03-7A-03-7A-FF-FF-00-81-FF-FF-FF-FF-FF-00-00-00-00-00;NOTIFICATION;0;da1a1500-d532-4285-be94-b07a3e11a098;da1a1505-d532-4285-be94-b07a3e11a098;18;;
382525;1788055207077;1506;Trip / Kilometer & Betriebszähler;16;130;7;00-00-1E-3A-00-02-5D-FF-00-00-03-05-00-00-00-00;NOTIFICATION;0;da1a1500-d532-4285-be94-b07a3e11a098;da1a1506-d532-4285-be94-b07a3e11a098;18;;
382944;1788055207496;1508;Settings / Licht & Fahrstufe;17;130;–;01-00-00-01-FF-FF-FF-FF-FF-FF-FF-00-00-00-00-00-00;NOTIFICATION;0;da1a1500-d532-4285-be94-b07a3e11a098;da1a1508-d532-4285-be94-b07a3e11a098;18;;
383155;1788055207707;1509;BatteryChange / Akku-Livestand;11;130;0,1,5,6,10;07-D0-FF-FF-15-AE-38-00-00-00-59;NOTIFICATION;0;da1a1500-d532-4285-be94-b07a3e11a098;da1a1509-d532-4285-be94-b07a3e11a098;18;;
383354;1788055207906;150A;MotorUpdate / Motor-Livestand;10;130;0,1;07-D0-FF-FF-FF-FF-FF-FF-FF-FF;NOTIFICATION;0;da1a1500-d532-4285-be94-b07a3e11a098;da1a150a-d532-4285-be94-b07a3e11a098;18;;
383564;1788055208116;150B;Motor-/Controllerblock;20;130;–;FF-FF-FF-FF-FF-FF-FF-FF-FF-FF-FF-FF-FF-FF-FF-FF-FF-FF-FF-FF;NOTIFICATION;0;da1a1500-d532-4285-be94-b07a3e11a098;da1a150b-d532-4285-be94-b07a3e11a098;18;;
383775;1788055208327;150D;Fahrstatistik Max/Ø;20;130;–;00-DA-00-7B-FF-FF-FF-FF-47-18-FF-FF-FF-FF-FF-FF-FF-FF-00-00;NOTIFICATION;0;da1a1500-d532-4285-be94-b07a3e11a098;da1a150d-d532-4285-be94-b07a3e11a098;18;;
384815;1788055209367;1502;Akkuinformationen;16;131;–;47-18-FF-FF-FF-FF-47-18-FF-FF-FF-FF-FF-FF-00-00;NOTIFICATION;0;da1a1500-d532-4285-be94-b07a3e11a098;da1a1502-d532-4285-be94-b07a3e11a098;18;;
385246;1788055209798;1505;BikePerformance / Fahrleistung;18;131;0,1,2,3,7;01-B8-01-B8-FF-FF-00-7A-FF-FF-FF-FF-FF-00-00-00-00-00;NOTIFICATION;0;da1a1500-d532-4285-be94-b07a3e11a098;da1a1505-d532-4285-be94-b07a3e11a098;18;;
385446;1788055209998;1506;Trip / Kilometer & Betriebszähler;16;131;6,7;00-00-1E-3A-00-02-5E-02-00-00-03-05-00-00-00-00;NOTIFICATION;0;da1a1500-d532-4285-be94-b07a3e11a098;da1a1506-d532-4285-be94-b07a3e11a098;18;;
385864;1788055210416;1508;Settings / Licht & Fahrstufe;17;131;–;01-00-00-01-FF-FF-FF-FF-FF-FF-FF-00-00-00-00-00-00;NOTIFICATION;0;da1a1500-d532-4285-be94-b07a3e11a098;da1a1508-d532-4285-be94-b07a3e11a098;18;;
386071;1788055210623;1509;BatteryChange / Akku-Livestand;11;131;6;07-D0-FF-FF-15-AE-9C-00-00-00-59;NOTIFICATION;0;da1a1500-d532-4285-be94-b07a3e11a098;da1a1509-d532-4285-be94-b07a3e11a098;18;;
386273;1788055210825;150A;MotorUpdate / Motor-Livestand;10;131;–;07-D0-FF-FF-FF-FF-FF-FF-FF-FF;NOTIFICATION;0;da1a1500-d532-4285-be94-b07a3e11a098;da1a150a-d532-4285-be94-b07a3e11a098;18;;
386483;1788055211035;150B;Motor-/Controllerblock;20;131;–;FF-FF-FF-FF-FF-FF-FF-FF-FF-FF-FF-FF-FF-FF-FF-FF-FF-FF-FF-FF;NOTIFICATION;0;da1a1500-d532-4285-be94-b07a3e11a098;da1a150b-d532-4285-be94-b07a3e11a098;18;;
386694;1788055211246;150D;Fahrstatistik Max/Ø;20;131;–;00-DA-00-7B-FF-FF-FF-FF-47-18-FF-FF-FF-FF-FF-FF-FF-FF-00-00;NOTIFICATION;0;da1a1500-d532-4285-be94-b07a3e11a098;da1a150d-d532-4285-be94-b07a3e11a098;18;;
387733;1788055212285;1502;Akkuinformationen;16;132;–;47-18-FF-FF-FF-FF-47-18-FF-FF-FF-FF-FF-FF-00-00;NOTIFICATION;0;da1a1500-d532-4285-be94-b07a3e11a098;da1a1502-d532-4285-be94-b07a3e11a098;18;;
388153;1788055212705;1505;BikePerformance / Fahrleistung;18;132;7;01-B8-01-B8-FF-FF-00-73-FF-FF-FF-FF-FF-00-00-00-00-00;NOTIFICATION;0;da1a1500-d532-4285-be94-b07a3e11a098;da1a1505-d532-4285-be94-b07a3e11a098;18;;
388365;1788055212917;1506;Trip / Kilometer & Betriebszähler;16;132;7;00-00-1E-3A-00-02-5E-05-00-00-03-05-00-00-00-00;NOTIFICATION;0;da1a1500-d532-4285-be94-b07a3e11a098;da1a1506-d532-4285-be94-b07a3e11a098;18;;
388785;1788055213337;1508;Settings / Licht & Fahrstufe;17;132;–;01-00-00-01-FF-FF-FF-FF-FF-FF-FF-00-00-00-00-00-00;NOTIFICATION;0;da1a1500-d532-4285-be94-b07a3e11a098;da1a1508-d532-4285-be94-b07a3e11a098;18;;
388995;1788055213547;1509;BatteryChange / Akku-Livestand;11;132;6;07-D0-FF-FF-15-AE-38-00-00-00-59;NOTIFICATION;0;da1a1500-d532-4285-be94-b07a3e11a098;da1a1509-d532-4285-be94-b07a3e11a098;18;;
389192;1788055213744;150A;MotorUpdate / Motor-Livestand;10;132;0,1;0B-B8-FF-FF-FF-FF-FF-FF-FF-FF;NOTIFICATION;0;da1a1500-d532-4285-be94-b07a3e11a098;da1a150a-d532-4285-be94-b07a3e11a098;18;;
389402;1788055213954;150B;Motor-/Controllerblock;20;132;–;FF-FF-FF-FF-FF-FF-FF-FF-FF-FF-FF-FF-FF-FF-FF-FF-FF-FF-FF-FF;NOTIFICATION;0;da1a1500-d532-4285-be94-b07a3e11a098;da1a150b-d532-4285-be94-b07a3e11a098;18;;
389610;1788055214162;150D;Fahrstatistik Max/Ø;20;132;–;00-DA-00-7B-FF-FF-FF-FF-47-18-FF-FF-FF-FF-FF-FF-FF-FF-00-00;NOTIFICATION;0;da1a1500-d532-4285-be94-b07a3e11a098;da1a150d-d532-4285-be94-b07a3e11a098;18;;
390656;1788055215208;1502;Akkuinformationen;16;133;–;47-18-FF-FF-FF-FF-47-18-FF-FF-FF-FF-FF-FF-00-00;NOTIFICATION;0;da1a1500-d532-4285-be94-b07a3e11a098;da1a1502-d532-4285-be94-b07a3e11a098;18;;
391074;1788055215626;1505;BikePerformance / Fahrleistung;18;133;0,1,2,3,7;03-7A-03-7A-FF-FF-00-76-FF-FF-FF-FF-FF-00-00-00-00-00;NOTIFICATION;0;da1a1500-d532-4285-be94-b07a3e11a098;da1a1505-d532-4285-be94-b07a3e11a098;18;;
391284;1788055215836;1506;Trip / Kilometer & Betriebszähler;16;133;7;00-00-1E-3A-00-02-5E-08-00-00-03-05-00-00-00-00;NOTIFICATION;0;da1a1500-d532-4285-be94-b07a3e11a098;da1a1506-d532-4285-be94-b07a3e11a098;18;;
391705;1788055216257;1508;Settings / Licht & Fahrstufe;17;133;–;01-00-00-01-FF-FF-FF-FF-FF-FF-FF-00-00-00-00-00-00;NOTIFICATION;0;da1a1500-d532-4285-be94-b07a3e11a098;da1a1508-d532-4285-be94-b07a3e11a098;18;;
391915;1788055216467;1509;BatteryChange / Akku-Livestand;11;133;0,1,5,6,10;13-88-FF-FF-15-AC-A8-00-00-00-DD;NOTIFICATION;0;da1a1500-d532-4285-be94-b07a3e11a098;da1a1509-d532-4285-be94-b07a3e11a098;18;;
392112;1788055216664;150A;MotorUpdate / Motor-Livestand;10;133;0,1;13-88-FF-FF-FF-FF-FF-FF-FF-FF;NOTIFICATION;0;da1a1500-d532-4285-be94-b07a3e11a098;da1a150a-d532-4285-be94-b07a3e11a098;18;;
392325;1788055216877;150B;Motor-/Controllerblock;20;133;–;FF-FF-FF-FF-FF-FF-FF-FF-FF-FF-FF-FF-FF-FF-FF-FF-FF-FF-FF-FF;NOTIFICATION;0;da1a1500-d532-4285-be94-b07a3e11a098;da1a150b-d532-4285-be94-b07a3e11a098;18;;
392535;1788055217087;150D;Fahrstatistik Max/Ø;20;133;–;00-DA-00-7B-FF-FF-FF-FF-47-18-FF-FF-FF-FF-FF-FF-FF-FF-00-00;NOTIFICATION;0;da1a1500-d532-4285-be94-b07a3e11a098;da1a150d-d532-4285-be94-b07a3e11a098;18;;
393572;1788055218124;1502;Akkuinformationen;16;134;–;47-18-FF-FF-FF-FF-47-18-FF-FF-FF-FF-FF-FF-00-00;NOTIFICATION;0;da1a1500-d532-4285-be94-b07a3e11a098;da1a1502-d532-4285-be94-b07a3e11a098;18;;
393994;1788055218546;1505;BikePerformance / Fahrleistung;18;134;0,1,2,3,7;05-32-05-32-FF-FF-00-8C-FF-FF-FF-FF-FF-00-00-00-00-00;NOTIFICATION;0;da1a1500-d532-4285-be94-b07a3e11a098;da1a1505-d532-4285-be94-b07a3e11a098;18;;
394204;1788055218756;1506;Trip / Kilometer & Betriebszähler;16;134;3,7;00-00-1E-3B-00-02-5E-0A-00-00-03-05-00-00-00-00;NOTIFICATION;0;da1a1500-d532-4285-be94-b07a3e11a098;da1a1506-d532-4285-be94-b07a3e11a098;18;;
394626;1788055219178;1508;Settings / Licht & Fahrstufe;17;134;–;01-00-00-01-FF-FF-FF-FF-FF-FF-FF-00-00-00-00-00-00;NOTIFICATION;0;da1a1500-d532-4285-be94-b07a3e11a098;da1a1508-d532-4285-be94-b07a3e11a098;18;;
394834;1788055219386;1509;BatteryChange / Akku-Livestand;11;134;0,1,5,6,10;0B-B8-FF-FF-15-AD-D4-00-00-00-85;NOTIFICATION;0;da1a1500-d532-4285-be94-b07a3e11a098;da1a1509-d532-4285-be94-b07a3e11a098;18;;
395035;1788055219587;150A;MotorUpdate / Motor-Livestand;10;134;0,1;07-D0-FF-FF-FF-FF-FF-FF-FF-FF;NOTIFICATION;0;da1a1500-d532-4285-be94-b07a3e11a098;da1a150a-d532-4285-be94-b07a3e11a098;18;;
395243;1788055219795;150B;Motor-/Controllerblock;20;134;–;FF-FF-FF-FF-FF-FF-FF-FF-FF-FF-FF-FF-FF-FF-FF-FF-FF-FF-FF-FF;NOTIFICATION;0;da1a1500-d532-4285-be94-b07a3e11a098;da1a150b-d532-4285-be94-b07a3e11a098;18;;
395455;1788055220007;150D;Fahrstatistik Max/Ø;20;134;–;00-DA-00-7B-FF-FF-FF-FF-47-18-FF-FF-FF-FF-FF-FF-FF-FF-00-00;NOTIFICATION;0;da1a1500-d532-4285-be94-b07a3e11a098;da1a150d-d532-4285-be94-b07a3e11a098;18;;
396495;1788055221047;1502;Akkuinformationen;16;135;–;47-18-FF-FF-FF-FF-47-18-FF-FF-FF-FF-FF-FF-00-00;NOTIFICATION;0;da1a1500-d532-4285-be94-b07a3e11a098;da1a1502-d532-4285-be94-b07a3e11a098;18;;
396914;1788055221466;1505;BikePerformance / Fahrleistung;18;135;0,1,2,3;03-7A-03-7A-FF-FF-00-8C-FF-FF-FF-FF-FF-00-00-00-00-00;NOTIFICATION;0;da1a1500-d532-4285-be94-b07a3e11a098;da1a1505-d532-4285-be94-b07a3e11a098;18;;
397125;1788055221677;1506;Trip / Kilometer & Betriebszähler;16;135;7,8,9,10,11,12;00-00-1E-3B-00-02-5E-00-FF-FF-FF-FF-FF-00-00-00;NOTIFICATION;0;da1a1500-d532-4285-be94-b07a3e11a098;da1a1506-d532-4285-be94-b07a3e11a098;18;;
397545;1788055222097;1508;Settings / Licht & Fahrstufe;17;135;–;01-00-00-01-FF-FF-FF-FF-FF-FF-FF-00-00-00-00-00-00;NOTIFICATION;0;da1a1500-d532-4285-be94-b07a3e11a098;da1a1508-d532-4285-be94-b07a3e11a098;18;;
397757;1788055222309;1509;BatteryChange / Akku-Livestand;11;135;0,1,5,6,10;00-00-FF-FF-15-AF-64-00-00-00-2C;NOTIFICATION;0;da1a1500-d532-4285-be94-b07a3e11a098;da1a1509-d532-4285-be94-b07a3e11a098;18;;
397955;1788055222507;150A;MotorUpdate / Motor-Livestand;10;135;0,1;00-00-FF-FF-FF-FF-FF-FF-FF-FF;NOTIFICATION;0;da1a1500-d532-4285-be94-b07a3e11a098;da1a150a-d532-4285-be94-b07a3e11a098;18;;
398165;1788055222717;150B;Motor-/Controllerblock;20;135;–;FF-FF-FF-FF-FF-FF-FF-FF-FF-FF-FF-FF-FF-FF-FF-FF-FF-FF-FF-FF;NOTIFICATION;0;da1a1500-d532-4285-be94-b07a3e11a098;da1a150b-d532-4285-be94-b07a3e11a098;18;;
398373;1788055222925;150D;Fahrstatistik Max/Ø;20;135;–;00-DA-00-7B-FF-FF-FF-FF-47-18-FF-FF-FF-FF-FF-FF-FF-FF-00-00;NOTIFICATION;0;da1a1500-d532-4285-be94-b07a3e11a098;da1a150d-d532-4285-be94-b07a3e11a098;18;;
399414;1788055223966;1502;Akkuinformationen;16;136;–;47-18-FF-FF-FF-FF-47-18-FF-FF-FF-FF-FF-FF-00-00;NOTIFICATION;0;da1a1500-d532-4285-be94-b07a3e11a098;da1a1502-d532-4285-be94-b07a3e11a098;18;;
399835;1788055224387;1505;BikePerformance / Fahrleistung;18;136;0,1,2,3,7;00-00-00-00-FF-FF-00-71-FF-FF-FF-FF-FF-00-00-00-00-00;NOTIFICATION;0;da1a1500-d532-4285-be94-b07a3e11a098;da1a1505-d532-4285-be94-b07a3e11a098;18;;
400041;1788055224593;1506;Trip / Kilometer & Betriebszähler;16;136;7,8,9,10,11,12;00-00-1E-3B-00-02-5E-10-00-00-03-05-00-00-00-00;NOTIFICATION;0;da1a1500-d532-4285-be94-b07a3e11a098;da1a1506-d532-4285-be94-b07a3e11a098;18;;
400465;1788055225017;1508;Settings / Licht & Fahrstufe;17;136;–;01-00-00-01-FF-FF-FF-FF-FF-FF-FF-00-00-00-00-00-00;NOTIFICATION;0;da1a1500-d532-4285-be94-b07a3e11a098;da1a1508-d532-4285-be94-b07a3e11a098;18;;
400672;1788055225224;1509;BatteryChange / Akku-Livestand;11;136;6,10;00-00-FF-FF-15-AF-C8-00-00-00-00;NOTIFICATION;0;da1a1500-d532-4285-be94-b07a3e11a098;da1a1509-d532-4285-be94-b07a3e11a098;18;;
400872;1788055225424;150A;MotorUpdate / Motor-Livestand;10;136;–;00-00-FF-FF-FF-FF-FF-FF-FF-FF;NOTIFICATION;0;da1a1500-d532-4285-be94-b07a3e11a098;da1a150a-d532-4285-be94-b07a3e11a098;18;;
401085;1788055225637;150B;Motor-/Controllerblock;20;136;–;FF-FF-FF-FF-FF-FF-FF-FF-FF-FF-FF-FF-FF-FF-FF-FF-FF-FF-FF-FF;NOTIFICATION;0;da1a1500-d532-4285-be94-b07a3e11a098;da1a150b-d532-4285-be94-b07a3e11a098;18;;
401293;1788055225845;150D;Fahrstatistik Max/Ø;20;136;–;00-DA-00-7B-FF-FF-FF-FF-47-18-FF-FF-FF-FF-FF-FF-FF-FF-00-00;NOTIFICATION;0;da1a1500-d532-4285-be94-b07a3e11a098;da1a150d-d532-4285-be94-b07a3e11a098;18;;
402335;1788055226887;1502;Akkuinformationen;16;137;–;47-18-FF-FF-FF-FF-47-18-FF-FF-FF-FF-FF-FF-00-00;NOTIFICATION;0;da1a1500-d532-4285-be94-b07a3e11a098;da1a1502-d532-4285-be94-b07a3e11a098;18;;
402755;1788055227307;1505;BikePerformance / Fahrleistung;18;137;7;00-00-00-00-FF-FF-00-62-FF-FF-FF-FF-FF-00-00-00-00-00;NOTIFICATION;0;da1a1500-d532-4285-be94-b07a3e11a098;da1a1505-d532-4285-be94-b07a3e11a098;18;;
402965;1788055227517;1506;Trip / Kilometer & Betriebszähler;16;137;7;00-00-1E-3B-00-02-5E-13-00-00-03-05-00-00-00-00;NOTIFICATION;0;da1a1500-d532-4285-be94-b07a3e11a098;da1a1506-d532-4285-be94-b07a3e11a098;18;;
403382;1788055227934;1508;Settings / Licht & Fahrstufe;17;137;–;01-00-00-01-FF-FF-FF-FF-FF-FF-FF-00-00-00-00-00-00;NOTIFICATION;0;da1a1500-d532-4285-be94-b07a3e11a098;da1a1508-d532-4285-be94-b07a3e11a098;18;;
403596;1788055228148;1509;BatteryChange / Akku-Livestand;11;137;0,1,5,6,10;03-E8-FF-FF-15-AD-D4-00-00-00-2C;NOTIFICATION;0;da1a1500-d532-4285-be94-b07a3e11a098;da1a1509-d532-4285-be94-b07a3e11a098;18;;
403797;1788055228349;150A;MotorUpdate / Motor-Livestand;10;137;0,1;0B-B8-FF-FF-FF-FF-FF-FF-FF-FF;NOTIFICATION;0;da1a1500-d532-4285-be94-b07a3e11a098;da1a150a-d532-4285-be94-b07a3e11a098;18;;
404002;1788055228554;150B;Motor-/Controllerblock;20;137;–;FF-FF-FF-FF-FF-FF-FF-FF-FF-FF-FF-FF-FF-FF-FF-FF-FF-FF-FF-FF;NOTIFICATION;0;da1a1500-d532-4285-be94-b07a3e11a098;da1a150b-d532-4285-be94-b07a3e11a098;18;;
404211;1788055228763;150D;Fahrstatistik Max/Ø;20;137;–;00-DA-00-7B-FF-FF-FF-FF-47-18-FF-FF-FF-FF-FF-FF-FF-FF-00-00;NOTIFICATION;0;da1a1500-d532-4285-be94-b07a3e11a098;da1a150d-d532-4285-be94-b07a3e11a098;18;;
405251;1788055229803;1502;Akkuinformationen;16;138;–;47-18-FF-FF-FF-FF-47-18-FF-FF-FF-FF-FF-FF-00-00;NOTIFICATION;0;da1a1500-d532-4285-be94-b07a3e11a098;da1a1502-d532-4285-be94-b07a3e11a098;18;;
405671;1788055230223;1505;BikePerformance / Fahrleistung;18;138;0,1,2,3,7;03-7A-03-7A-FF-FF-00-6B-FF-FF-FF-FF-FF-00-00-00-00-00;NOTIFICATION;0;da1a1500-d532-4285-be94-b07a3e11a098;da1a1505-d532-4285-be94-b07a3e11a098;18;;
405886;1788055230438;1506;Trip / Kilometer & Betriebszähler;16;138;7;00-00-1E-3B-00-02-5E-16-00-00-03-05-00-00-00-00;NOTIFICATION;0;da1a1500-d532-4285-be94-b07a3e11a098;da1a1506-d532-4285-be94-b07a3e11a098;18;;
406300;1788055230852;1508;Settings / Licht & Fahrstufe;17;138;–;01-00-00-01-FF-FF-FF-FF-FF-FF-FF-00-00-00-00-00-00;NOTIFICATION;0;da1a1500-d532-4285-be94-b07a3e11a098;da1a1508-d532-4285-be94-b07a3e11a098;18;;
406511;1788055231063;1509;BatteryChange / Akku-Livestand;11;138;5,6;03-E8-FF-FF-15-AF-00-00-00-00-2C;NOTIFICATION;0;da1a1500-d532-4285-be94-b07a3e11a098;da1a1509-d532-4285-be94-b07a3e11a098;18;;
406715;1788055231267;150A;MotorUpdate / Motor-Livestand;10;138;0,1;03-E8-FF-FF-FF-FF-FF-FF-FF-FF;NOTIFICATION;0;da1a1500-d532-4285-be94-b07a3e11a098;da1a150a-d532-4285-be94-b07a3e11a098;18;;
406921;1788055231473;150B;Motor-/Controllerblock;20;138;–;FF-FF-FF-FF-FF-FF-FF-FF-FF-FF-FF-FF-FF-FF-FF-FF-FF-FF-FF-FF;NOTIFICATION;0;da1a1500-d532-4285-be94-b07a3e11a098;da1a150b-d532-4285-be94-b07a3e11a098;18;;
407131;1788055231683;150D;Fahrstatistik Max/Ø;20;138;–;00-DA-00-7B-FF-FF-FF-FF-47-18-FF-FF-FF-FF-FF-FF-FF-FF-00-00;NOTIFICATION;0;da1a1500-d532-4285-be94-b07a3e11a098;da1a150d-d532-4285-be94-b07a3e11a098;18;;
408187;1788055232739;1502;Akkuinformationen;16;139;–;47-18-FF-FF-FF-FF-47-18-FF-FF-FF-FF-FF-FF-00-00;NOTIFICATION;0;da1a1500-d532-4285-be94-b07a3e11a098;da1a1502-d532-4285-be94-b07a3e11a098;18;;
408595;1788055233147;1505;BikePerformance / Fahrleistung;18;139;0,1,2,3,7;00-00-00-00-FF-FF-00-6A-FF-FF-FF-FF-FF-00-00-00-00-00;NOTIFICATION;0;da1a1500-d532-4285-be94-b07a3e11a098;da1a1505-d532-4285-be94-b07a3e11a098;18;;
408805;1788055233357;1506;Trip / Kilometer & Betriebszähler;16;139;7;00-00-1E-3B-00-02-5E-19-00-00-03-05-00-00-00-00;NOTIFICATION;0;da1a1500-d532-4285-be94-b07a3e11a098;da1a1506-d532-4285-be94-b07a3e11a098;18;;
409225;1788055233777;1508;Settings / Licht & Fahrstufe;17;139;–;01-00-00-01-FF-FF-FF-FF-FF-FF-FF-00-00-00-00-00-00;NOTIFICATION;0;da1a1500-d532-4285-be94-b07a3e11a098;da1a1508-d532-4285-be94-b07a3e11a098;18;;
409436;1788055233988;1509;BatteryChange / Akku-Livestand;11;139;0,1,5,6,10;0B-B8-FF-FF-15-AE-38-00-00-00-85;NOTIFICATION;0;da1a1500-d532-4285-be94-b07a3e11a098;da1a1509-d532-4285-be94-b07a3e11a098;18;;
409635;1788055234187;150A;MotorUpdate / Motor-Livestand;10;139;0,1;00-00-FF-FF-FF-FF-FF-FF-FF-FF;NOTIFICATION;0;da1a1500-d532-4285-be94-b07a3e11a098;da1a150a-d532-4285-be94-b07a3e11a098;18;;
409842;1788055234394;150B;Motor-/Controllerblock;20;139;–;FF-FF-FF-FF-FF-FF-FF-FF-FF-FF-FF-FF-FF-FF-FF-FF-FF-FF-FF-FF;NOTIFICATION;0;da1a1500-d532-4285-be94-b07a3e11a098;da1a150b-d532-4285-be94-b07a3e11a098;18;;
410055;1788055234607;150D;Fahrstatistik Max/Ø;20;139;–;00-DA-00-7B-FF-FF-FF-FF-47-18-FF-FF-FF-FF-FF-FF-FF-FF-00-00;NOTIFICATION;0;da1a1500-d532-4285-be94-b07a3e11a098;da1a150d-d532-4285-be94-b07a3e11a098;18;;
411106;1788055235658;1502;Akkuinformationen;16;140;–;47-18-FF-FF-FF-FF-47-18-FF-FF-FF-FF-FF-FF-00-00;NOTIFICATION;0;da1a1500-d532-4285-be94-b07a3e11a098;da1a1502-d532-4285-be94-b07a3e11a098;18;;
411517;1788055236069;1505;BikePerformance / Fahrleistung;18;140;7;00-00-00-00-FF-FF-00-63-FF-FF-FF-FF-FF-00-00-00-00-00;NOTIFICATION;0;da1a1500-d532-4285-be94-b07a3e11a098;da1a1505-d532-4285-be94-b07a3e11a098;18;;
411724;1788055236276;1506;Trip / Kilometer & Betriebszähler;16;140;7;00-00-1E-3B-00-02-5E-1C-00-00-03-05-00-00-00-00;NOTIFICATION;0;da1a1500-d532-4285-be94-b07a3e11a098;da1a1506-d532-4285-be94-b07a3e11a098;18;;
412146;1788055236698;1508;Settings / Licht & Fahrstufe;17;140;–;01-00-00-01-FF-FF-FF-FF-FF-FF-FF-00-00-00-00-00-00;NOTIFICATION;0;da1a1500-d532-4285-be94-b07a3e11a098;da1a1508-d532-4285-be94-b07a3e11a098;18;;
412355;1788055236907;1509;BatteryChange / Akku-Livestand;11;140;5,6,10;0B-B8-FF-FF-15-AF-64-00-00-00-86;NOTIFICATION;0;da1a1500-d532-4285-be94-b07a3e11a098;da1a1509-d532-4285-be94-b07a3e11a098;18;;
412554;1788055237106;150A;MotorUpdate / Motor-Livestand;10;140;0,1;03-E8-FF-FF-FF-FF-FF-FF-FF-FF;NOTIFICATION;0;da1a1500-d532-4285-be94-b07a3e11a098;da1a150a-d532-4285-be94-b07a3e11a098;18;;
412765;1788055237317;150B;Motor-/Controllerblock;20;140;–;FF-FF-FF-FF-FF-FF-FF-FF-FF-FF-FF-FF-FF-FF-FF-FF-FF-FF-FF-FF;NOTIFICATION;0;da1a1500-d532-4285-be94-b07a3e11a098;da1a150b-d532-4285-be94-b07a3e11a098;18;;
412975;1788055237527;150D;Fahrstatistik Max/Ø;20;140;–;00-DA-00-7B-FF-FF-FF-FF-47-18-FF-FF-FF-FF-FF-FF-FF-FF-00-00;NOTIFICATION;0;da1a1500-d532-4285-be94-b07a3e11a098;da1a150d-d532-4285-be94-b07a3e11a098;18;;
414026;1788055238578;1502;Akkuinformationen;16;141;–;47-18-FF-FF-FF-FF-47-18-FF-FF-FF-FF-FF-FF-00-00;NOTIFICATION;0;da1a1500-d532-4285-be94-b07a3e11a098;da1a1502-d532-4285-be94-b07a3e11a098;18;;
414435;1788055238987;1505;BikePerformance / Fahrleistung;18;141;0,1,2,3,7;05-32-05-32-FF-FF-00-77-FF-FF-FF-FF-FF-00-00-00-00-00;NOTIFICATION;0;da1a1500-d532-4285-be94-b07a3e11a098;da1a1505-d532-4285-be94-b07a3e11a098;18;;
414646;1788055239198;1506;Trip / Kilometer & Betriebszähler;16;141;7;00-00-1E-3B-00-02-5E-1F-00-00-03-05-00-00-00-00;NOTIFICATION;0;da1a1500-d532-4285-be94-b07a3e11a098;da1a1506-d532-4285-be94-b07a3e11a098;18;;
415063;1788055239615;1508;Settings / Licht & Fahrstufe;17;141;–;01-00-00-01-FF-FF-FF-FF-FF-FF-FF-00-00-00-00-00-00;NOTIFICATION;0;da1a1500-d532-4285-be94-b07a3e11a098;da1a1508-d532-4285-be94-b07a3e11a098;18;;
415273;1788055239825;1509;BatteryChange / Akku-Livestand;11;141;0,1,5,6,10;00-00-FF-FF-15-AE-38-00-00-00-00;NOTIFICATION;0;da1a1500-d532-4285-be94-b07a3e11a098;da1a1509-d532-4285-be94-b07a3e11a098;18;;
415478;1788055240030;150A;MotorUpdate / Motor-Livestand;10;141;0,1;13-88-FF-FF-FF-FF-FF-FF-FF-FF;NOTIFICATION;0;da1a1500-d532-4285-be94-b07a3e11a098;da1a150a-d532-4285-be94-b07a3e11a098;18;;
415685;1788055240237;150B;Motor-/Controllerblock;20;141;–;FF-FF-FF-FF-FF-FF-FF-FF-FF-FF-FF-FF-FF-FF-FF-FF-FF-FF-FF-FF;NOTIFICATION;0;da1a1500-d532-4285-be94-b07a3e11a098;da1a150b-d532-4285-be94-b07a3e11a098;18;;
415897;1788055240449;150D;Fahrstatistik Max/Ø;20;141;–;00-DA-00-7B-FF-FF-FF-FF-47-18-FF-FF-FF-FF-FF-FF-FF-FF-00-00;NOTIFICATION;0;da1a1500-d532-4285-be94-b07a3e11a098;da1a150d-d532-4285-be94-b07a3e11a098;18;;
416945;1788055241497;1502;Akkuinformationen;16;142;–;47-18-FF-FF-FF-FF-47-18-FF-FF-FF-FF-FF-FF-00-00;NOTIFICATION;0;da1a1500-d532-4285-be94-b07a3e11a098;da1a1502-d532-4285-be94-b07a3e11a098;18;;
417357;1788055241909;1505;BikePerformance / Fahrleistung;18;142;0,1,2,3,7;01-B8-01-B8-FF-FF-00-69-FF-FF-FF-FF-FF-00-00-00-00-00;NOTIFICATION;0;da1a1500-d532-4285-be94-b07a3e11a098;da1a1505-d532-4285-be94-b07a3e11a098;18;;
417567;1788055242119;1506;Trip / Kilometer & Betriebszähler;16;142;7;00-00-1E-3B-00-02-5E-22-00-00-03-05-00-00-00-00;NOTIFICATION;0;da1a1500-d532-4285-be94-b07a3e11a098;da1a1506-d532-4285-be94-b07a3e11a098;18;;
417985;1788055242537;1508;Settings / Licht & Fahrstufe;17;142;–;01-00-00-01-FF-FF-FF-FF-FF-FF-FF-00-00-00-00-00-00;NOTIFICATION;0;da1a1500-d532-4285-be94-b07a3e11a098;da1a1508-d532-4285-be94-b07a3e11a098;18;;
418196;1788055242748;1509;BatteryChange / Akku-Livestand;11;142;0,1,5,6,10;03-E8-FF-FF-15-AD-D4-00-00-00-2D;NOTIFICATION;0;da1a1500-d532-4285-be94-b07a3e11a098;da1a1509-d532-4285-be94-b07a3e11a098;18;;
418395;1788055242947;150A;MotorUpdate / Motor-Livestand;10;142;0,1;0F-A0-FF-FF-FF-FF-FF-FF-FF-FF;NOTIFICATION;0;da1a1500-d532-4285-be94-b07a3e11a098;da1a150a-d532-4285-be94-b07a3e11a098;18;;
418604;1788055243156;150B;Motor-/Controllerblock;20;142;–;FF-FF-FF-FF-FF-FF-FF-FF-FF-FF-FF-FF-FF-FF-FF-FF-FF-FF-FF-FF;NOTIFICATION;0;da1a1500-d532-4285-be94-b07a3e11a098;da1a150b-d532-4285-be94-b07a3e11a098;18;;
418815;1788055243367;150D;Fahrstatistik Max/Ø;20;142;–;00-DA-00-7B-FF-FF-FF-FF-47-18-FF-FF-FF-FF-FF-FF-FF-FF-00-00;NOTIFICATION;0;da1a1500-d532-4285-be94-b07a3e11a098;da1a150d-d532-4285-be94-b07a3e11a098;18;;
419918;1788055244470;1502;Akkuinformationen;16;143;–;47-18-FF-FF-FF-FF-47-18-FF-FF-FF-FF-FF-FF-00-00;NOTIFICATION;0;da1a1500-d532-4285-be94-b07a3e11a098;da1a1502-d532-4285-be94-b07a3e11a098;18;;
420331;1788055244883;1505;BikePerformance / Fahrleistung;18;143;1,3,7;01-C2-01-C2-FF-FF-00-7B-FF-FF-FF-FF-FF-00-00-00-00-00;NOTIFICATION;0;da1a1500-d532-4285-be94-b07a3e11a098;da1a1505-d532-4285-be94-b07a3e11a098;18;;
420486;1788055245038;1506;Trip / Kilometer & Betriebszähler;16;143;7;00-00-1E-3B-00-02-5E-25-00-00-03-05-00-00-00-00;NOTIFICATION;0;da1a1500-d532-4285-be94-b07a3e11a098;da1a1506-d532-4285-be94-b07a3e11a098;18;;
420906;1788055245458;1508;Settings / Licht & Fahrstufe;17;143;–;01-00-00-01-FF-FF-FF-FF-FF-FF-FF-00-00-00-00-00-00;NOTIFICATION;0;da1a1500-d532-4285-be94-b07a3e11a098;da1a1508-d532-4285-be94-b07a3e11a098;18;;
421117;1788055245669;1509;BatteryChange / Akku-Livestand;11;143;0,1,5,6,10;0B-B8-FF-FF-15-AF-64-00-00-00-86;NOTIFICATION;0;da1a1500-d532-4285-be94-b07a3e11a098;da1a1509-d532-4285-be94-b07a3e11a098;18;;
421316;1788055245868;150A;MotorUpdate / Motor-Livestand;10;143;0,1;00-00-FF-FF-FF-FF-FF-FF-FF-FF;NOTIFICATION;0;da1a1500-d532-4285-be94-b07a3e11a098;da1a150a-d532-4285-be94-b07a3e11a098;18;;
421525;1788055246077;150B;Motor-/Controllerblock;20;143;–;FF-FF-FF-FF-FF-FF-FF-FF-FF-FF-FF-FF-FF-FF-FF-FF-FF-FF-FF-FF;NOTIFICATION;0;da1a1500-d532-4285-be94-b07a3e11a098;da1a150b-d532-4285-be94-b07a3e11a098;18;;
421774;1788055246326;150D;Fahrstatistik Max/Ø;20;143;–;00-DA-00-7B-FF-FF-FF-FF-47-18-FF-FF-FF-FF-FF-FF-FF-FF-00-00;NOTIFICATION;0;da1a1500-d532-4285-be94-b07a3e11a098;da1a150d-d532-4285-be94-b07a3e11a098;18;;
422838;1788055247390;1502;Akkuinformationen;16;144;–;47-18-FF-FF-FF-FF-47-18-FF-FF-FF-FF-FF-FF-00-00;NOTIFICATION;0;da1a1500-d532-4285-be94-b07a3e11a098;da1a1502-d532-4285-be94-b07a3e11a098;18;;
423261;1788055247813;1505;BikePerformance / Fahrleistung;18;144;0,1,2,3,7;00-00-00-00-FF-FF-00-76-FF-FF-FF-FF-FF-00-00-00-00-00;NOTIFICATION;0;da1a1500-d532-4285-be94-b07a3e11a098;da1a1505-d532-4285-be94-b07a3e11a098;18;;
423405;1788055247957;1506;Trip / Kilometer & Betriebszähler;16;144;3,7,11;00-00-1E-3C-00-02-5E-28-00-00-03-06-00-00-00-00;NOTIFICATION;0;da1a1500-d532-4285-be94-b07a3e11a098;da1a1506-d532-4285-be94-b07a3e11a098;18;;
423883;1788055248435;1508;Settings / Licht & Fahrstufe;17;144;–;01-00-00-01-FF-FF-FF-FF-FF-FF-FF-00-00-00-00-00-00;NOTIFICATION;0;da1a1500-d532-4285-be94-b07a3e11a098;da1a1508-d532-4285-be94-b07a3e11a098;18;;
424035;1788055248587;1509;BatteryChange / Akku-Livestand;11;144;0,1,10;03-E8-FF-FF-15-AF-64-00-00-00-2C;NOTIFICATION;0;da1a1500-d532-4285-be94-b07a3e11a098;da1a1509-d532-4285-be94-b07a3e11a098;18;;
424280;1788055248832;150A;MotorUpdate / Motor-Livestand;10;144;–;00-00-FF-FF-FF-FF-FF-FF-FF-FF;NOTIFICATION;0;da1a1500-d532-4285-be94-b07a3e11a098;da1a150a-d532-4285-be94-b07a3e11a098;18;;
424457;1788055249009;150B;Motor-/Controllerblock;20;144;–;FF-FF-FF-FF-FF-FF-FF-FF-FF-FF-FF-FF-FF-FF-FF-FF-FF-FF-FF-FF;NOTIFICATION;0;da1a1500-d532-4285-be94-b07a3e11a098;da1a150b-d532-4285-be94-b07a3e11a098;18;;
424693;1788055249245;150D;Fahrstatistik Max/Ø;20;144;–;00-DA-00-7B-FF-FF-FF-FF-47-18-FF-FF-FF-FF-FF-FF-FF-FF-00-00;NOTIFICATION;0;da1a1500-d532-4285-be94-b07a3e11a098;da1a150d-d532-4285-be94-b07a3e11a098;18;;
425761;1788055250313;1502;Akkuinformationen;16;145;–;47-18-FF-FF-FF-FF-47-18-FF-FF-FF-FF-FF-FF-00-00;NOTIFICATION;0;da1a1500-d532-4285-be94-b07a3e11a098;da1a1502-d532-4285-be94-b07a3e11a098;18;;
426181;1788055250733;1505;BikePerformance / Fahrleistung;18;145;0,1,2,3,7;05-28-05-28-FF-FF-00-7C-FF-FF-FF-FF-FF-00-00-00-00-00;NOTIFICATION;0;da1a1500-d532-4285-be94-b07a3e11a098;da1a1505-d532-4285-be94-b07a3e11a098;18;;
426325;1788055250877;1506;Trip / Kilometer & Betriebszähler;16;145;7;00-00-1E-3C-00-02-5E-2B-00-00-03-06-00-00-00-00;NOTIFICATION;0;da1a1500-d532-4285-be94-b07a3e11a098;da1a1506-d532-4285-be94-b07a3e11a098;18;;
426824;1788055251376;1508;Settings / Licht & Fahrstufe;17;145;–;01-00-00-01-FF-FF-FF-FF-FF-FF-FF-00-00-00-00-00-00;NOTIFICATION;0;da1a1500-d532-4285-be94-b07a3e11a098;da1a1508-d532-4285-be94-b07a3e11a098;18;;
426966;1788055251518;1509;BatteryChange / Akku-Livestand;11;145;0,1,5,6;0F-A0-FF-FF-15-AC-44-00-00-00-2C;NOTIFICATION;0;da1a1500-d532-4285-be94-b07a3e11a098;da1a1509-d532-4285-be94-b07a3e11a098;18;;
427193;1788055251745;150A;MotorUpdate / Motor-Livestand;10;145;0,1;07-D0-FF-FF-FF-FF-FF-FF-FF-FF;NOTIFICATION;0;da1a1500-d532-4285-be94-b07a3e11a098;da1a150a-d532-4285-be94-b07a3e11a098;18;;
427376;1788055251928;150B;Motor-/Controllerblock;20;145;–;FF-FF-FF-FF-FF-FF-FF-FF-FF-FF-FF-FF-FF-FF-FF-FF-FF-FF-FF-FF;NOTIFICATION;0;da1a1500-d532-4285-be94-b07a3e11a098;da1a150b-d532-4285-be94-b07a3e11a098;18;;
427617;1788055252169;150D;Fahrstatistik Max/Ø;20;145;–;00-DA-00-7B-FF-FF-FF-FF-47-18-FF-FF-FF-FF-FF-FF-FF-FF-00-00;NOTIFICATION;0;da1a1500-d532-4285-be94-b07a3e11a098;da1a150d-d532-4285-be94-b07a3e11a098;18;;
428679;1788055253231;1502;Akkuinformationen;16;146;–;47-18-FF-FF-FF-FF-47-18-FF-FF-FF-FF-FF-FF-00-00;NOTIFICATION;0;da1a1500-d532-4285-be94-b07a3e11a098;da1a1502-d532-4285-be94-b07a3e11a098;18;;
429129;1788055253681;1505;BikePerformance / Fahrleistung;18;146;0,1,2,3,7;00-00-00-00-FF-FF-00-6B-FF-FF-FF-FF-FF-00-00-00-00-00;NOTIFICATION;0;da1a1500-d532-4285-be94-b07a3e11a098;da1a1505-d532-4285-be94-b07a3e11a098;18;;
429244;1788055253796;1506;Trip / Kilometer & Betriebszähler;16;146;7;00-00-1E-3C-00-02-5E-2E-00-00-03-06-00-00-00-00;NOTIFICATION;0;da1a1500-d532-4285-be94-b07a3e11a098;da1a1506-d532-4285-be94-b07a3e11a098;18;;
429741;1788055254293;1508;Settings / Licht & Fahrstufe;17;146;–;01-00-00-01-FF-FF-FF-FF-FF-FF-FF-00-00-00-00-00-00;NOTIFICATION;0;da1a1500-d532-4285-be94-b07a3e11a098;da1a1508-d532-4285-be94-b07a3e11a098;18;;
429875;1788055254427;1509;BatteryChange / Akku-Livestand;11;146;0,1,10;0B-B8-FF-FF-15-AC-44-00-00-00-84;NOTIFICATION;0;da1a1500-d532-4285-be94-b07a3e11a098;da1a1509-d532-4285-be94-b07a3e11a098;18;;
430137;1788055254689;150A;MotorUpdate / Motor-Livestand;10;146;–;07-D0-FF-FF-FF-FF-FF-FF-FF-FF;NOTIFICATION;0;da1a1500-d532-4285-be94-b07a3e11a098;da1a150a-d532-4285-be94-b07a3e11a098;18;;
430293;1788055254845;150B;Motor-/Controllerblock;20;146;–;FF-FF-FF-FF-FF-FF-FF-FF-FF-FF-FF-FF-FF-FF-FF-FF-FF-FF-FF-FF;NOTIFICATION;0;da1a1500-d532-4285-be94-b07a3e11a098;da1a150b-d532-4285-be94-b07a3e11a098;18;;
430575;1788055255127;150D;Fahrstatistik Max/Ø;20;146;–;00-DA-00-7B-FF-FF-FF-FF-47-18-FF-FF-FF-FF-FF-FF-FF-FF-00-00;NOTIFICATION;0;da1a1500-d532-4285-be94-b07a3e11a098;da1a150d-d532-4285-be94-b07a3e11a098;18;;
431615;1788055256167;1502;Akkuinformationen;16;147;–;47-18-FF-FF-FF-FF-47-18-FF-FF-FF-FF-FF-FF-00-00;NOTIFICATION;0;da1a1500-d532-4285-be94-b07a3e11a098;da1a1502-d532-4285-be94-b07a3e11a098;18;;
432022;1788055256574;1505;BikePerformance / Fahrleistung;18;147;0,1,2,3,7;08-A2-08-A2-FF-FF-00-7C-FF-FF-FF-FF-FF-00-00-00-00-00;NOTIFICATION;0;da1a1500-d532-4285-be94-b07a3e11a098;da1a1505-d532-4285-be94-b07a3e11a098;18;;
432163;1788055256715;1506;Trip / Kilometer & Betriebszähler;16;147;7;00-00-1E-3C-00-02-5E-31-00-00-03-06-00-00-00-00;NOTIFICATION;0;da1a1500-d532-4285-be94-b07a3e11a098;da1a1506-d532-4285-be94-b07a3e11a098;18;;
432635;1788055257187;1508;Settings / Licht & Fahrstufe;17;147;–;01-00-00-01-FF-FF-FF-FF-FF-FF-FF-00-00-00-00-00-00;NOTIFICATION;0;da1a1500-d532-4285-be94-b07a3e11a098;da1a1508-d532-4285-be94-b07a3e11a098;18;;
432793;1788055257345;1509;BatteryChange / Akku-Livestand;11;147;0,1,6,10;0F-A0-FF-FF-15-AC-A8-00-00-00-B0;NOTIFICATION;0;da1a1500-d532-4285-be94-b07a3e11a098;da1a1509-d532-4285-be94-b07a3e11a098;18;;
433075;1788055257627;150A;MotorUpdate / Motor-Livestand;10;147;–;07-D0-FF-FF-FF-FF-FF-FF-FF-FF;NOTIFICATION;0;da1a1500-d532-4285-be94-b07a3e11a098;da1a150a-d532-4285-be94-b07a3e11a098;18;;
433212;1788055257764;150B;Motor-/Controllerblock;20;147;–;FF-FF-FF-FF-FF-FF-FF-FF-FF-FF-FF-FF-FF-FF-FF-FF-FF-FF-FF-FF;NOTIFICATION;0;da1a1500-d532-4285-be94-b07a3e11a098;da1a150b-d532-4285-be94-b07a3e11a098;18;;
433503;1788055258055;150D;Fahrstatistik Max/Ø;20;147;–;00-DA-00-7B-FF-FF-FF-FF-47-18-FF-FF-FF-FF-FF-FF-FF-FF-00-00;NOTIFICATION;0;da1a1500-d532-4285-be94-b07a3e11a098;da1a150d-d532-4285-be94-b07a3e11a098;18;;
434533;1788055259085;1502;Akkuinformationen;16;148;–;47-18-FF-FF-FF-FF-47-18-FF-FF-FF-FF-FF-FF-00-00;NOTIFICATION;0;da1a1500-d532-4285-be94-b07a3e11a098;da1a1502-d532-4285-be94-b07a3e11a098;18;;
434882;1788055259434;1505;BikePerformance / Fahrleistung;18;148;0,1,2,3,7;00-00-00-00-FF-FF-00-6F-FF-FF-FF-FF-FF-00-00-00-00-00;NOTIFICATION;0;da1a1500-d532-4285-be94-b07a3e11a098;da1a1505-d532-4285-be94-b07a3e11a098;18;;
435082;1788055259634;1506;Trip / Kilometer & Betriebszähler;16;148;7;00-00-1E-3C-00-02-5E-34-00-00-03-06-00-00-00-00;NOTIFICATION;0;da1a1500-d532-4285-be94-b07a3e11a098;da1a1506-d532-4285-be94-b07a3e11a098;18;;
435504;1788055260056;1508;Settings / Licht & Fahrstufe;17;148;–;01-00-00-01-FF-FF-FF-FF-FF-FF-FF-00-00-00-00-00-00;NOTIFICATION;0;da1a1500-d532-4285-be94-b07a3e11a098;da1a1508-d532-4285-be94-b07a3e11a098;18;;
435790;1788055260342;1509;BatteryChange / Akku-Livestand;11;148;0,1,5,6,10;00-00-FF-FF-15-AF-C8-00-00-00-2C;NOTIFICATION;0;da1a1500-d532-4285-be94-b07a3e11a098;da1a1509-d532-4285-be94-b07a3e11a098;18;;
435922;1788055260474;150A;MotorUpdate / Motor-Livestand;10;148;0,1;03-E8-FF-FF-FF-FF-FF-FF-FF-FF;NOTIFICATION;0;da1a1500-d532-4285-be94-b07a3e11a098;da1a150a-d532-4285-be94-b07a3e11a098;18;;
436193;1788055260745;150B;Motor-/Controllerblock;20;148;–;FF-FF-FF-FF-FF-FF-FF-FF-FF-FF-FF-FF-FF-FF-FF-FF-FF-FF-FF-FF;NOTIFICATION;0;da1a1500-d532-4285-be94-b07a3e11a098;da1a150b-d532-4285-be94-b07a3e11a098;18;;
436342;1788055260894;150D;Fahrstatistik Max/Ø;20;148;–;00-DA-00-7B-FF-FF-FF-FF-47-18-FF-FF-FF-FF-FF-FF-FF-FF-00-00;NOTIFICATION;0;da1a1500-d532-4285-be94-b07a3e11a098;da1a150d-d532-4285-be94-b07a3e11a098;18;;
437388;1788055261940;1502;Akkuinformationen;16;149;–;47-18-FF-FF-FF-FF-47-18-FF-FF-FF-FF-FF-FF-00-00;NOTIFICATION;0;da1a1500-d532-4285-be94-b07a3e11a098;da1a1502-d532-4285-be94-b07a3e11a098;18;;
437858;1788055262410;1505;BikePerformance / Fahrleistung;18;149;7;00-00-00-00-FF-FF-00-77-FF-FF-FF-FF-FF-00-00-00-00-00;NOTIFICATION;0;da1a1500-d532-4285-be94-b07a3e11a098;da1a1505-d532-4285-be94-b07a3e11a098;18;;
438007;1788055262559;1506;Trip / Kilometer & Betriebszähler;16;149;7;00-00-1E-3C-00-02-5E-37-00-00-03-06-00-00-00-00;NOTIFICATION;0;da1a1500-d532-4285-be94-b07a3e11a098;da1a1506-d532-4285-be94-b07a3e11a098;18;;
438491;1788055263043;1508;Settings / Licht & Fahrstufe;17;149;–;01-00-00-01-FF-FF-FF-FF-FF-FF-FF-00-00-00-00-00-00;NOTIFICATION;0;da1a1500-d532-4285-be94-b07a3e11a098;da1a1508-d532-4285-be94-b07a3e11a098;18;;
438638;1788055263190;1509;BatteryChange / Akku-Livestand;11;149;0,1,5,6,10;03-E8-FF-FF-15-AD-D4-00-00-00-00;NOTIFICATION;0;da1a1500-d532-4285-be94-b07a3e11a098;da1a1509-d532-4285-be94-b07a3e11a098;18;;
438882;1788055263434;150A;MotorUpdate / Motor-Livestand;10;149;0,1;00-00-FF-FF-FF-FF-FF-FF-FF-FF;NOTIFICATION;0;da1a1500-d532-4285-be94-b07a3e11a098;da1a150a-d532-4285-be94-b07a3e11a098;18;;
439056;1788055263608;150B;Motor-/Controllerblock;20;149;–;FF-FF-FF-FF-FF-FF-FF-FF-FF-FF-FF-FF-FF-FF-FF-FF-FF-FF-FF-FF;NOTIFICATION;0;da1a1500-d532-4285-be94-b07a3e11a098;da1a150b-d532-4285-be94-b07a3e11a098;18;;
439291;1788055263843;150D;Fahrstatistik Max/Ø;20;149;–;00-DA-00-7B-FF-FF-FF-FF-47-18-FF-FF-FF-FF-FF-FF-FF-FF-00-00;NOTIFICATION;0;da1a1500-d532-4285-be94-b07a3e11a098;da1a150d-d532-4285-be94-b07a3e11a098;18;;
440350;1788055264902;1502;Akkuinformationen;16;150;–;47-18-FF-FF-FF-FF-47-18-FF-FF-FF-FF-FF-FF-00-00;NOTIFICATION;0;da1a1500-d532-4285-be94-b07a3e11a098;da1a1502-d532-4285-be94-b07a3e11a098;18;;
440719;1788055265271;1505;BikePerformance / Fahrleistung;18;150;0,1,2,3,7;06-EA-06-EA-FF-FF-00-80-FF-FF-FF-FF-FF-00-00-00-00-00;NOTIFICATION;0;da1a1500-d532-4285-be94-b07a3e11a098;da1a1505-d532-4285-be94-b07a3e11a098;18;;
440928;1788055265480;1506;Trip / Kilometer & Betriebszähler;16;150;7;00-00-1E-3C-00-02-5E-39-00-00-03-06-00-00-00-00;NOTIFICATION;0;da1a1500-d532-4285-be94-b07a3e11a098;da1a1506-d532-4285-be94-b07a3e11a098;18;;
441387;1788055265939;1508;Settings / Licht & Fahrstufe;17;150;–;01-00-00-01-FF-FF-FF-FF-FF-FF-FF-00-00-00-00-00-00;NOTIFICATION;0;da1a1500-d532-4285-be94-b07a3e11a098;da1a1508-d532-4285-be94-b07a3e11a098;18;;
441556;1788055266108;1509;BatteryChange / Akku-Livestand;11;150;0,1,5,6,10;0B-B8-FF-FF-15-AC-A8-00-00-00-84;NOTIFICATION;0;da1a1500-d532-4285-be94-b07a3e11a098;da1a1509-d532-4285-be94-b07a3e11a098;18;;
441769;1788055266321;150A;MotorUpdate / Motor-Livestand;10;150;0,1;07-D0-FF-FF-FF-FF-FF-FF-FF-FF;NOTIFICATION;0;da1a1500-d532-4285-be94-b07a3e11a098;da1a150a-d532-4285-be94-b07a3e11a098;18;;
441976;1788055266528;150B;Motor-/Controllerblock;20;150;–;FF-FF-FF-FF-FF-FF-FF-FF-FF-FF-FF-FF-FF-FF-FF-FF-FF-FF-FF-FF;NOTIFICATION;0;da1a1500-d532-4285-be94-b07a3e11a098;da1a150b-d532-4285-be94-b07a3e11a098;18;;
442186;1788055266738;150D;Fahrstatistik Max/Ø;20;150;–;00-DA-00-7B-FF-FF-FF-FF-47-18-FF-FF-FF-FF-FF-FF-FF-FF-00-00;NOTIFICATION;0;da1a1500-d532-4285-be94-b07a3e11a098;da1a150d-d532-4285-be94-b07a3e11a098;18;;
443226;1788055267778;1502;Akkuinformationen;16;151;–;47-18-FF-FF-FF-FF-47-18-FF-FF-FF-FF-FF-FF-00-00;NOTIFICATION;0;da1a1500-d532-4285-be94-b07a3e11a098;da1a1502-d532-4285-be94-b07a3e11a098;18;;
443706;1788055268258;1505;BikePerformance / Fahrleistung;18;151;0,1,2,3,7;03-7A-03-7A-FF-FF-00-7C-FF-FF-FF-FF-FF-00-00-00-00-00;NOTIFICATION;0;da1a1500-d532-4285-be94-b07a3e11a098;da1a1505-d532-4285-be94-b07a3e11a098;18;;
443847;1788055268399;1506;Trip / Kilometer & Betriebszähler;16;151;7;00-00-1E-3C-00-02-5E-3C-00-00-03-06-00-00-00-00;NOTIFICATION;0;da1a1500-d532-4285-be94-b07a3e11a098;da1a1506-d532-4285-be94-b07a3e11a098;18;;
444320;1788055268872;1508;Settings / Licht & Fahrstufe;17;151;–;01-00-00-01-FF-FF-FF-FF-FF-FF-FF-00-00-00-00-00-00;NOTIFICATION;0;da1a1500-d532-4285-be94-b07a3e11a098;da1a1508-d532-4285-be94-b07a3e11a098;18;;
444476;1788055269028;1509;BatteryChange / Akku-Livestand;11;151;5,6;0B-B8-FF-FF-15-AD-0C-00-00-00-84;NOTIFICATION;0;da1a1500-d532-4285-be94-b07a3e11a098;da1a1509-d532-4285-be94-b07a3e11a098;18;;
444711;1788055269263;150A;MotorUpdate / Motor-Livestand;10;151;0,1;0F-A0-FF-FF-FF-FF-FF-FF-FF-FF;NOTIFICATION;0;da1a1500-d532-4285-be94-b07a3e11a098;da1a150a-d532-4285-be94-b07a3e11a098;18;;
444898;1788055269450;150B;Motor-/Controllerblock;20;151;–;FF-FF-FF-FF-FF-FF-FF-FF-FF-FF-FF-FF-FF-FF-FF-FF-FF-FF-FF-FF;NOTIFICATION;0;da1a1500-d532-4285-be94-b07a3e11a098;da1a150b-d532-4285-be94-b07a3e11a098;18;;
445144;1788055269696;150D;Fahrstatistik Max/Ø;20;151;–;00-DA-00-7B-FF-FF-FF-FF-47-18-FF-FF-FF-FF-FF-FF-FF-FF-00-00;NOTIFICATION;0;da1a1500-d532-4285-be94-b07a3e11a098;da1a150d-d532-4285-be94-b07a3e11a098;18;;
446148;1788055270700;1502;Akkuinformationen;16;152;–;47-18-FF-FF-FF-FF-47-18-FF-FF-FF-FF-FF-FF-00-00;NOTIFICATION;0;da1a1500-d532-4285-be94-b07a3e11a098;da1a1502-d532-4285-be94-b07a3e11a098;18;;
446566;1788055271118;1505;BikePerformance / Fahrleistung;18;152;0,1,2,3,7;00-00-00-00-FF-FF-00-7B-FF-FF-FF-FF-FF-00-00-00-00-00;NOTIFICATION;0;da1a1500-d532-4285-be94-b07a3e11a098;da1a1505-d532-4285-be94-b07a3e11a098;18;;
446766;1788055271318;1506;Trip / Kilometer & Betriebszähler;16;152;7;00-00-1E-3C-00-02-5E-3F-00-00-03-06-00-00-00-00;NOTIFICATION;0;da1a1500-d532-4285-be94-b07a3e11a098;da1a1506-d532-4285-be94-b07a3e11a098;18;;
447187;1788055271739;1508;Settings / Licht & Fahrstufe;17;152;–;01-00-00-01-FF-FF-FF-FF-FF-FF-FF-00-00-00-00-00-00;NOTIFICATION;0;da1a1500-d532-4285-be94-b07a3e11a098;da1a1508-d532-4285-be94-b07a3e11a098;18;;
447395;1788055271947;1509;BatteryChange / Akku-Livestand;11;152;0,1,6,10;07-D0-FF-FF-15-AD-D4-00-00-00-59;NOTIFICATION;0;da1a1500-d532-4285-be94-b07a3e11a098;da1a1509-d532-4285-be94-b07a3e11a098;18;;
447605;1788055272157;150A;MotorUpdate / Motor-Livestand;10;152;0,1;0B-B8-FF-FF-FF-FF-FF-FF-FF-FF;NOTIFICATION;0;da1a1500-d532-4285-be94-b07a3e11a098;da1a150a-d532-4285-be94-b07a3e11a098;18;;
447848;1788055272400;150B;Motor-/Controllerblock;20;152;–;FF-FF-FF-FF-FF-FF-FF-FF-FF-FF-FF-FF-FF-FF-FF-FF-FF-FF-FF-FF;NOTIFICATION;0;da1a1500-d532-4285-be94-b07a3e11a098;da1a150b-d532-4285-be94-b07a3e11a098;18;;
448026;1788055272578;150D;Fahrstatistik Max/Ø;20;152;–;00-DA-00-7B-FF-FF-FF-FF-47-18-FF-FF-FF-FF-FF-FF-FF-FF-00-00;NOTIFICATION;0;da1a1500-d532-4285-be94-b07a3e11a098;da1a150d-d532-4285-be94-b07a3e11a098;18;;
449068;1788055273620;1502;Akkuinformationen;16;153;–;47-18-FF-FF-FF-FF-47-18-FF-FF-FF-FF-FF-FF-00-00;NOTIFICATION;0;da1a1500-d532-4285-be94-b07a3e11a098;da1a1502-d532-4285-be94-b07a3e11a098;18;;
449487;1788055274039;1505;BikePerformance / Fahrleistung;18;153;0,1,2,3,7;03-7A-03-7A-FF-FF-00-85-FF-FF-FF-FF-FF-00-00-00-00-00;NOTIFICATION;0;da1a1500-d532-4285-be94-b07a3e11a098;da1a1505-d532-4285-be94-b07a3e11a098;18;;
449689;1788055274241;1506;Trip / Kilometer & Betriebszähler;16;153;7;00-00-1E-3C-00-02-5E-42-00-00-03-06-00-00-00-00;NOTIFICATION;0;da1a1500-d532-4285-be94-b07a3e11a098;da1a1506-d532-4285-be94-b07a3e11a098;18;;
450119;1788055274671;1508;Settings / Licht & Fahrstufe;17;153;–;01-00-00-01-FF-FF-FF-FF-FF-FF-FF-00-00-00-00-00-00;NOTIFICATION;0;da1a1500-d532-4285-be94-b07a3e11a098;da1a1508-d532-4285-be94-b07a3e11a098;18;;
450318;1788055274870;1509;BatteryChange / Akku-Livestand;11;153;5,6;07-D0-FF-FF-15-AE-38-00-00-00-59;NOTIFICATION;0;da1a1500-d532-4285-be94-b07a3e11a098;da1a1509-d532-4285-be94-b07a3e11a098;18;;
450529;1788055275081;150A;MotorUpdate / Motor-Livestand;10;153;0,1;07-D0-FF-FF-FF-FF-FF-FF-FF-FF;NOTIFICATION;0;da1a1500-d532-4285-be94-b07a3e11a098;da1a150a-d532-4285-be94-b07a3e11a098;18;;
450806;1788055275358;150B;Motor-/Controllerblock;20;153;–;FF-FF-FF-FF-FF-FF-FF-FF-FF-FF-FF-FF-FF-FF-FF-FF-FF-FF-FF-FF;NOTIFICATION;0;da1a1500-d532-4285-be94-b07a3e11a098;da1a150b-d532-4285-be94-b07a3e11a098;18;;
450946;1788055275498;150D;Fahrstatistik Max/Ø;20;153;–;00-DA-00-7B-FF-FF-FF-FF-47-18-FF-FF-FF-FF-FF-FF-FF-FF-00-00;NOTIFICATION;0;da1a1500-d532-4285-be94-b07a3e11a098;da1a150d-d532-4285-be94-b07a3e11a098;18;;
451982;1788055276534;1502;Akkuinformationen;16;154;–;47-18-FF-FF-FF-FF-47-18-FF-FF-FF-FF-FF-FF-00-00;NOTIFICATION;0;da1a1500-d532-4285-be94-b07a3e11a098;da1a1502-d532-4285-be94-b07a3e11a098;18;;
452407;1788055276959;1505;BikePerformance / Fahrleistung;18;154;0,1,2,3,7;01-B8-01-B8-FF-FF-00-86-FF-FF-FF-FF-FF-00-00-00-00-00;NOTIFICATION;0;da1a1500-d532-4285-be94-b07a3e11a098;da1a1505-d532-4285-be94-b07a3e11a098;18;;
452606;1788055277158;1506;Trip / Kilometer & Betriebszähler;16;154;3,7;00-00-1E-3D-00-02-5E-45-00-00-03-06-00-00-00-00;NOTIFICATION;0;da1a1500-d532-4285-be94-b07a3e11a098;da1a1506-d532-4285-be94-b07a3e11a098;18;;
453028;1788055277580;1508;Settings / Licht & Fahrstufe;17;154;–;01-00-00-01-FF-FF-FF-FF-FF-FF-FF-00-00-00-00-00-00;NOTIFICATION;0;da1a1500-d532-4285-be94-b07a3e11a098;da1a1508-d532-4285-be94-b07a3e11a098;18;;
453238;1788055277790;1509;BatteryChange / Akku-Livestand;11;154;0,1,6,10;03-E8-FF-FF-15-AE-9C-00-00-00-2C;NOTIFICATION;0;da1a1500-d532-4285-be94-b07a3e11a098;da1a1509-d532-4285-be94-b07a3e11a098;18;;
453450;1788055278002;150A;MotorUpdate / Motor-Livestand;10;154;–;07-D0-FF-FF-FF-FF-FF-FF-FF-FF;NOTIFICATION;0;da1a1500-d532-4285-be94-b07a3e11a098;da1a150a-d532-4285-be94-b07a3e11a098;18;;
453656;1788055278208;150B;Motor-/Controllerblock;20;154;–;FF-FF-FF-FF-FF-FF-FF-FF-FF-FF-FF-FF-FF-FF-FF-FF-FF-FF-FF-FF;NOTIFICATION;0;da1a1500-d532-4285-be94-b07a3e11a098;da1a150b-d532-4285-be94-b07a3e11a098;18;;
453868;1788055278420;150D;Fahrstatistik Max/Ø;20;154;–;00-DA-00-7B-FF-FF-FF-FF-47-18-FF-FF-FF-FF-FF-FF-FF-FF-00-00;NOTIFICATION;0;da1a1500-d532-4285-be94-b07a3e11a098;da1a150d-d532-4285-be94-b07a3e11a098;18;;
454968;1788055279520;1502;Akkuinformationen;16;155;–;47-18-FF-FF-FF-FF-47-18-FF-FF-FF-FF-FF-FF-00-00;NOTIFICATION;0;da1a1500-d532-4285-be94-b07a3e11a098;da1a1502-d532-4285-be94-b07a3e11a098;18;;
455323;1788055279875;1505;BikePerformance / Fahrleistung;18;155;7;01-B8-01-B8-FF-FF-00-7E-FF-FF-FF-FF-FF-00-00-00-00-00;NOTIFICATION;0;da1a1500-d532-4285-be94-b07a3e11a098;da1a1505-d532-4285-be94-b07a3e11a098;18;;
455527;1788055280079;1506;Trip / Kilometer & Betriebszähler;16;155;7;00-00-1E-3D-00-02-5E-48-00-00-03-06-00-00-00-00;NOTIFICATION;0;da1a1500-d532-4285-be94-b07a3e11a098;da1a1506-d532-4285-be94-b07a3e11a098;18;;
455948;1788055280500;1508;Settings / Licht & Fahrstufe;17;155;–;01-00-00-01-FF-FF-FF-FF-FF-FF-FF-00-00-00-00-00-00;NOTIFICATION;0;da1a1500-d532-4285-be94-b07a3e11a098;da1a1508-d532-4285-be94-b07a3e11a098;18;;
456154;1788055280706;1509;BatteryChange / Akku-Livestand;11;155;6;03-E8-FF-FF-15-AE-38-00-00-00-2C;NOTIFICATION;0;da1a1500-d532-4285-be94-b07a3e11a098;da1a1509-d532-4285-be94-b07a3e11a098;18;;
456366;1788055280918;150A;MotorUpdate / Motor-Livestand;10;155;0,1;03-E8-FF-FF-FF-FF-FF-FF-FF-FF;NOTIFICATION;0;da1a1500-d532-4285-be94-b07a3e11a098;da1a150a-d532-4285-be94-b07a3e11a098;18;;
456577;1788055281129;150B;Motor-/Controllerblock;20;155;–;FF-FF-FF-FF-FF-FF-FF-FF-FF-FF-FF-FF-FF-FF-FF-FF-FF-FF-FF-FF;NOTIFICATION;0;da1a1500-d532-4285-be94-b07a3e11a098;da1a150b-d532-4285-be94-b07a3e11a098;18;;
456785;1788055281337;150D;Fahrstatistik Max/Ø;20;155;–;00-DA-00-7B-FF-FF-FF-FF-47-18-FF-FF-FF-FF-FF-FF-FF-FF-00-00;NOTIFICATION;0;da1a1500-d532-4285-be94-b07a3e11a098;da1a150d-d532-4285-be94-b07a3e11a098;18;;
457830;1788055282382;1502;Akkuinformationen;16;156;–;47-18-FF-FF-FF-FF-47-18-FF-FF-FF-FF-FF-FF-00-00;NOTIFICATION;0;da1a1500-d532-4285-be94-b07a3e11a098;da1a1502-d532-4285-be94-b07a3e11a098;18;;
458301;1788055282853;1505;BikePerformance / Fahrleistung;18;156;0,1,2,3,7;03-7A-03-7A-FF-FF-00-80-FF-FF-FF-FF-FF-00-00-00-00-00;NOTIFICATION;0;da1a1500-d532-4285-be94-b07a3e11a098;da1a1505-d532-4285-be94-b07a3e11a098;18;;
458446;1788055282998;1506;Trip / Kilometer & Betriebszähler;16;156;7;00-00-1E-3D-00-02-5E-4B-00-00-03-06-00-00-00-00;NOTIFICATION;0;da1a1500-d532-4285-be94-b07a3e11a098;da1a1506-d532-4285-be94-b07a3e11a098;18;;
458948;1788055283500;1508;Settings / Licht & Fahrstufe;17;156;–;01-00-00-01-FF-FF-FF-FF-FF-FF-FF-00-00-00-00-00-00;NOTIFICATION;0;da1a1500-d532-4285-be94-b07a3e11a098;da1a1508-d532-4285-be94-b07a3e11a098;18;;
459075;1788055283627;1509;BatteryChange / Akku-Livestand;11;156;0,1,5,6,10;00-00-FF-FF-15-AF-64-00-00-00-00;NOTIFICATION;0;da1a1500-d532-4285-be94-b07a3e11a098;da1a1509-d532-4285-be94-b07a3e11a098;18;;
459315;1788055283867;150A;MotorUpdate / Motor-Livestand;10;156;0,1;00-00-FF-FF-FF-FF-FF-FF-FF-FF;NOTIFICATION;0;da1a1500-d532-4285-be94-b07a3e11a098;da1a150a-d532-4285-be94-b07a3e11a098;18;;
459496;1788055284048;150B;Motor-/Controllerblock;20;156;–;FF-FF-FF-FF-FF-FF-FF-FF-FF-FF-FF-FF-FF-FF-FF-FF-FF-FF-FF-FF;NOTIFICATION;0;da1a1500-d532-4285-be94-b07a3e11a098;da1a150b-d532-4285-be94-b07a3e11a098;18;;
459762;1788055284314;150D;Fahrstatistik Max/Ø;20;156;–;00-DA-00-7B-FF-FF-FF-FF-47-18-FF-FF-FF-FF-FF-FF-FF-FF-00-00;NOTIFICATION;0;da1a1500-d532-4285-be94-b07a3e11a098;da1a150d-d532-4285-be94-b07a3e11a098;18;;
460747;1788055285299;1502;Akkuinformationen;16;157;–;47-18-FF-FF-FF-FF-47-18-FF-FF-FF-FF-FF-FF-00-00;NOTIFICATION;0;da1a1500-d532-4285-be94-b07a3e11a098;da1a1502-d532-4285-be94-b07a3e11a098;18;;
461166;1788055285718;1505;BikePerformance / Fahrleistung;18;157;0,1,2,3,7;06-EA-06-EA-FF-FF-00-83-FF-FF-FF-FF-FF-00-00-00-00-00;NOTIFICATION;0;da1a1500-d532-4285-be94-b07a3e11a098;da1a1505-d532-4285-be94-b07a3e11a098;18;;
461372;1788055285924;1506;Trip / Kilometer & Betriebszähler;16;157;7;00-00-1E-3D-00-02-5E-4E-00-00-03-06-00-00-00-00;NOTIFICATION;0;da1a1500-d532-4285-be94-b07a3e11a098;da1a1506-d532-4285-be94-b07a3e11a098;18;;
461789;1788055286341;1508;Settings / Licht & Fahrstufe;17;157;–;01-00-00-01-FF-FF-FF-FF-FF-FF-FF-00-00-00-00-00-00;NOTIFICATION;0;da1a1500-d532-4285-be94-b07a3e11a098;da1a1508-d532-4285-be94-b07a3e11a098;18;;
461999;1788055286551;1509;BatteryChange / Akku-Livestand;11;157;–;00-00-FF-FF-15-AF-64-00-00-00-00;NOTIFICATION;0;da1a1500-d532-4285-be94-b07a3e11a098;da1a1509-d532-4285-be94-b07a3e11a098;18;;
462206;1788055286758;150A;MotorUpdate / Motor-Livestand;10;157;0,1;03-E8-FF-FF-FF-FF-FF-FF-FF-FF;NOTIFICATION;0;da1a1500-d532-4285-be94-b07a3e11a098;da1a150a-d532-4285-be94-b07a3e11a098;18;;
462419;1788055286971;150B;Motor-/Controllerblock;20;157;–;FF-FF-FF-FF-FF-FF-FF-FF-FF-FF-FF-FF-FF-FF-FF-FF-FF-FF-FF-FF;NOTIFICATION;0;da1a1500-d532-4285-be94-b07a3e11a098;da1a150b-d532-4285-be94-b07a3e11a098;18;;
462623;1788055287175;150D;Fahrstatistik Max/Ø;20;157;–;00-DA-00-7B-FF-FF-FF-FF-47-18-FF-FF-FF-FF-FF-FF-FF-FF-00-00;NOTIFICATION;0;da1a1500-d532-4285-be94-b07a3e11a098;da1a150d-d532-4285-be94-b07a3e11a098;18;;
463727;1788055288279;1502;Akkuinformationen;16;158;–;47-18-FF-FF-FF-FF-47-18-FF-FF-FF-FF-FF-FF-00-00;NOTIFICATION;0;da1a1500-d532-4285-be94-b07a3e11a098;da1a1502-d532-4285-be94-b07a3e11a098;18;;
464156;1788055288708;1505;BikePerformance / Fahrleistung;18;158;7;06-EA-06-EA-FF-FF-00-81-FF-FF-FF-FF-FF-00-00-00-00-00;NOTIFICATION;0;da1a1500-d532-4285-be94-b07a3e11a098;da1a1505-d532-4285-be94-b07a3e11a098;18;;
464289;1788055288841;1506;Trip / Kilometer & Betriebszähler;16;158;7;00-00-1E-3D-00-02-5E-51-00-00-03-06-00-00-00-00;NOTIFICATION;0;da1a1500-d532-4285-be94-b07a3e11a098;da1a1506-d532-4285-be94-b07a3e11a098;18;;
464768;1788055289320;1508;Settings / Licht & Fahrstufe;17;158;–;01-00-00-01-FF-FF-FF-FF-FF-FF-FF-00-00-00-00-00-00;NOTIFICATION;0;da1a1500-d532-4285-be94-b07a3e11a098;da1a1508-d532-4285-be94-b07a3e11a098;18;;
464920;1788055289472;1509;BatteryChange / Akku-Livestand;11;158;–;00-00-FF-FF-15-AF-64-00-00-00-00;NOTIFICATION;0;da1a1500-d532-4285-be94-b07a3e11a098;da1a1509-d532-4285-be94-b07a3e11a098;18;;
465164;1788055289716;150A;MotorUpdate / Motor-Livestand;10;158;0,1;00-00-FF-FF-FF-FF-FF-FF-FF-FF;NOTIFICATION;0;da1a1500-d532-4285-be94-b07a3e11a098;da1a150a-d532-4285-be94-b07a3e11a098;18;;
465337;1788055289889;150B;Motor-/Controllerblock;20;158;–;FF-FF-FF-FF-FF-FF-FF-FF-FF-FF-FF-FF-FF-FF-FF-FF-FF-FF-FF-FF;NOTIFICATION;0;da1a1500-d532-4285-be94-b07a3e11a098;da1a150b-d532-4285-be94-b07a3e11a098;18;;
465580;1788055290132;150D;Fahrstatistik Max/Ø;20;158;–;00-DA-00-7B-FF-FF-FF-FF-47-18-FF-FF-FF-FF-FF-FF-FF-FF-00-00;NOTIFICATION;0;da1a1500-d532-4285-be94-b07a3e11a098;da1a150d-d532-4285-be94-b07a3e11a098;18;;
466589;1788055291141;1502;Akkuinformationen;16;159;–;47-18-FF-FF-FF-FF-47-18-FF-FF-FF-FF-FF-FF-00-00;NOTIFICATION;0;da1a1500-d532-4285-be94-b07a3e11a098;da1a1502-d532-4285-be94-b07a3e11a098;18;;
467009;1788055291561;1505;BikePerformance / Fahrleistung;18;159;0,1,2,3,7;05-32-05-32-FF-FF-00-7A-FF-FF-FF-FF-FF-00-00-00-00-00;NOTIFICATION;0;da1a1500-d532-4285-be94-b07a3e11a098;da1a1505-d532-4285-be94-b07a3e11a098;18;;
467227;1788055291779;1506;Trip / Kilometer & Betriebszähler;16;159;7;00-00-1E-3D-00-02-5E-54-00-00-03-06-00-00-00-00;NOTIFICATION;0;da1a1500-d532-4285-be94-b07a3e11a098;da1a1506-d532-4285-be94-b07a3e11a098;18;;
467627;1788055292179;1508;Settings / Licht & Fahrstufe;17;159;–;01-00-00-01-FF-FF-FF-FF-FF-FF-FF-00-00-00-00-00-00;NOTIFICATION;0;da1a1500-d532-4285-be94-b07a3e11a098;da1a1508-d532-4285-be94-b07a3e11a098;18;;
467839;1788055292391;1509;BatteryChange / Akku-Livestand;11;159;0,1,5,6,10;0B-B8-FF-FF-15-AD-70-00-00-00-85;NOTIFICATION;0;da1a1500-d532-4285-be94-b07a3e11a098;da1a1509-d532-4285-be94-b07a3e11a098;18;;
468049;1788055292601;150A;MotorUpdate / Motor-Livestand;10;159;0,1;0B-B8-FF-FF-FF-FF-FF-FF-FF-FF;NOTIFICATION;0;da1a1500-d532-4285-be94-b07a3e11a098;da1a150a-d532-4285-be94-b07a3e11a098;18;;
468257;1788055292809;150B;Motor-/Controllerblock;20;159;–;FF-FF-FF-FF-FF-FF-FF-FF-FF-FF-FF-FF-FF-FF-FF-FF-FF-FF-FF-FF;NOTIFICATION;0;da1a1500-d532-4285-be94-b07a3e11a098;da1a150b-d532-4285-be94-b07a3e11a098;18;;
468480;1788055293032;150D;Fahrstatistik Max/Ø;20;159;–;00-DA-00-7B-FF-FF-FF-FF-47-18-FF-FF-FF-FF-FF-FF-FF-FF-00-00;NOTIFICATION;0;da1a1500-d532-4285-be94-b07a3e11a098;da1a150d-d532-4285-be94-b07a3e11a098;18;;
469567;1788055294119;1502;Akkuinformationen;16;160;–;47-18-FF-FF-FF-FF-47-18-FF-FF-FF-FF-FF-FF-00-00;NOTIFICATION;0;da1a1500-d532-4285-be94-b07a3e11a098;da1a1502-d532-4285-be94-b07a3e11a098;18;;
469974;1788055294526;1505;BikePerformance / Fahrleistung;18;160;0,1,2,3,7;06-E0-06-E0-FF-FF-00-7F-FF-FF-FF-FF-FF-00-00-00-00-00;NOTIFICATION;0;da1a1500-d532-4285-be94-b07a3e11a098;da1a1505-d532-4285-be94-b07a3e11a098;18;;
470129;1788055294681;1506;Trip / Kilometer & Betriebszähler;16;160;7;00-00-1E-3D-00-02-5E-57-00-00-03-06-00-00-00-00;NOTIFICATION;0;da1a1500-d532-4285-be94-b07a3e11a098;da1a1506-d532-4285-be94-b07a3e11a098;18;;
470546;1788055295098;1508;Settings / Licht & Fahrstufe;17;160;–;01-00-00-01-FF-FF-FF-FF-FF-FF-FF-00-00-00-00-00-00;NOTIFICATION;0;da1a1500-d532-4285-be94-b07a3e11a098;da1a1508-d532-4285-be94-b07a3e11a098;18;;
470760;1788055295312;1509;BatteryChange / Akku-Livestand;11;160;0,1,5,6,10;00-00-FF-FF-15-AF-64-00-00-00-00;NOTIFICATION;0;da1a1500-d532-4285-be94-b07a3e11a098;da1a1509-d532-4285-be94-b07a3e11a098;18;;
471007;1788055295559;150A;MotorUpdate / Motor-Livestand;10;160;0,1;00-00-FF-FF-FF-FF-FF-FF-FF-FF;NOTIFICATION;0;da1a1500-d532-4285-be94-b07a3e11a098;da1a150a-d532-4285-be94-b07a3e11a098;18;;
471178;1788055295730;150B;Motor-/Controllerblock;20;160;–;FF-FF-FF-FF-FF-FF-FF-FF-FF-FF-FF-FF-FF-FF-FF-FF-FF-FF-FF-FF;NOTIFICATION;0;da1a1500-d532-4285-be94-b07a3e11a098;da1a150b-d532-4285-be94-b07a3e11a098;18;;
471388;1788055295940;150D;Fahrstatistik Max/Ø;20;160;–;00-DA-00-7B-FF-FF-FF-FF-47-18-FF-FF-FF-FF-FF-FF-FF-FF-00-00;NOTIFICATION;0;da1a1500-d532-4285-be94-b07a3e11a098;da1a150d-d532-4285-be94-b07a3e11a098;18;;
472488;1788055297040;1502;Akkuinformationen;16;161;–;47-18-FF-FF-FF-FF-47-18-FF-FF-FF-FF-FF-FF-00-00;NOTIFICATION;0;da1a1500-d532-4285-be94-b07a3e11a098;da1a1502-d532-4285-be94-b07a3e11a098;18;;
472844;1788055297396;1505;BikePerformance / Fahrleistung;18;161;0,1,2,3,7;05-32-05-32-FF-FF-00-7E-FF-FF-FF-FF-FF-00-00-00-00-00;NOTIFICATION;0;da1a1500-d532-4285-be94-b07a3e11a098;da1a1505-d532-4285-be94-b07a3e11a098;18;;
473049;1788055297601;1506;Trip / Kilometer & Betriebszähler;16;161;7;00-00-1E-3D-00-02-5E-5A-00-00-03-06-00-00-00-00;NOTIFICATION;0;da1a1500-d532-4285-be94-b07a3e11a098;da1a1506-d532-4285-be94-b07a3e11a098;18;;
473467;1788055298019;1508;Settings / Licht & Fahrstufe;17;161;–;01-00-00-01-FF-FF-FF-FF-FF-FF-FF-00-00-00-00-00-00;NOTIFICATION;0;da1a1500-d532-4285-be94-b07a3e11a098;da1a1508-d532-4285-be94-b07a3e11a098;18;;
473679;1788055298231;1509;BatteryChange / Akku-Livestand;11;161;0,1,5,6,10;0B-B8-FF-FF-15-AB-E0-00-00-00-84;NOTIFICATION;0;da1a1500-d532-4285-be94-b07a3e11a098;da1a1509-d532-4285-be94-b07a3e11a098;18;;
473885;1788055298437;150A;MotorUpdate / Motor-Livestand;10;161;0,1;0F-A0-FF-FF-FF-FF-FF-FF-FF-FF;NOTIFICATION;0;da1a1500-d532-4285-be94-b07a3e11a098;da1a150a-d532-4285-be94-b07a3e11a098;18;;
474094;1788055298646;150B;Motor-/Controllerblock;20;161;–;FF-FF-FF-FF-FF-FF-FF-FF-FF-FF-FF-FF-FF-FF-FF-FF-FF-FF-FF-FF;NOTIFICATION;0;da1a1500-d532-4285-be94-b07a3e11a098;da1a150b-d532-4285-be94-b07a3e11a098;18;;
474308;1788055298860;150D;Fahrstatistik Max/Ø;20;161;–;00-DA-00-7B-FF-FF-FF-FF-47-18-FF-FF-FF-FF-FF-FF-FF-FF-00-00;NOTIFICATION;0;da1a1500-d532-4285-be94-b07a3e11a098;da1a150d-d532-4285-be94-b07a3e11a098;18;;
475413;1788055299965;1502;Akkuinformationen;16;162;–;47-18-FF-FF-FF-FF-47-18-FF-FF-FF-FF-FF-FF-00-00;NOTIFICATION;0;da1a1500-d532-4285-be94-b07a3e11a098;da1a1502-d532-4285-be94-b07a3e11a098;18;;
475814;1788055300366;1505;BikePerformance / Fahrleistung;18;162;0,1,2,3,7;03-7A-03-7A-FF-FF-00-81-FF-FF-FF-FF-FF-00-00-00-00-00;NOTIFICATION;0;da1a1500-d532-4285-be94-b07a3e11a098;da1a1505-d532-4285-be94-b07a3e11a098;18;;
475965;1788055300517;1506;Trip / Kilometer & Betriebszähler;16;162;7;00-00-1E-3D-00-02-5E-5D-00-00-03-06-00-00-00-00;NOTIFICATION;0;da1a1500-d532-4285-be94-b07a3e11a098;da1a1506-d532-4285-be94-b07a3e11a098;18;;
476390;1788055300942;1508;Settings / Licht & Fahrstufe;17;162;–;01-00-00-01-FF-FF-FF-FF-FF-FF-FF-00-00-00-00-00-00;NOTIFICATION;0;da1a1500-d532-4285-be94-b07a3e11a098;da1a1508-d532-4285-be94-b07a3e11a098;18;;
476633;1788055301185;1509;BatteryChange / Akku-Livestand;11;162;0,1,5,6,10;07-D0-FF-FF-15-AE-38-00-00-00-59;NOTIFICATION;0;da1a1500-d532-4285-be94-b07a3e11a098;da1a1509-d532-4285-be94-b07a3e11a098;18;;
476806;1788055301358;150A;MotorUpdate / Motor-Livestand;10;162;0,1;03-E8-FF-FF-FF-FF-FF-FF-FF-FF;NOTIFICATION;0;da1a1500-d532-4285-be94-b07a3e11a098;da1a150a-d532-4285-be94-b07a3e11a098;18;;
477016;1788055301568;150B;Motor-/Controllerblock;20;162;–;FF-FF-FF-FF-FF-FF-FF-FF-FF-FF-FF-FF-FF-FF-FF-FF-FF-FF-FF-FF;NOTIFICATION;0;da1a1500-d532-4285-be94-b07a3e11a098;da1a150b-d532-4285-be94-b07a3e11a098;18;;
477261;1788055301813;150D;Fahrstatistik Max/Ø;20;162;–;00-DA-00-7B-FF-FF-FF-FF-47-18-FF-FF-FF-FF-FF-FF-FF-FF-00-00;NOTIFICATION;0;da1a1500-d532-4285-be94-b07a3e11a098;da1a150d-d532-4285-be94-b07a3e11a098;18;;
478343;1788055302895;1502;Akkuinformationen;16;163;–;47-18-FF-FF-FF-FF-47-18-FF-FF-FF-FF-FF-FF-00-00;NOTIFICATION;0;da1a1500-d532-4285-be94-b07a3e11a098;da1a1502-d532-4285-be94-b07a3e11a098;18;;
478735;1788055303287;1505;BikePerformance / Fahrleistung;18;163;0,1,2,3,7;01-B8-01-B8-FF-FF-00-7B-FF-FF-FF-FF-FF-00-00-00-00-00;NOTIFICATION;0;da1a1500-d532-4285-be94-b07a3e11a098;da1a1505-d532-4285-be94-b07a3e11a098;18;;
478898;1788055303450;1506;Trip / Kilometer & Betriebszähler;16;163;3,7;00-00-1E-3E-00-02-5E-60-00-00-03-06-00-00-00-00;NOTIFICATION;0;da1a1500-d532-4285-be94-b07a3e11a098;da1a1506-d532-4285-be94-b07a3e11a098;18;;
479391;1788055303943;1508;Settings / Licht & Fahrstufe;17;163;–;01-00-00-01-FF-FF-FF-FF-FF-FF-FF-00-00-00-00-00-00;NOTIFICATION;0;da1a1500-d532-4285-be94-b07a3e11a098;da1a1508-d532-4285-be94-b07a3e11a098;18;;
479516;1788055304068;1509;BatteryChange / Akku-Livestand;11;163;0,1,5,6,10;00-00-FF-FF-15-AF-64-00-00-00-2C;NOTIFICATION;0;da1a1500-d532-4285-be94-b07a3e11a098;da1a1509-d532-4285-be94-b07a3e11a098;18;;
479760;1788055304312;150A;MotorUpdate / Motor-Livestand;10;163;–;03-E8-FF-FF-FF-FF-FF-FF-FF-FF;NOTIFICATION;0;da1a1500-d532-4285-be94-b07a3e11a098;da1a150a-d532-4285-be94-b07a3e11a098;18;;
479937;1788055304489;150B;Motor-/Controllerblock;20;163;–;FF-FF-FF-FF-FF-FF-FF-FF-FF-FF-FF-FF-FF-FF-FF-FF-FF-FF-FF-FF;NOTIFICATION;0;da1a1500-d532-4285-be94-b07a3e11a098;da1a150b-d532-4285-be94-b07a3e11a098;18;;
480184;1788055304736;150D;Fahrstatistik Max/Ø;20;163;–;00-DA-00-7B-FF-FF-FF-FF-47-18-FF-FF-FF-FF-FF-FF-FF-FF-00-00;NOTIFICATION;0;da1a1500-d532-4285-be94-b07a3e11a098;da1a150d-d532-4285-be94-b07a3e11a098;18;;
481188;1788055305740;1502;Akkuinformationen;16;164;–;47-18-FF-FF-FF-FF-47-18-FF-FF-FF-FF-FF-FF-00-00;NOTIFICATION;0;da1a1500-d532-4285-be94-b07a3e11a098;da1a1502-d532-4285-be94-b07a3e11a098;18;;
481608;1788055306160;1505;BikePerformance / Fahrleistung;18;164;7;01-B8-01-B8-FF-FF-00-86-FF-FF-FF-FF-FF-00-00-00-00-00;NOTIFICATION;0;da1a1500-d532-4285-be94-b07a3e11a098;da1a1505-d532-4285-be94-b07a3e11a098;18;;
481819;1788055306371;1506;Trip / Kilometer & Betriebszähler;16;164;7;00-00-1E-3E-00-02-5E-63-00-00-03-06-00-00-00-00;NOTIFICATION;0;da1a1500-d532-4285-be94-b07a3e11a098;da1a1506-d532-4285-be94-b07a3e11a098;18;;
482295;1788055306847;1508;Settings / Licht & Fahrstufe;17;164;–;01-00-00-01-FF-FF-FF-FF-FF-FF-FF-00-00-00-00-00-00;NOTIFICATION;0;da1a1500-d532-4285-be94-b07a3e11a098;da1a1508-d532-4285-be94-b07a3e11a098;18;;
482437;1788055306989;1509;BatteryChange / Akku-Livestand;11;164;10;00-00-FF-FF-15-AF-64-00-00-00-00;NOTIFICATION;0;da1a1500-d532-4285-be94-b07a3e11a098;da1a1509-d532-4285-be94-b07a3e11a098;18;;
482648;1788055307200;150A;MotorUpdate / Motor-Livestand;10;164;0,1;00-00-FF-FF-FF-FF-FF-FF-FF-FF;NOTIFICATION;0;da1a1500-d532-4285-be94-b07a3e11a098;da1a150a-d532-4285-be94-b07a3e11a098;18;;
482858;1788055307410;150B;Motor-/Controllerblock;20;164;–;FF-FF-FF-FF-FF-FF-FF-FF-FF-FF-FF-FF-FF-FF-FF-FF-FF-FF-FF-FF;NOTIFICATION;0;da1a1500-d532-4285-be94-b07a3e11a098;da1a150b-d532-4285-be94-b07a3e11a098;18;;
483067;1788055307619;150D;Fahrstatistik Max/Ø;20;164;–;00-DA-00-7B-FF-FF-FF-FF-47-18-FF-FF-FF-FF-FF-FF-FF-FF-00-00;NOTIFICATION;0;da1a1500-d532-4285-be94-b07a3e11a098;da1a150d-d532-4285-be94-b07a3e11a098;18;;
484162;1788055308714;1502;Akkuinformationen;16;165;–;47-18-FF-FF-FF-FF-47-18-FF-FF-FF-FF-FF-FF-00-00;NOTIFICATION;0;da1a1500-d532-4285-be94-b07a3e11a098;da1a1502-d532-4285-be94-b07a3e11a098;18;;
484525;1788055309077;1505;BikePerformance / Fahrleistung;18;165;7;01-B8-01-B8-FF-FF-00-7E-FF-FF-FF-FF-FF-00-00-00-00-00;NOTIFICATION;0;da1a1500-d532-4285-be94-b07a3e11a098;da1a1505-d532-4285-be94-b07a3e11a098;18;;
484739;1788055309291;1506;Trip / Kilometer & Betriebszähler;16;165;7;00-00-1E-3E-00-02-5E-66-00-00-03-06-00-00-00-00;NOTIFICATION;0;da1a1500-d532-4285-be94-b07a3e11a098;da1a1506-d532-4285-be94-b07a3e11a098;18;;
485245;1788055309797;1508;Settings / Licht & Fahrstufe;17;165;–;01-00-00-01-FF-FF-FF-FF-FF-FF-FF-00-00-00-00-00-00;NOTIFICATION;0;da1a1500-d532-4285-be94-b07a3e11a098;da1a1508-d532-4285-be94-b07a3e11a098;18;;
485356;1788055309908;1509;BatteryChange / Akku-Livestand;11;165;0,1,5,6,10;03-E8-FF-FF-15-AE-38-00-00-00-2C;NOTIFICATION;0;da1a1500-d532-4285-be94-b07a3e11a098;da1a1509-d532-4285-be94-b07a3e11a098;18;;
485604;1788055310156;150A;MotorUpdate / Motor-Livestand;10;165;0,1;07-D0-FF-FF-FF-FF-FF-FF-FF-FF;NOTIFICATION;0;da1a1500-d532-4285-be94-b07a3e11a098;da1a150a-d532-4285-be94-b07a3e11a098;18;;
485778;1788055310330;150B;Motor-/Controllerblock;20;165;–;FF-FF-FF-FF-FF-FF-FF-FF-FF-FF-FF-FF-FF-FF-FF-FF-FF-FF-FF-FF;NOTIFICATION;0;da1a1500-d532-4285-be94-b07a3e11a098;da1a150b-d532-4285-be94-b07a3e11a098;18;;
486023;1788055310575;150D;Fahrstatistik Max/Ø;20;165;–;00-DA-00-7B-FF-FF-FF-FF-47-18-FF-FF-FF-FF-FF-FF-FF-FF-00-00;NOTIFICATION;0;da1a1500-d532-4285-be94-b07a3e11a098;da1a150d-d532-4285-be94-b07a3e11a098;18;;
487106;1788055311658;1502;Akkuinformationen;16;166;–;47-18-FF-FF-FF-FF-47-18-FF-FF-FF-FF-FF-FF-00-00;NOTIFICATION;0;da1a1500-d532-4285-be94-b07a3e11a098;da1a1502-d532-4285-be94-b07a3e11a098;18;;
487502;1788055312054;1505;BikePerformance / Fahrleistung;18;166;0,1,2,3,7;03-7A-03-7A-FF-FF-00-82-FF-FF-FF-FF-FF-00-00-00-00-00;NOTIFICATION;0;da1a1500-d532-4285-be94-b07a3e11a098;da1a1505-d532-4285-be94-b07a3e11a098;18;;
487656;1788055312208;1506;Trip / Kilometer & Betriebszähler;16;166;7;00-00-1E-3E-00-02-5E-69-00-00-03-06-00-00-00-00;NOTIFICATION;0;da1a1500-d532-4285-be94-b07a3e11a098;da1a1506-d532-4285-be94-b07a3e11a098;18;;
488135;1788055312687;1508;Settings / Licht & Fahrstufe;17;166;–;01-00-00-01-FF-FF-FF-FF-FF-FF-FF-00-00-00-00-00-00;NOTIFICATION;0;da1a1500-d532-4285-be94-b07a3e11a098;da1a1508-d532-4285-be94-b07a3e11a098;18;;
488278;1788055312830;1509;BatteryChange / Akku-Livestand;11;166;0,1,5,6,10;07-D0-FF-FF-15-AD-D4-00-00-00-59;NOTIFICATION;0;da1a1500-d532-4285-be94-b07a3e11a098;da1a1509-d532-4285-be94-b07a3e11a098;18;;
488489;1788055313041;150A;MotorUpdate / Motor-Livestand;10;166;0,1;03-E8-FF-FF-FF-FF-FF-FF-FF-FF;NOTIFICATION;0;da1a1500-d532-4285-be94-b07a3e11a098;da1a150a-d532-4285-be94-b07a3e11a098;18;;
488696;1788055313248;150B;Motor-/Controllerblock;20;166;–;FF-FF-FF-FF-FF-FF-FF-FF-FF-FF-FF-FF-FF-FF-FF-FF-FF-FF-FF-FF;NOTIFICATION;0;da1a1500-d532-4285-be94-b07a3e11a098;da1a150b-d532-4285-be94-b07a3e11a098;18;;
488906;1788055313458;150D;Fahrstatistik Max/Ø;20;166;–;00-DA-00-7B-FF-FF-FF-FF-47-18-FF-FF-FF-FF-FF-FF-FF-FF-00-00;NOTIFICATION;0;da1a1500-d532-4285-be94-b07a3e11a098;da1a150d-d532-4285-be94-b07a3e11a098;18;;
490024;1788055314576;1502;Akkuinformationen;16;167;–;47-18-FF-FF-FF-FF-47-18-FF-FF-FF-FF-FF-FF-00-00;NOTIFICATION;0;da1a1500-d532-4285-be94-b07a3e11a098;da1a1502-d532-4285-be94-b07a3e11a098;18;;
490420;1788055314972;1505;BikePerformance / Fahrleistung;18;167;0,1,2,3,7;01-B8-01-B8-FF-FF-00-7F-FF-FF-FF-FF-FF-00-00-00-00-00;NOTIFICATION;0;da1a1500-d532-4285-be94-b07a3e11a098;da1a1505-d532-4285-be94-b07a3e11a098;18;;
490579;1788055315131;1506;Trip / Kilometer & Betriebszähler;16;167;7;00-00-1E-3E-00-02-5E-6B-00-00-03-06-00-00-00-00;NOTIFICATION;0;da1a1500-d532-4285-be94-b07a3e11a098;da1a1506-d532-4285-be94-b07a3e11a098;18;;
491050;1788055315602;1508;Settings / Licht & Fahrstufe;17;167;–;01-00-00-01-FF-FF-FF-FF-FF-FF-FF-00-00-00-00-00-00;NOTIFICATION;0;da1a1500-d532-4285-be94-b07a3e11a098;da1a1508-d532-4285-be94-b07a3e11a098;18;;
491200;1788055315752;1509;BatteryChange / Akku-Livestand;11;167;0,1,5,6,10;03-E8-FF-FF-15-AE-9C-00-00-00-2C;NOTIFICATION;0;da1a1500-d532-4285-be94-b07a3e11a098;da1a1509-d532-4285-be94-b07a3e11a098;18;;
491447;1788055315999;150A;MotorUpdate / Motor-Livestand;10;167;0,1;00-00-FF-FF-FF-FF-FF-FF-FF-FF;NOTIFICATION;0;da1a1500-d532-4285-be94-b07a3e11a098;da1a150a-d532-4285-be94-b07a3e11a098;18;;
491617;1788055316169;150B;Motor-/Controllerblock;20;167;–;FF-FF-FF-FF-FF-FF-FF-FF-FF-FF-FF-FF-FF-FF-FF-FF-FF-FF-FF-FF;NOTIFICATION;0;da1a1500-d532-4285-be94-b07a3e11a098;da1a150b-d532-4285-be94-b07a3e11a098;18;;
491866;1788055316418;150D;Fahrstatistik Max/Ø;20;167;–;00-DA-00-7B-FF-FF-FF-FF-47-18-FF-FF-FF-FF-FF-FF-FF-FF-00-00;NOTIFICATION;0;da1a1500-d532-4285-be94-b07a3e11a098;da1a150d-d532-4285-be94-b07a3e11a098;18;;
492930;1788055317482;1502;Akkuinformationen;16;168;–;47-18-FF-FF-FF-FF-47-18-FF-FF-FF-FF-FF-FF-00-00;NOTIFICATION;0;da1a1500-d532-4285-be94-b07a3e11a098;da1a1502-d532-4285-be94-b07a3e11a098;18;;
493338;1788055317890;1505;BikePerformance / Fahrleistung;18;168;0,1,2,3,7;05-32-05-32-FF-FF-00-7C-FF-FF-FF-FF-FF-00-00-00-00-00;NOTIFICATION;0;da1a1500-d532-4285-be94-b07a3e11a098;da1a1505-d532-4285-be94-b07a3e11a098;18;;
493499;1788055318051;1506;Trip / Kilometer & Betriebszähler;16;168;7;00-00-1E-3E-00-02-5E-6E-00-00-03-06-00-00-00-00;NOTIFICATION;0;da1a1500-d532-4285-be94-b07a3e11a098;da1a1506-d532-4285-be94-b07a3e11a098;18;;
493970;1788055318522;1508;Settings / Licht & Fahrstufe;17;168;–;01-00-00-01-FF-FF-FF-FF-FF-FF-FF-00-00-00-00-00-00;NOTIFICATION;0;da1a1500-d532-4285-be94-b07a3e11a098;da1a1508-d532-4285-be94-b07a3e11a098;18;;
494120;1788055318672;1509;BatteryChange / Akku-Livestand;11;168;0,1,6,10;07-D0-FF-FF-15-AE-38-00-00-00-59;NOTIFICATION;0;da1a1500-d532-4285-be94-b07a3e11a098;da1a1509-d532-4285-be94-b07a3e11a098;18;;
494365;1788055318917;150A;MotorUpdate / Motor-Livestand;10;168;0,1;07-D0-FF-FF-FF-FF-FF-FF-FF-FF;NOTIFICATION;0;da1a1500-d532-4285-be94-b07a3e11a098;da1a150a-d532-4285-be94-b07a3e11a098;18;;
494537;1788055319089;150B;Motor-/Controllerblock;20;168;–;FF-FF-FF-FF-FF-FF-FF-FF-FF-FF-FF-FF-FF-FF-FF-FF-FF-FF-FF-FF;NOTIFICATION;0;da1a1500-d532-4285-be94-b07a3e11a098;da1a150b-d532-4285-be94-b07a3e11a098;18;;
494784;1788055319336;150D;Fahrstatistik Max/Ø;20;168;–;00-DA-00-7B-FF-FF-FF-FF-47-18-FF-FF-FF-FF-FF-FF-FF-FF-00-00;NOTIFICATION;0;da1a1500-d532-4285-be94-b07a3e11a098;da1a150d-d532-4285-be94-b07a3e11a098;18;;
495866;1788055320418;1502;Akkuinformationen;16;169;–;47-18-FF-FF-FF-FF-47-18-FF-FF-FF-FF-FF-FF-00-00;NOTIFICATION;0;da1a1500-d532-4285-be94-b07a3e11a098;da1a1502-d532-4285-be94-b07a3e11a098;18;;
496286;1788055320838;1505;BikePerformance / Fahrleistung;18;169;0,1,2,3,7;03-7A-03-7A-FF-FF-00-80-FF-FF-FF-FF-FF-00-00-00-00-00;NOTIFICATION;0;da1a1500-d532-4285-be94-b07a3e11a098;da1a1505-d532-4285-be94-b07a3e11a098;18;;
496416;1788055320968;1506;Trip / Kilometer & Betriebszähler;16;169;7;00-00-1E-3E-00-02-5E-71-00-00-03-06-00-00-00-00;NOTIFICATION;0;da1a1500-d532-4285-be94-b07a3e11a098;da1a1506-d532-4285-be94-b07a3e11a098;18;;
496887;1788055321439;1508;Settings / Licht & Fahrstufe;17;169;–;01-00-00-01-FF-FF-FF-FF-FF-FF-FF-00-00-00-00-00-00;NOTIFICATION;0;da1a1500-d532-4285-be94-b07a3e11a098;da1a1508-d532-4285-be94-b07a3e11a098;18;;
497038;1788055321590;1509;BatteryChange / Akku-Livestand;11;169;–;07-D0-FF-FF-15-AE-38-00-00-00-59;NOTIFICATION;0;da1a1500-d532-4285-be94-b07a3e11a098;da1a1509-d532-4285-be94-b07a3e11a098;18;;
497278;1788055321830;150A;MotorUpdate / Motor-Livestand;10;169;0,1;03-E8-FF-FF-FF-FF-FF-FF-FF-FF;NOTIFICATION;0;da1a1500-d532-4285-be94-b07a3e11a098;da1a150a-d532-4285-be94-b07a3e11a098;18;;
497457;1788055322009;150B;Motor-/Controllerblock;20;169;–;FF-FF-FF-FF-FF-FF-FF-FF-FF-FF-FF-FF-FF-FF-FF-FF-FF-FF-FF-FF;NOTIFICATION;0;da1a1500-d532-4285-be94-b07a3e11a098;da1a150b-d532-4285-be94-b07a3e11a098;18;;
497700;1788055322252;150D;Fahrstatistik Max/Ø;20;169;–;00-DA-00-7B-FF-FF-FF-FF-47-18-FF-FF-FF-FF-FF-FF-FF-FF-00-00;NOTIFICATION;0;da1a1500-d532-4285-be94-b07a3e11a098;da1a150d-d532-4285-be94-b07a3e11a098;18;;
498718;1788055323270;1502;Akkuinformationen;16;170;–;47-18-FF-FF-FF-FF-47-18-FF-FF-FF-FF-FF-FF-00-00;NOTIFICATION;0;da1a1500-d532-4285-be94-b07a3e11a098;da1a1502-d532-4285-be94-b07a3e11a098;18;;
499133;1788055323685;1505;BikePerformance / Fahrleistung;18;170;1,3,7;03-70-03-70-FF-FF-00-7E-FF-FF-FF-FF-FF-00-00-00-00-00;NOTIFICATION;0;da1a1500-d532-4285-be94-b07a3e11a098;da1a1505-d532-4285-be94-b07a3e11a098;18;;
499331;1788055323883;1506;Trip / Kilometer & Betriebszähler;16;170;7;00-00-1E-3E-00-02-5E-74-00-00-03-06-00-00-00-00;NOTIFICATION;0;da1a1500-d532-4285-be94-b07a3e11a098;da1a1506-d532-4285-be94-b07a3e11a098;18;;
499752;1788055324304;1508;Settings / Licht & Fahrstufe;17;170;–;01-00-00-01-FF-FF-FF-FF-FF-FF-FF-00-00-00-00-00-00;NOTIFICATION;0;da1a1500-d532-4285-be94-b07a3e11a098;da1a1508-d532-4285-be94-b07a3e11a098;18;;
499952;1788055324504;1509;BatteryChange / Akku-Livestand;11;170;0,1,5,6,10;0B-B8-FF-FF-15-AD-D4-00-00-00-85;NOTIFICATION;0;da1a1500-d532-4285-be94-b07a3e11a098;da1a1509-d532-4285-be94-b07a3e11a098;18;;
500162;1788055324714;150A;MotorUpdate / Motor-Livestand;10;170;0,1;0B-B8-FF-FF-FF-FF-FF-FF-FF-FF;NOTIFICATION;0;da1a1500-d532-4285-be94-b07a3e11a098;da1a150a-d532-4285-be94-b07a3e11a098;18;;
500373;1788055324925;150B;Motor-/Controllerblock;20;170;–;FF-FF-FF-FF-FF-FF-FF-FF-FF-FF-FF-FF-FF-FF-FF-FF-FF-FF-FF-FF;NOTIFICATION;0;da1a1500-d532-4285-be94-b07a3e11a098;da1a150b-d532-4285-be94-b07a3e11a098;18;;
500581;1788055325133;150D;Fahrstatistik Max/Ø;20;170;–;00-DA-00-7B-FF-FF-FF-FF-47-18-FF-FF-FF-FF-FF-FF-FF-FF-00-00;NOTIFICATION;0;da1a1500-d532-4285-be94-b07a3e11a098;da1a150d-d532-4285-be94-b07a3e11a098;18;;
501624;1788055326176;1502;Akkuinformationen;16;171;–;47-18-FF-FF-FF-FF-47-18-FF-FF-FF-FF-FF-FF-00-00;NOTIFICATION;0;da1a1500-d532-4285-be94-b07a3e11a098;da1a1502-d532-4285-be94-b07a3e11a098;18;;
502052;1788055326604;1505;BikePerformance / Fahrleistung;18;171;0,1,2,3,7;05-32-05-32-FF-FF-00-89-FF-FF-FF-FF-FF-00-00-00-00-00;NOTIFICATION;0;da1a1500-d532-4285-be94-b07a3e11a098;da1a1505-d532-4285-be94-b07a3e11a098;18;;
502252;1788055326804;1506;Trip / Kilometer & Betriebszähler;16;171;7;00-00-1E-3E-00-02-5E-77-00-00-03-06-00-00-00-00;NOTIFICATION;0;da1a1500-d532-4285-be94-b07a3e11a098;da1a1506-d532-4285-be94-b07a3e11a098;18;;
502672;1788055327224;1508;Settings / Licht & Fahrstufe;17;171;–;01-00-00-01-FF-FF-FF-FF-FF-FF-FF-00-00-00-00-00-00;NOTIFICATION;0;da1a1500-d532-4285-be94-b07a3e11a098;da1a1508-d532-4285-be94-b07a3e11a098;18;;
502872;1788055327424;1509;BatteryChange / Akku-Livestand;11;171;–;0B-B8-FF-FF-15-AD-D4-00-00-00-85;NOTIFICATION;0;da1a1500-d532-4285-be94-b07a3e11a098;da1a1509-d532-4285-be94-b07a3e11a098;18;;
503082;1788055327634;150A;MotorUpdate / Motor-Livestand;10;171;0,1;07-D0-FF-FF-FF-FF-FF-FF-FF-FF;NOTIFICATION;0;da1a1500-d532-4285-be94-b07a3e11a098;da1a150a-d532-4285-be94-b07a3e11a098;18;;
503293;1788055327845;150B;Motor-/Controllerblock;20;171;–;FF-FF-FF-FF-FF-FF-FF-FF-FF-FF-FF-FF-FF-FF-FF-FF-FF-FF-FF-FF;NOTIFICATION;0;da1a1500-d532-4285-be94-b07a3e11a098;da1a150b-d532-4285-be94-b07a3e11a098;18;;
503502;1788055328054;150D;Fahrstatistik Max/Ø;20;171;–;00-DA-00-7B-FF-FF-FF-FF-47-18-FF-FF-FF-FF-FF-FF-FF-FF-00-00;NOTIFICATION;0;da1a1500-d532-4285-be94-b07a3e11a098;da1a150d-d532-4285-be94-b07a3e11a098;18;;
504544;1788055329096;1502;Akkuinformationen;16;172;–;47-18-FF-FF-FF-FF-47-18-FF-FF-FF-FF-FF-FF-00-00;NOTIFICATION;0;da1a1500-d532-4285-be94-b07a3e11a098;da1a1502-d532-4285-be94-b07a3e11a098;18;;
504967;1788055329519;1505;BikePerformance / Fahrleistung;18;172;0,1,2,3,7;03-7A-03-7A-FF-FF-00-8D-FF-FF-FF-FF-FF-00-00-00-00-00;NOTIFICATION;0;da1a1500-d532-4285-be94-b07a3e11a098;da1a1505-d532-4285-be94-b07a3e11a098;18;;
505172;1788055329724;1506;Trip / Kilometer & Betriebszähler;16;172;7;00-00-1E-3E-00-02-5E-7A-00-00-03-06-00-00-00-00;NOTIFICATION;0;da1a1500-d532-4285-be94-b07a3e11a098;da1a1506-d532-4285-be94-b07a3e11a098;18;;
505592;1788055330144;1508;Settings / Licht & Fahrstufe;17;172;–;01-00-00-01-FF-FF-FF-FF-FF-FF-FF-00-00-00-00-00-00;NOTIFICATION;0;da1a1500-d532-4285-be94-b07a3e11a098;da1a1508-d532-4285-be94-b07a3e11a098;18;;
505792;1788055330344;1509;BatteryChange / Akku-Livestand;11;172;0,1,5,6,10;03-E8-FF-FF-15-AE-9C-00-00-00-2C;NOTIFICATION;0;da1a1500-d532-4285-be94-b07a3e11a098;da1a1509-d532-4285-be94-b07a3e11a098;18;;
506002;1788055330554;150A;MotorUpdate / Motor-Livestand;10;172;0,1;03-E8-FF-FF-FF-FF-FF-FF-FF-FF;NOTIFICATION;0;da1a1500-d532-4285-be94-b07a3e11a098;da1a150a-d532-4285-be94-b07a3e11a098;18;;
506215;1788055330767;150B;Motor-/Controllerblock;20;172;–;FF-FF-FF-FF-FF-FF-FF-FF-FF-FF-FF-FF-FF-FF-FF-FF-FF-FF-FF-FF;NOTIFICATION;0;da1a1500-d532-4285-be94-b07a3e11a098;da1a150b-d532-4285-be94-b07a3e11a098;18;;
506421;1788055330973;150D;Fahrstatistik Max/Ø;20;172;–;00-DA-00-7B-FF-FF-FF-FF-47-18-FF-FF-FF-FF-FF-FF-FF-FF-00-00;NOTIFICATION;0;da1a1500-d532-4285-be94-b07a3e11a098;da1a150d-d532-4285-be94-b07a3e11a098;18;;
507462;1788055332014;1502;Akkuinformationen;16;173;–;47-18-FF-FF-FF-FF-47-18-FF-FF-FF-FF-FF-FF-00-00;NOTIFICATION;0;da1a1500-d532-4285-be94-b07a3e11a098;da1a1502-d532-4285-be94-b07a3e11a098;18;;
507883;1788055332435;1505;BikePerformance / Fahrleistung;18;173;0,1,2,3,7;01-B8-01-B8-FF-FF-00-85-FF-FF-FF-FF-FF-00-00-00-00-00;NOTIFICATION;0;da1a1500-d532-4285-be94-b07a3e11a098;da1a1505-d532-4285-be94-b07a3e11a098;18;;
508096;1788055332648;1506;Trip / Kilometer & Betriebszähler;16;173;7;00-00-1E-3E-00-02-5E-7D-00-00-03-06-00-00-00-00;NOTIFICATION;0;da1a1500-d532-4285-be94-b07a3e11a098;da1a1506-d532-4285-be94-b07a3e11a098;18;;
508514;1788055333066;1508;Settings / Licht & Fahrstufe;17;173;–;01-00-00-01-FF-FF-FF-FF-FF-FF-FF-00-00-00-00-00-00;NOTIFICATION;0;da1a1500-d532-4285-be94-b07a3e11a098;da1a1508-d532-4285-be94-b07a3e11a098;18;;
508713;1788055333265;1509;BatteryChange / Akku-Livestand;11;173;6;03-E8-FF-FF-15-AE-38-00-00-00-2C;NOTIFICATION;0;da1a1500-d532-4285-be94-b07a3e11a098;da1a1509-d532-4285-be94-b07a3e11a098;18;;
508923;1788055333475;150A;MotorUpdate / Motor-Livestand;10;173;–;03-E8-FF-FF-FF-FF-FF-FF-FF-FF;NOTIFICATION;0;da1a1500-d532-4285-be94-b07a3e11a098;da1a150a-d532-4285-be94-b07a3e11a098;18;;
509133;1788055333685;150B;Motor-/Controllerblock;20;173;–;FF-FF-FF-FF-FF-FF-FF-FF-FF-FF-FF-FF-FF-FF-FF-FF-FF-FF-FF-FF;NOTIFICATION;0;da1a1500-d532-4285-be94-b07a3e11a098;da1a150b-d532-4285-be94-b07a3e11a098;18;;
509346;1788055333898;150D;Fahrstatistik Max/Ø;20;173;–;00-DA-00-7B-FF-FF-FF-FF-47-18-FF-FF-FF-FF-FF-FF-FF-FF-00-00;NOTIFICATION;0;da1a1500-d532-4285-be94-b07a3e11a098;da1a150d-d532-4285-be94-b07a3e11a098;18;;
510387;1788055334939;1502;Akkuinformationen;16;174;–;47-18-FF-FF-FF-FF-47-18-FF-FF-FF-FF-FF-FF-00-00;NOTIFICATION;0;da1a1500-d532-4285-be94-b07a3e11a098;da1a1502-d532-4285-be94-b07a3e11a098;18;;
510806;1788055335358;1505;BikePerformance / Fahrleistung;18;174;7;01-B8-01-B8-FF-FF-00-7C-FF-FF-FF-FF-FF-00-00-00-00-00;NOTIFICATION;0;da1a1500-d532-4285-be94-b07a3e11a098;da1a1505-d532-4285-be94-b07a3e11a098;18;;
511015;1788055335567;1506;Trip / Kilometer & Betriebszähler;16;174;3,7;00-00-1E-3F-00-02-5E-80-00-00-03-06-00-00-00-00;NOTIFICATION;0;da1a1500-d532-4285-be94-b07a3e11a098;da1a1506-d532-4285-be94-b07a3e11a098;18;;
511435;1788055335987;1508;Settings / Licht & Fahrstufe;17;174;–;01-00-00-01-FF-FF-FF-FF-FF-FF-FF-00-00-00-00-00-00;NOTIFICATION;0;da1a1500-d532-4285-be94-b07a3e11a098;da1a1508-d532-4285-be94-b07a3e11a098;18;;
511637;1788055336189;1509;BatteryChange / Akku-Livestand;11;174;6;03-E8-FF-FF-15-AE-9C-00-00-00-2C;NOTIFICATION;0;da1a1500-d532-4285-be94-b07a3e11a098;da1a1509-d532-4285-be94-b07a3e11a098;18;;
511842;1788055336394;150A;MotorUpdate / Motor-Livestand;10;174;–;03-E8-FF-FF-FF-FF-FF-FF-FF-FF;NOTIFICATION;0;da1a1500-d532-4285-be94-b07a3e11a098;da1a150a-d532-4285-be94-b07a3e11a098;18;;
512057;1788055336609;150B;Motor-/Controllerblock;20;174;–;FF-FF-FF-FF-FF-FF-FF-FF-FF-FF-FF-FF-FF-FF-FF-FF-FF-FF-FF-FF;NOTIFICATION;0;da1a1500-d532-4285-be94-b07a3e11a098;da1a150b-d532-4285-be94-b07a3e11a098;18;;
512267;1788055336819;150D;Fahrstatistik Max/Ø;20;174;–;00-DA-00-7B-FF-FF-FF-FF-47-18-FF-FF-FF-FF-FF-FF-FF-FF-00-00;NOTIFICATION;0;da1a1500-d532-4285-be94-b07a3e11a098;da1a150d-d532-4285-be94-b07a3e11a098;18;;
513302;1788055337854;1502;Akkuinformationen;16;175;–;47-18-FF-FF-FF-FF-47-18-FF-FF-FF-FF-FF-FF-00-00;NOTIFICATION;0;da1a1500-d532-4285-be94-b07a3e11a098;da1a1502-d532-4285-be94-b07a3e11a098;18;;
513726;1788055338278;1505;BikePerformance / Fahrleistung;18;175;7;01-B8-01-B8-FF-FF-00-79-FF-FF-FF-FF-FF-00-00-00-00-00;NOTIFICATION;0;da1a1500-d532-4285-be94-b07a3e11a098;da1a1505-d532-4285-be94-b07a3e11a098;18;;
513937;1788055338489;1506;Trip / Kilometer & Betriebszähler;16;175;7;00-00-1E-3F-00-02-5E-83-00-00-03-06-00-00-00-00;NOTIFICATION;0;da1a1500-d532-4285-be94-b07a3e11a098;da1a1506-d532-4285-be94-b07a3e11a098;18;;
514359;1788055338911;1508;Settings / Licht & Fahrstufe;17;175;–;01-00-00-01-FF-FF-FF-FF-FF-FF-FF-00-00-00-00-00-00;NOTIFICATION;0;da1a1500-d532-4285-be94-b07a3e11a098;da1a1508-d532-4285-be94-b07a3e11a098;18;;
514556;1788055339108;1509;BatteryChange / Akku-Livestand;11;175;6;03-E8-FF-FF-15-AE-38-00-00-00-2C;NOTIFICATION;0;da1a1500-d532-4285-be94-b07a3e11a098;da1a1509-d532-4285-be94-b07a3e11a098;18;;
514766;1788055339318;150A;MotorUpdate / Motor-Livestand;10;175;–;03-E8-FF-FF-FF-FF-FF-FF-FF-FF;NOTIFICATION;0;da1a1500-d532-4285-be94-b07a3e11a098;da1a150a-d532-4285-be94-b07a3e11a098;18;;
514976;1788055339528;150B;Motor-/Controllerblock;20;175;–;FF-FF-FF-FF-FF-FF-FF-FF-FF-FF-FF-FF-FF-FF-FF-FF-FF-FF-FF-FF;NOTIFICATION;0;da1a1500-d532-4285-be94-b07a3e11a098;da1a150b-d532-4285-be94-b07a3e11a098;18;;
515186;1788055339738;150D;Fahrstatistik Max/Ø;20;175;–;00-DA-00-7B-FF-FF-FF-FF-47-18-FF-FF-FF-FF-FF-FF-FF-FF-00-00;NOTIFICATION;0;da1a1500-d532-4285-be94-b07a3e11a098;da1a150d-d532-4285-be94-b07a3e11a098;18;;
516223;1788055340775;1502;Akkuinformationen;16;176;–;47-18-FF-FF-FF-FF-47-18-FF-FF-FF-FF-FF-FF-00-00;NOTIFICATION;0;da1a1500-d532-4285-be94-b07a3e11a098;da1a1502-d532-4285-be94-b07a3e11a098;18;;
516645;1788055341197;1505;BikePerformance / Fahrleistung;18;176;0,1,2,3,7;06-E0-06-E0-FF-FF-00-84-FF-FF-FF-FF-FF-00-00-00-00-00;NOTIFICATION;0;da1a1500-d532-4285-be94-b07a3e11a098;da1a1505-d532-4285-be94-b07a3e11a098;18;;
516865;1788055341417;1506;Trip / Kilometer & Betriebszähler;16;176;7;00-00-1E-3F-00-02-5E-86-00-00-03-06-00-00-00-00;NOTIFICATION;0;da1a1500-d532-4285-be94-b07a3e11a098;da1a1506-d532-4285-be94-b07a3e11a098;18;;
517271;1788055341823;1508;Settings / Licht & Fahrstufe;17;176;–;01-00-00-01-FF-FF-FF-FF-FF-FF-FF-00-00-00-00-00-00;NOTIFICATION;0;da1a1500-d532-4285-be94-b07a3e11a098;da1a1508-d532-4285-be94-b07a3e11a098;18;;
