relative_ms;timestamp_ms;speed_kmh_candidate;battery_percent;voltage_v;current_a;power_w;electrical_power_w;power_provenance;motor_temp_c;battery_temp_c;trip_km;odometer_km;drive_raw_1505_b7;motor_load_raw_be;battery_state_raw_1509_b6;accessory_raw_b0;accessory_raw_b3;source_channel
2184;1786991057469;;;;;;;;;;;;;;;;;1502
2253;1786991057538;0.0;;;;;;;;;;;0;;;;;1505
2273;1786991057558;0.0;;;;;;;;;;710.7;0;;;;;1506
2342;1786991057627;0.0;;;;;;;;;;710.7;0;;;0;1;1508
2362;1786991057647;0.0;69;49.8;0.0;0.0;0.0;1509_direct;;;;710.7;0;0;;0;1;1509
2396;1786991057681;0.0;69;49.8;0.0;0.0;0.0;1509_direct_carried;;;;710.7;0;0;;0;1;150A
2430;1786991057715;0.0;69;49.8;0.0;0.0;0.0;1509_direct_carried;;;;710.7;0;0;;0;1;150B
2453;1786991057738;0.0;69;49.8;0.0;0.0;0.0;1509_direct_carried;;;;710.7;0;0;;0;1;150D
8622;1786991063907;;;;;;;;;;;;;;;;;1502
9036;1786991064321;0.0;;;;;;;;;;;0;;;;;1505
9248;1786991064533;0.0;;;;;;;;;;710.7;0;;;;;1506
9665;1786991064950;0.0;;;;;;;;;;710.7;0;;;0;1;1508
9867;1786991065152;0.0;70;49.8;0.0;0.0;0.0;1509_direct;;;;710.7;0;0;;0;1;1509
10083;1786991065368;0.0;70;49.8;0.0;0.0;0.0;1509_direct_carried;;;;710.7;0;0;;0;1;150A
10296;1786991065581;0.0;70;49.8;0.0;0.0;0.0;1509_direct_carried;;;;710.7;0;0;;0;1;150B
10498;1786991065783;0.0;70;49.8;0.0;0.0;0.0;1509_direct_carried;;;;710.7;0;0;;0;1;150D
11544;1786991066829;0.0;70;49.8;0.0;0.0;0.0;1509_direct_carried;;;;710.7;0;0;;0;1;1502
11963;1786991067248;0.0;70;49.8;0.0;0.0;0.0;1509_direct_carried;;;;710.7;0;0;;0;1;1505
12163;1786991067448;0.0;70;49.8;0.0;0.0;0.0;1509_direct_carried;;;;710.7;0;0;;0;1;1506
12577;1786991067862;0.0;70;49.8;0.0;0.0;0.0;1509_direct_carried;;;;710.7;0;0;;0;1;1508
12793;1786991068078;0.0;70;49.8;0.0;0.0;0.0;1509_direct;;;;710.7;0;0;;0;1;1509
12995;1786991068280;0.0;70;49.8;0.0;0.0;0.0;1509_direct_carried;;;;710.7;0;0;;0;1;150A
13209;1786991068494;0.0;70;49.8;0.0;0.0;0.0;1509_direct_carried;;;;710.7;0;0;;0;1;150B
13413;1786991068698;0.0;70;49.8;0.0;0.0;0.0;1509_direct_carried;;;;710.7;0;0;;0;1;150D
14456;1786991069741;0.0;70;49.8;0.0;0.0;0.0;1509_direct_carried;;;;710.7;0;0;;0;1;1502
14876;1786991070161;0.0;70;49.8;0.0;0.0;0.0;1509_direct_carried;;;;710.7;0;0;;0;1;1505
15087;1786991070372;0.0;70;49.8;0.0;0.0;0.0;1509_direct_carried;;;;710.7;0;0;;0;1;1506
15505;1786991070790;0.0;70;49.8;0.0;0.0;0.0;1509_direct_carried;;;;710.7;0;0;;0;1;1508
15707;1786991070992;0.0;69;49.8;0.0;0.0;0.0;1509_direct;;;;710.7;0;0;;0;1;1509
15925;1786991071210;0.0;69;49.8;0.0;0.0;0.0;1509_direct_carried;;;;710.7;0;0;;0;1;150A
16121;1786991071406;0.0;69;49.8;0.0;0.0;0.0;1509_direct_carried;;;;710.7;0;0;;0;1;150B
16337;1786991071622;0.0;69;49.8;0.0;0.0;0.0;1509_direct_carried;;;;710.7;0;0;;0;1;150D
17383;1786991072668;0.0;69;49.8;0.0;0.0;0.0;1509_direct_carried;;;;710.7;0;0;;0;1;1502
17799;1786991073084;0.0;69;49.8;0.0;0.0;0.0;1509_direct_carried;;;;710.7;0;0;;0;1;1505
18004;1786991073289;0.0;69;49.8;0.0;0.0;0.0;1509_direct_carried;;;;710.7;0;0;;0;1;1506
18418;1786991073703;0.0;69;49.8;0.0;0.0;0.0;1509_direct_carried;;;;710.7;0;0;;0;1;1508
18632;1786991073917;0.0;70;49.8;0.0;0.0;0.0;1509_direct;;;;710.7;0;0;;0;1;1509
18832;1786991074117;0.0;70;49.8;0.0;0.0;0.0;1509_direct_carried;;;;710.7;0;0;;0;1;150A
19049;1786991074334;0.0;70;49.8;0.0;0.0;0.0;1509_direct_carried;;;;710.7;0;0;;0;1;150B
19251;1786991074536;0.0;70;49.8;0.0;0.0;0.0;1509_direct_carried;;;;710.7;0;0;;0;1;150D
20295;1786991075580;0.0;70;49.8;0.0;0.0;0.0;1509_direct_carried;;;;710.7;0;0;;0;1;1502
20714;1786991075999;0.0;70;49.8;0.0;0.0;0.0;1509_direct_carried;;;;710.7;0;0;;0;1;1505
20929;1786991076214;0.0;70;49.8;0.0;0.0;0.0;1509_direct_carried;;;;710.7;0;0;;0;1;1506
21343;1786991076628;0.0;70;49.8;0.0;0.0;0.0;1509_direct_carried;;;;710.7;0;0;;0;1;1508
21545;1786991076830;0.0;70;49.7;0.0;0.0;0.0;1509_direct;;;;710.7;0;0;;0;1;1509
21758;1786991077043;0.0;70;49.7;0.0;0.0;0.0;1509_direct_carried;;;;710.7;0;0;;0;1;150A
21971;1786991077256;0.0;70;49.7;0.0;0.0;0.0;1509_direct_carried;;;;710.7;0;0;;0;1;150B
22175;1786991077460;0.0;70;49.7;0.0;0.0;0.0;1509_direct_carried;;;;710.7;0;0;;0;1;150D
23210;1786991078495;0.0;70;49.7;0.0;0.0;0.0;1509_direct_carried;;;;710.7;0;0;;0;1;1502
23637;1786991078922;0.0;70;49.7;0.0;0.0;0.0;1509_direct_carried;;;;710.7;0;0;;0;1;1505
23842;1786991079127;0.0;70;49.7;0.0;0.0;0.0;1509_direct_carried;;;;710.7;0;0;;0;1;1506
24256;1786991079541;0.0;70;49.7;0.0;0.0;0.0;1509_direct_carried;;;;710.7;0;0;;0;1;1508
24470;1786991079755;0.0;68;49.8;0.0;0.0;0.0;1509_direct;;;;710.7;0;0;;0;1;1509
24674;1786991079959;0.0;68;49.8;0.0;0.0;0.0;1509_direct_carried;;;;710.7;0;0;;0;1;150A
24887;1786991080172;0.0;68;49.8;0.0;0.0;0.0;1509_direct_carried;;;;710.7;0;0;;0;1;150B
25089;1786991080374;0.0;68;49.8;0.0;0.0;0.0;1509_direct_carried;;;;710.7;0;0;;0;1;150D
26135;1786991081420;0.0;68;49.8;0.0;0.0;0.0;1509_direct_carried;;;;710.7;0;0;;0;1;1502
26553;1786991081838;0.0;68;49.8;0.0;0.0;0.0;1509_direct_carried;;;;710.7;0;0;;0;1;1505
26757;1786991082042;0.0;68;49.8;0.0;0.0;0.0;1509_direct_carried;;;;710.7;0;0;;0;1;1506
27184;1786991082469;0.0;68;49.8;0.0;0.0;0.0;1509_direct_carried;;;;710.7;0;0;;0;1;1508
27386;1786991082671;0.0;68;49.7;0.0;0.0;0.0;1509_direct;;;;710.7;0;0;;0;1;1509
27599;1786991082884;0.0;68;49.7;0.0;0.0;0.0;1509_direct_carried;;;;710.7;0;0;;0;1;150A
27803;1786991083088;0.0;68;49.7;0.0;0.0;0.0;1509_direct_carried;;;;710.7;0;0;;0;1;150B
28016;1786991083301;0.0;68;49.7;0.0;0.0;0.0;1509_direct_carried;;;;710.7;0;0;;0;1;150D
29050;1786991084335;0.0;68;49.7;0.0;0.0;0.0;1509_direct_carried;;;;710.7;0;0;;0;1;1502
29466;1786991084751;0.0;68;49.7;0.0;0.0;0.0;1509_direct_carried;;;;710.7;0;0;;0;1;1505
29680;1786991084965;0.0;68;49.7;0.0;0.0;0.0;1509_direct_carried;;;;710.7;0;0;;0;1;1506
30096;1786991085381;0.0;68;49.7;0.0;0.0;0.0;1509_direct_carried;;;;710.7;0;0;;0;1;1508
30298;1786991085583;0.0;68;49.8;0.0;0.0;0.0;1509_direct;;;;710.7;0;0;;0;1;1509
30511;1786991085796;0.0;68;49.8;0.0;0.0;0.0;1509_direct_carried;;;;710.7;0;0;;0;1;150A
30725;1786991086010;0.0;68;49.8;0.0;0.0;0.0;1509_direct_carried;;;;710.7;0;0;;0;1;150B
30929;1786991086214;0.0;68;49.8;0.0;0.0;0.0;1509_direct_carried;;;;710.7;0;0;;0;1;150D
31975;1786991087260;0.0;68;49.8;0.0;0.0;0.0;1509_direct_carried;;;;710.7;0;0;;0;1;1502
32394;1786991087679;2.6;68;49.8;0.0;0.0;0.0;1509_direct_carried;;;;710.7;26;0;;0;1;1505
32594;1786991087879;2.6;68;49.8;0.0;0.0;0.0;1509_direct_carried;;;;710.7;26;0;;0;1;1506
33008;1786991088293;2.6;68;49.8;0.0;0.0;0.0;1509_direct_carried;;;;710.7;26;0;;0;1;1508
33225;1786991088510;2.6;69;49.8;0.0;0.0;0.0;1509_direct;;;;710.7;26;0;;0;1;1509
33428;1786991088713;2.6;69;49.8;0.0;0.0;0.0;1509_direct_carried;;;;710.7;26;0;;0;1;150A
33642;1786991088927;2.6;69;49.8;0.0;0.0;0.0;1509_direct_carried;;;;710.7;26;0;;0;1;150B
33855;1786991089140;2.6;69;49.8;0.0;0.0;0.0;1509_direct_carried;;;;710.7;26;0;;0;1;150D
34892;1786991090177;2.6;69;49.8;0.0;0.0;0.0;1509_direct_carried;;;;710.7;26;0;;0;1;1502
35306;1786991090591;2.1;69;49.8;0.0;0.0;0.0;1509_direct_carried;;;;710.7;21;0;;0;1;1505
35520;1786991090805;2.1;69;49.8;0.0;0.0;0.0;1509_direct_carried;;;;710.7;21;0;;0;1;1506
35937;1786991091222;2.1;69;49.8;0.0;0.0;0.0;1509_direct_carried;;;;710.7;21;0;;0;1;1508
36148;1786991091433;2.1;69;49.8;0.0;0.0;0.0;1509_direct;;;;710.7;21;0;;0;1;1509
36352;1786991091637;2.1;69;49.8;0.0;0.0;0.0;1509_direct_carried;;;;710.7;21;0;;0;1;150A
36565;1786991091850;2.1;69;49.8;0.0;0.0;0.0;1509_direct_carried;;;;710.7;21;0;;0;1;150B
36769;1786991092054;2.1;69;49.8;0.0;0.0;0.0;1509_direct_carried;;;;710.7;21;0;;0;1;150D
37815;1786991093100;2.1;69;49.8;0.0;0.0;0.0;1509_direct_carried;;;;710.7;21;0;;0;1;1502
38230;1786991093515;4.5;69;49.8;0.0;0.0;0.0;1509_direct_carried;;;;710.7;45;0;;0;1;1505
38433;1786991093718;4.5;69;49.8;0.0;0.0;0.0;1509_direct_carried;;;;710.7;45;0;;0;1;1506
38849;1786991094134;4.5;69;49.8;0.0;0.0;0.0;1509_direct_carried;;;;710.7;45;0;;0;1;1508
39063;1786991094348;4.5;68;49.4;0.0;0.0;0.0;1509_direct;;;;710.7;45;0;;0;1;1509
39265;1786991094550;4.5;68;49.4;0.0;0.0;0.0;1509_direct_carried;;;;710.7;45;0;;0;1;150A
39482;1786991094767;4.5;68;49.4;0.0;0.0;0.0;1509_direct_carried;;;;710.7;45;0;;0;1;150B
39682;1786991094967;4.5;68;49.4;0.0;0.0;0.0;1509_direct_carried;;;;710.7;45;0;;0;1;150D
40729;1786991096014;4.5;68;49.4;0.0;0.0;0.0;1509_direct_carried;;;;710.7;45;0;;0;1;1502
41359;1786991096644;4.5;68;49.4;0.0;0.0;0.0;1509_direct_carried;;;;710.7;45;0;;0;1;1506
41776;1786991097061;4.5;68;49.4;0.0;0.0;0.0;1509_direct_carried;;;;710.7;45;0;;0;1;1508
41978;1786991097263;4.5;68;49.6;0.0;0.0;0.0;1509_direct;;;;710.7;45;0;;0;1;1509
42192;1786991097477;4.5;68;49.6;0.0;0.0;0.0;1509_direct_carried;;;;710.7;45;0;;0;1;150A
42393;1786991097678;4.5;68;49.6;0.0;0.0;0.0;1509_direct_carried;;;;710.7;45;0;;0;1;150B
42608;1786991097893;4.5;68;49.6;0.0;0.0;0.0;1509_direct_carried;;;;710.7;45;0;;0;1;150D
43651;1786991098936;4.5;68;49.6;0.0;0.0;0.0;1509_direct_carried;;;;710.7;45;0;;0;1;1502
44069;1786991099354;18.6;68;49.6;0.0;0.0;0.0;1509_direct_carried;;;;710.7;186;0;;0;1;1505
44272;1786991099557;18.6;68;49.6;0.0;0.0;0.0;1509_direct_carried;;;;710.7;186;0;;0;1;1506
44688;1786991099973;18.6;68;49.6;0.0;0.0;0.0;1509_direct_carried;;;;710.7;186;0;;0;1;1508
44902;1786991100187;18.6;67;48.1;8.0;384.0;384.8;1509_direct;;;;710.7;186;384;;0;1;1509
45105;1786991100390;18.6;67;48.1;8.0;384.0;384.8;1509_direct_carried;;;;710.7;186;384;;0;1;150A
45318;1786991100603;18.6;67;48.1;8.0;384.0;384.8;1509_direct_carried;;;;710.7;186;384;;0;1;150B
45522;1786991100807;18.6;67;48.1;8.0;384.0;384.8;1509_direct_carried;;;;710.7;186;384;;0;1;150D
46568;1786991101853;18.6;67;48.1;8.0;384.0;384.8;1509_direct_carried;;;;710.7;186;384;;0;1;1502
46985;1786991102270;18.7;67;48.1;8.0;384.0;384.8;1509_direct_carried;;;;710.7;187;384;;0;1;1505
47198;1786991102483;18.7;67;48.1;8.0;384.0;384.8;1509_direct_carried;;;;710.7;187;384;;0;1;1506
47614;1786991102899;18.7;67;48.1;8.0;384.0;384.8;1509_direct_carried;;;;710.7;187;384;;0;1;1508
47817;1786991103102;18.7;64;48.6;4.0;194.0;194.4;1509_direct;;;;710.7;187;194;;0;1;1509
48028;1786991103313;18.7;64;48.6;4.0;194.0;194.4;1509_direct_carried;;;;710.7;187;194;;0;1;150A
48233;1786991103518;18.7;64;48.6;4.0;194.0;194.4;1509_direct_carried;;;;710.7;187;194;;0;1;150B
48448;1786991103733;18.7;64;48.6;4.0;194.0;194.4;1509_direct_carried;;;;710.7;187;194;;0;1;150D
49491;1786991104776;18.7;64;48.6;4.0;194.0;194.4;1509_direct_carried;;;;710.7;187;194;;0;1;1502
49912;1786991105197;21.8;64;48.6;4.0;194.0;194.4;1509_direct_carried;;;;710.7;218;194;;0;1;1505
50110;1786991105395;21.8;64;48.6;4.0;194.0;194.4;1509_direct_carried;;;;710.7;218;194;;0;1;1506
50531;1786991105816;21.8;64;48.6;4.0;194.0;194.4;1509_direct_carried;;;;710.7;218;194;;0;1;1508
50743;1786991106028;21.8;64;48.6;5.0;291.0;243.0;1509_direct;;;;710.7;218;291;;0;1;1509
50944;1786991106229;21.8;64;48.6;5.0;291.0;243.0;1509_direct_carried;;;;710.7;218;291;;0;1;150A
51157;1786991106442;21.8;64;48.6;5.0;291.0;243.0;1509_direct_carried;;;;710.7;218;291;;0;1;150B
51361;1786991106646;21.8;64;48.6;5.0;291.0;243.0;1509_direct_carried;;;;710.7;218;291;;0;1;150D
52407;1786991107692;21.8;64;48.6;5.0;291.0;243.0;1509_direct_carried;;;;710.7;218;291;;0;1;1502
52822;1786991108107;21.8;64;48.6;5.0;291.0;243.0;1509_direct_carried;;;;710.7;218;291;;0;1;1505
53047;1786991108332;21.8;64;48.6;5.0;291.0;243.0;1509_direct_carried;;;;710.7;218;291;;0;1;1506
53452;1786991108737;21.8;64;48.6;5.0;291.0;243.0;1509_direct_carried;;;;710.7;218;291;;0;1;1508
53654;1786991108939;21.8;64;49.2;1.0;49.0;49.2;1509_direct;;;;710.7;218;49;;0;1;1509
53869;1786991109154;21.8;64;49.2;1.0;49.0;49.2;1509_direct_carried;;;;710.7;218;49;;0;1;150A
54071;1786991109356;21.8;64;49.2;1.0;49.0;49.2;1509_direct_carried;;;;710.7;218;49;;0;1;150B
54284;1786991109569;21.8;64;49.2;1.0;49.0;49.2;1509_direct_carried;;;;710.7;218;49;;0;1;150D
55320;1786991110605;21.8;64;49.2;1.0;49.0;49.2;1509_direct_carried;;;;710.7;218;49;;0;1;1502
55746;1786991111031;21.8;64;49.2;1.0;49.0;49.2;1509_direct_carried;;;;710.7;218;49;;0;1;1505
55949;1786991111234;21.8;64;49.2;1.0;49.0;49.2;1509_direct_carried;;;;710.7;218;49;;0;1;1506
56367;1786991111652;21.8;64;49.2;1.0;49.0;49.2;1509_direct_carried;;;;710.7;218;49;;0;1;1508
56581;1786991111866;21.8;64;49.1;1.0;49.0;49.1;1509_direct;;;;710.7;218;49;;0;1;1509
56783;1786991112068;21.8;64;49.1;1.0;49.0;49.1;1509_direct_carried;;;;710.7;218;49;;0;1;150A
56996;1786991112281;21.8;64;49.1;1.0;49.0;49.1;1509_direct_carried;;;;710.7;218;49;;0;1;150B
57199;1786991112484;21.8;64;49.1;1.0;49.0;49.1;1509_direct_carried;;;;710.7;218;49;;0;1;150D
58245;1786991113530;21.8;64;49.1;1.0;49.0;49.1;1509_direct_carried;;;;710.7;218;49;;0;1;1502
58661;1786991113946;21.8;64;49.1;1.0;49.0;49.1;1509_direct_carried;;;;710.7;218;49;;0;1;1505
58879;1786991114164;21.8;64;49.1;1.0;49.0;49.1;1509_direct_carried;;;;710.7;218;49;;0;1;1506
59293;1786991114578;21.8;64;49.1;1.0;49.0;49.1;1509_direct_carried;;;;710.7;218;49;;0;1;1508
59493;1786991114778;21.8;64;48.8;2.0;97.0;97.6;1509_direct;;;;710.7;218;97;;0;1;1509
59710;1786991114995;21.8;64;48.8;2.0;97.0;97.6;1509_direct_carried;;;;710.7;218;97;;0;1;150A
59911;1786991115196;21.8;64;48.8;2.0;97.0;97.6;1509_direct_carried;;;;710.7;218;97;;0;1;150B
60125;1786991115410;21.8;64;48.8;2.0;97.0;97.6;1509_direct_carried;;;;710.7;218;97;;0;1;150D
61160;1786991116445;21.8;64;48.8;2.0;97.0;97.6;1509_direct_carried;;;;710.7;218;97;;0;1;1502
61586;1786991116871;21.8;64;48.8;2.0;97.0;97.6;1509_direct_carried;;;;710.7;218;97;;0;1;1505
61791;1786991117076;21.8;64;48.8;2.0;97.0;97.6;1509_direct_carried;;;;710.8;218;97;;0;1;1506
62205;1786991117490;21.8;64;48.8;2.0;97.0;97.6;1509_direct_carried;;;;710.8;218;97;;0;1;1508
62420;1786991117705;21.8;64;49.0;2.0;98.0;98.0;1509_direct;;;;710.8;218;98;;0;1;1509
62624;1786991117909;21.8;64;49.0;2.0;98.0;98.0;1509_direct_carried;;;;710.8;218;98;;0;1;150A
62835;1786991118120;21.8;64;49.0;2.0;98.0;98.0;1509_direct_carried;;;;710.8;218;98;;0;1;150B
63040;1786991118325;21.8;64;49.0;2.0;98.0;98.0;1509_direct_carried;;;;710.8;218;98;;0;1;150D
64084;1786991119369;21.8;64;49.0;2.0;98.0;98.0;1509_direct_carried;;;;710.8;218;98;;0;1;1502
64501;1786991119786;21.8;64;49.0;2.0;98.0;98.0;1509_direct_carried;;;;710.8;218;98;;0;1;1505
64716;1786991120001;21.8;64;49.0;2.0;98.0;98.0;1509_direct_carried;;;;710.8;218;98;;0;1;1506
65131;1786991120416;21.8;64;49.0;2.0;98.0;98.0;1509_direct_carried;;;;710.8;218;98;;0;1;1508
65335;1786991120620;21.8;64;48.8;3.0;146.0;146.39999999999998;1509_direct;;;;710.8;218;146;;0;1;1509
65548;1786991120833;21.8;64;48.8;3.0;146.0;146.39999999999998;1509_direct_carried;;;;710.8;218;146;;0;1;150A
65750;1786991121035;21.8;64;48.8;3.0;146.0;146.39999999999998;1509_direct_carried;;;;710.8;218;146;;0;1;150B
65962;1786991121247;21.8;64;48.8;3.0;146.0;146.39999999999998;1509_direct_carried;;;;710.8;218;146;;0;1;150D
66999;1786991122284;21.8;64;48.8;3.0;146.0;146.39999999999998;1509_direct_carried;;;;710.8;218;146;;0;1;1502
67415;1786991122700;21.8;64;48.8;3.0;146.0;146.39999999999998;1509_direct_carried;;;;710.8;218;146;;0;1;1505
67628;1786991122913;21.8;64;48.8;3.0;146.0;146.39999999999998;1509_direct_carried;;;;710.8;218;146;;0;1;1506
68044;1786991123329;21.8;64;48.8;3.0;146.0;146.39999999999998;1509_direct_carried;;;;710.8;218;146;;0;1;1508
68260;1786991123545;21.8;64;49.3;0.0;0.0;0.0;1509_direct;;;;710.8;218;0;;0;1;1509
68462;1786991123747;21.8;64;49.3;0.0;0.0;0.0;1509_direct_carried;;;;710.8;218;0;;0;1;150A
68675;1786991123960;21.8;64;49.3;0.0;0.0;0.0;1509_direct_carried;;;;710.8;218;0;;0;1;150B
68880;1786991124165;21.8;64;49.3;0.0;0.0;0.0;1509_direct_carried;;;;710.8;218;0;;0;1;150D
69924;1786991125209;21.8;64;49.3;0.0;0.0;0.0;1509_direct_carried;;;;710.8;218;0;;0;1;1502
70339;1786991125624;17.4;64;49.3;0.0;0.0;0.0;1509_direct_carried;;;;710.8;174;0;;0;1;1505
70543;1786991125828;17.4;64;49.3;0.0;0.0;0.0;1509_direct_carried;;;;710.8;174;0;;0;1;1506
70969;1786991126254;17.4;64;49.3;0.0;0.0;0.0;1509_direct_carried;;;;710.8;174;0;;0;1;1508
71173;1786991126458;17.4;64;50.6;0.0;0.0;0.0;1509_direct;;;;710.8;174;0;;0;1;1509
71386;1786991126671;17.4;64;50.6;0.0;0.0;0.0;1509_direct_carried;;;;710.8;174;0;;0;1;150A
71588;1786991126873;17.4;64;50.6;0.0;0.0;0.0;1509_direct_carried;;;;710.8;174;0;;0;1;150B
71802;1786991127087;17.4;64;50.6;0.0;0.0;0.0;1509_direct_carried;;;;710.8;174;0;;0;1;150D
72838;1786991128123;17.4;64;50.6;0.0;0.0;0.0;1509_direct_carried;;;;710.8;174;0;;0;1;1502
73254;1786991128539;5.3;64;50.6;0.0;0.0;0.0;1509_direct_carried;;;;710.8;53;0;;0;1;1505
73466;1786991128751;5.3;64;50.6;0.0;0.0;0.0;1509_direct_carried;;;;710.8;53;0;;0;1;1506
73885;1786991129170;5.3;64;50.6;0.0;0.0;0.0;1509_direct_carried;;;;710.8;53;0;;0;1;1508
74088;1786991129373;5.3;64;49.5;0.0;0.0;0.0;1509_direct;;;;710.8;53;0;;0;1;1509
74300;1786991129585;5.3;64;49.5;0.0;0.0;0.0;1509_direct_carried;;;;710.8;53;0;;0;1;150A
74514;1786991129799;5.3;64;49.5;0.0;0.0;0.0;1509_direct_carried;;;;710.8;53;0;;0;1;150B
74716;1786991130001;5.3;64;49.5;0.0;0.0;0.0;1509_direct_carried;;;;710.8;53;0;;0;1;150D
75762;1786991131047;5.3;64;49.5;0.0;0.0;0.0;1509_direct_carried;;;;710.8;53;0;;0;1;1502
76178;1786991131463;3.8;64;49.5;0.0;0.0;0.0;1509_direct_carried;;;;710.8;38;0;;0;1;1505
76381;1786991131666;3.8;64;49.5;0.0;0.0;0.0;1509_direct_carried;;;;710.8;38;0;;0;1;1506
76797;1786991132082;3.8;64;49.5;0.0;0.0;0.0;1509_direct_carried;;;;710.8;38;0;;0;1;1508
77012;1786991132297;3.8;64;49.5;0.0;0.0;0.0;1509_direct;;;;710.8;38;0;;0;1;1509
77214;1786991132499;3.8;64;49.5;0.0;0.0;0.0;1509_direct_carried;;;;710.8;38;0;;0;1;150A
77425;1786991132710;3.8;64;49.5;0.0;0.0;0.0;1509_direct_carried;;;;710.8;38;0;;0;1;150B
77642;1786991132927;3.8;64;49.5;0.0;0.0;0.0;1509_direct_carried;;;;710.8;38;0;;0;1;150D
78677;1786991133962;3.8;64;49.5;0.0;0.0;0.0;1509_direct_carried;;;;710.8;38;0;;0;1;1502
79094;1786991134379;1.8;64;49.5;0.0;0.0;0.0;1509_direct_carried;;;;710.8;18;0;;0;1;1505
79308;1786991134593;1.8;64;49.5;0.0;0.0;0.0;1509_direct_carried;;;;710.8;18;0;;0;1;1506
79724;1786991135009;1.8;64;49.5;0.0;0.0;0.0;1509_direct_carried;;;;710.8;18;0;;0;1;1508
79924;1786991135209;1.8;64;49.5;0.0;0.0;0.0;1509_direct;;;;710.8;18;0;;0;1;1509
80140;1786991135425;1.8;64;49.5;0.0;0.0;0.0;1509_direct_carried;;;;710.8;18;0;;0;1;150A
80343;1786991135628;1.8;64;49.5;0.0;0.0;0.0;1509_direct_carried;;;;710.8;18;0;;0;1;150B
80555;1786991135840;1.8;64;49.5;0.0;0.0;0.0;1509_direct_carried;;;;710.8;18;0;;0;1;150D
81601;1786991136886;1.8;64;49.5;0.0;0.0;0.0;1509_direct_carried;;;;710.8;18;0;;0;1;1502
82017;1786991137302;3.5;64;49.5;0.0;0.0;0.0;1509_direct_carried;;;;710.8;35;0;;0;1;1505
82224;1786991137509;3.5;64;49.5;0.0;0.0;0.0;1509_direct_carried;;;;710.8;35;0;;0;1;1506
82637;1786991137922;3.5;64;49.5;0.0;0.0;0.0;1509_direct_carried;;;;710.8;35;0;;0;1;1508
82850;1786991138135;3.5;64;49.5;0.0;0.0;0.0;1509_direct;;;;710.8;35;0;;0;1;1509
83054;1786991138339;3.5;64;49.5;0.0;0.0;0.0;1509_direct_carried;;;;710.8;35;0;;0;1;150A
83265;1786991138550;3.5;64;49.5;0.0;0.0;0.0;1509_direct_carried;;;;710.8;35;0;;0;1;150B
83469;1786991138754;3.5;64;49.5;0.0;0.0;0.0;1509_direct_carried;;;;710.8;35;0;;0;1;150D
84516;1786991139801;3.5;64;49.5;0.0;0.0;0.0;1509_direct_carried;;;;710.8;35;0;;0;1;1502
84931;1786991140216;3.7;64;49.5;0.0;0.0;0.0;1509_direct_carried;;;;710.8;37;0;;0;1;1505
85145;1786991140430;3.7;64;49.5;0.0;0.0;0.0;1509_direct_carried;;;;710.8;37;0;;0;1;1506
85562;1786991140847;3.7;64;49.5;0.0;0.0;0.0;1509_direct_carried;;;;710.8;37;0;;0;1;1508
85764;1786991141049;3.7;64;49.6;0.0;0.0;0.0;1509_direct;;;;710.8;37;0;;0;1;1509
85977;1786991141262;3.7;64;49.6;0.0;0.0;0.0;1509_direct_carried;;;;710.8;37;0;;0;1;150A
86181;1786991141466;3.7;64;49.6;0.0;0.0;0.0;1509_direct_carried;;;;710.8;37;0;;0;1;150B
86395;1786991141680;3.7;64;49.6;0.0;0.0;0.0;1509_direct_carried;;;;710.8;37;0;;0;1;150D
87440;1786991142725;3.7;64;49.6;0.0;0.0;0.0;1509_direct_carried;;;;710.8;37;0;;0;1;1502
87859;1786991143144;3.8;64;49.6;0.0;0.0;0.0;1509_direct_carried;;;;710.8;38;0;;0;1;1505
88060;1786991143345;3.8;64;49.6;0.0;0.0;0.0;1509_direct_carried;;;;710.9;38;0;;0;1;1506
88476;1786991143761;3.8;64;49.6;0.0;0.0;0.0;1509_direct_carried;;;;710.9;38;0;;0;1;1508
88689;1786991143974;3.8;64;49.5;0.0;0.0;0.0;1509_direct;;;;710.9;38;0;;0;1;1509
88893;1786991144178;3.8;64;49.5;0.0;0.0;0.0;1509_direct_carried;;;;710.9;38;0;;0;1;150A
89105;1786991144390;3.8;64;49.5;0.0;0.0;0.0;1509_direct_carried;;;;710.9;38;0;;0;1;150B
89308;1786991144593;3.8;64;49.5;0.0;0.0;0.0;1509_direct_carried;;;;710.9;38;0;;0;1;150D
90357;1786991145642;3.8;64;49.5;0.0;0.0;0.0;1509_direct_carried;;;;710.9;38;0;;0;1;1502
90771;1786991146056;3.9;64;49.5;0.0;0.0;0.0;1509_direct_carried;;;;710.9;39;0;;0;1;1505
90985;1786991146270;3.9;64;49.5;0.0;0.0;0.0;1509_direct_carried;;;;710.9;39;0;;0;1;1506
91400;1786991146685;3.9;64;49.5;0.0;0.0;0.0;1509_direct_carried;;;;710.9;39;0;;0;1;1508
91604;1786991146889;3.9;64;49.6;0.0;0.0;0.0;1509_direct;;;;710.9;39;0;;0;1;1509
91819;1786991147104;3.9;64;49.6;0.0;0.0;0.0;1509_direct_carried;;;;710.9;39;0;;0;1;150A
92019;1786991147304;3.9;64;49.6;0.0;0.0;0.0;1509_direct_carried;;;;710.9;39;0;;0;1;150B
92235;1786991147520;3.9;64;49.6;0.0;0.0;0.0;1509_direct_carried;;;;710.9;39;0;;0;1;150D
93290;1786991148575;3.9;64;49.6;0.0;0.0;0.0;1509_direct_carried;;;;710.9;39;0;;0;1;1502
93695;1786991148980;4.3;64;49.6;0.0;0.0;0.0;1509_direct_carried;;;;710.9;43;0;;0;1;1505
93900;1786991149185;4.3;64;49.6;0.0;0.0;0.0;1509_direct_carried;;;;710.9;43;0;;0;1;1506
94314;1786991149599;4.3;64;49.6;0.0;0.0;0.0;1509_direct_carried;;;;710.9;43;0;;0;1;1508
94528;1786991149813;4.3;64;49.5;0.0;0.0;0.0;1509_direct;;;;710.9;43;0;;0;1;1509
94731;1786991150016;4.3;64;49.5;0.0;0.0;0.0;1509_direct_carried;;;;710.9;43;0;;0;1;150A
94945;1786991150230;4.3;64;49.5;0.0;0.0;0.0;1509_direct_carried;;;;710.9;43;0;;0;1;150B
95146;1786991150431;4.3;64;49.5;0.0;0.0;0.0;1509_direct_carried;;;;710.9;43;0;;0;1;150D
96204;1786991151489;4.3;64;49.5;0.0;0.0;0.0;1509_direct_carried;;;;710.9;43;0;;0;1;1502
96612;1786991151897;4.4;64;49.5;0.0;0.0;0.0;1509_direct_carried;;;;710.9;44;0;;0;1;1505
96825;1786991152110;4.4;64;49.5;0.0;0.0;0.0;1509_direct_carried;;;;710.9;44;0;;0;1;1506
97240;1786991152525;4.4;64;49.5;0.0;0.0;0.0;1509_direct_carried;;;;710.9;44;0;;0;1;1508
97444;1786991152729;4.4;64;49.6;0.0;0.0;0.0;1509_direct;;;;710.9;44;0;;0;1;1509
97658;1786991152943;4.4;64;49.6;0.0;0.0;0.0;1509_direct_carried;;;;710.9;44;0;;0;1;150A
97856;1786991153141;4.4;64;49.6;0.0;0.0;0.0;1509_direct_carried;;;;710.9;44;0;;0;1;150B
98072;1786991153357;4.4;64;49.6;0.0;0.0;0.0;1509_direct_carried;;;;710.9;44;0;;0;1;150D
99118;1786991154403;4.4;64;49.6;0.0;0.0;0.0;1509_direct_carried;;;;710.9;44;0;;0;1;1502
99536;1786991154821;4.4;64;49.6;0.0;0.0;0.0;1509_direct_carried;;;;710.9;44;0;;0;1;1505
99737;1786991155022;4.4;64;49.6;0.0;0.0;0.0;1509_direct_carried;;;;710.9;44;0;;0;1;1506
100154;1786991155439;4.4;64;49.6;0.0;0.0;0.0;1509_direct_carried;;;;710.9;44;0;;0;1;1508
100367;1786991155652;4.4;64;49.5;0.0;0.0;0.0;1509_direct;;;;710.9;44;0;;0;1;1509
100570;1786991155855;4.4;64;49.5;0.0;0.0;0.0;1509_direct_carried;;;;710.9;44;0;;0;1;150A
100783;1786991156068;4.4;64;49.5;0.0;0.0;0.0;1509_direct_carried;;;;710.9;44;0;;0;1;150B
100985;1786991156270;4.4;64;49.5;0.0;0.0;0.0;1509_direct_carried;;;;710.9;44;0;;0;1;150D
102031;1786991157316;4.4;64;49.5;0.0;0.0;0.0;1509_direct_carried;;;;710.9;44;0;;0;1;1502
102448;1786991157733;4.3;64;49.5;0.0;0.0;0.0;1509_direct_carried;;;;710.9;43;0;;0;1;1505
102662;1786991157947;4.3;64;49.5;0.0;0.0;0.0;1509_direct_carried;;;;710.9;43;0;;0;1;1506
103081;1786991158366;4.3;64;49.5;0.0;0.0;0.0;1509_direct_carried;;;;710.9;43;0;;0;1;1508
103281;1786991158566;4.3;64;49.6;0.0;0.0;0.0;1509_direct;;;;710.9;43;0;;0;1;1509
103498;1786991158783;4.3;64;49.6;0.0;0.0;0.0;1509_direct_carried;;;;710.9;43;0;;0;1;150A
103697;1786991158982;4.3;64;49.6;0.0;0.0;0.0;1509_direct_carried;;;;710.9;43;0;;0;1;150B
103913;1786991159198;4.3;64;49.6;0.0;0.0;0.0;1509_direct_carried;;;;710.9;43;0;;0;1;150D
104955;1786991160240;4.3;64;49.6;0.0;0.0;0.0;1509_direct_carried;;;;710.9;43;0;;0;1;1502
105375;1786991160660;4.4;64;49.6;0.0;0.0;0.0;1509_direct_carried;;;;710.9;44;0;;0;1;1505
105575;1786991160860;4.4;64;49.6;0.0;0.0;0.0;1509_direct_carried;;;;710.9;44;0;;0;1;1506
105994;1786991161279;4.4;64;49.6;0.0;0.0;0.0;1509_direct_carried;;;;710.9;44;0;;0;1;1508
106208;1786991161493;4.4;64;49.6;0.0;0.0;0.0;1509_direct;;;;710.9;44;0;;0;1;1509
106409;1786991161694;4.4;64;49.6;0.0;0.0;0.0;1509_direct_carried;;;;710.9;44;0;;0;1;150A
106623;1786991161908;4.4;64;49.6;0.0;0.0;0.0;1509_direct_carried;;;;710.9;44;0;;0;1;150B
106825;1786991162110;4.4;64;49.6;0.0;0.0;0.0;1509_direct_carried;;;;710.9;44;0;;0;1;150D
107872;1786991163157;4.4;64;49.6;0.0;0.0;0.0;1509_direct_carried;;;;710.9;44;0;;0;1;1502
108289;1786991163574;4.4;64;49.6;0.0;0.0;0.0;1509_direct_carried;;;;710.9;44;0;;0;1;1505
108502;1786991163787;4.4;64;49.6;0.0;0.0;0.0;1509_direct_carried;;;;710.9;44;0;;0;1;1506
108917;1786991164202;4.4;64;49.6;0.0;0.0;0.0;1509_direct_carried;;;;710.9;44;0;;0;1;1508
109119;1786991164404;4.4;64;49.6;0.0;0.0;0.0;1509_direct;;;;710.9;44;0;;0;1;1509
109334;1786991164619;4.4;64;49.6;0.0;0.0;0.0;1509_direct_carried;;;;710.9;44;0;;0;1;150A
109537;1786991164822;4.4;64;49.6;0.0;0.0;0.0;1509_direct_carried;;;;710.9;44;0;;0;1;150B
109749;1786991165034;4.4;64;49.6;0.0;0.0;0.0;1509_direct_carried;;;;710.9;44;0;;0;1;150D
110796;1786991166081;4.4;64;49.6;0.0;0.0;0.0;1509_direct_carried;;;;710.9;44;0;;0;1;1502
111212;1786991166497;3.7;64;49.6;0.0;0.0;0.0;1509_direct_carried;;;;710.9;37;0;;0;1;1505
111416;1786991166701;3.7;64;49.6;0.0;0.0;0.0;1509_direct_carried;;;;710.9;37;0;;0;1;1506
111829;1786991167114;3.7;64;49.6;0.0;0.0;0.0;1509_direct_carried;;;;710.9;37;0;;0;1;1508
112046;1786991167331;3.7;64;49.6;0.0;0.0;0.0;1509_direct;;;;710.9;37;0;;0;1;1509
112249;1786991167534;3.7;64;49.6;0.0;0.0;0.0;1509_direct_carried;;;;710.9;37;0;;0;1;150A
112461;1786991167746;3.7;64;49.6;0.0;0.0;0.0;1509_direct_carried;;;;710.9;37;0;;0;1;150B
112663;1786991167948;3.7;64;49.6;0.0;0.0;0.0;1509_direct_carried;;;;710.9;37;0;;0;1;150D
113711;1786991168996;3.7;64;49.6;0.0;0.0;0.0;1509_direct_carried;;;;710.9;37;0;;0;1;1502
114130;1786991169415;4.0;64;49.6;0.0;0.0;0.0;1509_direct_carried;;;;710.9;40;0;;0;1;1505
114340;1786991169625;4.0;64;49.6;0.0;0.0;0.0;1509_direct_carried;;;;710.9;40;0;;0;1;1506
114757;1786991170042;4.0;64;49.6;0.0;0.0;0.0;1509_direct_carried;;;;710.9;40;0;;0;1;1508
114959;1786991170244;4.0;64;49.6;0.0;0.0;0.0;1509_direct;;;;710.9;40;0;;0;1;1509
115174;1786991170459;4.0;64;49.6;0.0;0.0;0.0;1509_direct_carried;;;;710.9;40;0;;0;1;150A
115375;1786991170660;4.0;64;49.6;0.0;0.0;0.0;1509_direct_carried;;;;710.9;40;0;;0;1;150B
115589;1786991170874;4.0;64;49.6;0.0;0.0;0.0;1509_direct_carried;;;;710.9;40;0;;0;1;150D
116635;1786991171920;4.0;64;49.6;0.0;0.0;0.0;1509_direct_carried;;;;710.9;40;0;;0;1;1502
117053;1786991172338;4.5;64;49.6;0.0;0.0;0.0;1509_direct_carried;;;;710.9;45;0;;0;1;1505
117257;1786991172542;4.5;64;49.6;0.0;0.0;0.0;1509_direct_carried;;;;710.9;45;0;;0;1;1506
117673;1786991172958;4.5;64;49.6;0.0;0.0;0.0;1509_direct_carried;;;;710.9;45;0;;0;1;1508
117884;1786991173169;4.5;64;49.6;0.0;0.0;0.0;1509_direct;;;;710.9;45;0;;0;1;1509
118088;1786991173373;4.5;64;49.6;0.0;0.0;0.0;1509_direct_carried;;;;710.9;45;0;;0;1;150A
118298;1786991173583;4.5;64;49.6;0.0;0.0;0.0;1509_direct_carried;;;;710.9;45;0;;0;1;150B
118504;1786991173789;4.5;64;49.6;0.0;0.0;0.0;1509_direct_carried;;;;710.9;45;0;;0;1;150D
119551;1786991174836;4.5;64;49.6;0.0;0.0;0.0;1509_direct_carried;;;;710.9;45;0;;0;1;1502
119965;1786991175250;4.1;64;49.6;0.0;0.0;0.0;1509_direct_carried;;;;710.9;41;0;;0;1;1505
120180;1786991175465;4.1;64;49.6;0.0;0.0;0.0;1509_direct_carried;;;;710.9;41;0;;0;1;1506
120596;1786991175881;4.1;64;49.6;0.0;0.0;0.0;1509_direct_carried;;;;710.9;41;0;;0;1;1508
120798;1786991176083;4.1;64;49.6;0.0;0.0;0.0;1509_direct;;;;710.9;41;0;;0;1;1509
121012;1786991176297;4.1;64;49.6;0.0;0.0;0.0;1509_direct_carried;;;;710.9;41;0;;0;1;150A
121213;1786991176498;4.1;64;49.6;0.0;0.0;0.0;1509_direct_carried;;;;710.9;41;0;;0;1;150B
121430;1786991176715;4.1;64;49.6;0.0;0.0;0.0;1509_direct_carried;;;;710.9;41;0;;0;1;150D
122476;1786991177761;4.1;64;49.6;0.0;0.0;0.0;1509_direct_carried;;;;710.9;41;0;;0;1;1502
122892;1786991178177;4.5;64;49.6;0.0;0.0;0.0;1509_direct_carried;;;;710.9;45;0;;0;1;1505
123093;1786991178378;4.5;64;49.6;0.0;0.0;0.0;1509_direct_carried;;;;710.9;45;0;;0;1;1506
123511;1786991178796;4.5;64;49.6;0.0;0.0;0.0;1509_direct_carried;;;;710.9;45;0;;0;1;1508
123725;1786991179010;4.5;64;49.6;0.0;0.0;0.0;1509_direct;;;;710.9;45;0;;0;1;1509
123928;1786991179213;4.5;64;49.6;0.0;0.0;0.0;1509_direct_carried;;;;710.9;45;0;;0;1;150A
124139;1786991179424;4.5;64;49.6;0.0;0.0;0.0;1509_direct_carried;;;;710.9;45;0;;0;1;150B
124343;1786991179628;4.5;64;49.6;0.0;0.0;0.0;1509_direct_carried;;;;710.9;45;0;;0;1;150D
125388;1786991180673;4.5;64;49.6;0.0;0.0;0.0;1509_direct_carried;;;;710.9;45;0;;0;1;1502
125804;1786991181089;4.3;64;49.6;0.0;0.0;0.0;1509_direct_carried;;;;710.9;43;0;;0;1;1505
126019;1786991181304;4.3;64;49.6;0.0;0.0;0.0;1509_direct_carried;;;;710.9;43;0;;0;1;1506
126435;1786991181720;4.3;64;49.6;0.0;0.0;0.0;1509_direct_carried;;;;710.9;43;0;;0;2;1508
126637;1786991181922;4.3;64;49.6;0.0;0.0;0.0;1509_direct;;;;710.9;43;0;;0;2;1509
126853;1786991182138;4.3;64;49.6;0.0;0.0;0.0;1509_direct_carried;;;;710.9;43;0;;0;2;150A
127054;1786991182339;4.3;64;49.6;0.0;0.0;0.0;1509_direct_carried;;;;710.9;43;0;;0;2;150B
127267;1786991182552;4.3;64;49.6;0.0;0.0;0.0;1509_direct_carried;;;;710.9;43;0;;0;2;150D
128314;1786991183599;4.3;64;49.6;0.0;0.0;0.0;1509_direct_carried;;;;710.9;43;0;;0;2;1502
128729;1786991184014;4.0;64;49.6;0.0;0.0;0.0;1509_direct_carried;;;;710.9;40;0;;0;2;1505
128933;1786991184218;4.0;64;49.6;0.0;0.0;0.0;1509_direct_carried;;;;710.9;40;0;;0;2;1506
129348;1786991184633;4.0;64;49.6;0.0;0.0;0.0;1509_direct_carried;;;;710.9;40;0;;0;2;1508
129561;1786991184846;4.0;64;49.6;0.0;0.0;0.0;1509_direct;;;;710.9;40;0;;0;2;1509
129764;1786991185049;4.0;64;49.6;0.0;0.0;0.0;1509_direct_carried;;;;710.9;40;0;;0;2;150A
129976;1786991185261;4.0;64;49.6;0.0;0.0;0.0;1509_direct_carried;;;;710.9;40;0;;0;2;150B
130180;1786991185465;4.0;64;49.6;0.0;0.0;0.0;1509_direct_carried;;;;710.9;40;0;;0;2;150D
131227;1786991186512;4.0;64;49.6;0.0;0.0;0.0;1509_direct_carried;;;;710.9;40;0;;0;2;1502
131643;1786991186928;4.4;64;49.6;0.0;0.0;0.0;1509_direct_carried;;;;710.9;44;0;;0;2;1505
131857;1786991187142;4.4;64;49.6;0.0;0.0;0.0;1509_direct_carried;;;;710.9;44;0;;0;2;1506
132274;1786991187559;4.4;64;49.6;0.0;0.0;0.0;1509_direct_carried;;;;710.9;44;0;;0;2;1508
132477;1786991187762;4.4;64;49.6;0.0;0.0;0.0;1509_direct;;;;710.9;44;0;;0;2;1509
132689;1786991187974;4.4;64;49.6;0.0;0.0;0.0;1509_direct_carried;;;;710.9;44;0;;0;2;150A
132892;1786991188177;4.4;64;49.6;0.0;0.0;0.0;1509_direct_carried;;;;710.9;44;0;;0;2;150B
133107;1786991188392;4.4;64;49.6;0.0;0.0;0.0;1509_direct_carried;;;;710.9;44;0;;0;2;150D
134152;1786991189437;4.4;64;49.6;0.0;0.0;0.0;1509_direct_carried;;;;710.9;44;0;;0;2;1502
134569;1786991189854;5.9;64;49.6;0.0;0.0;0.0;1509_direct_carried;;;;710.9;59;0;;0;2;1505
134772;1786991190057;5.9;64;49.6;0.0;0.0;0.0;1509_direct_carried;;;;710.9;59;0;;0;2;1506
135187;1786991190472;5.9;64;49.6;0.0;0.0;0.0;1509_direct_carried;;;;710.9;59;0;;1;2;1508
135400;1786991190685;5.9;64;49.6;0.0;0.0;0.0;1509_direct;;;;710.9;59;0;;1;2;1509
135604;1786991190889;5.9;64;49.6;0.0;0.0;0.0;1509_direct_carried;;;;710.9;59;0;;1;2;150A
135815;1786991191100;5.9;64;49.6;0.0;0.0;0.0;1509_direct_carried;;;;710.9;59;0;;1;2;150B
136019;1786991191304;5.9;64;49.6;0.0;0.0;0.0;1509_direct_carried;;;;710.9;59;0;;1;2;150D
137066;1786991192351;5.9;64;49.6;0.0;0.0;0.0;1509_direct_carried;;;;710.9;59;0;;1;2;1502
137482;1786991192767;4.3;64;49.6;0.0;0.0;0.0;1509_direct_carried;;;;710.9;43;0;;1;2;1505
137697;1786991192982;4.3;64;49.6;0.0;0.0;0.0;1509_direct_carried;;;;710.9;43;0;;1;2;1506
138112;1786991193397;4.3;64;49.6;0.0;0.0;0.0;1509_direct_carried;;;;710.9;43;0;;1;2;1508
138316;1786991193601;4.3;64;49.5;0.0;0.0;0.0;1509_direct;;;;710.9;43;0;;1;2;1509
138529;1786991193814;4.3;64;49.5;0.0;0.0;0.0;1509_direct_carried;;;;710.9;43;0;;1;2;150A
138732;1786991194017;4.3;64;49.5;0.0;0.0;0.0;1509_direct_carried;;;;710.9;43;0;;1;2;150B
138946;1786991194231;4.3;64;49.5;0.0;0.0;0.0;1509_direct_carried;;;;710.9;43;0;;1;2;150D
139992;1786991195277;4.3;64;49.5;0.0;0.0;0.0;1509_direct_carried;;;;710.9;43;0;;1;2;1502
140408;1786991195693;4.9;64;49.5;0.0;0.0;0.0;1509_direct_carried;;;;710.9;49;0;;1;2;1505
140610;1786991195895;4.9;64;49.5;0.0;0.0;0.0;1509_direct_carried;;;;710.9;49;0;;1;2;1506
141026;1786991196311;4.9;64;49.5;0.0;0.0;0.0;1509_direct_carried;;;;710.9;49;0;;1;2;1508
141240;1786991196525;4.9;64;49.6;0.0;0.0;0.0;1509_direct;;;;710.9;49;0;;1;2;1509
141443;1786991196728;4.9;64;49.6;0.0;0.0;0.0;1509_direct_carried;;;;710.9;49;0;;1;2;150A
141656;1786991196941;4.9;64;49.6;0.0;0.0;0.0;1509_direct_carried;;;;710.9;49;0;;1;2;150B
141860;1786991197145;4.9;64;49.6;0.0;0.0;0.0;1509_direct_carried;;;;710.9;49;0;;1;2;150D
142906;1786991198191;4.9;64;49.6;0.0;0.0;0.0;1509_direct_carried;;;;710.9;49;0;;1;2;1502
143332;1786991198617;2.9;64;49.6;0.0;0.0;0.0;1509_direct_carried;;;;710.9;29;0;;1;2;1505
143534;1786991198819;2.9;64;49.6;0.0;0.0;0.0;1509_direct_carried;;;;710.9;29;0;;1;2;1506
143951;1786991199236;2.9;64;49.6;0.0;0.0;0.0;1509_direct_carried;;;;710.9;29;0;;1;2;1508
144151;1786991199436;2.9;64;49.4;1.0;49.0;49.4;1509_direct;;;;710.9;29;49;;1;2;1509
144367;1786991199652;2.9;64;49.4;1.0;49.0;49.4;1509_direct_carried;;;;710.9;29;49;;1;2;150A
144571;1786991199856;2.9;64;49.4;1.0;49.0;49.4;1509_direct_carried;;;;710.9;29;49;;1;2;150B
144784;1786991200069;2.9;64;49.4;1.0;49.0;49.4;1509_direct_carried;;;;710.9;29;49;;1;2;150D
145830;1786991201115;2.9;64;49.4;1.0;49.0;49.4;1509_direct_carried;;;;710.9;29;49;;1;2;1502
146246;1786991201531;4.5;64;49.4;1.0;49.0;49.4;1509_direct_carried;;;;710.9;45;49;;1;2;1505
146449;1786991201734;4.5;64;49.4;1.0;49.0;49.4;1509_direct_carried;;;;710.9;45;49;;1;2;1506
146876;1786991202161;4.5;64;49.4;1.0;49.0;49.4;1509_direct_carried;;;;710.9;45;49;;1;2;1508
147081;1786991202366;4.5;64;49.6;0.0;0.0;0.0;1509_direct;;;;710.9;45;0;;1;2;1509
147282;1786991202567;4.5;64;49.6;0.0;0.0;0.0;1509_direct_carried;;;;710.9;45;0;;1;2;150A
147495;1786991202780;4.5;64;49.6;0.0;0.0;0.0;1509_direct_carried;;;;710.9;45;0;;1;2;150B
147698;1786991202983;4.5;64;49.6;0.0;0.0;0.0;1509_direct_carried;;;;710.9;45;0;;1;2;150D
148748;1786991204033;4.5;64;49.6;0.0;0.0;0.0;1509_direct_carried;;;;710.9;45;0;;1;2;1502
149161;1786991204446;4.1;64;49.6;0.0;0.0;0.0;1509_direct_carried;;;;710.9;41;0;;1;2;1505
149375;1786991204660;4.1;64;49.6;0.0;0.0;0.0;1509_direct_carried;;;;710.9;41;0;;1;2;1506
149791;1786991205076;4.1;64;49.6;0.0;0.0;0.0;1509_direct_carried;;;;710.9;41;0;;1;2;1508
149992;1786991205277;4.1;64;49.5;0.0;0.0;0.0;1509_direct;;;;710.9;41;0;;1;2;1509
150210;1786991205495;4.1;64;49.5;0.0;0.0;0.0;1509_direct_carried;;;;710.9;41;0;;1;2;150A
150410;1786991205695;4.1;64;49.5;0.0;0.0;0.0;1509_direct_carried;;;;710.9;41;0;;1;2;150B
150622;1786991205907;4.1;64;49.5;0.0;0.0;0.0;1509_direct_carried;;;;710.9;41;0;;1;2;150D
151669;1786991206954;4.1;64;49.5;0.0;0.0;0.0;1509_direct_carried;;;;710.9;41;0;;1;2;1502
152085;1786991207370;4.3;64;49.5;0.0;0.0;0.0;1509_direct_carried;;;;710.9;43;0;;1;2;1505
152289;1786991207574;4.3;64;49.5;0.0;0.0;0.0;1509_direct_carried;;;;710.9;43;0;;1;2;1506
152705;1786991207990;4.3;64;49.5;0.0;0.0;0.0;1509_direct_carried;;;;710.9;43;0;;1;2;1508
152917;1786991208202;4.3;64;49.6;0.0;0.0;0.0;1509_direct;;;;710.9;43;0;;1;2;1509
153120;1786991208405;4.3;64;49.6;0.0;0.0;0.0;1509_direct_carried;;;;710.9;43;0;;1;2;150A
153334;1786991208619;4.3;64;49.6;0.0;0.0;0.0;1509_direct_carried;;;;710.9;43;0;;1;2;150B
153537;1786991208822;4.3;64;49.6;0.0;0.0;0.0;1509_direct_carried;;;;710.9;43;0;;1;2;150D
154582;1786991209867;4.3;64;49.6;0.0;0.0;0.0;1509_direct_carried;;;;710.9;43;0;;1;2;1502
154999;1786991210284;3.4;64;49.6;0.0;0.0;0.0;1509_direct_carried;;;;710.9;34;0;;1;2;1505
155213;1786991210498;3.4;64;49.6;0.0;0.0;0.0;1509_direct_carried;;;;710.9;34;0;;1;2;1506
155628;1786991210913;3.4;64;49.6;0.0;0.0;0.0;1509_direct_carried;;;;710.9;34;0;;1;2;1508
155832;1786991211117;3.4;64;49.6;0.0;0.0;0.0;1509_direct;;;;710.9;34;0;;1;2;1509
156045;1786991211330;3.4;64;49.6;0.0;0.0;0.0;1509_direct_carried;;;;710.9;34;0;;1;2;150A
156247;1786991211532;3.4;64;49.6;0.0;0.0;0.0;1509_direct_carried;;;;710.9;34;0;;1;2;150B
156461;1786991211746;3.4;64;49.6;0.0;0.0;0.0;1509_direct_carried;;;;710.9;34;0;;1;2;150D
157508;1786991212793;3.4;64;49.6;0.0;0.0;0.0;1509_direct_carried;;;;710.9;34;0;;1;2;1502
157924;1786991213209;3.5;64;49.6;0.0;0.0;0.0;1509_direct_carried;;;;710.9;35;0;;1;2;1505
158127;1786991213412;3.5;64;49.6;0.0;0.0;0.0;1509_direct_carried;;;;710.9;35;0;;1;2;1506
158544;1786991213829;3.5;64;49.6;0.0;0.0;0.0;1509_direct_carried;;;;710.9;35;0;;1;2;1508
158757;1786991214042;3.5;64;49.6;0.0;0.0;0.0;1509_direct;;;;710.9;35;0;;1;2;1509
158960;1786991214245;3.5;64;49.6;0.0;0.0;0.0;1509_direct_carried;;;;710.9;35;0;;1;2;150A
159173;1786991214458;3.5;64;49.6;0.0;0.0;0.0;1509_direct_carried;;;;710.9;35;0;;1;2;150B
159377;1786991214662;3.5;64;49.6;0.0;0.0;0.0;1509_direct_carried;;;;710.9;35;0;;1;2;150D
160423;1786991215708;3.5;64;49.6;0.0;0.0;0.0;1509_direct_carried;;;;710.9;35;0;;1;2;1502
160838;1786991216123;3.3;64;49.6;0.0;0.0;0.0;1509_direct_carried;;;;710.9;33;0;;1;2;1505
161053;1786991216338;3.3;64;49.6;0.0;0.0;0.0;1509_direct_carried;;;;710.9;33;0;;1;2;1506
161468;1786991216753;3.3;64;49.6;0.0;0.0;0.0;1509_direct_carried;;;;710.9;33;0;;1;2;1508
161673;1786991216958;3.3;64;49.4;1.0;49.0;49.4;1509_direct;;;;710.9;33;49;;1;2;1509
161885;1786991217170;3.3;64;49.4;1.0;49.0;49.4;1509_direct_carried;;;;710.9;33;49;;1;2;150A
162088;1786991217373;3.3;64;49.4;1.0;49.0;49.4;1509_direct_carried;;;;710.9;33;49;;1;2;150B
162301;1786991217586;3.3;64;49.4;1.0;49.0;49.4;1509_direct_carried;;;;710.9;33;49;;1;2;150D
163348;1786991218633;3.3;64;49.4;1.0;49.0;49.4;1509_direct_carried;;;;710.9;33;49;;1;2;1502
163764;1786991219049;4.4;64;49.4;1.0;49.0;49.4;1509_direct_carried;;;;710.9;44;49;;1;2;1505
163966;1786991219251;4.4;64;49.4;1.0;49.0;49.4;1509_direct_carried;;;;710.9;44;49;;1;2;1506
164384;1786991219669;4.4;64;49.4;1.0;49.0;49.4;1509_direct_carried;;;;710.9;44;49;;1;2;1508
164598;1786991219883;4.4;64;49.4;1.0;49.0;49.4;1509_direct;;;;710.9;44;49;;1;2;1509
164798;1786991220083;4.4;64;49.4;1.0;49.0;49.4;1509_direct_carried;;;;710.9;44;49;;1;2;150A
165014;1786991220299;4.4;64;49.4;1.0;49.0;49.4;1509_direct_carried;;;;710.9;44;49;;1;2;150B
165229;1786991220514;4.4;64;49.4;1.0;49.0;49.4;1509_direct_carried;;;;710.9;44;49;;1;2;150D
166274;1786991221559;4.4;64;49.4;1.0;49.0;49.4;1509_direct_carried;;;;710.9;44;49;;1;2;1502
166678;1786991221963;4.4;64;49.4;1.0;49.0;49.4;1509_direct_carried;;;;710.9;44;49;;1;2;1505
166891;1786991222176;4.4;64;49.4;1.0;49.0;49.4;1509_direct_carried;;;;710.9;44;49;;1;2;1506
167307;1786991222592;4.4;64;49.4;1.0;49.0;49.4;1509_direct_carried;;;;710.9;44;49;;1;2;1508
167510;1786991222795;4.4;64;49.4;0.0;0.0;0.0;1509_direct;;;;710.9;44;0;;1;2;1509
167725;1786991223010;4.4;64;49.4;0.0;0.0;0.0;1509_direct_carried;;;;710.9;44;0;;1;2;150A
167935;1786991223220;4.4;64;49.4;0.0;0.0;0.0;1509_direct_carried;;;;710.9;44;0;;1;2;150B
168141;1786991223426;4.4;64;49.4;0.0;0.0;0.0;1509_direct_carried;;;;710.9;44;0;;1;2;150D
169187;1786991224472;4.4;64;49.4;0.0;0.0;0.0;1509_direct_carried;;;;710.9;44;0;;1;2;1502
169603;1786991224888;4.1;64;49.4;0.0;0.0;0.0;1509_direct_carried;;;;710.9;41;0;;1;2;1505
169806;1786991225091;4.1;64;49.4;0.0;0.0;0.0;1509_direct_carried;;;;710.9;41;0;;1;2;1506
170222;1786991225507;4.1;64;49.4;0.0;0.0;0.0;1509_direct_carried;;;;710.9;41;0;;1;2;1508
170433;1786991225718;4.1;64;49.4;0.0;0.0;0.0;1509_direct;;;;710.9;41;0;;1;2;1509
170637;1786991225922;4.1;64;49.4;0.0;0.0;0.0;1509_direct_carried;;;;710.9;41;0;;1;2;150A
170852;1786991226137;4.1;64;49.4;0.0;0.0;0.0;1509_direct_carried;;;;710.9;41;0;;1;2;150B
171066;1786991226351;4.1;64;49.4;0.0;0.0;0.0;1509_direct_carried;;;;710.9;41;0;;1;2;150D
172099;1786991227384;4.1;64;49.4;0.0;0.0;0.0;1509_direct_carried;;;;710.9;41;0;;1;2;1502
172516;1786991227801;4.5;64;49.4;0.0;0.0;0.0;1509_direct_carried;;;;710.9;45;0;;1;2;1505
172730;1786991228015;4.5;64;49.4;0.0;0.0;0.0;1509_direct_carried;;;;711.0;45;0;;1;2;1506
173145;1786991228430;4.5;64;49.4;0.0;0.0;0.0;1509_direct_carried;;;;711.0;45;0;;1;2;1508
173348;1786991228633;4.5;64;49.6;0.0;0.0;0.0;1509_direct;;;;711.0;45;0;;1;2;1509
173562;1786991228847;4.5;64;49.6;0.0;0.0;0.0;1509_direct_carried;;;;711.0;45;0;;1;2;150A
173778;1786991229063;4.5;64;49.6;0.0;0.0;0.0;1509_direct_carried;;;;711.0;45;0;;1;2;150B
173979;1786991229264;4.5;64;49.6;0.0;0.0;0.0;1509_direct_carried;;;;711.0;45;0;;1;2;150D
175027;1786991230312;4.5;64;49.6;0.0;0.0;0.0;1509_direct_carried;;;;711.0;45;0;;1;2;1502
175443;1786991230728;4.4;64;49.6;0.0;0.0;0.0;1509_direct_carried;;;;711.0;44;0;;1;2;1505
175645;1786991230930;4.4;64;49.6;0.0;0.0;0.0;1509_direct_carried;;;;711.0;44;0;;1;2;1506
176060;1786991231345;4.4;64;49.6;0.0;0.0;0.0;1509_direct_carried;;;;711.0;44;0;;1;2;1508
176275;1786991231560;4.4;64;49.6;0.0;0.0;0.0;1509_direct;;;;711.0;44;0;;1;2;1509
176487;1786991231772;4.4;64;49.6;0.0;0.0;0.0;1509_direct_carried;;;;711.0;44;0;;1;2;150A
176693;1786991231978;4.4;64;49.6;0.0;0.0;0.0;1509_direct_carried;;;;711.0;44;0;;1;2;150B
176904;1786991232189;4.4;64;49.6;0.0;0.0;0.0;1509_direct_carried;;;;711.0;44;0;;1;2;150D
177940;1786991233225;4.4;64;49.6;0.0;0.0;0.0;1509_direct_carried;;;;711.0;44;0;;1;2;1502
178357;1786991233642;3.7;64;49.6;0.0;0.0;0.0;1509_direct_carried;;;;711.0;37;0;;1;2;1505
178570;1786991233855;3.7;64;49.6;0.0;0.0;0.0;1509_direct_carried;;;;711.0;37;0;;1;2;1506
178986;1786991234271;3.7;64;49.6;0.0;0.0;0.0;1509_direct_carried;;;;711.0;37;0;;1;2;1508
179187;1786991234472;3.7;64;49.5;0.0;0.0;0.0;1509_direct;;;;711.0;37;0;;1;2;1509
179401;1786991234686;3.7;64;49.5;0.0;0.0;0.0;1509_direct_carried;;;;711.0;37;0;;1;2;150A
179615;1786991234900;3.7;64;49.5;0.0;0.0;0.0;1509_direct_carried;;;;711.0;37;0;;1;2;150B
179816;1786991235101;3.7;64;49.5;0.0;0.0;0.0;1509_direct_carried;;;;711.0;37;0;;1;2;150D
180863;1786991236148;3.7;64;49.5;0.0;0.0;0.0;1509_direct_carried;;;;711.0;37;0;;1;2;1502
181280;1786991236565;3.5;64;49.5;0.0;0.0;0.0;1509_direct_carried;;;;711.0;35;0;;1;2;1505
181482;1786991236767;3.5;64;49.5;0.0;0.0;0.0;1509_direct_carried;;;;711.0;35;0;;1;2;1506
181910;1786991237195;3.5;64;49.5;0.0;0.0;0.0;1509_direct_carried;;;;711.0;35;0;;1;2;1508
182112;1786991237397;3.5;64;49.6;0.0;0.0;0.0;1509_direct;;;;711.0;35;0;;1;2;1509
182328;1786991237613;3.5;64;49.6;0.0;0.0;0.0;1509_direct_carried;;;;711.0;35;0;;1;2;150A
182529;1786991237814;3.5;64;49.6;0.0;0.0;0.0;1509_direct_carried;;;;711.0;35;0;;1;2;150B
182742;1786991238027;3.5;64;49.6;0.0;0.0;0.0;1509_direct_carried;;;;711.0;35;0;;1;2;150D
183779;1786991239064;3.5;64;49.6;0.0;0.0;0.0;1509_direct_carried;;;;711.0;35;0;;1;2;1502
184195;1786991239480;4.0;64;49.6;0.0;0.0;0.0;1509_direct_carried;;;;711.0;40;0;;1;2;1505
184409;1786991239694;4.0;64;49.6;0.0;0.0;0.0;1509_direct_carried;;;;711.0;40;0;;1;2;1506
184823;1786991240108;4.0;64;49.6;0.0;0.0;0.0;1509_direct_carried;;;;711.0;40;0;;1;2;1508
185038;1786991240323;4.0;64;49.6;0.0;0.0;0.0;1509_direct;;;;711.0;40;0;;1;2;1509
185241;1786991240526;4.0;64;49.6;0.0;0.0;0.0;1509_direct_carried;;;;711.0;40;0;;1;2;150A
185455;1786991240740;4.0;64;49.6;0.0;0.0;0.0;1509_direct_carried;;;;711.0;40;0;;1;2;150B
185655;1786991240940;4.0;64;49.6;0.0;0.0;0.0;1509_direct_carried;;;;711.0;40;0;;1;2;150D
186703;1786991241988;4.0;64;49.6;0.0;0.0;0.0;1509_direct_carried;;;;711.0;40;0;;1;2;1502
187120;1786991242405;5.3;64;49.6;0.0;0.0;0.0;1509_direct_carried;;;;711.0;53;0;;1;2;1505
187333;1786991242618;5.3;64;49.6;0.0;0.0;0.0;1509_direct_carried;;;;711.0;53;0;;1;2;1506
187750;1786991243035;5.3;64;49.6;0.0;0.0;0.0;1509_direct_carried;;;;711.0;53;0;;1;2;1508
187951;1786991243236;5.3;64;49.5;0.0;0.0;0.0;1509_direct;;;;711.0;53;0;;1;2;1509
188165;1786991243450;5.3;64;49.5;0.0;0.0;0.0;1509_direct_carried;;;;711.0;53;0;;1;2;150A
188370;1786991243655;5.3;64;49.5;0.0;0.0;0.0;1509_direct_carried;;;;711.0;53;0;;1;2;150B
188582;1786991243867;5.3;64;49.5;0.0;0.0;0.0;1509_direct_carried;;;;711.0;53;0;;1;2;150D
189616;1786991244901;5.3;64;49.5;0.0;0.0;0.0;1509_direct_carried;;;;711.0;53;0;;1;2;1502
190044;1786991245329;4.4;64;49.5;0.0;0.0;0.0;1509_direct_carried;;;;711.0;44;0;;1;2;1505
190249;1786991245534;4.4;64;49.5;0.0;0.0;0.0;1509_direct_carried;;;;711.0;44;0;;1;2;1506
190664;1786991245949;4.4;64;49.5;0.0;0.0;0.0;1509_direct_carried;;;;711.0;44;0;;1;2;1508
190877;1786991246162;4.4;64;49.5;0.0;0.0;0.0;1509_direct;;;;711.0;44;0;;1;2;1509
191080;1786991246365;4.4;64;49.5;0.0;0.0;0.0;1509_direct_carried;;;;711.0;44;0;;1;2;150A
191293;1786991246578;4.4;64;49.5;0.0;0.0;0.0;1509_direct_carried;;;;711.0;44;0;;1;2;150B
191495;1786991246780;4.4;64;49.5;0.0;0.0;0.0;1509_direct_carried;;;;711.0;44;0;;1;2;150D
192543;1786991247828;4.4;64;49.5;0.0;0.0;0.0;1509_direct_carried;;;;711.0;44;0;;1;2;1502
192959;1786991248244;3.8;64;49.5;0.0;0.0;0.0;1509_direct_carried;;;;711.0;38;0;;1;2;1505
193172;1786991248457;3.8;64;49.5;0.0;0.0;0.0;1509_direct_carried;;;;711.0;38;0;;1;2;1506
193589;1786991248874;3.8;64;49.5;0.0;0.0;0.0;1509_direct_carried;;;;711.0;38;0;;1;2;1508
193791;1786991249076;3.8;64;49.5;0.0;0.0;0.0;1509_direct;;;;711.0;38;0;;1;2;1509
194006;1786991249291;3.8;64;49.5;0.0;0.0;0.0;1509_direct_carried;;;;711.0;38;0;;1;2;150A
194209;1786991249494;3.8;64;49.5;0.0;0.0;0.0;1509_direct_carried;;;;711.0;38;0;;1;2;150B
194421;1786991249706;3.8;64;49.5;0.0;0.0;0.0;1509_direct_carried;;;;711.0;38;0;;1;2;150D
195470;1786991250755;3.8;64;49.5;0.0;0.0;0.0;1509_direct_carried;;;;711.0;38;0;;1;2;1502
195882;1786991251167;4.4;64;49.5;0.0;0.0;0.0;1509_direct_carried;;;;711.0;44;0;;1;2;1505
196085;1786991251370;4.4;64;49.5;0.0;0.0;0.0;1509_direct_carried;;;;711.0;44;0;;1;2;1506
196503;1786991251788;4.4;64;49.5;0.0;0.0;0.0;1509_direct_carried;;;;711.0;44;0;;1;2;1508
196716;1786991252001;4.4;64;49.5;0.0;0.0;0.0;1509_direct;;;;711.0;44;0;;1;2;1509
196920;1786991252205;4.4;64;49.5;0.0;0.0;0.0;1509_direct_carried;;;;711.0;44;0;;1;2;150A
197132;1786991252417;4.4;64;49.5;0.0;0.0;0.0;1509_direct_carried;;;;711.0;44;0;;1;2;150B
197336;1786991252621;4.4;64;49.5;0.0;0.0;0.0;1509_direct_carried;;;;711.0;44;0;;1;2;150D
198381;1786991253666;4.4;64;49.5;0.0;0.0;0.0;1509_direct_carried;;;;711.0;44;0;;1;2;1502
198798;1786991254083;4.5;64;49.5;0.0;0.0;0.0;1509_direct_carried;;;;711.0;45;0;;1;2;1505
199013;1786991254298;4.5;64;49.5;0.0;0.0;0.0;1509_direct_carried;;;;711.0;45;0;;1;2;1506
199428;1786991254713;4.5;64;49.5;0.0;0.0;0.0;1509_direct_carried;;;;711.0;45;0;;1;2;1508
199629;1786991254914;4.5;64;49.5;0.0;0.0;0.0;1509_direct;;;;711.0;45;0;;1;2;1509
199843;1786991255128;4.5;64;49.5;0.0;0.0;0.0;1509_direct_carried;;;;711.0;45;0;;1;2;150A
200046;1786991255331;4.5;64;49.5;0.0;0.0;0.0;1509_direct_carried;;;;711.0;45;0;;1;2;150B
200261;1786991255546;4.5;64;49.5;0.0;0.0;0.0;1509_direct_carried;;;;711.0;45;0;;1;2;150D
201307;1786991256592;4.5;64;49.5;0.0;0.0;0.0;1509_direct_carried;;;;711.0;45;0;;1;2;1502
201722;1786991257007;4.2;64;49.5;0.0;0.0;0.0;1509_direct_carried;;;;711.0;42;0;;1;2;1505
201926;1786991257211;4.2;64;49.5;0.0;0.0;0.0;1509_direct_carried;;;;711.0;42;0;;1;2;1506
202339;1786991257624;4.2;64;49.5;0.0;0.0;0.0;1509_direct_carried;;;;711.0;42;0;;1;2;1508
202558;1786991257843;4.2;64;49.5;0.0;0.0;0.0;1509_direct;;;;711.0;42;0;;1;2;1509
202758;1786991258043;4.2;64;49.5;0.0;0.0;0.0;1509_direct_carried;;;;711.0;42;0;;1;2;150A
202970;1786991258255;4.2;64;49.5;0.0;0.0;0.0;1509_direct_carried;;;;711.0;42;0;;1;2;150B
203184;1786991258469;4.2;64;49.5;0.0;0.0;0.0;1509_direct_carried;;;;711.0;42;0;;1;2;150D
204219;1786991259504;4.2;64;49.5;0.0;0.0;0.0;1509_direct_carried;;;;711.0;42;0;;1;2;1502
204638;1786991259923;4.6;64;49.5;0.0;0.0;0.0;1509_direct_carried;;;;711.0;46;0;;1;2;1505
204849;1786991260134;4.6;64;49.5;0.0;0.0;0.0;1509_direct_carried;;;;711.0;46;0;;1;2;1506
205265;1786991260550;4.6;64;49.5;0.0;0.0;0.0;1509_direct_carried;;;;711.0;46;0;;1;2;1508
205469;1786991260754;4.6;64;49.4;1.0;49.0;49.4;1509_direct;;;;711.0;46;49;;1;2;1509
205683;1786991260968;4.6;64;49.4;1.0;49.0;49.4;1509_direct_carried;;;;711.0;46;49;;1;2;150A
205896;1786991261181;4.6;64;49.4;1.0;49.0;49.4;1509_direct_carried;;;;711.0;46;49;;1;2;150B
206099;1786991261384;4.6;64;49.4;1.0;49.0;49.4;1509_direct_carried;;;;711.0;46;49;;1;2;150D
207146;1786991262431;4.6;64;49.4;1.0;49.0;49.4;1509_direct_carried;;;;711.0;46;49;;1;2;1502
207563;1786991262848;5.4;64;49.4;1.0;49.0;49.4;1509_direct_carried;;;;711.0;54;49;;1;2;1505
207763;1786991263048;5.4;64;49.4;1.0;49.0;49.4;1509_direct_carried;;;;711.0;54;49;;1;2;1506
208193;1786991263478;5.4;64;49.4;1.0;49.0;49.4;1509_direct_carried;;;;711.0;54;49;;1;2;1508
208394;1786991263679;5.4;64;49.5;0.0;0.0;0.0;1509_direct;;;;711.0;54;0;;1;2;1509
208608;1786991263893;5.4;64;49.5;0.0;0.0;0.0;1509_direct_carried;;;;711.0;54;0;;1;2;150A
208808;1786991264093;5.4;64;49.5;0.0;0.0;0.0;1509_direct_carried;;;;711.0;54;0;;1;2;150B
209024;1786991264309;5.4;64;49.5;0.0;0.0;0.0;1509_direct_carried;;;;711.0;54;0;;1;2;150D
210059;1786991265344;5.4;64;49.5;0.0;0.0;0.0;1509_direct_carried;;;;711.0;54;0;;1;2;1502
210475;1786991265760;4.5;64;49.5;0.0;0.0;0.0;1509_direct_carried;;;;711.0;45;0;;1;2;1505
210690;1786991265975;4.5;64;49.5;0.0;0.0;0.0;1509_direct_carried;;;;711.0;45;0;;1;2;1506
211104;1786991266389;4.5;64;49.5;0.0;0.0;0.0;1509_direct_carried;;;;711.0;45;0;;1;2;1508
211320;1786991266605;4.5;64;49.4;0.0;49.0;0.0;1509_direct;;;;711.0;45;49;;1;2;1509
211522;1786991266807;4.5;64;49.4;0.0;49.0;0.0;1509_direct_carried;;;;711.0;45;49;;1;2;150A
211736;1786991267021;4.5;64;49.4;0.0;49.0;0.0;1509_direct_carried;;;;711.0;45;49;;1;2;150B
211938;1786991267223;4.5;64;49.4;0.0;49.0;0.0;1509_direct_carried;;;;711.0;45;49;;1;2;150D
212985;1786991268270;4.5;64;49.4;0.0;49.0;0.0;1509_direct_carried;;;;711.0;45;49;;1;2;1502
213399;1786991268684;4.7;64;49.4;0.0;49.0;0.0;1509_direct_carried;;;;711.0;47;49;;1;2;1505
213603;1786991268888;4.7;64;49.4;0.0;49.0;0.0;1509_direct_carried;;;;711.0;47;49;;1;2;1506
214030;1786991269315;4.7;64;49.4;0.0;49.0;0.0;1509_direct_carried;;;;711.0;47;49;;1;2;1508
214233;1786991269518;4.7;64;49.5;0.0;0.0;0.0;1509_direct;;;;711.0;47;0;;1;2;1509
214450;1786991269735;4.7;64;49.5;0.0;0.0;0.0;1509_direct_carried;;;;711.0;47;0;;1;2;150A
214649;1786991269934;4.7;64;49.5;0.0;0.0;0.0;1509_direct_carried;;;;711.0;47;0;;1;2;150B
214861;1786991270146;4.7;64;49.5;0.0;0.0;0.0;1509_direct_carried;;;;711.0;47;0;;1;2;150D
215898;1786991271183;4.7;64;49.5;0.0;0.0;0.0;1509_direct_carried;;;;711.0;47;0;;1;2;1502
216314;1786991271599;4.4;64;49.5;0.0;0.0;0.0;1509_direct_carried;;;;711.0;44;0;;1;2;1505
216529;1786991271814;4.4;64;49.5;0.0;0.0;0.0;1509_direct_carried;;;;711.0;44;0;;1;2;1506
216944;1786991272229;4.4;64;49.5;0.0;0.0;0.0;1509_direct_carried;;;;711.0;44;0;;1;2;1508
217157;1786991272442;4.4;64;49.6;0.0;0.0;0.0;1509_direct;;;;711.0;44;0;;1;2;1509
217362;1786991272647;4.4;64;49.6;0.0;0.0;0.0;1509_direct_carried;;;;711.0;44;0;;1;2;150A
217574;1786991272859;4.4;64;49.6;0.0;0.0;0.0;1509_direct_carried;;;;711.0;44;0;;1;2;150B
217780;1786991273065;4.4;64;49.6;0.0;0.0;0.0;1509_direct_carried;;;;711.0;44;0;;1;2;150D
218824;1786991274109;4.4;64;49.6;0.0;0.0;0.0;1509_direct_carried;;;;711.0;44;0;;1;2;1502
219238;1786991274523;4.8;64;49.6;0.0;0.0;0.0;1509_direct_carried;;;;711.0;48;0;;1;2;1505
219454;1786991274739;4.8;64;49.6;0.0;0.0;0.0;1509_direct_carried;;;;711.0;48;0;;1;2;1506
219867;1786991275152;4.8;64;49.6;0.0;0.0;0.0;1509_direct_carried;;;;711.0;48;0;;1;2;1508
220073;1786991275358;4.8;64;49.4;0.0;0.0;0.0;1509_direct;;;;711.0;48;0;;1;2;1509
220286;1786991275571;4.8;64;49.4;0.0;0.0;0.0;1509_direct_carried;;;;711.0;48;0;;1;2;150A
220486;1786991275771;4.8;64;49.4;0.0;0.0;0.0;1509_direct_carried;;;;711.0;48;0;;1;2;150B
220702;1786991275987;4.8;64;49.4;0.0;0.0;0.0;1509_direct_carried;;;;711.0;48;0;;1;2;150D
221735;1786991277020;4.8;64;49.4;0.0;0.0;0.0;1509_direct_carried;;;;711.0;48;0;;1;2;1502
222164;1786991277449;4.6;64;49.4;0.0;0.0;0.0;1509_direct_carried;;;;711.0;46;0;;1;2;1505
222366;1786991277651;4.6;64;49.4;0.0;0.0;0.0;1509_direct_carried;;;;711.0;46;0;;1;2;1506
222782;1786991278067;4.6;64;49.4;0.0;0.0;0.0;1509_direct_carried;;;;711.0;46;0;;1;2;1508
222996;1786991278281;4.6;64;49.5;0.0;0.0;0.0;1509_direct;;;;711.0;46;0;;1;2;1509
223198;1786991278483;4.6;64;49.5;0.0;0.0;0.0;1509_direct_carried;;;;711.0;46;0;;1;2;150A
223411;1786991278696;4.6;64;49.5;0.0;0.0;0.0;1509_direct_carried;;;;711.0;46;0;;1;2;150B
223616;1786991278901;4.6;64;49.5;0.0;0.0;0.0;1509_direct_carried;;;;711.0;46;0;;1;2;150D
224662;1786991279947;4.6;64;49.5;0.0;0.0;0.0;1509_direct_carried;;;;711.0;46;0;;1;2;1502
225077;1786991280362;3.8;64;49.5;0.0;0.0;0.0;1509_direct_carried;;;;711.0;38;0;;1;2;1505
225291;1786991280576;3.8;64;49.5;0.0;0.0;0.0;1509_direct_carried;;;;711.0;38;0;;1;2;1506
225709;1786991280994;3.8;64;49.5;0.0;0.0;0.0;1509_direct_carried;;;;711.0;38;0;;1;2;1508
225914;1786991281199;3.8;64;49.5;0.0;0.0;0.0;1509_direct;;;;711.0;38;0;;1;2;1509
226126;1786991281411;3.8;64;49.5;0.0;0.0;0.0;1509_direct_carried;;;;711.0;38;0;;1;2;150A
226325;1786991281610;3.8;64;49.5;0.0;0.0;0.0;1509_direct_carried;;;;711.0;38;0;;1;2;150B
226540;1786991281825;3.8;64;49.5;0.0;0.0;0.0;1509_direct_carried;;;;711.0;38;0;;1;2;150D
227588;1786991282873;3.8;64;49.5;0.0;0.0;0.0;1509_direct_carried;;;;711.0;38;0;;1;2;1502
228004;1786991283289;5.5;64;49.5;0.0;0.0;0.0;1509_direct_carried;;;;711.0;55;0;;1;2;1505
228205;1786991283490;5.5;64;49.5;0.0;0.0;0.0;1509_direct_carried;;;;711.0;55;0;;1;2;1506
228622;1786991283907;5.5;64;49.5;0.0;0.0;0.0;1509_direct_carried;;;;711.0;55;0;;1;2;1508
228836;1786991284121;5.5;64;49.5;0.0;0.0;0.0;1509_direct;;;;711.0;55;0;;1;2;1509
229039;1786991284324;5.5;64;49.5;0.0;0.0;0.0;1509_direct_carried;;;;711.0;55;0;;1;2;150A
229252;1786991284537;5.5;64;49.5;0.0;0.0;0.0;1509_direct_carried;;;;711.0;55;0;;1;2;150B
229454;1786991284739;5.5;64;49.5;0.0;0.0;0.0;1509_direct_carried;;;;711.0;55;0;;1;2;150D
230501;1786991285786;5.5;64;49.5;0.0;0.0;0.0;1509_direct_carried;;;;711.0;55;0;;1;2;1502
230917;1786991286202;4.2;64;49.5;0.0;0.0;0.0;1509_direct_carried;;;;711.0;42;0;;1;2;1505
231129;1786991286414;4.2;64;49.5;0.0;0.0;0.0;1509_direct_carried;;;;711.0;42;0;;1;2;1506
231548;1786991286833;4.2;64;49.5;0.0;0.0;0.0;1509_direct_carried;;;;711.0;42;0;;1;2;1508
231750;1786991287035;4.2;64;49.6;0.0;0.0;0.0;1509_direct;;;;711.0;42;0;;1;2;1509
231963;1786991287248;4.2;64;49.6;0.0;0.0;0.0;1509_direct_carried;;;;711.0;42;0;;1;2;150A
232165;1786991287450;4.2;64;49.6;0.0;0.0;0.0;1509_direct_carried;;;;711.0;42;0;;1;2;150B
232379;1786991287664;4.2;64;49.6;0.0;0.0;0.0;1509_direct_carried;;;;711.0;42;0;;1;2;150D
233426;1786991288711;4.2;64;49.6;0.0;0.0;0.0;1509_direct_carried;;;;711.0;42;0;;1;2;1502
233842;1786991289127;3.2;64;49.6;0.0;0.0;0.0;1509_direct_carried;;;;711.0;32;0;;1;2;1505
234044;1786991289329;3.2;64;49.6;0.0;0.0;0.0;1509_direct_carried;;;;711.0;32;0;;1;2;1506
234463;1786991289748;3.2;64;49.6;0.0;0.0;0.0;1509_direct_carried;;;;711.0;32;0;;1;2;1508
234674;1786991289959;3.2;64;49.5;0.0;0.0;0.0;1509_direct;;;;711.0;32;0;;1;2;1509
234878;1786991290163;3.2;64;49.5;0.0;0.0;0.0;1509_direct_carried;;;;711.0;32;0;;1;2;150A
235091;1786991290376;3.2;64;49.5;0.0;0.0;0.0;1509_direct_carried;;;;711.0;32;0;;1;2;150B
235307;1786991290592;3.2;64;49.5;0.0;0.0;0.0;1509_direct_carried;;;;711.0;32;0;;1;2;150D
236339;1786991291624;3.2;64;49.5;0.0;0.0;0.0;1509_direct_carried;;;;711.0;32;0;;1;2;1502
236756;1786991292041;3.6;64;49.5;0.0;0.0;0.0;1509_direct_carried;;;;711.0;36;0;;1;2;1505
236970;1786991292255;3.6;64;49.5;0.0;0.0;0.0;1509_direct_carried;;;;711.0;36;0;;1;2;1506
237388;1786991292673;3.6;64;49.5;0.0;0.0;0.0;1509_direct_carried;;;;711.0;36;0;;1;2;1508
237589;1786991292874;3.6;64;49.5;0.0;0.0;0.0;1509_direct;;;;711.0;36;0;;1;2;1509
237802;1786991293087;3.6;64;49.5;0.0;0.0;0.0;1509_direct_carried;;;;711.0;36;0;;1;2;150A
238016;1786991293301;3.6;64;49.5;0.0;0.0;0.0;1509_direct_carried;;;;711.0;36;0;;1;2;150B
238218;1786991293503;3.6;64;49.5;0.0;0.0;0.0;1509_direct_carried;;;;711.0;36;0;;1;2;150D
239265;1786991294550;3.6;64;49.5;0.0;0.0;0.0;1509_direct_carried;;;;711.0;36;0;;1;2;1502
239681;1786991294966;3.2;64;49.5;0.0;0.0;0.0;1509_direct_carried;;;;711.0;32;0;;1;2;1505
239883;1786991295168;3.2;64;49.5;0.0;0.0;0.0;1509_direct_carried;;;;711.0;32;0;;1;2;1506
240298;1786991295583;3.2;64;49.5;0.0;0.0;0.0;1509_direct_carried;;;;711.0;32;0;;1;2;1508
240513;1786991295798;3.2;64;49.5;0.0;0.0;0.0;1509_direct;;;;711.0;32;0;;1;2;1509
240726;1786991296011;3.2;64;49.5;0.0;0.0;0.0;1509_direct_carried;;;;711.0;32;0;;1;2;150A
240928;1786991296213;3.2;64;49.5;0.0;0.0;0.0;1509_direct_carried;;;;711.0;32;0;;1;2;150B
241143;1786991296428;3.2;64;49.5;0.0;0.0;0.0;1509_direct_carried;;;;711.0;32;0;;1;2;150D
242179;1786991297464;3.2;64;49.5;0.0;0.0;0.0;1509_direct_carried;;;;711.0;32;0;;1;2;1502
242596;1786991297881;3.5;64;49.5;0.0;0.0;0.0;1509_direct_carried;;;;711.0;35;0;;1;2;1505
242810;1786991298095;3.5;64;49.5;0.0;0.0;0.0;1509_direct_carried;;;;711.0;35;0;;1;2;1506
243225;1786991298510;3.5;64;49.5;0.0;0.0;0.0;1509_direct_carried;;;;711.0;35;0;;1;2;1508
243440;1786991298725;3.5;64;49.4;0.0;0.0;0.0;1509_direct;;;;711.0;35;0;;1;2;1509
243641;1786991298926;3.5;64;49.4;0.0;0.0;0.0;1509_direct_carried;;;;711.0;35;0;;1;2;150A
243853;1786991299138;3.5;64;49.4;0.0;0.0;0.0;1509_direct_carried;;;;711.0;35;0;;1;2;150B
244057;1786991299342;3.5;64;49.4;0.0;0.0;0.0;1509_direct_carried;;;;711.0;35;0;;1;2;150D
245102;1786991300387;3.5;64;49.4;0.0;0.0;0.0;1509_direct_carried;;;;711.0;35;0;;1;2;1502
245521;1786991300806;4.2;64;49.4;0.0;0.0;0.0;1509_direct_carried;;;;711.0;42;0;;1;2;1505
245724;1786991301009;4.2;64;49.4;0.0;0.0;0.0;1509_direct_carried;;;;711.0;42;0;;1;2;1506
246150;1786991301435;4.2;64;49.4;0.0;0.0;0.0;1509_direct_carried;;;;711.0;42;0;;1;2;1508
246353;1786991301638;4.2;64;49.6;0.0;0.0;0.0;1509_direct;;;;711.0;42;0;;1;2;1509
246568;1786991301853;4.2;64;49.6;0.0;0.0;0.0;1509_direct_carried;;;;711.0;42;0;;1;2;150A
246768;1786991302053;4.2;64;49.6;0.0;0.0;0.0;1509_direct_carried;;;;711.0;42;0;;1;2;150B
246984;1786991302269;4.2;64;49.6;0.0;0.0;0.0;1509_direct_carried;;;;711.0;42;0;;1;2;150D
248017;1786991303302;4.2;64;49.6;0.0;0.0;0.0;1509_direct_carried;;;;711.0;42;0;;1;2;1502
248434;1786991303719;4.6;64;49.6;0.0;0.0;0.0;1509_direct_carried;;;;711.0;46;0;;1;2;1505
248648;1786991303933;4.6;64;49.6;0.0;0.0;0.0;1509_direct_carried;;;;711.0;46;0;;1;2;1506
249065;1786991304350;4.6;64;49.6;0.0;0.0;0.0;1509_direct_carried;;;;711.0;46;0;;1;2;1508
249278;1786991304563;4.6;64;49.6;0.0;0.0;0.0;1509_direct;;;;711.0;46;0;;1;2;1509
249479;1786991304764;4.6;64;49.6;0.0;0.0;0.0;1509_direct_carried;;;;711.0;46;0;;1;2;150A
249695;1786991304980;4.6;64;49.6;0.0;0.0;0.0;1509_direct_carried;;;;711.0;46;0;;1;2;150B
249895;1786991305180;4.6;64;49.6;0.0;0.0;0.0;1509_direct_carried;;;;711.0;46;0;;1;2;150D
250944;1786991306229;4.6;64;49.6;0.0;0.0;0.0;1509_direct_carried;;;;711.0;46;0;;1;2;1502
251361;1786991306646;5.3;64;49.6;0.0;0.0;0.0;1509_direct_carried;;;;711.0;53;0;;1;2;1505
251572;1786991306857;5.3;64;49.6;0.0;0.0;0.0;1509_direct_carried;;;;711.0;53;0;;1;2;1506
251989;1786991307274;5.3;64;49.6;0.0;0.0;0.0;1509_direct_carried;;;;711.0;53;0;;1;2;1508
252194;1786991307479;5.3;64;49.6;0.0;0.0;0.0;1509_direct;;;;711.0;53;0;;1;2;1509
252406;1786991307691;5.3;64;49.6;0.0;0.0;0.0;1509_direct_carried;;;;711.0;53;0;;1;2;150A
252608;1786991307893;5.3;64;49.6;0.0;0.0;0.0;1509_direct_carried;;;;711.0;53;0;;1;2;150B
252821;1786991308106;5.3;64;49.6;0.0;0.0;0.0;1509_direct_carried;;;;711.0;53;0;;1;2;150D
253868;1786991309153;5.3;64;49.6;0.0;0.0;0.0;1509_direct_carried;;;;711.0;53;0;;1;2;1502
254285;1786991309570;5.5;64;49.6;0.0;0.0;0.0;1509_direct_carried;;;;711.0;55;0;;1;2;1505
254487;1786991309772;5.5;64;49.6;0.0;0.0;0.0;1509_direct_carried;;;;711.0;55;0;;1;2;1506
254903;1786991310188;5.5;64;49.6;0.0;0.0;0.0;1509_direct_carried;;;;711.0;55;0;;1;2;1508
255117;1786991310402;5.5;64;49.6;0.0;0.0;0.0;1509_direct;;;;711.0;55;0;;1;2;1509
255319;1786991310604;5.5;64;49.6;0.0;0.0;0.0;1509_direct_carried;;;;711.0;55;0;;1;2;150A
255533;1786991310818;5.5;64;49.6;0.0;0.0;0.0;1509_direct_carried;;;;711.0;55;0;;1;2;150B
255739;1786991311024;5.5;64;49.6;0.0;0.0;0.0;1509_direct_carried;;;;711.0;55;0;;1;2;150D
256782;1786991312067;5.5;64;49.6;0.0;0.0;0.0;1509_direct_carried;;;;711.0;55;0;;1;2;1502
257198;1786991312483;3.9;64;49.6;0.0;0.0;0.0;1509_direct_carried;;;;711.0;39;0;;1;2;1505
257412;1786991312697;3.9;64;49.6;0.0;0.0;0.0;1509_direct_carried;;;;711.1;39;0;;1;2;1506
257826;1786991313111;3.9;64;49.6;0.0;0.0;0.0;1509_direct_carried;;;;711.1;39;0;;1;2;1508
258034;1786991313319;3.9;64;49.5;0.0;0.0;0.0;1509_direct;;;;711.1;39;0;;1;2;1509
258244;1786991313529;3.9;64;49.5;0.0;0.0;0.0;1509_direct_carried;;;;711.1;39;0;;1;2;150A
258445;1786991313730;3.9;64;49.5;0.0;0.0;0.0;1509_direct_carried;;;;711.1;39;0;;1;2;150B
258662;1786991313947;3.9;64;49.5;0.0;0.0;0.0;1509_direct_carried;;;;711.1;39;0;;1;2;150D
259708;1786991314993;3.9;64;49.5;0.0;0.0;0.0;1509_direct_carried;;;;711.1;39;0;;1;2;1502
260123;1786991315408;7.2;64;49.5;0.0;0.0;0.0;1509_direct_carried;;;;711.1;72;0;;1;2;1505
260327;1786991315612;7.2;64;49.5;0.0;0.0;0.0;1509_direct_carried;;;;711.1;72;0;;1;2;1506
260740;1786991316025;7.2;64;49.5;0.0;0.0;0.0;1509_direct_carried;;;;711.1;72;0;;1;2;1508
260958;1786991316243;7.2;64;49.5;0.0;0.0;0.0;1509_direct;;;;711.1;72;0;;1;2;1509
261161;1786991316446;7.2;64;49.5;0.0;0.0;0.0;1509_direct_carried;;;;711.1;72;0;;1;2;150A
261371;1786991316656;7.2;64;49.5;0.0;0.0;0.0;1509_direct_carried;;;;711.1;72;0;;1;2;150B
261587;1786991316872;7.2;64;49.5;0.0;0.0;0.0;1509_direct_carried;;;;711.1;72;0;;1;2;150D
262620;1786991317905;7.2;64;49.5;0.0;0.0;0.0;1509_direct_carried;;;;711.1;72;0;;1;2;1502
263038;1786991318323;5.9;64;49.5;0.0;0.0;0.0;1509_direct_carried;;;;711.1;59;0;;1;2;1505
263251;1786991318536;5.9;64;49.5;0.0;0.0;0.0;1509_direct_carried;;;;711.1;59;0;;1;2;1506
263666;1786991318951;5.9;64;49.5;0.0;0.0;0.0;1509_direct_carried;;;;711.1;59;0;;1;2;1508
263871;1786991319156;5.9;64;49.5;0.0;0.0;0.0;1509_direct;;;;711.1;59;0;;1;2;1509
264081;1786991319366;5.9;64;49.5;0.0;0.0;0.0;1509_direct_carried;;;;711.1;59;0;;1;2;150A
264297;1786991319582;5.9;64;49.5;0.0;0.0;0.0;1509_direct_carried;;;;711.1;59;0;;1;2;150B
264501;1786991319786;5.9;64;49.5;0.0;0.0;0.0;1509_direct_carried;;;;711.1;59;0;;1;2;150D
265547;1786991320832;5.9;64;49.5;0.0;0.0;0.0;1509_direct_carried;;;;711.1;59;0;;1;2;1502
265960;1786991321245;5.4;64;49.5;0.0;0.0;0.0;1509_direct_carried;;;;711.1;54;0;;1;2;1505
266165;1786991321450;5.4;64;49.5;0.0;0.0;0.0;1509_direct_carried;;;;711.1;54;0;;1;2;1506
266581;1786991321866;5.4;64;49.5;0.0;0.0;0.0;1509_direct_carried;;;;711.1;54;0;;1;2;1508
266794;1786991322079;5.4;64;49.6;0.0;0.0;0.0;1509_direct;;;;711.1;54;0;;1;2;1509
267008;1786991322293;5.4;64;49.6;0.0;0.0;0.0;1509_direct_carried;;;;711.1;54;0;;1;2;150A
267210;1786991322495;5.4;64;49.6;0.0;0.0;0.0;1509_direct_carried;;;;711.1;54;0;;1;2;150B
267426;1786991322711;5.4;64;49.6;0.0;0.0;0.0;1509_direct_carried;;;;711.1;54;0;;1;2;150D
268461;1786991323746;5.4;64;49.6;0.0;0.0;0.0;1509_direct_carried;;;;711.1;54;0;;1;2;1502
268877;1786991324162;5.1;64;49.6;0.0;0.0;0.0;1509_direct_carried;;;;711.1;51;0;;1;2;1505
269090;1786991324375;5.1;64;49.6;0.0;0.0;0.0;1509_direct_carried;;;;711.1;51;0;;1;2;1506
269506;1786991324791;5.1;64;49.6;0.0;0.0;0.0;1509_direct_carried;;;;711.1;51;0;;1;2;1508
269719;1786991325004;5.1;64;49.5;0.0;0.0;0.0;1509_direct;;;;711.1;51;0;;1;2;1509
269922;1786991325207;5.1;64;49.5;0.0;0.0;0.0;1509_direct_carried;;;;711.1;51;0;;1;2;150A
270136;1786991325421;5.1;64;49.5;0.0;0.0;0.0;1509_direct_carried;;;;711.1;51;0;;1;2;150B
270339;1786991325624;5.1;64;49.5;0.0;0.0;0.0;1509_direct_carried;;;;711.1;51;0;;1;2;150D
271384;1786991326669;5.1;64;49.5;0.0;0.0;0.0;1509_direct_carried;;;;711.1;51;0;;1;2;1502
271799;1786991327084;4.3;64;49.5;0.0;0.0;0.0;1509_direct_carried;;;;711.1;43;0;;1;2;1505
272015;1786991327300;4.3;64;49.5;0.0;0.0;0.0;1509_direct_carried;;;;711.1;43;0;;1;2;1506
272428;1786991327713;4.3;64;49.5;0.0;0.0;0.0;1509_direct_carried;;;;711.1;43;0;;1;2;1508
272633;1786991327918;4.3;64;49.5;0.0;49.0;0.0;1509_direct;;;;711.1;43;49;;1;2;1509
272847;1786991328132;4.3;64;49.5;0.0;49.0;0.0;1509_direct_carried;;;;711.1;43;49;;1;2;150A
273047;1786991328332;4.3;64;49.5;0.0;49.0;0.0;1509_direct_carried;;;;711.1;43;49;;1;2;150B
273264;1786991328549;4.3;64;49.5;0.0;49.0;0.0;1509_direct_carried;;;;711.1;43;49;;1;2;150D
274298;1786991329583;4.3;64;49.5;0.0;49.0;0.0;1509_direct_carried;;;;711.1;43;49;;1;2;1502
274727;1786991330012;4.3;64;49.5;0.0;49.0;0.0;1509_direct_carried;;;;711.1;43;49;;1;2;1505
274932;1786991330217;4.3;64;49.5;0.0;49.0;0.0;1509_direct_carried;;;;711.1;43;49;;1;2;1506
275345;1786991330630;4.3;64;49.5;0.0;49.0;0.0;1509_direct_carried;;;;711.1;43;49;;1;2;1508
275571;1786991330856;4.3;64;49.6;0.0;0.0;0.0;1509_direct;;;;711.1;43;0;;1;2;1509
275763;1786991331048;4.3;64;49.6;0.0;0.0;0.0;1509_direct_carried;;;;711.1;43;0;;1;2;150A
275976;1786991331261;4.3;64;49.6;0.0;0.0;0.0;1509_direct_carried;;;;711.1;43;0;;1;2;150B
276176;1786991331461;4.3;64;49.6;0.0;0.0;0.0;1509_direct_carried;;;;711.1;43;0;;1;2;150D
277225;1786991332510;4.3;64;49.6;0.0;0.0;0.0;1509_direct_carried;;;;711.1;43;0;;1;2;1502
277641;1786991332926;4.4;64;49.6;0.0;0.0;0.0;1509_direct_carried;;;;711.1;44;0;;1;2;1505
277855;1786991333140;4.4;64;49.6;0.0;0.0;0.0;1509_direct_carried;;;;711.1;44;0;;1;2;1506
278271;1786991333556;4.4;64;49.6;0.0;0.0;0.0;1509_direct_carried;;;;711.1;44;0;;1;2;1508
278474;1786991333759;4.4;64;49.5;0.0;0.0;0.0;1509_direct;;;;711.1;44;0;;1;2;1509
278687;1786991333972;4.4;64;49.5;0.0;0.0;0.0;1509_direct_carried;;;;711.1;44;0;;1;2;150A
278890;1786991334175;4.4;64;49.5;0.0;0.0;0.0;1509_direct_carried;;;;711.1;44;0;;1;2;150B
279104;1786991334389;4.4;64;49.5;0.0;0.0;0.0;1509_direct_carried;;;;711.1;44;0;;1;2;150D
280148;1786991335433;4.4;64;49.5;0.0;0.0;0.0;1509_direct_carried;;;;711.1;44;0;;1;2;1502
280566;1786991335851;4.9;64;49.5;0.0;0.0;0.0;1509_direct_carried;;;;711.1;49;0;;1;2;1505
280767;1786991336052;4.9;64;49.5;0.0;0.0;0.0;1509_direct_carried;;;;711.1;49;0;;1;2;1506
281184;1786991336469;4.9;64;49.5;0.0;0.0;0.0;1509_direct_carried;;;;711.1;49;0;;1;2;1508
281400;1786991336685;4.9;64;49.6;0.0;0.0;0.0;1509_direct;;;;711.1;49;0;;1;2;1509
281600;1786991336885;4.9;64;49.6;0.0;0.0;0.0;1509_direct_carried;;;;711.1;49;0;;1;2;150A
281814;1786991337099;4.9;64;49.6;0.0;0.0;0.0;1509_direct_carried;;;;711.1;49;0;;1;2;150B
282016;1786991337301;4.9;64;49.6;0.0;0.0;0.0;1509_direct_carried;;;;711.1;49;0;;1;2;150D
283063;1786991338348;4.9;64;49.6;0.0;0.0;0.0;1509_direct_carried;;;;711.1;49;0;;1;2;1502
283479;1786991338764;3.5;64;49.6;0.0;0.0;0.0;1509_direct_carried;;;;711.1;35;0;;1;2;1505
283694;1786991338979;3.5;64;49.6;0.0;0.0;0.0;1509_direct_carried;;;;711.1;35;0;;1;2;1506
284109;1786991339394;3.5;64;49.6;0.0;0.0;0.0;1509_direct_carried;;;;711.1;35;0;;1;2;1508
284310;1786991339595;3.5;64;49.6;0.0;0.0;0.0;1509_direct;;;;711.1;35;0;;1;2;1509
284526;1786991339811;3.5;64;49.6;0.0;0.0;0.0;1509_direct_carried;;;;711.1;35;0;;1;2;150A
284738;1786991340023;3.5;64;49.6;0.0;0.0;0.0;1509_direct_carried;;;;711.1;35;0;;1;2;150B
284942;1786991340227;3.5;64;49.6;0.0;0.0;0.0;1509_direct_carried;;;;711.1;35;0;;1;2;150D
285989;1786991341274;3.5;64;49.6;0.0;0.0;0.0;1509_direct_carried;;;;711.1;35;0;;1;2;1502
286404;1786991341689;5.5;64;49.6;0.0;0.0;0.0;1509_direct_carried;;;;711.1;55;0;;1;2;1505
286607;1786991341892;5.5;64;49.6;0.0;0.0;0.0;1509_direct_carried;;;;711.1;55;0;;1;2;1506
287024;1786991342309;5.5;64;49.6;0.0;0.0;0.0;1509_direct_carried;;;;711.1;55;0;;0;2;1508
287236;1786991342521;5.5;64;49.5;0.0;0.0;0.0;1509_direct;;;;711.1;55;0;;0;2;1509
287441;1786991342726;5.5;64;49.5;0.0;0.0;0.0;1509_direct_carried;;;;711.1;55;0;;0;2;150A
287651;1786991342936;5.5;64;49.5;0.0;0.0;0.0;1509_direct_carried;;;;711.1;55;0;;0;2;150B
287866;1786991343151;5.5;64;49.5;0.0;0.0;0.0;1509_direct_carried;;;;711.1;55;0;;0;2;150D
288901;1786991344186;5.5;64;49.5;0.0;0.0;0.0;1509_direct_carried;;;;711.1;55;0;;0;2;1502
289318;1786991344603;5.3;64;49.5;0.0;0.0;0.0;1509_direct_carried;;;;711.1;53;0;;0;2;1505
289531;1786991344816;5.3;64;49.5;0.0;0.0;0.0;1509_direct_carried;;;;711.1;53;0;;0;2;1506
289948;1786991345233;5.3;64;49.5;0.0;0.0;0.0;1509_direct_carried;;;;711.1;53;0;;0;2;1508
290150;1786991345435;5.3;64;49.6;0.0;0.0;0.0;1509_direct;;;;711.1;53;0;;0;2;1509
290363;1786991345648;5.3;64;49.6;0.0;0.0;0.0;1509_direct_carried;;;;711.1;53;0;;0;2;150A
290578;1786991345863;5.3;64;49.6;0.0;0.0;0.0;1509_direct_carried;;;;711.1;53;0;;0;2;150B
290781;1786991346066;5.3;64;49.6;0.0;0.0;0.0;1509_direct_carried;;;;711.1;53;0;;0;2;150D
291828;1786991347113;5.3;64;49.6;0.0;0.0;0.0;1509_direct_carried;;;;711.1;53;0;;0;2;1502
292244;1786991347529;4.6;64;49.6;0.0;0.0;0.0;1509_direct_carried;;;;711.1;46;0;;0;2;1505
292446;1786991347731;4.6;64;49.6;0.0;0.0;0.0;1509_direct_carried;;;;711.1;46;0;;0;2;1506
292875;1786991348160;4.6;64;49.6;0.0;0.0;0.0;1509_direct_carried;;;;711.1;46;0;;0;2;1508
293076;1786991348361;4.6;64;49.5;0.0;0.0;0.0;1509_direct;;;;711.1;46;0;;0;2;1509
293289;1786991348574;4.6;64;49.5;0.0;0.0;0.0;1509_direct_carried;;;;711.1;46;0;;0;2;150A
293494;1786991348779;4.6;64;49.5;0.0;0.0;0.0;1509_direct_carried;;;;711.1;46;0;;0;2;150B
293706;1786991348991;4.6;64;49.5;0.0;0.0;0.0;1509_direct_carried;;;;711.1;46;0;;0;2;150D
294740;1786991350025;4.6;64;49.5;0.0;0.0;0.0;1509_direct_carried;;;;711.1;46;0;;0;2;1502
295158;1786991350443;4.6;64;49.5;0.0;0.0;0.0;1509_direct_carried;;;;711.1;46;0;;0;2;1505
295372;1786991350657;4.6;64;49.5;0.0;0.0;0.0;1509_direct_carried;;;;711.1;46;0;;0;2;1506
295786;1786991351071;4.6;64;49.5;0.0;0.0;0.0;1509_direct_carried;;;;711.1;46;0;;0;2;1508
296001;1786991351286;4.6;64;49.5;0.0;0.0;0.0;1509_direct;;;;711.1;46;0;;0;2;1509
296204;1786991351489;4.6;64;49.5;0.0;0.0;0.0;1509_direct_carried;;;;711.1;46;0;;0;2;150A
296417;1786991351702;4.6;64;49.5;0.0;0.0;0.0;1509_direct_carried;;;;711.1;46;0;;0;2;150B
296619;1786991351904;4.6;64;49.5;0.0;0.0;0.0;1509_direct_carried;;;;711.1;46;0;;0;2;150D
297665;1786991352950;4.6;64;49.5;0.0;0.0;0.0;1509_direct_carried;;;;711.1;46;0;;0;2;1502
298082;1786991353367;4.7;64;49.5;0.0;0.0;0.0;1509_direct_carried;;;;711.1;47;0;;0;2;1505
298296;1786991353581;4.7;64;49.5;0.0;0.0;0.0;1509_direct_carried;;;;711.1;47;0;;0;2;1506
298712;1786991353997;4.7;64;49.5;0.0;0.0;0.0;1509_direct_carried;;;;711.1;47;0;;0;2;1508
298915;1786991354200;4.7;64;49.6;0.0;0.0;0.0;1509_direct;;;;711.1;47;0;;0;2;1509
299127;1786991354412;4.7;64;49.6;0.0;0.0;0.0;1509_direct_carried;;;;711.1;47;0;;0;2;150A
299330;1786991354615;4.7;64;49.6;0.0;0.0;0.0;1509_direct_carried;;;;711.1;47;0;;0;2;150B
299544;1786991354829;4.7;64;49.6;0.0;0.0;0.0;1509_direct_carried;;;;711.1;47;0;;0;2;150D
300580;1786991355865;4.7;64;49.6;0.0;0.0;0.0;1509_direct_carried;;;;711.1;47;0;;0;2;1502
301008;1786991356293;3.5;64;49.6;0.0;0.0;0.0;1509_direct_carried;;;;711.1;35;0;;0;2;1505
301209;1786991356494;3.5;64;49.6;0.0;0.0;0.0;1509_direct_carried;;;;711.1;35;0;;0;2;1506
301624;1786991356909;3.5;64;49.6;0.0;0.0;0.0;1509_direct_carried;;;;711.1;35;0;;0;2;1508
301840;1786991357125;3.5;64;49.6;0.0;0.0;0.0;1509_direct;;;;711.1;35;0;;0;2;1509
302042;1786991357327;3.5;64;49.6;0.0;0.0;0.0;1509_direct_carried;;;;711.1;35;0;;0;2;150A
302257;1786991357542;3.5;64;49.6;0.0;0.0;0.0;1509_direct_carried;;;;711.1;35;0;;0;2;150B
302459;1786991357744;3.5;64;49.6;0.0;0.0;0.0;1509_direct_carried;;;;711.1;35;0;;0;2;150D
303505;1786991358790;3.5;64;49.6;0.0;0.0;0.0;1509_direct_carried;;;;711.1;35;0;;0;2;1502
303924;1786991359209;3.0;64;49.6;0.0;0.0;0.0;1509_direct_carried;;;;711.1;30;0;;0;2;1505
304134;1786991359419;3.0;64;49.6;0.0;0.0;0.0;1509_direct_carried;;;;711.1;30;0;;0;2;1506
304551;1786991359836;3.0;64;49.6;0.0;0.0;0.0;1509_direct_carried;;;;711.1;30;0;;0;2;1508
304754;1786991360039;3.0;64;49.5;0.0;0.0;0.0;1509_direct;;;;711.1;30;0;;0;2;1509
304980;1786991360265;3.0;64;49.5;0.0;0.0;0.0;1509_direct_carried;;;;711.1;30;0;;0;2;150A
305170;1786991360455;3.0;64;49.5;0.0;0.0;0.0;1509_direct_carried;;;;711.1;30;0;;0;2;150B
305383;1786991360668;3.0;64;49.5;0.0;0.0;0.0;1509_direct_carried;;;;711.1;30;0;;0;2;150D
306430;1786991361715;3.0;64;49.5;0.0;0.0;0.0;1509_direct_carried;;;;711.1;30;0;;0;2;1502
306845;1786991362130;5.3;64;49.5;0.0;0.0;0.0;1509_direct_carried;;;;711.1;53;0;;0;2;1505
307051;1786991362336;5.3;64;49.5;0.0;0.0;0.0;1509_direct_carried;;;;711.1;53;0;;0;2;1506
307465;1786991362750;5.3;64;49.5;0.0;0.0;0.0;1509_direct_carried;;;;711.1;53;0;;0;2;1508
307679;1786991362964;5.3;64;49.5;0.0;0.0;0.0;1509_direct;;;;711.1;53;0;;0;2;1509
307882;1786991363167;5.3;64;49.5;0.0;0.0;0.0;1509_direct_carried;;;;711.1;53;0;;0;2;150A
308096;1786991363381;5.3;64;49.5;0.0;0.0;0.0;1509_direct_carried;;;;711.1;53;0;;0;2;150B
308298;1786991363583;5.3;64;49.5;0.0;0.0;0.0;1509_direct_carried;;;;711.1;53;0;;0;2;150D
309345;1786991364630;5.3;64;49.5;0.0;0.0;0.0;1509_direct_carried;;;;711.1;53;0;;0;2;1502
309761;1786991365046;4.7;64;49.5;0.0;0.0;0.0;1509_direct_carried;;;;711.1;47;0;;0;2;1505
309975;1786991365260;4.7;64;49.5;0.0;0.0;0.0;1509_direct_carried;;;;711.1;47;0;;0;2;1506
310389;1786991365674;4.7;64;49.5;0.0;0.0;0.0;1509_direct_carried;;;;711.1;47;0;;0;2;1508
310593;1786991365878;4.7;64;49.5;0.0;0.0;0.0;1509_direct;;;;711.1;47;0;;0;2;1509
310806;1786991366091;4.7;64;49.5;0.0;0.0;0.0;1509_direct_carried;;;;711.1;47;0;;0;2;150A
311010;1786991366295;4.7;64;49.5;0.0;0.0;0.0;1509_direct_carried;;;;711.1;47;0;;0;2;150B
311224;1786991366509;4.7;64;49.5;0.0;0.0;0.0;1509_direct_carried;;;;711.1;47;0;;0;2;150D
312270;1786991367555;4.7;64;49.5;0.0;0.0;0.0;1509_direct_carried;;;;711.1;47;0;;0;2;1502
312686;1786991367971;4.0;64;49.5;0.0;0.0;0.0;1509_direct_carried;;;;711.1;40;0;;0;2;1505
312888;1786991368173;4.0;64;49.5;0.0;0.0;0.0;1509_direct_carried;;;;711.1;40;0;;0;2;1506
313304;1786991368589;4.0;64;49.5;0.0;0.0;0.0;1509_direct_carried;;;;711.1;40;0;;0;2;1508
313518;1786991368803;4.0;64;49.4;0.0;0.0;0.0;1509_direct;;;;711.1;40;0;;0;2;1509
313720;1786991369005;4.0;64;49.4;0.0;0.0;0.0;1509_direct_carried;;;;711.1;40;0;;0;2;150A
313934;1786991369219;4.0;64;49.4;0.0;0.0;0.0;1509_direct_carried;;;;711.1;40;0;;0;2;150B
314147;1786991369432;4.0;64;49.4;0.0;0.0;0.0;1509_direct_carried;;;;711.1;40;0;;0;2;150D
315184;1786991370469;4.0;64;49.4;0.0;0.0;0.0;1509_direct_carried;;;;711.1;40;0;;0;2;1502
315598;1786991370883;5.2;64;49.4;0.0;0.0;0.0;1509_direct_carried;;;;711.1;52;0;;0;2;1505
315813;1786991371098;5.2;64;49.4;0.0;0.0;0.0;1509_direct_carried;;;;711.1;52;0;;0;2;1506
316231;1786991371516;5.2;64;49.4;0.0;0.0;0.0;1509_direct_carried;;;;711.1;52;0;;0;2;1508
316432;1786991371717;5.2;64;49.5;0.0;0.0;0.0;1509_direct;;;;711.1;52;0;;0;2;1509
316647;1786991371932;5.2;64;49.5;0.0;0.0;0.0;1509_direct_carried;;;;711.1;52;0;;0;2;150A
316861;1786991372146;5.2;64;49.5;0.0;0.0;0.0;1509_direct_carried;;;;711.1;52;0;;0;2;150B
317063;1786991372348;5.2;64;49.5;0.0;0.0;0.0;1509_direct_carried;;;;711.1;52;0;;0;2;150D
318108;1786991373393;5.2;64;49.5;0.0;0.0;0.0;1509_direct_carried;;;;711.1;52;0;;0;2;1502
318524;1786991373809;3.4;64;49.5;0.0;0.0;0.0;1509_direct_carried;;;;711.1;34;0;;0;2;1505
318728;1786991374013;3.4;64;49.5;0.0;0.0;0.0;1509_direct_carried;;;;711.1;34;0;;0;2;1506
319144;1786991374429;3.4;64;49.5;0.0;0.0;0.0;1509_direct_carried;;;;711.1;34;0;;0;2;1508
319356;1786991374641;3.4;64;49.4;0.0;0.0;0.0;1509_direct;;;;711.1;34;0;;0;2;1509
319570;1786991374855;3.4;64;49.4;0.0;0.0;0.0;1509_direct_carried;;;;711.1;34;0;;0;2;150A
319777;1786991375062;3.4;64;49.4;0.0;0.0;0.0;1509_direct_carried;;;;711.1;34;0;;0;2;150B
319988;1786991375273;3.4;64;49.4;0.0;0.0;0.0;1509_direct_carried;;;;711.1;34;0;;0;2;150D
321022;1786991376307;3.4;64;49.4;0.0;0.0;0.0;1509_direct_carried;;;;711.1;34;0;;0;2;1502
321439;1786991376724;4.8;64;49.4;0.0;0.0;0.0;1509_direct_carried;;;;711.1;48;0;;0;2;1505
321652;1786991376937;4.8;64;49.4;0.0;0.0;0.0;1509_direct_carried;;;;711.1;48;0;;0;2;1506
322068;1786991377353;4.8;64;49.4;0.0;0.0;0.0;1509_direct_carried;;;;711.1;48;0;;0;2;1508
322281;1786991377566;4.8;64;49.5;0.0;0.0;0.0;1509_direct;;;;711.1;48;0;;0;2;1509
322485;1786991377770;4.8;64;49.5;0.0;0.0;0.0;1509_direct_carried;;;;711.1;48;0;;0;2;150A
322698;1786991377983;4.8;64;49.5;0.0;0.0;0.0;1509_direct_carried;;;;711.1;48;0;;0;2;150B
322901;1786991378186;4.8;64;49.5;0.0;0.0;0.0;1509_direct_carried;;;;711.1;48;0;;0;2;150D
323946;1786991379231;4.8;64;49.5;0.0;0.0;0.0;1509_direct_carried;;;;711.1;48;0;;0;2;1502
324364;1786991379649;3.9;64;49.5;0.0;0.0;0.0;1509_direct_carried;;;;711.1;39;0;;0;2;1505
324577;1786991379862;3.9;64;49.5;0.0;0.0;0.0;1509_direct_carried;;;;711.1;39;0;;0;2;1506
324994;1786991380279;3.9;64;49.5;0.0;0.0;0.0;1509_direct_carried;;;;711.1;39;0;;0;2;1508
325199;1786991380484;3.9;64;49.6;0.0;0.0;0.0;1509_direct;;;;711.1;39;0;;0;2;1509
325411;1786991380696;3.9;64;49.6;0.0;0.0;0.0;1509_direct_carried;;;;711.1;39;0;;0;2;150A
325611;1786991380896;3.9;64;49.6;0.0;0.0;0.0;1509_direct_carried;;;;711.1;39;0;;0;2;150B
325826;1786991381111;3.9;64;49.6;0.0;0.0;0.0;1509_direct_carried;;;;711.1;39;0;;0;2;150D
326861;1786991382146;3.9;64;49.6;0.0;0.0;0.0;1509_direct_carried;;;;711.1;39;0;;0;2;1502
327289;1786991382574;4.0;64;49.6;0.0;0.0;0.0;1509_direct_carried;;;;711.1;40;0;;0;2;1505
327491;1786991382776;4.0;64;49.6;0.0;0.0;0.0;1509_direct_carried;;;;711.1;40;0;;0;2;1506
327907;1786991383192;4.0;64;49.6;0.0;0.0;0.0;1509_direct_carried;;;;711.1;40;0;;0;2;1508
328121;1786991383406;4.0;64;49.4;1.0;49.0;49.4;1509_direct;;;;711.1;40;49;;0;2;1509
328322;1786991383607;4.0;64;49.4;1.0;49.0;49.4;1509_direct_carried;;;;711.1;40;49;;0;2;150A
328538;1786991383823;4.0;64;49.4;1.0;49.0;49.4;1509_direct_carried;;;;711.1;40;49;;0;2;150B
328741;1786991384026;4.0;64;49.4;1.0;49.0;49.4;1509_direct_carried;;;;711.1;40;49;;0;2;150D
329785;1786991385070;4.0;64;49.4;1.0;49.0;49.4;1509_direct_carried;;;;711.1;40;49;;0;2;1502
330203;1786991385488;4.6;64;49.4;1.0;49.0;49.4;1509_direct_carried;;;;711.1;46;49;;0;2;1505
330416;1786991385701;4.6;64;49.4;1.0;49.0;49.4;1509_direct_carried;;;;711.1;46;49;;0;2;1506
330832;1786991386117;4.6;64;49.4;1.0;49.0;49.4;1509_direct_carried;;;;711.1;46;49;;0;2;1508
331037;1786991386322;4.6;64;49.5;0.0;0.0;0.0;1509_direct;;;;711.1;46;0;;0;2;1509
331249;1786991386534;4.6;64;49.5;0.0;0.0;0.0;1509_direct_carried;;;;711.1;46;0;;0;2;150A
331451;1786991386736;4.6;64;49.5;0.0;0.0;0.0;1509_direct_carried;;;;711.1;46;0;;0;2;150B
331664;1786991386949;4.6;64;49.5;0.0;0.0;0.0;1509_direct_carried;;;;711.1;46;0;;0;2;150D
332712;1786991387997;4.6;64;49.5;0.0;0.0;0.0;1509_direct_carried;;;;711.1;46;0;;0;2;1502
333128;1786991388413;5.5;64;49.5;0.0;0.0;0.0;1509_direct_carried;;;;711.1;55;0;;0;2;1505
333340;1786991388625;5.5;64;49.5;0.0;0.0;0.0;1509_direct_carried;;;;711.2;55;0;;0;2;1506
333758;1786991389043;5.5;64;49.5;0.0;0.0;0.0;1509_direct_carried;;;;711.2;55;0;;0;2;1508
333971;1786991389256;5.5;64;49.5;0.0;0.0;0.0;1509_direct;;;;711.2;55;0;;0;2;1509
334185;1786991389470;5.5;64;49.5;0.0;0.0;0.0;1509_direct_carried;;;;711.2;55;0;;0;2;150A
334387;1786991389672;5.5;64;49.5;0.0;0.0;0.0;1509_direct_carried;;;;711.2;55;0;;0;2;150B
334602;1786991389887;5.5;64;49.5;0.0;0.0;0.0;1509_direct_carried;;;;711.2;55;0;;0;2;150D
335636;1786991390921;5.5;64;49.5;0.0;0.0;0.0;1509_direct_carried;;;;711.2;55;0;;0;2;1502
336053;1786991391338;3.5;64;49.5;0.0;0.0;0.0;1509_direct_carried;;;;711.2;35;0;;0;2;1505
336266;1786991391551;3.5;64;49.5;0.0;0.0;0.0;1509_direct_carried;;;;711.2;35;0;;0;2;1506
336683;1786991391968;3.5;64;49.5;0.0;0.0;0.0;1509_direct_carried;;;;711.2;35;0;;0;2;1508
336896;1786991392181;3.5;64;49.5;0.0;0.0;0.0;1509_direct;;;;711.2;35;0;;0;2;1509
337109;1786991392394;3.5;64;49.5;0.0;0.0;0.0;1509_direct_carried;;;;711.2;35;0;;0;2;150A
337313;1786991392598;3.5;64;49.5;0.0;0.0;0.0;1509_direct_carried;;;;711.2;35;0;;0;2;150B
337515;1786991392800;3.5;64;49.5;0.0;0.0;0.0;1509_direct_carried;;;;711.2;35;0;;0;2;150D
338561;1786991393846;3.5;64;49.5;0.0;0.0;0.0;1509_direct_carried;;;;711.2;35;0;;0;2;1502
338979;1786991394264;4.1;64;49.5;0.0;0.0;0.0;1509_direct_carried;;;;711.2;41;0;;0;2;1505
339180;1786991394465;4.1;64;49.5;0.0;0.0;0.0;1509_direct_carried;;;;711.2;41;0;;0;2;1506
339607;1786991394892;4.1;64;49.5;0.0;0.0;0.0;1509_direct_carried;;;;711.2;41;0;;0;2;1508
339810;1786991395095;4.1;64;49.4;0.0;0.0;0.0;1509_direct;;;;711.2;41;0;;0;2;1509
340023;1786991395308;4.1;64;49.4;0.0;0.0;0.0;1509_direct_carried;;;;711.2;41;0;;0;2;150A
340227;1786991395512;4.1;64;49.4;0.0;0.0;0.0;1509_direct_carried;;;;711.2;41;0;;0;2;150B
340441;1786991395726;4.1;64;49.4;0.0;0.0;0.0;1509_direct_carried;;;;711.2;41;0;;0;2;150D
341476;1786991396761;4.1;64;49.4;0.0;0.0;0.0;1509_direct_carried;;;;711.2;41;0;;0;2;1502
341903;1786991397188;4.7;64;49.4;0.0;0.0;0.0;1509_direct_carried;;;;711.2;47;0;;0;2;1505
342106;1786991397391;4.7;64;49.4;0.0;0.0;0.0;1509_direct_carried;;;;711.2;47;0;;0;2;1506
342523;1786991397808;4.7;64;49.4;0.0;0.0;0.0;1509_direct_carried;;;;711.2;47;0;;0;2;1508
342735;1786991398020;4.7;64;49.5;0.0;0.0;0.0;1509_direct;;;;711.2;47;0;;0;2;1509
342937;1786991398222;4.7;64;49.5;0.0;0.0;0.0;1509_direct_carried;;;;711.2;47;0;;0;2;150A
343152;1786991398437;4.7;64;49.5;0.0;0.0;0.0;1509_direct_carried;;;;711.2;47;0;;0;2;150B
343354;1786991398639;4.7;64;49.5;0.0;0.0;0.0;1509_direct_carried;;;;711.2;47;0;;0;2;150D
344399;1786991399684;4.7;64;49.5;0.0;0.0;0.0;1509_direct_carried;;;;711.2;47;0;;0;2;1502
344817;1786991400102;9.4;64;49.5;0.0;0.0;0.0;1509_direct_carried;;;;711.2;94;0;;0;2;1505
345032;1786991400317;9.4;64;49.5;0.0;0.0;0.0;1509_direct_carried;;;;711.2;94;0;;0;2;1506
345446;1786991400731;9.4;64;49.5;0.0;0.0;0.0;1509_direct_carried;;;;711.2;94;0;;0;2;1508
345649;1786991400934;9.4;64;49.5;0.0;0.0;0.0;1509_direct;;;;711.2;94;0;;0;2;1509
345866;1786991401151;9.4;64;49.5;0.0;0.0;0.0;1509_direct_carried;;;;711.2;94;0;;0;2;150A
346065;1786991401350;9.4;64;49.5;0.0;0.0;0.0;1509_direct_carried;;;;711.2;94;0;;0;2;150B
346281;1786991401566;9.4;64;49.5;0.0;0.0;0.0;1509_direct_carried;;;;711.2;94;0;;0;2;150D
347325;1786991402610;9.4;64;49.5;0.0;0.0;0.0;1509_direct_carried;;;;711.2;94;0;;0;2;1502
347744;1786991403029;5.2;64;49.5;0.0;0.0;0.0;1509_direct_carried;;;;711.2;52;0;;0;2;1505
347943;1786991403228;5.2;64;49.5;0.0;0.0;0.0;1509_direct_carried;;;;711.2;52;0;;0;2;1506
348363;1786991403648;5.2;64;49.5;0.0;0.0;0.0;1509_direct_carried;;;;711.2;52;0;;0;2;1508
348577;1786991403862;5.2;64;49.5;0.0;0.0;0.0;1509_direct;;;;711.2;52;0;;0;2;1509
348780;1786991404065;5.2;64;49.5;0.0;0.0;0.0;1509_direct_carried;;;;711.2;52;0;;0;2;150A
348990;1786991404275;5.2;64;49.5;0.0;0.0;0.0;1509_direct_carried;;;;711.2;52;0;;0;2;150B
349194;1786991404479;5.2;64;49.5;0.0;0.0;0.0;1509_direct_carried;;;;711.2;52;0;;0;2;150D
350241;1786991405526;5.2;64;49.5;0.0;0.0;0.0;1509_direct_carried;;;;711.2;52;0;;0;2;1502
350656;1786991405941;2.5;64;49.5;0.0;0.0;0.0;1509_direct_carried;;;;711.2;25;0;;0;2;1505
350870;1786991406155;2.5;64;49.5;0.0;0.0;0.0;1509_direct_carried;;;;711.2;25;0;;0;2;1506
351287;1786991406572;2.5;64;49.5;0.0;0.0;0.0;1509_direct_carried;;;;711.2;25;0;;0;2;1508
351492;1786991406777;2.5;64;49.5;0.0;0.0;0.0;1509_direct;;;;711.2;25;0;;0;2;1509
351703;1786991406988;2.5;64;49.5;0.0;0.0;0.0;1509_direct_carried;;;;711.2;25;0;;0;2;150A
351906;1786991407191;2.5;64;49.5;0.0;0.0;0.0;1509_direct_carried;;;;711.2;25;0;;0;2;150B
352118;1786991407403;2.5;64;49.5;0.0;0.0;0.0;1509_direct_carried;;;;711.2;25;0;;0;2;150D
353166;1786991408451;2.5;64;49.5;0.0;0.0;0.0;1509_direct_carried;;;;711.2;25;0;;0;2;1502
353581;1786991408866;3.0;64;49.5;0.0;0.0;0.0;1509_direct_carried;;;;711.2;30;0;;0;2;1505
353783;1786991409068;3.0;64;49.5;0.0;0.0;0.0;1509_direct_carried;;;;711.2;30;0;;0;2;1506
354200;1786991409485;3.0;64;49.5;0.0;0.0;0.0;1509_direct_carried;;;;711.2;30;0;;0;2;1508
354414;1786991409699;3.0;64;49.5;0.0;0.0;0.0;1509_direct;;;;711.2;30;0;;0;2;1509
354616;1786991409901;3.0;64;49.5;0.0;0.0;0.0;1509_direct_carried;;;;711.2;30;0;;0;2;150A
354830;1786991410115;3.0;64;49.5;0.0;0.0;0.0;1509_direct_carried;;;;711.2;30;0;;0;2;150B
355042;1786991410327;3.0;64;49.5;0.0;0.0;0.0;1509_direct_carried;;;;711.2;30;0;;0;2;150D
356079;1786991411364;3.0;64;49.5;0.0;0.0;0.0;1509_direct_carried;;;;711.2;30;0;;0;2;1502
356495;1786991411780;3.9;64;49.5;0.0;0.0;0.0;1509_direct_carried;;;;711.2;39;0;;0;2;1505
356708;1786991411993;3.9;64;49.5;0.0;0.0;0.0;1509_direct_carried;;;;711.2;39;0;;0;2;1506
357125;1786991412410;3.9;64;49.5;0.0;0.0;0.0;1509_direct_carried;;;;711.2;39;0;;0;2;1508
357328;1786991412613;3.9;64;49.5;0.0;0.0;0.0;1509_direct;;;;711.2;39;0;;0;2;1509
357542;1786991412827;3.9;64;49.5;0.0;0.0;0.0;1509_direct_carried;;;;711.2;39;0;;0;2;150A
357756;1786991413041;3.9;64;49.5;0.0;0.0;0.0;1509_direct_carried;;;;711.2;39;0;;0;2;150B
357960;1786991413245;3.9;64;49.5;0.0;0.0;0.0;1509_direct_carried;;;;711.2;39;0;;0;2;150D
359005;1786991414290;3.9;64;49.5;0.0;0.0;0.0;1509_direct_carried;;;;711.2;39;0;;0;2;1502
359420;1786991414705;4.4;64;49.5;0.0;0.0;0.0;1509_direct_carried;;;;711.2;44;0;;0;2;1505
359624;1786991414909;4.4;64;49.5;0.0;0.0;0.0;1509_direct_carried;;;;711.2;44;0;;0;2;1506
360038;1786991415323;4.4;64;49.5;0.0;0.0;0.0;1509_direct_carried;;;;711.2;44;0;;0;2;1508
360252;1786991415537;4.4;64;49.4;0.0;0.0;0.0;1509_direct;;;;711.2;44;0;;0;2;1509
360458;1786991415743;4.4;64;49.4;0.0;0.0;0.0;1509_direct_carried;;;;711.2;44;0;;0;2;150A
360668;1786991415953;4.4;64;49.4;0.0;0.0;0.0;1509_direct_carried;;;;711.2;44;0;;0;2;150B
360884;1786991416169;4.4;64;49.4;0.0;0.0;0.0;1509_direct_carried;;;;711.2;44;0;;0;2;150D
361917;1786991417202;4.4;64;49.4;0.0;0.0;0.0;1509_direct_carried;;;;711.2;44;0;;0;2;1502
362334;1786991417619;4.8;64;49.4;0.0;0.0;0.0;1509_direct_carried;;;;711.2;48;0;;0;2;1505
362547;1786991417832;4.8;64;49.4;0.0;0.0;0.0;1509_direct_carried;;;;711.2;48;0;;0;2;1506
362964;1786991418249;4.8;64;49.4;0.0;0.0;0.0;1509_direct_carried;;;;711.2;48;0;;0;2;1508
363178;1786991418463;4.8;64;49.4;0.0;0.0;0.0;1509_direct;;;;711.2;48;0;;0;2;1509
363381;1786991418666;4.8;64;49.4;0.0;0.0;0.0;1509_direct_carried;;;;711.2;48;0;;0;2;150A
363595;1786991418880;4.8;64;49.4;0.0;0.0;0.0;1509_direct_carried;;;;711.2;48;0;;0;2;150B
363796;1786991419081;4.8;64;49.4;0.0;0.0;0.0;1509_direct_carried;;;;711.2;48;0;;0;2;150D
364842;1786991420127;4.8;64;49.4;0.0;0.0;0.0;1509_direct_carried;;;;711.2;48;0;;0;2;1502
365260;1786991420545;5.2;64;49.4;0.0;0.0;0.0;1509_direct_carried;;;;711.2;52;0;;0;2;1505
365474;1786991420759;5.2;64;49.4;0.0;0.0;0.0;1509_direct_carried;;;;711.2;52;0;;0;2;1506
365888;1786991421173;5.2;64;49.4;0.0;0.0;0.0;1509_direct_carried;;;;711.2;52;0;;0;2;1508
366093;1786991421378;5.2;64;49.5;0.0;0.0;0.0;1509_direct;;;;711.2;52;0;;0;2;1509
366306;1786991421591;5.2;64;49.5;0.0;0.0;0.0;1509_direct_carried;;;;711.2;52;0;;0;2;150A
366509;1786991421794;5.2;64;49.5;0.0;0.0;0.0;1509_direct_carried;;;;711.2;52;0;;0;2;150B
366722;1786991422007;5.2;64;49.5;0.0;0.0;0.0;1509_direct_carried;;;;711.2;52;0;;0;2;150D
367755;1786991423040;5.2;64;49.5;0.0;0.0;0.0;1509_direct_carried;;;;711.2;52;0;;0;2;1502
368183;1786991423468;3.5;64;49.5;0.0;0.0;0.0;1509_direct_carried;;;;711.2;35;0;;0;2;1505
368387;1786991423672;3.5;64;49.5;0.0;0.0;0.0;1509_direct_carried;;;;711.2;35;0;;0;2;1506
368802;1786991424087;3.5;64;49.5;0.0;0.0;0.0;1509_direct_carried;;;;711.2;35;0;;0;2;1508
369017;1786991424302;3.5;64;49.5;0.0;0.0;0.0;1509_direct;;;;711.2;35;0;;0;2;1509
369221;1786991424506;3.5;64;49.5;0.0;0.0;0.0;1509_direct_carried;;;;711.2;35;0;;0;2;150A
369432;1786991424717;3.5;64;49.5;0.0;0.0;0.0;1509_direct_carried;;;;711.2;35;0;;0;2;150B
369636;1786991424921;3.5;64;49.5;0.0;0.0;0.0;1509_direct_carried;;;;711.2;35;0;;0;2;150D
370682;1786991425967;3.5;64;49.5;0.0;0.0;0.0;1509_direct_carried;;;;711.2;35;0;;0;2;1502
371098;1786991426383;3.8;64;49.5;0.0;0.0;0.0;1509_direct_carried;;;;711.2;38;0;;0;2;1505
371312;1786991426597;3.8;64;49.5;0.0;0.0;0.0;1509_direct_carried;;;;711.2;38;0;;0;2;1506
371729;1786991427014;3.8;64;49.5;0.0;0.0;0.0;1509_direct_carried;;;;711.2;38;0;;0;2;1508
371932;1786991427217;3.8;64;49.5;0.0;0.0;0.0;1509_direct;;;;711.2;38;0;;0;2;1509
372145;1786991427430;3.8;64;49.5;0.0;0.0;0.0;1509_direct_carried;;;;711.2;38;0;;0;2;150A
372346;1786991427631;3.8;64;49.5;0.0;0.0;0.0;1509_direct_carried;;;;711.2;38;0;;0;2;150B
372560;1786991427845;3.8;64;49.5;0.0;0.0;0.0;1509_direct_carried;;;;711.2;38;0;;0;2;150D
373608;1786991428893;3.8;64;49.5;0.0;0.0;0.0;1509_direct_carried;;;;711.2;38;0;;0;2;1502
374024;1786991429309;3.9;64;49.5;0.0;0.0;0.0;1509_direct_carried;;;;711.2;39;0;;0;2;1505
374226;1786991429511;3.9;64;49.5;0.0;0.0;0.0;1509_direct_carried;;;;711.2;39;0;;0;2;1506
374641;1786991429926;3.9;64;49.5;0.0;0.0;0.0;1509_direct_carried;;;;711.2;39;0;;0;2;1508
374856;1786991430141;3.9;64;49.5;0.0;0.0;0.0;1509_direct;;;;711.2;39;0;;0;2;1509
375058;1786991430343;3.9;64;49.5;0.0;0.0;0.0;1509_direct_carried;;;;711.2;39;0;;0;2;150A
375272;1786991430557;3.9;64;49.5;0.0;0.0;0.0;1509_direct_carried;;;;711.2;39;0;;0;2;150B
375475;1786991430760;3.9;64;49.5;0.0;0.0;0.0;1509_direct_carried;;;;711.2;39;0;;0;2;150D
376520;1786991431805;3.9;64;49.5;0.0;0.0;0.0;1509_direct_carried;;;;711.2;39;0;;0;2;1502
376937;1786991432222;4.4;64;49.5;0.0;0.0;0.0;1509_direct_carried;;;;711.2;44;0;;0;2;1505
377152;1786991432437;4.4;64;49.5;0.0;0.0;0.0;1509_direct_carried;;;;711.2;44;0;;0;2;1506
377569;1786991432854;4.4;64;49.5;0.0;0.0;0.0;1509_direct_carried;;;;711.2;44;0;;0;2;1508
377768;1786991433053;4.4;64;49.5;0.0;0.0;0.0;1509_direct;;;;711.2;44;0;;0;2;1509
377985;1786991433270;4.4;64;49.5;0.0;0.0;0.0;1509_direct_carried;;;;711.2;44;0;;0;2;150A
378197;1786991433482;4.4;64;49.5;0.0;0.0;0.0;1509_direct_carried;;;;711.2;44;0;;0;2;150B
378401;1786991433686;4.4;64;49.5;0.0;0.0;0.0;1509_direct_carried;;;;711.2;44;0;;0;2;150D
379445;1786991434730;4.4;64;49.5;0.0;0.0;0.0;1509_direct_carried;;;;711.2;44;0;;0;2;1502
379861;1786991435146;4.4;64;49.5;0.0;0.0;0.0;1509_direct_carried;;;;711.2;44;0;;0;2;1505
380064;1786991435349;4.4;64;49.5;0.0;0.0;0.0;1509_direct_carried;;;;711.2;44;0;;0;2;1506
380481;1786991435766;4.4;64;49.5;0.0;0.0;0.0;1509_direct_carried;;;;711.2;44;0;;0;2;1508
380695;1786991435980;4.4;64;49.5;0.0;0.0;0.0;1509_direct;;;;711.2;44;0;;0;2;1509
380898;1786991436183;4.4;64;49.5;0.0;0.0;0.0;1509_direct_carried;;;;711.2;44;0;;0;2;150A
381112;1786991436397;4.4;64;49.5;0.0;0.0;0.0;1509_direct_carried;;;;711.2;44;0;;0;2;150B
381327;1786991436612;4.4;64;49.5;0.0;0.0;0.0;1509_direct_carried;;;;711.2;44;0;;0;2;150D
382359;1786991437644;4.4;64;49.5;0.0;0.0;0.0;1509_direct_carried;;;;711.2;44;0;;0;2;1502
382776;1786991438061;3.8;64;49.5;0.0;0.0;0.0;1509_direct_carried;;;;711.2;38;0;;0;2;1505
382990;1786991438275;3.8;64;49.5;0.0;0.0;0.0;1509_direct_carried;;;;711.2;38;0;;0;2;1506
383406;1786991438691;3.8;64;49.5;0.0;0.0;0.0;1509_direct_carried;;;;711.2;38;0;;0;2;1508
383620;1786991438905;3.8;64;49.4;0.0;0.0;0.0;1509_direct;;;;711.2;38;0;;0;2;1509
383822;1786991439107;3.8;64;49.4;0.0;0.0;0.0;1509_direct_carried;;;;711.2;38;0;;0;2;150A
384036;1786991439321;3.8;64;49.4;0.0;0.0;0.0;1509_direct_carried;;;;711.2;38;0;;0;2;150B
384236;1786991439521;3.8;64;49.4;0.0;0.0;0.0;1509_direct_carried;;;;711.2;38;0;;0;2;150D
385285;1786991440570;3.8;64;49.4;0.0;0.0;0.0;1509_direct_carried;;;;711.2;38;0;;0;2;1502
385700;1786991440985;4.1;64;49.4;0.0;0.0;0.0;1509_direct_carried;;;;711.2;41;0;;0;2;1505
385904;1786991441189;4.1;64;49.4;0.0;0.0;0.0;1509_direct_carried;;;;711.2;41;0;;0;2;1506
386344;1786991441629;4.1;64;49.4;0.0;0.0;0.0;1509_direct_carried;;;;711.2;41;0;;0;2;1508
386533;1786991441818;4.1;64;49.5;0.0;0.0;0.0;1509_direct;;;;711.2;41;0;;0;2;1509
386748;1786991442033;4.1;64;49.5;0.0;0.0;0.0;1509_direct_carried;;;;711.2;41;0;;0;2;150A
386950;1786991442235;4.1;64;49.5;0.0;0.0;0.0;1509_direct_carried;;;;711.2;41;0;;0;2;150B
387164;1786991442449;4.1;64;49.5;0.0;0.0;0.0;1509_direct_carried;;;;711.2;41;0;;0;2;150D
388198;1786991443483;4.1;64;49.5;0.0;0.0;0.0;1509_direct_carried;;;;711.2;41;0;;0;2;1502
388626;1786991443911;3.8;64;49.5;0.0;0.0;0.0;1509_direct_carried;;;;711.2;38;0;;0;2;1505
388828;1786991444113;3.8;64;49.5;0.0;0.0;0.0;1509_direct_carried;;;;711.2;38;0;;0;2;1506
389245;1786991444530;3.8;64;49.5;0.0;0.0;0.0;1509_direct_carried;;;;711.2;38;0;;0;2;1508
389460;1786991444745;3.8;64;49.5;0.0;0.0;0.0;1509_direct;;;;711.2;38;0;;0;2;1509
389674;1786991444959;3.8;64;49.5;0.0;0.0;0.0;1509_direct_carried;;;;711.2;38;0;;0;2;150A
389877;1786991445162;3.8;64;49.5;0.0;0.0;0.0;1509_direct_carried;;;;711.2;38;0;;0;2;150B
390078;1786991445363;3.8;64;49.5;0.0;0.0;0.0;1509_direct_carried;;;;711.2;38;0;;0;2;150D
391124;1786991446409;3.8;64;49.5;0.0;0.0;0.0;1509_direct_carried;;;;711.2;38;0;;0;2;1502
391541;1786991446826;5.4;64;49.5;0.0;0.0;0.0;1509_direct_carried;;;;711.2;54;0;;0;2;1505
391755;1786991447040;5.4;64;49.5;0.0;0.0;0.0;1509_direct_carried;;;;711.2;54;0;;0;2;1506
392173;1786991447458;5.4;64;49.5;0.0;0.0;0.0;1509_direct_carried;;;;711.2;54;0;;0;2;1508
392373;1786991447658;5.4;64;49.5;0.0;0.0;0.0;1509_direct;;;;711.2;54;0;;0;2;1509
392588;1786991447873;5.4;64;49.5;0.0;0.0;0.0;1509_direct_carried;;;;711.2;54;0;;0;2;150A
392790;1786991448075;5.4;64;49.5;0.0;0.0;0.0;1509_direct_carried;;;;711.2;54;0;;0;2;150B
393003;1786991448288;5.4;64;49.5;0.0;0.0;0.0;1509_direct_carried;;;;711.2;54;0;;0;2;150D
394049;1786991449334;5.4;64;49.5;0.0;0.0;0.0;1509_direct_carried;;;;711.2;54;0;;0;2;1502
394466;1786991449751;4.6;64;49.5;0.0;0.0;0.0;1509_direct_carried;;;;711.2;46;0;;0;2;1505
394670;1786991449955;4.6;64;49.5;0.0;0.0;0.0;1509_direct_carried;;;;711.2;46;0;;0;2;1506
395084;1786991450369;4.6;64;49.5;0.0;0.0;0.0;1509_direct_carried;;;;711.2;46;0;;0;2;1508
395298;1786991450583;4.6;64;49.5;0.0;0.0;0.0;1509_direct;;;;711.2;46;0;;0;2;1509
395500;1786991450785;4.6;64;49.5;0.0;0.0;0.0;1509_direct_carried;;;;711.2;46;0;;0;2;150A
395713;1786991450998;4.6;64;49.5;0.0;0.0;0.0;1509_direct_carried;;;;711.2;46;0;;0;2;150B
395917;1786991451202;4.6;64;49.5;0.0;0.0;0.0;1509_direct_carried;;;;711.2;46;0;;0;2;150D
396963;1786991452248;4.6;64;49.5;0.0;0.0;0.0;1509_direct_carried;;;;711.2;46;0;;0;2;1502
397379;1786991452664;4.5;64;49.5;0.0;0.0;0.0;1509_direct_carried;;;;711.2;45;0;;0;2;1505
397594;1786991452879;4.5;64;49.5;0.0;0.0;0.0;1509_direct_carried;;;;711.2;45;0;;0;2;1506
398009;1786991453294;4.5;64;49.5;0.0;0.0;0.0;1509_direct_carried;;;;711.2;45;0;;0;2;1508
398211;1786991453496;4.5;64;49.5;0.0;0.0;0.0;1509_direct;;;;711.2;45;0;;0;2;1509
398426;1786991453711;4.5;64;49.5;0.0;0.0;0.0;1509_direct_carried;;;;711.2;45;0;;0;2;150A
398628;1786991453913;4.5;64;49.5;0.0;0.0;0.0;1509_direct_carried;;;;711.2;45;0;;0;2;150B
398842;1786991454127;4.5;64;49.5;0.0;0.0;0.0;1509_direct_carried;;;;711.2;45;0;;0;2;150D
399888;1786991455173;4.5;64;49.5;0.0;0.0;0.0;1509_direct_carried;;;;711.2;45;0;;0;2;1502
400302;1786991455587;4.0;64;49.5;0.0;0.0;0.0;1509_direct_carried;;;;711.2;40;0;;0;2;1505
400507;1786991455792;4.0;64;49.5;0.0;0.0;0.0;1509_direct_carried;;;;711.2;40;0;;0;2;1506
400923;1786991456208;4.0;64;49.5;0.0;0.0;0.0;1509_direct_carried;;;;711.2;40;0;;0;2;1508
401136;1786991456421;4.0;64;49.5;0.0;0.0;0.0;1509_direct;;;;711.2;40;0;;0;2;1509
401340;1786991456625;4.0;64;49.5;0.0;0.0;0.0;1509_direct_carried;;;;711.2;40;0;;0;2;150A
401554;1786991456839;4.0;64;49.5;0.0;0.0;0.0;1509_direct_carried;;;;711.2;40;0;;0;2;150B
401766;1786991457051;4.0;64;49.5;0.0;0.0;0.0;1509_direct_carried;;;;711.2;40;0;;0;2;150D
402801;1786991458086;4.0;64;49.5;0.0;0.0;0.0;1509_direct_carried;;;;711.2;40;0;;0;2;1502
403218;1786991458503;4.0;64;49.5;0.0;0.0;0.0;1509_direct_carried;;;;711.2;40;0;;0;2;1505
403433;1786991458718;4.0;64;49.5;0.0;0.0;0.0;1509_direct_carried;;;;711.2;40;0;;0;2;1506
403851;1786991459136;4.0;64;49.5;0.0;0.0;0.0;1509_direct_carried;;;;711.2;40;0;;0;2;1508
404051;1786991459336;4.0;64;49.5;0.0;0.0;0.0;1509_direct;;;;711.2;40;0;;0;2;1509
404266;1786991459551;4.0;64;49.5;0.0;0.0;0.0;1509_direct_carried;;;;711.2;40;0;;0;2;150A
404479;1786991459764;4.0;64;49.5;0.0;0.0;0.0;1509_direct_carried;;;;711.2;40;0;;0;2;150B
404682;1786991459967;4.0;64;49.5;0.0;0.0;0.0;1509_direct_carried;;;;711.2;40;0;;0;2;150D
405729;1786991461014;4.0;64;49.5;0.0;0.0;0.0;1509_direct_carried;;;;711.2;40;0;;0;2;1502
406146;1786991461431;4.5;64;49.5;0.0;0.0;0.0;1509_direct_carried;;;;711.2;45;0;;0;2;1505
406346;1786991461631;4.5;64;49.5;0.0;0.0;0.0;1509_direct_carried;;;;711.2;45;0;;0;2;1506
406774;1786991462059;4.5;64;49.5;0.0;0.0;0.0;1509_direct_carried;;;;711.2;45;0;;0;2;1508
406976;1786991462261;4.5;64;49.6;0.0;0.0;0.0;1509_direct;;;;711.2;45;0;;0;2;1509
407192;1786991462477;4.5;64;49.6;0.0;0.0;0.0;1509_direct_carried;;;;711.2;45;0;;0;2;150A
407392;1786991462677;4.5;64;49.6;0.0;0.0;0.0;1509_direct_carried;;;;711.2;45;0;;0;2;150B
407608;1786991462893;4.5;64;49.6;0.0;0.0;0.0;1509_direct_carried;;;;711.2;45;0;;0;2;150D
408641;1786991463926;4.5;64;49.6;0.0;0.0;0.0;1509_direct_carried;;;;711.2;45;0;;0;2;1502
409069;1786991464354;5.3;64;49.6;0.0;0.0;0.0;1509_direct_carried;;;;711.2;53;0;;0;2;1505
409272;1786991464557;5.3;64;49.6;0.0;0.0;0.0;1509_direct_carried;;;;711.2;53;0;;0;2;1506
409687;1786991464972;5.3;64;49.6;0.0;0.0;0.0;1509_direct_carried;;;;711.2;53;0;;0;2;1508
409901;1786991465186;5.3;64;49.5;0.0;0.0;0.0;1509_direct;;;;711.2;53;0;;0;2;1509
410103;1786991465388;5.3;64;49.5;0.0;0.0;0.0;1509_direct_carried;;;;711.2;53;0;;0;2;150A
410318;1786991465603;5.3;64;49.5;0.0;0.0;0.0;1509_direct_carried;;;;711.2;53;0;;0;2;150B
410520;1786991465805;5.3;64;49.5;0.0;0.0;0.0;1509_direct_carried;;;;711.2;53;0;;0;2;150D
411566;1786991466851;5.3;64;49.5;0.0;0.0;0.0;1509_direct_carried;;;;711.2;53;0;;0;2;1502
411982;1786991467267;3.5;64;49.5;0.0;0.0;0.0;1509_direct_carried;;;;711.2;35;0;;0;2;1505
412196;1786991467481;3.5;64;49.5;0.0;0.0;0.0;1509_direct_carried;;;;711.2;35;0;;0;2;1506
412613;1786991467898;3.5;64;49.5;0.0;0.0;0.0;1509_direct_carried;;;;711.2;35;0;;0;2;1508
412815;1786991468100;3.5;64;49.5;0.0;0.0;0.0;1509_direct;;;;711.2;35;0;;0;2;1509
413029;1786991468314;3.5;64;49.5;0.0;0.0;0.0;1509_direct_carried;;;;711.2;35;0;;0;2;150A
413229;1786991468514;3.5;64;49.5;0.0;0.0;0.0;1509_direct_carried;;;;711.2;35;0;;0;2;150B
413444;1786991468729;3.5;64;49.5;0.0;0.0;0.0;1509_direct_carried;;;;711.2;35;0;;0;2;150D
414492;1786991469777;3.5;64;49.5;0.0;0.0;0.0;1509_direct_carried;;;;711.2;35;0;;0;2;1502
414909;1786991470194;4.1;64;49.5;0.0;0.0;0.0;1509_direct_carried;;;;711.2;41;0;;0;2;1505
415110;1786991470395;4.1;64;49.5;0.0;0.0;0.0;1509_direct_carried;;;;711.2;41;0;;0;2;1506
415526;1786991470811;4.1;64;49.5;0.0;0.0;0.0;1509_direct_carried;;;;711.2;41;0;;0;2;1508
415740;1786991471025;4.1;64;49.5;0.0;0.0;0.0;1509_direct;;;;711.2;41;0;;0;2;1509
415942;1786991471227;4.1;64;49.5;0.0;0.0;0.0;1509_direct_carried;;;;711.2;41;0;;0;2;150A
416158;1786991471443;4.1;64;49.5;0.0;0.0;0.0;1509_direct_carried;;;;711.2;41;0;;0;2;150B
416359;1786991471644;4.1;64;49.5;0.0;0.0;0.0;1509_direct_carried;;;;711.2;41;0;;0;2;150D
417405;1786991472690;4.1;64;49.5;0.0;0.0;0.0;1509_direct_carried;;;;711.2;41;0;;0;2;1502
417822;1786991473107;3.5;64;49.5;0.0;0.0;0.0;1509_direct_carried;;;;711.2;35;0;;0;2;1505
418036;1786991473321;3.5;64;49.5;0.0;0.0;0.0;1509_direct_carried;;;;711.3;35;0;;0;2;1506
418452;1786991473737;3.5;64;49.5;0.0;0.0;0.0;1509_direct_carried;;;;711.3;35;0;;0;2;1508
418655;1786991473940;3.5;64;49.5;0.0;0.0;0.0;1509_direct;;;;711.3;35;0;;0;2;1509
418869;1786991474154;3.5;64;49.5;0.0;0.0;0.0;1509_direct_carried;;;;711.3;35;0;;0;2;150A
419082;1786991474367;3.5;64;49.5;0.0;0.0;0.0;1509_direct_carried;;;;711.3;35;0;;0;2;150B
419284;1786991474569;3.5;64;49.5;0.0;0.0;0.0;1509_direct_carried;;;;711.3;35;0;;0;2;150D
420330;1786991475615;3.5;64;49.5;0.0;0.0;0.0;1509_direct_carried;;;;711.3;35;0;;0;2;1502
420748;1786991476033;3.3;64;49.5;0.0;0.0;0.0;1509_direct_carried;;;;711.3;33;0;;0;2;1505
420949;1786991476234;3.3;64;49.5;0.0;0.0;0.0;1509_direct_carried;;;;711.3;33;0;;0;2;1506
421365;1786991476650;3.3;64;49.5;0.0;0.0;0.0;1509_direct_carried;;;;711.3;33;0;;0;2;1508
421580;1786991476865;3.3;64;49.4;1.0;49.0;49.4;1509_direct;;;;711.3;33;49;;0;2;1509
421781;1786991477066;3.3;64;49.4;1.0;49.0;49.4;1509_direct_carried;;;;711.3;33;49;;0;2;150A
421995;1786991477280;3.3;64;49.4;1.0;49.0;49.4;1509_direct_carried;;;;711.3;33;49;;0;2;150B
422210;1786991477495;3.3;64;49.4;1.0;49.0;49.4;1509_direct_carried;;;;711.3;33;49;;0;2;150D
423247;1786991478532;3.3;64;49.4;1.0;49.0;49.4;1509_direct_carried;;;;711.3;33;49;;0;2;1502
423662;1786991478947;3.2;64;49.4;1.0;49.0;49.4;1509_direct_carried;;;;711.3;32;49;;0;2;1505
423874;1786991479159;3.2;64;49.4;1.0;49.0;49.4;1509_direct_carried;;;;711.3;32;49;;0;2;1506
424292;1786991479577;3.2;64;49.4;1.0;49.0;49.4;1509_direct_carried;;;;711.3;32;49;;0;2;1508
424495;1786991479780;3.2;64;49.5;1.0;98.0;49.5;1509_direct;;;;711.3;32;98;;0;2;1509
424707;1786991479992;3.2;64;49.5;1.0;98.0;49.5;1509_direct_carried;;;;711.3;32;98;;0;2;150A
424922;1786991480207;3.2;64;49.5;1.0;98.0;49.5;1509_direct_carried;;;;711.3;32;98;;0;2;150B
425126;1786991480411;3.2;64;49.5;1.0;98.0;49.5;1509_direct_carried;;;;711.3;32;98;;0;2;150D
426169;1786991481454;3.2;64;49.5;1.0;98.0;49.5;1509_direct_carried;;;;711.3;32;98;;0;2;1502
426586;1786991481871;4.9;64;49.5;1.0;98.0;49.5;1509_direct_carried;;;;711.3;49;98;;0;2;1505
426788;1786991482073;4.9;64;49.5;1.0;98.0;49.5;1509_direct_carried;;;;711.3;49;98;;0;2;1506
427215;1786991482500;4.9;64;49.5;1.0;98.0;49.5;1509_direct_carried;;;;711.3;49;98;;0;2;1508
427418;1786991482703;4.9;64;49.5;0.0;0.0;0.0;1509_direct;;;;711.3;49;0;;0;2;1509
427631;1786991482916;4.9;64;49.5;0.0;0.0;0.0;1509_direct_carried;;;;711.3;49;0;;0;2;150A
427835;1786991483120;4.9;64;49.5;0.0;0.0;0.0;1509_direct_carried;;;;711.3;49;0;;0;2;150B
428048;1786991483333;4.9;64;49.5;0.0;0.0;0.0;1509_direct_carried;;;;711.3;49;0;;0;2;150D
429083;1786991484368;4.9;64;49.5;0.0;0.0;0.0;1509_direct_carried;;;;711.3;49;0;;0;2;1502
429499;1786991484784;4.3;64;49.5;0.0;0.0;0.0;1509_direct_carried;;;;711.3;43;0;;0;2;1505
429713;1786991484998;4.3;64;49.5;0.0;0.0;0.0;1509_direct_carried;;;;711.3;43;0;;0;2;1506
430130;1786991485415;4.3;64;49.5;0.0;0.0;0.0;1509_direct_carried;;;;711.3;43;0;;0;2;1508
430345;1786991485630;4.3;64;49.3;1.0;49.0;49.3;1509_direct;;;;711.3;43;49;;0;2;1509
430545;1786991485830;4.3;64;49.3;1.0;49.0;49.3;1509_direct_carried;;;;711.3;43;49;;0;2;150A
430761;1786991486046;4.3;64;49.3;1.0;49.0;49.3;1509_direct_carried;;;;711.3;43;49;;0;2;150B
430962;1786991486247;4.3;64;49.3;1.0;49.0;49.3;1509_direct_carried;;;;711.3;43;49;;0;2;150D
432008;1786991487293;4.3;64;49.3;1.0;49.0;49.3;1509_direct_carried;;;;711.3;43;49;;0;2;1502
432424;1786991487709;4.3;64;49.3;1.0;49.0;49.3;1509_direct_carried;;;;711.3;43;49;;0;2;1505
432639;1786991487924;4.3;64;49.3;1.0;49.0;49.3;1509_direct_carried;;;;711.3;43;49;;0;2;1506
433056;1786991488341;4.3;64;49.3;1.0;49.0;49.3;1509_direct_carried;;;;711.3;43;49;;0;2;1508
433255;1786991488540;4.3;64;49.5;0.0;0.0;0.0;1509_direct;;;;711.3;43;0;;0;2;1509
433473;1786991488758;4.3;64;49.5;0.0;0.0;0.0;1509_direct_carried;;;;711.3;43;0;;0;2;150A
433676;1786991488961;4.3;64;49.5;0.0;0.0;0.0;1509_direct_carried;;;;711.3;43;0;;0;2;150B
433888;1786991489173;4.3;64;49.5;0.0;0.0;0.0;1509_direct_carried;;;;711.3;43;0;;0;2;150D
434923;1786991490208;4.3;64;49.5;0.0;0.0;0.0;1509_direct_carried;;;;711.3;43;0;;0;2;1502
435353;1786991490638;3.5;64;49.5;0.0;0.0;0.0;1509_direct_carried;;;;711.3;35;0;;0;2;1505
435554;1786991490839;3.5;64;49.5;0.0;0.0;0.0;1509_direct_carried;;;;711.3;35;0;;0;2;1506
435969;1786991491254;3.5;64;49.5;0.0;0.0;0.0;1509_direct_carried;;;;711.3;35;0;;0;2;1508
436182;1786991491467;3.5;64;49.4;0.0;0.0;0.0;1509_direct;;;;711.3;35;0;;0;2;1509
436386;1786991491671;3.5;64;49.4;0.0;0.0;0.0;1509_direct_carried;;;;711.3;35;0;;0;2;150A
436598;1786991491883;3.5;64;49.4;0.0;0.0;0.0;1509_direct_carried;;;;711.3;35;0;;0;2;150B
436800;1786991492085;3.5;64;49.4;0.0;0.0;0.0;1509_direct_carried;;;;711.3;35;0;;0;2;150D
437846;1786991493131;3.5;64;49.4;0.0;0.0;0.0;1509_direct_carried;;;;711.3;35;0;;0;2;1502
438264;1786991493549;3.5;64;49.4;0.0;0.0;0.0;1509_direct_carried;;;;711.3;35;0;;0;2;1505
438478;1786991493763;3.5;64;49.4;0.0;0.0;0.0;1509_direct_carried;;;;711.3;35;0;;0;2;1506
438893;1786991494178;3.5;64;49.4;0.0;0.0;0.0;1509_direct_carried;;;;711.3;35;0;;0;2;1508
439095;1786991494380;3.5;64;49.4;0.0;0.0;0.0;1509_direct;;;;711.3;35;0;;0;2;1509
439312;1786991494597;3.5;64;49.4;0.0;0.0;0.0;1509_direct_carried;;;;711.3;35;0;;0;2;150A
439513;1786991494798;3.5;64;49.4;0.0;0.0;0.0;1509_direct_carried;;;;711.3;35;0;;0;2;150B
439727;1786991495012;3.5;64;49.4;0.0;0.0;0.0;1509_direct_carried;;;;711.3;35;0;;0;2;150D
440773;1786991496058;3.5;64;49.4;0.0;0.0;0.0;1509_direct_carried;;;;711.3;35;0;;0;2;1502
441188;1786991496473;3.4;64;49.4;0.0;0.0;0.0;1509_direct_carried;;;;711.3;34;0;;0;2;1505
441391;1786991496676;3.4;64;49.4;0.0;0.0;0.0;1509_direct_carried;;;;711.3;34;0;;0;2;1506
441808;1786991497093;3.4;64;49.4;0.0;0.0;0.0;1509_direct_carried;;;;711.3;34;0;;1;2;1508
442021;1786991497306;3.4;64;49.5;0.0;0.0;0.0;1509_direct;;;;711.3;34;0;;1;2;1509
442223;1786991497508;3.4;64;49.5;0.0;0.0;0.0;1509_direct_carried;;;;711.3;34;0;;1;2;150A
442440;1786991497725;3.4;64;49.5;0.0;0.0;0.0;1509_direct_carried;;;;711.3;34;0;;1;2;150B
442652;1786991497937;3.4;64;49.5;0.0;0.0;0.0;1509_direct_carried;;;;711.3;34;0;;1;2;150D
443685;1786991498970;3.4;64;49.5;0.0;0.0;0.0;1509_direct_carried;;;;711.3;34;0;;1;2;1502
444103;1786991499388;3.0;64;49.5;0.0;0.0;0.0;1509_direct_carried;;;;711.3;30;0;;1;2;1505
444314;1786991499599;3.0;64;49.5;0.0;0.0;0.0;1509_direct_carried;;;;711.3;30;0;;1;2;1506
444731;1786991500016;3.0;64;49.5;0.0;0.0;0.0;1509_direct_carried;;;;711.3;30;0;;1;2;1508
444936;1786991500221;3.0;64;49.5;0.0;0.0;0.0;1509_direct;;;;711.3;30;0;;1;2;1509
445149;1786991500434;3.0;64;49.5;0.0;0.0;0.0;1509_direct_carried;;;;711.3;30;0;;1;2;150A
445365;1786991500650;3.0;64;49.5;0.0;0.0;0.0;1509_direct_carried;;;;711.3;30;0;;1;2;150B
445565;1786991500850;3.0;64;49.5;0.0;0.0;0.0;1509_direct_carried;;;;711.3;30;0;;1;2;150D
446613;1786991501898;3.0;64;49.5;0.0;0.0;0.0;1509_direct_carried;;;;711.3;30;0;;1;2;1502
447027;1786991502312;3.0;64;49.5;0.0;0.0;0.0;1509_direct_carried;;;;711.3;30;0;;1;2;1505
447231;1786991502516;3.0;64;49.5;0.0;0.0;0.0;1509_direct_carried;;;;711.3;30;0;;1;2;1506
447647;1786991502932;3.0;64;49.5;0.0;0.0;0.0;1509_direct_carried;;;;711.3;30;0;;1;2;1508
447863;1786991503148;3.0;64;49.5;0.0;0.0;0.0;1509_direct;;;;711.3;30;0;;1;2;1509
448064;1786991503349;3.0;64;49.5;0.0;0.0;0.0;1509_direct_carried;;;;711.3;30;0;;1;2;150A
448278;1786991503563;3.0;64;49.5;0.0;0.0;0.0;1509_direct_carried;;;;711.3;30;0;;1;2;150B
448491;1786991503776;3.0;64;49.5;0.0;0.0;0.0;1509_direct_carried;;;;711.3;30;0;;1;2;150D
449529;1786991504814;3.0;64;49.5;0.0;0.0;0.0;1509_direct_carried;;;;711.3;30;0;;1;2;1502
449942;1786991505227;3.8;64;49.5;0.0;0.0;0.0;1509_direct_carried;;;;711.3;38;0;;1;2;1505
450157;1786991505442;3.8;64;49.5;0.0;0.0;0.0;1509_direct_carried;;;;711.3;38;0;;1;2;1506
450572;1786991505857;3.8;64;49.5;0.0;0.0;0.0;1509_direct_carried;;;;711.3;38;0;;1;2;1508
450785;1786991506070;3.8;64;49.5;0.0;0.0;0.0;1509_direct;;;;711.3;38;0;;1;2;1509
450989;1786991506274;3.8;64;49.5;0.0;0.0;0.0;1509_direct_carried;;;;711.3;38;0;;1;2;150A
451201;1786991506486;3.8;64;49.5;0.0;0.0;0.0;1509_direct_carried;;;;711.3;38;0;;1;2;150B
451405;1786991506690;3.8;64;49.5;0.0;0.0;0.0;1509_direct_carried;;;;711.3;38;0;;1;2;150D
452451;1786991507736;3.8;64;49.5;0.0;0.0;0.0;1509_direct_carried;;;;711.3;38;0;;1;2;1502
452866;1786991508151;3.2;64;49.5;0.0;0.0;0.0;1509_direct_carried;;;;711.3;32;0;;1;2;1505
453068;1786991508353;3.2;64;49.5;0.0;0.0;0.0;1509_direct_carried;;;;711.3;32;0;;1;2;1506
453496;1786991508781;3.2;64;49.5;0.0;0.0;0.0;1509_direct_carried;;;;711.3;32;0;;1;2;1508
453699;1786991508984;3.2;64;49.4;0.0;0.0;0.0;1509_direct;;;;711.3;32;0;;1;2;1509
453913;1786991509198;3.2;64;49.4;0.0;0.0;0.0;1509_direct_carried;;;;711.3;32;0;;1;2;150A
454115;1786991509400;3.2;64;49.4;0.0;0.0;0.0;1509_direct_carried;;;;711.3;32;0;;1;2;150B
454330;1786991509615;3.2;64;49.4;0.0;0.0;0.0;1509_direct_carried;;;;711.3;32;0;;1;2;150D
455364;1786991510649;3.2;64;49.4;0.0;0.0;0.0;1509_direct_carried;;;;711.3;32;0;;1;2;1502
455804;1786991511089;3.7;64;49.4;0.0;0.0;0.0;1509_direct_carried;;;;711.3;37;0;;1;2;1505
455994;1786991511279;3.7;64;49.4;0.0;0.0;0.0;1509_direct_carried;;;;711.3;37;0;;1;2;1506
456411;1786991511696;3.7;64;49.4;0.0;0.0;0.0;1509_direct_carried;;;;711.3;37;0;;1;2;1508
456624;1786991511909;3.7;64;49.5;0.0;0.0;0.0;1509_direct;;;;711.3;37;0;;1;2;1509
456828;1786991512113;3.7;64;49.5;0.0;0.0;0.0;1509_direct_carried;;;;711.3;37;0;;1;2;150A
457041;1786991512326;3.7;64;49.5;0.0;0.0;0.0;1509_direct_carried;;;;711.3;37;0;;1;2;150B
457243;1786991512528;3.7;64;49.5;0.0;0.0;0.0;1509_direct_carried;;;;711.3;37;0;;1;2;150D
458289;1786991513574;3.7;64;49.5;0.0;0.0;0.0;1509_direct_carried;;;;711.3;37;0;;1;2;1502
458706;1786991513991;3.6;64;49.5;0.0;0.0;0.0;1509_direct_carried;;;;711.3;36;0;;1;2;1505
458920;1786991514205;3.6;64;49.5;0.0;0.0;0.0;1509_direct_carried;;;;711.3;36;0;;1;2;1506
459335;1786991514620;3.6;64;49.5;0.0;0.0;0.0;1509_direct_carried;;;;711.3;36;0;;1;2;1508
459538;1786991514823;3.6;64;49.4;0.0;0.0;0.0;1509_direct;;;;711.3;36;0;;1;2;1509
459755;1786991515040;3.6;64;49.4;0.0;0.0;0.0;1509_direct_carried;;;;711.3;36;0;;1;2;150A
459957;1786991515242;3.6;64;49.4;0.0;0.0;0.0;1509_direct_carried;;;;711.3;36;0;;1;2;150B
460170;1786991515455;3.6;64;49.4;0.0;0.0;0.0;1509_direct_carried;;;;711.3;36;0;;1;2;150D
461215;1786991516500;3.6;64;49.4;0.0;0.0;0.0;1509_direct_carried;;;;711.3;36;0;;1;2;1502
461633;1786991516918;5.1;64;49.4;0.0;0.0;0.0;1509_direct_carried;;;;711.3;51;0;;1;2;1505
461834;1786991517119;5.1;64;49.4;0.0;0.0;0.0;1509_direct_carried;;;;711.3;51;0;;1;2;1506
462250;1786991517535;5.1;64;49.4;0.0;0.0;0.0;1509_direct_carried;;;;711.3;51;0;;1;2;1508
462464;1786991517749;5.1;64;49.5;0.0;0.0;0.0;1509_direct;;;;711.3;51;0;;1;2;1509
462666;1786991517951;5.1;64;49.5;0.0;0.0;0.0;1509_direct_carried;;;;711.3;51;0;;1;2;150A
462882;1786991518167;5.1;64;49.5;0.0;0.0;0.0;1509_direct_carried;;;;711.3;51;0;;1;2;150B
463080;1786991518365;5.1;64;49.5;0.0;0.0;0.0;1509_direct_carried;;;;711.3;51;0;;1;2;150D
464128;1786991519413;5.1;64;49.5;0.0;0.0;0.0;1509_direct_carried;;;;711.3;51;0;;1;2;1502
464545;1786991519830;5.2;64;49.5;0.0;0.0;0.0;1509_direct_carried;;;;711.3;52;0;;1;2;1505
464758;1786991520043;5.2;64;49.5;0.0;0.0;0.0;1509_direct_carried;;;;711.3;52;0;;1;2;1506
465175;1786991520460;5.2;64;49.5;0.0;0.0;0.0;1509_direct_carried;;;;711.3;52;0;;1;2;1508
465380;1786991520665;5.2;64;49.4;0.0;0.0;0.0;1509_direct;;;;711.3;52;0;;1;2;1509
465591;1786991520876;5.2;64;49.4;0.0;0.0;0.0;1509_direct_carried;;;;711.3;52;0;;1;2;150A
465795;1786991521080;5.2;64;49.4;0.0;0.0;0.0;1509_direct_carried;;;;711.3;52;0;;1;2;150B
466009;1786991521294;5.2;64;49.4;0.0;0.0;0.0;1509_direct_carried;;;;711.3;52;0;;1;2;150D
467054;1786991522339;5.2;64;49.4;0.0;0.0;0.0;1509_direct_carried;;;;711.3;52;0;;1;2;1502
467470;1786991522755;5.3;64;49.4;0.0;0.0;0.0;1509_direct_carried;;;;711.3;53;0;;1;2;1505
467673;1786991522958;5.3;64;49.4;0.0;0.0;0.0;1509_direct_carried;;;;711.3;53;0;;1;2;1506
468089;1786991523374;5.3;64;49.4;0.0;0.0;0.0;1509_direct_carried;;;;711.3;53;0;;1;2;1508
468303;1786991523588;5.3;64;49.4;0.0;0.0;0.0;1509_direct;;;;711.3;53;0;;1;2;1509
468507;1786991523792;5.3;64;49.4;0.0;0.0;0.0;1509_direct_carried;;;;711.3;53;0;;1;2;150A
468721;1786991524006;5.3;64;49.4;0.0;0.0;0.0;1509_direct_carried;;;;711.3;53;0;;1;2;150B
468923;1786991524208;5.3;64;49.4;0.0;0.0;0.0;1509_direct_carried;;;;711.3;53;0;;1;2;150D
469967;1786991525252;5.3;64;49.4;0.0;0.0;0.0;1509_direct_carried;;;;711.3;53;0;;1;2;1502
470383;1786991525668;5.4;64;49.4;0.0;0.0;0.0;1509_direct_carried;;;;711.3;54;0;;1;2;1505
470598;1786991525883;5.4;64;49.4;0.0;0.0;0.0;1509_direct_carried;;;;711.3;54;0;;1;2;1506
471013;1786991526298;5.4;64;49.4;0.0;0.0;0.0;1509_direct_carried;;;;711.3;54;0;;1;2;1508
471216;1786991526501;5.4;64;49.4;0.0;0.0;0.0;1509_direct;;;;711.3;54;0;;1;2;1509
471431;1786991526716;5.4;64;49.4;0.0;0.0;0.0;1509_direct_carried;;;;711.3;54;0;;1;2;150A
471632;1786991526917;5.4;64;49.4;0.0;0.0;0.0;1509_direct_carried;;;;711.3;54;0;;1;2;150B
471848;1786991527133;5.4;64;49.4;0.0;0.0;0.0;1509_direct_carried;;;;711.3;54;0;;1;2;150D
472894;1786991528179;5.4;64;49.4;0.0;0.0;0.0;1509_direct_carried;;;;711.3;54;0;;1;2;1502
473310;1786991528595;5.5;64;49.4;0.0;0.0;0.0;1509_direct_carried;;;;711.3;55;0;;1;2;1505
473512;1786991528797;5.5;64;49.4;0.0;0.0;0.0;1509_direct_carried;;;;711.3;55;0;;1;2;1506
473928;1786991529213;5.5;64;49.4;0.0;0.0;0.0;1509_direct_carried;;;;711.3;55;0;;1;2;1508
474142;1786991529427;5.5;64;49.3;1.0;49.0;49.3;1509_direct;;;;711.3;55;49;;1;2;1509
474347;1786991529632;5.5;64;49.3;1.0;49.0;49.3;1509_direct_carried;;;;711.3;55;49;;1;2;150A
474559;1786991529844;5.5;64;49.3;1.0;49.0;49.3;1509_direct_carried;;;;711.3;55;49;;1;2;150B
474772;1786991530057;5.5;64;49.3;1.0;49.0;49.3;1509_direct_carried;;;;711.3;55;49;;1;2;150D
475808;1786991531093;5.5;64;49.3;1.0;49.0;49.3;1509_direct_carried;;;;711.3;55;49;;1;2;1502
476222;1786991531507;5.7;64;49.3;1.0;49.0;49.3;1509_direct_carried;;;;711.3;57;49;;1;2;1505
476436;1786991531721;5.7;64;49.3;1.0;49.0;49.3;1509_direct_carried;;;;711.3;57;49;;1;2;1506
476854;1786991532139;5.7;64;49.3;1.0;49.0;49.3;1509_direct_carried;;;;711.3;57;49;;1;2;1508
477057;1786991532342;5.7;64;49.0;3.0;147.0;147.0;1509_direct;;;;711.3;57;147;;1;2;1509
477268;1786991532553;5.7;64;49.0;3.0;147.0;147.0;1509_direct_carried;;;;711.3;57;147;;1;2;150A
477483;1786991532768;5.7;64;49.0;3.0;147.0;147.0;1509_direct_carried;;;;711.3;57;147;;1;2;150B
477686;1786991532971;5.7;64;49.0;3.0;147.0;147.0;1509_direct_carried;;;;711.3;57;147;;1;2;150D
478732;1786991534017;5.7;64;49.0;3.0;147.0;147.0;1509_direct_carried;;;;711.3;57;147;;1;2;1502
479147;1786991534432;5.9;64;49.0;3.0;147.0;147.0;1509_direct_carried;;;;711.3;59;147;;1;2;1505
479350;1786991534635;5.9;64;49.0;3.0;147.0;147.0;1509_direct_carried;;;;711.3;59;147;;1;2;1506
479779;1786991535064;5.9;64;49.0;3.0;147.0;147.0;1509_direct_carried;;;;711.3;59;147;;1;2;1508
479980;1786991535265;5.9;64;49.0;2.0;98.0;98.0;1509_direct;;;;711.3;59;98;;1;2;1509
480195;1786991535480;5.9;64;49.0;2.0;98.0;98.0;1509_direct_carried;;;;711.3;59;98;;1;2;150A
480397;1786991535682;5.9;64;49.0;2.0;98.0;98.0;1509_direct_carried;;;;711.3;59;98;;1;2;150B
480610;1786991535895;5.9;64;49.0;2.0;98.0;98.0;1509_direct_carried;;;;711.3;59;98;;1;2;150D
481645;1786991536930;5.9;64;49.0;2.0;98.0;98.0;1509_direct_carried;;;;711.3;59;98;;1;2;1502
482062;1786991537347;4.7;64;49.0;2.0;98.0;98.0;1509_direct_carried;;;;711.3;47;98;;1;2;1505
482276;1786991537561;4.7;64;49.0;2.0;98.0;98.0;1509_direct_carried;;;;711.3;47;98;;1;2;1506
482693;1786991537978;4.7;64;49.0;2.0;98.0;98.0;1509_direct_carried;;;;711.3;47;98;;1;2;1508
482906;1786991538191;4.7;64;49.0;3.0;147.0;147.0;1509_direct;;;;711.3;47;147;;1;2;1509
483109;1786991538394;4.7;64;49.0;3.0;147.0;147.0;1509_direct_carried;;;;711.3;47;147;;1;2;150A
483321;1786991538606;4.7;64;49.0;3.0;147.0;147.0;1509_direct_carried;;;;711.3;47;147;;1;2;150B
483525;1786991538810;4.7;64;49.0;3.0;147.0;147.0;1509_direct_carried;;;;711.3;47;147;;1;2;150D
484573;1786991539858;4.7;64;49.0;3.0;147.0;147.0;1509_direct_carried;;;;711.3;47;147;;1;2;1502
484988;1786991540273;5.3;64;49.0;3.0;147.0;147.0;1509_direct_carried;;;;711.3;53;147;;1;2;1505
485201;1786991540486;5.3;64;49.0;3.0;147.0;147.0;1509_direct_carried;;;;711.3;53;147;;1;2;1506
485616;1786991540901;5.3;64;49.0;3.0;147.0;147.0;1509_direct_carried;;;;711.3;53;147;;1;2;1508
485821;1786991541106;5.3;64;49.4;1.0;49.0;49.4;1509_direct;;;;711.3;53;49;;1;2;1509
486034;1786991541319;5.3;64;49.4;1.0;49.0;49.4;1509_direct_carried;;;;711.3;53;49;;1;2;150A
486236;1786991541521;5.3;64;49.4;1.0;49.0;49.4;1509_direct_carried;;;;711.3;53;49;;1;2;150B
486449;1786991541734;5.3;64;49.4;1.0;49.0;49.4;1509_direct_carried;;;;711.3;53;49;;1;2;150D
487496;1786991542781;5.3;64;49.4;1.0;49.0;49.4;1509_direct_carried;;;;711.3;53;49;;1;2;1502
487912;1786991543197;5.7;64;49.4;1.0;49.0;49.4;1509_direct_carried;;;;711.3;57;49;;1;2;1505
488117;1786991543402;5.7;64;49.4;1.0;49.0;49.4;1509_direct_carried;;;;711.3;57;49;;1;2;1506
488530;1786991543815;5.7;64;49.4;1.0;49.0;49.4;1509_direct_carried;;;;711.3;57;49;;1;2;1508
488744;1786991544029;5.7;64;49.1;1.0;49.0;49.1;1509_direct;;;;711.3;57;49;;1;2;1509
488947;1786991544232;5.7;64;49.1;1.0;49.0;49.1;1509_direct_carried;;;;711.3;57;49;;1;2;150A
489162;1786991544447;5.7;64;49.1;1.0;49.0;49.1;1509_direct_carried;;;;711.3;57;49;;1;2;150B
489363;1786991544648;5.7;64;49.1;1.0;49.0;49.1;1509_direct_carried;;;;711.3;57;49;;1;2;150D
490410;1786991545695;5.7;64;49.1;1.0;49.0;49.1;1509_direct_carried;;;;711.3;57;49;;1;2;1502
490827;1786991546112;16.4;64;49.1;1.0;49.0;49.1;1509_direct_carried;;;;711.3;164;49;;1;2;1505
491039;1786991546324;16.4;64;49.1;1.0;49.0;49.1;1509_direct_carried;;;;711.3;164;49;;1;2;1506
491457;1786991546742;16.4;64;49.1;1.0;49.0;49.1;1509_direct_carried;;;;711.3;164;49;;0;2;1508
491658;1786991546943;16.4;64;49.2;0.0;0.0;0.0;1509_direct;;;;711.3;164;0;;0;2;1509
491873;1786991547158;16.4;64;49.2;0.0;0.0;0.0;1509_direct_carried;;;;711.3;164;0;;0;2;150A
492075;1786991547360;16.4;64;49.2;0.0;0.0;0.0;1509_direct_carried;;;;711.3;164;0;;0;2;150B
492289;1786991547574;16.4;64;49.2;0.0;0.0;0.0;1509_direct_carried;;;;711.3;164;0;;0;2;150D
493335;1786991548620;16.4;64;49.2;0.0;0.0;0.0;1509_direct_carried;;;;711.3;164;0;;0;2;1502
493753;1786991549038;10.6;64;49.2;0.0;0.0;0.0;1509_direct_carried;;;;711.3;106;0;;0;2;1505
493955;1786991549240;10.6;64;49.2;0.0;0.0;0.0;1509_direct_carried;;;;711.4;106;0;;0;2;1506
494370;1786991549655;10.6;64;49.2;0.0;0.0;0.0;1509_direct_carried;;;;711.4;106;0;;0;2;1508
494584;1786991549869;10.6;64;48.0;8.0;384.0;384.0;1509_direct;;;;711.4;106;384;;0;2;1509
494786;1786991550071;10.6;64;48.0;8.0;384.0;384.0;1509_direct_carried;;;;711.4;106;384;;0;2;150A
494999;1786991550284;10.6;64;48.0;8.0;384.0;384.0;1509_direct_carried;;;;711.4;106;384;;0;2;150B
495213;1786991550498;10.6;64;48.0;8.0;384.0;384.0;1509_direct_carried;;;;711.4;106;384;;0;2;150D
496249;1786991551534;10.6;64;48.0;8.0;384.0;384.0;1509_direct_carried;;;;711.4;106;384;;0;2;1502
496666;1786991551951;13.7;64;48.0;8.0;384.0;384.0;1509_direct_carried;;;;711.4;137;384;;0;2;1505
496880;1786991552165;13.7;64;48.0;8.0;384.0;384.0;1509_direct_carried;;;;711.4;137;384;;0;2;1506
497295;1786991552580;13.7;64;48.0;8.0;384.0;384.0;1509_direct_carried;;;;711.4;137;384;;0;2;1508
497497;1786991552782;13.7;64;47.8;9.0;430.0;430.2;1509_direct;;;;711.4;137;430;;0;2;1509
497711;1786991552996;13.7;64;47.8;9.0;430.0;430.2;1509_direct_carried;;;;711.4;137;430;;0;2;150A
497924;1786991553209;13.7;64;47.8;9.0;430.0;430.2;1509_direct_carried;;;;711.4;137;430;;0;2;150B
498126;1786991553411;13.7;64;47.8;9.0;430.0;430.2;1509_direct_carried;;;;711.4;137;430;;0;2;150D
499175;1786991554460;13.7;64;47.8;9.0;430.0;430.2;1509_direct_carried;;;;711.4;137;430;;0;2;1502
499592;1786991554877;11.7;64;47.8;9.0;430.0;430.2;1509_direct_carried;;;;711.4;117;430;;0;2;1505
499793;1786991555078;11.7;64;47.8;9.0;430.0;430.2;1509_direct_carried;;;;711.4;117;430;;0;2;1506
500209;1786991555494;11.7;64;47.8;9.0;430.0;430.2;1509_direct_carried;;;;711.4;117;430;;0;2;1508
500425;1786991555710;11.7;64;48.6;3.0;145.0;145.8;1509_direct;;;;711.4;117;145;;0;2;1509
500636;1786991555921;11.7;64;48.6;3.0;145.0;145.8;1509_direct_carried;;;;711.4;117;145;;0;2;150A
500840;1786991556125;11.7;64;48.6;3.0;145.0;145.8;1509_direct_carried;;;;711.4;117;145;;0;2;150B
501053;1786991556338;11.7;64;48.6;3.0;145.0;145.8;1509_direct_carried;;;;711.4;117;145;;0;2;150D
502088;1786991557373;11.7;64;48.6;3.0;145.0;145.8;1509_direct_carried;;;;711.4;117;145;;0;2;1502
502505;1786991557790;6.4;64;48.6;3.0;145.0;145.8;1509_direct_carried;;;;711.4;64;145;;0;2;1505
502719;1786991558004;6.4;64;48.6;3.0;145.0;145.8;1509_direct_carried;;;;711.4;64;145;;0;2;1506
503134;1786991558419;6.4;64;48.6;3.0;145.0;145.8;1509_direct_carried;;;;711.4;64;145;;0;2;1508
503348;1786991558633;6.4;64;49.4;0.0;0.0;0.0;1509_direct;;;;711.4;64;0;;0;2;1509
503550;1786991558835;6.4;64;49.4;0.0;0.0;0.0;1509_direct_carried;;;;711.4;64;0;;0;2;150A
503764;1786991559049;6.4;64;49.4;0.0;0.0;0.0;1509_direct_carried;;;;711.4;64;0;;0;2;150B
503966;1786991559251;6.4;64;49.4;0.0;0.0;0.0;1509_direct_carried;;;;711.4;64;0;;0;2;150D
505015;1786991560300;6.4;64;49.4;0.0;0.0;0.0;1509_direct_carried;;;;711.4;64;0;;0;2;1502
505431;1786991560716;3.8;64;49.4;0.0;0.0;0.0;1509_direct_carried;;;;711.4;38;0;;0;2;1505
505646;1786991560931;3.8;64;49.4;0.0;0.0;0.0;1509_direct_carried;;;;711.4;38;0;;0;2;1506
506060;1786991561345;3.8;64;49.4;0.0;0.0;0.0;1509_direct_carried;;;;711.4;38;0;;0;2;1508
506263;1786991561548;3.8;64;49.0;1.0;0.0;49.0;1509_direct;;;;711.4;38;0;;0;2;1509
506477;1786991561762;3.8;64;49.0;1.0;0.0;49.0;1509_direct_carried;;;;711.4;38;0;;0;2;150A
506680;1786991561965;3.8;64;49.0;1.0;0.0;49.0;1509_direct_carried;;;;711.4;38;0;;0;2;150B
506892;1786991562177;3.8;64;49.0;1.0;0.0;49.0;1509_direct_carried;;;;711.4;38;0;;0;2;150D
507929;1786991563214;3.8;64;49.0;1.0;0.0;49.0;1509_direct_carried;;;;711.4;38;0;;0;2;1502
508355;1786991563640;3.6;64;49.0;1.0;0.0;49.0;1509_direct_carried;;;;711.4;36;0;;0;2;1505
508558;1786991563843;3.6;64;49.0;1.0;0.0;49.0;1509_direct_carried;;;;711.4;36;0;;0;2;1506
508975;1786991564260;3.6;64;49.0;1.0;0.0;49.0;1509_direct_carried;;;;711.4;36;0;;0;2;1508
509187;1786991564472;3.6;64;49.3;0.0;0.0;0.0;1509_direct;;;;711.4;36;0;;0;2;1509
509390;1786991564675;3.6;64;49.3;0.0;0.0;0.0;1509_direct_carried;;;;711.4;36;0;;0;2;150A
509605;1786991564890;3.6;64;49.3;0.0;0.0;0.0;1509_direct_carried;;;;711.4;36;0;;0;2;150B
509806;1786991565091;3.6;64;49.3;0.0;0.0;0.0;1509_direct_carried;;;;711.4;36;0;;0;2;150D
510852;1786991566137;3.6;64;49.3;0.0;0.0;0.0;1509_direct_carried;;;;711.4;36;0;;0;2;1502
511268;1786991566553;3.7;64;49.3;0.0;0.0;0.0;1509_direct_carried;;;;711.4;37;0;;0;2;1505
511482;1786991566767;3.7;64;49.3;0.0;0.0;0.0;1509_direct_carried;;;;711.4;37;0;;0;2;1506
511899;1786991567184;3.7;64;49.3;0.0;0.0;0.0;1509_direct_carried;;;;711.4;37;0;;0;2;1508
512100;1786991567385;3.7;60;49.2;0.0;0.0;0.0;1509_direct;;;;711.4;37;0;;0;2;1509
512313;1786991567598;3.7;60;49.2;0.0;0.0;0.0;1509_direct_carried;;;;711.4;37;0;;0;2;150A
512517;1786991567802;3.7;60;49.2;0.0;0.0;0.0;1509_direct_carried;;;;711.4;37;0;;0;2;150B
512731;1786991568016;3.7;60;49.2;0.0;0.0;0.0;1509_direct_carried;;;;711.4;37;0;;0;2;150D
513780;1786991569065;3.7;60;49.2;0.0;0.0;0.0;1509_direct_carried;;;;711.4;37;0;;0;2;1502
514195;1786991569480;3.2;60;49.2;0.0;0.0;0.0;1509_direct_carried;;;;711.4;32;0;;0;2;1505
514397;1786991569682;3.2;60;49.2;0.0;0.0;0.0;1509_direct_carried;;;;711.4;32;0;;0;2;1506
514813;1786991570098;3.2;60;49.2;0.0;0.0;0.0;1509_direct_carried;;;;711.4;32;0;;0;2;1508
515028;1786991570313;3.2;61;49.3;0.0;0.0;0.0;1509_direct;;;;711.4;32;0;;0;2;1509
515228;1786991570513;3.2;61;49.3;0.0;0.0;0.0;1509_direct_carried;;;;711.4;32;0;;0;2;150A
515443;1786991570728;3.2;61;49.3;0.0;0.0;0.0;1509_direct_carried;;;;711.4;32;0;;0;2;150B
515646;1786991570931;3.2;61;49.3;0.0;0.0;0.0;1509_direct_carried;;;;711.4;32;0;;0;2;150D
516692;1786991571977;3.2;61;49.3;0.0;0.0;0.0;1509_direct_carried;;;;711.4;32;0;;0;2;1502
517108;1786991572393;0.0;61;49.3;0.0;0.0;0.0;1509_direct_carried;;;;711.4;0;0;;0;2;1505
517323;1786991572608;0.0;61;49.3;0.0;0.0;0.0;1509_direct_carried;;;;711.4;0;0;;0;2;1506
517737;1786991573022;0.0;61;49.3;0.0;0.0;0.0;1509_direct_carried;;;;711.4;0;0;;0;2;1508
517941;1786991573226;0.0;64;49.3;0.0;0.0;0.0;1509_direct;;;;711.4;0;0;;0;2;1509
518153;1786991573438;0.0;64;49.3;0.0;0.0;0.0;1509_direct_carried;;;;711.4;0;0;;0;2;150A
518368;1786991573653;0.0;64;49.3;0.0;0.0;0.0;1509_direct_carried;;;;711.4;0;0;;0;2;150B
518570;1786991573855;0.0;64;49.3;0.0;0.0;0.0;1509_direct_carried;;;;711.4;0;0;;0;2;150D
519616;1786991574901;0.0;64;49.3;0.0;0.0;0.0;1509_direct_carried;;;;711.4;0;0;;0;2;1502
520033;1786991575318;1.5;64;49.3;0.0;0.0;0.0;1509_direct_carried;;;;711.4;15;0;;0;2;1505
520235;1786991575520;1.5;64;49.3;0.0;0.0;0.0;1509_direct_carried;;;;711.4;15;0;;0;2;1506
520653;1786991575938;1.5;64;49.3;0.0;0.0;0.0;1509_direct_carried;;;;711.4;15;0;;0;2;1508
520866;1786991576151;1.5;64;49.3;0.0;0.0;0.0;1509_direct;;;;711.4;15;0;;0;2;1509
521067;1786991576352;1.5;64;49.3;0.0;0.0;0.0;1509_direct_carried;;;;711.4;15;0;;0;2;150A
521281;1786991576566;1.5;64;49.3;0.0;0.0;0.0;1509_direct_carried;;;;711.4;15;0;;0;2;150B
521494;1786991576779;1.5;64;49.3;0.0;0.0;0.0;1509_direct_carried;;;;711.4;15;0;;0;2;150D
522529;1786991577814;1.5;64;49.3;0.0;0.0;0.0;1509_direct_carried;;;;711.4;15;0;;0;2;1502
522948;1786991578233;3.6;64;49.3;0.0;0.0;0.0;1509_direct_carried;;;;711.4;36;0;;0;2;1505
523161;1786991578446;3.6;64;49.3;0.0;0.0;0.0;1509_direct_carried;;;;711.4;36;0;;0;2;1506
523576;1786991578861;3.6;64;49.3;0.0;0.0;0.0;1509_direct_carried;;;;711.4;36;0;;0;2;1508
523779;1786991579064;3.6;64;49.0;2.0;98.0;98.0;1509_direct;;;;711.4;36;98;;0;2;1509
523992;1786991579277;3.6;64;49.0;2.0;98.0;98.0;1509_direct_carried;;;;711.4;36;98;;0;2;150A
524208;1786991579493;3.6;64;49.0;2.0;98.0;98.0;1509_direct_carried;;;;711.4;36;98;;0;2;150B
524409;1786991579694;3.6;64;49.0;2.0;98.0;98.0;1509_direct_carried;;;;711.4;36;98;;0;2;150D
525455;1786991580740;3.6;64;49.0;2.0;98.0;98.0;1509_direct_carried;;;;711.4;36;98;;0;2;1502
525871;1786991581156;4.8;64;49.0;2.0;98.0;98.0;1509_direct_carried;;;;711.4;48;98;;0;2;1505
526073;1786991581358;4.8;64;49.0;2.0;98.0;98.0;1509_direct_carried;;;;711.4;48;98;;0;2;1506
526513;1786991581798;4.8;64;49.0;2.0;98.0;98.0;1509_direct_carried;;;;711.4;48;98;;0;2;1508
526704;1786991581989;4.8;64;49.3;0.0;0.0;0.0;1509_direct;;;;711.4;48;0;;0;2;1509
526917;1786991582202;4.8;64;49.3;0.0;0.0;0.0;1509_direct_carried;;;;711.4;48;0;;0;2;150A
527120;1786991582405;4.8;64;49.3;0.0;0.0;0.0;1509_direct_carried;;;;711.4;48;0;;0;2;150B
527333;1786991582618;4.8;64;49.3;0.0;0.0;0.0;1509_direct_carried;;;;711.4;48;0;;0;2;150D
528369;1786991583654;4.8;64;49.3;0.0;0.0;0.0;1509_direct_carried;;;;711.4;48;0;;0;2;1502
528785;1786991584070;4.4;64;49.3;0.0;0.0;0.0;1509_direct_carried;;;;711.4;44;0;;0;2;1505
529000;1786991584285;4.4;64;49.3;0.0;0.0;0.0;1509_direct_carried;;;;711.4;44;0;;0;2;1506
529416;1786991584701;4.4;64;49.3;0.0;0.0;0.0;1509_direct_carried;;;;711.4;44;0;;0;2;1508
529629;1786991584914;4.4;64;49.1;1.0;49.0;49.1;1509_direct;;;;711.4;44;49;;0;2;1509
529832;1786991585117;4.4;64;49.1;1.0;49.0;49.1;1509_direct_carried;;;;711.4;44;49;;0;2;150A
530044;1786991585329;4.4;64;49.1;1.0;49.0;49.1;1509_direct_carried;;;;711.4;44;49;;0;2;150B
530259;1786991585544;4.4;64;49.1;1.0;49.0;49.1;1509_direct_carried;;;;711.4;44;49;;0;2;150D
531293;1786991586578;4.4;64;49.1;1.0;49.0;49.1;1509_direct_carried;;;;711.4;44;49;;0;2;1502
531710;1786991586995;4.1;64;49.1;1.0;49.0;49.1;1509_direct_carried;;;;711.4;41;49;;0;2;1505
531924;1786991587209;4.1;64;49.1;1.0;49.0;49.1;1509_direct_carried;;;;711.4;41;49;;0;2;1506
532342;1786991587627;4.1;64;49.1;1.0;49.0;49.1;1509_direct_carried;;;;711.4;41;49;;0;2;1508
532547;1786991587832;4.1;64;49.2;1.0;49.0;49.2;1509_direct;;;;711.4;41;49;;0;2;1509
532758;1786991588043;4.1;64;49.2;1.0;49.0;49.2;1509_direct_carried;;;;711.4;41;49;;0;2;150A
532960;1786991588245;4.1;64;49.2;1.0;49.0;49.2;1509_direct_carried;;;;711.4;41;49;;0;2;150B
533178;1786991588463;4.1;64;49.2;1.0;49.0;49.2;1509_direct_carried;;;;711.4;41;49;;0;2;150D
534220;1786991589505;4.1;64;49.2;1.0;49.0;49.2;1509_direct_carried;;;;711.4;41;49;;0;2;1502
534636;1786991589921;3.5;64;49.2;1.0;49.0;49.2;1509_direct_carried;;;;711.4;35;49;;0;2;1505
534840;1786991590125;3.5;64;49.2;1.0;49.0;49.2;1509_direct_carried;;;;711.4;35;49;;0;2;1506
535255;1786991590540;3.5;64;49.2;1.0;49.0;49.2;1509_direct_carried;;;;711.4;35;49;;0;2;1508
535468;1786991590753;3.5;64;49.3;0.0;0.0;0.0;1509_direct;;;;711.4;35;0;;0;2;1509
535672;1786991590957;3.5;64;49.3;0.0;0.0;0.0;1509_direct_carried;;;;711.4;35;0;;0;2;150A
535885;1786991591170;3.5;64;49.3;0.0;0.0;0.0;1509_direct_carried;;;;711.4;35;0;;0;2;150B
536087;1786991591372;3.5;64;49.3;0.0;0.0;0.0;1509_direct_carried;;;;711.4;35;0;;0;2;150D
537133;1786991592418;3.5;64;49.3;0.0;0.0;0.0;1509_direct_carried;;;;711.4;35;0;;0;2;1502
537549;1786991592834;3.9;64;49.3;0.0;0.0;0.0;1509_direct_carried;;;;711.4;39;0;;0;2;1505
537764;1786991593049;3.9;64;49.3;0.0;0.0;0.0;1509_direct_carried;;;;711.4;39;0;;0;2;1506
538181;1786991593466;3.9;64;49.3;0.0;0.0;0.0;1509_direct_carried;;;;711.4;39;0;;1;2;1508
538382;1786991593667;3.9;64;49.0;1.0;49.0;49.0;1509_direct;;;;711.4;39;49;;1;2;1509
538597;1786991593882;3.9;64;49.0;1.0;49.0;49.0;1509_direct_carried;;;;711.4;39;49;;1;2;150A
538809;1786991594094;3.9;64;49.0;1.0;49.0;49.0;1509_direct_carried;;;;711.4;39;49;;1;2;150B
539012;1786991594297;3.9;64;49.0;1.0;49.0;49.0;1509_direct_carried;;;;711.4;39;49;;1;2;150D
540057;1786991595342;3.9;64;49.0;1.0;49.0;49.0;1509_direct_carried;;;;711.4;39;49;;1;2;1502
540475;1786991595760;3.8;64;49.0;1.0;49.0;49.0;1509_direct_carried;;;;711.4;38;49;;1;2;1505
540678;1786991595963;3.8;64;49.0;1.0;49.0;49.0;1509_direct_carried;;;;711.4;38;49;;1;2;1506
541093;1786991596378;3.8;64;49.0;1.0;49.0;49.0;1509_direct_carried;;;;711.4;38;49;;1;2;1508
541307;1786991596592;3.8;64;49.4;0.0;0.0;0.0;1509_direct;;;;711.4;38;0;;1;2;1509
541510;1786991596795;3.8;64;49.4;0.0;0.0;0.0;1509_direct_carried;;;;711.4;38;0;;1;2;150A
541725;1786991597010;3.8;64;49.4;0.0;0.0;0.0;1509_direct_carried;;;;711.4;38;0;;1;2;150B
541937;1786991597222;3.8;64;49.4;0.0;0.0;0.0;1509_direct_carried;;;;711.4;38;0;;1;2;150D
542972;1786991598257;3.8;64;49.4;0.0;0.0;0.0;1509_direct_carried;;;;711.4;38;0;;1;2;1502
543390;1786991598675;3.3;64;49.4;0.0;0.0;0.0;1509_direct_carried;;;;711.4;33;0;;1;2;1505
543604;1786991598889;3.3;64;49.4;0.0;0.0;0.0;1509_direct_carried;;;;711.4;33;0;;1;2;1506
544018;1786991599303;3.3;64;49.4;0.0;0.0;0.0;1509_direct_carried;;;;711.4;33;0;;1;2;1508
544231;1786991599516;3.3;64;49.3;0.0;0.0;0.0;1509_direct;;;;711.4;33;0;;1;2;1509
544434;1786991599719;3.3;64;49.3;0.0;0.0;0.0;1509_direct_carried;;;;711.4;33;0;;1;2;150A
544648;1786991599933;3.3;64;49.3;0.0;0.0;0.0;1509_direct_carried;;;;711.4;33;0;;1;2;150B
544851;1786991600136;3.3;64;49.3;0.0;0.0;0.0;1509_direct_carried;;;;711.4;33;0;;1;2;150D
545897;1786991601182;3.3;64;49.3;0.0;0.0;0.0;1509_direct_carried;;;;711.4;33;0;;1;2;1502
546314;1786991601599;2.6;64;49.3;0.0;0.0;0.0;1509_direct_carried;;;;711.4;26;0;;1;2;1505
546530;1786991601815;2.6;64;49.3;0.0;0.0;0.0;1509_direct_carried;;;;711.4;26;0;;1;2;1506
546944;1786991602229;2.6;64;49.3;0.0;0.0;0.0;1509_direct_carried;;;;711.4;26;0;;1;2;1508
547146;1786991602431;2.6;64;49.3;0.0;0.0;0.0;1509_direct;;;;711.4;26;0;;1;2;1509
547361;1786991602646;2.6;64;49.3;0.0;0.0;0.0;1509_direct_carried;;;;711.4;26;0;;1;2;150A
547562;1786991602847;2.6;64;49.3;0.0;0.0;0.0;1509_direct_carried;;;;711.4;26;0;;1;2;150B
547780;1786991603065;2.6;64;49.3;0.0;0.0;0.0;1509_direct_carried;;;;711.4;26;0;;1;2;150D
548812;1786991604097;2.6;64;49.3;0.0;0.0;0.0;1509_direct_carried;;;;711.4;26;0;;1;2;1502
549239;1786991604524;4.1;64;49.3;0.0;0.0;0.0;1509_direct_carried;;;;711.4;41;0;;1;2;1505
549441;1786991604726;4.1;64;49.3;0.0;0.0;0.0;1509_direct_carried;;;;711.4;41;0;;1;2;1506
549857;1786991605142;4.1;64;49.3;0.0;0.0;0.0;1509_direct_carried;;;;711.4;41;0;;1;2;1508
550070;1786991605355;4.1;64;49.3;0.0;0.0;0.0;1509_direct;;;;711.4;41;0;;1;2;1509
550275;1786991605560;4.1;64;49.3;0.0;0.0;0.0;1509_direct_carried;;;;711.4;41;0;;1;2;150A
550489;1786991605774;4.1;64;49.3;0.0;0.0;0.0;1509_direct_carried;;;;711.4;41;0;;1;2;150B
550690;1786991605975;4.1;64;49.3;0.0;0.0;0.0;1509_direct_carried;;;;711.4;41;0;;1;2;150D
551736;1786991607021;4.1;64;49.3;0.0;0.0;0.0;1509_direct_carried;;;;711.4;41;0;;1;2;1502
552154;1786991607439;3.4;64;49.3;0.0;0.0;0.0;1509_direct_carried;;;;711.4;34;0;;1;2;1505
552367;1786991607652;3.4;64;49.3;0.0;0.0;0.0;1509_direct_carried;;;;711.4;34;0;;1;2;1506
552782;1786991608067;3.4;64;49.3;0.0;0.0;0.0;1509_direct_carried;;;;711.4;34;0;;1;2;1508
552984;1786991608269;3.4;64;49.2;0.0;0.0;0.0;1509_direct;;;;711.4;34;0;;1;2;1509
553199;1786991608484;3.4;64;49.2;0.0;0.0;0.0;1509_direct_carried;;;;711.4;34;0;;1;2;150A
553401;1786991608686;3.4;64;49.2;0.0;0.0;0.0;1509_direct_carried;;;;711.4;34;0;;1;2;150B
553615;1786991608900;3.4;64;49.2;0.0;0.0;0.0;1509_direct_carried;;;;711.4;34;0;;1;2;150D
554663;1786991609948;3.4;64;49.2;0.0;0.0;0.0;1509_direct_carried;;;;711.4;34;0;;1;2;1502
555078;1786991610363;3.2;64;49.2;0.0;0.0;0.0;1509_direct_carried;;;;711.4;32;0;;1;2;1505
555280;1786991610565;3.2;64;49.2;0.0;0.0;0.0;1509_direct_carried;;;;711.4;32;0;;1;2;1506
555696;1786991610981;3.2;64;49.2;0.0;0.0;0.0;1509_direct_carried;;;;711.4;32;0;;1;2;1508
555911;1786991611196;3.2;64;49.4;0.0;0.0;0.0;1509_direct;;;;711.4;32;0;;1;2;1509
556114;1786991611399;3.2;64;49.4;0.0;0.0;0.0;1509_direct_carried;;;;711.4;32;0;;1;2;150A
556328;1786991611613;3.2;64;49.4;0.0;0.0;0.0;1509_direct_carried;;;;711.4;32;0;;1;2;150B
556528;1786991611813;3.2;64;49.4;0.0;0.0;0.0;1509_direct_carried;;;;711.4;32;0;;1;2;150D
557579;1786991612864;3.2;64;49.4;0.0;0.0;0.0;1509_direct_carried;;;;711.4;32;0;;1;2;1502
557991;1786991613276;3.2;64;49.4;0.0;0.0;0.0;1509_direct_carried;;;;711.4;32;0;;1;2;1505
558207;1786991613492;3.2;64;49.4;0.0;0.0;0.0;1509_direct_carried;;;;711.4;32;0;;1;2;1506
558622;1786991613907;3.2;64;49.4;0.0;0.0;0.0;1509_direct_carried;;;;711.4;32;0;;1;2;1508
558826;1786991614111;3.2;64;49.0;2.0;98.0;98.0;1509_direct;;;;711.4;32;98;;1;2;1509
559038;1786991614323;3.2;64;49.0;2.0;98.0;98.0;1509_direct_carried;;;;711.4;32;98;;1;2;150A
559253;1786991614538;3.2;64;49.0;2.0;98.0;98.0;1509_direct_carried;;;;711.4;32;98;;1;2;150B
559454;1786991614739;3.2;64;49.0;2.0;98.0;98.0;1509_direct_carried;;;;711.4;32;98;;1;2;150D
560500;1786991615785;3.2;64;49.0;2.0;98.0;98.0;1509_direct_carried;;;;711.4;32;98;;1;2;1502
560919;1786991616204;4.6;64;49.0;2.0;98.0;98.0;1509_direct_carried;;;;711.4;46;98;;1;2;1505
561118;1786991616403;4.6;64;49.0;2.0;98.0;98.0;1509_direct_carried;;;;711.4;46;98;;1;2;1506
561536;1786991616821;4.6;64;49.0;2.0;98.0;98.0;1509_direct_carried;;;;711.4;46;98;;1;2;1508
561750;1786991617035;4.6;64;49.4;0.0;0.0;0.0;1509_direct;;;;711.4;46;0;;1;2;1509
561951;1786991617236;4.6;64;49.4;0.0;0.0;0.0;1509_direct_carried;;;;711.4;46;0;;1;2;150A
562166;1786991617451;4.6;64;49.4;0.0;0.0;0.0;1509_direct_carried;;;;711.4;46;0;;1;2;150B
562379;1786991617664;4.6;64;49.4;0.0;0.0;0.0;1509_direct_carried;;;;711.4;46;0;;1;2;150D
563418;1786991618703;4.6;64;49.4;0.0;0.0;0.0;1509_direct_carried;;;;711.4;46;0;;1;2;1502
563830;1786991619115;4.1;64;49.4;0.0;0.0;0.0;1509_direct_carried;;;;711.4;41;0;;1;2;1505
564046;1786991619331;4.1;64;49.4;0.0;0.0;0.0;1509_direct_carried;;;;711.4;41;0;;1;2;1506
564458;1786991619743;4.1;64;49.4;0.0;0.0;0.0;1509_direct_carried;;;;711.4;41;0;;1;2;1508
564675;1786991619960;4.1;64;49.2;0.0;0.0;0.0;1509_direct;;;;711.4;41;0;;1;2;1509
564878;1786991620163;4.1;64;49.2;0.0;0.0;0.0;1509_direct_carried;;;;711.4;41;0;;1;2;150A
565091;1786991620376;4.1;64;49.2;0.0;0.0;0.0;1509_direct_carried;;;;711.4;41;0;;1;2;150B
565293;1786991620578;4.1;64;49.2;0.0;0.0;0.0;1509_direct_carried;;;;711.4;41;0;;1;2;150D
566339;1786991621624;4.1;64;49.2;0.0;0.0;0.0;1509_direct_carried;;;;711.4;41;0;;1;2;1502
566756;1786991622041;3.2;64;49.2;0.0;0.0;0.0;1509_direct_carried;;;;711.4;32;0;;1;2;1505
566960;1786991622245;3.2;64;49.2;0.0;0.0;0.0;1509_direct_carried;;;;711.5;32;0;;1;2;1506
567387;1786991622672;3.2;64;49.2;0.0;0.0;0.0;1509_direct_carried;;;;711.5;32;0;;1;2;1508
567589;1786991622874;3.2;64;49.2;1.0;49.0;49.2;1509_direct;;;;711.5;32;49;;1;2;1509
567801;1786991623086;3.2;64;49.2;1.0;49.0;49.2;1509_direct_carried;;;;711.5;32;49;;1;2;150A
568003;1786991623288;3.2;64;49.2;1.0;49.0;49.2;1509_direct_carried;;;;711.5;32;49;;1;2;150B
568218;1786991623503;3.2;64;49.2;1.0;49.0;49.2;1509_direct_carried;;;;711.5;32;49;;1;2;150D
569253;1786991624538;3.2;64;49.2;1.0;49.0;49.2;1509_direct_carried;;;;711.5;32;49;;1;2;1502
569680;1786991624965;3.8;64;49.2;1.0;49.0;49.2;1509_direct_carried;;;;711.5;38;49;;1;2;1505
569883;1786991625168;3.8;64;49.2;1.0;49.0;49.2;1509_direct_carried;;;;711.5;38;49;;1;2;1506
570297;1786991625582;3.8;64;49.2;1.0;49.0;49.2;1509_direct_carried;;;;711.5;38;49;;1;2;1508
570513;1786991625798;3.8;64;49.4;0.0;0.0;0.0;1509_direct;;;;711.5;38;0;;1;2;1509
570715;1786991626000;3.8;64;49.4;0.0;0.0;0.0;1509_direct_carried;;;;711.5;38;0;;1;2;150A
570929;1786991626214;3.8;64;49.4;0.0;0.0;0.0;1509_direct_carried;;;;711.5;38;0;;1;2;150B
571132;1786991626417;3.8;64;49.4;0.0;0.0;0.0;1509_direct_carried;;;;711.5;38;0;;1;2;150D
572176;1786991627461;3.8;64;49.4;0.0;0.0;0.0;1509_direct_carried;;;;711.5;38;0;;1;2;1502
572593;1786991627878;4.0;64;49.4;0.0;0.0;0.0;1509_direct_carried;;;;711.5;40;0;;1;2;1505
572808;1786991628093;4.0;64;49.4;0.0;0.0;0.0;1509_direct_carried;;;;711.5;40;0;;1;2;1506
573225;1786991628510;4.0;64;49.4;0.0;0.0;0.0;1509_direct_carried;;;;711.5;40;0;;1;2;1508
573425;1786991628710;4.0;64;49.0;2.0;98.0;98.0;1509_direct;;;;711.5;40;98;;1;2;1509
573640;1786991628925;4.0;64;49.0;2.0;98.0;98.0;1509_direct_carried;;;;711.5;40;98;;1;2;150A
573844;1786991629129;4.0;64;49.0;2.0;98.0;98.0;1509_direct_carried;;;;711.5;40;98;;1;2;150B
574060;1786991629345;4.0;64;49.0;2.0;98.0;98.0;1509_direct_carried;;;;711.5;40;98;;1;2;150D
575104;1786991630389;4.0;64;49.0;2.0;98.0;98.0;1509_direct_carried;;;;711.5;40;98;;1;2;1502
575519;1786991630804;5.0;64;49.0;2.0;98.0;98.0;1509_direct_carried;;;;711.5;50;98;;1;2;1505
575723;1786991631008;5.0;64;49.0;2.0;98.0;98.0;1509_direct_carried;;;;711.5;50;98;;1;2;1506
576138;1786991631423;5.0;64;49.0;2.0;98.0;98.0;1509_direct_carried;;;;711.5;50;98;;1;2;1508
576353;1786991631638;5.0;64;49.3;0.0;0.0;0.0;1509_direct;;;;711.5;50;0;;1;2;1509
576555;1786991631840;5.0;64;49.3;0.0;0.0;0.0;1509_direct_carried;;;;711.5;50;0;;1;2;150A
576768;1786991632053;5.0;64;49.3;0.0;0.0;0.0;1509_direct_carried;;;;711.5;50;0;;1;2;150B
576982;1786991632267;5.0;64;49.3;0.0;0.0;0.0;1509_direct_carried;;;;711.5;50;0;;1;2;150D
578017;1786991633302;5.0;64;49.3;0.0;0.0;0.0;1509_direct_carried;;;;711.5;50;0;;1;2;1502
578433;1786991633718;4.8;64;49.3;0.0;0.0;0.0;1509_direct_carried;;;;711.5;48;0;;1;2;1505
578647;1786991633932;4.8;64;49.3;0.0;0.0;0.0;1509_direct_carried;;;;711.5;48;0;;1;2;1506
579063;1786991634348;4.8;64;49.3;0.0;0.0;0.0;1509_direct_carried;;;;711.5;48;0;;1;2;1508
579265;1786991634550;4.8;64;49.0;2.0;98.0;98.0;1509_direct;;;;711.5;48;98;;1;2;1509
579479;1786991634764;4.8;64;49.0;2.0;98.0;98.0;1509_direct_carried;;;;711.5;48;98;;1;2;150A
579694;1786991634979;4.8;64;49.0;2.0;98.0;98.0;1509_direct_carried;;;;711.5;48;98;;1;2;150B
579897;1786991635182;4.8;64;49.0;2.0;98.0;98.0;1509_direct_carried;;;;711.5;48;98;;1;2;150D
580942;1786991636227;4.8;64;49.0;2.0;98.0;98.0;1509_direct_carried;;;;711.5;48;98;;1;2;1502
581360;1786991636645;3.4;64;49.0;2.0;98.0;98.0;1509_direct_carried;;;;711.5;34;98;;1;2;1505
581563;1786991636848;3.4;64;49.0;2.0;98.0;98.0;1509_direct_carried;;;;711.5;34;98;;1;2;1506
581976;1786991637261;3.4;64;49.0;2.0;98.0;98.0;1509_direct_carried;;;;711.5;34;98;;0;2;1508
582192;1786991637477;3.4;64;49.0;2.0;98.0;98.0;1509_direct;;;;711.5;34;98;;0;2;1509
582405;1786991637690;3.4;64;49.0;2.0;98.0;98.0;1509_direct_carried;;;;711.5;34;98;;0;2;150A
582608;1786991637893;3.4;64;49.0;2.0;98.0;98.0;1509_direct_carried;;;;711.5;34;98;;0;2;150B
582820;1786991638105;3.4;64;49.0;2.0;98.0;98.0;1509_direct_carried;;;;711.5;34;98;;0;2;150D
583857;1786991639142;3.4;64;49.0;2.0;98.0;98.0;1509_direct_carried;;;;711.5;34;98;;0;2;1502
584274;1786991639559;6.1;64;49.0;2.0;98.0;98.0;1509_direct_carried;;;;711.5;61;98;;0;2;1505
584489;1786991639774;6.1;64;49.0;2.0;98.0;98.0;1509_direct_carried;;;;711.5;61;98;;0;2;1506
584902;1786991640187;6.1;64;49.0;2.0;98.0;98.0;1509_direct_carried;;;;711.5;61;98;;0;2;1508
585117;1786991640402;6.1;64;48.5;5.0;146.0;242.5;1509_direct;;;;711.5;61;146;;0;2;1509
585318;1786991640603;6.1;64;48.5;5.0;146.0;242.5;1509_direct_carried;;;;711.5;61;146;;0;2;150A
585532;1786991640817;6.1;64;48.5;5.0;146.0;242.5;1509_direct_carried;;;;711.5;61;146;;0;2;150B
585734;1786991641019;6.1;64;48.5;5.0;146.0;242.5;1509_direct_carried;;;;711.5;61;146;;0;2;150D
586784;1786991642069;6.1;64;48.5;5.0;146.0;242.5;1509_direct_carried;;;;711.5;61;146;;0;2;1502
587197;1786991642482;6.3;64;48.5;5.0;146.0;242.5;1509_direct_carried;;;;711.5;63;146;;0;2;1505
587412;1786991642697;6.3;64;48.5;5.0;146.0;242.5;1509_direct_carried;;;;711.5;63;146;;0;2;1506
587830;1786991643115;6.3;64;48.5;5.0;146.0;242.5;1509_direct_carried;;;;711.5;63;146;;0;2;1508
588031;1786991643316;6.3;64;49.3;0.0;0.0;0.0;1509_direct;;;;711.5;63;0;;0;2;1509
588244;1786991643529;6.3;64;49.3;0.0;0.0;0.0;1509_direct_carried;;;;711.5;63;0;;0;2;150A
588446;1786991643731;6.3;64;49.3;0.0;0.0;0.0;1509_direct_carried;;;;711.5;63;0;;0;2;150B
588661;1786991643946;6.3;64;49.3;0.0;0.0;0.0;1509_direct_carried;;;;711.5;63;0;;0;2;150D
589695;1786991644980;6.3;64;49.3;0.0;0.0;0.0;1509_direct_carried;;;;711.5;63;0;;0;2;1502
590124;1786991645409;5.0;64;49.3;0.0;0.0;0.0;1509_direct_carried;;;;711.5;50;0;;0;2;1505
590327;1786991645612;5.0;64;49.3;0.0;0.0;0.0;1509_direct_carried;;;;711.5;50;0;;0;2;1506
590741;1786991646026;5.0;64;49.3;0.0;0.0;0.0;1509_direct_carried;;;;711.5;50;0;;0;2;1508
590958;1786991646243;5.0;64;48.6;5.0;243.0;243.0;1509_direct;;;;711.5;50;243;;0;2;1509
591159;1786991646444;5.0;64;48.6;5.0;243.0;243.0;1509_direct_carried;;;;711.5;50;243;;0;2;150A
591370;1786991646655;5.0;64;48.6;5.0;243.0;243.0;1509_direct_carried;;;;711.5;50;243;;0;2;150B
591575;1786991646860;5.0;64;48.6;5.0;243.0;243.0;1509_direct_carried;;;;711.5;50;243;;0;2;150D
592620;1786991647905;5.0;64;48.6;5.0;243.0;243.0;1509_direct_carried;;;;711.5;50;243;;0;2;1502
593039;1786991648324;6.0;64;48.6;5.0;243.0;243.0;1509_direct_carried;;;;711.5;60;243;;0;2;1505
593251;1786991648536;6.0;64;48.6;5.0;243.0;243.0;1509_direct_carried;;;;711.5;60;243;;0;2;1506
593666;1786991648951;6.0;64;48.6;5.0;243.0;243.0;1509_direct_carried;;;;711.5;60;243;;0;2;1508
593868;1786991649153;6.0;64;49.1;3.0;147.0;147.3;1509_direct;;;;711.5;60;147;;0;2;1509
594083;1786991649368;6.0;64;49.1;3.0;147.0;147.3;1509_direct_carried;;;;711.5;60;147;;0;2;150A
594285;1786991649570;6.0;64;49.1;3.0;147.0;147.3;1509_direct_carried;;;;711.5;60;147;;0;2;150B
594499;1786991649784;6.0;64;49.1;3.0;147.0;147.3;1509_direct_carried;;;;711.5;60;147;;0;2;150D
595545;1786991650830;6.0;64;49.1;3.0;147.0;147.3;1509_direct_carried;;;;711.5;60;147;;0;2;1502
595963;1786991651248;2.4;64;49.1;3.0;147.0;147.3;1509_direct_carried;;;;711.5;24;147;;0;2;1505
596164;1786991651449;2.4;64;49.1;3.0;147.0;147.3;1509_direct_carried;;;;711.5;24;147;;0;2;1506
596581;1786991651866;2.4;64;49.1;3.0;147.0;147.3;1509_direct_carried;;;;711.5;24;147;;0;2;1508
596793;1786991652078;2.4;64;49.3;0.0;0.0;0.0;1509_direct;;;;711.5;24;0;;0;2;1509
596997;1786991652282;2.4;64;49.3;0.0;0.0;0.0;1509_direct_carried;;;;711.5;24;0;;0;2;150A
597211;1786991652496;2.4;64;49.3;0.0;0.0;0.0;1509_direct_carried;;;;711.5;24;0;;0;2;150B
597425;1786991652710;2.4;64;49.3;0.0;0.0;0.0;1509_direct_carried;;;;711.5;24;0;;0;2;150D
598462;1786991653747;2.4;64;49.3;0.0;0.0;0.0;1509_direct_carried;;;;711.5;24;0;;0;2;1502
598875;1786991654160;0.7;64;49.3;0.0;0.0;0.0;1509_direct_carried;;;;711.5;7;0;;0;2;1505
599092;1786991654377;0.7;64;49.3;0.0;0.0;0.0;1509_direct_carried;;;;711.5;7;0;;0;2;1506
599506;1786991654791;0.7;64;49.3;0.0;0.0;0.0;1509_direct_carried;;;;711.5;7;0;;0;2;1508
599711;1786991654996;0.7;64;49.3;0.0;0.0;0.0;1509_direct;;;;711.5;7;0;;0;2;1509
599924;1786991655209;0.7;64;49.3;0.0;0.0;0.0;1509_direct_carried;;;;711.5;7;0;;0;2;150A
600135;1786991655420;0.7;64;49.3;0.0;0.0;0.0;1509_direct_carried;;;;711.5;7;0;;0;2;150B
600339;1786991655624;0.7;64;49.3;0.0;0.0;0.0;1509_direct_carried;;;;711.5;7;0;;0;2;150D
601386;1786991656671;0.7;64;49.3;0.0;0.0;0.0;1509_direct_carried;;;;711.5;7;0;;0;2;1502
601802;1786991657087;0.2;64;49.3;0.0;0.0;0.0;1509_direct_carried;;;;711.5;2;0;;0;2;1505
602002;1786991657287;0.2;64;49.3;0.0;0.0;0.0;1509_direct_carried;;;;711.5;2;0;;0;2;1506
602421;1786991657706;0.2;64;49.3;0.0;0.0;0.0;1509_direct_carried;;;;711.5;2;0;;0;2;1508
602636;1786991657921;0.2;64;49.3;0.0;0.0;0.0;1509_direct;;;;711.5;2;0;;0;2;1509
602836;1786991658121;0.2;64;49.3;0.0;0.0;0.0;1509_direct_carried;;;;711.5;2;0;;0;2;150A
603050;1786991658335;0.2;64;49.3;0.0;0.0;0.0;1509_direct_carried;;;;711.5;2;0;;0;2;150B
603263;1786991658548;0.2;64;49.3;0.0;0.0;0.0;1509_direct_carried;;;;711.5;2;0;;0;2;150D
604299;1786991659584;0.2;64;49.3;0.0;0.0;0.0;1509_direct_carried;;;;711.5;2;0;;0;2;1502
604717;1786991660002;1.9;64;49.3;0.0;0.0;0.0;1509_direct_carried;;;;711.5;19;0;;0;2;1505
604929;1786991660214;1.9;64;49.3;0.0;0.0;0.0;1509_direct_carried;;;;711.5;19;0;;0;2;1506
605345;1786991660630;1.9;64;49.3;0.0;0.0;0.0;1509_direct_carried;;;;711.5;19;0;;0;2;1508
605558;1786991660843;1.9;64;49.4;0.0;0.0;0.0;1509_direct;;;;711.5;19;0;;0;2;1509
605763;1786991661048;1.9;64;49.4;0.0;0.0;0.0;1509_direct_carried;;;;711.5;19;0;;0;2;150A
605975;1786991661260;1.9;64;49.4;0.0;0.0;0.0;1509_direct_carried;;;;711.5;19;0;;0;2;150B
606178;1786991661463;1.9;64;49.4;0.0;0.0;0.0;1509_direct_carried;;;;711.5;19;0;;0;2;150D
607224;1786991662509;1.9;64;49.4;0.0;0.0;0.0;1509_direct_carried;;;;711.5;19;0;;0;2;1502
607639;1786991662924;0.9;64;49.4;0.0;0.0;0.0;1509_direct_carried;;;;711.5;9;0;;0;2;1505
607854;1786991663139;0.9;64;49.4;0.0;0.0;0.0;1509_direct_carried;;;;711.5;9;0;;0;2;1506
608269;1786991663554;0.9;64;49.4;0.0;0.0;0.0;1509_direct_carried;;;;711.5;9;0;;0;2;1508
608473;1786991663758;0.9;64;49.4;0.0;0.0;0.0;1509_direct;;;;711.5;9;0;;0;2;1509
608687;1786991663972;0.9;64;49.4;0.0;0.0;0.0;1509_direct_carried;;;;711.5;9;0;;0;2;150A
608888;1786991664173;0.9;64;49.4;0.0;0.0;0.0;1509_direct_carried;;;;711.5;9;0;;0;2;150B
609103;1786991664388;0.9;64;49.4;0.0;0.0;0.0;1509_direct_carried;;;;711.5;9;0;;0;2;150D
610137;1786991665422;0.9;64;49.4;0.0;0.0;0.0;1509_direct_carried;;;;711.5;9;0;;0;2;1502
610565;1786991665850;0.0;64;49.4;0.0;0.0;0.0;1509_direct_carried;;;;711.5;0;0;;0;2;1505
610769;1786991666054;0.0;64;49.4;0.0;0.0;0.0;1509_direct_carried;;;;711.5;0;0;;0;2;1506
611184;1786991666469;0.0;64;49.4;0.0;0.0;0.0;1509_direct_carried;;;;711.5;0;0;;0;2;1508
611398;1786991666683;0.0;64;49.4;0.0;0.0;0.0;1509_direct;;;;711.5;0;0;;0;2;1509
611599;1786991666884;0.0;64;49.4;0.0;0.0;0.0;1509_direct_carried;;;;711.5;0;0;;0;2;150A
611814;1786991667099;0.0;64;49.4;0.0;0.0;0.0;1509_direct_carried;;;;711.5;0;0;;0;2;150B
612016;1786991667301;0.0;64;49.4;0.0;0.0;0.0;1509_direct_carried;;;;711.5;0;0;;0;2;150D
613063;1786991668348;0.0;64;49.4;0.0;0.0;0.0;1509_direct_carried;;;;711.5;0;0;;0;2;1502
613478;1786991668763;0.0;64;49.4;0.0;0.0;0.0;1509_direct_carried;;;;711.5;0;0;;0;2;1505
613692;1786991668977;0.0;64;49.4;0.0;0.0;0.0;1509_direct_carried;;;;711.5;0;0;;0;2;1506
614108;1786991669393;0.0;64;49.4;0.0;0.0;0.0;1509_direct_carried;;;;711.5;0;0;;0;2;1508
614312;1786991669597;0.0;64;49.4;0.0;0.0;0.0;1509_direct;;;;711.5;0;0;;0;2;1509
614526;1786991669811;0.0;64;49.4;0.0;0.0;0.0;1509_direct_carried;;;;711.5;0;0;;0;2;150A
614727;1786991670012;0.0;64;49.4;0.0;0.0;0.0;1509_direct_carried;;;;711.5;0;0;;0;2;150B
614942;1786991670227;0.0;64;49.4;0.0;0.0;0.0;1509_direct_carried;;;;711.5;0;0;;0;2;150D
615987;1786991671272;0.0;64;49.4;0.0;0.0;0.0;1509_direct_carried;;;;711.5;0;0;;0;2;1502
616405;1786991671690;0.0;64;49.4;0.0;0.0;0.0;1509_direct_carried;;;;711.5;0;0;;0;2;1505
616607;1786991671892;0.0;64;49.4;0.0;0.0;0.0;1509_direct_carried;;;;711.5;0;0;;0;2;1506
617024;1786991672309;0.0;64;49.4;0.0;0.0;0.0;1509_direct_carried;;;;711.5;0;0;;0;2;1508
617237;1786991672522;0.0;64;49.4;0.0;0.0;0.0;1509_direct;;;;711.5;0;0;;0;2;1509
617439;1786991672724;0.0;64;49.4;0.0;0.0;0.0;1509_direct_carried;;;;711.5;0;0;;0;2;150A
617653;1786991672938;0.0;64;49.4;0.0;0.0;0.0;1509_direct_carried;;;;711.5;0;0;;0;2;150B
617866;1786991673151;0.0;64;49.4;0.0;0.0;0.0;1509_direct_carried;;;;711.5;0;0;;0;2;150D
618902;1786991674187;0.0;64;49.4;0.0;0.0;0.0;1509_direct_carried;;;;711.5;0;0;;0;2;1502
619317;1786991674602;0.0;64;49.4;0.0;0.0;0.0;1509_direct_carried;;;;711.5;0;0;;0;2;1505
619534;1786991674819;0.0;64;49.4;0.0;0.0;0.0;1509_direct_carried;;;;711.5;0;0;;0;2;1506
619948;1786991675233;0.0;64;49.4;0.0;0.0;0.0;1509_direct_carried;;;;711.5;0;0;;0;2;1508
620150;1786991675435;0.0;64;49.4;0.0;0.0;0.0;1509_direct;;;;711.5;0;0;;0;2;1509
620365;1786991675650;0.0;64;49.4;0.0;0.0;0.0;1509_direct_carried;;;;711.5;0;0;;0;2;150A
620579;1786991675864;0.0;64;49.4;0.0;0.0;0.0;1509_direct_carried;;;;711.5;0;0;;0;2;150B
620779;1786991676064;0.0;64;49.4;0.0;0.0;0.0;1509_direct_carried;;;;711.5;0;0;;0;2;150D
621827;1786991677112;0.0;64;49.4;0.0;0.0;0.0;1509_direct_carried;;;;711.5;0;0;;0;2;1502
622243;1786991677528;0.0;64;49.4;0.0;0.0;0.0;1509_direct_carried;;;;711.5;0;0;;0;2;1505
622445;1786991677730;0.0;64;49.4;0.0;0.0;0.0;1509_direct_carried;;;;711.5;0;0;;0;2;1506
622872;1786991678157;0.0;64;49.4;0.0;0.0;0.0;1509_direct_carried;;;;711.5;0;0;;0;2;1508
623075;1786991678360;0.0;64;49.4;0.0;0.0;0.0;1509_direct;;;;711.5;0;0;;0;2;1509
623288;1786991678573;0.0;64;49.4;0.0;0.0;0.0;1509_direct_carried;;;;711.5;0;0;;0;2;150A
623492;1786991678777;0.0;64;49.4;0.0;0.0;0.0;1509_direct_carried;;;;711.5;0;0;;0;2;150B
623704;1786991678989;0.0;64;49.4;0.0;0.0;0.0;1509_direct_carried;;;;711.5;0;0;;0;2;150D
624740;1786991680025;0.0;64;49.4;0.0;0.0;0.0;1509_direct_carried;;;;711.5;0;0;;0;2;1502
625169;1786991680454;0.0;64;49.4;0.0;0.0;0.0;1509_direct_carried;;;;711.5;0;0;;0;2;1505
625371;1786991680656;0.0;64;49.4;0.0;0.0;0.0;1509_direct_carried;;;;711.5;0;0;;0;2;1506
625784;1786991681069;0.0;64;49.4;0.0;0.0;0.0;1509_direct_carried;;;;711.5;0;0;;0;2;1508
625998;1786991681283;0.0;64;49.4;0.0;0.0;0.0;1509_direct;;;;711.5;0;0;;0;2;1509
626200;1786991681485;0.0;64;49.4;0.0;0.0;0.0;1509_direct_carried;;;;711.5;0;0;;0;2;150A
626416;1786991681701;0.0;64;49.4;0.0;0.0;0.0;1509_direct_carried;;;;711.5;0;0;;0;2;150B
626620;1786991681905;0.0;64;49.4;0.0;0.0;0.0;1509_direct_carried;;;;711.5;0;0;;0;2;150D
627869;1786991683154;0.0;64;49.4;0.0;0.0;0.0;1509_direct_carried;;;;711.5;0;0;;0;2;1502
628293;1786991683578;0.0;64;49.4;0.0;0.0;0.0;1509_direct_carried;;;;711.5;0;0;;0;2;1505
628498;1786991683783;0.0;64;49.4;0.0;0.0;0.0;1509_direct_carried;;;;711.5;0;0;;0;2;1506
629131;1786991684416;0.0;64;49.4;0.0;0.0;0.0;1509_direct_carried;;;;711.5;0;0;;0;2;1508
629331;1786991684616;0.0;64;49.4;0.0;0.0;0.0;1509_direct;;;;711.5;0;0;;0;2;1509
629544;1786991684829;0.0;64;49.4;0.0;0.0;0.0;1509_direct_carried;;;;711.5;0;0;;0;2;150A
629746;1786991685031;0.0;64;49.4;0.0;0.0;0.0;1509_direct_carried;;;;711.5;0;0;;0;2;150B
629961;1786991685246;0.0;64;49.4;0.0;0.0;0.0;1509_direct_carried;;;;711.5;0;0;;0;2;150D
631006;1786991686291;0.0;64;49.4;0.0;0.0;0.0;1509_direct_carried;;;;711.5;0;0;;0;2;1502
631426;1786991686711;0.0;64;49.4;0.0;0.0;0.0;1509_direct_carried;;;;711.5;0;0;;0;2;1505
631629;1786991686914;0.0;64;49.4;0.0;0.0;0.0;1509_direct_carried;;;;711.5;0;0;;0;2;1506
632042;1786991687327;0.0;64;49.4;0.0;0.0;0.0;1509_direct_carried;;;;711.5;0;0;;0;2;1508
632257;1786991687542;0.0;64;49.4;0.0;0.0;0.0;1509_direct;;;;711.5;0;0;;0;2;1509
632462;1786991687747;0.0;64;49.4;0.0;0.0;0.0;1509_direct_carried;;;;711.5;0;0;;0;2;150A
632672;1786991687957;0.0;64;49.4;0.0;0.0;0.0;1509_direct_carried;;;;711.5;0;0;;0;2;150B
632887;1786991688172;0.0;64;49.4;0.0;0.0;0.0;1509_direct_carried;;;;711.5;0;0;;0;2;150D
633922;1786991689207;0.0;64;49.4;0.0;0.0;0.0;1509_direct_carried;;;;711.5;0;0;;0;2;1502
634337;1786991689622;0.0;64;49.4;0.0;0.0;0.0;1509_direct_carried;;;;711.5;0;0;;0;2;1505
634551;1786991689836;0.0;64;49.4;0.0;0.0;0.0;1509_direct_carried;;;;711.5;0;0;;0;2;1506
634967;1786991690252;0.0;64;49.4;0.0;0.0;0.0;1509_direct_carried;;;;711.5;0;0;;0;2;1508
635170;1786991690455;0.0;64;49.4;0.0;0.0;0.0;1509_direct;;;;711.5;0;0;;0;2;1509
635383;1786991690668;0.0;64;49.4;0.0;0.0;0.0;1509_direct_carried;;;;711.5;0;0;;0;2;150A
635598;1786991690883;0.0;64;49.4;0.0;0.0;0.0;1509_direct_carried;;;;711.5;0;0;;0;2;150B
635799;1786991691084;0.0;64;49.4;0.0;0.0;0.0;1509_direct_carried;;;;711.5;0;0;;0;2;150D
636846;1786991692131;0.0;64;49.4;0.0;0.0;0.0;1509_direct_carried;;;;711.5;0;0;;0;2;1502
637263;1786991692548;0.0;64;49.4;0.0;0.0;0.0;1509_direct_carried;;;;711.5;0;0;;0;2;1505
637464;1786991692749;0.0;64;49.4;0.0;0.0;0.0;1509_direct_carried;;;;711.5;0;0;;0;2;1506
637892;1786991693177;0.0;64;49.4;0.0;0.0;0.0;1509_direct_carried;;;;711.5;0;0;;0;2;1508
638094;1786991693379;0.0;64;49.4;0.0;0.0;0.0;1509_direct;;;;711.5;0;0;;0;2;1509
638309;1786991693594;0.0;64;49.4;0.0;0.0;0.0;1509_direct_carried;;;;711.5;0;0;;0;2;150A
638510;1786991693795;0.0;64;49.4;0.0;0.0;0.0;1509_direct_carried;;;;711.5;0;0;;0;2;150B
638725;1786991694010;0.0;64;49.4;0.0;0.0;0.0;1509_direct_carried;;;;711.5;0;0;;0;2;150D
639760;1786991695045;0.0;64;49.4;0.0;0.0;0.0;1509_direct_carried;;;;711.5;0;0;;0;2;1502
640177;1786991695462;0.0;64;49.4;0.0;0.0;0.0;1509_direct_carried;;;;711.5;0;0;;0;2;1505
640390;1786991695675;0.0;64;49.4;0.0;0.0;0.0;1509_direct_carried;;;;711.5;0;0;;0;2;1506
640807;1786991696092;0.0;64;49.4;0.0;0.0;0.0;1509_direct_carried;;;;711.5;0;0;;0;2;1508
641019;1786991696304;0.0;64;49.4;0.0;0.0;0.0;1509_direct;;;;711.5;0;0;;0;2;1509
641222;1786991696507;0.0;64;49.4;0.0;0.0;0.0;1509_direct_carried;;;;711.5;0;0;;0;2;150A
641439;1786991696724;0.0;64;49.4;0.0;0.0;0.0;1509_direct_carried;;;;711.5;0;0;;0;2;150B
641641;1786991696926;0.0;64;49.4;0.0;0.0;0.0;1509_direct_carried;;;;711.5;0;0;;0;2;150D
642687;1786991697972;0.0;64;49.4;0.0;0.0;0.0;1509_direct_carried;;;;711.5;0;0;;0;2;1502
643105;1786991698390;0.0;64;49.4;0.0;0.0;0.0;1509_direct_carried;;;;711.5;0;0;;0;2;1505
643328;1786991698613;0.0;64;49.4;0.0;0.0;0.0;1509_direct_carried;;;;711.5;0;0;;0;2;1506
643732;1786991699017;0.0;64;49.4;0.0;0.0;0.0;1509_direct_carried;;;;711.5;0;0;;0;2;1508
643936;1786991699221;0.0;64;49.4;0.0;0.0;0.0;1509_direct;;;;711.5;0;0;;0;2;1509
644147;1786991699432;0.0;64;49.4;0.0;0.0;0.0;1509_direct_carried;;;;711.5;0;0;;0;2;150A
644350;1786991699635;0.0;64;49.4;0.0;0.0;0.0;1509_direct_carried;;;;711.5;0;0;;0;2;150B
644564;1786991699849;0.0;64;49.4;0.0;0.0;0.0;1509_direct_carried;;;;711.5;0;0;;0;2;150D
645611;1786991700896;0.0;64;49.4;0.0;0.0;0.0;1509_direct_carried;;;;711.5;0;0;;0;2;1502
646028;1786991701313;0.0;64;49.4;0.0;0.0;0.0;1509_direct_carried;;;;711.5;0;0;;0;2;1505
646231;1786991701516;0.0;64;49.4;0.0;0.0;0.0;1509_direct_carried;;;;711.5;0;0;;0;2;1506
646647;1786991701932;0.0;64;49.4;0.0;0.0;0.0;1509_direct_carried;;;;711.5;0;0;;0;2;1508
646861;1786991702146;0.0;64;49.4;0.0;0.0;0.0;1509_direct;;;;711.5;0;0;;0;2;1509
647061;1786991702346;0.0;64;49.4;0.0;0.0;0.0;1509_direct_carried;;;;711.5;0;0;;0;2;150A
647275;1786991702560;0.0;64;49.4;0.0;0.0;0.0;1509_direct_carried;;;;711.5;0;0;;0;2;150B
647479;1786991702764;0.0;64;49.4;0.0;0.0;0.0;1509_direct_carried;;;;711.5;0;0;;0;2;150D
648525;1786991703810;0.0;64;49.4;0.0;0.0;0.0;1509_direct_carried;;;;711.5;0;0;;0;2;1502
648942;1786991704227;0.0;64;49.4;0.0;0.0;0.0;1509_direct_carried;;;;711.5;0;0;;0;2;1505
649157;1786991704442;0.0;64;49.4;0.0;0.0;0.0;1509_direct_carried;;;;711.5;0;0;;0;2;1506
649571;1786991704856;0.0;64;49.4;0.0;0.0;0.0;1509_direct_carried;;;;711.5;0;0;;0;2;1508
649773;1786991705058;0.0;64;49.4;0.0;0.0;0.0;1509_direct;;;;711.5;0;0;;0;2;1509
649987;1786991705272;0.0;64;49.4;0.0;0.0;0.0;1509_direct_carried;;;;711.5;0;0;;0;2;150A
650187;1786991705472;0.0;64;49.4;0.0;0.0;0.0;1509_direct_carried;;;;711.5;0;0;;0;2;150B
650403;1786991705688;0.0;64;49.4;0.0;0.0;0.0;1509_direct_carried;;;;711.5;0;0;;0;2;150D
651461;1786991706746;0.0;64;49.4;0.0;0.0;0.0;1509_direct_carried;;;;711.5;0;0;;0;2;1502
651866;1786991707151;0.0;64;49.4;0.0;0.0;0.0;1509_direct_carried;;;;711.5;0;0;;0;2;1505
652069;1786991707354;0.0;64;49.4;0.0;0.0;0.0;1509_direct_carried;;;;711.5;0;0;;0;2;1506
652484;1786991707769;0.0;64;49.4;0.0;0.0;0.0;1509_direct_carried;;;;711.5;0;0;;0;2;1508
652697;1786991707982;0.0;64;49.4;0.0;0.0;0.0;1509_direct;;;;711.5;0;0;;0;2;1509
652900;1786991708185;0.0;64;49.4;0.0;0.0;0.0;1509_direct_carried;;;;711.5;0;0;;0;2;150A
653115;1786991708400;0.0;64;49.4;0.0;0.0;0.0;1509_direct_carried;;;;711.5;0;0;;0;2;150B
653328;1786991708613;0.0;64;49.4;0.0;0.0;0.0;1509_direct_carried;;;;711.5;0;0;;0;2;150D
654365;1786991709650;0.0;64;49.4;0.0;0.0;0.0;1509_direct_carried;;;;711.5;0;0;;0;2;1502
654779;1786991710064;0.0;64;49.4;0.0;0.0;0.0;1509_direct_carried;;;;711.5;0;0;;0;2;1505
654994;1786991710279;0.0;64;49.4;0.0;0.0;0.0;1509_direct_carried;;;;711.5;0;0;;0;2;1506
655412;1786991710697;0.0;64;49.4;0.0;0.0;0.0;1509_direct_carried;;;;711.5;0;0;;0;2;1508
655611;1786991710896;0.0;64;49.4;0.0;0.0;0.0;1509_direct;;;;711.5;0;0;;0;2;1509
655825;1786991711110;0.0;64;49.4;0.0;0.0;0.0;1509_direct_carried;;;;711.5;0;0;;0;2;150A
656040;1786991711325;0.0;64;49.4;0.0;0.0;0.0;1509_direct_carried;;;;711.5;0;0;;0;2;150B
656241;1786991711526;0.0;64;49.4;0.0;0.0;0.0;1509_direct_carried;;;;711.5;0;0;;0;2;150D
657289;1786991712574;0.0;64;49.4;0.0;0.0;0.0;1509_direct_carried;;;;711.5;0;0;;0;2;1502
657705;1786991712990;0.0;64;49.4;0.0;0.0;0.0;1509_direct_carried;;;;711.5;0;0;;0;2;1505
657908;1786991713193;0.0;64;49.4;0.0;0.0;0.0;1509_direct_carried;;;;711.5;0;0;;0;2;1506
658335;1786991713620;0.0;64;49.4;0.0;0.0;0.0;1509_direct_carried;;;;711.5;0;0;;0;2;1508
658541;1786991713826;0.0;64;49.4;0.0;0.0;0.0;1509_direct;;;;711.5;0;0;;0;2;1509
658752;1786991714037;0.0;64;49.4;0.0;0.0;0.0;1509_direct_carried;;;;711.5;0;0;;0;2;150A
658953;1786991714238;0.0;64;49.4;0.0;0.0;0.0;1509_direct_carried;;;;711.5;0;0;;0;2;150B
659168;1786991714453;0.0;64;49.4;0.0;0.0;0.0;1509_direct_carried;;;;711.5;0;0;;0;2;150D
660204;1786991715489;0.0;64;49.4;0.0;0.0;0.0;1509_direct_carried;;;;711.5;0;0;;0;2;1502
660618;1786991715903;0.0;64;49.4;0.0;0.0;0.0;1509_direct_carried;;;;711.5;0;0;;0;2;1505
660833;1786991716118;0.0;64;49.4;0.0;0.0;0.0;1509_direct_carried;;;;711.5;0;0;;0;2;1506
661249;1786991716534;0.0;64;49.4;0.0;0.0;0.0;1509_direct_carried;;;;711.5;0;0;;0;2;1508
661464;1786991716749;0.0;64;49.4;0.0;0.0;0.0;1509_direct;;;;711.5;0;0;;0;2;1509
661664;1786991716949;0.0;64;49.4;0.0;0.0;0.0;1509_direct_carried;;;;711.5;0;0;;0;2;150A
661878;1786991717163;0.0;64;49.4;0.0;0.0;0.0;1509_direct_carried;;;;711.5;0;0;;0;2;150B
662081;1786991717366;0.0;64;49.4;0.0;0.0;0.0;1509_direct_carried;;;;711.5;0;0;;0;2;150D
663127;1786991718412;0.0;64;49.4;0.0;0.0;0.0;1509_direct_carried;;;;711.5;0;0;;0;2;1502
663549;1786991718834;0.0;64;49.4;0.0;0.0;0.0;1509_direct_carried;;;;711.5;0;0;;0;2;1505
663759;1786991719044;0.0;64;49.4;0.0;0.0;0.0;1509_direct_carried;;;;711.5;0;0;;0;2;1506
664173;1786991719458;0.0;64;49.4;0.0;0.0;0.0;1509_direct_carried;;;;711.5;0;0;;0;2;1508
664376;1786991719661;0.0;64;49.4;0.0;0.0;0.0;1509_direct;;;;711.5;0;0;;0;2;1509
664590;1786991719875;0.0;64;49.4;0.0;0.0;0.0;1509_direct_carried;;;;711.5;0;0;;0;2;150A
664795;1786991720080;0.0;64;49.4;0.0;0.0;0.0;1509_direct_carried;;;;711.5;0;0;;0;2;150B
665007;1786991720292;0.0;64;49.4;0.0;0.0;0.0;1509_direct_carried;;;;711.5;0;0;;0;2;150D
666054;1786991721339;0.0;64;49.4;0.0;0.0;0.0;1509_direct_carried;;;;711.5;0;0;;0;2;1502
666470;1786991721755;0.0;64;49.4;0.0;0.0;0.0;1509_direct_carried;;;;711.5;0;0;;0;2;1505
666673;1786991721958;0.0;64;49.4;0.0;0.0;0.0;1509_direct_carried;;;;711.5;0;0;;0;2;1506
667087;1786991722372;0.0;64;49.4;0.0;0.0;0.0;1509_direct_carried;;;;711.5;0;0;;0;2;1508
667302;1786991722587;0.0;64;49.4;0.0;0.0;0.0;1509_direct;;;;711.5;0;0;;0;2;1509
667504;1786991722789;0.0;64;49.4;0.0;0.0;0.0;1509_direct_carried;;;;711.5;0;0;;0;2;150A
667718;1786991723003;0.0;64;49.4;0.0;0.0;0.0;1509_direct_carried;;;;711.5;0;0;;0;2;150B
667919;1786991723204;0.0;64;49.4;0.0;0.0;0.0;1509_direct_carried;;;;711.5;0;0;;0;2;150D
668966;1786991724251;0.0;64;49.4;0.0;0.0;0.0;1509_direct_carried;;;;711.5;0;0;;0;2;1502
669382;1786991724667;0.0;64;49.4;0.0;0.0;0.0;1509_direct_carried;;;;711.5;0;0;;0;2;1505
669596;1786991724881;0.0;64;49.4;0.0;0.0;0.0;1509_direct_carried;;;;711.5;0;0;;0;2;1506
670013;1786991725298;0.0;64;49.4;0.0;0.0;0.0;1509_direct_carried;;;;711.5;0;0;;0;2;1508
670214;1786991725499;0.0;64;49.5;0.0;0.0;0.0;1509_direct;;;;711.5;0;0;;0;2;1509
670428;1786991725713;0.0;64;49.5;0.0;0.0;0.0;1509_direct_carried;;;;711.5;0;0;;0;2;150A
670642;1786991725927;0.0;64;49.5;0.0;0.0;0.0;1509_direct_carried;;;;711.5;0;0;;0;2;150B
670846;1786991726131;0.0;64;49.5;0.0;0.0;0.0;1509_direct_carried;;;;711.5;0;0;;0;2;150D
671891;1786991727176;0.0;64;49.5;0.0;0.0;0.0;1509_direct_carried;;;;711.5;0;0;;0;2;1502
672308;1786991727593;0.0;64;49.5;0.0;0.0;0.0;1509_direct_carried;;;;711.5;0;0;;0;2;1505
672509;1786991727794;0.0;64;49.5;0.0;0.0;0.0;1509_direct_carried;;;;711.5;0;0;;0;2;1506
672928;1786991728213;0.0;64;49.5;0.0;0.0;0.0;1509_direct_carried;;;;711.5;0;0;;0;2;1508
673146;1786991728431;0.0;64;49.4;0.0;0.0;0.0;1509_direct;;;;711.5;0;0;;0;2;1509
673357;1786991728642;0.0;64;49.4;0.0;0.0;0.0;1509_direct_carried;;;;711.5;0;0;;0;2;150A
673558;1786991728843;0.0;64;49.4;0.0;0.0;0.0;1509_direct_carried;;;;711.5;0;0;;0;2;150B
673771;1786991729056;0.0;64;49.4;0.0;0.0;0.0;1509_direct_carried;;;;711.5;0;0;;0;2;150D
674806;1786991730091;0.0;64;49.4;0.0;0.0;0.0;1509_direct_carried;;;;711.5;0;0;;0;2;1502
675221;1786991730506;0.0;64;49.4;0.0;0.0;0.0;1509_direct_carried;;;;711.5;0;0;;0;2;1505
675435;1786991730720;0.0;64;49.4;0.0;0.0;0.0;1509_direct_carried;;;;711.5;0;0;;0;2;1506
675851;1786991731136;0.0;64;49.4;0.0;0.0;0.0;1509_direct_carried;;;;711.5;0;0;;0;2;1508
676066;1786991731351;0.0;64;49.5;0.0;0.0;0.0;1509_direct;;;;711.5;0;0;;0;2;1509
676267;1786991731552;0.0;64;49.5;0.0;0.0;0.0;1509_direct_carried;;;;711.5;0;0;;0;2;150A
676482;1786991731767;0.0;64;49.5;0.0;0.0;0.0;1509_direct_carried;;;;711.5;0;0;;0;2;150B
676685;1786991731970;0.0;64;49.5;0.0;0.0;0.0;1509_direct_carried;;;;711.5;0;0;;0;2;150D
677731;1786991733016;0.0;64;49.5;0.0;0.0;0.0;1509_direct_carried;;;;711.5;0;0;;0;2;1502
678146;1786991733431;0.0;64;49.5;0.0;0.0;0.0;1509_direct_carried;;;;711.5;0;0;;0;2;1505
678349;1786991733634;0.0;64;49.5;0.0;0.0;0.0;1509_direct_carried;;;;711.5;0;0;;0;2;1506
678776;1786991734061;0.0;64;49.5;0.0;0.0;0.0;1509_direct_carried;;;;711.5;0;0;;0;2;1508
678980;1786991734265;0.0;64;49.4;0.0;0.0;0.0;1509_direct;;;;711.5;0;0;;0;2;1509
679194;1786991734479;0.0;64;49.4;0.0;0.0;0.0;1509_direct_carried;;;;711.5;0;0;;0;2;150A
679394;1786991734679;0.0;64;49.4;0.0;0.0;0.0;1509_direct_carried;;;;711.5;0;0;;0;2;150B
679614;1786991734899;0.0;64;49.4;0.0;0.0;0.0;1509_direct_carried;;;;711.5;0;0;;0;2;150D
680646;1786991735931;0.0;64;49.4;0.0;0.0;0.0;1509_direct_carried;;;;711.5;0;0;;0;2;1502
681074;1786991736359;0.0;64;49.4;0.0;0.0;0.0;1509_direct_carried;;;;711.5;0;0;;0;2;1505
681277;1786991736562;0.0;64;49.4;0.0;0.0;0.0;1509_direct_carried;;;;711.5;0;0;;0;2;1506
681692;1786991736977;0.0;64;49.4;0.0;0.0;0.0;1509_direct_carried;;;;711.5;0;0;;0;2;1508
681910;1786991737195;0.0;64;49.4;0.0;0.0;0.0;1509_direct;;;;711.5;0;0;;0;2;1509
682110;1786991737395;0.0;64;49.4;0.0;0.0;0.0;1509_direct_carried;;;;711.5;0;0;;0;2;150A
682322;1786991737607;0.0;64;49.4;0.0;0.0;0.0;1509_direct_carried;;;;711.5;0;0;;0;2;150B
682524;1786991737809;0.0;64;49.4;0.0;0.0;0.0;1509_direct_carried;;;;711.5;0;0;;0;2;150D
683569;1786991738854;0.0;64;49.4;0.0;0.0;0.0;1509_direct_carried;;;;711.5;0;0;;0;2;1502
683986;1786991739271;0.0;64;49.4;0.0;0.0;0.0;1509_direct_carried;;;;711.5;0;0;;0;2;1505
684199;1786991739484;0.0;64;49.4;0.0;0.0;0.0;1509_direct_carried;;;;711.5;0;0;;0;2;1506
684619;1786991739904;0.0;64;49.4;0.0;0.0;0.0;1509_direct_carried;;;;711.5;0;0;;0;2;1508
684820;1786991740105;0.0;64;49.4;0.0;0.0;0.0;1509_direct;;;;711.5;0;0;;0;2;1509
685035;1786991740320;0.0;64;49.4;0.0;0.0;0.0;1509_direct_carried;;;;711.5;0;0;;0;2;150A
685237;1786991740522;0.0;64;49.4;0.0;0.0;0.0;1509_direct_carried;;;;711.5;0;0;;0;2;150B
685449;1786991740734;0.0;64;49.4;0.0;0.0;0.0;1509_direct_carried;;;;711.5;0;0;;0;2;150D
686500;1786991741785;0.0;64;49.4;0.0;0.0;0.0;1509_direct_carried;;;;711.5;0;0;;0;2;1502
686912;1786991742197;0.0;64;49.4;0.0;0.0;0.0;1509_direct_carried;;;;711.5;0;0;;0;2;1505
687116;1786991742401;0.0;64;49.4;0.0;0.0;0.0;1509_direct_carried;;;;711.5;0;0;;0;2;1506
687529;1786991742814;0.0;64;49.4;0.0;0.0;0.0;1509_direct_carried;;;;711.5;0;0;;0;2;1508
687744;1786991743029;0.0;64;49.4;0.0;0.0;0.0;1509_direct;;;;711.5;0;0;;0;2;1509
687949;1786991743234;0.0;64;49.4;0.0;0.0;0.0;1509_direct_carried;;;;711.5;0;0;;0;2;150A
688163;1786991743448;0.0;64;49.4;0.0;0.0;0.0;1509_direct_carried;;;;711.5;0;0;;0;2;150B
688364;1786991743649;0.0;64;49.4;0.0;0.0;0.0;1509_direct_carried;;;;711.5;0;0;;0;2;150D
689409;1786991744694;0.0;64;49.4;0.0;0.0;0.0;1509_direct_carried;;;;711.5;0;0;;0;2;1502
689826;1786991745111;0.0;64;49.4;0.0;0.0;0.0;1509_direct_carried;;;;711.5;0;0;;0;2;1505
690039;1786991745324;0.0;64;49.4;0.0;0.0;0.0;1509_direct_carried;;;;711.5;0;0;;0;2;1506
690455;1786991745740;0.0;64;49.4;0.0;0.0;0.0;1509_direct_carried;;;;711.5;0;0;;0;2;1508
690660;1786991745945;0.0;64;49.4;0.0;0.0;0.0;1509_direct;;;;711.5;0;0;;0;2;1509
690871;1786991746156;0.0;64;49.4;0.0;0.0;0.0;1509_direct_carried;;;;711.5;0;0;;0;2;150A
691085;1786991746370;0.0;64;49.4;0.0;0.0;0.0;1509_direct_carried;;;;711.5;0;0;;0;2;150B
691287;1786991746572;0.0;64;49.4;0.0;0.0;0.0;1509_direct_carried;;;;711.5;0;0;;0;2;150D
692333;1786991747618;0.0;64;49.4;0.0;0.0;0.0;1509_direct_carried;;;;711.5;0;0;;0;2;1502
692748;1786991748033;0.0;64;49.4;0.0;0.0;0.0;1509_direct_carried;;;;711.5;0;0;;0;2;1505
692952;1786991748237;0.0;64;49.4;0.0;0.0;0.0;1509_direct_carried;;;;711.5;0;0;;0;2;1506
693367;1786991748652;0.0;64;49.4;0.0;0.0;0.0;1509_direct_carried;;;;711.5;0;0;;0;2;1508
693583;1786991748868;0.0;64;49.4;0.0;0.0;0.0;1509_direct;;;;711.5;0;0;;0;2;1509
693798;1786991749083;0.0;64;49.4;0.0;0.0;0.0;1509_direct_carried;;;;711.5;0;0;;0;2;150A