relative_ms;timestamp_ms;channel;meaning;length;packet_no;changed_bytes;hex;origin;connection_epoch;service_uuid;characteristic_uuid;properties_raw;payload_sha256;public_redaction
9016;1787508589066;1502;Akkuinformationen;16;1;0,1,2,3,4,5,6,7,8,9,10,11,12,13,14,15;47-18-FF-FF-FF-FF-47-18-FF-FF-FF-FF-FF-FF-00-00;NOTIFICATION;1;da1a1500-d532-4285-be94-b07a3e11a098;da1a1502-d532-4285-be94-b07a3e11a098;18;;
9647;1787508589697;1505;BikePerformance / Fahrleistung;18;1;0,1,2,3,4,5,6,7,8,9,10,11,12,13,14,15,16,17;00-00-00-00-FF-FF-00-00-FF-FF-FF-FF-FF-00-00-00-00-00;NOTIFICATION;1;da1a1500-d532-4285-be94-b07a3e11a098;da1a1505-d532-4285-be94-b07a3e11a098;18;;
9856;1787508589906;1506;Trip / Kilometer & Betriebszähler;16;1;0,1,2,3,4,5,6,7,8,9,10,11,12,13,14,15;00-00-1C-53-00-02-35-C3-00-00-02-D5-00-00-00-00;NOTIFICATION;1;da1a1500-d532-4285-be94-b07a3e11a098;da1a1506-d532-4285-be94-b07a3e11a098;18;;
10268;1787508590318;1508;Settings / Licht & Fahrstufe;17;1;0,1,2,3,4,5,6,7,8,9,10,11,12,13,14,15,16;01-00-00-02-FF-FF-FF-FF-FF-FF-FF-00-00-00-00-00-00;NOTIFICATION;1;da1a1500-d532-4285-be94-b07a3e11a098;da1a1508-d532-4285-be94-b07a3e11a098;18;;
10476;1787508590526;1509;BatteryChange / Akku-Livestand;11;1;0,1,2,3,4,5,6,7,8,9,10;00-00-FF-FF-20-B4-78-00-00-00-00;NOTIFICATION;1;da1a1500-d532-4285-be94-b07a3e11a098;da1a1509-d532-4285-be94-b07a3e11a098;18;;
10688;1787508590738;150A;MotorUpdate / Motor-Livestand;10;1;0,1,2,3,4,5,6,7,8,9;00-00-FF-FF-FF-FF-FF-FF-FF-FF;NOTIFICATION;1;da1a1500-d532-4285-be94-b07a3e11a098;da1a150a-d532-4285-be94-b07a3e11a098;18;;
10901;1787508590951;150B;Motor-/Controllerblock;20;1;0,1,2,3,4,5,6,7,8,9,10,11,12,13,14,15,16,17,18,19;FF-FF-FF-FF-FF-FF-FF-FF-FF-FF-FF-FF-FF-FF-FF-FF-FF-FF-FF-FF;NOTIFICATION;1;da1a1500-d532-4285-be94-b07a3e11a098;da1a150b-d532-4285-be94-b07a3e11a098;18;;
11106;1787508591156;150D;Fahrstatistik Max/Ø;20;1;0,1,2,3,4,5,6,7,8,9,10,11,12,13,14,15,16,17,18,19;00-00-00-00-FF-FF-FF-FF-47-18-FF-FF-FF-FF-FF-FF-FF-FF-00-00;NOTIFICATION;1;da1a1500-d532-4285-be94-b07a3e11a098;da1a150d-d532-4285-be94-b07a3e11a098;18;;
12147;1787508592197;1502;Akkuinformationen;16;2;–;47-18-FF-FF-FF-FF-47-18-FF-FF-FF-FF-FF-FF-00-00;NOTIFICATION;1;da1a1500-d532-4285-be94-b07a3e11a098;da1a1502-d532-4285-be94-b07a3e11a098;18;;
12566;1787508592616;1505;BikePerformance / Fahrleistung;18;2;–;00-00-00-00-FF-FF-00-00-FF-FF-FF-FF-FF-00-00-00-00-00;NOTIFICATION;1;da1a1500-d532-4285-be94-b07a3e11a098;da1a1505-d532-4285-be94-b07a3e11a098;18;;
12777;1787508592827;1506;Trip / Kilometer & Betriebszähler;16;2;–;00-00-1C-53-00-02-35-C3-00-00-02-D5-00-00-00-00;NOTIFICATION;1;da1a1500-d532-4285-be94-b07a3e11a098;da1a1506-d532-4285-be94-b07a3e11a098;18;;
13187;1787508593237;1508;Settings / Licht & Fahrstufe;17;2;–;01-00-00-02-FF-FF-FF-FF-FF-FF-FF-00-00-00-00-00-00;NOTIFICATION;1;da1a1500-d532-4285-be94-b07a3e11a098;da1a1508-d532-4285-be94-b07a3e11a098;18;;
13408;1787508593458;1509;BatteryChange / Akku-Livestand;11;2;–;00-00-FF-FF-20-B4-78-00-00-00-00;NOTIFICATION;1;da1a1500-d532-4285-be94-b07a3e11a098;da1a1509-d532-4285-be94-b07a3e11a098;18;;
13607;1787508593657;150A;MotorUpdate / Motor-Livestand;10;2;–;00-00-FF-FF-FF-FF-FF-FF-FF-FF;NOTIFICATION;1;da1a1500-d532-4285-be94-b07a3e11a098;da1a150a-d532-4285-be94-b07a3e11a098;18;;
13820;1787508593870;150B;Motor-/Controllerblock;20;2;–;FF-FF-FF-FF-FF-FF-FF-FF-FF-FF-FF-FF-FF-FF-FF-FF-FF-FF-FF-FF;NOTIFICATION;1;da1a1500-d532-4285-be94-b07a3e11a098;da1a150b-d532-4285-be94-b07a3e11a098;18;;
14027;1787508594077;150D;Fahrstatistik Max/Ø;20;2;–;00-00-00-00-FF-FF-FF-FF-47-18-FF-FF-FF-FF-FF-FF-FF-FF-00-00;NOTIFICATION;1;da1a1500-d532-4285-be94-b07a3e11a098;da1a150d-d532-4285-be94-b07a3e11a098;18;;
15067;1787508595117;1502;Akkuinformationen;16;3;–;47-18-FF-FF-FF-FF-47-18-FF-FF-FF-FF-FF-FF-00-00;NOTIFICATION;1;da1a1500-d532-4285-be94-b07a3e11a098;da1a1502-d532-4285-be94-b07a3e11a098;18;;
15487;1787508595537;1505;BikePerformance / Fahrleistung;18;3;–;00-00-00-00-FF-FF-00-00-FF-FF-FF-FF-FF-00-00-00-00-00;NOTIFICATION;1;da1a1500-d532-4285-be94-b07a3e11a098;da1a1505-d532-4285-be94-b07a3e11a098;18;;
15687;1787508595737;1506;Trip / Kilometer & Betriebszähler;16;3;–;00-00-1C-53-00-02-35-C3-00-00-02-D5-00-00-00-00;NOTIFICATION;1;da1a1500-d532-4285-be94-b07a3e11a098;da1a1506-d532-4285-be94-b07a3e11a098;18;;
16105;1787508596155;1508;Settings / Licht & Fahrstufe;17;3;–;01-00-00-02-FF-FF-FF-FF-FF-FF-FF-00-00-00-00-00-00;NOTIFICATION;1;da1a1500-d532-4285-be94-b07a3e11a098;da1a1508-d532-4285-be94-b07a3e11a098;18;;
16317;1787508596367;1509;BatteryChange / Akku-Livestand;11;3;–;00-00-FF-FF-20-B4-78-00-00-00-00;NOTIFICATION;1;da1a1500-d532-4285-be94-b07a3e11a098;da1a1509-d532-4285-be94-b07a3e11a098;18;;
16526;1787508596576;150A;MotorUpdate / Motor-Livestand;10;3;–;00-00-FF-FF-FF-FF-FF-FF-FF-FF;NOTIFICATION;1;da1a1500-d532-4285-be94-b07a3e11a098;da1a150a-d532-4285-be94-b07a3e11a098;18;;
16736;1787508596786;150B;Motor-/Controllerblock;20;3;–;FF-FF-FF-FF-FF-FF-FF-FF-FF-FF-FF-FF-FF-FF-FF-FF-FF-FF-FF-FF;NOTIFICATION;1;da1a1500-d532-4285-be94-b07a3e11a098;da1a150b-d532-4285-be94-b07a3e11a098;18;;
16947;1787508596997;150D;Fahrstatistik Max/Ø;20;3;–;00-00-00-00-FF-FF-FF-FF-47-18-FF-FF-FF-FF-FF-FF-FF-FF-00-00;NOTIFICATION;1;da1a1500-d532-4285-be94-b07a3e11a098;da1a150d-d532-4285-be94-b07a3e11a098;18;;
17988;1787508598038;1502;Akkuinformationen;16;4;–;47-18-FF-FF-FF-FF-47-18-FF-FF-FF-FF-FF-FF-00-00;NOTIFICATION;1;da1a1500-d532-4285-be94-b07a3e11a098;da1a1502-d532-4285-be94-b07a3e11a098;18;;
18399;1787508598449;1505;BikePerformance / Fahrleistung;18;4;–;00-00-00-00-FF-FF-00-00-FF-FF-FF-FF-FF-00-00-00-00-00;NOTIFICATION;1;da1a1500-d532-4285-be94-b07a3e11a098;da1a1505-d532-4285-be94-b07a3e11a098;18;;
18608;1787508598658;1506;Trip / Kilometer & Betriebszähler;16;4;–;00-00-1C-53-00-02-35-C3-00-00-02-D5-00-00-00-00;NOTIFICATION;1;da1a1500-d532-4285-be94-b07a3e11a098;da1a1506-d532-4285-be94-b07a3e11a098;18;;
19028;1787508599078;1508;Settings / Licht & Fahrstufe;17;4;–;01-00-00-02-FF-FF-FF-FF-FF-FF-FF-00-00-00-00-00-00;NOTIFICATION;1;da1a1500-d532-4285-be94-b07a3e11a098;da1a1508-d532-4285-be94-b07a3e11a098;18;;
19237;1787508599287;1509;BatteryChange / Akku-Livestand;11;4;–;00-00-FF-FF-20-B4-78-00-00-00-00;NOTIFICATION;1;da1a1500-d532-4285-be94-b07a3e11a098;da1a1509-d532-4285-be94-b07a3e11a098;18;;
19449;1787508599499;150A;MotorUpdate / Motor-Livestand;10;4;–;00-00-FF-FF-FF-FF-FF-FF-FF-FF;NOTIFICATION;1;da1a1500-d532-4285-be94-b07a3e11a098;da1a150a-d532-4285-be94-b07a3e11a098;18;;
19657;1787508599707;150B;Motor-/Controllerblock;20;4;–;FF-FF-FF-FF-FF-FF-FF-FF-FF-FF-FF-FF-FF-FF-FF-FF-FF-FF-FF-FF;NOTIFICATION;1;da1a1500-d532-4285-be94-b07a3e11a098;da1a150b-d532-4285-be94-b07a3e11a098;18;;
19859;1787508599909;150D;Fahrstatistik Max/Ø;20;4;–;00-00-00-00-FF-FF-FF-FF-47-18-FF-FF-FF-FF-FF-FF-FF-FF-00-00;NOTIFICATION;1;da1a1500-d532-4285-be94-b07a3e11a098;da1a150d-d532-4285-be94-b07a3e11a098;18;;
20909;1787508600959;1502;Akkuinformationen;16;5;–;47-18-FF-FF-FF-FF-47-18-FF-FF-FF-FF-FF-FF-00-00;NOTIFICATION;1;da1a1500-d532-4285-be94-b07a3e11a098;da1a1502-d532-4285-be94-b07a3e11a098;18;;
21318;1787508601368;1505;BikePerformance / Fahrleistung;18;5;–;00-00-00-00-FF-FF-00-00-FF-FF-FF-FF-FF-00-00-00-00-00;NOTIFICATION;1;da1a1500-d532-4285-be94-b07a3e11a098;da1a1505-d532-4285-be94-b07a3e11a098;18;;
21528;1787508601578;1506;Trip / Kilometer & Betriebszähler;16;5;–;00-00-1C-53-00-02-35-C3-00-00-02-D5-00-00-00-00;NOTIFICATION;1;da1a1500-d532-4285-be94-b07a3e11a098;da1a1506-d532-4285-be94-b07a3e11a098;18;;
21946;1787508601996;1508;Settings / Licht & Fahrstufe;17;5;–;01-00-00-02-FF-FF-FF-FF-FF-FF-FF-00-00-00-00-00-00;NOTIFICATION;1;da1a1500-d532-4285-be94-b07a3e11a098;da1a1508-d532-4285-be94-b07a3e11a098;18;;
22158;1787508602208;1509;BatteryChange / Akku-Livestand;11;5;–;00-00-FF-FF-20-B4-78-00-00-00-00;NOTIFICATION;1;da1a1500-d532-4285-be94-b07a3e11a098;da1a1509-d532-4285-be94-b07a3e11a098;18;;
22356;1787508602406;150A;MotorUpdate / Motor-Livestand;10;5;–;00-00-FF-FF-FF-FF-FF-FF-FF-FF;NOTIFICATION;1;da1a1500-d532-4285-be94-b07a3e11a098;da1a150a-d532-4285-be94-b07a3e11a098;18;;
22570;1787508602620;150B;Motor-/Controllerblock;20;5;–;FF-FF-FF-FF-FF-FF-FF-FF-FF-FF-FF-FF-FF-FF-FF-FF-FF-FF-FF-FF;NOTIFICATION;1;da1a1500-d532-4285-be94-b07a3e11a098;da1a150b-d532-4285-be94-b07a3e11a098;18;;
22777;1787508602827;150D;Fahrstatistik Max/Ø;20;5;–;00-00-00-00-FF-FF-FF-FF-47-18-FF-FF-FF-FF-FF-FF-FF-FF-00-00;NOTIFICATION;1;da1a1500-d532-4285-be94-b07a3e11a098;da1a150d-d532-4285-be94-b07a3e11a098;18;;
23818;1787508603868;1502;Akkuinformationen;16;6;–;47-18-FF-FF-FF-FF-47-18-FF-FF-FF-FF-FF-FF-00-00;NOTIFICATION;1;da1a1500-d532-4285-be94-b07a3e11a098;da1a1502-d532-4285-be94-b07a3e11a098;18;;
24237;1787508604287;1505;BikePerformance / Fahrleistung;18;6;–;00-00-00-00-FF-FF-00-00-FF-FF-FF-FF-FF-00-00-00-00-00;NOTIFICATION;1;da1a1500-d532-4285-be94-b07a3e11a098;da1a1505-d532-4285-be94-b07a3e11a098;18;;
24448;1787508604498;1506;Trip / Kilometer & Betriebszähler;16;6;–;00-00-1C-53-00-02-35-C3-00-00-02-D5-00-00-00-00;NOTIFICATION;1;da1a1500-d532-4285-be94-b07a3e11a098;da1a1506-d532-4285-be94-b07a3e11a098;18;;
24868;1787508604918;1508;Settings / Licht & Fahrstufe;17;6;–;01-00-00-02-FF-FF-FF-FF-FF-FF-FF-00-00-00-00-00-00;NOTIFICATION;1;da1a1500-d532-4285-be94-b07a3e11a098;da1a1508-d532-4285-be94-b07a3e11a098;18;;
25077;1787508605127;1509;BatteryChange / Akku-Livestand;11;6;–;00-00-FF-FF-20-B4-78-00-00-00-00;NOTIFICATION;1;da1a1500-d532-4285-be94-b07a3e11a098;da1a1509-d532-4285-be94-b07a3e11a098;18;;
25277;1787508605327;150A;MotorUpdate / Motor-Livestand;10;6;–;00-00-FF-FF-FF-FF-FF-FF-FF-FF;NOTIFICATION;1;da1a1500-d532-4285-be94-b07a3e11a098;da1a150a-d532-4285-be94-b07a3e11a098;18;;
25491;1787508605541;150B;Motor-/Controllerblock;20;6;–;FF-FF-FF-FF-FF-FF-FF-FF-FF-FF-FF-FF-FF-FF-FF-FF-FF-FF-FF-FF;NOTIFICATION;1;da1a1500-d532-4285-be94-b07a3e11a098;da1a150b-d532-4285-be94-b07a3e11a098;18;;
25697;1787508605747;150D;Fahrstatistik Max/Ø;20;6;–;00-00-00-00-FF-FF-FF-FF-47-18-FF-FF-FF-FF-FF-FF-FF-FF-00-00;NOTIFICATION;1;da1a1500-d532-4285-be94-b07a3e11a098;da1a150d-d532-4285-be94-b07a3e11a098;18;;
26740;1787508606790;1502;Akkuinformationen;16;7;–;47-18-FF-FF-FF-FF-47-18-FF-FF-FF-FF-FF-FF-00-00;NOTIFICATION;1;da1a1500-d532-4285-be94-b07a3e11a098;da1a1502-d532-4285-be94-b07a3e11a098;18;;
27157;1787508607207;1505;BikePerformance / Fahrleistung;18;7;–;00-00-00-00-FF-FF-00-00-FF-FF-FF-FF-FF-00-00-00-00-00;NOTIFICATION;1;da1a1500-d532-4285-be94-b07a3e11a098;da1a1505-d532-4285-be94-b07a3e11a098;18;;
27367;1787508607417;1506;Trip / Kilometer & Betriebszähler;16;7;–;00-00-1C-53-00-02-35-C3-00-00-02-D5-00-00-00-00;NOTIFICATION;1;da1a1500-d532-4285-be94-b07a3e11a098;da1a1506-d532-4285-be94-b07a3e11a098;18;;
27790;1787508607840;1508;Settings / Licht & Fahrstufe;17;7;–;01-00-00-02-FF-FF-FF-FF-FF-FF-FF-00-00-00-00-00-00;NOTIFICATION;1;da1a1500-d532-4285-be94-b07a3e11a098;da1a1508-d532-4285-be94-b07a3e11a098;18;;
27988;1787508608038;1509;BatteryChange / Akku-Livestand;11;7;–;00-00-FF-FF-20-B4-78-00-00-00-00;NOTIFICATION;1;da1a1500-d532-4285-be94-b07a3e11a098;da1a1509-d532-4285-be94-b07a3e11a098;18;;
28210;1787508608260;150A;MotorUpdate / Motor-Livestand;10;7;–;00-00-FF-FF-FF-FF-FF-FF-FF-FF;NOTIFICATION;1;da1a1500-d532-4285-be94-b07a3e11a098;da1a150a-d532-4285-be94-b07a3e11a098;18;;
28411;1787508608461;150B;Motor-/Controllerblock;20;7;–;FF-FF-FF-FF-FF-FF-FF-FF-FF-FF-FF-FF-FF-FF-FF-FF-FF-FF-FF-FF;NOTIFICATION;1;da1a1500-d532-4285-be94-b07a3e11a098;da1a150b-d532-4285-be94-b07a3e11a098;18;;
28619;1787508608669;150D;Fahrstatistik Max/Ø;20;7;–;00-00-00-00-FF-FF-FF-FF-47-18-FF-FF-FF-FF-FF-FF-FF-FF-00-00;NOTIFICATION;1;da1a1500-d532-4285-be94-b07a3e11a098;da1a150d-d532-4285-be94-b07a3e11a098;18;;
29659;1787508609709;1502;Akkuinformationen;16;8;–;47-18-FF-FF-FF-FF-47-18-FF-FF-FF-FF-FF-FF-00-00;NOTIFICATION;1;da1a1500-d532-4285-be94-b07a3e11a098;da1a1502-d532-4285-be94-b07a3e11a098;18;;
30077;1787508610127;1505;BikePerformance / Fahrleistung;18;8;–;00-00-00-00-FF-FF-00-00-FF-FF-FF-FF-FF-00-00-00-00-00;NOTIFICATION;1;da1a1500-d532-4285-be94-b07a3e11a098;da1a1505-d532-4285-be94-b07a3e11a098;18;;
30288;1787508610338;1506;Trip / Kilometer & Betriebszähler;16;8;–;00-00-1C-53-00-02-35-C3-00-00-02-D5-00-00-00-00;NOTIFICATION;1;da1a1500-d532-4285-be94-b07a3e11a098;da1a1506-d532-4285-be94-b07a3e11a098;18;;
30710;1787508610760;1508;Settings / Licht & Fahrstufe;17;8;–;01-00-00-02-FF-FF-FF-FF-FF-FF-FF-00-00-00-00-00-00;NOTIFICATION;1;da1a1500-d532-4285-be94-b07a3e11a098;da1a1508-d532-4285-be94-b07a3e11a098;18;;
30910;1787508610960;1509;BatteryChange / Akku-Livestand;11;8;–;00-00-FF-FF-20-B4-78-00-00-00-00;NOTIFICATION;1;da1a1500-d532-4285-be94-b07a3e11a098;da1a1509-d532-4285-be94-b07a3e11a098;18;;
31117;1787508611167;150A;MotorUpdate / Motor-Livestand;10;8;–;00-00-FF-FF-FF-FF-FF-FF-FF-FF;NOTIFICATION;1;da1a1500-d532-4285-be94-b07a3e11a098;da1a150a-d532-4285-be94-b07a3e11a098;18;;
31328;1787508611378;150B;Motor-/Controllerblock;20;8;–;FF-FF-FF-FF-FF-FF-FF-FF-FF-FF-FF-FF-FF-FF-FF-FF-FF-FF-FF-FF;NOTIFICATION;1;da1a1500-d532-4285-be94-b07a3e11a098;da1a150b-d532-4285-be94-b07a3e11a098;18;;
31537;1787508611587;150D;Fahrstatistik Max/Ø;20;8;–;00-00-00-00-FF-FF-FF-FF-47-18-FF-FF-FF-FF-FF-FF-FF-FF-00-00;NOTIFICATION;1;da1a1500-d532-4285-be94-b07a3e11a098;da1a150d-d532-4285-be94-b07a3e11a098;18;;
32578;1787508612628;1502;Akkuinformationen;16;9;–;47-18-FF-FF-FF-FF-47-18-FF-FF-FF-FF-FF-FF-00-00;NOTIFICATION;1;da1a1500-d532-4285-be94-b07a3e11a098;da1a1502-d532-4285-be94-b07a3e11a098;18;;
32998;1787508613048;1505;BikePerformance / Fahrleistung;18;9;–;00-00-00-00-FF-FF-00-00-FF-FF-FF-FF-FF-00-00-00-00-00;NOTIFICATION;1;da1a1500-d532-4285-be94-b07a3e11a098;da1a1505-d532-4285-be94-b07a3e11a098;18;;
33207;1787508613257;1506;Trip / Kilometer & Betriebszähler;16;9;–;00-00-1C-53-00-02-35-C3-00-00-02-D5-00-00-00-00;NOTIFICATION;1;da1a1500-d532-4285-be94-b07a3e11a098;da1a1506-d532-4285-be94-b07a3e11a098;18;;
33617;1787508613667;1508;Settings / Licht & Fahrstufe;17;9;0;00-00-00-02-FF-FF-FF-FF-FF-FF-FF-00-00-00-00-00-00;NOTIFICATION;1;da1a1500-d532-4285-be94-b07a3e11a098;da1a1508-d532-4285-be94-b07a3e11a098;18;;
33831;1787508613881;1509;BatteryChange / Akku-Livestand;11;9;–;00-00-FF-FF-20-B4-78-00-00-00-00;NOTIFICATION;1;da1a1500-d532-4285-be94-b07a3e11a098;da1a1509-d532-4285-be94-b07a3e11a098;18;;
34037;1787508614087;150A;MotorUpdate / Motor-Livestand;10;9;–;00-00-FF-FF-FF-FF-FF-FF-FF-FF;NOTIFICATION;1;da1a1500-d532-4285-be94-b07a3e11a098;da1a150a-d532-4285-be94-b07a3e11a098;18;;
34246;1787508614296;150B;Motor-/Controllerblock;20;9;–;FF-FF-FF-FF-FF-FF-FF-FF-FF-FF-FF-FF-FF-FF-FF-FF-FF-FF-FF-FF;NOTIFICATION;1;da1a1500-d532-4285-be94-b07a3e11a098;da1a150b-d532-4285-be94-b07a3e11a098;18;;
34457;1787508614507;150D;Fahrstatistik Max/Ø;20;9;–;00-00-00-00-FF-FF-FF-FF-47-18-FF-FF-FF-FF-FF-FF-FF-FF-00-00;NOTIFICATION;1;da1a1500-d532-4285-be94-b07a3e11a098;da1a150d-d532-4285-be94-b07a3e11a098;18;;
35496;1787508615546;1502;Akkuinformationen;16;10;–;47-18-FF-FF-FF-FF-47-18-FF-FF-FF-FF-FF-FF-00-00;NOTIFICATION;1;da1a1500-d532-4285-be94-b07a3e11a098;da1a1502-d532-4285-be94-b07a3e11a098;18;;
35916;1787508615966;1505;BikePerformance / Fahrleistung;18;10;–;00-00-00-00-FF-FF-00-00-FF-FF-FF-FF-FF-00-00-00-00-00;NOTIFICATION;1;da1a1500-d532-4285-be94-b07a3e11a098;da1a1505-d532-4285-be94-b07a3e11a098;18;;
36127;1787508616177;1506;Trip / Kilometer & Betriebszähler;16;10;–;00-00-1C-53-00-02-35-C3-00-00-02-D5-00-00-00-00;NOTIFICATION;1;da1a1500-d532-4285-be94-b07a3e11a098;da1a1506-d532-4285-be94-b07a3e11a098;18;;
36536;1787508616586;1508;Settings / Licht & Fahrstufe;17;10;–;00-00-00-02-FF-FF-FF-FF-FF-FF-FF-00-00-00-00-00-00;NOTIFICATION;1;da1a1500-d532-4285-be94-b07a3e11a098;da1a1508-d532-4285-be94-b07a3e11a098;18;;
36746;1787508616796;1509;BatteryChange / Akku-Livestand;11;10;–;00-00-FF-FF-20-B4-78-00-00-00-00;NOTIFICATION;1;da1a1500-d532-4285-be94-b07a3e11a098;da1a1509-d532-4285-be94-b07a3e11a098;18;;
36957;1787508617007;150A;MotorUpdate / Motor-Livestand;10;10;–;00-00-FF-FF-FF-FF-FF-FF-FF-FF;NOTIFICATION;1;da1a1500-d532-4285-be94-b07a3e11a098;da1a150a-d532-4285-be94-b07a3e11a098;18;;
37168;1787508617218;150B;Motor-/Controllerblock;20;10;–;FF-FF-FF-FF-FF-FF-FF-FF-FF-FF-FF-FF-FF-FF-FF-FF-FF-FF-FF-FF;NOTIFICATION;1;da1a1500-d532-4285-be94-b07a3e11a098;da1a150b-d532-4285-be94-b07a3e11a098;18;;
37377;1787508617427;150D;Fahrstatistik Max/Ø;20;10;1;00-01-00-00-FF-FF-FF-FF-47-18-FF-FF-FF-FF-FF-FF-FF-FF-00-00;NOTIFICATION;1;da1a1500-d532-4285-be94-b07a3e11a098;da1a150d-d532-4285-be94-b07a3e11a098;18;;
38418;1787508618468;1502;Akkuinformationen;16;11;–;47-18-FF-FF-FF-FF-47-18-FF-FF-FF-FF-FF-FF-00-00;NOTIFICATION;1;da1a1500-d532-4285-be94-b07a3e11a098;da1a1502-d532-4285-be94-b07a3e11a098;18;;
38836;1787508618886;1505;BikePerformance / Fahrleistung;18;11;–;00-00-00-00-FF-FF-00-00-FF-FF-FF-FF-FF-00-00-00-00-00;NOTIFICATION;1;da1a1500-d532-4285-be94-b07a3e11a098;da1a1505-d532-4285-be94-b07a3e11a098;18;;
39049;1787508619099;1506;Trip / Kilometer & Betriebszähler;16;11;–;00-00-1C-53-00-02-35-C3-00-00-02-D5-00-00-00-00;NOTIFICATION;1;da1a1500-d532-4285-be94-b07a3e11a098;da1a1506-d532-4285-be94-b07a3e11a098;18;;
39460;1787508619510;1508;Settings / Licht & Fahrstufe;17;11;–;00-00-00-02-FF-FF-FF-FF-FF-FF-FF-00-00-00-00-00-00;NOTIFICATION;1;da1a1500-d532-4285-be94-b07a3e11a098;da1a1508-d532-4285-be94-b07a3e11a098;18;;
39667;1787508619717;1509;BatteryChange / Akku-Livestand;11;11;–;00-00-FF-FF-20-B4-78-00-00-00-00;NOTIFICATION;1;da1a1500-d532-4285-be94-b07a3e11a098;da1a1509-d532-4285-be94-b07a3e11a098;18;;
39880;1787508619930;150A;MotorUpdate / Motor-Livestand;10;11;–;00-00-FF-FF-FF-FF-FF-FF-FF-FF;NOTIFICATION;1;da1a1500-d532-4285-be94-b07a3e11a098;da1a150a-d532-4285-be94-b07a3e11a098;18;;
40089;1787508620139;150B;Motor-/Controllerblock;20;11;–;FF-FF-FF-FF-FF-FF-FF-FF-FF-FF-FF-FF-FF-FF-FF-FF-FF-FF-FF-FF;NOTIFICATION;1;da1a1500-d532-4285-be94-b07a3e11a098;da1a150b-d532-4285-be94-b07a3e11a098;18;;
40301;1787508620351;150D;Fahrstatistik Max/Ø;20;11;–;00-01-00-00-FF-FF-FF-FF-47-18-FF-FF-FF-FF-FF-FF-FF-FF-00-00;NOTIFICATION;1;da1a1500-d532-4285-be94-b07a3e11a098;da1a150d-d532-4285-be94-b07a3e11a098;18;;
41341;1787508621391;1502;Akkuinformationen;16;12;–;47-18-FF-FF-FF-FF-47-18-FF-FF-FF-FF-FF-FF-00-00;NOTIFICATION;1;da1a1500-d532-4285-be94-b07a3e11a098;da1a1502-d532-4285-be94-b07a3e11a098;18;;
41759;1787508621809;1505;BikePerformance / Fahrleistung;18;12;–;00-00-00-00-FF-FF-00-00-FF-FF-FF-FF-FF-00-00-00-00-00;NOTIFICATION;1;da1a1500-d532-4285-be94-b07a3e11a098;da1a1505-d532-4285-be94-b07a3e11a098;18;;
41958;1787508622008;1506;Trip / Kilometer & Betriebszähler;16;12;–;00-00-1C-53-00-02-35-C3-00-00-02-D5-00-00-00-00;NOTIFICATION;1;da1a1500-d532-4285-be94-b07a3e11a098;da1a1506-d532-4285-be94-b07a3e11a098;18;;
42379;1787508622429;1508;Settings / Licht & Fahrstufe;17;12;–;00-00-00-02-FF-FF-FF-FF-FF-FF-FF-00-00-00-00-00-00;NOTIFICATION;1;da1a1500-d532-4285-be94-b07a3e11a098;da1a1508-d532-4285-be94-b07a3e11a098;18;;
42591;1787508622641;1509;BatteryChange / Akku-Livestand;11;12;–;00-00-FF-FF-20-B4-78-00-00-00-00;NOTIFICATION;1;da1a1500-d532-4285-be94-b07a3e11a098;da1a1509-d532-4285-be94-b07a3e11a098;18;;
42800;1787508622850;150A;MotorUpdate / Motor-Livestand;10;12;–;00-00-FF-FF-FF-FF-FF-FF-FF-FF;NOTIFICATION;1;da1a1500-d532-4285-be94-b07a3e11a098;da1a150a-d532-4285-be94-b07a3e11a098;18;;
43009;1787508623059;150B;Motor-/Controllerblock;20;12;–;FF-FF-FF-FF-FF-FF-FF-FF-FF-FF-FF-FF-FF-FF-FF-FF-FF-FF-FF-FF;NOTIFICATION;1;da1a1500-d532-4285-be94-b07a3e11a098;da1a150b-d532-4285-be94-b07a3e11a098;18;;
43219;1787508623269;150D;Fahrstatistik Max/Ø;20;12;–;00-01-00-00-FF-FF-FF-FF-47-18-FF-FF-FF-FF-FF-FF-FF-FF-00-00;NOTIFICATION;1;da1a1500-d532-4285-be94-b07a3e11a098;da1a150d-d532-4285-be94-b07a3e11a098;18;;
44256;1787508624306;1502;Akkuinformationen;16;13;–;47-18-FF-FF-FF-FF-47-18-FF-FF-FF-FF-FF-FF-00-00;NOTIFICATION;1;da1a1500-d532-4285-be94-b07a3e11a098;da1a1502-d532-4285-be94-b07a3e11a098;18;;
44678;1787508624728;1505;BikePerformance / Fahrleistung;18;13;–;00-00-00-00-FF-FF-00-00-FF-FF-FF-FF-FF-00-00-00-00-00;NOTIFICATION;1;da1a1500-d532-4285-be94-b07a3e11a098;da1a1505-d532-4285-be94-b07a3e11a098;18;;
44877;1787508624927;1506;Trip / Kilometer & Betriebszähler;16;13;–;00-00-1C-53-00-02-35-C3-00-00-02-D5-00-00-00-00;NOTIFICATION;1;da1a1500-d532-4285-be94-b07a3e11a098;da1a1506-d532-4285-be94-b07a3e11a098;18;;
45299;1787508625349;1508;Settings / Licht & Fahrstufe;17;13;–;00-00-00-02-FF-FF-FF-FF-FF-FF-FF-00-00-00-00-00-00;NOTIFICATION;1;da1a1500-d532-4285-be94-b07a3e11a098;da1a1508-d532-4285-be94-b07a3e11a098;18;;
45508;1787508625558;1509;BatteryChange / Akku-Livestand;11;13;–;00-00-FF-FF-20-B4-78-00-00-00-00;NOTIFICATION;1;da1a1500-d532-4285-be94-b07a3e11a098;da1a1509-d532-4285-be94-b07a3e11a098;18;;
45718;1787508625768;150A;MotorUpdate / Motor-Livestand;10;13;–;00-00-FF-FF-FF-FF-FF-FF-FF-FF;NOTIFICATION;1;da1a1500-d532-4285-be94-b07a3e11a098;da1a150a-d532-4285-be94-b07a3e11a098;18;;
45929;1787508625979;150B;Motor-/Controllerblock;20;13;–;FF-FF-FF-FF-FF-FF-FF-FF-FF-FF-FF-FF-FF-FF-FF-FF-FF-FF-FF-FF;NOTIFICATION;1;da1a1500-d532-4285-be94-b07a3e11a098;da1a150b-d532-4285-be94-b07a3e11a098;18;;
46138;1787508626188;150D;Fahrstatistik Max/Ø;20;13;–;00-01-00-00-FF-FF-FF-FF-47-18-FF-FF-FF-FF-FF-FF-FF-FF-00-00;NOTIFICATION;1;da1a1500-d532-4285-be94-b07a3e11a098;da1a150d-d532-4285-be94-b07a3e11a098;18;;
47178;1787508627228;1502;Akkuinformationen;16;14;–;47-18-FF-FF-FF-FF-47-18-FF-FF-FF-FF-FF-FF-00-00;NOTIFICATION;1;da1a1500-d532-4285-be94-b07a3e11a098;da1a1502-d532-4285-be94-b07a3e11a098;18;;
47589;1787508627639;1505;BikePerformance / Fahrleistung;18;14;–;00-00-00-00-FF-FF-00-00-FF-FF-FF-FF-FF-00-00-00-00-00;NOTIFICATION;1;da1a1500-d532-4285-be94-b07a3e11a098;da1a1505-d532-4285-be94-b07a3e11a098;18;;
47799;1787508627849;1506;Trip / Kilometer & Betriebszähler;16;14;–;00-00-1C-53-00-02-35-C3-00-00-02-D5-00-00-00-00;NOTIFICATION;1;da1a1500-d532-4285-be94-b07a3e11a098;da1a1506-d532-4285-be94-b07a3e11a098;18;;
48218;1787508628268;1508;Settings / Licht & Fahrstufe;17;14;–;00-00-00-02-FF-FF-FF-FF-FF-FF-FF-00-00-00-00-00-00;NOTIFICATION;1;da1a1500-d532-4285-be94-b07a3e11a098;da1a1508-d532-4285-be94-b07a3e11a098;18;;
48426;1787508628476;1509;BatteryChange / Akku-Livestand;11;14;–;00-00-FF-FF-20-B4-78-00-00-00-00;NOTIFICATION;1;da1a1500-d532-4285-be94-b07a3e11a098;da1a1509-d532-4285-be94-b07a3e11a098;18;;
48640;1787508628690;150A;MotorUpdate / Motor-Livestand;10;14;–;00-00-FF-FF-FF-FF-FF-FF-FF-FF;NOTIFICATION;1;da1a1500-d532-4285-be94-b07a3e11a098;da1a150a-d532-4285-be94-b07a3e11a098;18;;
48852;1787508628902;150B;Motor-/Controllerblock;20;14;–;FF-FF-FF-FF-FF-FF-FF-FF-FF-FF-FF-FF-FF-FF-FF-FF-FF-FF-FF-FF;NOTIFICATION;1;da1a1500-d532-4285-be94-b07a3e11a098;da1a150b-d532-4285-be94-b07a3e11a098;18;;
49048;1787508629098;150D;Fahrstatistik Max/Ø;20;14;–;00-01-00-00-FF-FF-FF-FF-47-18-FF-FF-FF-FF-FF-FF-FF-FF-00-00;NOTIFICATION;1;da1a1500-d532-4285-be94-b07a3e11a098;da1a150d-d532-4285-be94-b07a3e11a098;18;;
50099;1787508630149;1502;Akkuinformationen;16;15;–;47-18-FF-FF-FF-FF-47-18-FF-FF-FF-FF-FF-FF-00-00;NOTIFICATION;1;da1a1500-d532-4285-be94-b07a3e11a098;da1a1502-d532-4285-be94-b07a3e11a098;18;;
50508;1787508630558;1505;BikePerformance / Fahrleistung;18;15;–;00-00-00-00-FF-FF-00-00-FF-FF-FF-FF-FF-00-00-00-00-00;NOTIFICATION;1;da1a1500-d532-4285-be94-b07a3e11a098;da1a1505-d532-4285-be94-b07a3e11a098;18;;
50720;1787508630770;1506;Trip / Kilometer & Betriebszähler;16;15;–;00-00-1C-53-00-02-35-C3-00-00-02-D5-00-00-00-00;NOTIFICATION;1;da1a1500-d532-4285-be94-b07a3e11a098;da1a1506-d532-4285-be94-b07a3e11a098;18;;
51140;1787508631190;1508;Settings / Licht & Fahrstufe;17;15;–;00-00-00-02-FF-FF-FF-FF-FF-FF-FF-00-00-00-00-00-00;NOTIFICATION;1;da1a1500-d532-4285-be94-b07a3e11a098;da1a1508-d532-4285-be94-b07a3e11a098;18;;
51347;1787508631397;1509;BatteryChange / Akku-Livestand;11;15;–;00-00-FF-FF-20-B4-78-00-00-00-00;NOTIFICATION;1;da1a1500-d532-4285-be94-b07a3e11a098;da1a1509-d532-4285-be94-b07a3e11a098;18;;
51558;1787508631608;150A;MotorUpdate / Motor-Livestand;10;15;–;00-00-FF-FF-FF-FF-FF-FF-FF-FF;NOTIFICATION;1;da1a1500-d532-4285-be94-b07a3e11a098;da1a150a-d532-4285-be94-b07a3e11a098;18;;
51775;1787508631825;150B;Motor-/Controllerblock;20;15;–;FF-FF-FF-FF-FF-FF-FF-FF-FF-FF-FF-FF-FF-FF-FF-FF-FF-FF-FF-FF;NOTIFICATION;1;da1a1500-d532-4285-be94-b07a3e11a098;da1a150b-d532-4285-be94-b07a3e11a098;18;;
51967;1787508632017;150D;Fahrstatistik Max/Ø;20;15;–;00-01-00-00-FF-FF-FF-FF-47-18-FF-FF-FF-FF-FF-FF-FF-FF-00-00;NOTIFICATION;1;da1a1500-d532-4285-be94-b07a3e11a098;da1a150d-d532-4285-be94-b07a3e11a098;18;;
53017;1787508633067;1502;Akkuinformationen;16;16;–;47-18-FF-FF-FF-FF-47-18-FF-FF-FF-FF-FF-FF-00-00;NOTIFICATION;1;da1a1500-d532-4285-be94-b07a3e11a098;da1a1502-d532-4285-be94-b07a3e11a098;18;;
53428;1787508633478;1505;BikePerformance / Fahrleistung;18;16;–;00-00-00-00-FF-FF-00-00-FF-FF-FF-FF-FF-00-00-00-00-00;NOTIFICATION;1;da1a1500-d532-4285-be94-b07a3e11a098;da1a1505-d532-4285-be94-b07a3e11a098;18;;
53635;1787508633685;1506;Trip / Kilometer & Betriebszähler;16;16;–;00-00-1C-53-00-02-35-C3-00-00-02-D5-00-00-00-00;NOTIFICATION;1;da1a1500-d532-4285-be94-b07a3e11a098;da1a1506-d532-4285-be94-b07a3e11a098;18;;
54058;1787508634108;1508;Settings / Licht & Fahrstufe;17;16;–;00-00-00-02-FF-FF-FF-FF-FF-FF-FF-00-00-00-00-00-00;NOTIFICATION;1;da1a1500-d532-4285-be94-b07a3e11a098;da1a1508-d532-4285-be94-b07a3e11a098;18;;
54267;1787508634317;1509;BatteryChange / Akku-Livestand;11;16;–;00-00-FF-FF-20-B4-78-00-00-00-00;NOTIFICATION;1;da1a1500-d532-4285-be94-b07a3e11a098;da1a1509-d532-4285-be94-b07a3e11a098;18;;
54478;1787508634528;150A;MotorUpdate / Motor-Livestand;10;16;–;00-00-FF-FF-FF-FF-FF-FF-FF-FF;NOTIFICATION;1;da1a1500-d532-4285-be94-b07a3e11a098;da1a150a-d532-4285-be94-b07a3e11a098;18;;
54678;1787508634728;150B;Motor-/Controllerblock;20;16;–;FF-FF-FF-FF-FF-FF-FF-FF-FF-FF-FF-FF-FF-FF-FF-FF-FF-FF-FF-FF;NOTIFICATION;1;da1a1500-d532-4285-be94-b07a3e11a098;da1a150b-d532-4285-be94-b07a3e11a098;18;;
54888;1787508634938;150D;Fahrstatistik Max/Ø;20;16;–;00-01-00-00-FF-FF-FF-FF-47-18-FF-FF-FF-FF-FF-FF-FF-FF-00-00;NOTIFICATION;1;da1a1500-d532-4285-be94-b07a3e11a098;da1a150d-d532-4285-be94-b07a3e11a098;18;;
55940;1787508635990;1502;Akkuinformationen;16;17;–;47-18-FF-FF-FF-FF-47-18-FF-FF-FF-FF-FF-FF-00-00;NOTIFICATION;1;da1a1500-d532-4285-be94-b07a3e11a098;da1a1502-d532-4285-be94-b07a3e11a098;18;;
56348;1787508636398;1505;BikePerformance / Fahrleistung;18;17;–;00-00-00-00-FF-FF-00-00-FF-FF-FF-FF-FF-00-00-00-00-00;NOTIFICATION;1;da1a1500-d532-4285-be94-b07a3e11a098;da1a1505-d532-4285-be94-b07a3e11a098;18;;
56561;1787508636611;1506;Trip / Kilometer & Betriebszähler;16;17;–;00-00-1C-53-00-02-35-C3-00-00-02-D5-00-00-00-00;NOTIFICATION;1;da1a1500-d532-4285-be94-b07a3e11a098;da1a1506-d532-4285-be94-b07a3e11a098;18;;
56977;1787508637027;1508;Settings / Licht & Fahrstufe;17;17;–;00-00-00-02-FF-FF-FF-FF-FF-FF-FF-00-00-00-00-00-00;NOTIFICATION;1;da1a1500-d532-4285-be94-b07a3e11a098;da1a1508-d532-4285-be94-b07a3e11a098;18;;
57187;1787508637237;1509;BatteryChange / Akku-Livestand;11;17;–;00-00-FF-FF-20-B4-78-00-00-00-00;NOTIFICATION;1;da1a1500-d532-4285-be94-b07a3e11a098;da1a1509-d532-4285-be94-b07a3e11a098;18;;
57389;1787508637439;150A;MotorUpdate / Motor-Livestand;10;17;–;00-00-FF-FF-FF-FF-FF-FF-FF-FF;NOTIFICATION;1;da1a1500-d532-4285-be94-b07a3e11a098;da1a150a-d532-4285-be94-b07a3e11a098;18;;
57600;1787508637650;150B;Motor-/Controllerblock;20;17;–;FF-FF-FF-FF-FF-FF-FF-FF-FF-FF-FF-FF-FF-FF-FF-FF-FF-FF-FF-FF;NOTIFICATION;1;da1a1500-d532-4285-be94-b07a3e11a098;da1a150b-d532-4285-be94-b07a3e11a098;18;;
57820;1787508637870;150D;Fahrstatistik Max/Ø;20;17;–;00-01-00-00-FF-FF-FF-FF-47-18-FF-FF-FF-FF-FF-FF-FF-FF-00-00;NOTIFICATION;1;da1a1500-d532-4285-be94-b07a3e11a098;da1a150d-d532-4285-be94-b07a3e11a098;18;;
58849;1787508638899;1502;Akkuinformationen;16;18;–;47-18-FF-FF-FF-FF-47-18-FF-FF-FF-FF-FF-FF-00-00;NOTIFICATION;1;da1a1500-d532-4285-be94-b07a3e11a098;da1a1502-d532-4285-be94-b07a3e11a098;18;;
59269;1787508639319;1505;BikePerformance / Fahrleistung;18;18;7;00-00-00-00-FF-FF-00-12-FF-FF-FF-FF-FF-00-00-00-00-00;NOTIFICATION;1;da1a1500-d532-4285-be94-b07a3e11a098;da1a1505-d532-4285-be94-b07a3e11a098;18;;
59478;1787508639528;1506;Trip / Kilometer & Betriebszähler;16;18;7;00-00-1C-53-00-02-35-C4-00-00-02-D5-00-00-00-00;NOTIFICATION;1;da1a1500-d532-4285-be94-b07a3e11a098;da1a1506-d532-4285-be94-b07a3e11a098;18;;
59899;1787508639949;1508;Settings / Licht & Fahrstufe;17;18;–;00-00-00-02-FF-FF-FF-FF-FF-FF-FF-00-00-00-00-00-00;NOTIFICATION;1;da1a1500-d532-4285-be94-b07a3e11a098;da1a1508-d532-4285-be94-b07a3e11a098;18;;
60109;1787508640159;1509;BatteryChange / Akku-Livestand;11;18;–;00-00-FF-FF-20-B4-78-00-00-00-00;NOTIFICATION;1;da1a1500-d532-4285-be94-b07a3e11a098;da1a1509-d532-4285-be94-b07a3e11a098;18;;
60309;1787508640359;150A;MotorUpdate / Motor-Livestand;10;18;–;00-00-FF-FF-FF-FF-FF-FF-FF-FF;NOTIFICATION;1;da1a1500-d532-4285-be94-b07a3e11a098;da1a150a-d532-4285-be94-b07a3e11a098;18;;
60523;1787508640573;150B;Motor-/Controllerblock;20;18;–;FF-FF-FF-FF-FF-FF-FF-FF-FF-FF-FF-FF-FF-FF-FF-FF-FF-FF-FF-FF;NOTIFICATION;1;da1a1500-d532-4285-be94-b07a3e11a098;da1a150b-d532-4285-be94-b07a3e11a098;18;;
60727;1787508640777;150D;Fahrstatistik Max/Ø;20;18;1;00-23-00-00-FF-FF-FF-FF-47-18-FF-FF-FF-FF-FF-FF-FF-FF-00-00;NOTIFICATION;1;da1a1500-d532-4285-be94-b07a3e11a098;da1a150d-d532-4285-be94-b07a3e11a098;18;;
61769;1787508641819;1502;Akkuinformationen;16;19;–;47-18-FF-FF-FF-FF-47-18-FF-FF-FF-FF-FF-FF-00-00;NOTIFICATION;1;da1a1500-d532-4285-be94-b07a3e11a098;da1a1502-d532-4285-be94-b07a3e11a098;18;;
62188;1787508642238;1505;BikePerformance / Fahrleistung;18;19;7;00-00-00-00-FF-FF-00-20-FF-FF-FF-FF-FF-00-00-00-00-00;NOTIFICATION;1;da1a1500-d532-4285-be94-b07a3e11a098;da1a1505-d532-4285-be94-b07a3e11a098;18;;
62398;1787508642448;1506;Trip / Kilometer & Betriebszähler;16;19;7;00-00-1C-53-00-02-35-C7-00-00-02-D5-00-00-00-00;NOTIFICATION;1;da1a1500-d532-4285-be94-b07a3e11a098;da1a1506-d532-4285-be94-b07a3e11a098;18;;
62818;1787508642868;1508;Settings / Licht & Fahrstufe;17;19;–;00-00-00-02-FF-FF-FF-FF-FF-FF-FF-00-00-00-00-00-00;NOTIFICATION;1;da1a1500-d532-4285-be94-b07a3e11a098;da1a1508-d532-4285-be94-b07a3e11a098;18;;
63019;1787508643069;1509;BatteryChange / Akku-Livestand;11;19;0,1,10;03-E8-FF-FF-20-B4-78-00-00-00-5B;NOTIFICATION;1;da1a1500-d532-4285-be94-b07a3e11a098;da1a1509-d532-4285-be94-b07a3e11a098;18;;
63228;1787508643278;150A;MotorUpdate / Motor-Livestand;10;19;–;00-00-FF-FF-FF-FF-FF-FF-FF-FF;NOTIFICATION;1;da1a1500-d532-4285-be94-b07a3e11a098;da1a150a-d532-4285-be94-b07a3e11a098;18;;
63439;1787508643489;150B;Motor-/Controllerblock;20;19;–;FF-FF-FF-FF-FF-FF-FF-FF-FF-FF-FF-FF-FF-FF-FF-FF-FF-FF-FF-FF;NOTIFICATION;1;da1a1500-d532-4285-be94-b07a3e11a098;da1a150b-d532-4285-be94-b07a3e11a098;18;;
63648;1787508643698;150D;Fahrstatistik Max/Ø;20;19;1;00-2B-00-00-FF-FF-FF-FF-47-18-FF-FF-FF-FF-FF-FF-FF-FF-00-00;NOTIFICATION;1;da1a1500-d532-4285-be94-b07a3e11a098;da1a150d-d532-4285-be94-b07a3e11a098;18;;
64689;1787508644739;1502;Akkuinformationen;16;20;–;47-18-FF-FF-FF-FF-47-18-FF-FF-FF-FF-FF-FF-00-00;NOTIFICATION;1;da1a1500-d532-4285-be94-b07a3e11a098;da1a1502-d532-4285-be94-b07a3e11a098;18;;
65108;1787508645158;1505;BikePerformance / Fahrleistung;18;20;0,1,2,3,7;11-F8-11-F8-FF-FF-00-45-FF-FF-FF-FF-FF-00-00-00-00-00;NOTIFICATION;1;da1a1500-d532-4285-be94-b07a3e11a098;da1a1505-d532-4285-be94-b07a3e11a098;18;;
65318;1787508645368;1506;Trip / Kilometer & Betriebszähler;16;20;7;00-00-1C-53-00-02-35-CA-00-00-02-D5-00-00-00-00;NOTIFICATION;1;da1a1500-d532-4285-be94-b07a3e11a098;da1a1506-d532-4285-be94-b07a3e11a098;18;;
65741;1787508645791;1508;Settings / Licht & Fahrstufe;17;20;–;00-00-00-02-FF-FF-FF-FF-FF-FF-FF-00-00-00-00-00-00;NOTIFICATION;1;da1a1500-d532-4285-be94-b07a3e11a098;da1a1508-d532-4285-be94-b07a3e11a098;18;;
65941;1787508645991;1509;BatteryChange / Akku-Livestand;11;20;0,1,5,6,9,10;3E-80-FF-FF-20-AA-B4-00-00-02-BB;NOTIFICATION;1;da1a1500-d532-4285-be94-b07a3e11a098;da1a1509-d532-4285-be94-b07a3e11a098;18;;
66147;1787508646197;150A;MotorUpdate / Motor-Livestand;10;20;0,1;3E-80-FF-FF-FF-FF-FF-FF-FF-FF;NOTIFICATION;1;da1a1500-d532-4285-be94-b07a3e11a098;da1a150a-d532-4285-be94-b07a3e11a098;18;;
66357;1787508646407;150B;Motor-/Controllerblock;20;20;–;FF-FF-FF-FF-FF-FF-FF-FF-FF-FF-FF-FF-FF-FF-FF-FF-FF-FF-FF-FF;NOTIFICATION;1;da1a1500-d532-4285-be94-b07a3e11a098;da1a150b-d532-4285-be94-b07a3e11a098;18;;
66569;1787508646619;150D;Fahrstatistik Max/Ø;20;20;1;00-98-00-00-FF-FF-FF-FF-47-18-FF-FF-FF-FF-FF-FF-FF-FF-00-00;NOTIFICATION;1;da1a1500-d532-4285-be94-b07a3e11a098;da1a150d-d532-4285-be94-b07a3e11a098;18;;
67607;1787508647657;1502;Akkuinformationen;16;21;–;47-18-FF-FF-FF-FF-47-18-FF-FF-FF-FF-FF-FF-00-00;NOTIFICATION;1;da1a1500-d532-4285-be94-b07a3e11a098;da1a1502-d532-4285-be94-b07a3e11a098;18;;
68028;1787508648078;1505;BikePerformance / Fahrleistung;18;21;0,1,2,3,7;0A-BE-0A-BE-FF-FF-00-C1-FF-FF-FF-FF-FF-00-00-00-00-00;NOTIFICATION;1;da1a1500-d532-4285-be94-b07a3e11a098;da1a1505-d532-4285-be94-b07a3e11a098;18;;
68239;1787508648289;1506;Trip / Kilometer & Betriebszähler;16;21;7;00-00-1C-53-00-02-35-CD-00-00-02-D5-00-00-00-00;NOTIFICATION;1;da1a1500-d532-4285-be94-b07a3e11a098;da1a1506-d532-4285-be94-b07a3e11a098;18;;
68649;1787508648699;1508;Settings / Licht & Fahrstufe;17;21;–;00-00-00-02-FF-FF-FF-FF-FF-FF-FF-00-00-00-00-00-00;NOTIFICATION;1;da1a1500-d532-4285-be94-b07a3e11a098;da1a1508-d532-4285-be94-b07a3e11a098;18;;
68861;1787508648911;1509;BatteryChange / Akku-Livestand;11;21;0,1,5,6,9,10;00-00-FF-FF-20-B2-E8-00-00-00-00;NOTIFICATION;1;da1a1500-d532-4285-be94-b07a3e11a098;da1a1509-d532-4285-be94-b07a3e11a098;18;;
69068;1787508649118;150A;MotorUpdate / Motor-Livestand;10;21;0,1;0B-B8-FF-FF-FF-FF-FF-FF-FF-FF;NOTIFICATION;1;da1a1500-d532-4285-be94-b07a3e11a098;da1a150a-d532-4285-be94-b07a3e11a098;18;;
69280;1787508649330;150B;Motor-/Controllerblock;20;21;–;FF-FF-FF-FF-FF-FF-FF-FF-FF-FF-FF-FF-FF-FF-FF-FF-FF-FF-FF-FF;NOTIFICATION;1;da1a1500-d532-4285-be94-b07a3e11a098;da1a150b-d532-4285-be94-b07a3e11a098;18;;
69490;1787508649540;150D;Fahrstatistik Max/Ø;20;21;1;00-C6-00-00-FF-FF-FF-FF-47-18-FF-FF-FF-FF-FF-FF-FF-FF-00-00;NOTIFICATION;1;da1a1500-d532-4285-be94-b07a3e11a098;da1a150d-d532-4285-be94-b07a3e11a098;18;;
70528;1787508650578;1502;Akkuinformationen;16;22;–;47-18-FF-FF-FF-FF-47-18-FF-FF-FF-FF-FF-FF-00-00;NOTIFICATION;1;da1a1500-d532-4285-be94-b07a3e11a098;da1a1502-d532-4285-be94-b07a3e11a098;18;;
70949;1787508650999;1505;BikePerformance / Fahrleistung;18;22;0,1,2,3,7;00-00-00-00-FF-FF-00-B3-FF-FF-FF-FF-FF-00-00-00-00-00;NOTIFICATION;1;da1a1500-d532-4285-be94-b07a3e11a098;da1a1505-d532-4285-be94-b07a3e11a098;18;;
71159;1787508651209;1506;Trip / Kilometer & Betriebszähler;16;22;7;00-00-1C-53-00-02-35-D0-00-00-02-D5-00-00-00-00;NOTIFICATION;1;da1a1500-d532-4285-be94-b07a3e11a098;da1a1506-d532-4285-be94-b07a3e11a098;18;;
71569;1787508651619;1508;Settings / Licht & Fahrstufe;17;22;–;00-00-00-02-FF-FF-FF-FF-FF-FF-FF-00-00-00-00-00-00;NOTIFICATION;1;da1a1500-d532-4285-be94-b07a3e11a098;da1a1508-d532-4285-be94-b07a3e11a098;18;;
71780;1787508651830;1509;BatteryChange / Akku-Livestand;11;22;–;00-00-FF-FF-20-B2-E8-00-00-00-00;NOTIFICATION;1;da1a1500-d532-4285-be94-b07a3e11a098;da1a1509-d532-4285-be94-b07a3e11a098;18;;
71990;1787508652040;150A;MotorUpdate / Motor-Livestand;10;22;0,1;00-00-FF-FF-FF-FF-FF-FF-FF-FF;NOTIFICATION;1;da1a1500-d532-4285-be94-b07a3e11a098;da1a150a-d532-4285-be94-b07a3e11a098;18;;
72199;1787508652249;150B;Motor-/Controllerblock;20;22;–;FF-FF-FF-FF-FF-FF-FF-FF-FF-FF-FF-FF-FF-FF-FF-FF-FF-FF-FF-FF;NOTIFICATION;1;da1a1500-d532-4285-be94-b07a3e11a098;da1a150b-d532-4285-be94-b07a3e11a098;18;;
72407;1787508652457;150D;Fahrstatistik Max/Ø;20;22;–;00-C6-00-00-FF-FF-FF-FF-47-18-FF-FF-FF-FF-FF-FF-FF-FF-00-00;NOTIFICATION;1;da1a1500-d532-4285-be94-b07a3e11a098;da1a150d-d532-4285-be94-b07a3e11a098;18;;
73450;1787508653500;1502;Akkuinformationen;16;23;–;47-18-FF-FF-FF-FF-47-18-FF-FF-FF-FF-FF-FF-00-00;NOTIFICATION;1;da1a1500-d532-4285-be94-b07a3e11a098;da1a1502-d532-4285-be94-b07a3e11a098;18;;
73869;1787508653919;1505;BikePerformance / Fahrleistung;18;23;0,1,2,3,7;07-12-07-12-FF-FF-00-A1-FF-FF-FF-FF-FF-00-00-00-00-00;NOTIFICATION;1;da1a1500-d532-4285-be94-b07a3e11a098;da1a1505-d532-4285-be94-b07a3e11a098;18;;
74081;1787508654131;1506;Trip / Kilometer & Betriebszähler;16;23;7;00-00-1C-53-00-02-35-D3-00-00-02-D5-00-00-00-00;NOTIFICATION;1;da1a1500-d532-4285-be94-b07a3e11a098;da1a1506-d532-4285-be94-b07a3e11a098;18;;
74488;1787508654538;1508;Settings / Licht & Fahrstufe;17;23;–;00-00-00-02-FF-FF-FF-FF-FF-FF-FF-00-00-00-00-00-00;NOTIFICATION;1;da1a1500-d532-4285-be94-b07a3e11a098;da1a1508-d532-4285-be94-b07a3e11a098;18;;
74698;1787508654748;1509;BatteryChange / Akku-Livestand;11;23;0,1,5,6,9,10;2A-F8-FF-FF-20-AC-44-00-00-01-E5;NOTIFICATION;1;da1a1500-d532-4285-be94-b07a3e11a098;da1a1509-d532-4285-be94-b07a3e11a098;18;;
74909;1787508654959;150A;MotorUpdate / Motor-Livestand;10;23;0,1;2A-F8-FF-FF-FF-FF-FF-FF-FF-FF;NOTIFICATION;1;da1a1500-d532-4285-be94-b07a3e11a098;da1a150a-d532-4285-be94-b07a3e11a098;18;;
75119;1787508655169;150B;Motor-/Controllerblock;20;23;–;FF-FF-FF-FF-FF-FF-FF-FF-FF-FF-FF-FF-FF-FF-FF-FF-FF-FF-FF-FF;NOTIFICATION;1;da1a1500-d532-4285-be94-b07a3e11a098;da1a150b-d532-4285-be94-b07a3e11a098;18;;
75327;1787508655377;150D;Fahrstatistik Max/Ø;20;23;1;00-C9-00-00-FF-FF-FF-FF-47-18-FF-FF-FF-FF-FF-FF-FF-FF-00-00;NOTIFICATION;1;da1a1500-d532-4285-be94-b07a3e11a098;da1a150d-d532-4285-be94-b07a3e11a098;18;;
76368;1787508656418;1502;Akkuinformationen;16;24;–;47-18-FF-FF-FF-FF-47-18-FF-FF-FF-FF-FF-FF-00-00;NOTIFICATION;1;da1a1500-d532-4285-be94-b07a3e11a098;da1a1502-d532-4285-be94-b07a3e11a098;18;;
76790;1787508656840;1505;BikePerformance / Fahrleistung;18;24;0,1,2,3,7;0C-30-0C-30-FF-FF-00-DA-FF-FF-FF-FF-FF-00-00-00-00-00;NOTIFICATION;1;da1a1500-d532-4285-be94-b07a3e11a098;da1a1505-d532-4285-be94-b07a3e11a098;18;;
76989;1787508657039;1506;Trip / Kilometer & Betriebszähler;16;24;7;00-00-1C-53-00-02-35-D6-00-00-02-D5-00-00-00-00;NOTIFICATION;1;da1a1500-d532-4285-be94-b07a3e11a098;da1a1506-d532-4285-be94-b07a3e11a098;18;;
77408;1787508657458;1508;Settings / Licht & Fahrstufe;17;24;–;00-00-00-02-FF-FF-FF-FF-FF-FF-FF-00-00-00-00-00-00;NOTIFICATION;1;da1a1500-d532-4285-be94-b07a3e11a098;da1a1508-d532-4285-be94-b07a3e11a098;18;;
77619;1787508657669;1509;BatteryChange / Akku-Livestand;11;24;0,1,5,6,9,10;13-88-FF-FF-20-B0-F4-00-00-00-E2;NOTIFICATION;1;da1a1500-d532-4285-be94-b07a3e11a098;da1a1509-d532-4285-be94-b07a3e11a098;18;;
77841;1787508657891;150A;MotorUpdate / Motor-Livestand;10;24;0,1;0B-B8-FF-FF-FF-FF-FF-FF-FF-FF;NOTIFICATION;1;da1a1500-d532-4285-be94-b07a3e11a098;da1a150a-d532-4285-be94-b07a3e11a098;18;;
78037;1787508658087;150B;Motor-/Controllerblock;20;24;–;FF-FF-FF-FF-FF-FF-FF-FF-FF-FF-FF-FF-FF-FF-FF-FF-FF-FF-FF-FF;NOTIFICATION;1;da1a1500-d532-4285-be94-b07a3e11a098;da1a150b-d532-4285-be94-b07a3e11a098;18;;
78249;1787508658299;150D;Fahrstatistik Max/Ø;20;24;1;00-DA-00-00-FF-FF-FF-FF-47-18-FF-FF-FF-FF-FF-FF-FF-FF-00-00;NOTIFICATION;1;da1a1500-d532-4285-be94-b07a3e11a098;da1a150d-d532-4285-be94-b07a3e11a098;18;;
79290;1787508659340;1502;Akkuinformationen;16;25;–;47-18-FF-FF-FF-FF-47-18-FF-FF-FF-FF-FF-FF-00-00;NOTIFICATION;1;da1a1500-d532-4285-be94-b07a3e11a098;da1a1502-d532-4285-be94-b07a3e11a098;18;;
79708;1787508659758;1505;BikePerformance / Fahrleistung;18;25;0,1,2,3;00-00-00-00-FF-FF-00-DA-FF-FF-FF-FF-FF-00-00-00-00-00;NOTIFICATION;1;da1a1500-d532-4285-be94-b07a3e11a098;da1a1505-d532-4285-be94-b07a3e11a098;18;;
79911;1787508659961;1506;Trip / Kilometer & Betriebszähler;16;25;7;00-00-1C-53-00-02-35-D9-00-00-02-D5-00-00-00-00;NOTIFICATION;1;da1a1500-d532-4285-be94-b07a3e11a098;da1a1506-d532-4285-be94-b07a3e11a098;18;;
80329;1787508660379;1508;Settings / Licht & Fahrstufe;17;25;–;00-00-00-02-FF-FF-FF-FF-FF-FF-FF-00-00-00-00-00-00;NOTIFICATION;1;da1a1500-d532-4285-be94-b07a3e11a098;da1a1508-d532-4285-be94-b07a3e11a098;18;;
80539;1787508660589;1509;BatteryChange / Akku-Livestand;11;25;0,1,5,6,10;03-E8-FF-FF-20-B1-58-00-00-00-2D;NOTIFICATION;1;da1a1500-d532-4285-be94-b07a3e11a098;da1a1509-d532-4285-be94-b07a3e11a098;18;;
80747;1787508660797;150A;MotorUpdate / Motor-Livestand;10;25;0,1;07-D0-FF-FF-FF-FF-FF-FF-FF-FF;NOTIFICATION;1;da1a1500-d532-4285-be94-b07a3e11a098;da1a150a-d532-4285-be94-b07a3e11a098;18;;
80959;1787508661009;150B;Motor-/Controllerblock;20;25;–;FF-FF-FF-FF-FF-FF-FF-FF-FF-FF-FF-FF-FF-FF-FF-FF-FF-FF-FF-FF;NOTIFICATION;1;da1a1500-d532-4285-be94-b07a3e11a098;da1a150b-d532-4285-be94-b07a3e11a098;18;;
81167;1787508661217;150D;Fahrstatistik Max/Ø;20;25;–;00-DA-00-00-FF-FF-FF-FF-47-18-FF-FF-FF-FF-FF-FF-FF-FF-00-00;NOTIFICATION;1;da1a1500-d532-4285-be94-b07a3e11a098;da1a150d-d532-4285-be94-b07a3e11a098;18;;
82210;1787508662260;1502;Akkuinformationen;16;26;–;47-18-FF-FF-FF-FF-47-18-FF-FF-FF-FF-FF-FF-00-00;NOTIFICATION;1;da1a1500-d532-4285-be94-b07a3e11a098;da1a1502-d532-4285-be94-b07a3e11a098;18;;
82618;1787508662668;1505;BikePerformance / Fahrleistung;18;26;0,1,2,3;03-84-03-84-FF-FF-00-DA-FF-FF-FF-FF-FF-00-00-00-00-00;NOTIFICATION;1;da1a1500-d532-4285-be94-b07a3e11a098;da1a1505-d532-4285-be94-b07a3e11a098;18;;
82828;1787508662878;1506;Trip / Kilometer & Betriebszähler;16;26;7;00-00-1C-53-00-02-35-DC-00-00-02-D5-00-00-00-00;NOTIFICATION;1;da1a1500-d532-4285-be94-b07a3e11a098;da1a1506-d532-4285-be94-b07a3e11a098;18;;
83248;1787508663298;1508;Settings / Licht & Fahrstufe;17;26;–;00-00-00-02-FF-FF-FF-FF-FF-FF-FF-00-00-00-00-00-00;NOTIFICATION;1;da1a1500-d532-4285-be94-b07a3e11a098;da1a1508-d532-4285-be94-b07a3e11a098;18;;
83459;1787508663509;1509;BatteryChange / Akku-Livestand;11;26;0,1,5,6,10;07-D0-FF-FF-20-B2-20-00-00-00-5B;NOTIFICATION;1;da1a1500-d532-4285-be94-b07a3e11a098;da1a1509-d532-4285-be94-b07a3e11a098;18;;
83668;1787508663718;150A;MotorUpdate / Motor-Livestand;10;26;0,1;0B-B8-FF-FF-FF-FF-FF-FF-FF-FF;NOTIFICATION;1;da1a1500-d532-4285-be94-b07a3e11a098;da1a150a-d532-4285-be94-b07a3e11a098;18;;
83880;1787508663930;150B;Motor-/Controllerblock;20;26;–;FF-FF-FF-FF-FF-FF-FF-FF-FF-FF-FF-FF-FF-FF-FF-FF-FF-FF-FF-FF;NOTIFICATION;1;da1a1500-d532-4285-be94-b07a3e11a098;da1a150b-d532-4285-be94-b07a3e11a098;18;;
84080;1787508664130;150D;Fahrstatistik Max/Ø;20;26;–;00-DA-00-00-FF-FF-FF-FF-47-18-FF-FF-FF-FF-FF-FF-FF-FF-00-00;NOTIFICATION;1;da1a1500-d532-4285-be94-b07a3e11a098;da1a150d-d532-4285-be94-b07a3e11a098;18;;
85130;1787508665180;1502;Akkuinformationen;16;27;–;47-18-FF-FF-FF-FF-47-18-FF-FF-FF-FF-FF-FF-00-00;NOTIFICATION;1;da1a1500-d532-4285-be94-b07a3e11a098;da1a1502-d532-4285-be94-b07a3e11a098;18;;
85539;1787508665589;1505;BikePerformance / Fahrleistung;18;27;0,1,2,3;00-00-00-00-FF-FF-00-DA-FF-FF-FF-FF-FF-00-00-00-00-00;NOTIFICATION;1;da1a1500-d532-4285-be94-b07a3e11a098;da1a1505-d532-4285-be94-b07a3e11a098;18;;
85748;1787508665798;1506;Trip / Kilometer & Betriebszähler;16;27;3,7;00-00-1C-54-00-02-35-DF-00-00-02-D5-00-00-00-00;NOTIFICATION;1;da1a1500-d532-4285-be94-b07a3e11a098;da1a1506-d532-4285-be94-b07a3e11a098;18;;
86171;1787508666221;1508;Settings / Licht & Fahrstufe;17;27;–;00-00-00-02-FF-FF-FF-FF-FF-FF-FF-00-00-00-00-00-00;NOTIFICATION;1;da1a1500-d532-4285-be94-b07a3e11a098;da1a1508-d532-4285-be94-b07a3e11a098;18;;
86382;1787508666432;1509;BatteryChange / Akku-Livestand;11;27;0,1,5,6,10;00-00-FF-FF-20-B3-4C-00-00-00-00;NOTIFICATION;1;da1a1500-d532-4285-be94-b07a3e11a098;da1a1509-d532-4285-be94-b07a3e11a098;18;;
86589;1787508666639;150A;MotorUpdate / Motor-Livestand;10;27;0,1;00-00-FF-FF-FF-FF-FF-FF-FF-FF;NOTIFICATION;1;da1a1500-d532-4285-be94-b07a3e11a098;da1a150a-d532-4285-be94-b07a3e11a098;18;;
86787;1787508666837;150B;Motor-/Controllerblock;20;27;–;FF-FF-FF-FF-FF-FF-FF-FF-FF-FF-FF-FF-FF-FF-FF-FF-FF-FF-FF-FF;NOTIFICATION;1;da1a1500-d532-4285-be94-b07a3e11a098;da1a150b-d532-4285-be94-b07a3e11a098;18;;
86999;1787508667049;150D;Fahrstatistik Max/Ø;20;27;3;00-DA-00-85-FF-FF-FF-FF-47-18-FF-FF-FF-FF-FF-FF-FF-FF-00-00;NOTIFICATION;1;da1a1500-d532-4285-be94-b07a3e11a098;da1a150d-d532-4285-be94-b07a3e11a098;18;;
88048;1787508668098;1502;Akkuinformationen;16;28;–;47-18-FF-FF-FF-FF-47-18-FF-FF-FF-FF-FF-FF-00-00;NOTIFICATION;1;da1a1500-d532-4285-be94-b07a3e11a098;da1a1502-d532-4285-be94-b07a3e11a098;18;;
88460;1787508668510;1505;BikePerformance / Fahrleistung;18;28;7;00-00-00-00-FF-FF-00-BF-FF-FF-FF-FF-FF-00-00-00-00-00;NOTIFICATION;1;da1a1500-d532-4285-be94-b07a3e11a098;da1a1505-d532-4285-be94-b07a3e11a098;18;;
88670;1787508668720;1506;Trip / Kilometer & Betriebszähler;16;28;7;00-00-1C-54-00-02-35-E2-00-00-02-D5-00-00-00-00;NOTIFICATION;1;da1a1500-d532-4285-be94-b07a3e11a098;da1a1506-d532-4285-be94-b07a3e11a098;18;;
89089;1787508669139;1508;Settings / Licht & Fahrstufe;17;28;–;00-00-00-02-FF-FF-FF-FF-FF-FF-FF-00-00-00-00-00-00;NOTIFICATION;1;da1a1500-d532-4285-be94-b07a3e11a098;da1a1508-d532-4285-be94-b07a3e11a098;18;;
89301;1787508669351;1509;BatteryChange / Akku-Livestand;11;28;5,6;00-00-FF-FF-20-B2-E8-00-00-00-00;NOTIFICATION;1;da1a1500-d532-4285-be94-b07a3e11a098;da1a1509-d532-4285-be94-b07a3e11a098;18;;
89502;1787508669552;150A;MotorUpdate / Motor-Livestand;10;28;–;00-00-FF-FF-FF-FF-FF-FF-FF-FF;NOTIFICATION;1;da1a1500-d532-4285-be94-b07a3e11a098;da1a150a-d532-4285-be94-b07a3e11a098;18;;
89710;1787508669760;150B;Motor-/Controllerblock;20;28;–;FF-FF-FF-FF-FF-FF-FF-FF-FF-FF-FF-FF-FF-FF-FF-FF-FF-FF-FF-FF;NOTIFICATION;1;da1a1500-d532-4285-be94-b07a3e11a098;da1a150b-d532-4285-be94-b07a3e11a098;18;;
89919;1787508669969;150D;Fahrstatistik Max/Ø;20;28;–;00-DA-00-85-FF-FF-FF-FF-47-18-FF-FF-FF-FF-FF-FF-FF-FF-00-00;NOTIFICATION;1;da1a1500-d532-4285-be94-b07a3e11a098;da1a150d-d532-4285-be94-b07a3e11a098;18;;
90960;1787508671010;1502;Akkuinformationen;16;29;–;47-18-FF-FF-FF-FF-47-18-FF-FF-FF-FF-FF-FF-00-00;NOTIFICATION;1;da1a1500-d532-4285-be94-b07a3e11a098;da1a1502-d532-4285-be94-b07a3e11a098;18;;
91378;1787508671428;1505;BikePerformance / Fahrleistung;18;29;7;00-00-00-00-FF-FF-00-AB-FF-FF-FF-FF-FF-00-00-00-00-00;NOTIFICATION;1;da1a1500-d532-4285-be94-b07a3e11a098;da1a1505-d532-4285-be94-b07a3e11a098;18;;
91590;1787508671640;1506;Trip / Kilometer & Betriebszähler;16;29;7;00-00-1C-54-00-02-35-E5-00-00-02-D5-00-00-00-00;NOTIFICATION;1;da1a1500-d532-4285-be94-b07a3e11a098;da1a1506-d532-4285-be94-b07a3e11a098;18;;
92011;1787508672061;1508;Settings / Licht & Fahrstufe;17;29;–;00-00-00-02-FF-FF-FF-FF-FF-FF-FF-00-00-00-00-00-00;NOTIFICATION;1;da1a1500-d532-4285-be94-b07a3e11a098;da1a1508-d532-4285-be94-b07a3e11a098;18;;
92218;1787508672268;1509;BatteryChange / Akku-Livestand;11;29;5,6;00-00-FF-FF-20-B3-4C-00-00-00-00;NOTIFICATION;1;da1a1500-d532-4285-be94-b07a3e11a098;da1a1509-d532-4285-be94-b07a3e11a098;18;;
92427;1787508672477;150A;MotorUpdate / Motor-Livestand;10;29;–;00-00-FF-FF-FF-FF-FF-FF-FF-FF;NOTIFICATION;1;da1a1500-d532-4285-be94-b07a3e11a098;da1a150a-d532-4285-be94-b07a3e11a098;18;;
92628;1787508672678;150B;Motor-/Controllerblock;20;29;–;FF-FF-FF-FF-FF-FF-FF-FF-FF-FF-FF-FF-FF-FF-FF-FF-FF-FF-FF-FF;NOTIFICATION;1;da1a1500-d532-4285-be94-b07a3e11a098;da1a150b-d532-4285-be94-b07a3e11a098;18;;
92838;1787508672888;150D;Fahrstatistik Max/Ø;20;29;–;00-DA-00-85-FF-FF-FF-FF-47-18-FF-FF-FF-FF-FF-FF-FF-FF-00-00;NOTIFICATION;1;da1a1500-d532-4285-be94-b07a3e11a098;da1a150d-d532-4285-be94-b07a3e11a098;18;;
93878;1787508673928;1502;Akkuinformationen;16;30;–;47-18-FF-FF-FF-FF-47-18-FF-FF-FF-FF-FF-FF-00-00;NOTIFICATION;1;da1a1500-d532-4285-be94-b07a3e11a098;da1a1502-d532-4285-be94-b07a3e11a098;18;;
94300;1787508674350;1505;BikePerformance / Fahrleistung;18;30;7;00-00-00-00-FF-FF-00-9B-FF-FF-FF-FF-FF-00-00-00-00-00;NOTIFICATION;1;da1a1500-d532-4285-be94-b07a3e11a098;da1a1505-d532-4285-be94-b07a3e11a098;18;;
94512;1787508674562;1506;Trip / Kilometer & Betriebszähler;16;30;7;00-00-1C-54-00-02-35-E8-00-00-02-D5-00-00-00-00;NOTIFICATION;1;da1a1500-d532-4285-be94-b07a3e11a098;da1a1506-d532-4285-be94-b07a3e11a098;18;;
94928;1787508674978;1508;Settings / Licht & Fahrstufe;17;30;–;00-00-00-02-FF-FF-FF-FF-FF-FF-FF-00-00-00-00-00-00;NOTIFICATION;1;da1a1500-d532-4285-be94-b07a3e11a098;da1a1508-d532-4285-be94-b07a3e11a098;18;;
95127;1787508675177;1509;BatteryChange / Akku-Livestand;11;30;–;00-00-FF-FF-20-B3-4C-00-00-00-00;NOTIFICATION;1;da1a1500-d532-4285-be94-b07a3e11a098;da1a1509-d532-4285-be94-b07a3e11a098;18;;
95339;1787508675389;150A;MotorUpdate / Motor-Livestand;10;30;–;00-00-FF-FF-FF-FF-FF-FF-FF-FF;NOTIFICATION;1;da1a1500-d532-4285-be94-b07a3e11a098;da1a150a-d532-4285-be94-b07a3e11a098;18;;
95550;1787508675600;150B;Motor-/Controllerblock;20;30;–;FF-FF-FF-FF-FF-FF-FF-FF-FF-FF-FF-FF-FF-FF-FF-FF-FF-FF-FF-FF;NOTIFICATION;1;da1a1500-d532-4285-be94-b07a3e11a098;da1a150b-d532-4285-be94-b07a3e11a098;18;;
95758;1787508675808;150D;Fahrstatistik Max/Ø;20;30;–;00-DA-00-85-FF-FF-FF-FF-47-18-FF-FF-FF-FF-FF-FF-FF-FF-00-00;NOTIFICATION;1;da1a1500-d532-4285-be94-b07a3e11a098;da1a150d-d532-4285-be94-b07a3e11a098;18;;
96801;1787508676851;1502;Akkuinformationen;16;31;–;47-18-FF-FF-FF-FF-47-18-FF-FF-FF-FF-FF-FF-00-00;NOTIFICATION;1;da1a1500-d532-4285-be94-b07a3e11a098;da1a1502-d532-4285-be94-b07a3e11a098;18;;
97221;1787508677271;1505;BikePerformance / Fahrleistung;18;31;7;00-00-00-00-FF-FF-00-8B-FF-FF-FF-FF-FF-00-00-00-00-00;NOTIFICATION;1;da1a1500-d532-4285-be94-b07a3e11a098;da1a1505-d532-4285-be94-b07a3e11a098;18;;
97430;1787508677480;1506;Trip / Kilometer & Betriebszähler;16;31;7;00-00-1C-54-00-02-35-EB-00-00-02-D5-00-00-00-00;NOTIFICATION;1;da1a1500-d532-4285-be94-b07a3e11a098;da1a1506-d532-4285-be94-b07a3e11a098;18;;
97848;1787508677898;1508;Settings / Licht & Fahrstufe;17;31;–;00-00-00-02-FF-FF-FF-FF-FF-FF-FF-00-00-00-00-00-00;NOTIFICATION;1;da1a1500-d532-4285-be94-b07a3e11a098;da1a1508-d532-4285-be94-b07a3e11a098;18;;
98048;1787508678098;1509;BatteryChange / Akku-Livestand;11;31;–;00-00-FF-FF-20-B3-4C-00-00-00-00;NOTIFICATION;1;da1a1500-d532-4285-be94-b07a3e11a098;da1a1509-d532-4285-be94-b07a3e11a098;18;;
98258;1787508678308;150A;MotorUpdate / Motor-Livestand;10;31;–;00-00-FF-FF-FF-FF-FF-FF-FF-FF;NOTIFICATION;1;da1a1500-d532-4285-be94-b07a3e11a098;da1a150a-d532-4285-be94-b07a3e11a098;18;;
98470;1787508678520;150B;Motor-/Controllerblock;20;31;–;FF-FF-FF-FF-FF-FF-FF-FF-FF-FF-FF-FF-FF-FF-FF-FF-FF-FF-FF-FF;NOTIFICATION;1;da1a1500-d532-4285-be94-b07a3e11a098;da1a150b-d532-4285-be94-b07a3e11a098;18;;
98680;1787508678730;150D;Fahrstatistik Max/Ø;20;31;–;00-DA-00-85-FF-FF-FF-FF-47-18-FF-FF-FF-FF-FF-FF-FF-FF-00-00;NOTIFICATION;1;da1a1500-d532-4285-be94-b07a3e11a098;da1a150d-d532-4285-be94-b07a3e11a098;18;;
99721;1787508679771;1502;Akkuinformationen;16;32;–;47-18-FF-FF-FF-FF-47-18-FF-FF-FF-FF-FF-FF-00-00;NOTIFICATION;1;da1a1500-d532-4285-be94-b07a3e11a098;da1a1502-d532-4285-be94-b07a3e11a098;18;;
100142;1787508680192;1505;BikePerformance / Fahrleistung;18;32;7;00-00-00-00-FF-FF-00-74-FF-FF-FF-FF-FF-00-00-00-00-00;NOTIFICATION;1;da1a1500-d532-4285-be94-b07a3e11a098;da1a1505-d532-4285-be94-b07a3e11a098;18;;
100349;1787508680399;1506;Trip / Kilometer & Betriebszähler;16;32;7;00-00-1C-54-00-02-35-ED-00-00-02-D5-00-00-00-00;NOTIFICATION;1;da1a1500-d532-4285-be94-b07a3e11a098;da1a1506-d532-4285-be94-b07a3e11a098;18;;
100781;1787508680831;1508;Settings / Licht & Fahrstufe;17;32;–;00-00-00-02-FF-FF-FF-FF-FF-FF-FF-00-00-00-00-00-00;NOTIFICATION;1;da1a1500-d532-4285-be94-b07a3e11a098;da1a1508-d532-4285-be94-b07a3e11a098;18;;
100968;1787508681018;1509;BatteryChange / Akku-Livestand;11;32;5,6;00-00-FF-FF-20-B2-E8-00-00-00-00;NOTIFICATION;1;da1a1500-d532-4285-be94-b07a3e11a098;da1a1509-d532-4285-be94-b07a3e11a098;18;;
101180;1787508681230;150A;MotorUpdate / Motor-Livestand;10;32;–;00-00-FF-FF-FF-FF-FF-FF-FF-FF;NOTIFICATION;1;da1a1500-d532-4285-be94-b07a3e11a098;da1a150a-d532-4285-be94-b07a3e11a098;18;;
101392;1787508681442;150B;Motor-/Controllerblock;20;32;–;FF-FF-FF-FF-FF-FF-FF-FF-FF-FF-FF-FF-FF-FF-FF-FF-FF-FF-FF-FF;NOTIFICATION;1;da1a1500-d532-4285-be94-b07a3e11a098;da1a150b-d532-4285-be94-b07a3e11a098;18;;
101602;1787508681652;150D;Fahrstatistik Max/Ø;20;32;–;00-DA-00-85-FF-FF-FF-FF-47-18-FF-FF-FF-FF-FF-FF-FF-FF-00-00;NOTIFICATION;1;da1a1500-d532-4285-be94-b07a3e11a098;da1a150d-d532-4285-be94-b07a3e11a098;18;;
102640;1787508682690;1502;Akkuinformationen;16;33;–;47-18-FF-FF-FF-FF-47-18-FF-FF-FF-FF-FF-FF-00-00;NOTIFICATION;1;da1a1500-d532-4285-be94-b07a3e11a098;da1a1502-d532-4285-be94-b07a3e11a098;18;;
103060;1787508683110;1505;BikePerformance / Fahrleistung;18;33;0,1,2,3,7;0C-44-0C-44-FF-FF-00-69-FF-FF-FF-FF-FF-00-00-00-00-00;NOTIFICATION;1;da1a1500-d532-4285-be94-b07a3e11a098;da1a1505-d532-4285-be94-b07a3e11a098;18;;
103269;1787508683319;1506;Trip / Kilometer & Betriebszähler;16;33;7;00-00-1C-54-00-02-35-F0-00-00-02-D5-00-00-00-00;NOTIFICATION;1;da1a1500-d532-4285-be94-b07a3e11a098;da1a1506-d532-4285-be94-b07a3e11a098;18;;
103680;1787508683730;1508;Settings / Licht & Fahrstufe;17;33;0;01-00-00-02-FF-FF-FF-FF-FF-FF-FF-00-00-00-00-00-00;NOTIFICATION;1;da1a1500-d532-4285-be94-b07a3e11a098;da1a1508-d532-4285-be94-b07a3e11a098;18;;
103891;1787508683941;1509;BatteryChange / Akku-Livestand;11;33;0,1,5,6,9,10;1F-40-FF-FF-20-AE-9C-00-00-01-65;NOTIFICATION;1;da1a1500-d532-4285-be94-b07a3e11a098;da1a1509-d532-4285-be94-b07a3e11a098;18;;
104100;1787508684150;150A;MotorUpdate / Motor-Livestand;10;33;0,1;1B-58-FF-FF-FF-FF-FF-FF-FF-FF;NOTIFICATION;1;da1a1500-d532-4285-be94-b07a3e11a098;da1a150a-d532-4285-be94-b07a3e11a098;18;;
104311;1787508684361;150B;Motor-/Controllerblock;20;33;–;FF-FF-FF-FF-FF-FF-FF-FF-FF-FF-FF-FF-FF-FF-FF-FF-FF-FF-FF-FF;NOTIFICATION;1;da1a1500-d532-4285-be94-b07a3e11a098;da1a150b-d532-4285-be94-b07a3e11a098;18;;
104522;1787508684572;150D;Fahrstatistik Max/Ø;20;33;–;00-DA-00-85-FF-FF-FF-FF-47-18-FF-FF-FF-FF-FF-FF-FF-FF-00-00;NOTIFICATION;1;da1a1500-d532-4285-be94-b07a3e11a098;da1a150d-d532-4285-be94-b07a3e11a098;18;;
105561;1787508685611;1502;Akkuinformationen;16;34;–;47-18-FF-FF-FF-FF-47-18-FF-FF-FF-FF-FF-FF-00-00;NOTIFICATION;1;da1a1500-d532-4285-be94-b07a3e11a098;da1a1502-d532-4285-be94-b07a3e11a098;18;;
105978;1787508686028;1505;BikePerformance / Fahrleistung;18;34;–;;NOTIFICATION_QUARANTINED;1;da1a1500-d532-4285-be94-b07a3e11a098;da1a1505-d532-4285-be94-b07a3e11a098;18;c731f922c864db5014403d5303b06371032ae39c2dc3f73725b4e84b64c756e5;identity_or_free_form
106189;1787508686239;1506;Trip / Kilometer & Betriebszähler;16;34;3,7;00-00-1C-55-00-02-35-F3-00-00-02-D5-00-00-00-00;NOTIFICATION;1;da1a1500-d532-4285-be94-b07a3e11a098;da1a1506-d532-4285-be94-b07a3e11a098;18;;
106599;1787508686649;1508;Settings / Licht & Fahrstufe;17;34;–;01-00-00-02-FF-FF-FF-FF-FF-FF-FF-00-00-00-00-00-00;NOTIFICATION;1;da1a1500-d532-4285-be94-b07a3e11a098;da1a1508-d532-4285-be94-b07a3e11a098;18;;
106810;1787508686860;1509;BatteryChange / Akku-Livestand;11;34;5,6,10;1F-40-FF-FF-20-AD-D4-00-00-01-64;NOTIFICATION;1;da1a1500-d532-4285-be94-b07a3e11a098;da1a1509-d532-4285-be94-b07a3e11a098;18;;
107021;1787508687071;150A;MotorUpdate / Motor-Livestand;10;34;0,1;23-28-FF-FF-FF-FF-FF-FF-FF-FF;NOTIFICATION;1;da1a1500-d532-4285-be94-b07a3e11a098;da1a150a-d532-4285-be94-b07a3e11a098;18;;
107231;1787508687281;150B;Motor-/Controllerblock;20;34;–;FF-FF-FF-FF-FF-FF-FF-FF-FF-FF-FF-FF-FF-FF-FF-FF-FF-FF-FF-FF;NOTIFICATION;1;da1a1500-d532-4285-be94-b07a3e11a098;da1a150b-d532-4285-be94-b07a3e11a098;18;;
107439;1787508687489;150D;Fahrstatistik Max/Ø;20;34;3;00-DA-00-96-FF-FF-FF-FF-47-18-FF-FF-FF-FF-FF-FF-FF-FF-00-00;NOTIFICATION;1;da1a1500-d532-4285-be94-b07a3e11a098;da1a150d-d532-4285-be94-b07a3e11a098;18;;
108480;1787508688530;1502;Akkuinformationen;16;35;–;47-18-FF-FF-FF-FF-47-18-FF-FF-FF-FF-FF-FF-00-00;NOTIFICATION;1;da1a1500-d532-4285-be94-b07a3e11a098;da1a1502-d532-4285-be94-b07a3e11a098;18;;
108897;1787508688947;1505;BikePerformance / Fahrleistung;18;35;0,1,2,3,7;19-96-19-96-FF-FF-00-67-FF-FF-FF-FF-FF-00-00-00-00-00;NOTIFICATION;1;da1a1500-d532-4285-be94-b07a3e11a098;da1a1505-d532-4285-be94-b07a3e11a098;18;;
109109;1787508689159;1506;Trip / Kilometer & Betriebszähler;16;35;7;00-00-1C-55-00-02-35-F6-00-00-02-D5-00-00-00-00;NOTIFICATION;1;da1a1500-d532-4285-be94-b07a3e11a098;da1a1506-d532-4285-be94-b07a3e11a098;18;;
109521;1787508689571;1508;Settings / Licht & Fahrstufe;17;35;–;01-00-00-02-FF-FF-FF-FF-FF-FF-FF-00-00-00-00-00-00;NOTIFICATION;1;da1a1500-d532-4285-be94-b07a3e11a098;da1a1508-d532-4285-be94-b07a3e11a098;18;;
109729;1787508689779;1509;BatteryChange / Akku-Livestand;11;35;0,1,6,10;27-10-FF-FF-20-AD-0C-00-00-01-E6;NOTIFICATION;1;da1a1500-d532-4285-be94-b07a3e11a098;da1a1509-d532-4285-be94-b07a3e11a098;18;;
109938;1787508689988;150A;MotorUpdate / Motor-Livestand;10;35;0,1;1F-40-FF-FF-FF-FF-FF-FF-FF-FF;NOTIFICATION;1;da1a1500-d532-4285-be94-b07a3e11a098;da1a150a-d532-4285-be94-b07a3e11a098;18;;
110150;1787508690200;150B;Motor-/Controllerblock;20;35;–;FF-FF-FF-FF-FF-FF-FF-FF-FF-FF-FF-FF-FF-FF-FF-FF-FF-FF-FF-FF;NOTIFICATION;1;da1a1500-d532-4285-be94-b07a3e11a098;da1a150b-d532-4285-be94-b07a3e11a098;18;;
110359;1787508690409;150D;Fahrstatistik Max/Ø;20;35;–;00-DA-00-96-FF-FF-FF-FF-47-18-FF-FF-FF-FF-FF-FF-FF-FF-00-00;NOTIFICATION;1;da1a1500-d532-4285-be94-b07a3e11a098;da1a150d-d532-4285-be94-b07a3e11a098;18;;
111400;1787508691450;1502;Akkuinformationen;16;36;–;47-18-FF-FF-FF-FF-47-18-FF-FF-FF-FF-FF-FF-00-00;NOTIFICATION;1;da1a1500-d532-4285-be94-b07a3e11a098;da1a1502-d532-4285-be94-b07a3e11a098;18;;
111823;1787508691873;1505;BikePerformance / Fahrleistung;18;36;0,1,2,3,7;00-00-00-00-FF-FF-00-A7-FF-FF-FF-FF-FF-00-00-00-00-00;NOTIFICATION;1;da1a1500-d532-4285-be94-b07a3e11a098;da1a1505-d532-4285-be94-b07a3e11a098;18;;
112021;1787508692071;1506;Trip / Kilometer & Betriebszähler;16;36;7;00-00-1C-55-00-02-35-F9-00-00-02-D5-00-00-00-00;NOTIFICATION;1;da1a1500-d532-4285-be94-b07a3e11a098;da1a1506-d532-4285-be94-b07a3e11a098;18;;
112440;1787508692490;1508;Settings / Licht & Fahrstufe;17;36;–;01-00-00-02-FF-FF-FF-FF-FF-FF-FF-00-00-00-00-00-00;NOTIFICATION;1;da1a1500-d532-4285-be94-b07a3e11a098;da1a1508-d532-4285-be94-b07a3e11a098;18;;
112650;1787508692700;1509;BatteryChange / Akku-Livestand;11;36;0,1,5,6,9,10;00-00-FF-FF-20-B2-E8-00-00-00-00;NOTIFICATION;1;da1a1500-d532-4285-be94-b07a3e11a098;da1a1509-d532-4285-be94-b07a3e11a098;18;;
112861;1787508692911;150A;MotorUpdate / Motor-Livestand;10;36;0,1;00-00-FF-FF-FF-FF-FF-FF-FF-FF;NOTIFICATION;1;da1a1500-d532-4285-be94-b07a3e11a098;da1a150a-d532-4285-be94-b07a3e11a098;18;;
113069;1787508693119;150B;Motor-/Controllerblock;20;36;–;FF-FF-FF-FF-FF-FF-FF-FF-FF-FF-FF-FF-FF-FF-FF-FF-FF-FF-FF-FF;NOTIFICATION;1;da1a1500-d532-4285-be94-b07a3e11a098;da1a150b-d532-4285-be94-b07a3e11a098;18;;
113283;1787508693333;150D;Fahrstatistik Max/Ø;20;36;–;00-DA-00-96-FF-FF-FF-FF-47-18-FF-FF-FF-FF-FF-FF-FF-FF-00-00;NOTIFICATION;1;da1a1500-d532-4285-be94-b07a3e11a098;da1a150d-d532-4285-be94-b07a3e11a098;18;;
114319;1787508694369;1502;Akkuinformationen;16;37;–;47-18-FF-FF-FF-FF-47-18-FF-FF-FF-FF-FF-FF-00-00;NOTIFICATION;1;da1a1500-d532-4285-be94-b07a3e11a098;da1a1502-d532-4285-be94-b07a3e11a098;18;;
114742;1787508694792;1505;BikePerformance / Fahrleistung;18;37;0,1,2,3,7;03-84-03-84-FF-FF-00-86-FF-FF-FF-FF-FF-00-00-00-00-00;NOTIFICATION;1;da1a1500-d532-4285-be94-b07a3e11a098;da1a1505-d532-4285-be94-b07a3e11a098;18;;
114941;1787508694991;1506;Trip / Kilometer & Betriebszähler;16;37;7;00-00-1C-55-00-02-35-FC-00-00-02-D5-00-00-00-00;NOTIFICATION;1;da1a1500-d532-4285-be94-b07a3e11a098;da1a1506-d532-4285-be94-b07a3e11a098;18;;
115359;1787508695409;1508;Settings / Licht & Fahrstufe;17;37;–;01-00-00-02-FF-FF-FF-FF-FF-FF-FF-00-00-00-00-00-00;NOTIFICATION;1;da1a1500-d532-4285-be94-b07a3e11a098;da1a1508-d532-4285-be94-b07a3e11a098;18;;
115569;1787508695619;1509;BatteryChange / Akku-Livestand;11;37;0,1,5,6,10;13-88-FF-FF-20-AF-00-00-00-00-E0;NOTIFICATION;1;da1a1500-d532-4285-be94-b07a3e11a098;da1a1509-d532-4285-be94-b07a3e11a098;18;;
115780;1787508695830;150A;MotorUpdate / Motor-Livestand;10;37;0,1;17-70-FF-FF-FF-FF-FF-FF-FF-FF;NOTIFICATION;1;da1a1500-d532-4285-be94-b07a3e11a098;da1a150a-d532-4285-be94-b07a3e11a098;18;;
115990;1787508696040;150B;Motor-/Controllerblock;20;37;–;FF-FF-FF-FF-FF-FF-FF-FF-FF-FF-FF-FF-FF-FF-FF-FF-FF-FF-FF-FF;NOTIFICATION;1;da1a1500-d532-4285-be94-b07a3e11a098;da1a150b-d532-4285-be94-b07a3e11a098;18;;
116199;1787508696249;150D;Fahrstatistik Max/Ø;20;37;–;00-DA-00-96-FF-FF-FF-FF-47-18-FF-FF-FF-FF-FF-FF-FF-FF-00-00;NOTIFICATION;1;da1a1500-d532-4285-be94-b07a3e11a098;da1a150d-d532-4285-be94-b07a3e11a098;18;;
117239;1787508697289;1502;Akkuinformationen;16;38;–;47-18-FF-FF-FF-FF-47-18-FF-FF-FF-FF-FF-FF-00-00;NOTIFICATION;1;da1a1500-d532-4285-be94-b07a3e11a098;da1a1502-d532-4285-be94-b07a3e11a098;18;;
117650;1787508697700;1505;BikePerformance / Fahrleistung;18;38;0,1,2,3,7;0F-8C-0F-8C-FF-FF-00-80-FF-FF-FF-FF-FF-00-00-00-00-00;NOTIFICATION;1;da1a1500-d532-4285-be94-b07a3e11a098;da1a1505-d532-4285-be94-b07a3e11a098;18;;
117861;1787508697911;1506;Trip / Kilometer & Betriebszähler;16;38;7;00-00-1C-55-00-02-35-FF-00-00-02-D5-00-00-00-00;NOTIFICATION;1;da1a1500-d532-4285-be94-b07a3e11a098;da1a1506-d532-4285-be94-b07a3e11a098;18;;
118280;1787508698330;1508;Settings / Licht & Fahrstufe;17;38;–;01-00-00-02-FF-FF-FF-FF-FF-FF-FF-00-00-00-00-00-00;NOTIFICATION;1;da1a1500-d532-4285-be94-b07a3e11a098;da1a1508-d532-4285-be94-b07a3e11a098;18;;
118494;1787508698544;1509;BatteryChange / Akku-Livestand;11;38;0,1,5,6,9,10;23-28-FF-FF-20-AD-0C-00-00-01-8E;NOTIFICATION;1;da1a1500-d532-4285-be94-b07a3e11a098;da1a1509-d532-4285-be94-b07a3e11a098;18;;
118701;1787508698751;150A;MotorUpdate / Motor-Livestand;10;38;0,1;27-10-FF-FF-FF-FF-FF-FF-FF-FF;NOTIFICATION;1;da1a1500-d532-4285-be94-b07a3e11a098;da1a150a-d532-4285-be94-b07a3e11a098;18;;
118911;1787508698961;150B;Motor-/Controllerblock;20;38;–;FF-FF-FF-FF-FF-FF-FF-FF-FF-FF-FF-FF-FF-FF-FF-FF-FF-FF-FF-FF;NOTIFICATION;1;da1a1500-d532-4285-be94-b07a3e11a098;da1a150b-d532-4285-be94-b07a3e11a098;18;;
119111;1787508699161;150D;Fahrstatistik Max/Ø;20;38;–;00-DA-00-96-FF-FF-FF-FF-47-18-FF-FF-FF-FF-FF-FF-FF-FF-00-00;NOTIFICATION;1;da1a1500-d532-4285-be94-b07a3e11a098;da1a150d-d532-4285-be94-b07a3e11a098;18;;
120162;1787508700212;1502;Akkuinformationen;16;39;–;47-18-FF-FF-FF-FF-47-18-FF-FF-FF-FF-FF-FF-00-00;NOTIFICATION;1;da1a1500-d532-4285-be94-b07a3e11a098;da1a1502-d532-4285-be94-b07a3e11a098;18;;
120571;1787508700621;1505;BikePerformance / Fahrleistung;18;39;–;;NOTIFICATION_QUARANTINED;1;da1a1500-d532-4285-be94-b07a3e11a098;da1a1505-d532-4285-be94-b07a3e11a098;18;c731f922c864db5014403d5303b06371032ae39c2dc3f73725b4e84b64c756e5;identity_or_free_form
120782;1787508700832;1506;Trip / Kilometer & Betriebszähler;16;39;6,7;00-00-1C-55-00-02-36-02-00-00-02-D5-00-00-00-00;NOTIFICATION;1;da1a1500-d532-4285-be94-b07a3e11a098;da1a1506-d532-4285-be94-b07a3e11a098;18;;
121200;1787508701250;1508;Settings / Licht & Fahrstufe;17;39;–;01-00-00-02-FF-FF-FF-FF-FF-FF-FF-00-00-00-00-00-00;NOTIFICATION;1;da1a1500-d532-4285-be94-b07a3e11a098;da1a1508-d532-4285-be94-b07a3e11a098;18;;
121411;1787508701461;1509;BatteryChange / Akku-Livestand;11;39;0,1,5,6,10;1F-40-FF-FF-20-AE-38-00-00-01-62;NOTIFICATION;1;da1a1500-d532-4285-be94-b07a3e11a098;da1a1509-d532-4285-be94-b07a3e11a098;18;;
121622;1787508701672;150A;MotorUpdate / Motor-Livestand;10;39;0,1;1F-40-FF-FF-FF-FF-FF-FF-FF-FF;NOTIFICATION;1;da1a1500-d532-4285-be94-b07a3e11a098;da1a150a-d532-4285-be94-b07a3e11a098;18;;
121829;1787508701879;150B;Motor-/Controllerblock;20;39;–;FF-FF-FF-FF-FF-FF-FF-FF-FF-FF-FF-FF-FF-FF-FF-FF-FF-FF-FF-FF;NOTIFICATION;1;da1a1500-d532-4285-be94-b07a3e11a098;da1a150b-d532-4285-be94-b07a3e11a098;18;;
122030;1787508702080;150D;Fahrstatistik Max/Ø;20;39;–;00-DA-00-96-FF-FF-FF-FF-47-18-FF-FF-FF-FF-FF-FF-FF-FF-00-00;NOTIFICATION;1;da1a1500-d532-4285-be94-b07a3e11a098;da1a150d-d532-4285-be94-b07a3e11a098;18;;
123083;1787508703133;1502;Akkuinformationen;16;40;–;47-18-FF-FF-FF-FF-47-18-FF-FF-FF-FF-FF-FF-00-00;NOTIFICATION;1;da1a1500-d532-4285-be94-b07a3e11a098;da1a1502-d532-4285-be94-b07a3e11a098;18;;
123492;1787508703542;1505;BikePerformance / Fahrleistung;18;40;0,1,2,3,7;11-4E-11-4E-FF-FF-00-97-FF-FF-FF-FF-FF-00-00-00-00-00;NOTIFICATION;1;da1a1500-d532-4285-be94-b07a3e11a098;da1a1505-d532-4285-be94-b07a3e11a098;18;;
123701;1787508703751;1506;Trip / Kilometer & Betriebszähler;16;40;7;00-00-1C-55-00-02-36-05-00-00-02-D5-00-00-00-00;NOTIFICATION;1;da1a1500-d532-4285-be94-b07a3e11a098;da1a1506-d532-4285-be94-b07a3e11a098;18;;
124120;1787508704170;1508;Settings / Licht & Fahrstufe;17;40;–;01-00-00-02-FF-FF-FF-FF-FF-FF-FF-00-00-00-00-00-00;NOTIFICATION;1;da1a1500-d532-4285-be94-b07a3e11a098;da1a1508-d532-4285-be94-b07a3e11a098;18;;
124330;1787508704380;1509;BatteryChange / Akku-Livestand;11;40;0,1,5,6,10;23-28-FF-FF-20-AD-0C-00-00-01-8E;NOTIFICATION;1;da1a1500-d532-4285-be94-b07a3e11a098;da1a1509-d532-4285-be94-b07a3e11a098;18;;
124530;1787508704580;150A;MotorUpdate / Motor-Livestand;10;40;–;1F-40-FF-FF-FF-FF-FF-FF-FF-FF;NOTIFICATION;1;da1a1500-d532-4285-be94-b07a3e11a098;da1a150a-d532-4285-be94-b07a3e11a098;18;;
124743;1787508704793;150B;Motor-/Controllerblock;20;40;–;FF-FF-FF-FF-FF-FF-FF-FF-FF-FF-FF-FF-FF-FF-FF-FF-FF-FF-FF-FF;NOTIFICATION;1;da1a1500-d532-4285-be94-b07a3e11a098;da1a150b-d532-4285-be94-b07a3e11a098;18;;
124950;1787508705000;150D;Fahrstatistik Max/Ø;20;40;–;00-DA-00-96-FF-FF-FF-FF-47-18-FF-FF-FF-FF-FF-FF-FF-FF-00-00;NOTIFICATION;1;da1a1500-d532-4285-be94-b07a3e11a098;da1a150d-d532-4285-be94-b07a3e11a098;18;;
126000;1787508706050;1502;Akkuinformationen;16;41;–;47-18-FF-FF-FF-FF-47-18-FF-FF-FF-FF-FF-FF-00-00;NOTIFICATION;1;da1a1500-d532-4285-be94-b07a3e11a098;da1a1502-d532-4285-be94-b07a3e11a098;18;;
126410;1787508706460;1505;BikePerformance / Fahrleistung;18;41;0,1,2,3,7;06-FE-06-FE-FF-FF-00-AE-FF-FF-FF-FF-FF-00-00-00-00-00;NOTIFICATION;1;da1a1500-d532-4285-be94-b07a3e11a098;da1a1505-d532-4285-be94-b07a3e11a098;18;;
126621;1787508706671;1506;Trip / Kilometer & Betriebszähler;16;41;7;00-00-1C-55-00-02-36-08-00-00-02-D5-00-00-00-00;NOTIFICATION;1;da1a1500-d532-4285-be94-b07a3e11a098;da1a1506-d532-4285-be94-b07a3e11a098;18;;
127041;1787508707091;1508;Settings / Licht & Fahrstufe;17;41;–;01-00-00-02-FF-FF-FF-FF-FF-FF-FF-00-00-00-00-00-00;NOTIFICATION;1;da1a1500-d532-4285-be94-b07a3e11a098;da1a1508-d532-4285-be94-b07a3e11a098;18;;
127249;1787508707299;1509;BatteryChange / Akku-Livestand;11;41;0,1,5,6,9,10;13-88-FF-FF-20-AE-38-00-00-00-DF;NOTIFICATION;1;da1a1500-d532-4285-be94-b07a3e11a098;da1a1509-d532-4285-be94-b07a3e11a098;18;;
127452;1787508707502;150A;MotorUpdate / Motor-Livestand;10;41;0,1;13-88-FF-FF-FF-FF-FF-FF-FF-FF;NOTIFICATION;1;da1a1500-d532-4285-be94-b07a3e11a098;da1a150a-d532-4285-be94-b07a3e11a098;18;;
127661;1787508707711;150B;Motor-/Controllerblock;20;41;–;FF-FF-FF-FF-FF-FF-FF-FF-FF-FF-FF-FF-FF-FF-FF-FF-FF-FF-FF-FF;NOTIFICATION;1;da1a1500-d532-4285-be94-b07a3e11a098;da1a150b-d532-4285-be94-b07a3e11a098;18;;
127870;1787508707920;150D;Fahrstatistik Max/Ø;20;41;–;00-DA-00-96-FF-FF-FF-FF-47-18-FF-FF-FF-FF-FF-FF-FF-FF-00-00;NOTIFICATION;1;da1a1500-d532-4285-be94-b07a3e11a098;da1a150d-d532-4285-be94-b07a3e11a098;18;;
128911;1787508708961;1502;Akkuinformationen;16;42;–;47-18-FF-FF-FF-FF-47-18-FF-FF-FF-FF-FF-FF-00-00;NOTIFICATION;1;da1a1500-d532-4285-be94-b07a3e11a098;da1a1502-d532-4285-be94-b07a3e11a098;18;;
129330;1787508709380;1505;BikePerformance / Fahrleistung;18;42;0,1,2,3,7;07-08-07-08-FF-FF-00-B2-FF-FF-FF-FF-FF-00-00-00-00-00;NOTIFICATION;1;da1a1500-d532-4285-be94-b07a3e11a098;da1a1505-d532-4285-be94-b07a3e11a098;18;;
129541;1787508709591;1506;Trip / Kilometer & Betriebszähler;16;42;7;00-00-1C-55-00-02-36-0B-00-00-02-D5-00-00-00-00;NOTIFICATION;1;da1a1500-d532-4285-be94-b07a3e11a098;da1a1506-d532-4285-be94-b07a3e11a098;18;;
129960;1787508710010;1508;Settings / Licht & Fahrstufe;17;42;0;00-00-00-02-FF-FF-FF-FF-FF-FF-FF-00-00-00-00-00-00;NOTIFICATION;1;da1a1500-d532-4285-be94-b07a3e11a098;da1a1508-d532-4285-be94-b07a3e11a098;18;;
130170;1787508710220;1509;BatteryChange / Akku-Livestand;11;42;0,1,5,6,10;07-D0-FF-FF-20-B0-90-00-00-00-87;NOTIFICATION;1;da1a1500-d532-4285-be94-b07a3e11a098;da1a1509-d532-4285-be94-b07a3e11a098;18;;
130370;1787508710420;150A;MotorUpdate / Motor-Livestand;10;42;0,1;07-D0-FF-FF-FF-FF-FF-FF-FF-FF;NOTIFICATION;1;da1a1500-d532-4285-be94-b07a3e11a098;da1a150a-d532-4285-be94-b07a3e11a098;18;;
130580;1787508710630;150B;Motor-/Controllerblock;20;42;–;FF-FF-FF-FF-FF-FF-FF-FF-FF-FF-FF-FF-FF-FF-FF-FF-FF-FF-FF-FF;NOTIFICATION;1;da1a1500-d532-4285-be94-b07a3e11a098;da1a150b-d532-4285-be94-b07a3e11a098;18;;
130790;1787508710840;150D;Fahrstatistik Max/Ø;20;42;–;00-DA-00-96-FF-FF-FF-FF-47-18-FF-FF-FF-FF-FF-FF-FF-FF-00-00;NOTIFICATION;1;da1a1500-d532-4285-be94-b07a3e11a098;da1a150d-d532-4285-be94-b07a3e11a098;18;;
131832;1787508711882;1502;Akkuinformationen;16;43;–;47-18-FF-FF-FF-FF-47-18-FF-FF-FF-FF-FF-FF-00-00;NOTIFICATION;1;da1a1500-d532-4285-be94-b07a3e11a098;da1a1502-d532-4285-be94-b07a3e11a098;18;;
132253;1787508712303;1505;BikePerformance / Fahrleistung;18;43;0,1,2,3,7;06-F4-06-F4-FF-FF-00-9C-FF-FF-FF-FF-FF-00-00-00-00-00;NOTIFICATION;1;da1a1500-d532-4285-be94-b07a3e11a098;da1a1505-d532-4285-be94-b07a3e11a098;18;;
132461;1787508712511;1506;Trip / Kilometer & Betriebszähler;16;43;3,7;00-00-1C-56-00-02-36-0E-00-00-02-D5-00-00-00-00;NOTIFICATION;1;da1a1500-d532-4285-be94-b07a3e11a098;da1a1506-d532-4285-be94-b07a3e11a098;18;;
132880;1787508712930;1508;Settings / Licht & Fahrstufe;17;43;–;00-00-00-02-FF-FF-FF-FF-FF-FF-FF-00-00-00-00-00-00;NOTIFICATION;1;da1a1500-d532-4285-be94-b07a3e11a098;da1a1508-d532-4285-be94-b07a3e11a098;18;;
133080;1787508713130;1509;BatteryChange / Akku-Livestand;11;43;0,1,5,6,9,10;3E-80-FF-FF-20-A7-94-00-00-02-32;NOTIFICATION;1;da1a1500-d532-4285-be94-b07a3e11a098;da1a1509-d532-4285-be94-b07a3e11a098;18;;
133291;1787508713341;150A;MotorUpdate / Motor-Livestand;10;43;0,1;46-50-FF-FF-FF-FF-FF-FF-FF-FF;NOTIFICATION;1;da1a1500-d532-4285-be94-b07a3e11a098;da1a150a-d532-4285-be94-b07a3e11a098;18;;
133499;1787508713549;150B;Motor-/Controllerblock;20;43;–;FF-FF-FF-FF-FF-FF-FF-FF-FF-FF-FF-FF-FF-FF-FF-FF-FF-FF-FF-FF;NOTIFICATION;1;da1a1500-d532-4285-be94-b07a3e11a098;da1a150b-d532-4285-be94-b07a3e11a098;18;;
133709;1787508713759;150D;Fahrstatistik Max/Ø;20;43;3;00-DA-00-90-FF-FF-FF-FF-47-18-FF-FF-FF-FF-FF-FF-FF-FF-00-00;NOTIFICATION;1;da1a1500-d532-4285-be94-b07a3e11a098;da1a150d-d532-4285-be94-b07a3e11a098;18;;
134750;1787508714800;1502;Akkuinformationen;16;44;–;47-18-FF-FF-FF-FF-47-18-FF-FF-FF-FF-FF-FF-00-00;NOTIFICATION;1;da1a1500-d532-4285-be94-b07a3e11a098;da1a1502-d532-4285-be94-b07a3e11a098;18;;
135170;1787508715220;1505;BikePerformance / Fahrleistung;18;44;0,1,2,3,7;11-44-11-44-FF-FF-00-62-FF-FF-FF-FF-FF-00-00-00-00-00;NOTIFICATION;1;da1a1500-d532-4285-be94-b07a3e11a098;da1a1505-d532-4285-be94-b07a3e11a098;18;;
135379;1787508715429;1506;Trip / Kilometer & Betriebszähler;16;44;7;00-00-1C-56-00-02-36-11-00-00-02-D5-00-00-00-00;NOTIFICATION;1;da1a1500-d532-4285-be94-b07a3e11a098;da1a1506-d532-4285-be94-b07a3e11a098;18;;
135799;1787508715849;1508;Settings / Licht & Fahrstufe;17;44;0;01-00-00-02-FF-FF-FF-FF-FF-FF-FF-00-00-00-00-00-00;NOTIFICATION;1;da1a1500-d532-4285-be94-b07a3e11a098;da1a1508-d532-4285-be94-b07a3e11a098;18;;
135999;1787508716049;1509;BatteryChange / Akku-Livestand;11;44;0,1,5,6,10;32-C8-FF-FF-20-A9-EC-00-00-02-35;NOTIFICATION;1;da1a1500-d532-4285-be94-b07a3e11a098;da1a1509-d532-4285-be94-b07a3e11a098;18;;
136208;1787508716258;150A;MotorUpdate / Motor-Livestand;10;44;0,1;3A-98-FF-FF-FF-FF-FF-FF-FF-FF;NOTIFICATION;1;da1a1500-d532-4285-be94-b07a3e11a098;da1a150a-d532-4285-be94-b07a3e11a098;18;;
136419;1787508716469;150B;Motor-/Controllerblock;20;44;–;FF-FF-FF-FF-FF-FF-FF-FF-FF-FF-FF-FF-FF-FF-FF-FF-FF-FF-FF-FF;NOTIFICATION;1;da1a1500-d532-4285-be94-b07a3e11a098;da1a150b-d532-4285-be94-b07a3e11a098;18;;
136630;1787508716680;150D;Fahrstatistik Max/Ø;20;44;–;00-DA-00-90-FF-FF-FF-FF-47-18-FF-FF-FF-FF-FF-FF-FF-FF-00-00;NOTIFICATION;1;da1a1500-d532-4285-be94-b07a3e11a098;da1a150d-d532-4285-be94-b07a3e11a098;18;;
137672;1787508717722;1502;Akkuinformationen;16;45;–;47-18-FF-FF-FF-FF-47-18-FF-FF-FF-FF-FF-FF-00-00;NOTIFICATION;1;da1a1500-d532-4285-be94-b07a3e11a098;da1a1502-d532-4285-be94-b07a3e11a098;18;;
138089;1787508718139;1505;BikePerformance / Fahrleistung;18;45;0,1,2,3,7;17-CA-17-CA-FF-FF-00-80-FF-FF-FF-FF-FF-00-00-00-00-00;NOTIFICATION;1;da1a1500-d532-4285-be94-b07a3e11a098;da1a1505-d532-4285-be94-b07a3e11a098;18;;
138300;1787508718350;1506;Trip / Kilometer & Betriebszähler;16;45;7;00-00-1C-56-00-02-36-14-00-00-02-D5-00-00-00-00;NOTIFICATION;1;da1a1500-d532-4285-be94-b07a3e11a098;da1a1506-d532-4285-be94-b07a3e11a098;18;;
138710;1787508718760;1508;Settings / Licht & Fahrstufe;17;45;–;01-00-00-02-FF-FF-FF-FF-FF-FF-FF-00-00-00-00-00-00;NOTIFICATION;1;da1a1500-d532-4285-be94-b07a3e11a098;da1a1508-d532-4285-be94-b07a3e11a098;18;;
138932;1787508718982;1509;BatteryChange / Akku-Livestand;11;45;5,6,10;32-C8-FF-FF-20-AA-B4-00-00-02-38;NOTIFICATION;1;da1a1500-d532-4285-be94-b07a3e11a098;da1a1509-d532-4285-be94-b07a3e11a098;18;;
139131;1787508719181;150A;MotorUpdate / Motor-Livestand;10;45;0,1;36-B0-FF-FF-FF-FF-FF-FF-FF-FF;NOTIFICATION;1;da1a1500-d532-4285-be94-b07a3e11a098;da1a150a-d532-4285-be94-b07a3e11a098;18;;
139341;1787508719391;150B;Motor-/Controllerblock;20;45;–;FF-FF-FF-FF-FF-FF-FF-FF-FF-FF-FF-FF-FF-FF-FF-FF-FF-FF-FF-FF;NOTIFICATION;1;da1a1500-d532-4285-be94-b07a3e11a098;da1a150b-d532-4285-be94-b07a3e11a098;18;;
139550;1787508719600;150D;Fahrstatistik Max/Ø;20;45;–;00-DA-00-90-FF-FF-FF-FF-47-18-FF-FF-FF-FF-FF-FF-FF-FF-00-00;NOTIFICATION;1;da1a1500-d532-4285-be94-b07a3e11a098;da1a150d-d532-4285-be94-b07a3e11a098;18;;
140591;1787508720641;1502;Akkuinformationen;16;46;–;47-18-FF-FF-FF-FF-47-18-FF-FF-FF-FF-FF-FF-00-00;NOTIFICATION;1;da1a1500-d532-4285-be94-b07a3e11a098;da1a1502-d532-4285-be94-b07a3e11a098;18;;
141010;1787508721060;1505;BikePerformance / Fahrleistung;18;46;0,1,2,3,7;0B-F4-0B-F4-FF-FF-00-7A-FF-FF-FF-FF-FF-00-00-00-00-00;NOTIFICATION;1;da1a1500-d532-4285-be94-b07a3e11a098;da1a1505-d532-4285-be94-b07a3e11a098;18;;
141221;1787508721271;1506;Trip / Kilometer & Betriebszähler;16;46;7;00-00-1C-56-00-02-36-17-00-00-02-D5-00-00-00-00;NOTIFICATION;1;da1a1500-d532-4285-be94-b07a3e11a098;da1a1506-d532-4285-be94-b07a3e11a098;18;;
141630;1787508721680;1508;Settings / Licht & Fahrstufe;17;46;–;01-00-00-02-FF-FF-FF-FF-FF-FF-FF-00-00-00-00-00-00;NOTIFICATION;1;da1a1500-d532-4285-be94-b07a3e11a098;da1a1508-d532-4285-be94-b07a3e11a098;18;;
141853;1787508721903;1509;BatteryChange / Akku-Livestand;11;46;0,1,5,6,9,10;17-70-FF-FF-20-AD-D4-00-00-01-36;NOTIFICATION;1;da1a1500-d532-4285-be94-b07a3e11a098;da1a1509-d532-4285-be94-b07a3e11a098;18;;
142050;1787508722100;150A;MotorUpdate / Motor-Livestand;10;46;0,1;0B-B8-FF-FF-FF-FF-FF-FF-FF-FF;NOTIFICATION;1;da1a1500-d532-4285-be94-b07a3e11a098;da1a150a-d532-4285-be94-b07a3e11a098;18;;
142262;1787508722312;150B;Motor-/Controllerblock;20;46;–;FF-FF-FF-FF-FF-FF-FF-FF-FF-FF-FF-FF-FF-FF-FF-FF-FF-FF-FF-FF;NOTIFICATION;1;da1a1500-d532-4285-be94-b07a3e11a098;da1a150b-d532-4285-be94-b07a3e11a098;18;;
142472;1787508722522;150D;Fahrstatistik Max/Ø;20;46;–;00-DA-00-90-FF-FF-FF-FF-47-18-FF-FF-FF-FF-FF-FF-FF-FF-00-00;NOTIFICATION;1;da1a1500-d532-4285-be94-b07a3e11a098;da1a150d-d532-4285-be94-b07a3e11a098;18;;
143509;1787508723559;1502;Akkuinformationen;16;47;–;47-18-FF-FF-FF-FF-47-18-FF-FF-FF-FF-FF-FF-00-00;NOTIFICATION;1;da1a1500-d532-4285-be94-b07a3e11a098;da1a1502-d532-4285-be94-b07a3e11a098;18;;
143931;1787508723981;1505;BikePerformance / Fahrleistung;18;47;–;;NOTIFICATION_QUARANTINED;1;da1a1500-d532-4285-be94-b07a3e11a098;da1a1505-d532-4285-be94-b07a3e11a098;18;c731f922c864db5014403d5303b06371032ae39c2dc3f73725b4e84b64c756e5;identity_or_free_form
144142;1787508724192;1506;Trip / Kilometer & Betriebszähler;16;47;7;00-00-1C-56-00-02-36-1A-00-00-02-D5-00-00-00-00;NOTIFICATION;1;da1a1500-d532-4285-be94-b07a3e11a098;da1a1506-d532-4285-be94-b07a3e11a098;18;;
144551;1787508724601;1508;Settings / Licht & Fahrstufe;17;47;0;00-00-00-02-FF-FF-FF-FF-FF-FF-FF-00-00-00-00-00-00;NOTIFICATION;1;da1a1500-d532-4285-be94-b07a3e11a098;da1a1508-d532-4285-be94-b07a3e11a098;18;;
144760;1787508724810;1509;BatteryChange / Akku-Livestand;11;47;0,1,4,5,6,10;27-10-FF-FF-1C-AB-E0-00-00-01-B8;NOTIFICATION;1;da1a1500-d532-4285-be94-b07a3e11a098;da1a1509-d532-4285-be94-b07a3e11a098;18;;
144971;1787508725021;150A;MotorUpdate / Motor-Livestand;10;47;0,1;23-28-FF-FF-FF-FF-FF-FF-FF-FF;NOTIFICATION;1;da1a1500-d532-4285-be94-b07a3e11a098;da1a150a-d532-4285-be94-b07a3e11a098;18;;
145180;1787508725230;150B;Motor-/Controllerblock;20;47;–;FF-FF-FF-FF-FF-FF-FF-FF-FF-FF-FF-FF-FF-FF-FF-FF-FF-FF-FF-FF;NOTIFICATION;1;da1a1500-d532-4285-be94-b07a3e11a098;da1a150b-d532-4285-be94-b07a3e11a098;18;;
145391;1787508725441;150D;Fahrstatistik Max/Ø;20;47;–;00-DA-00-90-FF-FF-FF-FF-47-18-FF-FF-FF-FF-FF-FF-FF-FF-00-00;NOTIFICATION;1;da1a1500-d532-4285-be94-b07a3e11a098;da1a150d-d532-4285-be94-b07a3e11a098;18;;
146430;1787508726480;1502;Akkuinformationen;16;48;–;47-18-FF-FF-FF-FF-47-18-FF-FF-FF-FF-FF-FF-00-00;NOTIFICATION;1;da1a1500-d532-4285-be94-b07a3e11a098;da1a1502-d532-4285-be94-b07a3e11a098;18;;
146851;1787508726901;1505;BikePerformance / Fahrleistung;18;48;0,1,2,3,7;0C-08-0C-08-FF-FF-00-B3-FF-FF-FF-FF-FF-00-00-00-00-00;NOTIFICATION;1;da1a1500-d532-4285-be94-b07a3e11a098;da1a1505-d532-4285-be94-b07a3e11a098;18;;
147063;1787508727113;1506;Trip / Kilometer & Betriebszähler;16;48;7;00-00-1C-56-00-02-36-1D-00-00-02-D5-00-00-00-00;NOTIFICATION;1;da1a1500-d532-4285-be94-b07a3e11a098;da1a1506-d532-4285-be94-b07a3e11a098;18;;
147470;1787508727520;1508;Settings / Licht & Fahrstufe;17;48;–;00-00-00-02-FF-FF-FF-FF-FF-FF-FF-00-00-00-00-00-00;NOTIFICATION;1;da1a1500-d532-4285-be94-b07a3e11a098;da1a1508-d532-4285-be94-b07a3e11a098;18;;
147682;1787508727732;1509;BatteryChange / Akku-Livestand;11;48;0,1,4,5,6,10;17-70-FF-FF-1B-AD-70-00-00-01-0A;NOTIFICATION;1;da1a1500-d532-4285-be94-b07a3e11a098;da1a1509-d532-4285-be94-b07a3e11a098;18;;
147892;1787508727942;150A;MotorUpdate / Motor-Livestand;10;48;0,1;1B-58-FF-FF-FF-FF-FF-FF-FF-FF;NOTIFICATION;1;da1a1500-d532-4285-be94-b07a3e11a098;da1a150a-d532-4285-be94-b07a3e11a098;18;;
148101;1787508728151;150B;Motor-/Controllerblock;20;48;–;FF-FF-FF-FF-FF-FF-FF-FF-FF-FF-FF-FF-FF-FF-FF-FF-FF-FF-FF-FF;NOTIFICATION;1;da1a1500-d532-4285-be94-b07a3e11a098;da1a150b-d532-4285-be94-b07a3e11a098;18;;
148311;1787508728361;150D;Fahrstatistik Max/Ø;20;48;–;00-DA-00-90-FF-FF-FF-FF-47-18-FF-FF-FF-FF-FF-FF-FF-FF-00-00;NOTIFICATION;1;da1a1500-d532-4285-be94-b07a3e11a098;da1a150d-d532-4285-be94-b07a3e11a098;18;;
149350;1787508729400;1502;Akkuinformationen;16;49;–;47-18-FF-FF-FF-FF-47-18-FF-FF-FF-FF-FF-FF-00-00;NOTIFICATION;1;da1a1500-d532-4285-be94-b07a3e11a098;da1a1502-d532-4285-be94-b07a3e11a098;18;;
149771;1787508729821;1505;BikePerformance / Fahrleistung;18;49;0,1,2,3;0B-FE-0B-FE-FF-FF-00-B3-FF-FF-FF-FF-FF-00-00-00-00-00;NOTIFICATION;1;da1a1500-d532-4285-be94-b07a3e11a098;da1a1505-d532-4285-be94-b07a3e11a098;18;;
149979;1787508730029;1506;Trip / Kilometer & Betriebszähler;16;49;7;00-00-1C-56-00-02-36-1F-00-00-02-D5-00-00-00-00;NOTIFICATION;1;da1a1500-d532-4285-be94-b07a3e11a098;da1a1506-d532-4285-be94-b07a3e11a098;18;;
150390;1787508730440;1508;Settings / Licht & Fahrstufe;17;49;–;00-00-00-02-FF-FF-FF-FF-FF-FF-FF-00-00-00-00-00-00;NOTIFICATION;1;da1a1500-d532-4285-be94-b07a3e11a098;da1a1508-d532-4285-be94-b07a3e11a098;18;;
150601;1787508730651;1509;BatteryChange / Akku-Livestand;11;49;0,1,5,6,10;23-28-FF-FF-1B-AB-18-00-00-01-8A;NOTIFICATION;1;da1a1500-d532-4285-be94-b07a3e11a098;da1a1509-d532-4285-be94-b07a3e11a098;18;;
150811;1787508730861;150A;MotorUpdate / Motor-Livestand;10;49;–;1B-58-FF-FF-FF-FF-FF-FF-FF-FF;NOTIFICATION;1;da1a1500-d532-4285-be94-b07a3e11a098;da1a150a-d532-4285-be94-b07a3e11a098;18;;
151020;1787508731070;150B;Motor-/Controllerblock;20;49;–;FF-FF-FF-FF-FF-FF-FF-FF-FF-FF-FF-FF-FF-FF-FF-FF-FF-FF-FF-FF;NOTIFICATION;1;da1a1500-d532-4285-be94-b07a3e11a098;da1a150b-d532-4285-be94-b07a3e11a098;18;;
151230;1787508731280;150D;Fahrstatistik Max/Ø;20;49;–;00-DA-00-90-FF-FF-FF-FF-47-18-FF-FF-FF-FF-FF-FF-FF-FF-00-00;NOTIFICATION;1;da1a1500-d532-4285-be94-b07a3e11a098;da1a150d-d532-4285-be94-b07a3e11a098;18;;
152272;1787508732322;1502;Akkuinformationen;16;50;–;47-18-FF-FF-FF-FF-47-18-FF-FF-FF-FF-FF-FF-00-00;NOTIFICATION;1;da1a1500-d532-4285-be94-b07a3e11a098;da1a1502-d532-4285-be94-b07a3e11a098;18;;
152692;1787508732742;1505;BikePerformance / Fahrleistung;18;50;0,1,2,3,7;0A-64-0A-64-FF-FF-00-B0-FF-FF-FF-FF-FF-00-00-00-00-00;NOTIFICATION;1;da1a1500-d532-4285-be94-b07a3e11a098;da1a1505-d532-4285-be94-b07a3e11a098;18;;
152892;1787508732942;1506;Trip / Kilometer & Betriebszähler;16;50;7;00-00-1C-56-00-02-36-22-00-00-02-D5-00-00-00-00;NOTIFICATION;1;da1a1500-d532-4285-be94-b07a3e11a098;da1a1506-d532-4285-be94-b07a3e11a098;18;;
153313;1787508733363;1508;Settings / Licht & Fahrstufe;17;50;–;00-00-00-02-FF-FF-FF-FF-FF-FF-FF-00-00-00-00-00-00;NOTIFICATION;1;da1a1500-d532-4285-be94-b07a3e11a098;da1a1508-d532-4285-be94-b07a3e11a098;18;;
153519;1787508733569;1509;BatteryChange / Akku-Livestand;11;50;0,1,5,6,10;13-88-FF-FF-1B-AE-9C-00-00-01-0B;NOTIFICATION;1;da1a1500-d532-4285-be94-b07a3e11a098;da1a1509-d532-4285-be94-b07a3e11a098;18;;
153732;1787508733782;150A;MotorUpdate / Motor-Livestand;10;50;0,1;13-88-FF-FF-FF-FF-FF-FF-FF-FF;NOTIFICATION;1;da1a1500-d532-4285-be94-b07a3e11a098;da1a150a-d532-4285-be94-b07a3e11a098;18;;
153940;1787508733990;150B;Motor-/Controllerblock;20;50;–;FF-FF-FF-FF-FF-FF-FF-FF-FF-FF-FF-FF-FF-FF-FF-FF-FF-FF-FF-FF;NOTIFICATION;1;da1a1500-d532-4285-be94-b07a3e11a098;da1a150b-d532-4285-be94-b07a3e11a098;18;;
154149;1787508734199;150D;Fahrstatistik Max/Ø;20;50;–;00-DA-00-90-FF-FF-FF-FF-47-18-FF-FF-FF-FF-FF-FF-FF-FF-00-00;NOTIFICATION;1;da1a1500-d532-4285-be94-b07a3e11a098;da1a150d-d532-4285-be94-b07a3e11a098;18;;
155189;1787508735239;1502;Akkuinformationen;16;51;–;47-18-FF-FF-FF-FF-47-18-FF-FF-FF-FF-FF-FF-00-00;NOTIFICATION;1;da1a1500-d532-4285-be94-b07a3e11a098;da1a1502-d532-4285-be94-b07a3e11a098;18;;
155610;1787508735660;1505;BikePerformance / Fahrleistung;18;51;0,1,2,3,7;06-F4-06-F4-FF-FF-00-B2-FF-FF-FF-FF-FF-00-00-00-00-00;NOTIFICATION;1;da1a1500-d532-4285-be94-b07a3e11a098;da1a1505-d532-4285-be94-b07a3e11a098;18;;
155811;1787508735861;1506;Trip / Kilometer & Betriebszähler;16;51;7;00-00-1C-56-00-02-36-25-00-00-02-D5-00-00-00-00;NOTIFICATION;1;da1a1500-d532-4285-be94-b07a3e11a098;da1a1506-d532-4285-be94-b07a3e11a098;18;;
156441;1787508736491;1509;BatteryChange / Akku-Livestand;11;51;0,1,5,6,9,10;0B-B8-FF-FF-1B-AF-64-00-00-00-86;NOTIFICATION;1;da1a1500-d532-4285-be94-b07a3e11a098;da1a1509-d532-4285-be94-b07a3e11a098;18;;
156651;1787508736701;150A;MotorUpdate / Motor-Livestand;10;51;0,1;0B-B8-FF-FF-FF-FF-FF-FF-FF-FF;NOTIFICATION;1;da1a1500-d532-4285-be94-b07a3e11a098;da1a150a-d532-4285-be94-b07a3e11a098;18;;
156858;1787508736908;150B;Motor-/Controllerblock;20;51;–;FF-FF-FF-FF-FF-FF-FF-FF-FF-FF-FF-FF-FF-FF-FF-FF-FF-FF-FF-FF;NOTIFICATION;1;da1a1500-d532-4285-be94-b07a3e11a098;da1a150b-d532-4285-be94-b07a3e11a098;18;;
157070;1787508737120;150D;Fahrstatistik Max/Ø;20;51;3;00-DA-00-91-FF-FF-FF-FF-47-18-FF-FF-FF-FF-FF-FF-FF-FF-00-00;NOTIFICATION;1;da1a1500-d532-4285-be94-b07a3e11a098;da1a150d-d532-4285-be94-b07a3e11a098;18;;
158110;1787508738160;1502;Akkuinformationen;16;52;–;47-18-FF-FF-FF-FF-47-18-FF-FF-FF-FF-FF-FF-00-00;NOTIFICATION;1;da1a1500-d532-4285-be94-b07a3e11a098;da1a1502-d532-4285-be94-b07a3e11a098;18;;
158519;1787508738569;1505;BikePerformance / Fahrleistung;18;52;0,1,2,3,7;01-C2-01-C2-FF-FF-00-BE-FF-FF-FF-FF-FF-00-00-00-00-00;NOTIFICATION;1;da1a1500-d532-4285-be94-b07a3e11a098;da1a1505-d532-4285-be94-b07a3e11a098;18;;
158730;1787508738780;1506;Trip / Kilometer & Betriebszähler;16;52;3,7;00-00-1C-57-00-02-36-28-00-00-02-D5-00-00-00-00;NOTIFICATION;1;da1a1500-d532-4285-be94-b07a3e11a098;da1a1506-d532-4285-be94-b07a3e11a098;18;;
159151;1787508739201;1508;Settings / Licht & Fahrstufe;17;51;–;00-00-00-02-FF-FF-FF-FF-FF-FF-FF-00-00-00-00-00-00;NOTIFICATION;1;da1a1500-d532-4285-be94-b07a3e11a098;da1a1508-d532-4285-be94-b07a3e11a098;18;;
159363;1787508739413;1509;BatteryChange / Akku-Livestand;11;52;0,1,5,6,10;00-00-FF-FF-1B-B0-F4-00-00-00-00;NOTIFICATION;1;da1a1500-d532-4285-be94-b07a3e11a098;da1a1509-d532-4285-be94-b07a3e11a098;18;;
159571;1787508739621;150A;MotorUpdate / Motor-Livestand;10;52;0,1;00-00-FF-FF-FF-FF-FF-FF-FF-FF;NOTIFICATION;1;da1a1500-d532-4285-be94-b07a3e11a098;da1a150a-d532-4285-be94-b07a3e11a098;18;;
159780;1787508739830;150B;Motor-/Controllerblock;20;52;–;FF-FF-FF-FF-FF-FF-FF-FF-FF-FF-FF-FF-FF-FF-FF-FF-FF-FF-FF-FF;NOTIFICATION;1;da1a1500-d532-4285-be94-b07a3e11a098;da1a150b-d532-4285-be94-b07a3e11a098;18;;
159980;1787508740030;150D;Fahrstatistik Max/Ø;20;52;–;00-DA-00-91-FF-FF-FF-FF-47-18-FF-FF-FF-FF-FF-FF-FF-FF-00-00;NOTIFICATION;1;da1a1500-d532-4285-be94-b07a3e11a098;da1a150d-d532-4285-be94-b07a3e11a098;18;;
161028;1787508741078;1502;Akkuinformationen;16;53;–;47-18-FF-FF-FF-FF-47-18-FF-FF-FF-FF-FF-FF-00-00;NOTIFICATION;1;da1a1500-d532-4285-be94-b07a3e11a098;da1a1502-d532-4285-be94-b07a3e11a098;18;;
161441;1787508741491;1505;BikePerformance / Fahrleistung;18;53;0,1,2,3,7;00-00-00-00-FF-FF-00-A7-FF-FF-FF-FF-FF-00-00-00-00-00;NOTIFICATION;1;da1a1500-d532-4285-be94-b07a3e11a098;da1a1505-d532-4285-be94-b07a3e11a098;18;;
161652;1787508741702;1506;Trip / Kilometer & Betriebszähler;16;53;7;00-00-1C-57-00-02-36-2B-00-00-02-D5-00-00-00-00;NOTIFICATION;1;da1a1500-d532-4285-be94-b07a3e11a098;da1a1506-d532-4285-be94-b07a3e11a098;18;;
162070;1787508742120;1508;Settings / Licht & Fahrstufe;17;52;–;00-00-00-02-FF-FF-FF-FF-FF-FF-FF-00-00-00-00-00-00;NOTIFICATION;1;da1a1500-d532-4285-be94-b07a3e11a098;da1a1508-d532-4285-be94-b07a3e11a098;18;;
162281;1787508742331;1509;BatteryChange / Akku-Livestand;11;53;0,1,10;03-E8-FF-FF-1B-B0-F4-00-00-00-2D;NOTIFICATION;1;da1a1500-d532-4285-be94-b07a3e11a098;da1a1509-d532-4285-be94-b07a3e11a098;18;;
162491;1787508742541;150A;MotorUpdate / Motor-Livestand;10;53;0,1;03-E8-FF-FF-FF-FF-FF-FF-FF-FF;NOTIFICATION;1;da1a1500-d532-4285-be94-b07a3e11a098;da1a150a-d532-4285-be94-b07a3e11a098;18;;
162701;1787508742751;150B;Motor-/Controllerblock;20;53;–;FF-FF-FF-FF-FF-FF-FF-FF-FF-FF-FF-FF-FF-FF-FF-FF-FF-FF-FF-FF;NOTIFICATION;1;da1a1500-d532-4285-be94-b07a3e11a098;da1a150b-d532-4285-be94-b07a3e11a098;18;;
162900;1787508742950;150D;Fahrstatistik Max/Ø;20;53;–;00-DA-00-91-FF-FF-FF-FF-47-18-FF-FF-FF-FF-FF-FF-FF-FF-00-00;NOTIFICATION;1;da1a1500-d532-4285-be94-b07a3e11a098;da1a150d-d532-4285-be94-b07a3e11a098;18;;
163951;1787508744001;1502;Akkuinformationen;16;54;–;47-18-FF-FF-FF-FF-47-18-FF-FF-FF-FF-FF-FF-00-00;NOTIFICATION;1;da1a1500-d532-4285-be94-b07a3e11a098;da1a1502-d532-4285-be94-b07a3e11a098;18;;
164364;1787508744414;1505;BikePerformance / Fahrleistung;18;54;0,1,2,3,7;03-84-03-84-FF-FF-00-92-FF-FF-FF-FF-FF-00-00-00-00-00;NOTIFICATION;1;da1a1500-d532-4285-be94-b07a3e11a098;da1a1505-d532-4285-be94-b07a3e11a098;18;;
164572;1787508744622;1506;Trip / Kilometer & Betriebszähler;16;54;7;00-00-1C-57-00-02-36-2E-00-00-02-D5-00-00-00-00;NOTIFICATION;1;da1a1500-d532-4285-be94-b07a3e11a098;da1a1506-d532-4285-be94-b07a3e11a098;18;;
164991;1787508745041;1508;Settings / Licht & Fahrstufe;17;53;–;00-00-00-02-FF-FF-FF-FF-FF-FF-FF-00-00-00-00-00-00;NOTIFICATION;1;da1a1500-d532-4285-be94-b07a3e11a098;da1a1508-d532-4285-be94-b07a3e11a098;18;;
165200;1787508745250;1509;BatteryChange / Akku-Livestand;11;54;–;03-E8-FF-FF-1B-B0-F4-00-00-00-2D;NOTIFICATION;1;da1a1500-d532-4285-be94-b07a3e11a098;da1a1509-d532-4285-be94-b07a3e11a098;18;;
165411;1787508745461;150A;MotorUpdate / Motor-Livestand;10;54;0,1;00-00-FF-FF-FF-FF-FF-FF-FF-FF;NOTIFICATION;1;da1a1500-d532-4285-be94-b07a3e11a098;da1a150a-d532-4285-be94-b07a3e11a098;18;;
165611;1787508745661;150B;Motor-/Controllerblock;20;54;–;FF-FF-FF-FF-FF-FF-FF-FF-FF-FF-FF-FF-FF-FF-FF-FF-FF-FF-FF-FF;NOTIFICATION;1;da1a1500-d532-4285-be94-b07a3e11a098;da1a150b-d532-4285-be94-b07a3e11a098;18;;
165823;1787508745873;150D;Fahrstatistik Max/Ø;20;54;–;00-DA-00-91-FF-FF-FF-FF-47-18-FF-FF-FF-FF-FF-FF-FF-FF-00-00;NOTIFICATION;1;da1a1500-d532-4285-be94-b07a3e11a098;da1a150d-d532-4285-be94-b07a3e11a098;18;;
166872;1787508746922;1502;Akkuinformationen;16;55;–;47-18-FF-FF-FF-FF-47-18-FF-FF-FF-FF-FF-FF-00-00;NOTIFICATION;1;da1a1500-d532-4285-be94-b07a3e11a098;da1a1502-d532-4285-be94-b07a3e11a098;18;;
167285;1787508747335;1505;BikePerformance / Fahrleistung;18;55;0,1,2,3,7;01-C2-01-C2-FF-FF-00-73-FF-FF-FF-FF-FF-00-00-00-00-00;NOTIFICATION;1;da1a1500-d532-4285-be94-b07a3e11a098;da1a1505-d532-4285-be94-b07a3e11a098;18;;
167490;1787508747540;1506;Trip / Kilometer & Betriebszähler;16;55;7;00-00-1C-57-00-02-36-31-00-00-02-D5-00-00-00-00;NOTIFICATION;1;da1a1500-d532-4285-be94-b07a3e11a098;da1a1506-d532-4285-be94-b07a3e11a098;18;;
167912;1787508747962;1508;Settings / Licht & Fahrstufe;17;54;–;00-00-00-02-FF-FF-FF-FF-FF-FF-FF-00-00-00-00-00-00;NOTIFICATION;1;da1a1500-d532-4285-be94-b07a3e11a098;da1a1508-d532-4285-be94-b07a3e11a098;18;;
168121;1787508748171;1509;BatteryChange / Akku-Livestand;11;55;0,1,5,6,10;0B-B8-FF-FF-1B-AF-C8-00-00-00-87;NOTIFICATION;1;da1a1500-d532-4285-be94-b07a3e11a098;da1a1509-d532-4285-be94-b07a3e11a098;18;;
168324;1787508748374;150A;MotorUpdate / Motor-Livestand;10;55;0,1;0B-B8-FF-FF-FF-FF-FF-FF-FF-FF;NOTIFICATION;1;da1a1500-d532-4285-be94-b07a3e11a098;da1a150a-d532-4285-be94-b07a3e11a098;18;;
168531;1787508748581;150B;Motor-/Controllerblock;20;55;–;FF-FF-FF-FF-FF-FF-FF-FF-FF-FF-FF-FF-FF-FF-FF-FF-FF-FF-FF-FF;NOTIFICATION;1;da1a1500-d532-4285-be94-b07a3e11a098;da1a150b-d532-4285-be94-b07a3e11a098;18;;
168744;1787508748794;150D;Fahrstatistik Max/Ø;20;55;–;00-DA-00-91-FF-FF-FF-FF-47-18-FF-FF-FF-FF-FF-FF-FF-FF-00-00;NOTIFICATION;1;da1a1500-d532-4285-be94-b07a3e11a098;da1a150d-d532-4285-be94-b07a3e11a098;18;;
169792;1787508749842;1502;Akkuinformationen;16;56;–;47-18-FF-FF-FF-FF-47-18-FF-FF-FF-FF-FF-FF-00-00;NOTIFICATION;1;da1a1500-d532-4285-be94-b07a3e11a098;da1a1502-d532-4285-be94-b07a3e11a098;18;;
170201;1787508750251;1505;BikePerformance / Fahrleistung;18;56;0,1,2,3,7;0A-64-0A-64-FF-FF-00-72-FF-FF-FF-FF-FF-00-00-00-00-00;NOTIFICATION;1;da1a1500-d532-4285-be94-b07a3e11a098;da1a1505-d532-4285-be94-b07a3e11a098;18;;
170410;1787508750460;1506;Trip / Kilometer & Betriebszähler;16;56;7;00-00-1C-57-00-02-36-34-00-00-02-D5-00-00-00-00;NOTIFICATION;1;da1a1500-d532-4285-be94-b07a3e11a098;da1a1506-d532-4285-be94-b07a3e11a098;18;;
170832;1787508750882;1508;Settings / Licht & Fahrstufe;17;55;–;00-00-00-02-FF-FF-FF-FF-FF-FF-FF-00-00-00-00-00-00;NOTIFICATION;1;da1a1500-d532-4285-be94-b07a3e11a098;da1a1508-d532-4285-be94-b07a3e11a098;18;;
171043;1787508751093;1509;BatteryChange / Akku-Livestand;11;56;0,1,5,6,9,10;3A-98-FF-FF-1B-A7-94-00-00-02-83;NOTIFICATION;1;da1a1500-d532-4285-be94-b07a3e11a098;da1a1509-d532-4285-be94-b07a3e11a098;18;;
171243;1787508751293;150A;MotorUpdate / Motor-Livestand;10;56;0,1;3A-98-FF-FF-FF-FF-FF-FF-FF-FF;NOTIFICATION;1;da1a1500-d532-4285-be94-b07a3e11a098;da1a150a-d532-4285-be94-b07a3e11a098;18;;
171452;1787508751502;150B;Motor-/Controllerblock;20;56;–;FF-FF-FF-FF-FF-FF-FF-FF-FF-FF-FF-FF-FF-FF-FF-FF-FF-FF-FF-FF;NOTIFICATION;1;da1a1500-d532-4285-be94-b07a3e11a098;da1a150b-d532-4285-be94-b07a3e11a098;18;;
171663;1787508751713;150D;Fahrstatistik Max/Ø;20;56;–;00-DA-00-91-FF-FF-FF-FF-47-18-FF-FF-FF-FF-FF-FF-FF-FF-00-00;NOTIFICATION;1;da1a1500-d532-4285-be94-b07a3e11a098;da1a150d-d532-4285-be94-b07a3e11a098;18;;
172702;1787508752752;1502;Akkuinformationen;16;57;–;47-18-FF-FF-FF-FF-47-18-FF-FF-FF-FF-FF-FF-00-00;NOTIFICATION;1;da1a1500-d532-4285-be94-b07a3e11a098;da1a1502-d532-4285-be94-b07a3e11a098;18;;
173121;1787508753171;1505;BikePerformance / Fahrleistung;18;57;0,1,2,3,7;0C-30-0C-30-FF-FF-00-DA-FF-FF-FF-FF-FF-00-00-00-00-00;NOTIFICATION;1;da1a1500-d532-4285-be94-b07a3e11a098;da1a1505-d532-4285-be94-b07a3e11a098;18;;
173331;1787508753381;1506;Trip / Kilometer & Betriebszähler;16;57;7;00-00-1C-57-00-02-36-37-00-00-02-D5-00-00-00-00;NOTIFICATION;1;da1a1500-d532-4285-be94-b07a3e11a098;da1a1506-d532-4285-be94-b07a3e11a098;18;;
173752;1787508753802;1508;Settings / Licht & Fahrstufe;17;56;–;00-00-00-02-FF-FF-FF-FF-FF-FF-FF-00-00-00-00-00-00;NOTIFICATION;1;da1a1500-d532-4285-be94-b07a3e11a098;da1a1508-d532-4285-be94-b07a3e11a098;18;;
173961;1787508754011;1509;BatteryChange / Akku-Livestand;11;57;0,1,5,6,9,10;1B-58-FF-FF-1B-AD-0C-00-00-01-09;NOTIFICATION;1;da1a1500-d532-4285-be94-b07a3e11a098;da1a1509-d532-4285-be94-b07a3e11a098;18;;
174160;1787508754210;150A;MotorUpdate / Motor-Livestand;10;57;0,1;17-70-FF-FF-FF-FF-FF-FF-FF-FF;NOTIFICATION;1;da1a1500-d532-4285-be94-b07a3e11a098;da1a150a-d532-4285-be94-b07a3e11a098;18;;
174370;1787508754420;150B;Motor-/Controllerblock;20;57;–;FF-FF-FF-FF-FF-FF-FF-FF-FF-FF-FF-FF-FF-FF-FF-FF-FF-FF-FF-FF;NOTIFICATION;1;da1a1500-d532-4285-be94-b07a3e11a098;da1a150b-d532-4285-be94-b07a3e11a098;18;;
174580;1787508754630;150D;Fahrstatistik Max/Ø;20;57;–;00-DA-00-91-FF-FF-FF-FF-47-18-FF-FF-FF-FF-FF-FF-FF-FF-00-00;NOTIFICATION;1;da1a1500-d532-4285-be94-b07a3e11a098;da1a150d-d532-4285-be94-b07a3e11a098;18;;
175620;1787508755670;1502;Akkuinformationen;16;58;–;47-18-FF-FF-FF-FF-47-18-FF-FF-FF-FF-FF-FF-00-00;NOTIFICATION;1;da1a1500-d532-4285-be94-b07a3e11a098;da1a1502-d532-4285-be94-b07a3e11a098;18;;
176042;1787508756092;1505;BikePerformance / Fahrleistung;18;58;0,1,2,3;05-3C-05-3C-FF-FF-00-DA-FF-FF-FF-FF-FF-00-00-00-00-00;NOTIFICATION;1;da1a1500-d532-4285-be94-b07a3e11a098;da1a1505-d532-4285-be94-b07a3e11a098;18;;
176252;1787508756302;1506;Trip / Kilometer & Betriebszähler;16;58;7;00-00-1C-57-00-02-36-3A-00-00-02-D5-00-00-00-00;NOTIFICATION;1;da1a1500-d532-4285-be94-b07a3e11a098;da1a1506-d532-4285-be94-b07a3e11a098;18;;
176672;1787508756722;1508;Settings / Licht & Fahrstufe;17;57;–;00-00-00-02-FF-FF-FF-FF-FF-FF-FF-00-00-00-00-00-00;NOTIFICATION;1;da1a1500-d532-4285-be94-b07a3e11a098;da1a1508-d532-4285-be94-b07a3e11a098;18;;
176871;1787508756921;1509;BatteryChange / Akku-Livestand;11;58;0,1,5,6,9,10;0F-A0-FF-FF-1B-AE-38-00-00-00-B2;NOTIFICATION;1;da1a1500-d532-4285-be94-b07a3e11a098;da1a1509-d532-4285-be94-b07a3e11a098;18;;
177081;1787508757131;150A;MotorUpdate / Motor-Livestand;10;58;0,1;13-88-FF-FF-FF-FF-FF-FF-FF-FF;NOTIFICATION;1;da1a1500-d532-4285-be94-b07a3e11a098;da1a150a-d532-4285-be94-b07a3e11a098;18;;
177291;1787508757341;150B;Motor-/Controllerblock;20;58;–;FF-FF-FF-FF-FF-FF-FF-FF-FF-FF-FF-FF-FF-FF-FF-FF-FF-FF-FF-FF;NOTIFICATION;1;da1a1500-d532-4285-be94-b07a3e11a098;da1a150b-d532-4285-be94-b07a3e11a098;18;;
177503;1787508757553;150D;Fahrstatistik Max/Ø;20;58;3;00-DA-00-95-FF-FF-FF-FF-47-18-FF-FF-FF-FF-FF-FF-FF-FF-00-00;NOTIFICATION;1;da1a1500-d532-4285-be94-b07a3e11a098;da1a150d-d532-4285-be94-b07a3e11a098;18;;
178542;1787508758592;1502;Akkuinformationen;16;59;–;47-18-FF-FF-FF-FF-47-18-FF-FF-FF-FF-FF-FF-00-00;NOTIFICATION;1;da1a1500-d532-4285-be94-b07a3e11a098;da1a1502-d532-4285-be94-b07a3e11a098;18;;
178962;1787508759012;1505;BikePerformance / Fahrleistung;18;59;0,1,2,3;08-AC-08-AC-FF-FF-00-DA-FF-FF-FF-FF-FF-00-00-00-00-00;NOTIFICATION;1;da1a1500-d532-4285-be94-b07a3e11a098;da1a1505-d532-4285-be94-b07a3e11a098;18;;
179171;1787508759221;1506;Trip / Kilometer & Betriebszähler;16;59;3,7;00-00-1C-58-00-02-36-3D-00-00-02-D5-00-00-00-00;NOTIFICATION;1;da1a1500-d532-4285-be94-b07a3e11a098;da1a1506-d532-4285-be94-b07a3e11a098;18;;
179593;1787508759643;1508;Settings / Licht & Fahrstufe;17;58;–;00-00-00-02-FF-FF-FF-FF-FF-FF-FF-00-00-00-00-00-00;NOTIFICATION;1;da1a1500-d532-4285-be94-b07a3e11a098;da1a1508-d532-4285-be94-b07a3e11a098;18;;
179791;1787508759841;1509;BatteryChange / Akku-Livestand;11;59;5,6;0F-A0-FF-FF-1B-AD-D4-00-00-00-B2;NOTIFICATION;1;da1a1500-d532-4285-be94-b07a3e11a098;da1a1509-d532-4285-be94-b07a3e11a098;18;;
180000;1787508760050;150A;MotorUpdate / Motor-Livestand;10;59;0,1;0F-A0-FF-FF-FF-FF-FF-FF-FF-FF;NOTIFICATION;1;da1a1500-d532-4285-be94-b07a3e11a098;da1a150a-d532-4285-be94-b07a3e11a098;18;;
180213;1787508760263;150B;Motor-/Controllerblock;20;59;–;FF-FF-FF-FF-FF-FF-FF-FF-FF-FF-FF-FF-FF-FF-FF-FF-FF-FF-FF-FF;NOTIFICATION;1;da1a1500-d532-4285-be94-b07a3e11a098;da1a150b-d532-4285-be94-b07a3e11a098;18;;
180423;1787508760473;150D;Fahrstatistik Max/Ø;20;59;–;00-DA-00-95-FF-FF-FF-FF-47-18-FF-FF-FF-FF-FF-FF-FF-FF-00-00;NOTIFICATION;1;da1a1500-d532-4285-be94-b07a3e11a098;da1a150d-d532-4285-be94-b07a3e11a098;18;;
181461;1787508761511;1502;Akkuinformationen;16;60;–;47-18-FF-FF-FF-FF-47-18-FF-FF-FF-FF-FF-FF-00-00;NOTIFICATION;1;da1a1500-d532-4285-be94-b07a3e11a098;da1a1502-d532-4285-be94-b07a3e11a098;18;;
181883;1787508761933;1505;BikePerformance / Fahrleistung;18;60;1,3;08-B6-08-B6-FF-FF-00-DA-FF-FF-FF-FF-FF-00-00-00-00-00;NOTIFICATION;1;da1a1500-d532-4285-be94-b07a3e11a098;da1a1505-d532-4285-be94-b07a3e11a098;18;;
182092;1787508762142;1506;Trip / Kilometer & Betriebszähler;16;60;7;00-00-1C-58-00-02-36-40-00-00-02-D5-00-00-00-00;NOTIFICATION;1;da1a1500-d532-4285-be94-b07a3e11a098;da1a1506-d532-4285-be94-b07a3e11a098;18;;
182503;1787508762553;1508;Settings / Licht & Fahrstufe;17;59;–;00-00-00-02-FF-FF-FF-FF-FF-FF-FF-00-00-00-00-00-00;NOTIFICATION;1;da1a1500-d532-4285-be94-b07a3e11a098;da1a1508-d532-4285-be94-b07a3e11a098;18;;
182711;1787508762761;1509;BatteryChange / Akku-Livestand;11;60;5,6;0F-A0-FF-FF-1B-AE-9C-00-00-00-B2;NOTIFICATION;1;da1a1500-d532-4285-be94-b07a3e11a098;da1a1509-d532-4285-be94-b07a3e11a098;18;;
182924;1787508762974;150A;MotorUpdate / Motor-Livestand;10;60;–;0F-A0-FF-FF-FF-FF-FF-FF-FF-FF;NOTIFICATION;1;da1a1500-d532-4285-be94-b07a3e11a098;da1a150a-d532-4285-be94-b07a3e11a098;18;;
183132;1787508763182;150B;Motor-/Controllerblock;20;60;–;FF-FF-FF-FF-FF-FF-FF-FF-FF-FF-FF-FF-FF-FF-FF-FF-FF-FF-FF-FF;NOTIFICATION;1;da1a1500-d532-4285-be94-b07a3e11a098;da1a150b-d532-4285-be94-b07a3e11a098;18;;
183343;1787508763393;150D;Fahrstatistik Max/Ø;20;60;–;00-DA-00-95-FF-FF-FF-FF-47-18-FF-FF-FF-FF-FF-FF-FF-FF-00-00;NOTIFICATION;1;da1a1500-d532-4285-be94-b07a3e11a098;da1a150d-d532-4285-be94-b07a3e11a098;18;;
184383;1787508764433;1502;Akkuinformationen;16;61;–;47-18-FF-FF-FF-FF-47-18-FF-FF-FF-FF-FF-FF-00-00;NOTIFICATION;1;da1a1500-d532-4285-be94-b07a3e11a098;da1a1502-d532-4285-be94-b07a3e11a098;18;;
184802;1787508764852;1505;BikePerformance / Fahrleistung;18;61;0,1,2,3;06-F4-06-F4-FF-FF-00-DA-FF-FF-FF-FF-FF-00-00-00-00-00;NOTIFICATION;1;da1a1500-d532-4285-be94-b07a3e11a098;da1a1505-d532-4285-be94-b07a3e11a098;18;;
185011;1787508765061;1506;Trip / Kilometer & Betriebszähler;16;61;7;00-00-1C-58-00-02-36-43-00-00-02-D5-00-00-00-00;NOTIFICATION;1;da1a1500-d532-4285-be94-b07a3e11a098;da1a1506-d532-4285-be94-b07a3e11a098;18;;
185421;1787508765471;1508;Settings / Licht & Fahrstufe;17;60;–;00-00-00-02-FF-FF-FF-FF-FF-FF-FF-00-00-00-00-00-00;NOTIFICATION;1;da1a1500-d532-4285-be94-b07a3e11a098;da1a1508-d532-4285-be94-b07a3e11a098;18;;
185633;1787508765683;1509;BatteryChange / Akku-Livestand;11;61;–;0F-A0-FF-FF-1B-AE-9C-00-00-00-B2;NOTIFICATION;1;da1a1500-d532-4285-be94-b07a3e11a098;da1a1509-d532-4285-be94-b07a3e11a098;18;;
185841;1787508765891;150A;MotorUpdate / Motor-Livestand;10;61;–;0F-A0-FF-FF-FF-FF-FF-FF-FF-FF;NOTIFICATION;1;da1a1500-d532-4285-be94-b07a3e11a098;da1a150a-d532-4285-be94-b07a3e11a098;18;;
186054;1787508766104;150B;Motor-/Controllerblock;20;61;–;FF-FF-FF-FF-FF-FF-FF-FF-FF-FF-FF-FF-FF-FF-FF-FF-FF-FF-FF-FF;NOTIFICATION;1;da1a1500-d532-4285-be94-b07a3e11a098;da1a150b-d532-4285-be94-b07a3e11a098;18;;
186262;1787508766312;150D;Fahrstatistik Max/Ø;20;61;–;00-DA-00-95-FF-FF-FF-FF-47-18-FF-FF-FF-FF-FF-FF-FF-FF-00-00;NOTIFICATION;1;da1a1500-d532-4285-be94-b07a3e11a098;da1a150d-d532-4285-be94-b07a3e11a098;18;;
187301;1787508767351;1502;Akkuinformationen;16;62;–;47-18-FF-FF-FF-FF-47-18-FF-FF-FF-FF-FF-FF-00-00;NOTIFICATION;1;da1a1500-d532-4285-be94-b07a3e11a098;da1a1502-d532-4285-be94-b07a3e11a098;18;;
187721;1787508767771;1505;BikePerformance / Fahrleistung;18;62;0,1,2,3;05-32-05-32-FF-FF-00-DA-FF-FF-FF-FF-FF-00-00-00-00-00;NOTIFICATION;1;da1a1500-d532-4285-be94-b07a3e11a098;da1a1505-d532-4285-be94-b07a3e11a098;18;;
187931;1787508767981;1506;Trip / Kilometer & Betriebszähler;16;62;7;00-00-1C-58-00-02-36-46-00-00-02-D5-00-00-00-00;NOTIFICATION;1;da1a1500-d532-4285-be94-b07a3e11a098;da1a1506-d532-4285-be94-b07a3e11a098;18;;
188343;1787508768393;1508;Settings / Licht & Fahrstufe;17;61;–;00-00-00-02-FF-FF-FF-FF-FF-FF-FF-00-00-00-00-00-00;NOTIFICATION;1;da1a1500-d532-4285-be94-b07a3e11a098;da1a1508-d532-4285-be94-b07a3e11a098;18;;
188552;1787508768602;1509;BatteryChange / Akku-Livestand;11;62;0,1,5,6,10;13-88-FF-FF-1B-AD-D4-00-00-00-DE;NOTIFICATION;1;da1a1500-d532-4285-be94-b07a3e11a098;da1a1509-d532-4285-be94-b07a3e11a098;18;;
188764;1787508768814;150A;MotorUpdate / Motor-Livestand;10;62;–;0F-A0-FF-FF-FF-FF-FF-FF-FF-FF;NOTIFICATION;1;da1a1500-d532-4285-be94-b07a3e11a098;da1a150a-d532-4285-be94-b07a3e11a098;18;;
188969;1787508769019;150B;Motor-/Controllerblock;20;62;–;FF-FF-FF-FF-FF-FF-FF-FF-FF-FF-FF-FF-FF-FF-FF-FF-FF-FF-FF-FF;NOTIFICATION;1;da1a1500-d532-4285-be94-b07a3e11a098;da1a150b-d532-4285-be94-b07a3e11a098;18;;
189182;1787508769232;150D;Fahrstatistik Max/Ø;20;62;–;00-DA-00-95-FF-FF-FF-FF-47-18-FF-FF-FF-FF-FF-FF-FF-FF-00-00;NOTIFICATION;1;da1a1500-d532-4285-be94-b07a3e11a098;da1a150d-d532-4285-be94-b07a3e11a098;18;;
190221;1787508770271;1502;Akkuinformationen;16;63;–;47-18-FF-FF-FF-FF-47-18-FF-FF-FF-FF-FF-FF-00-00;NOTIFICATION;1;da1a1500-d532-4285-be94-b07a3e11a098;da1a1502-d532-4285-be94-b07a3e11a098;18;;
190643;1787508770693;1505;BikePerformance / Fahrleistung;18;63;0,1,2,3;08-B6-08-B6-FF-FF-00-DA-FF-FF-FF-FF-FF-00-00-00-00-00;NOTIFICATION;1;da1a1500-d532-4285-be94-b07a3e11a098;da1a1505-d532-4285-be94-b07a3e11a098;18;;
190853;1787508770903;1506;Trip / Kilometer & Betriebszähler;16;63;7;00-00-1C-58-00-02-36-49-00-00-02-D5-00-00-00-00;NOTIFICATION;1;da1a1500-d532-4285-be94-b07a3e11a098;da1a1506-d532-4285-be94-b07a3e11a098;18;;
191262;1787508771312;1508;Settings / Licht & Fahrstufe;17;62;–;00-00-00-02-FF-FF-FF-FF-FF-FF-FF-00-00-00-00-00-00;NOTIFICATION;1;da1a1500-d532-4285-be94-b07a3e11a098;da1a1508-d532-4285-be94-b07a3e11a098;18;;
191476;1787508771526;1509;BatteryChange / Akku-Livestand;11;63;0,1,5,6,10;0F-A0-FF-FF-1B-AE-9C-00-00-00-B2;NOTIFICATION;1;da1a1500-d532-4285-be94-b07a3e11a098;da1a1509-d532-4285-be94-b07a3e11a098;18;;
191680;1787508771730;150A;MotorUpdate / Motor-Livestand;10;63;–;0F-A0-FF-FF-FF-FF-FF-FF-FF-FF;NOTIFICATION;1;da1a1500-d532-4285-be94-b07a3e11a098;da1a150a-d532-4285-be94-b07a3e11a098;18;;
191891;1787508771941;150B;Motor-/Controllerblock;20;63;–;FF-FF-FF-FF-FF-FF-FF-FF-FF-FF-FF-FF-FF-FF-FF-FF-FF-FF-FF-FF;NOTIFICATION;1;da1a1500-d532-4285-be94-b07a3e11a098;da1a150b-d532-4285-be94-b07a3e11a098;18;;
192103;1787508772153;150D;Fahrstatistik Max/Ø;20;63;3;00-DA-00-A0-FF-FF-FF-FF-47-18-FF-FF-FF-FF-FF-FF-FF-FF-00-00;NOTIFICATION;1;da1a1500-d532-4285-be94-b07a3e11a098;da1a150d-d532-4285-be94-b07a3e11a098;18;;
193142;1787508773192;1502;Akkuinformationen;16;64;–;47-18-FF-FF-FF-FF-47-18-FF-FF-FF-FF-FF-FF-00-00;NOTIFICATION;1;da1a1500-d532-4285-be94-b07a3e11a098;da1a1502-d532-4285-be94-b07a3e11a098;18;;
193563;1787508773613;1505;BikePerformance / Fahrleistung;18;64;0,1,2,3;06-F4-06-F4-FF-FF-00-DA-FF-FF-FF-FF-FF-00-00-00-00-00;NOTIFICATION;1;da1a1500-d532-4285-be94-b07a3e11a098;da1a1505-d532-4285-be94-b07a3e11a098;18;;
193771;1787508773821;1506;Trip / Kilometer & Betriebszähler;16;64;3,7;00-00-1C-59-00-02-36-4C-00-00-02-D5-00-00-00-00;NOTIFICATION;1;da1a1500-d532-4285-be94-b07a3e11a098;da1a1506-d532-4285-be94-b07a3e11a098;18;;
194182;1787508774232;1508;Settings / Licht & Fahrstufe;17;63;–;00-00-00-02-FF-FF-FF-FF-FF-FF-FF-00-00-00-00-00-00;NOTIFICATION;1;da1a1500-d532-4285-be94-b07a3e11a098;da1a1508-d532-4285-be94-b07a3e11a098;18;;
194391;1787508774441;1509;BatteryChange / Akku-Livestand;11;64;0,1,6,10;13-88-FF-FF-1B-AE-38-00-00-00-DE;NOTIFICATION;1;da1a1500-d532-4285-be94-b07a3e11a098;da1a1509-d532-4285-be94-b07a3e11a098;18;;
194602;1787508774652;150A;MotorUpdate / Motor-Livestand;10;64;0,1;13-88-FF-FF-FF-FF-FF-FF-FF-FF;NOTIFICATION;1;da1a1500-d532-4285-be94-b07a3e11a098;da1a150a-d532-4285-be94-b07a3e11a098;18;;
194812;1787508774862;150B;Motor-/Controllerblock;20;64;–;FF-FF-FF-FF-FF-FF-FF-FF-FF-FF-FF-FF-FF-FF-FF-FF-FF-FF-FF-FF;NOTIFICATION;1;da1a1500-d532-4285-be94-b07a3e11a098;da1a150b-d532-4285-be94-b07a3e11a098;18;;
195021;1787508775071;150D;Fahrstatistik Max/Ø;20;64;–;00-DA-00-A0-FF-FF-FF-FF-47-18-FF-FF-FF-FF-FF-FF-FF-FF-00-00;NOTIFICATION;1;da1a1500-d532-4285-be94-b07a3e11a098;da1a150d-d532-4285-be94-b07a3e11a098;18;;
196063;1787508776113;1502;Akkuinformationen;16;65;–;47-18-FF-FF-FF-FF-47-18-FF-FF-FF-FF-FF-FF-00-00;NOTIFICATION;1;da1a1500-d532-4285-be94-b07a3e11a098;da1a1502-d532-4285-be94-b07a3e11a098;18;;
196480;1787508776530;1505;BikePerformance / Fahrleistung;18;65;0,1,2,3,7;03-7A-03-7A-FF-FF-00-C4-FF-FF-FF-FF-FF-00-00-00-00-00;NOTIFICATION;1;da1a1500-d532-4285-be94-b07a3e11a098;da1a1505-d532-4285-be94-b07a3e11a098;18;;
196691;1787508776741;1506;Trip / Kilometer & Betriebszähler;16;65;7;00-00-1C-59-00-02-36-4E-00-00-02-D5-00-00-00-00;NOTIFICATION;1;da1a1500-d532-4285-be94-b07a3e11a098;da1a1506-d532-4285-be94-b07a3e11a098;18;;
197104;1787508777154;1508;Settings / Licht & Fahrstufe;17;64;–;00-00-00-02-FF-FF-FF-FF-FF-FF-FF-00-00-00-00-00-00;NOTIFICATION;1;da1a1500-d532-4285-be94-b07a3e11a098;da1a1508-d532-4285-be94-b07a3e11a098;18;;
197314;1787508777364;1509;BatteryChange / Akku-Livestand;11;65;0,1,5,6,10;00-00-FF-FF-1B-B0-F4-00-00-00-00;NOTIFICATION;1;da1a1500-d532-4285-be94-b07a3e11a098;da1a1509-d532-4285-be94-b07a3e11a098;18;;
197523;1787508777573;150A;MotorUpdate / Motor-Livestand;10;65;0,1;00-00-FF-FF-FF-FF-FF-FF-FF-FF;NOTIFICATION;1;da1a1500-d532-4285-be94-b07a3e11a098;da1a150a-d532-4285-be94-b07a3e11a098;18;;
197730;1787508777780;150B;Motor-/Controllerblock;20;65;–;FF-FF-FF-FF-FF-FF-FF-FF-FF-FF-FF-FF-FF-FF-FF-FF-FF-FF-FF-FF;NOTIFICATION;1;da1a1500-d532-4285-be94-b07a3e11a098;da1a150b-d532-4285-be94-b07a3e11a098;18;;
197941;1787508777991;150D;Fahrstatistik Max/Ø;20;65;–;00-DA-00-A0-FF-FF-FF-FF-47-18-FF-FF-FF-FF-FF-FF-FF-FF-00-00;NOTIFICATION;1;da1a1500-d532-4285-be94-b07a3e11a098;da1a150d-d532-4285-be94-b07a3e11a098;18;;
198983;1787508779033;1502;Akkuinformationen;16;66;–;47-18-FF-FF-FF-FF-47-18-FF-FF-FF-FF-FF-FF-00-00;NOTIFICATION;1;da1a1500-d532-4285-be94-b07a3e11a098;da1a1502-d532-4285-be94-b07a3e11a098;18;;
199401;1787508779451;1505;BikePerformance / Fahrleistung;18;66;0,1,2,3,7;01-C2-01-C2-FF-FF-00-AB-FF-FF-FF-FF-FF-00-00-00-00-00;NOTIFICATION;1;da1a1500-d532-4285-be94-b07a3e11a098;da1a1505-d532-4285-be94-b07a3e11a098;18;;
199612;1787508779662;1506;Trip / Kilometer & Betriebszähler;16;66;7;00-00-1C-59-00-02-36-51-00-00-02-D5-00-00-00-00;NOTIFICATION;1;da1a1500-d532-4285-be94-b07a3e11a098;da1a1506-d532-4285-be94-b07a3e11a098;18;;
200023;1787508780073;1508;Settings / Licht & Fahrstufe;17;65;–;00-00-00-02-FF-FF-FF-FF-FF-FF-FF-00-00-00-00-00-00;NOTIFICATION;1;da1a1500-d532-4285-be94-b07a3e11a098;da1a1508-d532-4285-be94-b07a3e11a098;18;;
200230;1787508780280;1509;BatteryChange / Akku-Livestand;11;66;0,1,6,10;03-E8-FF-FF-1B-B0-90-00-00-00-2D;NOTIFICATION;1;da1a1500-d532-4285-be94-b07a3e11a098;da1a1509-d532-4285-be94-b07a3e11a098;18;;
200442;1787508780492;150A;MotorUpdate / Motor-Livestand;10;66;0,1;07-D0-FF-FF-FF-FF-FF-FF-FF-FF;NOTIFICATION;1;da1a1500-d532-4285-be94-b07a3e11a098;da1a150a-d532-4285-be94-b07a3e11a098;18;;
200652;1787508780702;150B;Motor-/Controllerblock;20;66;–;FF-FF-FF-FF-FF-FF-FF-FF-FF-FF-FF-FF-FF-FF-FF-FF-FF-FF-FF-FF;NOTIFICATION;1;da1a1500-d532-4285-be94-b07a3e11a098;da1a150b-d532-4285-be94-b07a3e11a098;18;;
200861;1787508780911;150D;Fahrstatistik Max/Ø;20;66;–;00-DA-00-A0-FF-FF-FF-FF-47-18-FF-FF-FF-FF-FF-FF-FF-FF-00-00;NOTIFICATION;1;da1a1500-d532-4285-be94-b07a3e11a098;da1a150d-d532-4285-be94-b07a3e11a098;18;;
201902;1787508781952;1502;Akkuinformationen;16;67;–;47-18-FF-FF-FF-FF-47-18-FF-FF-FF-FF-FF-FF-00-00;NOTIFICATION;1;da1a1500-d532-4285-be94-b07a3e11a098;da1a1502-d532-4285-be94-b07a3e11a098;18;;
202323;1787508782373;1505;BikePerformance / Fahrleistung;18;67;7;01-C2-01-C2-FF-FF-00-B0-FF-FF-FF-FF-FF-00-00-00-00-00;NOTIFICATION;1;da1a1500-d532-4285-be94-b07a3e11a098;da1a1505-d532-4285-be94-b07a3e11a098;18;;
202532;1787508782582;1506;Trip / Kilometer & Betriebszähler;16;67;7;00-00-1C-59-00-02-36-54-00-00-02-D5-00-00-00-00;NOTIFICATION;1;da1a1500-d532-4285-be94-b07a3e11a098;da1a1506-d532-4285-be94-b07a3e11a098;18;;
202943;1787508782993;1508;Settings / Licht & Fahrstufe;17;66;–;00-00-00-02-FF-FF-FF-FF-FF-FF-FF-00-00-00-00-00-00;NOTIFICATION;1;da1a1500-d532-4285-be94-b07a3e11a098;da1a1508-d532-4285-be94-b07a3e11a098;18;;
203152;1787508783202;1509;BatteryChange / Akku-Livestand;11;67;10;03-E8-FF-FF-1B-B0-90-00-00-00-00;NOTIFICATION;1;da1a1500-d532-4285-be94-b07a3e11a098;da1a1509-d532-4285-be94-b07a3e11a098;18;;
203362;1787508783412;150A;MotorUpdate / Motor-Livestand;10;67;0,1;03-E8-FF-FF-FF-FF-FF-FF-FF-FF;NOTIFICATION;1;da1a1500-d532-4285-be94-b07a3e11a098;da1a150a-d532-4285-be94-b07a3e11a098;18;;
203573;1787508783623;150B;Motor-/Controllerblock;20;67;–;FF-FF-FF-FF-FF-FF-FF-FF-FF-FF-FF-FF-FF-FF-FF-FF-FF-FF-FF-FF;NOTIFICATION;1;da1a1500-d532-4285-be94-b07a3e11a098;da1a150b-d532-4285-be94-b07a3e11a098;18;;
203782;1787508783832;150D;Fahrstatistik Max/Ø;20;67;–;00-DA-00-A0-FF-FF-FF-FF-47-18-FF-FF-FF-FF-FF-FF-FF-FF-00-00;NOTIFICATION;1;da1a1500-d532-4285-be94-b07a3e11a098;da1a150d-d532-4285-be94-b07a3e11a098;18;;
204822;1787508784872;1502;Akkuinformationen;16;68;–;47-18-FF-FF-FF-FF-47-18-FF-FF-FF-FF-FF-FF-00-00;NOTIFICATION;1;da1a1500-d532-4285-be94-b07a3e11a098;da1a1502-d532-4285-be94-b07a3e11a098;18;;
205242;1787508785292;1505;BikePerformance / Fahrleistung;18;68;7;01-C2-01-C2-FF-FF-00-A5-FF-FF-FF-FF-FF-00-00-00-00-00;NOTIFICATION;1;da1a1500-d532-4285-be94-b07a3e11a098;da1a1505-d532-4285-be94-b07a3e11a098;18;;
205452;1787508785502;1506;Trip / Kilometer & Betriebszähler;16;68;7;00-00-1C-59-00-02-36-57-00-00-02-D5-00-00-00-00;NOTIFICATION;1;da1a1500-d532-4285-be94-b07a3e11a098;da1a1506-d532-4285-be94-b07a3e11a098;18;;
205862;1787508785912;1508;Settings / Licht & Fahrstufe;17;67;–;00-00-00-02-FF-FF-FF-FF-FF-FF-FF-00-00-00-00-00-00;NOTIFICATION;1;da1a1500-d532-4285-be94-b07a3e11a098;da1a1508-d532-4285-be94-b07a3e11a098;18;;
206071;1787508786121;1509;BatteryChange / Akku-Livestand;11;68;6,10;03-E8-FF-FF-1B-B0-F4-00-00-00-2D;NOTIFICATION;1;da1a1500-d532-4285-be94-b07a3e11a098;da1a1509-d532-4285-be94-b07a3e11a098;18;;
206282;1787508786332;150A;MotorUpdate / Motor-Livestand;10;68;0,1;0F-A0-FF-FF-FF-FF-FF-FF-FF-FF;NOTIFICATION;1;da1a1500-d532-4285-be94-b07a3e11a098;da1a150a-d532-4285-be94-b07a3e11a098;18;;
206492;1787508786542;150B;Motor-/Controllerblock;20;68;–;FF-FF-FF-FF-FF-FF-FF-FF-FF-FF-FF-FF-FF-FF-FF-FF-FF-FF-FF-FF;NOTIFICATION;1;da1a1500-d532-4285-be94-b07a3e11a098;da1a150b-d532-4285-be94-b07a3e11a098;18;;
206704;1787508786754;150D;Fahrstatistik Max/Ø;20;68;–;00-DA-00-A0-FF-FF-FF-FF-47-18-FF-FF-FF-FF-FF-FF-FF-FF-00-00;NOTIFICATION;1;da1a1500-d532-4285-be94-b07a3e11a098;da1a150d-d532-4285-be94-b07a3e11a098;18;;
207741;1787508787791;1502;Akkuinformationen;16;69;–;47-18-FF-FF-FF-FF-47-18-FF-FF-FF-FF-FF-FF-00-00;NOTIFICATION;1;da1a1500-d532-4285-be94-b07a3e11a098;da1a1502-d532-4285-be94-b07a3e11a098;18;;
208163;1787508788213;1505;BikePerformance / Fahrleistung;18;69;0,1,2,3,7;12-CA-12-CA-FF-FF-00-B8-FF-FF-FF-FF-FF-00-00-00-00-00;NOTIFICATION;1;da1a1500-d532-4285-be94-b07a3e11a098;da1a1505-d532-4285-be94-b07a3e11a098;18;;
208362;1787508788412;1506;Trip / Kilometer & Betriebszähler;16;69;7;00-00-1C-59-00-02-36-5A-00-00-02-D5-00-00-00-00;NOTIFICATION;1;da1a1500-d532-4285-be94-b07a3e11a098;da1a1506-d532-4285-be94-b07a3e11a098;18;;
208781;1787508788831;1508;Settings / Licht & Fahrstufe;17;68;–;00-00-00-02-FF-FF-FF-FF-FF-FF-FF-00-00-00-00-00-00;NOTIFICATION;1;da1a1500-d532-4285-be94-b07a3e11a098;da1a1508-d532-4285-be94-b07a3e11a098;18;;
208993;1787508789043;1509;BatteryChange / Akku-Livestand;11;69;0,1,5,6,9,10;1B-58-FF-FF-1B-AD-0C-00-00-01-36;NOTIFICATION;1;da1a1500-d532-4285-be94-b07a3e11a098;da1a1509-d532-4285-be94-b07a3e11a098;18;;
209202;1787508789252;150A;MotorUpdate / Motor-Livestand;10;69;0,1;1B-58-FF-FF-FF-FF-FF-FF-FF-FF;NOTIFICATION;1;da1a1500-d532-4285-be94-b07a3e11a098;da1a150a-d532-4285-be94-b07a3e11a098;18;;
209413;1787508789463;150B;Motor-/Controllerblock;20;69;–;FF-FF-FF-FF-FF-FF-FF-FF-FF-FF-FF-FF-FF-FF-FF-FF-FF-FF-FF-FF;NOTIFICATION;1;da1a1500-d532-4285-be94-b07a3e11a098;da1a150b-d532-4285-be94-b07a3e11a098;18;;
209622;1787508789672;150D;Fahrstatistik Max/Ø;20;69;–;00-DA-00-A0-FF-FF-FF-FF-47-18-FF-FF-FF-FF-FF-FF-FF-FF-00-00;NOTIFICATION;1;da1a1500-d532-4285-be94-b07a3e11a098;da1a150d-d532-4285-be94-b07a3e11a098;18;;
210662;1787508790712;1502;Akkuinformationen;16;70;–;47-18-FF-FF-FF-FF-47-18-FF-FF-FF-FF-FF-FF-00-00;NOTIFICATION;1;da1a1500-d532-4285-be94-b07a3e11a098;da1a1502-d532-4285-be94-b07a3e11a098;18;;
211081;1787508791131;1505;BikePerformance / Fahrleistung;18;70;0,1,2,3,7;08-AC-08-AC-FF-FF-00-DA-FF-FF-FF-FF-FF-00-00-00-00-00;NOTIFICATION;1;da1a1500-d532-4285-be94-b07a3e11a098;da1a1505-d532-4285-be94-b07a3e11a098;18;;
211281;1787508791331;1506;Trip / Kilometer & Betriebszähler;16;70;7;00-00-1C-59-00-02-36-5D-00-00-02-D5-00-00-00-00;NOTIFICATION;1;da1a1500-d532-4285-be94-b07a3e11a098;da1a1506-d532-4285-be94-b07a3e11a098;18;;
211704;1787508791754;1508;Settings / Licht & Fahrstufe;17;69;–;00-00-00-02-FF-FF-FF-FF-FF-FF-FF-00-00-00-00-00-00;NOTIFICATION;1;da1a1500-d532-4285-be94-b07a3e11a098;da1a1508-d532-4285-be94-b07a3e11a098;18;;
211912;1787508791962;1509;BatteryChange / Akku-Livestand;11;70;0,1,5,6,9,10;0F-A0-FF-FF-1B-AF-00-00-00-00-B2;NOTIFICATION;1;da1a1500-d532-4285-be94-b07a3e11a098;da1a1509-d532-4285-be94-b07a3e11a098;18;;
212122;1787508792172;150A;MotorUpdate / Motor-Livestand;10;70;0,1;0F-A0-FF-FF-FF-FF-FF-FF-FF-FF;NOTIFICATION;1;da1a1500-d532-4285-be94-b07a3e11a098;da1a150a-d532-4285-be94-b07a3e11a098;18;;
212330;1787508792380;150B;Motor-/Controllerblock;20;70;–;FF-FF-FF-FF-FF-FF-FF-FF-FF-FF-FF-FF-FF-FF-FF-FF-FF-FF-FF-FF;NOTIFICATION;1;da1a1500-d532-4285-be94-b07a3e11a098;da1a150b-d532-4285-be94-b07a3e11a098;18;;
212542;1787508792592;150D;Fahrstatistik Max/Ø;20;70;–;00-DA-00-A0-FF-FF-FF-FF-47-18-FF-FF-FF-FF-FF-FF-FF-FF-00-00;NOTIFICATION;1;da1a1500-d532-4285-be94-b07a3e11a098;da1a150d-d532-4285-be94-b07a3e11a098;18;;
213582;1787508793632;1502;Akkuinformationen;16;71;–;47-18-FF-FF-FF-FF-47-18-FF-FF-FF-FF-FF-FF-00-00;NOTIFICATION;1;da1a1500-d532-4285-be94-b07a3e11a098;da1a1502-d532-4285-be94-b07a3e11a098;18;;
214004;1787508794054;1505;BikePerformance / Fahrleistung;18;71;0,1,2,3,7;00-00-00-00-FF-FF-00-C7-FF-FF-FF-FF-FF-00-00-00-00-00;NOTIFICATION;1;da1a1500-d532-4285-be94-b07a3e11a098;da1a1505-d532-4285-be94-b07a3e11a098;18;;
214201;1787508794251;1506;Trip / Kilometer & Betriebszähler;16;71;3,7;00-00-1C-5A-00-02-36-60-00-00-02-D5-00-00-00-00;NOTIFICATION;1;da1a1500-d532-4285-be94-b07a3e11a098;da1a1506-d532-4285-be94-b07a3e11a098;18;;
214622;1787508794672;1508;Settings / Licht & Fahrstufe;17;70;–;00-00-00-02-FF-FF-FF-FF-FF-FF-FF-00-00-00-00-00-00;NOTIFICATION;1;da1a1500-d532-4285-be94-b07a3e11a098;da1a1508-d532-4285-be94-b07a3e11a098;18;;
214832;1787508794882;1509;BatteryChange / Akku-Livestand;11;71;0,1,5,6,10;00-00-FF-FF-1B-B0-F4-00-00-00-00;NOTIFICATION;1;da1a1500-d532-4285-be94-b07a3e11a098;da1a1509-d532-4285-be94-b07a3e11a098;18;;
215041;1787508795091;150A;MotorUpdate / Motor-Livestand;10;71;0,1;00-00-FF-FF-FF-FF-FF-FF-FF-FF;NOTIFICATION;1;da1a1500-d532-4285-be94-b07a3e11a098;da1a150a-d532-4285-be94-b07a3e11a098;18;;
215252;1787508795302;150B;Motor-/Controllerblock;20;71;–;FF-FF-FF-FF-FF-FF-FF-FF-FF-FF-FF-FF-FF-FF-FF-FF-FF-FF-FF-FF;NOTIFICATION;1;da1a1500-d532-4285-be94-b07a3e11a098;da1a150b-d532-4285-be94-b07a3e11a098;18;;
215463;1787508795513;150D;Fahrstatistik Max/Ø;20;71;3;00-DA-00-A1-FF-FF-FF-FF-47-18-FF-FF-FF-FF-FF-FF-FF-FF-00-00;NOTIFICATION;1;da1a1500-d532-4285-be94-b07a3e11a098;da1a150d-d532-4285-be94-b07a3e11a098;18;;
216503;1787508796553;1502;Akkuinformationen;16;72;–;47-18-FF-FF-FF-FF-47-18-FF-FF-FF-FF-FF-FF-00-00;NOTIFICATION;1;da1a1500-d532-4285-be94-b07a3e11a098;da1a1502-d532-4285-be94-b07a3e11a098;18;;
216923;1787508796973;1505;BikePerformance / Fahrleistung;18;72;0,1,2,3,7;03-84-03-84-FF-FF-00-B9-FF-FF-FF-FF-FF-00-00-00-00-00;NOTIFICATION;1;da1a1500-d532-4285-be94-b07a3e11a098;da1a1505-d532-4285-be94-b07a3e11a098;18;;
217122;1787508797172;1506;Trip / Kilometer & Betriebszähler;16;72;7;00-00-1C-5A-00-02-36-63-00-00-02-D5-00-00-00-00;NOTIFICATION;1;da1a1500-d532-4285-be94-b07a3e11a098;da1a1506-d532-4285-be94-b07a3e11a098;18;;
217541;1787508797591;1508;Settings / Licht & Fahrstufe;17;71;–;00-00-00-02-FF-FF-FF-FF-FF-FF-FF-00-00-00-00-00-00;NOTIFICATION;1;da1a1500-d532-4285-be94-b07a3e11a098;da1a1508-d532-4285-be94-b07a3e11a098;18;;
217751;1787508797801;1509;BatteryChange / Akku-Livestand;11;72;0,1,5,6,10;0F-A0-FF-FF-1B-AE-38-00-00-00-B2;NOTIFICATION;1;da1a1500-d532-4285-be94-b07a3e11a098;da1a1509-d532-4285-be94-b07a3e11a098;18;;
217962;1787508798012;150A;MotorUpdate / Motor-Livestand;10;72;0,1;0F-A0-FF-FF-FF-FF-FF-FF-FF-FF;NOTIFICATION;1;da1a1500-d532-4285-be94-b07a3e11a098;da1a150a-d532-4285-be94-b07a3e11a098;18;;
218174;1787508798224;150B;Motor-/Controllerblock;20;72;–;FF-FF-FF-FF-FF-FF-FF-FF-FF-FF-FF-FF-FF-FF-FF-FF-FF-FF-FF-FF;NOTIFICATION;1;da1a1500-d532-4285-be94-b07a3e11a098;da1a150b-d532-4285-be94-b07a3e11a098;18;;
218384;1787508798434;150D;Fahrstatistik Max/Ø;20;72;–;00-DA-00-A1-FF-FF-FF-FF-47-18-FF-FF-FF-FF-FF-FF-FF-FF-00-00;NOTIFICATION;1;da1a1500-d532-4285-be94-b07a3e11a098;da1a150d-d532-4285-be94-b07a3e11a098;18;;
219423;1787508799473;1502;Akkuinformationen;16;73;–;47-18-FF-FF-FF-FF-47-18-FF-FF-FF-FF-FF-FF-00-00;NOTIFICATION;1;da1a1500-d532-4285-be94-b07a3e11a098;da1a1502-d532-4285-be94-b07a3e11a098;18;;
219842;1787508799892;1505;BikePerformance / Fahrleistung;18;73;0,1,2,3,7;19-3C-19-3C-FF-FF-00-A2-FF-FF-FF-FF-FF-00-00-00-00-00;NOTIFICATION;1;da1a1500-d532-4285-be94-b07a3e11a098;da1a1505-d532-4285-be94-b07a3e11a098;18;;
220043;1787508800093;1506;Trip / Kilometer & Betriebszähler;16;73;7;00-00-1C-5A-00-02-36-66-00-00-02-D5-00-00-00-00;NOTIFICATION;1;da1a1500-d532-4285-be94-b07a3e11a098;da1a1506-d532-4285-be94-b07a3e11a098;18;;
220460;1787508800510;1508;Settings / Licht & Fahrstufe;17;72;–;00-00-00-02-FF-FF-FF-FF-FF-FF-FF-00-00-00-00-00-00;NOTIFICATION;1;da1a1500-d532-4285-be94-b07a3e11a098;da1a1508-d532-4285-be94-b07a3e11a098;18;;
220672;1787508800722;1509;BatteryChange / Akku-Livestand;11;73;0,1,5,6,9,10;4A-38-FF-FF-1B-A7-30-00-00-03-2D;NOTIFICATION;1;da1a1500-d532-4285-be94-b07a3e11a098;da1a1509-d532-4285-be94-b07a3e11a098;18;;
220883;1787508800933;150A;MotorUpdate / Motor-Livestand;10;73;0,1;4E-20-FF-FF-FF-FF-FF-FF-FF-FF;NOTIFICATION;1;da1a1500-d532-4285-be94-b07a3e11a098;da1a150a-d532-4285-be94-b07a3e11a098;18;;
221095;1787508801145;150B;Motor-/Controllerblock;20;73;–;FF-FF-FF-FF-FF-FF-FF-FF-FF-FF-FF-FF-FF-FF-FF-FF-FF-FF-FF-FF;NOTIFICATION;1;da1a1500-d532-4285-be94-b07a3e11a098;da1a150b-d532-4285-be94-b07a3e11a098;18;;
221302;1787508801352;150D;Fahrstatistik Max/Ø;20;73;–;00-DA-00-A1-FF-FF-FF-FF-47-18-FF-FF-FF-FF-FF-FF-FF-FF-00-00;NOTIFICATION;1;da1a1500-d532-4285-be94-b07a3e11a098;da1a150d-d532-4285-be94-b07a3e11a098;18;;
222343;1787508802393;1502;Akkuinformationen;16;74;–;47-18-FF-FF-FF-FF-47-18-FF-FF-FF-FF-FF-FF-00-00;NOTIFICATION;1;da1a1500-d532-4285-be94-b07a3e11a098;da1a1502-d532-4285-be94-b07a3e11a098;18;;
222753;1787508802803;1505;BikePerformance / Fahrleistung;18;74;0,1,2,3,7;16-08-16-08-FF-FF-00-B8-FF-FF-FF-FF-FF-00-00-00-00-00;NOTIFICATION;1;da1a1500-d532-4285-be94-b07a3e11a098;da1a1505-d532-4285-be94-b07a3e11a098;18;;
222964;1787508803014;1506;Trip / Kilometer & Betriebszähler;16;74;7;00-00-1C-5A-00-02-36-69-00-00-02-D5-00-00-00-00;NOTIFICATION;1;da1a1500-d532-4285-be94-b07a3e11a098;da1a1506-d532-4285-be94-b07a3e11a098;18;;
223383;1787508803433;1508;Settings / Licht & Fahrstufe;17;73;–;00-00-00-02-FF-FF-FF-FF-FF-FF-FF-00-00-00-00-00-00;NOTIFICATION;1;da1a1500-d532-4285-be94-b07a3e11a098;da1a1508-d532-4285-be94-b07a3e11a098;18;;
223592;1787508803642;1509;BatteryChange / Akku-Livestand;11;74;0,1,5,6,9,10;17-70-FF-FF-1B-B0-2C-00-00-01-DE;NOTIFICATION;1;da1a1500-d532-4285-be94-b07a3e11a098;da1a1509-d532-4285-be94-b07a3e11a098;18;;
223803;1787508803853;150A;MotorUpdate / Motor-Livestand;10;74;0,1;0B-B8-FF-FF-FF-FF-FF-FF-FF-FF;NOTIFICATION;1;da1a1500-d532-4285-be94-b07a3e11a098;da1a150a-d532-4285-be94-b07a3e11a098;18;;
224015;1787508804065;150B;Motor-/Controllerblock;20;74;–;FF-FF-FF-FF-FF-FF-FF-FF-FF-FF-FF-FF-FF-FF-FF-FF-FF-FF-FF-FF;NOTIFICATION;1;da1a1500-d532-4285-be94-b07a3e11a098;da1a150b-d532-4285-be94-b07a3e11a098;18;;
224222;1787508804272;150D;Fahrstatistik Max/Ø;20;74;–;00-DA-00-A1-FF-FF-FF-FF-47-18-FF-FF-FF-FF-FF-FF-FF-FF-00-00;NOTIFICATION;1;da1a1500-d532-4285-be94-b07a3e11a098;da1a150d-d532-4285-be94-b07a3e11a098;18;;
225263;1787508805313;1502;Akkuinformationen;16;75;–;47-18-FF-FF-FF-FF-47-18-FF-FF-FF-FF-FF-FF-00-00;NOTIFICATION;1;da1a1500-d532-4285-be94-b07a3e11a098;da1a1502-d532-4285-be94-b07a3e11a098;18;;
225675;1787508805725;1505;BikePerformance / Fahrleistung;18;75;0,1,2,3,7;0F-78-0F-78-FF-FF-00-CA-FF-FF-FF-FF-FF-00-00-00-00-00;NOTIFICATION;1;da1a1500-d532-4285-be94-b07a3e11a098;da1a1505-d532-4285-be94-b07a3e11a098;18;;
225882;1787508805932;1506;Trip / Kilometer & Betriebszähler;16;75;7;00-00-1C-5A-00-02-36-6C-00-00-02-D5-00-00-00-00;NOTIFICATION;1;da1a1500-d532-4285-be94-b07a3e11a098;da1a1506-d532-4285-be94-b07a3e11a098;18;;
226303;1787508806353;1508;Settings / Licht & Fahrstufe;17;74;–;00-00-00-02-FF-FF-FF-FF-FF-FF-FF-00-00-00-00-00-00;NOTIFICATION;1;da1a1500-d532-4285-be94-b07a3e11a098;da1a1508-d532-4285-be94-b07a3e11a098;18;;
226511;1787508806561;1509;BatteryChange / Akku-Livestand;11;75;0,1,5,6,10;1B-58-FF-FF-1B-AC-44-00-00-01-34;NOTIFICATION;1;da1a1500-d532-4285-be94-b07a3e11a098;da1a1509-d532-4285-be94-b07a3e11a098;18;;
226721;1787508806771;150A;MotorUpdate / Motor-Livestand;10;75;0,1;0F-A0-FF-FF-FF-FF-FF-FF-FF-FF;NOTIFICATION;1;da1a1500-d532-4285-be94-b07a3e11a098;da1a150a-d532-4285-be94-b07a3e11a098;18;;
226932;1787508806982;150B;Motor-/Controllerblock;20;75;–;FF-FF-FF-FF-FF-FF-FF-FF-FF-FF-FF-FF-FF-FF-FF-FF-FF-FF-FF-FF;NOTIFICATION;1;da1a1500-d532-4285-be94-b07a3e11a098;da1a150b-d532-4285-be94-b07a3e11a098;18;;
227131;1787508807181;150D;Fahrstatistik Max/Ø;20;75;–;00-DA-00-A1-FF-FF-FF-FF-47-18-FF-FF-FF-FF-FF-FF-FF-FF-00-00;NOTIFICATION;1;da1a1500-d532-4285-be94-b07a3e11a098;da1a150d-d532-4285-be94-b07a3e11a098;18;;
228181;1787508808231;1502;Akkuinformationen;16;76;–;47-18-FF-FF-FF-FF-47-18-FF-FF-FF-FF-FF-FF-00-00;NOTIFICATION;1;da1a1500-d532-4285-be94-b07a3e11a098;da1a1502-d532-4285-be94-b07a3e11a098;18;;
228592;1787508808642;1505;BikePerformance / Fahrleistung;18;76;0,1,2,3,7;00-00-00-00-FF-FF-00-BA-FF-FF-FF-FF-FF-00-00-00-00-00;NOTIFICATION;1;da1a1500-d532-4285-be94-b07a3e11a098;da1a1505-d532-4285-be94-b07a3e11a098;18;;
228802;1787508808852;1506;Trip / Kilometer & Betriebszähler;16;76;7;00-00-1C-5A-00-02-36-6F-00-00-02-D5-00-00-00-00;NOTIFICATION;1;da1a1500-d532-4285-be94-b07a3e11a098;da1a1506-d532-4285-be94-b07a3e11a098;18;;
229224;1787508809274;1508;Settings / Licht & Fahrstufe;17;75;–;00-00-00-02-FF-FF-FF-FF-FF-FF-FF-00-00-00-00-00-00;NOTIFICATION;1;da1a1500-d532-4285-be94-b07a3e11a098;da1a1508-d532-4285-be94-b07a3e11a098;18;;
229432;1787508809482;1509;BatteryChange / Akku-Livestand;11;76;0,1,5,6,9,10;00-00-FF-FF-1B-B0-F4-00-00-00-00;NOTIFICATION;1;da1a1500-d532-4285-be94-b07a3e11a098;da1a1509-d532-4285-be94-b07a3e11a098;18;;
229645;1787508809695;150A;MotorUpdate / Motor-Livestand;10;76;0,1;00-00-FF-FF-FF-FF-FF-FF-FF-FF;NOTIFICATION;1;da1a1500-d532-4285-be94-b07a3e11a098;da1a150a-d532-4285-be94-b07a3e11a098;18;;
229854;1787508809904;150B;Motor-/Controllerblock;20;76;–;FF-FF-FF-FF-FF-FF-FF-FF-FF-FF-FF-FF-FF-FF-FF-FF-FF-FF-FF-FF;NOTIFICATION;1;da1a1500-d532-4285-be94-b07a3e11a098;da1a150b-d532-4285-be94-b07a3e11a098;18;;
230054;1787508810104;150D;Fahrstatistik Max/Ø;20;76;–;00-DA-00-A1-FF-FF-FF-FF-47-18-FF-FF-FF-FF-FF-FF-FF-FF-00-00;NOTIFICATION;1;da1a1500-d532-4285-be94-b07a3e11a098;da1a150d-d532-4285-be94-b07a3e11a098;18;;
231101;1787508811151;1502;Akkuinformationen;16;77;–;47-18-FF-FF-FF-FF-47-18-FF-FF-FF-FF-FF-FF-00-00;NOTIFICATION;1;da1a1500-d532-4285-be94-b07a3e11a098;da1a1502-d532-4285-be94-b07a3e11a098;18;;
231512;1787508811562;1505;BikePerformance / Fahrleistung;18;77;7;00-00-00-00-FF-FF-00-86-FF-FF-FF-FF-FF-00-00-00-00-00;NOTIFICATION;1;da1a1500-d532-4285-be94-b07a3e11a098;da1a1505-d532-4285-be94-b07a3e11a098;18;;
231721;1787508811771;1506;Trip / Kilometer & Betriebszähler;16;77;3,7;00-00-1C-5B-00-02-36-72-00-00-02-D5-00-00-00-00;NOTIFICATION;1;da1a1500-d532-4285-be94-b07a3e11a098;da1a1506-d532-4285-be94-b07a3e11a098;18;;
232142;1787508812192;1508;Settings / Licht & Fahrstufe;17;76;–;00-00-00-02-FF-FF-FF-FF-FF-FF-FF-00-00-00-00-00-00;NOTIFICATION;1;da1a1500-d532-4285-be94-b07a3e11a098;da1a1508-d532-4285-be94-b07a3e11a098;18;;
232365;1787508812415;1509;BatteryChange / Akku-Livestand;11;77;5,6;00-00-FF-FF-1B-B3-4C-00-00-00-00;NOTIFICATION;1;da1a1500-d532-4285-be94-b07a3e11a098;da1a1509-d532-4285-be94-b07a3e11a098;18;;
232564;1787508812614;150A;MotorUpdate / Motor-Livestand;10;77;–;00-00-FF-FF-FF-FF-FF-FF-FF-FF;NOTIFICATION;1;da1a1500-d532-4285-be94-b07a3e11a098;da1a150a-d532-4285-be94-b07a3e11a098;18;;
232773;1787508812823;150B;Motor-/Controllerblock;20;77;–;FF-FF-FF-FF-FF-FF-FF-FF-FF-FF-FF-FF-FF-FF-FF-FF-FF-FF-FF-FF;NOTIFICATION;1;da1a1500-d532-4285-be94-b07a3e11a098;da1a150b-d532-4285-be94-b07a3e11a098;18;;
232971;1787508813021;150D;Fahrstatistik Max/Ø;20;77;3;00-DA-00-A5-FF-FF-FF-FF-47-18-FF-FF-FF-FF-FF-FF-FF-FF-00-00;NOTIFICATION;1;da1a1500-d532-4285-be94-b07a3e11a098;da1a150d-d532-4285-be94-b07a3e11a098;18;;
234023;1787508814073;1502;Akkuinformationen;16;78;–;47-18-FF-FF-FF-FF-47-18-FF-FF-FF-FF-FF-FF-00-00;NOTIFICATION;1;da1a1500-d532-4285-be94-b07a3e11a098;da1a1502-d532-4285-be94-b07a3e11a098;18;;
234432;1787508814482;1505;BikePerformance / Fahrleistung;18;78;7;00-00-00-00-FF-FF-00-20-FF-FF-FF-FF-FF-00-00-00-00-00;NOTIFICATION;1;da1a1500-d532-4285-be94-b07a3e11a098;da1a1505-d532-4285-be94-b07a3e11a098;18;;
234642;1787508814692;1506;Trip / Kilometer & Betriebszähler;16;78;7;00-00-1C-5B-00-02-36-75-00-00-02-D5-00-00-00-00;NOTIFICATION;1;da1a1500-d532-4285-be94-b07a3e11a098;da1a1506-d532-4285-be94-b07a3e11a098;18;;
235061;1787508815111;1508;Settings / Licht & Fahrstufe;17;77;–;00-00-00-02-FF-FF-FF-FF-FF-FF-FF-00-00-00-00-00-00;NOTIFICATION;1;da1a1500-d532-4285-be94-b07a3e11a098;da1a1508-d532-4285-be94-b07a3e11a098;18;;
235273;1787508815323;1509;BatteryChange / Akku-Livestand;11;78;5,6;00-00-FF-FF-1B-B2-20-00-00-00-00;NOTIFICATION;1;da1a1500-d532-4285-be94-b07a3e11a098;da1a1509-d532-4285-be94-b07a3e11a098;18;;
235483;1787508815533;150A;MotorUpdate / Motor-Livestand;10;78;–;00-00-FF-FF-FF-FF-FF-FF-FF-FF;NOTIFICATION;1;da1a1500-d532-4285-be94-b07a3e11a098;da1a150a-d532-4285-be94-b07a3e11a098;18;;
235692;1787508815742;150B;Motor-/Controllerblock;20;78;–;FF-FF-FF-FF-FF-FF-FF-FF-FF-FF-FF-FF-FF-FF-FF-FF-FF-FF-FF-FF;NOTIFICATION;1;da1a1500-d532-4285-be94-b07a3e11a098;da1a150b-d532-4285-be94-b07a3e11a098;18;;
235893;1787508815943;150D;Fahrstatistik Max/Ø;20;78;–;00-DA-00-A5-FF-FF-FF-FF-47-18-FF-FF-FF-FF-FF-FF-FF-FF-00-00;NOTIFICATION;1;da1a1500-d532-4285-be94-b07a3e11a098;da1a150d-d532-4285-be94-b07a3e11a098;18;;
236946;1787508816996;1502;Akkuinformationen;16;79;–;47-18-FF-FF-FF-FF-47-18-FF-FF-FF-FF-FF-FF-00-00;NOTIFICATION;1;da1a1500-d532-4285-be94-b07a3e11a098;da1a1502-d532-4285-be94-b07a3e11a098;18;;
237349;1787508817399;1505;BikePerformance / Fahrleistung;18;79;7;00-00-00-00-FF-FF-00-12-FF-FF-FF-FF-FF-00-00-00-00-00;NOTIFICATION;1;da1a1500-d532-4285-be94-b07a3e11a098;da1a1505-d532-4285-be94-b07a3e11a098;18;;
237561;1787508817611;1506;Trip / Kilometer & Betriebszähler;16;79;7;00-00-1C-5B-00-02-36-77-00-00-02-D5-00-00-00-00;NOTIFICATION;1;da1a1500-d532-4285-be94-b07a3e11a098;da1a1506-d532-4285-be94-b07a3e11a098;18;;
237983;1787508818033;1508;Settings / Licht & Fahrstufe;17;78;–;00-00-00-02-FF-FF-FF-FF-FF-FF-FF-00-00-00-00-00-00;NOTIFICATION;1;da1a1500-d532-4285-be94-b07a3e11a098;da1a1508-d532-4285-be94-b07a3e11a098;18;;
238193;1787508818243;1509;BatteryChange / Akku-Livestand;11;79;0,1,5,6,9,10;27-10-FF-FF-1B-AC-44-00-00-01-B9;NOTIFICATION;1;da1a1500-d532-4285-be94-b07a3e11a098;da1a1509-d532-4285-be94-b07a3e11a098;18;;
238402;1787508818452;150A;MotorUpdate / Motor-Livestand;10;79;0,1;27-10-FF-FF-FF-FF-FF-FF-FF-FF;NOTIFICATION;1;da1a1500-d532-4285-be94-b07a3e11a098;da1a150a-d532-4285-be94-b07a3e11a098;18;;
238612;1787508818662;150B;Motor-/Controllerblock;20;79;–;FF-FF-FF-FF-FF-FF-FF-FF-FF-FF-FF-FF-FF-FF-FF-FF-FF-FF-FF-FF;NOTIFICATION;1;da1a1500-d532-4285-be94-b07a3e11a098;da1a150b-d532-4285-be94-b07a3e11a098;18;;
238813;1787508818863;150D;Fahrstatistik Max/Ø;20;79;–;00-DA-00-A5-FF-FF-FF-FF-47-18-FF-FF-FF-FF-FF-FF-FF-FF-00-00;NOTIFICATION;1;da1a1500-d532-4285-be94-b07a3e11a098;da1a150d-d532-4285-be94-b07a3e11a098;18;;
239863;1787508819913;1502;Akkuinformationen;16;80;–;47-18-FF-FF-FF-FF-47-18-FF-FF-FF-FF-FF-FF-00-00;NOTIFICATION;1;da1a1500-d532-4285-be94-b07a3e11a098;da1a1502-d532-4285-be94-b07a3e11a098;18;;
240272;1787508820322;1505;BikePerformance / Fahrleistung;18;80;0,1,2,3,7;0A-8C-0A-8C-FF-FF-00-A8-FF-FF-FF-FF-FF-00-00-00-00-00;NOTIFICATION;1;da1a1500-d532-4285-be94-b07a3e11a098;da1a1505-d532-4285-be94-b07a3e11a098;18;;
240482;1787508820532;1506;Trip / Kilometer & Betriebszähler;16;80;7;00-00-1C-5B-00-02-36-7A-00-00-02-D5-00-00-00-00;NOTIFICATION;1;da1a1500-d532-4285-be94-b07a3e11a098;da1a1506-d532-4285-be94-b07a3e11a098;18;;
240903;1787508820953;1508;Settings / Licht & Fahrstufe;17;79;–;00-00-00-02-FF-FF-FF-FF-FF-FF-FF-00-00-00-00-00-00;NOTIFICATION;1;da1a1500-d532-4285-be94-b07a3e11a098;da1a1508-d532-4285-be94-b07a3e11a098;18;;
241110;1787508821160;1509;BatteryChange / Akku-Livestand;11;80;0,1,5,6,9,10;00-00-FF-FF-1B-B0-F4-00-00-00-00;NOTIFICATION;1;da1a1500-d532-4285-be94-b07a3e11a098;da1a1509-d532-4285-be94-b07a3e11a098;18;;
241322;1787508821372;150A;MotorUpdate / Motor-Livestand;10;80;0,1;00-00-FF-FF-FF-FF-FF-FF-FF-FF;NOTIFICATION;1;da1a1500-d532-4285-be94-b07a3e11a098;da1a150a-d532-4285-be94-b07a3e11a098;18;;
241524;1787508821574;150B;Motor-/Controllerblock;20;80;–;FF-FF-FF-FF-FF-FF-FF-FF-FF-FF-FF-FF-FF-FF-FF-FF-FF-FF-FF-FF;NOTIFICATION;1;da1a1500-d532-4285-be94-b07a3e11a098;da1a150b-d532-4285-be94-b07a3e11a098;18;;
241733;1787508821783;150D;Fahrstatistik Max/Ø;20;80;–;00-DA-00-A5-FF-FF-FF-FF-47-18-FF-FF-FF-FF-FF-FF-FF-FF-00-00;NOTIFICATION;1;da1a1500-d532-4285-be94-b07a3e11a098;da1a150d-d532-4285-be94-b07a3e11a098;18;;
242781;1787508822831;1502;Akkuinformationen;16;81;–;47-18-FF-FF-FF-FF-47-18-FF-FF-FF-FF-FF-FF-00-00;NOTIFICATION;1;da1a1500-d532-4285-be94-b07a3e11a098;da1a1502-d532-4285-be94-b07a3e11a098;18;;
243194;1787508823244;1505;BikePerformance / Fahrleistung;18;81;0,1,2,3,7;06-F4-06-F4-FF-FF-00-8B-FF-FF-FF-FF-FF-00-00-00-00-00;NOTIFICATION;1;da1a1500-d532-4285-be94-b07a3e11a098;da1a1505-d532-4285-be94-b07a3e11a098;18;;
243401;1787508823451;1506;Trip / Kilometer & Betriebszähler;16;81;7;00-00-1C-5B-00-02-36-7D-00-00-02-D5-00-00-00-00;NOTIFICATION;1;da1a1500-d532-4285-be94-b07a3e11a098;da1a1506-d532-4285-be94-b07a3e11a098;18;;
243822;1787508823872;1508;Settings / Licht & Fahrstufe;17;80;–;00-00-00-02-FF-FF-FF-FF-FF-FF-FF-00-00-00-00-00-00;NOTIFICATION;1;da1a1500-d532-4285-be94-b07a3e11a098;da1a1508-d532-4285-be94-b07a3e11a098;18;;
244034;1787508824084;1509;BatteryChange / Akku-Livestand;11;81;0,1,5,6,10;0F-A0-FF-FF-1B-AE-9C-00-00-00-86;NOTIFICATION;1;da1a1500-d532-4285-be94-b07a3e11a098;da1a1509-d532-4285-be94-b07a3e11a098;18;;
244247;1787508824297;150A;MotorUpdate / Motor-Livestand;10;81;0,1;0F-A0-FF-FF-FF-FF-FF-FF-FF-FF;NOTIFICATION;1;da1a1500-d532-4285-be94-b07a3e11a098;da1a150a-d532-4285-be94-b07a3e11a098;18;;
244444;1787508824494;150B;Motor-/Controllerblock;20;81;–;FF-FF-FF-FF-FF-FF-FF-FF-FF-FF-FF-FF-FF-FF-FF-FF-FF-FF-FF-FF;NOTIFICATION;1;da1a1500-d532-4285-be94-b07a3e11a098;da1a150b-d532-4285-be94-b07a3e11a098;18;;
244652;1787508824702;150D;Fahrstatistik Max/Ø;20;81;–;00-DA-00-A5-FF-FF-FF-FF-47-18-FF-FF-FF-FF-FF-FF-FF-FF-00-00;NOTIFICATION;1;da1a1500-d532-4285-be94-b07a3e11a098;da1a150d-d532-4285-be94-b07a3e11a098;18;;
245702;1787508825752;1502;Akkuinformationen;16;82;–;47-18-FF-FF-FF-FF-47-18-FF-FF-FF-FF-FF-FF-00-00;NOTIFICATION;1;da1a1500-d532-4285-be94-b07a3e11a098;da1a1502-d532-4285-be94-b07a3e11a098;18;;
246111;1787508826161;1505;BikePerformance / Fahrleistung;18;82;0,1,2,3,7;08-AC-08-AC-FF-FF-00-9F-FF-FF-FF-FF-FF-00-00-00-00-00;NOTIFICATION;1;da1a1500-d532-4285-be94-b07a3e11a098;da1a1505-d532-4285-be94-b07a3e11a098;18;;
246325;1787508826375;1506;Trip / Kilometer & Betriebszähler;16;82;7;00-00-1C-5B-00-02-36-7F-00-00-02-D5-00-00-00-00;NOTIFICATION;1;da1a1500-d532-4285-be94-b07a3e11a098;da1a1506-d532-4285-be94-b07a3e11a098;18;;
246745;1787508826795;1508;Settings / Licht & Fahrstufe;17;81;–;00-00-00-02-FF-FF-FF-FF-FF-FF-FF-00-00-00-00-00-00;NOTIFICATION;1;da1a1500-d532-4285-be94-b07a3e11a098;da1a1508-d532-4285-be94-b07a3e11a098;18;;
246953;1787508827003;1509;BatteryChange / Akku-Livestand;11;82;0,1,5,6,10;07-D0-FF-FF-1B-B0-F4-00-00-00-5A;NOTIFICATION;1;da1a1500-d532-4285-be94-b07a3e11a098;da1a1509-d532-4285-be94-b07a3e11a098;18;;
247152;1787508827202;150A;MotorUpdate / Motor-Livestand;10;82;0,1;00-00-FF-FF-FF-FF-FF-FF-FF-FF;NOTIFICATION;1;da1a1500-d532-4285-be94-b07a3e11a098;da1a150a-d532-4285-be94-b07a3e11a098;18;;
247364;1787508827414;150B;Motor-/Controllerblock;20;82;–;FF-FF-FF-FF-FF-FF-FF-FF-FF-FF-FF-FF-FF-FF-FF-FF-FF-FF-FF-FF;NOTIFICATION;1;da1a1500-d532-4285-be94-b07a3e11a098;da1a150b-d532-4285-be94-b07a3e11a098;18;;
247574;1787508827624;150D;Fahrstatistik Max/Ø;20;82;–;00-DA-00-A5-FF-FF-FF-FF-47-18-FF-FF-FF-FF-FF-FF-FF-FF-00-00;NOTIFICATION;1;da1a1500-d532-4285-be94-b07a3e11a098;da1a150d-d532-4285-be94-b07a3e11a098;18;;
248625;1787508828675;1502;Akkuinformationen;16;83;–;47-18-FF-FF-FF-FF-47-18-FF-FF-FF-FF-FF-FF-00-00;NOTIFICATION;1;da1a1500-d532-4285-be94-b07a3e11a098;da1a1502-d532-4285-be94-b07a3e11a098;18;;
249036;1787508829086;1505;BikePerformance / Fahrleistung;18;83;0,1,2,3,7;03-84-03-84-FF-FF-00-90-FF-FF-FF-FF-FF-00-00-00-00-00;NOTIFICATION;1;da1a1500-d532-4285-be94-b07a3e11a098;da1a1505-d532-4285-be94-b07a3e11a098;18;;
249243;1787508829293;1506;Trip / Kilometer & Betriebszähler;16;83;7;00-00-1C-5B-00-02-36-82-00-00-02-D5-00-00-00-00;NOTIFICATION;1;da1a1500-d532-4285-be94-b07a3e11a098;da1a1506-d532-4285-be94-b07a3e11a098;18;;
249664;1787508829714;1508;Settings / Licht & Fahrstufe;17;82;–;00-00-00-02-FF-FF-FF-FF-FF-FF-FF-00-00-00-00-00-00;NOTIFICATION;1;da1a1500-d532-4285-be94-b07a3e11a098;da1a1508-d532-4285-be94-b07a3e11a098;18;;
249873;1787508829923;1509;BatteryChange / Akku-Livestand;11;83;6;07-D0-FF-FF-1B-B0-2C-00-00-00-5A;NOTIFICATION;1;da1a1500-d532-4285-be94-b07a3e11a098;da1a1509-d532-4285-be94-b07a3e11a098;18;;
250073;1787508830123;150A;MotorUpdate / Motor-Livestand;10;83;0,1;03-E8-FF-FF-FF-FF-FF-FF-FF-FF;NOTIFICATION;1;da1a1500-d532-4285-be94-b07a3e11a098;da1a150a-d532-4285-be94-b07a3e11a098;18;;
250285;1787508830335;150B;Motor-/Controllerblock;20;83;–;FF-FF-FF-FF-FF-FF-FF-FF-FF-FF-FF-FF-FF-FF-FF-FF-FF-FF-FF-FF;NOTIFICATION;1;da1a1500-d532-4285-be94-b07a3e11a098;da1a150b-d532-4285-be94-b07a3e11a098;18;;
250493;1787508830543;150D;Fahrstatistik Max/Ø;20;83;–;00-DA-00-A5-FF-FF-FF-FF-47-18-FF-FF-FF-FF-FF-FF-FF-FF-00-00;NOTIFICATION;1;da1a1500-d532-4285-be94-b07a3e11a098;da1a150d-d532-4285-be94-b07a3e11a098;18;;
251535;1787508831585;1502;Akkuinformationen;16;84;–;47-18-FF-FF-FF-FF-47-18-FF-FF-FF-FF-FF-FF-00-00;NOTIFICATION;1;da1a1500-d532-4285-be94-b07a3e11a098;da1a1502-d532-4285-be94-b07a3e11a098;18;;
251952;1787508832002;1505;BikePerformance / Fahrleistung;18;84;0,1,2,3,7;00-00-00-00-FF-FF-00-7A-FF-FF-FF-FF-FF-00-00-00-00-00;NOTIFICATION;1;da1a1500-d532-4285-be94-b07a3e11a098;da1a1505-d532-4285-be94-b07a3e11a098;18;;
252164;1787508832214;1506;Trip / Kilometer & Betriebszähler;16;84;7;00-00-1C-5B-00-02-36-85-00-00-02-D5-00-00-00-00;NOTIFICATION;1;da1a1500-d532-4285-be94-b07a3e11a098;da1a1506-d532-4285-be94-b07a3e11a098;18;;
252583;1787508832633;1508;Settings / Licht & Fahrstufe;17;83;3;00-00-00-01-FF-FF-FF-FF-FF-FF-FF-00-00-00-00-00-00;NOTIFICATION;1;da1a1500-d532-4285-be94-b07a3e11a098;da1a1508-d532-4285-be94-b07a3e11a098;18;;
252792;1787508832842;1509;BatteryChange / Akku-Livestand;11;84;0,1,5,6,10;00-00-FF-FF-1B-B1-BC-00-00-00-00;NOTIFICATION;1;da1a1500-d532-4285-be94-b07a3e11a098;da1a1509-d532-4285-be94-b07a3e11a098;18;;
252992;1787508833042;150A;MotorUpdate / Motor-Livestand;10;84;0,1;00-00-FF-FF-FF-FF-FF-FF-FF-FF;NOTIFICATION;1;da1a1500-d532-4285-be94-b07a3e11a098;da1a150a-d532-4285-be94-b07a3e11a098;18;;
253202;1787508833252;150B;Motor-/Controllerblock;20;84;–;FF-FF-FF-FF-FF-FF-FF-FF-FF-FF-FF-FF-FF-FF-FF-FF-FF-FF-FF-FF;NOTIFICATION;1;da1a1500-d532-4285-be94-b07a3e11a098;da1a150b-d532-4285-be94-b07a3e11a098;18;;
253413;1787508833463;150D;Fahrstatistik Max/Ø;20;84;–;00-DA-00-A5-FF-FF-FF-FF-47-18-FF-FF-FF-FF-FF-FF-FF-FF-00-00;NOTIFICATION;1;da1a1500-d532-4285-be94-b07a3e11a098;da1a150d-d532-4285-be94-b07a3e11a098;18;;
254454;1787508834504;1502;Akkuinformationen;16;85;–;47-18-FF-FF-FF-FF-47-18-FF-FF-FF-FF-FF-FF-00-00;NOTIFICATION;1;da1a1500-d532-4285-be94-b07a3e11a098;da1a1502-d532-4285-be94-b07a3e11a098;18;;
254875;1787508834925;1505;BikePerformance / Fahrleistung;18;85;7;00-00-00-00-FF-FF-00-59-FF-FF-FF-FF-FF-00-00-00-00-00;NOTIFICATION;1;da1a1500-d532-4285-be94-b07a3e11a098;da1a1505-d532-4285-be94-b07a3e11a098;18;;
255084;1787508835134;1506;Trip / Kilometer & Betriebszähler;16;85;7;00-00-1C-5B-00-02-36-88-00-00-02-D5-00-00-00-00;NOTIFICATION;1;da1a1500-d532-4285-be94-b07a3e11a098;da1a1506-d532-4285-be94-b07a3e11a098;18;;
255502;1787508835552;1508;Settings / Licht & Fahrstufe;17;84;–;00-00-00-01-FF-FF-FF-FF-FF-FF-FF-00-00-00-00-00-00;NOTIFICATION;1;da1a1500-d532-4285-be94-b07a3e11a098;da1a1508-d532-4285-be94-b07a3e11a098;18;;
255714;1787508835764;1509;BatteryChange / Akku-Livestand;11;85;5,6;00-00-FF-FF-1B-B2-20-00-00-00-00;NOTIFICATION;1;da1a1500-d532-4285-be94-b07a3e11a098;da1a1509-d532-4285-be94-b07a3e11a098;18;;
255912;1787508835962;150A;MotorUpdate / Motor-Livestand;10;85;–;00-00-FF-FF-FF-FF-FF-FF-FF-FF;NOTIFICATION;1;da1a1500-d532-4285-be94-b07a3e11a098;da1a150a-d532-4285-be94-b07a3e11a098;18;;
256123;1787508836173;150B;Motor-/Controllerblock;20;85;–;FF-FF-FF-FF-FF-FF-FF-FF-FF-FF-FF-FF-FF-FF-FF-FF-FF-FF-FF-FF;NOTIFICATION;1;da1a1500-d532-4285-be94-b07a3e11a098;da1a150b-d532-4285-be94-b07a3e11a098;18;;
256331;1787508836381;150D;Fahrstatistik Max/Ø;20;85;–;00-DA-00-A5-FF-FF-FF-FF-47-18-FF-FF-FF-FF-FF-FF-FF-FF-00-00;NOTIFICATION;1;da1a1500-d532-4285-be94-b07a3e11a098;da1a150d-d532-4285-be94-b07a3e11a098;18;;
257374;1787508837424;1502;Akkuinformationen;16;86;–;47-18-FF-FF-FF-FF-47-18-FF-FF-FF-FF-FF-FF-00-00;NOTIFICATION;1;da1a1500-d532-4285-be94-b07a3e11a098;da1a1502-d532-4285-be94-b07a3e11a098;18;;
257793;1787508837843;1505;BikePerformance / Fahrleistung;18;86;7;00-00-00-00-FF-FF-00-0B-FF-FF-FF-FF-FF-00-00-00-00-00;NOTIFICATION;1;da1a1500-d532-4285-be94-b07a3e11a098;da1a1505-d532-4285-be94-b07a3e11a098;18;;
258001;1787508838051;1506;Trip / Kilometer & Betriebszähler;16;86;7;00-00-1C-5B-00-02-36-8B-00-00-02-D5-00-00-00-00;NOTIFICATION;1;da1a1500-d532-4285-be94-b07a3e11a098;da1a1506-d532-4285-be94-b07a3e11a098;18;;
258422;1787508838472;1508;Settings / Licht & Fahrstufe;17;85;–;00-00-00-01-FF-FF-FF-FF-FF-FF-FF-00-00-00-00-00-00;NOTIFICATION;1;da1a1500-d532-4285-be94-b07a3e11a098;da1a1508-d532-4285-be94-b07a3e11a098;18;;
258629;1787508838679;1509;BatteryChange / Akku-Livestand;11;86;–;00-00-FF-FF-1B-B2-20-00-00-00-00;NOTIFICATION;1;da1a1500-d532-4285-be94-b07a3e11a098;da1a1509-d532-4285-be94-b07a3e11a098;18;;
258838;1787508838888;150A;MotorUpdate / Motor-Livestand;10;86;–;00-00-FF-FF-FF-FF-FF-FF-FF-FF;NOTIFICATION;1;da1a1500-d532-4285-be94-b07a3e11a098;da1a150a-d532-4285-be94-b07a3e11a098;18;;
259039;1787508839089;150B;Motor-/Controllerblock;20;86;–;FF-FF-FF-FF-FF-FF-FF-FF-FF-FF-FF-FF-FF-FF-FF-FF-FF-FF-FF-FF;NOTIFICATION;1;da1a1500-d532-4285-be94-b07a3e11a098;da1a150b-d532-4285-be94-b07a3e11a098;18;;
259251;1787508839301;150D;Fahrstatistik Max/Ø;20;86;–;00-DA-00-A5-FF-FF-FF-FF-47-18-FF-FF-FF-FF-FF-FF-FF-FF-00-00;NOTIFICATION;1;da1a1500-d532-4285-be94-b07a3e11a098;da1a150d-d532-4285-be94-b07a3e11a098;18;;
260293;1787508840343;1502;Akkuinformationen;16;87;–;47-18-FF-FF-FF-FF-47-18-FF-FF-FF-FF-FF-FF-00-00;NOTIFICATION;1;da1a1500-d532-4285-be94-b07a3e11a098;da1a1502-d532-4285-be94-b07a3e11a098;18;;
260714;1787508840764;1505;BikePerformance / Fahrleistung;18;87;7;00-00-00-00-FF-FF-00-13-FF-FF-FF-FF-FF-00-00-00-00-00;NOTIFICATION;1;da1a1500-d532-4285-be94-b07a3e11a098;da1a1505-d532-4285-be94-b07a3e11a098;18;;
260922;1787508840972;1506;Trip / Kilometer & Betriebszähler;16;87;7;00-00-1C-5B-00-02-36-8E-00-00-02-D5-00-00-00-00;NOTIFICATION;1;da1a1500-d532-4285-be94-b07a3e11a098;da1a1506-d532-4285-be94-b07a3e11a098;18;;
261343;1787508841393;1508;Settings / Licht & Fahrstufe;17;86;0;01-00-00-01-FF-FF-FF-FF-FF-FF-FF-00-00-00-00-00-00;NOTIFICATION;1;da1a1500-d532-4285-be94-b07a3e11a098;da1a1508-d532-4285-be94-b07a3e11a098;18;;
261557;1787508841607;1509;BatteryChange / Akku-Livestand;11;87;–;00-00-FF-FF-1B-B2-20-00-00-00-00;NOTIFICATION;1;da1a1500-d532-4285-be94-b07a3e11a098;da1a1509-d532-4285-be94-b07a3e11a098;18;;
261752;1787508841802;150A;MotorUpdate / Motor-Livestand;10;87;–;00-00-FF-FF-FF-FF-FF-FF-FF-FF;NOTIFICATION;1;da1a1500-d532-4285-be94-b07a3e11a098;da1a150a-d532-4285-be94-b07a3e11a098;18;;
261962;1787508842012;150B;Motor-/Controllerblock;20;87;–;FF-FF-FF-FF-FF-FF-FF-FF-FF-FF-FF-FF-FF-FF-FF-FF-FF-FF-FF-FF;NOTIFICATION;1;da1a1500-d532-4285-be94-b07a3e11a098;da1a150b-d532-4285-be94-b07a3e11a098;18;;
262174;1787508842224;150D;Fahrstatistik Max/Ø;20;87;–;00-DA-00-A5-FF-FF-FF-FF-47-18-FF-FF-FF-FF-FF-FF-FF-FF-00-00;NOTIFICATION;1;da1a1500-d532-4285-be94-b07a3e11a098;da1a150d-d532-4285-be94-b07a3e11a098;18;;
263224;1787508843274;1502;Akkuinformationen;16;88;–;47-18-FF-FF-FF-FF-47-18-FF-FF-FF-FF-FF-FF-00-00;NOTIFICATION;1;da1a1500-d532-4285-be94-b07a3e11a098;da1a1502-d532-4285-be94-b07a3e11a098;18;;
263633;1787508843683;1505;BikePerformance / Fahrleistung;18;88;–;00-00-00-00-FF-FF-00-13-FF-FF-FF-FF-FF-00-00-00-00-00;NOTIFICATION;1;da1a1500-d532-4285-be94-b07a3e11a098;da1a1505-d532-4285-be94-b07a3e11a098;18;;
263845;1787508843895;1506;Trip / Kilometer & Betriebszähler;16;88;7;00-00-1C-5B-00-02-36-91-00-00-02-D5-00-00-00-00;NOTIFICATION;1;da1a1500-d532-4285-be94-b07a3e11a098;da1a1506-d532-4285-be94-b07a3e11a098;18;;
264264;1787508844314;1508;Settings / Licht & Fahrstufe;17;87;0;00-00-00-01-FF-FF-FF-FF-FF-FF-FF-00-00-00-00-00-00;NOTIFICATION;1;da1a1500-d532-4285-be94-b07a3e11a098;da1a1508-d532-4285-be94-b07a3e11a098;18;;
264472;1787508844522;1509;BatteryChange / Akku-Livestand;11;88;–;00-00-FF-FF-1B-B2-20-00-00-00-00;NOTIFICATION;1;da1a1500-d532-4285-be94-b07a3e11a098;da1a1509-d532-4285-be94-b07a3e11a098;18;;
264674;1787508844724;150A;MotorUpdate / Motor-Livestand;10;88;–;00-00-FF-FF-FF-FF-FF-FF-FF-FF;NOTIFICATION;1;da1a1500-d532-4285-be94-b07a3e11a098;da1a150a-d532-4285-be94-b07a3e11a098;18;;
264882;1787508844932;150B;Motor-/Controllerblock;20;88;–;FF-FF-FF-FF-FF-FF-FF-FF-FF-FF-FF-FF-FF-FF-FF-FF-FF-FF-FF-FF;NOTIFICATION;1;da1a1500-d532-4285-be94-b07a3e11a098;da1a150b-d532-4285-be94-b07a3e11a098;18;;
265100;1787508845150;150D;Fahrstatistik Max/Ø;20;88;–;00-DA-00-A5-FF-FF-FF-FF-47-18-FF-FF-FF-FF-FF-FF-FF-FF-00-00;NOTIFICATION;1;da1a1500-d532-4285-be94-b07a3e11a098;da1a150d-d532-4285-be94-b07a3e11a098;18;;
266132;1787508846182;1502;Akkuinformationen;16;89;–;47-18-FF-FF-FF-FF-47-18-FF-FF-FF-FF-FF-FF-00-00;NOTIFICATION;1;da1a1500-d532-4285-be94-b07a3e11a098;da1a1502-d532-4285-be94-b07a3e11a098;18;;
266554;1787508846604;1505;BikePerformance / Fahrleistung;18;89;7;00-00-00-00-FF-FF-00-02-FF-FF-FF-FF-FF-00-00-00-00-00;NOTIFICATION;1;da1a1500-d532-4285-be94-b07a3e11a098;da1a1505-d532-4285-be94-b07a3e11a098;18;;
266765;1787508846815;1506;Trip / Kilometer & Betriebszähler;16;89;7;00-00-1C-5B-00-02-36-94-00-00-02-D5-00-00-00-00;NOTIFICATION;1;da1a1500-d532-4285-be94-b07a3e11a098;da1a1506-d532-4285-be94-b07a3e11a098;18;;
267182;1787508847232;1508;Settings / Licht & Fahrstufe;17;88;–;00-00-00-01-FF-FF-FF-FF-FF-FF-FF-00-00-00-00-00-00;NOTIFICATION;1;da1a1500-d532-4285-be94-b07a3e11a098;da1a1508-d532-4285-be94-b07a3e11a098;18;;
267393;1787508847443;1509;BatteryChange / Akku-Livestand;11;89;–;00-00-FF-FF-1B-B2-20-00-00-00-00;NOTIFICATION;1;da1a1500-d532-4285-be94-b07a3e11a098;da1a1509-d532-4285-be94-b07a3e11a098;18;;
267593;1787508847643;150A;MotorUpdate / Motor-Livestand;10;89;–;00-00-FF-FF-FF-FF-FF-FF-FF-FF;NOTIFICATION;1;da1a1500-d532-4285-be94-b07a3e11a098;da1a150a-d532-4285-be94-b07a3e11a098;18;;
267802;1787508847852;150B;Motor-/Controllerblock;20;89;–;FF-FF-FF-FF-FF-FF-FF-FF-FF-FF-FF-FF-FF-FF-FF-FF-FF-FF-FF-FF;NOTIFICATION;1;da1a1500-d532-4285-be94-b07a3e11a098;da1a150b-d532-4285-be94-b07a3e11a098;18;;
268014;1787508848064;150D;Fahrstatistik Max/Ø;20;89;–;00-DA-00-A5-FF-FF-FF-FF-47-18-FF-FF-FF-FF-FF-FF-FF-FF-00-00;NOTIFICATION;1;da1a1500-d532-4285-be94-b07a3e11a098;da1a150d-d532-4285-be94-b07a3e11a098;18;;
269050;1787508849100;1502;Akkuinformationen;16;90;–;47-18-FF-FF-FF-FF-47-18-FF-FF-FF-FF-FF-FF-00-00;NOTIFICATION;1;da1a1500-d532-4285-be94-b07a3e11a098;da1a1502-d532-4285-be94-b07a3e11a098;18;;
269472;1787508849522;1505;BikePerformance / Fahrleistung;18;90;7;00-00-00-00-FF-FF-00-26-FF-FF-FF-FF-FF-00-00-00-00-00;NOTIFICATION;1;da1a1500-d532-4285-be94-b07a3e11a098;da1a1505-d532-4285-be94-b07a3e11a098;18;;
269681;1787508849731;1506;Trip / Kilometer & Betriebszähler;16;90;7;00-00-1C-5B-00-02-36-96-00-00-02-D5-00-00-00-00;NOTIFICATION;1;da1a1500-d532-4285-be94-b07a3e11a098;da1a1506-d532-4285-be94-b07a3e11a098;18;;
270103;1787508850153;1508;Settings / Licht & Fahrstufe;17;89;–;00-00-00-01-FF-FF-FF-FF-FF-FF-FF-00-00-00-00-00-00;NOTIFICATION;1;da1a1500-d532-4285-be94-b07a3e11a098;da1a1508-d532-4285-be94-b07a3e11a098;18;;
270303;1787508850353;1509;BatteryChange / Akku-Livestand;11;90;–;00-00-FF-FF-1B-B2-20-00-00-00-00;NOTIFICATION;1;da1a1500-d532-4285-be94-b07a3e11a098;da1a1509-d532-4285-be94-b07a3e11a098;18;;
270513;1787508850563;150A;MotorUpdate / Motor-Livestand;10;90;–;00-00-FF-FF-FF-FF-FF-FF-FF-FF;NOTIFICATION;1;da1a1500-d532-4285-be94-b07a3e11a098;da1a150a-d532-4285-be94-b07a3e11a098;18;;
270723;1787508850773;150B;Motor-/Controllerblock;20;90;–;FF-FF-FF-FF-FF-FF-FF-FF-FF-FF-FF-FF-FF-FF-FF-FF-FF-FF-FF-FF;NOTIFICATION;1;da1a1500-d532-4285-be94-b07a3e11a098;da1a150b-d532-4285-be94-b07a3e11a098;18;;
270933;1787508850983;150D;Fahrstatistik Max/Ø;20;90;–;00-DA-00-A5-FF-FF-FF-FF-47-18-FF-FF-FF-FF-FF-FF-FF-FF-00-00;NOTIFICATION;1;da1a1500-d532-4285-be94-b07a3e11a098;da1a150d-d532-4285-be94-b07a3e11a098;18;;
271972;1787508852022;1502;Akkuinformationen;16;91;–;47-18-FF-FF-FF-FF-47-18-FF-FF-FF-FF-FF-FF-00-00;NOTIFICATION;1;da1a1500-d532-4285-be94-b07a3e11a098;da1a1502-d532-4285-be94-b07a3e11a098;18;;
272393;1787508852443;1505;BikePerformance / Fahrleistung;18;91;7;00-00-00-00-FF-FF-00-30-FF-FF-FF-FF-FF-00-00-00-00-00;NOTIFICATION;1;da1a1500-d532-4285-be94-b07a3e11a098;da1a1505-d532-4285-be94-b07a3e11a098;18;;
272604;1787508852654;1506;Trip / Kilometer & Betriebszähler;16;91;7;00-00-1C-5B-00-02-36-99-00-00-02-D5-00-00-00-00;NOTIFICATION;1;da1a1500-d532-4285-be94-b07a3e11a098;da1a1506-d532-4285-be94-b07a3e11a098;18;;
273024;1787508853074;1508;Settings / Licht & Fahrstufe;17;90;–;00-00-00-01-FF-FF-FF-FF-FF-FF-FF-00-00-00-00-00-00;NOTIFICATION;1;da1a1500-d532-4285-be94-b07a3e11a098;da1a1508-d532-4285-be94-b07a3e11a098;18;;
273223;1787508853273;1509;BatteryChange / Akku-Livestand;11;91;–;00-00-FF-FF-1B-B2-20-00-00-00-00;NOTIFICATION;1;da1a1500-d532-4285-be94-b07a3e11a098;da1a1509-d532-4285-be94-b07a3e11a098;18;;
273434;1787508853484;150A;MotorUpdate / Motor-Livestand;10;91;–;00-00-FF-FF-FF-FF-FF-FF-FF-FF;NOTIFICATION;1;da1a1500-d532-4285-be94-b07a3e11a098;da1a150a-d532-4285-be94-b07a3e11a098;18;;
273642;1787508853692;150B;Motor-/Controllerblock;20;91;–;FF-FF-FF-FF-FF-FF-FF-FF-FF-FF-FF-FF-FF-FF-FF-FF-FF-FF-FF-FF;NOTIFICATION;1;da1a1500-d532-4285-be94-b07a3e11a098;da1a150b-d532-4285-be94-b07a3e11a098;18;;
273855;1787508853905;150D;Fahrstatistik Max/Ø;20;91;–;00-DA-00-A5-FF-FF-FF-FF-47-18-FF-FF-FF-FF-FF-FF-FF-FF-00-00;NOTIFICATION;1;da1a1500-d532-4285-be94-b07a3e11a098;da1a150d-d532-4285-be94-b07a3e11a098;18;;
274892;1787508854942;1502;Akkuinformationen;16;92;–;47-18-FF-FF-FF-FF-47-18-FF-FF-FF-FF-FF-FF-00-00;NOTIFICATION;1;da1a1500-d532-4285-be94-b07a3e11a098;da1a1502-d532-4285-be94-b07a3e11a098;18;;
275315;1787508855365;1505;BikePerformance / Fahrleistung;18;92;7;00-00-00-00-FF-FF-00-2D-FF-FF-FF-FF-FF-00-00-00-00-00;NOTIFICATION;1;da1a1500-d532-4285-be94-b07a3e11a098;da1a1505-d532-4285-be94-b07a3e11a098;18;;
275521;1787508855571;1506;Trip / Kilometer & Betriebszähler;16;92;7;00-00-1C-5B-00-02-36-9C-00-00-02-D5-00-00-00-00;NOTIFICATION;1;da1a1500-d532-4285-be94-b07a3e11a098;da1a1506-d532-4285-be94-b07a3e11a098;18;;
275940;1787508855990;1508;Settings / Licht & Fahrstufe;17;91;–;00-00-00-01-FF-FF-FF-FF-FF-FF-FF-00-00-00-00-00-00;NOTIFICATION;1;da1a1500-d532-4285-be94-b07a3e11a098;da1a1508-d532-4285-be94-b07a3e11a098;18;;
276143;1787508856193;1509;BatteryChange / Akku-Livestand;11;92;6;00-00-FF-FF-1B-B2-84-00-00-00-00;NOTIFICATION;1;da1a1500-d532-4285-be94-b07a3e11a098;da1a1509-d532-4285-be94-b07a3e11a098;18;;
276352;1787508856402;150A;MotorUpdate / Motor-Livestand;10;92;–;00-00-FF-FF-FF-FF-FF-FF-FF-FF;NOTIFICATION;1;da1a1500-d532-4285-be94-b07a3e11a098;da1a150a-d532-4285-be94-b07a3e11a098;18;;
276563;1787508856613;150B;Motor-/Controllerblock;20;92;–;FF-FF-FF-FF-FF-FF-FF-FF-FF-FF-FF-FF-FF-FF-FF-FF-FF-FF-FF-FF;NOTIFICATION;1;da1a1500-d532-4285-be94-b07a3e11a098;da1a150b-d532-4285-be94-b07a3e11a098;18;;
276772;1787508856822;150D;Fahrstatistik Max/Ø;20;92;–;00-DA-00-A5-FF-FF-FF-FF-47-18-FF-FF-FF-FF-FF-FF-FF-FF-00-00;NOTIFICATION;1;da1a1500-d532-4285-be94-b07a3e11a098;da1a150d-d532-4285-be94-b07a3e11a098;18;;
277815;1787508857865;1502;Akkuinformationen;16;93;–;47-18-FF-FF-FF-FF-47-18-FF-FF-FF-FF-FF-FF-00-00;NOTIFICATION;1;da1a1500-d532-4285-be94-b07a3e11a098;da1a1502-d532-4285-be94-b07a3e11a098;18;;
278232;1787508858282;1505;BikePerformance / Fahrleistung;18;93;7;00-00-00-00-FF-FF-00-27-FF-FF-FF-FF-FF-00-00-00-00-00;NOTIFICATION;1;da1a1500-d532-4285-be94-b07a3e11a098;da1a1505-d532-4285-be94-b07a3e11a098;18;;
278443;1787508858493;1506;Trip / Kilometer & Betriebszähler;16;93;7;00-00-1C-5B-00-02-36-9F-00-00-02-D5-00-00-00-00;NOTIFICATION;1;da1a1500-d532-4285-be94-b07a3e11a098;da1a1506-d532-4285-be94-b07a3e11a098;18;;
278862;1787508858912;1508;Settings / Licht & Fahrstufe;17;92;–;00-00-00-01-FF-FF-FF-FF-FF-FF-FF-00-00-00-00-00-00;NOTIFICATION;1;da1a1500-d532-4285-be94-b07a3e11a098;da1a1508-d532-4285-be94-b07a3e11a098;18;;
279062;1787508859112;1509;BatteryChange / Akku-Livestand;11;93;6;00-00-FF-FF-1B-B2-20-00-00-00-00;NOTIFICATION;1;da1a1500-d532-4285-be94-b07a3e11a098;da1a1509-d532-4285-be94-b07a3e11a098;18;;
279274;1787508859324;150A;MotorUpdate / Motor-Livestand;10;93;–;00-00-FF-FF-FF-FF-FF-FF-FF-FF;NOTIFICATION;1;da1a1500-d532-4285-be94-b07a3e11a098;da1a150a-d532-4285-be94-b07a3e11a098;18;;
279483;1787508859533;150B;Motor-/Controllerblock;20;93;–;FF-FF-FF-FF-FF-FF-FF-FF-FF-FF-FF-FF-FF-FF-FF-FF-FF-FF-FF-FF;NOTIFICATION;1;da1a1500-d532-4285-be94-b07a3e11a098;da1a150b-d532-4285-be94-b07a3e11a098;18;;
279694;1787508859744;150D;Fahrstatistik Max/Ø;20;93;–;00-DA-00-A5-FF-FF-FF-FF-47-18-FF-FF-FF-FF-FF-FF-FF-FF-00-00;NOTIFICATION;1;da1a1500-d532-4285-be94-b07a3e11a098;da1a150d-d532-4285-be94-b07a3e11a098;18;;
280736;1787508860786;1502;Akkuinformationen;16;94;–;47-18-FF-FF-FF-FF-47-18-FF-FF-FF-FF-FF-FF-00-00;NOTIFICATION;1;da1a1500-d532-4285-be94-b07a3e11a098;da1a1502-d532-4285-be94-b07a3e11a098;18;;
281153;1787508861203;1505;BikePerformance / Fahrleistung;18;94;7;00-00-00-00-FF-FF-00-28-FF-FF-FF-FF-FF-00-00-00-00-00;NOTIFICATION;1;da1a1500-d532-4285-be94-b07a3e11a098;da1a1505-d532-4285-be94-b07a3e11a098;18;;
281363;1787508861413;1506;Trip / Kilometer & Betriebszähler;16;94;3,7,11;00-00-1C-5C-00-02-36-A2-00-00-02-D6-00-00-00-00;NOTIFICATION;1;da1a1500-d532-4285-be94-b07a3e11a098;da1a1506-d532-4285-be94-b07a3e11a098;18;;
281784;1787508861834;1508;Settings / Licht & Fahrstufe;17;93;–;00-00-00-01-FF-FF-FF-FF-FF-FF-FF-00-00-00-00-00-00;NOTIFICATION;1;da1a1500-d532-4285-be94-b07a3e11a098;da1a1508-d532-4285-be94-b07a3e11a098;18;;
281982;1787508862032;1509;BatteryChange / Akku-Livestand;11;94;6;00-00-FF-FF-1B-B2-84-00-00-00-00;NOTIFICATION;1;da1a1500-d532-4285-be94-b07a3e11a098;da1a1509-d532-4285-be94-b07a3e11a098;18;;
282194;1787508862244;150A;MotorUpdate / Motor-Livestand;10;94;–;00-00-FF-FF-FF-FF-FF-FF-FF-FF;NOTIFICATION;1;da1a1500-d532-4285-be94-b07a3e11a098;da1a150a-d532-4285-be94-b07a3e11a098;18;;
282403;1787508862453;150B;Motor-/Controllerblock;20;94;–;FF-FF-FF-FF-FF-FF-FF-FF-FF-FF-FF-FF-FF-FF-FF-FF-FF-FF-FF-FF;NOTIFICATION;1;da1a1500-d532-4285-be94-b07a3e11a098;da1a150b-d532-4285-be94-b07a3e11a098;18;;
282613;1787508862663;150D;Fahrstatistik Max/Ø;20;94;3;00-DA-00-91-FF-FF-FF-FF-47-18-FF-FF-FF-FF-FF-FF-FF-FF-00-00;NOTIFICATION;1;da1a1500-d532-4285-be94-b07a3e11a098;da1a150d-d532-4285-be94-b07a3e11a098;18;;
283651;1787508863701;1502;Akkuinformationen;16;95;–;47-18-FF-FF-FF-FF-47-18-FF-FF-FF-FF-FF-FF-00-00;NOTIFICATION;1;da1a1500-d532-4285-be94-b07a3e11a098;da1a1502-d532-4285-be94-b07a3e11a098;18;;
284073;1787508864123;1505;BikePerformance / Fahrleistung;18;95;7;00-00-00-00-FF-FF-00-1C-FF-FF-FF-FF-FF-00-00-00-00-00;NOTIFICATION;1;da1a1500-d532-4285-be94-b07a3e11a098;da1a1505-d532-4285-be94-b07a3e11a098;18;;
284282;1787508864332;1506;Trip / Kilometer & Betriebszähler;16;95;7;00-00-1C-5C-00-02-36-A5-00-00-02-D6-00-00-00-00;NOTIFICATION;1;da1a1500-d532-4285-be94-b07a3e11a098;da1a1506-d532-4285-be94-b07a3e11a098;18;;
284704;1787508864754;1508;Settings / Licht & Fahrstufe;17;94;–;00-00-00-01-FF-FF-FF-FF-FF-FF-FF-00-00-00-00-00-00;NOTIFICATION;1;da1a1500-d532-4285-be94-b07a3e11a098;da1a1508-d532-4285-be94-b07a3e11a098;18;;
284904;1787508864954;1509;BatteryChange / Akku-Livestand;11;95;–;00-00-FF-FF-1B-B2-84-00-00-00-00;NOTIFICATION;1;da1a1500-d532-4285-be94-b07a3e11a098;da1a1509-d532-4285-be94-b07a3e11a098;18;;
285112;1787508865162;150A;MotorUpdate / Motor-Livestand;10;95;–;00-00-FF-FF-FF-FF-FF-FF-FF-FF;NOTIFICATION;1;da1a1500-d532-4285-be94-b07a3e11a098;da1a150a-d532-4285-be94-b07a3e11a098;18;;
285322;1787508865372;150B;Motor-/Controllerblock;20;95;–;FF-FF-FF-FF-FF-FF-FF-FF-FF-FF-FF-FF-FF-FF-FF-FF-FF-FF-FF-FF;NOTIFICATION;1;da1a1500-d532-4285-be94-b07a3e11a098;da1a150b-d532-4285-be94-b07a3e11a098;18;;
285533;1787508865583;150D;Fahrstatistik Max/Ø;20;95;–;00-DA-00-91-FF-FF-FF-FF-47-18-FF-FF-FF-FF-FF-FF-FF-FF-00-00;NOTIFICATION;1;da1a1500-d532-4285-be94-b07a3e11a098;da1a150d-d532-4285-be94-b07a3e11a098;18;;
286573;1787508866623;1502;Akkuinformationen;16;96;–;47-18-FF-FF-FF-FF-47-18-FF-FF-FF-FF-FF-FF-00-00;NOTIFICATION;1;da1a1500-d532-4285-be94-b07a3e11a098;da1a1502-d532-4285-be94-b07a3e11a098;18;;
286995;1787508867045;1505;BikePerformance / Fahrleistung;18;96;7;00-00-00-00-FF-FF-00-0C-FF-FF-FF-FF-FF-00-00-00-00-00;NOTIFICATION;1;da1a1500-d532-4285-be94-b07a3e11a098;da1a1505-d532-4285-be94-b07a3e11a098;18;;
287204;1787508867254;1506;Trip / Kilometer & Betriebszähler;16;96;7;00-00-1C-5C-00-02-36-A8-00-00-02-D6-00-00-00-00;NOTIFICATION;1;da1a1500-d532-4285-be94-b07a3e11a098;da1a1506-d532-4285-be94-b07a3e11a098;18;;
287623;1787508867673;1508;Settings / Licht & Fahrstufe;17;95;–;00-00-00-01-FF-FF-FF-FF-FF-FF-FF-00-00-00-00-00-00;NOTIFICATION;1;da1a1500-d532-4285-be94-b07a3e11a098;da1a1508-d532-4285-be94-b07a3e11a098;18;;
287823;1787508867873;1509;BatteryChange / Akku-Livestand;11;96;–;00-00-FF-FF-1B-B2-84-00-00-00-00;NOTIFICATION;1;da1a1500-d532-4285-be94-b07a3e11a098;da1a1509-d532-4285-be94-b07a3e11a098;18;;
288033;1787508868083;150A;MotorUpdate / Motor-Livestand;10;96;–;00-00-FF-FF-FF-FF-FF-FF-FF-FF;NOTIFICATION;1;da1a1500-d532-4285-be94-b07a3e11a098;da1a150a-d532-4285-be94-b07a3e11a098;18;;
288241;1787508868291;150B;Motor-/Controllerblock;20;96;–;FF-FF-FF-FF-FF-FF-FF-FF-FF-FF-FF-FF-FF-FF-FF-FF-FF-FF-FF-FF;NOTIFICATION;1;da1a1500-d532-4285-be94-b07a3e11a098;da1a150b-d532-4285-be94-b07a3e11a098;18;;
288455;1787508868505;150D;Fahrstatistik Max/Ø;20;96;–;00-DA-00-91-FF-FF-FF-FF-47-18-FF-FF-FF-FF-FF-FF-FF-FF-00-00;NOTIFICATION;1;da1a1500-d532-4285-be94-b07a3e11a098;da1a150d-d532-4285-be94-b07a3e11a098;18;;
289492;1787508869542;1502;Akkuinformationen;16;97;–;47-18-FF-FF-FF-FF-47-18-FF-FF-FF-FF-FF-FF-00-00;NOTIFICATION;1;da1a1500-d532-4285-be94-b07a3e11a098;da1a1502-d532-4285-be94-b07a3e11a098;18;;
289913;1787508869963;1505;BikePerformance / Fahrleistung;18;97;7;00-00-00-00-FF-FF-00-0B-FF-FF-FF-FF-FF-00-00-00-00-00;NOTIFICATION;1;da1a1500-d532-4285-be94-b07a3e11a098;da1a1505-d532-4285-be94-b07a3e11a098;18;;
290123;1787508870173;1506;Trip / Kilometer & Betriebszähler;16;97;7;00-00-1C-5C-00-02-36-AA-00-00-02-D6-00-00-00-00;NOTIFICATION;1;da1a1500-d532-4285-be94-b07a3e11a098;da1a1506-d532-4285-be94-b07a3e11a098;18;;
290541;1787508870591;1508;Settings / Licht & Fahrstufe;17;96;–;00-00-00-01-FF-FF-FF-FF-FF-FF-FF-00-00-00-00-00-00;NOTIFICATION;1;da1a1500-d532-4285-be94-b07a3e11a098;da1a1508-d532-4285-be94-b07a3e11a098;18;;
290742;1787508870792;1509;BatteryChange / Akku-Livestand;11;97;–;00-00-FF-FF-1B-B2-84-00-00-00-00;NOTIFICATION;1;da1a1500-d532-4285-be94-b07a3e11a098;da1a1509-d532-4285-be94-b07a3e11a098;18;;
290955;1787508871005;150A;MotorUpdate / Motor-Livestand;10;97;–;00-00-FF-FF-FF-FF-FF-FF-FF-FF;NOTIFICATION;1;da1a1500-d532-4285-be94-b07a3e11a098;da1a150a-d532-4285-be94-b07a3e11a098;18;;
291163;1787508871213;150B;Motor-/Controllerblock;20;97;–;FF-FF-FF-FF-FF-FF-FF-FF-FF-FF-FF-FF-FF-FF-FF-FF-FF-FF-FF-FF;NOTIFICATION;1;da1a1500-d532-4285-be94-b07a3e11a098;da1a150b-d532-4285-be94-b07a3e11a098;18;;
291375;1787508871425;150D;Fahrstatistik Max/Ø;20;97;–;00-DA-00-91-FF-FF-FF-FF-47-18-FF-FF-FF-FF-FF-FF-FF-FF-00-00;NOTIFICATION;1;da1a1500-d532-4285-be94-b07a3e11a098;da1a150d-d532-4285-be94-b07a3e11a098;18;;
292414;1787508872464;1502;Akkuinformationen;16;98;–;47-18-FF-FF-FF-FF-47-18-FF-FF-FF-FF-FF-FF-00-00;NOTIFICATION;1;da1a1500-d532-4285-be94-b07a3e11a098;da1a1502-d532-4285-be94-b07a3e11a098;18;;
292831;1787508872881;1505;BikePerformance / Fahrleistung;18;98;7;00-00-00-00-FF-FF-00-07-FF-FF-FF-FF-FF-00-00-00-00-00;NOTIFICATION;1;da1a1500-d532-4285-be94-b07a3e11a098;da1a1505-d532-4285-be94-b07a3e11a098;18;;
293040;1787508873090;1506;Trip / Kilometer & Betriebszähler;16;98;7;00-00-1C-5C-00-02-36-AD-00-00-02-D6-00-00-00-00;NOTIFICATION;1;da1a1500-d532-4285-be94-b07a3e11a098;da1a1506-d532-4285-be94-b07a3e11a098;18;;
293464;1787508873514;1508;Settings / Licht & Fahrstufe;17;97;–;00-00-00-01-FF-FF-FF-FF-FF-FF-FF-00-00-00-00-00-00;NOTIFICATION;1;da1a1500-d532-4285-be94-b07a3e11a098;da1a1508-d532-4285-be94-b07a3e11a098;18;;
293664;1787508873714;1509;BatteryChange / Akku-Livestand;11;98;–;00-00-FF-FF-1B-B2-84-00-00-00-00;NOTIFICATION;1;da1a1500-d532-4285-be94-b07a3e11a098;da1a1509-d532-4285-be94-b07a3e11a098;18;;
293872;1787508873922;150A;MotorUpdate / Motor-Livestand;10;98;–;00-00-FF-FF-FF-FF-FF-FF-FF-FF;NOTIFICATION;1;da1a1500-d532-4285-be94-b07a3e11a098;da1a150a-d532-4285-be94-b07a3e11a098;18;;
294083;1787508874133;150B;Motor-/Controllerblock;20;98;–;FF-FF-FF-FF-FF-FF-FF-FF-FF-FF-FF-FF-FF-FF-FF-FF-FF-FF-FF-FF;NOTIFICATION;1;da1a1500-d532-4285-be94-b07a3e11a098;da1a150b-d532-4285-be94-b07a3e11a098;18;;
294292;1787508874342;150D;Fahrstatistik Max/Ø;20;98;–;00-DA-00-91-FF-FF-FF-FF-47-18-FF-FF-FF-FF-FF-FF-FF-FF-00-00;NOTIFICATION;1;da1a1500-d532-4285-be94-b07a3e11a098;da1a150d-d532-4285-be94-b07a3e11a098;18;;
295343;1787508875393;1502;Akkuinformationen;16;99;–;47-18-FF-FF-FF-FF-47-18-FF-FF-FF-FF-FF-FF-00-00;NOTIFICATION;1;da1a1500-d532-4285-be94-b07a3e11a098;da1a1502-d532-4285-be94-b07a3e11a098;18;;
295753;1787508875803;1505;BikePerformance / Fahrleistung;18;99;7;00-00-00-00-FF-FF-00-00-FF-FF-FF-FF-FF-00-00-00-00-00;NOTIFICATION;1;da1a1500-d532-4285-be94-b07a3e11a098;da1a1505-d532-4285-be94-b07a3e11a098;18;;
295964;1787508876014;1506;Trip / Kilometer & Betriebszähler;16;99;7;00-00-1C-5C-00-02-36-AE-00-00-02-D6-00-00-00-00;NOTIFICATION;1;da1a1500-d532-4285-be94-b07a3e11a098;da1a1506-d532-4285-be94-b07a3e11a098;18;;
296372;1787508876422;1508;Settings / Licht & Fahrstufe;17;98;–;00-00-00-01-FF-FF-FF-FF-FF-FF-FF-00-00-00-00-00-00;NOTIFICATION;1;da1a1500-d532-4285-be94-b07a3e11a098;da1a1508-d532-4285-be94-b07a3e11a098;18;;
296586;1787508876636;1509;BatteryChange / Akku-Livestand;11;99;–;00-00-FF-FF-1B-B2-84-00-00-00-00;NOTIFICATION;1;da1a1500-d532-4285-be94-b07a3e11a098;da1a1509-d532-4285-be94-b07a3e11a098;18;;
296792;1787508876842;150A;MotorUpdate / Motor-Livestand;10;99;–;00-00-FF-FF-FF-FF-FF-FF-FF-FF;NOTIFICATION;1;da1a1500-d532-4285-be94-b07a3e11a098;da1a150a-d532-4285-be94-b07a3e11a098;18;;
297003;1787508877053;150B;Motor-/Controllerblock;20;99;–;FF-FF-FF-FF-FF-FF-FF-FF-FF-FF-FF-FF-FF-FF-FF-FF-FF-FF-FF-FF;NOTIFICATION;1;da1a1500-d532-4285-be94-b07a3e11a098;da1a150b-d532-4285-be94-b07a3e11a098;18;;
297214;1787508877264;150D;Fahrstatistik Max/Ø;20;99;–;00-DA-00-91-FF-FF-FF-FF-47-18-FF-FF-FF-FF-FF-FF-FF-FF-00-00;NOTIFICATION;1;da1a1500-d532-4285-be94-b07a3e11a098;da1a150d-d532-4285-be94-b07a3e11a098;18;;
298252;1787508878302;1502;Akkuinformationen;16;100;–;47-18-FF-FF-FF-FF-47-18-FF-FF-FF-FF-FF-FF-00-00;NOTIFICATION;1;da1a1500-d532-4285-be94-b07a3e11a098;da1a1502-d532-4285-be94-b07a3e11a098;18;;
298674;1787508878724;1505;BikePerformance / Fahrleistung;18;100;–;00-00-00-00-FF-FF-00-00-FF-FF-FF-FF-FF-00-00-00-00-00;NOTIFICATION;1;da1a1500-d532-4285-be94-b07a3e11a098;da1a1505-d532-4285-be94-b07a3e11a098;18;;
298883;1787508878933;1506;Trip / Kilometer & Betriebszähler;16;100;–;00-00-1C-5C-00-02-36-AE-00-00-02-D6-00-00-00-00;NOTIFICATION;1;da1a1500-d532-4285-be94-b07a3e11a098;da1a1506-d532-4285-be94-b07a3e11a098;18;;
299301;1787508879351;1508;Settings / Licht & Fahrstufe;17;99;–;00-00-00-01-FF-FF-FF-FF-FF-FF-FF-00-00-00-00-00-00;NOTIFICATION;1;da1a1500-d532-4285-be94-b07a3e11a098;da1a1508-d532-4285-be94-b07a3e11a098;18;;
299504;1787508879554;1509;BatteryChange / Akku-Livestand;11;100;6;00-00-FF-FF-1B-B2-E8-00-00-00-00;NOTIFICATION;1;da1a1500-d532-4285-be94-b07a3e11a098;da1a1509-d532-4285-be94-b07a3e11a098;18;;
299711;1787508879761;150A;MotorUpdate / Motor-Livestand;10;100;–;00-00-FF-FF-FF-FF-FF-FF-FF-FF;NOTIFICATION;1;da1a1500-d532-4285-be94-b07a3e11a098;da1a150a-d532-4285-be94-b07a3e11a098;18;;
299922;1787508879972;150B;Motor-/Controllerblock;20;100;–;FF-FF-FF-FF-FF-FF-FF-FF-FF-FF-FF-FF-FF-FF-FF-FF-FF-FF-FF-FF;NOTIFICATION;1;da1a1500-d532-4285-be94-b07a3e11a098;da1a150b-d532-4285-be94-b07a3e11a098;18;;
300132;1787508880182;150D;Fahrstatistik Max/Ø;20;100;–;00-DA-00-91-FF-FF-FF-FF-47-18-FF-FF-FF-FF-FF-FF-FF-FF-00-00;NOTIFICATION;1;da1a1500-d532-4285-be94-b07a3e11a098;da1a150d-d532-4285-be94-b07a3e11a098;18;;
301170;1787508881220;1502;Akkuinformationen;16;101;–;47-18-FF-FF-FF-FF-47-18-FF-FF-FF-FF-FF-FF-00-00;NOTIFICATION;1;da1a1500-d532-4285-be94-b07a3e11a098;da1a1502-d532-4285-be94-b07a3e11a098;18;;
301591;1787508881641;1505;BikePerformance / Fahrleistung;18;101;–;00-00-00-00-FF-FF-00-00-FF-FF-FF-FF-FF-00-00-00-00-00;NOTIFICATION;1;da1a1500-d532-4285-be94-b07a3e11a098;da1a1505-d532-4285-be94-b07a3e11a098;18;;
301800;1787508881850;1506;Trip / Kilometer & Betriebszähler;16;101;–;00-00-1C-5C-00-02-36-AE-00-00-02-D6-00-00-00-00;NOTIFICATION;1;da1a1500-d532-4285-be94-b07a3e11a098;da1a1506-d532-4285-be94-b07a3e11a098;18;;
302224;1787508882274;1508;Settings / Licht & Fahrstufe;17;100;–;00-00-00-01-FF-FF-FF-FF-FF-FF-FF-00-00-00-00-00-00;NOTIFICATION;1;da1a1500-d532-4285-be94-b07a3e11a098;da1a1508-d532-4285-be94-b07a3e11a098;18;;
302434;1787508882484;1509;BatteryChange / Akku-Livestand;11;101;–;00-00-FF-FF-1B-B2-E8-00-00-00-00;NOTIFICATION;1;da1a1500-d532-4285-be94-b07a3e11a098;da1a1509-d532-4285-be94-b07a3e11a098;18;;
302634;1787508882684;150A;MotorUpdate / Motor-Livestand;10;101;–;00-00-FF-FF-FF-FF-FF-FF-FF-FF;NOTIFICATION;1;da1a1500-d532-4285-be94-b07a3e11a098;da1a150a-d532-4285-be94-b07a3e11a098;18;;
302844;1787508882894;150B;Motor-/Controllerblock;20;101;–;FF-FF-FF-FF-FF-FF-FF-FF-FF-FF-FF-FF-FF-FF-FF-FF-FF-FF-FF-FF;NOTIFICATION;1;da1a1500-d532-4285-be94-b07a3e11a098;da1a150b-d532-4285-be94-b07a3e11a098;18;;
303057;1787508883107;150D;Fahrstatistik Max/Ø;20;101;–;00-DA-00-91-FF-FF-FF-FF-47-18-FF-FF-FF-FF-FF-FF-FF-FF-00-00;NOTIFICATION;1;da1a1500-d532-4285-be94-b07a3e11a098;da1a150d-d532-4285-be94-b07a3e11a098;18;;
304093;1787508884143;1502;Akkuinformationen;16;102;–;47-18-FF-FF-FF-FF-47-18-FF-FF-FF-FF-FF-FF-00-00;NOTIFICATION;1;da1a1500-d532-4285-be94-b07a3e11a098;da1a1502-d532-4285-be94-b07a3e11a098;18;;
304510;1787508884560;1505;BikePerformance / Fahrleistung;18;102;–;00-00-00-00-FF-FF-00-00-FF-FF-FF-FF-FF-00-00-00-00-00;NOTIFICATION;1;da1a1500-d532-4285-be94-b07a3e11a098;da1a1505-d532-4285-be94-b07a3e11a098;18;;
304721;1787508884771;1506;Trip / Kilometer & Betriebszähler;16;102;–;00-00-1C-5C-00-02-36-AE-00-00-02-D6-00-00-00-00;NOTIFICATION;1;da1a1500-d532-4285-be94-b07a3e11a098;da1a1506-d532-4285-be94-b07a3e11a098;18;;
305130;1787508885180;1508;Settings / Licht & Fahrstufe;17;101;–;00-00-00-01-FF-FF-FF-FF-FF-FF-FF-00-00-00-00-00-00;NOTIFICATION;1;da1a1500-d532-4285-be94-b07a3e11a098;da1a1508-d532-4285-be94-b07a3e11a098;18;;
305341;1787508885391;1509;BatteryChange / Akku-Livestand;11;102;–;00-00-FF-FF-1B-B2-E8-00-00-00-00;NOTIFICATION;1;da1a1500-d532-4285-be94-b07a3e11a098;da1a1509-d532-4285-be94-b07a3e11a098;18;;
305552;1787508885602;150A;MotorUpdate / Motor-Livestand;10;102;–;00-00-FF-FF-FF-FF-FF-FF-FF-FF;NOTIFICATION;1;da1a1500-d532-4285-be94-b07a3e11a098;da1a150a-d532-4285-be94-b07a3e11a098;18;;
305761;1787508885811;150B;Motor-/Controllerblock;20;102;–;FF-FF-FF-FF-FF-FF-FF-FF-FF-FF-FF-FF-FF-FF-FF-FF-FF-FF-FF-FF;NOTIFICATION;1;da1a1500-d532-4285-be94-b07a3e11a098;da1a150b-d532-4285-be94-b07a3e11a098;18;;
305972;1787508886022;150D;Fahrstatistik Max/Ø;20;102;–;00-DA-00-91-FF-FF-FF-FF-47-18-FF-FF-FF-FF-FF-FF-FF-FF-00-00;NOTIFICATION;1;da1a1500-d532-4285-be94-b07a3e11a098;da1a150d-d532-4285-be94-b07a3e11a098;18;;
307012;1787508887062;1502;Akkuinformationen;16;103;–;47-18-FF-FF-FF-FF-47-18-FF-FF-FF-FF-FF-FF-00-00;NOTIFICATION;1;da1a1500-d532-4285-be94-b07a3e11a098;da1a1502-d532-4285-be94-b07a3e11a098;18;;
307436;1787508887486;1505;BikePerformance / Fahrleistung;18;103;–;00-00-00-00-FF-FF-00-00-FF-FF-FF-FF-FF-00-00-00-00-00;NOTIFICATION;1;da1a1500-d532-4285-be94-b07a3e11a098;da1a1505-d532-4285-be94-b07a3e11a098;18;;
307643;1787508887693;1506;Trip / Kilometer & Betriebszähler;16;103;–;00-00-1C-5C-00-02-36-AE-00-00-02-D6-00-00-00-00;NOTIFICATION;1;da1a1500-d532-4285-be94-b07a3e11a098;da1a1506-d532-4285-be94-b07a3e11a098;18;;
308059;1787508888109;1508;Settings / Licht & Fahrstufe;17;102;–;00-00-00-01-FF-FF-FF-FF-FF-FF-FF-00-00-00-00-00-00;NOTIFICATION;1;da1a1500-d532-4285-be94-b07a3e11a098;da1a1508-d532-4285-be94-b07a3e11a098;18;;
308264;1787508888314;1509;BatteryChange / Akku-Livestand;11;103;6;00-00-FF-FF-1B-B2-84-00-00-00-00;NOTIFICATION;1;da1a1500-d532-4285-be94-b07a3e11a098;da1a1509-d532-4285-be94-b07a3e11a098;18;;
308475;1787508888525;150A;MotorUpdate / Motor-Livestand;10;103;–;00-00-FF-FF-FF-FF-FF-FF-FF-FF;NOTIFICATION;1;da1a1500-d532-4285-be94-b07a3e11a098;da1a150a-d532-4285-be94-b07a3e11a098;18;;
308684;1787508888734;150B;Motor-/Controllerblock;20;103;–;FF-FF-FF-FF-FF-FF-FF-FF-FF-FF-FF-FF-FF-FF-FF-FF-FF-FF-FF-FF;NOTIFICATION;1;da1a1500-d532-4285-be94-b07a3e11a098;da1a150b-d532-4285-be94-b07a3e11a098;18;;
308894;1787508888944;150D;Fahrstatistik Max/Ø;20;103;–;00-DA-00-91-FF-FF-FF-FF-47-18-FF-FF-FF-FF-FF-FF-FF-FF-00-00;NOTIFICATION;1;da1a1500-d532-4285-be94-b07a3e11a098;da1a150d-d532-4285-be94-b07a3e11a098;18;;
309933;1787508889983;1502;Akkuinformationen;16;104;–;47-18-FF-FF-FF-FF-47-18-FF-FF-FF-FF-FF-FF-00-00;NOTIFICATION;1;da1a1500-d532-4285-be94-b07a3e11a098;da1a1502-d532-4285-be94-b07a3e11a098;18;;
310355;1787508890405;1505;BikePerformance / Fahrleistung;18;104;–;00-00-00-00-FF-FF-00-00-FF-FF-FF-FF-FF-00-00-00-00-00;NOTIFICATION;1;da1a1500-d532-4285-be94-b07a3e11a098;da1a1505-d532-4285-be94-b07a3e11a098;18;;
310563;1787508890613;1506;Trip / Kilometer & Betriebszähler;16;104;–;00-00-1C-5C-00-02-36-AE-00-00-02-D6-00-00-00-00;NOTIFICATION;1;da1a1500-d532-4285-be94-b07a3e11a098;da1a1506-d532-4285-be94-b07a3e11a098;18;;
310976;1787508891026;1508;Settings / Licht & Fahrstufe;17;103;–;00-00-00-01-FF-FF-FF-FF-FF-FF-FF-00-00-00-00-00-00;NOTIFICATION;1;da1a1500-d532-4285-be94-b07a3e11a098;da1a1508-d532-4285-be94-b07a3e11a098;18;;
311181;1787508891231;1509;BatteryChange / Akku-Livestand;11;104;–;00-00-FF-FF-1B-B2-84-00-00-00-00;NOTIFICATION;1;da1a1500-d532-4285-be94-b07a3e11a098;da1a1509-d532-4285-be94-b07a3e11a098;18;;
311395;1787508891445;150A;MotorUpdate / Motor-Livestand;10;104;–;00-00-FF-FF-FF-FF-FF-FF-FF-FF;NOTIFICATION;1;da1a1500-d532-4285-be94-b07a3e11a098;da1a150a-d532-4285-be94-b07a3e11a098;18;;
311604;1787508891654;150B;Motor-/Controllerblock;20;104;–;FF-FF-FF-FF-FF-FF-FF-FF-FF-FF-FF-FF-FF-FF-FF-FF-FF-FF-FF-FF;NOTIFICATION;1;da1a1500-d532-4285-be94-b07a3e11a098;da1a150b-d532-4285-be94-b07a3e11a098;18;;
311813;1787508891863;150D;Fahrstatistik Max/Ø;20;104;–;00-DA-00-91-FF-FF-FF-FF-47-18-FF-FF-FF-FF-FF-FF-FF-FF-00-00;NOTIFICATION;1;da1a1500-d532-4285-be94-b07a3e11a098;da1a150d-d532-4285-be94-b07a3e11a098;18;;
312865;1787508892915;1502;Akkuinformationen;16;105;–;47-18-FF-FF-FF-FF-47-18-FF-FF-FF-FF-FF-FF-00-00;NOTIFICATION;1;da1a1500-d532-4285-be94-b07a3e11a098;da1a1502-d532-4285-be94-b07a3e11a098;18;;
313273;1787508893323;1505;BikePerformance / Fahrleistung;18;105;–;00-00-00-00-FF-FF-00-00-FF-FF-FF-FF-FF-00-00-00-00-00;NOTIFICATION;1;da1a1500-d532-4285-be94-b07a3e11a098;da1a1505-d532-4285-be94-b07a3e11a098;18;;
313484;1787508893534;1506;Trip / Kilometer & Betriebszähler;16;105;–;00-00-1C-5C-00-02-36-AE-00-00-02-D6-00-00-00-00;NOTIFICATION;1;da1a1500-d532-4285-be94-b07a3e11a098;da1a1506-d532-4285-be94-b07a3e11a098;18;;
313902;1787508893952;1508;Settings / Licht & Fahrstufe;17;104;–;00-00-00-01-FF-FF-FF-FF-FF-FF-FF-00-00-00-00-00-00;NOTIFICATION;1;da1a1500-d532-4285-be94-b07a3e11a098;da1a1508-d532-4285-be94-b07a3e11a098;18;;
314104;1787508894154;1509;BatteryChange / Akku-Livestand;11;105;4,6;00-00-FF-FF-1C-B2-E8-00-00-00-00;NOTIFICATION;1;da1a1500-d532-4285-be94-b07a3e11a098;da1a1509-d532-4285-be94-b07a3e11a098;18;;
314313;1787508894363;150A;MotorUpdate / Motor-Livestand;10;105;–;00-00-FF-FF-FF-FF-FF-FF-FF-FF;NOTIFICATION;1;da1a1500-d532-4285-be94-b07a3e11a098;da1a150a-d532-4285-be94-b07a3e11a098;18;;
314525;1787508894575;150B;Motor-/Controllerblock;20;105;–;FF-FF-FF-FF-FF-FF-FF-FF-FF-FF-FF-FF-FF-FF-FF-FF-FF-FF-FF-FF;NOTIFICATION;1;da1a1500-d532-4285-be94-b07a3e11a098;da1a150b-d532-4285-be94-b07a3e11a098;18;;
314733;1787508894783;150D;Fahrstatistik Max/Ø;20;105;–;00-DA-00-91-FF-FF-FF-FF-47-18-FF-FF-FF-FF-FF-FF-FF-FF-00-00;NOTIFICATION;1;da1a1500-d532-4285-be94-b07a3e11a098;da1a150d-d532-4285-be94-b07a3e11a098;18;;
315774;1787508895824;1502;Akkuinformationen;16;106;–;47-18-FF-FF-FF-FF-47-18-FF-FF-FF-FF-FF-FF-00-00;NOTIFICATION;1;da1a1500-d532-4285-be94-b07a3e11a098;da1a1502-d532-4285-be94-b07a3e11a098;18;;
316193;1787508896243;1505;BikePerformance / Fahrleistung;18;106;–;00-00-00-00-FF-FF-00-00-FF-FF-FF-FF-FF-00-00-00-00-00;NOTIFICATION;1;da1a1500-d532-4285-be94-b07a3e11a098;da1a1505-d532-4285-be94-b07a3e11a098;18;;
316404;1787508896454;1506;Trip / Kilometer & Betriebszähler;16;106;–;00-00-1C-5C-00-02-36-AE-00-00-02-D6-00-00-00-00;NOTIFICATION;1;da1a1500-d532-4285-be94-b07a3e11a098;da1a1506-d532-4285-be94-b07a3e11a098;18;;
316814;1787508896864;1508;Settings / Licht & Fahrstufe;17;105;–;00-00-00-01-FF-FF-FF-FF-FF-FF-FF-00-00-00-00-00-00;NOTIFICATION;1;da1a1500-d532-4285-be94-b07a3e11a098;da1a1508-d532-4285-be94-b07a3e11a098;18;;
317023;1787508897073;1509;BatteryChange / Akku-Livestand;11;106;4;00-00-FF-FF-1F-B2-E8-00-00-00-00;NOTIFICATION;1;da1a1500-d532-4285-be94-b07a3e11a098;da1a1509-d532-4285-be94-b07a3e11a098;18;;
317233;1787508897283;150A;MotorUpdate / Motor-Livestand;10;106;–;00-00-FF-FF-FF-FF-FF-FF-FF-FF;NOTIFICATION;1;da1a1500-d532-4285-be94-b07a3e11a098;da1a150a-d532-4285-be94-b07a3e11a098;18;;
317442;1787508897492;150B;Motor-/Controllerblock;20;106;–;FF-FF-FF-FF-FF-FF-FF-FF-FF-FF-FF-FF-FF-FF-FF-FF-FF-FF-FF-FF;NOTIFICATION;1;da1a1500-d532-4285-be94-b07a3e11a098;da1a150b-d532-4285-be94-b07a3e11a098;18;;
317652;1787508897702;150D;Fahrstatistik Max/Ø;20;106;–;00-DA-00-91-FF-FF-FF-FF-47-18-FF-FF-FF-FF-FF-FF-FF-FF-00-00;NOTIFICATION;1;da1a1500-d532-4285-be94-b07a3e11a098;da1a150d-d532-4285-be94-b07a3e11a098;18;;
318693;1787508898743;1502;Akkuinformationen;16;107;–;47-18-FF-FF-FF-FF-47-18-FF-FF-FF-FF-FF-FF-00-00;NOTIFICATION;1;da1a1500-d532-4285-be94-b07a3e11a098;da1a1502-d532-4285-be94-b07a3e11a098;18;;
319114;1787508899164;1505;BikePerformance / Fahrleistung;18;107;–;00-00-00-00-FF-FF-00-00-FF-FF-FF-FF-FF-00-00-00-00-00;NOTIFICATION;1;da1a1500-d532-4285-be94-b07a3e11a098;da1a1505-d532-4285-be94-b07a3e11a098;18;;
319327;1787508899377;1506;Trip / Kilometer & Betriebszähler;16;107;–;00-00-1C-5C-00-02-36-AE-00-00-02-D6-00-00-00-00;NOTIFICATION;1;da1a1500-d532-4285-be94-b07a3e11a098;da1a1506-d532-4285-be94-b07a3e11a098;18;;
319736;1787508899786;1508;Settings / Licht & Fahrstufe;17;106;0;01-00-00-01-FF-FF-FF-FF-FF-FF-FF-00-00-00-00-00-00;NOTIFICATION;1;da1a1500-d532-4285-be94-b07a3e11a098;da1a1508-d532-4285-be94-b07a3e11a098;18;;
319943;1787508899993;1509;BatteryChange / Akku-Livestand;11;107;–;00-00-FF-FF-1F-B2-E8-00-00-00-00;NOTIFICATION;1;da1a1500-d532-4285-be94-b07a3e11a098;da1a1509-d532-4285-be94-b07a3e11a098;18;;
320154;1787508900204;150A;MotorUpdate / Motor-Livestand;10;107;–;00-00-FF-FF-FF-FF-FF-FF-FF-FF;NOTIFICATION;1;da1a1500-d532-4285-be94-b07a3e11a098;da1a150a-d532-4285-be94-b07a3e11a098;18;;
320363;1787508900413;150B;Motor-/Controllerblock;20;107;–;FF-FF-FF-FF-FF-FF-FF-FF-FF-FF-FF-FF-FF-FF-FF-FF-FF-FF-FF-FF;NOTIFICATION;1;da1a1500-d532-4285-be94-b07a3e11a098;da1a150b-d532-4285-be94-b07a3e11a098;18;;
320573;1787508900623;150D;Fahrstatistik Max/Ø;20;107;–;00-DA-00-91-FF-FF-FF-FF-47-18-FF-FF-FF-FF-FF-FF-FF-FF-00-00;NOTIFICATION;1;da1a1500-d532-4285-be94-b07a3e11a098;da1a150d-d532-4285-be94-b07a3e11a098;18;;
321615;1787508901665;1502;Akkuinformationen;16;108;–;47-18-FF-FF-FF-FF-47-18-FF-FF-FF-FF-FF-FF-00-00;NOTIFICATION;1;da1a1500-d532-4285-be94-b07a3e11a098;da1a1502-d532-4285-be94-b07a3e11a098;18;;
322030;1787508902080;1505;BikePerformance / Fahrleistung;18;108;–;00-00-00-00-FF-FF-00-00-FF-FF-FF-FF-FF-00-00-00-00-00;NOTIFICATION;1;da1a1500-d532-4285-be94-b07a3e11a098;da1a1505-d532-4285-be94-b07a3e11a098;18;;
322241;1787508902291;1506;Trip / Kilometer & Betriebszähler;16;108;–;00-00-1C-5C-00-02-36-AE-00-00-02-D6-00-00-00-00;NOTIFICATION;1;da1a1500-d532-4285-be94-b07a3e11a098;da1a1506-d532-4285-be94-b07a3e11a098;18;;
322652;1787508902702;1508;Settings / Licht & Fahrstufe;17;107;0;00-00-00-01-FF-FF-FF-FF-FF-FF-FF-00-00-00-00-00-00;NOTIFICATION;1;da1a1500-d532-4285-be94-b07a3e11a098;da1a1508-d532-4285-be94-b07a3e11a098;18;;
322861;1787508902911;1509;BatteryChange / Akku-Livestand;11;108;–;00-00-FF-FF-1F-B2-E8-00-00-00-00;NOTIFICATION;1;da1a1500-d532-4285-be94-b07a3e11a098;da1a1509-d532-4285-be94-b07a3e11a098;18;;
323071;1787508903121;150A;MotorUpdate / Motor-Livestand;10;108;–;00-00-FF-FF-FF-FF-FF-FF-FF-FF;NOTIFICATION;1;da1a1500-d532-4285-be94-b07a3e11a098;da1a150a-d532-4285-be94-b07a3e11a098;18;;
323282;1787508903332;150B;Motor-/Controllerblock;20;108;–;FF-FF-FF-FF-FF-FF-FF-FF-FF-FF-FF-FF-FF-FF-FF-FF-FF-FF-FF-FF;NOTIFICATION;1;da1a1500-d532-4285-be94-b07a3e11a098;da1a150b-d532-4285-be94-b07a3e11a098;18;;
323492;1787508903542;150D;Fahrstatistik Max/Ø;20;108;–;00-DA-00-91-FF-FF-FF-FF-47-18-FF-FF-FF-FF-FF-FF-FF-FF-00-00;NOTIFICATION;1;da1a1500-d532-4285-be94-b07a3e11a098;da1a150d-d532-4285-be94-b07a3e11a098;18;;
324530;1787508904580;1502;Akkuinformationen;16;109;–;47-18-FF-FF-FF-FF-47-18-FF-FF-FF-FF-FF-FF-00-00;NOTIFICATION;1;da1a1500-d532-4285-be94-b07a3e11a098;da1a1502-d532-4285-be94-b07a3e11a098;18;;
324950;1787508905000;1505;BikePerformance / Fahrleistung;18;109;–;00-00-00-00-FF-FF-00-00-FF-FF-FF-FF-FF-00-00-00-00-00;NOTIFICATION;1;da1a1500-d532-4285-be94-b07a3e11a098;da1a1505-d532-4285-be94-b07a3e11a098;18;;
325161;1787508905211;1506;Trip / Kilometer & Betriebszähler;16;109;–;00-00-1C-5C-00-02-36-AE-00-00-02-D6-00-00-00-00;NOTIFICATION;1;da1a1500-d532-4285-be94-b07a3e11a098;da1a1506-d532-4285-be94-b07a3e11a098;18;;
325572;1787508905622;1508;Settings / Licht & Fahrstufe;17;108;–;00-00-00-01-FF-FF-FF-FF-FF-FF-FF-00-00-00-00-00-00;NOTIFICATION;1;da1a1500-d532-4285-be94-b07a3e11a098;da1a1508-d532-4285-be94-b07a3e11a098;18;;
325783;1787508905833;1509;BatteryChange / Akku-Livestand;11;109;4;00-00-FF-FF-20-B2-E8-00-00-00-00;NOTIFICATION;1;da1a1500-d532-4285-be94-b07a3e11a098;da1a1509-d532-4285-be94-b07a3e11a098;18;;
325992;1787508906042;150A;MotorUpdate / Motor-Livestand;10;109;–;00-00-FF-FF-FF-FF-FF-FF-FF-FF;NOTIFICATION;1;da1a1500-d532-4285-be94-b07a3e11a098;da1a150a-d532-4285-be94-b07a3e11a098;18;;
326202;1787508906252;150B;Motor-/Controllerblock;20;109;–;FF-FF-FF-FF-FF-FF-FF-FF-FF-FF-FF-FF-FF-FF-FF-FF-FF-FF-FF-FF;NOTIFICATION;1;da1a1500-d532-4285-be94-b07a3e11a098;da1a150b-d532-4285-be94-b07a3e11a098;18;;
326416;1787508906466;150D;Fahrstatistik Max/Ø;20;109;–;00-DA-00-91-FF-FF-FF-FF-47-18-FF-FF-FF-FF-FF-FF-FF-FF-00-00;NOTIFICATION;1;da1a1500-d532-4285-be94-b07a3e11a098;da1a150d-d532-4285-be94-b07a3e11a098;18;;
327460;1787508907510;1502;Akkuinformationen;16;110;–;47-18-FF-FF-FF-FF-47-18-FF-FF-FF-FF-FF-FF-00-00;NOTIFICATION;1;da1a1500-d532-4285-be94-b07a3e11a098;da1a1502-d532-4285-be94-b07a3e11a098;18;;
327873;1787508907923;1505;BikePerformance / Fahrleistung;18;110;–;00-00-00-00-FF-FF-00-00-FF-FF-FF-FF-FF-00-00-00-00-00;NOTIFICATION;1;da1a1500-d532-4285-be94-b07a3e11a098;da1a1505-d532-4285-be94-b07a3e11a098;18;;
328084;1787508908134;1506;Trip / Kilometer & Betriebszähler;16;110;–;00-00-1C-5C-00-02-36-AE-00-00-02-D6-00-00-00-00;NOTIFICATION;1;da1a1500-d532-4285-be94-b07a3e11a098;da1a1506-d532-4285-be94-b07a3e11a098;18;;
328504;1787508908554;1508;Settings / Licht & Fahrstufe;17;109;–;00-00-00-01-FF-FF-FF-FF-FF-FF-FF-00-00-00-00-00-00;NOTIFICATION;1;da1a1500-d532-4285-be94-b07a3e11a098;da1a1508-d532-4285-be94-b07a3e11a098;18;;
328705;1787508908755;1509;BatteryChange / Akku-Livestand;11;110;–;00-00-FF-FF-20-B2-E8-00-00-00-00;NOTIFICATION;1;da1a1500-d532-4285-be94-b07a3e11a098;da1a1509-d532-4285-be94-b07a3e11a098;18;;
328915;1787508908965;150A;MotorUpdate / Motor-Livestand;10;110;–;00-00-FF-FF-FF-FF-FF-FF-FF-FF;NOTIFICATION;1;da1a1500-d532-4285-be94-b07a3e11a098;da1a150a-d532-4285-be94-b07a3e11a098;18;;
329123;1787508909173;150B;Motor-/Controllerblock;20;110;–;FF-FF-FF-FF-FF-FF-FF-FF-FF-FF-FF-FF-FF-FF-FF-FF-FF-FF-FF-FF;NOTIFICATION;1;da1a1500-d532-4285-be94-b07a3e11a098;da1a150b-d532-4285-be94-b07a3e11a098;18;;
329336;1787508909386;150D;Fahrstatistik Max/Ø;20;110;–;00-DA-00-91-FF-FF-FF-FF-47-18-FF-FF-FF-FF-FF-FF-FF-FF-00-00;NOTIFICATION;1;da1a1500-d532-4285-be94-b07a3e11a098;da1a150d-d532-4285-be94-b07a3e11a098;18;;
330378;1787508910428;1502;Akkuinformationen;16;111;–;47-18-FF-FF-FF-FF-47-18-FF-FF-FF-FF-FF-FF-00-00;NOTIFICATION;1;da1a1500-d532-4285-be94-b07a3e11a098;da1a1502-d532-4285-be94-b07a3e11a098;18;;
330794;1787508910844;1505;BikePerformance / Fahrleistung;18;111;–;00-00-00-00-FF-FF-00-00-FF-FF-FF-FF-FF-00-00-00-00-00;NOTIFICATION;1;da1a1500-d532-4285-be94-b07a3e11a098;da1a1505-d532-4285-be94-b07a3e11a098;18;;
331002;1787508911052;1506;Trip / Kilometer & Betriebszähler;16;111;–;00-00-1C-5C-00-02-36-AE-00-00-02-D6-00-00-00-00;NOTIFICATION;1;da1a1500-d532-4285-be94-b07a3e11a098;da1a1506-d532-4285-be94-b07a3e11a098;18;;
331421;1787508911471;1508;Settings / Licht & Fahrstufe;17;110;–;00-00-00-01-FF-FF-FF-FF-FF-FF-FF-00-00-00-00-00-00;NOTIFICATION;1;da1a1500-d532-4285-be94-b07a3e11a098;da1a1508-d532-4285-be94-b07a3e11a098;18;;
331622;1787508911672;1509;BatteryChange / Akku-Livestand;11;111;–;00-00-FF-FF-20-B2-E8-00-00-00-00;NOTIFICATION;1;da1a1500-d532-4285-be94-b07a3e11a098;da1a1509-d532-4285-be94-b07a3e11a098;18;;
331832;1787508911882;150A;MotorUpdate / Motor-Livestand;10;111;–;00-00-FF-FF-FF-FF-FF-FF-FF-FF;NOTIFICATION;1;da1a1500-d532-4285-be94-b07a3e11a098;da1a150a-d532-4285-be94-b07a3e11a098;18;;
332042;1787508912092;150B;Motor-/Controllerblock;20;111;–;FF-FF-FF-FF-FF-FF-FF-FF-FF-FF-FF-FF-FF-FF-FF-FF-FF-FF-FF-FF;NOTIFICATION;1;da1a1500-d532-4285-be94-b07a3e11a098;da1a150b-d532-4285-be94-b07a3e11a098;18;;
332254;1787508912304;150D;Fahrstatistik Max/Ø;20;111;–;00-DA-00-91-FF-FF-FF-FF-47-18-FF-FF-FF-FF-FF-FF-FF-FF-00-00;NOTIFICATION;1;da1a1500-d532-4285-be94-b07a3e11a098;da1a150d-d532-4285-be94-b07a3e11a098;18;;
333298;1787508913348;1502;Akkuinformationen;16;112;–;47-18-FF-FF-FF-FF-47-18-FF-FF-FF-FF-FF-FF-00-00;NOTIFICATION;1;da1a1500-d532-4285-be94-b07a3e11a098;da1a1502-d532-4285-be94-b07a3e11a098;18;;
333712;1787508913762;1505;BikePerformance / Fahrleistung;18;112;–;00-00-00-00-FF-FF-00-00-FF-FF-FF-FF-FF-00-00-00-00-00;NOTIFICATION;1;da1a1500-d532-4285-be94-b07a3e11a098;da1a1505-d532-4285-be94-b07a3e11a098;18;;
333923;1787508913973;1506;Trip / Kilometer & Betriebszähler;16;112;–;00-00-1C-5C-00-02-36-AE-00-00-02-D6-00-00-00-00;NOTIFICATION;1;da1a1500-d532-4285-be94-b07a3e11a098;da1a1506-d532-4285-be94-b07a3e11a098;18;;
334345;1787508914395;1508;Settings / Licht & Fahrstufe;17;111;–;00-00-00-01-FF-FF-FF-FF-FF-FF-FF-00-00-00-00-00-00;NOTIFICATION;1;da1a1500-d532-4285-be94-b07a3e11a098;da1a1508-d532-4285-be94-b07a3e11a098;18;;
334546;1787508914596;1509;BatteryChange / Akku-Livestand;11;112;–;00-00-FF-FF-20-B2-E8-00-00-00-00;NOTIFICATION;1;da1a1500-d532-4285-be94-b07a3e11a098;da1a1509-d532-4285-be94-b07a3e11a098;18;;
334754;1787508914804;150A;MotorUpdate / Motor-Livestand;10;112;–;00-00-FF-FF-FF-FF-FF-FF-FF-FF;NOTIFICATION;1;da1a1500-d532-4285-be94-b07a3e11a098;da1a150a-d532-4285-be94-b07a3e11a098;18;;
334962;1787508915012;150B;Motor-/Controllerblock;20;112;–;FF-FF-FF-FF-FF-FF-FF-FF-FF-FF-FF-FF-FF-FF-FF-FF-FF-FF-FF-FF;NOTIFICATION;1;da1a1500-d532-4285-be94-b07a3e11a098;da1a150b-d532-4285-be94-b07a3e11a098;18;;
335171;1787508915221;150D;Fahrstatistik Max/Ø;20;112;–;00-DA-00-91-FF-FF-FF-FF-47-18-FF-FF-FF-FF-FF-FF-FF-FF-00-00;NOTIFICATION;1;da1a1500-d532-4285-be94-b07a3e11a098;da1a150d-d532-4285-be94-b07a3e11a098;18;;
336226;1787508916276;1502;Akkuinformationen;16;113;–;47-18-FF-FF-FF-FF-47-18-FF-FF-FF-FF-FF-FF-00-00;NOTIFICATION;1;da1a1500-d532-4285-be94-b07a3e11a098;da1a1502-d532-4285-be94-b07a3e11a098;18;;
336632;1787508916682;1505;BikePerformance / Fahrleistung;18;113;–;00-00-00-00-FF-FF-00-00-FF-FF-FF-FF-FF-00-00-00-00-00;NOTIFICATION;1;da1a1500-d532-4285-be94-b07a3e11a098;da1a1505-d532-4285-be94-b07a3e11a098;18;;
336845;1787508916895;1506;Trip / Kilometer & Betriebszähler;16;113;–;00-00-1C-5C-00-02-36-AE-00-00-02-D6-00-00-00-00;NOTIFICATION;1;da1a1500-d532-4285-be94-b07a3e11a098;da1a1506-d532-4285-be94-b07a3e11a098;18;;
337261;1787508917311;1508;Settings / Licht & Fahrstufe;17;112;–;00-00-00-01-FF-FF-FF-FF-FF-FF-FF-00-00-00-00-00-00;NOTIFICATION;1;da1a1500-d532-4285-be94-b07a3e11a098;da1a1508-d532-4285-be94-b07a3e11a098;18;;
337463;1787508917513;1509;BatteryChange / Akku-Livestand;11;113;–;00-00-FF-FF-20-B2-E8-00-00-00-00;NOTIFICATION;1;da1a1500-d532-4285-be94-b07a3e11a098;da1a1509-d532-4285-be94-b07a3e11a098;18;;
337672;1787508917722;150A;MotorUpdate / Motor-Livestand;10;113;–;00-00-FF-FF-FF-FF-FF-FF-FF-FF;NOTIFICATION;1;da1a1500-d532-4285-be94-b07a3e11a098;da1a150a-d532-4285-be94-b07a3e11a098;18;;
337883;1787508917933;150B;Motor-/Controllerblock;20;113;–;FF-FF-FF-FF-FF-FF-FF-FF-FF-FF-FF-FF-FF-FF-FF-FF-FF-FF-FF-FF;NOTIFICATION;1;da1a1500-d532-4285-be94-b07a3e11a098;da1a150b-d532-4285-be94-b07a3e11a098;18;;
338094;1787508918144;150D;Fahrstatistik Max/Ø;20;113;–;00-DA-00-91-FF-FF-FF-FF-47-18-FF-FF-FF-FF-FF-FF-FF-FF-00-00;NOTIFICATION;1;da1a1500-d532-4285-be94-b07a3e11a098;da1a150d-d532-4285-be94-b07a3e11a098;18;;
339142;1787508919192;1502;Akkuinformationen;16;114;–;47-18-FF-FF-FF-FF-47-18-FF-FF-FF-FF-FF-FF-00-00;NOTIFICATION;1;da1a1500-d532-4285-be94-b07a3e11a098;da1a1502-d532-4285-be94-b07a3e11a098;18;;
339553;1787508919603;1505;BikePerformance / Fahrleistung;18;114;–;00-00-00-00-FF-FF-00-00-FF-FF-FF-FF-FF-00-00-00-00-00;NOTIFICATION;1;da1a1500-d532-4285-be94-b07a3e11a098;da1a1505-d532-4285-be94-b07a3e11a098;18;;
339761;1787508919811;1506;Trip / Kilometer & Betriebszähler;16;114;–;00-00-1C-5C-00-02-36-AE-00-00-02-D6-00-00-00-00;NOTIFICATION;1;da1a1500-d532-4285-be94-b07a3e11a098;da1a1506-d532-4285-be94-b07a3e11a098;18;;
340183;1787508920233;1508;Settings / Licht & Fahrstufe;17;113;–;00-00-00-01-FF-FF-FF-FF-FF-FF-FF-00-00-00-00-00-00;NOTIFICATION;1;da1a1500-d532-4285-be94-b07a3e11a098;da1a1508-d532-4285-be94-b07a3e11a098;18;;
340387;1787508920437;1509;BatteryChange / Akku-Livestand;11;114;–;00-00-FF-FF-20-B2-E8-00-00-00-00;NOTIFICATION;1;da1a1500-d532-4285-be94-b07a3e11a098;da1a1509-d532-4285-be94-b07a3e11a098;18;;
340599;1787508920649;150A;MotorUpdate / Motor-Livestand;10;114;–;00-00-FF-FF-FF-FF-FF-FF-FF-FF;NOTIFICATION;1;da1a1500-d532-4285-be94-b07a3e11a098;da1a150a-d532-4285-be94-b07a3e11a098;18;;
340802;1787508920852;150B;Motor-/Controllerblock;20;114;–;FF-FF-FF-FF-FF-FF-FF-FF-FF-FF-FF-FF-FF-FF-FF-FF-FF-FF-FF-FF;NOTIFICATION;1;da1a1500-d532-4285-be94-b07a3e11a098;da1a150b-d532-4285-be94-b07a3e11a098;18;;
341012;1787508921062;150D;Fahrstatistik Max/Ø;20;114;–;00-DA-00-91-FF-FF-FF-FF-47-18-FF-FF-FF-FF-FF-FF-FF-FF-00-00;NOTIFICATION;1;da1a1500-d532-4285-be94-b07a3e11a098;da1a150d-d532-4285-be94-b07a3e11a098;18;;
342055;1787508922105;1502;Akkuinformationen;16;115;–;47-18-FF-FF-FF-FF-47-18-FF-FF-FF-FF-FF-FF-00-00;NOTIFICATION;1;da1a1500-d532-4285-be94-b07a3e11a098;da1a1502-d532-4285-be94-b07a3e11a098;18;;
342474;1787508922524;1505;BikePerformance / Fahrleistung;18;115;–;00-00-00-00-FF-FF-00-00-FF-FF-FF-FF-FF-00-00-00-00-00;NOTIFICATION;1;da1a1500-d532-4285-be94-b07a3e11a098;da1a1505-d532-4285-be94-b07a3e11a098;18;;
342682;1787508922732;1506;Trip / Kilometer & Betriebszähler;16;115;–;00-00-1C-5C-00-02-36-AE-00-00-02-D6-00-00-00-00;NOTIFICATION;1;da1a1500-d532-4285-be94-b07a3e11a098;da1a1506-d532-4285-be94-b07a3e11a098;18;;
343104;1787508923154;1508;Settings / Licht & Fahrstufe;17;114;–;00-00-00-01-FF-FF-FF-FF-FF-FF-FF-00-00-00-00-00-00;NOTIFICATION;1;da1a1500-d532-4285-be94-b07a3e11a098;da1a1508-d532-4285-be94-b07a3e11a098;18;;
343307;1787508923357;1509;BatteryChange / Akku-Livestand;11;115;–;00-00-FF-FF-20-B2-E8-00-00-00-00;NOTIFICATION;1;da1a1500-d532-4285-be94-b07a3e11a098;da1a1509-d532-4285-be94-b07a3e11a098;18;;
343515;1787508923565;150A;MotorUpdate / Motor-Livestand;10;115;–;00-00-FF-FF-FF-FF-FF-FF-FF-FF;NOTIFICATION;1;da1a1500-d532-4285-be94-b07a3e11a098;da1a150a-d532-4285-be94-b07a3e11a098;18;;
343724;1787508923774;150B;Motor-/Controllerblock;20;115;–;FF-FF-FF-FF-FF-FF-FF-FF-FF-FF-FF-FF-FF-FF-FF-FF-FF-FF-FF-FF;NOTIFICATION;1;da1a1500-d532-4285-be94-b07a3e11a098;da1a150b-d532-4285-be94-b07a3e11a098;18;;
343933;1787508923983;150D;Fahrstatistik Max/Ø;20;115;–;00-DA-00-91-FF-FF-FF-FF-47-18-FF-FF-FF-FF-FF-FF-FF-FF-00-00;NOTIFICATION;1;da1a1500-d532-4285-be94-b07a3e11a098;da1a150d-d532-4285-be94-b07a3e11a098;18;;
344977;1787508925027;1502;Akkuinformationen;16;116;–;47-18-FF-FF-FF-FF-47-18-FF-FF-FF-FF-FF-FF-00-00;NOTIFICATION;1;da1a1500-d532-4285-be94-b07a3e11a098;da1a1502-d532-4285-be94-b07a3e11a098;18;;
345393;1787508925443;1505;BikePerformance / Fahrleistung;18;116;–;00-00-00-00-FF-FF-00-00-FF-FF-FF-FF-FF-00-00-00-00-00;NOTIFICATION;1;da1a1500-d532-4285-be94-b07a3e11a098;da1a1505-d532-4285-be94-b07a3e11a098;18;;
345602;1787508925652;1506;Trip / Kilometer & Betriebszähler;16;116;–;00-00-1C-5C-00-02-36-AE-00-00-02-D6-00-00-00-00;NOTIFICATION;1;da1a1500-d532-4285-be94-b07a3e11a098;da1a1506-d532-4285-be94-b07a3e11a098;18;;
346026;1787508926076;1508;Settings / Licht & Fahrstufe;17;115;–;00-00-00-01-FF-FF-FF-FF-FF-FF-FF-00-00-00-00-00-00;NOTIFICATION;1;da1a1500-d532-4285-be94-b07a3e11a098;da1a1508-d532-4285-be94-b07a3e11a098;18;;
346223;1787508926273;1509;BatteryChange / Akku-Livestand;11;116;–;00-00-FF-FF-20-B2-E8-00-00-00-00;NOTIFICATION;1;da1a1500-d532-4285-be94-b07a3e11a098;da1a1509-d532-4285-be94-b07a3e11a098;18;;
346431;1787508926481;150A;MotorUpdate / Motor-Livestand;10;116;–;00-00-FF-FF-FF-FF-FF-FF-FF-FF;NOTIFICATION;1;da1a1500-d532-4285-be94-b07a3e11a098;da1a150a-d532-4285-be94-b07a3e11a098;18;;
346641;1787508926691;150B;Motor-/Controllerblock;20;116;–;FF-FF-FF-FF-FF-FF-FF-FF-FF-FF-FF-FF-FF-FF-FF-FF-FF-FF-FF-FF;NOTIFICATION;1;da1a1500-d532-4285-be94-b07a3e11a098;da1a150b-d532-4285-be94-b07a3e11a098;18;;
346852;1787508926902;150D;Fahrstatistik Max/Ø;20;116;–;00-DA-00-91-FF-FF-FF-FF-47-18-FF-FF-FF-FF-FF-FF-FF-FF-00-00;NOTIFICATION;1;da1a1500-d532-4285-be94-b07a3e11a098;da1a150d-d532-4285-be94-b07a3e11a098;18;;
347903;1787508927953;1502;Akkuinformationen;16;117;–;47-18-FF-FF-FF-FF-47-18-FF-FF-FF-FF-FF-FF-00-00;NOTIFICATION;1;da1a1500-d532-4285-be94-b07a3e11a098;da1a1502-d532-4285-be94-b07a3e11a098;18;;
348315;1787508928365;1505;BikePerformance / Fahrleistung;18;117;–;00-00-00-00-FF-FF-00-00-FF-FF-FF-FF-FF-00-00-00-00-00;NOTIFICATION;1;da1a1500-d532-4285-be94-b07a3e11a098;da1a1505-d532-4285-be94-b07a3e11a098;18;;
348522;1787508928572;1506;Trip / Kilometer & Betriebszähler;16;117;–;00-00-1C-5C-00-02-36-AE-00-00-02-D6-00-00-00-00;NOTIFICATION;1;da1a1500-d532-4285-be94-b07a3e11a098;da1a1506-d532-4285-be94-b07a3e11a098;18;;
348942;1787508928992;1508;Settings / Licht & Fahrstufe;17;116;–;00-00-00-01-FF-FF-FF-FF-FF-FF-FF-00-00-00-00-00-00;NOTIFICATION;1;da1a1500-d532-4285-be94-b07a3e11a098;da1a1508-d532-4285-be94-b07a3e11a098;18;;
349142;1787508929192;1509;BatteryChange / Akku-Livestand;11;117;–;00-00-FF-FF-20-B2-E8-00-00-00-00;NOTIFICATION;1;da1a1500-d532-4285-be94-b07a3e11a098;da1a1509-d532-4285-be94-b07a3e11a098;18;;
349352;1787508929402;150A;MotorUpdate / Motor-Livestand;10;117;–;00-00-FF-FF-FF-FF-FF-FF-FF-FF;NOTIFICATION;1;da1a1500-d532-4285-be94-b07a3e11a098;da1a150a-d532-4285-be94-b07a3e11a098;18;;
349562;1787508929612;150B;Motor-/Controllerblock;20;117;–;FF-FF-FF-FF-FF-FF-FF-FF-FF-FF-FF-FF-FF-FF-FF-FF-FF-FF-FF-FF;NOTIFICATION;1;da1a1500-d532-4285-be94-b07a3e11a098;da1a150b-d532-4285-be94-b07a3e11a098;18;;
349777;1787508929827;150D;Fahrstatistik Max/Ø;20;117;–;00-DA-00-91-FF-FF-FF-FF-47-18-FF-FF-FF-FF-FF-FF-FF-FF-00-00;NOTIFICATION;1;da1a1500-d532-4285-be94-b07a3e11a098;da1a150d-d532-4285-be94-b07a3e11a098;18;;
350813;1787508930863;1502;Akkuinformationen;16;118;–;47-18-FF-FF-FF-FF-47-18-FF-FF-FF-FF-FF-FF-00-00;NOTIFICATION;1;da1a1500-d532-4285-be94-b07a3e11a098;da1a1502-d532-4285-be94-b07a3e11a098;18;;
351232;1787508931282;1505;BikePerformance / Fahrleistung;18;118;–;00-00-00-00-FF-FF-00-00-FF-FF-FF-FF-FF-00-00-00-00-00;NOTIFICATION;1;da1a1500-d532-4285-be94-b07a3e11a098;da1a1505-d532-4285-be94-b07a3e11a098;18;;
351441;1787508931491;1506;Trip / Kilometer & Betriebszähler;16;118;–;00-00-1C-5C-00-02-36-AE-00-00-02-D6-00-00-00-00;NOTIFICATION;1;da1a1500-d532-4285-be94-b07a3e11a098;da1a1506-d532-4285-be94-b07a3e11a098;18;;
351864;1787508931914;1508;Settings / Licht & Fahrstufe;17;117;–;00-00-00-01-FF-FF-FF-FF-FF-FF-FF-00-00-00-00-00-00;NOTIFICATION;1;da1a1500-d532-4285-be94-b07a3e11a098;da1a1508-d532-4285-be94-b07a3e11a098;18;;
352066;1787508932116;1509;BatteryChange / Akku-Livestand;11;118;–;00-00-FF-FF-20-B2-E8-00-00-00-00;NOTIFICATION;1;da1a1500-d532-4285-be94-b07a3e11a098;da1a1509-d532-4285-be94-b07a3e11a098;18;;
352275;1787508932325;150A;MotorUpdate / Motor-Livestand;10;118;–;00-00-FF-FF-FF-FF-FF-FF-FF-FF;NOTIFICATION;1;da1a1500-d532-4285-be94-b07a3e11a098;da1a150a-d532-4285-be94-b07a3e11a098;18;;
352487;1787508932537;150B;Motor-/Controllerblock;20;118;–;FF-FF-FF-FF-FF-FF-FF-FF-FF-FF-FF-FF-FF-FF-FF-FF-FF-FF-FF-FF;NOTIFICATION;1;da1a1500-d532-4285-be94-b07a3e11a098;da1a150b-d532-4285-be94-b07a3e11a098;18;;
352701;1787508932751;150D;Fahrstatistik Max/Ø;20;118;–;00-DA-00-91-FF-FF-FF-FF-47-18-FF-FF-FF-FF-FF-FF-FF-FF-00-00;NOTIFICATION;1;da1a1500-d532-4285-be94-b07a3e11a098;da1a150d-d532-4285-be94-b07a3e11a098;18;;
353733;1787508933783;1502;Akkuinformationen;16;119;–;47-18-FF-FF-FF-FF-47-18-FF-FF-FF-FF-FF-FF-00-00;NOTIFICATION;1;da1a1500-d532-4285-be94-b07a3e11a098;da1a1502-d532-4285-be94-b07a3e11a098;18;;
354155;1787508934205;1505;BikePerformance / Fahrleistung;18;119;–;00-00-00-00-FF-FF-00-00-FF-FF-FF-FF-FF-00-00-00-00-00;NOTIFICATION;1;da1a1500-d532-4285-be94-b07a3e11a098;da1a1505-d532-4285-be94-b07a3e11a098;18;;
354367;1787508934417;1506;Trip / Kilometer & Betriebszähler;16;119;–;00-00-1C-5C-00-02-36-AE-00-00-02-D6-00-00-00-00;NOTIFICATION;1;da1a1500-d532-4285-be94-b07a3e11a098;da1a1506-d532-4285-be94-b07a3e11a098;18;;
354783;1787508934833;1508;Settings / Licht & Fahrstufe;17;118;–;00-00-00-01-FF-FF-FF-FF-FF-FF-FF-00-00-00-00-00-00;NOTIFICATION;1;da1a1500-d532-4285-be94-b07a3e11a098;da1a1508-d532-4285-be94-b07a3e11a098;18;;
354984;1787508935034;1509;BatteryChange / Akku-Livestand;11;119;–;00-00-FF-FF-20-B2-E8-00-00-00-00;NOTIFICATION;1;da1a1500-d532-4285-be94-b07a3e11a098;da1a1509-d532-4285-be94-b07a3e11a098;18;;
355194;1787508935244;150A;MotorUpdate / Motor-Livestand;10;119;–;00-00-FF-FF-FF-FF-FF-FF-FF-FF;NOTIFICATION;1;da1a1500-d532-4285-be94-b07a3e11a098;da1a150a-d532-4285-be94-b07a3e11a098;18;;
355405;1787508935455;150B;Motor-/Controllerblock;20;119;–;FF-FF-FF-FF-FF-FF-FF-FF-FF-FF-FF-FF-FF-FF-FF-FF-FF-FF-FF-FF;NOTIFICATION;1;da1a1500-d532-4285-be94-b07a3e11a098;da1a150b-d532-4285-be94-b07a3e11a098;18;;
355615;1787508935665;150D;Fahrstatistik Max/Ø;20;119;–;00-DA-00-91-FF-FF-FF-FF-47-18-FF-FF-FF-FF-FF-FF-FF-FF-00-00;NOTIFICATION;1;da1a1500-d532-4285-be94-b07a3e11a098;da1a150d-d532-4285-be94-b07a3e11a098;18;;
356654;1787508936704;1502;Akkuinformationen;16;120;–;47-18-FF-FF-FF-FF-47-18-FF-FF-FF-FF-FF-FF-00-00;NOTIFICATION;1;da1a1500-d532-4285-be94-b07a3e11a098;da1a1502-d532-4285-be94-b07a3e11a098;18;;
357074;1787508937124;1505;BikePerformance / Fahrleistung;18;120;–;00-00-00-00-FF-FF-00-00-FF-FF-FF-FF-FF-00-00-00-00-00;NOTIFICATION;1;da1a1500-d532-4285-be94-b07a3e11a098;da1a1505-d532-4285-be94-b07a3e11a098;18;;
357285;1787508937335;1506;Trip / Kilometer & Betriebszähler;16;120;–;00-00-1C-5C-00-02-36-AE-00-00-02-D6-00-00-00-00;NOTIFICATION;1;da1a1500-d532-4285-be94-b07a3e11a098;da1a1506-d532-4285-be94-b07a3e11a098;18;;
357707;1787508937757;1508;Settings / Licht & Fahrstufe;17;119;–;00-00-00-01-FF-FF-FF-FF-FF-FF-FF-00-00-00-00-00-00;NOTIFICATION;1;da1a1500-d532-4285-be94-b07a3e11a098;da1a1508-d532-4285-be94-b07a3e11a098;18;;
357905;1787508937955;1509;BatteryChange / Akku-Livestand;11;120;–;00-00-FF-FF-20-B2-E8-00-00-00-00;NOTIFICATION;1;da1a1500-d532-4285-be94-b07a3e11a098;da1a1509-d532-4285-be94-b07a3e11a098;18;;
358115;1787508938165;150A;MotorUpdate / Motor-Livestand;10;120;–;00-00-FF-FF-FF-FF-FF-FF-FF-FF;NOTIFICATION;1;da1a1500-d532-4285-be94-b07a3e11a098;da1a150a-d532-4285-be94-b07a3e11a098;18;;
358325;1787508938375;150B;Motor-/Controllerblock;20;120;–;FF-FF-FF-FF-FF-FF-FF-FF-FF-FF-FF-FF-FF-FF-FF-FF-FF-FF-FF-FF;NOTIFICATION;1;da1a1500-d532-4285-be94-b07a3e11a098;da1a150b-d532-4285-be94-b07a3e11a098;18;;
358546;1787508938596;150D;Fahrstatistik Max/Ø;20;120;–;00-DA-00-91-FF-FF-FF-FF-47-18-FF-FF-FF-FF-FF-FF-FF-FF-00-00;NOTIFICATION;1;da1a1500-d532-4285-be94-b07a3e11a098;da1a150d-d532-4285-be94-b07a3e11a098;18;;
359573;1787508939623;1502;Akkuinformationen;16;121;–;47-18-FF-FF-FF-FF-47-18-FF-FF-FF-FF-FF-FF-00-00;NOTIFICATION;1;da1a1500-d532-4285-be94-b07a3e11a098;da1a1502-d532-4285-be94-b07a3e11a098;18;;
359993;1787508940043;1505;BikePerformance / Fahrleistung;18;121;–;00-00-00-00-FF-FF-00-00-FF-FF-FF-FF-FF-00-00-00-00-00;NOTIFICATION;1;da1a1500-d532-4285-be94-b07a3e11a098;da1a1505-d532-4285-be94-b07a3e11a098;18;;
360204;1787508940254;1506;Trip / Kilometer & Betriebszähler;16;121;–;00-00-1C-5C-00-02-36-AE-00-00-02-D6-00-00-00-00;NOTIFICATION;1;da1a1500-d532-4285-be94-b07a3e11a098;da1a1506-d532-4285-be94-b07a3e11a098;18;;
360625;1787508940675;1508;Settings / Licht & Fahrstufe;17;120;–;00-00-00-01-FF-FF-FF-FF-FF-FF-FF-00-00-00-00-00-00;NOTIFICATION;1;da1a1500-d532-4285-be94-b07a3e11a098;da1a1508-d532-4285-be94-b07a3e11a098;18;;
360823;1787508940873;1509;BatteryChange / Akku-Livestand;11;121;–;00-00-FF-FF-20-B2-E8-00-00-00-00;NOTIFICATION;1;da1a1500-d532-4285-be94-b07a3e11a098;da1a1509-d532-4285-be94-b07a3e11a098;18;;
361033;1787508941083;150A;MotorUpdate / Motor-Livestand;10;121;–;00-00-FF-FF-FF-FF-FF-FF-FF-FF;NOTIFICATION;1;da1a1500-d532-4285-be94-b07a3e11a098;da1a150a-d532-4285-be94-b07a3e11a098;18;;
361244;1787508941294;150B;Motor-/Controllerblock;20;121;–;FF-FF-FF-FF-FF-FF-FF-FF-FF-FF-FF-FF-FF-FF-FF-FF-FF-FF-FF-FF;NOTIFICATION;1;da1a1500-d532-4285-be94-b07a3e11a098;da1a150b-d532-4285-be94-b07a3e11a098;18;;
361452;1787508941502;150D;Fahrstatistik Max/Ø;20;121;–;00-DA-00-91-FF-FF-FF-FF-47-18-FF-FF-FF-FF-FF-FF-FF-FF-00-00;NOTIFICATION;1;da1a1500-d532-4285-be94-b07a3e11a098;da1a150d-d532-4285-be94-b07a3e11a098;18;;
362504;1787508942554;1502;Akkuinformationen;16;122;–;47-18-FF-FF-FF-FF-47-18-FF-FF-FF-FF-FF-FF-00-00;NOTIFICATION;1;da1a1500-d532-4285-be94-b07a3e11a098;da1a1502-d532-4285-be94-b07a3e11a098;18;;
362916;1787508942966;1505;BikePerformance / Fahrleistung;18;122;–;00-00-00-00-FF-FF-00-00-FF-FF-FF-FF-FF-00-00-00-00-00;NOTIFICATION;1;da1a1500-d532-4285-be94-b07a3e11a098;da1a1505-d532-4285-be94-b07a3e11a098;18;;
363123;1787508943173;1506;Trip / Kilometer & Betriebszähler;16;122;–;00-00-1C-5C-00-02-36-AE-00-00-02-D6-00-00-00-00;NOTIFICATION;1;da1a1500-d532-4285-be94-b07a3e11a098;da1a1506-d532-4285-be94-b07a3e11a098;18;;
363544;1787508943594;1508;Settings / Licht & Fahrstufe;17;121;–;00-00-00-01-FF-FF-FF-FF-FF-FF-FF-00-00-00-00-00-00;NOTIFICATION;1;da1a1500-d532-4285-be94-b07a3e11a098;da1a1508-d532-4285-be94-b07a3e11a098;18;;
363744;1787508943794;1509;BatteryChange / Akku-Livestand;11;122;–;00-00-FF-FF-20-B2-E8-00-00-00-00;NOTIFICATION;1;da1a1500-d532-4285-be94-b07a3e11a098;da1a1509-d532-4285-be94-b07a3e11a098;18;;
363955;1787508944005;150A;MotorUpdate / Motor-Livestand;10;122;–;00-00-FF-FF-FF-FF-FF-FF-FF-FF;NOTIFICATION;1;da1a1500-d532-4285-be94-b07a3e11a098;da1a150a-d532-4285-be94-b07a3e11a098;18;;
364164;1787508944214;150B;Motor-/Controllerblock;20;122;–;FF-FF-FF-FF-FF-FF-FF-FF-FF-FF-FF-FF-FF-FF-FF-FF-FF-FF-FF-FF;NOTIFICATION;1;da1a1500-d532-4285-be94-b07a3e11a098;da1a150b-d532-4285-be94-b07a3e11a098;18;;
364378;1787508944428;150D;Fahrstatistik Max/Ø;20;122;–;00-DA-00-91-FF-FF-FF-FF-47-18-FF-FF-FF-FF-FF-FF-FF-FF-00-00;NOTIFICATION;1;da1a1500-d532-4285-be94-b07a3e11a098;da1a150d-d532-4285-be94-b07a3e11a098;18;;
365415;1787508945465;1502;Akkuinformationen;16;123;–;47-18-FF-FF-FF-FF-47-18-FF-FF-FF-FF-FF-FF-00-00;NOTIFICATION;1;da1a1500-d532-4285-be94-b07a3e11a098;da1a1502-d532-4285-be94-b07a3e11a098;18;;
365832;1787508945882;1505;BikePerformance / Fahrleistung;18;123;–;00-00-00-00-FF-FF-00-00-FF-FF-FF-FF-FF-00-00-00-00-00;NOTIFICATION;1;da1a1500-d532-4285-be94-b07a3e11a098;da1a1505-d532-4285-be94-b07a3e11a098;18;;
366043;1787508946093;1506;Trip / Kilometer & Betriebszähler;16;123;–;00-00-1C-5C-00-02-36-AE-00-00-02-D6-00-00-00-00;NOTIFICATION;1;da1a1500-d532-4285-be94-b07a3e11a098;da1a1506-d532-4285-be94-b07a3e11a098;18;;
366462;1787508946512;1508;Settings / Licht & Fahrstufe;17;122;–;00-00-00-01-FF-FF-FF-FF-FF-FF-FF-00-00-00-00-00-00;NOTIFICATION;1;da1a1500-d532-4285-be94-b07a3e11a098;da1a1508-d532-4285-be94-b07a3e11a098;18;;
366664;1787508946714;1509;BatteryChange / Akku-Livestand;11;123;–;00-00-FF-FF-20-B2-E8-00-00-00-00;NOTIFICATION;1;da1a1500-d532-4285-be94-b07a3e11a098;da1a1509-d532-4285-be94-b07a3e11a098;18;;
366875;1787508946925;150A;MotorUpdate / Motor-Livestand;10;123;–;00-00-FF-FF-FF-FF-FF-FF-FF-FF;NOTIFICATION;1;da1a1500-d532-4285-be94-b07a3e11a098;da1a150a-d532-4285-be94-b07a3e11a098;18;;
367083;1787508947133;150B;Motor-/Controllerblock;20;123;–;FF-FF-FF-FF-FF-FF-FF-FF-FF-FF-FF-FF-FF-FF-FF-FF-FF-FF-FF-FF;NOTIFICATION;1;da1a1500-d532-4285-be94-b07a3e11a098;da1a150b-d532-4285-be94-b07a3e11a098;18;;
367293;1787508947343;150D;Fahrstatistik Max/Ø;20;123;–;00-DA-00-91-FF-FF-FF-FF-47-18-FF-FF-FF-FF-FF-FF-FF-FF-00-00;NOTIFICATION;1;da1a1500-d532-4285-be94-b07a3e11a098;da1a150d-d532-4285-be94-b07a3e11a098;18;;
368332;1787508948382;1502;Akkuinformationen;16;124;–;47-18-FF-FF-FF-FF-47-18-FF-FF-FF-FF-FF-FF-00-00;NOTIFICATION;1;da1a1500-d532-4285-be94-b07a3e11a098;da1a1502-d532-4285-be94-b07a3e11a098;18;;
368754;1787508948804;1505;BikePerformance / Fahrleistung;18;124;–;00-00-00-00-FF-FF-00-00-FF-FF-FF-FF-FF-00-00-00-00-00;NOTIFICATION;1;da1a1500-d532-4285-be94-b07a3e11a098;da1a1505-d532-4285-be94-b07a3e11a098;18;;
368962;1787508949012;1506;Trip / Kilometer & Betriebszähler;16;124;–;00-00-1C-5C-00-02-36-AE-00-00-02-D6-00-00-00-00;NOTIFICATION;1;da1a1500-d532-4285-be94-b07a3e11a098;da1a1506-d532-4285-be94-b07a3e11a098;18;;
369381;1787508949431;1508;Settings / Licht & Fahrstufe;17;123;–;00-00-00-01-FF-FF-FF-FF-FF-FF-FF-00-00-00-00-00-00;NOTIFICATION;1;da1a1500-d532-4285-be94-b07a3e11a098;da1a1508-d532-4285-be94-b07a3e11a098;18;;
369583;1787508949633;1509;BatteryChange / Akku-Livestand;11;124;–;00-00-FF-FF-20-B2-E8-00-00-00-00;NOTIFICATION;1;da1a1500-d532-4285-be94-b07a3e11a098;da1a1509-d532-4285-be94-b07a3e11a098;18;;
369792;1787508949842;150A;MotorUpdate / Motor-Livestand;10;124;–;00-00-FF-FF-FF-FF-FF-FF-FF-FF;NOTIFICATION;1;da1a1500-d532-4285-be94-b07a3e11a098;da1a150a-d532-4285-be94-b07a3e11a098;18;;
370003;1787508950053;150B;Motor-/Controllerblock;20;124;–;FF-FF-FF-FF-FF-FF-FF-FF-FF-FF-FF-FF-FF-FF-FF-FF-FF-FF-FF-FF;NOTIFICATION;1;da1a1500-d532-4285-be94-b07a3e11a098;da1a150b-d532-4285-be94-b07a3e11a098;18;;
370214;1787508950264;150D;Fahrstatistik Max/Ø;20;124;–;00-DA-00-91-FF-FF-FF-FF-47-18-FF-FF-FF-FF-FF-FF-FF-FF-00-00;NOTIFICATION;1;da1a1500-d532-4285-be94-b07a3e11a098;da1a150d-d532-4285-be94-b07a3e11a098;18;;
371250;1787508951300;1502;Akkuinformationen;16;125;–;47-18-FF-FF-FF-FF-47-18-FF-FF-FF-FF-FF-FF-00-00;NOTIFICATION;1;da1a1500-d532-4285-be94-b07a3e11a098;da1a1502-d532-4285-be94-b07a3e11a098;18;;
371672;1787508951722;1505;BikePerformance / Fahrleistung;18;125;–;00-00-00-00-FF-FF-00-00-FF-FF-FF-FF-FF-00-00-00-00-00;NOTIFICATION;1;da1a1500-d532-4285-be94-b07a3e11a098;da1a1505-d532-4285-be94-b07a3e11a098;18;;
371883;1787508951933;1506;Trip / Kilometer & Betriebszähler;16;125;–;00-00-1C-5C-00-02-36-AE-00-00-02-D6-00-00-00-00;NOTIFICATION;1;da1a1500-d532-4285-be94-b07a3e11a098;da1a1506-d532-4285-be94-b07a3e11a098;18;;
372304;1787508952354;1508;Settings / Licht & Fahrstufe;17;124;–;00-00-00-01-FF-FF-FF-FF-FF-FF-FF-00-00-00-00-00-00;NOTIFICATION;1;da1a1500-d532-4285-be94-b07a3e11a098;da1a1508-d532-4285-be94-b07a3e11a098;18;;
372515;1787508952565;1509;BatteryChange / Akku-Livestand;11;125;–;00-00-FF-FF-20-B2-E8-00-00-00-00;NOTIFICATION;1;da1a1500-d532-4285-be94-b07a3e11a098;da1a1509-d532-4285-be94-b07a3e11a098;18;;
372713;1787508952763;150A;MotorUpdate / Motor-Livestand;10;125;–;00-00-FF-FF-FF-FF-FF-FF-FF-FF;NOTIFICATION;1;da1a1500-d532-4285-be94-b07a3e11a098;da1a150a-d532-4285-be94-b07a3e11a098;18;;
372933;1787508952983;150B;Motor-/Controllerblock;20;125;–;FF-FF-FF-FF-FF-FF-FF-FF-FF-FF-FF-FF-FF-FF-FF-FF-FF-FF-FF-FF;NOTIFICATION;1;da1a1500-d532-4285-be94-b07a3e11a098;da1a150b-d532-4285-be94-b07a3e11a098;18;;
373132;1787508953182;150D;Fahrstatistik Max/Ø;20;125;–;00-DA-00-91-FF-FF-FF-FF-47-18-FF-FF-FF-FF-FF-FF-FF-FF-00-00;NOTIFICATION;1;da1a1500-d532-4285-be94-b07a3e11a098;da1a150d-d532-4285-be94-b07a3e11a098;18;;
374177;1787508954227;1502;Akkuinformationen;16;126;–;47-18-FF-FF-FF-FF-47-18-FF-FF-FF-FF-FF-FF-00-00;NOTIFICATION;1;da1a1500-d532-4285-be94-b07a3e11a098;da1a1502-d532-4285-be94-b07a3e11a098;18;;
374593;1787508954643;1505;BikePerformance / Fahrleistung;18;126;–;00-00-00-00-FF-FF-00-00-FF-FF-FF-FF-FF-00-00-00-00-00;NOTIFICATION;1;da1a1500-d532-4285-be94-b07a3e11a098;da1a1505-d532-4285-be94-b07a3e11a098;18;;
374802;1787508954852;1506;Trip / Kilometer & Betriebszähler;16;126;–;00-00-1C-5C-00-02-36-AE-00-00-02-D6-00-00-00-00;NOTIFICATION;1;da1a1500-d532-4285-be94-b07a3e11a098;da1a1506-d532-4285-be94-b07a3e11a098;18;;
375222;1787508955272;1508;Settings / Licht & Fahrstufe;17;125;–;00-00-00-01-FF-FF-FF-FF-FF-FF-FF-00-00-00-00-00-00;NOTIFICATION;1;da1a1500-d532-4285-be94-b07a3e11a098;da1a1508-d532-4285-be94-b07a3e11a098;18;;
375434;1787508955484;1509;BatteryChange / Akku-Livestand;11;126;–;00-00-FF-FF-20-B2-E8-00-00-00-00;NOTIFICATION;1;da1a1500-d532-4285-be94-b07a3e11a098;da1a1509-d532-4285-be94-b07a3e11a098;18;;
375633;1787508955683;150A;MotorUpdate / Motor-Livestand;10;126;–;00-00-FF-FF-FF-FF-FF-FF-FF-FF;NOTIFICATION;1;da1a1500-d532-4285-be94-b07a3e11a098;da1a150a-d532-4285-be94-b07a3e11a098;18;;
375842;1787508955892;150B;Motor-/Controllerblock;20;126;–;FF-FF-FF-FF-FF-FF-FF-FF-FF-FF-FF-FF-FF-FF-FF-FF-FF-FF-FF-FF;NOTIFICATION;1;da1a1500-d532-4285-be94-b07a3e11a098;da1a150b-d532-4285-be94-b07a3e11a098;18;;
376063;1787508956113;150D;Fahrstatistik Max/Ø;20;126;–;00-DA-00-91-FF-FF-FF-FF-47-18-FF-FF-FF-FF-FF-FF-FF-FF-00-00;NOTIFICATION;1;da1a1500-d532-4285-be94-b07a3e11a098;da1a150d-d532-4285-be94-b07a3e11a098;18;;
377095;1787508957145;1502;Akkuinformationen;16;127;–;47-18-FF-FF-FF-FF-47-18-FF-FF-FF-FF-FF-FF-00-00;NOTIFICATION;1;da1a1500-d532-4285-be94-b07a3e11a098;da1a1502-d532-4285-be94-b07a3e11a098;18;;
377514;1787508957564;1505;BikePerformance / Fahrleistung;18;127;–;00-00-00-00-FF-FF-00-00-FF-FF-FF-FF-FF-00-00-00-00-00;NOTIFICATION;1;da1a1500-d532-4285-be94-b07a3e11a098;da1a1505-d532-4285-be94-b07a3e11a098;18;;
377722;1787508957772;1506;Trip / Kilometer & Betriebszähler;16;127;–;00-00-1C-5C-00-02-36-AE-00-00-02-D6-00-00-00-00;NOTIFICATION;1;da1a1500-d532-4285-be94-b07a3e11a098;da1a1506-d532-4285-be94-b07a3e11a098;18;;
378143;1787508958193;1508;Settings / Licht & Fahrstufe;17;126;–;00-00-00-01-FF-FF-FF-FF-FF-FF-FF-00-00-00-00-00-00;NOTIFICATION;1;da1a1500-d532-4285-be94-b07a3e11a098;da1a1508-d532-4285-be94-b07a3e11a098;18;;
378356;1787508958406;1509;BatteryChange / Akku-Livestand;11;127;–;00-00-FF-FF-20-B2-E8-00-00-00-00;NOTIFICATION;1;da1a1500-d532-4285-be94-b07a3e11a098;da1a1509-d532-4285-be94-b07a3e11a098;18;;
378555;1787508958605;150A;MotorUpdate / Motor-Livestand;10;127;–;00-00-FF-FF-FF-FF-FF-FF-FF-FF;NOTIFICATION;1;da1a1500-d532-4285-be94-b07a3e11a098;da1a150a-d532-4285-be94-b07a3e11a098;18;;
378765;1787508958815;150B;Motor-/Controllerblock;20;127;–;FF-FF-FF-FF-FF-FF-FF-FF-FF-FF-FF-FF-FF-FF-FF-FF-FF-FF-FF-FF;NOTIFICATION;1;da1a1500-d532-4285-be94-b07a3e11a098;da1a150b-d532-4285-be94-b07a3e11a098;18;;
378975;1787508959025;150D;Fahrstatistik Max/Ø;20;127;–;00-DA-00-91-FF-FF-FF-FF-47-18-FF-FF-FF-FF-FF-FF-FF-FF-00-00;NOTIFICATION;1;da1a1500-d532-4285-be94-b07a3e11a098;da1a150d-d532-4285-be94-b07a3e11a098;18;;
380012;1787508960062;1502;Akkuinformationen;16;128;–;47-18-FF-FF-FF-FF-47-18-FF-FF-FF-FF-FF-FF-00-00;NOTIFICATION;1;da1a1500-d532-4285-be94-b07a3e11a098;da1a1502-d532-4285-be94-b07a3e11a098;18;;
380433;1787508960483;1505;BikePerformance / Fahrleistung;18;128;–;00-00-00-00-FF-FF-00-00-FF-FF-FF-FF-FF-00-00-00-00-00;NOTIFICATION;1;da1a1500-d532-4285-be94-b07a3e11a098;da1a1505-d532-4285-be94-b07a3e11a098;18;;
380642;1787508960692;1506;Trip / Kilometer & Betriebszähler;16;128;–;00-00-1C-5C-00-02-36-AE-00-00-02-D6-00-00-00-00;NOTIFICATION;1;da1a1500-d532-4285-be94-b07a3e11a098;da1a1506-d532-4285-be94-b07a3e11a098;18;;
381063;1787508961113;1508;Settings / Licht & Fahrstufe;17;127;–;00-00-00-01-FF-FF-FF-FF-FF-FF-FF-00-00-00-00-00-00;NOTIFICATION;1;da1a1500-d532-4285-be94-b07a3e11a098;da1a1508-d532-4285-be94-b07a3e11a098;18;;
381275;1787508961325;1509;BatteryChange / Akku-Livestand;11;128;–;00-00-FF-FF-20-B2-E8-00-00-00-00;NOTIFICATION;1;da1a1500-d532-4285-be94-b07a3e11a098;da1a1509-d532-4285-be94-b07a3e11a098;18;;
381474;1787508961524;150A;MotorUpdate / Motor-Livestand;10;128;–;00-00-FF-FF-FF-FF-FF-FF-FF-FF;NOTIFICATION;1;da1a1500-d532-4285-be94-b07a3e11a098;da1a150a-d532-4285-be94-b07a3e11a098;18;;
381684;1787508961734;150B;Motor-/Controllerblock;20;128;–;FF-FF-FF-FF-FF-FF-FF-FF-FF-FF-FF-FF-FF-FF-FF-FF-FF-FF-FF-FF;NOTIFICATION;1;da1a1500-d532-4285-be94-b07a3e11a098;da1a150b-d532-4285-be94-b07a3e11a098;18;;
381893;1787508961943;150D;Fahrstatistik Max/Ø;20;128;–;00-DA-00-91-FF-FF-FF-FF-47-18-FF-FF-FF-FF-FF-FF-FF-FF-00-00;NOTIFICATION;1;da1a1500-d532-4285-be94-b07a3e11a098;da1a150d-d532-4285-be94-b07a3e11a098;18;;
382944;1787508962994;1502;Akkuinformationen;16;129;–;47-18-FF-FF-FF-FF-47-18-FF-FF-FF-FF-FF-FF-00-00;NOTIFICATION;1;da1a1500-d532-4285-be94-b07a3e11a098;da1a1502-d532-4285-be94-b07a3e11a098;18;;
383353;1787508963403;1505;BikePerformance / Fahrleistung;18;129;–;00-00-00-00-FF-FF-00-00-FF-FF-FF-FF-FF-00-00-00-00-00;NOTIFICATION;1;da1a1500-d532-4285-be94-b07a3e11a098;da1a1505-d532-4285-be94-b07a3e11a098;18;;
383563;1787508963613;1506;Trip / Kilometer & Betriebszähler;16;129;–;00-00-1C-5C-00-02-36-AE-00-00-02-D6-00-00-00-00;NOTIFICATION;1;da1a1500-d532-4285-be94-b07a3e11a098;da1a1506-d532-4285-be94-b07a3e11a098;18;;
383992;1787508964042;1508;Settings / Licht & Fahrstufe;17;128;–;00-00-00-01-FF-FF-FF-FF-FF-FF-FF-00-00-00-00-00-00;NOTIFICATION;1;da1a1500-d532-4285-be94-b07a3e11a098;da1a1508-d532-4285-be94-b07a3e11a098;18;;
384193;1787508964243;1509;BatteryChange / Akku-Livestand;11;129;–;00-00-FF-FF-20-B2-E8-00-00-00-00;NOTIFICATION;1;da1a1500-d532-4285-be94-b07a3e11a098;da1a1509-d532-4285-be94-b07a3e11a098;18;;
384393;1787508964443;150A;MotorUpdate / Motor-Livestand;10;129;–;00-00-FF-FF-FF-FF-FF-FF-FF-FF;NOTIFICATION;1;da1a1500-d532-4285-be94-b07a3e11a098;da1a150a-d532-4285-be94-b07a3e11a098;18;;
384605;1787508964655;150B;Motor-/Controllerblock;20;129;–;FF-FF-FF-FF-FF-FF-FF-FF-FF-FF-FF-FF-FF-FF-FF-FF-FF-FF-FF-FF;NOTIFICATION;1;da1a1500-d532-4285-be94-b07a3e11a098;da1a150b-d532-4285-be94-b07a3e11a098;18;;
384811;1787508964861;150D;Fahrstatistik Max/Ø;20;129;–;00-DA-00-91-FF-FF-FF-FF-47-18-FF-FF-FF-FF-FF-FF-FF-FF-00-00;NOTIFICATION;1;da1a1500-d532-4285-be94-b07a3e11a098;da1a150d-d532-4285-be94-b07a3e11a098;18;;
385863;1787508965913;1502;Akkuinformationen;16;130;–;47-18-FF-FF-FF-FF-47-18-FF-FF-FF-FF-FF-FF-00-00;NOTIFICATION;1;da1a1500-d532-4285-be94-b07a3e11a098;da1a1502-d532-4285-be94-b07a3e11a098;18;;
386276;1787508966326;1505;BikePerformance / Fahrleistung;18;130;–;00-00-00-00-FF-FF-00-00-FF-FF-FF-FF-FF-00-00-00-00-00;NOTIFICATION;1;da1a1500-d532-4285-be94-b07a3e11a098;da1a1505-d532-4285-be94-b07a3e11a098;18;;
386486;1787508966536;1506;Trip / Kilometer & Betriebszähler;16;130;–;00-00-1C-5C-00-02-36-AE-00-00-02-D6-00-00-00-00;NOTIFICATION;1;da1a1500-d532-4285-be94-b07a3e11a098;da1a1506-d532-4285-be94-b07a3e11a098;18;;
386903;1787508966953;1508;Settings / Licht & Fahrstufe;17;129;–;00-00-00-01-FF-FF-FF-FF-FF-FF-FF-00-00-00-00-00-00;NOTIFICATION;1;da1a1500-d532-4285-be94-b07a3e11a098;da1a1508-d532-4285-be94-b07a3e11a098;18;;
387115;1787508967165;1509;BatteryChange / Akku-Livestand;11;130;–;00-00-FF-FF-20-B2-E8-00-00-00-00;NOTIFICATION;1;da1a1500-d532-4285-be94-b07a3e11a098;da1a1509-d532-4285-be94-b07a3e11a098;18;;
387323;1787508967373;150A;MotorUpdate / Motor-Livestand;10;130;–;00-00-FF-FF-FF-FF-FF-FF-FF-FF;NOTIFICATION;1;da1a1500-d532-4285-be94-b07a3e11a098;da1a150a-d532-4285-be94-b07a3e11a098;18;;
387524;1787508967574;150B;Motor-/Controllerblock;20;130;–;FF-FF-FF-FF-FF-FF-FF-FF-FF-FF-FF-FF-FF-FF-FF-FF-FF-FF-FF-FF;NOTIFICATION;1;da1a1500-d532-4285-be94-b07a3e11a098;da1a150b-d532-4285-be94-b07a3e11a098;18;;
387734;1787508967784;150D;Fahrstatistik Max/Ø;20;130;–;00-DA-00-91-FF-FF-FF-FF-47-18-FF-FF-FF-FF-FF-FF-FF-FF-00-00;NOTIFICATION;1;da1a1500-d532-4285-be94-b07a3e11a098;da1a150d-d532-4285-be94-b07a3e11a098;18;;
