relative_ms;timestamp_ms;channel;meaning;length;packet_no;changed_bytes;hex;origin;connection_epoch;service_uuid;characteristic_uuid;properties_raw;payload_sha256;public_redaction
8520;1787408435805;1502;Akkuinformationen;16;1;0,1,2,3,4,5,6,7,8,9,10,11,12,13,14,15;47-18-FF-FF-FF-FF-47-18-FF-FF-FF-FF-FF-FF-00-00;NOTIFICATION;1;da1a1500-d532-4285-be94-b07a3e11a098;da1a1502-d532-4285-be94-b07a3e11a098;18;;
9144;1787408436429;1505;BikePerformance / Fahrleistung;18;1;0,1,2,3,4,5,6,7,8,9,10,11,12,13,14,15,16,17;00-00-00-00-FF-FF-00-00-FF-FF-FF-FF-FF-00-00-00-00-00;NOTIFICATION;1;da1a1500-d532-4285-be94-b07a3e11a098;da1a1505-d532-4285-be94-b07a3e11a098;18;;
9351;1787408436636;1506;Trip / Kilometer & Betriebszähler;16;1;0,1,2,3,4,5,6,7,8,9,10,11,12,13,14,15;00-00-1B-FB-00-02-2F-01-00-00-02-CC-00-00-00-00;NOTIFICATION;1;da1a1500-d532-4285-be94-b07a3e11a098;da1a1506-d532-4285-be94-b07a3e11a098;18;;
9774;1787408437059;1508;Settings / Licht & Fahrstufe;17;1;0,1,2,3,4,5,6,7,8,9,10,11,12,13,14,15,16;00-00-00-01-FF-FF-FF-FF-FF-FF-FF-00-00-00-00-00-00;NOTIFICATION;1;da1a1500-d532-4285-be94-b07a3e11a098;da1a1508-d532-4285-be94-b07a3e11a098;18;;
9981;1787408437266;1509;BatteryChange / Akku-Livestand;11;1;0,1,2,3,4,5,6,7,8,9,10;00-00-FF-FF-36-BB-80-00-00-00-00;NOTIFICATION;1;da1a1500-d532-4285-be94-b07a3e11a098;da1a1509-d532-4285-be94-b07a3e11a098;18;;
10182;1787408437467;150A;MotorUpdate / Motor-Livestand;10;1;0,1,2,3,4,5,6,7,8,9;00-00-FF-FF-FF-FF-FF-FF-FF-FF;NOTIFICATION;1;da1a1500-d532-4285-be94-b07a3e11a098;da1a150a-d532-4285-be94-b07a3e11a098;18;;
10391;1787408437676;150B;Motor-/Controllerblock;20;1;0,1,2,3,4,5,6,7,8,9,10,11,12,13,14,15,16,17,18,19;FF-FF-FF-FF-FF-FF-FF-FF-FF-FF-FF-FF-FF-FF-FF-FF-FF-FF-FF-FF;NOTIFICATION;1;da1a1500-d532-4285-be94-b07a3e11a098;da1a150b-d532-4285-be94-b07a3e11a098;18;;
10601;1787408437886;150D;Fahrstatistik Max/Ø;20;1;0,1,2,3,4,5,6,7,8,9,10,11,12,13,14,15,16,17,18,19;00-00-00-00-FF-FF-FF-FF-47-18-FF-FF-FF-FF-FF-FF-FF-FF-00-00;NOTIFICATION;1;da1a1500-d532-4285-be94-b07a3e11a098;da1a150d-d532-4285-be94-b07a3e11a098;18;;
11642;1787408438927;1502;Akkuinformationen;16;2;–;47-18-FF-FF-FF-FF-47-18-FF-FF-FF-FF-FF-FF-00-00;NOTIFICATION;1;da1a1500-d532-4285-be94-b07a3e11a098;da1a1502-d532-4285-be94-b07a3e11a098;18;;
12277;1787408439562;1505;BikePerformance / Fahrleistung;18;2;–;00-00-00-00-FF-FF-00-00-FF-FF-FF-FF-FF-00-00-00-00-00;NOTIFICATION;1;da1a1500-d532-4285-be94-b07a3e11a098;da1a1505-d532-4285-be94-b07a3e11a098;18;;
12483;1787408439768;1506;Trip / Kilometer & Betriebszähler;16;2;–;00-00-1B-FB-00-02-2F-01-00-00-02-CC-00-00-00-00;NOTIFICATION;1;da1a1500-d532-4285-be94-b07a3e11a098;da1a1506-d532-4285-be94-b07a3e11a098;18;;
12905;1787408440190;1508;Settings / Licht & Fahrstufe;17;2;–;00-00-00-01-FF-FF-FF-FF-FF-FF-FF-00-00-00-00-00-00;NOTIFICATION;1;da1a1500-d532-4285-be94-b07a3e11a098;da1a1508-d532-4285-be94-b07a3e11a098;18;;
13104;1787408440389;1509;BatteryChange / Akku-Livestand;11;2;–;00-00-FF-FF-36-BB-80-00-00-00-00;NOTIFICATION;1;da1a1500-d532-4285-be94-b07a3e11a098;da1a1509-d532-4285-be94-b07a3e11a098;18;;
13315;1787408440600;150A;MotorUpdate / Motor-Livestand;10;2;–;00-00-FF-FF-FF-FF-FF-FF-FF-FF;NOTIFICATION;1;da1a1500-d532-4285-be94-b07a3e11a098;da1a150a-d532-4285-be94-b07a3e11a098;18;;
13525;1787408440810;150B;Motor-/Controllerblock;20;2;–;FF-FF-FF-FF-FF-FF-FF-FF-FF-FF-FF-FF-FF-FF-FF-FF-FF-FF-FF-FF;NOTIFICATION;1;da1a1500-d532-4285-be94-b07a3e11a098;da1a150b-d532-4285-be94-b07a3e11a098;18;;
13745;1787408441030;150D;Fahrstatistik Max/Ø;20;2;1;00-03-00-00-FF-FF-FF-FF-47-18-FF-FF-FF-FF-FF-FF-FF-FF-00-00;NOTIFICATION;1;da1a1500-d532-4285-be94-b07a3e11a098;da1a150d-d532-4285-be94-b07a3e11a098;18;;
14782;1787408442067;1502;Akkuinformationen;16;3;–;47-18-FF-FF-FF-FF-47-18-FF-FF-FF-FF-FF-FF-00-00;NOTIFICATION;1;da1a1500-d532-4285-be94-b07a3e11a098;da1a1502-d532-4285-be94-b07a3e11a098;18;;
15196;1787408442481;1505;BikePerformance / Fahrleistung;18;3;–;00-00-00-00-FF-FF-00-00-FF-FF-FF-FF-FF-00-00-00-00-00;NOTIFICATION;1;da1a1500-d532-4285-be94-b07a3e11a098;da1a1505-d532-4285-be94-b07a3e11a098;18;;
15405;1787408442690;1506;Trip / Kilometer & Betriebszähler;16;3;7;00-00-1B-FB-00-02-2F-02-00-00-02-CC-00-00-00-00;NOTIFICATION;1;da1a1500-d532-4285-be94-b07a3e11a098;da1a1506-d532-4285-be94-b07a3e11a098;18;;
15825;1787408443110;1508;Settings / Licht & Fahrstufe;17;3;–;00-00-00-01-FF-FF-FF-FF-FF-FF-FF-00-00-00-00-00-00;NOTIFICATION;1;da1a1500-d532-4285-be94-b07a3e11a098;da1a1508-d532-4285-be94-b07a3e11a098;18;;
16025;1787408443310;1509;BatteryChange / Akku-Livestand;11;3;–;00-00-FF-FF-36-BB-80-00-00-00-00;NOTIFICATION;1;da1a1500-d532-4285-be94-b07a3e11a098;da1a1509-d532-4285-be94-b07a3e11a098;18;;
16234;1787408443519;150A;MotorUpdate / Motor-Livestand;10;3;–;00-00-FF-FF-FF-FF-FF-FF-FF-FF;NOTIFICATION;1;da1a1500-d532-4285-be94-b07a3e11a098;da1a150a-d532-4285-be94-b07a3e11a098;18;;
16445;1787408443730;150B;Motor-/Controllerblock;20;3;–;FF-FF-FF-FF-FF-FF-FF-FF-FF-FF-FF-FF-FF-FF-FF-FF-FF-FF-FF-FF;NOTIFICATION;1;da1a1500-d532-4285-be94-b07a3e11a098;da1a150b-d532-4285-be94-b07a3e11a098;18;;
16655;1787408443940;150D;Fahrstatistik Max/Ø;20;3;1;00-04-00-00-FF-FF-FF-FF-47-18-FF-FF-FF-FF-FF-FF-FF-FF-00-00;NOTIFICATION;1;da1a1500-d532-4285-be94-b07a3e11a098;da1a150d-d532-4285-be94-b07a3e11a098;18;;
17695;1787408444980;1502;Akkuinformationen;16;4;–;47-18-FF-FF-FF-FF-47-18-FF-FF-FF-FF-FF-FF-00-00;NOTIFICATION;1;da1a1500-d532-4285-be94-b07a3e11a098;da1a1502-d532-4285-be94-b07a3e11a098;18;;
18115;1787408445400;1505;BikePerformance / Fahrleistung;18;4;–;00-00-00-00-FF-FF-00-00-FF-FF-FF-FF-FF-00-00-00-00-00;NOTIFICATION;1;da1a1500-d532-4285-be94-b07a3e11a098;da1a1505-d532-4285-be94-b07a3e11a098;18;;
18326;1787408445611;1506;Trip / Kilometer & Betriebszähler;16;4;–;00-00-1B-FB-00-02-2F-02-00-00-02-CC-00-00-00-00;NOTIFICATION;1;da1a1500-d532-4285-be94-b07a3e11a098;da1a1506-d532-4285-be94-b07a3e11a098;18;;
18743;1787408446028;1508;Settings / Licht & Fahrstufe;17;4;–;00-00-00-01-FF-FF-FF-FF-FF-FF-FF-00-00-00-00-00-00;NOTIFICATION;1;da1a1500-d532-4285-be94-b07a3e11a098;da1a1508-d532-4285-be94-b07a3e11a098;18;;
18950;1787408446235;1509;BatteryChange / Akku-Livestand;11;4;–;00-00-FF-FF-36-BB-80-00-00-00-00;NOTIFICATION;1;da1a1500-d532-4285-be94-b07a3e11a098;da1a1509-d532-4285-be94-b07a3e11a098;18;;
19155;1787408446440;150A;MotorUpdate / Motor-Livestand;10;4;–;00-00-FF-FF-FF-FF-FF-FF-FF-FF;NOTIFICATION;1;da1a1500-d532-4285-be94-b07a3e11a098;da1a150a-d532-4285-be94-b07a3e11a098;18;;
19363;1787408446648;150B;Motor-/Controllerblock;20;4;–;FF-FF-FF-FF-FF-FF-FF-FF-FF-FF-FF-FF-FF-FF-FF-FF-FF-FF-FF-FF;NOTIFICATION;1;da1a1500-d532-4285-be94-b07a3e11a098;da1a150b-d532-4285-be94-b07a3e11a098;18;;
19575;1787408446860;150D;Fahrstatistik Max/Ø;20;4;1;00-07-00-00-FF-FF-FF-FF-47-18-FF-FF-FF-FF-FF-FF-FF-FF-00-00;NOTIFICATION;1;da1a1500-d532-4285-be94-b07a3e11a098;da1a150d-d532-4285-be94-b07a3e11a098;18;;
20616;1787408447901;1502;Akkuinformationen;16;5;–;47-18-FF-FF-FF-FF-47-18-FF-FF-FF-FF-FF-FF-00-00;NOTIFICATION;1;da1a1500-d532-4285-be94-b07a3e11a098;da1a1502-d532-4285-be94-b07a3e11a098;18;;
21035;1787408448320;1505;BikePerformance / Fahrleistung;18;5;7;00-00-00-00-FF-FF-00-08-FF-FF-FF-FF-FF-00-00-00-00-00;NOTIFICATION;1;da1a1500-d532-4285-be94-b07a3e11a098;da1a1505-d532-4285-be94-b07a3e11a098;18;;
21246;1787408448531;1506;Trip / Kilometer & Betriebszähler;16;5;7;00-00-1B-FB-00-02-2F-05-00-00-02-CC-00-00-00-00;NOTIFICATION;1;da1a1500-d532-4285-be94-b07a3e11a098;da1a1506-d532-4285-be94-b07a3e11a098;18;;
21655;1787408448940;1508;Settings / Licht & Fahrstufe;17;5;–;00-00-00-01-FF-FF-FF-FF-FF-FF-FF-00-00-00-00-00-00;NOTIFICATION;1;da1a1500-d532-4285-be94-b07a3e11a098;da1a1508-d532-4285-be94-b07a3e11a098;18;;
21865;1787408449150;1509;BatteryChange / Akku-Livestand;11;5;–;00-00-FF-FF-36-BB-80-00-00-00-00;NOTIFICATION;1;da1a1500-d532-4285-be94-b07a3e11a098;da1a1509-d532-4285-be94-b07a3e11a098;18;;
22072;1787408449357;150A;MotorUpdate / Motor-Livestand;10;5;–;00-00-FF-FF-FF-FF-FF-FF-FF-FF;NOTIFICATION;1;da1a1500-d532-4285-be94-b07a3e11a098;da1a150a-d532-4285-be94-b07a3e11a098;18;;
22285;1787408449570;150B;Motor-/Controllerblock;20;5;–;FF-FF-FF-FF-FF-FF-FF-FF-FF-FF-FF-FF-FF-FF-FF-FF-FF-FF-FF-FF;NOTIFICATION;1;da1a1500-d532-4285-be94-b07a3e11a098;da1a150b-d532-4285-be94-b07a3e11a098;18;;
22495;1787408449780;150D;Fahrstatistik Max/Ø;20;5;1;00-0B-00-00-FF-FF-FF-FF-47-18-FF-FF-FF-FF-FF-FF-FF-FF-00-00;NOTIFICATION;1;da1a1500-d532-4285-be94-b07a3e11a098;da1a150d-d532-4285-be94-b07a3e11a098;18;;
23532;1787408450817;1502;Akkuinformationen;16;6;–;47-18-FF-FF-FF-FF-47-18-FF-FF-FF-FF-FF-FF-00-00;NOTIFICATION;1;da1a1500-d532-4285-be94-b07a3e11a098;da1a1502-d532-4285-be94-b07a3e11a098;18;;
23953;1787408451238;1505;BikePerformance / Fahrleistung;18;6;7;00-00-00-00-FF-FF-00-09-FF-FF-FF-FF-FF-00-00-00-00-00;NOTIFICATION;1;da1a1500-d532-4285-be94-b07a3e11a098;da1a1505-d532-4285-be94-b07a3e11a098;18;;
24165;1787408451450;1506;Trip / Kilometer & Betriebszähler;16;6;7;00-00-1B-FB-00-02-2F-08-00-00-02-CC-00-00-00-00;NOTIFICATION;1;da1a1500-d532-4285-be94-b07a3e11a098;da1a1506-d532-4285-be94-b07a3e11a098;18;;
24586;1787408451871;1508;Settings / Licht & Fahrstufe;17;6;–;00-00-00-01-FF-FF-FF-FF-FF-FF-FF-00-00-00-00-00-00;NOTIFICATION;1;da1a1500-d532-4285-be94-b07a3e11a098;da1a1508-d532-4285-be94-b07a3e11a098;18;;
24784;1787408452069;1509;BatteryChange / Akku-Livestand;11;6;–;00-00-FF-FF-36-BB-80-00-00-00-00;NOTIFICATION;1;da1a1500-d532-4285-be94-b07a3e11a098;da1a1509-d532-4285-be94-b07a3e11a098;18;;
24996;1787408452281;150A;MotorUpdate / Motor-Livestand;10;6;–;00-00-FF-FF-FF-FF-FF-FF-FF-FF;NOTIFICATION;1;da1a1500-d532-4285-be94-b07a3e11a098;da1a150a-d532-4285-be94-b07a3e11a098;18;;
25204;1787408452489;150B;Motor-/Controllerblock;20;6;–;FF-FF-FF-FF-FF-FF-FF-FF-FF-FF-FF-FF-FF-FF-FF-FF-FF-FF-FF-FF;NOTIFICATION;1;da1a1500-d532-4285-be94-b07a3e11a098;da1a150b-d532-4285-be94-b07a3e11a098;18;;
25415;1787408452700;150D;Fahrstatistik Max/Ø;20;6;1;00-0E-00-00-FF-FF-FF-FF-47-18-FF-FF-FF-FF-FF-FF-FF-FF-00-00;NOTIFICATION;1;da1a1500-d532-4285-be94-b07a3e11a098;da1a150d-d532-4285-be94-b07a3e11a098;18;;
26455;1787408453740;1502;Akkuinformationen;16;7;–;47-18-FF-FF-FF-FF-47-18-FF-FF-FF-FF-FF-FF-00-00;NOTIFICATION;1;da1a1500-d532-4285-be94-b07a3e11a098;da1a1502-d532-4285-be94-b07a3e11a098;18;;
26874;1787408454159;1505;BikePerformance / Fahrleistung;18;7;7;00-00-00-00-FF-FF-00-05-FF-FF-FF-FF-FF-00-00-00-00-00;NOTIFICATION;1;da1a1500-d532-4285-be94-b07a3e11a098;da1a1505-d532-4285-be94-b07a3e11a098;18;;
27084;1787408454369;1506;Trip / Kilometer & Betriebszähler;16;7;7;00-00-1B-FB-00-02-2F-0B-00-00-02-CC-00-00-00-00;NOTIFICATION;1;da1a1500-d532-4285-be94-b07a3e11a098;da1a1506-d532-4285-be94-b07a3e11a098;18;;
27495;1787408454780;1508;Settings / Licht & Fahrstufe;17;7;–;00-00-00-01-FF-FF-FF-FF-FF-FF-FF-00-00-00-00-00-00;NOTIFICATION;1;da1a1500-d532-4285-be94-b07a3e11a098;da1a1508-d532-4285-be94-b07a3e11a098;18;;
27702;1787408454987;1509;BatteryChange / Akku-Livestand;11;7;–;00-00-FF-FF-36-BB-80-00-00-00-00;NOTIFICATION;1;da1a1500-d532-4285-be94-b07a3e11a098;da1a1509-d532-4285-be94-b07a3e11a098;18;;
27912;1787408455197;150A;MotorUpdate / Motor-Livestand;10;7;–;00-00-FF-FF-FF-FF-FF-FF-FF-FF;NOTIFICATION;1;da1a1500-d532-4285-be94-b07a3e11a098;da1a150a-d532-4285-be94-b07a3e11a098;18;;
28122;1787408455407;150B;Motor-/Controllerblock;20;7;–;FF-FF-FF-FF-FF-FF-FF-FF-FF-FF-FF-FF-FF-FF-FF-FF-FF-FF-FF-FF;NOTIFICATION;1;da1a1500-d532-4285-be94-b07a3e11a098;da1a150b-d532-4285-be94-b07a3e11a098;18;;
28333;1787408455618;150D;Fahrstatistik Max/Ø;20;7;–;00-0E-00-00-FF-FF-FF-FF-47-18-FF-FF-FF-FF-FF-FF-FF-FF-00-00;NOTIFICATION;1;da1a1500-d532-4285-be94-b07a3e11a098;da1a150d-d532-4285-be94-b07a3e11a098;18;;
29371;1787408456656;1502;Akkuinformationen;16;8;–;47-18-FF-FF-FF-FF-47-18-FF-FF-FF-FF-FF-FF-00-00;NOTIFICATION;1;da1a1500-d532-4285-be94-b07a3e11a098;da1a1502-d532-4285-be94-b07a3e11a098;18;;
29793;1787408457078;1505;BikePerformance / Fahrleistung;18;8;7;00-00-00-00-FF-FF-00-00-FF-FF-FF-FF-FF-00-00-00-00-00;NOTIFICATION;1;da1a1500-d532-4285-be94-b07a3e11a098;da1a1505-d532-4285-be94-b07a3e11a098;18;;
30004;1787408457289;1506;Trip / Kilometer & Betriebszähler;16;8;7;00-00-1B-FB-00-02-2F-0C-00-00-02-CC-00-00-00-00;NOTIFICATION;1;da1a1500-d532-4285-be94-b07a3e11a098;da1a1506-d532-4285-be94-b07a3e11a098;18;;
30414;1787408457699;1508;Settings / Licht & Fahrstufe;17;8;–;00-00-00-01-FF-FF-FF-FF-FF-FF-FF-00-00-00-00-00-00;NOTIFICATION;1;da1a1500-d532-4285-be94-b07a3e11a098;da1a1508-d532-4285-be94-b07a3e11a098;18;;
30625;1787408457910;1509;BatteryChange / Akku-Livestand;11;8;–;00-00-FF-FF-36-BB-80-00-00-00-00;NOTIFICATION;1;da1a1500-d532-4285-be94-b07a3e11a098;da1a1509-d532-4285-be94-b07a3e11a098;18;;
30835;1787408458120;150A;MotorUpdate / Motor-Livestand;10;8;–;00-00-FF-FF-FF-FF-FF-FF-FF-FF;NOTIFICATION;1;da1a1500-d532-4285-be94-b07a3e11a098;da1a150a-d532-4285-be94-b07a3e11a098;18;;
31043;1787408458328;150B;Motor-/Controllerblock;20;8;–;FF-FF-FF-FF-FF-FF-FF-FF-FF-FF-FF-FF-FF-FF-FF-FF-FF-FF-FF-FF;NOTIFICATION;1;da1a1500-d532-4285-be94-b07a3e11a098;da1a150b-d532-4285-be94-b07a3e11a098;18;;
31255;1787408458540;150D;Fahrstatistik Max/Ø;20;8;–;00-0E-00-00-FF-FF-FF-FF-47-18-FF-FF-FF-FF-FF-FF-FF-FF-00-00;NOTIFICATION;1;da1a1500-d532-4285-be94-b07a3e11a098;da1a150d-d532-4285-be94-b07a3e11a098;18;;
32295;1787408459580;1502;Akkuinformationen;16;9;–;47-18-FF-FF-FF-FF-47-18-FF-FF-FF-FF-FF-FF-00-00;NOTIFICATION;1;da1a1500-d532-4285-be94-b07a3e11a098;da1a1502-d532-4285-be94-b07a3e11a098;18;;
32715;1787408460000;1505;BikePerformance / Fahrleistung;18;9;–;00-00-00-00-FF-FF-00-00-FF-FF-FF-FF-FF-00-00-00-00-00;NOTIFICATION;1;da1a1500-d532-4285-be94-b07a3e11a098;da1a1505-d532-4285-be94-b07a3e11a098;18;;
32923;1787408460208;1506;Trip / Kilometer & Betriebszähler;16;9;–;00-00-1B-FB-00-02-2F-0C-00-00-02-CC-00-00-00-00;NOTIFICATION;1;da1a1500-d532-4285-be94-b07a3e11a098;da1a1506-d532-4285-be94-b07a3e11a098;18;;
33335;1787408460620;1508;Settings / Licht & Fahrstufe;17;9;–;00-00-00-01-FF-FF-FF-FF-FF-FF-FF-00-00-00-00-00-00;NOTIFICATION;1;da1a1500-d532-4285-be94-b07a3e11a098;da1a1508-d532-4285-be94-b07a3e11a098;18;;
33546;1787408460831;1509;BatteryChange / Akku-Livestand;11;9;–;00-00-FF-FF-36-BB-80-00-00-00-00;NOTIFICATION;1;da1a1500-d532-4285-be94-b07a3e11a098;da1a1509-d532-4285-be94-b07a3e11a098;18;;
33755;1787408461040;150A;MotorUpdate / Motor-Livestand;10;9;–;00-00-FF-FF-FF-FF-FF-FF-FF-FF;NOTIFICATION;1;da1a1500-d532-4285-be94-b07a3e11a098;da1a150a-d532-4285-be94-b07a3e11a098;18;;
33964;1787408461249;150B;Motor-/Controllerblock;20;9;–;FF-FF-FF-FF-FF-FF-FF-FF-FF-FF-FF-FF-FF-FF-FF-FF-FF-FF-FF-FF;NOTIFICATION;1;da1a1500-d532-4285-be94-b07a3e11a098;da1a150b-d532-4285-be94-b07a3e11a098;18;;
34174;1787408461459;150D;Fahrstatistik Max/Ø;20;9;–;00-0E-00-00-FF-FF-FF-FF-47-18-FF-FF-FF-FF-FF-FF-FF-FF-00-00;NOTIFICATION;1;da1a1500-d532-4285-be94-b07a3e11a098;da1a150d-d532-4285-be94-b07a3e11a098;18;;
35216;1787408462501;1502;Akkuinformationen;16;10;–;47-18-FF-FF-FF-FF-47-18-FF-FF-FF-FF-FF-FF-00-00;NOTIFICATION;1;da1a1500-d532-4285-be94-b07a3e11a098;da1a1502-d532-4285-be94-b07a3e11a098;18;;
35635;1787408462920;1505;BikePerformance / Fahrleistung;18;10;–;00-00-00-00-FF-FF-00-00-FF-FF-FF-FF-FF-00-00-00-00-00;NOTIFICATION;1;da1a1500-d532-4285-be94-b07a3e11a098;da1a1505-d532-4285-be94-b07a3e11a098;18;;
35844;1787408463129;1506;Trip / Kilometer & Betriebszähler;16;10;–;00-00-1B-FB-00-02-2F-0C-00-00-02-CC-00-00-00-00;NOTIFICATION;1;da1a1500-d532-4285-be94-b07a3e11a098;da1a1506-d532-4285-be94-b07a3e11a098;18;;
36255;1787408463540;1508;Settings / Licht & Fahrstufe;17;10;–;00-00-00-01-FF-FF-FF-FF-FF-FF-FF-00-00-00-00-00-00;NOTIFICATION;1;da1a1500-d532-4285-be94-b07a3e11a098;da1a1508-d532-4285-be94-b07a3e11a098;18;;
36464;1787408463749;1509;BatteryChange / Akku-Livestand;11;10;–;00-00-FF-FF-36-BB-80-00-00-00-00;NOTIFICATION;1;da1a1500-d532-4285-be94-b07a3e11a098;da1a1509-d532-4285-be94-b07a3e11a098;18;;
36675;1787408463960;150A;MotorUpdate / Motor-Livestand;10;10;–;00-00-FF-FF-FF-FF-FF-FF-FF-FF;NOTIFICATION;1;da1a1500-d532-4285-be94-b07a3e11a098;da1a150a-d532-4285-be94-b07a3e11a098;18;;
36884;1787408464169;150B;Motor-/Controllerblock;20;10;–;FF-FF-FF-FF-FF-FF-FF-FF-FF-FF-FF-FF-FF-FF-FF-FF-FF-FF-FF-FF;NOTIFICATION;1;da1a1500-d532-4285-be94-b07a3e11a098;da1a150b-d532-4285-be94-b07a3e11a098;18;;
37097;1787408464382;150D;Fahrstatistik Max/Ø;20;10;–;00-0E-00-00-FF-FF-FF-FF-47-18-FF-FF-FF-FF-FF-FF-FF-FF-00-00;NOTIFICATION;1;da1a1500-d532-4285-be94-b07a3e11a098;da1a150d-d532-4285-be94-b07a3e11a098;18;;
38131;1787408465416;1502;Akkuinformationen;16;11;–;47-18-FF-FF-FF-FF-47-18-FF-FF-FF-FF-FF-FF-00-00;NOTIFICATION;1;da1a1500-d532-4285-be94-b07a3e11a098;da1a1502-d532-4285-be94-b07a3e11a098;18;;
38552;1787408465837;1505;BikePerformance / Fahrleistung;18;11;–;00-00-00-00-FF-FF-00-00-FF-FF-FF-FF-FF-00-00-00-00-00;NOTIFICATION;1;da1a1500-d532-4285-be94-b07a3e11a098;da1a1505-d532-4285-be94-b07a3e11a098;18;;
38763;1787408466048;1506;Trip / Kilometer & Betriebszähler;16;11;–;00-00-1B-FB-00-02-2F-0C-00-00-02-CC-00-00-00-00;NOTIFICATION;1;da1a1500-d532-4285-be94-b07a3e11a098;da1a1506-d532-4285-be94-b07a3e11a098;18;;
39175;1787408466460;1508;Settings / Licht & Fahrstufe;17;11;–;00-00-00-01-FF-FF-FF-FF-FF-FF-FF-00-00-00-00-00-00;NOTIFICATION;1;da1a1500-d532-4285-be94-b07a3e11a098;da1a1508-d532-4285-be94-b07a3e11a098;18;;
39383;1787408466668;1509;BatteryChange / Akku-Livestand;11;11;–;00-00-FF-FF-36-BB-80-00-00-00-00;NOTIFICATION;1;da1a1500-d532-4285-be94-b07a3e11a098;da1a1509-d532-4285-be94-b07a3e11a098;18;;
39595;1787408466880;150A;MotorUpdate / Motor-Livestand;10;11;–;00-00-FF-FF-FF-FF-FF-FF-FF-FF;NOTIFICATION;1;da1a1500-d532-4285-be94-b07a3e11a098;da1a150a-d532-4285-be94-b07a3e11a098;18;;
39804;1787408467089;150B;Motor-/Controllerblock;20;11;–;FF-FF-FF-FF-FF-FF-FF-FF-FF-FF-FF-FF-FF-FF-FF-FF-FF-FF-FF-FF;NOTIFICATION;1;da1a1500-d532-4285-be94-b07a3e11a098;da1a150b-d532-4285-be94-b07a3e11a098;18;;
40014;1787408467299;150D;Fahrstatistik Max/Ø;20;11;1;00-0F-00-00-FF-FF-FF-FF-47-18-FF-FF-FF-FF-FF-FF-FF-FF-00-00;NOTIFICATION;1;da1a1500-d532-4285-be94-b07a3e11a098;da1a150d-d532-4285-be94-b07a3e11a098;18;;
41056;1787408468341;1502;Akkuinformationen;16;12;–;47-18-FF-FF-FF-FF-47-18-FF-FF-FF-FF-FF-FF-00-00;NOTIFICATION;1;da1a1500-d532-4285-be94-b07a3e11a098;da1a1502-d532-4285-be94-b07a3e11a098;18;;
41472;1787408468757;1505;BikePerformance / Fahrleistung;18;12;7;00-00-00-00-FF-FF-00-0F-FF-FF-FF-FF-FF-00-00-00-00-00;NOTIFICATION;1;da1a1500-d532-4285-be94-b07a3e11a098;da1a1505-d532-4285-be94-b07a3e11a098;18;;
41682;1787408468967;1506;Trip / Kilometer & Betriebszähler;16;12;7;00-00-1B-FB-00-02-2F-0E-00-00-02-CC-00-00-00-00;NOTIFICATION;1;da1a1500-d532-4285-be94-b07a3e11a098;da1a1506-d532-4285-be94-b07a3e11a098;18;;
42094;1787408469379;1508;Settings / Licht & Fahrstufe;17;12;–;00-00-00-01-FF-FF-FF-FF-FF-FF-FF-00-00-00-00-00-00;NOTIFICATION;1;da1a1500-d532-4285-be94-b07a3e11a098;da1a1508-d532-4285-be94-b07a3e11a098;18;;
42301;1787408469586;1509;BatteryChange / Akku-Livestand;11;12;–;00-00-FF-FF-36-BB-80-00-00-00-00;NOTIFICATION;1;da1a1500-d532-4285-be94-b07a3e11a098;da1a1509-d532-4285-be94-b07a3e11a098;18;;
42511;1787408469796;150A;MotorUpdate / Motor-Livestand;10;12;–;00-00-FF-FF-FF-FF-FF-FF-FF-FF;NOTIFICATION;1;da1a1500-d532-4285-be94-b07a3e11a098;da1a150a-d532-4285-be94-b07a3e11a098;18;;
42722;1787408470007;150B;Motor-/Controllerblock;20;12;–;FF-FF-FF-FF-FF-FF-FF-FF-FF-FF-FF-FF-FF-FF-FF-FF-FF-FF-FF-FF;NOTIFICATION;1;da1a1500-d532-4285-be94-b07a3e11a098;da1a150b-d532-4285-be94-b07a3e11a098;18;;
42931;1787408470216;150D;Fahrstatistik Max/Ø;20;12;1;00-1A-00-00-FF-FF-FF-FF-47-18-FF-FF-FF-FF-FF-FF-FF-FF-00-00;NOTIFICATION;1;da1a1500-d532-4285-be94-b07a3e11a098;da1a150d-d532-4285-be94-b07a3e11a098;18;;
43972;1787408471257;1502;Akkuinformationen;16;13;–;47-18-FF-FF-FF-FF-47-18-FF-FF-FF-FF-FF-FF-00-00;NOTIFICATION;1;da1a1500-d532-4285-be94-b07a3e11a098;da1a1502-d532-4285-be94-b07a3e11a098;18;;
44391;1787408471676;1505;BikePerformance / Fahrleistung;18;13;7;00-00-00-00-FF-FF-00-17-FF-FF-FF-FF-FF-00-00-00-00-00;NOTIFICATION;1;da1a1500-d532-4285-be94-b07a3e11a098;da1a1505-d532-4285-be94-b07a3e11a098;18;;
44609;1787408471894;1506;Trip / Kilometer & Betriebszähler;16;13;7;00-00-1B-FB-00-02-2F-11-00-00-02-CC-00-00-00-00;NOTIFICATION;1;da1a1500-d532-4285-be94-b07a3e11a098;da1a1506-d532-4285-be94-b07a3e11a098;18;;
45024;1787408472309;1508;Settings / Licht & Fahrstufe;17;13;–;00-00-00-01-FF-FF-FF-FF-FF-FF-FF-00-00-00-00-00-00;NOTIFICATION;1;da1a1500-d532-4285-be94-b07a3e11a098;da1a1508-d532-4285-be94-b07a3e11a098;18;;
45222;1787408472507;1509;BatteryChange / Akku-Livestand;11;13;–;00-00-FF-FF-36-BB-80-00-00-00-00;NOTIFICATION;1;da1a1500-d532-4285-be94-b07a3e11a098;da1a1509-d532-4285-be94-b07a3e11a098;18;;
45433;1787408472718;150A;MotorUpdate / Motor-Livestand;10;13;–;00-00-FF-FF-FF-FF-FF-FF-FF-FF;NOTIFICATION;1;da1a1500-d532-4285-be94-b07a3e11a098;da1a150a-d532-4285-be94-b07a3e11a098;18;;
45641;1787408472926;150B;Motor-/Controllerblock;20;13;–;FF-FF-FF-FF-FF-FF-FF-FF-FF-FF-FF-FF-FF-FF-FF-FF-FF-FF-FF-FF;NOTIFICATION;1;da1a1500-d532-4285-be94-b07a3e11a098;da1a150b-d532-4285-be94-b07a3e11a098;18;;
45852;1787408473137;150D;Fahrstatistik Max/Ø;20;13;1;00-1B-00-00-FF-FF-FF-FF-47-18-FF-FF-FF-FF-FF-FF-FF-FF-00-00;NOTIFICATION;1;da1a1500-d532-4285-be94-b07a3e11a098;da1a150d-d532-4285-be94-b07a3e11a098;18;;
46892;1787408474177;1502;Akkuinformationen;16;14;–;47-18-FF-FF-FF-FF-47-18-FF-FF-FF-FF-FF-FF-00-00;NOTIFICATION;1;da1a1500-d532-4285-be94-b07a3e11a098;da1a1502-d532-4285-be94-b07a3e11a098;18;;
47312;1787408474597;1505;BikePerformance / Fahrleistung;18;14;7;00-00-00-00-FF-FF-00-14-FF-FF-FF-FF-FF-00-00-00-00-00;NOTIFICATION;1;da1a1500-d532-4285-be94-b07a3e11a098;da1a1505-d532-4285-be94-b07a3e11a098;18;;
47522;1787408474807;1506;Trip / Kilometer & Betriebszähler;16;14;7;00-00-1B-FB-00-02-2F-14-00-00-02-CC-00-00-00-00;NOTIFICATION;1;da1a1500-d532-4285-be94-b07a3e11a098;da1a1506-d532-4285-be94-b07a3e11a098;18;;
47931;1787408475216;1508;Settings / Licht & Fahrstufe;17;14;–;00-00-00-01-FF-FF-FF-FF-FF-FF-FF-00-00-00-00-00-00;NOTIFICATION;1;da1a1500-d532-4285-be94-b07a3e11a098;da1a1508-d532-4285-be94-b07a3e11a098;18;;
48141;1787408475426;1509;BatteryChange / Akku-Livestand;11;14;–;00-00-FF-FF-36-BB-80-00-00-00-00;NOTIFICATION;1;da1a1500-d532-4285-be94-b07a3e11a098;da1a1509-d532-4285-be94-b07a3e11a098;18;;
48351;1787408475636;150A;MotorUpdate / Motor-Livestand;10;14;–;00-00-FF-FF-FF-FF-FF-FF-FF-FF;NOTIFICATION;1;da1a1500-d532-4285-be94-b07a3e11a098;da1a150a-d532-4285-be94-b07a3e11a098;18;;
48565;1787408475850;150B;Motor-/Controllerblock;20;14;–;FF-FF-FF-FF-FF-FF-FF-FF-FF-FF-FF-FF-FF-FF-FF-FF-FF-FF-FF-FF;NOTIFICATION;1;da1a1500-d532-4285-be94-b07a3e11a098;da1a150b-d532-4285-be94-b07a3e11a098;18;;
48775;1787408476060;150D;Fahrstatistik Max/Ø;20;14;–;00-1B-00-00-FF-FF-FF-FF-47-18-FF-FF-FF-FF-FF-FF-FF-FF-00-00;NOTIFICATION;1;da1a1500-d532-4285-be94-b07a3e11a098;da1a150d-d532-4285-be94-b07a3e11a098;18;;
49815;1787408477100;1502;Akkuinformationen;16;15;–;47-18-FF-FF-FF-FF-47-18-FF-FF-FF-FF-FF-FF-00-00;NOTIFICATION;1;da1a1500-d532-4285-be94-b07a3e11a098;da1a1502-d532-4285-be94-b07a3e11a098;18;;
50233;1787408477518;1505;BikePerformance / Fahrleistung;18;15;7;00-00-00-00-FF-FF-00-0E-FF-FF-FF-FF-FF-00-00-00-00-00;NOTIFICATION;1;da1a1500-d532-4285-be94-b07a3e11a098;da1a1505-d532-4285-be94-b07a3e11a098;18;;
50443;1787408477728;1506;Trip / Kilometer & Betriebszähler;16;15;7;00-00-1B-FB-00-02-2F-17-00-00-02-CC-00-00-00-00;NOTIFICATION;1;da1a1500-d532-4285-be94-b07a3e11a098;da1a1506-d532-4285-be94-b07a3e11a098;18;;
50852;1787408478137;1508;Settings / Licht & Fahrstufe;17;15;–;00-00-00-01-FF-FF-FF-FF-FF-FF-FF-00-00-00-00-00-00;NOTIFICATION;1;da1a1500-d532-4285-be94-b07a3e11a098;da1a1508-d532-4285-be94-b07a3e11a098;18;;
51063;1787408478348;1509;BatteryChange / Akku-Livestand;11;15;–;00-00-FF-FF-36-BB-80-00-00-00-00;NOTIFICATION;1;da1a1500-d532-4285-be94-b07a3e11a098;da1a1509-d532-4285-be94-b07a3e11a098;18;;
51273;1787408478558;150A;MotorUpdate / Motor-Livestand;10;15;–;00-00-FF-FF-FF-FF-FF-FF-FF-FF;NOTIFICATION;1;da1a1500-d532-4285-be94-b07a3e11a098;da1a150a-d532-4285-be94-b07a3e11a098;18;;
51482;1787408478767;150B;Motor-/Controllerblock;20;15;–;FF-FF-FF-FF-FF-FF-FF-FF-FF-FF-FF-FF-FF-FF-FF-FF-FF-FF-FF-FF;NOTIFICATION;1;da1a1500-d532-4285-be94-b07a3e11a098;da1a150b-d532-4285-be94-b07a3e11a098;18;;
51694;1787408478979;150D;Fahrstatistik Max/Ø;20;15;–;00-1B-00-00-FF-FF-FF-FF-47-18-FF-FF-FF-FF-FF-FF-FF-FF-00-00;NOTIFICATION;1;da1a1500-d532-4285-be94-b07a3e11a098;da1a150d-d532-4285-be94-b07a3e11a098;18;;
52732;1787408480017;1502;Akkuinformationen;16;16;–;47-18-FF-FF-FF-FF-47-18-FF-FF-FF-FF-FF-FF-00-00;NOTIFICATION;1;da1a1500-d532-4285-be94-b07a3e11a098;da1a1502-d532-4285-be94-b07a3e11a098;18;;
53154;1787408480439;1505;BikePerformance / Fahrleistung;18;16;7;00-00-00-00-FF-FF-00-00-FF-FF-FF-FF-FF-00-00-00-00-00;NOTIFICATION;1;da1a1500-d532-4285-be94-b07a3e11a098;da1a1505-d532-4285-be94-b07a3e11a098;18;;
53362;1787408480647;1506;Trip / Kilometer & Betriebszähler;16;16;7;00-00-1B-FB-00-02-2F-18-00-00-02-CC-00-00-00-00;NOTIFICATION;1;da1a1500-d532-4285-be94-b07a3e11a098;da1a1506-d532-4285-be94-b07a3e11a098;18;;
53772;1787408481057;1508;Settings / Licht & Fahrstufe;17;16;–;00-00-00-01-FF-FF-FF-FF-FF-FF-FF-00-00-00-00-00-00;NOTIFICATION;1;da1a1500-d532-4285-be94-b07a3e11a098;da1a1508-d532-4285-be94-b07a3e11a098;18;;
53982;1787408481267;1509;BatteryChange / Akku-Livestand;11;16;–;00-00-FF-FF-36-BB-80-00-00-00-00;NOTIFICATION;1;da1a1500-d532-4285-be94-b07a3e11a098;da1a1509-d532-4285-be94-b07a3e11a098;18;;
54192;1787408481477;150A;MotorUpdate / Motor-Livestand;10;16;–;00-00-FF-FF-FF-FF-FF-FF-FF-FF;NOTIFICATION;1;da1a1500-d532-4285-be94-b07a3e11a098;da1a150a-d532-4285-be94-b07a3e11a098;18;;
54402;1787408481687;150B;Motor-/Controllerblock;20;16;–;FF-FF-FF-FF-FF-FF-FF-FF-FF-FF-FF-FF-FF-FF-FF-FF-FF-FF-FF-FF;NOTIFICATION;1;da1a1500-d532-4285-be94-b07a3e11a098;da1a150b-d532-4285-be94-b07a3e11a098;18;;
54612;1787408481897;150D;Fahrstatistik Max/Ø;20;16;–;00-1B-00-00-FF-FF-FF-FF-47-18-FF-FF-FF-FF-FF-FF-FF-FF-00-00;NOTIFICATION;1;da1a1500-d532-4285-be94-b07a3e11a098;da1a150d-d532-4285-be94-b07a3e11a098;18;;
55653;1787408482938;1502;Akkuinformationen;16;17;–;47-18-FF-FF-FF-FF-47-18-FF-FF-FF-FF-FF-FF-00-00;NOTIFICATION;1;da1a1500-d532-4285-be94-b07a3e11a098;da1a1502-d532-4285-be94-b07a3e11a098;18;;
56072;1787408483357;1505;BikePerformance / Fahrleistung;18;17;–;00-00-00-00-FF-FF-00-00-FF-FF-FF-FF-FF-00-00-00-00-00;NOTIFICATION;1;da1a1500-d532-4285-be94-b07a3e11a098;da1a1505-d532-4285-be94-b07a3e11a098;18;;
56283;1787408483568;1506;Trip / Kilometer & Betriebszähler;16;17;–;00-00-1B-FB-00-02-2F-18-00-00-02-CC-00-00-00-00;NOTIFICATION;1;da1a1500-d532-4285-be94-b07a3e11a098;da1a1506-d532-4285-be94-b07a3e11a098;18;;
56692;1787408483977;1508;Settings / Licht & Fahrstufe;17;17;–;00-00-00-01-FF-FF-FF-FF-FF-FF-FF-00-00-00-00-00-00;NOTIFICATION;1;da1a1500-d532-4285-be94-b07a3e11a098;da1a1508-d532-4285-be94-b07a3e11a098;18;;
56901;1787408484186;1509;BatteryChange / Akku-Livestand;11;17;–;00-00-FF-FF-36-BB-80-00-00-00-00;NOTIFICATION;1;da1a1500-d532-4285-be94-b07a3e11a098;da1a1509-d532-4285-be94-b07a3e11a098;18;;
57112;1787408484397;150A;MotorUpdate / Motor-Livestand;10;17;–;00-00-FF-FF-FF-FF-FF-FF-FF-FF;NOTIFICATION;1;da1a1500-d532-4285-be94-b07a3e11a098;da1a150a-d532-4285-be94-b07a3e11a098;18;;
57324;1787408484609;150B;Motor-/Controllerblock;20;17;–;FF-FF-FF-FF-FF-FF-FF-FF-FF-FF-FF-FF-FF-FF-FF-FF-FF-FF-FF-FF;NOTIFICATION;1;da1a1500-d532-4285-be94-b07a3e11a098;da1a150b-d532-4285-be94-b07a3e11a098;18;;
57532;1787408484817;150D;Fahrstatistik Max/Ø;20;17;–;00-1B-00-00-FF-FF-FF-FF-47-18-FF-FF-FF-FF-FF-FF-FF-FF-00-00;NOTIFICATION;1;da1a1500-d532-4285-be94-b07a3e11a098;da1a150d-d532-4285-be94-b07a3e11a098;18;;
58574;1787408485859;1502;Akkuinformationen;16;18;–;47-18-FF-FF-FF-FF-47-18-FF-FF-FF-FF-FF-FF-00-00;NOTIFICATION;1;da1a1500-d532-4285-be94-b07a3e11a098;da1a1502-d532-4285-be94-b07a3e11a098;18;;
58994;1787408486279;1505;BikePerformance / Fahrleistung;18;18;–;00-00-00-00-FF-FF-00-00-FF-FF-FF-FF-FF-00-00-00-00-00;NOTIFICATION;1;da1a1500-d532-4285-be94-b07a3e11a098;da1a1505-d532-4285-be94-b07a3e11a098;18;;
59203;1787408486488;1506;Trip / Kilometer & Betriebszähler;16;18;–;00-00-1B-FB-00-02-2F-18-00-00-02-CC-00-00-00-00;NOTIFICATION;1;da1a1500-d532-4285-be94-b07a3e11a098;da1a1506-d532-4285-be94-b07a3e11a098;18;;
59615;1787408486900;1508;Settings / Licht & Fahrstufe;17;18;–;00-00-00-01-FF-FF-FF-FF-FF-FF-FF-00-00-00-00-00-00;NOTIFICATION;1;da1a1500-d532-4285-be94-b07a3e11a098;da1a1508-d532-4285-be94-b07a3e11a098;18;;
59823;1787408487108;1509;BatteryChange / Akku-Livestand;11;18;–;00-00-FF-FF-36-BB-80-00-00-00-00;NOTIFICATION;1;da1a1500-d532-4285-be94-b07a3e11a098;da1a1509-d532-4285-be94-b07a3e11a098;18;;
60036;1787408487321;150A;MotorUpdate / Motor-Livestand;10;18;–;00-00-FF-FF-FF-FF-FF-FF-FF-FF;NOTIFICATION;1;da1a1500-d532-4285-be94-b07a3e11a098;da1a150a-d532-4285-be94-b07a3e11a098;18;;
60245;1787408487530;150B;Motor-/Controllerblock;20;18;–;FF-FF-FF-FF-FF-FF-FF-FF-FF-FF-FF-FF-FF-FF-FF-FF-FF-FF-FF-FF;NOTIFICATION;1;da1a1500-d532-4285-be94-b07a3e11a098;da1a150b-d532-4285-be94-b07a3e11a098;18;;
60455;1787408487740;150D;Fahrstatistik Max/Ø;20;18;–;00-1B-00-00-FF-FF-FF-FF-47-18-FF-FF-FF-FF-FF-FF-FF-FF-00-00;NOTIFICATION;1;da1a1500-d532-4285-be94-b07a3e11a098;da1a150d-d532-4285-be94-b07a3e11a098;18;;
61490;1787408488775;1502;Akkuinformationen;16;19;–;47-18-FF-FF-FF-FF-47-18-FF-FF-FF-FF-FF-FF-00-00;NOTIFICATION;1;da1a1500-d532-4285-be94-b07a3e11a098;da1a1502-d532-4285-be94-b07a3e11a098;18;;
61912;1787408489197;1505;BikePerformance / Fahrleistung;18;19;–;00-00-00-00-FF-FF-00-00-FF-FF-FF-FF-FF-00-00-00-00-00;NOTIFICATION;1;da1a1500-d532-4285-be94-b07a3e11a098;da1a1505-d532-4285-be94-b07a3e11a098;18;;
62123;1787408489408;1506;Trip / Kilometer & Betriebszähler;16;19;–;00-00-1B-FB-00-02-2F-18-00-00-02-CC-00-00-00-00;NOTIFICATION;1;da1a1500-d532-4285-be94-b07a3e11a098;da1a1506-d532-4285-be94-b07a3e11a098;18;;
62539;1787408489824;1508;Settings / Licht & Fahrstufe;17;19;–;00-00-00-01-FF-FF-FF-FF-FF-FF-FF-00-00-00-00-00-00;NOTIFICATION;1;da1a1500-d532-4285-be94-b07a3e11a098;da1a1508-d532-4285-be94-b07a3e11a098;18;;
62745;1787408490030;1509;BatteryChange / Akku-Livestand;11;19;–;00-00-FF-FF-36-BB-80-00-00-00-00;NOTIFICATION;1;da1a1500-d532-4285-be94-b07a3e11a098;da1a1509-d532-4285-be94-b07a3e11a098;18;;
62954;1787408490239;150A;MotorUpdate / Motor-Livestand;10;19;–;00-00-FF-FF-FF-FF-FF-FF-FF-FF;NOTIFICATION;1;da1a1500-d532-4285-be94-b07a3e11a098;da1a150a-d532-4285-be94-b07a3e11a098;18;;
63163;1787408490448;150B;Motor-/Controllerblock;20;19;–;FF-FF-FF-FF-FF-FF-FF-FF-FF-FF-FF-FF-FF-FF-FF-FF-FF-FF-FF-FF;NOTIFICATION;1;da1a1500-d532-4285-be94-b07a3e11a098;da1a150b-d532-4285-be94-b07a3e11a098;18;;
63371;1787408490656;150D;Fahrstatistik Max/Ø;20;19;–;00-1B-00-00-FF-FF-FF-FF-47-18-FF-FF-FF-FF-FF-FF-FF-FF-00-00;NOTIFICATION;1;da1a1500-d532-4285-be94-b07a3e11a098;da1a150d-d532-4285-be94-b07a3e11a098;18;;
64414;1787408491699;1502;Akkuinformationen;16;20;–;47-18-FF-FF-FF-FF-47-18-FF-FF-FF-FF-FF-FF-00-00;NOTIFICATION;1;da1a1500-d532-4285-be94-b07a3e11a098;da1a1502-d532-4285-be94-b07a3e11a098;18;;
64834;1787408492119;1505;BikePerformance / Fahrleistung;18;20;7;00-00-00-00-FF-FF-00-1D-FF-FF-FF-FF-FF-00-00-00-00-00;NOTIFICATION;1;da1a1500-d532-4285-be94-b07a3e11a098;da1a1505-d532-4285-be94-b07a3e11a098;18;;
65043;1787408492328;1506;Trip / Kilometer & Betriebszähler;16;20;7;00-00-1B-FB-00-02-2F-1A-00-00-02-CC-00-00-00-00;NOTIFICATION;1;da1a1500-d532-4285-be94-b07a3e11a098;da1a1506-d532-4285-be94-b07a3e11a098;18;;
65456;1787408492741;1508;Settings / Licht & Fahrstufe;17;20;–;00-00-00-01-FF-FF-FF-FF-FF-FF-FF-00-00-00-00-00-00;NOTIFICATION;1;da1a1500-d532-4285-be94-b07a3e11a098;da1a1508-d532-4285-be94-b07a3e11a098;18;;
65664;1787408492949;1509;BatteryChange / Akku-Livestand;11;20;0,1,5,6;13-88-FF-FF-36-B5-A4-00-00-00-00;NOTIFICATION;1;da1a1500-d532-4285-be94-b07a3e11a098;da1a1509-d532-4285-be94-b07a3e11a098;18;;
65875;1787408493160;150A;MotorUpdate / Motor-Livestand;10;20;0,1;32-C8-FF-FF-FF-FF-FF-FF-FF-FF;NOTIFICATION;1;da1a1500-d532-4285-be94-b07a3e11a098;da1a150a-d532-4285-be94-b07a3e11a098;18;;
66085;1787408493370;150B;Motor-/Controllerblock;20;20;–;FF-FF-FF-FF-FF-FF-FF-FF-FF-FF-FF-FF-FF-FF-FF-FF-FF-FF-FF-FF;NOTIFICATION;1;da1a1500-d532-4285-be94-b07a3e11a098;da1a150b-d532-4285-be94-b07a3e11a098;18;;
66294;1787408493579;150D;Fahrstatistik Max/Ø;20;20;1;00-47-00-00-FF-FF-FF-FF-47-18-FF-FF-FF-FF-FF-FF-FF-FF-00-00;NOTIFICATION;1;da1a1500-d532-4285-be94-b07a3e11a098;da1a150d-d532-4285-be94-b07a3e11a098;18;;
67335;1787408494620;1502;Akkuinformationen;16;21;–;47-18-FF-FF-FF-FF-47-18-FF-FF-FF-FF-FF-FF-00-00;NOTIFICATION;1;da1a1500-d532-4285-be94-b07a3e11a098;da1a1502-d532-4285-be94-b07a3e11a098;18;;
67755;1787408495040;1505;BikePerformance / Fahrleistung;18;21;7;00-00-00-00-FF-FF-00-41-FF-FF-FF-FF-FF-00-00-00-00-00;NOTIFICATION;1;da1a1500-d532-4285-be94-b07a3e11a098;da1a1505-d532-4285-be94-b07a3e11a098;18;;
67964;1787408495249;1506;Trip / Kilometer & Betriebszähler;16;21;7;00-00-1B-FB-00-02-2F-1D-00-00-02-CC-00-00-00-00;NOTIFICATION;1;da1a1500-d532-4285-be94-b07a3e11a098;da1a1506-d532-4285-be94-b07a3e11a098;18;;
68385;1787408495670;1508;Settings / Licht & Fahrstufe;17;21;–;00-00-00-01-FF-FF-FF-FF-FF-FF-FF-00-00-00-00-00-00;NOTIFICATION;1;da1a1500-d532-4285-be94-b07a3e11a098;da1a1508-d532-4285-be94-b07a3e11a098;18;;
68585;1787408495870;1509;BatteryChange / Akku-Livestand;11;21;0,1,4,5,6;00-00-FF-FF-35-BB-1C-00-00-00-00;NOTIFICATION;1;da1a1500-d532-4285-be94-b07a3e11a098;da1a1509-d532-4285-be94-b07a3e11a098;18;;
68794;1787408496079;150A;MotorUpdate / Motor-Livestand;10;21;0,1;03-E8-FF-FF-FF-FF-FF-FF-FF-FF;NOTIFICATION;1;da1a1500-d532-4285-be94-b07a3e11a098;da1a150a-d532-4285-be94-b07a3e11a098;18;;
69002;1787408496287;150B;Motor-/Controllerblock;20;21;–;FF-FF-FF-FF-FF-FF-FF-FF-FF-FF-FF-FF-FF-FF-FF-FF-FF-FF-FF-FF;NOTIFICATION;1;da1a1500-d532-4285-be94-b07a3e11a098;da1a150b-d532-4285-be94-b07a3e11a098;18;;
69216;1787408496501;150D;Fahrstatistik Max/Ø;20;21;–;00-47-00-00-FF-FF-FF-FF-47-18-FF-FF-FF-FF-FF-FF-FF-FF-00-00;NOTIFICATION;1;da1a1500-d532-4285-be94-b07a3e11a098;da1a150d-d532-4285-be94-b07a3e11a098;18;;
70255;1787408497540;1502;Akkuinformationen;16;22;–;47-18-FF-FF-FF-FF-47-18-FF-FF-FF-FF-FF-FF-00-00;NOTIFICATION;1;da1a1500-d532-4285-be94-b07a3e11a098;da1a1502-d532-4285-be94-b07a3e11a098;18;;
70675;1787408497960;1505;BikePerformance / Fahrleistung;18;22;7;00-00-00-00-FF-FF-00-3E-FF-FF-FF-FF-FF-00-00-00-00-00;NOTIFICATION;1;da1a1500-d532-4285-be94-b07a3e11a098;da1a1505-d532-4285-be94-b07a3e11a098;18;;
70885;1787408498170;1506;Trip / Kilometer & Betriebszähler;16;22;7;00-00-1B-FB-00-02-2F-20-00-00-02-CC-00-00-00-00;NOTIFICATION;1;da1a1500-d532-4285-be94-b07a3e11a098;da1a1506-d532-4285-be94-b07a3e11a098;18;;
71305;1787408498590;1508;Settings / Licht & Fahrstufe;17;22;–;00-00-00-01-FF-FF-FF-FF-FF-FF-FF-00-00-00-00-00-00;NOTIFICATION;1;da1a1500-d532-4285-be94-b07a3e11a098;da1a1508-d532-4285-be94-b07a3e11a098;18;;
71505;1787408498790;1509;BatteryChange / Akku-Livestand;11;22;4;00-00-FF-FF-30-BB-1C-00-00-00-00;NOTIFICATION;1;da1a1500-d532-4285-be94-b07a3e11a098;da1a1509-d532-4285-be94-b07a3e11a098;18;;
71712;1787408498997;150A;MotorUpdate / Motor-Livestand;10;22;0,1;00-00-FF-FF-FF-FF-FF-FF-FF-FF;NOTIFICATION;1;da1a1500-d532-4285-be94-b07a3e11a098;da1a150a-d532-4285-be94-b07a3e11a098;18;;
71925;1787408499210;150B;Motor-/Controllerblock;20;22;–;FF-FF-FF-FF-FF-FF-FF-FF-FF-FF-FF-FF-FF-FF-FF-FF-FF-FF-FF-FF;NOTIFICATION;1;da1a1500-d532-4285-be94-b07a3e11a098;da1a150b-d532-4285-be94-b07a3e11a098;18;;
72136;1787408499421;150D;Fahrstatistik Max/Ø;20;22;–;00-47-00-00-FF-FF-FF-FF-47-18-FF-FF-FF-FF-FF-FF-FF-FF-00-00;NOTIFICATION;1;da1a1500-d532-4285-be94-b07a3e11a098;da1a150d-d532-4285-be94-b07a3e11a098;18;;
73187;1787408500472;1502;Akkuinformationen;16;23;–;47-18-FF-FF-FF-FF-47-18-FF-FF-FF-FF-FF-FF-00-00;NOTIFICATION;1;da1a1500-d532-4285-be94-b07a3e11a098;da1a1502-d532-4285-be94-b07a3e11a098;18;;
73597;1787408500882;1505;BikePerformance / Fahrleistung;18;23;7;00-00-00-00-FF-FF-00-20-FF-FF-FF-FF-FF-00-00-00-00-00;NOTIFICATION;1;da1a1500-d532-4285-be94-b07a3e11a098;da1a1505-d532-4285-be94-b07a3e11a098;18;;
73804;1787408501089;1506;Trip / Kilometer & Betriebszähler;16;23;7;00-00-1B-FB-00-02-2F-23-00-00-02-CC-00-00-00-00;NOTIFICATION;1;da1a1500-d532-4285-be94-b07a3e11a098;da1a1506-d532-4285-be94-b07a3e11a098;18;;
74225;1787408501510;1508;Settings / Licht & Fahrstufe;17;23;–;00-00-00-01-FF-FF-FF-FF-FF-FF-FF-00-00-00-00-00-00;NOTIFICATION;1;da1a1500-d532-4285-be94-b07a3e11a098;da1a1508-d532-4285-be94-b07a3e11a098;18;;
74425;1787408501710;1509;BatteryChange / Akku-Livestand;11;23;4,6;00-00-FF-FF-31-BB-80-00-00-00-00;NOTIFICATION;1;da1a1500-d532-4285-be94-b07a3e11a098;da1a1509-d532-4285-be94-b07a3e11a098;18;;
74638;1787408501923;150A;MotorUpdate / Motor-Livestand;10;23;–;00-00-FF-FF-FF-FF-FF-FF-FF-FF;NOTIFICATION;1;da1a1500-d532-4285-be94-b07a3e11a098;da1a150a-d532-4285-be94-b07a3e11a098;18;;
74846;1787408502131;150B;Motor-/Controllerblock;20;23;–;FF-FF-FF-FF-FF-FF-FF-FF-FF-FF-FF-FF-FF-FF-FF-FF-FF-FF-FF-FF;NOTIFICATION;1;da1a1500-d532-4285-be94-b07a3e11a098;da1a150b-d532-4285-be94-b07a3e11a098;18;;
75053;1787408502338;150D;Fahrstatistik Max/Ø;20;23;–;00-47-00-00-FF-FF-FF-FF-47-18-FF-FF-FF-FF-FF-FF-FF-FF-00-00;NOTIFICATION;1;da1a1500-d532-4285-be94-b07a3e11a098;da1a150d-d532-4285-be94-b07a3e11a098;18;;
76098;1787408503383;1502;Akkuinformationen;16;24;–;47-18-FF-FF-FF-FF-47-18-FF-FF-FF-FF-FF-FF-00-00;NOTIFICATION;1;da1a1500-d532-4285-be94-b07a3e11a098;da1a1502-d532-4285-be94-b07a3e11a098;18;;
76515;1787408503800;1505;BikePerformance / Fahrleistung;18;24;7;00-00-00-00-FF-FF-00-03-FF-FF-FF-FF-FF-00-00-00-00-00;NOTIFICATION;1;da1a1500-d532-4285-be94-b07a3e11a098;da1a1505-d532-4285-be94-b07a3e11a098;18;;
76724;1787408504009;1506;Trip / Kilometer & Betriebszähler;16;24;7;00-00-1B-FB-00-02-2F-25-00-00-02-CC-00-00-00-00;NOTIFICATION;1;da1a1500-d532-4285-be94-b07a3e11a098;da1a1506-d532-4285-be94-b07a3e11a098;18;;
77147;1787408504432;1508;Settings / Licht & Fahrstufe;17;24;–;00-00-00-01-FF-FF-FF-FF-FF-FF-FF-00-00-00-00-00-00;NOTIFICATION;1;da1a1500-d532-4285-be94-b07a3e11a098;da1a1508-d532-4285-be94-b07a3e11a098;18;;
77345;1787408504630;1509;BatteryChange / Akku-Livestand;11;24;4;00-00-FF-FF-34-BB-80-00-00-00-00;NOTIFICATION;1;da1a1500-d532-4285-be94-b07a3e11a098;da1a1509-d532-4285-be94-b07a3e11a098;18;;
77555;1787408504840;150A;MotorUpdate / Motor-Livestand;10;24;–;00-00-FF-FF-FF-FF-FF-FF-FF-FF;NOTIFICATION;1;da1a1500-d532-4285-be94-b07a3e11a098;da1a150a-d532-4285-be94-b07a3e11a098;18;;
77764;1787408505049;150B;Motor-/Controllerblock;20;24;–;FF-FF-FF-FF-FF-FF-FF-FF-FF-FF-FF-FF-FF-FF-FF-FF-FF-FF-FF-FF;NOTIFICATION;1;da1a1500-d532-4285-be94-b07a3e11a098;da1a150b-d532-4285-be94-b07a3e11a098;18;;
77977;1787408505262;150D;Fahrstatistik Max/Ø;20;24;–;00-47-00-00-FF-FF-FF-FF-47-18-FF-FF-FF-FF-FF-FF-FF-FF-00-00;NOTIFICATION;1;da1a1500-d532-4285-be94-b07a3e11a098;da1a150d-d532-4285-be94-b07a3e11a098;18;;
79015;1787408506300;1502;Akkuinformationen;16;25;–;47-18-FF-FF-FF-FF-47-18-FF-FF-FF-FF-FF-FF-00-00;NOTIFICATION;1;da1a1500-d532-4285-be94-b07a3e11a098;da1a1502-d532-4285-be94-b07a3e11a098;18;;
79434;1787408506719;1505;BikePerformance / Fahrleistung;18;25;7;00-00-00-00-FF-FF-00-0A-FF-FF-FF-FF-FF-00-00-00-00-00;NOTIFICATION;1;da1a1500-d532-4285-be94-b07a3e11a098;da1a1505-d532-4285-be94-b07a3e11a098;18;;
79645;1787408506930;1506;Trip / Kilometer & Betriebszähler;16;25;7;00-00-1B-FB-00-02-2F-28-00-00-02-CC-00-00-00-00;NOTIFICATION;1;da1a1500-d532-4285-be94-b07a3e11a098;da1a1506-d532-4285-be94-b07a3e11a098;18;;
80064;1787408507349;1508;Settings / Licht & Fahrstufe;17;25;–;00-00-00-01-FF-FF-FF-FF-FF-FF-FF-00-00-00-00-00-00;NOTIFICATION;1;da1a1500-d532-4285-be94-b07a3e11a098;da1a1508-d532-4285-be94-b07a3e11a098;18;;
80263;1787408507548;1509;BatteryChange / Akku-Livestand;11;25;–;00-00-FF-FF-34-BB-80-00-00-00-00;NOTIFICATION;1;da1a1500-d532-4285-be94-b07a3e11a098;da1a1509-d532-4285-be94-b07a3e11a098;18;;
80474;1787408507759;150A;MotorUpdate / Motor-Livestand;10;25;–;00-00-FF-FF-FF-FF-FF-FF-FF-FF;NOTIFICATION;1;da1a1500-d532-4285-be94-b07a3e11a098;da1a150a-d532-4285-be94-b07a3e11a098;18;;
80685;1787408507970;150B;Motor-/Controllerblock;20;25;–;FF-FF-FF-FF-FF-FF-FF-FF-FF-FF-FF-FF-FF-FF-FF-FF-FF-FF-FF-FF;NOTIFICATION;1;da1a1500-d532-4285-be94-b07a3e11a098;da1a150b-d532-4285-be94-b07a3e11a098;18;;
80894;1787408508179;150D;Fahrstatistik Max/Ø;20;25;–;00-47-00-00-FF-FF-FF-FF-47-18-FF-FF-FF-FF-FF-FF-FF-FF-00-00;NOTIFICATION;1;da1a1500-d532-4285-be94-b07a3e11a098;da1a150d-d532-4285-be94-b07a3e11a098;18;;
81934;1787408509219;1502;Akkuinformationen;16;26;–;47-18-FF-FF-FF-FF-47-18-FF-FF-FF-FF-FF-FF-00-00;NOTIFICATION;1;da1a1500-d532-4285-be94-b07a3e11a098;da1a1502-d532-4285-be94-b07a3e11a098;18;;
82353;1787408509638;1505;BikePerformance / Fahrleistung;18;26;0,1,2,3,7;0C-F8-0C-F8-FF-FF-00-6C-FF-FF-FF-FF-FF-00-00-00-00-00;NOTIFICATION;1;da1a1500-d532-4285-be94-b07a3e11a098;da1a1505-d532-4285-be94-b07a3e11a098;18;;
82564;1787408509849;1506;Trip / Kilometer & Betriebszähler;16;26;7;00-00-1B-FB-00-02-2F-2B-00-00-02-CC-00-00-00-00;NOTIFICATION;1;da1a1500-d532-4285-be94-b07a3e11a098;da1a1506-d532-4285-be94-b07a3e11a098;18;;
82987;1787408510272;1508;Settings / Licht & Fahrstufe;17;26;–;00-00-00-01-FF-FF-FF-FF-FF-FF-FF-00-00-00-00-00-00;NOTIFICATION;1;da1a1500-d532-4285-be94-b07a3e11a098;da1a1508-d532-4285-be94-b07a3e11a098;18;;
83186;1787408510471;1509;BatteryChange / Akku-Livestand;11;26;0,1,5,6,9,10;42-68-FF-FF-34-B0-F4-00-00-03-02;NOTIFICATION;1;da1a1500-d532-4285-be94-b07a3e11a098;da1a1509-d532-4285-be94-b07a3e11a098;18;;
83396;1787408510681;150A;MotorUpdate / Motor-Livestand;10;26;0,1;2A-F8-FF-FF-FF-FF-FF-FF-FF-FF;NOTIFICATION;1;da1a1500-d532-4285-be94-b07a3e11a098;da1a150a-d532-4285-be94-b07a3e11a098;18;;
83605;1787408510890;150B;Motor-/Controllerblock;20;26;–;FF-FF-FF-FF-FF-FF-FF-FF-FF-FF-FF-FF-FF-FF-FF-FF-FF-FF-FF-FF;NOTIFICATION;1;da1a1500-d532-4285-be94-b07a3e11a098;da1a150b-d532-4285-be94-b07a3e11a098;18;;
83815;1787408511100;150D;Fahrstatistik Max/Ø;20;26;1;00-96-00-00-FF-FF-FF-FF-47-18-FF-FF-FF-FF-FF-FF-FF-FF-00-00;NOTIFICATION;1;da1a1500-d532-4285-be94-b07a3e11a098;da1a150d-d532-4285-be94-b07a3e11a098;18;;
84855;1787408512140;1502;Akkuinformationen;16;27;–;47-18-FF-FF-FF-FF-47-18-FF-FF-FF-FF-FF-FF-00-00;NOTIFICATION;1;da1a1500-d532-4285-be94-b07a3e11a098;da1a1502-d532-4285-be94-b07a3e11a098;18;;
85276;1787408512561;1505;BikePerformance / Fahrleistung;18;27;0,1,2,3,7;03-B6-03-B6-FF-FF-00-A3-FF-FF-FF-FF-FF-00-00-00-00-00;NOTIFICATION;1;da1a1500-d532-4285-be94-b07a3e11a098;da1a1505-d532-4285-be94-b07a3e11a098;18;;
85485;1787408512770;1506;Trip / Kilometer & Betriebszähler;16;27;7;00-00-1B-FB-00-02-2F-2D-00-00-02-CC-00-00-00-00;NOTIFICATION;1;da1a1500-d532-4285-be94-b07a3e11a098;da1a1506-d532-4285-be94-b07a3e11a098;18;;
85907;1787408513192;1508;Settings / Licht & Fahrstufe;17;27;–;00-00-00-01-FF-FF-FF-FF-FF-FF-FF-00-00-00-00-00-00;NOTIFICATION;1;da1a1500-d532-4285-be94-b07a3e11a098;da1a1508-d532-4285-be94-b07a3e11a098;18;;
86105;1787408513390;1509;BatteryChange / Akku-Livestand;11;27;0,1,4,5,6,9,10;0F-A0-FF-FF-31-B9-F0-00-00-01-15;NOTIFICATION;1;da1a1500-d532-4285-be94-b07a3e11a098;da1a1509-d532-4285-be94-b07a3e11a098;18;;
86316;1787408513601;150A;MotorUpdate / Motor-Livestand;10;27;0,1;07-D0-FF-FF-FF-FF-FF-FF-FF-FF;NOTIFICATION;1;da1a1500-d532-4285-be94-b07a3e11a098;da1a150a-d532-4285-be94-b07a3e11a098;18;;
86525;1787408513810;150B;Motor-/Controllerblock;20;27;–;FF-FF-FF-FF-FF-FF-FF-FF-FF-FF-FF-FF-FF-FF-FF-FF-FF-FF-FF-FF;NOTIFICATION;1;da1a1500-d532-4285-be94-b07a3e11a098;da1a150b-d532-4285-be94-b07a3e11a098;18;;
86735;1787408514020;150D;Fahrstatistik Max/Ø;20;27;1;00-B0-00-00-FF-FF-FF-FF-47-18-FF-FF-FF-FF-FF-FF-FF-FF-00-00;NOTIFICATION;1;da1a1500-d532-4285-be94-b07a3e11a098;da1a150d-d532-4285-be94-b07a3e11a098;18;;
87778;1787408515063;1502;Akkuinformationen;16;28;–;47-18-FF-FF-FF-FF-47-18-FF-FF-FF-FF-FF-FF-00-00;NOTIFICATION;1;da1a1500-d532-4285-be94-b07a3e11a098;da1a1502-d532-4285-be94-b07a3e11a098;18;;
88196;1787408515481;1505;BikePerformance / Fahrleistung;18;28;0,1,2,3,7;09-42-09-42-FF-FF-00-C5-FF-FF-FF-FF-FF-00-00-00-00-00;NOTIFICATION;1;da1a1500-d532-4285-be94-b07a3e11a098;da1a1505-d532-4285-be94-b07a3e11a098;18;;
88404;1787408515689;1506;Trip / Kilometer & Betriebszähler;16;28;7;00-00-1B-FB-00-02-2F-30-00-00-02-CC-00-00-00-00;NOTIFICATION;1;da1a1500-d532-4285-be94-b07a3e11a098;da1a1506-d532-4285-be94-b07a3e11a098;18;;
88827;1787408516112;1508;Settings / Licht & Fahrstufe;17;28;–;00-00-00-01-FF-FF-FF-FF-FF-FF-FF-00-00-00-00-00-00;NOTIFICATION;1;da1a1500-d532-4285-be94-b07a3e11a098;da1a1508-d532-4285-be94-b07a3e11a098;18;;
89024;1787408516309;1509;BatteryChange / Akku-Livestand;11;28;0,1,4,5,6,10;1B-58-FF-FF-30-B4-DC-00-00-01-44;NOTIFICATION;1;da1a1500-d532-4285-be94-b07a3e11a098;da1a1509-d532-4285-be94-b07a3e11a098;18;;
89234;1787408516519;150A;MotorUpdate / Motor-Livestand;10;28;0,1;23-28-FF-FF-FF-FF-FF-FF-FF-FF;NOTIFICATION;1;da1a1500-d532-4285-be94-b07a3e11a098;da1a150a-d532-4285-be94-b07a3e11a098;18;;
89447;1787408516732;150B;Motor-/Controllerblock;20;28;–;FF-FF-FF-FF-FF-FF-FF-FF-FF-FF-FF-FF-FF-FF-FF-FF-FF-FF-FF-FF;NOTIFICATION;1;da1a1500-d532-4285-be94-b07a3e11a098;da1a150b-d532-4285-be94-b07a3e11a098;18;;
89654;1787408516939;150D;Fahrstatistik Max/Ø;20;28;1;00-CD-00-00-FF-FF-FF-FF-47-18-FF-FF-FF-FF-FF-FF-FF-FF-00-00;NOTIFICATION;1;da1a1500-d532-4285-be94-b07a3e11a098;da1a150d-d532-4285-be94-b07a3e11a098;18;;
90694;1787408517979;1502;Akkuinformationen;16;29;–;47-18-FF-FF-FF-FF-47-18-FF-FF-FF-FF-FF-FF-00-00;NOTIFICATION;1;da1a1500-d532-4285-be94-b07a3e11a098;da1a1502-d532-4285-be94-b07a3e11a098;18;;
91115;1787408518400;1505;BikePerformance / Fahrleistung;18;29;0,1,2,3,7;10-40-10-40-FF-FF-00-DA-FF-FF-FF-FF-FF-00-00-00-00-00;NOTIFICATION;1;da1a1500-d532-4285-be94-b07a3e11a098;da1a1505-d532-4285-be94-b07a3e11a098;18;;
91324;1787408518609;1506;Trip / Kilometer & Betriebszähler;16;29;7;00-00-1B-FB-00-02-2F-33-00-00-02-CC-00-00-00-00;NOTIFICATION;1;da1a1500-d532-4285-be94-b07a3e11a098;da1a1506-d532-4285-be94-b07a3e11a098;18;;
91744;1787408519029;1508;Settings / Licht & Fahrstufe;17;29;3;00-00-00-02-FF-FF-FF-FF-FF-FF-FF-00-00-00-00-00-00;NOTIFICATION;1;da1a1500-d532-4285-be94-b07a3e11a098;da1a1508-d532-4285-be94-b07a3e11a098;18;;
91945;1787408519230;1509;BatteryChange / Akku-Livestand;11;29;0,1,5,6,10;2A-F8-FF-FF-30-B3-B0-00-00-01-FA;NOTIFICATION;1;da1a1500-d532-4285-be94-b07a3e11a098;da1a1509-d532-4285-be94-b07a3e11a098;18;;
92154;1787408519439;150A;MotorUpdate / Motor-Livestand;10;29;0,1;2A-F8-FF-FF-FF-FF-FF-FF-FF-FF;NOTIFICATION;1;da1a1500-d532-4285-be94-b07a3e11a098;da1a150a-d532-4285-be94-b07a3e11a098;18;;
92364;1787408519649;150B;Motor-/Controllerblock;20;29;–;FF-FF-FF-FF-FF-FF-FF-FF-FF-FF-FF-FF-FF-FF-FF-FF-FF-FF-FF-FF;NOTIFICATION;1;da1a1500-d532-4285-be94-b07a3e11a098;da1a150b-d532-4285-be94-b07a3e11a098;18;;
92574;1787408519859;150D;Fahrstatistik Max/Ø;20;29;1;00-DA-00-00-FF-FF-FF-FF-47-18-FF-FF-FF-FF-FF-FF-FF-FF-00-00;NOTIFICATION;1;da1a1500-d532-4285-be94-b07a3e11a098;da1a150d-d532-4285-be94-b07a3e11a098;18;;
93619;1787408520904;1502;Akkuinformationen;16;30;–;47-18-FF-FF-FF-FF-47-18-FF-FF-FF-FF-FF-FF-00-00;NOTIFICATION;1;da1a1500-d532-4285-be94-b07a3e11a098;da1a1502-d532-4285-be94-b07a3e11a098;18;;
94035;1787408521320;1505;BikePerformance / Fahrleistung;18;30;0,1,2,3;0E-6A-0E-6A-FF-FF-00-DA-FF-FF-FF-FF-FF-00-00-00-00-00;NOTIFICATION;1;da1a1500-d532-4285-be94-b07a3e11a098;da1a1505-d532-4285-be94-b07a3e11a098;18;;
94241;1787408521526;1506;Trip / Kilometer & Betriebszähler;16;30;7;00-00-1B-FB-00-02-2F-36-00-00-02-CC-00-00-00-00;NOTIFICATION;1;da1a1500-d532-4285-be94-b07a3e11a098;da1a1506-d532-4285-be94-b07a3e11a098;18;;
94663;1787408521948;1508;Settings / Licht & Fahrstufe;17;30;–;00-00-00-02-FF-FF-FF-FF-FF-FF-FF-00-00-00-00-00-00;NOTIFICATION;1;da1a1500-d532-4285-be94-b07a3e11a098;da1a1508-d532-4285-be94-b07a3e11a098;18;;
94866;1787408522151;1509;BatteryChange / Akku-Livestand;11;30;0,1,5,6,10;1B-58-FF-FF-30-B6-08-00-00-01-45;NOTIFICATION;1;da1a1500-d532-4285-be94-b07a3e11a098;da1a1509-d532-4285-be94-b07a3e11a098;18;;
95075;1787408522360;150A;MotorUpdate / Motor-Livestand;10;30;0,1;1F-40-FF-FF-FF-FF-FF-FF-FF-FF;NOTIFICATION;1;da1a1500-d532-4285-be94-b07a3e11a098;da1a150a-d532-4285-be94-b07a3e11a098;18;;
95282;1787408522567;150B;Motor-/Controllerblock;20;30;–;FF-FF-FF-FF-FF-FF-FF-FF-FF-FF-FF-FF-FF-FF-FF-FF-FF-FF-FF-FF;NOTIFICATION;1;da1a1500-d532-4285-be94-b07a3e11a098;da1a150b-d532-4285-be94-b07a3e11a098;18;;
95495;1787408522780;150D;Fahrstatistik Max/Ø;20;30;–;00-DA-00-00-FF-FF-FF-FF-47-18-FF-FF-FF-FF-FF-FF-FF-FF-00-00;NOTIFICATION;1;da1a1500-d532-4285-be94-b07a3e11a098;da1a150d-d532-4285-be94-b07a3e11a098;18;;
96535;1787408523820;1502;Akkuinformationen;16;31;–;47-18-FF-FF-FF-FF-47-18-FF-FF-FF-FF-FF-FF-00-00;NOTIFICATION;1;da1a1500-d532-4285-be94-b07a3e11a098;da1a1502-d532-4285-be94-b07a3e11a098;18;;
96956;1787408524241;1505;BikePerformance / Fahrleistung;18;31;0,1,2,3;00-00-00-00-FF-FF-00-DA-FF-FF-FF-FF-FF-00-00-00-00-00;NOTIFICATION;1;da1a1500-d532-4285-be94-b07a3e11a098;da1a1505-d532-4285-be94-b07a3e11a098;18;;
97162;1787408524447;1506;Trip / Kilometer & Betriebszähler;16;31;7;00-00-1B-FB-00-02-2F-39-00-00-02-CC-00-00-00-00;NOTIFICATION;1;da1a1500-d532-4285-be94-b07a3e11a098;da1a1506-d532-4285-be94-b07a3e11a098;18;;
97585;1787408524870;1508;Settings / Licht & Fahrstufe;17;31;–;00-00-00-02-FF-FF-FF-FF-FF-FF-FF-00-00-00-00-00-00;NOTIFICATION;1;da1a1500-d532-4285-be94-b07a3e11a098;da1a1508-d532-4285-be94-b07a3e11a098;18;;
97794;1787408525079;1509;BatteryChange / Akku-Livestand;11;31;0,1,5,6,9,10;00-00-FF-FF-30-B9-28-00-00-00-00;NOTIFICATION;1;da1a1500-d532-4285-be94-b07a3e11a098;da1a1509-d532-4285-be94-b07a3e11a098;18;;
98002;1787408525287;150A;MotorUpdate / Motor-Livestand;10;31;0,1;00-00-FF-FF-FF-FF-FF-FF-FF-FF;NOTIFICATION;1;da1a1500-d532-4285-be94-b07a3e11a098;da1a150a-d532-4285-be94-b07a3e11a098;18;;
98203;1787408525488;150B;Motor-/Controllerblock;20;31;–;FF-FF-FF-FF-FF-FF-FF-FF-FF-FF-FF-FF-FF-FF-FF-FF-FF-FF-FF-FF;NOTIFICATION;1;da1a1500-d532-4285-be94-b07a3e11a098;da1a150b-d532-4285-be94-b07a3e11a098;18;;
98415;1787408525700;150D;Fahrstatistik Max/Ø;20;31;1,3;00-EB-00-3F-FF-FF-FF-FF-47-18-FF-FF-FF-FF-FF-FF-FF-FF-00-00;NOTIFICATION;1;da1a1500-d532-4285-be94-b07a3e11a098;da1a150d-d532-4285-be94-b07a3e11a098;18;;
99465;1787408526750;1502;Akkuinformationen;16;32;–;47-18-FF-FF-FF-FF-47-18-FF-FF-FF-FF-FF-FF-00-00;NOTIFICATION;1;da1a1500-d532-4285-be94-b07a3e11a098;da1a1502-d532-4285-be94-b07a3e11a098;18;;
99878;1787408527163;1505;BikePerformance / Fahrleistung;18;32;7;00-00-00-00-FF-FF-00-DE-FF-FF-FF-FF-FF-00-00-00-00-00;NOTIFICATION;1;da1a1500-d532-4285-be94-b07a3e11a098;da1a1505-d532-4285-be94-b07a3e11a098;18;;
100083;1787408527368;1506;Trip / Kilometer & Betriebszähler;16;32;3,7;00-00-1B-FC-00-02-2F-3C-00-00-02-CC-00-00-00-00;NOTIFICATION;1;da1a1500-d532-4285-be94-b07a3e11a098;da1a1506-d532-4285-be94-b07a3e11a098;18;;
100505;1787408527790;1508;Settings / Licht & Fahrstufe;17;32;–;00-00-00-02-FF-FF-FF-FF-FF-FF-FF-00-00-00-00-00-00;NOTIFICATION;1;da1a1500-d532-4285-be94-b07a3e11a098;da1a1508-d532-4285-be94-b07a3e11a098;18;;
100715;1787408528000;1509;BatteryChange / Akku-Livestand;11;32;6;00-00-FF-FF-30-B9-8C-00-00-00-00;NOTIFICATION;1;da1a1500-d532-4285-be94-b07a3e11a098;da1a1509-d532-4285-be94-b07a3e11a098;18;;
100927;1787408528212;150A;MotorUpdate / Motor-Livestand;10;32;–;00-00-FF-FF-FF-FF-FF-FF-FF-FF;NOTIFICATION;1;da1a1500-d532-4285-be94-b07a3e11a098;da1a150a-d532-4285-be94-b07a3e11a098;18;;
101138;1787408528423;150B;Motor-/Controllerblock;20;32;–;FF-FF-FF-FF-FF-FF-FF-FF-FF-FF-FF-FF-FF-FF-FF-FF-FF-FF-FF-FF;NOTIFICATION;1;da1a1500-d532-4285-be94-b07a3e11a098;da1a150b-d532-4285-be94-b07a3e11a098;18;;
101334;1787408528619;150D;Fahrstatistik Max/Ø;20;32;–;00-EB-00-3F-FF-FF-FF-FF-47-18-FF-FF-FF-FF-FF-FF-FF-FF-00-00;NOTIFICATION;1;da1a1500-d532-4285-be94-b07a3e11a098;da1a150d-d532-4285-be94-b07a3e11a098;18;;
102385;1787408529670;1502;Akkuinformationen;16;33;–;47-18-FF-FF-FF-FF-47-18-FF-FF-FF-FF-FF-FF-00-00;NOTIFICATION;1;da1a1500-d532-4285-be94-b07a3e11a098;da1a1502-d532-4285-be94-b07a3e11a098;18;;
102796;1787408530081;1505;BikePerformance / Fahrleistung;18;33;7;00-00-00-00-FF-FF-00-C6-FF-FF-FF-FF-FF-00-00-00-00-00;NOTIFICATION;1;da1a1500-d532-4285-be94-b07a3e11a098;da1a1505-d532-4285-be94-b07a3e11a098;18;;
103003;1787408530288;1506;Trip / Kilometer & Betriebszähler;16;33;7;00-00-1B-FC-00-02-2F-3F-00-00-02-CC-00-00-00-00;NOTIFICATION;1;da1a1500-d532-4285-be94-b07a3e11a098;da1a1506-d532-4285-be94-b07a3e11a098;18;;
103425;1787408530710;1508;Settings / Licht & Fahrstufe;17;33;–;00-00-00-02-FF-FF-FF-FF-FF-FF-FF-00-00-00-00-00-00;NOTIFICATION;1;da1a1500-d532-4285-be94-b07a3e11a098;da1a1508-d532-4285-be94-b07a3e11a098;18;;
103634;1787408530919;1509;BatteryChange / Akku-Livestand;11;33;–;00-00-FF-FF-30-B9-8C-00-00-00-00;NOTIFICATION;1;da1a1500-d532-4285-be94-b07a3e11a098;da1a1509-d532-4285-be94-b07a3e11a098;18;;
103845;1787408531130;150A;MotorUpdate / Motor-Livestand;10;33;–;00-00-FF-FF-FF-FF-FF-FF-FF-FF;NOTIFICATION;1;da1a1500-d532-4285-be94-b07a3e11a098;da1a150a-d532-4285-be94-b07a3e11a098;18;;
104055;1787408531340;150B;Motor-/Controllerblock;20;33;–;FF-FF-FF-FF-FF-FF-FF-FF-FF-FF-FF-FF-FF-FF-FF-FF-FF-FF-FF-FF;NOTIFICATION;1;da1a1500-d532-4285-be94-b07a3e11a098;da1a150b-d532-4285-be94-b07a3e11a098;18;;
104254;1787408531539;150D;Fahrstatistik Max/Ø;20;33;–;00-EB-00-3F-FF-FF-FF-FF-47-18-FF-FF-FF-FF-FF-FF-FF-FF-00-00;NOTIFICATION;1;da1a1500-d532-4285-be94-b07a3e11a098;da1a150d-d532-4285-be94-b07a3e11a098;18;;
105301;1787408532586;1502;Akkuinformationen;16;34;–;47-18-FF-FF-FF-FF-47-18-FF-FF-FF-FF-FF-FF-00-00;NOTIFICATION;1;da1a1500-d532-4285-be94-b07a3e11a098;da1a1502-d532-4285-be94-b07a3e11a098;18;;
105717;1787408533002;1505;BikePerformance / Fahrleistung;18;34;0,1,2,3,7;03-AC-03-AC-FF-FF-00-A5-FF-FF-FF-FF-FF-00-00-00-00-00;NOTIFICATION;1;da1a1500-d532-4285-be94-b07a3e11a098;da1a1505-d532-4285-be94-b07a3e11a098;18;;
105920;1787408533205;1506;Trip / Kilometer & Betriebszähler;16;34;7;00-00-1B-FC-00-02-2F-42-00-00-02-CC-00-00-00-00;NOTIFICATION;1;da1a1500-d532-4285-be94-b07a3e11a098;da1a1506-d532-4285-be94-b07a3e11a098;18;;
106343;1787408533628;1508;Settings / Licht & Fahrstufe;17;34;–;00-00-00-02-FF-FF-FF-FF-FF-FF-FF-00-00-00-00-00-00;NOTIFICATION;1;da1a1500-d532-4285-be94-b07a3e11a098;da1a1508-d532-4285-be94-b07a3e11a098;18;;
106553;1787408533838;1509;BatteryChange / Akku-Livestand;11;34;0,1,5,6,9,10;1B-58-FF-FF-30-B5-40-00-00-01-17;NOTIFICATION;1;da1a1500-d532-4285-be94-b07a3e11a098;da1a1509-d532-4285-be94-b07a3e11a098;18;;
106766;1787408534051;150A;MotorUpdate / Motor-Livestand;10;34;0,1;17-70-FF-FF-FF-FF-FF-FF-FF-FF;NOTIFICATION;1;da1a1500-d532-4285-be94-b07a3e11a098;da1a150a-d532-4285-be94-b07a3e11a098;18;;
106974;1787408534259;150B;Motor-/Controllerblock;20;34;–;FF-FF-FF-FF-FF-FF-FF-FF-FF-FF-FF-FF-FF-FF-FF-FF-FF-FF-FF-FF;NOTIFICATION;1;da1a1500-d532-4285-be94-b07a3e11a098;da1a150b-d532-4285-be94-b07a3e11a098;18;;
107174;1787408534459;150D;Fahrstatistik Max/Ø;20;34;–;00-EB-00-3F-FF-FF-FF-FF-47-18-FF-FF-FF-FF-FF-FF-FF-FF-00-00;NOTIFICATION;1;da1a1500-d532-4285-be94-b07a3e11a098;da1a150d-d532-4285-be94-b07a3e11a098;18;;
108225;1787408535510;1502;Akkuinformationen;16;35;–;47-18-FF-FF-FF-FF-47-18-FF-FF-FF-FF-FF-FF-00-00;NOTIFICATION;1;da1a1500-d532-4285-be94-b07a3e11a098;da1a1502-d532-4285-be94-b07a3e11a098;18;;
108635;1787408535920;1505;BikePerformance / Fahrleistung;18;35;0,1,2,3,7;12-0C-12-0C-FF-FF-00-C8-FF-FF-FF-FF-FF-00-00-00-00-00;NOTIFICATION;1;da1a1500-d532-4285-be94-b07a3e11a098;da1a1505-d532-4285-be94-b07a3e11a098;18;;
108842;1787408536127;1506;Trip / Kilometer & Betriebszähler;16;35;7;00-00-1B-FC-00-02-2F-45-00-00-02-CC-00-00-00-00;NOTIFICATION;1;da1a1500-d532-4285-be94-b07a3e11a098;da1a1506-d532-4285-be94-b07a3e11a098;18;;
109263;1787408536548;1508;Settings / Licht & Fahrstufe;17;35;–;00-00-00-02-FF-FF-FF-FF-FF-FF-FF-00-00-00-00-00-00;NOTIFICATION;1;da1a1500-d532-4285-be94-b07a3e11a098;da1a1508-d532-4285-be94-b07a3e11a098;18;;
109473;1787408536758;1509;BatteryChange / Akku-Livestand;11;35;0,1,5,6,10;1F-40-FF-FF-30-B4-DC-00-00-01-72;NOTIFICATION;1;da1a1500-d532-4285-be94-b07a3e11a098;da1a1509-d532-4285-be94-b07a3e11a098;18;;
109683;1787408536968;150A;MotorUpdate / Motor-Livestand;10;35;0,1;1F-40-FF-FF-FF-FF-FF-FF-FF-FF;NOTIFICATION;1;da1a1500-d532-4285-be94-b07a3e11a098;da1a150a-d532-4285-be94-b07a3e11a098;18;;
109895;1787408537180;150B;Motor-/Controllerblock;20;35;–;FF-FF-FF-FF-FF-FF-FF-FF-FF-FF-FF-FF-FF-FF-FF-FF-FF-FF-FF-FF;NOTIFICATION;1;da1a1500-d532-4285-be94-b07a3e11a098;da1a150b-d532-4285-be94-b07a3e11a098;18;;
110096;1787408537381;150D;Fahrstatistik Max/Ø;20;35;–;00-EB-00-3F-FF-FF-FF-FF-47-18-FF-FF-FF-FF-FF-FF-FF-FF-00-00;NOTIFICATION;1;da1a1500-d532-4285-be94-b07a3e11a098;da1a150d-d532-4285-be94-b07a3e11a098;18;;
111144;1787408538429;1502;Akkuinformationen;16;36;–;47-18-FF-FF-FF-FF-47-18-FF-FF-FF-FF-FF-FF-00-00;NOTIFICATION;1;da1a1500-d532-4285-be94-b07a3e11a098;da1a1502-d532-4285-be94-b07a3e11a098;18;;
111553;1787408538838;1505;BikePerformance / Fahrleistung;18;36;0,1,2,3,7;09-1A-09-1A-FF-FF-00-DA-FF-FF-FF-FF-FF-00-00-00-00-00;NOTIFICATION;1;da1a1500-d532-4285-be94-b07a3e11a098;da1a1505-d532-4285-be94-b07a3e11a098;18;;
111766;1787408539051;1506;Trip / Kilometer & Betriebszähler;16;36;7;00-00-1B-FC-00-02-2F-48-00-00-02-CC-00-00-00-00;NOTIFICATION;1;da1a1500-d532-4285-be94-b07a3e11a098;da1a1506-d532-4285-be94-b07a3e11a098;18;;
112196;1787408539481;1508;Settings / Licht & Fahrstufe;17;36;–;00-00-00-02-FF-FF-FF-FF-FF-FF-FF-00-00-00-00-00-00;NOTIFICATION;1;da1a1500-d532-4285-be94-b07a3e11a098;da1a1508-d532-4285-be94-b07a3e11a098;18;;
112391;1787408539676;1509;BatteryChange / Akku-Livestand;11;36;0,1,5,6,9,10;0F-A0-FF-FF-30-B5-A4-00-00-00-BA;NOTIFICATION;1;da1a1500-d532-4285-be94-b07a3e11a098;da1a1509-d532-4285-be94-b07a3e11a098;18;;
112606;1787408539891;150A;MotorUpdate / Motor-Livestand;10;36;0,1;13-88-FF-FF-FF-FF-FF-FF-FF-FF;NOTIFICATION;1;da1a1500-d532-4285-be94-b07a3e11a098;da1a150a-d532-4285-be94-b07a3e11a098;18;;
112816;1787408540101;150B;Motor-/Controllerblock;20;36;–;FF-FF-FF-FF-FF-FF-FF-FF-FF-FF-FF-FF-FF-FF-FF-FF-FF-FF-FF-FF;NOTIFICATION;1;da1a1500-d532-4285-be94-b07a3e11a098;da1a150b-d532-4285-be94-b07a3e11a098;18;;
113014;1787408540299;150D;Fahrstatistik Max/Ø;20;36;–;00-EB-00-3F-FF-FF-FF-FF-47-18-FF-FF-FF-FF-FF-FF-FF-FF-00-00;NOTIFICATION;1;da1a1500-d532-4285-be94-b07a3e11a098;da1a150d-d532-4285-be94-b07a3e11a098;18;;
114060;1787408541345;1502;Akkuinformationen;16;37;–;47-18-FF-FF-FF-FF-47-18-FF-FF-FF-FF-FF-FF-00-00;NOTIFICATION;1;da1a1500-d532-4285-be94-b07a3e11a098;da1a1502-d532-4285-be94-b07a3e11a098;18;;
114475;1787408541760;1505;BikePerformance / Fahrleistung;18;37;0,1,2,3,7;00-00-00-00-FF-FF-00-CD-FF-FF-FF-FF-FF-00-00-00-00-00;NOTIFICATION;1;da1a1500-d532-4285-be94-b07a3e11a098;da1a1505-d532-4285-be94-b07a3e11a098;18;;
114685;1787408541970;1506;Trip / Kilometer & Betriebszähler;16;37;7;00-00-1B-FC-00-02-2F-4B-00-00-02-CC-00-00-00-00;NOTIFICATION;1;da1a1500-d532-4285-be94-b07a3e11a098;da1a1506-d532-4285-be94-b07a3e11a098;18;;
115103;1787408542388;1508;Settings / Licht & Fahrstufe;17;37;–;00-00-00-02-FF-FF-FF-FF-FF-FF-FF-00-00-00-00-00-00;NOTIFICATION;1;da1a1500-d532-4285-be94-b07a3e11a098;da1a1508-d532-4285-be94-b07a3e11a098;18;;
115315;1787408542600;1509;BatteryChange / Akku-Livestand;11;37;0,1,5,6,10;00-00-FF-FF-30-B8-C4-00-00-00-00;NOTIFICATION;1;da1a1500-d532-4285-be94-b07a3e11a098;da1a1509-d532-4285-be94-b07a3e11a098;18;;
115525;1787408542810;150A;MotorUpdate / Motor-Livestand;10;37;0,1;00-00-FF-FF-FF-FF-FF-FF-FF-FF;NOTIFICATION;1;da1a1500-d532-4285-be94-b07a3e11a098;da1a150a-d532-4285-be94-b07a3e11a098;18;;
115735;1787408543020;150B;Motor-/Controllerblock;20;37;–;FF-FF-FF-FF-FF-FF-FF-FF-FF-FF-FF-FF-FF-FF-FF-FF-FF-FF-FF-FF;NOTIFICATION;1;da1a1500-d532-4285-be94-b07a3e11a098;da1a150b-d532-4285-be94-b07a3e11a098;18;;
115934;1787408543219;150D;Fahrstatistik Max/Ø;20;37;3;00-EB-00-60-FF-FF-FF-FF-47-18-FF-FF-FF-FF-FF-FF-FF-FF-00-00;NOTIFICATION;1;da1a1500-d532-4285-be94-b07a3e11a098;da1a150d-d532-4285-be94-b07a3e11a098;18;;
116987;1787408544272;1502;Akkuinformationen;16;38;–;47-18-FF-FF-FF-FF-47-18-FF-FF-FF-FF-FF-FF-00-00;NOTIFICATION;1;da1a1500-d532-4285-be94-b07a3e11a098;da1a1502-d532-4285-be94-b07a3e11a098;18;;
117396;1787408544681;1505;BikePerformance / Fahrleistung;18;38;0,1,2,3,7;0A-F0-0A-F0-FF-FF-00-9E-FF-FF-FF-FF-FF-00-00-00-00-00;NOTIFICATION;1;da1a1500-d532-4285-be94-b07a3e11a098;da1a1505-d532-4285-be94-b07a3e11a098;18;;
117602;1787408544887;1506;Trip / Kilometer & Betriebszähler;16;38;3,7;00-00-1B-FD-00-02-2F-4E-00-00-02-CC-00-00-00-00;NOTIFICATION;1;da1a1500-d532-4285-be94-b07a3e11a098;da1a1506-d532-4285-be94-b07a3e11a098;18;;
118026;1787408545311;1508;Settings / Licht & Fahrstufe;17;38;–;00-00-00-02-FF-FF-FF-FF-FF-FF-FF-00-00-00-00-00-00;NOTIFICATION;1;da1a1500-d532-4285-be94-b07a3e11a098;da1a1508-d532-4285-be94-b07a3e11a098;18;;
118238;1787408545523;1509;BatteryChange / Akku-Livestand;11;38;0,1,5,6,9,10;1B-58-FF-FF-30-B4-DC-00-00-01-44;NOTIFICATION;1;da1a1500-d532-4285-be94-b07a3e11a098;da1a1509-d532-4285-be94-b07a3e11a098;18;;
118448;1787408545733;150A;MotorUpdate / Motor-Livestand;10;38;0,1;0F-A0-FF-FF-FF-FF-FF-FF-FF-FF;NOTIFICATION;1;da1a1500-d532-4285-be94-b07a3e11a098;da1a150a-d532-4285-be94-b07a3e11a098;18;;
118655;1787408545940;150B;Motor-/Controllerblock;20;38;–;FF-FF-FF-FF-FF-FF-FF-FF-FF-FF-FF-FF-FF-FF-FF-FF-FF-FF-FF-FF;NOTIFICATION;1;da1a1500-d532-4285-be94-b07a3e11a098;da1a150b-d532-4285-be94-b07a3e11a098;18;;
118852;1787408546137;150D;Fahrstatistik Max/Ø;20;38;–;00-EB-00-60-FF-FF-FF-FF-47-18-FF-FF-FF-FF-FF-FF-FF-FF-00-00;NOTIFICATION;1;da1a1500-d532-4285-be94-b07a3e11a098;da1a150d-d532-4285-be94-b07a3e11a098;18;;
119906;1787408547191;1502;Akkuinformationen;16;39;–;47-18-FF-FF-FF-FF-47-18-FF-FF-FF-FF-FF-FF-00-00;NOTIFICATION;1;da1a1500-d532-4285-be94-b07a3e11a098;da1a1502-d532-4285-be94-b07a3e11a098;18;;
120316;1787408547601;1505;BikePerformance / Fahrleistung;18;39;0,1,2,3,7;05-78-05-78-FF-FF-00-A3-FF-FF-FF-FF-FF-00-00-00-00-00;NOTIFICATION;1;da1a1500-d532-4285-be94-b07a3e11a098;da1a1505-d532-4285-be94-b07a3e11a098;18;;
120523;1787408547808;1506;Trip / Kilometer & Betriebszähler;16;39;7;00-00-1B-FD-00-02-2F-51-00-00-02-CC-00-00-00-00;NOTIFICATION;1;da1a1500-d532-4285-be94-b07a3e11a098;da1a1506-d532-4285-be94-b07a3e11a098;18;;
120946;1787408548231;1508;Settings / Licht & Fahrstufe;17;39;–;00-00-00-02-FF-FF-FF-FF-FF-FF-FF-00-00-00-00-00-00;NOTIFICATION;1;da1a1500-d532-4285-be94-b07a3e11a098;da1a1508-d532-4285-be94-b07a3e11a098;18;;
121151;1787408548436;1509;BatteryChange / Akku-Livestand;11;39;0,1,5,6,9,10;0F-A0-FF-FF-30-B6-6C-00-00-00-BA;NOTIFICATION;1;da1a1500-d532-4285-be94-b07a3e11a098;da1a1509-d532-4285-be94-b07a3e11a098;18;;
121365;1787408548650;150A;MotorUpdate / Motor-Livestand;10;39;–;0F-A0-FF-FF-FF-FF-FF-FF-FF-FF;NOTIFICATION;1;da1a1500-d532-4285-be94-b07a3e11a098;da1a150a-d532-4285-be94-b07a3e11a098;18;;
121575;1787408548860;150B;Motor-/Controllerblock;20;39;–;FF-FF-FF-FF-FF-FF-FF-FF-FF-FF-FF-FF-FF-FF-FF-FF-FF-FF-FF-FF;NOTIFICATION;1;da1a1500-d532-4285-be94-b07a3e11a098;da1a150b-d532-4285-be94-b07a3e11a098;18;;
121785;1787408549070;150D;Fahrstatistik Max/Ø;20;39;–;00-EB-00-60-FF-FF-FF-FF-47-18-FF-FF-FF-FF-FF-FF-FF-FF-00-00;NOTIFICATION;1;da1a1500-d532-4285-be94-b07a3e11a098;da1a150d-d532-4285-be94-b07a3e11a098;18;;
122825;1787408550110;1502;Akkuinformationen;16;40;–;47-18-FF-FF-FF-FF-47-18-FF-FF-FF-FF-FF-FF-00-00;NOTIFICATION;1;da1a1500-d532-4285-be94-b07a3e11a098;da1a1502-d532-4285-be94-b07a3e11a098;18;;
123245;1787408550530;1505;BikePerformance / Fahrleistung;18;40;0,1,2,3,7;07-44-07-44-FF-FF-00-A2-FF-FF-FF-FF-FF-00-00-00-00-00;NOTIFICATION;1;da1a1500-d532-4285-be94-b07a3e11a098;da1a1505-d532-4285-be94-b07a3e11a098;18;;
123447;1787408550732;1506;Trip / Kilometer & Betriebszähler;16;40;7;00-00-1B-FD-00-02-2F-54-00-00-02-CC-00-00-00-00;NOTIFICATION;1;da1a1500-d532-4285-be94-b07a3e11a098;da1a1506-d532-4285-be94-b07a3e11a098;18;;
123866;1787408551151;1508;Settings / Licht & Fahrstufe;17;40;–;00-00-00-02-FF-FF-FF-FF-FF-FF-FF-00-00-00-00-00-00;NOTIFICATION;1;da1a1500-d532-4285-be94-b07a3e11a098;da1a1508-d532-4285-be94-b07a3e11a098;18;;
124077;1787408551362;1509;BatteryChange / Akku-Livestand;11;40;–;0F-A0-FF-FF-30-B6-6C-00-00-00-BA;NOTIFICATION;1;da1a1500-d532-4285-be94-b07a3e11a098;da1a1509-d532-4285-be94-b07a3e11a098;18;;
124285;1787408551570;150A;MotorUpdate / Motor-Livestand;10;40;–;0F-A0-FF-FF-FF-FF-FF-FF-FF-FF;NOTIFICATION;1;da1a1500-d532-4285-be94-b07a3e11a098;da1a150a-d532-4285-be94-b07a3e11a098;18;;
124492;1787408551777;150B;Motor-/Controllerblock;20;40;–;FF-FF-FF-FF-FF-FF-FF-FF-FF-FF-FF-FF-FF-FF-FF-FF-FF-FF-FF-FF;NOTIFICATION;1;da1a1500-d532-4285-be94-b07a3e11a098;da1a150b-d532-4285-be94-b07a3e11a098;18;;
124704;1787408551989;150D;Fahrstatistik Max/Ø;20;40;–;00-EB-00-60-FF-FF-FF-FF-47-18-FF-FF-FF-FF-FF-FF-FF-FF-00-00;NOTIFICATION;1;da1a1500-d532-4285-be94-b07a3e11a098;da1a150d-d532-4285-be94-b07a3e11a098;18;;
125741;1787408553026;1502;Akkuinformationen;16;41;–;47-18-FF-FF-FF-FF-47-18-FF-FF-FF-FF-FF-FF-00-00;NOTIFICATION;1;da1a1500-d532-4285-be94-b07a3e11a098;da1a1502-d532-4285-be94-b07a3e11a098;18;;
126166;1787408553451;1505;BikePerformance / Fahrleistung;18;41;0,1,2,3,7;03-A2-03-A2-FF-FF-00-9C-FF-FF-FF-FF-FF-00-00-00-00-00;NOTIFICATION;1;da1a1500-d532-4285-be94-b07a3e11a098;da1a1505-d532-4285-be94-b07a3e11a098;18;;
126365;1787408553650;1506;Trip / Kilometer & Betriebszähler;16;41;7;00-00-1B-FD-00-02-2F-57-00-00-02-CC-00-00-00-00;NOTIFICATION;1;da1a1500-d532-4285-be94-b07a3e11a098;da1a1506-d532-4285-be94-b07a3e11a098;18;;
126832;1787408554117;1508;Settings / Licht & Fahrstufe;17;41;–;00-00-00-02-FF-FF-FF-FF-FF-FF-FF-00-00-00-00-00-00;NOTIFICATION;1;da1a1500-d532-4285-be94-b07a3e11a098;da1a1508-d532-4285-be94-b07a3e11a098;18;;
126996;1787408554281;1509;BatteryChange / Akku-Livestand;11;41;0,1,5,6,9,10;1B-58-FF-FF-30-B3-B0-00-00-01-17;NOTIFICATION;1;da1a1500-d532-4285-be94-b07a3e11a098;da1a1509-d532-4285-be94-b07a3e11a098;18;;
127205;1787408554490;150A;MotorUpdate / Motor-Livestand;10;41;0,1;2E-E0-FF-FF-FF-FF-FF-FF-FF-FF;NOTIFICATION;1;da1a1500-d532-4285-be94-b07a3e11a098;da1a150a-d532-4285-be94-b07a3e11a098;18;;
127416;1787408554701;150B;Motor-/Controllerblock;20;41;–;FF-FF-FF-FF-FF-FF-FF-FF-FF-FF-FF-FF-FF-FF-FF-FF-FF-FF-FF-FF;NOTIFICATION;1;da1a1500-d532-4285-be94-b07a3e11a098;da1a150b-d532-4285-be94-b07a3e11a098;18;;
127625;1787408554910;150D;Fahrstatistik Max/Ø;20;41;–;00-EB-00-60-FF-FF-FF-FF-47-18-FF-FF-FF-FF-FF-FF-FF-FF-00-00;NOTIFICATION;1;da1a1500-d532-4285-be94-b07a3e11a098;da1a150d-d532-4285-be94-b07a3e11a098;18;;
128669;1787408555954;1502;Akkuinformationen;16;42;–;47-18-FF-FF-FF-FF-47-18-FF-FF-FF-FF-FF-FF-00-00;NOTIFICATION;1;da1a1500-d532-4285-be94-b07a3e11a098;da1a1502-d532-4285-be94-b07a3e11a098;18;;
129087;1787408556372;1505;BikePerformance / Fahrleistung;18;42;0,1,2,3,7;00-00-00-00-FF-FF-00-A0-FF-FF-FF-FF-FF-00-00-00-00-00;NOTIFICATION;1;da1a1500-d532-4285-be94-b07a3e11a098;da1a1505-d532-4285-be94-b07a3e11a098;18;;
129289;1787408556574;1506;Trip / Kilometer & Betriebszähler;16;42;7;00-00-1B-FD-00-02-2F-5A-00-00-02-CC-00-00-00-00;NOTIFICATION;1;da1a1500-d532-4285-be94-b07a3e11a098;da1a1506-d532-4285-be94-b07a3e11a098;18;;
129708;1787408556993;1508;Settings / Licht & Fahrstufe;17;42;3;00-00-00-01-FF-FF-FF-FF-FF-FF-FF-00-00-00-00-00-00;NOTIFICATION;1;da1a1500-d532-4285-be94-b07a3e11a098;da1a1508-d532-4285-be94-b07a3e11a098;18;;
130011;1787408557296;1509;BatteryChange / Akku-Livestand;11;42;0,1,4,5,6,9,10;00-00-FF-FF-2B-B8-C4-00-00-00-00;NOTIFICATION;1;da1a1500-d532-4285-be94-b07a3e11a098;da1a1509-d532-4285-be94-b07a3e11a098;18;;
130122;1787408557407;150A;MotorUpdate / Motor-Livestand;10;42;0,1;00-00-FF-FF-FF-FF-FF-FF-FF-FF;NOTIFICATION;1;da1a1500-d532-4285-be94-b07a3e11a098;da1a150a-d532-4285-be94-b07a3e11a098;18;;
130334;1787408557619;150B;Motor-/Controllerblock;20;42;–;FF-FF-FF-FF-FF-FF-FF-FF-FF-FF-FF-FF-FF-FF-FF-FF-FF-FF-FF-FF;NOTIFICATION;1;da1a1500-d532-4285-be94-b07a3e11a098;da1a150b-d532-4285-be94-b07a3e11a098;18;;
130549;1787408557834;150D;Fahrstatistik Max/Ø;20;42;–;00-EB-00-60-FF-FF-FF-FF-47-18-FF-FF-FF-FF-FF-FF-FF-FF-00-00;NOTIFICATION;1;da1a1500-d532-4285-be94-b07a3e11a098;da1a150d-d532-4285-be94-b07a3e11a098;18;;
131589;1787408558874;1502;Akkuinformationen;16;43;–;47-18-FF-FF-FF-FF-47-18-FF-FF-FF-FF-FF-FF-00-00;NOTIFICATION;1;da1a1500-d532-4285-be94-b07a3e11a098;da1a1502-d532-4285-be94-b07a3e11a098;18;;
132006;1787408559291;1505;BikePerformance / Fahrleistung;18;43;7;00-00-00-00-FF-FF-00-75-FF-FF-FF-FF-FF-00-00-00-00-00;NOTIFICATION;1;da1a1500-d532-4285-be94-b07a3e11a098;da1a1505-d532-4285-be94-b07a3e11a098;18;;
132207;1787408559492;1506;Trip / Kilometer & Betriebszähler;16;43;7;00-00-1B-FD-00-02-2F-5D-00-00-02-CC-00-00-00-00;NOTIFICATION;1;da1a1500-d532-4285-be94-b07a3e11a098;da1a1506-d532-4285-be94-b07a3e11a098;18;;
132627;1787408559912;1508;Settings / Licht & Fahrstufe;17;43;–;00-00-00-01-FF-FF-FF-FF-FF-FF-FF-00-00-00-00-00-00;NOTIFICATION;1;da1a1500-d532-4285-be94-b07a3e11a098;da1a1508-d532-4285-be94-b07a3e11a098;18;;
132839;1787408560124;1509;BatteryChange / Akku-Livestand;11;43;5,6;00-00-FF-FF-2B-B7-FC-00-00-00-00;NOTIFICATION;1;da1a1500-d532-4285-be94-b07a3e11a098;da1a1509-d532-4285-be94-b07a3e11a098;18;;
133048;1787408560333;150A;MotorUpdate / Motor-Livestand;10;43;0,1;03-E8-FF-FF-FF-FF-FF-FF-FF-FF;NOTIFICATION;1;da1a1500-d532-4285-be94-b07a3e11a098;da1a150a-d532-4285-be94-b07a3e11a098;18;;
133257;1787408560542;150B;Motor-/Controllerblock;20;43;–;FF-FF-FF-FF-FF-FF-FF-FF-FF-FF-FF-FF-FF-FF-FF-FF-FF-FF-FF-FF;NOTIFICATION;1;da1a1500-d532-4285-be94-b07a3e11a098;da1a150b-d532-4285-be94-b07a3e11a098;18;;
133508;1787408560793;150D;Fahrstatistik Max/Ø;20;43;–;00-EB-00-60-FF-FF-FF-FF-47-18-FF-FF-FF-FF-FF-FF-FF-FF-00-00;NOTIFICATION;1;da1a1500-d532-4285-be94-b07a3e11a098;da1a150d-d532-4285-be94-b07a3e11a098;18;;
134507;1787408561792;1502;Akkuinformationen;16;44;–;47-18-FF-FF-FF-FF-47-18-FF-FF-FF-FF-FF-FF-00-00;NOTIFICATION;1;da1a1500-d532-4285-be94-b07a3e11a098;da1a1502-d532-4285-be94-b07a3e11a098;18;;
134926;1787408562211;1505;BikePerformance / Fahrleistung;18;44;0,1,2,3,7;03-AC-03-AC-FF-FF-00-37-FF-FF-FF-FF-FF-00-00-00-00-00;NOTIFICATION;1;da1a1500-d532-4285-be94-b07a3e11a098;da1a1505-d532-4285-be94-b07a3e11a098;18;;
135137;1787408562422;1506;Trip / Kilometer & Betriebszähler;16;44;7;00-00-1B-FD-00-02-2F-5F-00-00-02-CC-00-00-00-00;NOTIFICATION;1;da1a1500-d532-4285-be94-b07a3e11a098;da1a1506-d532-4285-be94-b07a3e11a098;18;;
135549;1787408562834;1508;Settings / Licht & Fahrstufe;17;44;–;00-00-00-01-FF-FF-FF-FF-FF-FF-FF-00-00-00-00-00-00;NOTIFICATION;1;da1a1500-d532-4285-be94-b07a3e11a098;da1a1508-d532-4285-be94-b07a3e11a098;18;;
135758;1787408563043;1509;BatteryChange / Akku-Livestand;11;44;0,1,4,5,6,10;07-D0-FF-FF-2F-B8-60-00-00-00-8D;NOTIFICATION;1;da1a1500-d532-4285-be94-b07a3e11a098;da1a1509-d532-4285-be94-b07a3e11a098;18;;
135966;1787408563251;150A;MotorUpdate / Motor-Livestand;10;44;–;03-E8-FF-FF-FF-FF-FF-FF-FF-FF;NOTIFICATION;1;da1a1500-d532-4285-be94-b07a3e11a098;da1a150a-d532-4285-be94-b07a3e11a098;18;;
136178;1787408563463;150B;Motor-/Controllerblock;20;44;–;FF-FF-FF-FF-FF-FF-FF-FF-FF-FF-FF-FF-FF-FF-FF-FF-FF-FF-FF-FF;NOTIFICATION;1;da1a1500-d532-4285-be94-b07a3e11a098;da1a150b-d532-4285-be94-b07a3e11a098;18;;
136388;1787408563673;150D;Fahrstatistik Max/Ø;20;44;–;00-EB-00-60-FF-FF-FF-FF-47-18-FF-FF-FF-FF-FF-FF-FF-FF-00-00;NOTIFICATION;1;da1a1500-d532-4285-be94-b07a3e11a098;da1a150d-d532-4285-be94-b07a3e11a098;18;;
137428;1787408564713;1502;Akkuinformationen;16;45;–;47-18-FF-FF-FF-FF-47-18-FF-FF-FF-FF-FF-FF-00-00;NOTIFICATION;1;da1a1500-d532-4285-be94-b07a3e11a098;da1a1502-d532-4285-be94-b07a3e11a098;18;;
137843;1787408565128;1505;BikePerformance / Fahrleistung;18;45;7;03-AC-03-AC-FF-FF-00-5B-FF-FF-FF-FF-FF-00-00-00-00-00;NOTIFICATION;1;da1a1500-d532-4285-be94-b07a3e11a098;da1a1505-d532-4285-be94-b07a3e11a098;18;;
138056;1787408565341;1506;Trip / Kilometer & Betriebszähler;16;45;7;00-00-1B-FD-00-02-2F-62-00-00-02-CC-00-00-00-00;NOTIFICATION;1;da1a1500-d532-4285-be94-b07a3e11a098;da1a1506-d532-4285-be94-b07a3e11a098;18;;
138470;1787408565755;1508;Settings / Licht & Fahrstufe;17;45;–;00-00-00-01-FF-FF-FF-FF-FF-FF-FF-00-00-00-00-00-00;NOTIFICATION;1;da1a1500-d532-4285-be94-b07a3e11a098;da1a1508-d532-4285-be94-b07a3e11a098;18;;
138676;1787408565961;1509;BatteryChange / Akku-Livestand;11;45;0,1,4,10;03-E8-FF-FF-30-B8-60-00-00-00-2F;NOTIFICATION;1;da1a1500-d532-4285-be94-b07a3e11a098;da1a1509-d532-4285-be94-b07a3e11a098;18;;
138890;1787408566175;150A;MotorUpdate / Motor-Livestand;10;45;–;03-E8-FF-FF-FF-FF-FF-FF-FF-FF;NOTIFICATION;1;da1a1500-d532-4285-be94-b07a3e11a098;da1a150a-d532-4285-be94-b07a3e11a098;18;;
139097;1787408566382;150B;Motor-/Controllerblock;20;45;–;FF-FF-FF-FF-FF-FF-FF-FF-FF-FF-FF-FF-FF-FF-FF-FF-FF-FF-FF-FF;NOTIFICATION;1;da1a1500-d532-4285-be94-b07a3e11a098;da1a150b-d532-4285-be94-b07a3e11a098;18;;
139306;1787408566591;150D;Fahrstatistik Max/Ø;20;45;3;00-EB-00-6D-FF-FF-FF-FF-47-18-FF-FF-FF-FF-FF-FF-FF-FF-00-00;NOTIFICATION;1;da1a1500-d532-4285-be94-b07a3e11a098;da1a150d-d532-4285-be94-b07a3e11a098;18;;
140415;1787408567700;1502;Akkuinformationen;16;46;–;47-18-FF-FF-FF-FF-47-18-FF-FF-FF-FF-FF-FF-00-00;NOTIFICATION;1;da1a1500-d532-4285-be94-b07a3e11a098;da1a1502-d532-4285-be94-b07a3e11a098;18;;
140839;1787408568124;1505;BikePerformance / Fahrleistung;18;46;0,1,2,3,7;00-00-00-00-FF-FF-00-5D-FF-FF-FF-FF-FF-00-00-00-00-00;NOTIFICATION;1;da1a1500-d532-4285-be94-b07a3e11a098;da1a1505-d532-4285-be94-b07a3e11a098;18;;
140976;1787408568261;1506;Trip / Kilometer & Betriebszähler;16;46;3,7;00-00-1B-FE-00-02-2F-65-00-00-02-CC-00-00-00-00;NOTIFICATION;1;da1a1500-d532-4285-be94-b07a3e11a098;da1a1506-d532-4285-be94-b07a3e11a098;18;;
141516;1787408568801;1508;Settings / Licht & Fahrstufe;17;46;–;00-00-00-01-FF-FF-FF-FF-FF-FF-FF-00-00-00-00-00-00;NOTIFICATION;1;da1a1500-d532-4285-be94-b07a3e11a098;da1a1508-d532-4285-be94-b07a3e11a098;18;;
141592;1787408568877;1509;BatteryChange / Akku-Livestand;11;46;0,1,5,6,10;00-00-FF-FF-30-B9-8C-00-00-00-00;NOTIFICATION;1;da1a1500-d532-4285-be94-b07a3e11a098;da1a1509-d532-4285-be94-b07a3e11a098;18;;
141877;1787408569162;150A;MotorUpdate / Motor-Livestand;10;46;0,1;00-00-FF-FF-FF-FF-FF-FF-FF-FF;NOTIFICATION;1;da1a1500-d532-4285-be94-b07a3e11a098;da1a150a-d532-4285-be94-b07a3e11a098;18;;
142017;1787408569302;150B;Motor-/Controllerblock;20;46;–;FF-FF-FF-FF-FF-FF-FF-FF-FF-FF-FF-FF-FF-FF-FF-FF-FF-FF-FF-FF;NOTIFICATION;1;da1a1500-d532-4285-be94-b07a3e11a098;da1a150b-d532-4285-be94-b07a3e11a098;18;;
142225;1787408569510;150D;Fahrstatistik Max/Ø;20;46;–;00-EB-00-6D-FF-FF-FF-FF-47-18-FF-FF-FF-FF-FF-FF-FF-FF-00-00;NOTIFICATION;1;da1a1500-d532-4285-be94-b07a3e11a098;da1a150d-d532-4285-be94-b07a3e11a098;18;;
143277;1787408570562;1502;Akkuinformationen;16;47;–;47-18-FF-FF-FF-FF-47-18-FF-FF-FF-FF-FF-FF-00-00;NOTIFICATION;1;da1a1500-d532-4285-be94-b07a3e11a098;da1a1502-d532-4285-be94-b07a3e11a098;18;;
143686;1787408570971;1505;BikePerformance / Fahrleistung;18;47;7;00-00-00-00-FF-FF-00-47-FF-FF-FF-FF-FF-00-00-00-00-00;NOTIFICATION;1;da1a1500-d532-4285-be94-b07a3e11a098;da1a1505-d532-4285-be94-b07a3e11a098;18;;
143946;1787408571231;1506;Trip / Kilometer & Betriebszähler;16;47;7;00-00-1B-FE-00-02-2F-68-00-00-02-CC-00-00-00-00;NOTIFICATION;1;da1a1500-d532-4285-be94-b07a3e11a098;da1a1506-d532-4285-be94-b07a3e11a098;18;;
144303;1787408571588;1508;Settings / Licht & Fahrstufe;17;47;–;00-00-00-01-FF-FF-FF-FF-FF-FF-FF-00-00-00-00-00-00;NOTIFICATION;1;da1a1500-d532-4285-be94-b07a3e11a098;da1a1508-d532-4285-be94-b07a3e11a098;18;;
144557;1787408571842;1509;BatteryChange / Akku-Livestand;11;47;–;00-00-FF-FF-30-B9-8C-00-00-00-00;NOTIFICATION;1;da1a1500-d532-4285-be94-b07a3e11a098;da1a1509-d532-4285-be94-b07a3e11a098;18;;
144726;1787408572011;150A;MotorUpdate / Motor-Livestand;10;47;–;00-00-FF-FF-FF-FF-FF-FF-FF-FF;NOTIFICATION;1;da1a1500-d532-4285-be94-b07a3e11a098;da1a150a-d532-4285-be94-b07a3e11a098;18;;
144936;1787408572221;150B;Motor-/Controllerblock;20;47;–;FF-FF-FF-FF-FF-FF-FF-FF-FF-FF-FF-FF-FF-FF-FF-FF-FF-FF-FF-FF;NOTIFICATION;1;da1a1500-d532-4285-be94-b07a3e11a098;da1a150b-d532-4285-be94-b07a3e11a098;18;;
145146;1787408572431;150D;Fahrstatistik Max/Ø;20;47;–;00-EB-00-6D-FF-FF-FF-FF-47-18-FF-FF-FF-FF-FF-FF-FF-FF-00-00;NOTIFICATION;1;da1a1500-d532-4285-be94-b07a3e11a098;da1a150d-d532-4285-be94-b07a3e11a098;18;;
146189;1787408573474;1502;Akkuinformationen;16;48;–;47-18-FF-FF-FF-FF-47-18-FF-FF-FF-FF-FF-FF-00-00;NOTIFICATION;1;da1a1500-d532-4285-be94-b07a3e11a098;da1a1502-d532-4285-be94-b07a3e11a098;18;;
146606;1787408573891;1505;BikePerformance / Fahrleistung;18;48;7;00-00-00-00-FF-FF-00-19-FF-FF-FF-FF-FF-00-00-00-00-00;NOTIFICATION;1;da1a1500-d532-4285-be94-b07a3e11a098;da1a1505-d532-4285-be94-b07a3e11a098;18;;
146814;1787408574099;1506;Trip / Kilometer & Betriebszähler;16;48;7;00-00-1B-FE-00-02-2F-6B-00-00-02-CC-00-00-00-00;NOTIFICATION;1;da1a1500-d532-4285-be94-b07a3e11a098;da1a1506-d532-4285-be94-b07a3e11a098;18;;
147230;1787408574515;1508;Settings / Licht & Fahrstufe;17;48;–;00-00-00-01-FF-FF-FF-FF-FF-FF-FF-00-00-00-00-00-00;NOTIFICATION;1;da1a1500-d532-4285-be94-b07a3e11a098;da1a1508-d532-4285-be94-b07a3e11a098;18;;
147436;1787408574721;1509;BatteryChange / Akku-Livestand;11;48;–;00-00-FF-FF-30-B9-8C-00-00-00-00;NOTIFICATION;1;da1a1500-d532-4285-be94-b07a3e11a098;da1a1509-d532-4285-be94-b07a3e11a098;18;;
147649;1787408574934;150A;MotorUpdate / Motor-Livestand;10;48;–;00-00-FF-FF-FF-FF-FF-FF-FF-FF;NOTIFICATION;1;da1a1500-d532-4285-be94-b07a3e11a098;da1a150a-d532-4285-be94-b07a3e11a098;18;;
147856;1787408575141;150B;Motor-/Controllerblock;20;48;–;FF-FF-FF-FF-FF-FF-FF-FF-FF-FF-FF-FF-FF-FF-FF-FF-FF-FF-FF-FF;NOTIFICATION;1;da1a1500-d532-4285-be94-b07a3e11a098;da1a150b-d532-4285-be94-b07a3e11a098;18;;
148067;1787408575352;150D;Fahrstatistik Max/Ø;20;48;–;00-EB-00-6D-FF-FF-FF-FF-47-18-FF-FF-FF-FF-FF-FF-FF-FF-00-00;NOTIFICATION;1;da1a1500-d532-4285-be94-b07a3e11a098;da1a150d-d532-4285-be94-b07a3e11a098;18;;
149177;1787408576462;1502;Akkuinformationen;16;49;–;47-18-FF-FF-FF-FF-47-18-FF-FF-FF-FF-FF-FF-00-00;NOTIFICATION;1;da1a1500-d532-4285-be94-b07a3e11a098;da1a1502-d532-4285-be94-b07a3e11a098;18;;
149642;1787408576927;1505;BikePerformance / Fahrleistung;18;49;7;00-00-00-00-FF-FF-00-00-FF-FF-FF-FF-FF-00-00-00-00-00;NOTIFICATION;1;da1a1500-d532-4285-be94-b07a3e11a098;da1a1505-d532-4285-be94-b07a3e11a098;18;;
149750;1787408577035;1506;Trip / Kilometer & Betriebszähler;16;49;7;00-00-1B-FE-00-02-2F-6E-00-00-02-CC-00-00-00-00;NOTIFICATION;1;da1a1500-d532-4285-be94-b07a3e11a098;da1a1506-d532-4285-be94-b07a3e11a098;18;;
150157;1787408577442;1508;Settings / Licht & Fahrstufe;17;49;–;00-00-00-01-FF-FF-FF-FF-FF-FF-FF-00-00-00-00-00-00;NOTIFICATION;1;da1a1500-d532-4285-be94-b07a3e11a098;da1a1508-d532-4285-be94-b07a3e11a098;18;;
150355;1787408577640;1509;BatteryChange / Akku-Livestand;11;49;–;00-00-FF-FF-30-B9-8C-00-00-00-00;NOTIFICATION;1;da1a1500-d532-4285-be94-b07a3e11a098;da1a1509-d532-4285-be94-b07a3e11a098;18;;
150563;1787408577848;150A;MotorUpdate / Motor-Livestand;10;49;–;00-00-FF-FF-FF-FF-FF-FF-FF-FF;NOTIFICATION;1;da1a1500-d532-4285-be94-b07a3e11a098;da1a150a-d532-4285-be94-b07a3e11a098;18;;
150848;1787408578133;150B;Motor-/Controllerblock;20;49;–;FF-FF-FF-FF-FF-FF-FF-FF-FF-FF-FF-FF-FF-FF-FF-FF-FF-FF-FF-FF;NOTIFICATION;1;da1a1500-d532-4285-be94-b07a3e11a098;da1a150b-d532-4285-be94-b07a3e11a098;18;;
150986;1787408578271;150D;Fahrstatistik Max/Ø;20;49;–;00-EB-00-6D-FF-FF-FF-FF-47-18-FF-FF-FF-FF-FF-FF-FF-FF-00-00;NOTIFICATION;1;da1a1500-d532-4285-be94-b07a3e11a098;da1a150d-d532-4285-be94-b07a3e11a098;18;;
152098;1787408579383;1502;Akkuinformationen;16;50;–;47-18-FF-FF-FF-FF-47-18-FF-FF-FF-FF-FF-FF-00-00;NOTIFICATION;1;da1a1500-d532-4285-be94-b07a3e11a098;da1a1502-d532-4285-be94-b07a3e11a098;18;;
152511;1787408579796;1505;BikePerformance / Fahrleistung;18;50;7;00-00-00-00-FF-FF-00-11-FF-FF-FF-FF-FF-00-00-00-00-00;NOTIFICATION;1;da1a1500-d532-4285-be94-b07a3e11a098;da1a1505-d532-4285-be94-b07a3e11a098;18;;
152656;1787408579941;1506;Trip / Kilometer & Betriebszähler;16;50;7;00-00-1B-FE-00-02-2F-71-00-00-02-CC-00-00-00-00;NOTIFICATION;1;da1a1500-d532-4285-be94-b07a3e11a098;da1a1506-d532-4285-be94-b07a3e11a098;18;;
153136;1787408580421;1508;Settings / Licht & Fahrstufe;17;50;–;00-00-00-01-FF-FF-FF-FF-FF-FF-FF-00-00-00-00-00-00;NOTIFICATION;1;da1a1500-d532-4285-be94-b07a3e11a098;da1a1508-d532-4285-be94-b07a3e11a098;18;;
153277;1787408580562;1509;BatteryChange / Akku-Livestand;11;50;–;00-00-FF-FF-30-B9-8C-00-00-00-00;NOTIFICATION;1;da1a1500-d532-4285-be94-b07a3e11a098;da1a1509-d532-4285-be94-b07a3e11a098;18;;
153525;1787408580810;150A;MotorUpdate / Motor-Livestand;10;50;–;00-00-FF-FF-FF-FF-FF-FF-FF-FF;NOTIFICATION;1;da1a1500-d532-4285-be94-b07a3e11a098;da1a150a-d532-4285-be94-b07a3e11a098;18;;
153696;1787408580981;150B;Motor-/Controllerblock;20;50;–;FF-FF-FF-FF-FF-FF-FF-FF-FF-FF-FF-FF-FF-FF-FF-FF-FF-FF-FF-FF;NOTIFICATION;1;da1a1500-d532-4285-be94-b07a3e11a098;da1a150b-d532-4285-be94-b07a3e11a098;18;;
153967;1787408581252;150D;Fahrstatistik Max/Ø;20;50;–;00-EB-00-6D-FF-FF-FF-FF-47-18-FF-FF-FF-FF-FF-FF-FF-FF-00-00;NOTIFICATION;1;da1a1500-d532-4285-be94-b07a3e11a098;da1a150d-d532-4285-be94-b07a3e11a098;18;;
155023;1787408582308;1502;Akkuinformationen;16;51;–;47-18-FF-FF-FF-FF-47-18-FF-FF-FF-FF-FF-FF-00-00;NOTIFICATION;1;da1a1500-d532-4285-be94-b07a3e11a098;da1a1502-d532-4285-be94-b07a3e11a098;18;;
155461;1787408582746;1505;BikePerformance / Fahrleistung;18;51;7;00-00-00-00-FF-FF-00-00-FF-FF-FF-FF-FF-00-00-00-00-00;NOTIFICATION;1;da1a1500-d532-4285-be94-b07a3e11a098;da1a1505-d532-4285-be94-b07a3e11a098;18;;
155579;1787408582864;1506;Trip / Kilometer & Betriebszähler;16;51;7;00-00-1B-FE-00-02-2F-73-00-00-02-CC-00-00-00-00;NOTIFICATION;1;da1a1500-d532-4285-be94-b07a3e11a098;da1a1506-d532-4285-be94-b07a3e11a098;18;;
156058;1787408583343;1508;Settings / Licht & Fahrstufe;17;51;–;00-00-00-01-FF-FF-FF-FF-FF-FF-FF-00-00-00-00-00-00;NOTIFICATION;1;da1a1500-d532-4285-be94-b07a3e11a098;da1a1508-d532-4285-be94-b07a3e11a098;18;;
156196;1787408583481;1509;BatteryChange / Akku-Livestand;11;51;–;00-00-FF-FF-30-B9-8C-00-00-00-00;NOTIFICATION;1;da1a1500-d532-4285-be94-b07a3e11a098;da1a1509-d532-4285-be94-b07a3e11a098;18;;
156452;1787408583737;150A;MotorUpdate / Motor-Livestand;10;51;–;00-00-FF-FF-FF-FF-FF-FF-FF-FF;NOTIFICATION;1;da1a1500-d532-4285-be94-b07a3e11a098;da1a150a-d532-4285-be94-b07a3e11a098;18;;
156616;1787408583901;150B;Motor-/Controllerblock;20;51;–;FF-FF-FF-FF-FF-FF-FF-FF-FF-FF-FF-FF-FF-FF-FF-FF-FF-FF-FF-FF;NOTIFICATION;1;da1a1500-d532-4285-be94-b07a3e11a098;da1a150b-d532-4285-be94-b07a3e11a098;18;;
156869;1787408584154;150D;Fahrstatistik Max/Ø;20;51;–;00-EB-00-6D-FF-FF-FF-FF-47-18-FF-FF-FF-FF-FF-FF-FF-FF-00-00;NOTIFICATION;1;da1a1500-d532-4285-be94-b07a3e11a098;da1a150d-d532-4285-be94-b07a3e11a098;18;;
157942;1787408585227;1502;Akkuinformationen;16;52;–;47-18-FF-FF-FF-FF-47-18-FF-FF-FF-FF-FF-FF-00-00;NOTIFICATION;1;da1a1500-d532-4285-be94-b07a3e11a098;da1a1502-d532-4285-be94-b07a3e11a098;18;;
158346;1787408585631;1505;BikePerformance / Fahrleistung;18;52;–;00-00-00-00-FF-FF-00-00-FF-FF-FF-FF-FF-00-00-00-00-00;NOTIFICATION;1;da1a1500-d532-4285-be94-b07a3e11a098;da1a1505-d532-4285-be94-b07a3e11a098;18;;
158496;1787408585781;1506;Trip / Kilometer & Betriebszähler;16;52;–;00-00-1B-FE-00-02-2F-73-00-00-02-CC-00-00-00-00;NOTIFICATION;1;da1a1500-d532-4285-be94-b07a3e11a098;da1a1506-d532-4285-be94-b07a3e11a098;18;;
158987;1787408586272;1508;Settings / Licht & Fahrstufe;17;52;–;00-00-00-01-FF-FF-FF-FF-FF-FF-FF-00-00-00-00-00-00;NOTIFICATION;1;da1a1500-d532-4285-be94-b07a3e11a098;da1a1508-d532-4285-be94-b07a3e11a098;18;;
159115;1787408586400;1509;BatteryChange / Akku-Livestand;11;52;6;00-00-FF-FF-30-B9-F0-00-00-00-00;NOTIFICATION;1;da1a1500-d532-4285-be94-b07a3e11a098;da1a1509-d532-4285-be94-b07a3e11a098;18;;
159326;1787408586611;150A;MotorUpdate / Motor-Livestand;10;52;–;00-00-FF-FF-FF-FF-FF-FF-FF-FF;NOTIFICATION;1;da1a1500-d532-4285-be94-b07a3e11a098;da1a150a-d532-4285-be94-b07a3e11a098;18;;
159537;1787408586822;150B;Motor-/Controllerblock;20;52;–;FF-FF-FF-FF-FF-FF-FF-FF-FF-FF-FF-FF-FF-FF-FF-FF-FF-FF-FF-FF;NOTIFICATION;1;da1a1500-d532-4285-be94-b07a3e11a098;da1a150b-d532-4285-be94-b07a3e11a098;18;;
159799;1787408587084;150D;Fahrstatistik Max/Ø;20;52;–;00-EB-00-6D-FF-FF-FF-FF-47-18-FF-FF-FF-FF-FF-FF-FF-FF-00-00;NOTIFICATION;1;da1a1500-d532-4285-be94-b07a3e11a098;da1a150d-d532-4285-be94-b07a3e11a098;18;;
160850;1787408588135;1502;Akkuinformationen;16;53;–;47-18-FF-FF-FF-FF-47-18-FF-FF-FF-FF-FF-FF-00-00;NOTIFICATION;1;da1a1500-d532-4285-be94-b07a3e11a098;da1a1502-d532-4285-be94-b07a3e11a098;18;;
161285;1787408588570;1505;BikePerformance / Fahrleistung;18;53;–;00-00-00-00-FF-FF-00-00-FF-FF-FF-FF-FF-00-00-00-00-00;NOTIFICATION;1;da1a1500-d532-4285-be94-b07a3e11a098;da1a1505-d532-4285-be94-b07a3e11a098;18;;
161416;1787408588701;1506;Trip / Kilometer & Betriebszähler;16;53;–;00-00-1B-FE-00-02-2F-73-00-00-02-CC-00-00-00-00;NOTIFICATION;1;da1a1500-d532-4285-be94-b07a3e11a098;da1a1506-d532-4285-be94-b07a3e11a098;18;;
161905;1787408589190;1508;Settings / Licht & Fahrstufe;17;53;–;00-00-00-01-FF-FF-FF-FF-FF-FF-FF-00-00-00-00-00-00;NOTIFICATION;1;da1a1500-d532-4285-be94-b07a3e11a098;da1a1508-d532-4285-be94-b07a3e11a098;18;;
162035;1787408589320;1509;BatteryChange / Akku-Livestand;11;53;–;00-00-FF-FF-30-B9-F0-00-00-00-00;NOTIFICATION;1;da1a1500-d532-4285-be94-b07a3e11a098;da1a1509-d532-4285-be94-b07a3e11a098;18;;
162295;1787408589580;150A;MotorUpdate / Motor-Livestand;10;53;–;00-00-FF-FF-FF-FF-FF-FF-FF-FF;NOTIFICATION;1;da1a1500-d532-4285-be94-b07a3e11a098;da1a150a-d532-4285-be94-b07a3e11a098;18;;
162455;1787408589740;150B;Motor-/Controllerblock;20;53;–;FF-FF-FF-FF-FF-FF-FF-FF-FF-FF-FF-FF-FF-FF-FF-FF-FF-FF-FF-FF;NOTIFICATION;1;da1a1500-d532-4285-be94-b07a3e11a098;da1a150b-d532-4285-be94-b07a3e11a098;18;;
162708;1787408589993;150D;Fahrstatistik Max/Ø;20;53;–;00-EB-00-6D-FF-FF-FF-FF-47-18-FF-FF-FF-FF-FF-FF-FF-FF-00-00;NOTIFICATION;1;da1a1500-d532-4285-be94-b07a3e11a098;da1a150d-d532-4285-be94-b07a3e11a098;18;;
163707;1787408590992;1502;Akkuinformationen;16;54;–;47-18-FF-FF-FF-FF-47-18-FF-FF-FF-FF-FF-FF-00-00;NOTIFICATION;1;da1a1500-d532-4285-be94-b07a3e11a098;da1a1502-d532-4285-be94-b07a3e11a098;18;;
164124;1787408591409;1505;BikePerformance / Fahrleistung;18;54;–;00-00-00-00-FF-FF-00-00-FF-FF-FF-FF-FF-00-00-00-00-00;NOTIFICATION;1;da1a1500-d532-4285-be94-b07a3e11a098;da1a1505-d532-4285-be94-b07a3e11a098;18;;
164332;1787408591617;1506;Trip / Kilometer & Betriebszähler;16;54;–;00-00-1B-FE-00-02-2F-73-00-00-02-CC-00-00-00-00;NOTIFICATION;1;da1a1500-d532-4285-be94-b07a3e11a098;da1a1506-d532-4285-be94-b07a3e11a098;18;;
164751;1787408592036;1508;Settings / Licht & Fahrstufe;17;54;–;00-00-00-01-FF-FF-FF-FF-FF-FF-FF-00-00-00-00-00-00;NOTIFICATION;1;da1a1500-d532-4285-be94-b07a3e11a098;da1a1508-d532-4285-be94-b07a3e11a098;18;;
164950;1787408592235;1509;BatteryChange / Akku-Livestand;11;54;–;00-00-FF-FF-30-B9-F0-00-00-00-00;NOTIFICATION;1;da1a1500-d532-4285-be94-b07a3e11a098;da1a1509-d532-4285-be94-b07a3e11a098;18;;
165160;1787408592445;150A;MotorUpdate / Motor-Livestand;10;54;–;00-00-FF-FF-FF-FF-FF-FF-FF-FF;NOTIFICATION;1;da1a1500-d532-4285-be94-b07a3e11a098;da1a150a-d532-4285-be94-b07a3e11a098;18;;
165371;1787408592656;150B;Motor-/Controllerblock;20;54;–;FF-FF-FF-FF-FF-FF-FF-FF-FF-FF-FF-FF-FF-FF-FF-FF-FF-FF-FF-FF;NOTIFICATION;1;da1a1500-d532-4285-be94-b07a3e11a098;da1a150b-d532-4285-be94-b07a3e11a098;18;;
165582;1787408592867;150D;Fahrstatistik Max/Ø;20;54;–;00-EB-00-6D-FF-FF-FF-FF-47-18-FF-FF-FF-FF-FF-FF-FF-FF-00-00;NOTIFICATION;1;da1a1500-d532-4285-be94-b07a3e11a098;da1a150d-d532-4285-be94-b07a3e11a098;18;;
166622;1787408593907;1502;Akkuinformationen;16;55;–;47-18-FF-FF-FF-FF-47-18-FF-FF-FF-FF-FF-FF-00-00;NOTIFICATION;1;da1a1500-d532-4285-be94-b07a3e11a098;da1a1502-d532-4285-be94-b07a3e11a098;18;;
167043;1787408594328;1505;BikePerformance / Fahrleistung;18;55;–;00-00-00-00-FF-FF-00-00-FF-FF-FF-FF-FF-00-00-00-00-00;NOTIFICATION;1;da1a1500-d532-4285-be94-b07a3e11a098;da1a1505-d532-4285-be94-b07a3e11a098;18;;
167250;1787408594535;1506;Trip / Kilometer & Betriebszähler;16;55;–;00-00-1B-FE-00-02-2F-73-00-00-02-CC-00-00-00-00;NOTIFICATION;1;da1a1500-d532-4285-be94-b07a3e11a098;da1a1506-d532-4285-be94-b07a3e11a098;18;;
167671;1787408594956;1508;Settings / Licht & Fahrstufe;17;55;–;00-00-00-01-FF-FF-FF-FF-FF-FF-FF-00-00-00-00-00-00;NOTIFICATION;1;da1a1500-d532-4285-be94-b07a3e11a098;da1a1508-d532-4285-be94-b07a3e11a098;18;;
167871;1787408595156;1509;BatteryChange / Akku-Livestand;11;55;–;00-00-FF-FF-30-B9-F0-00-00-00-00;NOTIFICATION;1;da1a1500-d532-4285-be94-b07a3e11a098;da1a1509-d532-4285-be94-b07a3e11a098;18;;
168081;1787408595366;150A;MotorUpdate / Motor-Livestand;10;55;–;00-00-FF-FF-FF-FF-FF-FF-FF-FF;NOTIFICATION;1;da1a1500-d532-4285-be94-b07a3e11a098;da1a150a-d532-4285-be94-b07a3e11a098;18;;
168291;1787408595576;150B;Motor-/Controllerblock;20;55;–;FF-FF-FF-FF-FF-FF-FF-FF-FF-FF-FF-FF-FF-FF-FF-FF-FF-FF-FF-FF;NOTIFICATION;1;da1a1500-d532-4285-be94-b07a3e11a098;da1a150b-d532-4285-be94-b07a3e11a098;18;;
168501;1787408595786;150D;Fahrstatistik Max/Ø;20;55;–;00-EB-00-6D-FF-FF-FF-FF-47-18-FF-FF-FF-FF-FF-FF-FF-FF-00-00;NOTIFICATION;1;da1a1500-d532-4285-be94-b07a3e11a098;da1a150d-d532-4285-be94-b07a3e11a098;18;;
169542;1787408596827;1502;Akkuinformationen;16;56;–;47-18-FF-FF-FF-FF-47-18-FF-FF-FF-FF-FF-FF-00-00;NOTIFICATION;1;da1a1500-d532-4285-be94-b07a3e11a098;da1a1502-d532-4285-be94-b07a3e11a098;18;;
169963;1787408597248;1505;BikePerformance / Fahrleistung;18;56;–;00-00-00-00-FF-FF-00-00-FF-FF-FF-FF-FF-00-00-00-00-00;NOTIFICATION;1;da1a1500-d532-4285-be94-b07a3e11a098;da1a1505-d532-4285-be94-b07a3e11a098;18;;
170172;1787408597457;1506;Trip / Kilometer & Betriebszähler;16;56;–;00-00-1B-FE-00-02-2F-73-00-00-02-CC-00-00-00-00;NOTIFICATION;1;da1a1500-d532-4285-be94-b07a3e11a098;da1a1506-d532-4285-be94-b07a3e11a098;18;;
170593;1787408597878;1508;Settings / Licht & Fahrstufe;17;56;–;00-00-00-01-FF-FF-FF-FF-FF-FF-FF-00-00-00-00-00-00;NOTIFICATION;1;da1a1500-d532-4285-be94-b07a3e11a098;da1a1508-d532-4285-be94-b07a3e11a098;18;;
170803;1787408598088;1509;BatteryChange / Akku-Livestand;11;56;–;00-00-FF-FF-30-B9-F0-00-00-00-00;NOTIFICATION;1;da1a1500-d532-4285-be94-b07a3e11a098;da1a1509-d532-4285-be94-b07a3e11a098;18;;
171004;1787408598289;150A;MotorUpdate / Motor-Livestand;10;56;–;00-00-FF-FF-FF-FF-FF-FF-FF-FF;NOTIFICATION;1;da1a1500-d532-4285-be94-b07a3e11a098;da1a150a-d532-4285-be94-b07a3e11a098;18;;
171217;1787408598502;150B;Motor-/Controllerblock;20;56;–;FF-FF-FF-FF-FF-FF-FF-FF-FF-FF-FF-FF-FF-FF-FF-FF-FF-FF-FF-FF;NOTIFICATION;1;da1a1500-d532-4285-be94-b07a3e11a098;da1a150b-d532-4285-be94-b07a3e11a098;18;;
171421;1787408598706;150D;Fahrstatistik Max/Ø;20;56;–;00-EB-00-6D-FF-FF-FF-FF-47-18-FF-FF-FF-FF-FF-FF-FF-FF-00-00;NOTIFICATION;1;da1a1500-d532-4285-be94-b07a3e11a098;da1a150d-d532-4285-be94-b07a3e11a098;18;;
172472;1787408599757;1502;Akkuinformationen;16;57;–;47-18-FF-FF-FF-FF-47-18-FF-FF-FF-FF-FF-FF-00-00;NOTIFICATION;1;da1a1500-d532-4285-be94-b07a3e11a098;da1a1502-d532-4285-be94-b07a3e11a098;18;;
172882;1787408600167;1505;BikePerformance / Fahrleistung;18;57;–;00-00-00-00-FF-FF-00-00-FF-FF-FF-FF-FF-00-00-00-00-00;NOTIFICATION;1;da1a1500-d532-4285-be94-b07a3e11a098;da1a1505-d532-4285-be94-b07a3e11a098;18;;
173093;1787408600378;1506;Trip / Kilometer & Betriebszähler;16;57;–;00-00-1B-FE-00-02-2F-73-00-00-02-CC-00-00-00-00;NOTIFICATION;1;da1a1500-d532-4285-be94-b07a3e11a098;da1a1506-d532-4285-be94-b07a3e11a098;18;;
173514;1787408600799;1508;Settings / Licht & Fahrstufe;17;57;–;00-00-00-01-FF-FF-FF-FF-FF-FF-FF-00-00-00-00-00-00;NOTIFICATION;1;da1a1500-d532-4285-be94-b07a3e11a098;da1a1508-d532-4285-be94-b07a3e11a098;18;;
173727;1787408601012;1509;BatteryChange / Akku-Livestand;11;57;–;00-00-FF-FF-30-B9-F0-00-00-00-00;NOTIFICATION;1;da1a1500-d532-4285-be94-b07a3e11a098;da1a1509-d532-4285-be94-b07a3e11a098;18;;
173923;1787408601208;150A;MotorUpdate / Motor-Livestand;10;57;–;00-00-FF-FF-FF-FF-FF-FF-FF-FF;NOTIFICATION;1;da1a1500-d532-4285-be94-b07a3e11a098;da1a150a-d532-4285-be94-b07a3e11a098;18;;
174130;1787408601415;150B;Motor-/Controllerblock;20;57;–;FF-FF-FF-FF-FF-FF-FF-FF-FF-FF-FF-FF-FF-FF-FF-FF-FF-FF-FF-FF;NOTIFICATION;1;da1a1500-d532-4285-be94-b07a3e11a098;da1a150b-d532-4285-be94-b07a3e11a098;18;;
174342;1787408601627;150D;Fahrstatistik Max/Ø;20;57;–;00-EB-00-6D-FF-FF-FF-FF-47-18-FF-FF-FF-FF-FF-FF-FF-FF-00-00;NOTIFICATION;1;da1a1500-d532-4285-be94-b07a3e11a098;da1a150d-d532-4285-be94-b07a3e11a098;18;;
175396;1787408602681;1502;Akkuinformationen;16;58;–;47-18-FF-FF-FF-FF-47-18-FF-FF-FF-FF-FF-FF-00-00;NOTIFICATION;1;da1a1500-d532-4285-be94-b07a3e11a098;da1a1502-d532-4285-be94-b07a3e11a098;18;;
175806;1787408603091;1505;BikePerformance / Fahrleistung;18;58;–;00-00-00-00-FF-FF-00-00-FF-FF-FF-FF-FF-00-00-00-00-00;NOTIFICATION;1;da1a1500-d532-4285-be94-b07a3e11a098;da1a1505-d532-4285-be94-b07a3e11a098;18;;
176017;1787408603302;1506;Trip / Kilometer & Betriebszähler;16;58;–;00-00-1B-FE-00-02-2F-73-00-00-02-CC-00-00-00-00;NOTIFICATION;1;da1a1500-d532-4285-be94-b07a3e11a098;da1a1506-d532-4285-be94-b07a3e11a098;18;;
176435;1787408603720;1508;Settings / Licht & Fahrstufe;17;58;–;00-00-00-01-FF-FF-FF-FF-FF-FF-FF-00-00-00-00-00-00;NOTIFICATION;1;da1a1500-d532-4285-be94-b07a3e11a098;da1a1508-d532-4285-be94-b07a3e11a098;18;;
176645;1787408603930;1509;BatteryChange / Akku-Livestand;11;58;–;00-00-FF-FF-30-B9-F0-00-00-00-00;NOTIFICATION;1;da1a1500-d532-4285-be94-b07a3e11a098;da1a1509-d532-4285-be94-b07a3e11a098;18;;
176858;1787408604143;150A;MotorUpdate / Motor-Livestand;10;58;–;00-00-FF-FF-FF-FF-FF-FF-FF-FF;NOTIFICATION;1;da1a1500-d532-4285-be94-b07a3e11a098;da1a150a-d532-4285-be94-b07a3e11a098;18;;
177056;1787408604341;150B;Motor-/Controllerblock;20;58;–;FF-FF-FF-FF-FF-FF-FF-FF-FF-FF-FF-FF-FF-FF-FF-FF-FF-FF-FF-FF;NOTIFICATION;1;da1a1500-d532-4285-be94-b07a3e11a098;da1a150b-d532-4285-be94-b07a3e11a098;18;;
177266;1787408604551;150D;Fahrstatistik Max/Ø;20;58;–;00-EB-00-6D-FF-FF-FF-FF-47-18-FF-FF-FF-FF-FF-FF-FF-FF-00-00;NOTIFICATION;1;da1a1500-d532-4285-be94-b07a3e11a098;da1a150d-d532-4285-be94-b07a3e11a098;18;;
178315;1787408605600;1502;Akkuinformationen;16;59;–;47-18-FF-FF-FF-FF-47-18-FF-FF-FF-FF-FF-FF-00-00;NOTIFICATION;1;da1a1500-d532-4285-be94-b07a3e11a098;da1a1502-d532-4285-be94-b07a3e11a098;18;;
178726;1787408606011;1505;BikePerformance / Fahrleistung;18;59;–;00-00-00-00-FF-FF-00-00-FF-FF-FF-FF-FF-00-00-00-00-00;NOTIFICATION;1;da1a1500-d532-4285-be94-b07a3e11a098;da1a1505-d532-4285-be94-b07a3e11a098;18;;
178935;1787408606220;1506;Trip / Kilometer & Betriebszähler;16;59;–;00-00-1B-FE-00-02-2F-73-00-00-02-CC-00-00-00-00;NOTIFICATION;1;da1a1500-d532-4285-be94-b07a3e11a098;da1a1506-d532-4285-be94-b07a3e11a098;18;;
179357;1787408606642;1508;Settings / Licht & Fahrstufe;17;59;–;00-00-00-01-FF-FF-FF-FF-FF-FF-FF-00-00-00-00-00-00;NOTIFICATION;1;da1a1500-d532-4285-be94-b07a3e11a098;da1a1508-d532-4285-be94-b07a3e11a098;18;;
179576;1787408606861;1509;BatteryChange / Akku-Livestand;11;59;–;00-00-FF-FF-30-B9-F0-00-00-00-00;NOTIFICATION;1;da1a1500-d532-4285-be94-b07a3e11a098;da1a1509-d532-4285-be94-b07a3e11a098;18;;
179775;1787408607060;150A;MotorUpdate / Motor-Livestand;10;59;–;00-00-FF-FF-FF-FF-FF-FF-FF-FF;NOTIFICATION;1;da1a1500-d532-4285-be94-b07a3e11a098;da1a150a-d532-4285-be94-b07a3e11a098;18;;
179986;1787408607271;150B;Motor-/Controllerblock;20;59;–;FF-FF-FF-FF-FF-FF-FF-FF-FF-FF-FF-FF-FF-FF-FF-FF-FF-FF-FF-FF;NOTIFICATION;1;da1a1500-d532-4285-be94-b07a3e11a098;da1a150b-d532-4285-be94-b07a3e11a098;18;;
180182;1787408607467;150D;Fahrstatistik Max/Ø;20;59;–;00-EB-00-6D-FF-FF-FF-FF-47-18-FF-FF-FF-FF-FF-FF-FF-FF-00-00;NOTIFICATION;1;da1a1500-d532-4285-be94-b07a3e11a098;da1a150d-d532-4285-be94-b07a3e11a098;18;;
181237;1787408608522;1502;Akkuinformationen;16;60;–;47-18-FF-FF-FF-FF-47-18-FF-FF-FF-FF-FF-FF-00-00;NOTIFICATION;1;da1a1500-d532-4285-be94-b07a3e11a098;da1a1502-d532-4285-be94-b07a3e11a098;18;;
181646;1787408608931;1505;BikePerformance / Fahrleistung;18;60;–;00-00-00-00-FF-FF-00-00-FF-FF-FF-FF-FF-00-00-00-00-00;NOTIFICATION;1;da1a1500-d532-4285-be94-b07a3e11a098;da1a1505-d532-4285-be94-b07a3e11a098;18;;
181866;1787408609151;1506;Trip / Kilometer & Betriebszähler;16;60;–;00-00-1B-FE-00-02-2F-73-00-00-02-CC-00-00-00-00;NOTIFICATION;1;da1a1500-d532-4285-be94-b07a3e11a098;da1a1506-d532-4285-be94-b07a3e11a098;18;;
182286;1787408609571;1508;Settings / Licht & Fahrstufe;17;60;–;00-00-00-01-FF-FF-FF-FF-FF-FF-FF-00-00-00-00-00-00;NOTIFICATION;1;da1a1500-d532-4285-be94-b07a3e11a098;da1a1508-d532-4285-be94-b07a3e11a098;18;;
182483;1787408609768;1509;BatteryChange / Akku-Livestand;11;60;–;00-00-FF-FF-30-B9-F0-00-00-00-00;NOTIFICATION;1;da1a1500-d532-4285-be94-b07a3e11a098;da1a1509-d532-4285-be94-b07a3e11a098;18;;
182697;1787408609982;150A;MotorUpdate / Motor-Livestand;10;60;–;00-00-FF-FF-FF-FF-FF-FF-FF-FF;NOTIFICATION;1;da1a1500-d532-4285-be94-b07a3e11a098;da1a150a-d532-4285-be94-b07a3e11a098;18;;
182905;1787408610190;150B;Motor-/Controllerblock;20;60;–;FF-FF-FF-FF-FF-FF-FF-FF-FF-FF-FF-FF-FF-FF-FF-FF-FF-FF-FF-FF;NOTIFICATION;1;da1a1500-d532-4285-be94-b07a3e11a098;da1a150b-d532-4285-be94-b07a3e11a098;18;;
183104;1787408610389;150D;Fahrstatistik Max/Ø;20;60;–;00-EB-00-6D-FF-FF-FF-FF-47-18-FF-FF-FF-FF-FF-FF-FF-FF-00-00;NOTIFICATION;1;da1a1500-d532-4285-be94-b07a3e11a098;da1a150d-d532-4285-be94-b07a3e11a098;18;;
184153;1787408611438;1502;Akkuinformationen;16;61;–;47-18-FF-FF-FF-FF-47-18-FF-FF-FF-FF-FF-FF-00-00;NOTIFICATION;1;da1a1500-d532-4285-be94-b07a3e11a098;da1a1502-d532-4285-be94-b07a3e11a098;18;;
184561;1787408611846;1505;BikePerformance / Fahrleistung;18;61;–;00-00-00-00-FF-FF-00-00-FF-FF-FF-FF-FF-00-00-00-00-00;NOTIFICATION;1;da1a1500-d532-4285-be94-b07a3e11a098;da1a1505-d532-4285-be94-b07a3e11a098;18;;
184772;1787408612057;1506;Trip / Kilometer & Betriebszähler;16;61;–;00-00-1B-FE-00-02-2F-73-00-00-02-CC-00-00-00-00;NOTIFICATION;1;da1a1500-d532-4285-be94-b07a3e11a098;da1a1506-d532-4285-be94-b07a3e11a098;18;;
185192;1787408612477;1508;Settings / Licht & Fahrstufe;17;61;–;00-00-00-01-FF-FF-FF-FF-FF-FF-FF-00-00-00-00-00-00;NOTIFICATION;1;da1a1500-d532-4285-be94-b07a3e11a098;da1a1508-d532-4285-be94-b07a3e11a098;18;;
185403;1787408612688;1509;BatteryChange / Akku-Livestand;11;61;–;00-00-FF-FF-30-B9-F0-00-00-00-00;NOTIFICATION;1;da1a1500-d532-4285-be94-b07a3e11a098;da1a1509-d532-4285-be94-b07a3e11a098;18;;
185613;1787408612898;150A;MotorUpdate / Motor-Livestand;10;61;–;00-00-FF-FF-FF-FF-FF-FF-FF-FF;NOTIFICATION;1;da1a1500-d532-4285-be94-b07a3e11a098;da1a150a-d532-4285-be94-b07a3e11a098;18;;
185823;1787408613108;150B;Motor-/Controllerblock;20;61;–;FF-FF-FF-FF-FF-FF-FF-FF-FF-FF-FF-FF-FF-FF-FF-FF-FF-FF-FF-FF;NOTIFICATION;1;da1a1500-d532-4285-be94-b07a3e11a098;da1a150b-d532-4285-be94-b07a3e11a098;18;;
186032;1787408613317;150D;Fahrstatistik Max/Ø;20;61;–;00-EB-00-6D-FF-FF-FF-FF-47-18-FF-FF-FF-FF-FF-FF-FF-FF-00-00;NOTIFICATION;1;da1a1500-d532-4285-be94-b07a3e11a098;da1a150d-d532-4285-be94-b07a3e11a098;18;;
187076;1787408614361;1502;Akkuinformationen;16;62;–;47-18-FF-FF-FF-FF-47-18-FF-FF-FF-FF-FF-FF-00-00;NOTIFICATION;1;da1a1500-d532-4285-be94-b07a3e11a098;da1a1502-d532-4285-be94-b07a3e11a098;18;;
187497;1787408614782;1505;BikePerformance / Fahrleistung;18;62;–;00-00-00-00-FF-FF-00-00-FF-FF-FF-FF-FF-00-00-00-00-00;NOTIFICATION;1;da1a1500-d532-4285-be94-b07a3e11a098;da1a1505-d532-4285-be94-b07a3e11a098;18;;
187697;1787408614982;1506;Trip / Kilometer & Betriebszähler;16;62;–;00-00-1B-FE-00-02-2F-73-00-00-02-CC-00-00-00-00;NOTIFICATION;1;da1a1500-d532-4285-be94-b07a3e11a098;da1a1506-d532-4285-be94-b07a3e11a098;18;;
188119;1787408615404;1508;Settings / Licht & Fahrstufe;17;62;–;00-00-00-01-FF-FF-FF-FF-FF-FF-FF-00-00-00-00-00-00;NOTIFICATION;1;da1a1500-d532-4285-be94-b07a3e11a098;da1a1508-d532-4285-be94-b07a3e11a098;18;;
188326;1787408615611;1509;BatteryChange / Akku-Livestand;11;62;–;00-00-FF-FF-30-B9-F0-00-00-00-00;NOTIFICATION;1;da1a1500-d532-4285-be94-b07a3e11a098;da1a1509-d532-4285-be94-b07a3e11a098;18;;
188533;1787408615818;150A;MotorUpdate / Motor-Livestand;10;62;–;00-00-FF-FF-FF-FF-FF-FF-FF-FF;NOTIFICATION;1;da1a1500-d532-4285-be94-b07a3e11a098;da1a150a-d532-4285-be94-b07a3e11a098;18;;
188744;1787408616029;150B;Motor-/Controllerblock;20;62;–;FF-FF-FF-FF-FF-FF-FF-FF-FF-FF-FF-FF-FF-FF-FF-FF-FF-FF-FF-FF;NOTIFICATION;1;da1a1500-d532-4285-be94-b07a3e11a098;da1a150b-d532-4285-be94-b07a3e11a098;18;;
188952;1787408616237;150D;Fahrstatistik Max/Ø;20;62;–;00-EB-00-6D-FF-FF-FF-FF-47-18-FF-FF-FF-FF-FF-FF-FF-FF-00-00;NOTIFICATION;1;da1a1500-d532-4285-be94-b07a3e11a098;da1a150d-d532-4285-be94-b07a3e11a098;18;;
189993;1787408617278;1502;Akkuinformationen;16;63;–;47-18-FF-FF-FF-FF-47-18-FF-FF-FF-FF-FF-FF-00-00;NOTIFICATION;1;da1a1500-d532-4285-be94-b07a3e11a098;da1a1502-d532-4285-be94-b07a3e11a098;18;;
190411;1787408617696;1505;BikePerformance / Fahrleistung;18;63;–;00-00-00-00-FF-FF-00-00-FF-FF-FF-FF-FF-00-00-00-00-00;NOTIFICATION;1;da1a1500-d532-4285-be94-b07a3e11a098;da1a1505-d532-4285-be94-b07a3e11a098;18;;
190612;1787408617897;1506;Trip / Kilometer & Betriebszähler;16;63;–;00-00-1B-FE-00-02-2F-73-00-00-02-CC-00-00-00-00;NOTIFICATION;1;da1a1500-d532-4285-be94-b07a3e11a098;da1a1506-d532-4285-be94-b07a3e11a098;18;;
191031;1787408618316;1508;Settings / Licht & Fahrstufe;17;63;–;00-00-00-01-FF-FF-FF-FF-FF-FF-FF-00-00-00-00-00-00;NOTIFICATION;1;da1a1500-d532-4285-be94-b07a3e11a098;da1a1508-d532-4285-be94-b07a3e11a098;18;;
191241;1787408618526;1509;BatteryChange / Akku-Livestand;11;63;–;00-00-FF-FF-30-B9-F0-00-00-00-00;NOTIFICATION;1;da1a1500-d532-4285-be94-b07a3e11a098;da1a1509-d532-4285-be94-b07a3e11a098;18;;
191453;1787408618738;150A;MotorUpdate / Motor-Livestand;10;63;–;00-00-FF-FF-FF-FF-FF-FF-FF-FF;NOTIFICATION;1;da1a1500-d532-4285-be94-b07a3e11a098;da1a150a-d532-4285-be94-b07a3e11a098;18;;
191663;1787408618948;150B;Motor-/Controllerblock;20;63;–;FF-FF-FF-FF-FF-FF-FF-FF-FF-FF-FF-FF-FF-FF-FF-FF-FF-FF-FF-FF;NOTIFICATION;1;da1a1500-d532-4285-be94-b07a3e11a098;da1a150b-d532-4285-be94-b07a3e11a098;18;;
191872;1787408619157;150D;Fahrstatistik Max/Ø;20;63;–;00-EB-00-6D-FF-FF-FF-FF-47-18-FF-FF-FF-FF-FF-FF-FF-FF-00-00;NOTIFICATION;1;da1a1500-d532-4285-be94-b07a3e11a098;da1a150d-d532-4285-be94-b07a3e11a098;18;;
192913;1787408620198;1502;Akkuinformationen;16;64;–;47-18-FF-FF-FF-FF-47-18-FF-FF-FF-FF-FF-FF-00-00;NOTIFICATION;1;da1a1500-d532-4285-be94-b07a3e11a098;da1a1502-d532-4285-be94-b07a3e11a098;18;;
193332;1787408620617;1505;BikePerformance / Fahrleistung;18;64;–;00-00-00-00-FF-FF-00-00-FF-FF-FF-FF-FF-00-00-00-00-00;NOTIFICATION;1;da1a1500-d532-4285-be94-b07a3e11a098;da1a1505-d532-4285-be94-b07a3e11a098;18;;
193541;1787408620826;1506;Trip / Kilometer & Betriebszähler;16;64;–;00-00-1B-FE-00-02-2F-73-00-00-02-CC-00-00-00-00;NOTIFICATION;1;da1a1500-d532-4285-be94-b07a3e11a098;da1a1506-d532-4285-be94-b07a3e11a098;18;;
193952;1787408621237;1508;Settings / Licht & Fahrstufe;17;64;–;00-00-00-01-FF-FF-FF-FF-FF-FF-FF-00-00-00-00-00-00;NOTIFICATION;1;da1a1500-d532-4285-be94-b07a3e11a098;da1a1508-d532-4285-be94-b07a3e11a098;18;;
194169;1787408621454;1509;BatteryChange / Akku-Livestand;11;64;–;00-00-FF-FF-30-B9-F0-00-00-00-00;NOTIFICATION;1;da1a1500-d532-4285-be94-b07a3e11a098;da1a1509-d532-4285-be94-b07a3e11a098;18;;
194372;1787408621657;150A;MotorUpdate / Motor-Livestand;10;64;–;00-00-FF-FF-FF-FF-FF-FF-FF-FF;NOTIFICATION;1;da1a1500-d532-4285-be94-b07a3e11a098;da1a150a-d532-4285-be94-b07a3e11a098;18;;
194583;1787408621868;150B;Motor-/Controllerblock;20;64;–;FF-FF-FF-FF-FF-FF-FF-FF-FF-FF-FF-FF-FF-FF-FF-FF-FF-FF-FF-FF;NOTIFICATION;1;da1a1500-d532-4285-be94-b07a3e11a098;da1a150b-d532-4285-be94-b07a3e11a098;18;;
194797;1787408622082;150D;Fahrstatistik Max/Ø;20;64;–;00-EB-00-6D-FF-FF-FF-FF-47-18-FF-FF-FF-FF-FF-FF-FF-FF-00-00;NOTIFICATION;1;da1a1500-d532-4285-be94-b07a3e11a098;da1a150d-d532-4285-be94-b07a3e11a098;18;;
195832;1787408623117;1502;Akkuinformationen;16;65;–;47-18-FF-FF-FF-FF-47-18-FF-FF-FF-FF-FF-FF-00-00;NOTIFICATION;1;da1a1500-d532-4285-be94-b07a3e11a098;da1a1502-d532-4285-be94-b07a3e11a098;18;;
196253;1787408623538;1505;BikePerformance / Fahrleistung;18;65;–;00-00-00-00-FF-FF-00-00-FF-FF-FF-FF-FF-00-00-00-00-00;NOTIFICATION;1;da1a1500-d532-4285-be94-b07a3e11a098;da1a1505-d532-4285-be94-b07a3e11a098;18;;
196462;1787408623747;1506;Trip / Kilometer & Betriebszähler;16;65;–;00-00-1B-FE-00-02-2F-73-00-00-02-CC-00-00-00-00;NOTIFICATION;1;da1a1500-d532-4285-be94-b07a3e11a098;da1a1506-d532-4285-be94-b07a3e11a098;18;;
196872;1787408624157;1508;Settings / Licht & Fahrstufe;17;65;–;00-00-00-01-FF-FF-FF-FF-FF-FF-FF-00-00-00-00-00-00;NOTIFICATION;1;da1a1500-d532-4285-be94-b07a3e11a098;da1a1508-d532-4285-be94-b07a3e11a098;18;;
197082;1787408624367;1509;BatteryChange / Akku-Livestand;11;65;–;00-00-FF-FF-30-B9-F0-00-00-00-00;NOTIFICATION;1;da1a1500-d532-4285-be94-b07a3e11a098;da1a1509-d532-4285-be94-b07a3e11a098;18;;
197292;1787408624577;150A;MotorUpdate / Motor-Livestand;10;65;–;00-00-FF-FF-FF-FF-FF-FF-FF-FF;NOTIFICATION;1;da1a1500-d532-4285-be94-b07a3e11a098;da1a150a-d532-4285-be94-b07a3e11a098;18;;
197501;1787408624786;150B;Motor-/Controllerblock;20;65;–;FF-FF-FF-FF-FF-FF-FF-FF-FF-FF-FF-FF-FF-FF-FF-FF-FF-FF-FF-FF;NOTIFICATION;1;da1a1500-d532-4285-be94-b07a3e11a098;da1a150b-d532-4285-be94-b07a3e11a098;18;;
197712;1787408624997;150D;Fahrstatistik Max/Ø;20;65;–;00-EB-00-6D-FF-FF-FF-FF-47-18-FF-FF-FF-FF-FF-FF-FF-FF-00-00;NOTIFICATION;1;da1a1500-d532-4285-be94-b07a3e11a098;da1a150d-d532-4285-be94-b07a3e11a098;18;;
198752;1787408626037;1502;Akkuinformationen;16;66;–;47-18-FF-FF-FF-FF-47-18-FF-FF-FF-FF-FF-FF-00-00;NOTIFICATION;1;da1a1500-d532-4285-be94-b07a3e11a098;da1a1502-d532-4285-be94-b07a3e11a098;18;;
199171;1787408626456;1505;BikePerformance / Fahrleistung;18;66;–;00-00-00-00-FF-FF-00-00-FF-FF-FF-FF-FF-00-00-00-00-00;NOTIFICATION;1;da1a1500-d532-4285-be94-b07a3e11a098;da1a1505-d532-4285-be94-b07a3e11a098;18;;
199382;1787408626667;1506;Trip / Kilometer & Betriebszähler;16;66;–;00-00-1B-FE-00-02-2F-73-00-00-02-CC-00-00-00-00;NOTIFICATION;1;da1a1500-d532-4285-be94-b07a3e11a098;da1a1506-d532-4285-be94-b07a3e11a098;18;;
199793;1787408627078;1508;Settings / Licht & Fahrstufe;17;66;–;00-00-00-01-FF-FF-FF-FF-FF-FF-FF-00-00-00-00-00-00;NOTIFICATION;1;da1a1500-d532-4285-be94-b07a3e11a098;da1a1508-d532-4285-be94-b07a3e11a098;18;;
200002;1787408627287;1509;BatteryChange / Akku-Livestand;11;66;–;00-00-FF-FF-30-B9-F0-00-00-00-00;NOTIFICATION;1;da1a1500-d532-4285-be94-b07a3e11a098;da1a1509-d532-4285-be94-b07a3e11a098;18;;
200212;1787408627497;150A;MotorUpdate / Motor-Livestand;10;66;–;00-00-FF-FF-FF-FF-FF-FF-FF-FF;NOTIFICATION;1;da1a1500-d532-4285-be94-b07a3e11a098;da1a150a-d532-4285-be94-b07a3e11a098;18;;
200422;1787408627707;150B;Motor-/Controllerblock;20;66;–;FF-FF-FF-FF-FF-FF-FF-FF-FF-FF-FF-FF-FF-FF-FF-FF-FF-FF-FF-FF;NOTIFICATION;1;da1a1500-d532-4285-be94-b07a3e11a098;da1a150b-d532-4285-be94-b07a3e11a098;18;;
200632;1787408627917;150D;Fahrstatistik Max/Ø;20;66;–;00-EB-00-6D-FF-FF-FF-FF-47-18-FF-FF-FF-FF-FF-FF-FF-FF-00-00;NOTIFICATION;1;da1a1500-d532-4285-be94-b07a3e11a098;da1a150d-d532-4285-be94-b07a3e11a098;18;;
201672;1787408628957;1502;Akkuinformationen;16;67;–;47-18-FF-FF-FF-FF-47-18-FF-FF-FF-FF-FF-FF-00-00;NOTIFICATION;1;da1a1500-d532-4285-be94-b07a3e11a098;da1a1502-d532-4285-be94-b07a3e11a098;18;;
202094;1787408629379;1505;BikePerformance / Fahrleistung;18;67;–;00-00-00-00-FF-FF-00-00-FF-FF-FF-FF-FF-00-00-00-00-00;NOTIFICATION;1;da1a1500-d532-4285-be94-b07a3e11a098;da1a1505-d532-4285-be94-b07a3e11a098;18;;
202302;1787408629587;1506;Trip / Kilometer & Betriebszähler;16;67;–;00-00-1B-FE-00-02-2F-73-00-00-02-CC-00-00-00-00;NOTIFICATION;1;da1a1500-d532-4285-be94-b07a3e11a098;da1a1506-d532-4285-be94-b07a3e11a098;18;;
202728;1787408630013;1508;Settings / Licht & Fahrstufe;17;67;–;00-00-00-01-FF-FF-FF-FF-FF-FF-FF-00-00-00-00-00-00;NOTIFICATION;1;da1a1500-d532-4285-be94-b07a3e11a098;da1a1508-d532-4285-be94-b07a3e11a098;18;;
202926;1787408630211;1509;BatteryChange / Akku-Livestand;11;67;–;00-00-FF-FF-30-B9-F0-00-00-00-00;NOTIFICATION;1;da1a1500-d532-4285-be94-b07a3e11a098;da1a1509-d532-4285-be94-b07a3e11a098;18;;
203137;1787408630422;150A;MotorUpdate / Motor-Livestand;10;67;–;00-00-FF-FF-FF-FF-FF-FF-FF-FF;NOTIFICATION;1;da1a1500-d532-4285-be94-b07a3e11a098;da1a150a-d532-4285-be94-b07a3e11a098;18;;
203349;1787408630634;150B;Motor-/Controllerblock;20;67;–;FF-FF-FF-FF-FF-FF-FF-FF-FF-FF-FF-FF-FF-FF-FF-FF-FF-FF-FF-FF;NOTIFICATION;1;da1a1500-d532-4285-be94-b07a3e11a098;da1a150b-d532-4285-be94-b07a3e11a098;18;;
203558;1787408630843;150D;Fahrstatistik Max/Ø;20;67;–;00-EB-00-6D-FF-FF-FF-FF-47-18-FF-FF-FF-FF-FF-FF-FF-FF-00-00;NOTIFICATION;1;da1a1500-d532-4285-be94-b07a3e11a098;da1a150d-d532-4285-be94-b07a3e11a098;18;;
204595;1787408631880;1502;Akkuinformationen;16;68;–;47-18-FF-FF-FF-FF-47-18-FF-FF-FF-FF-FF-FF-00-00;NOTIFICATION;1;da1a1500-d532-4285-be94-b07a3e11a098;da1a1502-d532-4285-be94-b07a3e11a098;18;;
205017;1787408632302;1505;BikePerformance / Fahrleistung;18;68;–;00-00-00-00-FF-FF-00-00-FF-FF-FF-FF-FF-00-00-00-00-00;NOTIFICATION;1;da1a1500-d532-4285-be94-b07a3e11a098;da1a1505-d532-4285-be94-b07a3e11a098;18;;
205226;1787408632511;1506;Trip / Kilometer & Betriebszähler;16;68;–;00-00-1B-FE-00-02-2F-73-00-00-02-CC-00-00-00-00;NOTIFICATION;1;da1a1500-d532-4285-be94-b07a3e11a098;da1a1506-d532-4285-be94-b07a3e11a098;18;;
205645;1787408632930;1508;Settings / Licht & Fahrstufe;17;68;–;00-00-00-01-FF-FF-FF-FF-FF-FF-FF-00-00-00-00-00-00;NOTIFICATION;1;da1a1500-d532-4285-be94-b07a3e11a098;da1a1508-d532-4285-be94-b07a3e11a098;18;;
205849;1787408633134;1509;BatteryChange / Akku-Livestand;11;68;–;00-00-FF-FF-30-B9-F0-00-00-00-00;NOTIFICATION;1;da1a1500-d532-4285-be94-b07a3e11a098;da1a1509-d532-4285-be94-b07a3e11a098;18;;
206056;1787408633341;150A;MotorUpdate / Motor-Livestand;10;68;–;00-00-FF-FF-FF-FF-FF-FF-FF-FF;NOTIFICATION;1;da1a1500-d532-4285-be94-b07a3e11a098;da1a150a-d532-4285-be94-b07a3e11a098;18;;
206266;1787408633551;150B;Motor-/Controllerblock;20;68;–;FF-FF-FF-FF-FF-FF-FF-FF-FF-FF-FF-FF-FF-FF-FF-FF-FF-FF-FF-FF;NOTIFICATION;1;da1a1500-d532-4285-be94-b07a3e11a098;da1a150b-d532-4285-be94-b07a3e11a098;18;;
206471;1787408633756;150D;Fahrstatistik Max/Ø;20;68;–;00-EB-00-6D-FF-FF-FF-FF-47-18-FF-FF-FF-FF-FF-FF-FF-FF-00-00;NOTIFICATION;1;da1a1500-d532-4285-be94-b07a3e11a098;da1a150d-d532-4285-be94-b07a3e11a098;18;;
207517;1787408634802;1502;Akkuinformationen;16;69;–;47-18-FF-FF-FF-FF-47-18-FF-FF-FF-FF-FF-FF-00-00;NOTIFICATION;1;da1a1500-d532-4285-be94-b07a3e11a098;da1a1502-d532-4285-be94-b07a3e11a098;18;;
207937;1787408635222;1505;BikePerformance / Fahrleistung;18;69;–;00-00-00-00-FF-FF-00-00-FF-FF-FF-FF-FF-00-00-00-00-00;NOTIFICATION;1;da1a1500-d532-4285-be94-b07a3e11a098;da1a1505-d532-4285-be94-b07a3e11a098;18;;
208149;1787408635434;1506;Trip / Kilometer & Betriebszähler;16;69;–;00-00-1B-FE-00-02-2F-73-00-00-02-CC-00-00-00-00;NOTIFICATION;1;da1a1500-d532-4285-be94-b07a3e11a098;da1a1506-d532-4285-be94-b07a3e11a098;18;;
208566;1787408635851;1508;Settings / Licht & Fahrstufe;17;69;–;00-00-00-01-FF-FF-FF-FF-FF-FF-FF-00-00-00-00-00-00;NOTIFICATION;1;da1a1500-d532-4285-be94-b07a3e11a098;da1a1508-d532-4285-be94-b07a3e11a098;18;;
208777;1787408636062;1509;BatteryChange / Akku-Livestand;11;69;–;00-00-FF-FF-30-B9-F0-00-00-00-00;NOTIFICATION;1;da1a1500-d532-4285-be94-b07a3e11a098;da1a1509-d532-4285-be94-b07a3e11a098;18;;
208976;1787408636261;150A;MotorUpdate / Motor-Livestand;10;69;–;00-00-FF-FF-FF-FF-FF-FF-FF-FF;NOTIFICATION;1;da1a1500-d532-4285-be94-b07a3e11a098;da1a150a-d532-4285-be94-b07a3e11a098;18;;
209187;1787408636472;150B;Motor-/Controllerblock;20;69;–;FF-FF-FF-FF-FF-FF-FF-FF-FF-FF-FF-FF-FF-FF-FF-FF-FF-FF-FF-FF;NOTIFICATION;1;da1a1500-d532-4285-be94-b07a3e11a098;da1a150b-d532-4285-be94-b07a3e11a098;18;;
209396;1787408636681;150D;Fahrstatistik Max/Ø;20;69;–;00-EB-00-6D-FF-FF-FF-FF-47-18-FF-FF-FF-FF-FF-FF-FF-FF-00-00;NOTIFICATION;1;da1a1500-d532-4285-be94-b07a3e11a098;da1a150d-d532-4285-be94-b07a3e11a098;18;;
210437;1787408637722;1502;Akkuinformationen;16;70;–;47-18-FF-FF-FF-FF-47-18-FF-FF-FF-FF-FF-FF-00-00;NOTIFICATION;1;da1a1500-d532-4285-be94-b07a3e11a098;da1a1502-d532-4285-be94-b07a3e11a098;18;;
210854;1787408638139;1505;BikePerformance / Fahrleistung;18;70;–;00-00-00-00-FF-FF-00-00-FF-FF-FF-FF-FF-00-00-00-00-00;NOTIFICATION;1;da1a1500-d532-4285-be94-b07a3e11a098;da1a1505-d532-4285-be94-b07a3e11a098;18;;
211064;1787408638349;1506;Trip / Kilometer & Betriebszähler;16;70;–;00-00-1B-FE-00-02-2F-73-00-00-02-CC-00-00-00-00;NOTIFICATION;1;da1a1500-d532-4285-be94-b07a3e11a098;da1a1506-d532-4285-be94-b07a3e11a098;18;;
211485;1787408638770;1508;Settings / Licht & Fahrstufe;17;70;–;00-00-00-01-FF-FF-FF-FF-FF-FF-FF-00-00-00-00-00-00;NOTIFICATION;1;da1a1500-d532-4285-be94-b07a3e11a098;da1a1508-d532-4285-be94-b07a3e11a098;18;;
211693;1787408638978;1509;BatteryChange / Akku-Livestand;11;70;–;00-00-FF-FF-30-B9-F0-00-00-00-00;NOTIFICATION;1;da1a1500-d532-4285-be94-b07a3e11a098;da1a1509-d532-4285-be94-b07a3e11a098;18;;
211897;1787408639182;150A;MotorUpdate / Motor-Livestand;10;70;–;00-00-FF-FF-FF-FF-FF-FF-FF-FF;NOTIFICATION;1;da1a1500-d532-4285-be94-b07a3e11a098;da1a150a-d532-4285-be94-b07a3e11a098;18;;
212104;1787408639389;150B;Motor-/Controllerblock;20;70;–;FF-FF-FF-FF-FF-FF-FF-FF-FF-FF-FF-FF-FF-FF-FF-FF-FF-FF-FF-FF;NOTIFICATION;1;da1a1500-d532-4285-be94-b07a3e11a098;da1a150b-d532-4285-be94-b07a3e11a098;18;;
212313;1787408639598;150D;Fahrstatistik Max/Ø;20;70;–;00-EB-00-6D-FF-FF-FF-FF-47-18-FF-FF-FF-FF-FF-FF-FF-FF-00-00;NOTIFICATION;1;da1a1500-d532-4285-be94-b07a3e11a098;da1a150d-d532-4285-be94-b07a3e11a098;18;;
213368;1787408640653;1502;Akkuinformationen;16;71;–;47-18-FF-FF-FF-FF-47-18-FF-FF-FF-FF-FF-FF-00-00;NOTIFICATION;1;da1a1500-d532-4285-be94-b07a3e11a098;da1a1502-d532-4285-be94-b07a3e11a098;18;;
213778;1787408641063;1505;BikePerformance / Fahrleistung;18;71;–;00-00-00-00-FF-FF-00-00-FF-FF-FF-FF-FF-00-00-00-00-00;NOTIFICATION;1;da1a1500-d532-4285-be94-b07a3e11a098;da1a1505-d532-4285-be94-b07a3e11a098;18;;
213989;1787408641274;1506;Trip / Kilometer & Betriebszähler;16;71;–;00-00-1B-FE-00-02-2F-73-00-00-02-CC-00-00-00-00;NOTIFICATION;1;da1a1500-d532-4285-be94-b07a3e11a098;da1a1506-d532-4285-be94-b07a3e11a098;18;;
214407;1787408641692;1508;Settings / Licht & Fahrstufe;17;71;–;00-00-00-01-FF-FF-FF-FF-FF-FF-FF-00-00-00-00-00-00;NOTIFICATION;1;da1a1500-d532-4285-be94-b07a3e11a098;da1a1508-d532-4285-be94-b07a3e11a098;18;;
214618;1787408641903;1509;BatteryChange / Akku-Livestand;11;71;5,6;00-00-FF-FF-30-BA-54-00-00-00-00;NOTIFICATION;1;da1a1500-d532-4285-be94-b07a3e11a098;da1a1509-d532-4285-be94-b07a3e11a098;18;;
214827;1787408642112;150A;MotorUpdate / Motor-Livestand;10;71;–;00-00-FF-FF-FF-FF-FF-FF-FF-FF;NOTIFICATION;1;da1a1500-d532-4285-be94-b07a3e11a098;da1a150a-d532-4285-be94-b07a3e11a098;18;;
215026;1787408642311;150B;Motor-/Controllerblock;20;71;–;FF-FF-FF-FF-FF-FF-FF-FF-FF-FF-FF-FF-FF-FF-FF-FF-FF-FF-FF-FF;NOTIFICATION;1;da1a1500-d532-4285-be94-b07a3e11a098;da1a150b-d532-4285-be94-b07a3e11a098;18;;
215235;1787408642520;150D;Fahrstatistik Max/Ø;20;71;–;00-EB-00-6D-FF-FF-FF-FF-47-18-FF-FF-FF-FF-FF-FF-FF-FF-00-00;NOTIFICATION;1;da1a1500-d532-4285-be94-b07a3e11a098;da1a150d-d532-4285-be94-b07a3e11a098;18;;
216286;1787408643571;1502;Akkuinformationen;16;72;–;47-18-FF-FF-FF-FF-47-18-FF-FF-FF-FF-FF-FF-00-00;NOTIFICATION;1;da1a1500-d532-4285-be94-b07a3e11a098;da1a1502-d532-4285-be94-b07a3e11a098;18;;
216698;1787408643983;1505;BikePerformance / Fahrleistung;18;72;–;00-00-00-00-FF-FF-00-00-FF-FF-FF-FF-FF-00-00-00-00-00;NOTIFICATION;1;da1a1500-d532-4285-be94-b07a3e11a098;da1a1505-d532-4285-be94-b07a3e11a098;18;;
216907;1787408644192;1506;Trip / Kilometer & Betriebszähler;16;72;–;00-00-1B-FE-00-02-2F-73-00-00-02-CC-00-00-00-00;NOTIFICATION;1;da1a1500-d532-4285-be94-b07a3e11a098;da1a1506-d532-4285-be94-b07a3e11a098;18;;
217326;1787408644611;1508;Settings / Licht & Fahrstufe;17;72;–;00-00-00-01-FF-FF-FF-FF-FF-FF-FF-00-00-00-00-00-00;NOTIFICATION;1;da1a1500-d532-4285-be94-b07a3e11a098;da1a1508-d532-4285-be94-b07a3e11a098;18;;
217534;1787408644819;1509;BatteryChange / Akku-Livestand;11;72;5,6;00-00-FF-FF-30-B9-F0-00-00-00-00;NOTIFICATION;1;da1a1500-d532-4285-be94-b07a3e11a098;da1a1509-d532-4285-be94-b07a3e11a098;18;;
217747;1787408645032;150A;MotorUpdate / Motor-Livestand;10;72;–;00-00-FF-FF-FF-FF-FF-FF-FF-FF;NOTIFICATION;1;da1a1500-d532-4285-be94-b07a3e11a098;da1a150a-d532-4285-be94-b07a3e11a098;18;;
217947;1787408645232;150B;Motor-/Controllerblock;20;72;–;FF-FF-FF-FF-FF-FF-FF-FF-FF-FF-FF-FF-FF-FF-FF-FF-FF-FF-FF-FF;NOTIFICATION;1;da1a1500-d532-4285-be94-b07a3e11a098;da1a150b-d532-4285-be94-b07a3e11a098;18;;
218155;1787408645440;150D;Fahrstatistik Max/Ø;20;72;–;00-EB-00-6D-FF-FF-FF-FF-47-18-FF-FF-FF-FF-FF-FF-FF-FF-00-00;NOTIFICATION;1;da1a1500-d532-4285-be94-b07a3e11a098;da1a150d-d532-4285-be94-b07a3e11a098;18;;
219207;1787408646492;1502;Akkuinformationen;16;73;–;47-18-FF-FF-FF-FF-47-18-FF-FF-FF-FF-FF-FF-00-00;NOTIFICATION;1;da1a1500-d532-4285-be94-b07a3e11a098;da1a1502-d532-4285-be94-b07a3e11a098;18;;
219617;1787408646902;1505;BikePerformance / Fahrleistung;18;73;–;00-00-00-00-FF-FF-00-00-FF-FF-FF-FF-FF-00-00-00-00-00;NOTIFICATION;1;da1a1500-d532-4285-be94-b07a3e11a098;da1a1505-d532-4285-be94-b07a3e11a098;18;;
219829;1787408647114;1506;Trip / Kilometer & Betriebszähler;16;73;–;00-00-1B-FE-00-02-2F-73-00-00-02-CC-00-00-00-00;NOTIFICATION;1;da1a1500-d532-4285-be94-b07a3e11a098;da1a1506-d532-4285-be94-b07a3e11a098;18;;
220243;1787408647528;1508;Settings / Licht & Fahrstufe;17;73;–;00-00-00-01-FF-FF-FF-FF-FF-FF-FF-00-00-00-00-00-00;NOTIFICATION;1;da1a1500-d532-4285-be94-b07a3e11a098;da1a1508-d532-4285-be94-b07a3e11a098;18;;
220456;1787408647741;1509;BatteryChange / Akku-Livestand;11;73;–;00-00-FF-FF-30-B9-F0-00-00-00-00;NOTIFICATION;1;da1a1500-d532-4285-be94-b07a3e11a098;da1a1509-d532-4285-be94-b07a3e11a098;18;;
220666;1787408647951;150A;MotorUpdate / Motor-Livestand;10;73;–;00-00-FF-FF-FF-FF-FF-FF-FF-FF;NOTIFICATION;1;da1a1500-d532-4285-be94-b07a3e11a098;da1a150a-d532-4285-be94-b07a3e11a098;18;;
220878;1787408648163;150B;Motor-/Controllerblock;20;73;–;FF-FF-FF-FF-FF-FF-FF-FF-FF-FF-FF-FF-FF-FF-FF-FF-FF-FF-FF-FF;NOTIFICATION;1;da1a1500-d532-4285-be94-b07a3e11a098;da1a150b-d532-4285-be94-b07a3e11a098;18;;
221076;1787408648361;150D;Fahrstatistik Max/Ø;20;73;–;00-EB-00-6D-FF-FF-FF-FF-47-18-FF-FF-FF-FF-FF-FF-FF-FF-00-00;NOTIFICATION;1;da1a1500-d532-4285-be94-b07a3e11a098;da1a150d-d532-4285-be94-b07a3e11a098;18;;
222129;1787408649414;1502;Akkuinformationen;16;74;–;47-18-FF-FF-FF-FF-47-18-FF-FF-FF-FF-FF-FF-00-00;NOTIFICATION;1;da1a1500-d532-4285-be94-b07a3e11a098;da1a1502-d532-4285-be94-b07a3e11a098;18;;
222534;1787408649819;1505;BikePerformance / Fahrleistung;18;74;–;00-00-00-00-FF-FF-00-00-FF-FF-FF-FF-FF-00-00-00-00-00;NOTIFICATION;1;da1a1500-d532-4285-be94-b07a3e11a098;da1a1505-d532-4285-be94-b07a3e11a098;18;;
222748;1787408650033;1506;Trip / Kilometer & Betriebszähler;16;74;–;00-00-1B-FE-00-02-2F-73-00-00-02-CC-00-00-00-00;NOTIFICATION;1;da1a1500-d532-4285-be94-b07a3e11a098;da1a1506-d532-4285-be94-b07a3e11a098;18;;
223168;1787408650453;1508;Settings / Licht & Fahrstufe;17;74;–;00-00-00-01-FF-FF-FF-FF-FF-FF-FF-00-00-00-00-00-00;NOTIFICATION;1;da1a1500-d532-4285-be94-b07a3e11a098;da1a1508-d532-4285-be94-b07a3e11a098;18;;
223377;1787408650662;1509;BatteryChange / Akku-Livestand;11;74;5,6;00-00-FF-FF-30-BA-54-00-00-00-00;NOTIFICATION;1;da1a1500-d532-4285-be94-b07a3e11a098;da1a1509-d532-4285-be94-b07a3e11a098;18;;
223587;1787408650872;150A;MotorUpdate / Motor-Livestand;10;74;–;00-00-FF-FF-FF-FF-FF-FF-FF-FF;NOTIFICATION;1;da1a1500-d532-4285-be94-b07a3e11a098;da1a150a-d532-4285-be94-b07a3e11a098;18;;
223797;1787408651082;150B;Motor-/Controllerblock;20;74;–;FF-FF-FF-FF-FF-FF-FF-FF-FF-FF-FF-FF-FF-FF-FF-FF-FF-FF-FF-FF;NOTIFICATION;1;da1a1500-d532-4285-be94-b07a3e11a098;da1a150b-d532-4285-be94-b07a3e11a098;18;;
223997;1787408651282;150D;Fahrstatistik Max/Ø;20;74;–;00-EB-00-6D-FF-FF-FF-FF-47-18-FF-FF-FF-FF-FF-FF-FF-FF-00-00;NOTIFICATION;1;da1a1500-d532-4285-be94-b07a3e11a098;da1a150d-d532-4285-be94-b07a3e11a098;18;;
225043;1787408652328;1502;Akkuinformationen;16;75;–;47-18-FF-FF-FF-FF-47-18-FF-FF-FF-FF-FF-FF-00-00;NOTIFICATION;1;da1a1500-d532-4285-be94-b07a3e11a098;da1a1502-d532-4285-be94-b07a3e11a098;18;;
225462;1787408652747;1505;BikePerformance / Fahrleistung;18;75;–;00-00-00-00-FF-FF-00-00-FF-FF-FF-FF-FF-00-00-00-00-00;NOTIFICATION;1;da1a1500-d532-4285-be94-b07a3e11a098;da1a1505-d532-4285-be94-b07a3e11a098;18;;
225662;1787408652947;1506;Trip / Kilometer & Betriebszähler;16;75;–;00-00-1B-FE-00-02-2F-73-00-00-02-CC-00-00-00-00;NOTIFICATION;1;da1a1500-d532-4285-be94-b07a3e11a098;da1a1506-d532-4285-be94-b07a3e11a098;18;;
226082;1787408653367;1508;Settings / Licht & Fahrstufe;17;75;–;00-00-00-01-FF-FF-FF-FF-FF-FF-FF-00-00-00-00-00-00;NOTIFICATION;1;da1a1500-d532-4285-be94-b07a3e11a098;da1a1508-d532-4285-be94-b07a3e11a098;18;;
226297;1787408653582;1509;BatteryChange / Akku-Livestand;11;75;5,6;00-00-FF-FF-30-B9-F0-00-00-00-00;NOTIFICATION;1;da1a1500-d532-4285-be94-b07a3e11a098;da1a1509-d532-4285-be94-b07a3e11a098;18;;
226504;1787408653789;150A;MotorUpdate / Motor-Livestand;10;75;–;00-00-FF-FF-FF-FF-FF-FF-FF-FF;NOTIFICATION;1;da1a1500-d532-4285-be94-b07a3e11a098;da1a150a-d532-4285-be94-b07a3e11a098;18;;
226718;1787408654003;150B;Motor-/Controllerblock;20;75;–;FF-FF-FF-FF-FF-FF-FF-FF-FF-FF-FF-FF-FF-FF-FF-FF-FF-FF-FF-FF;NOTIFICATION;1;da1a1500-d532-4285-be94-b07a3e11a098;da1a150b-d532-4285-be94-b07a3e11a098;18;;
226926;1787408654211;150D;Fahrstatistik Max/Ø;20;75;–;00-EB-00-6D-FF-FF-FF-FF-47-18-FF-FF-FF-FF-FF-FF-FF-FF-00-00;NOTIFICATION;1;da1a1500-d532-4285-be94-b07a3e11a098;da1a150d-d532-4285-be94-b07a3e11a098;18;;
227968;1787408655253;1502;Akkuinformationen;16;76;–;47-18-FF-FF-FF-FF-47-18-FF-FF-FF-FF-FF-FF-00-00;NOTIFICATION;1;da1a1500-d532-4285-be94-b07a3e11a098;da1a1502-d532-4285-be94-b07a3e11a098;18;;
228388;1787408655673;1505;BikePerformance / Fahrleistung;18;76;–;00-00-00-00-FF-FF-00-00-FF-FF-FF-FF-FF-00-00-00-00-00;NOTIFICATION;1;da1a1500-d532-4285-be94-b07a3e11a098;da1a1505-d532-4285-be94-b07a3e11a098;18;;
228585;1787408655870;1506;Trip / Kilometer & Betriebszähler;16;76;–;00-00-1B-FE-00-02-2F-73-00-00-02-CC-00-00-00-00;NOTIFICATION;1;da1a1500-d532-4285-be94-b07a3e11a098;da1a1506-d532-4285-be94-b07a3e11a098;18;;
229008;1787408656293;1508;Settings / Licht & Fahrstufe;17;76;–;00-00-00-01-FF-FF-FF-FF-FF-FF-FF-00-00-00-00-00-00;NOTIFICATION;1;da1a1500-d532-4285-be94-b07a3e11a098;da1a1508-d532-4285-be94-b07a3e11a098;18;;
229215;1787408656500;1509;BatteryChange / Akku-Livestand;11;76;5,6;00-00-FF-FF-30-BA-54-00-00-00-00;NOTIFICATION;1;da1a1500-d532-4285-be94-b07a3e11a098;da1a1509-d532-4285-be94-b07a3e11a098;18;;
229424;1787408656709;150A;MotorUpdate / Motor-Livestand;10;76;–;00-00-FF-FF-FF-FF-FF-FF-FF-FF;NOTIFICATION;1;da1a1500-d532-4285-be94-b07a3e11a098;da1a150a-d532-4285-be94-b07a3e11a098;18;;
229637;1787408656922;150B;Motor-/Controllerblock;20;76;–;FF-FF-FF-FF-FF-FF-FF-FF-FF-FF-FF-FF-FF-FF-FF-FF-FF-FF-FF-FF;NOTIFICATION;1;da1a1500-d532-4285-be94-b07a3e11a098;da1a150b-d532-4285-be94-b07a3e11a098;18;;
229843;1787408657128;150D;Fahrstatistik Max/Ø;20;76;–;00-EB-00-6D-FF-FF-FF-FF-47-18-FF-FF-FF-FF-FF-FF-FF-FF-00-00;NOTIFICATION;1;da1a1500-d532-4285-be94-b07a3e11a098;da1a150d-d532-4285-be94-b07a3e11a098;18;;
230883;1787408658168;1502;Akkuinformationen;16;77;–;47-18-FF-FF-FF-FF-47-18-FF-FF-FF-FF-FF-FF-00-00;NOTIFICATION;1;da1a1500-d532-4285-be94-b07a3e11a098;da1a1502-d532-4285-be94-b07a3e11a098;18;;
231307;1787408658592;1505;BikePerformance / Fahrleistung;18;77;–;00-00-00-00-FF-FF-00-00-FF-FF-FF-FF-FF-00-00-00-00-00;NOTIFICATION;1;da1a1500-d532-4285-be94-b07a3e11a098;da1a1505-d532-4285-be94-b07a3e11a098;18;;
231504;1787408658789;1506;Trip / Kilometer & Betriebszähler;16;77;–;00-00-1B-FE-00-02-2F-73-00-00-02-CC-00-00-00-00;NOTIFICATION;1;da1a1500-d532-4285-be94-b07a3e11a098;da1a1506-d532-4285-be94-b07a3e11a098;18;;
231927;1787408659212;1508;Settings / Licht & Fahrstufe;17;77;–;00-00-00-01-FF-FF-FF-FF-FF-FF-FF-00-00-00-00-00-00;NOTIFICATION;1;da1a1500-d532-4285-be94-b07a3e11a098;da1a1508-d532-4285-be94-b07a3e11a098;18;;
232134;1787408659419;1509;BatteryChange / Akku-Livestand;11;77;–;00-00-FF-FF-30-BA-54-00-00-00-00;NOTIFICATION;1;da1a1500-d532-4285-be94-b07a3e11a098;da1a1509-d532-4285-be94-b07a3e11a098;18;;
232343;1787408659628;150A;MotorUpdate / Motor-Livestand;10;77;–;00-00-FF-FF-FF-FF-FF-FF-FF-FF;NOTIFICATION;1;da1a1500-d532-4285-be94-b07a3e11a098;da1a150a-d532-4285-be94-b07a3e11a098;18;;
232553;1787408659838;150B;Motor-/Controllerblock;20;77;–;FF-FF-FF-FF-FF-FF-FF-FF-FF-FF-FF-FF-FF-FF-FF-FF-FF-FF-FF-FF;NOTIFICATION;1;da1a1500-d532-4285-be94-b07a3e11a098;da1a150b-d532-4285-be94-b07a3e11a098;18;;
232765;1787408660050;150D;Fahrstatistik Max/Ø;20;77;–;00-EB-00-6D-FF-FF-FF-FF-47-18-FF-FF-FF-FF-FF-FF-FF-FF-00-00;NOTIFICATION;1;da1a1500-d532-4285-be94-b07a3e11a098;da1a150d-d532-4285-be94-b07a3e11a098;18;;
233803;1787408661088;1502;Akkuinformationen;16;78;–;47-18-FF-FF-FF-FF-47-18-FF-FF-FF-FF-FF-FF-00-00;NOTIFICATION;1;da1a1500-d532-4285-be94-b07a3e11a098;da1a1502-d532-4285-be94-b07a3e11a098;18;;
234223;1787408661508;1505;BikePerformance / Fahrleistung;18;78;–;00-00-00-00-FF-FF-00-00-FF-FF-FF-FF-FF-00-00-00-00-00;NOTIFICATION;1;da1a1500-d532-4285-be94-b07a3e11a098;da1a1505-d532-4285-be94-b07a3e11a098;18;;
234434;1787408661719;1506;Trip / Kilometer & Betriebszähler;16;78;–;00-00-1B-FE-00-02-2F-73-00-00-02-CC-00-00-00-00;NOTIFICATION;1;da1a1500-d532-4285-be94-b07a3e11a098;da1a1506-d532-4285-be94-b07a3e11a098;18;;
234843;1787408662128;1508;Settings / Licht & Fahrstufe;17;78;–;00-00-00-01-FF-FF-FF-FF-FF-FF-FF-00-00-00-00-00-00;NOTIFICATION;1;da1a1500-d532-4285-be94-b07a3e11a098;da1a1508-d532-4285-be94-b07a3e11a098;18;;
235056;1787408662341;1509;BatteryChange / Akku-Livestand;11;78;–;00-00-FF-FF-30-BA-54-00-00-00-00;NOTIFICATION;1;da1a1500-d532-4285-be94-b07a3e11a098;da1a1509-d532-4285-be94-b07a3e11a098;18;;
235276;1787408662561;150A;MotorUpdate / Motor-Livestand;10;78;–;00-00-FF-FF-FF-FF-FF-FF-FF-FF;NOTIFICATION;1;da1a1500-d532-4285-be94-b07a3e11a098;da1a150a-d532-4285-be94-b07a3e11a098;18;;
235474;1787408662759;150B;Motor-/Controllerblock;20;78;–;FF-FF-FF-FF-FF-FF-FF-FF-FF-FF-FF-FF-FF-FF-FF-FF-FF-FF-FF-FF;NOTIFICATION;1;da1a1500-d532-4285-be94-b07a3e11a098;da1a150b-d532-4285-be94-b07a3e11a098;18;;
235683;1787408662968;150D;Fahrstatistik Max/Ø;20;78;–;00-EB-00-6D-FF-FF-FF-FF-47-18-FF-FF-FF-FF-FF-FF-FF-FF-00-00;NOTIFICATION;1;da1a1500-d532-4285-be94-b07a3e11a098;da1a150d-d532-4285-be94-b07a3e11a098;18;;
236723;1787408664008;1502;Akkuinformationen;16;79;–;47-18-FF-FF-FF-FF-47-18-FF-FF-FF-FF-FF-FF-00-00;NOTIFICATION;1;da1a1500-d532-4285-be94-b07a3e11a098;da1a1502-d532-4285-be94-b07a3e11a098;18;;
237147;1787408664432;1505;BikePerformance / Fahrleistung;18;79;–;00-00-00-00-FF-FF-00-00-FF-FF-FF-FF-FF-00-00-00-00-00;NOTIFICATION;1;da1a1500-d532-4285-be94-b07a3e11a098;da1a1505-d532-4285-be94-b07a3e11a098;18;;
237354;1787408664639;1506;Trip / Kilometer & Betriebszähler;16;79;–;00-00-1B-FE-00-02-2F-73-00-00-02-CC-00-00-00-00;NOTIFICATION;1;da1a1500-d532-4285-be94-b07a3e11a098;da1a1506-d532-4285-be94-b07a3e11a098;18;;
237763;1787408665048;1508;Settings / Licht & Fahrstufe;17;79;–;00-00-00-01-FF-FF-FF-FF-FF-FF-FF-00-00-00-00-00-00;NOTIFICATION;1;da1a1500-d532-4285-be94-b07a3e11a098;da1a1508-d532-4285-be94-b07a3e11a098;18;;
237976;1787408665261;1509;BatteryChange / Akku-Livestand;11;79;–;00-00-FF-FF-30-BA-54-00-00-00-00;NOTIFICATION;1;da1a1500-d532-4285-be94-b07a3e11a098;da1a1509-d532-4285-be94-b07a3e11a098;18;;
238184;1787408665469;150A;MotorUpdate / Motor-Livestand;10;79;–;00-00-FF-FF-FF-FF-FF-FF-FF-FF;NOTIFICATION;1;da1a1500-d532-4285-be94-b07a3e11a098;da1a150a-d532-4285-be94-b07a3e11a098;18;;
238394;1787408665679;150B;Motor-/Controllerblock;20;79;–;FF-FF-FF-FF-FF-FF-FF-FF-FF-FF-FF-FF-FF-FF-FF-FF-FF-FF-FF-FF;NOTIFICATION;1;da1a1500-d532-4285-be94-b07a3e11a098;da1a150b-d532-4285-be94-b07a3e11a098;18;;
238602;1787408665887;150D;Fahrstatistik Max/Ø;20;79;–;00-EB-00-6D-FF-FF-FF-FF-47-18-FF-FF-FF-FF-FF-FF-FF-FF-00-00;NOTIFICATION;1;da1a1500-d532-4285-be94-b07a3e11a098;da1a150d-d532-4285-be94-b07a3e11a098;18;;
239642;1787408666927;1502;Akkuinformationen;16;80;–;47-18-FF-FF-FF-FF-47-18-FF-FF-FF-FF-FF-FF-00-00;NOTIFICATION;1;da1a1500-d532-4285-be94-b07a3e11a098;da1a1502-d532-4285-be94-b07a3e11a098;18;;
240064;1787408667349;1505;BikePerformance / Fahrleistung;18;80;–;00-00-00-00-FF-FF-00-00-FF-FF-FF-FF-FF-00-00-00-00-00;NOTIFICATION;1;da1a1500-d532-4285-be94-b07a3e11a098;da1a1505-d532-4285-be94-b07a3e11a098;18;;
240273;1787408667558;1506;Trip / Kilometer & Betriebszähler;16;80;–;00-00-1B-FE-00-02-2F-73-00-00-02-CC-00-00-00-00;NOTIFICATION;1;da1a1500-d532-4285-be94-b07a3e11a098;da1a1506-d532-4285-be94-b07a3e11a098;18;;
240684;1787408667969;1508;Settings / Licht & Fahrstufe;17;80;–;00-00-00-01-FF-FF-FF-FF-FF-FF-FF-00-00-00-00-00-00;NOTIFICATION;1;da1a1500-d532-4285-be94-b07a3e11a098;da1a1508-d532-4285-be94-b07a3e11a098;18;;
240893;1787408668178;1509;BatteryChange / Akku-Livestand;11;80;–;00-00-FF-FF-30-BA-54-00-00-00-00;NOTIFICATION;1;da1a1500-d532-4285-be94-b07a3e11a098;da1a1509-d532-4285-be94-b07a3e11a098;18;;
241103;1787408668388;150A;MotorUpdate / Motor-Livestand;10;80;–;00-00-FF-FF-FF-FF-FF-FF-FF-FF;NOTIFICATION;1;da1a1500-d532-4285-be94-b07a3e11a098;da1a150a-d532-4285-be94-b07a3e11a098;18;;
241314;1787408668599;150B;Motor-/Controllerblock;20;80;–;FF-FF-FF-FF-FF-FF-FF-FF-FF-FF-FF-FF-FF-FF-FF-FF-FF-FF-FF-FF;NOTIFICATION;1;da1a1500-d532-4285-be94-b07a3e11a098;da1a150b-d532-4285-be94-b07a3e11a098;18;;
241525;1787408668810;150D;Fahrstatistik Max/Ø;20;80;–;00-EB-00-6D-FF-FF-FF-FF-47-18-FF-FF-FF-FF-FF-FF-FF-FF-00-00;NOTIFICATION;1;da1a1500-d532-4285-be94-b07a3e11a098;da1a150d-d532-4285-be94-b07a3e11a098;18;;
242564;1787408669849;1502;Akkuinformationen;16;81;–;47-18-FF-FF-FF-FF-47-18-FF-FF-FF-FF-FF-FF-00-00;NOTIFICATION;1;da1a1500-d532-4285-be94-b07a3e11a098;da1a1502-d532-4285-be94-b07a3e11a098;18;;
242983;1787408670268;1505;BikePerformance / Fahrleistung;18;81;–;00-00-00-00-FF-FF-00-00-FF-FF-FF-FF-FF-00-00-00-00-00;NOTIFICATION;1;da1a1500-d532-4285-be94-b07a3e11a098;da1a1505-d532-4285-be94-b07a3e11a098;18;;
243193;1787408670478;1506;Trip / Kilometer & Betriebszähler;16;81;–;00-00-1B-FE-00-02-2F-73-00-00-02-CC-00-00-00-00;NOTIFICATION;1;da1a1500-d532-4285-be94-b07a3e11a098;da1a1506-d532-4285-be94-b07a3e11a098;18;;
243615;1787408670900;1508;Settings / Licht & Fahrstufe;17;81;–;00-00-00-01-FF-FF-FF-FF-FF-FF-FF-00-00-00-00-00-00;NOTIFICATION;1;da1a1500-d532-4285-be94-b07a3e11a098;da1a1508-d532-4285-be94-b07a3e11a098;18;;
243819;1787408671104;1509;BatteryChange / Akku-Livestand;11;81;–;00-00-FF-FF-30-BA-54-00-00-00-00;NOTIFICATION;1;da1a1500-d532-4285-be94-b07a3e11a098;da1a1509-d532-4285-be94-b07a3e11a098;18;;
244030;1787408671315;150A;MotorUpdate / Motor-Livestand;10;81;–;00-00-FF-FF-FF-FF-FF-FF-FF-FF;NOTIFICATION;1;da1a1500-d532-4285-be94-b07a3e11a098;da1a150a-d532-4285-be94-b07a3e11a098;18;;
244237;1787408671522;150B;Motor-/Controllerblock;20;81;–;FF-FF-FF-FF-FF-FF-FF-FF-FF-FF-FF-FF-FF-FF-FF-FF-FF-FF-FF-FF;NOTIFICATION;1;da1a1500-d532-4285-be94-b07a3e11a098;da1a150b-d532-4285-be94-b07a3e11a098;18;;
244450;1787408671735;150D;Fahrstatistik Max/Ø;20;81;–;00-EB-00-6D-FF-FF-FF-FF-47-18-FF-FF-FF-FF-FF-FF-FF-FF-00-00;NOTIFICATION;1;da1a1500-d532-4285-be94-b07a3e11a098;da1a150d-d532-4285-be94-b07a3e11a098;18;;
245486;1787408672771;1502;Akkuinformationen;16;82;–;47-18-FF-FF-FF-FF-47-18-FF-FF-FF-FF-FF-FF-00-00;NOTIFICATION;1;da1a1500-d532-4285-be94-b07a3e11a098;da1a1502-d532-4285-be94-b07a3e11a098;18;;
245904;1787408673189;1505;BikePerformance / Fahrleistung;18;82;–;00-00-00-00-FF-FF-00-00-FF-FF-FF-FF-FF-00-00-00-00-00;NOTIFICATION;1;da1a1500-d532-4285-be94-b07a3e11a098;da1a1505-d532-4285-be94-b07a3e11a098;18;;
246113;1787408673398;1506;Trip / Kilometer & Betriebszähler;16;82;–;00-00-1B-FE-00-02-2F-73-00-00-02-CC-00-00-00-00;NOTIFICATION;1;da1a1500-d532-4285-be94-b07a3e11a098;da1a1506-d532-4285-be94-b07a3e11a098;18;;
246537;1787408673822;1508;Settings / Licht & Fahrstufe;17;82;–;00-00-00-01-FF-FF-FF-FF-FF-FF-FF-00-00-00-00-00-00;NOTIFICATION;1;da1a1500-d532-4285-be94-b07a3e11a098;da1a1508-d532-4285-be94-b07a3e11a098;18;;
246737;1787408674022;1509;BatteryChange / Akku-Livestand;11;82;–;00-00-FF-FF-30-BA-54-00-00-00-00;NOTIFICATION;1;da1a1500-d532-4285-be94-b07a3e11a098;da1a1509-d532-4285-be94-b07a3e11a098;18;;
246947;1787408674232;150A;MotorUpdate / Motor-Livestand;10;82;–;00-00-FF-FF-FF-FF-FF-FF-FF-FF;NOTIFICATION;1;da1a1500-d532-4285-be94-b07a3e11a098;da1a150a-d532-4285-be94-b07a3e11a098;18;;
247156;1787408674441;150B;Motor-/Controllerblock;20;82;–;FF-FF-FF-FF-FF-FF-FF-FF-FF-FF-FF-FF-FF-FF-FF-FF-FF-FF-FF-FF;NOTIFICATION;1;da1a1500-d532-4285-be94-b07a3e11a098;da1a150b-d532-4285-be94-b07a3e11a098;18;;
247363;1787408674648;150D;Fahrstatistik Max/Ø;20;82;–;00-EB-00-6D-FF-FF-FF-FF-47-18-FF-FF-FF-FF-FF-FF-FF-FF-00-00;NOTIFICATION;1;da1a1500-d532-4285-be94-b07a3e11a098;da1a150d-d532-4285-be94-b07a3e11a098;18;;
248404;1787408675689;1502;Akkuinformationen;16;83;–;47-18-FF-FF-FF-FF-47-18-FF-FF-FF-FF-FF-FF-00-00;NOTIFICATION;1;da1a1500-d532-4285-be94-b07a3e11a098;da1a1502-d532-4285-be94-b07a3e11a098;18;;
248825;1787408676110;1505;BikePerformance / Fahrleistung;18;83;–;00-00-00-00-FF-FF-00-00-FF-FF-FF-FF-FF-00-00-00-00-00;NOTIFICATION;1;da1a1500-d532-4285-be94-b07a3e11a098;da1a1505-d532-4285-be94-b07a3e11a098;18;;
249035;1787408676320;1506;Trip / Kilometer & Betriebszähler;16;83;–;00-00-1B-FE-00-02-2F-73-00-00-02-CC-00-00-00-00;NOTIFICATION;1;da1a1500-d532-4285-be94-b07a3e11a098;da1a1506-d532-4285-be94-b07a3e11a098;18;;
249454;1787408676739;1508;Settings / Licht & Fahrstufe;17;83;–;00-00-00-01-FF-FF-FF-FF-FF-FF-FF-00-00-00-00-00-00;NOTIFICATION;1;da1a1500-d532-4285-be94-b07a3e11a098;da1a1508-d532-4285-be94-b07a3e11a098;18;;
249664;1787408676949;1509;BatteryChange / Akku-Livestand;11;83;–;00-00-FF-FF-30-BA-54-00-00-00-00;NOTIFICATION;1;da1a1500-d532-4285-be94-b07a3e11a098;da1a1509-d532-4285-be94-b07a3e11a098;18;;
249864;1787408677149;150A;MotorUpdate / Motor-Livestand;10;83;–;00-00-FF-FF-FF-FF-FF-FF-FF-FF;NOTIFICATION;1;da1a1500-d532-4285-be94-b07a3e11a098;da1a150a-d532-4285-be94-b07a3e11a098;18;;
250074;1787408677359;150B;Motor-/Controllerblock;20;83;–;FF-FF-FF-FF-FF-FF-FF-FF-FF-FF-FF-FF-FF-FF-FF-FF-FF-FF-FF-FF;NOTIFICATION;1;da1a1500-d532-4285-be94-b07a3e11a098;da1a150b-d532-4285-be94-b07a3e11a098;18;;
250283;1787408677568;150D;Fahrstatistik Max/Ø;20;83;–;00-EB-00-6D-FF-FF-FF-FF-47-18-FF-FF-FF-FF-FF-FF-FF-FF-00-00;NOTIFICATION;1;da1a1500-d532-4285-be94-b07a3e11a098;da1a150d-d532-4285-be94-b07a3e11a098;18;;
251328;1787408678613;1502;Akkuinformationen;16;84;–;47-18-FF-FF-FF-FF-47-18-FF-FF-FF-FF-FF-FF-00-00;NOTIFICATION;1;da1a1500-d532-4285-be94-b07a3e11a098;da1a1502-d532-4285-be94-b07a3e11a098;18;;
251748;1787408679033;1505;BikePerformance / Fahrleistung;18;84;–;00-00-00-00-FF-FF-00-00-FF-FF-FF-FF-FF-00-00-00-00-00;NOTIFICATION;1;da1a1500-d532-4285-be94-b07a3e11a098;da1a1505-d532-4285-be94-b07a3e11a098;18;;
251958;1787408679243;1506;Trip / Kilometer & Betriebszähler;16;84;–;00-00-1B-FE-00-02-2F-73-00-00-02-CC-00-00-00-00;NOTIFICATION;1;da1a1500-d532-4285-be94-b07a3e11a098;da1a1506-d532-4285-be94-b07a3e11a098;18;;
252374;1787408679659;1508;Settings / Licht & Fahrstufe;17;84;–;00-00-00-01-FF-FF-FF-FF-FF-FF-FF-00-00-00-00-00-00;NOTIFICATION;1;da1a1500-d532-4285-be94-b07a3e11a098;da1a1508-d532-4285-be94-b07a3e11a098;18;;
252583;1787408679868;1509;BatteryChange / Akku-Livestand;11;84;–;00-00-FF-FF-30-BA-54-00-00-00-00;NOTIFICATION;1;da1a1500-d532-4285-be94-b07a3e11a098;da1a1509-d532-4285-be94-b07a3e11a098;18;;
252784;1787408680069;150A;MotorUpdate / Motor-Livestand;10;84;–;00-00-FF-FF-FF-FF-FF-FF-FF-FF;NOTIFICATION;1;da1a1500-d532-4285-be94-b07a3e11a098;da1a150a-d532-4285-be94-b07a3e11a098;18;;
252994;1787408680279;150B;Motor-/Controllerblock;20;84;–;FF-FF-FF-FF-FF-FF-FF-FF-FF-FF-FF-FF-FF-FF-FF-FF-FF-FF-FF-FF;NOTIFICATION;1;da1a1500-d532-4285-be94-b07a3e11a098;da1a150b-d532-4285-be94-b07a3e11a098;18;;
253203;1787408680488;150D;Fahrstatistik Max/Ø;20;84;–;00-EB-00-6D-FF-FF-FF-FF-47-18-FF-FF-FF-FF-FF-FF-FF-FF-00-00;NOTIFICATION;1;da1a1500-d532-4285-be94-b07a3e11a098;da1a150d-d532-4285-be94-b07a3e11a098;18;;
254255;1787408681540;1502;Akkuinformationen;16;85;–;47-18-FF-FF-FF-FF-47-18-FF-FF-FF-FF-FF-FF-00-00;NOTIFICATION;1;da1a1500-d532-4285-be94-b07a3e11a098;da1a1502-d532-4285-be94-b07a3e11a098;18;;
254668;1787408681953;1505;BikePerformance / Fahrleistung;18;85;–;00-00-00-00-FF-FF-00-00-FF-FF-FF-FF-FF-00-00-00-00-00;NOTIFICATION;1;da1a1500-d532-4285-be94-b07a3e11a098;da1a1505-d532-4285-be94-b07a3e11a098;18;;
254876;1787408682161;1506;Trip / Kilometer & Betriebszähler;16;85;–;00-00-1B-FE-00-02-2F-73-00-00-02-CC-00-00-00-00;NOTIFICATION;1;da1a1500-d532-4285-be94-b07a3e11a098;da1a1506-d532-4285-be94-b07a3e11a098;18;;
255292;1787408682577;1508;Settings / Licht & Fahrstufe;17;85;–;00-00-00-01-FF-FF-FF-FF-FF-FF-FF-00-00-00-00-00-00;NOTIFICATION;1;da1a1500-d532-4285-be94-b07a3e11a098;da1a1508-d532-4285-be94-b07a3e11a098;18;;
255507;1787408682792;1509;BatteryChange / Akku-Livestand;11;85;–;00-00-FF-FF-30-BA-54-00-00-00-00;NOTIFICATION;1;da1a1500-d532-4285-be94-b07a3e11a098;da1a1509-d532-4285-be94-b07a3e11a098;18;;
255724;1787408683009;150A;MotorUpdate / Motor-Livestand;10;85;–;00-00-FF-FF-FF-FF-FF-FF-FF-FF;NOTIFICATION;1;da1a1500-d532-4285-be94-b07a3e11a098;da1a150a-d532-4285-be94-b07a3e11a098;18;;
255928;1787408683213;150B;Motor-/Controllerblock;20;85;–;FF-FF-FF-FF-FF-FF-FF-FF-FF-FF-FF-FF-FF-FF-FF-FF-FF-FF-FF-FF;NOTIFICATION;1;da1a1500-d532-4285-be94-b07a3e11a098;da1a150b-d532-4285-be94-b07a3e11a098;18;;
256129;1787408683414;150D;Fahrstatistik Max/Ø;20;85;–;00-EB-00-6D-FF-FF-FF-FF-47-18-FF-FF-FF-FF-FF-FF-FF-FF-00-00;NOTIFICATION;1;da1a1500-d532-4285-be94-b07a3e11a098;da1a150d-d532-4285-be94-b07a3e11a098;18;;
257178;1787408684463;1502;Akkuinformationen;16;86;–;47-18-FF-FF-FF-FF-47-18-FF-FF-FF-FF-FF-FF-00-00;NOTIFICATION;1;da1a1500-d532-4285-be94-b07a3e11a098;da1a1502-d532-4285-be94-b07a3e11a098;18;;
257587;1787408684872;1505;BikePerformance / Fahrleistung;18;86;–;00-00-00-00-FF-FF-00-00-FF-FF-FF-FF-FF-00-00-00-00-00;NOTIFICATION;1;da1a1500-d532-4285-be94-b07a3e11a098;da1a1505-d532-4285-be94-b07a3e11a098;18;;
257799;1787408685084;1506;Trip / Kilometer & Betriebszähler;16;86;–;00-00-1B-FE-00-02-2F-73-00-00-02-CC-00-00-00-00;NOTIFICATION;1;da1a1500-d532-4285-be94-b07a3e11a098;da1a1506-d532-4285-be94-b07a3e11a098;18;;
258220;1787408685505;1508;Settings / Licht & Fahrstufe;17;86;–;00-00-00-01-FF-FF-FF-FF-FF-FF-FF-00-00-00-00-00-00;NOTIFICATION;1;da1a1500-d532-4285-be94-b07a3e11a098;da1a1508-d532-4285-be94-b07a3e11a098;18;;
258427;1787408685712;1509;BatteryChange / Akku-Livestand;11;86;6;00-00-FF-FF-30-BA-B8-00-00-00-00;NOTIFICATION;1;da1a1500-d532-4285-be94-b07a3e11a098;da1a1509-d532-4285-be94-b07a3e11a098;18;;
258636;1787408685921;150A;MotorUpdate / Motor-Livestand;10;86;–;00-00-FF-FF-FF-FF-FF-FF-FF-FF;NOTIFICATION;1;da1a1500-d532-4285-be94-b07a3e11a098;da1a150a-d532-4285-be94-b07a3e11a098;18;;
258844;1787408686129;150B;Motor-/Controllerblock;20;86;–;FF-FF-FF-FF-FF-FF-FF-FF-FF-FF-FF-FF-FF-FF-FF-FF-FF-FF-FF-FF;NOTIFICATION;1;da1a1500-d532-4285-be94-b07a3e11a098;da1a150b-d532-4285-be94-b07a3e11a098;18;;
259046;1787408686331;150D;Fahrstatistik Max/Ø;20;86;–;00-EB-00-6D-FF-FF-FF-FF-47-18-FF-FF-FF-FF-FF-FF-FF-FF-00-00;NOTIFICATION;1;da1a1500-d532-4285-be94-b07a3e11a098;da1a150d-d532-4285-be94-b07a3e11a098;18;;
260094;1787408687379;1502;Akkuinformationen;16;87;–;47-18-FF-FF-FF-FF-47-18-FF-FF-FF-FF-FF-FF-00-00;NOTIFICATION;1;da1a1500-d532-4285-be94-b07a3e11a098;da1a1502-d532-4285-be94-b07a3e11a098;18;;
260504;1787408687789;1505;BikePerformance / Fahrleistung;18;87;–;00-00-00-00-FF-FF-00-00-FF-FF-FF-FF-FF-00-00-00-00-00;NOTIFICATION;1;da1a1500-d532-4285-be94-b07a3e11a098;da1a1505-d532-4285-be94-b07a3e11a098;18;;
260715;1787408688000;1506;Trip / Kilometer & Betriebszähler;16;87;–;00-00-1B-FE-00-02-2F-73-00-00-02-CC-00-00-00-00;NOTIFICATION;1;da1a1500-d532-4285-be94-b07a3e11a098;da1a1506-d532-4285-be94-b07a3e11a098;18;;
261138;1787408688423;1508;Settings / Licht & Fahrstufe;17;87;–;00-00-00-01-FF-FF-FF-FF-FF-FF-FF-00-00-00-00-00-00;NOTIFICATION;1;da1a1500-d532-4285-be94-b07a3e11a098;da1a1508-d532-4285-be94-b07a3e11a098;18;;
261348;1787408688633;1509;BatteryChange / Akku-Livestand;11;87;5,6;00-00-FF-FF-30-B9-F0-00-00-00-00;NOTIFICATION;1;da1a1500-d532-4285-be94-b07a3e11a098;da1a1509-d532-4285-be94-b07a3e11a098;18;;
261554;1787408688839;150A;MotorUpdate / Motor-Livestand;10;87;–;00-00-FF-FF-FF-FF-FF-FF-FF-FF;NOTIFICATION;1;da1a1500-d532-4285-be94-b07a3e11a098;da1a150a-d532-4285-be94-b07a3e11a098;18;;
261765;1787408689050;150B;Motor-/Controllerblock;20;87;–;FF-FF-FF-FF-FF-FF-FF-FF-FF-FF-FF-FF-FF-FF-FF-FF-FF-FF-FF-FF;NOTIFICATION;1;da1a1500-d532-4285-be94-b07a3e11a098;da1a150b-d532-4285-be94-b07a3e11a098;18;;
261974;1787408689259;150D;Fahrstatistik Max/Ø;20;87;–;00-EB-00-6D-FF-FF-FF-FF-47-18-FF-FF-FF-FF-FF-FF-FF-FF-00-00;NOTIFICATION;1;da1a1500-d532-4285-be94-b07a3e11a098;da1a150d-d532-4285-be94-b07a3e11a098;18;;
263014;1787408690299;1502;Akkuinformationen;16;88;–;47-18-FF-FF-FF-FF-47-18-FF-FF-FF-FF-FF-FF-00-00;NOTIFICATION;1;da1a1500-d532-4285-be94-b07a3e11a098;da1a1502-d532-4285-be94-b07a3e11a098;18;;
263435;1787408690720;1505;BikePerformance / Fahrleistung;18;88;–;00-00-00-00-FF-FF-00-00-FF-FF-FF-FF-FF-00-00-00-00-00;NOTIFICATION;1;da1a1500-d532-4285-be94-b07a3e11a098;da1a1505-d532-4285-be94-b07a3e11a098;18;;
263634;1787408690919;1506;Trip / Kilometer & Betriebszähler;16;88;–;00-00-1B-FE-00-02-2F-73-00-00-02-CC-00-00-00-00;NOTIFICATION;1;da1a1500-d532-4285-be94-b07a3e11a098;da1a1506-d532-4285-be94-b07a3e11a098;18;;
264054;1787408691339;1508;Settings / Licht & Fahrstufe;17;88;–;00-00-00-01-FF-FF-FF-FF-FF-FF-FF-00-00-00-00-00-00;NOTIFICATION;1;da1a1500-d532-4285-be94-b07a3e11a098;da1a1508-d532-4285-be94-b07a3e11a098;18;;
264265;1787408691550;1509;BatteryChange / Akku-Livestand;11;88;5,6;00-00-FF-FF-30-BA-54-00-00-00-00;NOTIFICATION;1;da1a1500-d532-4285-be94-b07a3e11a098;da1a1509-d532-4285-be94-b07a3e11a098;18;;
264475;1787408691760;150A;MotorUpdate / Motor-Livestand;10;88;–;00-00-FF-FF-FF-FF-FF-FF-FF-FF;NOTIFICATION;1;da1a1500-d532-4285-be94-b07a3e11a098;da1a150a-d532-4285-be94-b07a3e11a098;18;;
264683;1787408691968;150B;Motor-/Controllerblock;20;88;–;FF-FF-FF-FF-FF-FF-FF-FF-FF-FF-FF-FF-FF-FF-FF-FF-FF-FF-FF-FF;NOTIFICATION;1;da1a1500-d532-4285-be94-b07a3e11a098;da1a150b-d532-4285-be94-b07a3e11a098;18;;
264896;1787408692181;150D;Fahrstatistik Max/Ø;20;88;–;00-EB-00-6D-FF-FF-FF-FF-47-18-FF-FF-FF-FF-FF-FF-FF-FF-00-00;NOTIFICATION;1;da1a1500-d532-4285-be94-b07a3e11a098;da1a150d-d532-4285-be94-b07a3e11a098;18;;
265941;1787408693226;1502;Akkuinformationen;16;89;–;47-18-FF-FF-FF-FF-47-18-FF-FF-FF-FF-FF-FF-00-00;NOTIFICATION;1;da1a1500-d532-4285-be94-b07a3e11a098;da1a1502-d532-4285-be94-b07a3e11a098;18;;
266358;1787408693643;1505;BikePerformance / Fahrleistung;18;89;–;00-00-00-00-FF-FF-00-00-FF-FF-FF-FF-FF-00-00-00-00-00;NOTIFICATION;1;da1a1500-d532-4285-be94-b07a3e11a098;da1a1505-d532-4285-be94-b07a3e11a098;18;;
266568;1787408693853;1506;Trip / Kilometer & Betriebszähler;16;89;–;00-00-1B-FE-00-02-2F-73-00-00-02-CC-00-00-00-00;NOTIFICATION;1;da1a1500-d532-4285-be94-b07a3e11a098;da1a1506-d532-4285-be94-b07a3e11a098;18;;
266978;1787408694263;1508;Settings / Licht & Fahrstufe;17;89;–;00-00-00-01-FF-FF-FF-FF-FF-FF-FF-00-00-00-00-00-00;NOTIFICATION;1;da1a1500-d532-4285-be94-b07a3e11a098;da1a1508-d532-4285-be94-b07a3e11a098;18;;
267189;1787408694474;1509;BatteryChange / Akku-Livestand;11;89;–;00-00-FF-FF-30-BA-54-00-00-00-00;NOTIFICATION;1;da1a1500-d532-4285-be94-b07a3e11a098;da1a1509-d532-4285-be94-b07a3e11a098;18;;
267397;1787408694682;150A;MotorUpdate / Motor-Livestand;10;89;–;00-00-FF-FF-FF-FF-FF-FF-FF-FF;NOTIFICATION;1;da1a1500-d532-4285-be94-b07a3e11a098;da1a150a-d532-4285-be94-b07a3e11a098;18;;
267607;1787408694892;150B;Motor-/Controllerblock;20;89;–;FF-FF-FF-FF-FF-FF-FF-FF-FF-FF-FF-FF-FF-FF-FF-FF-FF-FF-FF-FF;NOTIFICATION;1;da1a1500-d532-4285-be94-b07a3e11a098;da1a150b-d532-4285-be94-b07a3e11a098;18;;
267819;1787408695104;150D;Fahrstatistik Max/Ø;20;89;–;00-EB-00-6D-FF-FF-FF-FF-47-18-FF-FF-FF-FF-FF-FF-FF-FF-00-00;NOTIFICATION;1;da1a1500-d532-4285-be94-b07a3e11a098;da1a150d-d532-4285-be94-b07a3e11a098;18;;
268857;1787408696142;1502;Akkuinformationen;16;90;–;47-18-FF-FF-FF-FF-47-18-FF-FF-FF-FF-FF-FF-00-00;NOTIFICATION;1;da1a1500-d532-4285-be94-b07a3e11a098;da1a1502-d532-4285-be94-b07a3e11a098;18;;
269274;1787408696559;1505;BikePerformance / Fahrleistung;18;90;–;00-00-00-00-FF-FF-00-00-FF-FF-FF-FF-FF-00-00-00-00-00;NOTIFICATION;1;da1a1500-d532-4285-be94-b07a3e11a098;da1a1505-d532-4285-be94-b07a3e11a098;18;;
269484;1787408696769;1506;Trip / Kilometer & Betriebszähler;16;90;–;00-00-1B-FE-00-02-2F-73-00-00-02-CC-00-00-00-00;NOTIFICATION;1;da1a1500-d532-4285-be94-b07a3e11a098;da1a1506-d532-4285-be94-b07a3e11a098;18;;
269898;1787408697183;1508;Settings / Licht & Fahrstufe;17;90;–;00-00-00-01-FF-FF-FF-FF-FF-FF-FF-00-00-00-00-00-00;NOTIFICATION;1;da1a1500-d532-4285-be94-b07a3e11a098;da1a1508-d532-4285-be94-b07a3e11a098;18;;
270108;1787408697393;1509;BatteryChange / Akku-Livestand;11;90;5,6;00-00-FF-FF-30-B9-F0-00-00-00-00;NOTIFICATION;1;da1a1500-d532-4285-be94-b07a3e11a098;da1a1509-d532-4285-be94-b07a3e11a098;18;;
270317;1787408697602;150A;MotorUpdate / Motor-Livestand;10;90;–;00-00-FF-FF-FF-FF-FF-FF-FF-FF;NOTIFICATION;1;da1a1500-d532-4285-be94-b07a3e11a098;da1a150a-d532-4285-be94-b07a3e11a098;18;;
270528;1787408697813;150B;Motor-/Controllerblock;20;90;–;FF-FF-FF-FF-FF-FF-FF-FF-FF-FF-FF-FF-FF-FF-FF-FF-FF-FF-FF-FF;NOTIFICATION;1;da1a1500-d532-4285-be94-b07a3e11a098;da1a150b-d532-4285-be94-b07a3e11a098;18;;
270734;1787408698019;150D;Fahrstatistik Max/Ø;20;90;–;00-EB-00-6D-FF-FF-FF-FF-47-18-FF-FF-FF-FF-FF-FF-FF-FF-00-00;NOTIFICATION;1;da1a1500-d532-4285-be94-b07a3e11a098;da1a150d-d532-4285-be94-b07a3e11a098;18;;
271985;1787408699270;1502;Akkuinformationen;16;91;–;47-18-FF-FF-FF-FF-47-18-FF-FF-FF-FF-FF-FF-00-00;NOTIFICATION;1;da1a1500-d532-4285-be94-b07a3e11a098;da1a1502-d532-4285-be94-b07a3e11a098;18;;
272404;1787408699689;1505;BikePerformance / Fahrleistung;18;91;–;00-00-00-00-FF-FF-00-00-FF-FF-FF-FF-FF-00-00-00-00-00;NOTIFICATION;1;da1a1500-d532-4285-be94-b07a3e11a098;da1a1505-d532-4285-be94-b07a3e11a098;18;;
272606;1787408699891;1506;Trip / Kilometer & Betriebszähler;16;91;–;00-00-1B-FE-00-02-2F-73-00-00-02-CC-00-00-00-00;NOTIFICATION;1;da1a1500-d532-4285-be94-b07a3e11a098;da1a1506-d532-4285-be94-b07a3e11a098;18;;
273024;1787408700309;1508;Settings / Licht & Fahrstufe;17;91;–;00-00-00-01-FF-FF-FF-FF-FF-FF-FF-00-00-00-00-00-00;NOTIFICATION;1;da1a1500-d532-4285-be94-b07a3e11a098;da1a1508-d532-4285-be94-b07a3e11a098;18;;
273234;1787408700519;1509;BatteryChange / Akku-Livestand;11;91;5,6;00-00-FF-FF-30-BA-54-00-00-00-00;NOTIFICATION;1;da1a1500-d532-4285-be94-b07a3e11a098;da1a1509-d532-4285-be94-b07a3e11a098;18;;
273445;1787408700730;150A;MotorUpdate / Motor-Livestand;10;91;–;00-00-FF-FF-FF-FF-FF-FF-FF-FF;NOTIFICATION;1;da1a1500-d532-4285-be94-b07a3e11a098;da1a150a-d532-4285-be94-b07a3e11a098;18;;
273654;1787408700939;150B;Motor-/Controllerblock;20;91;–;FF-FF-FF-FF-FF-FF-FF-FF-FF-FF-FF-FF-FF-FF-FF-FF-FF-FF-FF-FF;NOTIFICATION;1;da1a1500-d532-4285-be94-b07a3e11a098;da1a150b-d532-4285-be94-b07a3e11a098;18;;
273865;1787408701150;150D;Fahrstatistik Max/Ø;20;91;–;00-EB-00-6D-FF-FF-FF-FF-47-18-FF-FF-FF-FF-FF-FF-FF-FF-00-00;NOTIFICATION;1;da1a1500-d532-4285-be94-b07a3e11a098;da1a150d-d532-4285-be94-b07a3e11a098;18;;
274904;1787408702189;1502;Akkuinformationen;16;92;–;47-18-FF-FF-FF-FF-47-18-FF-FF-FF-FF-FF-FF-00-00;NOTIFICATION;1;da1a1500-d532-4285-be94-b07a3e11a098;da1a1502-d532-4285-be94-b07a3e11a098;18;;
275324;1787408702609;1505;BikePerformance / Fahrleistung;18;92;–;00-00-00-00-FF-FF-00-00-FF-FF-FF-FF-FF-00-00-00-00-00;NOTIFICATION;1;da1a1500-d532-4285-be94-b07a3e11a098;da1a1505-d532-4285-be94-b07a3e11a098;18;;
275534;1787408702819;1506;Trip / Kilometer & Betriebszähler;16;92;–;00-00-1B-FE-00-02-2F-73-00-00-02-CC-00-00-00-00;NOTIFICATION;1;da1a1500-d532-4285-be94-b07a3e11a098;da1a1506-d532-4285-be94-b07a3e11a098;18;;
275944;1787408703229;1508;Settings / Licht & Fahrstufe;17;92;–;00-00-00-01-FF-FF-FF-FF-FF-FF-FF-00-00-00-00-00-00;NOTIFICATION;1;da1a1500-d532-4285-be94-b07a3e11a098;da1a1508-d532-4285-be94-b07a3e11a098;18;;
276155;1787408703440;1509;BatteryChange / Akku-Livestand;11;92;5,6;00-00-FF-FF-30-B9-F0-00-00-00-00;NOTIFICATION;1;da1a1500-d532-4285-be94-b07a3e11a098;da1a1509-d532-4285-be94-b07a3e11a098;18;;
276364;1787408703649;150A;MotorUpdate / Motor-Livestand;10;92;–;00-00-FF-FF-FF-FF-FF-FF-FF-FF;NOTIFICATION;1;da1a1500-d532-4285-be94-b07a3e11a098;da1a150a-d532-4285-be94-b07a3e11a098;18;;
276574;1787408703859;150B;Motor-/Controllerblock;20;92;–;FF-FF-FF-FF-FF-FF-FF-FF-FF-FF-FF-FF-FF-FF-FF-FF-FF-FF-FF-FF;NOTIFICATION;1;da1a1500-d532-4285-be94-b07a3e11a098;da1a150b-d532-4285-be94-b07a3e11a098;18;;
276784;1787408704069;150D;Fahrstatistik Max/Ø;20;92;–;00-EB-00-6D-FF-FF-FF-FF-47-18-FF-FF-FF-FF-FF-FF-FF-FF-00-00;NOTIFICATION;1;da1a1500-d532-4285-be94-b07a3e11a098;da1a150d-d532-4285-be94-b07a3e11a098;18;;
277825;1787408705110;1502;Akkuinformationen;16;93;–;47-18-FF-FF-FF-FF-47-18-FF-FF-FF-FF-FF-FF-00-00;NOTIFICATION;1;da1a1500-d532-4285-be94-b07a3e11a098;da1a1502-d532-4285-be94-b07a3e11a098;18;;
278244;1787408705529;1505;BikePerformance / Fahrleistung;18;93;–;00-00-00-00-FF-FF-00-00-FF-FF-FF-FF-FF-00-00-00-00-00;NOTIFICATION;1;da1a1500-d532-4285-be94-b07a3e11a098;da1a1505-d532-4285-be94-b07a3e11a098;18;;
278454;1787408705739;1506;Trip / Kilometer & Betriebszähler;16;93;–;00-00-1B-FE-00-02-2F-73-00-00-02-CC-00-00-00-00;NOTIFICATION;1;da1a1500-d532-4285-be94-b07a3e11a098;da1a1506-d532-4285-be94-b07a3e11a098;18;;
278864;1787408706149;1508;Settings / Licht & Fahrstufe;17;93;–;00-00-00-01-FF-FF-FF-FF-FF-FF-FF-00-00-00-00-00-00;NOTIFICATION;1;da1a1500-d532-4285-be94-b07a3e11a098;da1a1508-d532-4285-be94-b07a3e11a098;18;;
279075;1787408706360;1509;BatteryChange / Akku-Livestand;11;93;5,6;00-00-FF-FF-30-BA-54-00-00-00-00;NOTIFICATION;1;da1a1500-d532-4285-be94-b07a3e11a098;da1a1509-d532-4285-be94-b07a3e11a098;18;;
279284;1787408706569;150A;MotorUpdate / Motor-Livestand;10;93;–;00-00-FF-FF-FF-FF-FF-FF-FF-FF;NOTIFICATION;1;da1a1500-d532-4285-be94-b07a3e11a098;da1a150a-d532-4285-be94-b07a3e11a098;18;;
279494;1787408706779;150B;Motor-/Controllerblock;20;93;–;FF-FF-FF-FF-FF-FF-FF-FF-FF-FF-FF-FF-FF-FF-FF-FF-FF-FF-FF-FF;NOTIFICATION;1;da1a1500-d532-4285-be94-b07a3e11a098;da1a150b-d532-4285-be94-b07a3e11a098;18;;
279704;1787408706989;150D;Fahrstatistik Max/Ø;20;93;–;00-EB-00-6D-FF-FF-FF-FF-47-18-FF-FF-FF-FF-FF-FF-FF-FF-00-00;NOTIFICATION;1;da1a1500-d532-4285-be94-b07a3e11a098;da1a150d-d532-4285-be94-b07a3e11a098;18;;
280745;1787408708030;1502;Akkuinformationen;16;94;–;47-18-FF-FF-FF-FF-47-18-FF-FF-FF-FF-FF-FF-00-00;NOTIFICATION;1;da1a1500-d532-4285-be94-b07a3e11a098;da1a1502-d532-4285-be94-b07a3e11a098;18;;
281164;1787408708449;1505;BikePerformance / Fahrleistung;18;94;–;00-00-00-00-FF-FF-00-00-FF-FF-FF-FF-FF-00-00-00-00-00;NOTIFICATION;1;da1a1500-d532-4285-be94-b07a3e11a098;da1a1505-d532-4285-be94-b07a3e11a098;18;;
281375;1787408708660;1506;Trip / Kilometer & Betriebszähler;16;94;–;00-00-1B-FE-00-02-2F-73-00-00-02-CC-00-00-00-00;NOTIFICATION;1;da1a1500-d532-4285-be94-b07a3e11a098;da1a1506-d532-4285-be94-b07a3e11a098;18;;
281794;1787408709079;1508;Settings / Licht & Fahrstufe;17;94;–;00-00-00-01-FF-FF-FF-FF-FF-FF-FF-00-00-00-00-00-00;NOTIFICATION;1;da1a1500-d532-4285-be94-b07a3e11a098;da1a1508-d532-4285-be94-b07a3e11a098;18;;
281996;1787408709281;1509;BatteryChange / Akku-Livestand;11;94;–;00-00-FF-FF-30-BA-54-00-00-00-00;NOTIFICATION;1;da1a1500-d532-4285-be94-b07a3e11a098;da1a1509-d532-4285-be94-b07a3e11a098;18;;
282204;1787408709489;150A;MotorUpdate / Motor-Livestand;10;94;–;00-00-FF-FF-FF-FF-FF-FF-FF-FF;NOTIFICATION;1;da1a1500-d532-4285-be94-b07a3e11a098;da1a150a-d532-4285-be94-b07a3e11a098;18;;
282415;1787408709700;150B;Motor-/Controllerblock;20;94;–;FF-FF-FF-FF-FF-FF-FF-FF-FF-FF-FF-FF-FF-FF-FF-FF-FF-FF-FF-FF;NOTIFICATION;1;da1a1500-d532-4285-be94-b07a3e11a098;da1a150b-d532-4285-be94-b07a3e11a098;18;;
282625;1787408709910;150D;Fahrstatistik Max/Ø;20;94;–;00-EB-00-6D-FF-FF-FF-FF-47-18-FF-FF-FF-FF-FF-FF-FF-FF-00-00;NOTIFICATION;1;da1a1500-d532-4285-be94-b07a3e11a098;da1a150d-d532-4285-be94-b07a3e11a098;18;;
283664;1787408710949;1502;Akkuinformationen;16;95;–;47-18-FF-FF-FF-FF-47-18-FF-FF-FF-FF-FF-FF-00-00;NOTIFICATION;1;da1a1500-d532-4285-be94-b07a3e11a098;da1a1502-d532-4285-be94-b07a3e11a098;18;;
284085;1787408711370;1505;BikePerformance / Fahrleistung;18;95;–;00-00-00-00-FF-FF-00-00-FF-FF-FF-FF-FF-00-00-00-00-00;NOTIFICATION;1;da1a1500-d532-4285-be94-b07a3e11a098;da1a1505-d532-4285-be94-b07a3e11a098;18;;
284294;1787408711579;1506;Trip / Kilometer & Betriebszähler;16;95;–;00-00-1B-FE-00-02-2F-73-00-00-02-CC-00-00-00-00;NOTIFICATION;1;da1a1500-d532-4285-be94-b07a3e11a098;da1a1506-d532-4285-be94-b07a3e11a098;18;;
284719;1787408712004;1508;Settings / Licht & Fahrstufe;17;95;–;00-00-00-01-FF-FF-FF-FF-FF-FF-FF-00-00-00-00-00-00;NOTIFICATION;1;da1a1500-d532-4285-be94-b07a3e11a098;da1a1508-d532-4285-be94-b07a3e11a098;18;;
284918;1787408712203;1509;BatteryChange / Akku-Livestand;11;95;–;00-00-FF-FF-30-BA-54-00-00-00-00;NOTIFICATION;1;da1a1500-d532-4285-be94-b07a3e11a098;da1a1509-d532-4285-be94-b07a3e11a098;18;;
285127;1787408712412;150A;MotorUpdate / Motor-Livestand;10;95;–;00-00-FF-FF-FF-FF-FF-FF-FF-FF;NOTIFICATION;1;da1a1500-d532-4285-be94-b07a3e11a098;da1a150a-d532-4285-be94-b07a3e11a098;18;;
285339;1787408712624;150B;Motor-/Controllerblock;20;95;–;FF-FF-FF-FF-FF-FF-FF-FF-FF-FF-FF-FF-FF-FF-FF-FF-FF-FF-FF-FF;NOTIFICATION;1;da1a1500-d532-4285-be94-b07a3e11a098;da1a150b-d532-4285-be94-b07a3e11a098;18;;
285546;1787408712831;150D;Fahrstatistik Max/Ø;20;95;–;00-EB-00-6D-FF-FF-FF-FF-47-18-FF-FF-FF-FF-FF-FF-FF-FF-00-00;NOTIFICATION;1;da1a1500-d532-4285-be94-b07a3e11a098;da1a150d-d532-4285-be94-b07a3e11a098;18;;
286592;1787408713877;1502;Akkuinformationen;16;96;–;47-18-FF-FF-FF-FF-47-18-FF-FF-FF-FF-FF-FF-00-00;NOTIFICATION;1;da1a1500-d532-4285-be94-b07a3e11a098;da1a1502-d532-4285-be94-b07a3e11a098;18;;
287008;1787408714293;1505;BikePerformance / Fahrleistung;18;96;–;00-00-00-00-FF-FF-00-00-FF-FF-FF-FF-FF-00-00-00-00-00;NOTIFICATION;1;da1a1500-d532-4285-be94-b07a3e11a098;da1a1505-d532-4285-be94-b07a3e11a098;18;;
287217;1787408714502;1506;Trip / Kilometer & Betriebszähler;16;96;–;00-00-1B-FE-00-02-2F-73-00-00-02-CC-00-00-00-00;NOTIFICATION;1;da1a1500-d532-4285-be94-b07a3e11a098;da1a1506-d532-4285-be94-b07a3e11a098;18;;
287640;1787408714925;1508;Settings / Licht & Fahrstufe;17;96;–;00-00-00-01-FF-FF-FF-FF-FF-FF-FF-00-00-00-00-00-00;NOTIFICATION;1;da1a1500-d532-4285-be94-b07a3e11a098;da1a1508-d532-4285-be94-b07a3e11a098;18;;
287847;1787408715132;1509;BatteryChange / Akku-Livestand;11;96;–;00-00-FF-FF-30-BA-54-00-00-00-00;NOTIFICATION;1;da1a1500-d532-4285-be94-b07a3e11a098;da1a1509-d532-4285-be94-b07a3e11a098;18;;
