relative_ms;timestamp_ms;channel;meaning;length;packet_no;changed_bytes;hex;origin;connection_epoch;service_uuid;characteristic_uuid;properties_raw;payload_sha256;public_redaction
8603;1787501241784;1502;Akkuinformationen;16;1;0,1,2,3,4,5,6,7,8,9,10,11,12,13,14,15;47-18-FF-FF-FF-FF-47-18-FF-FF-FF-FF-FF-FF-00-00;NOTIFICATION;1;da1a1500-d532-4285-be94-b07a3e11a098;da1a1502-d532-4285-be94-b07a3e11a098;18;;
9234;1787501242415;1505;BikePerformance / Fahrleistung;18;1;0,1,2,3,4,5,6,7,8,9,10,11,12,13,14,15,16,17;00-00-00-00-FF-FF-00-00-FF-FF-FF-FF-FF-00-00-00-00-00;NOTIFICATION;1;da1a1500-d532-4285-be94-b07a3e11a098;da1a1505-d532-4285-be94-b07a3e11a098;18;;
9442;1787501242623;1506;Trip / Kilometer & Betriebszähler;16;1;0,1,2,3,4,5,6,7,8,9,10,11,12,13,14,15;00-00-1C-4B-00-02-35-21-00-00-02-D4-00-00-00-00;NOTIFICATION;1;da1a1500-d532-4285-be94-b07a3e11a098;da1a1506-d532-4285-be94-b07a3e11a098;18;;
9865;1787501243046;1508;Settings / Licht & Fahrstufe;17;1;0,1,2,3,4,5,6,7,8,9,10,11,12,13,14,15,16;00-00-00-01-FF-FF-FF-FF-FF-FF-FF-00-00-00-00-00-00;NOTIFICATION;1;da1a1500-d532-4285-be94-b07a3e11a098;da1a1508-d532-4285-be94-b07a3e11a098;18;;
10062;1787501243243;1509;BatteryChange / Akku-Livestand;11;1;0,1,2,3,4,5,6,7,8,9,10;00-00-FF-FF-20-B4-DC-00-00-00-00;NOTIFICATION;1;da1a1500-d532-4285-be94-b07a3e11a098;da1a1509-d532-4285-be94-b07a3e11a098;18;;
10271;1787501243452;150A;MotorUpdate / Motor-Livestand;10;1;0,1,2,3,4,5,6,7,8,9;00-00-FF-FF-FF-FF-FF-FF-FF-FF;NOTIFICATION;1;da1a1500-d532-4285-be94-b07a3e11a098;da1a150a-d532-4285-be94-b07a3e11a098;18;;
10483;1787501243664;150B;Motor-/Controllerblock;20;1;0,1,2,3,4,5,6,7,8,9,10,11,12,13,14,15,16,17,18,19;FF-FF-FF-FF-FF-FF-FF-FF-FF-FF-FF-FF-FF-FF-FF-FF-FF-FF-FF-FF;NOTIFICATION;1;da1a1500-d532-4285-be94-b07a3e11a098;da1a150b-d532-4285-be94-b07a3e11a098;18;;
10693;1787501243874;150D;Fahrstatistik Max/Ø;20;1;0,1,2,3,4,5,6,7,8,9,10,11,12,13,14,15,16,17,18,19;00-00-00-00-FF-FF-FF-FF-47-18-FF-FF-FF-FF-FF-FF-FF-FF-00-00;NOTIFICATION;1;da1a1500-d532-4285-be94-b07a3e11a098;da1a150d-d532-4285-be94-b07a3e11a098;18;;
11733;1787501244914;1502;Akkuinformationen;16;2;–;47-18-FF-FF-FF-FF-47-18-FF-FF-FF-FF-FF-FF-00-00;NOTIFICATION;1;da1a1500-d532-4285-be94-b07a3e11a098;da1a1502-d532-4285-be94-b07a3e11a098;18;;
12154;1787501245335;1505;BikePerformance / Fahrleistung;18;2;–;00-00-00-00-FF-FF-00-00-FF-FF-FF-FF-FF-00-00-00-00-00;NOTIFICATION;1;da1a1500-d532-4285-be94-b07a3e11a098;da1a1505-d532-4285-be94-b07a3e11a098;18;;
12362;1787501245543;1506;Trip / Kilometer & Betriebszähler;16;2;–;00-00-1C-4B-00-02-35-21-00-00-02-D4-00-00-00-00;NOTIFICATION;1;da1a1500-d532-4285-be94-b07a3e11a098;da1a1506-d532-4285-be94-b07a3e11a098;18;;
12781;1787501245962;1508;Settings / Licht & Fahrstufe;17;2;–;00-00-00-01-FF-FF-FF-FF-FF-FF-FF-00-00-00-00-00-00;NOTIFICATION;1;da1a1500-d532-4285-be94-b07a3e11a098;da1a1508-d532-4285-be94-b07a3e11a098;18;;
12984;1787501246165;1509;BatteryChange / Akku-Livestand;11;2;–;00-00-FF-FF-20-B4-DC-00-00-00-00;NOTIFICATION;1;da1a1500-d532-4285-be94-b07a3e11a098;da1a1509-d532-4285-be94-b07a3e11a098;18;;
13194;1787501246375;150A;MotorUpdate / Motor-Livestand;10;2;–;00-00-FF-FF-FF-FF-FF-FF-FF-FF;NOTIFICATION;1;da1a1500-d532-4285-be94-b07a3e11a098;da1a150a-d532-4285-be94-b07a3e11a098;18;;
13403;1787501246584;150B;Motor-/Controllerblock;20;2;–;FF-FF-FF-FF-FF-FF-FF-FF-FF-FF-FF-FF-FF-FF-FF-FF-FF-FF-FF-FF;NOTIFICATION;1;da1a1500-d532-4285-be94-b07a3e11a098;da1a150b-d532-4285-be94-b07a3e11a098;18;;
13611;1787501246792;150D;Fahrstatistik Max/Ø;20;2;–;00-00-00-00-FF-FF-FF-FF-47-18-FF-FF-FF-FF-FF-FF-FF-FF-00-00;NOTIFICATION;1;da1a1500-d532-4285-be94-b07a3e11a098;da1a150d-d532-4285-be94-b07a3e11a098;18;;
14651;1787501247832;1502;Akkuinformationen;16;3;–;47-18-FF-FF-FF-FF-47-18-FF-FF-FF-FF-FF-FF-00-00;NOTIFICATION;1;da1a1500-d532-4285-be94-b07a3e11a098;da1a1502-d532-4285-be94-b07a3e11a098;18;;
15072;1787501248253;1505;BikePerformance / Fahrleistung;18;3;–;00-00-00-00-FF-FF-00-00-FF-FF-FF-FF-FF-00-00-00-00-00;NOTIFICATION;1;da1a1500-d532-4285-be94-b07a3e11a098;da1a1505-d532-4285-be94-b07a3e11a098;18;;
15282;1787501248463;1506;Trip / Kilometer & Betriebszähler;16;3;–;00-00-1C-4B-00-02-35-21-00-00-02-D4-00-00-00-00;NOTIFICATION;1;da1a1500-d532-4285-be94-b07a3e11a098;da1a1506-d532-4285-be94-b07a3e11a098;18;;
15692;1787501248873;1508;Settings / Licht & Fahrstufe;17;3;0;01-00-00-01-FF-FF-FF-FF-FF-FF-FF-00-00-00-00-00-00;NOTIFICATION;1;da1a1500-d532-4285-be94-b07a3e11a098;da1a1508-d532-4285-be94-b07a3e11a098;18;;
15903;1787501249084;1509;BatteryChange / Akku-Livestand;11;3;–;00-00-FF-FF-20-B4-DC-00-00-00-00;NOTIFICATION;1;da1a1500-d532-4285-be94-b07a3e11a098;da1a1509-d532-4285-be94-b07a3e11a098;18;;
16117;1787501249298;150A;MotorUpdate / Motor-Livestand;10;3;–;00-00-FF-FF-FF-FF-FF-FF-FF-FF;NOTIFICATION;1;da1a1500-d532-4285-be94-b07a3e11a098;da1a150a-d532-4285-be94-b07a3e11a098;18;;
16324;1787501249505;150B;Motor-/Controllerblock;20;3;–;FF-FF-FF-FF-FF-FF-FF-FF-FF-FF-FF-FF-FF-FF-FF-FF-FF-FF-FF-FF;NOTIFICATION;1;da1a1500-d532-4285-be94-b07a3e11a098;da1a150b-d532-4285-be94-b07a3e11a098;18;;
16533;1787501249714;150D;Fahrstatistik Max/Ø;20;3;–;00-00-00-00-FF-FF-FF-FF-47-18-FF-FF-FF-FF-FF-FF-FF-FF-00-00;NOTIFICATION;1;da1a1500-d532-4285-be94-b07a3e11a098;da1a150d-d532-4285-be94-b07a3e11a098;18;;
17575;1787501250756;1502;Akkuinformationen;16;4;–;47-18-FF-FF-FF-FF-47-18-FF-FF-FF-FF-FF-FF-00-00;NOTIFICATION;1;da1a1500-d532-4285-be94-b07a3e11a098;da1a1502-d532-4285-be94-b07a3e11a098;18;;
17991;1787501251172;1505;BikePerformance / Fahrleistung;18;4;–;00-00-00-00-FF-FF-00-00-FF-FF-FF-FF-FF-00-00-00-00-00;NOTIFICATION;1;da1a1500-d532-4285-be94-b07a3e11a098;da1a1505-d532-4285-be94-b07a3e11a098;18;;
18203;1787501251384;1506;Trip / Kilometer & Betriebszähler;16;4;–;00-00-1C-4B-00-02-35-21-00-00-02-D4-00-00-00-00;NOTIFICATION;1;da1a1500-d532-4285-be94-b07a3e11a098;da1a1506-d532-4285-be94-b07a3e11a098;18;;
18613;1787501251794;1508;Settings / Licht & Fahrstufe;17;4;–;01-00-00-01-FF-FF-FF-FF-FF-FF-FF-00-00-00-00-00-00;NOTIFICATION;1;da1a1500-d532-4285-be94-b07a3e11a098;da1a1508-d532-4285-be94-b07a3e11a098;18;;
18826;1787501252007;1509;BatteryChange / Akku-Livestand;11;4;–;00-00-FF-FF-20-B4-DC-00-00-00-00;NOTIFICATION;1;da1a1500-d532-4285-be94-b07a3e11a098;da1a1509-d532-4285-be94-b07a3e11a098;18;;
19035;1787501252216;150A;MotorUpdate / Motor-Livestand;10;4;–;00-00-FF-FF-FF-FF-FF-FF-FF-FF;NOTIFICATION;1;da1a1500-d532-4285-be94-b07a3e11a098;da1a150a-d532-4285-be94-b07a3e11a098;18;;
19244;1787501252425;150B;Motor-/Controllerblock;20;4;–;FF-FF-FF-FF-FF-FF-FF-FF-FF-FF-FF-FF-FF-FF-FF-FF-FF-FF-FF-FF;NOTIFICATION;1;da1a1500-d532-4285-be94-b07a3e11a098;da1a150b-d532-4285-be94-b07a3e11a098;18;;
19452;1787501252633;150D;Fahrstatistik Max/Ø;20;4;–;00-00-00-00-FF-FF-FF-FF-47-18-FF-FF-FF-FF-FF-FF-FF-FF-00-00;NOTIFICATION;1;da1a1500-d532-4285-be94-b07a3e11a098;da1a150d-d532-4285-be94-b07a3e11a098;18;;
20492;1787501253673;1502;Akkuinformationen;16;5;–;47-18-FF-FF-FF-FF-47-18-FF-FF-FF-FF-FF-FF-00-00;NOTIFICATION;1;da1a1500-d532-4285-be94-b07a3e11a098;da1a1502-d532-4285-be94-b07a3e11a098;18;;
20914;1787501254095;1505;BikePerformance / Fahrleistung;18;5;–;00-00-00-00-FF-FF-00-00-FF-FF-FF-FF-FF-00-00-00-00-00;NOTIFICATION;1;da1a1500-d532-4285-be94-b07a3e11a098;da1a1505-d532-4285-be94-b07a3e11a098;18;;
21111;1787501254292;1506;Trip / Kilometer & Betriebszähler;16;5;–;00-00-1C-4B-00-02-35-21-00-00-02-D4-00-00-00-00;NOTIFICATION;1;da1a1500-d532-4285-be94-b07a3e11a098;da1a1506-d532-4285-be94-b07a3e11a098;18;;
21534;1787501254715;1508;Settings / Licht & Fahrstufe;17;5;–;01-00-00-01-FF-FF-FF-FF-FF-FF-FF-00-00-00-00-00-00;NOTIFICATION;1;da1a1500-d532-4285-be94-b07a3e11a098;da1a1508-d532-4285-be94-b07a3e11a098;18;;
21745;1787501254926;1509;BatteryChange / Akku-Livestand;11;5;–;00-00-FF-FF-20-B4-DC-00-00-00-00;NOTIFICATION;1;da1a1500-d532-4285-be94-b07a3e11a098;da1a1509-d532-4285-be94-b07a3e11a098;18;;
21953;1787501255134;150A;MotorUpdate / Motor-Livestand;10;5;–;00-00-FF-FF-FF-FF-FF-FF-FF-FF;NOTIFICATION;1;da1a1500-d532-4285-be94-b07a3e11a098;da1a150a-d532-4285-be94-b07a3e11a098;18;;
22163;1787501255344;150B;Motor-/Controllerblock;20;5;–;FF-FF-FF-FF-FF-FF-FF-FF-FF-FF-FF-FF-FF-FF-FF-FF-FF-FF-FF-FF;NOTIFICATION;1;da1a1500-d532-4285-be94-b07a3e11a098;da1a150b-d532-4285-be94-b07a3e11a098;18;;
22373;1787501255554;150D;Fahrstatistik Max/Ø;20;5;–;00-00-00-00-FF-FF-FF-FF-47-18-FF-FF-FF-FF-FF-FF-FF-FF-00-00;NOTIFICATION;1;da1a1500-d532-4285-be94-b07a3e11a098;da1a150d-d532-4285-be94-b07a3e11a098;18;;
23414;1787501256595;1502;Akkuinformationen;16;6;–;47-18-FF-FF-FF-FF-47-18-FF-FF-FF-FF-FF-FF-00-00;NOTIFICATION;1;da1a1500-d532-4285-be94-b07a3e11a098;da1a1502-d532-4285-be94-b07a3e11a098;18;;
23838;1787501257019;1505;BikePerformance / Fahrleistung;18;6;–;00-00-00-00-FF-FF-00-00-FF-FF-FF-FF-FF-00-00-00-00-00;NOTIFICATION;1;da1a1500-d532-4285-be94-b07a3e11a098;da1a1505-d532-4285-be94-b07a3e11a098;18;;
24032;1787501257213;1506;Trip / Kilometer & Betriebszähler;16;6;–;00-00-1C-4B-00-02-35-21-00-00-02-D4-00-00-00-00;NOTIFICATION;1;da1a1500-d532-4285-be94-b07a3e11a098;da1a1506-d532-4285-be94-b07a3e11a098;18;;
24455;1787501257636;1508;Settings / Licht & Fahrstufe;17;6;–;01-00-00-01-FF-FF-FF-FF-FF-FF-FF-00-00-00-00-00-00;NOTIFICATION;1;da1a1500-d532-4285-be94-b07a3e11a098;da1a1508-d532-4285-be94-b07a3e11a098;18;;
24662;1787501257843;1509;BatteryChange / Akku-Livestand;11;6;–;00-00-FF-FF-20-B4-DC-00-00-00-00;NOTIFICATION;1;da1a1500-d532-4285-be94-b07a3e11a098;da1a1509-d532-4285-be94-b07a3e11a098;18;;
24872;1787501258053;150A;MotorUpdate / Motor-Livestand;10;6;–;00-00-FF-FF-FF-FF-FF-FF-FF-FF;NOTIFICATION;1;da1a1500-d532-4285-be94-b07a3e11a098;da1a150a-d532-4285-be94-b07a3e11a098;18;;
25083;1787501258264;150B;Motor-/Controllerblock;20;6;–;FF-FF-FF-FF-FF-FF-FF-FF-FF-FF-FF-FF-FF-FF-FF-FF-FF-FF-FF-FF;NOTIFICATION;1;da1a1500-d532-4285-be94-b07a3e11a098;da1a150b-d532-4285-be94-b07a3e11a098;18;;
25292;1787501258473;150D;Fahrstatistik Max/Ø;20;6;–;00-00-00-00-FF-FF-FF-FF-47-18-FF-FF-FF-FF-FF-FF-FF-FF-00-00;NOTIFICATION;1;da1a1500-d532-4285-be94-b07a3e11a098;da1a150d-d532-4285-be94-b07a3e11a098;18;;
26333;1787501259514;1502;Akkuinformationen;16;7;–;47-18-FF-FF-FF-FF-47-18-FF-FF-FF-FF-FF-FF-00-00;NOTIFICATION;1;da1a1500-d532-4285-be94-b07a3e11a098;da1a1502-d532-4285-be94-b07a3e11a098;18;;
26744;1787501259925;1505;BikePerformance / Fahrleistung;18;7;–;00-00-00-00-FF-FF-00-00-FF-FF-FF-FF-FF-00-00-00-00-00;NOTIFICATION;1;da1a1500-d532-4285-be94-b07a3e11a098;da1a1505-d532-4285-be94-b07a3e11a098;18;;
26952;1787501260133;1506;Trip / Kilometer & Betriebszähler;16;7;–;00-00-1C-4B-00-02-35-21-00-00-02-D4-00-00-00-00;NOTIFICATION;1;da1a1500-d532-4285-be94-b07a3e11a098;da1a1506-d532-4285-be94-b07a3e11a098;18;;
27375;1787501260556;1508;Settings / Licht & Fahrstufe;17;7;0;00-00-00-01-FF-FF-FF-FF-FF-FF-FF-00-00-00-00-00-00;NOTIFICATION;1;da1a1500-d532-4285-be94-b07a3e11a098;da1a1508-d532-4285-be94-b07a3e11a098;18;;
27582;1787501260763;1509;BatteryChange / Akku-Livestand;11;7;–;00-00-FF-FF-20-B4-DC-00-00-00-00;NOTIFICATION;1;da1a1500-d532-4285-be94-b07a3e11a098;da1a1509-d532-4285-be94-b07a3e11a098;18;;
27794;1787501260975;150A;MotorUpdate / Motor-Livestand;10;7;–;00-00-FF-FF-FF-FF-FF-FF-FF-FF;NOTIFICATION;1;da1a1500-d532-4285-be94-b07a3e11a098;da1a150a-d532-4285-be94-b07a3e11a098;18;;
28002;1787501261183;150B;Motor-/Controllerblock;20;7;–;FF-FF-FF-FF-FF-FF-FF-FF-FF-FF-FF-FF-FF-FF-FF-FF-FF-FF-FF-FF;NOTIFICATION;1;da1a1500-d532-4285-be94-b07a3e11a098;da1a150b-d532-4285-be94-b07a3e11a098;18;;
28204;1787501261385;150D;Fahrstatistik Max/Ø;20;7;–;00-00-00-00-FF-FF-FF-FF-47-18-FF-FF-FF-FF-FF-FF-FF-FF-00-00;NOTIFICATION;1;da1a1500-d532-4285-be94-b07a3e11a098;da1a150d-d532-4285-be94-b07a3e11a098;18;;
29254;1787501262435;1502;Akkuinformationen;16;8;–;47-18-FF-FF-FF-FF-47-18-FF-FF-FF-FF-FF-FF-00-00;NOTIFICATION;1;da1a1500-d532-4285-be94-b07a3e11a098;da1a1502-d532-4285-be94-b07a3e11a098;18;;
29662;1787501262843;1505;BikePerformance / Fahrleistung;18;8;–;00-00-00-00-FF-FF-00-00-FF-FF-FF-FF-FF-00-00-00-00-00;NOTIFICATION;1;da1a1500-d532-4285-be94-b07a3e11a098;da1a1505-d532-4285-be94-b07a3e11a098;18;;
29874;1787501263055;1506;Trip / Kilometer & Betriebszähler;16;8;–;00-00-1C-4B-00-02-35-21-00-00-02-D4-00-00-00-00;NOTIFICATION;1;da1a1500-d532-4285-be94-b07a3e11a098;da1a1506-d532-4285-be94-b07a3e11a098;18;;
30294;1787501263475;1508;Settings / Licht & Fahrstufe;17;8;–;00-00-00-01-FF-FF-FF-FF-FF-FF-FF-00-00-00-00-00-00;NOTIFICATION;1;da1a1500-d532-4285-be94-b07a3e11a098;da1a1508-d532-4285-be94-b07a3e11a098;18;;
30503;1787501263684;1509;BatteryChange / Akku-Livestand;11;8;–;00-00-FF-FF-20-B4-DC-00-00-00-00;NOTIFICATION;1;da1a1500-d532-4285-be94-b07a3e11a098;da1a1509-d532-4285-be94-b07a3e11a098;18;;
30713;1787501263894;150A;MotorUpdate / Motor-Livestand;10;8;–;00-00-FF-FF-FF-FF-FF-FF-FF-FF;NOTIFICATION;1;da1a1500-d532-4285-be94-b07a3e11a098;da1a150a-d532-4285-be94-b07a3e11a098;18;;
30923;1787501264104;150B;Motor-/Controllerblock;20;8;–;FF-FF-FF-FF-FF-FF-FF-FF-FF-FF-FF-FF-FF-FF-FF-FF-FF-FF-FF-FF;NOTIFICATION;1;da1a1500-d532-4285-be94-b07a3e11a098;da1a150b-d532-4285-be94-b07a3e11a098;18;;
31122;1787501264303;150D;Fahrstatistik Max/Ø;20;8;–;00-00-00-00-FF-FF-FF-FF-47-18-FF-FF-FF-FF-FF-FF-FF-FF-00-00;NOTIFICATION;1;da1a1500-d532-4285-be94-b07a3e11a098;da1a150d-d532-4285-be94-b07a3e11a098;18;;
32172;1787501265353;1502;Akkuinformationen;16;9;–;47-18-FF-FF-FF-FF-47-18-FF-FF-FF-FF-FF-FF-00-00;NOTIFICATION;1;da1a1500-d532-4285-be94-b07a3e11a098;da1a1502-d532-4285-be94-b07a3e11a098;18;;
32584;1787501265765;1505;BikePerformance / Fahrleistung;18;9;–;00-00-00-00-FF-FF-00-00-FF-FF-FF-FF-FF-00-00-00-00-00;NOTIFICATION;1;da1a1500-d532-4285-be94-b07a3e11a098;da1a1505-d532-4285-be94-b07a3e11a098;18;;
32793;1787501265974;1506;Trip / Kilometer & Betriebszähler;16;9;–;00-00-1C-4B-00-02-35-21-00-00-02-D4-00-00-00-00;NOTIFICATION;1;da1a1500-d532-4285-be94-b07a3e11a098;da1a1506-d532-4285-be94-b07a3e11a098;18;;
33213;1787501266394;1508;Settings / Licht & Fahrstufe;17;9;3;00-00-00-02-FF-FF-FF-FF-FF-FF-FF-00-00-00-00-00-00;NOTIFICATION;1;da1a1500-d532-4285-be94-b07a3e11a098;da1a1508-d532-4285-be94-b07a3e11a098;18;;
33427;1787501266608;1509;BatteryChange / Akku-Livestand;11;9;–;00-00-FF-FF-20-B4-DC-00-00-00-00;NOTIFICATION;1;da1a1500-d532-4285-be94-b07a3e11a098;da1a1509-d532-4285-be94-b07a3e11a098;18;;
33634;1787501266815;150A;MotorUpdate / Motor-Livestand;10;9;–;00-00-FF-FF-FF-FF-FF-FF-FF-FF;NOTIFICATION;1;da1a1500-d532-4285-be94-b07a3e11a098;da1a150a-d532-4285-be94-b07a3e11a098;18;;
33833;1787501267014;150B;Motor-/Controllerblock;20;9;–;FF-FF-FF-FF-FF-FF-FF-FF-FF-FF-FF-FF-FF-FF-FF-FF-FF-FF-FF-FF;NOTIFICATION;1;da1a1500-d532-4285-be94-b07a3e11a098;da1a150b-d532-4285-be94-b07a3e11a098;18;;
34042;1787501267223;150D;Fahrstatistik Max/Ø;20;9;–;00-00-00-00-FF-FF-FF-FF-47-18-FF-FF-FF-FF-FF-FF-FF-FF-00-00;NOTIFICATION;1;da1a1500-d532-4285-be94-b07a3e11a098;da1a150d-d532-4285-be94-b07a3e11a098;18;;
35092;1787501268273;1502;Akkuinformationen;16;10;–;47-18-FF-FF-FF-FF-47-18-FF-FF-FF-FF-FF-FF-00-00;NOTIFICATION;1;da1a1500-d532-4285-be94-b07a3e11a098;da1a1502-d532-4285-be94-b07a3e11a098;18;;
35503;1787501268684;1505;BikePerformance / Fahrleistung;18;10;–;00-00-00-00-FF-FF-00-00-FF-FF-FF-FF-FF-00-00-00-00-00;NOTIFICATION;1;da1a1500-d532-4285-be94-b07a3e11a098;da1a1505-d532-4285-be94-b07a3e11a098;18;;
35713;1787501268894;1506;Trip / Kilometer & Betriebszähler;16;10;–;00-00-1C-4B-00-02-35-21-00-00-02-D4-00-00-00-00;NOTIFICATION;1;da1a1500-d532-4285-be94-b07a3e11a098;da1a1506-d532-4285-be94-b07a3e11a098;18;;
36134;1787501269315;1508;Settings / Licht & Fahrstufe;17;10;–;00-00-00-02-FF-FF-FF-FF-FF-FF-FF-00-00-00-00-00-00;NOTIFICATION;1;da1a1500-d532-4285-be94-b07a3e11a098;da1a1508-d532-4285-be94-b07a3e11a098;18;;
36345;1787501269526;1509;BatteryChange / Akku-Livestand;11;10;–;00-00-FF-FF-20-B4-DC-00-00-00-00;NOTIFICATION;1;da1a1500-d532-4285-be94-b07a3e11a098;da1a1509-d532-4285-be94-b07a3e11a098;18;;
36542;1787501269723;150A;MotorUpdate / Motor-Livestand;10;10;–;00-00-FF-FF-FF-FF-FF-FF-FF-FF;NOTIFICATION;1;da1a1500-d532-4285-be94-b07a3e11a098;da1a150a-d532-4285-be94-b07a3e11a098;18;;
36751;1787501269932;150B;Motor-/Controllerblock;20;10;–;FF-FF-FF-FF-FF-FF-FF-FF-FF-FF-FF-FF-FF-FF-FF-FF-FF-FF-FF-FF;NOTIFICATION;1;da1a1500-d532-4285-be94-b07a3e11a098;da1a150b-d532-4285-be94-b07a3e11a098;18;;
36962;1787501270143;150D;Fahrstatistik Max/Ø;20;10;–;00-00-00-00-FF-FF-FF-FF-47-18-FF-FF-FF-FF-FF-FF-FF-FF-00-00;NOTIFICATION;1;da1a1500-d532-4285-be94-b07a3e11a098;da1a150d-d532-4285-be94-b07a3e11a098;18;;
38004;1787501271185;1502;Akkuinformationen;16;11;–;47-18-FF-FF-FF-FF-47-18-FF-FF-FF-FF-FF-FF-00-00;NOTIFICATION;1;da1a1500-d532-4285-be94-b07a3e11a098;da1a1502-d532-4285-be94-b07a3e11a098;18;;
38422;1787501271603;1505;BikePerformance / Fahrleistung;18;11;–;00-00-00-00-FF-FF-00-00-FF-FF-FF-FF-FF-00-00-00-00-00;NOTIFICATION;1;da1a1500-d532-4285-be94-b07a3e11a098;da1a1505-d532-4285-be94-b07a3e11a098;18;;
38632;1787501271813;1506;Trip / Kilometer & Betriebszähler;16;11;–;00-00-1C-4B-00-02-35-21-00-00-02-D4-00-00-00-00;NOTIFICATION;1;da1a1500-d532-4285-be94-b07a3e11a098;da1a1506-d532-4285-be94-b07a3e11a098;18;;
39052;1787501272233;1508;Settings / Licht & Fahrstufe;17;11;–;00-00-00-02-FF-FF-FF-FF-FF-FF-FF-00-00-00-00-00-00;NOTIFICATION;1;da1a1500-d532-4285-be94-b07a3e11a098;da1a1508-d532-4285-be94-b07a3e11a098;18;;
39262;1787501272443;1509;BatteryChange / Akku-Livestand;11;11;–;00-00-FF-FF-20-B4-DC-00-00-00-00;NOTIFICATION;1;da1a1500-d532-4285-be94-b07a3e11a098;da1a1509-d532-4285-be94-b07a3e11a098;18;;
39462;1787501272643;150A;MotorUpdate / Motor-Livestand;10;11;–;00-00-FF-FF-FF-FF-FF-FF-FF-FF;NOTIFICATION;1;da1a1500-d532-4285-be94-b07a3e11a098;da1a150a-d532-4285-be94-b07a3e11a098;18;;
39673;1787501272854;150B;Motor-/Controllerblock;20;11;–;FF-FF-FF-FF-FF-FF-FF-FF-FF-FF-FF-FF-FF-FF-FF-FF-FF-FF-FF-FF;NOTIFICATION;1;da1a1500-d532-4285-be94-b07a3e11a098;da1a150b-d532-4285-be94-b07a3e11a098;18;;
39882;1787501273063;150D;Fahrstatistik Max/Ø;20;11;–;00-00-00-00-FF-FF-FF-FF-47-18-FF-FF-FF-FF-FF-FF-FF-FF-00-00;NOTIFICATION;1;da1a1500-d532-4285-be94-b07a3e11a098;da1a150d-d532-4285-be94-b07a3e11a098;18;;
40922;1787501274103;1502;Akkuinformationen;16;12;–;47-18-FF-FF-FF-FF-47-18-FF-FF-FF-FF-FF-FF-00-00;NOTIFICATION;1;da1a1500-d532-4285-be94-b07a3e11a098;da1a1502-d532-4285-be94-b07a3e11a098;18;;
41343;1787501274524;1505;BikePerformance / Fahrleistung;18;12;–;00-00-00-00-FF-FF-00-00-FF-FF-FF-FF-FF-00-00-00-00-00;NOTIFICATION;1;da1a1500-d532-4285-be94-b07a3e11a098;da1a1505-d532-4285-be94-b07a3e11a098;18;;
41551;1787501274732;1506;Trip / Kilometer & Betriebszähler;16;12;–;00-00-1C-4B-00-02-35-21-00-00-02-D4-00-00-00-00;NOTIFICATION;1;da1a1500-d532-4285-be94-b07a3e11a098;da1a1506-d532-4285-be94-b07a3e11a098;18;;
41973;1787501275154;1508;Settings / Licht & Fahrstufe;17;12;–;00-00-00-02-FF-FF-FF-FF-FF-FF-FF-00-00-00-00-00-00;NOTIFICATION;1;da1a1500-d532-4285-be94-b07a3e11a098;da1a1508-d532-4285-be94-b07a3e11a098;18;;
42172;1787501275353;1509;BatteryChange / Akku-Livestand;11;12;–;00-00-FF-FF-20-B4-DC-00-00-00-00;NOTIFICATION;1;da1a1500-d532-4285-be94-b07a3e11a098;da1a1509-d532-4285-be94-b07a3e11a098;18;;
42382;1787501275563;150A;MotorUpdate / Motor-Livestand;10;12;–;00-00-FF-FF-FF-FF-FF-FF-FF-FF;NOTIFICATION;1;da1a1500-d532-4285-be94-b07a3e11a098;da1a150a-d532-4285-be94-b07a3e11a098;18;;
42591;1787501275772;150B;Motor-/Controllerblock;20;12;–;FF-FF-FF-FF-FF-FF-FF-FF-FF-FF-FF-FF-FF-FF-FF-FF-FF-FF-FF-FF;NOTIFICATION;1;da1a1500-d532-4285-be94-b07a3e11a098;da1a150b-d532-4285-be94-b07a3e11a098;18;;
42802;1787501275983;150D;Fahrstatistik Max/Ø;20;12;–;00-00-00-00-FF-FF-FF-FF-47-18-FF-FF-FF-FF-FF-FF-FF-FF-00-00;NOTIFICATION;1;da1a1500-d532-4285-be94-b07a3e11a098;da1a150d-d532-4285-be94-b07a3e11a098;18;;
43844;1787501277025;1502;Akkuinformationen;16;13;–;47-18-FF-FF-FF-FF-47-18-FF-FF-FF-FF-FF-FF-00-00;NOTIFICATION;1;da1a1500-d532-4285-be94-b07a3e11a098;da1a1502-d532-4285-be94-b07a3e11a098;18;;
44260;1787501277441;1505;BikePerformance / Fahrleistung;18;13;–;00-00-00-00-FF-FF-00-00-FF-FF-FF-FF-FF-00-00-00-00-00;NOTIFICATION;1;da1a1500-d532-4285-be94-b07a3e11a098;da1a1505-d532-4285-be94-b07a3e11a098;18;;
44480;1787501277661;1506;Trip / Kilometer & Betriebszähler;16;13;–;00-00-1C-4B-00-02-35-21-00-00-02-D4-00-00-00-00;NOTIFICATION;1;da1a1500-d532-4285-be94-b07a3e11a098;da1a1506-d532-4285-be94-b07a3e11a098;18;;
45093;1787501278274;1508;Settings / Licht & Fahrstufe;17;13;–;00-00-00-02-FF-FF-FF-FF-FF-FF-FF-00-00-00-00-00-00;NOTIFICATION;1;da1a1500-d532-4285-be94-b07a3e11a098;da1a1508-d532-4285-be94-b07a3e11a098;18;;
45303;1787501278484;1509;BatteryChange / Akku-Livestand;11;13;–;00-00-FF-FF-20-B4-DC-00-00-00-00;NOTIFICATION;1;da1a1500-d532-4285-be94-b07a3e11a098;da1a1509-d532-4285-be94-b07a3e11a098;18;;
45513;1787501278694;150A;MotorUpdate / Motor-Livestand;10;13;–;00-00-FF-FF-FF-FF-FF-FF-FF-FF;NOTIFICATION;1;da1a1500-d532-4285-be94-b07a3e11a098;da1a150a-d532-4285-be94-b07a3e11a098;18;;
45722;1787501278903;150B;Motor-/Controllerblock;20;13;–;FF-FF-FF-FF-FF-FF-FF-FF-FF-FF-FF-FF-FF-FF-FF-FF-FF-FF-FF-FF;NOTIFICATION;1;da1a1500-d532-4285-be94-b07a3e11a098;da1a150b-d532-4285-be94-b07a3e11a098;18;;
45931;1787501279112;150D;Fahrstatistik Max/Ø;20;13;–;00-00-00-00-FF-FF-FF-FF-47-18-FF-FF-FF-FF-FF-FF-FF-FF-00-00;NOTIFICATION;1;da1a1500-d532-4285-be94-b07a3e11a098;da1a150d-d532-4285-be94-b07a3e11a098;18;;
46973;1787501280154;1502;Akkuinformationen;16;14;–;47-18-FF-FF-FF-FF-47-18-FF-FF-FF-FF-FF-FF-00-00;NOTIFICATION;1;da1a1500-d532-4285-be94-b07a3e11a098;da1a1502-d532-4285-be94-b07a3e11a098;18;;
47393;1787501280574;1505;BikePerformance / Fahrleistung;18;14;–;00-00-00-00-FF-FF-00-00-FF-FF-FF-FF-FF-00-00-00-00-00;NOTIFICATION;1;da1a1500-d532-4285-be94-b07a3e11a098;da1a1505-d532-4285-be94-b07a3e11a098;18;;
47603;1787501280784;1506;Trip / Kilometer & Betriebszähler;16;14;–;00-00-1C-4B-00-02-35-21-00-00-02-D4-00-00-00-00;NOTIFICATION;1;da1a1500-d532-4285-be94-b07a3e11a098;da1a1506-d532-4285-be94-b07a3e11a098;18;;
48012;1787501281193;1508;Settings / Licht & Fahrstufe;17;14;–;00-00-00-02-FF-FF-FF-FF-FF-FF-FF-00-00-00-00-00-00;NOTIFICATION;1;da1a1500-d532-4285-be94-b07a3e11a098;da1a1508-d532-4285-be94-b07a3e11a098;18;;
48222;1787501281403;1509;BatteryChange / Akku-Livestand;11;14;–;00-00-FF-FF-20-B4-DC-00-00-00-00;NOTIFICATION;1;da1a1500-d532-4285-be94-b07a3e11a098;da1a1509-d532-4285-be94-b07a3e11a098;18;;
48432;1787501281613;150A;MotorUpdate / Motor-Livestand;10;14;–;00-00-FF-FF-FF-FF-FF-FF-FF-FF;NOTIFICATION;1;da1a1500-d532-4285-be94-b07a3e11a098;da1a150a-d532-4285-be94-b07a3e11a098;18;;
48641;1787501281822;150B;Motor-/Controllerblock;20;14;–;FF-FF-FF-FF-FF-FF-FF-FF-FF-FF-FF-FF-FF-FF-FF-FF-FF-FF-FF-FF;NOTIFICATION;1;da1a1500-d532-4285-be94-b07a3e11a098;da1a150b-d532-4285-be94-b07a3e11a098;18;;
48851;1787501282032;150D;Fahrstatistik Max/Ø;20;14;–;00-00-00-00-FF-FF-FF-FF-47-18-FF-FF-FF-FF-FF-FF-FF-FF-00-00;NOTIFICATION;1;da1a1500-d532-4285-be94-b07a3e11a098;da1a150d-d532-4285-be94-b07a3e11a098;18;;
49891;1787501283072;1502;Akkuinformationen;16;15;–;47-18-FF-FF-FF-FF-47-18-FF-FF-FF-FF-FF-FF-00-00;NOTIFICATION;1;da1a1500-d532-4285-be94-b07a3e11a098;da1a1502-d532-4285-be94-b07a3e11a098;18;;
50311;1787501283492;1505;BikePerformance / Fahrleistung;18;15;–;00-00-00-00-FF-FF-00-00-FF-FF-FF-FF-FF-00-00-00-00-00;NOTIFICATION;1;da1a1500-d532-4285-be94-b07a3e11a098;da1a1505-d532-4285-be94-b07a3e11a098;18;;
50524;1787501283705;1506;Trip / Kilometer & Betriebszähler;16;15;–;00-00-1C-4B-00-02-35-21-00-00-02-D4-00-00-00-00;NOTIFICATION;1;da1a1500-d532-4285-be94-b07a3e11a098;da1a1506-d532-4285-be94-b07a3e11a098;18;;
50932;1787501284113;1508;Settings / Licht & Fahrstufe;17;15;–;00-00-00-02-FF-FF-FF-FF-FF-FF-FF-00-00-00-00-00-00;NOTIFICATION;1;da1a1500-d532-4285-be94-b07a3e11a098;da1a1508-d532-4285-be94-b07a3e11a098;18;;
51143;1787501284324;1509;BatteryChange / Akku-Livestand;11;15;–;00-00-FF-FF-20-B4-DC-00-00-00-00;NOTIFICATION;1;da1a1500-d532-4285-be94-b07a3e11a098;da1a1509-d532-4285-be94-b07a3e11a098;18;;
51352;1787501284533;150A;MotorUpdate / Motor-Livestand;10;15;–;00-00-FF-FF-FF-FF-FF-FF-FF-FF;NOTIFICATION;1;da1a1500-d532-4285-be94-b07a3e11a098;da1a150a-d532-4285-be94-b07a3e11a098;18;;
51561;1787501284742;150B;Motor-/Controllerblock;20;15;–;FF-FF-FF-FF-FF-FF-FF-FF-FF-FF-FF-FF-FF-FF-FF-FF-FF-FF-FF-FF;NOTIFICATION;1;da1a1500-d532-4285-be94-b07a3e11a098;da1a150b-d532-4285-be94-b07a3e11a098;18;;
51772;1787501284953;150D;Fahrstatistik Max/Ø;20;15;–;00-00-00-00-FF-FF-FF-FF-47-18-FF-FF-FF-FF-FF-FF-FF-FF-00-00;NOTIFICATION;1;da1a1500-d532-4285-be94-b07a3e11a098;da1a150d-d532-4285-be94-b07a3e11a098;18;;
52811;1787501285992;1502;Akkuinformationen;16;16;–;47-18-FF-FF-FF-FF-47-18-FF-FF-FF-FF-FF-FF-00-00;NOTIFICATION;1;da1a1500-d532-4285-be94-b07a3e11a098;da1a1502-d532-4285-be94-b07a3e11a098;18;;
53233;1787501286414;1505;BikePerformance / Fahrleistung;18;16;–;00-00-00-00-FF-FF-00-00-FF-FF-FF-FF-FF-00-00-00-00-00;NOTIFICATION;1;da1a1500-d532-4285-be94-b07a3e11a098;da1a1505-d532-4285-be94-b07a3e11a098;18;;
53445;1787501286626;1506;Trip / Kilometer & Betriebszähler;16;16;–;00-00-1C-4B-00-02-35-21-00-00-02-D4-00-00-00-00;NOTIFICATION;1;da1a1500-d532-4285-be94-b07a3e11a098;da1a1506-d532-4285-be94-b07a3e11a098;18;;
53852;1787501287033;1508;Settings / Licht & Fahrstufe;17;16;–;00-00-00-02-FF-FF-FF-FF-FF-FF-FF-00-00-00-00-00-00;NOTIFICATION;1;da1a1500-d532-4285-be94-b07a3e11a098;da1a1508-d532-4285-be94-b07a3e11a098;18;;
54062;1787501287243;1509;BatteryChange / Akku-Livestand;11;16;–;00-00-FF-FF-20-B4-DC-00-00-00-00;NOTIFICATION;1;da1a1500-d532-4285-be94-b07a3e11a098;da1a1509-d532-4285-be94-b07a3e11a098;18;;
54274;1787501287455;150A;MotorUpdate / Motor-Livestand;10;16;–;00-00-FF-FF-FF-FF-FF-FF-FF-FF;NOTIFICATION;1;da1a1500-d532-4285-be94-b07a3e11a098;da1a150a-d532-4285-be94-b07a3e11a098;18;;
54481;1787501287662;150B;Motor-/Controllerblock;20;16;–;FF-FF-FF-FF-FF-FF-FF-FF-FF-FF-FF-FF-FF-FF-FF-FF-FF-FF-FF-FF;NOTIFICATION;1;da1a1500-d532-4285-be94-b07a3e11a098;da1a150b-d532-4285-be94-b07a3e11a098;18;;
54694;1787501287875;150D;Fahrstatistik Max/Ø;20;16;–;00-00-00-00-FF-FF-FF-FF-47-18-FF-FF-FF-FF-FF-FF-FF-FF-00-00;NOTIFICATION;1;da1a1500-d532-4285-be94-b07a3e11a098;da1a150d-d532-4285-be94-b07a3e11a098;18;;
55733;1787501288914;1502;Akkuinformationen;16;17;–;47-18-FF-FF-FF-FF-47-18-FF-FF-FF-FF-FF-FF-00-00;NOTIFICATION;1;da1a1500-d532-4285-be94-b07a3e11a098;da1a1502-d532-4285-be94-b07a3e11a098;18;;
56153;1787501289334;1505;BikePerformance / Fahrleistung;18;17;–;00-00-00-00-FF-FF-00-00-FF-FF-FF-FF-FF-00-00-00-00-00;NOTIFICATION;1;da1a1500-d532-4285-be94-b07a3e11a098;da1a1505-d532-4285-be94-b07a3e11a098;18;;
56361;1787501289542;1506;Trip / Kilometer & Betriebszähler;16;17;–;00-00-1C-4B-00-02-35-21-00-00-02-D4-00-00-00-00;NOTIFICATION;1;da1a1500-d532-4285-be94-b07a3e11a098;da1a1506-d532-4285-be94-b07a3e11a098;18;;
56776;1787501289957;1508;Settings / Licht & Fahrstufe;17;17;–;00-00-00-02-FF-FF-FF-FF-FF-FF-FF-00-00-00-00-00-00;NOTIFICATION;1;da1a1500-d532-4285-be94-b07a3e11a098;da1a1508-d532-4285-be94-b07a3e11a098;18;;
56985;1787501290166;1509;BatteryChange / Akku-Livestand;11;17;–;00-00-FF-FF-20-B4-DC-00-00-00-00;NOTIFICATION;1;da1a1500-d532-4285-be94-b07a3e11a098;da1a1509-d532-4285-be94-b07a3e11a098;18;;
57192;1787501290373;150A;MotorUpdate / Motor-Livestand;10;17;–;00-00-FF-FF-FF-FF-FF-FF-FF-FF;NOTIFICATION;1;da1a1500-d532-4285-be94-b07a3e11a098;da1a150a-d532-4285-be94-b07a3e11a098;18;;
57403;1787501290584;150B;Motor-/Controllerblock;20;17;–;FF-FF-FF-FF-FF-FF-FF-FF-FF-FF-FF-FF-FF-FF-FF-FF-FF-FF-FF-FF;NOTIFICATION;1;da1a1500-d532-4285-be94-b07a3e11a098;da1a150b-d532-4285-be94-b07a3e11a098;18;;
57615;1787501290796;150D;Fahrstatistik Max/Ø;20;17;–;00-00-00-00-FF-FF-FF-FF-47-18-FF-FF-FF-FF-FF-FF-FF-FF-00-00;NOTIFICATION;1;da1a1500-d532-4285-be94-b07a3e11a098;da1a150d-d532-4285-be94-b07a3e11a098;18;;
58656;1787501291837;1502;Akkuinformationen;16;18;–;47-18-FF-FF-FF-FF-47-18-FF-FF-FF-FF-FF-FF-00-00;NOTIFICATION;1;da1a1500-d532-4285-be94-b07a3e11a098;da1a1502-d532-4285-be94-b07a3e11a098;18;;
59074;1787501292255;1505;BikePerformance / Fahrleistung;18;18;7;00-00-00-00-FF-FF-00-04-FF-FF-FF-FF-FF-00-00-00-00-00;NOTIFICATION;1;da1a1500-d532-4285-be94-b07a3e11a098;da1a1505-d532-4285-be94-b07a3e11a098;18;;
59283;1787501292464;1506;Trip / Kilometer & Betriebszähler;16;18;7;00-00-1C-4B-00-02-35-22-00-00-02-D4-00-00-00-00;NOTIFICATION;1;da1a1500-d532-4285-be94-b07a3e11a098;da1a1506-d532-4285-be94-b07a3e11a098;18;;
59696;1787501292877;1508;Settings / Licht & Fahrstufe;17;18;–;00-00-00-02-FF-FF-FF-FF-FF-FF-FF-00-00-00-00-00-00;NOTIFICATION;1;da1a1500-d532-4285-be94-b07a3e11a098;da1a1508-d532-4285-be94-b07a3e11a098;18;;
59907;1787501293088;1509;BatteryChange / Akku-Livestand;11;18;–;00-00-FF-FF-20-B4-DC-00-00-00-00;NOTIFICATION;1;da1a1500-d532-4285-be94-b07a3e11a098;da1a1509-d532-4285-be94-b07a3e11a098;18;;
60114;1787501293295;150A;MotorUpdate / Motor-Livestand;10;18;–;00-00-FF-FF-FF-FF-FF-FF-FF-FF;NOTIFICATION;1;da1a1500-d532-4285-be94-b07a3e11a098;da1a150a-d532-4285-be94-b07a3e11a098;18;;
60321;1787501293502;150B;Motor-/Controllerblock;20;18;–;FF-FF-FF-FF-FF-FF-FF-FF-FF-FF-FF-FF-FF-FF-FF-FF-FF-FF-FF-FF;NOTIFICATION;1;da1a1500-d532-4285-be94-b07a3e11a098;da1a150b-d532-4285-be94-b07a3e11a098;18;;
60531;1787501293712;150D;Fahrstatistik Max/Ø;20;18;1;00-17-00-00-FF-FF-FF-FF-47-18-FF-FF-FF-FF-FF-FF-FF-FF-00-00;NOTIFICATION;1;da1a1500-d532-4285-be94-b07a3e11a098;da1a150d-d532-4285-be94-b07a3e11a098;18;;
61574;1787501294755;1502;Akkuinformationen;16;19;–;47-18-FF-FF-FF-FF-47-18-FF-FF-FF-FF-FF-FF-00-00;NOTIFICATION;1;da1a1500-d532-4285-be94-b07a3e11a098;da1a1502-d532-4285-be94-b07a3e11a098;18;;
61993;1787501295174;1505;BikePerformance / Fahrleistung;18;19;7;00-00-00-00-FF-FF-00-1B-FF-FF-FF-FF-FF-00-00-00-00-00;NOTIFICATION;1;da1a1500-d532-4285-be94-b07a3e11a098;da1a1505-d532-4285-be94-b07a3e11a098;18;;
62203;1787501295384;1506;Trip / Kilometer & Betriebszähler;16;19;7;00-00-1C-4B-00-02-35-25-00-00-02-D4-00-00-00-00;NOTIFICATION;1;da1a1500-d532-4285-be94-b07a3e11a098;da1a1506-d532-4285-be94-b07a3e11a098;18;;
62613;1787501295794;1508;Settings / Licht & Fahrstufe;17;19;–;00-00-00-02-FF-FF-FF-FF-FF-FF-FF-00-00-00-00-00-00;NOTIFICATION;1;da1a1500-d532-4285-be94-b07a3e11a098;da1a1508-d532-4285-be94-b07a3e11a098;18;;
62823;1787501296004;1509;BatteryChange / Akku-Livestand;11;19;–;00-00-FF-FF-20-B4-DC-00-00-00-00;NOTIFICATION;1;da1a1500-d532-4285-be94-b07a3e11a098;da1a1509-d532-4285-be94-b07a3e11a098;18;;
63033;1787501296214;150A;MotorUpdate / Motor-Livestand;10;19;–;00-00-FF-FF-FF-FF-FF-FF-FF-FF;NOTIFICATION;1;da1a1500-d532-4285-be94-b07a3e11a098;da1a150a-d532-4285-be94-b07a3e11a098;18;;
63243;1787501296424;150B;Motor-/Controllerblock;20;19;–;FF-FF-FF-FF-FF-FF-FF-FF-FF-FF-FF-FF-FF-FF-FF-FF-FF-FF-FF-FF;NOTIFICATION;1;da1a1500-d532-4285-be94-b07a3e11a098;da1a150b-d532-4285-be94-b07a3e11a098;18;;
63455;1787501296636;150D;Fahrstatistik Max/Ø;20;19;1;00-1E-00-00-FF-FF-FF-FF-47-18-FF-FF-FF-FF-FF-FF-FF-FF-00-00;NOTIFICATION;1;da1a1500-d532-4285-be94-b07a3e11a098;da1a150d-d532-4285-be94-b07a3e11a098;18;;
64492;1787501297673;1502;Akkuinformationen;16;20;–;47-18-FF-FF-FF-FF-47-18-FF-FF-FF-FF-FF-FF-00-00;NOTIFICATION;1;da1a1500-d532-4285-be94-b07a3e11a098;da1a1502-d532-4285-be94-b07a3e11a098;18;;
64913;1787501298094;1505;BikePerformance / Fahrleistung;18;20;7;00-00-00-00-FF-FF-00-2C-FF-FF-FF-FF-FF-00-00-00-00-00;NOTIFICATION;1;da1a1500-d532-4285-be94-b07a3e11a098;da1a1505-d532-4285-be94-b07a3e11a098;18;;
65123;1787501298304;1506;Trip / Kilometer & Betriebszähler;16;20;7;00-00-1C-4B-00-02-35-28-00-00-02-D4-00-00-00-00;NOTIFICATION;1;da1a1500-d532-4285-be94-b07a3e11a098;da1a1506-d532-4285-be94-b07a3e11a098;18;;
65532;1787501298713;1508;Settings / Licht & Fahrstufe;17;20;–;00-00-00-02-FF-FF-FF-FF-FF-FF-FF-00-00-00-00-00-00;NOTIFICATION;1;da1a1500-d532-4285-be94-b07a3e11a098;da1a1508-d532-4285-be94-b07a3e11a098;18;;
65743;1787501298924;1509;BatteryChange / Akku-Livestand;11;20;0,1,10;07-D0-FF-FF-20-B4-DC-00-00-00-B9;NOTIFICATION;1;da1a1500-d532-4285-be94-b07a3e11a098;da1a1509-d532-4285-be94-b07a3e11a098;18;;
65953;1787501299134;150A;MotorUpdate / Motor-Livestand;10;20;–;00-00-FF-FF-FF-FF-FF-FF-FF-FF;NOTIFICATION;1;da1a1500-d532-4285-be94-b07a3e11a098;da1a150a-d532-4285-be94-b07a3e11a098;18;;
66163;1787501299344;150B;Motor-/Controllerblock;20;20;–;FF-FF-FF-FF-FF-FF-FF-FF-FF-FF-FF-FF-FF-FF-FF-FF-FF-FF-FF-FF;NOTIFICATION;1;da1a1500-d532-4285-be94-b07a3e11a098;da1a150b-d532-4285-be94-b07a3e11a098;18;;
66373;1787501299554;150D;Fahrstatistik Max/Ø;20;20;1;00-51-00-00-FF-FF-FF-FF-47-18-FF-FF-FF-FF-FF-FF-FF-FF-00-00;NOTIFICATION;1;da1a1500-d532-4285-be94-b07a3e11a098;da1a150d-d532-4285-be94-b07a3e11a098;18;;
67413;1787501300594;1502;Akkuinformationen;16;21;–;47-18-FF-FF-FF-FF-47-18-FF-FF-FF-FF-FF-FF-00-00;NOTIFICATION;1;da1a1500-d532-4285-be94-b07a3e11a098;da1a1502-d532-4285-be94-b07a3e11a098;18;;
67833;1787501301014;1505;BikePerformance / Fahrleistung;18;21;0,1,2,3,7;01-CC-01-CC-FF-FF-00-48-FF-FF-FF-FF-FF-00-00-00-00-00;NOTIFICATION;1;da1a1500-d532-4285-be94-b07a3e11a098;da1a1505-d532-4285-be94-b07a3e11a098;18;;
68032;1787501301213;1506;Trip / Kilometer & Betriebszähler;16;21;7;00-00-1C-4B-00-02-35-2B-00-00-02-D4-00-00-00-00;NOTIFICATION;1;da1a1500-d532-4285-be94-b07a3e11a098;da1a1506-d532-4285-be94-b07a3e11a098;18;;
68454;1787501301635;1508;Settings / Licht & Fahrstufe;17;21;–;00-00-00-02-FF-FF-FF-FF-FF-FF-FF-00-00-00-00-00-00;NOTIFICATION;1;da1a1500-d532-4285-be94-b07a3e11a098;da1a1508-d532-4285-be94-b07a3e11a098;18;;
68662;1787501301843;1509;BatteryChange / Akku-Livestand;11;21;5,6,10;07-D0-FF-FF-20-B2-E8-00-00-00-5B;NOTIFICATION;1;da1a1500-d532-4285-be94-b07a3e11a098;da1a1509-d532-4285-be94-b07a3e11a098;18;;
68875;1787501302056;150A;MotorUpdate / Motor-Livestand;10;21;0,1;07-D0-FF-FF-FF-FF-FF-FF-FF-FF;NOTIFICATION;1;da1a1500-d532-4285-be94-b07a3e11a098;da1a150a-d532-4285-be94-b07a3e11a098;18;;
69083;1787501302264;150B;Motor-/Controllerblock;20;21;–;FF-FF-FF-FF-FF-FF-FF-FF-FF-FF-FF-FF-FF-FF-FF-FF-FF-FF-FF-FF;NOTIFICATION;1;da1a1500-d532-4285-be94-b07a3e11a098;da1a150b-d532-4285-be94-b07a3e11a098;18;;
69293;1787501302474;150D;Fahrstatistik Max/Ø;20;21;1;00-56-00-00-FF-FF-FF-FF-47-18-FF-FF-FF-FF-FF-FF-FF-FF-00-00;NOTIFICATION;1;da1a1500-d532-4285-be94-b07a3e11a098;da1a150d-d532-4285-be94-b07a3e11a098;18;;
70332;1787501303513;1502;Akkuinformationen;16;22;–;47-18-FF-FF-FF-FF-47-18-FF-FF-FF-FF-FF-FF-00-00;NOTIFICATION;1;da1a1500-d532-4285-be94-b07a3e11a098;da1a1502-d532-4285-be94-b07a3e11a098;18;;
70754;1787501303935;1505;BikePerformance / Fahrleistung;18;22;0,1,2,3,7;00-00-00-00-FF-FF-00-54-FF-FF-FF-FF-FF-00-00-00-00-00;NOTIFICATION;1;da1a1500-d532-4285-be94-b07a3e11a098;da1a1505-d532-4285-be94-b07a3e11a098;18;;
70954;1787501304135;1506;Trip / Kilometer & Betriebszähler;16;22;7;00-00-1C-4B-00-02-35-2E-00-00-02-D4-00-00-00-00;NOTIFICATION;1;da1a1500-d532-4285-be94-b07a3e11a098;da1a1506-d532-4285-be94-b07a3e11a098;18;;
71375;1787501304556;1508;Settings / Licht & Fahrstufe;17;22;–;00-00-00-02-FF-FF-FF-FF-FF-FF-FF-00-00-00-00-00-00;NOTIFICATION;1;da1a1500-d532-4285-be94-b07a3e11a098;da1a1508-d532-4285-be94-b07a3e11a098;18;;
71582;1787501304763;1509;BatteryChange / Akku-Livestand;11;22;0,1,5,6,10;00-00-FF-FF-20-B4-DC-00-00-00-00;NOTIFICATION;1;da1a1500-d532-4285-be94-b07a3e11a098;da1a1509-d532-4285-be94-b07a3e11a098;18;;
71794;1787501304975;150A;MotorUpdate / Motor-Livestand;10;22;0,1;00-00-FF-FF-FF-FF-FF-FF-FF-FF;NOTIFICATION;1;da1a1500-d532-4285-be94-b07a3e11a098;da1a150a-d532-4285-be94-b07a3e11a098;18;;
72003;1787501305184;150B;Motor-/Controllerblock;20;22;–;FF-FF-FF-FF-FF-FF-FF-FF-FF-FF-FF-FF-FF-FF-FF-FF-FF-FF-FF-FF;NOTIFICATION;1;da1a1500-d532-4285-be94-b07a3e11a098;da1a150b-d532-4285-be94-b07a3e11a098;18;;
72214;1787501305395;150D;Fahrstatistik Max/Ø;20;22;–;00-56-00-00-FF-FF-FF-FF-47-18-FF-FF-FF-FF-FF-FF-FF-FF-00-00;NOTIFICATION;1;da1a1500-d532-4285-be94-b07a3e11a098;da1a150d-d532-4285-be94-b07a3e11a098;18;;
73254;1787501306435;1502;Akkuinformationen;16;23;–;47-18-FF-FF-FF-FF-47-18-FF-FF-FF-FF-FF-FF-00-00;NOTIFICATION;1;da1a1500-d532-4285-be94-b07a3e11a098;da1a1502-d532-4285-be94-b07a3e11a098;18;;
73674;1787501306855;1505;BikePerformance / Fahrleistung;18;23;0,1,2,3,7;13-10-13-10-FF-FF-00-80-FF-FF-FF-FF-FF-00-00-00-00-00;NOTIFICATION;1;da1a1500-d532-4285-be94-b07a3e11a098;da1a1505-d532-4285-be94-b07a3e11a098;18;;
73875;1787501307056;1506;Trip / Kilometer & Betriebszähler;16;23;7;00-00-1C-4B-00-02-35-31-00-00-02-D4-00-00-00-00;NOTIFICATION;1;da1a1500-d532-4285-be94-b07a3e11a098;da1a1506-d532-4285-be94-b07a3e11a098;18;;
74294;1787501307475;1508;Settings / Licht & Fahrstufe;17;23;–;00-00-00-02-FF-FF-FF-FF-FF-FF-FF-00-00-00-00-00-00;NOTIFICATION;1;da1a1500-d532-4285-be94-b07a3e11a098;da1a1508-d532-4285-be94-b07a3e11a098;18;;
74506;1787501307687;1509;BatteryChange / Akku-Livestand;11;23;0,1,5,6,9,10;32-C8-FF-FF-20-AD-70-00-00-02-3A;NOTIFICATION;1;da1a1500-d532-4285-be94-b07a3e11a098;da1a1509-d532-4285-be94-b07a3e11a098;18;;
74714;1787501307895;150A;MotorUpdate / Motor-Livestand;10;23;0,1;32-C8-FF-FF-FF-FF-FF-FF-FF-FF;NOTIFICATION;1;da1a1500-d532-4285-be94-b07a3e11a098;da1a150a-d532-4285-be94-b07a3e11a098;18;;
74924;1787501308105;150B;Motor-/Controllerblock;20;23;–;FF-FF-FF-FF-FF-FF-FF-FF-FF-FF-FF-FF-FF-FF-FF-FF-FF-FF-FF-FF;NOTIFICATION;1;da1a1500-d532-4285-be94-b07a3e11a098;da1a150b-d532-4285-be94-b07a3e11a098;18;;
75134;1787501308315;150D;Fahrstatistik Max/Ø;20;23;1;00-B5-00-00-FF-FF-FF-FF-47-18-FF-FF-FF-FF-FF-FF-FF-FF-00-00;NOTIFICATION;1;da1a1500-d532-4285-be94-b07a3e11a098;da1a150d-d532-4285-be94-b07a3e11a098;18;;
76176;1787501309357;1502;Akkuinformationen;16;24;–;47-18-FF-FF-FF-FF-47-18-FF-FF-FF-FF-FF-FF-00-00;NOTIFICATION;1;da1a1500-d532-4285-be94-b07a3e11a098;da1a1502-d532-4285-be94-b07a3e11a098;18;;
76595;1787501309776;1505;BikePerformance / Fahrleistung;18;24;0,1,2,3,7;01-CC-01-CC-FF-FF-00-BF-FF-FF-FF-FF-FF-00-00-00-00-00;NOTIFICATION;1;da1a1500-d532-4285-be94-b07a3e11a098;da1a1505-d532-4285-be94-b07a3e11a098;18;;
76797;1787501309978;1506;Trip / Kilometer & Betriebszähler;16;24;7;00-00-1C-4B-00-02-35-34-00-00-02-D4-00-00-00-00;NOTIFICATION;1;da1a1500-d532-4285-be94-b07a3e11a098;da1a1506-d532-4285-be94-b07a3e11a098;18;;
77215;1787501310396;1508;Settings / Licht & Fahrstufe;17;24;–;00-00-00-02-FF-FF-FF-FF-FF-FF-FF-00-00-00-00-00-00;NOTIFICATION;1;da1a1500-d532-4285-be94-b07a3e11a098;da1a1508-d532-4285-be94-b07a3e11a098;18;;
77426;1787501310607;1509;BatteryChange / Akku-Livestand;11;24;0,1,5,6,9,10;00-00-FF-FF-20-B4-78-00-00-00-00;NOTIFICATION;1;da1a1500-d532-4285-be94-b07a3e11a098;da1a1509-d532-4285-be94-b07a3e11a098;18;;
77636;1787501310817;150A;MotorUpdate / Motor-Livestand;10;24;0,1;00-00-FF-FF-FF-FF-FF-FF-FF-FF;NOTIFICATION;1;da1a1500-d532-4285-be94-b07a3e11a098;da1a150a-d532-4285-be94-b07a3e11a098;18;;
77843;1787501311024;150B;Motor-/Controllerblock;20;24;–;FF-FF-FF-FF-FF-FF-FF-FF-FF-FF-FF-FF-FF-FF-FF-FF-FF-FF-FF-FF;NOTIFICATION;1;da1a1500-d532-4285-be94-b07a3e11a098;da1a150b-d532-4285-be94-b07a3e11a098;18;;
78055;1787501311236;150D;Fahrstatistik Max/Ø;20;24;1;00-C2-00-00-FF-FF-FF-FF-47-18-FF-FF-FF-FF-FF-FF-FF-FF-00-00;NOTIFICATION;1;da1a1500-d532-4285-be94-b07a3e11a098;da1a150d-d532-4285-be94-b07a3e11a098;18;;
79095;1787501312276;1502;Akkuinformationen;16;25;–;47-18-FF-FF-FF-FF-47-18-FF-FF-FF-FF-FF-FF-00-00;NOTIFICATION;1;da1a1500-d532-4285-be94-b07a3e11a098;da1a1502-d532-4285-be94-b07a3e11a098;18;;
79505;1787501312686;1505;BikePerformance / Fahrleistung;18;25;0,1,2,3,7;00-00-00-00-FF-FF-00-94-FF-FF-FF-FF-FF-00-00-00-00-00;NOTIFICATION;1;da1a1500-d532-4285-be94-b07a3e11a098;da1a1505-d532-4285-be94-b07a3e11a098;18;;
79709;1787501312890;1506;Trip / Kilometer & Betriebszähler;16;25;7;00-00-1C-4B-00-02-35-37-00-00-02-D4-00-00-00-00;NOTIFICATION;1;da1a1500-d532-4285-be94-b07a3e11a098;da1a1506-d532-4285-be94-b07a3e11a098;18;;
80131;1787501313312;1508;Settings / Licht & Fahrstufe;17;25;–;00-00-00-02-FF-FF-FF-FF-FF-FF-FF-00-00-00-00-00-00;NOTIFICATION;1;da1a1500-d532-4285-be94-b07a3e11a098;da1a1508-d532-4285-be94-b07a3e11a098;18;;
80344;1787501313525;1509;BatteryChange / Akku-Livestand;11;25;–;00-00-FF-FF-20-B4-78-00-00-00-00;NOTIFICATION;1;da1a1500-d532-4285-be94-b07a3e11a098;da1a1509-d532-4285-be94-b07a3e11a098;18;;
80552;1787501313733;150A;MotorUpdate / Motor-Livestand;10;25;–;00-00-FF-FF-FF-FF-FF-FF-FF-FF;NOTIFICATION;1;da1a1500-d532-4285-be94-b07a3e11a098;da1a150a-d532-4285-be94-b07a3e11a098;18;;
80765;1787501313946;150B;Motor-/Controllerblock;20;25;–;FF-FF-FF-FF-FF-FF-FF-FF-FF-FF-FF-FF-FF-FF-FF-FF-FF-FF-FF-FF;NOTIFICATION;1;da1a1500-d532-4285-be94-b07a3e11a098;da1a150b-d532-4285-be94-b07a3e11a098;18;;
80965;1787501314146;150D;Fahrstatistik Max/Ø;20;25;–;00-C2-00-00-FF-FF-FF-FF-47-18-FF-FF-FF-FF-FF-FF-FF-FF-00-00;NOTIFICATION;1;da1a1500-d532-4285-be94-b07a3e11a098;da1a150d-d532-4285-be94-b07a3e11a098;18;;
82013;1787501315194;1502;Akkuinformationen;16;26;–;47-18-FF-FF-FF-FF-47-18-FF-FF-FF-FF-FF-FF-00-00;NOTIFICATION;1;da1a1500-d532-4285-be94-b07a3e11a098;da1a1502-d532-4285-be94-b07a3e11a098;18;;
82421;1787501315602;1505;BikePerformance / Fahrleistung;18;26;7;00-00-00-00-FF-FF-00-7D-FF-FF-FF-FF-FF-00-00-00-00-00;NOTIFICATION;1;da1a1500-d532-4285-be94-b07a3e11a098;da1a1505-d532-4285-be94-b07a3e11a098;18;;
82631;1787501315812;1506;Trip / Kilometer & Betriebszähler;16;26;7;00-00-1C-4B-00-02-35-3A-00-00-02-D4-00-00-00-00;NOTIFICATION;1;da1a1500-d532-4285-be94-b07a3e11a098;da1a1506-d532-4285-be94-b07a3e11a098;18;;
83054;1787501316235;1508;Settings / Licht & Fahrstufe;17;26;–;00-00-00-02-FF-FF-FF-FF-FF-FF-FF-00-00-00-00-00-00;NOTIFICATION;1;da1a1500-d532-4285-be94-b07a3e11a098;da1a1508-d532-4285-be94-b07a3e11a098;18;;
83263;1787501316444;1509;BatteryChange / Akku-Livestand;11;26;5,6;00-00-FF-FF-20-B6-6C-00-00-00-00;NOTIFICATION;1;da1a1500-d532-4285-be94-b07a3e11a098;da1a1509-d532-4285-be94-b07a3e11a098;18;;
83482;1787501316663;150A;MotorUpdate / Motor-Livestand;10;26;–;00-00-FF-FF-FF-FF-FF-FF-FF-FF;NOTIFICATION;1;da1a1500-d532-4285-be94-b07a3e11a098;da1a150a-d532-4285-be94-b07a3e11a098;18;;
83684;1787501316865;150B;Motor-/Controllerblock;20;26;–;FF-FF-FF-FF-FF-FF-FF-FF-FF-FF-FF-FF-FF-FF-FF-FF-FF-FF-FF-FF;NOTIFICATION;1;da1a1500-d532-4285-be94-b07a3e11a098;da1a150b-d532-4285-be94-b07a3e11a098;18;;
83883;1787501317064;150D;Fahrstatistik Max/Ø;20;26;–;00-C2-00-00-FF-FF-FF-FF-47-18-FF-FF-FF-FF-FF-FF-FF-FF-00-00;NOTIFICATION;1;da1a1500-d532-4285-be94-b07a3e11a098;da1a150d-d532-4285-be94-b07a3e11a098;18;;
84932;1787501318113;1502;Akkuinformationen;16;27;–;47-18-FF-FF-FF-FF-47-18-FF-FF-FF-FF-FF-FF-00-00;NOTIFICATION;1;da1a1500-d532-4285-be94-b07a3e11a098;da1a1502-d532-4285-be94-b07a3e11a098;18;;
85343;1787501318524;1505;BikePerformance / Fahrleistung;18;27;7;00-00-00-00-FF-FF-00-26-FF-FF-FF-FF-FF-00-00-00-00-00;NOTIFICATION;1;da1a1500-d532-4285-be94-b07a3e11a098;da1a1505-d532-4285-be94-b07a3e11a098;18;;
85552;1787501318733;1506;Trip / Kilometer & Betriebszähler;16;27;7;00-00-1C-4B-00-02-35-3C-00-00-02-D4-00-00-00-00;NOTIFICATION;1;da1a1500-d532-4285-be94-b07a3e11a098;da1a1506-d532-4285-be94-b07a3e11a098;18;;
85972;1787501319153;1508;Settings / Licht & Fahrstufe;17;27;–;00-00-00-02-FF-FF-FF-FF-FF-FF-FF-00-00-00-00-00-00;NOTIFICATION;1;da1a1500-d532-4285-be94-b07a3e11a098;da1a1508-d532-4285-be94-b07a3e11a098;18;;
86184;1787501319365;1509;BatteryChange / Akku-Livestand;11;27;5,6;00-00-FF-FF-20-B4-DC-00-00-00-00;NOTIFICATION;1;da1a1500-d532-4285-be94-b07a3e11a098;da1a1509-d532-4285-be94-b07a3e11a098;18;;
86393;1787501319574;150A;MotorUpdate / Motor-Livestand;10;27;–;00-00-FF-FF-FF-FF-FF-FF-FF-FF;NOTIFICATION;1;da1a1500-d532-4285-be94-b07a3e11a098;da1a150a-d532-4285-be94-b07a3e11a098;18;;
86602;1787501319783;150B;Motor-/Controllerblock;20;27;–;FF-FF-FF-FF-FF-FF-FF-FF-FF-FF-FF-FF-FF-FF-FF-FF-FF-FF-FF-FF;NOTIFICATION;1;da1a1500-d532-4285-be94-b07a3e11a098;da1a150b-d532-4285-be94-b07a3e11a098;18;;
86805;1787501319986;150D;Fahrstatistik Max/Ø;20;27;–;00-C2-00-00-FF-FF-FF-FF-47-18-FF-FF-FF-FF-FF-FF-FF-FF-00-00;NOTIFICATION;1;da1a1500-d532-4285-be94-b07a3e11a098;da1a150d-d532-4285-be94-b07a3e11a098;18;;
87856;1787501321037;1502;Akkuinformationen;16;28;–;47-18-FF-FF-FF-FF-47-18-FF-FF-FF-FF-FF-FF-00-00;NOTIFICATION;1;da1a1500-d532-4285-be94-b07a3e11a098;da1a1502-d532-4285-be94-b07a3e11a098;18;;
88261;1787501321442;1505;BikePerformance / Fahrleistung;18;28;7;00-00-00-00-FF-FF-00-00-FF-FF-FF-FF-FF-00-00-00-00-00;NOTIFICATION;1;da1a1500-d532-4285-be94-b07a3e11a098;da1a1505-d532-4285-be94-b07a3e11a098;18;;
88474;1787501321655;1506;Trip / Kilometer & Betriebszähler;16;28;7;00-00-1C-4B-00-02-35-3F-00-00-02-D4-00-00-00-00;NOTIFICATION;1;da1a1500-d532-4285-be94-b07a3e11a098;da1a1506-d532-4285-be94-b07a3e11a098;18;;
88894;1787501322075;1508;Settings / Licht & Fahrstufe;17;28;–;00-00-00-02-FF-FF-FF-FF-FF-FF-FF-00-00-00-00-00-00;NOTIFICATION;1;da1a1500-d532-4285-be94-b07a3e11a098;da1a1508-d532-4285-be94-b07a3e11a098;18;;
89103;1787501322284;1509;BatteryChange / Akku-Livestand;11;28;6;00-00-FF-FF-20-B4-78-00-00-00-00;NOTIFICATION;1;da1a1500-d532-4285-be94-b07a3e11a098;da1a1509-d532-4285-be94-b07a3e11a098;18;;
89314;1787501322495;150A;MotorUpdate / Motor-Livestand;10;28;–;00-00-FF-FF-FF-FF-FF-FF-FF-FF;NOTIFICATION;1;da1a1500-d532-4285-be94-b07a3e11a098;da1a150a-d532-4285-be94-b07a3e11a098;18;;
89515;1787501322696;150B;Motor-/Controllerblock;20;28;–;FF-FF-FF-FF-FF-FF-FF-FF-FF-FF-FF-FF-FF-FF-FF-FF-FF-FF-FF-FF;NOTIFICATION;1;da1a1500-d532-4285-be94-b07a3e11a098;da1a150b-d532-4285-be94-b07a3e11a098;18;;
89723;1787501322904;150D;Fahrstatistik Max/Ø;20;28;–;00-C2-00-00-FF-FF-FF-FF-47-18-FF-FF-FF-FF-FF-FF-FF-FF-00-00;NOTIFICATION;1;da1a1500-d532-4285-be94-b07a3e11a098;da1a150d-d532-4285-be94-b07a3e11a098;18;;
90774;1787501323955;1502;Akkuinformationen;16;29;–;47-18-FF-FF-FF-FF-47-18-FF-FF-FF-FF-FF-FF-00-00;NOTIFICATION;1;da1a1500-d532-4285-be94-b07a3e11a098;da1a1502-d532-4285-be94-b07a3e11a098;18;;
91183;1787501324364;1505;BikePerformance / Fahrleistung;18;29;–;00-00-00-00-FF-FF-00-00-FF-FF-FF-FF-FF-00-00-00-00-00;NOTIFICATION;1;da1a1500-d532-4285-be94-b07a3e11a098;da1a1505-d532-4285-be94-b07a3e11a098;18;;
91393;1787501324574;1506;Trip / Kilometer & Betriebszähler;16;29;–;00-00-1C-4B-00-02-35-3F-00-00-02-D4-00-00-00-00;NOTIFICATION;1;da1a1500-d532-4285-be94-b07a3e11a098;da1a1506-d532-4285-be94-b07a3e11a098;18;;
91816;1787501324997;1508;Settings / Licht & Fahrstufe;17;29;–;00-00-00-02-FF-FF-FF-FF-FF-FF-FF-00-00-00-00-00-00;NOTIFICATION;1;da1a1500-d532-4285-be94-b07a3e11a098;da1a1508-d532-4285-be94-b07a3e11a098;18;;
92026;1787501325207;1509;BatteryChange / Akku-Livestand;11;29;–;00-00-FF-FF-20-B4-78-00-00-00-00;NOTIFICATION;1;da1a1500-d532-4285-be94-b07a3e11a098;da1a1509-d532-4285-be94-b07a3e11a098;18;;
92224;1787501325405;150A;MotorUpdate / Motor-Livestand;10;29;–;00-00-FF-FF-FF-FF-FF-FF-FF-FF;NOTIFICATION;1;da1a1500-d532-4285-be94-b07a3e11a098;da1a150a-d532-4285-be94-b07a3e11a098;18;;
92431;1787501325612;150B;Motor-/Controllerblock;20;29;–;FF-FF-FF-FF-FF-FF-FF-FF-FF-FF-FF-FF-FF-FF-FF-FF-FF-FF-FF-FF;NOTIFICATION;1;da1a1500-d532-4285-be94-b07a3e11a098;da1a150b-d532-4285-be94-b07a3e11a098;18;;
92646;1787501325827;150D;Fahrstatistik Max/Ø;20;29;–;00-C2-00-00-FF-FF-FF-FF-47-18-FF-FF-FF-FF-FF-FF-FF-FF-00-00;NOTIFICATION;1;da1a1500-d532-4285-be94-b07a3e11a098;da1a150d-d532-4285-be94-b07a3e11a098;18;;
93686;1787501326867;1502;Akkuinformationen;16;30;–;47-18-FF-FF-FF-FF-47-18-FF-FF-FF-FF-FF-FF-00-00;NOTIFICATION;1;da1a1500-d532-4285-be94-b07a3e11a098;da1a1502-d532-4285-be94-b07a3e11a098;18;;
94105;1787501327286;1505;BikePerformance / Fahrleistung;18;30;7;00-00-00-00-FF-FF-00-01-FF-FF-FF-FF-FF-00-00-00-00-00;NOTIFICATION;1;da1a1500-d532-4285-be94-b07a3e11a098;da1a1505-d532-4285-be94-b07a3e11a098;18;;
94315;1787501327496;1506;Trip / Kilometer & Betriebszähler;16;30;–;00-00-1C-4B-00-02-35-3F-00-00-02-D4-00-00-00-00;NOTIFICATION;1;da1a1500-d532-4285-be94-b07a3e11a098;da1a1506-d532-4285-be94-b07a3e11a098;18;;
94733;1787501327914;1508;Settings / Licht & Fahrstufe;17;30;–;00-00-00-02-FF-FF-FF-FF-FF-FF-FF-00-00-00-00-00-00;NOTIFICATION;1;da1a1500-d532-4285-be94-b07a3e11a098;da1a1508-d532-4285-be94-b07a3e11a098;18;;
94943;1787501328124;1509;BatteryChange / Akku-Livestand;11;30;6;00-00-FF-FF-20-B4-DC-00-00-00-00;NOTIFICATION;1;da1a1500-d532-4285-be94-b07a3e11a098;da1a1509-d532-4285-be94-b07a3e11a098;18;;
95148;1787501328329;150A;MotorUpdate / Motor-Livestand;10;30;–;00-00-FF-FF-FF-FF-FF-FF-FF-FF;NOTIFICATION;1;da1a1500-d532-4285-be94-b07a3e11a098;da1a150a-d532-4285-be94-b07a3e11a098;18;;
95355;1787501328536;150B;Motor-/Controllerblock;20;30;–;FF-FF-FF-FF-FF-FF-FF-FF-FF-FF-FF-FF-FF-FF-FF-FF-FF-FF-FF-FF;NOTIFICATION;1;da1a1500-d532-4285-be94-b07a3e11a098;da1a150b-d532-4285-be94-b07a3e11a098;18;;
95566;1787501328747;150D;Fahrstatistik Max/Ø;20;30;–;00-C2-00-00-FF-FF-FF-FF-47-18-FF-FF-FF-FF-FF-FF-FF-FF-00-00;NOTIFICATION;1;da1a1500-d532-4285-be94-b07a3e11a098;da1a150d-d532-4285-be94-b07a3e11a098;18;;
96605;1787501329786;1502;Akkuinformationen;16;31;–;47-18-FF-FF-FF-FF-47-18-FF-FF-FF-FF-FF-FF-00-00;NOTIFICATION;1;da1a1500-d532-4285-be94-b07a3e11a098;da1a1502-d532-4285-be94-b07a3e11a098;18;;
97025;1787501330206;1505;BikePerformance / Fahrleistung;18;31;7;00-00-00-00-FF-FF-00-00-FF-FF-FF-FF-FF-00-00-00-00-00;NOTIFICATION;1;da1a1500-d532-4285-be94-b07a3e11a098;da1a1505-d532-4285-be94-b07a3e11a098;18;;
97233;1787501330414;1506;Trip / Kilometer & Betriebszähler;16;31;7;00-00-1C-4B-00-02-35-40-00-00-02-D4-00-00-00-00;NOTIFICATION;1;da1a1500-d532-4285-be94-b07a3e11a098;da1a1506-d532-4285-be94-b07a3e11a098;18;;
97655;1787501330836;1508;Settings / Licht & Fahrstufe;17;31;–;00-00-00-02-FF-FF-FF-FF-FF-FF-FF-00-00-00-00-00-00;NOTIFICATION;1;da1a1500-d532-4285-be94-b07a3e11a098;da1a1508-d532-4285-be94-b07a3e11a098;18;;
97861;1787501331042;1509;BatteryChange / Akku-Livestand;11;31;–;00-00-FF-FF-20-B4-DC-00-00-00-00;NOTIFICATION;1;da1a1500-d532-4285-be94-b07a3e11a098;da1a1509-d532-4285-be94-b07a3e11a098;18;;
98064;1787501331245;150A;MotorUpdate / Motor-Livestand;10;31;–;00-00-FF-FF-FF-FF-FF-FF-FF-FF;NOTIFICATION;1;da1a1500-d532-4285-be94-b07a3e11a098;da1a150a-d532-4285-be94-b07a3e11a098;18;;
98274;1787501331455;150B;Motor-/Controllerblock;20;31;–;FF-FF-FF-FF-FF-FF-FF-FF-FF-FF-FF-FF-FF-FF-FF-FF-FF-FF-FF-FF;NOTIFICATION;1;da1a1500-d532-4285-be94-b07a3e11a098;da1a150b-d532-4285-be94-b07a3e11a098;18;;
98484;1787501331665;150D;Fahrstatistik Max/Ø;20;31;–;00-C2-00-00-FF-FF-FF-FF-47-18-FF-FF-FF-FF-FF-FF-FF-FF-00-00;NOTIFICATION;1;da1a1500-d532-4285-be94-b07a3e11a098;da1a150d-d532-4285-be94-b07a3e11a098;18;;
99527;1787501332708;1502;Akkuinformationen;16;32;–;47-18-FF-FF-FF-FF-47-18-FF-FF-FF-FF-FF-FF-00-00;NOTIFICATION;1;da1a1500-d532-4285-be94-b07a3e11a098;da1a1502-d532-4285-be94-b07a3e11a098;18;;
99945;1787501333126;1505;BikePerformance / Fahrleistung;18;32;–;00-00-00-00-FF-FF-00-00-FF-FF-FF-FF-FF-00-00-00-00-00;NOTIFICATION;1;da1a1500-d532-4285-be94-b07a3e11a098;da1a1505-d532-4285-be94-b07a3e11a098;18;;
100153;1787501333334;1506;Trip / Kilometer & Betriebszähler;16;32;–;00-00-1C-4B-00-02-35-40-00-00-02-D4-00-00-00-00;NOTIFICATION;1;da1a1500-d532-4285-be94-b07a3e11a098;da1a1506-d532-4285-be94-b07a3e11a098;18;;
100576;1787501333757;1508;Settings / Licht & Fahrstufe;17;32;–;00-00-00-02-FF-FF-FF-FF-FF-FF-FF-00-00-00-00-00-00;NOTIFICATION;1;da1a1500-d532-4285-be94-b07a3e11a098;da1a1508-d532-4285-be94-b07a3e11a098;18;;
100778;1787501333959;1509;BatteryChange / Akku-Livestand;11;32;–;00-00-FF-FF-20-B4-DC-00-00-00-00;NOTIFICATION;1;da1a1500-d532-4285-be94-b07a3e11a098;da1a1509-d532-4285-be94-b07a3e11a098;18;;
100985;1787501334166;150A;MotorUpdate / Motor-Livestand;10;32;–;00-00-FF-FF-FF-FF-FF-FF-FF-FF;NOTIFICATION;1;da1a1500-d532-4285-be94-b07a3e11a098;da1a150a-d532-4285-be94-b07a3e11a098;18;;
101194;1787501334375;150B;Motor-/Controllerblock;20;32;–;FF-FF-FF-FF-FF-FF-FF-FF-FF-FF-FF-FF-FF-FF-FF-FF-FF-FF-FF-FF;NOTIFICATION;1;da1a1500-d532-4285-be94-b07a3e11a098;da1a150b-d532-4285-be94-b07a3e11a098;18;;
101406;1787501334587;150D;Fahrstatistik Max/Ø;20;32;–;00-C2-00-00-FF-FF-FF-FF-47-18-FF-FF-FF-FF-FF-FF-FF-FF-00-00;NOTIFICATION;1;da1a1500-d532-4285-be94-b07a3e11a098;da1a150d-d532-4285-be94-b07a3e11a098;18;;
102446;1787501335627;1502;Akkuinformationen;16;33;–;47-18-FF-FF-FF-FF-47-18-FF-FF-FF-FF-FF-FF-00-00;NOTIFICATION;1;da1a1500-d532-4285-be94-b07a3e11a098;da1a1502-d532-4285-be94-b07a3e11a098;18;;
102865;1787501336046;1505;BikePerformance / Fahrleistung;18;33;–;00-00-00-00-FF-FF-00-00-FF-FF-FF-FF-FF-00-00-00-00-00;NOTIFICATION;1;da1a1500-d532-4285-be94-b07a3e11a098;da1a1505-d532-4285-be94-b07a3e11a098;18;;
103078;1787501336259;1506;Trip / Kilometer & Betriebszähler;16;33;–;00-00-1C-4B-00-02-35-40-00-00-02-D4-00-00-00-00;NOTIFICATION;1;da1a1500-d532-4285-be94-b07a3e11a098;da1a1506-d532-4285-be94-b07a3e11a098;18;;
103496;1787501336677;1508;Settings / Licht & Fahrstufe;17;33;–;00-00-00-02-FF-FF-FF-FF-FF-FF-FF-00-00-00-00-00-00;NOTIFICATION;1;da1a1500-d532-4285-be94-b07a3e11a098;da1a1508-d532-4285-be94-b07a3e11a098;18;;
103693;1787501336874;1509;BatteryChange / Akku-Livestand;11;33;–;00-00-FF-FF-20-B4-DC-00-00-00-00;NOTIFICATION;1;da1a1500-d532-4285-be94-b07a3e11a098;da1a1509-d532-4285-be94-b07a3e11a098;18;;
103904;1787501337085;150A;MotorUpdate / Motor-Livestand;10;33;–;00-00-FF-FF-FF-FF-FF-FF-FF-FF;NOTIFICATION;1;da1a1500-d532-4285-be94-b07a3e11a098;da1a150a-d532-4285-be94-b07a3e11a098;18;;
104117;1787501337298;150B;Motor-/Controllerblock;20;33;–;FF-FF-FF-FF-FF-FF-FF-FF-FF-FF-FF-FF-FF-FF-FF-FF-FF-FF-FF-FF;NOTIFICATION;1;da1a1500-d532-4285-be94-b07a3e11a098;da1a150b-d532-4285-be94-b07a3e11a098;18;;
104325;1787501337506;150D;Fahrstatistik Max/Ø;20;33;–;00-C2-00-00-FF-FF-FF-FF-47-18-FF-FF-FF-FF-FF-FF-FF-FF-00-00;NOTIFICATION;1;da1a1500-d532-4285-be94-b07a3e11a098;da1a150d-d532-4285-be94-b07a3e11a098;18;;
105367;1787501338548;1502;Akkuinformationen;16;34;–;47-18-FF-FF-FF-FF-47-18-FF-FF-FF-FF-FF-FF-00-00;NOTIFICATION;1;da1a1500-d532-4285-be94-b07a3e11a098;da1a1502-d532-4285-be94-b07a3e11a098;18;;
105786;1787501338967;1505;BikePerformance / Fahrleistung;18;34;–;00-00-00-00-FF-FF-00-00-FF-FF-FF-FF-FF-00-00-00-00-00;NOTIFICATION;1;da1a1500-d532-4285-be94-b07a3e11a098;da1a1505-d532-4285-be94-b07a3e11a098;18;;
105995;1787501339176;1506;Trip / Kilometer & Betriebszähler;16;34;–;00-00-1C-4B-00-02-35-40-00-00-02-D4-00-00-00-00;NOTIFICATION;1;da1a1500-d532-4285-be94-b07a3e11a098;da1a1506-d532-4285-be94-b07a3e11a098;18;;
106415;1787501339596;1508;Settings / Licht & Fahrstufe;17;34;–;00-00-00-02-FF-FF-FF-FF-FF-FF-FF-00-00-00-00-00-00;NOTIFICATION;1;da1a1500-d532-4285-be94-b07a3e11a098;da1a1508-d532-4285-be94-b07a3e11a098;18;;
106614;1787501339795;1509;BatteryChange / Akku-Livestand;11;34;–;00-00-FF-FF-20-B4-DC-00-00-00-00;NOTIFICATION;1;da1a1500-d532-4285-be94-b07a3e11a098;da1a1509-d532-4285-be94-b07a3e11a098;18;;
106825;1787501340006;150A;MotorUpdate / Motor-Livestand;10;34;–;00-00-FF-FF-FF-FF-FF-FF-FF-FF;NOTIFICATION;1;da1a1500-d532-4285-be94-b07a3e11a098;da1a150a-d532-4285-be94-b07a3e11a098;18;;
107036;1787501340217;150B;Motor-/Controllerblock;20;34;–;FF-FF-FF-FF-FF-FF-FF-FF-FF-FF-FF-FF-FF-FF-FF-FF-FF-FF-FF-FF;NOTIFICATION;1;da1a1500-d532-4285-be94-b07a3e11a098;da1a150b-d532-4285-be94-b07a3e11a098;18;;
107247;1787501340428;150D;Fahrstatistik Max/Ø;20;34;–;00-C2-00-00-FF-FF-FF-FF-47-18-FF-FF-FF-FF-FF-FF-FF-FF-00-00;NOTIFICATION;1;da1a1500-d532-4285-be94-b07a3e11a098;da1a150d-d532-4285-be94-b07a3e11a098;18;;
108285;1787501341466;1502;Akkuinformationen;16;35;–;47-18-FF-FF-FF-FF-47-18-FF-FF-FF-FF-FF-FF-00-00;NOTIFICATION;1;da1a1500-d532-4285-be94-b07a3e11a098;da1a1502-d532-4285-be94-b07a3e11a098;18;;
108704;1787501341885;1505;BikePerformance / Fahrleistung;18;35;–;00-00-00-00-FF-FF-00-00-FF-FF-FF-FF-FF-00-00-00-00-00;NOTIFICATION;1;da1a1500-d532-4285-be94-b07a3e11a098;da1a1505-d532-4285-be94-b07a3e11a098;18;;
108913;1787501342094;1506;Trip / Kilometer & Betriebszähler;16;35;–;00-00-1C-4B-00-02-35-40-00-00-02-D4-00-00-00-00;NOTIFICATION;1;da1a1500-d532-4285-be94-b07a3e11a098;da1a1506-d532-4285-be94-b07a3e11a098;18;;
109327;1787501342508;1508;Settings / Licht & Fahrstufe;17;35;–;00-00-00-02-FF-FF-FF-FF-FF-FF-FF-00-00-00-00-00-00;NOTIFICATION;1;da1a1500-d532-4285-be94-b07a3e11a098;da1a1508-d532-4285-be94-b07a3e11a098;18;;
109537;1787501342718;1509;BatteryChange / Akku-Livestand;11;35;–;00-00-FF-FF-20-B4-DC-00-00-00-00;NOTIFICATION;1;da1a1500-d532-4285-be94-b07a3e11a098;da1a1509-d532-4285-be94-b07a3e11a098;18;;
109747;1787501342928;150A;MotorUpdate / Motor-Livestand;10;35;–;00-00-FF-FF-FF-FF-FF-FF-FF-FF;NOTIFICATION;1;da1a1500-d532-4285-be94-b07a3e11a098;da1a150a-d532-4285-be94-b07a3e11a098;18;;
109955;1787501343136;150B;Motor-/Controllerblock;20;35;–;FF-FF-FF-FF-FF-FF-FF-FF-FF-FF-FF-FF-FF-FF-FF-FF-FF-FF-FF-FF;NOTIFICATION;1;da1a1500-d532-4285-be94-b07a3e11a098;da1a150b-d532-4285-be94-b07a3e11a098;18;;
110163;1787501343344;150D;Fahrstatistik Max/Ø;20;35;–;00-C2-00-00-FF-FF-FF-FF-47-18-FF-FF-FF-FF-FF-FF-FF-FF-00-00;NOTIFICATION;1;da1a1500-d532-4285-be94-b07a3e11a098;da1a150d-d532-4285-be94-b07a3e11a098;18;;
111208;1787501344389;1502;Akkuinformationen;16;36;–;47-18-FF-FF-FF-FF-47-18-FF-FF-FF-FF-FF-FF-00-00;NOTIFICATION;1;da1a1500-d532-4285-be94-b07a3e11a098;da1a1502-d532-4285-be94-b07a3e11a098;18;;
111628;1787501344809;1505;BikePerformance / Fahrleistung;18;36;7;00-00-00-00-FF-FF-00-02-FF-FF-FF-FF-FF-00-00-00-00-00;NOTIFICATION;1;da1a1500-d532-4285-be94-b07a3e11a098;da1a1505-d532-4285-be94-b07a3e11a098;18;;
111835;1787501345016;1506;Trip / Kilometer & Betriebszähler;16;36;–;00-00-1C-4B-00-02-35-40-00-00-02-D4-00-00-00-00;NOTIFICATION;1;da1a1500-d532-4285-be94-b07a3e11a098;da1a1506-d532-4285-be94-b07a3e11a098;18;;
112246;1787501345427;1508;Settings / Licht & Fahrstufe;17;36;–;00-00-00-02-FF-FF-FF-FF-FF-FF-FF-00-00-00-00-00-00;NOTIFICATION;1;da1a1500-d532-4285-be94-b07a3e11a098;da1a1508-d532-4285-be94-b07a3e11a098;18;;
112453;1787501345634;1509;BatteryChange / Akku-Livestand;11;36;–;00-00-FF-FF-20-B4-DC-00-00-00-00;NOTIFICATION;1;da1a1500-d532-4285-be94-b07a3e11a098;da1a1509-d532-4285-be94-b07a3e11a098;18;;
112665;1787501345846;150A;MotorUpdate / Motor-Livestand;10;36;–;00-00-FF-FF-FF-FF-FF-FF-FF-FF;NOTIFICATION;1;da1a1500-d532-4285-be94-b07a3e11a098;da1a150a-d532-4285-be94-b07a3e11a098;18;;
112875;1787501346056;150B;Motor-/Controllerblock;20;36;–;FF-FF-FF-FF-FF-FF-FF-FF-FF-FF-FF-FF-FF-FF-FF-FF-FF-FF-FF-FF;NOTIFICATION;1;da1a1500-d532-4285-be94-b07a3e11a098;da1a150b-d532-4285-be94-b07a3e11a098;18;;
113084;1787501346265;150D;Fahrstatistik Max/Ø;20;36;–;00-C2-00-00-FF-FF-FF-FF-47-18-FF-FF-FF-FF-FF-FF-FF-FF-00-00;NOTIFICATION;1;da1a1500-d532-4285-be94-b07a3e11a098;da1a150d-d532-4285-be94-b07a3e11a098;18;;
114125;1787501347306;1502;Akkuinformationen;16;37;–;47-18-FF-FF-FF-FF-47-18-FF-FF-FF-FF-FF-FF-00-00;NOTIFICATION;1;da1a1500-d532-4285-be94-b07a3e11a098;da1a1502-d532-4285-be94-b07a3e11a098;18;;
114548;1787501347729;1505;BikePerformance / Fahrleistung;18;37;0,1,2,3,7;20-44-20-44-FF-FF-00-54-FF-FF-FF-FF-FF-00-00-00-00-00;NOTIFICATION;1;da1a1500-d532-4285-be94-b07a3e11a098;da1a1505-d532-4285-be94-b07a3e11a098;18;;
114755;1787501347936;1506;Trip / Kilometer & Betriebszähler;16;37;7;00-00-1C-4B-00-02-35-43-00-00-02-D4-00-00-00-00;NOTIFICATION;1;da1a1500-d532-4285-be94-b07a3e11a098;da1a1506-d532-4285-be94-b07a3e11a098;18;;
115165;1787501348346;1508;Settings / Licht & Fahrstufe;17;37;–;00-00-00-02-FF-FF-FF-FF-FF-FF-FF-00-00-00-00-00-00;NOTIFICATION;1;da1a1500-d532-4285-be94-b07a3e11a098;da1a1508-d532-4285-be94-b07a3e11a098;18;;
115376;1787501348557;1509;BatteryChange / Akku-Livestand;11;37;0,1,5,6,9,10;32-C8-FF-FF-20-AD-0C-00-00-02-6C;NOTIFICATION;1;da1a1500-d532-4285-be94-b07a3e11a098;da1a1509-d532-4285-be94-b07a3e11a098;18;;
115586;1787501348767;150A;MotorUpdate / Motor-Livestand;10;37;0,1;2E-E0-FF-FF-FF-FF-FF-FF-FF-FF;NOTIFICATION;1;da1a1500-d532-4285-be94-b07a3e11a098;da1a150a-d532-4285-be94-b07a3e11a098;18;;
115796;1787501348977;150B;Motor-/Controllerblock;20;37;–;FF-FF-FF-FF-FF-FF-FF-FF-FF-FF-FF-FF-FF-FF-FF-FF-FF-FF-FF-FF;NOTIFICATION;1;da1a1500-d532-4285-be94-b07a3e11a098;da1a150b-d532-4285-be94-b07a3e11a098;18;;
116005;1787501349186;150D;Fahrstatistik Max/Ø;20;37;–;00-C2-00-00-FF-FF-FF-FF-47-18-FF-FF-FF-FF-FF-FF-FF-FF-00-00;NOTIFICATION;1;da1a1500-d532-4285-be94-b07a3e11a098;da1a150d-d532-4285-be94-b07a3e11a098;18;;
117048;1787501350229;1502;Akkuinformationen;16;38;–;47-18-FF-FF-FF-FF-47-18-FF-FF-FF-FF-FF-FF-00-00;NOTIFICATION;1;da1a1500-d532-4285-be94-b07a3e11a098;da1a1502-d532-4285-be94-b07a3e11a098;18;;
117465;1787501350646;1505;BikePerformance / Fahrleistung;18;38;–;;NOTIFICATION_QUARANTINED;1;da1a1500-d532-4285-be94-b07a3e11a098;da1a1505-d532-4285-be94-b07a3e11a098;18;c731f922c864db5014403d5303b06371032ae39c2dc3f73725b4e84b64c756e5;identity_or_free_form
117676;1787501350857;1506;Trip / Kilometer & Betriebszähler;16;38;7;00-00-1C-4B-00-02-35-46-00-00-02-D4-00-00-00-00;NOTIFICATION;1;da1a1500-d532-4285-be94-b07a3e11a098;da1a1506-d532-4285-be94-b07a3e11a098;18;;
118088;1787501351269;1508;Settings / Licht & Fahrstufe;17;38;–;00-00-00-02-FF-FF-FF-FF-FF-FF-FF-00-00-00-00-00-00;NOTIFICATION;1;da1a1500-d532-4285-be94-b07a3e11a098;da1a1508-d532-4285-be94-b07a3e11a098;18;;
118292;1787501351473;1509;BatteryChange / Akku-Livestand;11;38;5,6,10;32-C8-FF-FF-20-AB-E0-00-00-02-3C;NOTIFICATION;1;da1a1500-d532-4285-be94-b07a3e11a098;da1a1509-d532-4285-be94-b07a3e11a098;18;;
118506;1787501351687;150A;MotorUpdate / Motor-Livestand;10;38;–;2E-E0-FF-FF-FF-FF-FF-FF-FF-FF;NOTIFICATION;1;da1a1500-d532-4285-be94-b07a3e11a098;da1a150a-d532-4285-be94-b07a3e11a098;18;;
118717;1787501351898;150B;Motor-/Controllerblock;20;38;–;FF-FF-FF-FF-FF-FF-FF-FF-FF-FF-FF-FF-FF-FF-FF-FF-FF-FF-FF-FF;NOTIFICATION;1;da1a1500-d532-4285-be94-b07a3e11a098;da1a150b-d532-4285-be94-b07a3e11a098;18;;
118926;1787501352107;150D;Fahrstatistik Max/Ø;20;38;1;00-CD-00-00-FF-FF-FF-FF-47-18-FF-FF-FF-FF-FF-FF-FF-FF-00-00;NOTIFICATION;1;da1a1500-d532-4285-be94-b07a3e11a098;da1a150d-d532-4285-be94-b07a3e11a098;18;;
119965;1787501353146;1502;Akkuinformationen;16;39;–;47-18-FF-FF-FF-FF-47-18-FF-FF-FF-FF-FF-FF-00-00;NOTIFICATION;1;da1a1500-d532-4285-be94-b07a3e11a098;da1a1502-d532-4285-be94-b07a3e11a098;18;;
120385;1787501353566;1505;BikePerformance / Fahrleistung;18;39;0,1,2,3,7;08-D4-08-D4-FF-FF-00-DA-FF-FF-FF-FF-FF-00-00-00-00-00;NOTIFICATION;1;da1a1500-d532-4285-be94-b07a3e11a098;da1a1505-d532-4285-be94-b07a3e11a098;18;;
120596;1787501353777;1506;Trip / Kilometer & Betriebszähler;16;39;7;00-00-1C-4B-00-02-35-49-00-00-02-D4-00-00-00-00;NOTIFICATION;1;da1a1500-d532-4285-be94-b07a3e11a098;da1a1506-d532-4285-be94-b07a3e11a098;18;;
121006;1787501354187;1508;Settings / Licht & Fahrstufe;17;39;–;00-00-00-02-FF-FF-FF-FF-FF-FF-FF-00-00-00-00-00-00;NOTIFICATION;1;da1a1500-d532-4285-be94-b07a3e11a098;da1a1508-d532-4285-be94-b07a3e11a098;18;;
121214;1787501354395;1509;BatteryChange / Akku-Livestand;11;39;0,1,5,6,9,10;13-88-FF-FF-20-B0-2C-00-00-00-E1;NOTIFICATION;1;da1a1500-d532-4285-be94-b07a3e11a098;da1a1509-d532-4285-be94-b07a3e11a098;18;;
121428;1787501354609;150A;MotorUpdate / Motor-Livestand;10;39;0,1;13-88-FF-FF-FF-FF-FF-FF-FF-FF;NOTIFICATION;1;da1a1500-d532-4285-be94-b07a3e11a098;da1a150a-d532-4285-be94-b07a3e11a098;18;;
121636;1787501354817;150B;Motor-/Controllerblock;20;39;–;FF-FF-FF-FF-FF-FF-FF-FF-FF-FF-FF-FF-FF-FF-FF-FF-FF-FF-FF-FF;NOTIFICATION;1;da1a1500-d532-4285-be94-b07a3e11a098;da1a150b-d532-4285-be94-b07a3e11a098;18;;
121846;1787501355027;150D;Fahrstatistik Max/Ø;20;39;1;00-DA-00-00-FF-FF-FF-FF-47-18-FF-FF-FF-FF-FF-FF-FF-FF-00-00;NOTIFICATION;1;da1a1500-d532-4285-be94-b07a3e11a098;da1a150d-d532-4285-be94-b07a3e11a098;18;;
122887;1787501356068;1502;Akkuinformationen;16;40;–;47-18-FF-FF-FF-FF-47-18-FF-FF-FF-FF-FF-FF-00-00;NOTIFICATION;1;da1a1500-d532-4285-be94-b07a3e11a098;da1a1502-d532-4285-be94-b07a3e11a098;18;;
123306;1787501356487;1505;BikePerformance / Fahrleistung;18;40;1,3;08-C0-08-C0-FF-FF-00-DA-FF-FF-FF-FF-FF-00-00-00-00-00;NOTIFICATION;1;da1a1500-d532-4285-be94-b07a3e11a098;da1a1505-d532-4285-be94-b07a3e11a098;18;;
123516;1787501356697;1506;Trip / Kilometer & Betriebszähler;16;40;3,7;00-00-1C-4C-00-02-35-4C-00-00-02-D4-00-00-00-00;NOTIFICATION;1;da1a1500-d532-4285-be94-b07a3e11a098;da1a1506-d532-4285-be94-b07a3e11a098;18;;
123926;1787501357107;1508;Settings / Licht & Fahrstufe;17;40;–;00-00-00-02-FF-FF-FF-FF-FF-FF-FF-00-00-00-00-00-00;NOTIFICATION;1;da1a1500-d532-4285-be94-b07a3e11a098;da1a1508-d532-4285-be94-b07a3e11a098;18;;
124137;1787501357318;1509;BatteryChange / Akku-Livestand;11;40;5,6,10;13-88-FF-FF-20-AF-00-00-00-00-DF;NOTIFICATION;1;da1a1500-d532-4285-be94-b07a3e11a098;da1a1509-d532-4285-be94-b07a3e11a098;18;;
124345;1787501357526;150A;MotorUpdate / Motor-Livestand;10;40;–;13-88-FF-FF-FF-FF-FF-FF-FF-FF;NOTIFICATION;1;da1a1500-d532-4285-be94-b07a3e11a098;da1a150a-d532-4285-be94-b07a3e11a098;18;;
124556;1787501357737;150B;Motor-/Controllerblock;20;40;–;FF-FF-FF-FF-FF-FF-FF-FF-FF-FF-FF-FF-FF-FF-FF-FF-FF-FF-FF-FF;NOTIFICATION;1;da1a1500-d532-4285-be94-b07a3e11a098;da1a150b-d532-4285-be94-b07a3e11a098;18;;
124765;1787501357946;150D;Fahrstatistik Max/Ø;20;40;3;00-DA-00-55-FF-FF-FF-FF-47-18-FF-FF-FF-FF-FF-FF-FF-FF-00-00;NOTIFICATION;1;da1a1500-d532-4285-be94-b07a3e11a098;da1a150d-d532-4285-be94-b07a3e11a098;18;;
125807;1787501358988;1502;Akkuinformationen;16;41;–;47-18-FF-FF-FF-FF-47-18-FF-FF-FF-FF-FF-FF-00-00;NOTIFICATION;1;da1a1500-d532-4285-be94-b07a3e11a098;da1a1502-d532-4285-be94-b07a3e11a098;18;;
126226;1787501359407;1505;BikePerformance / Fahrleistung;18;41;1,3;08-E8-08-E8-FF-FF-00-DA-FF-FF-FF-FF-FF-00-00-00-00-00;NOTIFICATION;1;da1a1500-d532-4285-be94-b07a3e11a098;da1a1505-d532-4285-be94-b07a3e11a098;18;;
126427;1787501359608;1506;Trip / Kilometer & Betriebszähler;16;41;7;00-00-1C-4C-00-02-35-4F-00-00-02-D4-00-00-00-00;NOTIFICATION;1;da1a1500-d532-4285-be94-b07a3e11a098;da1a1506-d532-4285-be94-b07a3e11a098;18;;
126845;1787501360026;1508;Settings / Licht & Fahrstufe;17;41;–;00-00-00-02-FF-FF-FF-FF-FF-FF-FF-00-00-00-00-00-00;NOTIFICATION;1;da1a1500-d532-4285-be94-b07a3e11a098;da1a1508-d532-4285-be94-b07a3e11a098;18;;
127054;1787501360235;1509;BatteryChange / Akku-Livestand;11;41;0,1,10;17-70-FF-FF-20-AF-00-00-00-00-B5;NOTIFICATION;1;da1a1500-d532-4285-be94-b07a3e11a098;da1a1509-d532-4285-be94-b07a3e11a098;18;;
127266;1787501360447;150A;MotorUpdate / Motor-Livestand;10;41;0,1;17-70-FF-FF-FF-FF-FF-FF-FF-FF;NOTIFICATION;1;da1a1500-d532-4285-be94-b07a3e11a098;da1a150a-d532-4285-be94-b07a3e11a098;18;;
127476;1787501360657;150B;Motor-/Controllerblock;20;41;–;FF-FF-FF-FF-FF-FF-FF-FF-FF-FF-FF-FF-FF-FF-FF-FF-FF-FF-FF-FF;NOTIFICATION;1;da1a1500-d532-4285-be94-b07a3e11a098;da1a150b-d532-4285-be94-b07a3e11a098;18;;
127684;1787501360865;150D;Fahrstatistik Max/Ø;20;41;–;00-DA-00-55-FF-FF-FF-FF-47-18-FF-FF-FF-FF-FF-FF-FF-FF-00-00;NOTIFICATION;1;da1a1500-d532-4285-be94-b07a3e11a098;da1a150d-d532-4285-be94-b07a3e11a098;18;;
128727;1787501361908;1502;Akkuinformationen;16;42;–;47-18-FF-FF-FF-FF-47-18-FF-FF-FF-FF-FF-FF-00-00;NOTIFICATION;1;da1a1500-d532-4285-be94-b07a3e11a098;da1a1502-d532-4285-be94-b07a3e11a098;18;;
129145;1787501362326;1505;BikePerformance / Fahrleistung;18;42;0,1,2,3;03-84-03-84-FF-FF-00-DA-FF-FF-FF-FF-FF-00-00-00-00-00;NOTIFICATION;1;da1a1500-d532-4285-be94-b07a3e11a098;da1a1505-d532-4285-be94-b07a3e11a098;18;;
129345;1787501362526;1506;Trip / Kilometer & Betriebszähler;16;42;7;00-00-1C-4C-00-02-35-52-00-00-02-D4-00-00-00-00;NOTIFICATION;1;da1a1500-d532-4285-be94-b07a3e11a098;da1a1506-d532-4285-be94-b07a3e11a098;18;;
129767;1787501362948;1508;Settings / Licht & Fahrstufe;17;42;–;00-00-00-02-FF-FF-FF-FF-FF-FF-FF-00-00-00-00-00-00;NOTIFICATION;1;da1a1500-d532-4285-be94-b07a3e11a098;da1a1508-d532-4285-be94-b07a3e11a098;18;;
129977;1787501363158;1509;BatteryChange / Akku-Livestand;11;42;0,1,5,6,10;0B-B8-FF-FF-20-B0-F4-00-00-00-87;NOTIFICATION;1;da1a1500-d532-4285-be94-b07a3e11a098;da1a1509-d532-4285-be94-b07a3e11a098;18;;
130186;1787501363367;150A;MotorUpdate / Motor-Livestand;10;42;–;17-70-FF-FF-FF-FF-FF-FF-FF-FF;NOTIFICATION;1;da1a1500-d532-4285-be94-b07a3e11a098;da1a150a-d532-4285-be94-b07a3e11a098;18;;
130395;1787501363576;150B;Motor-/Controllerblock;20;42;–;FF-FF-FF-FF-FF-FF-FF-FF-FF-FF-FF-FF-FF-FF-FF-FF-FF-FF-FF-FF;NOTIFICATION;1;da1a1500-d532-4285-be94-b07a3e11a098;da1a150b-d532-4285-be94-b07a3e11a098;18;;
130605;1787501363786;150D;Fahrstatistik Max/Ø;20;42;–;00-DA-00-55-FF-FF-FF-FF-47-18-FF-FF-FF-FF-FF-FF-FF-FF-00-00;NOTIFICATION;1;da1a1500-d532-4285-be94-b07a3e11a098;da1a150d-d532-4285-be94-b07a3e11a098;18;;
131648;1787501364829;1502;Akkuinformationen;16;43;–;47-18-FF-FF-FF-FF-47-18-FF-FF-FF-FF-FF-FF-00-00;NOTIFICATION;1;da1a1500-d532-4285-be94-b07a3e11a098;da1a1502-d532-4285-be94-b07a3e11a098;18;;
132066;1787501365247;1505;BikePerformance / Fahrleistung;18;43;0,1,2,3,7;11-62-11-62-FF-FF-00-C6-FF-FF-FF-FF-FF-00-00-00-00-00;NOTIFICATION;1;da1a1500-d532-4285-be94-b07a3e11a098;da1a1505-d532-4285-be94-b07a3e11a098;18;;
132267;1787501365448;1506;Trip / Kilometer & Betriebszähler;16;43;7;00-00-1C-4C-00-02-35-55-00-00-02-D4-00-00-00-00;NOTIFICATION;1;da1a1500-d532-4285-be94-b07a3e11a098;da1a1506-d532-4285-be94-b07a3e11a098;18;;
132686;1787501365867;1508;Settings / Licht & Fahrstufe;17;43;–;00-00-00-02-FF-FF-FF-FF-FF-FF-FF-00-00-00-00-00-00;NOTIFICATION;1;da1a1500-d532-4285-be94-b07a3e11a098;da1a1508-d532-4285-be94-b07a3e11a098;18;;
132895;1787501366076;1509;BatteryChange / Akku-Livestand;11;43;0,1,5,6,9,10;27-10-FF-FF-20-AD-0C-00-00-01-BB;NOTIFICATION;1;da1a1500-d532-4285-be94-b07a3e11a098;da1a1509-d532-4285-be94-b07a3e11a098;18;;
133105;1787501366286;150A;MotorUpdate / Motor-Livestand;10;43;0,1;27-10-FF-FF-FF-FF-FF-FF-FF-FF;NOTIFICATION;1;da1a1500-d532-4285-be94-b07a3e11a098;da1a150a-d532-4285-be94-b07a3e11a098;18;;
133316;1787501366497;150B;Motor-/Controllerblock;20;43;–;FF-FF-FF-FF-FF-FF-FF-FF-FF-FF-FF-FF-FF-FF-FF-FF-FF-FF-FF-FF;NOTIFICATION;1;da1a1500-d532-4285-be94-b07a3e11a098;da1a150b-d532-4285-be94-b07a3e11a098;18;;
133525;1787501366706;150D;Fahrstatistik Max/Ø;20;43;–;00-DA-00-55-FF-FF-FF-FF-47-18-FF-FF-FF-FF-FF-FF-FF-FF-00-00;NOTIFICATION;1;da1a1500-d532-4285-be94-b07a3e11a098;da1a150d-d532-4285-be94-b07a3e11a098;18;;
134566;1787501367747;1502;Akkuinformationen;16;44;–;47-18-FF-FF-FF-FF-47-18-FF-FF-FF-FF-FF-FF-00-00;NOTIFICATION;1;da1a1500-d532-4285-be94-b07a3e11a098;da1a1502-d532-4285-be94-b07a3e11a098;18;;
134986;1787501368167;1505;BikePerformance / Fahrleistung;18;44;–;;NOTIFICATION_QUARANTINED;1;da1a1500-d532-4285-be94-b07a3e11a098;da1a1505-d532-4285-be94-b07a3e11a098;18;c731f922c864db5014403d5303b06371032ae39c2dc3f73725b4e84b64c756e5;identity_or_free_form
135186;1787501368367;1506;Trip / Kilometer & Betriebszähler;16;44;7;00-00-1C-4C-00-02-35-57-00-00-02-D4-00-00-00-00;NOTIFICATION;1;da1a1500-d532-4285-be94-b07a3e11a098;da1a1506-d532-4285-be94-b07a3e11a098;18;;
135606;1787501368787;1508;Settings / Licht & Fahrstufe;17;44;–;00-00-00-02-FF-FF-FF-FF-FF-FF-FF-00-00-00-00-00-00;NOTIFICATION;1;da1a1500-d532-4285-be94-b07a3e11a098;da1a1508-d532-4285-be94-b07a3e11a098;18;;
135816;1787501368997;1509;BatteryChange / Akku-Livestand;11;44;0,1,5,6,10;1F-40-FF-FF-20-AE-9C-00-00-01-64;NOTIFICATION;1;da1a1500-d532-4285-be94-b07a3e11a098;da1a1509-d532-4285-be94-b07a3e11a098;18;;
136027;1787501369208;150A;MotorUpdate / Motor-Livestand;10;44;0,1;1F-40-FF-FF-FF-FF-FF-FF-FF-FF;NOTIFICATION;1;da1a1500-d532-4285-be94-b07a3e11a098;da1a150a-d532-4285-be94-b07a3e11a098;18;;
136235;1787501369416;150B;Motor-/Controllerblock;20;44;–;FF-FF-FF-FF-FF-FF-FF-FF-FF-FF-FF-FF-FF-FF-FF-FF-FF-FF-FF-FF;NOTIFICATION;1;da1a1500-d532-4285-be94-b07a3e11a098;da1a150b-d532-4285-be94-b07a3e11a098;18;;
136446;1787501369627;150D;Fahrstatistik Max/Ø;20;44;–;00-DA-00-55-FF-FF-FF-FF-47-18-FF-FF-FF-FF-FF-FF-FF-FF-00-00;NOTIFICATION;1;da1a1500-d532-4285-be94-b07a3e11a098;da1a150d-d532-4285-be94-b07a3e11a098;18;;
137487;1787501370668;1502;Akkuinformationen;16;45;–;47-18-FF-FF-FF-FF-47-18-FF-FF-FF-FF-FF-FF-00-00;NOTIFICATION;1;da1a1500-d532-4285-be94-b07a3e11a098;da1a1502-d532-4285-be94-b07a3e11a098;18;;
137904;1787501371085;1505;BikePerformance / Fahrleistung;18;45;0,1,2,3,7;00-00-00-00-FF-FF-00-CE-FF-FF-FF-FF-FF-00-00-00-00-00;NOTIFICATION;1;da1a1500-d532-4285-be94-b07a3e11a098;da1a1505-d532-4285-be94-b07a3e11a098;18;;
138104;1787501371285;1506;Trip / Kilometer & Betriebszähler;16;45;3,7;00-00-1C-4D-00-02-35-5A-00-00-02-D4-00-00-00-00;NOTIFICATION;1;da1a1500-d532-4285-be94-b07a3e11a098;da1a1506-d532-4285-be94-b07a3e11a098;18;;
138525;1787501371706;1508;Settings / Licht & Fahrstufe;17;45;–;00-00-00-02-FF-FF-FF-FF-FF-FF-FF-00-00-00-00-00-00;NOTIFICATION;1;da1a1500-d532-4285-be94-b07a3e11a098;da1a1508-d532-4285-be94-b07a3e11a098;18;;
138737;1787501371918;1509;BatteryChange / Akku-Livestand;11;45;0,1,5,6,9,10;00-00-FF-FF-20-B3-4C-00-00-00-00;NOTIFICATION;1;da1a1500-d532-4285-be94-b07a3e11a098;da1a1509-d532-4285-be94-b07a3e11a098;18;;
138945;1787501372126;150A;MotorUpdate / Motor-Livestand;10;45;0,1;00-00-FF-FF-FF-FF-FF-FF-FF-FF;NOTIFICATION;1;da1a1500-d532-4285-be94-b07a3e11a098;da1a150a-d532-4285-be94-b07a3e11a098;18;;
139155;1787501372336;150B;Motor-/Controllerblock;20;45;–;FF-FF-FF-FF-FF-FF-FF-FF-FF-FF-FF-FF-FF-FF-FF-FF-FF-FF-FF-FF;NOTIFICATION;1;da1a1500-d532-4285-be94-b07a3e11a098;da1a150b-d532-4285-be94-b07a3e11a098;18;;
139356;1787501372537;150D;Fahrstatistik Max/Ø;20;45;3;00-DA-00-7E-FF-FF-FF-FF-47-18-FF-FF-FF-FF-FF-FF-FF-FF-00-00;NOTIFICATION;1;da1a1500-d532-4285-be94-b07a3e11a098;da1a150d-d532-4285-be94-b07a3e11a098;18;;
140406;1787501373587;1502;Akkuinformationen;16;46;–;47-18-FF-FF-FF-FF-47-18-FF-FF-FF-FF-FF-FF-00-00;NOTIFICATION;1;da1a1500-d532-4285-be94-b07a3e11a098;da1a1502-d532-4285-be94-b07a3e11a098;18;;
140817;1787501373998;1505;BikePerformance / Fahrleistung;18;46;0,1,2,3,7;11-30-11-30-FF-FF-00-AF-FF-FF-FF-FF-FF-00-00-00-00-00;NOTIFICATION;1;da1a1500-d532-4285-be94-b07a3e11a098;da1a1505-d532-4285-be94-b07a3e11a098;18;;
141030;1787501374211;1506;Trip / Kilometer & Betriebszähler;16;46;7;00-00-1C-4D-00-02-35-5D-00-00-02-D4-00-00-00-00;NOTIFICATION;1;da1a1500-d532-4285-be94-b07a3e11a098;da1a1506-d532-4285-be94-b07a3e11a098;18;;
141447;1787501374628;1508;Settings / Licht & Fahrstufe;17;46;–;00-00-00-02-FF-FF-FF-FF-FF-FF-FF-00-00-00-00-00-00;NOTIFICATION;1;da1a1500-d532-4285-be94-b07a3e11a098;da1a1508-d532-4285-be94-b07a3e11a098;18;;
141654;1787501374835;1509;BatteryChange / Akku-Livestand;11;46;0,1,5,6,9,10;2A-F8-FF-FF-20-AD-0C-00-00-01-E7;NOTIFICATION;1;da1a1500-d532-4285-be94-b07a3e11a098;da1a1509-d532-4285-be94-b07a3e11a098;18;;
141866;1787501375047;150A;MotorUpdate / Motor-Livestand;10;46;0,1;2A-F8-FF-FF-FF-FF-FF-FF-FF-FF;NOTIFICATION;1;da1a1500-d532-4285-be94-b07a3e11a098;da1a150a-d532-4285-be94-b07a3e11a098;18;;
142079;1787501375260;150B;Motor-/Controllerblock;20;46;–;FF-FF-FF-FF-FF-FF-FF-FF-FF-FF-FF-FF-FF-FF-FF-FF-FF-FF-FF-FF;NOTIFICATION;1;da1a1500-d532-4285-be94-b07a3e11a098;da1a150b-d532-4285-be94-b07a3e11a098;18;;
142279;1787501375460;150D;Fahrstatistik Max/Ø;20;46;–;00-DA-00-7E-FF-FF-FF-FF-47-18-FF-FF-FF-FF-FF-FF-FF-FF-00-00;NOTIFICATION;1;da1a1500-d532-4285-be94-b07a3e11a098;da1a150d-d532-4285-be94-b07a3e11a098;18;;
143326;1787501376507;1502;Akkuinformationen;16;47;–;47-18-FF-FF-FF-FF-47-18-FF-FF-FF-FF-FF-FF-00-00;NOTIFICATION;1;da1a1500-d532-4285-be94-b07a3e11a098;da1a1502-d532-4285-be94-b07a3e11a098;18;;
143736;1787501376917;1505;BikePerformance / Fahrleistung;18;47;0,1,2,3,7;0C-26-0C-26-FF-FF-00-DA-FF-FF-FF-FF-FF-00-00-00-00-00;NOTIFICATION;1;da1a1500-d532-4285-be94-b07a3e11a098;da1a1505-d532-4285-be94-b07a3e11a098;18;;
143945;1787501377126;1506;Trip / Kilometer & Betriebszähler;16;47;7;00-00-1C-4D-00-02-35-60-00-00-02-D4-00-00-00-00;NOTIFICATION;1;da1a1500-d532-4285-be94-b07a3e11a098;da1a1506-d532-4285-be94-b07a3e11a098;18;;
144366;1787501377547;1508;Settings / Licht & Fahrstufe;17;47;–;00-00-00-02-FF-FF-FF-FF-FF-FF-FF-00-00-00-00-00-00;NOTIFICATION;1;da1a1500-d532-4285-be94-b07a3e11a098;da1a1508-d532-4285-be94-b07a3e11a098;18;;
144578;1787501377759;1509;BatteryChange / Akku-Livestand;11;47;0,1,6,10;1F-40-FF-FF-20-AD-70-00-00-01-63;NOTIFICATION;1;da1a1500-d532-4285-be94-b07a3e11a098;da1a1509-d532-4285-be94-b07a3e11a098;18;;
144785;1787501377966;150A;MotorUpdate / Motor-Livestand;10;47;0,1;1F-40-FF-FF-FF-FF-FF-FF-FF-FF;NOTIFICATION;1;da1a1500-d532-4285-be94-b07a3e11a098;da1a150a-d532-4285-be94-b07a3e11a098;18;;
144995;1787501378176;150B;Motor-/Controllerblock;20;47;–;FF-FF-FF-FF-FF-FF-FF-FF-FF-FF-FF-FF-FF-FF-FF-FF-FF-FF-FF-FF;NOTIFICATION;1;da1a1500-d532-4285-be94-b07a3e11a098;da1a150b-d532-4285-be94-b07a3e11a098;18;;
145194;1787501378375;150D;Fahrstatistik Max/Ø;20;47;–;00-DA-00-7E-FF-FF-FF-FF-47-18-FF-FF-FF-FF-FF-FF-FF-FF-00-00;NOTIFICATION;1;da1a1500-d532-4285-be94-b07a3e11a098;da1a150d-d532-4285-be94-b07a3e11a098;18;;
146247;1787501379428;1502;Akkuinformationen;16;48;–;47-18-FF-FF-FF-FF-47-18-FF-FF-FF-FF-FF-FF-00-00;NOTIFICATION;1;da1a1500-d532-4285-be94-b07a3e11a098;da1a1502-d532-4285-be94-b07a3e11a098;18;;
146656;1787501379837;1505;BikePerformance / Fahrleistung;18;48;0,1,2,3,7;11-58-11-58-FF-FF-00-D0-FF-FF-FF-FF-FF-00-00-00-00-00;NOTIFICATION;1;da1a1500-d532-4285-be94-b07a3e11a098;da1a1505-d532-4285-be94-b07a3e11a098;18;;
146868;1787501380049;1506;Trip / Kilometer & Betriebszähler;16;48;7;00-00-1C-4D-00-02-35-63-00-00-02-D4-00-00-00-00;NOTIFICATION;1;da1a1500-d532-4285-be94-b07a3e11a098;da1a1506-d532-4285-be94-b07a3e11a098;18;;
147286;1787501380467;1508;Settings / Licht & Fahrstufe;17;48;–;00-00-00-02-FF-FF-FF-FF-FF-FF-FF-00-00-00-00-00-00;NOTIFICATION;1;da1a1500-d532-4285-be94-b07a3e11a098;da1a1508-d532-4285-be94-b07a3e11a098;18;;
147499;1787501380680;1509;BatteryChange / Akku-Livestand;11;48;6,10;1F-40-FF-FF-20-AD-D4-00-00-01-64;NOTIFICATION;1;da1a1500-d532-4285-be94-b07a3e11a098;da1a1509-d532-4285-be94-b07a3e11a098;18;;
147706;1787501380887;150A;MotorUpdate / Motor-Livestand;10;48;–;1F-40-FF-FF-FF-FF-FF-FF-FF-FF;NOTIFICATION;1;da1a1500-d532-4285-be94-b07a3e11a098;da1a150a-d532-4285-be94-b07a3e11a098;18;;
147915;1787501381096;150B;Motor-/Controllerblock;20;48;–;FF-FF-FF-FF-FF-FF-FF-FF-FF-FF-FF-FF-FF-FF-FF-FF-FF-FF-FF-FF;NOTIFICATION;1;da1a1500-d532-4285-be94-b07a3e11a098;da1a150b-d532-4285-be94-b07a3e11a098;18;;
148117;1787501381298;150D;Fahrstatistik Max/Ø;20;48;–;00-DA-00-7E-FF-FF-FF-FF-47-18-FF-FF-FF-FF-FF-FF-FF-FF-00-00;NOTIFICATION;1;da1a1500-d532-4285-be94-b07a3e11a098;da1a150d-d532-4285-be94-b07a3e11a098;18;;
149164;1787501382345;1502;Akkuinformationen;16;49;–;47-18-FF-FF-FF-FF-47-18-FF-FF-FF-FF-FF-FF-00-00;NOTIFICATION;1;da1a1500-d532-4285-be94-b07a3e11a098;da1a1502-d532-4285-be94-b07a3e11a098;18;;
149580;1787501382761;1505;BikePerformance / Fahrleistung;18;49;0,1,2,3,7;07-08-07-08-FF-FF-00-DA-FF-FF-FF-FF-FF-00-00-00-00-00;NOTIFICATION;1;da1a1500-d532-4285-be94-b07a3e11a098;da1a1505-d532-4285-be94-b07a3e11a098;18;;
149785;1787501382966;1506;Trip / Kilometer & Betriebszähler;16;49;7;00-00-1C-4D-00-02-35-66-00-00-02-D4-00-00-00-00;NOTIFICATION;1;da1a1500-d532-4285-be94-b07a3e11a098;da1a1506-d532-4285-be94-b07a3e11a098;18;;
150207;1787501383388;1508;Settings / Licht & Fahrstufe;17;49;–;00-00-00-02-FF-FF-FF-FF-FF-FF-FF-00-00-00-00-00-00;NOTIFICATION;1;da1a1500-d532-4285-be94-b07a3e11a098;da1a1508-d532-4285-be94-b07a3e11a098;18;;
150414;1787501383595;1509;BatteryChange / Akku-Livestand;11;49;0,1,5,6,9,10;0F-A0-FF-FF-20-B0-2C-00-00-00-B4;NOTIFICATION;1;da1a1500-d532-4285-be94-b07a3e11a098;da1a1509-d532-4285-be94-b07a3e11a098;18;;
150623;1787501383804;150A;MotorUpdate / Motor-Livestand;10;49;0,1;0F-A0-FF-FF-FF-FF-FF-FF-FF-FF;NOTIFICATION;1;da1a1500-d532-4285-be94-b07a3e11a098;da1a150a-d532-4285-be94-b07a3e11a098;18;;
150836;1787501384017;150B;Motor-/Controllerblock;20;49;–;FF-FF-FF-FF-FF-FF-FF-FF-FF-FF-FF-FF-FF-FF-FF-FF-FF-FF-FF-FF;NOTIFICATION;1;da1a1500-d532-4285-be94-b07a3e11a098;da1a150b-d532-4285-be94-b07a3e11a098;18;;
151035;1787501384216;150D;Fahrstatistik Max/Ø;20;49;–;00-DA-00-7E-FF-FF-FF-FF-47-18-FF-FF-FF-FF-FF-FF-FF-FF-00-00;NOTIFICATION;1;da1a1500-d532-4285-be94-b07a3e11a098;da1a150d-d532-4285-be94-b07a3e11a098;18;;
152085;1787501385266;1502;Akkuinformationen;16;50;–;47-18-FF-FF-FF-FF-47-18-FF-FF-FF-FF-FF-FF-00-00;NOTIFICATION;1;da1a1500-d532-4285-be94-b07a3e11a098;da1a1502-d532-4285-be94-b07a3e11a098;18;;
152495;1787501385676;1505;BikePerformance / Fahrleistung;18;50;0,1,2,3;0C-26-0C-26-FF-FF-00-DA-FF-FF-FF-FF-FF-00-00-00-00-00;NOTIFICATION;1;da1a1500-d532-4285-be94-b07a3e11a098;da1a1505-d532-4285-be94-b07a3e11a098;18;;
152704;1787501385885;1506;Trip / Kilometer & Betriebszähler;16;50;7;00-00-1C-4D-00-02-35-69-00-00-02-D4-00-00-00-00;NOTIFICATION;1;da1a1500-d532-4285-be94-b07a3e11a098;da1a1506-d532-4285-be94-b07a3e11a098;18;;
153127;1787501386308;1508;Settings / Licht & Fahrstufe;17;50;–;00-00-00-02-FF-FF-FF-FF-FF-FF-FF-00-00-00-00-00-00;NOTIFICATION;1;da1a1500-d532-4285-be94-b07a3e11a098;da1a1508-d532-4285-be94-b07a3e11a098;18;;
153337;1787501386518;1509;BatteryChange / Akku-Livestand;11;50;0,1,9,10;17-70-FF-FF-20-B0-2C-00-00-01-0E;NOTIFICATION;1;da1a1500-d532-4285-be94-b07a3e11a098;da1a1509-d532-4285-be94-b07a3e11a098;18;;
153544;1787501386725;150A;MotorUpdate / Motor-Livestand;10;50;0,1;13-88-FF-FF-FF-FF-FF-FF-FF-FF;NOTIFICATION;1;da1a1500-d532-4285-be94-b07a3e11a098;da1a150a-d532-4285-be94-b07a3e11a098;18;;
153755;1787501386936;150B;Motor-/Controllerblock;20;50;–;FF-FF-FF-FF-FF-FF-FF-FF-FF-FF-FF-FF-FF-FF-FF-FF-FF-FF-FF-FF;NOTIFICATION;1;da1a1500-d532-4285-be94-b07a3e11a098;da1a150b-d532-4285-be94-b07a3e11a098;18;;
153954;1787501387135;150D;Fahrstatistik Max/Ø;20;50;–;00-DA-00-7E-FF-FF-FF-FF-47-18-FF-FF-FF-FF-FF-FF-FF-FF-00-00;NOTIFICATION;1;da1a1500-d532-4285-be94-b07a3e11a098;da1a150d-d532-4285-be94-b07a3e11a098;18;;
155006;1787501388187;1502;Akkuinformationen;16;51;–;47-18-FF-FF-FF-FF-47-18-FF-FF-FF-FF-FF-FF-00-00;NOTIFICATION;1;da1a1500-d532-4285-be94-b07a3e11a098;da1a1502-d532-4285-be94-b07a3e11a098;18;;
155428;1787501388609;1505;BikePerformance / Fahrleistung;18;51;1,3;0C-30-0C-30-FF-FF-00-DA-FF-FF-FF-FF-FF-00-00-00-00-00;NOTIFICATION;1;da1a1500-d532-4285-be94-b07a3e11a098;da1a1505-d532-4285-be94-b07a3e11a098;18;;
155637;1787501388818;1506;Trip / Kilometer & Betriebszähler;16;51;3,7;00-00-1C-4E-00-02-35-6C-00-00-02-D4-00-00-00-00;NOTIFICATION;1;da1a1500-d532-4285-be94-b07a3e11a098;da1a1506-d532-4285-be94-b07a3e11a098;18;;
156057;1787501389238;1508;Settings / Licht & Fahrstufe;17;51;–;00-00-00-02-FF-FF-FF-FF-FF-FF-FF-00-00-00-00-00-00;NOTIFICATION;1;da1a1500-d532-4285-be94-b07a3e11a098;da1a1508-d532-4285-be94-b07a3e11a098;18;;
156257;1787501389438;1509;BatteryChange / Akku-Livestand;11;51;0,1,5,6,10;1B-58-FF-FF-20-AE-38-00-00-01-0C;NOTIFICATION;1;da1a1500-d532-4285-be94-b07a3e11a098;da1a1509-d532-4285-be94-b07a3e11a098;18;;
156465;1787501389646;150A;MotorUpdate / Motor-Livestand;10;51;0,1;1B-58-FF-FF-FF-FF-FF-FF-FF-FF;NOTIFICATION;1;da1a1500-d532-4285-be94-b07a3e11a098;da1a150a-d532-4285-be94-b07a3e11a098;18;;
156678;1787501389859;150B;Motor-/Controllerblock;20;51;–;FF-FF-FF-FF-FF-FF-FF-FF-FF-FF-FF-FF-FF-FF-FF-FF-FF-FF-FF-FF;NOTIFICATION;1;da1a1500-d532-4285-be94-b07a3e11a098;da1a150b-d532-4285-be94-b07a3e11a098;18;;
156885;1787501390066;150D;Fahrstatistik Max/Ø;20;51;3;00-DA-00-90-FF-FF-FF-FF-47-18-FF-FF-FF-FF-FF-FF-FF-FF-00-00;NOTIFICATION;1;da1a1500-d532-4285-be94-b07a3e11a098;da1a150d-d532-4285-be94-b07a3e11a098;18;;
157929;1787501391110;1502;Akkuinformationen;16;52;–;47-18-FF-FF-FF-FF-47-18-FF-FF-FF-FF-FF-FF-00-00;NOTIFICATION;1;da1a1500-d532-4285-be94-b07a3e11a098;da1a1502-d532-4285-be94-b07a3e11a098;18;;
158347;1787501391528;1505;BikePerformance / Fahrleistung;18;52;0,1,2,3;08-C0-08-C0-FF-FF-00-DA-FF-FF-FF-FF-FF-00-00-00-00-00;NOTIFICATION;1;da1a1500-d532-4285-be94-b07a3e11a098;da1a1505-d532-4285-be94-b07a3e11a098;18;;
158557;1787501391738;1506;Trip / Kilometer & Betriebszähler;16;52;7;00-00-1C-4E-00-02-35-6F-00-00-02-D4-00-00-00-00;NOTIFICATION;1;da1a1500-d532-4285-be94-b07a3e11a098;da1a1506-d532-4285-be94-b07a3e11a098;18;;
158974;1787501392155;1508;Settings / Licht & Fahrstufe;17;52;–;00-00-00-02-FF-FF-FF-FF-FF-FF-FF-00-00-00-00-00-00;NOTIFICATION;1;da1a1500-d532-4285-be94-b07a3e11a098;da1a1508-d532-4285-be94-b07a3e11a098;18;;
159176;1787501392357;1509;BatteryChange / Akku-Livestand;11;52;0,1,5,6,9,10;07-D0-FF-FF-20-AF-C8-00-00-00-5A;NOTIFICATION;1;da1a1500-d532-4285-be94-b07a3e11a098;da1a1509-d532-4285-be94-b07a3e11a098;18;;
159387;1787501392568;150A;MotorUpdate / Motor-Livestand;10;52;0,1;0F-A0-FF-FF-FF-FF-FF-FF-FF-FF;NOTIFICATION;1;da1a1500-d532-4285-be94-b07a3e11a098;da1a150a-d532-4285-be94-b07a3e11a098;18;;
159596;1787501392777;150B;Motor-/Controllerblock;20;52;–;FF-FF-FF-FF-FF-FF-FF-FF-FF-FF-FF-FF-FF-FF-FF-FF-FF-FF-FF-FF;NOTIFICATION;1;da1a1500-d532-4285-be94-b07a3e11a098;da1a150b-d532-4285-be94-b07a3e11a098;18;;
159808;1787501392989;150D;Fahrstatistik Max/Ø;20;52;–;00-DA-00-90-FF-FF-FF-FF-47-18-FF-FF-FF-FF-FF-FF-FF-FF-00-00;NOTIFICATION;1;da1a1500-d532-4285-be94-b07a3e11a098;da1a150d-d532-4285-be94-b07a3e11a098;18;;
160848;1787501394029;1502;Akkuinformationen;16;53;–;47-18-FF-FF-FF-FF-47-18-FF-FF-FF-FF-FF-FF-00-00;NOTIFICATION;1;da1a1500-d532-4285-be94-b07a3e11a098;da1a1502-d532-4285-be94-b07a3e11a098;18;;
161269;1787501394450;1505;BikePerformance / Fahrleistung;18;53;1,3;08-B6-08-B6-FF-FF-00-DA-FF-FF-FF-FF-FF-00-00-00-00-00;NOTIFICATION;1;da1a1500-d532-4285-be94-b07a3e11a098;da1a1505-d532-4285-be94-b07a3e11a098;18;;
161476;1787501394657;1506;Trip / Kilometer & Betriebszähler;16;53;7;00-00-1C-4E-00-02-35-72-00-00-02-D4-00-00-00-00;NOTIFICATION;1;da1a1500-d532-4285-be94-b07a3e11a098;da1a1506-d532-4285-be94-b07a3e11a098;18;;
161896;1787501395077;1508;Settings / Licht & Fahrstufe;17;53;–;00-00-00-02-FF-FF-FF-FF-FF-FF-FF-00-00-00-00-00-00;NOTIFICATION;1;da1a1500-d532-4285-be94-b07a3e11a098;da1a1508-d532-4285-be94-b07a3e11a098;18;;
162096;1787501395277;1509;BatteryChange / Akku-Livestand;11;53;0,1,5,6,9,10;17-70-FF-FF-20-AE-38-00-00-01-0B;NOTIFICATION;1;da1a1500-d532-4285-be94-b07a3e11a098;da1a1509-d532-4285-be94-b07a3e11a098;18;;
162306;1787501395487;150A;MotorUpdate / Motor-Livestand;10;53;0,1;17-70-FF-FF-FF-FF-FF-FF-FF-FF;NOTIFICATION;1;da1a1500-d532-4285-be94-b07a3e11a098;da1a150a-d532-4285-be94-b07a3e11a098;18;;
162515;1787501395696;150B;Motor-/Controllerblock;20;53;–;FF-FF-FF-FF-FF-FF-FF-FF-FF-FF-FF-FF-FF-FF-FF-FF-FF-FF-FF-FF;NOTIFICATION;1;da1a1500-d532-4285-be94-b07a3e11a098;da1a150b-d532-4285-be94-b07a3e11a098;18;;
162725;1787501395906;150D;Fahrstatistik Max/Ø;20;53;–;00-DA-00-90-FF-FF-FF-FF-47-18-FF-FF-FF-FF-FF-FF-FF-FF-00-00;NOTIFICATION;1;da1a1500-d532-4285-be94-b07a3e11a098;da1a150d-d532-4285-be94-b07a3e11a098;18;;
163763;1787501396944;1502;Akkuinformationen;16;54;–;47-18-FF-FF-FF-FF-47-18-FF-FF-FF-FF-FF-FF-00-00;NOTIFICATION;1;da1a1500-d532-4285-be94-b07a3e11a098;da1a1502-d532-4285-be94-b07a3e11a098;18;;
164185;1787501397366;1505;BikePerformance / Fahrleistung;18;54;0,1,2,3;0A-78-0A-78-FF-FF-00-DA-FF-FF-FF-FF-FF-00-00-00-00-00;NOTIFICATION;1;da1a1500-d532-4285-be94-b07a3e11a098;da1a1505-d532-4285-be94-b07a3e11a098;18;;
164396;1787501397577;1506;Trip / Kilometer & Betriebszähler;16;54;7;00-00-1C-4E-00-02-35-75-00-00-02-D4-00-00-00-00;NOTIFICATION;1;da1a1500-d532-4285-be94-b07a3e11a098;da1a1506-d532-4285-be94-b07a3e11a098;18;;
164816;1787501397997;1508;Settings / Licht & Fahrstufe;17;54;–;00-00-00-02-FF-FF-FF-FF-FF-FF-FF-00-00-00-00-00-00;NOTIFICATION;1;da1a1500-d532-4285-be94-b07a3e11a098;da1a1508-d532-4285-be94-b07a3e11a098;18;;
165016;1787501398197;1509;BatteryChange / Akku-Livestand;11;54;5,6,10;17-70-FF-FF-20-AF-00-00-00-01-0C;NOTIFICATION;1;da1a1500-d532-4285-be94-b07a3e11a098;da1a1509-d532-4285-be94-b07a3e11a098;18;;
165223;1787501398404;150A;MotorUpdate / Motor-Livestand;10;54;–;17-70-FF-FF-FF-FF-FF-FF-FF-FF;NOTIFICATION;1;da1a1500-d532-4285-be94-b07a3e11a098;da1a150a-d532-4285-be94-b07a3e11a098;18;;
165436;1787501398617;150B;Motor-/Controllerblock;20;54;–;FF-FF-FF-FF-FF-FF-FF-FF-FF-FF-FF-FF-FF-FF-FF-FF-FF-FF-FF-FF;NOTIFICATION;1;da1a1500-d532-4285-be94-b07a3e11a098;da1a150b-d532-4285-be94-b07a3e11a098;18;;
165647;1787501398828;150D;Fahrstatistik Max/Ø;20;54;–;00-DA-00-90-FF-FF-FF-FF-47-18-FF-FF-FF-FF-FF-FF-FF-FF-00-00;NOTIFICATION;1;da1a1500-d532-4285-be94-b07a3e11a098;da1a150d-d532-4285-be94-b07a3e11a098;18;;
166686;1787501399867;1502;Akkuinformationen;16;55;–;47-18-FF-FF-FF-FF-47-18-FF-FF-FF-FF-FF-FF-00-00;NOTIFICATION;1;da1a1500-d532-4285-be94-b07a3e11a098;da1a1502-d532-4285-be94-b07a3e11a098;18;;
167104;1787501400285;1505;BikePerformance / Fahrleistung;18;55;0,1,2,3;0C-30-0C-30-FF-FF-00-DA-FF-FF-FF-FF-FF-00-00-00-00-00;NOTIFICATION;1;da1a1500-d532-4285-be94-b07a3e11a098;da1a1505-d532-4285-be94-b07a3e11a098;18;;
167318;1787501400499;1506;Trip / Kilometer & Betriebszähler;16;55;7;00-00-1C-4E-00-02-35-78-00-00-02-D4-00-00-00-00;NOTIFICATION;1;da1a1500-d532-4285-be94-b07a3e11a098;da1a1506-d532-4285-be94-b07a3e11a098;18;;
167737;1787501400918;1508;Settings / Licht & Fahrstufe;17;55;–;00-00-00-02-FF-FF-FF-FF-FF-FF-FF-00-00-00-00-00-00;NOTIFICATION;1;da1a1500-d532-4285-be94-b07a3e11a098;da1a1508-d532-4285-be94-b07a3e11a098;18;;
167937;1787501401118;1509;BatteryChange / Akku-Livestand;11;55;0,1,9,10;13-88-FF-FF-20-AF-00-00-00-00-E0;NOTIFICATION;1;da1a1500-d532-4285-be94-b07a3e11a098;da1a1509-d532-4285-be94-b07a3e11a098;18;;
168146;1787501401327;150A;MotorUpdate / Motor-Livestand;10;55;0,1;13-88-FF-FF-FF-FF-FF-FF-FF-FF;NOTIFICATION;1;da1a1500-d532-4285-be94-b07a3e11a098;da1a150a-d532-4285-be94-b07a3e11a098;18;;
168357;1787501401538;150B;Motor-/Controllerblock;20;55;–;FF-FF-FF-FF-FF-FF-FF-FF-FF-FF-FF-FF-FF-FF-FF-FF-FF-FF-FF-FF;NOTIFICATION;1;da1a1500-d532-4285-be94-b07a3e11a098;da1a150b-d532-4285-be94-b07a3e11a098;18;;
168565;1787501401746;150D;Fahrstatistik Max/Ø;20;55;–;00-DA-00-90-FF-FF-FF-FF-47-18-FF-FF-FF-FF-FF-FF-FF-FF-00-00;NOTIFICATION;1;da1a1500-d532-4285-be94-b07a3e11a098;da1a150d-d532-4285-be94-b07a3e11a098;18;;
169609;1787501402790;1502;Akkuinformationen;16;56;–;47-18-FF-FF-FF-FF-47-18-FF-FF-FF-FF-FF-FF-00-00;NOTIFICATION;1;da1a1500-d532-4285-be94-b07a3e11a098;da1a1502-d532-4285-be94-b07a3e11a098;18;;
170027;1787501403208;1505;BikePerformance / Fahrleistung;18;56;–;;NOTIFICATION_QUARANTINED;1;da1a1500-d532-4285-be94-b07a3e11a098;da1a1505-d532-4285-be94-b07a3e11a098;18;c731f922c864db5014403d5303b06371032ae39c2dc3f73725b4e84b64c756e5;identity_or_free_form
170237;1787501403418;1506;Trip / Kilometer & Betriebszähler;16;56;7;00-00-1C-4E-00-02-35-7B-00-00-02-D4-00-00-00-00;NOTIFICATION;1;da1a1500-d532-4285-be94-b07a3e11a098;da1a1506-d532-4285-be94-b07a3e11a098;18;;
170655;1787501403836;1508;Settings / Licht & Fahrstufe;17;56;–;00-00-00-02-FF-FF-FF-FF-FF-FF-FF-00-00-00-00-00-00;NOTIFICATION;1;da1a1500-d532-4285-be94-b07a3e11a098;da1a1508-d532-4285-be94-b07a3e11a098;18;;
170857;1787501404038;1509;BatteryChange / Akku-Livestand;11;56;0,1,5,6,9,10;1B-58-FF-FF-20-AE-9C-00-00-01-38;NOTIFICATION;1;da1a1500-d532-4285-be94-b07a3e11a098;da1a1509-d532-4285-be94-b07a3e11a098;18;;
171065;1787501404246;150A;MotorUpdate / Motor-Livestand;10;56;0,1;1B-58-FF-FF-FF-FF-FF-FF-FF-FF;NOTIFICATION;1;da1a1500-d532-4285-be94-b07a3e11a098;da1a150a-d532-4285-be94-b07a3e11a098;18;;
171279;1787501404460;150B;Motor-/Controllerblock;20;56;–;FF-FF-FF-FF-FF-FF-FF-FF-FF-FF-FF-FF-FF-FF-FF-FF-FF-FF-FF-FF;NOTIFICATION;1;da1a1500-d532-4285-be94-b07a3e11a098;da1a150b-d532-4285-be94-b07a3e11a098;18;;
171484;1787501404665;150D;Fahrstatistik Max/Ø;20;56;–;00-DA-00-90-FF-FF-FF-FF-47-18-FF-FF-FF-FF-FF-FF-FF-FF-00-00;NOTIFICATION;1;da1a1500-d532-4285-be94-b07a3e11a098;da1a150d-d532-4285-be94-b07a3e11a098;18;;
172525;1787501405706;1502;Akkuinformationen;16;57;–;47-18-FF-FF-FF-FF-47-18-FF-FF-FF-FF-FF-FF-00-00;NOTIFICATION;1;da1a1500-d532-4285-be94-b07a3e11a098;da1a1502-d532-4285-be94-b07a3e11a098;18;;
172947;1787501406128;1505;BikePerformance / Fahrleistung;18;57;–;0C-30-0C-30-FF-FF-00-DA-FF-FF-FF-FF-FF-00-00-00-00-00;NOTIFICATION;1;da1a1500-d532-4285-be94-b07a3e11a098;da1a1505-d532-4285-be94-b07a3e11a098;18;;
173156;1787501406337;1506;Trip / Kilometer & Betriebszähler;16;57;3,7;00-00-1C-4F-00-02-35-7E-00-00-02-D4-00-00-00-00;NOTIFICATION;1;da1a1500-d532-4285-be94-b07a3e11a098;da1a1506-d532-4285-be94-b07a3e11a098;18;;
173567;1787501406748;1508;Settings / Licht & Fahrstufe;17;57;–;00-00-00-02-FF-FF-FF-FF-FF-FF-FF-00-00-00-00-00-00;NOTIFICATION;1;da1a1500-d532-4285-be94-b07a3e11a098;da1a1508-d532-4285-be94-b07a3e11a098;18;;
173776;1787501406957;1509;BatteryChange / Akku-Livestand;11;57;0,1,5,6,9,10;0B-B8-FF-FF-20-B1-58-00-00-00-88;NOTIFICATION;1;da1a1500-d532-4285-be94-b07a3e11a098;da1a1509-d532-4285-be94-b07a3e11a098;18;;
173986;1787501407167;150A;MotorUpdate / Motor-Livestand;10;57;0,1;03-E8-FF-FF-FF-FF-FF-FF-FF-FF;NOTIFICATION;1;da1a1500-d532-4285-be94-b07a3e11a098;da1a150a-d532-4285-be94-b07a3e11a098;18;;
174195;1787501407376;150B;Motor-/Controllerblock;20;57;–;FF-FF-FF-FF-FF-FF-FF-FF-FF-FF-FF-FF-FF-FF-FF-FF-FF-FF-FF-FF;NOTIFICATION;1;da1a1500-d532-4285-be94-b07a3e11a098;da1a150b-d532-4285-be94-b07a3e11a098;18;;
174406;1787501407587;150D;Fahrstatistik Max/Ø;20;57;3;00-DA-00-9A-FF-FF-FF-FF-47-18-FF-FF-FF-FF-FF-FF-FF-FF-00-00;NOTIFICATION;1;da1a1500-d532-4285-be94-b07a3e11a098;da1a150d-d532-4285-be94-b07a3e11a098;18;;
175445;1787501408626;1502;Akkuinformationen;16;58;–;47-18-FF-FF-FF-FF-47-18-FF-FF-FF-FF-FF-FF-00-00;NOTIFICATION;1;da1a1500-d532-4285-be94-b07a3e11a098;da1a1502-d532-4285-be94-b07a3e11a098;18;;
175865;1787501409046;1505;BikePerformance / Fahrleistung;18;58;0,1,2,3,7;00-00-00-00-FF-FF-00-B6-FF-FF-FF-FF-FF-00-00-00-00-00;NOTIFICATION;1;da1a1500-d532-4285-be94-b07a3e11a098;da1a1505-d532-4285-be94-b07a3e11a098;18;;
176076;1787501409257;1506;Trip / Kilometer & Betriebszähler;16;58;7;00-00-1C-4F-00-02-35-81-00-00-02-D4-00-00-00-00;NOTIFICATION;1;da1a1500-d532-4285-be94-b07a3e11a098;da1a1506-d532-4285-be94-b07a3e11a098;18;;
176486;1787501409667;1508;Settings / Licht & Fahrstufe;17;58;–;00-00-00-02-FF-FF-FF-FF-FF-FF-FF-00-00-00-00-00-00;NOTIFICATION;1;da1a1500-d532-4285-be94-b07a3e11a098;da1a1508-d532-4285-be94-b07a3e11a098;18;;
176694;1787501409875;1509;BatteryChange / Akku-Livestand;11;58;0,1,5,6,10;00-00-FF-FF-20-B2-20-00-00-00-00;NOTIFICATION;1;da1a1500-d532-4285-be94-b07a3e11a098;da1a1509-d532-4285-be94-b07a3e11a098;18;;
176906;1787501410087;150A;MotorUpdate / Motor-Livestand;10;58;0,1;00-00-FF-FF-FF-FF-FF-FF-FF-FF;NOTIFICATION;1;da1a1500-d532-4285-be94-b07a3e11a098;da1a150a-d532-4285-be94-b07a3e11a098;18;;
177117;1787501410298;150B;Motor-/Controllerblock;20;58;–;FF-FF-FF-FF-FF-FF-FF-FF-FF-FF-FF-FF-FF-FF-FF-FF-FF-FF-FF-FF;NOTIFICATION;1;da1a1500-d532-4285-be94-b07a3e11a098;da1a150b-d532-4285-be94-b07a3e11a098;18;;
177325;1787501410506;150D;Fahrstatistik Max/Ø;20;58;–;00-DA-00-9A-FF-FF-FF-FF-47-18-FF-FF-FF-FF-FF-FF-FF-FF-00-00;NOTIFICATION;1;da1a1500-d532-4285-be94-b07a3e11a098;da1a150d-d532-4285-be94-b07a3e11a098;18;;
178366;1787501411547;1502;Akkuinformationen;16;59;–;47-18-FF-FF-FF-FF-47-18-FF-FF-FF-FF-FF-FF-00-00;NOTIFICATION;1;da1a1500-d532-4285-be94-b07a3e11a098;da1a1502-d532-4285-be94-b07a3e11a098;18;;
178785;1787501411966;1505;BikePerformance / Fahrleistung;18;59;0,1,2,3,7;12-F2-12-F2-FF-FF-00-BC-FF-FF-FF-FF-FF-00-00-00-00-00;NOTIFICATION;1;da1a1500-d532-4285-be94-b07a3e11a098;da1a1505-d532-4285-be94-b07a3e11a098;18;;
178997;1787501412178;1506;Trip / Kilometer & Betriebszähler;16;59;7;00-00-1C-4F-00-02-35-84-00-00-02-D4-00-00-00-00;NOTIFICATION;1;da1a1500-d532-4285-be94-b07a3e11a098;da1a1506-d532-4285-be94-b07a3e11a098;18;;
179406;1787501412587;1508;Settings / Licht & Fahrstufe;17;59;–;00-00-00-02-FF-FF-FF-FF-FF-FF-FF-00-00-00-00-00-00;NOTIFICATION;1;da1a1500-d532-4285-be94-b07a3e11a098;da1a1508-d532-4285-be94-b07a3e11a098;18;;
179616;1787501412797;1509;BatteryChange / Akku-Livestand;11;59;0,1,5,6,9,10;23-28-FF-FF-20-AD-0C-00-00-01-8E;NOTIFICATION;1;da1a1500-d532-4285-be94-b07a3e11a098;da1a1509-d532-4285-be94-b07a3e11a098;18;;
179829;1787501413010;150A;MotorUpdate / Motor-Livestand;10;59;0,1;1F-40-FF-FF-FF-FF-FF-FF-FF-FF;NOTIFICATION;1;da1a1500-d532-4285-be94-b07a3e11a098;da1a150a-d532-4285-be94-b07a3e11a098;18;;
180036;1787501413217;150B;Motor-/Controllerblock;20;59;–;FF-FF-FF-FF-FF-FF-FF-FF-FF-FF-FF-FF-FF-FF-FF-FF-FF-FF-FF-FF;NOTIFICATION;1;da1a1500-d532-4285-be94-b07a3e11a098;da1a150b-d532-4285-be94-b07a3e11a098;18;;
180246;1787501413427;150D;Fahrstatistik Max/Ø;20;59;–;00-DA-00-9A-FF-FF-FF-FF-47-18-FF-FF-FF-FF-FF-FF-FF-FF-00-00;NOTIFICATION;1;da1a1500-d532-4285-be94-b07a3e11a098;da1a150d-d532-4285-be94-b07a3e11a098;18;;
181286;1787501414467;1502;Akkuinformationen;16;60;–;47-18-FF-FF-FF-FF-47-18-FF-FF-FF-FF-FF-FF-00-00;NOTIFICATION;1;da1a1500-d532-4285-be94-b07a3e11a098;da1a1502-d532-4285-be94-b07a3e11a098;18;;
181707;1787501414888;1505;BikePerformance / Fahrleistung;18;60;0,1,2,3,7;0A-6E-0A-6E-FF-FF-00-DA-FF-FF-FF-FF-FF-00-00-00-00-00;NOTIFICATION;1;da1a1500-d532-4285-be94-b07a3e11a098;da1a1505-d532-4285-be94-b07a3e11a098;18;;
181918;1787501415099;1506;Trip / Kilometer & Betriebszähler;16;60;7;00-00-1C-4F-00-02-35-87-00-00-02-D4-00-00-00-00;NOTIFICATION;1;da1a1500-d532-4285-be94-b07a3e11a098;da1a1506-d532-4285-be94-b07a3e11a098;18;;
182326;1787501415507;1508;Settings / Licht & Fahrstufe;17;60;–;00-00-00-02-FF-FF-FF-FF-FF-FF-FF-00-00-00-00-00-00;NOTIFICATION;1;da1a1500-d532-4285-be94-b07a3e11a098;da1a1508-d532-4285-be94-b07a3e11a098;18;;
182538;1787501415719;1509;BatteryChange / Akku-Livestand;11;60;0,1,4,5,6,9,10;13-88-FF-FF-1B-AF-C8-00-00-00-E1;NOTIFICATION;1;da1a1500-d532-4285-be94-b07a3e11a098;da1a1509-d532-4285-be94-b07a3e11a098;18;;
182746;1787501415927;150A;MotorUpdate / Motor-Livestand;10;60;0,1;13-88-FF-FF-FF-FF-FF-FF-FF-FF;NOTIFICATION;1;da1a1500-d532-4285-be94-b07a3e11a098;da1a150a-d532-4285-be94-b07a3e11a098;18;;
182955;1787501416136;150B;Motor-/Controllerblock;20;60;–;FF-FF-FF-FF-FF-FF-FF-FF-FF-FF-FF-FF-FF-FF-FF-FF-FF-FF-FF-FF;NOTIFICATION;1;da1a1500-d532-4285-be94-b07a3e11a098;da1a150b-d532-4285-be94-b07a3e11a098;18;;
183167;1787501416348;150D;Fahrstatistik Max/Ø;20;60;–;00-DA-00-9A-FF-FF-FF-FF-47-18-FF-FF-FF-FF-FF-FF-FF-FF-00-00;NOTIFICATION;1;da1a1500-d532-4285-be94-b07a3e11a098;da1a150d-d532-4285-be94-b07a3e11a098;18;;
184206;1787501417387;1502;Akkuinformationen;16;61;–;47-18-FF-FF-FF-FF-47-18-FF-FF-FF-FF-FF-FF-00-00;NOTIFICATION;1;da1a1500-d532-4285-be94-b07a3e11a098;da1a1502-d532-4285-be94-b07a3e11a098;18;;
184627;1787501417808;1505;BikePerformance / Fahrleistung;18;61;0,1,2,3;05-46-05-46-FF-FF-00-DA-FF-FF-FF-FF-FF-00-00-00-00-00;NOTIFICATION;1;da1a1500-d532-4285-be94-b07a3e11a098;da1a1505-d532-4285-be94-b07a3e11a098;18;;
184835;1787501418016;1506;Trip / Kilometer & Betriebszähler;16;61;7;00-00-1C-4F-00-02-35-89-00-00-02-D4-00-00-00-00;NOTIFICATION;1;da1a1500-d532-4285-be94-b07a3e11a098;da1a1506-d532-4285-be94-b07a3e11a098;18;;
185247;1787501418428;1508;Settings / Licht & Fahrstufe;17;61;–;00-00-00-02-FF-FF-FF-FF-FF-FF-FF-00-00-00-00-00-00;NOTIFICATION;1;da1a1500-d532-4285-be94-b07a3e11a098;da1a1508-d532-4285-be94-b07a3e11a098;18;;
185456;1787501418637;1509;BatteryChange / Akku-Livestand;11;61;0,1,5,6,9,10;17-70-FF-FF-1B-AD-D4-00-00-01-0B;NOTIFICATION;1;da1a1500-d532-4285-be94-b07a3e11a098;da1a1509-d532-4285-be94-b07a3e11a098;18;;
185666;1787501418847;150A;MotorUpdate / Motor-Livestand;10;61;0,1;17-70-FF-FF-FF-FF-FF-FF-FF-FF;NOTIFICATION;1;da1a1500-d532-4285-be94-b07a3e11a098;da1a150a-d532-4285-be94-b07a3e11a098;18;;
185876;1787501419057;150B;Motor-/Controllerblock;20;61;–;FF-FF-FF-FF-FF-FF-FF-FF-FF-FF-FF-FF-FF-FF-FF-FF-FF-FF-FF-FF;NOTIFICATION;1;da1a1500-d532-4285-be94-b07a3e11a098;da1a150b-d532-4285-be94-b07a3e11a098;18;;
186087;1787501419268;150D;Fahrstatistik Max/Ø;20;61;–;00-DA-00-9A-FF-FF-FF-FF-47-18-FF-FF-FF-FF-FF-FF-FF-FF-00-00;NOTIFICATION;1;da1a1500-d532-4285-be94-b07a3e11a098;da1a150d-d532-4285-be94-b07a3e11a098;18;;
187126;1787501420307;1502;Akkuinformationen;16;62;–;47-18-FF-FF-FF-FF-47-18-FF-FF-FF-FF-FF-FF-00-00;NOTIFICATION;1;da1a1500-d532-4285-be94-b07a3e11a098;da1a1502-d532-4285-be94-b07a3e11a098;18;;
187546;1787501420727;1505;BikePerformance / Fahrleistung;18;62;0,1,2,3;0A-6E-0A-6E-FF-FF-00-DA-FF-FF-FF-FF-FF-00-00-00-00-00;NOTIFICATION;1;da1a1500-d532-4285-be94-b07a3e11a098;da1a1505-d532-4285-be94-b07a3e11a098;18;;
187756;1787501420937;1506;Trip / Kilometer & Betriebszähler;16;62;7;00-00-1C-4F-00-02-35-8C-00-00-02-D4-00-00-00-00;NOTIFICATION;1;da1a1500-d532-4285-be94-b07a3e11a098;da1a1506-d532-4285-be94-b07a3e11a098;18;;
188166;1787501421347;1508;Settings / Licht & Fahrstufe;17;62;–;00-00-00-02-FF-FF-FF-FF-FF-FF-FF-00-00-00-00-00-00;NOTIFICATION;1;da1a1500-d532-4285-be94-b07a3e11a098;da1a1508-d532-4285-be94-b07a3e11a098;18;;
188375;1787501421556;1509;BatteryChange / Akku-Livestand;11;62;0,1,5,6,9,10;0F-A0-FF-FF-1B-AF-64-00-00-00-B3;NOTIFICATION;1;da1a1500-d532-4285-be94-b07a3e11a098;da1a1509-d532-4285-be94-b07a3e11a098;18;;
188587;1787501421768;150A;MotorUpdate / Motor-Livestand;10;62;0,1;0F-A0-FF-FF-FF-FF-FF-FF-FF-FF;NOTIFICATION;1;da1a1500-d532-4285-be94-b07a3e11a098;da1a150a-d532-4285-be94-b07a3e11a098;18;;
188799;1787501421980;150B;Motor-/Controllerblock;20;62;–;FF-FF-FF-FF-FF-FF-FF-FF-FF-FF-FF-FF-FF-FF-FF-FF-FF-FF-FF-FF;NOTIFICATION;1;da1a1500-d532-4285-be94-b07a3e11a098;da1a150b-d532-4285-be94-b07a3e11a098;18;;
189010;1787501422191;150D;Fahrstatistik Max/Ø;20;62;3;00-DA-00-A6-FF-FF-FF-FF-47-18-FF-FF-FF-FF-FF-FF-FF-FF-00-00;NOTIFICATION;1;da1a1500-d532-4285-be94-b07a3e11a098;da1a150d-d532-4285-be94-b07a3e11a098;18;;
190047;1787501423228;1502;Akkuinformationen;16;63;–;47-18-FF-FF-FF-FF-47-18-FF-FF-FF-FF-FF-FF-00-00;NOTIFICATION;1;da1a1500-d532-4285-be94-b07a3e11a098;da1a1502-d532-4285-be94-b07a3e11a098;18;;
190466;1787501423647;1505;BikePerformance / Fahrleistung;18;63;0,1,2,3;06-FE-06-FE-FF-FF-00-DA-FF-FF-FF-FF-FF-00-00-00-00-00;NOTIFICATION;1;da1a1500-d532-4285-be94-b07a3e11a098;da1a1505-d532-4285-be94-b07a3e11a098;18;;
190680;1787501423861;1506;Trip / Kilometer & Betriebszähler;16;63;3,7;00-00-1C-50-00-02-35-8F-00-00-02-D4-00-00-00-00;NOTIFICATION;1;da1a1500-d532-4285-be94-b07a3e11a098;da1a1506-d532-4285-be94-b07a3e11a098;18;;
191086;1787501424267;1508;Settings / Licht & Fahrstufe;17;63;–;00-00-00-02-FF-FF-FF-FF-FF-FF-FF-00-00-00-00-00-00;NOTIFICATION;1;da1a1500-d532-4285-be94-b07a3e11a098;da1a1508-d532-4285-be94-b07a3e11a098;18;;
191296;1787501424477;1509;BatteryChange / Akku-Livestand;11;63;6,10;0F-A0-FF-FF-1B-AF-C8-00-00-00-B4;NOTIFICATION;1;da1a1500-d532-4285-be94-b07a3e11a098;da1a1509-d532-4285-be94-b07a3e11a098;18;;
191507;1787501424688;150A;MotorUpdate / Motor-Livestand;10;63;–;0F-A0-FF-FF-FF-FF-FF-FF-FF-FF;NOTIFICATION;1;da1a1500-d532-4285-be94-b07a3e11a098;da1a150a-d532-4285-be94-b07a3e11a098;18;;
191719;1787501424900;150B;Motor-/Controllerblock;20;63;–;FF-FF-FF-FF-FF-FF-FF-FF-FF-FF-FF-FF-FF-FF-FF-FF-FF-FF-FF-FF;NOTIFICATION;1;da1a1500-d532-4285-be94-b07a3e11a098;da1a150b-d532-4285-be94-b07a3e11a098;18;;
191930;1787501425111;150D;Fahrstatistik Max/Ø;20;63;–;00-DA-00-A6-FF-FF-FF-FF-47-18-FF-FF-FF-FF-FF-FF-FF-FF-00-00;NOTIFICATION;1;da1a1500-d532-4285-be94-b07a3e11a098;da1a150d-d532-4285-be94-b07a3e11a098;18;;
192965;1787501426146;1502;Akkuinformationen;16;64;–;47-18-FF-FF-FF-FF-47-18-FF-FF-FF-FF-FF-FF-00-00;NOTIFICATION;1;da1a1500-d532-4285-be94-b07a3e11a098;da1a1502-d532-4285-be94-b07a3e11a098;18;;
193387;1787501426568;1505;BikePerformance / Fahrleistung;18;64;0,1,2,3;08-B6-08-B6-FF-FF-00-DA-FF-FF-FF-FF-FF-00-00-00-00-00;NOTIFICATION;1;da1a1500-d532-4285-be94-b07a3e11a098;da1a1505-d532-4285-be94-b07a3e11a098;18;;
193597;1787501426778;1506;Trip / Kilometer & Betriebszähler;16;64;7;00-00-1C-50-00-02-35-92-00-00-02-D4-00-00-00-00;NOTIFICATION;1;da1a1500-d532-4285-be94-b07a3e11a098;da1a1506-d532-4285-be94-b07a3e11a098;18;;
194007;1787501427188;1508;Settings / Licht & Fahrstufe;17;64;–;00-00-00-02-FF-FF-FF-FF-FF-FF-FF-00-00-00-00-00-00;NOTIFICATION;1;da1a1500-d532-4285-be94-b07a3e11a098;da1a1508-d532-4285-be94-b07a3e11a098;18;;
194218;1787501427399;1509;BatteryChange / Akku-Livestand;11;64;6,10;0F-A0-FF-FF-1B-AF-64-00-00-00-B3;NOTIFICATION;1;da1a1500-d532-4285-be94-b07a3e11a098;da1a1509-d532-4285-be94-b07a3e11a098;18;;
194427;1787501427608;150A;MotorUpdate / Motor-Livestand;10;64;–;0F-A0-FF-FF-FF-FF-FF-FF-FF-FF;NOTIFICATION;1;da1a1500-d532-4285-be94-b07a3e11a098;da1a150a-d532-4285-be94-b07a3e11a098;18;;
194636;1787501427817;150B;Motor-/Controllerblock;20;64;–;FF-FF-FF-FF-FF-FF-FF-FF-FF-FF-FF-FF-FF-FF-FF-FF-FF-FF-FF-FF;NOTIFICATION;1;da1a1500-d532-4285-be94-b07a3e11a098;da1a150b-d532-4285-be94-b07a3e11a098;18;;
194846;1787501428027;150D;Fahrstatistik Max/Ø;20;64;–;00-DA-00-A6-FF-FF-FF-FF-47-18-FF-FF-FF-FF-FF-FF-FF-FF-00-00;NOTIFICATION;1;da1a1500-d532-4285-be94-b07a3e11a098;da1a150d-d532-4285-be94-b07a3e11a098;18;;
195886;1787501429067;1502;Akkuinformationen;16;65;–;47-18-FF-FF-FF-FF-47-18-FF-FF-FF-FF-FF-FF-00-00;NOTIFICATION;1;da1a1500-d532-4285-be94-b07a3e11a098;da1a1502-d532-4285-be94-b07a3e11a098;18;;
196306;1787501429487;1505;BikePerformance / Fahrleistung;18;65;0,1,2,3;05-46-05-46-FF-FF-00-DA-FF-FF-FF-FF-FF-00-00-00-00-00;NOTIFICATION;1;da1a1500-d532-4285-be94-b07a3e11a098;da1a1505-d532-4285-be94-b07a3e11a098;18;;
196517;1787501429698;1506;Trip / Kilometer & Betriebszähler;16;65;7;00-00-1C-50-00-02-35-95-00-00-02-D4-00-00-00-00;NOTIFICATION;1;da1a1500-d532-4285-be94-b07a3e11a098;da1a1506-d532-4285-be94-b07a3e11a098;18;;
196926;1787501430107;1508;Settings / Licht & Fahrstufe;17;65;–;00-00-00-02-FF-FF-FF-FF-FF-FF-FF-00-00-00-00-00-00;NOTIFICATION;1;da1a1500-d532-4285-be94-b07a3e11a098;da1a1508-d532-4285-be94-b07a3e11a098;18;;
197135;1787501430316;1509;BatteryChange / Akku-Livestand;11;65;10;0F-A0-FF-FF-1B-AF-64-00-00-00-B2;NOTIFICATION;1;da1a1500-d532-4285-be94-b07a3e11a098;da1a1509-d532-4285-be94-b07a3e11a098;18;;
197346;1787501430527;150A;MotorUpdate / Motor-Livestand;10;65;–;0F-A0-FF-FF-FF-FF-FF-FF-FF-FF;NOTIFICATION;1;da1a1500-d532-4285-be94-b07a3e11a098;da1a150a-d532-4285-be94-b07a3e11a098;18;;
197557;1787501430738;150B;Motor-/Controllerblock;20;65;–;FF-FF-FF-FF-FF-FF-FF-FF-FF-FF-FF-FF-FF-FF-FF-FF-FF-FF-FF-FF;NOTIFICATION;1;da1a1500-d532-4285-be94-b07a3e11a098;da1a150b-d532-4285-be94-b07a3e11a098;18;;
197767;1787501430948;150D;Fahrstatistik Max/Ø;20;65;–;00-DA-00-A6-FF-FF-FF-FF-47-18-FF-FF-FF-FF-FF-FF-FF-FF-00-00;NOTIFICATION;1;da1a1500-d532-4285-be94-b07a3e11a098;da1a150d-d532-4285-be94-b07a3e11a098;18;;
198807;1787501431988;1502;Akkuinformationen;16;66;–;47-18-FF-FF-FF-FF-47-18-FF-FF-FF-FF-FF-FF-00-00;NOTIFICATION;1;da1a1500-d532-4285-be94-b07a3e11a098;da1a1502-d532-4285-be94-b07a3e11a098;18;;
199228;1787501432409;1505;BikePerformance / Fahrleistung;18;66;0,1,2,3;01-C2-01-C2-FF-FF-00-DA-FF-FF-FF-FF-FF-00-00-00-00-00;NOTIFICATION;1;da1a1500-d532-4285-be94-b07a3e11a098;da1a1505-d532-4285-be94-b07a3e11a098;18;;
199437;1787501432618;1506;Trip / Kilometer & Betriebszähler;16;66;7;00-00-1C-50-00-02-35-98-00-00-02-D4-00-00-00-00;NOTIFICATION;1;da1a1500-d532-4285-be94-b07a3e11a098;da1a1506-d532-4285-be94-b07a3e11a098;18;;
199848;1787501433029;1508;Settings / Licht & Fahrstufe;17;66;–;00-00-00-02-FF-FF-FF-FF-FF-FF-FF-00-00-00-00-00-00;NOTIFICATION;1;da1a1500-d532-4285-be94-b07a3e11a098;da1a1508-d532-4285-be94-b07a3e11a098;18;;
200058;1787501433239;1509;BatteryChange / Akku-Livestand;11;66;0,1,5,6,10;00-00-FF-FF-1B-B2-20-00-00-00-00;NOTIFICATION;1;da1a1500-d532-4285-be94-b07a3e11a098;da1a1509-d532-4285-be94-b07a3e11a098;18;;
200267;1787501433448;150A;MotorUpdate / Motor-Livestand;10;66;0,1;00-00-FF-FF-FF-FF-FF-FF-FF-FF;NOTIFICATION;1;da1a1500-d532-4285-be94-b07a3e11a098;da1a150a-d532-4285-be94-b07a3e11a098;18;;
200478;1787501433659;150B;Motor-/Controllerblock;20;66;–;FF-FF-FF-FF-FF-FF-FF-FF-FF-FF-FF-FF-FF-FF-FF-FF-FF-FF-FF-FF;NOTIFICATION;1;da1a1500-d532-4285-be94-b07a3e11a098;da1a150b-d532-4285-be94-b07a3e11a098;18;;
200686;1787501433867;150D;Fahrstatistik Max/Ø;20;66;–;00-DA-00-A6-FF-FF-FF-FF-47-18-FF-FF-FF-FF-FF-FF-FF-FF-00-00;NOTIFICATION;1;da1a1500-d532-4285-be94-b07a3e11a098;da1a150d-d532-4285-be94-b07a3e11a098;18;;
201729;1787501434910;1502;Akkuinformationen;16;67;–;47-18-FF-FF-FF-FF-47-18-FF-FF-FF-FF-FF-FF-00-00;NOTIFICATION;1;da1a1500-d532-4285-be94-b07a3e11a098;da1a1502-d532-4285-be94-b07a3e11a098;18;;
202145;1787501435326;1505;BikePerformance / Fahrleistung;18;67;0,1,2,3,7;07-12-07-12-FF-FF-00-D1-FF-FF-FF-FF-FF-00-00-00-00-00;NOTIFICATION;1;da1a1500-d532-4285-be94-b07a3e11a098;da1a1505-d532-4285-be94-b07a3e11a098;18;;
202355;1787501435536;1506;Trip / Kilometer & Betriebszähler;16;67;7;00-00-1C-50-00-02-35-9B-00-00-02-D4-00-00-00-00;NOTIFICATION;1;da1a1500-d532-4285-be94-b07a3e11a098;da1a1506-d532-4285-be94-b07a3e11a098;18;;
202767;1787501435948;1508;Settings / Licht & Fahrstufe;17;67;–;00-00-00-02-FF-FF-FF-FF-FF-FF-FF-00-00-00-00-00-00;NOTIFICATION;1;da1a1500-d532-4285-be94-b07a3e11a098;da1a1508-d532-4285-be94-b07a3e11a098;18;;
202978;1787501436159;1509;BatteryChange / Akku-Livestand;11;67;0,1,5,6,9,10;17-70-FF-FF-1B-AD-D4-00-00-01-0B;NOTIFICATION;1;da1a1500-d532-4285-be94-b07a3e11a098;da1a1509-d532-4285-be94-b07a3e11a098;18;;
203187;1787501436368;150A;MotorUpdate / Motor-Livestand;10;67;0,1;17-70-FF-FF-FF-FF-FF-FF-FF-FF;NOTIFICATION;1;da1a1500-d532-4285-be94-b07a3e11a098;da1a150a-d532-4285-be94-b07a3e11a098;18;;
203398;1787501436579;150B;Motor-/Controllerblock;20;67;–;FF-FF-FF-FF-FF-FF-FF-FF-FF-FF-FF-FF-FF-FF-FF-FF-FF-FF-FF-FF;NOTIFICATION;1;da1a1500-d532-4285-be94-b07a3e11a098;da1a150b-d532-4285-be94-b07a3e11a098;18;;
203606;1787501436787;150D;Fahrstatistik Max/Ø;20;67;–;00-DA-00-A6-FF-FF-FF-FF-47-18-FF-FF-FF-FF-FF-FF-FF-FF-00-00;NOTIFICATION;1;da1a1500-d532-4285-be94-b07a3e11a098;da1a150d-d532-4285-be94-b07a3e11a098;18;;
204645;1787501437826;1502;Akkuinformationen;16;68;–;47-18-FF-FF-FF-FF-47-18-FF-FF-FF-FF-FF-FF-00-00;NOTIFICATION;1;da1a1500-d532-4285-be94-b07a3e11a098;da1a1502-d532-4285-be94-b07a3e11a098;18;;
205066;1787501438247;1505;BikePerformance / Fahrleistung;18;68;0,1,2,3,7;08-B6-08-B6-FF-FF-00-DA-FF-FF-FF-FF-FF-00-00-00-00-00;NOTIFICATION;1;da1a1500-d532-4285-be94-b07a3e11a098;da1a1505-d532-4285-be94-b07a3e11a098;18;;
205277;1787501438458;1506;Trip / Kilometer & Betriebszähler;16;68;7;00-00-1C-50-00-02-35-9E-00-00-02-D4-00-00-00-00;NOTIFICATION;1;da1a1500-d532-4285-be94-b07a3e11a098;da1a1506-d532-4285-be94-b07a3e11a098;18;;
205689;1787501438870;1508;Settings / Licht & Fahrstufe;17;68;–;00-00-00-02-FF-FF-FF-FF-FF-FF-FF-00-00-00-00-00-00;NOTIFICATION;1;da1a1500-d532-4285-be94-b07a3e11a098;da1a1508-d532-4285-be94-b07a3e11a098;18;;
205897;1787501439078;1509;BatteryChange / Akku-Livestand;11;68;0,1,5,6,9,10;13-88-FF-FF-1B-AE-9C-00-00-00-E0;NOTIFICATION;1;da1a1500-d532-4285-be94-b07a3e11a098;da1a1509-d532-4285-be94-b07a3e11a098;18;;
206107;1787501439288;150A;MotorUpdate / Motor-Livestand;10;68;0,1;0F-A0-FF-FF-FF-FF-FF-FF-FF-FF;NOTIFICATION;1;da1a1500-d532-4285-be94-b07a3e11a098;da1a150a-d532-4285-be94-b07a3e11a098;18;;
206318;1787501439499;150B;Motor-/Controllerblock;20;68;–;FF-FF-FF-FF-FF-FF-FF-FF-FF-FF-FF-FF-FF-FF-FF-FF-FF-FF-FF-FF;NOTIFICATION;1;da1a1500-d532-4285-be94-b07a3e11a098;da1a150b-d532-4285-be94-b07a3e11a098;18;;
206527;1787501439708;150D;Fahrstatistik Max/Ø;20;68;3;00-DA-00-AB-FF-FF-FF-FF-47-18-FF-FF-FF-FF-FF-FF-FF-FF-00-00;NOTIFICATION;1;da1a1500-d532-4285-be94-b07a3e11a098;da1a150d-d532-4285-be94-b07a3e11a098;18;;
207567;1787501440748;1502;Akkuinformationen;16;69;–;47-18-FF-FF-FF-FF-47-18-FF-FF-FF-FF-FF-FF-00-00;NOTIFICATION;1;da1a1500-d532-4285-be94-b07a3e11a098;da1a1502-d532-4285-be94-b07a3e11a098;18;;
207986;1787501441167;1505;BikePerformance / Fahrleistung;18;69;0,1,2,3;06-FE-06-FE-FF-FF-00-DA-FF-FF-FF-FF-FF-00-00-00-00-00;NOTIFICATION;1;da1a1500-d532-4285-be94-b07a3e11a098;da1a1505-d532-4285-be94-b07a3e11a098;18;;
208197;1787501441378;1506;Trip / Kilometer & Betriebszähler;16;69;3,7;00-00-1C-51-00-02-35-A1-00-00-02-D4-00-00-00-00;NOTIFICATION;1;da1a1500-d532-4285-be94-b07a3e11a098;da1a1506-d532-4285-be94-b07a3e11a098;18;;
208606;1787501441787;1508;Settings / Licht & Fahrstufe;17;69;–;00-00-00-02-FF-FF-FF-FF-FF-FF-FF-00-00-00-00-00-00;NOTIFICATION;1;da1a1500-d532-4285-be94-b07a3e11a098;da1a1508-d532-4285-be94-b07a3e11a098;18;;
208818;1787501441999;1509;BatteryChange / Akku-Livestand;11;69;0,1,5,6,10;0F-A0-FF-FF-1B-AF-00-00-00-00-B3;NOTIFICATION;1;da1a1500-d532-4285-be94-b07a3e11a098;da1a1509-d532-4285-be94-b07a3e11a098;18;;
209026;1787501442207;150A;MotorUpdate / Motor-Livestand;10;69;–;0F-A0-FF-FF-FF-FF-FF-FF-FF-FF;NOTIFICATION;1;da1a1500-d532-4285-be94-b07a3e11a098;da1a150a-d532-4285-be94-b07a3e11a098;18;;
209237;1787501442418;150B;Motor-/Controllerblock;20;69;–;FF-FF-FF-FF-FF-FF-FF-FF-FF-FF-FF-FF-FF-FF-FF-FF-FF-FF-FF-FF;NOTIFICATION;1;da1a1500-d532-4285-be94-b07a3e11a098;da1a150b-d532-4285-be94-b07a3e11a098;18;;
209446;1787501442627;150D;Fahrstatistik Max/Ø;20;69;–;00-DA-00-AB-FF-FF-FF-FF-47-18-FF-FF-FF-FF-FF-FF-FF-FF-00-00;NOTIFICATION;1;da1a1500-d532-4285-be94-b07a3e11a098;da1a150d-d532-4285-be94-b07a3e11a098;18;;
210486;1787501443667;1502;Akkuinformationen;16;70;–;47-18-FF-FF-FF-FF-47-18-FF-FF-FF-FF-FF-FF-00-00;NOTIFICATION;1;da1a1500-d532-4285-be94-b07a3e11a098;da1a1502-d532-4285-be94-b07a3e11a098;18;;
210907;1787501444088;1505;BikePerformance / Fahrleistung;18;70;0,1,2,3;00-00-00-00-FF-FF-00-DA-FF-FF-FF-FF-FF-00-00-00-00-00;NOTIFICATION;1;da1a1500-d532-4285-be94-b07a3e11a098;da1a1505-d532-4285-be94-b07a3e11a098;18;;
211117;1787501444298;1506;Trip / Kilometer & Betriebszähler;16;70;7;00-00-1C-51-00-02-35-A4-00-00-02-D4-00-00-00-00;NOTIFICATION;1;da1a1500-d532-4285-be94-b07a3e11a098;da1a1506-d532-4285-be94-b07a3e11a098;18;;
211530;1787501444711;1508;Settings / Licht & Fahrstufe;17;70;–;00-00-00-02-FF-FF-FF-FF-FF-FF-FF-00-00-00-00-00-00;NOTIFICATION;1;da1a1500-d532-4285-be94-b07a3e11a098;da1a1508-d532-4285-be94-b07a3e11a098;18;;
211736;1787501444917;1509;BatteryChange / Akku-Livestand;11;70;0,1,5,6,10;00-00-FF-FF-1B-B2-20-00-00-00-00;NOTIFICATION;1;da1a1500-d532-4285-be94-b07a3e11a098;da1a1509-d532-4285-be94-b07a3e11a098;18;;
211949;1787501445130;150A;MotorUpdate / Motor-Livestand;10;70;0,1;00-00-FF-FF-FF-FF-FF-FF-FF-FF;NOTIFICATION;1;da1a1500-d532-4285-be94-b07a3e11a098;da1a150a-d532-4285-be94-b07a3e11a098;18;;
212158;1787501445339;150B;Motor-/Controllerblock;20;70;–;FF-FF-FF-FF-FF-FF-FF-FF-FF-FF-FF-FF-FF-FF-FF-FF-FF-FF-FF-FF;NOTIFICATION;1;da1a1500-d532-4285-be94-b07a3e11a098;da1a150b-d532-4285-be94-b07a3e11a098;18;;
212368;1787501445549;150D;Fahrstatistik Max/Ø;20;70;–;00-DA-00-AB-FF-FF-FF-FF-47-18-FF-FF-FF-FF-FF-FF-FF-FF-00-00;NOTIFICATION;1;da1a1500-d532-4285-be94-b07a3e11a098;da1a150d-d532-4285-be94-b07a3e11a098;18;;
213407;1787501446588;1502;Akkuinformationen;16;71;–;47-18-FF-FF-FF-FF-47-18-FF-FF-FF-FF-FF-FF-00-00;NOTIFICATION;1;da1a1500-d532-4285-be94-b07a3e11a098;da1a1502-d532-4285-be94-b07a3e11a098;18;;
213826;1787501447007;1505;BikePerformance / Fahrleistung;18;71;7;00-00-00-00-FF-FF-00-B5-FF-FF-FF-FF-FF-00-00-00-00-00;NOTIFICATION;1;da1a1500-d532-4285-be94-b07a3e11a098;da1a1505-d532-4285-be94-b07a3e11a098;18;;
214038;1787501447219;1506;Trip / Kilometer & Betriebszähler;16;71;7;00-00-1C-51-00-02-35-A7-00-00-02-D4-00-00-00-00;NOTIFICATION;1;da1a1500-d532-4285-be94-b07a3e11a098;da1a1506-d532-4285-be94-b07a3e11a098;18;;
214447;1787501447628;1508;Settings / Licht & Fahrstufe;17;71;–;00-00-00-02-FF-FF-FF-FF-FF-FF-FF-00-00-00-00-00-00;NOTIFICATION;1;da1a1500-d532-4285-be94-b07a3e11a098;da1a1508-d532-4285-be94-b07a3e11a098;18;;
214657;1787501447838;1509;BatteryChange / Akku-Livestand;11;71;–;00-00-FF-FF-1B-B2-20-00-00-00-00;NOTIFICATION;1;da1a1500-d532-4285-be94-b07a3e11a098;da1a1509-d532-4285-be94-b07a3e11a098;18;;
214866;1787501448047;150A;MotorUpdate / Motor-Livestand;10;71;–;00-00-FF-FF-FF-FF-FF-FF-FF-FF;NOTIFICATION;1;da1a1500-d532-4285-be94-b07a3e11a098;da1a150a-d532-4285-be94-b07a3e11a098;18;;
215077;1787501448258;150B;Motor-/Controllerblock;20;71;–;FF-FF-FF-FF-FF-FF-FF-FF-FF-FF-FF-FF-FF-FF-FF-FF-FF-FF-FF-FF;NOTIFICATION;1;da1a1500-d532-4285-be94-b07a3e11a098;da1a150b-d532-4285-be94-b07a3e11a098;18;;
215285;1787501448466;150D;Fahrstatistik Max/Ø;20;71;–;00-DA-00-AB-FF-FF-FF-FF-47-18-FF-FF-FF-FF-FF-FF-FF-FF-00-00;NOTIFICATION;1;da1a1500-d532-4285-be94-b07a3e11a098;da1a150d-d532-4285-be94-b07a3e11a098;18;;
216326;1787501449507;1502;Akkuinformationen;16;72;–;47-18-FF-FF-FF-FF-47-18-FF-FF-FF-FF-FF-FF-00-00;NOTIFICATION;1;da1a1500-d532-4285-be94-b07a3e11a098;da1a1502-d532-4285-be94-b07a3e11a098;18;;
216746;1787501449927;1505;BikePerformance / Fahrleistung;18;72;0,1,2,3,7;0A-78-0A-78-FF-FF-00-A5-FF-FF-FF-FF-FF-00-00-00-00-00;NOTIFICATION;1;da1a1500-d532-4285-be94-b07a3e11a098;da1a1505-d532-4285-be94-b07a3e11a098;18;;
216946;1787501450127;1506;Trip / Kilometer & Betriebszähler;16;72;7;00-00-1C-51-00-02-35-AA-00-00-02-D4-00-00-00-00;NOTIFICATION;1;da1a1500-d532-4285-be94-b07a3e11a098;da1a1506-d532-4285-be94-b07a3e11a098;18;;
217367;1787501450548;1508;Settings / Licht & Fahrstufe;17;72;–;00-00-00-02-FF-FF-FF-FF-FF-FF-FF-00-00-00-00-00-00;NOTIFICATION;1;da1a1500-d532-4285-be94-b07a3e11a098;da1a1508-d532-4285-be94-b07a3e11a098;18;;
217576;1787501450757;1509;BatteryChange / Akku-Livestand;11;72;0,1,5,6,9,10;2A-F8-FF-FF-1B-AC-44-00-00-01-E5;NOTIFICATION;1;da1a1500-d532-4285-be94-b07a3e11a098;da1a1509-d532-4285-be94-b07a3e11a098;18;;
217786;1787501450967;150A;MotorUpdate / Motor-Livestand;10;72;0,1;2A-F8-FF-FF-FF-FF-FF-FF-FF-FF;NOTIFICATION;1;da1a1500-d532-4285-be94-b07a3e11a098;da1a150a-d532-4285-be94-b07a3e11a098;18;;
217998;1787501451179;150B;Motor-/Controllerblock;20;72;–;FF-FF-FF-FF-FF-FF-FF-FF-FF-FF-FF-FF-FF-FF-FF-FF-FF-FF-FF-FF;NOTIFICATION;1;da1a1500-d532-4285-be94-b07a3e11a098;da1a150b-d532-4285-be94-b07a3e11a098;18;;
218208;1787501451389;150D;Fahrstatistik Max/Ø;20;72;–;00-DA-00-AB-FF-FF-FF-FF-47-18-FF-FF-FF-FF-FF-FF-FF-FF-00-00;NOTIFICATION;1;da1a1500-d532-4285-be94-b07a3e11a098;da1a150d-d532-4285-be94-b07a3e11a098;18;;
219246;1787501452427;1502;Akkuinformationen;16;73;–;47-18-FF-FF-FF-FF-47-18-FF-FF-FF-FF-FF-FF-00-00;NOTIFICATION;1;da1a1500-d532-4285-be94-b07a3e11a098;da1a1502-d532-4285-be94-b07a3e11a098;18;;
219668;1787501452849;1505;BikePerformance / Fahrleistung;18;73;1,3,7;0A-96-0A-96-FF-FF-00-CC-FF-FF-FF-FF-FF-00-00-00-00-00;NOTIFICATION;1;da1a1500-d532-4285-be94-b07a3e11a098;da1a1505-d532-4285-be94-b07a3e11a098;18;;
219868;1787501453049;1506;Trip / Kilometer & Betriebszähler;16;73;7;00-00-1C-51-00-02-35-AD-00-00-02-D4-00-00-00-00;NOTIFICATION;1;da1a1500-d532-4285-be94-b07a3e11a098;da1a1506-d532-4285-be94-b07a3e11a098;18;;
220286;1787501453467;1508;Settings / Licht & Fahrstufe;17;73;–;00-00-00-02-FF-FF-FF-FF-FF-FF-FF-00-00-00-00-00-00;NOTIFICATION;1;da1a1500-d532-4285-be94-b07a3e11a098;da1a1508-d532-4285-be94-b07a3e11a098;18;;
220495;1787501453676;1509;BatteryChange / Akku-Livestand;11;73;0,1,5,6,10;1F-40-FF-FF-1B-AD-0C-00-00-01-62;NOTIFICATION;1;da1a1500-d532-4285-be94-b07a3e11a098;da1a1509-d532-4285-be94-b07a3e11a098;18;;
220708;1787501453889;150A;MotorUpdate / Motor-Livestand;10;73;0,1;1B-58-FF-FF-FF-FF-FF-FF-FF-FF;NOTIFICATION;1;da1a1500-d532-4285-be94-b07a3e11a098;da1a150a-d532-4285-be94-b07a3e11a098;18;;
220917;1787501454098;150B;Motor-/Controllerblock;20;73;–;FF-FF-FF-FF-FF-FF-FF-FF-FF-FF-FF-FF-FF-FF-FF-FF-FF-FF-FF-FF;NOTIFICATION;1;da1a1500-d532-4285-be94-b07a3e11a098;da1a150b-d532-4285-be94-b07a3e11a098;18;;
221128;1787501454309;150D;Fahrstatistik Max/Ø;20;73;–;00-DA-00-AB-FF-FF-FF-FF-47-18-FF-FF-FF-FF-FF-FF-FF-FF-00-00;NOTIFICATION;1;da1a1500-d532-4285-be94-b07a3e11a098;da1a150d-d532-4285-be94-b07a3e11a098;18;;
222166;1787501455347;1502;Akkuinformationen;16;74;–;47-18-FF-FF-FF-FF-47-18-FF-FF-FF-FF-FF-FF-00-00;NOTIFICATION;1;da1a1500-d532-4285-be94-b07a3e11a098;da1a1502-d532-4285-be94-b07a3e11a098;18;;
222587;1787501455768;1505;BikePerformance / Fahrleistung;18;74;1,3,7;0A-6E-0A-6E-FF-FF-00-DA-FF-FF-FF-FF-FF-00-00-00-00-00;NOTIFICATION;1;da1a1500-d532-4285-be94-b07a3e11a098;da1a1505-d532-4285-be94-b07a3e11a098;18;;
222787;1787501455968;1506;Trip / Kilometer & Betriebszähler;16;74;7;00-00-1C-51-00-02-35-B0-00-00-02-D4-00-00-00-00;NOTIFICATION;1;da1a1500-d532-4285-be94-b07a3e11a098;da1a1506-d532-4285-be94-b07a3e11a098;18;;
223206;1787501456387;1508;Settings / Licht & Fahrstufe;17;74;–;00-00-00-02-FF-FF-FF-FF-FF-FF-FF-00-00-00-00-00-00;NOTIFICATION;1;da1a1500-d532-4285-be94-b07a3e11a098;da1a1508-d532-4285-be94-b07a3e11a098;18;;
223418;1787501456599;1509;BatteryChange / Akku-Livestand;11;74;0,1,10;1B-58-FF-FF-1B-AD-0C-00-00-01-36;NOTIFICATION;1;da1a1500-d532-4285-be94-b07a3e11a098;da1a1509-d532-4285-be94-b07a3e11a098;18;;
223627;1787501456808;150A;MotorUpdate / Motor-Livestand;10;74;–;1B-58-FF-FF-FF-FF-FF-FF-FF-FF;NOTIFICATION;1;da1a1500-d532-4285-be94-b07a3e11a098;da1a150a-d532-4285-be94-b07a3e11a098;18;;
223835;1787501457016;150B;Motor-/Controllerblock;20;74;–;FF-FF-FF-FF-FF-FF-FF-FF-FF-FF-FF-FF-FF-FF-FF-FF-FF-FF-FF-FF;NOTIFICATION;1;da1a1500-d532-4285-be94-b07a3e11a098;da1a150b-d532-4285-be94-b07a3e11a098;18;;
224047;1787501457228;150D;Fahrstatistik Max/Ø;20;74;3;00-DA-00-AE-FF-FF-FF-FF-47-18-FF-FF-FF-FF-FF-FF-FF-FF-00-00;NOTIFICATION;1;da1a1500-d532-4285-be94-b07a3e11a098;da1a150d-d532-4285-be94-b07a3e11a098;18;;
225087;1787501458268;1502;Akkuinformationen;16;75;–;47-18-FF-FF-FF-FF-47-18-FF-FF-FF-FF-FF-FF-00-00;NOTIFICATION;1;da1a1500-d532-4285-be94-b07a3e11a098;da1a1502-d532-4285-be94-b07a3e11a098;18;;
225507;1787501458688;1505;BikePerformance / Fahrleistung;18;75;0,1,2,3;0C-26-0C-26-FF-FF-00-DA-FF-FF-FF-FF-FF-00-00-00-00-00;NOTIFICATION;1;da1a1500-d532-4285-be94-b07a3e11a098;da1a1505-d532-4285-be94-b07a3e11a098;18;;
225709;1787501458890;1506;Trip / Kilometer & Betriebszähler;16;75;3,7,11;00-00-1C-52-00-02-35-B3-00-00-02-D5-00-00-00-00;NOTIFICATION;1;da1a1500-d532-4285-be94-b07a3e11a098;da1a1506-d532-4285-be94-b07a3e11a098;18;;
226128;1787501459309;1508;Settings / Licht & Fahrstufe;17;75;–;00-00-00-02-FF-FF-FF-FF-FF-FF-FF-00-00-00-00-00-00;NOTIFICATION;1;da1a1500-d532-4285-be94-b07a3e11a098;da1a1508-d532-4285-be94-b07a3e11a098;18;;
226338;1787501459519;1509;BatteryChange / Akku-Livestand;11;75;5,6,10;1B-58-FF-FF-1B-AE-38-00-00-01-37;NOTIFICATION;1;da1a1500-d532-4285-be94-b07a3e11a098;da1a1509-d532-4285-be94-b07a3e11a098;18;;
226546;1787501459727;150A;MotorUpdate / Motor-Livestand;10;75;–;1B-58-FF-FF-FF-FF-FF-FF-FF-FF;NOTIFICATION;1;da1a1500-d532-4285-be94-b07a3e11a098;da1a150a-d532-4285-be94-b07a3e11a098;18;;
226760;1787501459941;150B;Motor-/Controllerblock;20;75;–;FF-FF-FF-FF-FF-FF-FF-FF-FF-FF-FF-FF-FF-FF-FF-FF-FF-FF-FF-FF;NOTIFICATION;1;da1a1500-d532-4285-be94-b07a3e11a098;da1a150b-d532-4285-be94-b07a3e11a098;18;;
226965;1787501460146;150D;Fahrstatistik Max/Ø;20;75;–;00-DA-00-AE-FF-FF-FF-FF-47-18-FF-FF-FF-FF-FF-FF-FF-FF-00-00;NOTIFICATION;1;da1a1500-d532-4285-be94-b07a3e11a098;da1a150d-d532-4285-be94-b07a3e11a098;18;;
228007;1787501461188;1502;Akkuinformationen;16;76;–;47-18-FF-FF-FF-FF-47-18-FF-FF-FF-FF-FF-FF-00-00;NOTIFICATION;1;da1a1500-d532-4285-be94-b07a3e11a098;da1a1502-d532-4285-be94-b07a3e11a098;18;;
228426;1787501461607;1505;BikePerformance / Fahrleistung;18;76;0,1,2,3;0A-6E-0A-6E-FF-FF-00-DA-FF-FF-FF-FF-FF-00-00-00-00-00;NOTIFICATION;1;da1a1500-d532-4285-be94-b07a3e11a098;da1a1505-d532-4285-be94-b07a3e11a098;18;;
228627;1787501461808;1506;Trip / Kilometer & Betriebszähler;16;76;7;00-00-1C-52-00-02-35-B6-00-00-02-D5-00-00-00-00;NOTIFICATION;1;da1a1500-d532-4285-be94-b07a3e11a098;da1a1506-d532-4285-be94-b07a3e11a098;18;;
229046;1787501462227;1508;Settings / Licht & Fahrstufe;17;76;–;00-00-00-02-FF-FF-FF-FF-FF-FF-FF-00-00-00-00-00-00;NOTIFICATION;1;da1a1500-d532-4285-be94-b07a3e11a098;da1a1508-d532-4285-be94-b07a3e11a098;18;;
229257;1787501462438;1509;BatteryChange / Akku-Livestand;11;76;0,1,6,9,10;13-88-FF-FF-1B-AE-9C-00-00-00-DF;NOTIFICATION;1;da1a1500-d532-4285-be94-b07a3e11a098;da1a1509-d532-4285-be94-b07a3e11a098;18;;
229467;1787501462648;150A;MotorUpdate / Motor-Livestand;10;76;–;1B-58-FF-FF-FF-FF-FF-FF-FF-FF;NOTIFICATION;1;da1a1500-d532-4285-be94-b07a3e11a098;da1a150a-d532-4285-be94-b07a3e11a098;18;;
229678;1787501462859;150B;Motor-/Controllerblock;20;76;–;FF-FF-FF-FF-FF-FF-FF-FF-FF-FF-FF-FF-FF-FF-FF-FF-FF-FF-FF-FF;NOTIFICATION;1;da1a1500-d532-4285-be94-b07a3e11a098;da1a150b-d532-4285-be94-b07a3e11a098;18;;
229887;1787501463068;150D;Fahrstatistik Max/Ø;20;76;–;00-DA-00-AE-FF-FF-FF-FF-47-18-FF-FF-FF-FF-FF-FF-FF-FF-00-00;NOTIFICATION;1;da1a1500-d532-4285-be94-b07a3e11a098;da1a150d-d532-4285-be94-b07a3e11a098;18;;
230925;1787501464106;1502;Akkuinformationen;16;77;–;47-18-FF-FF-FF-FF-47-18-FF-FF-FF-FF-FF-FF-00-00;NOTIFICATION;1;da1a1500-d532-4285-be94-b07a3e11a098;da1a1502-d532-4285-be94-b07a3e11a098;18;;
231349;1787501464530;1505;BikePerformance / Fahrleistung;18;77;–;;NOTIFICATION_QUARANTINED;1;da1a1500-d532-4285-be94-b07a3e11a098;da1a1505-d532-4285-be94-b07a3e11a098;18;c731f922c864db5014403d5303b06371032ae39c2dc3f73725b4e84b64c756e5;identity_or_free_form
231546;1787501464727;1506;Trip / Kilometer & Betriebszähler;16;77;7;00-00-1C-52-00-02-35-B8-00-00-02-D5-00-00-00-00;NOTIFICATION;1;da1a1500-d532-4285-be94-b07a3e11a098;da1a1506-d532-4285-be94-b07a3e11a098;18;;
231964;1787501465145;1508;Settings / Licht & Fahrstufe;17;77;–;00-00-00-02-FF-FF-FF-FF-FF-FF-FF-00-00-00-00-00-00;NOTIFICATION;1;da1a1500-d532-4285-be94-b07a3e11a098;da1a1508-d532-4285-be94-b07a3e11a098;18;;
232175;1787501465356;1509;BatteryChange / Akku-Livestand;11;77;0,1,5,6,9,10;17-70-FF-FF-1B-AD-70-00-00-01-0A;NOTIFICATION;1;da1a1500-d532-4285-be94-b07a3e11a098;da1a1509-d532-4285-be94-b07a3e11a098;18;;
232387;1787501465568;150A;MotorUpdate / Motor-Livestand;10;77;0,1;17-70-FF-FF-FF-FF-FF-FF-FF-FF;NOTIFICATION;1;da1a1500-d532-4285-be94-b07a3e11a098;da1a150a-d532-4285-be94-b07a3e11a098;18;;
232597;1787501465778;150B;Motor-/Controllerblock;20;77;–;FF-FF-FF-FF-FF-FF-FF-FF-FF-FF-FF-FF-FF-FF-FF-FF-FF-FF-FF-FF;NOTIFICATION;1;da1a1500-d532-4285-be94-b07a3e11a098;da1a150b-d532-4285-be94-b07a3e11a098;18;;
232808;1787501465989;150D;Fahrstatistik Max/Ø;20;77;–;00-DA-00-AE-FF-FF-FF-FF-47-18-FF-FF-FF-FF-FF-FF-FF-FF-00-00;NOTIFICATION;1;da1a1500-d532-4285-be94-b07a3e11a098;da1a150d-d532-4285-be94-b07a3e11a098;18;;
233845;1787501467026;1502;Akkuinformationen;16;78;–;47-18-FF-FF-FF-FF-47-18-FF-FF-FF-FF-FF-FF-00-00;NOTIFICATION;1;da1a1500-d532-4285-be94-b07a3e11a098;da1a1502-d532-4285-be94-b07a3e11a098;18;;
234267;1787501467448;1505;BikePerformance / Fahrleistung;18;78;0,1,2,3;00-00-00-00-FF-FF-00-DA-FF-FF-FF-FF-FF-00-00-00-00-00;NOTIFICATION;1;da1a1500-d532-4285-be94-b07a3e11a098;da1a1505-d532-4285-be94-b07a3e11a098;18;;
234466;1787501467647;1506;Trip / Kilometer & Betriebszähler;16;78;7;00-00-1C-52-00-02-35-BB-00-00-02-D5-00-00-00-00;NOTIFICATION;1;da1a1500-d532-4285-be94-b07a3e11a098;da1a1506-d532-4285-be94-b07a3e11a098;18;;
234887;1787501468068;1508;Settings / Licht & Fahrstufe;17;78;–;00-00-00-02-FF-FF-FF-FF-FF-FF-FF-00-00-00-00-00-00;NOTIFICATION;1;da1a1500-d532-4285-be94-b07a3e11a098;da1a1508-d532-4285-be94-b07a3e11a098;18;;
235098;1787501468279;1509;BatteryChange / Akku-Livestand;11;78;0,1,5,6,9,10;07-D0-FF-FF-1B-AF-00-00-00-00-59;NOTIFICATION;1;da1a1500-d532-4285-be94-b07a3e11a098;da1a1509-d532-4285-be94-b07a3e11a098;18;;
235308;1787501468489;150A;MotorUpdate / Motor-Livestand;10;78;0,1;0B-B8-FF-FF-FF-FF-FF-FF-FF-FF;NOTIFICATION;1;da1a1500-d532-4285-be94-b07a3e11a098;da1a150a-d532-4285-be94-b07a3e11a098;18;;
235528;1787501468709;150B;Motor-/Controllerblock;20;78;–;FF-FF-FF-FF-FF-FF-FF-FF-FF-FF-FF-FF-FF-FF-FF-FF-FF-FF-FF-FF;NOTIFICATION;1;da1a1500-d532-4285-be94-b07a3e11a098;da1a150b-d532-4285-be94-b07a3e11a098;18;;
235730;1787501468911;150D;Fahrstatistik Max/Ø;20;78;–;00-DA-00-AE-FF-FF-FF-FF-47-18-FF-FF-FF-FF-FF-FF-FF-FF-00-00;NOTIFICATION;1;da1a1500-d532-4285-be94-b07a3e11a098;da1a150d-d532-4285-be94-b07a3e11a098;18;;
236767;1787501469948;1502;Akkuinformationen;16;79;–;47-18-FF-FF-FF-FF-47-18-FF-FF-FF-FF-FF-FF-00-00;NOTIFICATION;1;da1a1500-d532-4285-be94-b07a3e11a098;da1a1502-d532-4285-be94-b07a3e11a098;18;;
237192;1787501470373;1505;BikePerformance / Fahrleistung;18;79;0,1,2,3,7;0C-30-0C-30-FF-FF-00-CE-FF-FF-FF-FF-FF-00-00-00-00-00;NOTIFICATION;1;da1a1500-d532-4285-be94-b07a3e11a098;da1a1505-d532-4285-be94-b07a3e11a098;18;;
237387;1787501470568;1506;Trip / Kilometer & Betriebszähler;16;79;7;00-00-1C-52-00-02-35-BE-00-00-02-D5-00-00-00-00;NOTIFICATION;1;da1a1500-d532-4285-be94-b07a3e11a098;da1a1506-d532-4285-be94-b07a3e11a098;18;;
237808;1787501470989;1508;Settings / Licht & Fahrstufe;17;79;–;00-00-00-02-FF-FF-FF-FF-FF-FF-FF-00-00-00-00-00-00;NOTIFICATION;1;da1a1500-d532-4285-be94-b07a3e11a098;da1a1508-d532-4285-be94-b07a3e11a098;18;;
238017;1787501471198;1509;BatteryChange / Akku-Livestand;11;79;0,1,5,6,10;03-E8-FF-FF-1B-B1-58-00-00-00-2D;NOTIFICATION;1;da1a1500-d532-4285-be94-b07a3e11a098;da1a1509-d532-4285-be94-b07a3e11a098;18;;
238229;1787501471410;150A;MotorUpdate / Motor-Livestand;10;79;0,1;03-E8-FF-FF-FF-FF-FF-FF-FF-FF;NOTIFICATION;1;da1a1500-d532-4285-be94-b07a3e11a098;da1a150a-d532-4285-be94-b07a3e11a098;18;;
238437;1787501471618;150B;Motor-/Controllerblock;20;79;–;FF-FF-FF-FF-FF-FF-FF-FF-FF-FF-FF-FF-FF-FF-FF-FF-FF-FF-FF-FF;NOTIFICATION;1;da1a1500-d532-4285-be94-b07a3e11a098;da1a150b-d532-4285-be94-b07a3e11a098;18;;
238646;1787501471827;150D;Fahrstatistik Max/Ø;20;79;–;00-DA-00-AE-FF-FF-FF-FF-47-18-FF-FF-FF-FF-FF-FF-FF-FF-00-00;NOTIFICATION;1;da1a1500-d532-4285-be94-b07a3e11a098;da1a150d-d532-4285-be94-b07a3e11a098;18;;
239687;1787501472868;1502;Akkuinformationen;16;80;–;47-18-FF-FF-FF-FF-47-18-FF-FF-FF-FF-FF-FF-00-00;NOTIFICATION;1;da1a1500-d532-4285-be94-b07a3e11a098;da1a1502-d532-4285-be94-b07a3e11a098;18;;
240107;1787501473288;1505;BikePerformance / Fahrleistung;18;80;0,1,2,3,7;01-C2-01-C2-FF-FF-00-B2-FF-FF-FF-FF-FF-00-00-00-00-00;NOTIFICATION;1;da1a1500-d532-4285-be94-b07a3e11a098;da1a1505-d532-4285-be94-b07a3e11a098;18;;
240309;1787501473490;1506;Trip / Kilometer & Betriebszähler;16;80;7;00-00-1C-52-00-02-35-C1-00-00-02-D5-00-00-00-00;NOTIFICATION;1;da1a1500-d532-4285-be94-b07a3e11a098;da1a1506-d532-4285-be94-b07a3e11a098;18;;
240738;1787501473919;1508;Settings / Licht & Fahrstufe;17;80;–;00-00-00-02-FF-FF-FF-FF-FF-FF-FF-00-00-00-00-00-00;NOTIFICATION;1;da1a1500-d532-4285-be94-b07a3e11a098;da1a1508-d532-4285-be94-b07a3e11a098;18;;
240938;1787501474119;1509;BatteryChange / Akku-Livestand;11;80;0,1,5,6,10;00-00-FF-FF-1B-B2-20-00-00-00-00;NOTIFICATION;1;da1a1500-d532-4285-be94-b07a3e11a098;da1a1509-d532-4285-be94-b07a3e11a098;18;;
241147;1787501474328;150A;MotorUpdate / Motor-Livestand;10;80;0,1;00-00-FF-FF-FF-FF-FF-FF-FF-FF;NOTIFICATION;1;da1a1500-d532-4285-be94-b07a3e11a098;da1a150a-d532-4285-be94-b07a3e11a098;18;;
241358;1787501474539;150B;Motor-/Controllerblock;20;80;–;FF-FF-FF-FF-FF-FF-FF-FF-FF-FF-FF-FF-FF-FF-FF-FF-FF-FF-FF-FF;NOTIFICATION;1;da1a1500-d532-4285-be94-b07a3e11a098;da1a150b-d532-4285-be94-b07a3e11a098;18;;
241565;1787501474746;150D;Fahrstatistik Max/Ø;20;80;–;00-DA-00-AE-FF-FF-FF-FF-47-18-FF-FF-FF-FF-FF-FF-FF-FF-00-00;NOTIFICATION;1;da1a1500-d532-4285-be94-b07a3e11a098;da1a150d-d532-4285-be94-b07a3e11a098;18;;
242606;1787501475787;1502;Akkuinformationen;16;81;–;47-18-FF-FF-FF-FF-47-18-FF-FF-FF-FF-FF-FF-00-00;NOTIFICATION;1;da1a1500-d532-4285-be94-b07a3e11a098;da1a1502-d532-4285-be94-b07a3e11a098;18;;
243028;1787501476209;1505;BikePerformance / Fahrleistung;18;81;0,1,2,3,7;00-00-00-00-FF-FF-00-93-FF-FF-FF-FF-FF-00-00-00-00-00;NOTIFICATION;1;da1a1500-d532-4285-be94-b07a3e11a098;da1a1505-d532-4285-be94-b07a3e11a098;18;;
243227;1787501476408;1506;Trip / Kilometer & Betriebszähler;16;81;3,7;00-00-1C-53-00-02-35-C4-00-00-02-D5-00-00-00-00;NOTIFICATION;1;da1a1500-d532-4285-be94-b07a3e11a098;da1a1506-d532-4285-be94-b07a3e11a098;18;;
243648;1787501476829;1508;Settings / Licht & Fahrstufe;17;81;–;00-00-00-02-FF-FF-FF-FF-FF-FF-FF-00-00-00-00-00-00;NOTIFICATION;1;da1a1500-d532-4285-be94-b07a3e11a098;da1a1508-d532-4285-be94-b07a3e11a098;18;;
243857;1787501477038;1509;BatteryChange / Akku-Livestand;11;81;–;00-00-FF-FF-1B-B2-20-00-00-00-00;NOTIFICATION;1;da1a1500-d532-4285-be94-b07a3e11a098;da1a1509-d532-4285-be94-b07a3e11a098;18;;
244066;1787501477247;150A;MotorUpdate / Motor-Livestand;10;81;–;00-00-FF-FF-FF-FF-FF-FF-FF-FF;NOTIFICATION;1;da1a1500-d532-4285-be94-b07a3e11a098;da1a150a-d532-4285-be94-b07a3e11a098;18;;
244277;1787501477458;150B;Motor-/Controllerblock;20;81;–;FF-FF-FF-FF-FF-FF-FF-FF-FF-FF-FF-FF-FF-FF-FF-FF-FF-FF-FF-FF;NOTIFICATION;1;da1a1500-d532-4285-be94-b07a3e11a098;da1a150b-d532-4285-be94-b07a3e11a098;18;;
244487;1787501477668;150D;Fahrstatistik Max/Ø;20;81;3;00-DA-00-B1-FF-FF-FF-FF-47-18-FF-FF-FF-FF-FF-FF-FF-FF-00-00;NOTIFICATION;1;da1a1500-d532-4285-be94-b07a3e11a098;da1a150d-d532-4285-be94-b07a3e11a098;18;;
245526;1787501478707;1502;Akkuinformationen;16;82;–;47-18-FF-FF-FF-FF-47-18-FF-FF-FF-FF-FF-FF-00-00;NOTIFICATION;1;da1a1500-d532-4285-be94-b07a3e11a098;da1a1502-d532-4285-be94-b07a3e11a098;18;;
245949;1787501479130;1505;BikePerformance / Fahrleistung;18;82;7;00-00-00-00-FF-FF-00-77-FF-FF-FF-FF-FF-00-00-00-00-00;NOTIFICATION;1;da1a1500-d532-4285-be94-b07a3e11a098;da1a1505-d532-4285-be94-b07a3e11a098;18;;
246145;1787501479326;1506;Trip / Kilometer & Betriebszähler;16;82;7;00-00-1C-53-00-02-35-C7-00-00-02-D5-00-00-00-00;NOTIFICATION;1;da1a1500-d532-4285-be94-b07a3e11a098;da1a1506-d532-4285-be94-b07a3e11a098;18;;
246567;1787501479748;1508;Settings / Licht & Fahrstufe;17;82;–;00-00-00-02-FF-FF-FF-FF-FF-FF-FF-00-00-00-00-00-00;NOTIFICATION;1;da1a1500-d532-4285-be94-b07a3e11a098;da1a1508-d532-4285-be94-b07a3e11a098;18;;
246780;1787501479961;1509;BatteryChange / Akku-Livestand;11;82;6;00-00-FF-FF-1B-B2-84-00-00-00-00;NOTIFICATION;1;da1a1500-d532-4285-be94-b07a3e11a098;da1a1509-d532-4285-be94-b07a3e11a098;18;;
246987;1787501480168;150A;MotorUpdate / Motor-Livestand;10;82;–;00-00-FF-FF-FF-FF-FF-FF-FF-FF;NOTIFICATION;1;da1a1500-d532-4285-be94-b07a3e11a098;da1a150a-d532-4285-be94-b07a3e11a098;18;;
247199;1787501480380;150B;Motor-/Controllerblock;20;82;–;FF-FF-FF-FF-FF-FF-FF-FF-FF-FF-FF-FF-FF-FF-FF-FF-FF-FF-FF-FF;NOTIFICATION;1;da1a1500-d532-4285-be94-b07a3e11a098;da1a150b-d532-4285-be94-b07a3e11a098;18;;
247408;1787501480589;150D;Fahrstatistik Max/Ø;20;82;–;00-DA-00-B1-FF-FF-FF-FF-47-18-FF-FF-FF-FF-FF-FF-FF-FF-00-00;NOTIFICATION;1;da1a1500-d532-4285-be94-b07a3e11a098;da1a150d-d532-4285-be94-b07a3e11a098;18;;
248449;1787501481630;1502;Akkuinformationen;16;83;–;47-18-FF-FF-FF-FF-47-18-FF-FF-FF-FF-FF-FF-00-00;NOTIFICATION;1;da1a1500-d532-4285-be94-b07a3e11a098;da1a1502-d532-4285-be94-b07a3e11a098;18;;
248868;1787501482049;1505;BikePerformance / Fahrleistung;18;83;7;00-00-00-00-FF-FF-00-58-FF-FF-FF-FF-FF-00-00-00-00-00;NOTIFICATION;1;da1a1500-d532-4285-be94-b07a3e11a098;da1a1505-d532-4285-be94-b07a3e11a098;18;;
249067;1787501482248;1506;Trip / Kilometer & Betriebszähler;16;83;7;00-00-1C-53-00-02-35-CA-00-00-02-D5-00-00-00-00;NOTIFICATION;1;da1a1500-d532-4285-be94-b07a3e11a098;da1a1506-d532-4285-be94-b07a3e11a098;18;;
249491;1787501482672;1508;Settings / Licht & Fahrstufe;17;83;–;00-00-00-02-FF-FF-FF-FF-FF-FF-FF-00-00-00-00-00-00;NOTIFICATION;1;da1a1500-d532-4285-be94-b07a3e11a098;da1a1508-d532-4285-be94-b07a3e11a098;18;;
249697;1787501482878;1509;BatteryChange / Akku-Livestand;11;83;–;00-00-FF-FF-1B-B2-84-00-00-00-00;NOTIFICATION;1;da1a1500-d532-4285-be94-b07a3e11a098;da1a1509-d532-4285-be94-b07a3e11a098;18;;
249910;1787501483091;150A;MotorUpdate / Motor-Livestand;10;83;–;00-00-FF-FF-FF-FF-FF-FF-FF-FF;NOTIFICATION;1;da1a1500-d532-4285-be94-b07a3e11a098;da1a150a-d532-4285-be94-b07a3e11a098;18;;
250118;1787501483299;150B;Motor-/Controllerblock;20;83;–;FF-FF-FF-FF-FF-FF-FF-FF-FF-FF-FF-FF-FF-FF-FF-FF-FF-FF-FF-FF;NOTIFICATION;1;da1a1500-d532-4285-be94-b07a3e11a098;da1a150b-d532-4285-be94-b07a3e11a098;18;;
250327;1787501483508;150D;Fahrstatistik Max/Ø;20;83;–;00-DA-00-B1-FF-FF-FF-FF-47-18-FF-FF-FF-FF-FF-FF-FF-FF-00-00;NOTIFICATION;1;da1a1500-d532-4285-be94-b07a3e11a098;da1a150d-d532-4285-be94-b07a3e11a098;18;;
251368;1787501484549;1502;Akkuinformationen;16;84;–;47-18-FF-FF-FF-FF-47-18-FF-FF-FF-FF-FF-FF-00-00;NOTIFICATION;1;da1a1500-d532-4285-be94-b07a3e11a098;da1a1502-d532-4285-be94-b07a3e11a098;18;;
251778;1787501484959;1505;BikePerformance / Fahrleistung;18;84;0,1,2,3,7;07-08-07-08-FF-FF-00-2D-FF-FF-FF-FF-FF-00-00-00-00-00;NOTIFICATION;1;da1a1500-d532-4285-be94-b07a3e11a098;da1a1505-d532-4285-be94-b07a3e11a098;18;;
251989;1787501485170;1506;Trip / Kilometer & Betriebszähler;16;84;7;00-00-1C-53-00-02-35-CD-00-00-02-D5-00-00-00-00;NOTIFICATION;1;da1a1500-d532-4285-be94-b07a3e11a098;da1a1506-d532-4285-be94-b07a3e11a098;18;;
252407;1787501485588;1508;Settings / Licht & Fahrstufe;17;84;–;00-00-00-02-FF-FF-FF-FF-FF-FF-FF-00-00-00-00-00-00;NOTIFICATION;1;da1a1500-d532-4285-be94-b07a3e11a098;da1a1508-d532-4285-be94-b07a3e11a098;18;;
252617;1787501485798;1509;BatteryChange / Akku-Livestand;11;84;–;00-00-FF-FF-1B-B2-84-00-00-00-00;NOTIFICATION;1;da1a1500-d532-4285-be94-b07a3e11a098;da1a1509-d532-4285-be94-b07a3e11a098;18;;
252827;1787501486008;150A;MotorUpdate / Motor-Livestand;10;84;–;00-00-FF-FF-FF-FF-FF-FF-FF-FF;NOTIFICATION;1;da1a1500-d532-4285-be94-b07a3e11a098;da1a150a-d532-4285-be94-b07a3e11a098;18;;
253038;1787501486219;150B;Motor-/Controllerblock;20;84;–;FF-FF-FF-FF-FF-FF-FF-FF-FF-FF-FF-FF-FF-FF-FF-FF-FF-FF-FF-FF;NOTIFICATION;1;da1a1500-d532-4285-be94-b07a3e11a098;da1a150b-d532-4285-be94-b07a3e11a098;18;;
253238;1787501486419;150D;Fahrstatistik Max/Ø;20;84;–;00-DA-00-B1-FF-FF-FF-FF-47-18-FF-FF-FF-FF-FF-FF-FF-FF-00-00;NOTIFICATION;1;da1a1500-d532-4285-be94-b07a3e11a098;da1a150d-d532-4285-be94-b07a3e11a098;18;;
254288;1787501487469;1502;Akkuinformationen;16;85;–;47-18-FF-FF-FF-FF-47-18-FF-FF-FF-FF-FF-FF-00-00;NOTIFICATION;1;da1a1500-d532-4285-be94-b07a3e11a098;da1a1502-d532-4285-be94-b07a3e11a098;18;;
254696;1787501487877;1505;BikePerformance / Fahrleistung;18;85;0,1,2,3,7;00-00-00-00-FF-FF-00-18-FF-FF-FF-FF-FF-00-00-00-00-00;NOTIFICATION;1;da1a1500-d532-4285-be94-b07a3e11a098;da1a1505-d532-4285-be94-b07a3e11a098;18;;
254907;1787501488088;1506;Trip / Kilometer & Betriebszähler;16;85;7;00-00-1C-53-00-02-35-D0-00-00-02-D5-00-00-00-00;NOTIFICATION;1;da1a1500-d532-4285-be94-b07a3e11a098;da1a1506-d532-4285-be94-b07a3e11a098;18;;
255327;1787501488508;1508;Settings / Licht & Fahrstufe;17;85;–;00-00-00-02-FF-FF-FF-FF-FF-FF-FF-00-00-00-00-00-00;NOTIFICATION;1;da1a1500-d532-4285-be94-b07a3e11a098;da1a1508-d532-4285-be94-b07a3e11a098;18;;
255540;1787501488721;1509;BatteryChange / Akku-Livestand;11;85;6;00-00-FF-FF-1B-B2-E8-00-00-00-00;NOTIFICATION;1;da1a1500-d532-4285-be94-b07a3e11a098;da1a1509-d532-4285-be94-b07a3e11a098;18;;
255746;1787501488927;150A;MotorUpdate / Motor-Livestand;10;85;–;00-00-FF-FF-FF-FF-FF-FF-FF-FF;NOTIFICATION;1;da1a1500-d532-4285-be94-b07a3e11a098;da1a150a-d532-4285-be94-b07a3e11a098;18;;
255958;1787501489139;150B;Motor-/Controllerblock;20;85;–;FF-FF-FF-FF-FF-FF-FF-FF-FF-FF-FF-FF-FF-FF-FF-FF-FF-FF-FF-FF;NOTIFICATION;1;da1a1500-d532-4285-be94-b07a3e11a098;da1a150b-d532-4285-be94-b07a3e11a098;18;;
256159;1787501489340;150D;Fahrstatistik Max/Ø;20;85;–;00-DA-00-B1-FF-FF-FF-FF-47-18-FF-FF-FF-FF-FF-FF-FF-FF-00-00;NOTIFICATION;1;da1a1500-d532-4285-be94-b07a3e11a098;da1a150d-d532-4285-be94-b07a3e11a098;18;;
257207;1787501490388;1502;Akkuinformationen;16;86;–;47-18-FF-FF-FF-FF-47-18-FF-FF-FF-FF-FF-FF-00-00;NOTIFICATION;1;da1a1500-d532-4285-be94-b07a3e11a098;da1a1502-d532-4285-be94-b07a3e11a098;18;;
257618;1787501490799;1505;BikePerformance / Fahrleistung;18;86;7;00-00-00-00-FF-FF-00-00-FF-FF-FF-FF-FF-00-00-00-00-00;NOTIFICATION;1;da1a1500-d532-4285-be94-b07a3e11a098;da1a1505-d532-4285-be94-b07a3e11a098;18;;
257827;1787501491008;1506;Trip / Kilometer & Betriebszähler;16;86;7;00-00-1C-53-00-02-35-D1-00-00-02-D5-00-00-00-00;NOTIFICATION;1;da1a1500-d532-4285-be94-b07a3e11a098;da1a1506-d532-4285-be94-b07a3e11a098;18;;
258247;1787501491428;1508;Settings / Licht & Fahrstufe;17;86;–;00-00-00-02-FF-FF-FF-FF-FF-FF-FF-00-00-00-00-00-00;NOTIFICATION;1;da1a1500-d532-4285-be94-b07a3e11a098;da1a1508-d532-4285-be94-b07a3e11a098;18;;
258459;1787501491640;1509;BatteryChange / Akku-Livestand;11;86;–;00-00-FF-FF-1B-B2-E8-00-00-00-00;NOTIFICATION;1;da1a1500-d532-4285-be94-b07a3e11a098;da1a1509-d532-4285-be94-b07a3e11a098;18;;
258667;1787501491848;150A;MotorUpdate / Motor-Livestand;10;86;–;00-00-FF-FF-FF-FF-FF-FF-FF-FF;NOTIFICATION;1;da1a1500-d532-4285-be94-b07a3e11a098;da1a150a-d532-4285-be94-b07a3e11a098;18;;
258880;1787501492061;150B;Motor-/Controllerblock;20;86;–;FF-FF-FF-FF-FF-FF-FF-FF-FF-FF-FF-FF-FF-FF-FF-FF-FF-FF-FF-FF;NOTIFICATION;1;da1a1500-d532-4285-be94-b07a3e11a098;da1a150b-d532-4285-be94-b07a3e11a098;18;;
259084;1787501492265;150D;Fahrstatistik Max/Ø;20;86;–;00-DA-00-B1-FF-FF-FF-FF-47-18-FF-FF-FF-FF-FF-FF-FF-FF-00-00;NOTIFICATION;1;da1a1500-d532-4285-be94-b07a3e11a098;da1a150d-d532-4285-be94-b07a3e11a098;18;;
260126;1787501493307;1502;Akkuinformationen;16;87;–;47-18-FF-FF-FF-FF-47-18-FF-FF-FF-FF-FF-FF-00-00;NOTIFICATION;1;da1a1500-d532-4285-be94-b07a3e11a098;da1a1502-d532-4285-be94-b07a3e11a098;18;;
260549;1787501493730;1505;BikePerformance / Fahrleistung;18;87;–;00-00-00-00-FF-FF-00-00-FF-FF-FF-FF-FF-00-00-00-00-00;NOTIFICATION;1;da1a1500-d532-4285-be94-b07a3e11a098;da1a1505-d532-4285-be94-b07a3e11a098;18;;
260748;1787501493929;1506;Trip / Kilometer & Betriebszähler;16;87;–;00-00-1C-53-00-02-35-D1-00-00-02-D5-00-00-00-00;NOTIFICATION;1;da1a1500-d532-4285-be94-b07a3e11a098;da1a1506-d532-4285-be94-b07a3e11a098;18;;
261169;1787501494350;1508;Settings / Licht & Fahrstufe;17;87;–;00-00-00-02-FF-FF-FF-FF-FF-FF-FF-00-00-00-00-00-00;NOTIFICATION;1;da1a1500-d532-4285-be94-b07a3e11a098;da1a1508-d532-4285-be94-b07a3e11a098;18;;
261381;1787501494562;1509;BatteryChange / Akku-Livestand;11;87;–;00-00-FF-FF-1B-B2-E8-00-00-00-00;NOTIFICATION;1;da1a1500-d532-4285-be94-b07a3e11a098;da1a1509-d532-4285-be94-b07a3e11a098;18;;
261591;1787501494772;150A;MotorUpdate / Motor-Livestand;10;87;–;00-00-FF-FF-FF-FF-FF-FF-FF-FF;NOTIFICATION;1;da1a1500-d532-4285-be94-b07a3e11a098;da1a150a-d532-4285-be94-b07a3e11a098;18;;
261795;1787501494976;150B;Motor-/Controllerblock;20;87;–;FF-FF-FF-FF-FF-FF-FF-FF-FF-FF-FF-FF-FF-FF-FF-FF-FF-FF-FF-FF;NOTIFICATION;1;da1a1500-d532-4285-be94-b07a3e11a098;da1a150b-d532-4285-be94-b07a3e11a098;18;;
261997;1787501495178;150D;Fahrstatistik Max/Ø;20;87;–;00-DA-00-B1-FF-FF-FF-FF-47-18-FF-FF-FF-FF-FF-FF-FF-FF-00-00;NOTIFICATION;1;da1a1500-d532-4285-be94-b07a3e11a098;da1a150d-d532-4285-be94-b07a3e11a098;18;;
263048;1787501496229;1502;Akkuinformationen;16;88;–;47-18-FF-FF-FF-FF-47-18-FF-FF-FF-FF-FF-FF-00-00;NOTIFICATION;1;da1a1500-d532-4285-be94-b07a3e11a098;da1a1502-d532-4285-be94-b07a3e11a098;18;;
263455;1787501496636;1505;BikePerformance / Fahrleistung;18;88;–;00-00-00-00-FF-FF-00-00-FF-FF-FF-FF-FF-00-00-00-00-00;NOTIFICATION;1;da1a1500-d532-4285-be94-b07a3e11a098;da1a1505-d532-4285-be94-b07a3e11a098;18;;
263666;1787501496847;1506;Trip / Kilometer & Betriebszähler;16;88;–;00-00-1C-53-00-02-35-D1-00-00-02-D5-00-00-00-00;NOTIFICATION;1;da1a1500-d532-4285-be94-b07a3e11a098;da1a1506-d532-4285-be94-b07a3e11a098;18;;
264089;1787501497270;1508;Settings / Licht & Fahrstufe;17;88;–;00-00-00-02-FF-FF-FF-FF-FF-FF-FF-00-00-00-00-00-00;NOTIFICATION;1;da1a1500-d532-4285-be94-b07a3e11a098;da1a1508-d532-4285-be94-b07a3e11a098;18;;
264296;1787501497477;1509;BatteryChange / Akku-Livestand;11;88;–;00-00-FF-FF-1B-B2-E8-00-00-00-00;NOTIFICATION;1;da1a1500-d532-4285-be94-b07a3e11a098;da1a1509-d532-4285-be94-b07a3e11a098;18;;
264507;1787501497688;150A;MotorUpdate / Motor-Livestand;10;88;–;00-00-FF-FF-FF-FF-FF-FF-FF-FF;NOTIFICATION;1;da1a1500-d532-4285-be94-b07a3e11a098;da1a150a-d532-4285-be94-b07a3e11a098;18;;
264716;1787501497897;150B;Motor-/Controllerblock;20;88;–;FF-FF-FF-FF-FF-FF-FF-FF-FF-FF-FF-FF-FF-FF-FF-FF-FF-FF-FF-FF;NOTIFICATION;1;da1a1500-d532-4285-be94-b07a3e11a098;da1a150b-d532-4285-be94-b07a3e11a098;18;;
264916;1787501498097;150D;Fahrstatistik Max/Ø;20;88;–;00-DA-00-B1-FF-FF-FF-FF-47-18-FF-FF-FF-FF-FF-FF-FF-FF-00-00;NOTIFICATION;1;da1a1500-d532-4285-be94-b07a3e11a098;da1a150d-d532-4285-be94-b07a3e11a098;18;;
265968;1787501499149;1502;Akkuinformationen;16;89;–;47-18-FF-FF-FF-FF-47-18-FF-FF-FF-FF-FF-FF-00-00;NOTIFICATION;1;da1a1500-d532-4285-be94-b07a3e11a098;da1a1502-d532-4285-be94-b07a3e11a098;18;;
266377;1787501499558;1505;BikePerformance / Fahrleistung;18;89;–;00-00-00-00-FF-FF-00-00-FF-FF-FF-FF-FF-00-00-00-00-00;NOTIFICATION;1;da1a1500-d532-4285-be94-b07a3e11a098;da1a1505-d532-4285-be94-b07a3e11a098;18;;
266588;1787501499769;1506;Trip / Kilometer & Betriebszähler;16;89;–;00-00-1C-53-00-02-35-D1-00-00-02-D5-00-00-00-00;NOTIFICATION;1;da1a1500-d532-4285-be94-b07a3e11a098;da1a1506-d532-4285-be94-b07a3e11a098;18;;
267011;1787501500192;1508;Settings / Licht & Fahrstufe;17;89;–;00-00-00-02-FF-FF-FF-FF-FF-FF-FF-00-00-00-00-00-00;NOTIFICATION;1;da1a1500-d532-4285-be94-b07a3e11a098;da1a1508-d532-4285-be94-b07a3e11a098;18;;
267217;1787501500398;1509;BatteryChange / Akku-Livestand;11;89;4;00-00-FF-FF-1F-B2-E8-00-00-00-00;NOTIFICATION;1;da1a1500-d532-4285-be94-b07a3e11a098;da1a1509-d532-4285-be94-b07a3e11a098;18;;
267430;1787501500611;150A;MotorUpdate / Motor-Livestand;10;89;–;00-00-FF-FF-FF-FF-FF-FF-FF-FF;NOTIFICATION;1;da1a1500-d532-4285-be94-b07a3e11a098;da1a150a-d532-4285-be94-b07a3e11a098;18;;
267637;1787501500818;150B;Motor-/Controllerblock;20;89;–;FF-FF-FF-FF-FF-FF-FF-FF-FF-FF-FF-FF-FF-FF-FF-FF-FF-FF-FF-FF;NOTIFICATION;1;da1a1500-d532-4285-be94-b07a3e11a098;da1a150b-d532-4285-be94-b07a3e11a098;18;;
267838;1787501501019;150D;Fahrstatistik Max/Ø;20;89;–;00-DA-00-B1-FF-FF-FF-FF-47-18-FF-FF-FF-FF-FF-FF-FF-FF-00-00;NOTIFICATION;1;da1a1500-d532-4285-be94-b07a3e11a098;da1a150d-d532-4285-be94-b07a3e11a098;18;;
268886;1787501502067;1502;Akkuinformationen;16;90;–;47-18-FF-FF-FF-FF-47-18-FF-FF-FF-FF-FF-FF-00-00;NOTIFICATION;1;da1a1500-d532-4285-be94-b07a3e11a098;da1a1502-d532-4285-be94-b07a3e11a098;18;;
269297;1787501502478;1505;BikePerformance / Fahrleistung;18;90;–;00-00-00-00-FF-FF-00-00-FF-FF-FF-FF-FF-00-00-00-00-00;NOTIFICATION;1;da1a1500-d532-4285-be94-b07a3e11a098;da1a1505-d532-4285-be94-b07a3e11a098;18;;
269506;1787501502687;1506;Trip / Kilometer & Betriebszähler;16;90;–;00-00-1C-53-00-02-35-D1-00-00-02-D5-00-00-00-00;NOTIFICATION;1;da1a1500-d532-4285-be94-b07a3e11a098;da1a1506-d532-4285-be94-b07a3e11a098;18;;
269927;1787501503108;1508;Settings / Licht & Fahrstufe;17;90;–;00-00-00-02-FF-FF-FF-FF-FF-FF-FF-00-00-00-00-00-00;NOTIFICATION;1;da1a1500-d532-4285-be94-b07a3e11a098;da1a1508-d532-4285-be94-b07a3e11a098;18;;
270136;1787501503317;1509;BatteryChange / Akku-Livestand;11;90;4;00-00-FF-FF-20-B2-E8-00-00-00-00;NOTIFICATION;1;da1a1500-d532-4285-be94-b07a3e11a098;da1a1509-d532-4285-be94-b07a3e11a098;18;;
270347;1787501503528;150A;MotorUpdate / Motor-Livestand;10;90;–;00-00-FF-FF-FF-FF-FF-FF-FF-FF;NOTIFICATION;1;da1a1500-d532-4285-be94-b07a3e11a098;da1a150a-d532-4285-be94-b07a3e11a098;18;;
270557;1787501503738;150B;Motor-/Controllerblock;20;90;–;FF-FF-FF-FF-FF-FF-FF-FF-FF-FF-FF-FF-FF-FF-FF-FF-FF-FF-FF-FF;NOTIFICATION;1;da1a1500-d532-4285-be94-b07a3e11a098;da1a150b-d532-4285-be94-b07a3e11a098;18;;
270755;1787501503936;150D;Fahrstatistik Max/Ø;20;90;–;00-DA-00-B1-FF-FF-FF-FF-47-18-FF-FF-FF-FF-FF-FF-FF-FF-00-00;NOTIFICATION;1;da1a1500-d532-4285-be94-b07a3e11a098;da1a150d-d532-4285-be94-b07a3e11a098;18;;
271808;1787501504989;1502;Akkuinformationen;16;91;–;47-18-FF-FF-FF-FF-47-18-FF-FF-FF-FF-FF-FF-00-00;NOTIFICATION;1;da1a1500-d532-4285-be94-b07a3e11a098;da1a1502-d532-4285-be94-b07a3e11a098;18;;
272216;1787501505397;1505;BikePerformance / Fahrleistung;18;91;–;00-00-00-00-FF-FF-00-00-FF-FF-FF-FF-FF-00-00-00-00-00;NOTIFICATION;1;da1a1500-d532-4285-be94-b07a3e11a098;da1a1505-d532-4285-be94-b07a3e11a098;18;;
272426;1787501505607;1506;Trip / Kilometer & Betriebszähler;16;91;–;00-00-1C-53-00-02-35-D1-00-00-02-D5-00-00-00-00;NOTIFICATION;1;da1a1500-d532-4285-be94-b07a3e11a098;da1a1506-d532-4285-be94-b07a3e11a098;18;;
272846;1787501506027;1508;Settings / Licht & Fahrstufe;17;91;–;00-00-00-02-FF-FF-FF-FF-FF-FF-FF-00-00-00-00-00-00;NOTIFICATION;1;da1a1500-d532-4285-be94-b07a3e11a098;da1a1508-d532-4285-be94-b07a3e11a098;18;;
273056;1787501506237;1509;BatteryChange / Akku-Livestand;11;91;–;00-00-FF-FF-20-B2-E8-00-00-00-00;NOTIFICATION;1;da1a1500-d532-4285-be94-b07a3e11a098;da1a1509-d532-4285-be94-b07a3e11a098;18;;
273271;1787501506452;150A;MotorUpdate / Motor-Livestand;10;91;–;00-00-FF-FF-FF-FF-FF-FF-FF-FF;NOTIFICATION;1;da1a1500-d532-4285-be94-b07a3e11a098;da1a150a-d532-4285-be94-b07a3e11a098;18;;
273483;1787501506664;150B;Motor-/Controllerblock;20;91;–;FF-FF-FF-FF-FF-FF-FF-FF-FF-FF-FF-FF-FF-FF-FF-FF-FF-FF-FF-FF;NOTIFICATION;1;da1a1500-d532-4285-be94-b07a3e11a098;da1a150b-d532-4285-be94-b07a3e11a098;18;;
273680;1787501506861;150D;Fahrstatistik Max/Ø;20;91;–;00-DA-00-B1-FF-FF-FF-FF-47-18-FF-FF-FF-FF-FF-FF-FF-FF-00-00;NOTIFICATION;1;da1a1500-d532-4285-be94-b07a3e11a098;da1a150d-d532-4285-be94-b07a3e11a098;18;;
274731;1787501507912;1502;Akkuinformationen;16;92;–;47-18-FF-FF-FF-FF-47-18-FF-FF-FF-FF-FF-FF-00-00;NOTIFICATION;1;da1a1500-d532-4285-be94-b07a3e11a098;da1a1502-d532-4285-be94-b07a3e11a098;18;;
275140;1787501508321;1505;BikePerformance / Fahrleistung;18;92;–;00-00-00-00-FF-FF-00-00-FF-FF-FF-FF-FF-00-00-00-00-00;NOTIFICATION;1;da1a1500-d532-4285-be94-b07a3e11a098;da1a1505-d532-4285-be94-b07a3e11a098;18;;
275348;1787501508529;1506;Trip / Kilometer & Betriebszähler;16;92;–;00-00-1C-53-00-02-35-D1-00-00-02-D5-00-00-00-00;NOTIFICATION;1;da1a1500-d532-4285-be94-b07a3e11a098;da1a1506-d532-4285-be94-b07a3e11a098;18;;
275768;1787501508949;1508;Settings / Licht & Fahrstufe;17;92;–;00-00-00-02-FF-FF-FF-FF-FF-FF-FF-00-00-00-00-00-00;NOTIFICATION;1;da1a1500-d532-4285-be94-b07a3e11a098;da1a1508-d532-4285-be94-b07a3e11a098;18;;
275980;1787501509161;1509;BatteryChange / Akku-Livestand;11;92;–;00-00-FF-FF-20-B2-E8-00-00-00-00;NOTIFICATION;1;da1a1500-d532-4285-be94-b07a3e11a098;da1a1509-d532-4285-be94-b07a3e11a098;18;;
276191;1787501509372;150A;MotorUpdate / Motor-Livestand;10;92;–;00-00-FF-FF-FF-FF-FF-FF-FF-FF;NOTIFICATION;1;da1a1500-d532-4285-be94-b07a3e11a098;da1a150a-d532-4285-be94-b07a3e11a098;18;;
276396;1787501509577;150B;Motor-/Controllerblock;20;92;–;FF-FF-FF-FF-FF-FF-FF-FF-FF-FF-FF-FF-FF-FF-FF-FF-FF-FF-FF-FF;NOTIFICATION;1;da1a1500-d532-4285-be94-b07a3e11a098;da1a150b-d532-4285-be94-b07a3e11a098;18;;
276596;1787501509777;150D;Fahrstatistik Max/Ø;20;92;–;00-DA-00-B1-FF-FF-FF-FF-47-18-FF-FF-FF-FF-FF-FF-FF-FF-00-00;NOTIFICATION;1;da1a1500-d532-4285-be94-b07a3e11a098;da1a150d-d532-4285-be94-b07a3e11a098;18;;
277648;1787501510829;1502;Akkuinformationen;16;93;–;47-18-FF-FF-FF-FF-47-18-FF-FF-FF-FF-FF-FF-00-00;NOTIFICATION;1;da1a1500-d532-4285-be94-b07a3e11a098;da1a1502-d532-4285-be94-b07a3e11a098;18;;
278060;1787501511241;1505;BikePerformance / Fahrleistung;18;93;–;00-00-00-00-FF-FF-00-00-FF-FF-FF-FF-FF-00-00-00-00-00;NOTIFICATION;1;da1a1500-d532-4285-be94-b07a3e11a098;da1a1505-d532-4285-be94-b07a3e11a098;18;;
278269;1787501511450;1506;Trip / Kilometer & Betriebszähler;16;93;–;00-00-1C-53-00-02-35-D1-00-00-02-D5-00-00-00-00;NOTIFICATION;1;da1a1500-d532-4285-be94-b07a3e11a098;da1a1506-d532-4285-be94-b07a3e11a098;18;;
278687;1787501511868;1508;Settings / Licht & Fahrstufe;17;93;–;00-00-00-02-FF-FF-FF-FF-FF-FF-FF-00-00-00-00-00-00;NOTIFICATION;1;da1a1500-d532-4285-be94-b07a3e11a098;da1a1508-d532-4285-be94-b07a3e11a098;18;;
278897;1787501512078;1509;BatteryChange / Akku-Livestand;11;93;5,6;00-00-FF-FF-20-B3-4C-00-00-00-00;NOTIFICATION;1;da1a1500-d532-4285-be94-b07a3e11a098;da1a1509-d532-4285-be94-b07a3e11a098;18;;
279110;1787501512291;150A;MotorUpdate / Motor-Livestand;10;93;–;00-00-FF-FF-FF-FF-FF-FF-FF-FF;NOTIFICATION;1;da1a1500-d532-4285-be94-b07a3e11a098;da1a150a-d532-4285-be94-b07a3e11a098;18;;
279321;1787501512502;150B;Motor-/Controllerblock;20;93;–;FF-FF-FF-FF-FF-FF-FF-FF-FF-FF-FF-FF-FF-FF-FF-FF-FF-FF-FF-FF;NOTIFICATION;1;da1a1500-d532-4285-be94-b07a3e11a098;da1a150b-d532-4285-be94-b07a3e11a098;18;;
279516;1787501512697;150D;Fahrstatistik Max/Ø;20;93;–;00-DA-00-B1-FF-FF-FF-FF-47-18-FF-FF-FF-FF-FF-FF-FF-FF-00-00;NOTIFICATION;1;da1a1500-d532-4285-be94-b07a3e11a098;da1a150d-d532-4285-be94-b07a3e11a098;18;;
280567;1787501513748;1502;Akkuinformationen;16;94;–;47-18-FF-FF-FF-FF-47-18-FF-FF-FF-FF-FF-FF-00-00;NOTIFICATION;1;da1a1500-d532-4285-be94-b07a3e11a098;da1a1502-d532-4285-be94-b07a3e11a098;18;;
280983;1787501514164;1505;BikePerformance / Fahrleistung;18;94;–;00-00-00-00-FF-FF-00-00-FF-FF-FF-FF-FF-00-00-00-00-00;NOTIFICATION;1;da1a1500-d532-4285-be94-b07a3e11a098;da1a1505-d532-4285-be94-b07a3e11a098;18;;
281186;1787501514367;1506;Trip / Kilometer & Betriebszähler;16;94;–;00-00-1C-53-00-02-35-D1-00-00-02-D5-00-00-00-00;NOTIFICATION;1;da1a1500-d532-4285-be94-b07a3e11a098;da1a1506-d532-4285-be94-b07a3e11a098;18;;
281609;1787501514790;1508;Settings / Licht & Fahrstufe;17;94;–;00-00-00-02-FF-FF-FF-FF-FF-FF-FF-00-00-00-00-00-00;NOTIFICATION;1;da1a1500-d532-4285-be94-b07a3e11a098;da1a1508-d532-4285-be94-b07a3e11a098;18;;
281820;1787501515001;1509;BatteryChange / Akku-Livestand;11;94;5,6;00-00-FF-FF-20-B2-E8-00-00-00-00;NOTIFICATION;1;da1a1500-d532-4285-be94-b07a3e11a098;da1a1509-d532-4285-be94-b07a3e11a098;18;;
282030;1787501515211;150A;MotorUpdate / Motor-Livestand;10;94;–;00-00-FF-FF-FF-FF-FF-FF-FF-FF;NOTIFICATION;1;da1a1500-d532-4285-be94-b07a3e11a098;da1a150a-d532-4285-be94-b07a3e11a098;18;;
282243;1787501515424;150B;Motor-/Controllerblock;20;94;–;FF-FF-FF-FF-FF-FF-FF-FF-FF-FF-FF-FF-FF-FF-FF-FF-FF-FF-FF-FF;NOTIFICATION;1;da1a1500-d532-4285-be94-b07a3e11a098;da1a150b-d532-4285-be94-b07a3e11a098;18;;
282439;1787501515620;150D;Fahrstatistik Max/Ø;20;94;–;00-DA-00-B1-FF-FF-FF-FF-47-18-FF-FF-FF-FF-FF-FF-FF-FF-00-00;NOTIFICATION;1;da1a1500-d532-4285-be94-b07a3e11a098;da1a150d-d532-4285-be94-b07a3e11a098;18;;
283489;1787501516670;1502;Akkuinformationen;16;95;–;47-18-FF-FF-FF-FF-47-18-FF-FF-FF-FF-FF-FF-00-00;NOTIFICATION;1;da1a1500-d532-4285-be94-b07a3e11a098;da1a1502-d532-4285-be94-b07a3e11a098;18;;
283897;1787501517078;1505;BikePerformance / Fahrleistung;18;95;–;00-00-00-00-FF-FF-00-00-FF-FF-FF-FF-FF-00-00-00-00-00;NOTIFICATION;1;da1a1500-d532-4285-be94-b07a3e11a098;da1a1505-d532-4285-be94-b07a3e11a098;18;;
284111;1787501517292;1506;Trip / Kilometer & Betriebszähler;16;95;–;00-00-1C-53-00-02-35-D1-00-00-02-D5-00-00-00-00;NOTIFICATION;1;da1a1500-d532-4285-be94-b07a3e11a098;da1a1506-d532-4285-be94-b07a3e11a098;18;;
284527;1787501517708;1508;Settings / Licht & Fahrstufe;17;95;–;00-00-00-02-FF-FF-FF-FF-FF-FF-FF-00-00-00-00-00-00;NOTIFICATION;1;da1a1500-d532-4285-be94-b07a3e11a098;da1a1508-d532-4285-be94-b07a3e11a098;18;;
284738;1787501517919;1509;BatteryChange / Akku-Livestand;11;95;5,6;00-00-FF-FF-20-B3-4C-00-00-00-00;NOTIFICATION;1;da1a1500-d532-4285-be94-b07a3e11a098;da1a1509-d532-4285-be94-b07a3e11a098;18;;
284950;1787501518131;150A;MotorUpdate / Motor-Livestand;10;95;–;00-00-FF-FF-FF-FF-FF-FF-FF-FF;NOTIFICATION;1;da1a1500-d532-4285-be94-b07a3e11a098;da1a150a-d532-4285-be94-b07a3e11a098;18;;
285158;1787501518339;150B;Motor-/Controllerblock;20;95;–;FF-FF-FF-FF-FF-FF-FF-FF-FF-FF-FF-FF-FF-FF-FF-FF-FF-FF-FF-FF;NOTIFICATION;1;da1a1500-d532-4285-be94-b07a3e11a098;da1a150b-d532-4285-be94-b07a3e11a098;18;;
285357;1787501518538;150D;Fahrstatistik Max/Ø;20;95;–;00-DA-00-B1-FF-FF-FF-FF-47-18-FF-FF-FF-FF-FF-FF-FF-FF-00-00;NOTIFICATION;1;da1a1500-d532-4285-be94-b07a3e11a098;da1a150d-d532-4285-be94-b07a3e11a098;18;;
286410;1787501519591;1502;Akkuinformationen;16;96;–;47-18-FF-FF-FF-FF-47-18-FF-FF-FF-FF-FF-FF-00-00;NOTIFICATION;1;da1a1500-d532-4285-be94-b07a3e11a098;da1a1502-d532-4285-be94-b07a3e11a098;18;;
286818;1787501519999;1505;BikePerformance / Fahrleistung;18;96;–;00-00-00-00-FF-FF-00-00-FF-FF-FF-FF-FF-00-00-00-00-00;NOTIFICATION;1;da1a1500-d532-4285-be94-b07a3e11a098;da1a1505-d532-4285-be94-b07a3e11a098;18;;
287028;1787501520209;1506;Trip / Kilometer & Betriebszähler;16;96;–;00-00-1C-53-00-02-35-D1-00-00-02-D5-00-00-00-00;NOTIFICATION;1;da1a1500-d532-4285-be94-b07a3e11a098;da1a1506-d532-4285-be94-b07a3e11a098;18;;
287448;1787501520629;1508;Settings / Licht & Fahrstufe;17;96;–;00-00-00-02-FF-FF-FF-FF-FF-FF-FF-00-00-00-00-00-00;NOTIFICATION;1;da1a1500-d532-4285-be94-b07a3e11a098;da1a1508-d532-4285-be94-b07a3e11a098;18;;
287658;1787501520839;1509;BatteryChange / Akku-Livestand;11;96;–;00-00-FF-FF-20-B3-4C-00-00-00-00;NOTIFICATION;1;da1a1500-d532-4285-be94-b07a3e11a098;da1a1509-d532-4285-be94-b07a3e11a098;18;;
287875;1787501521056;150A;MotorUpdate / Motor-Livestand;10;96;–;00-00-FF-FF-FF-FF-FF-FF-FF-FF;NOTIFICATION;1;da1a1500-d532-4285-be94-b07a3e11a098;da1a150a-d532-4285-be94-b07a3e11a098;18;;
288079;1787501521260;150B;Motor-/Controllerblock;20;96;–;FF-FF-FF-FF-FF-FF-FF-FF-FF-FF-FF-FF-FF-FF-FF-FF-FF-FF-FF-FF;NOTIFICATION;1;da1a1500-d532-4285-be94-b07a3e11a098;da1a150b-d532-4285-be94-b07a3e11a098;18;;
288286;1787501521467;150D;Fahrstatistik Max/Ø;20;96;–;00-DA-00-B1-FF-FF-FF-FF-47-18-FF-FF-FF-FF-FF-FF-FF-FF-00-00;NOTIFICATION;1;da1a1500-d532-4285-be94-b07a3e11a098;da1a150d-d532-4285-be94-b07a3e11a098;18;;
289327;1787501522508;1502;Akkuinformationen;16;97;–;47-18-FF-FF-FF-FF-47-18-FF-FF-FF-FF-FF-FF-00-00;NOTIFICATION;1;da1a1500-d532-4285-be94-b07a3e11a098;da1a1502-d532-4285-be94-b07a3e11a098;18;;
289747;1787501522928;1505;BikePerformance / Fahrleistung;18;97;–;00-00-00-00-FF-FF-00-00-FF-FF-FF-FF-FF-00-00-00-00-00;NOTIFICATION;1;da1a1500-d532-4285-be94-b07a3e11a098;da1a1505-d532-4285-be94-b07a3e11a098;18;;
289948;1787501523129;1506;Trip / Kilometer & Betriebszähler;16;97;–;00-00-1C-53-00-02-35-D1-00-00-02-D5-00-00-00-00;NOTIFICATION;1;da1a1500-d532-4285-be94-b07a3e11a098;da1a1506-d532-4285-be94-b07a3e11a098;18;;
290369;1787501523550;1508;Settings / Licht & Fahrstufe;17;97;–;00-00-00-02-FF-FF-FF-FF-FF-FF-FF-00-00-00-00-00-00;NOTIFICATION;1;da1a1500-d532-4285-be94-b07a3e11a098;da1a1508-d532-4285-be94-b07a3e11a098;18;;
290577;1787501523758;1509;BatteryChange / Akku-Livestand;11;97;–;00-00-FF-FF-20-B3-4C-00-00-00-00;NOTIFICATION;1;da1a1500-d532-4285-be94-b07a3e11a098;da1a1509-d532-4285-be94-b07a3e11a098;18;;
290792;1787501523973;150A;MotorUpdate / Motor-Livestand;10;97;–;00-00-FF-FF-FF-FF-FF-FF-FF-FF;NOTIFICATION;1;da1a1500-d532-4285-be94-b07a3e11a098;da1a150a-d532-4285-be94-b07a3e11a098;18;;
290997;1787501524178;150B;Motor-/Controllerblock;20;97;–;FF-FF-FF-FF-FF-FF-FF-FF-FF-FF-FF-FF-FF-FF-FF-FF-FF-FF-FF-FF;NOTIFICATION;1;da1a1500-d532-4285-be94-b07a3e11a098;da1a150b-d532-4285-be94-b07a3e11a098;18;;
291209;1787501524390;150D;Fahrstatistik Max/Ø;20;97;–;00-DA-00-B1-FF-FF-FF-FF-47-18-FF-FF-FF-FF-FF-FF-FF-FF-00-00;NOTIFICATION;1;da1a1500-d532-4285-be94-b07a3e11a098;da1a150d-d532-4285-be94-b07a3e11a098;18;;
292250;1787501525431;1502;Akkuinformationen;16;98;–;47-18-FF-FF-FF-FF-47-18-FF-FF-FF-FF-FF-FF-00-00;NOTIFICATION;1;da1a1500-d532-4285-be94-b07a3e11a098;da1a1502-d532-4285-be94-b07a3e11a098;18;;
292671;1787501525852;1505;BikePerformance / Fahrleistung;18;98;–;00-00-00-00-FF-FF-00-00-FF-FF-FF-FF-FF-00-00-00-00-00;NOTIFICATION;1;da1a1500-d532-4285-be94-b07a3e11a098;da1a1505-d532-4285-be94-b07a3e11a098;18;;
292870;1787501526051;1506;Trip / Kilometer & Betriebszähler;16;98;–;00-00-1C-53-00-02-35-D1-00-00-02-D5-00-00-00-00;NOTIFICATION;1;da1a1500-d532-4285-be94-b07a3e11a098;da1a1506-d532-4285-be94-b07a3e11a098;18;;
293290;1787501526471;1508;Settings / Licht & Fahrstufe;17;98;–;00-00-00-02-FF-FF-FF-FF-FF-FF-FF-00-00-00-00-00-00;NOTIFICATION;1;da1a1500-d532-4285-be94-b07a3e11a098;da1a1508-d532-4285-be94-b07a3e11a098;18;;
293498;1787501526679;1509;BatteryChange / Akku-Livestand;11;98;–;00-00-FF-FF-20-B3-4C-00-00-00-00;NOTIFICATION;1;da1a1500-d532-4285-be94-b07a3e11a098;da1a1509-d532-4285-be94-b07a3e11a098;18;;
293712;1787501526893;150A;MotorUpdate / Motor-Livestand;10;98;–;00-00-FF-FF-FF-FF-FF-FF-FF-FF;NOTIFICATION;1;da1a1500-d532-4285-be94-b07a3e11a098;da1a150a-d532-4285-be94-b07a3e11a098;18;;
293917;1787501527098;150B;Motor-/Controllerblock;20;98;–;FF-FF-FF-FF-FF-FF-FF-FF-FF-FF-FF-FF-FF-FF-FF-FF-FF-FF-FF-FF;NOTIFICATION;1;da1a1500-d532-4285-be94-b07a3e11a098;da1a150b-d532-4285-be94-b07a3e11a098;18;;
294127;1787501527308;150D;Fahrstatistik Max/Ø;20;98;–;00-DA-00-B1-FF-FF-FF-FF-47-18-FF-FF-FF-FF-FF-FF-FF-FF-00-00;NOTIFICATION;1;da1a1500-d532-4285-be94-b07a3e11a098;da1a150d-d532-4285-be94-b07a3e11a098;18;;
295169;1787501528350;1502;Akkuinformationen;16;99;–;47-18-FF-FF-FF-FF-47-18-FF-FF-FF-FF-FF-FF-00-00;NOTIFICATION;1;da1a1500-d532-4285-be94-b07a3e11a098;da1a1502-d532-4285-be94-b07a3e11a098;18;;
295587;1787501528768;1505;BikePerformance / Fahrleistung;18;99;–;00-00-00-00-FF-FF-00-00-FF-FF-FF-FF-FF-00-00-00-00-00;NOTIFICATION;1;da1a1500-d532-4285-be94-b07a3e11a098;da1a1505-d532-4285-be94-b07a3e11a098;18;;
295792;1787501528973;1506;Trip / Kilometer & Betriebszähler;16;99;–;00-00-1C-53-00-02-35-D1-00-00-02-D5-00-00-00-00;NOTIFICATION;1;da1a1500-d532-4285-be94-b07a3e11a098;da1a1506-d532-4285-be94-b07a3e11a098;18;;
296211;1787501529392;1508;Settings / Licht & Fahrstufe;17;99;–;00-00-00-02-FF-FF-FF-FF-FF-FF-FF-00-00-00-00-00-00;NOTIFICATION;1;da1a1500-d532-4285-be94-b07a3e11a098;da1a1508-d532-4285-be94-b07a3e11a098;18;;
296418;1787501529599;1509;BatteryChange / Akku-Livestand;11;99;–;00-00-FF-FF-20-B3-4C-00-00-00-00;NOTIFICATION;1;da1a1500-d532-4285-be94-b07a3e11a098;da1a1509-d532-4285-be94-b07a3e11a098;18;;
296629;1787501529810;150A;MotorUpdate / Motor-Livestand;10;99;–;00-00-FF-FF-FF-FF-FF-FF-FF-FF;NOTIFICATION;1;da1a1500-d532-4285-be94-b07a3e11a098;da1a150a-d532-4285-be94-b07a3e11a098;18;;
296840;1787501530021;150B;Motor-/Controllerblock;20;99;–;FF-FF-FF-FF-FF-FF-FF-FF-FF-FF-FF-FF-FF-FF-FF-FF-FF-FF-FF-FF;NOTIFICATION;1;da1a1500-d532-4285-be94-b07a3e11a098;da1a150b-d532-4285-be94-b07a3e11a098;18;;
297050;1787501530231;150D;Fahrstatistik Max/Ø;20;99;–;00-DA-00-B1-FF-FF-FF-FF-47-18-FF-FF-FF-FF-FF-FF-FF-FF-00-00;NOTIFICATION;1;da1a1500-d532-4285-be94-b07a3e11a098;da1a150d-d532-4285-be94-b07a3e11a098;18;;
298088;1787501531269;1502;Akkuinformationen;16;100;–;47-18-FF-FF-FF-FF-47-18-FF-FF-FF-FF-FF-FF-00-00;NOTIFICATION;1;da1a1500-d532-4285-be94-b07a3e11a098;da1a1502-d532-4285-be94-b07a3e11a098;18;;
298510;1787501531691;1505;BikePerformance / Fahrleistung;18;100;–;00-00-00-00-FF-FF-00-00-FF-FF-FF-FF-FF-00-00-00-00-00;NOTIFICATION;1;da1a1500-d532-4285-be94-b07a3e11a098;da1a1505-d532-4285-be94-b07a3e11a098;18;;
298710;1787501531891;1506;Trip / Kilometer & Betriebszähler;16;100;–;00-00-1C-53-00-02-35-D1-00-00-02-D5-00-00-00-00;NOTIFICATION;1;da1a1500-d532-4285-be94-b07a3e11a098;da1a1506-d532-4285-be94-b07a3e11a098;18;;
299129;1787501532310;1508;Settings / Licht & Fahrstufe;17;100;–;00-00-00-02-FF-FF-FF-FF-FF-FF-FF-00-00-00-00-00-00;NOTIFICATION;1;da1a1500-d532-4285-be94-b07a3e11a098;da1a1508-d532-4285-be94-b07a3e11a098;18;;
299339;1787501532520;1509;BatteryChange / Akku-Livestand;11;100;–;00-00-FF-FF-20-B3-4C-00-00-00-00;NOTIFICATION;1;da1a1500-d532-4285-be94-b07a3e11a098;da1a1509-d532-4285-be94-b07a3e11a098;18;;
299548;1787501532729;150A;MotorUpdate / Motor-Livestand;10;100;–;00-00-FF-FF-FF-FF-FF-FF-FF-FF;NOTIFICATION;1;da1a1500-d532-4285-be94-b07a3e11a098;da1a150a-d532-4285-be94-b07a3e11a098;18;;
299760;1787501532941;150B;Motor-/Controllerblock;20;100;–;FF-FF-FF-FF-FF-FF-FF-FF-FF-FF-FF-FF-FF-FF-FF-FF-FF-FF-FF-FF;NOTIFICATION;1;da1a1500-d532-4285-be94-b07a3e11a098;da1a150b-d532-4285-be94-b07a3e11a098;18;;
299971;1787501533152;150D;Fahrstatistik Max/Ø;20;100;–;00-DA-00-B1-FF-FF-FF-FF-47-18-FF-FF-FF-FF-FF-FF-FF-FF-00-00;NOTIFICATION;1;da1a1500-d532-4285-be94-b07a3e11a098;da1a150d-d532-4285-be94-b07a3e11a098;18;;
301009;1787501534190;1502;Akkuinformationen;16;101;–;47-18-FF-FF-FF-FF-47-18-FF-FF-FF-FF-FF-FF-00-00;NOTIFICATION;1;da1a1500-d532-4285-be94-b07a3e11a098;da1a1502-d532-4285-be94-b07a3e11a098;18;;
301428;1787501534609;1505;BikePerformance / Fahrleistung;18;101;–;00-00-00-00-FF-FF-00-00-FF-FF-FF-FF-FF-00-00-00-00-00;NOTIFICATION;1;da1a1500-d532-4285-be94-b07a3e11a098;da1a1505-d532-4285-be94-b07a3e11a098;18;;
301630;1787501534811;1506;Trip / Kilometer & Betriebszähler;16;101;–;00-00-1C-53-00-02-35-D1-00-00-02-D5-00-00-00-00;NOTIFICATION;1;da1a1500-d532-4285-be94-b07a3e11a098;da1a1506-d532-4285-be94-b07a3e11a098;18;;
302049;1787501535230;1508;Settings / Licht & Fahrstufe;17;101;–;00-00-00-02-FF-FF-FF-FF-FF-FF-FF-00-00-00-00-00-00;NOTIFICATION;1;da1a1500-d532-4285-be94-b07a3e11a098;da1a1508-d532-4285-be94-b07a3e11a098;18;;
302259;1787501535440;1509;BatteryChange / Akku-Livestand;11;101;–;00-00-FF-FF-20-B3-4C-00-00-00-00;NOTIFICATION;1;da1a1500-d532-4285-be94-b07a3e11a098;da1a1509-d532-4285-be94-b07a3e11a098;18;;
302469;1787501535650;150A;MotorUpdate / Motor-Livestand;10;101;–;00-00-FF-FF-FF-FF-FF-FF-FF-FF;NOTIFICATION;1;da1a1500-d532-4285-be94-b07a3e11a098;da1a150a-d532-4285-be94-b07a3e11a098;18;;
302681;1787501535862;150B;Motor-/Controllerblock;20;101;–;FF-FF-FF-FF-FF-FF-FF-FF-FF-FF-FF-FF-FF-FF-FF-FF-FF-FF-FF-FF;NOTIFICATION;1;da1a1500-d532-4285-be94-b07a3e11a098;da1a150b-d532-4285-be94-b07a3e11a098;18;;
302899;1787501536080;150D;Fahrstatistik Max/Ø;20;101;–;00-DA-00-B1-FF-FF-FF-FF-47-18-FF-FF-FF-FF-FF-FF-FF-FF-00-00;NOTIFICATION;1;da1a1500-d532-4285-be94-b07a3e11a098;da1a150d-d532-4285-be94-b07a3e11a098;18;;
303928;1787501537109;1502;Akkuinformationen;16;102;–;47-18-FF-FF-FF-FF-47-18-FF-FF-FF-FF-FF-FF-00-00;NOTIFICATION;1;da1a1500-d532-4285-be94-b07a3e11a098;da1a1502-d532-4285-be94-b07a3e11a098;18;;
304348;1787501537529;1505;BikePerformance / Fahrleistung;18;102;–;00-00-00-00-FF-FF-00-00-FF-FF-FF-FF-FF-00-00-00-00-00;NOTIFICATION;1;da1a1500-d532-4285-be94-b07a3e11a098;da1a1505-d532-4285-be94-b07a3e11a098;18;;
304553;1787501537734;1506;Trip / Kilometer & Betriebszähler;16;102;–;00-00-1C-53-00-02-35-D1-00-00-02-D5-00-00-00-00;NOTIFICATION;1;da1a1500-d532-4285-be94-b07a3e11a098;da1a1506-d532-4285-be94-b07a3e11a098;18;;
304969;1787501538150;1508;Settings / Licht & Fahrstufe;17;102;–;00-00-00-02-FF-FF-FF-FF-FF-FF-FF-00-00-00-00-00-00;NOTIFICATION;1;da1a1500-d532-4285-be94-b07a3e11a098;da1a1508-d532-4285-be94-b07a3e11a098;18;;
305181;1787501538362;1509;BatteryChange / Akku-Livestand;11;102;–;00-00-FF-FF-20-B3-4C-00-00-00-00;NOTIFICATION;1;da1a1500-d532-4285-be94-b07a3e11a098;da1a1509-d532-4285-be94-b07a3e11a098;18;;
305388;1787501538569;150A;MotorUpdate / Motor-Livestand;10;102;–;00-00-FF-FF-FF-FF-FF-FF-FF-FF;NOTIFICATION;1;da1a1500-d532-4285-be94-b07a3e11a098;da1a150a-d532-4285-be94-b07a3e11a098;18;;
305600;1787501538781;150B;Motor-/Controllerblock;20;102;–;FF-FF-FF-FF-FF-FF-FF-FF-FF-FF-FF-FF-FF-FF-FF-FF-FF-FF-FF-FF;NOTIFICATION;1;da1a1500-d532-4285-be94-b07a3e11a098;da1a150b-d532-4285-be94-b07a3e11a098;18;;
305808;1787501538989;150D;Fahrstatistik Max/Ø;20;102;–;00-DA-00-B1-FF-FF-FF-FF-47-18-FF-FF-FF-FF-FF-FF-FF-FF-00-00;NOTIFICATION;1;da1a1500-d532-4285-be94-b07a3e11a098;da1a150d-d532-4285-be94-b07a3e11a098;18;;
306849;1787501540030;1502;Akkuinformationen;16;103;–;47-18-FF-FF-FF-FF-47-18-FF-FF-FF-FF-FF-FF-00-00;NOTIFICATION;1;da1a1500-d532-4285-be94-b07a3e11a098;da1a1502-d532-4285-be94-b07a3e11a098;18;;
307268;1787501540449;1505;BikePerformance / Fahrleistung;18;103;–;00-00-00-00-FF-FF-00-00-FF-FF-FF-FF-FF-00-00-00-00-00;NOTIFICATION;1;da1a1500-d532-4285-be94-b07a3e11a098;da1a1505-d532-4285-be94-b07a3e11a098;18;;
307470;1787501540651;1506;Trip / Kilometer & Betriebszähler;16;103;–;00-00-1C-53-00-02-35-D1-00-00-02-D5-00-00-00-00;NOTIFICATION;1;da1a1500-d532-4285-be94-b07a3e11a098;da1a1506-d532-4285-be94-b07a3e11a098;18;;
307888;1787501541069;1508;Settings / Licht & Fahrstufe;17;103;–;00-00-00-02-FF-FF-FF-FF-FF-FF-FF-00-00-00-00-00-00;NOTIFICATION;1;da1a1500-d532-4285-be94-b07a3e11a098;da1a1508-d532-4285-be94-b07a3e11a098;18;;
308099;1787501541280;1509;BatteryChange / Akku-Livestand;11;103;–;00-00-FF-FF-20-B3-4C-00-00-00-00;NOTIFICATION;1;da1a1500-d532-4285-be94-b07a3e11a098;da1a1509-d532-4285-be94-b07a3e11a098;18;;
308312;1787501541493;150A;MotorUpdate / Motor-Livestand;10;103;–;00-00-FF-FF-FF-FF-FF-FF-FF-FF;NOTIFICATION;1;da1a1500-d532-4285-be94-b07a3e11a098;da1a150a-d532-4285-be94-b07a3e11a098;18;;
308518;1787501541699;150B;Motor-/Controllerblock;20;103;–;FF-FF-FF-FF-FF-FF-FF-FF-FF-FF-FF-FF-FF-FF-FF-FF-FF-FF-FF-FF;NOTIFICATION;1;da1a1500-d532-4285-be94-b07a3e11a098;da1a150b-d532-4285-be94-b07a3e11a098;18;;
308726;1787501541907;150D;Fahrstatistik Max/Ø;20;103;–;00-DA-00-B1-FF-FF-FF-FF-47-18-FF-FF-FF-FF-FF-FF-FF-FF-00-00;NOTIFICATION;1;da1a1500-d532-4285-be94-b07a3e11a098;da1a150d-d532-4285-be94-b07a3e11a098;18;;
309770;1787501542951;1502;Akkuinformationen;16;104;–;47-18-FF-FF-FF-FF-47-18-FF-FF-FF-FF-FF-FF-00-00;NOTIFICATION;1;da1a1500-d532-4285-be94-b07a3e11a098;da1a1502-d532-4285-be94-b07a3e11a098;18;;
310188;1787501543369;1505;BikePerformance / Fahrleistung;18;104;7;00-00-00-00-FF-FF-00-01-FF-FF-FF-FF-FF-00-00-00-00-00;NOTIFICATION;1;da1a1500-d532-4285-be94-b07a3e11a098;da1a1505-d532-4285-be94-b07a3e11a098;18;;
310387;1787501543568;1506;Trip / Kilometer & Betriebszähler;16;104;7;00-00-1C-53-00-02-35-D2-00-00-02-D5-00-00-00-00;NOTIFICATION;1;da1a1500-d532-4285-be94-b07a3e11a098;da1a1506-d532-4285-be94-b07a3e11a098;18;;
310809;1787501543990;1508;Settings / Licht & Fahrstufe;17;104;0;01-00-00-02-FF-FF-FF-FF-FF-FF-FF-00-00-00-00-00-00;NOTIFICATION;1;da1a1500-d532-4285-be94-b07a3e11a098;da1a1508-d532-4285-be94-b07a3e11a098;18;;
311018;1787501544199;1509;BatteryChange / Akku-Livestand;11;104;–;00-00-FF-FF-20-B3-4C-00-00-00-00;NOTIFICATION;1;da1a1500-d532-4285-be94-b07a3e11a098;da1a1509-d532-4285-be94-b07a3e11a098;18;;
311231;1787501544412;150A;MotorUpdate / Motor-Livestand;10;104;–;00-00-FF-FF-FF-FF-FF-FF-FF-FF;NOTIFICATION;1;da1a1500-d532-4285-be94-b07a3e11a098;da1a150a-d532-4285-be94-b07a3e11a098;18;;
311438;1787501544619;150B;Motor-/Controllerblock;20;104;–;FF-FF-FF-FF-FF-FF-FF-FF-FF-FF-FF-FF-FF-FF-FF-FF-FF-FF-FF-FF;NOTIFICATION;1;da1a1500-d532-4285-be94-b07a3e11a098;da1a150b-d532-4285-be94-b07a3e11a098;18;;
311650;1787501544831;150D;Fahrstatistik Max/Ø;20;104;–;00-DA-00-B1-FF-FF-FF-FF-47-18-FF-FF-FF-FF-FF-FF-FF-FF-00-00;NOTIFICATION;1;da1a1500-d532-4285-be94-b07a3e11a098;da1a150d-d532-4285-be94-b07a3e11a098;18;;
312690;1787501545871;1502;Akkuinformationen;16;105;–;47-18-FF-FF-FF-FF-47-18-FF-FF-FF-FF-FF-FF-00-00;NOTIFICATION;1;da1a1500-d532-4285-be94-b07a3e11a098;da1a1502-d532-4285-be94-b07a3e11a098;18;;
313111;1787501546292;1505;BikePerformance / Fahrleistung;18;105;7;00-00-00-00-FF-FF-00-00-FF-FF-FF-FF-FF-00-00-00-00-00;NOTIFICATION;1;da1a1500-d532-4285-be94-b07a3e11a098;da1a1505-d532-4285-be94-b07a3e11a098;18;;
313319;1787501546500;1506;Trip / Kilometer & Betriebszähler;16;105;–;00-00-1C-53-00-02-35-D2-00-00-02-D5-00-00-00-00;NOTIFICATION;1;da1a1500-d532-4285-be94-b07a3e11a098;da1a1506-d532-4285-be94-b07a3e11a098;18;;
313726;1787501546907;1508;Settings / Licht & Fahrstufe;17;105;–;01-00-00-02-FF-FF-FF-FF-FF-FF-FF-00-00-00-00-00-00;NOTIFICATION;1;da1a1500-d532-4285-be94-b07a3e11a098;da1a1508-d532-4285-be94-b07a3e11a098;18;;
313937;1787501547118;1509;BatteryChange / Akku-Livestand;11;105;–;00-00-FF-FF-20-B3-4C-00-00-00-00;NOTIFICATION;1;da1a1500-d532-4285-be94-b07a3e11a098;da1a1509-d532-4285-be94-b07a3e11a098;18;;
314146;1787501547327;150A;MotorUpdate / Motor-Livestand;10;105;–;00-00-FF-FF-FF-FF-FF-FF-FF-FF;NOTIFICATION;1;da1a1500-d532-4285-be94-b07a3e11a098;da1a150a-d532-4285-be94-b07a3e11a098;18;;
314357;1787501547538;150B;Motor-/Controllerblock;20;105;–;FF-FF-FF-FF-FF-FF-FF-FF-FF-FF-FF-FF-FF-FF-FF-FF-FF-FF-FF-FF;NOTIFICATION;1;da1a1500-d532-4285-be94-b07a3e11a098;da1a150b-d532-4285-be94-b07a3e11a098;18;;
314566;1787501547747;150D;Fahrstatistik Max/Ø;20;105;–;00-DA-00-B1-FF-FF-FF-FF-47-18-FF-FF-FF-FF-FF-FF-FF-FF-00-00;NOTIFICATION;1;da1a1500-d532-4285-be94-b07a3e11a098;da1a150d-d532-4285-be94-b07a3e11a098;18;;
315608;1787501548789;1502;Akkuinformationen;16;106;–;47-18-FF-FF-FF-FF-47-18-FF-FF-FF-FF-FF-FF-00-00;NOTIFICATION;1;da1a1500-d532-4285-be94-b07a3e11a098;da1a1502-d532-4285-be94-b07a3e11a098;18;;
316028;1787501549209;1505;BikePerformance / Fahrleistung;18;106;–;00-00-00-00-FF-FF-00-00-FF-FF-FF-FF-FF-00-00-00-00-00;NOTIFICATION;1;da1a1500-d532-4285-be94-b07a3e11a098;da1a1505-d532-4285-be94-b07a3e11a098;18;;
316239;1787501549420;1506;Trip / Kilometer & Betriebszähler;16;106;–;00-00-1C-53-00-02-35-D2-00-00-02-D5-00-00-00-00;NOTIFICATION;1;da1a1500-d532-4285-be94-b07a3e11a098;da1a1506-d532-4285-be94-b07a3e11a098;18;;
316652;1787501549833;1508;Settings / Licht & Fahrstufe;17;106;–;01-00-00-02-FF-FF-FF-FF-FF-FF-FF-00-00-00-00-00-00;NOTIFICATION;1;da1a1500-d532-4285-be94-b07a3e11a098;da1a1508-d532-4285-be94-b07a3e11a098;18;;
316857;1787501550038;1509;BatteryChange / Akku-Livestand;11;106;–;00-00-FF-FF-20-B3-4C-00-00-00-00;NOTIFICATION;1;da1a1500-d532-4285-be94-b07a3e11a098;da1a1509-d532-4285-be94-b07a3e11a098;18;;
317068;1787501550249;150A;MotorUpdate / Motor-Livestand;10;106;–;00-00-FF-FF-FF-FF-FF-FF-FF-FF;NOTIFICATION;1;da1a1500-d532-4285-be94-b07a3e11a098;da1a150a-d532-4285-be94-b07a3e11a098;18;;
317281;1787501550462;150B;Motor-/Controllerblock;20;106;–;FF-FF-FF-FF-FF-FF-FF-FF-FF-FF-FF-FF-FF-FF-FF-FF-FF-FF-FF-FF;NOTIFICATION;1;da1a1500-d532-4285-be94-b07a3e11a098;da1a150b-d532-4285-be94-b07a3e11a098;18;;
317488;1787501550669;150D;Fahrstatistik Max/Ø;20;106;–;00-DA-00-B1-FF-FF-FF-FF-47-18-FF-FF-FF-FF-FF-FF-FF-FF-00-00;NOTIFICATION;1;da1a1500-d532-4285-be94-b07a3e11a098;da1a150d-d532-4285-be94-b07a3e11a098;18;;
318529;1787501551710;1502;Akkuinformationen;16;107;–;47-18-FF-FF-FF-FF-47-18-FF-FF-FF-FF-FF-FF-00-00;NOTIFICATION;1;da1a1500-d532-4285-be94-b07a3e11a098;da1a1502-d532-4285-be94-b07a3e11a098;18;;
318949;1787501552130;1505;BikePerformance / Fahrleistung;18;107;–;00-00-00-00-FF-FF-00-00-FF-FF-FF-FF-FF-00-00-00-00-00;NOTIFICATION;1;da1a1500-d532-4285-be94-b07a3e11a098;da1a1505-d532-4285-be94-b07a3e11a098;18;;
319159;1787501552340;1506;Trip / Kilometer & Betriebszähler;16;107;–;00-00-1C-53-00-02-35-D2-00-00-02-D5-00-00-00-00;NOTIFICATION;1;da1a1500-d532-4285-be94-b07a3e11a098;da1a1506-d532-4285-be94-b07a3e11a098;18;;
319570;1787501552751;1508;Settings / Licht & Fahrstufe;17;107;–;01-00-00-02-FF-FF-FF-FF-FF-FF-FF-00-00-00-00-00-00;NOTIFICATION;1;da1a1500-d532-4285-be94-b07a3e11a098;da1a1508-d532-4285-be94-b07a3e11a098;18;;
319778;1787501552959;1509;BatteryChange / Akku-Livestand;11;107;–;00-00-FF-FF-20-B3-4C-00-00-00-00;NOTIFICATION;1;da1a1500-d532-4285-be94-b07a3e11a098;da1a1509-d532-4285-be94-b07a3e11a098;18;;
319990;1787501553171;150A;MotorUpdate / Motor-Livestand;10;107;–;00-00-FF-FF-FF-FF-FF-FF-FF-FF;NOTIFICATION;1;da1a1500-d532-4285-be94-b07a3e11a098;da1a150a-d532-4285-be94-b07a3e11a098;18;;
320200;1787501553381;150B;Motor-/Controllerblock;20;107;–;FF-FF-FF-FF-FF-FF-FF-FF-FF-FF-FF-FF-FF-FF-FF-FF-FF-FF-FF-FF;NOTIFICATION;1;da1a1500-d532-4285-be94-b07a3e11a098;da1a150b-d532-4285-be94-b07a3e11a098;18;;
320410;1787501553591;150D;Fahrstatistik Max/Ø;20;107;–;00-DA-00-B1-FF-FF-FF-FF-47-18-FF-FF-FF-FF-FF-FF-FF-FF-00-00;NOTIFICATION;1;da1a1500-d532-4285-be94-b07a3e11a098;da1a150d-d532-4285-be94-b07a3e11a098;18;;
321450;1787501554631;1502;Akkuinformationen;16;108;–;47-18-FF-FF-FF-FF-47-18-FF-FF-FF-FF-FF-FF-00-00;NOTIFICATION;1;da1a1500-d532-4285-be94-b07a3e11a098;da1a1502-d532-4285-be94-b07a3e11a098;18;;
321870;1787501555051;1505;BikePerformance / Fahrleistung;18;108;–;00-00-00-00-FF-FF-00-00-FF-FF-FF-FF-FF-00-00-00-00-00;NOTIFICATION;1;da1a1500-d532-4285-be94-b07a3e11a098;da1a1505-d532-4285-be94-b07a3e11a098;18;;
322078;1787501555259;1506;Trip / Kilometer & Betriebszähler;16;108;–;00-00-1C-53-00-02-35-D2-00-00-02-D5-00-00-00-00;NOTIFICATION;1;da1a1500-d532-4285-be94-b07a3e11a098;da1a1506-d532-4285-be94-b07a3e11a098;18;;
