relative_ms;timestamp_ms;speed_kmh_candidate;battery_percent_raw;battery_percent_stable;battery_stability;voltage_v;current_a;power_w;electrical_power_w;power_provenance;motor_temp_c;battery_temp_c;trip_km;odometer_km;speed_raw_1505_u16be_b6_b7;motor_load_raw_be;light_state_1508_b0;ride_mode_1508_b3;start_mode_1508_b11;source_channel
8607;1787847598595;;;;RESET;;;;;;;;;;;;;;;1502
9237;1787847599225;0.0;;;RESET;;;;;;;;;;0;;;;;1505
9447;1787847599435;0.0;;;RESET;;;;;;;;0.0;727.6;0;;;;;1506
9871;1787847599859;0.0;;;RESET;;;;;;;;0.0;727.6;0;;0;1;0;1508
10069;1787847600057;0.0;91;;WAITING_FOR_REST;52.6;0.0;0.0;0.0;1509_direct;;;0.0;727.6;0;0;0;1;0;1509
10278;1787847600266;0.0;91;;WAITING_FOR_REST;52.6;0.0;0.0;0.0;1509_direct_carried;;;0.0;727.6;0;0;0;1;0;150A
10488;1787847600476;0.0;91;;WAITING_FOR_REST;52.6;0.0;0.0;0.0;1509_direct_carried;;;0.0;727.6;0;0;0;1;0;150B
10698;1787847600686;0.0;91;;WAITING_FOR_REST;52.6;0.0;0.0;0.0;1509_direct_carried;;;0.0;727.6;0;0;0;1;0;150D
11739;1787847601727;0.0;91;;WAITING_FOR_REST;52.6;0.0;0.0;0.0;1509_direct_carried;;;0.0;727.6;0;0;0;1;0;1502
12155;1787847602143;0.0;91;;WAITING_FOR_REST;52.6;0.0;0.0;0.0;1509_direct_carried;;;0.0;727.6;0;0;0;1;0;1505
12365;1787847602353;0.0;91;;WAITING_FOR_REST;52.6;0.0;0.0;0.0;1509_direct_carried;;;0.0;727.6;0;0;0;1;0;1506
12786;1787847602774;0.0;91;;WAITING_FOR_REST;52.6;0.0;0.0;0.0;1509_direct_carried;;;0.0;727.6;0;0;0;1;0;1508
12985;1787847602973;0.0;91;;WAITING_FOR_REST;52.6;0.0;0.0;0.0;1509_direct;;;0.0;727.6;0;0;0;1;0;1509
13206;1787847603194;0.0;91;;WAITING_FOR_REST;52.6;0.0;0.0;0.0;1509_direct_carried;;;0.0;727.6;0;0;0;1;0;150A
13408;1787847603396;0.0;91;;WAITING_FOR_REST;52.6;0.0;0.0;0.0;1509_direct_carried;;;0.0;727.6;0;0;0;1;0;150B
13617;1787847603605;0.0;91;;WAITING_FOR_REST;52.6;0.0;0.0;0.0;1509_direct_carried;;;0.0;727.6;0;0;0;1;0;150D
14657;1787847604645;0.0;91;;WAITING_FOR_REST;52.6;0.0;0.0;0.0;1509_direct_carried;;;0.0;727.6;0;0;0;1;0;1502
15077;1787847605065;0.0;91;;WAITING_FOR_REST;52.6;0.0;0.0;0.0;1509_direct_carried;;;0.0;727.6;0;0;0;1;0;1505
15289;1787847605277;0.0;91;;WAITING_FOR_REST;52.6;0.0;0.0;0.0;1509_direct_carried;;;0.0;727.6;0;0;0;1;0;1506
15708;1787847605696;0.0;91;;WAITING_FOR_REST;52.6;0.0;0.0;0.0;1509_direct_carried;;;0.0;727.6;0;0;0;1;0;1508
15918;1787847605906;0.0;91;91;STABLE;52.4;0.0;0.0;0.0;1509_direct;;;0.0;727.6;0;0;0;1;0;1509
16121;1787847606109;0.0;91;91;STABLE;52.4;0.0;0.0;0.0;1509_direct_carried;;;0.0;727.6;0;0;0;1;0;150A
16326;1787847606314;0.0;91;91;STABLE;52.4;0.0;0.0;0.0;1509_direct_carried;;;0.0;727.6;0;0;0;1;0;150B
16536;1787847606524;0.0;91;91;STABLE;52.4;0.0;0.0;0.0;1509_direct_carried;;;0.0;727.6;0;0;0;1;0;150D
17581;1787847607569;0.0;91;91;STABLE;52.4;0.0;0.0;0.0;1509_direct_carried;;;0.0;727.6;0;0;0;1;0;1502
18000;1787847607988;0.0;91;91;STABLE;52.4;0.0;0.0;0.0;1509_direct_carried;;;0.0;727.6;0;0;0;1;0;1505
18208;1787847608196;0.0;91;91;STABLE;52.4;0.0;0.0;0.0;1509_direct_carried;;;0.0;727.6;0;0;0;1;0;1506
18632;1787847608620;0.0;91;91;STABLE;52.4;0.0;0.0;0.0;1509_direct_carried;;;0.0;727.6;0;0;0;1;0;1508
18837;1787847608825;0.0;91;91;WAITING_FOR_REST;52.4;0.0;0.0;0.0;1509_direct;;;0.0;727.6;0;0;0;1;0;1509
19040;1787847609028;0.0;91;91;WAITING_FOR_REST;52.4;0.0;0.0;0.0;1509_direct_carried;;;0.0;727.6;0;0;0;1;0;150A
19246;1787847609234;0.0;91;91;WAITING_FOR_REST;52.4;0.0;0.0;0.0;1509_direct_carried;;;0.0;727.6;0;0;0;1;0;150B
19457;1787847609445;0.0;91;91;WAITING_FOR_REST;52.4;0.0;0.0;0.0;1509_direct_carried;;;0.0;727.6;0;0;0;1;0;150D
20506;1787847610494;0.0;91;91;WAITING_FOR_REST;52.4;0.0;0.0;0.0;1509_direct_carried;;;0.0;727.6;0;0;0;1;0;1502
20917;1787847610905;0.0;91;91;WAITING_FOR_REST;52.4;0.0;0.0;0.0;1509_direct_carried;;;0.0;727.6;0;0;0;1;0;1505
21127;1787847611115;0.0;91;91;WAITING_FOR_REST;52.4;0.0;0.0;0.0;1509_direct_carried;;;0.0;727.6;0;0;0;1;0;1506
21546;1787847611534;0.0;91;91;WAITING_FOR_REST;52.4;0.0;0.0;0.0;1509_direct_carried;;;0.0;727.6;0;0;0;1;0;1508
21756;1787847611744;0.0;91;91;WAITING_FOR_REST;52.4;0.0;0.0;0.0;1509_direct;;;0.0;727.6;0;0;0;1;0;1509
21966;1787847611954;0.0;91;91;WAITING_FOR_REST;52.4;0.0;0.0;0.0;1509_direct_carried;;;0.0;727.6;0;0;0;1;0;150A
22179;1787847612167;0.0;91;91;WAITING_FOR_REST;52.4;0.0;0.0;0.0;1509_direct_carried;;;0.0;727.6;0;0;0;1;0;150B
22380;1787847612368;0.0;91;91;WAITING_FOR_REST;52.4;0.0;0.0;0.0;1509_direct_carried;;;0.0;727.6;0;0;0;1;0;150D
23431;1787847613419;0.0;91;91;WAITING_FOR_REST;52.4;0.0;0.0;0.0;1509_direct_carried;;;0.0;727.6;0;0;0;1;0;1502
23838;1787847613826;0.0;91;91;WAITING_FOR_REST;52.4;0.0;0.0;0.0;1509_direct_carried;;;0.0;727.6;0;0;0;1;0;1505
24049;1787847614037;0.0;91;91;WAITING_FOR_REST;52.4;0.0;0.0;0.0;1509_direct_carried;;;0.0;727.6;0;0;0;1;0;1506
24471;1787847614459;0.0;91;91;WAITING_FOR_REST;52.4;0.0;0.0;0.0;1509_direct_carried;;;0.0;727.6;0;0;0;1;0;1508
24683;1787847614671;0.0;91;91;STABLE;52.4;0.0;0.0;0.0;1509_direct;;;0.0;727.6;0;0;0;1;0;1509
24892;1787847614880;0.0;91;91;STABLE;52.4;0.0;0.0;0.0;1509_direct_carried;;;0.0;727.6;0;0;0;1;0;150A
25101;1787847615089;0.0;91;91;STABLE;52.4;0.0;0.0;0.0;1509_direct_carried;;;0.0;727.6;0;0;0;1;0;150B
25301;1787847615289;0.0;91;91;STABLE;52.4;0.0;0.0;0.0;1509_direct_carried;;;0.0;727.6;0;0;0;1;0;150D
26350;1787847616338;0.0;91;91;STABLE;52.4;0.0;0.0;0.0;1509_direct_carried;;;0.0;727.6;0;0;0;1;0;1502
26769;1787847616757;0.0;91;91;STABLE;52.4;0.0;0.0;0.0;1509_direct_carried;;;0.0;727.6;0;0;0;1;0;1505
26971;1787847616959;0.0;91;91;STABLE;52.4;0.0;0.0;0.0;1509_direct_carried;;;0.0;727.6;0;0;0;1;0;1506
27387;1787847617375;0.0;91;91;STABLE;52.4;0.0;0.0;0.0;1509_direct_carried;;;0.0;727.6;0;0;0;1;0;1508
27596;1787847617584;0.0;91;91;WAITING_FOR_REST;52.5;0.0;0.0;0.0;1509_direct;;;0.0;727.6;0;0;0;1;0;1509
27805;1787847617793;0.0;91;91;WAITING_FOR_REST;52.5;0.0;0.0;0.0;1509_direct_carried;;;0.0;727.6;0;0;0;1;0;150A
28017;1787847618005;0.0;91;91;WAITING_FOR_REST;52.5;0.0;0.0;0.0;1509_direct_carried;;;0.0;727.6;0;0;0;1;0;150B
28232;1787847618220;0.0;91;91;WAITING_FOR_REST;52.5;0.0;0.0;0.0;1509_direct_carried;;;0.0;727.6;0;0;0;1;0;150D
29269;1787847619257;0.0;91;91;WAITING_FOR_REST;52.5;0.0;0.0;0.0;1509_direct_carried;;;0.0;727.6;0;0;0;1;0;1502
29693;1787847619681;0.0;91;91;WAITING_FOR_REST;52.5;0.0;0.0;0.0;1509_direct_carried;;;0.0;727.6;0;0;0;1;0;1505
29886;1787847619874;0.0;91;91;WAITING_FOR_REST;52.5;0.0;0.0;0.0;1509_direct_carried;;;0.0;727.6;0;0;0;1;0;1506
30309;1787847620297;0.0;91;91;WAITING_FOR_REST;52.5;0.0;0.0;0.0;1509_direct_carried;;;0.0;727.6;0;0;0;1;0;1508
30518;1787847620506;0.0;91;91;WAITING_FOR_REST;52.4;0.0;0.0;0.0;1509_direct;;;0.0;727.6;0;0;0;1;0;1509
30726;1787847620714;0.0;91;91;WAITING_FOR_REST;52.4;0.0;0.0;0.0;1509_direct_carried;;;0.0;727.6;0;0;0;1;0;150A
30938;1787847620926;0.0;91;91;WAITING_FOR_REST;52.4;0.0;0.0;0.0;1509_direct_carried;;;0.0;727.6;0;0;0;1;0;150B
31148;1787847621136;0.0;91;91;WAITING_FOR_REST;52.4;0.0;0.0;0.0;1509_direct_carried;;;0.0;727.6;0;0;0;1;0;150D
32185;1787847622173;0.0;91;91;WAITING_FOR_REST;52.4;0.0;0.0;0.0;1509_direct_carried;;;0.0;727.6;0;0;0;1;0;1502
32608;1787847622596;0.0;91;91;WAITING_FOR_REST;52.4;0.0;0.0;0.0;1509_direct_carried;;;0.0;727.6;0;0;0;1;0;1505
32819;1787847622807;0.0;91;91;WAITING_FOR_REST;52.4;0.0;0.0;0.0;1509_direct_carried;;;0.0;727.6;0;0;0;1;0;1506
33230;1787847623218;0.0;91;91;WAITING_FOR_REST;52.4;0.0;0.0;0.0;1509_direct_carried;;;0.0;727.6;0;0;0;1;0;1508
33439;1787847623427;0.0;91;91;STABLE;52.4;0.0;0.0;0.0;1509_direct;;;0.0;727.6;0;0;0;1;0;1509
33649;1787847623637;0.0;91;91;STABLE;52.4;0.0;0.0;0.0;1509_direct_carried;;;0.0;727.6;0;0;0;1;0;150A
33858;1787847623846;0.0;91;91;STABLE;52.4;0.0;0.0;0.0;1509_direct_carried;;;0.0;727.6;0;0;0;1;0;150B
34069;1787847624057;0.0;91;91;STABLE;52.4;0.0;0.0;0.0;1509_direct_carried;;;0.0;727.6;0;0;0;1;0;150D
35109;1787847625097;0.0;91;91;STABLE;52.4;0.0;0.0;0.0;1509_direct_carried;;;0.0;727.6;0;0;0;1;0;1502
35528;1787847625516;0.0;91;91;STABLE;52.4;0.0;0.0;0.0;1509_direct_carried;;;0.0;727.6;0;0;0;1;0;1505
35737;1787847625725;0.0;91;91;STABLE;52.4;0.0;0.0;0.0;1509_direct_carried;;;0.0;727.6;0;0;0;1;0;1506
36147;1787847626135;0.0;91;91;STABLE;52.4;0.0;0.0;0.0;1509_direct_carried;;;0.0;727.6;0;0;0;1;0;1508
36359;1787847626347;0.0;91;91;WAITING_FOR_REST;52.4;0.0;0.0;0.0;1509_direct;;;0.0;727.6;0;0;0;1;0;1509
36567;1787847626555;0.0;91;91;WAITING_FOR_REST;52.4;0.0;0.0;0.0;1509_direct_carried;;;0.0;727.6;0;0;0;1;0;150A
36781;1787847626769;0.0;91;91;WAITING_FOR_REST;52.4;0.0;0.0;0.0;1509_direct_carried;;;0.0;727.6;0;0;0;1;0;150B
36992;1787847626980;0.0;91;91;WAITING_FOR_REST;52.4;0.0;0.0;0.0;1509_direct_carried;;;0.0;727.6;0;0;0;1;0;150D
38029;1787847628017;0.0;91;91;WAITING_FOR_REST;52.4;0.0;0.0;0.0;1509_direct_carried;;;0.0;727.6;0;0;0;1;0;1502
38448;1787847628436;0.0;91;91;WAITING_FOR_REST;52.4;0.0;0.0;0.0;1509_direct_carried;;;0.0;727.6;0;0;0;1;0;1505
38657;1787847628645;0.0;91;91;WAITING_FOR_REST;52.4;0.0;0.0;0.0;1509_direct_carried;;;0.0;727.6;0;0;0;1;0;1506
39079;1787847629067;0.0;91;91;WAITING_FOR_REST;52.4;0.0;0.0;0.0;1509_direct_carried;;;0.0;727.6;0;0;0;1;0;1508
39279;1787847629267;0.0;91;91;WAITING_FOR_REST;52.4;0.0;0.0;0.0;1509_direct;;;0.0;727.6;0;0;0;1;0;1509
39486;1787847629474;0.0;91;91;WAITING_FOR_REST;52.4;0.0;0.0;0.0;1509_direct_carried;;;0.0;727.6;0;0;0;1;0;150A
39696;1787847629684;0.0;91;91;WAITING_FOR_REST;52.4;0.0;0.0;0.0;1509_direct_carried;;;0.0;727.6;0;0;0;1;0;150B
39911;1787847629899;0.0;91;91;WAITING_FOR_REST;52.4;0.0;0.0;0.0;1509_direct_carried;;;0.0;727.6;0;0;0;1;0;150D
40946;1787847630934;0.0;91;91;WAITING_FOR_REST;52.4;0.0;0.0;0.0;1509_direct_carried;;;0.0;727.6;0;0;0;1;0;1502
41367;1787847631355;0.0;91;91;WAITING_FOR_REST;52.4;0.0;0.0;0.0;1509_direct_carried;;;0.0;727.6;0;0;0;1;0;1505
41579;1787847631567;0.0;91;91;WAITING_FOR_REST;52.4;0.0;0.0;0.0;1509_direct_carried;;;0.0;727.6;0;0;0;1;0;1506
41996;1787847631984;0.0;91;91;WAITING_FOR_REST;52.4;0.0;0.0;0.0;1509_direct_carried;;;0.0;727.6;0;0;0;1;0;1508
42207;1787847632195;0.0;91;91;STABLE;52.4;0.0;0.0;0.0;1509_direct;;;0.0;727.6;0;0;0;1;0;1509
42407;1787847632395;0.0;91;91;STABLE;52.4;0.0;0.0;0.0;1509_direct_carried;;;0.0;727.6;0;0;0;1;0;150A
42617;1787847632605;0.0;91;91;STABLE;52.4;0.0;0.0;0.0;1509_direct_carried;;;0.0;727.6;0;0;0;1;0;150B
42829;1787847632817;0.0;91;91;STABLE;52.4;0.0;0.0;0.0;1509_direct_carried;;;0.0;727.6;0;0;0;1;0;150D
43882;1787847633870;0.0;91;91;STABLE;52.4;0.0;0.0;0.0;1509_direct_carried;;;0.0;727.6;0;0;0;1;0;1502
44290;1787847634278;0.0;91;91;STABLE;52.4;0.0;0.0;0.0;1509_direct_carried;;;0.0;727.6;0;0;0;1;0;1505
44502;1787847634490;0.0;91;91;STABLE;52.4;0.0;0.0;0.0;1509_direct_carried;;;0.0;727.6;0;0;0;1;0;1506
44921;1787847634909;0.0;91;91;STABLE;52.4;0.0;0.0;0.0;1509_direct_carried;;;0.0;727.6;0;0;0;1;0;1508
45131;1787847635119;0.0;91;91;WAITING_FOR_REST;52.4;0.0;0.0;0.0;1509_direct;;;0.0;727.6;0;0;0;1;0;1509
45344;1787847635332;0.0;91;91;WAITING_FOR_REST;52.4;0.0;0.0;0.0;1509_direct_carried;;;0.0;727.6;0;0;0;1;0;150A
45552;1787847635540;0.0;91;91;WAITING_FOR_REST;52.4;0.0;0.0;0.0;1509_direct_carried;;;0.0;727.6;0;0;0;1;0;150B
45751;1787847635739;0.0;91;91;WAITING_FOR_REST;52.4;0.0;0.0;0.0;1509_direct_carried;;;0.0;727.6;0;0;0;1;0;150D
46800;1787847636788;0.0;91;91;WAITING_FOR_REST;52.4;0.0;0.0;0.0;1509_direct_carried;;;0.0;727.6;0;0;0;1;0;1502
47210;1787847637198;0.0;91;91;WAITING_FOR_REST;52.4;0.0;0.0;0.0;1509_direct_carried;;;0.0;727.6;0;0;0;1;0;1505
47416;1787847637404;0.0;91;91;WAITING_FOR_REST;52.4;0.0;0.0;0.0;1509_direct_carried;;;0.0;727.6;0;0;0;1;0;1506
47839;1787847637827;0.0;91;91;WAITING_FOR_REST;52.4;0.0;0.0;0.0;1509_direct_carried;;;0.0;727.6;0;0;0;1;0;1508
48048;1787847638036;0.0;91;91;WAITING_FOR_REST;52.4;0.0;0.0;0.0;1509_direct;;;0.0;727.6;0;0;0;1;0;1509
48262;1787847638250;0.0;91;91;WAITING_FOR_REST;52.4;0.0;0.0;0.0;1509_direct_carried;;;0.0;727.6;0;0;0;1;0;150A
48472;1787847638460;0.0;91;91;WAITING_FOR_REST;52.4;0.0;0.0;0.0;1509_direct_carried;;;0.0;727.6;0;0;0;1;0;150B
48683;1787847638671;0.0;91;91;WAITING_FOR_REST;52.4;0.0;0.0;0.0;1509_direct_carried;;;0.0;727.6;0;0;0;1;0;150D
49720;1787847639708;0.0;91;91;WAITING_FOR_REST;52.4;0.0;0.0;0.0;1509_direct_carried;;;0.0;727.6;0;0;0;1;0;1502
50143;1787847640131;0.0;91;91;WAITING_FOR_REST;52.4;0.0;0.0;0.0;1509_direct_carried;;;0.0;727.6;0;0;0;1;0;1505
50348;1787847640336;0.0;91;91;WAITING_FOR_REST;52.4;0.0;0.0;0.0;1509_direct_carried;;;0.0;727.6;0;0;0;1;0;1506
50757;1787847640745;0.0;91;91;WAITING_FOR_REST;52.4;0.0;0.0;0.0;1509_direct_carried;;;0.0;727.6;0;0;0;1;0;1508
50967;1787847640955;0.0;91;91;STABLE;52.4;0.0;0.0;0.0;1509_direct;;;0.0;727.6;0;0;0;1;0;1509
51187;1787847641175;0.0;91;91;STABLE;52.4;0.0;0.0;0.0;1509_direct_carried;;;0.0;727.6;0;0;0;1;0;150A
51387;1787847641375;0.0;91;91;STABLE;52.4;0.0;0.0;0.0;1509_direct_carried;;;0.0;727.6;0;0;0;1;0;150B
51598;1787847641586;0.0;91;91;STABLE;52.4;0.0;0.0;0.0;1509_direct_carried;;;0.0;727.6;0;0;0;1;0;150D
52640;1787847642628;0.0;91;91;STABLE;52.4;0.0;0.0;0.0;1509_direct_carried;;;0.0;727.6;0;0;0;1;0;1502
53059;1787847643047;0.0;91;91;STABLE;52.4;0.0;0.0;0.0;1509_direct_carried;;;0.0;727.6;0;0;0;1;0;1505
53268;1787847643256;0.0;91;91;STABLE;52.4;0.0;0.0;0.0;1509_direct_carried;;;0.0;727.6;0;0;0;1;0;1506
53681;1787847643669;0.0;91;91;STABLE;52.4;0.0;0.0;0.0;1509_direct_carried;;;0.0;727.6;0;0;0;1;0;1508
53892;1787847643880;0.0;91;91;WAITING_FOR_REST;52.4;0.0;0.0;0.0;1509_direct;;;0.0;727.6;0;0;0;1;0;1509
54101;1787847644089;0.0;91;91;WAITING_FOR_REST;52.4;0.0;0.0;0.0;1509_direct_carried;;;0.0;727.6;0;0;0;1;0;150A
54309;1787847644297;0.0;91;91;WAITING_FOR_REST;52.4;0.0;0.0;0.0;1509_direct_carried;;;0.0;727.6;0;0;0;1;0;150B
54521;1787847644509;0.0;91;91;WAITING_FOR_REST;52.4;0.0;0.0;0.0;1509_direct_carried;;;0.0;727.6;0;0;0;1;0;150D
55561;1787847645549;0.0;91;91;WAITING_FOR_REST;52.4;0.0;0.0;0.0;1509_direct_carried;;;0.0;727.6;0;0;0;1;0;1502
55979;1787847645967;0.0;91;91;WAITING_FOR_REST;52.4;0.0;0.0;0.0;1509_direct_carried;;;0.0;727.6;0;0;0;1;0;1505
56188;1787847646176;0.0;91;91;WAITING_FOR_REST;52.4;0.0;0.0;0.0;1509_direct_carried;;;0.0;727.6;0;0;0;1;0;1506
56608;1787847646596;0.0;91;91;WAITING_FOR_REST;52.4;0.0;0.0;0.0;1509_direct_carried;;;0.0;727.6;0;0;0;1;0;1508
56808;1787847646796;0.0;91;91;WAITING_FOR_REST;52.4;0.0;0.0;0.0;1509_direct;;;0.0;727.6;0;0;0;1;0;1509
57021;1787847647009;0.0;91;91;WAITING_FOR_REST;52.4;0.0;0.0;0.0;1509_direct_carried;;;0.0;727.6;0;0;0;1;0;150A
57231;1787847647219;0.0;91;91;WAITING_FOR_REST;52.4;0.0;0.0;0.0;1509_direct_carried;;;0.0;727.6;0;0;0;1;0;150B
57438;1787847647426;0.0;91;91;WAITING_FOR_REST;52.4;0.0;0.0;0.0;1509_direct_carried;;;0.0;727.6;0;0;0;1;0;150D
58478;1787847648466;0.0;91;91;WAITING_FOR_REST;52.4;0.0;0.0;0.0;1509_direct_carried;;;0.0;727.6;0;0;0;1;0;1502
58898;1787847648886;0.0;91;91;WAITING_FOR_REST;52.4;0.0;0.0;0.0;1509_direct_carried;;;0.0;727.6;0;0;0;1;0;1505
59113;1787847649101;0.0;91;91;WAITING_FOR_REST;52.4;0.0;0.0;0.0;1509_direct_carried;;;0.0;727.6;0;0;0;1;0;1506
59531;1787847649519;0.0;91;91;WAITING_FOR_REST;52.4;0.0;0.0;0.0;1509_direct_carried;;;0.0;727.6;0;0;0;1;0;1508
59740;1787847649728;0.0;91;91;STABLE;52.4;0.0;0.0;0.0;1509_direct;;;0.0;727.6;0;0;0;1;0;1509
59941;1787847649929;0.0;91;91;STABLE;52.4;0.0;0.0;0.0;1509_direct_carried;;;0.0;727.6;0;0;0;1;0;150A
60148;1787847650136;0.0;91;91;STABLE;52.4;0.0;0.0;0.0;1509_direct_carried;;;0.0;727.6;0;0;0;1;0;150B
60357;1787847650345;0.0;91;91;STABLE;52.4;0.0;0.0;0.0;1509_direct_carried;;;0.0;727.6;0;0;0;1;0;150D
61407;1787847651395;0.0;91;91;STABLE;52.4;0.0;0.0;0.0;1509_direct_carried;;;0.0;727.6;0;0;0;1;0;1502
61821;1787847651809;0.0;91;91;STABLE;52.4;0.0;0.0;0.0;1509_direct_carried;;;0.0;727.6;0;0;0;1;0;1505
62030;1787847652018;0.0;91;91;STABLE;52.4;0.0;0.0;0.0;1509_direct_carried;;;0.0;727.6;0;0;0;1;0;1506
62449;1787847652437;0.0;91;91;STABLE;52.4;0.0;0.0;0.0;1509_direct_carried;;;0.0;727.6;0;0;0;1;0;1508
62658;1787847652646;0.0;91;91;WAITING_FOR_REST;52.4;0.0;0.0;0.0;1509_direct;;;0.0;727.6;0;0;0;1;0;1509
62871;1787847652859;0.0;91;91;WAITING_FOR_REST;52.4;0.0;0.0;0.0;1509_direct_carried;;;0.0;727.6;0;0;0;1;0;150A
63079;1787847653067;0.0;91;91;WAITING_FOR_REST;52.4;0.0;0.0;0.0;1509_direct_carried;;;0.0;727.6;0;0;0;1;0;150B
63287;1787847653275;0.0;91;91;WAITING_FOR_REST;52.4;0.0;0.0;0.0;1509_direct_carried;;;0.0;727.6;0;0;0;1;0;150D
64328;1787847654316;0.0;91;91;WAITING_FOR_REST;52.4;0.0;0.0;0.0;1509_direct_carried;;;0.0;727.6;0;0;0;1;0;1502
64752;1787847654740;0.0;91;91;WAITING_FOR_REST;52.4;0.0;0.0;0.0;1509_direct_carried;;;0.0;727.6;0;0;0;1;0;1505
64951;1787847654939;0.0;91;91;WAITING_FOR_REST;52.4;0.0;0.0;0.0;1509_direct_carried;;;0.0;727.6;0;0;0;1;0;1506
65367;1787847655355;0.0;91;91;WAITING_FOR_REST;52.4;0.0;0.0;0.0;1509_direct_carried;;;0.0;727.6;0;0;0;1;0;1508
65576;1787847655564;0.0;91;91;WAITING_FOR_REST;52.4;0.0;0.0;0.0;1509_direct;;;0.0;727.6;0;0;0;1;0;1509
65787;1787847655775;0.0;91;91;WAITING_FOR_REST;52.4;0.0;0.0;0.0;1509_direct_carried;;;0.0;727.6;0;0;0;1;0;150A
65997;1787847655985;0.0;91;91;WAITING_FOR_REST;52.4;0.0;0.0;0.0;1509_direct_carried;;;0.0;727.6;0;0;0;1;0;150B
66207;1787847656195;0.0;91;91;WAITING_FOR_REST;52.4;0.0;0.0;0.0;1509_direct_carried;;;0.0;727.6;0;0;0;1;0;150D
67246;1787847657234;0.0;91;91;WAITING_FOR_REST;52.4;0.0;0.0;0.0;1509_direct_carried;;;0.0;727.6;0;0;0;1;0;1502
67667;1787847657655;0.0;91;91;WAITING_FOR_REST;52.4;0.0;0.0;0.0;1509_direct_carried;;;0.0;727.6;0;0;0;1;0;1505
67876;1787847657864;0.0;91;91;WAITING_FOR_REST;52.4;0.0;0.0;0.0;1509_direct_carried;;;0.0;727.6;0;0;0;1;0;1506
68288;1787847658276;0.0;91;91;WAITING_FOR_REST;52.4;0.0;0.0;0.0;1509_direct_carried;;;0.0;727.6;0;0;0;1;0;1508
68497;1787847658485;0.0;91;91;STABLE;52.4;0.0;0.0;0.0;1509_direct;;;0.0;727.6;0;0;0;1;0;1509
68706;1787847658694;0.0;91;91;STABLE;52.4;0.0;0.0;0.0;1509_direct_carried;;;0.0;727.6;0;0;0;1;0;150A
68919;1787847658907;0.0;91;91;STABLE;52.4;0.0;0.0;0.0;1509_direct_carried;;;0.0;727.6;0;0;0;1;0;150B
69129;1787847659117;0.0;91;91;STABLE;52.4;0.0;0.0;0.0;1509_direct_carried;;;0.0;727.6;0;0;0;1;0;150D
70171;1787847660159;0.0;91;91;STABLE;52.4;0.0;0.0;0.0;1509_direct_carried;;;0.0;727.6;0;0;0;1;0;1502
70588;1787847660576;0.0;91;91;STABLE;52.4;0.0;0.0;0.0;1509_direct_carried;;;0.0;727.6;0;0;0;1;0;1505
70798;1787847660786;0.0;91;91;STABLE;52.4;0.0;0.0;0.0;1509_direct_carried;;;0.0;727.6;0;0;0;1;0;1506
71218;1787847661206;0.0;91;91;STABLE;52.4;0.0;0.0;0.0;1509_direct_carried;;;0.0;727.6;0;0;0;1;0;1508
71417;1787847661405;0.0;91;91;WAITING_FOR_REST;52.4;0.0;0.0;0.0;1509_direct;;;0.0;727.6;0;0;0;1;0;1509
71627;1787847661615;0.0;91;91;WAITING_FOR_REST;52.4;0.0;0.0;0.0;1509_direct_carried;;;0.0;727.6;0;0;0;1;0;150A
71839;1787847661827;0.0;91;91;WAITING_FOR_REST;52.4;0.0;0.0;0.0;1509_direct_carried;;;0.0;727.6;0;0;0;1;0;150B
72051;1787847662039;0.0;91;91;WAITING_FOR_REST;52.4;0.0;0.0;0.0;1509_direct_carried;;;0.0;727.6;0;0;0;1;0;150D
73089;1787847663077;0.0;91;91;WAITING_FOR_REST;52.4;0.0;0.0;0.0;1509_direct_carried;;;0.0;727.6;0;0;0;1;0;1502
73509;1787847663497;0.0;91;91;WAITING_FOR_REST;52.4;0.0;0.0;0.0;1509_direct_carried;;;0.0;727.6;0;0;0;1;0;1505
73720;1787847663708;0.0;91;91;WAITING_FOR_REST;52.4;0.0;0.0;0.0;1509_direct_carried;;;0.0;727.6;0;0;0;1;0;1506
74139;1787847664127;0.0;91;91;WAITING_FOR_REST;52.4;0.0;0.0;0.0;1509_direct_carried;;;0.0;727.6;0;0;0;1;0;1508
74349;1787847664337;0.0;91;91;WAITING_FOR_REST;52.4;0.0;0.0;0.0;1509_direct;;;0.0;727.6;0;0;0;1;0;1509
74549;1787847664537;0.0;91;91;WAITING_FOR_REST;52.4;0.0;0.0;0.0;1509_direct_carried;;;0.0;727.6;0;0;0;1;0;150A
74758;1787847664746;0.0;91;91;WAITING_FOR_REST;52.4;0.0;0.0;0.0;1509_direct_carried;;;0.0;727.6;0;0;0;1;0;150B
74969;1787847664957;0.0;91;91;WAITING_FOR_REST;52.4;0.0;0.0;0.0;1509_direct_carried;;;0.0;727.6;0;0;0;1;0;150D
76019;1787847666007;0.0;91;91;WAITING_FOR_REST;52.4;0.0;0.0;0.0;1509_direct_carried;;;0.0;727.6;0;0;0;1;0;1502
76428;1787847666416;0.0;91;91;WAITING_FOR_REST;52.4;0.0;0.0;0.0;1509_direct_carried;;;0.0;727.6;0;0;0;1;0;1505
76640;1787847666628;0.0;91;91;WAITING_FOR_REST;52.4;0.0;0.0;0.0;1509_direct_carried;;;0.0;727.6;0;0;0;1;0;1506
77057;1787847667045;0.0;91;91;WAITING_FOR_REST;52.4;0.0;0.0;0.0;1509_direct_carried;;;0.0;727.6;0;0;0;1;0;1508
77268;1787847667256;0.0;91;91;STABLE;52.4;0.0;0.0;0.0;1509_direct;;;0.0;727.6;0;0;0;1;0;1509
77479;1787847667467;0.0;91;91;STABLE;52.4;0.0;0.0;0.0;1509_direct_carried;;;0.0;727.6;0;0;0;1;0;150A
77686;1787847667674;0.0;91;91;STABLE;52.4;0.0;0.0;0.0;1509_direct_carried;;;0.0;727.6;0;0;0;1;0;150B
77900;1787847667888;0.0;91;91;STABLE;52.4;0.0;0.0;0.0;1509_direct_carried;;;0.0;727.6;0;0;0;1;0;150D
78939;1787847668927;0.0;91;91;STABLE;52.4;0.0;0.0;0.0;1509_direct_carried;;;0.0;727.6;0;0;0;1;0;1502
79358;1787847669346;0.0;91;91;STABLE;52.4;0.0;0.0;0.0;1509_direct_carried;;;0.0;727.6;0;0;0;1;0;1505
79558;1787847669546;0.0;91;91;STABLE;52.4;0.0;0.0;0.0;1509_direct_carried;;;0.0;727.6;0;0;0;1;0;1506
79981;1787847669969;0.0;91;91;STABLE;52.4;0.0;0.0;0.0;1509_direct_carried;;;0.0;727.6;0;0;0;1;0;1508
80191;1787847670179;0.0;91;91;WAITING_FOR_REST;52.4;0.0;0.0;0.0;1509_direct;;;0.0;727.6;0;0;0;1;0;1509
80399;1787847670387;0.0;91;91;WAITING_FOR_REST;52.4;0.0;0.0;0.0;1509_direct_carried;;;0.0;727.6;0;0;0;1;0;150A
80608;1787847670596;0.0;91;91;WAITING_FOR_REST;52.4;0.0;0.0;0.0;1509_direct_carried;;;0.0;727.6;0;0;0;1;0;150B
80820;1787847670808;0.0;91;91;WAITING_FOR_REST;52.4;0.0;0.0;0.0;1509_direct_carried;;;0.0;727.6;0;0;0;1;0;150D
81859;1787847671847;0.0;91;91;WAITING_FOR_REST;52.4;0.0;0.0;0.0;1509_direct_carried;;;0.0;727.6;0;0;0;1;0;1502
82280;1787847672268;0.0;91;91;WAITING_FOR_REST;52.4;0.0;0.0;0.0;1509_direct_carried;;;0.0;727.6;0;0;0;1;0;1505
82489;1787847672477;0.0;91;91;WAITING_FOR_REST;52.4;0.0;0.0;0.0;1509_direct_carried;;;0.0;727.6;0;0;0;1;0;1506
82899;1787847672887;0.0;91;91;WAITING_FOR_REST;52.4;0.0;0.0;0.0;1509_direct_carried;;;0.0;727.6;0;0;0;1;0;1508
83110;1787847673098;0.0;91;91;WAITING_FOR_REST;52.4;0.0;0.0;0.0;1509_direct;;;0.0;727.6;0;0;0;1;0;1509
83320;1787847673308;0.0;91;91;WAITING_FOR_REST;52.4;0.0;0.0;0.0;1509_direct_carried;;;0.0;727.6;0;0;0;1;0;150A
83536;1787847673524;0.0;91;91;WAITING_FOR_REST;52.4;0.0;0.0;0.0;1509_direct_carried;;;0.0;727.6;0;0;0;1;0;150B
83739;1787847673727;0.0;91;91;WAITING_FOR_REST;52.4;0.0;0.0;0.0;1509_direct_carried;;;0.0;727.6;0;0;0;1;0;150D
84779;1787847674767;0.0;91;91;WAITING_FOR_REST;52.4;0.0;0.0;0.0;1509_direct_carried;;;0.0;727.6;0;0;0;1;0;1502
85201;1787847675189;0.0;91;91;WAITING_FOR_REST;52.4;0.0;0.0;0.0;1509_direct_carried;;;0.0;727.6;0;0;0;1;0;1505
85411;1787847675399;0.0;91;91;WAITING_FOR_REST;52.4;0.0;0.0;0.0;1509_direct_carried;;;0.0;727.6;0;0;0;1;0;1506
85829;1787847675817;0.0;91;91;WAITING_FOR_REST;52.4;0.0;0.0;0.0;1509_direct_carried;;;0.0;727.6;0;0;0;1;0;1508
86029;1787847676017;0.0;91;91;STABLE;52.4;0.0;0.0;0.0;1509_direct;;;0.0;727.6;0;0;0;1;0;1509
86242;1787847676230;0.0;91;91;STABLE;52.4;0.0;0.0;0.0;1509_direct_carried;;;0.0;727.6;0;0;0;1;0;150A
86449;1787847676437;0.0;91;91;STABLE;52.4;0.0;0.0;0.0;1509_direct_carried;;;0.0;727.6;0;0;0;1;0;150B
86658;1787847676646;0.0;91;91;STABLE;52.4;0.0;0.0;0.0;1509_direct_carried;;;0.0;727.6;0;0;0;1;0;150D
87709;1787847677697;0.0;91;91;STABLE;52.4;0.0;0.0;0.0;1509_direct_carried;;;0.0;727.6;0;0;0;1;0;1502
88119;1787847678107;0.0;91;91;STABLE;52.4;0.0;0.0;0.0;1509_direct_carried;;;0.0;727.6;0;0;0;1;0;1505
88329;1787847678317;0.0;91;91;STABLE;52.4;0.0;0.0;0.0;1509_direct_carried;;;0.0;727.6;0;0;0;1;0;1506
88752;1787847678740;0.0;91;91;STABLE;52.4;0.0;0.0;0.0;1509_direct_carried;;;0.0;727.6;0;0;0;1;0;1508
88959;1787847678947;0.0;91;91;WAITING_FOR_REST;52.4;0.0;0.0;0.0;1509_direct;;;0.0;727.6;0;0;0;1;0;1509
89169;1787847679157;0.0;91;91;WAITING_FOR_REST;52.4;0.0;0.0;0.0;1509_direct_carried;;;0.0;727.6;0;0;0;1;0;150A
89369;1787847679357;0.0;91;91;WAITING_FOR_REST;52.4;0.0;0.0;0.0;1509_direct_carried;;;0.0;727.6;0;0;0;1;0;150B
89578;1787847679566;0.0;91;91;WAITING_FOR_REST;52.4;0.0;0.0;0.0;1509_direct_carried;;;0.0;727.6;0;0;0;1;0;150D
90629;1787847680617;0.0;91;91;WAITING_FOR_REST;52.4;0.0;0.0;0.0;1509_direct_carried;;;0.0;727.6;0;0;0;1;0;1502
91040;1787847681028;0.0;91;91;WAITING_FOR_REST;52.4;0.0;0.0;0.0;1509_direct_carried;;;0.0;727.6;0;0;0;1;0;1505
91249;1787847681237;0.0;91;91;WAITING_FOR_REST;52.4;0.0;0.0;0.0;1509_direct_carried;;;0.0;727.6;0;0;0;1;0;1506
91668;1787847681656;0.0;91;91;WAITING_FOR_REST;52.4;0.0;0.0;0.0;1509_direct_carried;;;0.0;727.6;0;0;0;1;0;1508
91880;1787847681868;0.0;91;91;WAITING_FOR_REST;52.4;0.0;0.0;0.0;1509_direct;;;0.0;727.6;0;0;0;1;0;1509
92090;1787847682078;0.0;91;91;WAITING_FOR_REST;52.4;0.0;0.0;0.0;1509_direct_carried;;;0.0;727.6;0;0;0;1;0;150A
92299;1787847682287;0.0;91;91;WAITING_FOR_REST;52.4;0.0;0.0;0.0;1509_direct_carried;;;0.0;727.6;0;0;0;1;0;150B
92513;1787847682501;0.0;91;91;WAITING_FOR_REST;52.4;0.0;0.0;0.0;1509_direct_carried;;;0.0;727.6;0;0;0;1;0;150D
93549;1787847683537;0.0;91;91;WAITING_FOR_REST;52.4;0.0;0.0;0.0;1509_direct_carried;;;0.0;727.6;0;0;0;1;0;1502
93969;1787847683957;0.0;91;91;WAITING_FOR_REST;52.4;0.0;0.0;0.0;1509_direct_carried;;;0.0;727.6;0;0;0;1;0;1505
94179;1787847684167;0.0;91;91;WAITING_FOR_REST;52.4;0.0;0.0;0.0;1509_direct_carried;;;0.0;727.6;0;0;0;1;0;1506
94589;1787847684577;0.0;91;91;WAITING_FOR_REST;52.4;0.0;0.0;0.0;1509_direct_carried;;;0.0;727.6;0;0;0;1;0;1508
94799;1787847684787;0.0;91;91;STABLE;52.4;0.0;0.0;0.0;1509_direct;;;0.0;727.6;0;0;0;1;0;1509
95009;1787847684997;0.0;91;91;STABLE;52.4;0.0;0.0;0.0;1509_direct_carried;;;0.0;727.6;0;0;0;1;0;150A
95218;1787847685206;0.0;91;91;STABLE;52.4;0.0;0.0;0.0;1509_direct_carried;;;0.0;727.6;0;0;0;1;0;150B
95428;1787847685416;0.0;91;91;STABLE;52.4;0.0;0.0;0.0;1509_direct_carried;;;0.0;727.6;0;0;0;1;0;150D
96470;1787847686458;0.0;91;91;STABLE;52.4;0.0;0.0;0.0;1509_direct_carried;;;0.0;727.6;0;0;0;1;0;1502
96891;1787847686879;0.0;91;91;STABLE;52.4;0.0;0.0;0.0;1509_direct_carried;;;0.0;727.6;0;0;0;1;0;1505
97100;1787847687088;0.0;91;91;STABLE;52.4;0.0;0.0;0.0;1509_direct_carried;;;0.0;727.6;0;0;0;1;0;1506
97509;1787847687497;0.0;91;91;STABLE;52.4;0.0;0.0;0.0;1509_direct_carried;;;0.0;727.6;0;0;0;1;0;1508
97720;1787847687708;0.0;91;91;WAITING_FOR_REST;52.4;0.0;0.0;0.0;1509_direct;;;0.0;727.6;0;0;0;1;0;1509
97929;1787847687917;0.0;91;91;WAITING_FOR_REST;52.4;0.0;0.0;0.0;1509_direct_carried;;;0.0;727.6;0;0;0;1;0;150A
98138;1787847688126;0.0;91;91;WAITING_FOR_REST;52.4;0.0;0.0;0.0;1509_direct_carried;;;0.0;727.6;0;0;0;1;0;150B
98349;1787847688337;0.0;91;91;WAITING_FOR_REST;52.4;0.0;0.0;0.0;1509_direct_carried;;;0.0;727.6;0;0;0;1;0;150D
99389;1787847689377;0.0;91;91;WAITING_FOR_REST;52.4;0.0;0.0;0.0;1509_direct_carried;;;0.0;727.6;0;0;0;1;0;1502
99809;1787847689797;0.0;91;91;WAITING_FOR_REST;52.4;0.0;0.0;0.0;1509_direct_carried;;;0.0;727.6;0;0;0;1;0;1505
100019;1787847690007;0.0;91;91;WAITING_FOR_REST;52.4;0.0;0.0;0.0;1509_direct_carried;;;0.0;727.6;0;0;0;1;0;1506
100439;1787847690427;0.0;91;91;WAITING_FOR_REST;52.4;0.0;0.0;0.0;1509_direct_carried;;;0.0;727.6;0;0;0;1;0;1508
100648;1787847690636;0.0;91;91;WAITING_FOR_REST;52.4;0.0;0.0;0.0;1509_direct;;;0.0;727.6;0;0;0;1;0;1509
100850;1787847690838;0.0;91;91;WAITING_FOR_REST;52.4;0.0;0.0;0.0;1509_direct_carried;;;0.0;727.6;0;0;0;1;0;150A
101059;1787847691047;0.0;91;91;WAITING_FOR_REST;52.4;0.0;0.0;0.0;1509_direct_carried;;;0.0;727.6;0;0;0;1;0;150B
101270;1787847691258;0.0;91;91;WAITING_FOR_REST;52.4;0.0;0.0;0.0;1509_direct_carried;;;0.0;727.6;0;0;0;1;0;150D
102321;1787847692309;0.0;91;91;WAITING_FOR_REST;52.4;0.0;0.0;0.0;1509_direct_carried;;;0.0;727.6;0;0;0;1;0;1502
102733;1787847692721;0.0;91;91;WAITING_FOR_REST;52.4;0.0;0.0;0.0;1509_direct_carried;;;0.0;727.6;0;0;0;1;0;1505
102939;1787847692927;0.0;91;91;WAITING_FOR_REST;52.4;0.0;0.0;0.0;1509_direct_carried;;;0.0;727.6;0;0;0;1;0;1506
103360;1787847693348;0.0;91;91;WAITING_FOR_REST;52.4;0.0;0.0;0.0;1509_direct_carried;;;0.0;727.6;0;0;0;1;0;1508
103570;1787847693558;0.0;91;91;STABLE;52.4;0.0;0.0;0.0;1509_direct;;;0.0;727.6;0;0;0;1;0;1509
103782;1787847693770;0.0;91;91;STABLE;52.4;0.0;0.0;0.0;1509_direct_carried;;;0.0;727.6;0;0;0;1;0;150A
103990;1787847693978;0.0;91;91;STABLE;52.4;0.0;0.0;0.0;1509_direct_carried;;;0.0;727.6;0;0;0;1;0;150B
104190;1787847694178;0.0;91;91;STABLE;52.4;0.0;0.0;0.0;1509_direct_carried;;;0.0;727.6;0;0;0;1;0;150D
105240;1787847695228;0.0;91;91;STABLE;52.4;0.0;0.0;0.0;1509_direct_carried;;;0.0;727.6;0;0;0;1;0;1502
105649;1787847695637;0.0;91;91;STABLE;52.4;0.0;0.0;0.0;1509_direct_carried;;;0.0;727.6;0;0;0;1;0;1505
105858;1787847695846;0.0;91;91;STABLE;52.4;0.0;0.0;0.0;1509_direct_carried;;;0.0;727.6;0;0;0;1;0;1506
106278;1787847696266;0.0;91;91;STABLE;52.4;0.0;0.0;0.0;1509_direct_carried;;;0.0;727.6;0;0;0;1;0;1508
106490;1787847696478;0.0;91;91;WAITING_FOR_REST;52.4;0.0;0.0;0.0;1509_direct;;;0.0;727.6;0;0;0;1;0;1509
106702;1787847696690;0.0;91;91;WAITING_FOR_REST;52.4;0.0;0.0;0.0;1509_direct_carried;;;0.0;727.6;0;0;0;1;0;150A
106910;1787847696898;0.0;91;91;WAITING_FOR_REST;52.4;0.0;0.0;0.0;1509_direct_carried;;;0.0;727.6;0;0;0;1;0;150B
107120;1787847697108;0.0;91;91;WAITING_FOR_REST;52.4;0.0;0.0;0.0;1509_direct_carried;;;0.0;727.6;0;0;0;1;0;150D
108161;1787847698149;0.0;91;91;WAITING_FOR_REST;52.4;0.0;0.0;0.0;1509_direct_carried;;;0.0;727.6;0;0;0;1;0;1502
108579;1787847698567;0.0;91;91;WAITING_FOR_REST;52.4;0.0;0.0;0.0;1509_direct_carried;;;0.0;727.6;0;0;0;1;0;1505
108791;1787847698779;0.0;91;91;WAITING_FOR_REST;52.4;0.0;0.0;0.0;1509_direct_carried;;;0.0;727.6;0;0;0;1;0;1506
109199;1787847699187;0.0;91;91;WAITING_FOR_REST;52.4;0.0;0.0;0.0;1509_direct_carried;;;0.0;727.6;0;0;0;1;0;1508
109410;1787847699398;0.0;91;91;WAITING_FOR_REST;52.4;0.0;0.0;0.0;1509_direct;;;0.0;727.6;0;0;0;1;0;1509
109619;1787847699607;0.0;91;91;WAITING_FOR_REST;52.4;0.0;0.0;0.0;1509_direct_carried;;;0.0;727.6;0;0;0;1;0;150A
109831;1787847699819;0.0;91;91;WAITING_FOR_REST;52.4;0.0;0.0;0.0;1509_direct_carried;;;0.0;727.6;0;0;0;1;0;150B
110039;1787847700027;0.0;91;91;WAITING_FOR_REST;52.4;0.0;0.0;0.0;1509_direct_carried;;;0.0;727.6;0;0;0;1;0;150D
111080;1787847701068;0.0;91;91;WAITING_FOR_REST;52.4;0.0;0.0;0.0;1509_direct_carried;;;0.0;727.6;0;0;0;1;0;1502
111500;1787847701488;0.0;91;91;WAITING_FOR_REST;52.4;0.0;0.0;0.0;1509_direct_carried;;;0.0;727.6;0;0;0;1;0;1505
111711;1787847701699;0.0;91;91;WAITING_FOR_REST;52.4;0.0;0.0;0.0;1509_direct_carried;;;0.0;727.6;0;0;0;1;0;1506
112127;1787847702115;0.0;91;91;WAITING_FOR_REST;52.4;0.0;0.0;0.0;1509_direct_carried;;;0.0;727.6;0;0;0;1;0;1508
112331;1787847702319;0.0;91;91;STABLE;52.4;0.0;0.0;0.0;1509_direct;;;0.0;727.6;0;0;0;1;0;1509
112538;1787847702526;0.0;91;91;STABLE;52.4;0.0;0.0;0.0;1509_direct_carried;;;0.0;727.6;0;0;0;1;0;150A
112747;1787847702735;0.0;91;91;STABLE;52.4;0.0;0.0;0.0;1509_direct_carried;;;0.0;727.6;0;0;0;1;0;150B
112959;1787847702947;0.0;91;91;STABLE;52.4;0.0;0.0;0.0;1509_direct_carried;;;0.0;727.6;0;0;0;1;0;150D
114000;1787847703988;0.0;91;91;STABLE;52.4;0.0;0.0;0.0;1509_direct_carried;;;0.0;727.6;0;0;0;1;0;1502
114423;1787847704411;0.0;91;91;STABLE;52.4;0.0;0.0;0.0;1509_direct_carried;;;0.0;727.6;0;0;0;1;0;1505
114630;1787847704618;0.0;91;91;STABLE;52.4;0.0;0.0;0.0;1509_direct_carried;;;0.0;727.6;0;0;0;1;0;1506
115049;1787847705037;0.0;91;91;STABLE;52.4;0.0;0.0;0.0;1509_direct_carried;;;0.0;727.6;0;0;0;1;0;1508
115260;1787847705248;0.0;91;91;WAITING_FOR_REST;52.4;0.0;0.0;0.0;1509_direct;;;0.0;727.6;0;0;0;1;0;1509
115461;1787847705449;0.0;91;91;WAITING_FOR_REST;52.4;0.0;0.0;0.0;1509_direct_carried;;;0.0;727.6;0;0;0;1;0;150A
115671;1787847705659;0.0;91;91;WAITING_FOR_REST;52.4;0.0;0.0;0.0;1509_direct_carried;;;0.0;727.6;0;0;0;1;0;150B
115879;1787847705867;0.0;91;91;WAITING_FOR_REST;52.4;0.0;0.0;0.0;1509_direct_carried;;;0.0;727.6;0;0;0;1;0;150D
116929;1787847706917;0.0;91;91;WAITING_FOR_REST;52.4;0.0;0.0;0.0;1509_direct_carried;;;0.0;727.6;0;0;0;1;0;1502
117339;1787847707327;0.0;91;91;WAITING_FOR_REST;52.4;0.0;0.0;0.0;1509_direct_carried;;;0.0;727.6;0;0;0;1;0;1505
117548;1787847707536;0.0;91;91;WAITING_FOR_REST;52.4;0.0;0.0;0.0;1509_direct_carried;;;0.0;727.6;0;0;0;1;0;1506
117971;1787847707959;0.0;91;91;WAITING_FOR_REST;52.4;0.0;0.0;0.0;1509_direct_carried;;;0.0;727.6;0;0;0;1;0;1508
118183;1787847708171;0.0;91;91;WAITING_FOR_REST;52.4;0.0;0.0;0.0;1509_direct;;;0.0;727.6;0;0;0;1;0;1509
118390;1787847708378;0.0;91;91;WAITING_FOR_REST;52.4;0.0;0.0;0.0;1509_direct_carried;;;0.0;727.6;0;0;0;1;0;150A
118598;1787847708586;0.0;91;91;WAITING_FOR_REST;52.4;0.0;0.0;0.0;1509_direct_carried;;;0.0;727.6;0;0;0;1;0;150B
118799;1787847708787;0.0;91;91;WAITING_FOR_REST;52.4;0.0;0.0;0.0;1509_direct_carried;;;0.0;727.6;0;0;0;1;0;150D
119852;1787847709840;0.0;91;91;WAITING_FOR_REST;52.4;0.0;0.0;0.0;1509_direct_carried;;;0.0;727.6;0;0;0;1;0;1502
120272;1787847710260;0.0;91;91;WAITING_FOR_REST;52.4;0.0;0.0;0.0;1509_direct_carried;;;0.0;727.6;0;0;0;1;0;1505
120470;1787847710458;0.0;91;91;WAITING_FOR_REST;52.4;0.0;0.0;0.0;1509_direct_carried;;;0.0;727.6;0;0;0;1;0;1506
120892;1787847710880;0.0;91;91;WAITING_FOR_REST;52.4;0.0;0.0;0.0;1509_direct_carried;;;0.0;727.6;0;0;0;1;0;1508
121103;1787847711091;0.0;91;91;STABLE;52.4;0.0;0.0;0.0;1509_direct;;;0.0;727.6;0;0;0;1;0;1509
121313;1787847711301;0.0;91;91;STABLE;52.4;0.0;0.0;0.0;1509_direct_carried;;;0.0;727.6;0;0;0;1;0;150A
121521;1787847711509;0.0;91;91;STABLE;52.4;0.0;0.0;0.0;1509_direct_carried;;;0.0;727.6;0;0;0;1;0;150B
121730;1787847711718;0.0;91;91;STABLE;52.4;0.0;0.0;0.0;1509_direct_carried;;;0.0;727.6;0;0;0;1;0;150D
122772;1787847712760;0.0;91;91;STABLE;52.4;0.0;0.0;0.0;1509_direct_carried;;;0.0;727.6;0;0;0;1;0;1502
123193;1787847713181;0.0;91;91;STABLE;52.4;0.0;0.0;0.0;1509_direct_carried;;;0.0;727.6;0;0;0;1;0;1505
123403;1787847713391;0.0;91;91;STABLE;52.4;0.0;0.0;0.0;1509_direct_carried;;;0.0;727.6;0;0;0;1;0;1506
123813;1787847713801;0.0;91;91;STABLE;52.4;0.0;0.0;0.0;1509_direct_carried;;;0.0;727.6;0;0;0;1;0;1508
124021;1787847714009;0.0;91;91;WAITING_FOR_REST;52.4;0.0;0.0;0.0;1509_direct;;;0.0;727.6;0;0;0;1;0;1509
124233;1787847714221;0.0;91;91;WAITING_FOR_REST;52.4;0.0;0.0;0.0;1509_direct_carried;;;0.0;727.6;0;0;0;1;0;150A
124442;1787847714430;0.0;91;91;WAITING_FOR_REST;52.4;0.0;0.0;0.0;1509_direct_carried;;;0.0;727.6;0;0;0;1;0;150B
124654;1787847714642;0.0;91;91;WAITING_FOR_REST;52.4;0.0;0.0;0.0;1509_direct_carried;;;0.0;727.6;0;0;0;1;0;150D
125693;1787847715681;0.0;91;91;WAITING_FOR_REST;52.4;0.0;0.0;0.0;1509_direct_carried;;;0.0;727.6;0;0;0;1;0;1502
126109;1787847716097;0.0;91;91;WAITING_FOR_REST;52.4;0.0;0.0;0.0;1509_direct_carried;;;0.0;727.6;0;0;0;1;0;1505
126319;1787847716307;0.0;91;91;WAITING_FOR_REST;52.4;0.0;0.0;0.0;1509_direct_carried;;;0.0;727.6;0;0;0;1;0;1506
126742;1787847716730;0.0;91;91;WAITING_FOR_REST;52.4;0.0;0.0;0.0;1509_direct_carried;;;0.0;727.6;0;0;0;1;0;1508
126942;1787847716930;0.0;91;91;WAITING_FOR_REST;52.4;0.0;0.0;0.0;1509_direct;;;0.0;727.6;0;0;0;1;0;1509
127150;1787847717138;0.0;91;91;WAITING_FOR_REST;52.4;0.0;0.0;0.0;1509_direct_carried;;;0.0;727.6;0;0;0;1;0;150A
127360;1787847717348;0.0;91;91;WAITING_FOR_REST;52.4;0.0;0.0;0.0;1509_direct_carried;;;0.0;727.6;0;0;0;1;0;150B
127573;1787847717561;0.0;91;91;WAITING_FOR_REST;52.4;0.0;0.0;0.0;1509_direct_carried;;;0.0;727.6;0;0;0;1;0;150D
128611;1787847718599;0.0;91;91;WAITING_FOR_REST;52.4;0.0;0.0;0.0;1509_direct_carried;;;0.0;727.6;0;0;0;1;0;1502
129034;1787847719022;0.0;91;91;WAITING_FOR_REST;52.4;0.0;0.0;0.0;1509_direct_carried;;;0.0;727.6;0;0;0;1;0;1505
129243;1787847719231;0.0;91;91;WAITING_FOR_REST;52.4;0.0;0.0;0.0;1509_direct_carried;;;0.0;727.6;0;0;0;1;0;1506
129663;1787847719651;0.0;91;91;WAITING_FOR_REST;52.4;0.0;0.0;0.0;1509_direct_carried;;;0.0;727.6;0;0;0;1;0;1508
129872;1787847719860;0.0;91;91;STABLE;52.4;0.0;0.0;0.0;1509_direct;;;0.0;727.6;0;0;0;1;0;1509
130073;1787847720061;0.0;91;91;STABLE;52.4;0.0;0.0;0.0;1509_direct_carried;;;0.0;727.6;0;0;0;1;0;150A
130284;1787847720272;0.0;91;91;STABLE;52.4;0.0;0.0;0.0;1509_direct_carried;;;0.0;727.6;0;0;0;1;0;150B
130490;1787847720478;0.0;91;91;STABLE;52.4;0.0;0.0;0.0;1509_direct_carried;;;0.0;727.6;0;0;0;1;0;150D
131543;1787847721531;0.0;91;91;STABLE;52.4;0.0;0.0;0.0;1509_direct_carried;;;0.0;727.6;0;0;0;1;0;1502
131955;1787847721943;0.0;91;91;STABLE;52.4;0.0;0.0;0.0;1509_direct_carried;;;0.0;727.6;0;0;0;1;0;1505
132164;1787847722152;0.0;91;91;STABLE;52.4;0.0;0.0;0.0;1509_direct_carried;;;0.0;727.6;0;0;0;1;0;1506
132580;1787847722568;0.0;91;91;STABLE;52.4;0.0;0.0;0.0;1509_direct_carried;;;0.0;727.6;0;0;0;1;0;1508
132791;1787847722779;0.0;91;91;WAITING_FOR_REST;52.4;0.0;0.0;0.0;1509_direct;;;0.0;727.6;0;0;0;1;0;1509
133002;1787847722990;0.0;91;91;WAITING_FOR_REST;52.4;0.0;0.0;0.0;1509_direct_carried;;;0.0;727.6;0;0;0;1;0;150A
133213;1787847723201;0.0;91;91;WAITING_FOR_REST;52.4;0.0;0.0;0.0;1509_direct_carried;;;0.0;727.6;0;0;0;1;0;150B
133423;1787847723411;0.0;91;91;WAITING_FOR_REST;52.4;0.0;0.0;0.0;1509_direct_carried;;;0.0;727.6;0;0;0;1;0;150D
134460;1787847724448;0.0;91;91;WAITING_FOR_REST;52.4;0.0;0.0;0.0;1509_direct_carried;;;0.0;727.6;0;0;0;1;0;1502
134885;1787847724873;0.0;91;91;WAITING_FOR_REST;52.4;0.0;0.0;0.0;1509_direct_carried;;;0.0;727.6;0;0;0;1;0;1505
135081;1787847725069;0.0;91;91;WAITING_FOR_REST;52.4;0.0;0.0;0.0;1509_direct_carried;;;0.0;727.6;0;0;0;1;0;1506
135505;1787847725493;0.0;91;91;WAITING_FOR_REST;52.4;0.0;0.0;0.0;1509_direct_carried;;;0.0;727.6;0;0;0;1;0;1508
135712;1787847725700;0.0;91;91;WAITING_FOR_REST;52.4;0.0;0.0;0.0;1509_direct;;;0.0;727.6;0;0;0;1;0;1509
135921;1787847725909;0.0;91;91;WAITING_FOR_REST;52.4;0.0;0.0;0.0;1509_direct_carried;;;0.0;727.6;0;0;0;1;0;150A
136129;1787847726117;0.0;91;91;WAITING_FOR_REST;52.4;0.0;0.0;0.0;1509_direct_carried;;;0.0;727.6;0;0;0;1;0;150B
136339;1787847726327;0.0;91;91;WAITING_FOR_REST;52.4;0.0;0.0;0.0;1509_direct_carried;;;0.0;727.6;0;0;0;1;0;150D
137386;1787847727374;0.0;91;91;WAITING_FOR_REST;52.4;0.0;0.0;0.0;1509_direct_carried;;;0.0;727.6;0;0;0;1;0;1502
137805;1787847727793;0.0;91;91;WAITING_FOR_REST;52.4;0.0;0.0;0.0;1509_direct_carried;;;0.0;727.6;0;0;0;1;0;1505
138010;1787847727998;0.0;91;91;WAITING_FOR_REST;52.4;0.0;0.0;0.0;1509_direct_carried;;;0.0;727.6;0;0;0;1;0;1506
138424;1787847728412;0.0;91;91;WAITING_FOR_REST;52.4;0.0;0.0;0.0;1509_direct_carried;;;0.0;727.6;0;0;0;1;0;1508
138632;1787847728620;0.0;91;91;STABLE;52.4;0.0;0.0;0.0;1509_direct;;;0.0;727.6;0;0;0;1;0;1509
138839;1787847728827;0.0;91;91;STABLE;52.4;0.0;0.0;0.0;1509_direct_carried;;;0.0;727.6;0;0;0;1;0;150A
139049;1787847729037;0.0;91;91;STABLE;52.4;0.0;0.0;0.0;1509_direct_carried;;;0.0;727.6;0;0;0;1;0;150B
139262;1787847729250;0.0;91;91;STABLE;52.4;0.0;0.0;0.0;1509_direct_carried;;;0.0;727.6;0;0;0;1;0;150D
140305;1787847730293;0.0;91;91;STABLE;52.4;0.0;0.0;0.0;1509_direct_carried;;;0.0;727.6;0;0;0;1;0;1502
140730;1787847730718;0.0;91;91;STABLE;52.4;0.0;0.0;0.0;1509_direct_carried;;;0.0;727.6;0;0;0;1;0;1505
140930;1787847730918;0.0;91;91;STABLE;52.4;0.0;0.0;0.0;1509_direct_carried;;;0.0;727.6;0;0;0;1;0;1506
141350;1787847731338;0.0;91;91;STABLE;52.4;0.0;0.0;0.0;1509_direct_carried;;;0.0;727.6;0;0;0;1;0;1508
141550;1787847731538;0.0;91;91;WAITING_FOR_REST;52.4;0.0;0.0;0.0;1509_direct;;;0.0;727.6;0;0;0;1;0;1509
141759;1787847731747;0.0;91;91;WAITING_FOR_REST;52.4;0.0;0.0;0.0;1509_direct_carried;;;0.0;727.6;0;0;0;1;0;150A
141970;1787847731958;0.0;91;91;WAITING_FOR_REST;52.4;0.0;0.0;0.0;1509_direct_carried;;;0.0;727.6;0;0;0;1;0;150B
142180;1787847732168;0.0;91;91;WAITING_FOR_REST;52.4;0.0;0.0;0.0;1509_direct_carried;;;0.0;727.6;0;0;0;1;0;150D
143230;1787847733218;0.0;91;91;WAITING_FOR_REST;52.4;0.0;0.0;0.0;1509_direct_carried;;;0.0;727.6;0;0;0;1;0;1502
143640;1787847733628;0.0;91;91;WAITING_FOR_REST;52.4;0.0;0.0;0.0;1509_direct_carried;;;0.0;727.6;0;0;0;1;0;1505
143850;1787847733838;0.0;91;91;WAITING_FOR_REST;52.4;0.0;0.0;0.0;1509_direct_carried;;;0.0;727.6;0;0;0;1;0;1506
144270;1787847734258;0.0;91;91;WAITING_FOR_REST;52.4;0.0;0.0;0.0;1509_direct_carried;;;0.0;727.6;0;0;0;1;0;1508
144480;1787847734468;0.0;91;91;WAITING_FOR_REST;52.4;0.0;0.0;0.0;1509_direct;;;0.0;727.6;0;0;0;1;0;1509
144690;1787847734678;0.0;91;91;WAITING_FOR_REST;52.4;0.0;0.0;0.0;1509_direct_carried;;;0.0;727.6;0;0;0;1;0;150A
144903;1787847734891;0.0;91;91;WAITING_FOR_REST;52.4;0.0;0.0;0.0;1509_direct_carried;;;0.0;727.6;0;0;0;1;0;150B
145102;1787847735090;0.0;91;91;WAITING_FOR_REST;52.4;0.0;0.0;0.0;1509_direct_carried;;;0.0;727.6;0;0;0;1;0;150D
146152;1787847736140;0.0;91;91;WAITING_FOR_REST;52.4;0.0;0.0;0.0;1509_direct_carried;;;0.0;727.6;0;0;0;1;0;1502
146571;1787847736559;0.0;91;91;WAITING_FOR_REST;52.4;0.0;0.0;0.0;1509_direct_carried;;;0.0;727.6;0;0;0;1;0;1505
146771;1787847736759;0.0;91;91;WAITING_FOR_REST;52.4;0.0;0.0;0.0;1509_direct_carried;;;0.0;727.6;0;0;0;1;0;1506
147192;1787847737180;0.0;91;91;WAITING_FOR_REST;52.4;0.0;0.0;0.0;1509_direct_carried;;;0.0;727.6;0;0;0;1;0;1508
147404;1787847737392;0.0;91;91;STABLE;52.4;0.0;0.0;0.0;1509_direct;;;0.0;727.6;0;0;0;1;0;1509
147611;1787847737599;0.0;91;91;STABLE;52.4;0.0;0.0;0.0;1509_direct_carried;;;0.0;727.6;0;0;0;1;0;150A
147821;1787847737809;0.0;91;91;STABLE;52.4;0.0;0.0;0.0;1509_direct_carried;;;0.0;727.6;0;0;0;1;0;150B
148033;1787847738021;0.0;91;91;STABLE;52.4;0.0;0.0;0.0;1509_direct_carried;;;0.0;727.6;0;0;0;1;0;150D
149071;1787847739059;0.0;91;91;STABLE;52.4;0.0;0.0;0.0;1509_direct_carried;;;0.0;727.6;0;0;0;1;0;1502
149492;1787847739480;0.0;91;91;STABLE;52.4;0.0;0.0;0.0;1509_direct_carried;;;0.0;727.6;0;0;0;1;0;1505
149706;1787847739694;0.0;91;91;STABLE;52.4;0.0;0.0;0.0;1509_direct_carried;;;0.0;727.6;0;0;0;1;0;1506
150114;1787847740102;0.0;91;91;STABLE;52.4;0.0;0.0;0.0;1509_direct_carried;;;0.0;727.6;0;0;0;1;0;1508
150324;1787847740312;0.0;91;91;WAITING_FOR_REST;52.4;0.0;0.0;0.0;1509_direct;;;0.0;727.6;0;0;0;1;0;1509
150531;1787847740519;0.0;91;91;WAITING_FOR_REST;52.4;0.0;0.0;0.0;1509_direct_carried;;;0.0;727.6;0;0;0;1;0;150A
150740;1787847740728;0.0;91;91;WAITING_FOR_REST;52.4;0.0;0.0;0.0;1509_direct_carried;;;0.0;727.6;0;0;0;1;0;150B
150953;1787847740941;0.0;91;91;WAITING_FOR_REST;52.4;0.0;0.0;0.0;1509_direct_carried;;;0.0;727.6;0;0;0;1;0;150D
151991;1787847741979;0.0;91;91;WAITING_FOR_REST;52.4;0.0;0.0;0.0;1509_direct_carried;;;0.0;727.6;0;0;0;1;0;1502
152411;1787847742399;0.0;91;91;WAITING_FOR_REST;52.4;0.0;0.0;0.0;1509_direct_carried;;;0.0;727.6;0;0;0;1;0;1505
152623;1787847742611;0.0;91;91;WAITING_FOR_REST;52.4;0.0;0.0;0.0;1509_direct_carried;;;0.0;727.6;0;0;0;1;0;1506
153043;1787847743031;0.0;91;91;WAITING_FOR_REST;52.4;0.0;0.0;0.0;1509_direct_carried;;;0.0;727.6;0;0;0;1;0;1508
153252;1787847743240;0.0;91;91;WAITING_FOR_REST;52.4;0.0;0.0;0.0;1509_direct;;;0.0;727.6;0;0;0;1;0;1509
153451;1787847743439;0.0;91;91;WAITING_FOR_REST;52.4;0.0;0.0;0.0;1509_direct_carried;;;0.0;727.6;0;0;0;1;0;150A
153662;1787847743650;0.0;91;91;WAITING_FOR_REST;52.4;0.0;0.0;0.0;1509_direct_carried;;;0.0;727.6;0;0;0;1;0;150B
153872;1787847743860;0.0;91;91;WAITING_FOR_REST;52.4;0.0;0.0;0.0;1509_direct_carried;;;0.0;727.6;0;0;0;1;0;150D
154926;1787847744914;0.0;91;91;WAITING_FOR_REST;52.4;0.0;0.0;0.0;1509_direct_carried;;;0.0;727.6;0;0;0;1;0;1502
155333;1787847745321;0.0;91;91;WAITING_FOR_REST;52.4;0.0;0.0;0.0;1509_direct_carried;;;0.0;727.6;0;0;0;1;0;1505
155542;1787847745530;0.0;91;91;WAITING_FOR_REST;52.4;0.0;0.0;0.0;1509_direct_carried;;;0.0;727.6;0;0;0;1;0;1506
155963;1787847745951;0.0;91;91;WAITING_FOR_REST;52.4;0.0;0.0;0.0;1509_direct_carried;;;0.0;727.6;0;0;0;1;0;1508
156173;1787847746161;0.0;91;91;STABLE;52.4;0.0;0.0;0.0;1509_direct;;;0.0;727.6;0;0;0;1;0;1509
156382;1787847746370;0.0;91;91;STABLE;52.4;0.0;0.0;0.0;1509_direct_carried;;;0.0;727.6;0;0;0;1;0;150A
156595;1787847746583;0.0;91;91;STABLE;52.4;0.0;0.0;0.0;1509_direct_carried;;;0.0;727.6;0;0;0;1;0;150B
156795;1787847746783;0.0;91;91;STABLE;52.4;0.0;0.0;0.0;1509_direct_carried;;;0.0;727.6;0;0;0;1;0;150D
157842;1787847747830;0.0;91;91;STABLE;52.4;0.0;0.0;0.0;1509_direct_carried;;;0.0;727.6;0;0;0;1;0;1502
158263;1787847748251;0.0;91;91;STABLE;52.4;0.0;0.0;0.0;1509_direct_carried;;;0.0;727.6;0;0;0;1;0;1505
158462;1787847748450;0.0;91;91;STABLE;52.4;0.0;0.0;0.0;1509_direct_carried;;;0.0;727.6;0;0;0;1;0;1506
158882;1787847748870;0.0;91;91;STABLE;52.4;0.0;0.0;0.0;1509_direct_carried;;;0.0;727.6;0;0;0;1;0;1508
159093;1787847749081;0.0;91;91;WAITING_FOR_REST;52.4;0.0;0.0;0.0;1509_direct;;;0.0;727.6;0;0;0;1;0;1509
159301;1787847749289;0.0;91;91;WAITING_FOR_REST;52.4;0.0;0.0;0.0;1509_direct_carried;;;0.0;727.6;0;0;0;1;0;150A
159514;1787847749502;0.0;91;91;WAITING_FOR_REST;52.4;0.0;0.0;0.0;1509_direct_carried;;;0.0;727.6;0;0;0;1;0;150B
159722;1787847749710;0.0;91;91;WAITING_FOR_REST;52.4;0.0;0.0;0.0;1509_direct_carried;;;0.0;727.6;0;0;0;1;0;150D
160763;1787847750751;0.0;91;91;WAITING_FOR_REST;52.4;0.0;0.0;0.0;1509_direct_carried;;;0.0;727.6;0;0;0;1;0;1502
161182;1787847751170;0.0;91;91;WAITING_FOR_REST;52.4;0.0;0.0;0.0;1509_direct_carried;;;0.0;727.6;0;0;0;1;0;1505
161393;1787847751381;0.0;91;91;WAITING_FOR_REST;52.4;0.0;0.0;0.0;1509_direct_carried;;;0.0;727.6;0;0;0;1;0;1506
161801;1787847751789;0.0;91;91;WAITING_FOR_REST;52.4;0.0;0.0;0.0;1509_direct_carried;;;0.0;727.6;0;0;0;1;0;1508
162013;1787847752001;0.0;91;91;WAITING_FOR_REST;52.4;0.0;0.0;0.0;1509_direct;;;0.0;727.6;0;0;0;1;0;1509
162222;1787847752210;0.0;91;91;WAITING_FOR_REST;52.4;0.0;0.0;0.0;1509_direct_carried;;;0.0;727.6;0;0;0;1;0;150A
162433;1787847752421;0.0;91;91;WAITING_FOR_REST;52.4;0.0;0.0;0.0;1509_direct_carried;;;0.0;727.6;0;0;0;1;0;150B
162642;1787847752630;0.0;91;91;WAITING_FOR_REST;52.4;0.0;0.0;0.0;1509_direct_carried;;;0.0;727.6;0;0;0;1;0;150D
163685;1787847753673;0.0;91;91;WAITING_FOR_REST;52.4;0.0;0.0;0.0;1509_direct_carried;;;0.0;727.6;0;0;0;1;0;1502
164107;1787847754095;0.0;91;91;WAITING_FOR_REST;52.4;0.0;0.0;0.0;1509_direct_carried;;;0.0;727.6;0;0;0;1;0;1505
164315;1787847754303;0.0;91;91;WAITING_FOR_REST;52.4;0.0;0.0;0.0;1509_direct_carried;;;0.0;727.6;0;0;0;1;0;1506
164736;1787847754724;0.0;91;91;WAITING_FOR_REST;52.4;0.0;0.0;0.0;1509_direct_carried;;;0.0;727.6;0;0;0;1;0;1508
164945;1787847754933;0.0;91;91;STABLE;52.4;0.0;0.0;0.0;1509_direct;;;0.0;727.6;0;0;0;1;0;1509
165145;1787847755133;0.0;91;91;STABLE;52.4;0.0;0.0;0.0;1509_direct_carried;;;0.0;727.6;0;0;0;1;0;150A
165353;1787847755341;0.0;91;91;STABLE;52.4;0.0;0.0;0.0;1509_direct_carried;;;0.0;727.6;0;0;0;1;0;150B
165566;1787847755554;0.0;91;91;STABLE;52.4;0.0;0.0;0.0;1509_direct_carried;;;0.0;727.6;0;0;0;1;0;150D
166619;1787847756607;0.0;91;91;STABLE;52.4;0.0;0.0;0.0;1509_direct_carried;;;0.0;727.6;0;0;0;1;0;1502
167025;1787847757013;0.0;91;91;STABLE;52.4;0.0;0.0;0.0;1509_direct_carried;;;0.0;727.6;0;0;0;1;0;1505
167233;1787847757221;0.0;91;91;STABLE;52.4;0.0;0.0;0.0;1509_direct_carried;;;0.0;727.6;0;0;0;1;0;1506
167656;1787847757644;0.0;91;91;STABLE;52.4;0.0;0.0;0.0;1509_direct_carried;;;0.0;727.6;0;0;0;1;0;1508
167865;1787847757853;0.0;91;91;WAITING_FOR_REST;52.4;0.0;0.0;0.0;1509_direct;;;0.0;727.6;0;0;0;1;0;1509
168077;1787847758065;0.0;91;91;WAITING_FOR_REST;52.4;0.0;0.0;0.0;1509_direct_carried;;;0.0;727.6;0;0;0;1;0;150A
168286;1787847758274;0.0;91;91;WAITING_FOR_REST;52.4;0.0;0.0;0.0;1509_direct_carried;;;0.0;727.6;0;0;0;1;0;150B
168487;1787847758475;0.0;91;91;WAITING_FOR_REST;52.4;0.0;0.0;0.0;1509_direct_carried;;;0.0;727.6;0;0;0;1;0;150D
169533;1787847759521;0.0;91;91;WAITING_FOR_REST;52.4;0.0;0.0;0.0;1509_direct_carried;;;0.0;727.6;0;0;0;1;0;1502
169953;1787847759941;0.0;91;91;WAITING_FOR_REST;52.4;0.0;0.0;0.0;1509_direct_carried;;;0.0;727.6;0;0;0;1;0;1505
170152;1787847760140;0.0;91;91;WAITING_FOR_REST;52.4;0.0;0.0;0.0;1509_direct_carried;;;0.0;727.6;0;0;0;1;0;1506
170573;1787847760561;0.0;91;91;WAITING_FOR_REST;52.4;0.0;0.0;0.0;1509_direct_carried;;;0.0;727.6;0;0;0;1;0;1508
170784;1787847760772;0.0;91;91;WAITING_FOR_REST;52.4;0.0;0.0;0.0;1509_direct;;;0.0;727.6;0;0;0;1;0;1509
170993;1787847760981;0.0;91;91;WAITING_FOR_REST;52.4;0.0;0.0;0.0;1509_direct_carried;;;0.0;727.6;0;0;0;1;0;150A
171202;1787847761190;0.0;91;91;WAITING_FOR_REST;52.4;0.0;0.0;0.0;1509_direct_carried;;;0.0;727.6;0;0;0;1;0;150B
171413;1787847761401;0.0;91;91;WAITING_FOR_REST;52.4;0.0;0.0;0.0;1509_direct_carried;;;0.0;727.6;0;0;0;1;0;150D
172454;1787847762442;0.0;91;91;WAITING_FOR_REST;52.4;0.0;0.0;0.0;1509_direct_carried;;;0.0;727.6;0;0;0;1;0;1502
172875;1787847762863;0.0;91;91;WAITING_FOR_REST;52.4;0.0;0.0;0.0;1509_direct_carried;;;0.0;727.6;0;0;0;1;0;1505
173083;1787847763071;0.0;91;91;WAITING_FOR_REST;52.4;0.0;0.0;0.0;1509_direct_carried;;;0.0;727.6;0;0;0;1;0;1506
173504;1787847763492;0.0;91;91;WAITING_FOR_REST;52.4;0.0;0.0;0.0;1509_direct_carried;;;0.0;727.6;0;0;0;1;0;1508
173703;1787847763691;0.0;91;91;STABLE;52.4;0.0;0.0;0.0;1509_direct;;;0.0;727.6;0;0;0;1;0;1509
173913;1787847763901;0.0;91;91;STABLE;52.4;0.0;0.0;0.0;1509_direct_carried;;;0.0;727.6;0;0;0;1;0;150A
174124;1787847764112;0.0;91;91;STABLE;52.4;0.0;0.0;0.0;1509_direct_carried;;;0.0;727.6;0;0;0;1;0;150B
174333;1787847764321;0.0;91;91;STABLE;52.4;0.0;0.0;0.0;1509_direct_carried;;;0.0;727.6;0;0;0;1;0;150D
175373;1787847765361;0.0;91;91;STABLE;52.4;0.0;0.0;0.0;1509_direct_carried;;;0.0;727.6;0;0;0;1;0;1502
175795;1787847765783;0.0;91;91;STABLE;52.4;0.0;0.0;0.0;1509_direct_carried;;;0.0;727.6;0;0;0;1;0;1505
176007;1787847765995;0.0;91;91;STABLE;52.4;0.0;0.0;0.0;1509_direct_carried;;;0.0;727.6;0;0;0;1;0;1506
176425;1787847766413;0.0;91;91;STABLE;52.4;0.0;0.0;0.0;1509_direct_carried;;;0.0;727.6;0;0;0;1;0;1508
176636;1787847766624;0.0;91;91;WAITING_FOR_REST;52.4;0.0;0.0;0.0;1509_direct;;;0.0;727.6;0;0;0;1;0;1509
176833;1787847766821;0.0;91;91;WAITING_FOR_REST;52.4;0.0;0.0;0.0;1509_direct_carried;;;0.0;727.6;0;0;0;1;0;150A
177047;1787847767035;0.0;91;91;WAITING_FOR_REST;52.4;0.0;0.0;0.0;1509_direct_carried;;;0.0;727.6;0;0;0;1;0;150B
177254;1787847767242;0.0;91;91;WAITING_FOR_REST;52.4;0.0;0.0;0.0;1509_direct_carried;;;0.0;727.6;0;0;0;1;0;150D
178302;1787847768290;0.0;91;91;WAITING_FOR_REST;52.4;0.0;0.0;0.0;1509_direct_carried;;;0.0;727.6;0;0;0;1;0;1502
178714;1787847768702;0.0;91;91;WAITING_FOR_REST;52.4;0.0;0.0;0.0;1509_direct_carried;;;0.0;727.6;0;0;0;1;0;1505
178923;1787847768911;0.0;91;91;WAITING_FOR_REST;52.4;0.0;0.0;0.0;1509_direct_carried;;;0.0;727.6;0;0;0;1;0;1506
179341;1787847769329;0.0;91;91;WAITING_FOR_REST;52.4;0.0;0.0;0.0;1509_direct_carried;;;0.0;727.6;0;0;0;1;0;1508
179552;1787847769540;0.0;91;91;WAITING_FOR_REST;52.4;0.0;0.0;0.0;1509_direct;;;0.0;727.6;0;0;0;1;0;1509
179762;1787847769750;0.0;91;91;WAITING_FOR_REST;52.4;0.0;0.0;0.0;1509_direct_carried;;;0.0;727.6;0;0;0;1;0;150A
179973;1787847769961;0.0;91;91;WAITING_FOR_REST;52.4;0.0;0.0;0.0;1509_direct_carried;;;0.0;727.6;0;0;0;1;0;150B
180182;1787847770170;0.0;91;91;WAITING_FOR_REST;52.4;0.0;0.0;0.0;1509_direct_carried;;;0.0;727.6;0;0;0;1;0;150D
181223;1787847771211;0.0;91;91;WAITING_FOR_REST;52.4;0.0;0.0;0.0;1509_direct_carried;;;0.0;727.6;0;0;0;1;0;1502
181648;1787847771636;0.0;91;91;WAITING_FOR_REST;52.4;0.0;0.0;0.0;1509_direct_carried;;;0.0;727.6;0;0;0;1;0;1505
181854;1787847771842;0.0;91;91;WAITING_FOR_REST;52.4;0.0;0.0;0.0;1509_direct_carried;;;0.0;727.6;0;0;0;1;0;1506
182264;1787847772252;0.0;91;91;WAITING_FOR_REST;52.4;0.0;0.0;0.0;1509_direct_carried;;;0.0;727.6;0;0;0;1;0;1508
182474;1787847772462;0.0;91;91;STABLE;52.4;0.0;0.0;0.0;1509_direct;;;0.0;727.6;0;0;0;1;0;1509
182684;1787847772672;0.0;91;91;STABLE;52.4;0.0;0.0;0.0;1509_direct_carried;;;0.0;727.6;0;0;0;1;0;150A
182894;1787847772882;0.0;91;91;STABLE;52.4;0.0;0.0;0.0;1509_direct_carried;;;0.0;727.6;0;0;0;1;0;150B
183105;1787847773093;0.0;91;91;STABLE;52.4;0.0;0.0;0.0;1509_direct_carried;;;0.0;727.6;0;0;0;1;0;150D
184145;1787847774133;0.0;91;91;STABLE;52.4;0.0;0.0;0.0;1509_direct_carried;;;0.0;727.6;0;0;0;1;0;1502
184562;1787847774550;0.0;91;91;STABLE;52.4;0.0;0.0;0.0;1509_direct_carried;;;0.0;727.6;0;0;0;1;0;1505
184773;1787847774761;0.0;91;91;STABLE;52.4;0.0;0.0;0.0;1509_direct_carried;;;0.0;727.6;0;0;0;1;0;1506
185193;1787847775181;0.0;91;91;STABLE;52.4;0.0;0.0;0.0;1509_direct_carried;;;0.0;727.6;0;0;0;1;0;1508
185394;1787847775382;0.0;91;91;WAITING_FOR_REST;52.4;0.0;0.0;0.0;1509_direct;;;0.0;727.6;0;0;0;1;0;1509
185602;1787847775590;0.0;91;91;WAITING_FOR_REST;52.4;0.0;0.0;0.0;1509_direct_carried;;;0.0;727.6;0;0;0;1;0;150A
185812;1787847775800;0.0;91;91;WAITING_FOR_REST;52.4;0.0;0.0;0.0;1509_direct_carried;;;0.0;727.6;0;0;0;1;0;150B
186022;1787847776010;0.0;91;91;WAITING_FOR_REST;52.4;0.0;0.0;0.0;1509_direct_carried;;;0.0;727.6;0;0;0;1;0;150D
187073;1787847777061;0.0;91;91;WAITING_FOR_REST;52.4;0.0;0.0;0.0;1509_direct_carried;;;0.0;727.6;0;0;0;1;0;1502
187485;1787847777473;0.0;91;91;WAITING_FOR_REST;52.4;0.0;0.0;0.0;1509_direct_carried;;;0.0;727.6;0;0;0;1;0;1505
187694;1787847777682;0.0;91;91;WAITING_FOR_REST;52.4;0.0;0.0;0.0;1509_direct_carried;;;0.0;727.6;0;0;0;1;0;1506
188119;1787847778107;0.0;91;91;WAITING_FOR_REST;52.4;0.0;0.0;0.0;1509_direct_carried;;;0.0;727.6;0;0;0;1;0;1508
188326;1787847778314;0.0;91;91;WAITING_FOR_REST;52.6;0.0;0.0;0.0;1509_direct;;;0.0;727.6;0;0;0;1;0;1509
188538;1787847778526;0.0;91;91;WAITING_FOR_REST;52.6;0.0;0.0;0.0;1509_direct_carried;;;0.0;727.6;0;0;0;1;0;150A
188744;1787847778732;0.0;91;91;WAITING_FOR_REST;52.6;0.0;0.0;0.0;1509_direct_carried;;;0.0;727.6;0;0;0;1;0;150B
188945;1787847778933;0.0;91;91;WAITING_FOR_REST;52.6;0.0;0.0;0.0;1509_direct_carried;;;0.0;727.6;0;0;0;1;0;150D
189999;1787847779987;0.0;91;91;WAITING_FOR_REST;52.6;0.0;0.0;0.0;1509_direct_carried;;;0.0;727.6;0;0;0;1;0;1502
190414;1787847780402;0.0;91;91;WAITING_FOR_REST;52.6;0.0;0.0;0.0;1509_direct_carried;;;0.0;727.6;0;0;0;1;0;1505
190615;1787847780603;0.0;91;91;WAITING_FOR_REST;52.6;0.0;0.0;0.0;1509_direct_carried;;;0.0;727.6;0;0;0;1;0;1506
191035;1787847781023;0.0;91;91;WAITING_FOR_REST;52.6;0.0;0.0;0.0;1509_direct_carried;;;0.0;727.6;0;0;0;1;0;1508
191244;1787847781232;0.0;91;91;STABLE;52.4;0.0;0.0;0.0;1509_direct;;;0.0;727.6;0;0;0;1;0;1509
191456;1787847781444;0.0;91;91;STABLE;52.4;0.0;0.0;0.0;1509_direct_carried;;;0.0;727.6;0;0;0;1;0;150A
191666;1787847781654;0.0;91;91;STABLE;52.4;0.0;0.0;0.0;1509_direct_carried;;;0.0;727.6;0;0;0;1;0;150B
191875;1787847781863;0.0;91;91;STABLE;52.4;0.0;0.0;0.0;1509_direct_carried;;;0.0;727.6;0;0;0;1;0;150D
192914;1787847782902;0.0;91;91;STABLE;52.4;0.0;0.0;0.0;1509_direct_carried;;;0.0;727.6;0;0;0;1;0;1502
193334;1787847783322;0.0;91;91;STABLE;52.4;0.0;0.0;0.0;1509_direct_carried;;;0.0;727.6;0;0;0;1;0;1505
193544;1787847783532;0.0;91;91;STABLE;52.4;0.0;0.0;0.0;1509_direct_carried;;;0.0;727.6;0;0;0;1;0;1506
193955;1787847783943;0.0;91;91;STABLE;52.4;0.0;0.0;0.0;1509_direct_carried;;;0.0;727.6;0;0;0;1;0;1508
194165;1787847784153;0.0;91;91;WAITING_FOR_REST;52.4;0.0;0.0;0.0;1509_direct;;;0.0;727.6;0;0;0;1;0;1509
194377;1787847784365;0.0;91;91;WAITING_FOR_REST;52.4;0.0;0.0;0.0;1509_direct_carried;;;0.0;727.6;0;0;0;1;0;150A
194586;1787847784574;0.0;91;91;WAITING_FOR_REST;52.4;0.0;0.0;0.0;1509_direct_carried;;;0.0;727.6;0;0;0;1;0;150B
194796;1787847784784;0.0;91;91;WAITING_FOR_REST;52.4;0.0;0.0;0.0;1509_direct_carried;;;0.0;727.6;0;0;0;1;0;150D
195836;1787847785824;0.0;91;91;WAITING_FOR_REST;52.4;0.0;0.0;0.0;1509_direct_carried;;;0.0;727.6;0;0;0;1;0;1502
196255;1787847786243;0.0;91;91;WAITING_FOR_REST;52.4;0.0;0.0;0.0;1509_direct_carried;;;0.0;727.6;0;0;0;1;0;1505
196467;1787847786455;0.0;91;91;WAITING_FOR_REST;52.4;0.0;0.0;0.0;1509_direct_carried;;;0.0;727.6;0;0;0;1;0;1506
196886;1787847786874;0.0;91;91;WAITING_FOR_REST;52.4;0.0;0.0;0.0;1509_direct_carried;;;0.0;727.6;0;0;0;1;0;1508
197097;1787847787085;0.0;91;91;WAITING_FOR_REST;52.4;0.0;0.0;0.0;1509_direct;;;0.0;727.6;0;0;0;1;0;1509
197296;1787847787284;0.0;91;91;WAITING_FOR_REST;52.4;0.0;0.0;0.0;1509_direct_carried;;;0.0;727.6;0;0;0;1;0;150A
197507;1787847787495;0.0;91;91;WAITING_FOR_REST;52.4;0.0;0.0;0.0;1509_direct_carried;;;0.0;727.6;0;0;0;1;0;150B
197716;1787847787704;0.0;91;91;WAITING_FOR_REST;52.4;0.0;0.0;0.0;1509_direct_carried;;;0.0;727.6;0;0;0;1;0;150D
198767;1787847788755;0.0;91;91;WAITING_FOR_REST;52.4;0.0;0.0;0.0;1509_direct_carried;;;0.0;727.6;0;0;0;1;0;1502
199175;1787847789163;0.0;91;91;WAITING_FOR_REST;52.4;0.0;0.0;0.0;1509_direct_carried;;;0.0;727.6;0;0;0;1;0;1505
199385;1787847789373;0.0;91;91;WAITING_FOR_REST;52.4;0.0;0.0;0.0;1509_direct_carried;;;0.0;727.6;0;0;0;1;0;1506
199805;1787847789793;0.0;91;91;WAITING_FOR_REST;52.4;0.0;0.0;0.0;1509_direct_carried;;;0.0;727.6;0;0;0;1;0;1508
200015;1787847790003;0.0;91;91;STABLE;52.4;0.0;0.0;0.0;1509_direct;;;0.0;727.6;0;0;0;1;0;1509
200226;1787847790214;0.0;91;91;STABLE;52.4;0.0;0.0;0.0;1509_direct_carried;;;0.0;727.6;0;0;0;1;0;150A
200436;1787847790424;0.0;91;91;STABLE;52.4;0.0;0.0;0.0;1509_direct_carried;;;0.0;727.6;0;0;0;1;0;150B
200647;1787847790635;0.0;91;91;STABLE;52.4;0.0;0.0;0.0;1509_direct_carried;;;0.0;727.6;0;0;0;1;0;150D
201686;1787847791674;0.0;91;91;STABLE;52.4;0.0;0.0;0.0;1509_direct_carried;;;0.0;727.6;0;0;0;1;0;1502
202105;1787847792093;0.0;91;91;STABLE;52.4;0.0;0.0;0.0;1509_direct_carried;;;0.0;727.6;0;0;0;1;0;1505
202315;1787847792303;0.0;91;91;STABLE;52.4;0.0;0.0;0.0;1509_direct_carried;;;0.0;727.6;0;0;0;1;0;1506
202725;1787847792713;0.0;91;91;STABLE;52.4;0.0;0.0;0.0;1509_direct_carried;;;0.0;727.6;0;0;0;1;0;1508
202935;1787847792923;0.0;91;91;WAITING_FOR_REST;52.4;0.0;0.0;0.0;1509_direct;;;0.0;727.6;0;0;0;1;0;1509
203147;1787847793135;0.0;91;91;WAITING_FOR_REST;52.4;0.0;0.0;0.0;1509_direct_carried;;;0.0;727.6;0;0;0;1;0;150A
203356;1787847793344;0.0;91;91;WAITING_FOR_REST;52.4;0.0;0.0;0.0;1509_direct_carried;;;0.0;727.6;0;0;0;1;0;150B
203566;1787847793554;0.0;91;91;WAITING_FOR_REST;52.4;0.0;0.0;0.0;1509_direct_carried;;;0.0;727.6;0;0;0;1;0;150D
204604;1787847794592;0.0;91;91;WAITING_FOR_REST;52.4;0.0;0.0;0.0;1509_direct_carried;;;0.0;727.6;0;0;0;1;0;1502
205024;1787847795012;0.0;91;91;WAITING_FOR_REST;52.4;0.0;0.0;0.0;1509_direct_carried;;;0.0;727.6;0;0;0;1;0;1505
205235;1787847795223;0.0;91;91;WAITING_FOR_REST;52.4;0.0;0.0;0.0;1509_direct_carried;;;0.0;727.6;0;0;0;1;0;1506
205658;1787847795646;0.0;91;91;WAITING_FOR_REST;52.4;0.0;0.0;0.0;1509_direct_carried;;;0.0;727.6;0;0;0;1;0;1508
205864;1787847795852;0.0;91;91;WAITING_FOR_REST;52.4;0.0;0.0;0.0;1509_direct;;;0.0;727.6;0;0;0;1;0;1509
206064;1787847796052;0.0;91;91;WAITING_FOR_REST;52.4;0.0;0.0;0.0;1509_direct_carried;;;0.0;727.6;0;0;0;1;0;150A
206276;1787847796264;0.0;91;91;WAITING_FOR_REST;52.4;0.0;0.0;0.0;1509_direct_carried;;;0.0;727.6;0;0;0;1;0;150B
206485;1787847796473;0.0;91;91;WAITING_FOR_REST;52.4;0.0;0.0;0.0;1509_direct_carried;;;0.0;727.6;0;0;0;1;0;150D
207541;1787847797529;0.0;91;91;WAITING_FOR_REST;52.4;0.0;0.0;0.0;1509_direct_carried;;;0.0;727.6;0;0;0;1;0;1502
207949;1787847797937;0.0;91;91;WAITING_FOR_REST;52.4;0.0;0.0;0.0;1509_direct_carried;;;0.0;727.6;0;0;0;1;0;1505
208158;1787847798146;0.0;91;91;WAITING_FOR_REST;52.4;0.0;0.0;0.0;1509_direct_carried;;;0.0;727.6;0;0;0;1;0;1506
208585;1787847798573;0.0;91;91;WAITING_FOR_REST;52.4;0.0;0.0;0.0;1509_direct_carried;;;0.0;727.6;0;0;0;1;0;1508
208789;1787847798777;0.0;91;91;STABLE;52.4;0.0;0.0;0.0;1509_direct;;;0.0;727.6;0;0;0;1;0;1509
208999;1787847798987;0.0;91;91;STABLE;52.4;0.0;0.0;0.0;1509_direct_carried;;;0.0;727.6;0;0;0;1;0;150A
209209;1787847799197;0.0;91;91;STABLE;52.4;0.0;0.0;0.0;1509_direct_carried;;;0.0;727.6;0;0;0;1;0;150B
209419;1787847799407;0.0;91;91;STABLE;52.4;0.0;0.0;0.0;1509_direct_carried;;;0.0;727.6;0;0;0;1;0;150D
210455;1787847800443;0.0;91;91;STABLE;52.4;0.0;0.0;0.0;1509_direct_carried;;;0.0;727.6;0;0;0;1;0;1502
210874;1787847800862;0.0;91;91;STABLE;52.4;0.0;0.0;0.0;1509_direct_carried;;;0.0;727.6;0;0;0;1;0;1505
211085;1787847801073;0.0;91;91;STABLE;52.4;0.0;0.0;0.0;1509_direct_carried;;;0.0;727.6;0;0;0;1;0;1506
211501;1787847801489;0.0;91;91;STABLE;52.4;0.0;0.0;0.0;1509_direct_carried;;;0.0;727.6;0;0;0;1;0;1508
211709;1787847801697;0.0;91;91;WAITING_FOR_REST;52.4;0.0;0.0;0.0;1509_direct;;;0.0;727.6;0;0;0;1;0;1509
211917;1787847801905;0.0;91;91;WAITING_FOR_REST;52.4;0.0;0.0;0.0;1509_direct_carried;;;0.0;727.6;0;0;0;1;0;150A
212131;1787847802119;0.0;91;91;WAITING_FOR_REST;52.4;0.0;0.0;0.0;1509_direct_carried;;;0.0;727.6;0;0;0;1;0;150B
212351;1787847802339;0.0;91;91;WAITING_FOR_REST;52.4;0.0;0.0;0.0;1509_direct_carried;;;0.0;727.6;0;0;0;1;0;150D
213376;1787847803364;0.0;91;91;WAITING_FOR_REST;52.4;0.0;0.0;0.0;1509_direct_carried;;;0.0;727.6;0;0;0;1;0;1502
213795;1787847803783;0.0;91;91;WAITING_FOR_REST;52.4;0.0;0.0;0.0;1509_direct_carried;;;0.0;727.6;0;0;0;1;0;1505
214004;1787847803992;0.0;91;91;WAITING_FOR_REST;52.4;0.0;0.0;0.0;1509_direct_carried;;;0.0;727.6;0;0;0;1;0;1506
214425;1787847804413;0.0;91;91;WAITING_FOR_REST;52.4;0.0;0.0;0.0;1509_direct_carried;;;0.0;727.6;0;0;0;1;0;1508
214637;1787847804625;0.0;91;91;WAITING_FOR_REST;52.4;0.0;0.0;0.0;1509_direct;;;0.0;727.6;0;0;0;1;0;1509
214837;1787847804825;0.0;91;91;WAITING_FOR_REST;52.4;0.0;0.0;0.0;1509_direct_carried;;;0.0;727.6;0;0;0;1;0;150A
215045;1787847805033;0.0;91;91;WAITING_FOR_REST;52.4;0.0;0.0;0.0;1509_direct_carried;;;0.0;727.6;0;0;0;1;0;150B
215256;1787847805244;0.0;91;91;WAITING_FOR_REST;52.4;0.0;0.0;0.0;1509_direct_carried;;;0.0;727.6;0;0;0;1;0;150D
216305;1787847806293;0.0;91;91;WAITING_FOR_REST;52.4;0.0;0.0;0.0;1509_direct_carried;;;0.0;727.6;0;0;0;1;0;1502
216714;1787847806702;0.0;91;91;WAITING_FOR_REST;52.4;0.0;0.0;0.0;1509_direct_carried;;;0.0;727.6;0;0;0;1;0;1505
216924;1787847806912;0.0;91;91;WAITING_FOR_REST;52.4;0.0;0.0;0.0;1509_direct_carried;;;0.0;727.6;0;0;0;1;0;1506
217346;1787847807334;0.0;91;91;WAITING_FOR_REST;52.4;0.0;0.0;0.0;1509_direct_carried;;;0.0;727.6;0;0;0;1;0;1508
217554;1787847807542;0.0;91;91;STABLE;52.4;0.0;0.0;0.0;1509_direct;;;0.0;727.6;0;0;0;1;0;1509
217765;1787847807753;0.0;91;91;STABLE;52.4;0.0;0.0;0.0;1509_direct_carried;;;0.0;727.6;0;0;0;1;0;150A
217977;1787847807965;0.0;91;91;STABLE;52.4;0.0;0.0;0.0;1509_direct_carried;;;0.0;727.6;0;0;0;1;0;150B
218187;1787847808175;0.0;91;91;STABLE;52.4;0.0;0.0;0.0;1509_direct_carried;;;0.0;727.6;0;0;0;1;0;150D
219226;1787847809214;0.0;91;91;STABLE;52.4;0.0;0.0;0.0;1509_direct_carried;;;0.0;727.6;0;0;0;1;0;1502
219648;1787847809636;0.0;91;91;STABLE;52.4;0.0;0.0;0.0;1509_direct_carried;;;0.0;727.6;0;0;0;1;0;1505
219856;1787847809844;0.0;91;91;STABLE;52.4;0.0;0.0;0.0;1509_direct_carried;;;0.0;727.6;0;0;0;1;0;1506
220266;1787847810254;0.0;91;91;STABLE;52.4;0.0;0.0;0.0;1509_direct_carried;;;0.0;727.6;0;0;0;1;0;1508
220477;1787847810465;0.0;91;91;WAITING_FOR_REST;52.4;0.0;0.0;0.0;1509_direct;;;0.0;727.6;0;0;0;1;0;1509
220687;1787847810675;0.0;91;91;WAITING_FOR_REST;52.4;0.0;0.0;0.0;1509_direct_carried;;;0.0;727.6;0;0;0;1;0;150A
220897;1787847810885;0.0;91;91;WAITING_FOR_REST;52.4;0.0;0.0;0.0;1509_direct_carried;;;0.0;727.6;0;0;0;1;0;150B
221106;1787847811094;0.0;91;91;WAITING_FOR_REST;52.4;0.0;0.0;0.0;1509_direct_carried;;;0.0;727.6;0;0;0;1;0;150D
222157;1787847812145;0.0;91;91;WAITING_FOR_REST;52.4;0.0;0.0;0.0;1509_direct_carried;;;0.0;727.6;0;0;0;1;0;1502
222569;1787847812557;0.0;91;91;WAITING_FOR_REST;52.4;0.0;0.0;0.0;1509_direct_carried;;;0.0;727.6;0;0;0;1;0;1505
222777;1787847812765;0.0;91;91;WAITING_FOR_REST;52.4;0.0;0.0;0.0;1509_direct_carried;;;0.0;727.6;0;0;0;1;0;1506
223198;1787847813186;0.0;91;91;WAITING_FOR_REST;52.4;0.0;0.0;0.0;1509_direct_carried;;;0.0;727.6;0;0;0;1;0;1508
223408;1787847813396;0.0;91;91;WAITING_FOR_REST;52.4;0.0;0.0;0.0;1509_direct;;;0.0;727.6;0;0;0;1;0;1509
223607;1787847813595;0.0;91;91;WAITING_FOR_REST;52.4;0.0;0.0;0.0;1509_direct_carried;;;0.0;727.6;0;0;0;1;0;150A
223817;1787847813805;0.0;91;91;WAITING_FOR_REST;52.4;0.0;0.0;0.0;1509_direct_carried;;;0.0;727.6;0;0;0;1;0;150B
224029;1787847814017;0.0;91;91;WAITING_FOR_REST;52.4;0.0;0.0;0.0;1509_direct_carried;;;0.0;727.6;0;0;0;1;0;150D
225076;1787847815064;0.0;91;91;WAITING_FOR_REST;52.4;0.0;0.0;0.0;1509_direct_carried;;;0.0;727.6;0;0;0;1;0;1502
225488;1787847815476;0.0;91;91;WAITING_FOR_REST;52.4;0.0;0.0;0.0;1509_direct_carried;;;0.0;727.6;0;0;0;1;0;1505
225695;1787847815683;0.0;91;91;WAITING_FOR_REST;52.4;0.0;0.0;0.0;1509_direct_carried;;;0.0;727.6;0;0;0;1;0;1506
226115;1787847816103;0.0;91;91;WAITING_FOR_REST;52.4;0.0;0.0;0.0;1509_direct_carried;;;0.0;727.6;0;0;0;1;0;1508
226327;1787847816315;0.0;91;91;STABLE;52.4;0.0;0.0;0.0;1509_direct;;;0.0;727.6;0;0;0;1;0;1509
226537;1787847816525;0.0;91;91;STABLE;52.4;0.0;0.0;0.0;1509_direct_carried;;;0.0;727.6;0;0;0;1;0;150A
226745;1787847816733;0.0;91;91;STABLE;52.4;0.0;0.0;0.0;1509_direct_carried;;;0.0;727.6;0;0;0;1;0;150B
226957;1787847816945;0.0;91;91;STABLE;52.4;0.0;0.0;0.0;1509_direct_carried;;;0.0;727.6;0;0;0;1;0;150D
227999;1787847817987;0.0;91;91;STABLE;52.4;0.0;0.0;0.0;1509_direct_carried;;;0.0;727.6;0;0;0;1;0;1502
228418;1787847818406;0.0;91;91;STABLE;52.4;0.0;0.0;0.0;1509_direct_carried;;;0.0;727.6;0;0;0;1;0;1505
228629;1787847818617;0.0;91;91;STABLE;52.4;0.0;0.0;0.0;1509_direct_carried;;;0.0;727.6;0;0;0;1;0;1506
229036;1787847819024;0.0;91;91;STABLE;52.4;0.0;0.0;0.0;1509_direct_carried;;;0.0;727.6;0;0;0;1;0;1508
229248;1787847819236;0.0;91;91;WAITING_FOR_REST;52.4;0.0;0.0;0.0;1509_direct;;;0.0;727.6;0;0;0;1;0;1509
229457;1787847819445;0.0;91;91;WAITING_FOR_REST;52.4;0.0;0.0;0.0;1509_direct_carried;;;0.0;727.6;0;0;0;1;0;150A
229668;1787847819656;0.0;91;91;WAITING_FOR_REST;52.4;0.0;0.0;0.0;1509_direct_carried;;;0.0;727.6;0;0;0;1;0;150B
229877;1787847819865;0.0;91;91;WAITING_FOR_REST;52.4;0.0;0.0;0.0;1509_direct_carried;;;0.0;727.6;0;0;0;1;0;150D
230918;1787847820906;0.0;91;91;WAITING_FOR_REST;52.4;0.0;0.0;0.0;1509_direct_carried;;;0.0;727.6;0;0;0;1;0;1502
231335;1787847821323;0.0;91;91;WAITING_FOR_REST;52.4;0.0;0.0;0.0;1509_direct_carried;;;0.0;727.6;0;0;0;1;0;1505
231545;1787847821533;0.0;91;91;WAITING_FOR_REST;52.4;0.0;0.0;0.0;1509_direct_carried;;;0.0;727.6;0;0;0;1;0;1506
231965;1787847821953;0.0;91;91;WAITING_FOR_REST;52.4;0.0;0.0;0.0;1509_direct_carried;;;0.0;727.6;0;0;0;1;0;1508
232177;1787847822165;0.0;91;91;WAITING_FOR_REST;52.4;0.0;0.0;0.0;1509_direct;;;0.0;727.6;0;0;0;1;0;1509
232375;1787847822363;0.0;91;91;WAITING_FOR_REST;52.4;0.0;0.0;0.0;1509_direct_carried;;;0.0;727.6;0;0;0;1;0;150A
232585;1787847822573;0.0;91;91;WAITING_FOR_REST;52.4;0.0;0.0;0.0;1509_direct_carried;;;0.0;727.6;0;0;0;1;0;150B
232796;1787847822784;0.0;91;91;WAITING_FOR_REST;52.4;0.0;0.0;0.0;1509_direct_carried;;;0.0;727.6;0;0;0;1;0;150D
233849;1787847823837;0.0;91;91;WAITING_FOR_REST;52.4;0.0;0.0;0.0;1509_direct_carried;;;0.0;727.6;0;0;0;1;0;1502
234259;1787847824247;0.0;91;91;WAITING_FOR_REST;52.4;0.0;0.0;0.0;1509_direct_carried;;;0.0;727.6;0;0;0;1;0;1505
234469;1787847824457;0.0;91;91;WAITING_FOR_REST;52.4;0.0;0.0;0.0;1509_direct_carried;;;0.0;727.6;0;0;0;1;0;1506
234889;1787847824877;0.0;91;91;WAITING_FOR_REST;52.4;0.0;0.0;0.0;1509_direct_carried;;;0.0;727.6;0;0;0;1;0;1508
235100;1787847825088;0.0;91;91;STABLE;52.4;0.0;0.0;0.0;1509_direct;;;0.0;727.6;0;0;0;1;0;1509
235309;1787847825297;0.0;91;91;STABLE;52.4;0.0;0.0;0.0;1509_direct_carried;;;0.0;727.6;0;0;0;1;0;150A
235521;1787847825509;0.0;91;91;STABLE;52.4;0.0;0.0;0.0;1509_direct_carried;;;0.0;727.6;0;0;0;1;0;150B
235730;1787847825718;0.0;91;91;STABLE;52.4;0.0;0.0;0.0;1509_direct_carried;;;0.0;727.6;0;0;0;1;0;150D
236772;1787847826760;0.0;91;91;STABLE;52.4;0.0;0.0;0.0;1509_direct_carried;;;0.0;727.6;0;0;0;1;0;1502
237192;1787847827180;0.0;91;91;STABLE;52.4;0.0;0.0;0.0;1509_direct_carried;;;0.0;727.6;0;0;0;1;0;1505
237399;1787847827387;0.0;91;91;STABLE;52.4;0.0;0.0;0.0;1509_direct_carried;;;0.0;727.6;0;0;0;1;0;1506
237811;1787847827799;0.0;91;91;STABLE;52.4;0.0;0.0;0.0;1509_direct_carried;;;0.0;727.6;0;0;0;1;0;1508
238021;1787847828009;0.0;91;91;WAITING_FOR_REST;52.4;0.0;0.0;0.0;1509_direct;;;0.0;727.6;0;0;0;1;0;1509
238232;1787847828220;0.0;91;91;WAITING_FOR_REST;52.4;0.0;0.0;0.0;1509_direct_carried;;;0.0;727.6;0;0;0;1;0;150A
238441;1787847828429;0.0;91;91;WAITING_FOR_REST;52.4;0.0;0.0;0.0;1509_direct_carried;;;0.0;727.6;0;0;0;1;0;150B
238651;1787847828639;0.0;91;91;WAITING_FOR_REST;52.4;0.0;0.0;0.0;1509_direct_carried;;;0.0;727.6;0;0;0;1;0;150D
239691;1787847829679;0.0;91;91;WAITING_FOR_REST;52.4;0.0;0.0;0.0;1509_direct_carried;;;0.0;727.6;0;0;0;1;0;1502
240111;1787847830099;0.0;91;91;WAITING_FOR_REST;52.4;0.0;0.0;0.0;1509_direct_carried;;;0.0;727.6;0;0;0;1;0;1505
240320;1787847830308;0.0;91;91;WAITING_FOR_REST;52.4;0.0;0.0;0.0;1509_direct_carried;;;0.0;727.6;0;0;0;1;0;1506
240744;1787847830732;0.0;91;91;WAITING_FOR_REST;52.4;0.0;0.0;0.0;1509_direct_carried;;;0.0;727.6;0;0;0;1;0;1508
240946;1787847830934;0.0;91;91;WAITING_FOR_REST;52.4;0.0;0.0;0.0;1509_direct;;;0.0;727.6;0;0;0;1;0;1509
241162;1787847831150;0.0;91;91;WAITING_FOR_REST;52.4;0.0;0.0;0.0;1509_direct_carried;;;0.0;727.6;0;0;0;1;0;150A
241370;1787847831358;0.0;91;91;WAITING_FOR_REST;52.4;0.0;0.0;0.0;1509_direct_carried;;;0.0;727.6;0;0;0;1;0;150B
241571;1787847831559;0.0;91;91;WAITING_FOR_REST;52.4;0.0;0.0;0.0;1509_direct_carried;;;0.0;727.6;0;0;0;1;0;150D
242621;1787847832609;0.0;91;91;WAITING_FOR_REST;52.4;0.0;0.0;0.0;1509_direct_carried;;;0.0;727.6;0;0;0;1;0;1502
243041;1787847833029;0.0;91;91;WAITING_FOR_REST;52.4;0.0;0.0;0.0;1509_direct_carried;;;0.0;727.6;0;0;0;1;0;1505
243242;1787847833230;0.0;91;91;WAITING_FOR_REST;52.4;0.0;0.0;0.0;1509_direct_carried;;;0.0;727.6;0;0;0;1;0;1506
243661;1787847833649;0.0;91;91;WAITING_FOR_REST;52.4;0.0;0.0;0.0;1509_direct_carried;;;0.0;727.6;0;0;0;1;0;1508
243869;1787847833857;0.0;91;91;STABLE;52.4;0.0;0.0;0.0;1509_direct;;;0.0;727.6;0;0;0;1;0;1509
244079;1787847834067;0.0;91;91;STABLE;52.4;0.0;0.0;0.0;1509_direct_carried;;;0.0;727.6;0;0;0;1;0;150A
244288;1787847834276;0.0;91;91;STABLE;52.4;0.0;0.0;0.0;1509_direct_carried;;;0.0;727.6;0;0;0;1;0;150B
244499;1787847834487;0.0;91;91;STABLE;52.4;0.0;0.0;0.0;1509_direct_carried;;;0.0;727.6;0;0;0;1;0;150D
245539;1787847835527;0.0;91;91;STABLE;52.4;0.0;0.0;0.0;1509_direct_carried;;;0.0;727.6;0;0;0;1;0;1502
245958;1787847835946;0.0;91;91;STABLE;52.4;0.0;0.0;0.0;1509_direct_carried;;;0.0;727.6;0;0;0;1;0;1505
246172;1787847836160;0.0;91;91;STABLE;52.4;0.0;0.0;0.0;1509_direct_carried;;;0.0;727.6;0;0;0;1;0;1506
246582;1787847836570;0.0;91;91;STABLE;52.4;0.0;0.0;0.0;1509_direct_carried;;;0.0;727.6;0;0;0;1;0;1508
246790;1787847836778;0.0;91;91;WAITING_FOR_REST;52.4;0.0;0.0;0.0;1509_direct;;;0.0;727.6;0;0;0;1;0;1509
246998;1787847836986;0.0;91;91;WAITING_FOR_REST;52.4;0.0;0.0;0.0;1509_direct_carried;;;0.0;727.6;0;0;0;1;0;150A
247209;1787847837197;0.0;91;91;WAITING_FOR_REST;52.4;0.0;0.0;0.0;1509_direct_carried;;;0.0;727.6;0;0;0;1;0;150B
247420;1787847837408;0.0;91;91;WAITING_FOR_REST;52.4;0.0;0.0;0.0;1509_direct_carried;;;0.0;727.6;0;0;0;1;0;150D
248460;1787847838448;0.0;91;91;WAITING_FOR_REST;52.4;0.0;0.0;0.0;1509_direct_carried;;;0.0;727.6;0;0;0;1;0;1502
248879;1787847838867;0.0;91;91;WAITING_FOR_REST;52.4;0.0;0.0;0.0;1509_direct_carried;;;0.0;727.6;0;0;0;1;0;1505
249091;1787847839079;0.0;91;91;WAITING_FOR_REST;52.4;0.0;0.0;0.0;1509_direct_carried;;;0.0;727.6;0;0;0;1;0;1506
249512;1787847839500;0.0;91;91;WAITING_FOR_REST;52.4;0.0;0.0;0.0;1509_direct_carried;;;0.0;727.6;0;0;0;1;0;1508
249732;1787847839720;0.0;91;91;WAITING_FOR_REST;52.4;0.0;0.0;0.0;1509_direct;;;0.0;727.6;0;0;0;1;0;1509
249931;1787847839919;0.0;91;91;WAITING_FOR_REST;52.4;0.0;0.0;0.0;1509_direct_carried;;;0.0;727.6;0;0;0;1;0;150A
250142;1787847840130;0.0;91;91;WAITING_FOR_REST;52.4;0.0;0.0;0.0;1509_direct_carried;;;0.0;727.6;0;0;0;1;0;150B
250340;1787847840328;0.0;91;91;WAITING_FOR_REST;52.4;0.0;0.0;0.0;1509_direct_carried;;;0.0;727.6;0;0;0;1;0;150D
251392;1787847841380;0.0;91;91;WAITING_FOR_REST;52.4;0.0;0.0;0.0;1509_direct_carried;;;0.0;727.6;0;0;0;1;0;1502
251812;1787847841800;0.0;91;91;WAITING_FOR_REST;52.4;0.0;0.0;0.0;1509_direct_carried;;;0.0;727.6;0;0;0;1;0;1505
252011;1787847841999;0.0;91;91;WAITING_FOR_REST;52.4;0.0;0.0;0.0;1509_direct_carried;;;0.0;727.6;0;0;0;1;0;1506
252430;1787847842418;0.0;91;91;WAITING_FOR_REST;52.4;0.0;0.0;0.0;1509_direct_carried;;;0.0;727.6;0;0;0;1;0;1508
252642;1787847842630;0.0;91;91;STABLE;52.4;0.0;0.0;0.0;1509_direct;;;0.0;727.6;0;0;0;1;0;1509
252852;1787847842840;0.0;91;91;STABLE;52.4;0.0;0.0;0.0;1509_direct_carried;;;0.0;727.6;0;0;0;1;0;150A
253062;1787847843050;0.0;91;91;STABLE;52.4;0.0;0.0;0.0;1509_direct_carried;;;0.0;727.6;0;0;0;1;0;150B
253273;1787847843261;0.0;91;91;STABLE;52.4;0.0;0.0;0.0;1509_direct_carried;;;0.0;727.6;0;0;0;1;0;150D
254312;1787847844300;0.0;91;91;STABLE;52.4;0.0;0.0;0.0;1509_direct_carried;;;0.0;727.6;0;0;0;1;0;1502
254732;1787847844720;0.0;91;91;STABLE;52.4;0.0;0.0;0.0;1509_direct_carried;;;0.0;727.6;0;0;0;1;0;1505
254940;1787847844928;0.0;91;91;STABLE;52.4;0.0;0.0;0.0;1509_direct_carried;;;0.0;727.6;0;0;0;1;0;1506
255353;1787847845341;0.0;91;91;STABLE;52.4;0.0;0.0;0.0;1509_direct_carried;;;0.0;727.6;0;0;0;1;0;1508
255563;1787847845551;0.0;91;91;WAITING_FOR_REST;52.4;0.0;0.0;0.0;1509_direct;;;0.0;727.6;0;0;0;1;0;1509
255772;1787847845760;0.0;91;91;WAITING_FOR_REST;52.4;0.0;0.0;0.0;1509_direct_carried;;;0.0;727.6;0;0;0;1;0;150A
255983;1787847845971;0.0;91;91;WAITING_FOR_REST;52.4;0.0;0.0;0.0;1509_direct_carried;;;0.0;727.6;0;0;0;1;0;150B
256192;1787847846180;0.0;91;91;WAITING_FOR_REST;52.4;0.0;0.0;0.0;1509_direct_carried;;;0.0;727.6;0;0;0;1;0;150D
257233;1787847847221;0.0;91;91;WAITING_FOR_REST;52.4;0.0;0.0;0.0;1509_direct_carried;;;0.0;727.6;0;0;0;1;0;1502
257655;1787847847643;0.0;91;91;WAITING_FOR_REST;52.4;0.0;0.0;0.0;1509_direct_carried;;;0.0;727.6;0;0;0;1;0;1505
257860;1787847847848;0.0;91;91;WAITING_FOR_REST;52.4;0.0;0.0;0.0;1509_direct_carried;;;0.0;727.6;0;0;0;1;0;1506
258283;1787847848271;0.0;91;91;WAITING_FOR_REST;52.4;0.0;0.0;0.0;1509_direct_carried;;;0.0;727.6;0;0;0;1;0;1508
258489;1787847848477;0.0;91;91;WAITING_FOR_REST;52.4;0.0;0.0;0.0;1509_direct;;;0.0;727.6;0;0;0;1;0;1509
258693;1787847848681;0.0;91;91;WAITING_FOR_REST;52.4;0.0;0.0;0.0;1509_direct_carried;;;0.0;727.6;0;0;0;1;0;150A
258901;1787847848889;0.0;91;91;WAITING_FOR_REST;52.4;0.0;0.0;0.0;1509_direct_carried;;;0.0;727.6;0;0;0;1;0;150B
259112;1787847849100;0.0;91;91;WAITING_FOR_REST;52.4;0.0;0.0;0.0;1509_direct_carried;;;0.0;727.6;0;0;0;1;0;150D
260164;1787847850152;0.0;91;91;WAITING_FOR_REST;52.4;0.0;0.0;0.0;1509_direct_carried;;;0.0;727.6;0;0;0;1;0;1502
260571;1787847850559;0.0;91;91;WAITING_FOR_REST;52.4;0.0;0.0;0.0;1509_direct_carried;;;0.0;727.6;0;0;0;1;0;1505
260784;1787847850772;0.0;91;91;WAITING_FOR_REST;52.4;0.0;0.0;0.0;1509_direct_carried;;;0.0;727.6;0;0;0;1;0;1506
261202;1787847851190;0.0;91;91;WAITING_FOR_REST;52.4;0.0;0.0;0.0;1509_direct_carried;;;0.0;727.6;0;0;0;1;0;1508
261412;1787847851400;0.0;91;91;STABLE;52.4;0.0;0.0;0.0;1509_direct;;;0.0;727.6;0;0;0;1;0;1509
261619;1787847851607;0.0;91;91;STABLE;52.4;0.0;0.0;0.0;1509_direct_carried;;;0.0;727.6;0;0;0;1;0;150A
261833;1787847851821;0.0;91;91;STABLE;52.4;0.0;0.0;0.0;1509_direct_carried;;;0.0;727.6;0;0;0;1;0;150B
262046;1787847852034;0.0;91;91;STABLE;52.4;0.0;0.0;0.0;1509_direct_carried;;;0.0;727.6;0;0;0;1;0;150D
263082;1787847853070;0.0;91;91;STABLE;52.4;0.0;0.0;0.0;1509_direct_carried;;;0.0;727.6;0;0;0;1;0;1502
263503;1787847853491;0.0;91;91;STABLE;52.4;0.0;0.0;0.0;1509_direct_carried;;;0.0;727.6;0;0;0;1;0;1505
263712;1787847853700;0.0;91;91;STABLE;52.4;0.0;0.0;0.0;1509_direct_carried;;;0.0;727.6;0;0;0;1;0;1506
264122;1787847854110;0.0;91;91;STABLE;52.4;0.0;0.0;0.0;1509_direct_carried;;;0.0;727.6;0;0;0;1;0;1508
264334;1787847854322;0.0;91;91;WAITING_FOR_REST;52.4;0.0;0.0;0.0;1509_direct;;;0.0;727.6;0;0;0;1;0;1509
264543;1787847854531;0.0;91;91;WAITING_FOR_REST;52.4;0.0;0.0;0.0;1509_direct_carried;;;0.0;727.6;0;0;0;1;0;150A
264751;1787847854739;0.0;91;91;WAITING_FOR_REST;52.4;0.0;0.0;0.0;1509_direct_carried;;;0.0;727.6;0;0;0;1;0;150B
264960;1787847854948;0.0;91;91;WAITING_FOR_REST;52.4;0.0;0.0;0.0;1509_direct_carried;;;0.0;727.6;0;0;0;1;0;150D
266000;1787847855988;0.0;91;91;WAITING_FOR_REST;52.4;0.0;0.0;0.0;1509_direct_carried;;;0.0;727.6;0;0;0;1;0;1502
266421;1787847856409;0.0;91;91;WAITING_FOR_REST;52.4;0.0;0.0;0.0;1509_direct_carried;;;0.0;727.6;0;0;0;1;0;1505
266629;1787847856617;0.0;91;91;WAITING_FOR_REST;52.4;0.0;0.0;0.0;1509_direct_carried;;;0.0;727.6;0;0;0;1;0;1506
267052;1787847857040;0.0;91;91;WAITING_FOR_REST;52.4;0.0;0.0;0.0;1509_direct_carried;;;0.0;727.6;0;0;0;1;0;1508
267262;1787847857250;0.0;91;91;WAITING_FOR_REST;52.4;0.0;0.0;0.0;1509_direct;;;0.0;727.6;0;0;0;1;0;1509
267473;1787847857461;0.0;91;91;WAITING_FOR_REST;52.4;0.0;0.0;0.0;1509_direct_carried;;;0.0;727.6;0;0;0;1;0;150A
267673;1787847857661;0.0;91;91;WAITING_FOR_REST;52.4;0.0;0.0;0.0;1509_direct_carried;;;0.0;727.6;0;0;0;1;0;150B
267882;1787847857870;0.0;91;91;WAITING_FOR_REST;52.4;0.0;0.0;0.0;1509_direct_carried;;;0.0;727.6;0;0;0;1;0;150D
268934;1787847858922;0.0;91;91;WAITING_FOR_REST;52.4;0.0;0.0;0.0;1509_direct_carried;;;0.0;727.6;0;0;0;1;0;1502
269353;1787847859341;0.0;91;91;WAITING_FOR_REST;52.4;0.0;0.0;0.0;1509_direct_carried;;;0.0;727.6;0;0;0;1;0;1505
269552;1787847859540;0.0;91;91;WAITING_FOR_REST;52.4;0.0;0.0;0.0;1509_direct_carried;;;0.0;727.6;0;0;0;1;0;1506
269975;1787847859963;0.0;91;91;WAITING_FOR_REST;52.4;0.0;0.0;0.0;1509_direct_carried;;;0.0;727.6;0;0;0;1;0;1508
270183;1787847860171;0.0;91;91;STABLE;52.4;0.0;0.0;0.0;1509_direct;;;0.0;727.6;0;0;0;1;0;1509
270392;1787847860380;0.0;91;91;STABLE;52.4;0.0;0.0;0.0;1509_direct_carried;;;0.0;727.6;0;0;0;1;0;150A
270603;1787847860591;0.0;91;91;STABLE;52.4;0.0;0.0;0.0;1509_direct_carried;;;0.0;727.6;0;0;0;1;0;150B
270814;1787847860802;0.0;91;91;STABLE;52.4;0.0;0.0;0.0;1509_direct_carried;;;0.0;727.6;0;0;0;1;0;150D
271854;1787847861842;0.0;91;91;STABLE;52.4;0.0;0.0;0.0;1509_direct_carried;;;0.0;727.6;0;0;0;1;0;1502
272273;1787847862261;0.0;91;91;STABLE;52.4;0.0;0.0;0.0;1509_direct_carried;;;0.0;727.6;0;0;0;1;0;1505
272483;1787847862471;0.0;91;91;STABLE;52.4;0.0;0.0;0.0;1509_direct_carried;;;0.0;727.6;0;0;0;1;0;1506
272905;1787847862893;0.0;91;91;STABLE;52.4;0.0;0.0;0.0;1509_direct_carried;;;0.0;727.6;0;0;0;1;0;1508
273102;1787847863090;0.0;91;91;WAITING_FOR_REST;52.4;0.0;0.0;0.0;1509_direct;;;0.0;727.6;0;0;0;1;0;1509
273316;1787847863304;0.0;91;91;WAITING_FOR_REST;52.4;0.0;0.0;0.0;1509_direct_carried;;;0.0;727.6;0;0;0;1;0;150A
273522;1787847863510;0.0;91;91;WAITING_FOR_REST;52.4;0.0;0.0;0.0;1509_direct_carried;;;0.0;727.6;0;0;0;1;0;150B
273734;1787847863722;0.0;91;91;WAITING_FOR_REST;52.4;0.0;0.0;0.0;1509_direct_carried;;;0.0;727.6;0;0;0;1;0;150D
274773;1787847864761;0.0;91;91;WAITING_FOR_REST;52.4;0.0;0.0;0.0;1509_direct_carried;;;0.0;727.6;0;0;0;1;0;1502
275189;1787847865177;0.0;91;91;WAITING_FOR_REST;52.4;0.0;0.0;0.0;1509_direct_carried;;;0.0;727.6;0;0;0;1;0;1505
275402;1787847865390;0.0;91;91;WAITING_FOR_REST;52.4;0.0;0.0;0.0;1509_direct_carried;;;0.0;727.6;0;0;0;1;0;1506
275818;1787847865806;0.0;91;91;WAITING_FOR_REST;52.4;0.0;0.0;0.0;1509_direct_carried;;;0.0;727.6;0;0;0;1;0;1508
276030;1787847866018;0.0;91;91;WAITING_FOR_REST;52.4;0.0;0.0;0.0;1509_direct;;;0.0;727.6;0;0;0;1;0;1509
276239;1787847866227;0.0;91;91;WAITING_FOR_REST;52.4;0.0;0.0;0.0;1509_direct_carried;;;0.0;727.6;0;0;0;1;0;150A
276450;1787847866438;0.0;91;91;WAITING_FOR_REST;52.4;0.0;0.0;0.0;1509_direct_carried;;;0.0;727.6;0;0;0;1;0;150B
276650;1787847866638;0.0;91;91;WAITING_FOR_REST;52.4;0.0;0.0;0.0;1509_direct_carried;;;0.0;727.6;0;0;0;1;0;150D
277704;1787847867692;0.0;91;91;WAITING_FOR_REST;52.4;0.0;0.0;0.0;1509_direct_carried;;;0.0;727.6;0;0;0;1;0;1502
278120;1787847868108;0.0;91;91;WAITING_FOR_REST;52.4;0.0;0.0;0.0;1509_direct_carried;;;0.0;727.6;0;0;0;1;0;1505
278319;1787847868307;0.0;91;91;WAITING_FOR_REST;52.4;0.0;0.0;0.0;1509_direct_carried;;;0.0;727.6;0;0;0;1;0;1506
278739;1787847868727;0.0;91;91;WAITING_FOR_REST;52.4;0.0;0.0;0.0;1509_direct_carried;;;0.0;727.6;0;0;0;1;0;1508
278953;1787847868941;0.0;91;91;STABLE;52.4;0.0;0.0;0.0;1509_direct;;;0.0;727.6;0;0;0;1;0;1509
279164;1787847869152;0.0;91;91;STABLE;52.4;0.0;0.0;0.0;1509_direct_carried;;;0.0;727.6;0;0;0;1;0;150A
279369;1787847869357;0.0;91;91;STABLE;52.4;0.0;0.0;0.0;1509_direct_carried;;;0.0;727.6;0;0;0;1;0;150B
279581;1787847869569;0.0;91;91;STABLE;52.4;0.0;0.0;0.0;1509_direct_carried;;;0.0;727.6;0;0;0;1;0;150D
280620;1787847870608;0.0;91;91;STABLE;52.4;0.0;0.0;0.0;1509_direct_carried;;;0.0;727.6;0;0;0;1;0;1502
281040;1787847871028;0.0;91;91;STABLE;52.4;0.0;0.0;0.0;1509_direct_carried;;;0.0;727.6;0;0;0;1;0;1505
281252;1787847871240;0.0;91;91;STABLE;52.4;0.0;0.0;0.0;1509_direct_carried;;;0.0;727.6;0;0;0;1;0;1506
281671;1787847871659;0.0;91;91;STABLE;52.4;0.0;0.0;0.0;1509_direct_carried;;;0.0;727.6;0;0;0;1;0;1508
281871;1787847871859;0.0;91;91;WAITING_FOR_REST;52.4;0.0;0.0;0.0;1509_direct;;;0.0;727.6;0;0;0;1;0;1509
282080;1787847872068;0.0;91;91;WAITING_FOR_REST;52.4;0.0;0.0;0.0;1509_direct_carried;;;0.0;727.6;0;0;0;1;0;150A
282289;1787847872277;0.0;91;91;WAITING_FOR_REST;52.4;0.0;0.0;0.0;1509_direct_carried;;;0.0;727.6;0;0;0;1;0;150B
282501;1787847872489;0.0;91;91;WAITING_FOR_REST;52.4;0.0;0.0;0.0;1509_direct_carried;;;0.0;727.6;0;0;0;1;0;150D
283554;1787847873542;0.0;91;91;WAITING_FOR_REST;52.4;0.0;0.0;0.0;1509_direct_carried;;;0.0;727.6;0;0;0;1;0;1502
283959;1787847873947;0.0;91;91;WAITING_FOR_REST;52.4;0.0;0.0;0.0;1509_direct_carried;;;0.0;727.6;0;0;0;1;0;1505
284171;1787847874159;0.0;91;91;WAITING_FOR_REST;52.4;0.0;0.0;0.0;1509_direct_carried;;;0.0;727.6;0;0;0;1;0;1506
284591;1787847874579;0.0;91;91;WAITING_FOR_REST;52.4;0.0;0.0;0.0;1509_direct_carried;;;0.0;727.6;0;0;0;1;0;1508
284800;1787847874788;0.0;91;91;WAITING_FOR_REST;52.4;0.0;0.0;0.0;1509_direct;;;0.0;727.6;0;0;0;1;0;1509
285010;1787847874998;0.0;91;91;WAITING_FOR_REST;52.4;0.0;0.0;0.0;1509_direct_carried;;;0.0;727.6;0;0;0;1;0;150A
285220;1787847875208;0.0;91;91;WAITING_FOR_REST;52.4;0.0;0.0;0.0;1509_direct_carried;;;0.0;727.6;0;0;0;1;0;150B
285431;1787847875419;0.0;91;91;WAITING_FOR_REST;52.4;0.0;0.0;0.0;1509_direct_carried;;;0.0;727.6;0;0;0;1;0;150D
286474;1787847876462;0.0;91;91;WAITING_FOR_REST;52.4;0.0;0.0;0.0;1509_direct_carried;;;0.0;727.6;0;0;0;1;0;1502
286893;1787847876881;0.0;91;91;WAITING_FOR_REST;52.4;0.0;0.0;0.0;1509_direct_carried;;;0.0;727.6;0;0;0;1;0;1505
287102;1787847877090;0.0;91;91;WAITING_FOR_REST;52.4;0.0;0.0;0.0;1509_direct_carried;;;0.0;727.6;0;0;0;1;0;1506
287508;1787847877496;0.0;91;91;WAITING_FOR_REST;52.4;0.0;0.0;0.0;1509_direct_carried;;;0.0;727.6;0;0;0;1;0;1508
287721;1787847877709;0.0;91;91;STABLE;52.4;0.0;0.0;0.0;1509_direct;;;0.0;727.6;0;0;0;1;0;1509
287930;1787847877918;0.0;91;91;STABLE;52.4;0.0;0.0;0.0;1509_direct_carried;;;0.0;727.6;0;0;0;1;0;150A
288141;1787847878129;0.0;91;91;STABLE;52.4;0.0;0.0;0.0;1509_direct_carried;;;0.0;727.6;0;0;0;1;0;150B
288353;1787847878341;0.0;91;91;STABLE;52.4;0.0;0.0;0.0;1509_direct_carried;;;0.0;727.6;0;0;0;1;0;150D
289391;1787847879379;0.0;91;91;STABLE;52.4;0.0;0.0;0.0;1509_direct_carried;;;0.0;727.6;0;0;0;1;0;1502
289811;1787847879799;0.0;91;91;STABLE;52.4;0.0;0.0;0.0;1509_direct_carried;;;0.0;727.6;0;0;0;1;0;1505
290020;1787847880008;0.0;91;91;STABLE;52.4;0.0;0.0;0.0;1509_direct_carried;;;0.0;727.6;0;0;0;1;0;1506
290441;1787847880429;0.0;91;91;STABLE;52.4;0.0;0.0;0.0;1509_direct_carried;;;0.0;727.6;0;0;0;1;0;1508
290652;1787847880640;0.0;91;91;WAITING_FOR_REST;52.4;0.0;0.0;0.0;1509_direct;;;0.0;727.6;0;0;0;1;0;1509
290850;1787847880838;0.0;91;91;WAITING_FOR_REST;52.4;0.0;0.0;0.0;1509_direct_carried;;;0.0;727.6;0;0;0;1;0;150A
291060;1787847881048;0.0;91;91;WAITING_FOR_REST;52.4;0.0;0.0;0.0;1509_direct_carried;;;0.0;727.6;0;0;0;1;0;150B
291270;1787847881258;0.0;91;91;WAITING_FOR_REST;52.4;0.0;0.0;0.0;1509_direct_carried;;;0.0;727.6;0;0;0;1;0;150D
292321;1787847882309;0.0;91;91;WAITING_FOR_REST;52.4;0.0;0.0;0.0;1509_direct_carried;;;0.0;727.6;0;0;0;1;0;1502
292734;1787847882722;0.0;91;91;WAITING_FOR_REST;52.4;0.0;0.0;0.0;1509_direct_carried;;;0.0;727.6;0;0;0;1;0;1505
292942;1787847882930;0.0;91;91;WAITING_FOR_REST;52.4;0.0;0.0;0.0;1509_direct_carried;;;0.0;727.6;0;0;0;1;0;1506
293375;1787847883363;0.0;91;91;WAITING_FOR_REST;52.4;0.0;0.0;0.0;1509_direct_carried;;;0.0;727.6;0;0;0;1;0;1508
293569;1787847883557;0.0;91;91;WAITING_FOR_REST;52.4;0.0;0.0;0.0;1509_direct;;;0.0;727.6;0;0;0;1;0;1509
293780;1787847883768;0.0;91;91;WAITING_FOR_REST;52.4;0.0;0.0;0.0;1509_direct_carried;;;0.0;727.6;0;0;0;1;0;150A
293990;1787847883978;0.0;91;91;WAITING_FOR_REST;52.4;0.0;0.0;0.0;1509_direct_carried;;;0.0;727.6;0;0;0;1;0;150B
294201;1787847884189;0.0;91;91;WAITING_FOR_REST;52.4;0.0;0.0;0.0;1509_direct_carried;;;0.0;727.6;0;0;0;1;0;150D
295239;1787847885227;0.0;91;91;WAITING_FOR_REST;52.4;0.0;0.0;0.0;1509_direct_carried;;;0.0;727.6;0;0;0;1;0;1502
295660;1787847885648;0.0;91;91;WAITING_FOR_REST;52.4;0.0;0.0;0.0;1509_direct_carried;;;0.0;727.6;0;0;0;1;0;1505
295870;1787847885858;0.0;91;91;WAITING_FOR_REST;52.4;0.0;0.0;0.0;1509_direct_carried;;;0.0;727.6;0;0;0;1;0;1506
296280;1787847886268;0.0;91;91;WAITING_FOR_REST;52.4;0.0;0.0;0.0;1509_direct_carried;;;0.0;727.6;0;0;0;1;0;1508
296492;1787847886480;0.0;91;91;STABLE;52.4;0.0;0.0;0.0;1509_direct;;;0.0;727.6;0;0;0;1;0;1509
296701;1787847886689;0.0;91;91;STABLE;52.4;0.0;0.0;0.0;1509_direct_carried;;;0.0;727.6;0;0;0;1;0;150A
296910;1787847886898;0.0;91;91;STABLE;52.4;0.0;0.0;0.0;1509_direct_carried;;;0.0;727.6;0;0;0;1;0;150B
297123;1787847887111;0.0;91;91;STABLE;52.4;0.0;0.0;0.0;1509_direct_carried;;;0.0;727.6;0;0;0;1;0;150D
298162;1787847888150;0.0;91;91;STABLE;52.4;0.0;0.0;0.0;1509_direct_carried;;;0.0;727.6;0;0;0;1;0;1502
298584;1787847888572;0.0;91;91;STABLE;52.4;0.0;0.0;0.0;1509_direct_carried;;;0.0;727.6;0;0;0;1;0;1505
298792;1787847888780;0.0;91;91;STABLE;52.4;0.0;0.0;0.0;1509_direct_carried;;;0.0;727.6;0;0;0;1;0;1506
299212;1787847889200;0.0;91;91;STABLE;52.4;0.0;0.0;0.0;1509_direct_carried;;;0.0;727.6;0;0;0;1;0;1508
299424;1787847889412;0.0;91;91;WAITING_FOR_REST;52.4;0.0;0.0;0.0;1509_direct;;;0.0;727.6;0;0;0;1;0;1509
299622;1787847889610;0.0;91;91;WAITING_FOR_REST;52.4;0.0;0.0;0.0;1509_direct_carried;;;0.0;727.6;0;0;0;1;0;150A
299832;1787847889820;0.0;91;91;WAITING_FOR_REST;52.4;0.0;0.0;0.0;1509_direct_carried;;;0.0;727.6;0;0;0;1;0;150B
300041;1787847890029;0.0;91;91;WAITING_FOR_REST;52.4;0.0;0.0;0.0;1509_direct_carried;;;0.0;727.6;0;0;0;1;0;150D
301094;1787847891082;0.0;91;91;WAITING_FOR_REST;52.4;0.0;0.0;0.0;1509_direct_carried;;;0.0;727.6;0;0;0;1;0;1502
301501;1787847891489;0.0;91;91;WAITING_FOR_REST;52.4;0.0;0.0;0.0;1509_direct_carried;;;0.0;727.6;0;0;0;1;0;1505
301712;1787847891700;0.0;91;91;WAITING_FOR_REST;52.4;0.0;0.0;0.0;1509_direct_carried;;;0.0;727.6;0;0;0;1;0;1506
302132;1787847892120;0.0;91;91;WAITING_FOR_REST;52.4;0.0;0.0;0.0;1509_direct_carried;;;0.0;727.6;0;0;0;1;0;1508
302341;1787847892329;0.0;91;91;WAITING_FOR_REST;52.4;0.0;0.0;0.0;1509_direct;;;0.0;727.6;0;0;0;1;0;1509
302553;1787847892541;0.0;91;91;WAITING_FOR_REST;52.4;0.0;0.0;0.0;1509_direct_carried;;;0.0;727.6;0;0;0;1;0;150A
302762;1787847892750;0.0;91;91;WAITING_FOR_REST;52.4;0.0;0.0;0.0;1509_direct_carried;;;0.0;727.6;0;0;0;1;0;150B
302973;1787847892961;0.0;91;91;WAITING_FOR_REST;52.4;0.0;0.0;0.0;1509_direct_carried;;;0.0;727.6;0;0;0;1;0;150D
304011;1787847893999;0.0;91;91;WAITING_FOR_REST;52.4;0.0;0.0;0.0;1509_direct_carried;;;0.0;727.6;0;0;0;1;0;1502
304432;1787847894420;0.0;91;91;WAITING_FOR_REST;52.4;0.0;0.0;0.0;1509_direct_carried;;;0.0;727.6;0;0;0;1;0;1505
304641;1787847894629;0.0;91;91;WAITING_FOR_REST;52.4;0.0;0.0;0.0;1509_direct_carried;;;0.0;727.6;0;0;0;1;0;1506
305052;1787847895040;0.0;91;91;WAITING_FOR_REST;52.4;0.0;0.0;0.0;1509_direct_carried;;;0.0;727.6;0;0;0;1;0;1508
305266;1787847895254;0.0;91;91;STABLE;52.4;0.0;0.0;0.0;1509_direct;;;0.0;727.6;0;0;0;1;0;1509
305471;1787847895459;0.0;91;91;STABLE;52.4;0.0;0.0;0.0;1509_direct_carried;;;0.0;727.6;0;0;0;1;0;150A
305682;1787847895670;0.0;91;91;STABLE;52.4;0.0;0.0;0.0;1509_direct_carried;;;0.0;727.6;0;0;0;1;0;150B
305892;1787847895880;0.0;91;91;STABLE;52.4;0.0;0.0;0.0;1509_direct_carried;;;0.0;727.6;0;0;0;1;0;150D
306933;1787847896921;0.0;91;91;STABLE;52.4;0.0;0.0;0.0;1509_direct_carried;;;0.0;727.6;0;0;0;1;0;1502
307352;1787847897340;0.0;91;91;STABLE;52.4;0.0;0.0;0.0;1509_direct_carried;;;0.0;727.6;0;0;0;1;0;1505
307562;1787847897550;0.0;91;91;STABLE;52.4;0.0;0.0;0.0;1509_direct_carried;;;0.0;727.6;0;0;0;1;0;1506
307982;1787847897970;0.0;91;91;STABLE;52.4;0.0;0.0;0.0;1509_direct_carried;;;0.0;727.6;0;0;0;1;0;1508
308192;1787847898180;0.0;91;91;WAITING_FOR_REST;52.4;0.0;0.0;0.0;1509_direct;;;0.0;727.6;0;0;0;1;0;1509
308402;1787847898390;0.0;91;91;WAITING_FOR_REST;52.4;0.0;0.0;0.0;1509_direct_carried;;;0.0;727.6;0;0;0;1;0;150A
308613;1787847898601;0.0;91;91;WAITING_FOR_REST;52.4;0.0;0.0;0.0;1509_direct_carried;;;0.0;727.6;0;0;0;1;0;150B
308819;1787847898807;0.0;91;91;WAITING_FOR_REST;52.4;0.0;0.0;0.0;1509_direct_carried;;;0.0;727.6;0;0;0;1;0;150D
309864;1787847899852;0.0;91;91;WAITING_FOR_REST;52.4;0.0;0.0;0.0;1509_direct_carried;;;0.0;727.6;0;0;0;1;0;1502
310282;1787847900270;0.0;91;91;WAITING_FOR_REST;52.4;0.0;0.0;0.0;1509_direct_carried;;;0.0;727.6;0;0;0;1;0;1505
310491;1787847900479;0.0;91;91;WAITING_FOR_REST;52.4;0.0;0.0;0.0;1509_direct_carried;;;0.0;727.6;0;0;0;1;0;1506
310903;1787847900891;0.0;91;91;WAITING_FOR_REST;52.4;0.0;0.0;0.0;1509_direct_carried;;;0.0;727.6;0;0;0;1;0;1508
311113;1787847901101;0.0;91;91;WAITING_FOR_REST;52.4;0.0;0.0;0.0;1509_direct;;;0.0;727.6;0;0;0;1;0;1509
311325;1787847901313;0.0;91;91;WAITING_FOR_REST;52.4;0.0;0.0;0.0;1509_direct_carried;;;0.0;727.6;0;0;0;1;0;150A
311534;1787847901522;0.0;91;91;WAITING_FOR_REST;52.4;0.0;0.0;0.0;1509_direct_carried;;;0.0;727.6;0;0;0;1;0;150B
311743;1787847901731;0.0;91;91;WAITING_FOR_REST;52.4;0.0;0.0;0.0;1509_direct_carried;;;0.0;727.6;0;0;0;1;0;150D
312785;1787847902773;0.0;91;91;WAITING_FOR_REST;52.4;0.0;0.0;0.0;1509_direct_carried;;;0.0;727.6;0;0;0;1;0;1502
313203;1787847903191;1.8;91;91;RECOVERING_AFTER_LOAD;52.4;0.0;0.0;0.0;1509_direct_carried;;;0.0;727.6;18;0;0;1;0;1505
313413;1787847903401;1.8;91;91;RECOVERING_AFTER_LOAD;52.4;0.0;0.0;0.0;1509_direct_carried;;;0.0;727.6;18;0;0;1;0;1506
313833;1787847903821;1.8;91;91;RECOVERING_AFTER_LOAD;52.4;0.0;0.0;0.0;1509_direct_carried;;;0.0;727.6;18;0;0;1;0;1508
314042;1787847904030;1.8;91;91;RECOVERING_AFTER_LOAD;52.4;0.0;0.0;0.0;1509_direct;;;0.0;727.6;18;0;0;1;0;1509
314243;1787847904231;1.8;91;91;RECOVERING_AFTER_LOAD;52.4;0.0;0.0;0.0;1509_direct_carried;;;0.0;727.6;18;0;0;1;0;150A
314453;1787847904441;1.8;91;91;RECOVERING_AFTER_LOAD;52.4;0.0;0.0;0.0;1509_direct_carried;;;0.0;727.6;18;0;0;1;0;150B
314662;1787847904650;1.8;91;91;RECOVERING_AFTER_LOAD;52.4;0.0;0.0;0.0;1509_direct_carried;;;0.0;727.6;18;0;0;1;0;150D
315713;1787847905701;1.8;91;91;RECOVERING_AFTER_LOAD;52.4;0.0;0.0;0.0;1509_direct_carried;;;0.0;727.6;18;0;0;1;0;1502
316123;1787847906111;3.2;91;91;RECOVERING_AFTER_LOAD;52.4;0.0;0.0;0.0;1509_direct_carried;;;0.0;727.6;32;0;0;1;0;1505
316333;1787847906321;3.2;91;91;RECOVERING_AFTER_LOAD;52.4;0.0;0.0;0.0;1509_direct_carried;;;0.0;727.6;32;0;0;1;0;1506
316752;1787847906740;3.2;91;91;RECOVERING_AFTER_LOAD;52.4;0.0;0.0;0.0;1509_direct_carried;;;0.0;727.6;32;0;0;1;0;1508
316962;1787847906950;3.2;91;91;RECOVERING_AFTER_LOAD;52.4;0.0;0.0;0.0;1509_direct;;;0.0;727.6;32;0;0;1;0;1509
317173;1787847907161;3.2;91;91;RECOVERING_AFTER_LOAD;52.4;0.0;0.0;0.0;1509_direct_carried;;;0.0;727.6;32;0;0;1;0;150A
317384;1787847907372;3.2;91;91;RECOVERING_AFTER_LOAD;52.4;0.0;0.0;0.0;1509_direct_carried;;;0.0;727.6;32;0;0;1;0;150B
317593;1787847907581;3.2;91;91;RECOVERING_AFTER_LOAD;52.4;0.0;0.0;0.0;1509_direct_carried;;;0.0;727.6;32;0;0;1;0;150D
318635;1787847908623;3.2;91;91;RECOVERING_AFTER_LOAD;52.4;0.0;0.0;0.0;1509_direct_carried;;;0.0;727.6;32;0;0;1;0;1502
319054;1787847909042;3.3;91;91;RECOVERING_AFTER_LOAD;52.4;0.0;0.0;0.0;1509_direct_carried;;;0.0;727.6;33;0;0;1;0;1505
319263;1787847909251;3.3;91;91;RECOVERING_AFTER_LOAD;52.4;0.0;0.0;0.0;1509_direct_carried;;;0.0;727.6;33;0;0;1;0;1506
319684;1787847909672;3.3;91;91;RECOVERING_AFTER_LOAD;52.4;0.0;0.0;0.0;1509_direct_carried;;;0.0;727.6;33;0;0;1;0;1508
319883;1787847909871;3.3;91;91;RECOVERING_AFTER_LOAD;52.4;0.0;0.0;0.0;1509_direct;;;0.0;727.6;33;0;0;1;0;1509
320092;1787847910080;3.3;91;91;RECOVERING_AFTER_LOAD;52.4;0.0;0.0;0.0;1509_direct_carried;;;0.0;727.6;33;0;0;1;0;150A
320303;1787847910291;3.3;91;91;RECOVERING_AFTER_LOAD;52.4;0.0;0.0;0.0;1509_direct_carried;;;0.0;727.6;33;0;0;1;0;150B
320515;1787847910503;3.3;91;91;RECOVERING_AFTER_LOAD;52.4;0.0;0.0;0.0;1509_direct_carried;;;0.0;727.6;33;0;0;1;0;150D
321565;1787847911553;3.3;91;91;RECOVERING_AFTER_LOAD;52.4;0.0;0.0;0.0;1509_direct_carried;;;0.0;727.6;33;0;0;1;0;1502
321973;1787847911961;0.4;91;91;RECOVERING_AFTER_LOAD;52.4;0.0;0.0;0.0;1509_direct_carried;;;0.0;727.6;4;0;0;1;0;1505
322182;1787847912170;0.4;91;91;RECOVERING_AFTER_LOAD;52.4;0.0;0.0;0.0;1509_direct_carried;;;0.0;727.6;4;0;0;1;0;1506
322604;1787847912592;0.4;91;91;RECOVERING_AFTER_LOAD;52.4;0.0;0.0;0.0;1509_direct_carried;;;0.0;727.6;4;0;0;1;0;1508
322813;1787847912801;0.4;91;91;RECOVERING_AFTER_LOAD;52.4;0.0;0.0;0.0;1509_direct;;;0.0;727.6;4;0;0;1;0;1509
323024;1787847913012;0.4;91;91;RECOVERING_AFTER_LOAD;52.4;0.0;0.0;0.0;1509_direct_carried;;;0.0;727.6;4;0;0;1;0;150A
323236;1787847913224;0.4;91;91;RECOVERING_AFTER_LOAD;52.4;0.0;0.0;0.0;1509_direct_carried;;;0.0;727.6;4;0;0;1;0;150B
323442;1787847913430;0.4;91;91;RECOVERING_AFTER_LOAD;52.4;0.0;0.0;0.0;1509_direct_carried;;;0.0;727.6;4;0;0;1;0;150D
324485;1787847914473;0.4;91;91;RECOVERING_AFTER_LOAD;52.4;0.0;0.0;0.0;1509_direct_carried;;;0.0;727.6;4;0;0;1;0;1502
324903;1787847914891;0.0;91;91;RECOVERING_AFTER_LOAD;52.4;0.0;0.0;0.0;1509_direct_carried;;;0.0;727.6;0;0;0;1;0;1505
325115;1787847915103;0.0;91;91;RECOVERING_AFTER_LOAD;52.4;0.0;0.0;0.0;1509_direct_carried;;;0.0;727.6;0;0;0;1;0;1506
325524;1787847915512;0.0;91;91;RECOVERING_AFTER_LOAD;52.4;0.0;0.0;0.0;1509_direct_carried;;;0.0;727.6;0;0;0;1;0;1508
325733;1787847915721;0.0;91;91;RECOVERING_AFTER_LOAD;52.4;0.0;0.0;0.0;1509_direct;;;0.0;727.6;0;0;0;1;0;1509
325946;1787847915934;0.0;91;91;RECOVERING_AFTER_LOAD;52.4;0.0;0.0;0.0;1509_direct_carried;;;0.0;727.6;0;0;0;1;0;150A
326154;1787847916142;0.0;91;91;RECOVERING_AFTER_LOAD;52.4;0.0;0.0;0.0;1509_direct_carried;;;0.0;727.6;0;0;0;1;0;150B
326363;1787847916351;0.0;91;91;RECOVERING_AFTER_LOAD;52.4;0.0;0.0;0.0;1509_direct_carried;;;0.0;727.6;0;0;0;1;0;150D
327404;1787847917392;0.0;91;91;RECOVERING_AFTER_LOAD;52.4;0.0;0.0;0.0;1509_direct_carried;;;0.0;727.6;0;0;0;1;0;1502
327823;1787847917811;0.0;91;91;RECOVERING_AFTER_LOAD;52.4;0.0;0.0;0.0;1509_direct_carried;;;0.0;727.6;0;0;0;1;0;1505
328033;1787847918021;0.0;91;91;RECOVERING_AFTER_LOAD;52.4;0.0;0.0;0.0;1509_direct_carried;;;0.0;727.6;0;0;0;1;0;1506
328454;1787847918442;0.0;91;91;RECOVERING_AFTER_LOAD;52.4;0.0;0.0;0.0;1509_direct_carried;;;0.0;727.6;0;0;0;1;0;1508
328666;1787847918654;0.0;91;91;RECOVERING_AFTER_LOAD;52.4;0.0;0.0;0.0;1509_direct;;;0.0;727.6;0;0;0;1;0;1509
328875;1787847918863;0.0;91;91;RECOVERING_AFTER_LOAD;52.4;0.0;0.0;0.0;1509_direct_carried;;;0.0;727.6;0;0;0;1;0;150A
329088;1787847919076;0.0;91;91;RECOVERING_AFTER_LOAD;52.4;0.0;0.0;0.0;1509_direct_carried;;;0.0;727.6;0;0;0;1;0;150B
329285;1787847919273;0.0;91;91;RECOVERING_AFTER_LOAD;52.4;0.0;0.0;0.0;1509_direct_carried;;;0.0;727.6;0;0;0;1;0;150D
330335;1787847920323;0.0;91;91;RECOVERING_AFTER_LOAD;52.4;0.0;0.0;0.0;1509_direct_carried;;;0.0;727.6;0;0;0;1;0;1502
330755;1787847920743;0.0;91;91;RECOVERING_AFTER_LOAD;52.4;0.0;0.0;0.0;1509_direct_carried;;;0.0;727.6;0;0;0;1;0;1505
330953;1787847920941;0.0;91;91;RECOVERING_AFTER_LOAD;52.4;0.0;0.0;0.0;1509_direct_carried;;;0.0;727.6;0;0;0;1;0;1506
331376;1787847921364;0.0;91;91;RECOVERING_AFTER_LOAD;52.4;0.0;0.0;0.0;1509_direct_carried;;;0.0;727.6;0;0;0;1;0;1508
331584;1787847921572;0.0;91;91;RECOVERING_AFTER_LOAD;52.4;0.0;0.0;0.0;1509_direct;;;0.0;727.6;0;0;0;1;0;1509
331795;1787847921783;0.0;91;91;RECOVERING_AFTER_LOAD;52.4;0.0;0.0;0.0;1509_direct_carried;;;0.0;727.6;0;0;0;1;0;150A
332015;1787847922003;0.0;91;91;RECOVERING_AFTER_LOAD;52.4;0.0;0.0;0.0;1509_direct_carried;;;0.0;727.6;0;0;0;1;0;150B
332214;1787847922202;0.0;91;91;RECOVERING_AFTER_LOAD;52.4;0.0;0.0;0.0;1509_direct_carried;;;0.0;727.6;0;0;0;1;0;150D
333254;1787847923242;0.0;91;91;RECOVERING_AFTER_LOAD;52.4;0.0;0.0;0.0;1509_direct_carried;;;0.0;727.6;0;0;0;1;0;1502
333675;1787847923663;0.0;91;91;RECOVERING_AFTER_LOAD;52.4;0.0;0.0;0.0;1509_direct_carried;;;0.0;727.6;0;0;0;1;0;1505
333885;1787847923873;0.0;91;91;RECOVERING_AFTER_LOAD;52.4;0.0;0.0;0.0;1509_direct_carried;;;0.0;727.6;0;0;0;1;0;1506
334305;1787847924293;0.0;91;91;RECOVERING_AFTER_LOAD;52.4;0.0;0.0;0.0;1509_direct_carried;;;0.0;727.6;0;0;0;1;0;1508
334505;1787847924493;0.0;91;91;RECOVERING_AFTER_LOAD;52.4;0.0;0.0;0.0;1509_direct;;;0.0;727.6;0;0;0;1;0;1509
334714;1787847924702;0.0;91;91;RECOVERING_AFTER_LOAD;52.4;0.0;0.0;0.0;1509_direct_carried;;;0.0;727.6;0;0;0;1;0;150A
334925;1787847924913;0.0;91;91;RECOVERING_AFTER_LOAD;52.4;0.0;0.0;0.0;1509_direct_carried;;;0.0;727.6;0;0;0;1;0;150B
335135;1787847925123;0.0;91;91;RECOVERING_AFTER_LOAD;52.4;0.0;0.0;0.0;1509_direct_carried;;;0.0;727.6;0;0;0;1;0;150D
336185;1787847926173;0.0;91;91;RECOVERING_AFTER_LOAD;52.4;0.0;0.0;0.0;1509_direct_carried;;;0.0;727.6;0;0;0;1;0;1502
336595;1787847926583;0.0;91;91;RECOVERING_AFTER_LOAD;52.4;0.0;0.0;0.0;1509_direct_carried;;;0.0;727.6;0;0;0;1;0;1505
336804;1787847926792;0.0;91;91;RECOVERING_AFTER_LOAD;52.4;0.0;0.0;0.0;1509_direct_carried;;;0.0;727.6;0;0;0;1;0;1506
337225;1787847927213;0.0;91;91;RECOVERING_AFTER_LOAD;52.4;0.0;0.0;0.0;1509_direct_carried;;;0.0;727.6;0;0;0;1;0;1508
337437;1787847927425;0.0;91;91;RECOVERING_AFTER_LOAD;52.4;0.0;0.0;0.0;1509_direct;;;0.0;727.6;0;0;0;1;0;1509
337645;1787847927633;0.0;91;91;RECOVERING_AFTER_LOAD;52.4;0.0;0.0;0.0;1509_direct_carried;;;0.0;727.6;0;0;0;1;0;150A
337854;1787847927842;0.0;91;91;RECOVERING_AFTER_LOAD;52.4;0.0;0.0;0.0;1509_direct_carried;;;0.0;727.6;0;0;0;1;0;150B
338064;1787847928052;0.0;91;91;RECOVERING_AFTER_LOAD;52.4;0.0;0.0;0.0;1509_direct_carried;;;0.0;727.6;0;0;0;1;0;150D
339106;1787847929094;0.0;91;91;RECOVERING_AFTER_LOAD;52.4;0.0;0.0;0.0;1509_direct_carried;;;0.0;727.6;0;0;0;1;0;1502
339526;1787847929514;0.0;91;91;RECOVERING_AFTER_LOAD;52.4;0.0;0.0;0.0;1509_direct_carried;;;0.0;727.6;0;0;0;1;0;1505
339736;1787847929724;0.0;91;91;RECOVERING_AFTER_LOAD;52.4;0.0;0.0;0.0;1509_direct_carried;;;0.0;727.6;0;0;0;1;0;1506
340155;1787847930143;0.0;91;91;RECOVERING_AFTER_LOAD;52.4;0.0;0.0;0.0;1509_direct_carried;;;0.0;727.6;0;0;0;1;0;1508
340353;1787847930341;0.0;91;91;RECOVERING_AFTER_LOAD;52.4;0.0;0.0;0.0;1509_direct;;;0.0;727.6;0;0;0;1;0;1509
340565;1787847930553;0.0;91;91;RECOVERING_AFTER_LOAD;52.4;0.0;0.0;0.0;1509_direct_carried;;;0.0;727.6;0;0;0;1;0;150A
340775;1787847930763;0.0;91;91;RECOVERING_AFTER_LOAD;52.4;0.0;0.0;0.0;1509_direct_carried;;;0.0;727.6;0;0;0;1;0;150B
340986;1787847930974;0.0;91;91;RECOVERING_AFTER_LOAD;52.4;0.0;0.0;0.0;1509_direct_carried;;;0.0;727.6;0;0;0;1;0;150D
342035;1787847932023;0.0;91;91;RECOVERING_AFTER_LOAD;52.4;0.0;0.0;0.0;1509_direct_carried;;;0.0;727.6;0;0;0;1;0;1502
342446;1787847932434;0.0;91;91;RECOVERING_AFTER_LOAD;52.4;0.0;0.0;0.0;1509_direct_carried;;;0.0;727.6;0;0;0;1;0;1505
342656;1787847932644;0.0;91;91;RECOVERING_AFTER_LOAD;52.4;0.0;0.0;0.0;1509_direct_carried;;;0.0;727.6;0;0;0;1;0;1506
343074;1787847933062;0.0;91;91;RECOVERING_AFTER_LOAD;52.4;0.0;0.0;0.0;1509_direct_carried;;;0.0;727.6;0;0;0;1;0;1508
343286;1787847933274;0.0;91;91;RECOVERING_AFTER_LOAD;52.4;0.0;0.0;0.0;1509_direct;;;0.0;727.6;0;0;0;1;0;1509
343495;1787847933483;0.0;91;91;RECOVERING_AFTER_LOAD;52.4;0.0;0.0;0.0;1509_direct_carried;;;0.0;727.6;0;0;0;1;0;150A
343708;1787847933696;0.0;91;91;RECOVERING_AFTER_LOAD;52.4;0.0;0.0;0.0;1509_direct_carried;;;0.0;727.6;0;0;0;1;0;150B
343917;1787847933905;0.0;91;91;RECOVERING_AFTER_LOAD;52.4;0.0;0.0;0.0;1509_direct_carried;;;0.0;727.6;0;0;0;1;0;150D
344956;1787847934944;0.0;91;91;RECOVERING_AFTER_LOAD;52.4;0.0;0.0;0.0;1509_direct_carried;;;0.0;727.6;0;0;0;1;0;1502
345380;1787847935368;0.0;91;91;RECOVERING_AFTER_LOAD;52.4;0.0;0.0;0.0;1509_direct_carried;;;0.0;727.6;0;0;0;1;0;1505
345583;1787847935571;0.0;91;91;RECOVERING_AFTER_LOAD;52.4;0.0;0.0;0.0;1509_direct_carried;;;0.0;727.6;0;0;0;1;0;1506
346000;1787847935988;0.0;91;91;RECOVERING_AFTER_LOAD;52.4;0.0;0.0;0.0;1509_direct_carried;;;0.0;727.6;0;0;0;1;0;1508
346207;1787847936195;0.0;91;91;RECOVERING_AFTER_LOAD;52.4;0.0;0.0;0.0;1509_direct;;;0.0;727.6;0;0;0;1;0;1509
346419;1787847936407;0.0;91;91;RECOVERING_AFTER_LOAD;52.4;0.0;0.0;0.0;1509_direct_carried;;;0.0;727.6;0;0;0;1;0;150A
346628;1787847936616;0.0;91;91;RECOVERING_AFTER_LOAD;52.4;0.0;0.0;0.0;1509_direct_carried;;;0.0;727.6;0;0;0;1;0;150B
346837;1787847936825;0.0;91;91;RECOVERING_AFTER_LOAD;52.4;0.0;0.0;0.0;1509_direct_carried;;;0.0;727.6;0;0;0;1;0;150D
347878;1787847937866;0.0;91;91;RECOVERING_AFTER_LOAD;52.4;0.0;0.0;0.0;1509_direct_carried;;;0.0;727.6;0;0;0;1;0;1502
348296;1787847938284;0.0;91;91;RECOVERING_AFTER_LOAD;52.4;0.0;0.0;0.0;1509_direct_carried;;;0.0;727.6;0;0;0;1;0;1505
348506;1787847938494;0.0;91;91;RECOVERING_AFTER_LOAD;52.4;0.0;0.0;0.0;1509_direct_carried;;;0.0;727.6;0;0;0;1;0;1506
348927;1787847938915;0.0;91;91;RECOVERING_AFTER_LOAD;52.4;0.0;0.0;0.0;1509_direct_carried;;;0.0;727.6;0;0;0;1;0;1508
349136;1787847939124;0.0;91;91;RECOVERING_AFTER_LOAD;52.4;0.0;0.0;0.0;1509_direct;;;0.0;727.6;0;0;0;1;0;1509
349345;1787847939333;0.0;91;91;RECOVERING_AFTER_LOAD;52.4;0.0;0.0;0.0;1509_direct_carried;;;0.0;727.6;0;0;0;1;0;150A
349556;1787847939544;0.0;91;91;RECOVERING_AFTER_LOAD;52.4;0.0;0.0;0.0;1509_direct_carried;;;0.0;727.6;0;0;0;1;0;150B
349755;1787847939743;0.0;91;91;RECOVERING_AFTER_LOAD;52.4;0.0;0.0;0.0;1509_direct_carried;;;0.0;727.6;0;0;0;1;0;150D
350807;1787847940795;0.0;91;91;RECOVERING_AFTER_LOAD;52.4;0.0;0.0;0.0;1509_direct_carried;;;0.0;727.6;0;0;0;1;0;1502
351226;1787847941214;0.0;91;91;RECOVERING_AFTER_LOAD;52.4;0.0;0.0;0.0;1509_direct_carried;;;0.0;727.6;0;0;0;1;0;1505
351436;1787847941424;0.0;91;91;RECOVERING_AFTER_LOAD;52.4;0.0;0.0;0.0;1509_direct_carried;;;0.0;727.6;0;0;0;1;0;1506
351849;1787847941837;0.0;91;91;RECOVERING_AFTER_LOAD;52.4;0.0;0.0;0.0;1509_direct_carried;;;0.0;727.6;0;0;0;1;0;1508
352055;1787847942043;0.0;91;91;RECOVERING_AFTER_LOAD;52.4;0.0;0.0;0.0;1509_direct;;;0.0;727.6;0;0;0;1;0;1509
352266;1787847942254;0.0;91;91;RECOVERING_AFTER_LOAD;52.4;0.0;0.0;0.0;1509_direct_carried;;;0.0;727.6;0;0;0;1;0;150A
352476;1787847942464;0.0;91;91;RECOVERING_AFTER_LOAD;52.4;0.0;0.0;0.0;1509_direct_carried;;;0.0;727.6;0;0;0;1;0;150B
352686;1787847942674;0.0;91;91;RECOVERING_AFTER_LOAD;52.4;0.0;0.0;0.0;1509_direct_carried;;;0.0;727.6;0;0;0;1;0;150D
353725;1787847943713;0.0;91;91;RECOVERING_AFTER_LOAD;52.4;0.0;0.0;0.0;1509_direct_carried;;;0.0;727.6;0;0;0;1;0;1502
354147;1787847944135;0.0;91;91;RECOVERING_AFTER_LOAD;52.4;0.0;0.0;0.0;1509_direct_carried;;;0.0;727.6;0;0;0;1;0;1505
354356;1787847944344;0.0;91;91;RECOVERING_AFTER_LOAD;52.4;0.0;0.0;0.0;1509_direct_carried;;;0.0;727.6;0;0;0;1;0;1506
354777;1787847944765;0.0;91;91;RECOVERING_AFTER_LOAD;52.4;0.0;0.0;0.0;1509_direct_carried;;;0.0;727.6;0;0;0;1;0;1508
354987;1787847944975;0.0;91;91;RECOVERING_AFTER_LOAD;52.4;0.0;0.0;0.0;1509_direct;;;0.0;727.6;0;0;0;1;0;1509
355185;1787847945173;0.0;91;91;RECOVERING_AFTER_LOAD;52.4;0.0;0.0;0.0;1509_direct_carried;;;0.0;727.6;0;0;0;1;0;150A
355396;1787847945384;0.0;91;91;RECOVERING_AFTER_LOAD;52.4;0.0;0.0;0.0;1509_direct_carried;;;0.0;727.6;0;0;0;1;0;150B
355607;1787847945595;0.0;91;91;RECOVERING_AFTER_LOAD;52.4;0.0;0.0;0.0;1509_direct_carried;;;0.0;727.6;0;0;0;1;0;150D
356655;1787847946643;0.0;91;91;RECOVERING_AFTER_LOAD;52.4;0.0;0.0;0.0;1509_direct_carried;;;0.0;727.6;0;0;0;1;0;1502
357077;1787847947065;0.0;91;91;RECOVERING_AFTER_LOAD;52.4;0.0;0.0;0.0;1509_direct_carried;;;0.0;727.6;0;0;0;1;0;1505
357275;1787847947263;0.0;91;91;RECOVERING_AFTER_LOAD;52.4;0.0;0.0;0.0;1509_direct_carried;;;0.0;727.6;0;0;0;1;0;1506
357699;1787847947687;0.0;91;91;RECOVERING_AFTER_LOAD;52.4;0.0;0.0;0.0;1509_direct_carried;;;0.0;727.6;0;0;0;1;0;1508
357908;1787847947896;0.0;91;91;RECOVERING_AFTER_LOAD;52.4;0.0;0.0;0.0;1509_direct;;;0.0;727.6;0;0;0;1;0;1509
358117;1787847948105;0.0;91;91;RECOVERING_AFTER_LOAD;52.4;0.0;0.0;0.0;1509_direct_carried;;;0.0;727.6;0;0;0;1;0;150A
358326;1787847948314;0.0;91;91;RECOVERING_AFTER_LOAD;52.4;0.0;0.0;0.0;1509_direct_carried;;;0.0;727.6;0;0;0;1;0;150B
358538;1787847948526;0.0;91;91;RECOVERING_AFTER_LOAD;52.4;0.0;0.0;0.0;1509_direct_carried;;;0.0;727.6;0;0;0;1;0;150D
359578;1787847949566;0.0;91;91;RECOVERING_AFTER_LOAD;52.4;0.0;0.0;0.0;1509_direct_carried;;;0.0;727.6;0;0;0;1;0;1502
359996;1787847949984;0.0;91;91;RECOVERING_AFTER_LOAD;52.4;0.0;0.0;0.0;1509_direct_carried;;;0.0;727.6;0;0;0;1;0;1505
360206;1787847950194;0.0;91;91;RECOVERING_AFTER_LOAD;52.4;0.0;0.0;0.0;1509_direct_carried;;;0.0;727.6;0;0;0;1;0;1506
360626;1787847950614;0.0;91;91;RECOVERING_AFTER_LOAD;52.4;0.0;0.0;0.0;1509_direct_carried;;;0.0;727.6;0;0;0;1;0;1508
360826;1787847950814;0.0;91;91;RECOVERING_AFTER_LOAD;52.4;0.0;0.0;0.0;1509_direct;;;0.0;727.6;0;0;0;1;0;1509
361038;1787847951026;0.0;91;91;RECOVERING_AFTER_LOAD;52.4;0.0;0.0;0.0;1509_direct_carried;;;0.0;727.6;0;0;0;1;0;150A
361247;1787847951235;0.0;91;91;RECOVERING_AFTER_LOAD;52.4;0.0;0.0;0.0;1509_direct_carried;;;0.0;727.6;0;0;0;1;0;150B
361457;1787847951445;0.0;91;91;RECOVERING_AFTER_LOAD;52.4;0.0;0.0;0.0;1509_direct_carried;;;0.0;727.6;0;0;0;1;0;150D
362505;1787847952493;0.0;91;91;RECOVERING_AFTER_LOAD;52.4;0.0;0.0;0.0;1509_direct_carried;;;0.0;727.6;0;0;0;1;0;1502
362918;1787847952906;0.0;91;91;RECOVERING_AFTER_LOAD;52.4;0.0;0.0;0.0;1509_direct_carried;;;0.0;727.6;0;0;0;1;0;1505
363126;1787847953114;0.0;91;91;RECOVERING_AFTER_LOAD;52.4;0.0;0.0;0.0;1509_direct_carried;;;0.0;727.6;0;0;0;1;0;1506
363546;1787847953534;0.0;91;91;RECOVERING_AFTER_LOAD;52.4;0.0;0.0;0.0;1509_direct_carried;;;0.0;727.6;0;0;0;1;0;1508
363757;1787847953745;0.0;91;91;RECOVERING_AFTER_LOAD;52.4;0.0;0.0;0.0;1509_direct;;;0.0;727.6;0;0;0;1;0;1509
363967;1787847953955;0.0;91;91;RECOVERING_AFTER_LOAD;52.4;0.0;0.0;0.0;1509_direct_carried;;;0.0;727.6;0;0;0;1;0;150A
364178;1787847954166;0.0;91;91;RECOVERING_AFTER_LOAD;52.4;0.0;0.0;0.0;1509_direct_carried;;;0.0;727.6;0;0;0;1;0;150B
364388;1787847954376;0.0;91;91;RECOVERING_AFTER_LOAD;52.4;0.0;0.0;0.0;1509_direct_carried;;;0.0;727.6;0;0;0;1;0;150D
365430;1787847955418;0.0;91;91;RECOVERING_AFTER_LOAD;52.4;0.0;0.0;0.0;1509_direct_carried;;;0.0;727.6;0;0;0;1;0;1502
365851;1787847955839;0.0;91;91;WAITING_FOR_REST;52.4;0.0;0.0;0.0;1509_direct_carried;;;0.0;727.6;0;0;0;1;0;1505
366058;1787847956046;0.0;91;91;WAITING_FOR_REST;52.4;0.0;0.0;0.0;1509_direct_carried;;;0.0;727.6;0;0;0;1;0;1506
366479;1787847956467;0.0;91;91;WAITING_FOR_REST;52.4;0.0;0.0;0.0;1509_direct_carried;;;0.0;727.6;0;0;0;1;0;1508
366679;1787847956667;0.0;91;91;WAITING_FOR_REST;52.4;0.0;0.0;0.0;1509_direct;;;0.0;727.6;0;0;0;1;0;1509
366888;1787847956876;0.0;91;91;WAITING_FOR_REST;52.4;0.0;0.0;0.0;1509_direct_carried;;;0.0;727.6;0;0;0;1;0;150A
367097;1787847957085;0.0;91;91;WAITING_FOR_REST;52.4;0.0;0.0;0.0;1509_direct_carried;;;0.0;727.6;0;0;0;1;0;150B
367308;1787847957296;0.0;91;91;WAITING_FOR_REST;52.4;0.0;0.0;0.0;1509_direct_carried;;;0.0;727.6;0;0;0;1;0;150D
368357;1787847958345;0.0;91;91;WAITING_FOR_REST;52.4;0.0;0.0;0.0;1509_direct_carried;;;0.0;727.6;0;0;0;1;0;1502
368767;1787847958755;0.0;91;91;WAITING_FOR_REST;52.4;0.0;0.0;0.0;1509_direct_carried;;;0.0;727.6;0;0;0;1;0;1505
368977;1787847958965;0.0;91;91;WAITING_FOR_REST;52.4;0.0;0.0;0.0;1509_direct_carried;;;0.0;727.6;0;0;0;1;0;1506
369399;1787847959387;0.0;91;91;WAITING_FOR_REST;52.4;0.0;0.0;0.0;1509_direct_carried;;;0.0;727.6;0;0;0;1;0;1508
369608;1787847959596;0.0;91;91;WAITING_FOR_REST;52.4;0.0;0.0;0.0;1509_direct;;;0.0;727.6;0;0;0;1;0;1509
369816;1787847959804;0.0;91;91;WAITING_FOR_REST;52.4;0.0;0.0;0.0;1509_direct_carried;;;0.0;727.6;0;0;0;1;0;150A
370029;1787847960017;0.0;91;91;WAITING_FOR_REST;52.4;0.0;0.0;0.0;1509_direct_carried;;;0.0;727.6;0;0;0;1;0;150B
370239;1787847960227;0.0;91;91;WAITING_FOR_REST;52.4;0.0;0.0;0.0;1509_direct_carried;;;0.0;727.6;0;0;0;1;0;150D
371278;1787847961266;0.0;91;91;WAITING_FOR_REST;52.4;0.0;0.0;0.0;1509_direct_carried;;;0.0;727.6;0;0;0;1;0;1502
371698;1787847961686;0.0;91;91;WAITING_FOR_REST;52.4;0.0;0.0;0.0;1509_direct_carried;;;0.0;727.6;0;0;0;1;0;1505
371908;1787847961896;0.0;91;91;WAITING_FOR_REST;52.4;0.0;0.0;0.0;1509_direct_carried;;;0.0;727.6;0;0;0;1;0;1506
372317;1787847962305;0.0;91;91;WAITING_FOR_REST;52.4;0.0;0.0;0.0;1509_direct_carried;;;0.0;727.6;0;0;0;1;0;1508
372527;1787847962515;0.0;91;91;STABLE;52.4;0.0;0.0;0.0;1509_direct;;;0.0;727.6;0;0;0;1;0;1509
372737;1787847962725;0.0;91;91;STABLE;52.4;0.0;0.0;0.0;1509_direct_carried;;;0.0;727.6;0;0;0;1;0;150A
372948;1787847962936;0.0;91;91;STABLE;52.4;0.0;0.0;0.0;1509_direct_carried;;;0.0;727.6;0;0;0;1;0;150B
373160;1787847963148;0.0;91;91;STABLE;52.4;0.0;0.0;0.0;1509_direct_carried;;;0.0;727.6;0;0;0;1;0;150D
374197;1787847964185;0.0;91;91;STABLE;52.4;0.0;0.0;0.0;1509_direct_carried;;;0.0;727.6;0;0;0;1;0;1502
374619;1787847964607;0.0;91;91;STABLE;52.4;0.0;0.0;0.0;1509_direct_carried;;;0.0;727.6;0;0;0;1;0;1505
374828;1787847964816;0.0;91;91;STABLE;52.4;0.0;0.0;0.0;1509_direct_carried;;;0.0;727.6;0;0;0;1;0;1506
375249;1787847965237;0.0;91;91;STABLE;52.4;0.0;0.0;0.0;1509_direct_carried;;;0.0;727.6;0;0;0;1;0;1508
375458;1787847965446;0.0;91;91;WAITING_FOR_REST;52.4;0.0;0.0;0.0;1509_direct;;;0.0;727.6;0;0;0;1;0;1509
375667;1787847965655;0.0;91;91;WAITING_FOR_REST;52.4;0.0;0.0;0.0;1509_direct_carried;;;0.0;727.6;0;0;0;1;0;150A
375877;1787847965865;0.0;91;91;WAITING_FOR_REST;52.4;0.0;0.0;0.0;1509_direct_carried;;;0.0;727.6;0;0;0;1;0;150B
376088;1787847966076;0.0;91;91;WAITING_FOR_REST;52.4;0.0;0.0;0.0;1509_direct_carried;;;0.0;727.6;0;0;0;1;0;150D
377127;1787847967115;0.0;91;91;WAITING_FOR_REST;52.4;0.0;0.0;0.0;1509_direct_carried;;;0.0;727.6;0;0;0;1;0;1502
377548;1787847967536;0.0;91;91;WAITING_FOR_REST;52.4;0.0;0.0;0.0;1509_direct_carried;;;0.0;727.6;0;0;0;1;0;1505
377758;1787847967746;0.0;91;91;WAITING_FOR_REST;52.4;0.0;0.0;0.0;1509_direct_carried;;;0.0;727.6;0;0;0;1;0;1506
378168;1787847968156;0.0;91;91;WAITING_FOR_REST;52.4;0.0;0.0;0.0;1509_direct_carried;;;0.0;727.6;0;0;0;1;0;1508
378379;1787847968367;0.0;91;91;WAITING_FOR_REST;52.4;0.0;0.0;0.0;1509_direct;;;0.0;727.6;0;0;0;1;0;1509
378587;1787847968575;0.0;91;91;WAITING_FOR_REST;52.4;0.0;0.0;0.0;1509_direct_carried;;;0.0;727.6;0;0;0;1;0;150A
378800;1787847968788;0.0;91;91;WAITING_FOR_REST;52.4;0.0;0.0;0.0;1509_direct_carried;;;0.0;727.6;0;0;0;1;0;150B
379009;1787847968997;0.0;91;91;WAITING_FOR_REST;52.4;0.0;0.0;0.0;1509_direct_carried;;;0.0;727.6;0;0;0;1;0;150D
380049;1787847970037;0.0;91;91;WAITING_FOR_REST;52.4;0.0;0.0;0.0;1509_direct_carried;;;0.0;727.6;0;0;0;1;0;1502
380469;1787847970457;0.0;91;91;WAITING_FOR_REST;52.4;0.0;0.0;0.0;1509_direct_carried;;;0.0;727.6;0;0;0;1;0;1505
380679;1787847970667;0.0;91;91;WAITING_FOR_REST;52.4;0.0;0.0;0.0;1509_direct_carried;;;0.0;727.6;0;0;0;1;0;1506
381099;1787847971087;0.0;91;91;WAITING_FOR_REST;52.4;0.0;0.0;0.0;1509_direct_carried;;;0.0;727.6;0;0;0;1;0;1508
381309;1787847971297;0.0;91;91;STABLE;52.4;0.0;0.0;0.0;1509_direct;;;0.0;727.6;0;0;0;1;0;1509
381519;1787847971507;0.0;91;91;STABLE;52.4;0.0;0.0;0.0;1509_direct_carried;;;0.0;727.6;0;0;0;1;0;150A
381732;1787847971720;0.0;91;91;STABLE;52.4;0.0;0.0;0.0;1509_direct_carried;;;0.0;727.6;0;0;0;1;0;150B
381930;1787847971918;0.0;91;91;STABLE;52.4;0.0;0.0;0.0;1509_direct_carried;;;0.0;727.6;0;0;0;1;0;150D
382978;1787847972966;0.0;91;91;STABLE;52.4;0.0;0.0;0.0;1509_direct_carried;;;0.0;727.6;0;0;0;1;0;1502
383401;1787847973389;0.0;91;91;STABLE;52.4;0.0;0.0;0.0;1509_direct_carried;;;0.0;727.6;0;0;0;1;0;1505
383608;1787847973596;0.0;91;91;STABLE;52.4;0.0;0.0;0.0;1509_direct_carried;;;0.0;727.6;0;0;0;1;0;1506
384018;1787847974006;0.0;91;91;STABLE;52.4;0.0;0.0;0.0;1509_direct_carried;;;0.0;727.6;0;0;0;1;0;1508
384229;1787847974217;0.0;91;91;WAITING_FOR_REST;52.4;0.0;0.0;0.0;1509_direct;;;0.0;727.6;0;0;0;1;0;1509
384438;1787847974426;0.0;91;91;WAITING_FOR_REST;52.4;0.0;0.0;0.0;1509_direct_carried;;;0.0;727.6;0;0;0;1;0;150A
384651;1787847974639;0.0;91;91;WAITING_FOR_REST;52.4;0.0;0.0;0.0;1509_direct_carried;;;0.0;727.6;0;0;0;1;0;150B
384859;1787847974847;0.0;91;91;WAITING_FOR_REST;52.4;0.0;0.0;0.0;1509_direct_carried;;;0.0;727.6;0;0;0;1;0;150D
385900;1787847975888;0.0;91;91;WAITING_FOR_REST;52.4;0.0;0.0;0.0;1509_direct_carried;;;0.0;727.6;0;0;0;1;0;1502
386320;1787847976308;0.0;91;91;WAITING_FOR_REST;52.4;0.0;0.0;0.0;1509_direct_carried;;;0.0;727.6;0;0;0;1;0;1505
386528;1787847976516;0.0;91;91;WAITING_FOR_REST;52.4;0.0;0.0;0.0;1509_direct_carried;;;0.0;727.6;0;0;0;1;0;1506
386949;1787847976937;0.0;91;91;WAITING_FOR_REST;52.4;0.0;0.0;0.0;1509_direct_carried;;;0.0;727.6;0;0;0;1;0;1508
387159;1787847977147;0.0;91;91;WAITING_FOR_REST;52.4;0.0;0.0;0.0;1509_direct;;;0.0;727.6;0;0;0;1;0;1509
387359;1787847977347;0.0;91;91;WAITING_FOR_REST;52.4;0.0;0.0;0.0;1509_direct_carried;;;0.0;727.6;0;0;0;1;0;150A
387569;1787847977557;0.0;91;91;WAITING_FOR_REST;52.4;0.0;0.0;0.0;1509_direct_carried;;;0.0;727.6;0;0;0;1;0;150B
387779;1787847977767;0.0;91;91;WAITING_FOR_REST;52.4;0.0;0.0;0.0;1509_direct_carried;;;0.0;727.6;0;0;0;1;0;150D
388828;1787847978816;0.0;91;91;WAITING_FOR_REST;52.4;0.0;0.0;0.0;1509_direct_carried;;;0.0;727.6;0;0;0;1;0;1502
389250;1787847979238;0.0;91;91;WAITING_FOR_REST;52.4;0.0;0.0;0.0;1509_direct_carried;;;0.0;727.6;0;0;0;1;0;1505
389449;1787847979437;0.0;91;91;WAITING_FOR_REST;52.4;0.0;0.0;0.0;1509_direct_carried;;;0.0;727.6;0;0;0;1;0;1506
389869;1787847979857;0.0;91;91;WAITING_FOR_REST;52.4;0.0;0.0;0.0;1509_direct_carried;;;0.0;727.6;0;0;0;1;0;1508
390080;1787847980068;0.0;91;91;STABLE;52.4;0.0;0.0;0.0;1509_direct;;;0.0;727.6;0;0;0;1;0;1509
390288;1787847980276;0.0;91;91;STABLE;52.4;0.0;0.0;0.0;1509_direct_carried;;;0.0;727.6;0;0;0;1;0;150A
390500;1787847980488;0.0;91;91;STABLE;52.4;0.0;0.0;0.0;1509_direct_carried;;;0.0;727.6;0;0;0;1;0;150B
390709;1787847980697;0.0;91;91;STABLE;52.4;0.0;0.0;0.0;1509_direct_carried;;;0.0;727.6;0;0;0;1;0;150D
391749;1787847981737;0.0;91;91;STABLE;52.4;0.0;0.0;0.0;1509_direct_carried;;;0.0;727.6;0;0;0;1;0;1502
392170;1787847982158;0.0;91;91;STABLE;52.4;0.0;0.0;0.0;1509_direct_carried;;;0.0;727.6;0;0;0;1;0;1505
392379;1787847982367;0.0;91;91;STABLE;52.4;0.0;0.0;0.0;1509_direct_carried;;;0.0;727.6;0;0;0;1;0;1506
392800;1787847982788;0.0;91;91;STABLE;52.4;0.0;0.0;0.0;1509_direct_carried;;;0.0;727.6;0;0;0;1;0;1508
392999;1787847982987;0.0;91;91;WAITING_FOR_REST;52.4;0.0;0.0;0.0;1509_direct;;;0.0;727.6;0;0;0;1;0;1509
393208;1787847983196;0.0;91;91;WAITING_FOR_REST;52.4;0.0;0.0;0.0;1509_direct_carried;;;0.0;727.6;0;0;0;1;0;150A
393420;1787847983408;0.0;91;91;WAITING_FOR_REST;52.4;0.0;0.0;0.0;1509_direct_carried;;;0.0;727.6;0;0;0;1;0;150B
393631;1787847983619;0.0;91;91;WAITING_FOR_REST;52.4;0.0;0.0;0.0;1509_direct_carried;;;0.0;727.6;0;0;0;1;0;150D
394681;1787847984669;0.0;91;91;WAITING_FOR_REST;52.4;0.0;0.0;0.0;1509_direct_carried;;;0.0;727.6;0;0;0;1;0;1502
395090;1787847985078;0.0;91;91;WAITING_FOR_REST;52.4;0.0;0.0;0.0;1509_direct_carried;;;0.0;727.6;0;0;0;1;0;1505
395300;1787847985288;0.0;91;91;WAITING_FOR_REST;52.4;0.0;0.0;0.0;1509_direct_carried;;;0.0;727.6;0;0;0;1;0;1506
395721;1787847985709;0.0;91;91;WAITING_FOR_REST;52.4;0.0;0.0;0.0;1509_direct_carried;;;0.0;727.6;0;0;0;1;0;1508
395931;1787847985919;0.0;91;91;WAITING_FOR_REST;52.4;0.0;0.0;0.0;1509_direct;;;0.0;727.6;0;0;0;1;0;1509
396139;1787847986127;0.0;91;91;WAITING_FOR_REST;52.4;0.0;0.0;0.0;1509_direct_carried;;;0.0;727.6;0;0;0;1;0;150A
396349;1787847986337;0.0;91;91;WAITING_FOR_REST;52.4;0.0;0.0;0.0;1509_direct_carried;;;0.0;727.6;0;0;0;1;0;150B
396559;1787847986547;0.0;91;91;WAITING_FOR_REST;52.4;0.0;0.0;0.0;1509_direct_carried;;;0.0;727.6;0;0;0;1;0;150D
397599;1787847987587;0.0;91;91;WAITING_FOR_REST;52.4;0.0;0.0;0.0;1509_direct_carried;;;0.0;727.6;0;0;0;1;0;1502
398019;1787847988007;0.0;91;91;WAITING_FOR_REST;52.4;0.0;0.0;0.0;1509_direct_carried;;;0.0;727.6;0;0;0;1;0;1505
398228;1787847988216;0.0;91;91;WAITING_FOR_REST;52.4;0.0;0.0;0.0;1509_direct_carried;;;0.0;727.6;0;0;0;1;0;1506
398655;1787847988643;0.0;91;91;WAITING_FOR_REST;52.4;0.0;0.0;0.0;1509_direct_carried;;;0.0;727.6;0;0;0;1;0;1508
398851;1787847988839;0.0;91;91;STABLE;52.4;0.0;0.0;0.0;1509_direct;;;0.0;727.6;0;0;0;1;0;1509
399059;1787847989047;0.0;91;91;STABLE;52.4;0.0;0.0;0.0;1509_direct_carried;;;0.0;727.6;0;0;0;1;0;150A
399271;1787847989259;0.0;91;91;STABLE;52.4;0.0;0.0;0.0;1509_direct_carried;;;0.0;727.6;0;0;0;1;0;150B
399481;1787847989469;0.0;91;91;STABLE;52.4;0.0;0.0;0.0;1509_direct_carried;;;0.0;727.6;0;0;0;1;0;150D
400531;1787847990519;0.0;91;91;STABLE;52.4;0.0;0.0;0.0;1509_direct_carried;;;0.0;727.6;0;0;0;1;0;1502
400941;1787847990929;0.0;91;91;STABLE;52.4;0.0;0.0;0.0;1509_direct_carried;;;0.0;727.6;0;0;0;1;0;1505
401150;1787847991138;0.0;91;91;STABLE;52.4;0.0;0.0;0.0;1509_direct_carried;;;0.0;727.6;0;0;0;1;0;1506
401570;1787847991558;0.0;91;91;STABLE;52.4;0.0;0.0;0.0;1509_direct_carried;;;0.0;727.6;0;0;0;1;0;1508
401781;1787847991769;0.0;91;91;WAITING_FOR_REST;52.4;0.0;0.0;0.0;1509_direct;;;0.0;727.6;0;0;0;1;0;1509
401989;1787847991977;0.0;91;91;WAITING_FOR_REST;52.4;0.0;0.0;0.0;1509_direct_carried;;;0.0;727.6;0;0;0;1;0;150A
402200;1787847992188;0.0;91;91;WAITING_FOR_REST;52.4;0.0;0.0;0.0;1509_direct_carried;;;0.0;727.6;0;0;0;1;0;150B
402411;1787847992399;0.0;91;91;WAITING_FOR_REST;52.4;0.0;0.0;0.0;1509_direct_carried;;;0.0;727.6;0;0;0;1;0;150D
403452;1787847993440;0.0;91;91;WAITING_FOR_REST;52.4;0.0;0.0;0.0;1509_direct_carried;;;0.0;727.6;0;0;0;1;0;1502
403871;1787847993859;0.0;91;91;WAITING_FOR_REST;52.4;0.0;0.0;0.0;1509_direct_carried;;;0.0;727.6;0;0;0;1;0;1505
404081;1787847994069;0.0;91;91;WAITING_FOR_REST;52.4;0.0;0.0;0.0;1509_direct_carried;;;0.0;727.6;0;0;0;1;0;1506
404492;1787847994480;0.0;91;91;WAITING_FOR_REST;52.4;0.0;0.0;0.0;1509_direct_carried;;;0.0;727.6;0;0;0;1;0;1508
404702;1787847994690;0.0;91;91;WAITING_FOR_REST;52.4;0.0;0.0;0.0;1509_direct;;;0.0;727.6;0;0;0;1;0;1509
404911;1787847994899;0.0;91;91;WAITING_FOR_REST;52.4;0.0;0.0;0.0;1509_direct_carried;;;0.0;727.6;0;0;0;1;0;150A
405119;1787847995107;0.0;91;91;WAITING_FOR_REST;52.4;0.0;0.0;0.0;1509_direct_carried;;;0.0;727.6;0;0;0;1;0;150B
405330;1787847995318;0.0;91;91;WAITING_FOR_REST;52.4;0.0;0.0;0.0;1509_direct_carried;;;0.0;727.6;0;0;0;1;0;150D
406369;1787847996357;0.0;91;91;WAITING_FOR_REST;52.4;0.0;0.0;0.0;1509_direct_carried;;;0.0;727.6;0;0;0;1;0;1502
406788;1787847996776;0.0;91;91;WAITING_FOR_REST;52.4;0.0;0.0;0.0;1509_direct_carried;;;0.0;727.6;0;0;0;1;0;1505
406998;1787847996986;0.0;91;91;WAITING_FOR_REST;52.4;0.0;0.0;0.0;1509_direct_carried;;;0.0;727.6;0;0;0;1;0;1506
407422;1787847997410;0.0;91;91;WAITING_FOR_REST;52.4;0.0;0.0;0.0;1509_direct_carried;;;0.0;727.6;0;0;0;1;0;1508
407628;1787847997616;0.0;91;91;STABLE;52.4;0.0;0.0;0.0;1509_direct;;;0.0;727.6;0;0;0;1;0;1509
407842;1787847997830;0.0;91;91;STABLE;52.4;0.0;0.0;0.0;1509_direct_carried;;;0.0;727.6;0;0;0;1;0;150A
408051;1787847998039;0.0;91;91;STABLE;52.4;0.0;0.0;0.0;1509_direct_carried;;;0.0;727.6;0;0;0;1;0;150B
408252;1787847998240;0.0;91;91;STABLE;52.4;0.0;0.0;0.0;1509_direct_carried;;;0.0;727.6;0;0;0;1;0;150D
409299;1787847999287;0.0;91;91;STABLE;52.4;0.0;0.0;0.0;1509_direct_carried;;;0.0;727.6;0;0;0;1;0;1502
409724;1787847999712;0.0;91;91;STABLE;52.4;0.0;0.0;0.0;1509_direct_carried;;;0.0;727.6;0;0;0;1;0;1505
409932;1787847999920;0.0;91;91;STABLE;52.4;0.0;0.0;0.0;1509_direct_carried;;;0.0;727.6;0;0;0;1;0;1506
410341;1787848000329;0.0;91;91;STABLE;52.4;0.0;0.0;0.0;1509_direct_carried;;;0.0;727.6;0;0;0;1;0;1508
410552;1787848000540;0.0;91;91;WAITING_FOR_REST;52.4;0.0;0.0;0.0;1509_direct;;;0.0;727.6;0;0;0;1;0;1509
410762;1787848000750;0.0;91;91;WAITING_FOR_REST;52.4;0.0;0.0;0.0;1509_direct_carried;;;0.0;727.6;0;0;0;1;0;150A
410971;1787848000959;0.0;91;91;WAITING_FOR_REST;52.4;0.0;0.0;0.0;1509_direct_carried;;;0.0;727.6;0;0;0;1;0;150B
411182;1787848001170;0.0;91;91;WAITING_FOR_REST;52.4;0.0;0.0;0.0;1509_direct_carried;;;0.0;727.6;0;0;0;1;0;150D
412220;1787848002208;0.0;91;91;WAITING_FOR_REST;52.4;0.0;0.0;0.0;1509_direct_carried;;;0.0;727.6;0;0;0;1;0;1502
412641;1787848002629;0.0;91;91;WAITING_FOR_REST;52.4;0.0;0.0;0.0;1509_direct_carried;;;0.0;727.6;0;0;0;1;0;1505
412852;1787848002840;0.0;91;91;WAITING_FOR_REST;52.4;0.0;0.0;0.0;1509_direct_carried;;;0.0;727.6;0;0;0;1;0;1506
413272;1787848003260;0.0;91;91;WAITING_FOR_REST;52.4;0.0;0.0;0.0;1509_direct_carried;;;0.0;727.6;0;0;0;1;0;1508
413481;1787848003469;0.0;91;91;WAITING_FOR_REST;52.4;0.0;0.0;0.0;1509_direct;;;0.0;727.6;0;0;0;1;0;1509
413691;1787848003679;0.0;91;91;WAITING_FOR_REST;52.4;0.0;0.0;0.0;1509_direct_carried;;;0.0;727.6;0;0;0;1;0;150A
413901;1787848003889;0.0;91;91;WAITING_FOR_REST;52.4;0.0;0.0;0.0;1509_direct_carried;;;0.0;727.6;0;0;0;1;0;150B
414102;1787848004090;0.0;91;91;WAITING_FOR_REST;52.4;0.0;0.0;0.0;1509_direct_carried;;;0.0;727.6;0;0;0;1;0;150D
415150;1787848005138;0.0;91;91;WAITING_FOR_REST;52.4;0.0;0.0;0.0;1509_direct_carried;;;0.0;727.6;0;0;0;1;0;1502
415572;1787848005560;0.0;91;91;WAITING_FOR_REST;52.4;0.0;0.0;0.0;1509_direct_carried;;;0.0;727.6;0;0;0;1;0;1505
415772;1787848005760;0.0;91;91;WAITING_FOR_REST;52.4;0.0;0.0;0.0;1509_direct_carried;;;0.0;727.6;0;0;0;1;0;1506
416191;1787848006179;0.0;91;91;WAITING_FOR_REST;52.4;0.0;0.0;0.0;1509_direct_carried;;;0.0;727.6;0;0;0;1;0;1508
416402;1787848006390;0.0;91;91;STABLE;52.4;0.0;0.0;0.0;1509_direct;;;0.0;727.6;0;0;0;1;0;1509
416611;1787848006599;0.0;91;91;STABLE;52.4;0.0;0.0;0.0;1509_direct_carried;;;0.0;727.6;0;0;0;1;0;150A
416821;1787848006809;0.0;91;91;STABLE;52.4;0.0;0.0;0.0;1509_direct_carried;;;0.0;727.6;0;0;0;1;0;150B
417032;1787848007020;0.0;91;91;STABLE;52.4;0.0;0.0;0.0;1509_direct_carried;;;0.0;727.6;0;0;0;1;0;150D
418072;1787848008060;0.0;91;91;STABLE;52.4;0.0;0.0;0.0;1509_direct_carried;;;0.0;727.6;0;0;0;1;0;1502
418492;1787848008480;0.0;91;91;STABLE;52.4;0.0;0.0;0.0;1509_direct_carried;;;0.0;727.6;0;0;0;1;0;1505
418701;1787848008689;0.0;91;91;STABLE;52.4;0.0;0.0;0.0;1509_direct_carried;;;0.0;727.6;0;0;0;1;0;1506
419122;1787848009110;0.0;91;91;STABLE;52.4;0.0;0.0;0.0;1509_direct_carried;;;0.0;727.6;0;0;0;1;0;1508
419334;1787848009322;0.0;91;91;WAITING_FOR_REST;52.4;0.0;0.0;0.0;1509_direct;;;0.0;727.6;0;0;0;1;0;1509
419532;1787848009520;0.0;91;91;WAITING_FOR_REST;52.4;0.0;0.0;0.0;1509_direct_carried;;;0.0;727.6;0;0;0;1;0;150A
419741;1787848009729;0.0;91;91;WAITING_FOR_REST;52.4;0.0;0.0;0.0;1509_direct_carried;;;0.0;727.6;0;0;0;1;0;150B
419952;1787848009940;0.0;91;91;WAITING_FOR_REST;52.4;0.0;0.0;0.0;1509_direct_carried;;;0.0;727.6;0;0;0;1;0;150D
421002;1787848010990;0.0;91;91;WAITING_FOR_REST;52.4;0.0;0.0;0.0;1509_direct_carried;;;0.0;727.6;0;0;0;1;0;1502
421422;1787848011410;0.0;91;91;WAITING_FOR_REST;52.4;0.0;0.0;0.0;1509_direct_carried;;;0.0;727.6;0;0;0;1;0;1505
421623;1787848011611;0.0;91;91;WAITING_FOR_REST;52.4;0.0;0.0;0.0;1509_direct_carried;;;0.0;727.6;0;0;0;1;0;1506
422044;1787848012032;0.0;91;91;WAITING_FOR_REST;52.4;0.0;0.0;0.0;1509_direct_carried;;;0.0;727.6;0;0;0;1;0;1508
422252;1787848012240;0.0;91;91;WAITING_FOR_REST;52.4;0.0;0.0;0.0;1509_direct;;;0.0;727.6;0;0;0;1;0;1509
422462;1787848012450;0.0;91;91;WAITING_FOR_REST;52.4;0.0;0.0;0.0;1509_direct_carried;;;0.0;727.6;0;0;0;1;0;150A
422671;1787848012659;0.0;91;91;WAITING_FOR_REST;52.4;0.0;0.0;0.0;1509_direct_carried;;;0.0;727.6;0;0;0;1;0;150B
422882;1787848012870;0.0;91;91;WAITING_FOR_REST;52.4;0.0;0.0;0.0;1509_direct_carried;;;0.0;727.6;0;0;0;1;0;150D
423921;1787848013909;0.0;91;91;WAITING_FOR_REST;52.4;0.0;0.0;0.0;1509_direct_carried;;;0.0;727.6;0;0;0;1;0;1502
424343;1787848014331;0.0;91;91;WAITING_FOR_REST;52.4;0.0;0.0;0.0;1509_direct_carried;;;0.0;727.6;0;0;0;1;0;1505
424551;1787848014539;0.0;91;91;WAITING_FOR_REST;52.4;0.0;0.0;0.0;1509_direct_carried;;;0.0;727.6;0;0;0;1;0;1506
424973;1787848014961;0.0;91;91;WAITING_FOR_REST;52.4;0.0;0.0;0.0;1509_direct_carried;;;0.0;727.6;0;0;0;1;0;1508
425172;1787848015160;0.0;91;91;STABLE;52.4;0.0;0.0;0.0;1509_direct;;;0.0;727.6;0;0;0;1;0;1509
425383;1787848015371;0.0;91;91;STABLE;52.4;0.0;0.0;0.0;1509_direct_carried;;;0.0;727.6;0;0;0;1;0;150A
425592;1787848015580;0.0;91;91;STABLE;52.4;0.0;0.0;0.0;1509_direct_carried;;;0.0;727.6;0;0;0;1;0;150B
425803;1787848015791;0.0;91;91;STABLE;52.4;0.0;0.0;0.0;1509_direct_carried;;;0.0;727.6;0;0;0;1;0;150D
426852;1787848016840;0.0;91;91;STABLE;52.4;0.0;0.0;0.0;1509_direct_carried;;;0.0;727.6;0;0;0;1;0;1502
427263;1787848017251;0.0;91;91;STABLE;52.4;0.0;0.0;0.0;1509_direct_carried;;;0.0;727.6;0;0;0;1;0;1505
427473;1787848017461;0.0;91;91;STABLE;52.4;0.0;0.0;0.0;1509_direct_carried;;;0.0;727.6;0;0;0;1;0;1506
427895;1787848017883;0.0;91;91;STABLE;52.4;0.0;0.0;0.0;1509_direct_carried;;;0.0;727.6;0;0;0;1;0;1508
428103;1787848018091;0.0;91;91;WAITING_FOR_REST;52.4;0.0;0.0;0.0;1509_direct;;;0.0;727.6;0;0;0;1;0;1509
428315;1787848018303;0.0;91;91;WAITING_FOR_REST;52.4;0.0;0.0;0.0;1509_direct_carried;;;0.0;727.6;0;0;0;1;0;150A
428522;1787848018510;0.0;91;91;WAITING_FOR_REST;52.4;0.0;0.0;0.0;1509_direct_carried;;;0.0;727.6;0;0;0;1;0;150B
428732;1787848018720;0.0;91;91;WAITING_FOR_REST;52.4;0.0;0.0;0.0;1509_direct_carried;;;0.0;727.6;0;0;0;1;0;150D
429774;1787848019762;0.0;91;91;WAITING_FOR_REST;52.4;0.0;0.0;0.0;1509_direct_carried;;;0.0;727.6;0;0;0;1;0;1502
430194;1787848020182;0.0;91;91;WAITING_FOR_REST;52.4;0.0;0.0;0.0;1509_direct_carried;;;0.0;727.6;0;0;0;1;0;1505
430402;1787848020390;0.0;91;91;WAITING_FOR_REST;52.4;0.0;0.0;0.0;1509_direct_carried;;;0.0;727.6;0;0;0;1;0;1506
430821;1787848020809;0.0;91;91;WAITING_FOR_REST;52.4;0.0;0.0;0.0;1509_direct_carried;;;0.0;727.6;0;0;0;1;0;1508
431023;1787848021011;0.0;91;91;WAITING_FOR_REST;52.4;0.0;0.0;0.0;1509_direct;;;0.0;727.6;0;0;0;1;0;1509
431234;1787848021222;0.0;91;91;WAITING_FOR_REST;52.4;0.0;0.0;0.0;1509_direct_carried;;;0.0;727.6;0;0;0;1;0;150A
431441;1787848021429;0.0;91;91;WAITING_FOR_REST;52.4;0.0;0.0;0.0;1509_direct_carried;;;0.0;727.6;0;0;0;1;0;150B
431653;1787848021641;0.0;91;91;WAITING_FOR_REST;52.4;0.0;0.0;0.0;1509_direct_carried;;;0.0;727.6;0;0;0;1;0;150D
432703;1787848022691;0.0;91;91;WAITING_FOR_REST;52.4;0.0;0.0;0.0;1509_direct_carried;;;0.0;727.6;0;0;0;1;0;1502
433112;1787848023100;0.0;91;91;WAITING_FOR_REST;52.4;0.0;0.0;0.0;1509_direct_carried;;;0.0;727.6;0;0;0;1;0;1505
433323;1787848023311;0.0;91;91;WAITING_FOR_REST;52.4;0.0;0.0;0.0;1509_direct_carried;;;0.0;727.6;0;0;0;1;0;1506
433744;1787848023732;0.0;91;91;WAITING_FOR_REST;52.4;0.0;0.0;0.0;1509_direct_carried;;;0.0;727.6;0;0;0;1;0;1508
433955;1787848023943;0.0;91;91;STABLE;52.4;0.0;0.0;0.0;1509_direct;;;0.0;727.6;0;0;0;1;0;1509
434163;1787848024151;0.0;91;91;STABLE;52.4;0.0;0.0;0.0;1509_direct_carried;;;0.0;727.6;0;0;0;1;0;150A
434373;1787848024361;0.0;91;91;STABLE;52.4;0.0;0.0;0.0;1509_direct_carried;;;0.0;727.6;0;0;0;1;0;150B
434583;1787848024571;0.0;91;91;STABLE;52.4;0.0;0.0;0.0;1509_direct_carried;;;0.0;727.6;0;0;0;1;0;150D
435624;1787848025612;0.0;91;91;STABLE;52.4;0.0;0.0;0.0;1509_direct_carried;;;0.0;727.6;0;0;0;1;0;1502
436043;1787848026031;0.0;91;91;STABLE;52.4;0.0;0.0;0.0;1509_direct_carried;;;0.0;727.6;0;0;0;1;0;1505
436252;1787848026240;0.0;91;91;STABLE;52.4;0.0;0.0;0.0;1509_direct_carried;;;0.0;727.6;0;0;0;1;0;1506
436661;1787848026649;0.0;91;91;STABLE;52.4;0.0;0.0;0.0;1509_direct_carried;;;0.0;727.6;0;0;0;1;0;1508
436872;1787848026860;0.0;91;91;WAITING_FOR_REST;52.4;0.0;0.0;0.0;1509_direct;;;0.0;727.6;0;0;0;1;0;1509
437082;1787848027070;0.0;91;91;WAITING_FOR_REST;52.4;0.0;0.0;0.0;1509_direct_carried;;;0.0;727.6;0;0;0;1;0;150A
437292;1787848027280;0.0;91;91;WAITING_FOR_REST;52.4;0.0;0.0;0.0;1509_direct_carried;;;0.0;727.6;0;0;0;1;0;150B
437501;1787848027489;0.0;91;91;WAITING_FOR_REST;52.4;0.0;0.0;0.0;1509_direct_carried;;;0.0;727.6;0;0;0;1;0;150D
438545;1787848028533;0.0;91;91;WAITING_FOR_REST;52.4;0.0;0.0;0.0;1509_direct_carried;;;0.0;727.6;0;0;0;1;0;1502
438964;1787848028952;0.0;91;91;WAITING_FOR_REST;52.4;0.0;0.0;0.0;1509_direct_carried;;;0.0;727.6;0;0;0;1;0;1505
439174;1787848029162;0.0;91;91;WAITING_FOR_REST;52.4;0.0;0.0;0.0;1509_direct_carried;;;0.0;727.6;0;0;0;1;0;1506
439595;1787848029583;0.0;91;91;WAITING_FOR_REST;52.4;0.0;0.0;0.0;1509_direct_carried;;;0.0;727.6;0;0;0;1;0;1508
439805;1787848029793;0.0;91;91;WAITING_FOR_REST;52.4;0.0;0.0;0.0;1509_direct;;;0.0;727.6;0;0;0;1;0;1509
440013;1787848030001;0.0;91;91;WAITING_FOR_REST;52.4;0.0;0.0;0.0;1509_direct_carried;;;0.0;727.6;0;0;0;1;0;150A
440222;1787848030210;0.0;91;91;WAITING_FOR_REST;52.4;0.0;0.0;0.0;1509_direct_carried;;;0.0;727.6;0;0;0;1;0;150B
440436;1787848030424;0.0;91;91;WAITING_FOR_REST;52.4;0.0;0.0;0.0;1509_direct_carried;;;0.0;727.6;0;0;0;1;0;150D
441474;1787848031462;0.0;91;91;WAITING_FOR_REST;52.4;0.0;0.0;0.0;1509_direct_carried;;;0.0;727.6;0;0;0;1;0;1502
441896;1787848031884;0.0;91;91;WAITING_FOR_REST;52.4;0.0;0.0;0.0;1509_direct_carried;;;0.0;727.6;0;0;0;1;0;1505
442102;1787848032090;0.0;91;91;WAITING_FOR_REST;52.4;0.0;0.0;0.0;1509_direct_carried;;;0.0;727.6;0;0;0;1;0;1506
442512;1787848032500;0.0;91;91;WAITING_FOR_REST;52.4;0.0;0.0;0.0;1509_direct_carried;;;0.0;727.6;0;0;0;1;0;1508
442723;1787848032711;0.0;91;91;STABLE;52.4;0.0;0.0;0.0;1509_direct;;;0.0;727.6;0;0;0;1;0;1509
442931;1787848032919;0.0;91;91;STABLE;52.4;0.0;0.0;0.0;1509_direct_carried;;;0.0;727.6;0;0;0;1;0;150A
443144;1787848033132;0.0;91;91;STABLE;52.4;0.0;0.0;0.0;1509_direct_carried;;;0.0;727.6;0;0;0;1;0;150B
443354;1787848033342;0.0;91;91;STABLE;52.4;0.0;0.0;0.0;1509_direct_carried;;;0.0;727.6;0;0;0;1;0;150D
444392;1787848034380;0.0;91;91;STABLE;52.4;0.0;0.0;0.0;1509_direct_carried;;;0.0;727.6;0;0;0;1;0;1502
444815;1787848034803;0.0;91;91;STABLE;52.4;0.0;0.0;0.0;1509_direct_carried;;;0.0;727.6;0;0;0;1;0;1505
445025;1787848035013;0.0;91;91;STABLE;52.4;0.0;0.0;0.0;1509_direct_carried;;;0.0;727.6;0;0;0;1;0;1506
445442;1787848035430;0.0;91;91;STABLE;52.4;0.0;0.0;0.0;1509_direct_carried;;;0.0;727.6;0;0;0;1;0;1508
445652;1787848035640;0.0;91;91;WAITING_FOR_REST;52.4;0.0;0.0;0.0;1509_direct;;;0.0;727.6;0;0;0;1;0;1509
445862;1787848035850;0.0;91;91;WAITING_FOR_REST;52.4;0.0;0.0;0.0;1509_direct_carried;;;0.0;727.6;0;0;0;1;0;150A
446074;1787848036062;0.0;91;91;WAITING_FOR_REST;52.4;0.0;0.0;0.0;1509_direct_carried;;;0.0;727.6;0;0;0;1;0;150B
446274;1787848036262;0.0;91;91;WAITING_FOR_REST;52.4;0.0;0.0;0.0;1509_direct_carried;;;0.0;727.6;0;0;0;1;0;150D
447325;1787848037313;0.0;91;91;WAITING_FOR_REST;52.4;0.0;0.0;0.0;1509_direct_carried;;;0.0;727.6;0;0;0;1;0;1502
447743;1787848037731;0.0;91;91;WAITING_FOR_REST;52.4;0.0;0.0;0.0;1509_direct_carried;;;0.0;727.6;0;0;0;1;0;1505
447953;1787848037941;0.0;91;91;WAITING_FOR_REST;52.4;0.0;0.0;0.0;1509_direct_carried;;;0.0;727.6;0;0;0;1;0;1506
448364;1787848038352;0.0;91;91;WAITING_FOR_REST;52.4;0.0;0.0;0.0;1509_direct_carried;;;0.0;727.6;0;0;0;1;0;1508
448572;1787848038560;0.0;91;91;WAITING_FOR_REST;52.4;0.0;0.0;0.0;1509_direct;;;0.0;727.6;0;0;0;1;0;1509
448803;1787848038791;0.0;91;91;WAITING_FOR_REST;52.4;0.0;0.0;0.0;1509_direct_carried;;;0.0;727.6;0;0;0;1;0;150A
448993;1787848038981;0.0;91;91;WAITING_FOR_REST;52.4;0.0;0.0;0.0;1509_direct_carried;;;0.0;727.6;0;0;0;1;0;150B
449204;1787848039192;0.0;91;91;WAITING_FOR_REST;52.4;0.0;0.0;0.0;1509_direct_carried;;;0.0;727.6;0;0;0;1;0;150D
450245;1787848040233;0.0;91;91;WAITING_FOR_REST;52.4;0.0;0.0;0.0;1509_direct_carried;;;0.0;727.6;0;0;0;1;0;1502
450662;1787848040650;0.0;91;91;WAITING_FOR_REST;52.4;0.0;0.0;0.0;1509_direct_carried;;;0.0;727.6;0;0;0;1;0;1505
450874;1787848040862;0.0;91;91;WAITING_FOR_REST;52.4;0.0;0.0;0.0;1509_direct_carried;;;0.0;727.6;0;0;0;1;0;1506
451292;1787848041280;0.0;91;91;WAITING_FOR_REST;52.4;0.0;0.0;0.0;1509_direct_carried;;;0.0;727.6;0;0;0;1;0;1508
451504;1787848041492;0.0;91;91;STABLE;52.4;0.0;0.0;0.0;1509_direct;;;0.0;727.6;0;0;0;1;0;1509
451714;1787848041702;0.0;91;91;STABLE;52.4;0.0;0.0;0.0;1509_direct_carried;;;0.0;727.6;0;0;0;1;0;150A
451924;1787848041912;0.0;91;91;STABLE;52.4;0.0;0.0;0.0;1509_direct_carried;;;0.0;727.6;0;0;0;1;0;150B
452125;1787848042113;0.0;91;91;STABLE;52.4;0.0;0.0;0.0;1509_direct_carried;;;0.0;727.6;0;0;0;1;0;150D
453173;1787848043161;0.0;91;91;STABLE;52.4;0.0;0.0;0.0;1509_direct_carried;;;0.0;727.6;0;0;0;1;0;1502
453596;1787848043584;0.0;91;91;STABLE;52.4;0.0;0.0;0.0;1509_direct_carried;;;0.0;727.6;0;0;0;1;0;1505
453803;1787848043791;0.0;91;91;STABLE;52.4;0.0;0.0;0.0;1509_direct_carried;;;0.0;727.6;0;0;0;1;0;1506
454215;1787848044203;0.0;91;91;STABLE;52.4;0.0;0.0;0.0;1509_direct_carried;;;0.0;727.6;0;0;0;1;0;1508
454425;1787848044413;0.0;91;91;WAITING_FOR_REST;52.4;0.0;0.0;0.0;1509_direct;;;0.0;727.6;0;0;0;1;0;1509
454634;1787848044622;0.0;91;91;WAITING_FOR_REST;52.4;0.0;0.0;0.0;1509_direct_carried;;;0.0;727.6;0;0;0;1;0;150A
454844;1787848044832;0.0;91;91;WAITING_FOR_REST;52.4;0.0;0.0;0.0;1509_direct_carried;;;0.0;727.6;0;0;0;1;0;150B
455055;1787848045043;0.0;91;91;WAITING_FOR_REST;52.4;0.0;0.0;0.0;1509_direct_carried;;;0.0;727.6;0;0;0;1;0;150D
456096;1787848046084;0.0;91;91;WAITING_FOR_REST;52.4;0.0;0.0;0.0;1509_direct_carried;;;0.0;727.6;0;0;0;1;0;1502
456514;1787848046502;0.0;91;91;WAITING_FOR_REST;52.4;0.0;0.0;0.0;1509_direct_carried;;;0.0;727.6;0;0;0;1;0;1505
456733;1787848046721;0.0;91;91;WAITING_FOR_REST;52.4;0.0;0.0;0.0;1509_direct_carried;;;0.0;727.6;0;0;0;1;0;1506
457145;1787848047133;0.0;91;91;WAITING_FOR_REST;52.4;0.0;0.0;0.0;1509_direct_carried;;;0.0;727.6;0;0;0;1;0;1508
457354;1787848047342;0.0;91;91;WAITING_FOR_REST;52.4;0.0;0.0;0.0;1509_direct;;;0.0;727.6;0;0;0;1;0;1509
457555;1787848047543;0.0;91;91;WAITING_FOR_REST;52.4;0.0;0.0;0.0;1509_direct_carried;;;0.0;727.6;0;0;0;1;0;150A
457766;1787848047754;0.0;91;91;WAITING_FOR_REST;52.4;0.0;0.0;0.0;1509_direct_carried;;;0.0;727.6;0;0;0;1;0;150B
457975;1787848047963;0.0;91;91;WAITING_FOR_REST;52.4;0.0;0.0;0.0;1509_direct_carried;;;0.0;727.6;0;0;0;1;0;150D
459024;1787848049012;0.0;91;91;WAITING_FOR_REST;52.4;0.0;0.0;0.0;1509_direct_carried;;;0.0;727.6;0;0;0;1;0;1502
459446;1787848049434;0.0;91;91;WAITING_FOR_REST;52.4;0.0;0.0;0.0;1509_direct_carried;;;0.0;727.6;0;0;0;1;0;1505
459644;1787848049632;0.0;91;91;WAITING_FOR_REST;52.4;0.0;0.0;0.0;1509_direct_carried;;;0.0;727.6;0;0;0;1;0;1506
460065;1787848050053;0.0;91;91;WAITING_FOR_REST;52.4;0.0;0.0;0.0;1509_direct_carried;;;0.0;727.6;0;0;0;1;0;1508
460277;1787848050265;0.0;91;91;STABLE;52.4;0.0;0.0;0.0;1509_direct;;;0.0;727.6;0;0;0;1;0;1509
460486;1787848050474;0.0;91;91;STABLE;52.4;0.0;0.0;0.0;1509_direct_carried;;;0.0;727.6;0;0;0;1;0;150A
460695;1787848050683;0.0;91;91;STABLE;52.4;0.0;0.0;0.0;1509_direct_carried;;;0.0;727.6;0;0;0;1;0;150B
460905;1787848050893;0.0;91;91;STABLE;52.4;0.0;0.0;0.0;1509_direct_carried;;;0.0;727.6;0;0;0;1;0;150D
461945;1787848051933;0.0;91;91;STABLE;52.4;0.0;0.0;0.0;1509_direct_carried;;;0.0;727.6;0;0;0;1;0;1502
462365;1787848052353;0.0;91;91;STABLE;52.4;0.0;0.0;0.0;1509_direct_carried;;;0.0;727.6;0;0;0;1;0;1505
462575;1787848052563;0.0;91;91;STABLE;52.4;0.0;0.0;0.0;1509_direct_carried;;;0.0;727.6;0;0;0;1;0;1506
462997;1787848052985;0.0;91;91;STABLE;52.4;0.0;0.0;0.0;1509_direct_carried;;;0.0;727.6;0;0;0;1;0;1508
463205;1787848053193;0.0;91;91;WAITING_FOR_REST;52.4;0.0;0.0;0.0;1509_direct;;;0.0;727.6;0;0;0;1;0;1509
463404;1787848053392;0.0;91;91;WAITING_FOR_REST;52.4;0.0;0.0;0.0;1509_direct_carried;;;0.0;727.6;0;0;0;1;0;150A
463616;1787848053604;0.0;91;91;WAITING_FOR_REST;52.4;0.0;0.0;0.0;1509_direct_carried;;;0.0;727.6;0;0;0;1;0;150B
463826;1787848053814;0.0;91;91;WAITING_FOR_REST;52.4;0.0;0.0;0.0;1509_direct_carried;;;0.0;727.6;0;0;0;1;0;150D
464874;1787848054862;0.0;91;91;WAITING_FOR_REST;52.4;0.0;0.0;0.0;1509_direct_carried;;;0.0;727.6;0;0;0;1;0;1502
465295;1787848055283;0.0;91;91;WAITING_FOR_REST;52.4;0.0;0.0;0.0;1509_direct_carried;;;0.0;727.6;0;0;0;1;0;1505
465494;1787848055482;0.0;91;91;WAITING_FOR_REST;52.4;0.0;0.0;0.0;1509_direct_carried;;;0.0;727.6;0;0;0;1;0;1506
465913;1787848055901;0.0;91;91;WAITING_FOR_REST;52.4;0.0;0.0;0.0;1509_direct_carried;;;0.0;727.6;0;0;0;1;0;1508
466125;1787848056113;0.0;91;91;WAITING_FOR_REST;52.4;0.0;0.0;0.0;1509_direct;;;0.0;727.6;0;0;0;1;0;1509
466334;1787848056322;0.0;91;91;WAITING_FOR_REST;52.4;0.0;0.0;0.0;1509_direct_carried;;;0.0;727.6;0;0;0;1;0;150A
466546;1787848056534;0.0;91;91;WAITING_FOR_REST;52.4;0.0;0.0;0.0;1509_direct_carried;;;0.0;727.6;0;0;0;1;0;150B
466754;1787848056742;0.0;91;91;WAITING_FOR_REST;52.4;0.0;0.0;0.0;1509_direct_carried;;;0.0;727.6;0;0;0;1;0;150D
467796;1787848057784;0.0;91;91;WAITING_FOR_REST;52.4;0.0;0.0;0.0;1509_direct_carried;;;0.0;727.6;0;0;0;1;0;1502
468216;1787848058204;0.0;91;91;WAITING_FOR_REST;52.4;0.0;0.0;0.0;1509_direct_carried;;;0.0;727.6;0;0;0;1;0;1505
468422;1787848058410;0.0;91;91;WAITING_FOR_REST;52.4;0.0;0.0;0.0;1509_direct_carried;;;0.0;727.6;0;0;0;1;0;1506
468844;1787848058832;0.0;91;91;WAITING_FOR_REST;52.4;0.0;0.0;0.0;1509_direct_carried;;;0.0;727.6;0;0;0;1;0;1508
469053;1787848059041;0.0;91;91;STABLE;52.4;0.0;0.0;0.0;1509_direct;;;0.0;727.6;0;0;0;1;0;1509
469256;1787848059244;0.0;91;91;STABLE;52.4;0.0;0.0;0.0;1509_direct_carried;;;0.0;727.6;0;0;0;1;0;150A
469465;1787848059453;0.0;91;91;STABLE;52.4;0.0;0.0;0.0;1509_direct_carried;;;0.0;727.6;0;0;0;1;0;150B
469676;1787848059664;0.0;91;91;STABLE;52.4;0.0;0.0;0.0;1509_direct_carried;;;0.0;727.6;0;0;0;1;0;150D
470725;1787848060713;0.0;91;91;STABLE;52.4;0.0;0.0;0.0;1509_direct_carried;;;0.0;727.6;0;0;0;1;0;1502
471150;1787848061138;0.0;91;91;STABLE;52.4;0.0;0.0;0.0;1509_direct_carried;;;0.0;727.6;0;0;0;1;0;1505
471344;1787848061332;0.0;91;91;STABLE;52.4;0.0;0.0;0.0;1509_direct_carried;;;0.0;727.6;0;0;0;1;0;1506
471764;1787848061752;0.0;91;91;STABLE;52.4;0.0;0.0;0.0;1509_direct_carried;;;0.0;727.6;0;0;0;1;0;1508
471975;1787848061963;0.0;91;91;WAITING_FOR_REST;52.4;0.0;0.0;0.0;1509_direct;;;0.0;727.6;0;0;0;1;0;1509
472185;1787848062173;0.0;91;91;WAITING_FOR_REST;52.4;0.0;0.0;0.0;1509_direct_carried;;;0.0;727.6;0;0;0;1;0;150A
472397;1787848062385;0.0;91;91;WAITING_FOR_REST;52.4;0.0;0.0;0.0;1509_direct_carried;;;0.0;727.6;0;0;0;1;0;150B
472607;1787848062595;0.0;91;91;WAITING_FOR_REST;52.4;0.0;0.0;0.0;1509_direct_carried;;;0.0;727.6;0;0;0;1;0;150D
473648;1787848063636;0.0;91;91;WAITING_FOR_REST;52.4;0.0;0.0;0.0;1509_direct_carried;;;0.0;727.6;0;0;0;1;0;1502
474067;1787848064055;0.4;91;91;WAITING_FOR_REST;52.4;0.0;0.0;0.0;1509_direct_carried;;;0.0;727.6;4;0;0;1;0;1505
474276;1787848064264;0.4;91;91;WAITING_FOR_REST;52.4;0.0;0.0;0.0;1509_direct_carried;;;0.0;727.6;4;0;0;1;0;1506
474697;1787848064685;0.4;91;91;WAITING_FOR_REST;52.4;0.0;0.0;0.0;1509_direct_carried;;;0.0;727.6;4;0;0;1;0;1508
474895;1787848064883;0.4;91;91;WAITING_FOR_REST;52.4;0.0;0.0;0.0;1509_direct;;;0.0;727.6;4;0;0;1;0;1509
475106;1787848065094;0.4;91;91;WAITING_FOR_REST;52.4;0.0;0.0;0.0;1509_direct_carried;;;0.0;727.6;4;0;0;1;0;150A
475317;1787848065305;0.4;91;91;WAITING_FOR_REST;52.4;0.0;0.0;0.0;1509_direct_carried;;;0.0;727.6;4;0;0;1;0;150B
475526;1787848065514;0.4;91;91;WAITING_FOR_REST;52.4;0.0;0.0;0.0;1509_direct_carried;;;0.0;727.6;4;0;0;1;0;150D
476576;1787848066564;0.4;91;91;WAITING_FOR_REST;52.4;0.0;0.0;0.0;1509_direct_carried;;;0.0;727.6;4;0;0;1;0;1502
476987;1787848066975;0.0;91;91;WAITING_FOR_REST;52.4;0.0;0.0;0.0;1509_direct_carried;;;0.0;727.6;0;0;0;1;0;1505
477196;1787848067184;0.0;91;91;WAITING_FOR_REST;52.4;0.0;0.0;0.0;1509_direct_carried;;;0.0;727.6;0;0;0;1;0;1506
477617;1787848067605;0.0;91;91;WAITING_FOR_REST;52.4;0.0;0.0;0.0;1509_direct_carried;;;0.0;727.6;0;0;0;1;0;1508
477826;1787848067814;0.0;91;91;STABLE;52.4;0.0;0.0;0.0;1509_direct;;;0.0;727.6;0;0;0;1;0;1509
478038;1787848068026;0.0;91;91;STABLE;52.4;0.0;0.0;0.0;1509_direct_carried;;;0.0;727.6;0;0;0;1;0;150A
478246;1787848068234;0.0;91;91;STABLE;52.4;0.0;0.0;0.0;1509_direct_carried;;;0.0;727.6;0;0;0;1;0;150B
478456;1787848068444;0.0;91;91;STABLE;52.4;0.0;0.0;0.0;1509_direct_carried;;;0.0;727.6;0;0;0;1;0;150D
479497;1787848069485;0.0;91;91;STABLE;52.4;0.0;0.0;0.0;1509_direct_carried;;;0.0;727.6;0;0;0;1;0;1502
479916;1787848069904;0.0;91;91;STABLE;52.4;0.0;0.0;0.0;1509_direct_carried;;;0.0;727.6;0;0;0;1;0;1505
480126;1787848070114;0.0;91;91;STABLE;52.4;0.0;0.0;0.0;1509_direct_carried;;;0.0;727.6;0;0;0;1;0;1506
480547;1787848070535;0.0;91;91;STABLE;52.4;0.0;0.0;0.0;1509_direct_carried;;;0.0;727.6;0;0;0;1;0;1508
480750;1787848070738;0.0;91;91;WAITING_FOR_REST;52.4;0.0;0.0;0.0;1509_direct;;;0.0;727.6;0;0;0;1;0;1509
480955;1787848070943;0.0;91;91;WAITING_FOR_REST;52.4;0.0;0.0;0.0;1509_direct_carried;;;0.0;727.6;0;0;0;1;0;150A
481167;1787848071155;0.0;91;91;WAITING_FOR_REST;52.4;0.0;0.0;0.0;1509_direct_carried;;;0.0;727.6;0;0;0;1;0;150B
481376;1787848071364;0.0;91;91;WAITING_FOR_REST;52.4;0.0;0.0;0.0;1509_direct_carried;;;0.0;727.6;0;0;0;1;0;150D
482428;1787848072416;0.0;91;91;WAITING_FOR_REST;52.4;0.0;0.0;0.0;1509_direct_carried;;;0.0;727.6;0;0;0;1;0;1502
482837;1787848072825;0.0;91;91;WAITING_FOR_REST;52.4;0.0;0.0;0.0;1509_direct_carried;;;0.0;727.6;0;0;0;1;0;1505
483046;1787848073034;0.0;91;91;WAITING_FOR_REST;52.4;0.0;0.0;0.0;1509_direct_carried;;;0.0;727.6;0;0;0;1;0;1506
483468;1787848073456;0.0;91;91;WAITING_FOR_REST;52.4;0.0;0.0;0.0;1509_direct_carried;;;0.0;727.6;0;0;0;1;0;1508
483677;1787848073665;0.0;91;91;WAITING_FOR_REST;52.4;0.0;0.0;0.0;1509_direct;;;0.0;727.6;0;0;0;1;0;1509
483888;1787848073876;0.0;91;91;WAITING_FOR_REST;52.4;0.0;0.0;0.0;1509_direct_carried;;;0.0;727.6;0;0;0;1;0;150A
484097;1787848074085;0.0;91;91;WAITING_FOR_REST;52.4;0.0;0.0;0.0;1509_direct_carried;;;0.0;727.6;0;0;0;1;0;150B
484306;1787848074294;0.0;91;91;WAITING_FOR_REST;52.4;0.0;0.0;0.0;1509_direct_carried;;;0.0;727.6;0;0;0;1;0;150D
485348;1787848075336;0.0;91;91;WAITING_FOR_REST;52.4;0.0;0.0;0.0;1509_direct_carried;;;0.0;727.6;0;0;0;1;0;1502
485767;1787848075755;0.0;91;91;WAITING_FOR_REST;52.4;0.0;0.0;0.0;1509_direct_carried;;;0.0;727.6;0;0;0;1;0;1505
485978;1787848075966;0.0;91;91;WAITING_FOR_REST;52.4;0.0;0.0;0.0;1509_direct_carried;;;0.0;727.6;0;0;0;1;0;1506
486399;1787848076387;0.0;91;91;WAITING_FOR_REST;52.4;0.0;0.0;0.0;1509_direct_carried;;;0.0;727.6;0;0;0;1;0;1508
486596;1787848076584;0.0;91;91;STABLE;52.4;0.0;0.0;0.0;1509_direct;;;0.0;727.6;0;0;0;1;0;1509
486810;1787848076798;0.0;91;91;STABLE;52.4;0.0;0.0;0.0;1509_direct_carried;;;0.0;727.6;0;0;0;1;0;150A
487017;1787848077005;0.0;91;91;STABLE;52.4;0.0;0.0;0.0;1509_direct_carried;;;0.0;727.6;0;0;0;1;0;150B
487227;1787848077215;0.0;91;91;STABLE;52.4;0.0;0.0;0.0;1509_direct_carried;;;0.0;727.6;0;0;0;1;0;150D
488278;1787848078266;0.0;91;91;STABLE;52.4;0.0;0.0;0.0;1509_direct_carried;;;0.0;727.6;0;0;0;1;0;1502
488688;1787848078676;0.0;91;91;STABLE;52.4;0.0;0.0;0.0;1509_direct_carried;;;0.0;727.6;0;0;0;1;0;1505
488897;1787848078885;0.0;91;91;STABLE;52.4;0.0;0.0;0.0;1509_direct_carried;;;0.0;727.6;0;0;0;1;0;1506
489317;1787848079305;0.0;91;91;STABLE;52.4;0.0;0.0;0.0;1509_direct_carried;;;0.0;727.6;0;0;0;1;0;1508
489527;1787848079515;0.0;91;91;WAITING_FOR_REST;52.4;0.0;0.0;0.0;1509_direct;;;0.0;727.6;0;0;0;1;0;1509
489738;1787848079726;0.0;91;91;WAITING_FOR_REST;52.4;0.0;0.0;0.0;1509_direct_carried;;;0.0;727.6;0;0;0;1;0;150A
489947;1787848079935;0.0;91;91;WAITING_FOR_REST;52.4;0.0;0.0;0.0;1509_direct_carried;;;0.0;727.6;0;0;0;1;0;150B
490156;1787848080144;0.0;91;91;WAITING_FOR_REST;52.4;0.0;0.0;0.0;1509_direct_carried;;;0.0;727.6;0;0;0;1;0;150D
491198;1787848081186;0.0;91;91;WAITING_FOR_REST;52.4;0.0;0.0;0.0;1509_direct_carried;;;0.0;727.6;0;0;0;1;0;1502
491617;1787848081605;0.0;91;91;WAITING_FOR_REST;52.4;0.0;0.0;0.0;1509_direct_carried;;;0.0;727.6;0;0;0;1;0;1505
491827;1787848081815;0.0;91;91;WAITING_FOR_REST;52.4;0.0;0.0;0.0;1509_direct_carried;;;0.0;727.6;0;0;0;1;0;1506
492247;1787848082235;0.0;91;91;WAITING_FOR_REST;52.4;0.0;0.0;0.0;1509_direct_carried;;;0.0;727.6;0;0;0;1;0;1508
492456;1787848082444;0.0;91;91;WAITING_FOR_REST;52.4;0.0;0.0;0.0;1509_direct;;;0.0;727.6;0;0;0;1;0;1509
492657;1787848082645;0.0;91;91;WAITING_FOR_REST;52.4;0.0;0.0;0.0;1509_direct_carried;;;0.0;727.6;0;0;0;1;0;150A
492866;1787848082854;0.0;91;91;WAITING_FOR_REST;52.4;0.0;0.0;0.0;1509_direct_carried;;;0.0;727.6;0;0;0;1;0;150B
493076;1787848083064;0.0;91;91;WAITING_FOR_REST;52.4;0.0;0.0;0.0;1509_direct_carried;;;0.0;727.6;0;0;0;1;0;150D
494128;1787848084116;0.0;91;91;WAITING_FOR_REST;52.4;0.0;0.0;0.0;1509_direct_carried;;;0.0;727.6;0;0;0;1;0;1502
494549;1787848084537;0.3;91;91;WAITING_FOR_REST;52.4;0.0;0.0;0.0;1509_direct_carried;;;0.0;727.6;3;0;0;1;0;1505
494749;1787848084737;0.3;91;91;WAITING_FOR_REST;52.4;0.0;0.0;0.0;1509_direct_carried;;;0.0;727.6;3;0;0;1;0;1506
495166;1787848085154;0.3;91;91;WAITING_FOR_REST;52.4;0.0;0.0;0.0;1509_direct_carried;;;0.0;727.6;3;0;0;1;0;1508
495378;1787848085366;0.3;91;91;STABLE;52.4;0.0;0.0;0.0;1509_direct;;;0.0;727.6;3;0;0;1;0;1509
495590;1787848085578;0.3;91;91;STABLE;52.4;0.0;0.0;0.0;1509_direct_carried;;;0.0;727.6;3;0;0;1;0;150A
495796;1787848085784;0.3;91;91;STABLE;52.4;0.0;0.0;0.0;1509_direct_carried;;;0.0;727.6;3;0;0;1;0;150B
496006;1787848085994;0.3;91;91;STABLE;52.4;0.0;0.0;0.0;1509_direct_carried;;;0.0;727.6;3;0;0;1;0;150D
497049;1787848087037;0.3;91;91;STABLE;52.4;0.0;0.0;0.0;1509_direct_carried;;;0.0;727.6;3;0;0;1;0;1502
497469;1787848087457;0.0;91;91;STABLE;52.4;0.0;0.0;0.0;1509_direct_carried;;;0.0;727.6;0;0;0;1;0;1505
497679;1787848087667;0.0;91;91;STABLE;52.4;0.0;0.0;0.0;1509_direct_carried;;;0.0;727.6;0;0;0;1;0;1506
498101;1787848088089;0.0;91;91;STABLE;52.4;0.0;0.0;0.0;1509_direct_carried;;;0.0;727.6;0;0;0;1;0;1508
498308;1787848088296;0.0;91;91;WAITING_FOR_REST;52.4;0.0;0.0;0.0;1509_direct;;;0.0;727.6;0;0;0;1;0;1509
498509;1787848088497;0.0;91;91;WAITING_FOR_REST;52.4;0.0;0.0;0.0;1509_direct_carried;;;0.0;727.6;0;0;0;1;0;150A
498720;1787848088708;0.0;91;91;WAITING_FOR_REST;52.4;0.0;0.0;0.0;1509_direct_carried;;;0.0;727.6;0;0;0;1;0;150B
498929;1787848088917;0.0;91;91;WAITING_FOR_REST;52.4;0.0;0.0;0.0;1509_direct_carried;;;0.0;727.6;0;0;0;1;0;150D
499979;1787848089967;0.0;91;91;WAITING_FOR_REST;52.4;0.0;0.0;0.0;1509_direct_carried;;;0.0;727.6;0;0;0;1;0;1502
500398;1787848090386;0.0;91;91;WAITING_FOR_REST;52.4;0.0;0.0;0.0;1509_direct_carried;;;0.0;727.6;0;0;0;1;0;1505
500597;1787848090585;0.0;91;91;WAITING_FOR_REST;52.4;0.0;0.0;0.0;1509_direct_carried;;;0.0;727.6;0;0;0;1;0;1506
501017;1787848091005;0.0;91;91;WAITING_FOR_REST;52.4;0.0;0.0;0.0;1509_direct_carried;;;0.0;727.6;0;0;0;1;0;1508
501230;1787848091218;0.0;91;91;WAITING_FOR_REST;52.4;0.0;0.0;0.0;1509_direct;;;0.0;727.6;0;0;0;1;0;1509
501438;1787848091426;0.0;91;91;WAITING_FOR_REST;52.4;0.0;0.0;0.0;1509_direct_carried;;;0.0;727.6;0;0;0;1;0;150A
501648;1787848091636;0.0;91;91;WAITING_FOR_REST;52.4;0.0;0.0;0.0;1509_direct_carried;;;0.0;727.6;0;0;0;1;0;150B
501858;1787848091846;0.0;91;91;WAITING_FOR_REST;52.4;0.0;0.0;0.0;1509_direct_carried;;;0.0;727.6;0;0;0;1;0;150D
502898;1787848092886;0.0;91;91;WAITING_FOR_REST;52.4;0.0;0.0;0.0;1509_direct_carried;;;0.0;727.6;0;0;0;1;0;1502
503316;1787848093304;0.0;91;91;WAITING_FOR_REST;52.4;0.0;0.0;0.0;1509_direct_carried;;;0.0;727.6;0;0;0;1;0;1505
503527;1787848093515;0.0;91;91;WAITING_FOR_REST;52.4;0.0;0.0;0.0;1509_direct_carried;;;0.0;727.6;0;0;0;1;0;1506
503947;1787848093935;0.0;91;91;WAITING_FOR_REST;52.4;0.0;0.0;0.0;1509_direct_carried;;;0.0;727.6;0;0;0;1;0;1508
504159;1787848094147;0.0;91;91;STABLE;52.4;0.0;0.0;0.0;1509_direct;;;0.0;727.6;0;0;0;1;0;1509
504369;1787848094357;0.0;91;91;STABLE;52.4;0.0;0.0;0.0;1509_direct_carried;;;0.0;727.6;0;0;0;1;0;150A
504577;1787848094565;0.0;91;91;STABLE;52.4;0.0;0.0;0.0;1509_direct_carried;;;0.0;727.6;0;0;0;1;0;150B
504776;1787848094764;0.0;91;91;STABLE;52.4;0.0;0.0;0.0;1509_direct_carried;;;0.0;727.6;0;0;0;1;0;150D
505827;1787848095815;0.0;91;91;STABLE;52.4;0.0;0.0;0.0;1509_direct_carried;;;0.0;727.6;0;0;0;1;0;1502
506247;1787848096235;0.0;91;91;STABLE;52.4;0.0;0.0;0.0;1509_direct_carried;;;0.0;727.6;0;0;0;1;0;1505
506460;1787848096448;0.0;91;91;STABLE;52.4;0.0;0.0;0.0;1509_direct_carried;;;0.0;727.6;0;0;0;1;0;1506
506867;1787848096855;0.0;91;91;STABLE;52.4;0.0;0.0;0.0;1509_direct_carried;;;0.0;727.6;0;0;0;1;0;1508
507078;1787848097066;0.0;91;91;WAITING_FOR_REST;52.4;0.0;0.0;0.0;1509_direct;;;0.0;727.6;0;0;0;1;0;1509
507291;1787848097279;0.0;91;91;WAITING_FOR_REST;52.4;0.0;0.0;0.0;1509_direct_carried;;;0.0;727.6;0;0;0;1;0;150A
507497;1787848097485;0.0;91;91;WAITING_FOR_REST;52.4;0.0;0.0;0.0;1509_direct_carried;;;0.0;727.6;0;0;0;1;0;150B
507708;1787848097696;0.0;91;91;WAITING_FOR_REST;52.4;0.0;0.0;0.0;1509_direct_carried;;;0.0;727.6;0;0;0;1;0;150D
508749;1787848098737;0.0;91;91;WAITING_FOR_REST;52.4;0.0;0.0;0.0;1509_direct_carried;;;0.0;727.6;0;0;0;1;0;1502
509168;1787848099156;0.0;91;91;WAITING_FOR_REST;52.4;0.0;0.0;0.0;1509_direct_carried;;;0.0;727.6;0;0;0;1;0;1505
509378;1787848099366;0.0;91;91;WAITING_FOR_REST;52.4;0.0;0.0;0.0;1509_direct_carried;;;0.0;727.6;0;0;0;1;0;1506
509798;1787848099786;0.0;91;91;WAITING_FOR_REST;52.4;0.0;0.0;0.0;1509_direct_carried;;;0.0;727.6;0;0;0;1;0;1508
510009;1787848099997;0.0;91;91;WAITING_FOR_REST;52.4;0.0;0.0;0.0;1509_direct;;;0.0;727.6;0;0;0;1;0;1509
510219;1787848100207;0.0;91;91;WAITING_FOR_REST;52.4;0.0;0.0;0.0;1509_direct_carried;;;0.0;727.6;0;0;0;1;0;150A
510429;1787848100417;0.0;91;91;WAITING_FOR_REST;52.4;0.0;0.0;0.0;1509_direct_carried;;;0.0;727.6;0;0;0;1;0;150B
510628;1787848100616;0.0;91;91;WAITING_FOR_REST;52.4;0.0;0.0;0.0;1509_direct_carried;;;0.0;727.6;0;0;0;1;0;150D
511680;1787848101668;0.0;91;91;WAITING_FOR_REST;52.4;0.0;0.0;0.0;1509_direct_carried;;;0.0;727.6;0;0;0;1;0;1502
512097;1787848102085;0.0;91;91;WAITING_FOR_REST;52.4;0.0;0.0;0.0;1509_direct_carried;;;0.0;727.6;0;0;0;1;0;1505
512309;1787848102297;0.0;91;91;WAITING_FOR_REST;52.4;0.0;0.0;0.0;1509_direct_carried;;;0.0;727.6;0;0;0;1;0;1506
512719;1787848102707;0.0;91;91;WAITING_FOR_REST;52.4;0.0;0.0;0.0;1509_direct_carried;;;0.0;727.6;0;0;0;1;0;1508
512929;1787848102917;0.0;91;91;STABLE;52.4;0.0;0.0;0.0;1509_direct;;;0.0;727.6;0;0;0;1;0;1509
513139;1787848103127;0.0;91;91;STABLE;52.4;0.0;0.0;0.0;1509_direct_carried;;;0.0;727.6;0;0;0;1;0;150A
513349;1787848103337;0.0;91;91;STABLE;52.4;0.0;0.0;0.0;1509_direct_carried;;;0.0;727.6;0;0;0;1;0;150B
513562;1787848103550;0.0;91;91;STABLE;52.4;0.0;0.0;0.0;1509_direct_carried;;;0.0;727.6;0;0;0;1;0;150D
514609;1787848104597;0.0;91;91;STABLE;52.4;0.0;0.0;0.0;1509_direct_carried;;;0.0;727.6;0;0;0;1;0;1502
515019;1787848105007;0.0;91;91;STABLE;52.4;0.0;0.0;0.0;1509_direct_carried;;;0.0;727.6;0;0;0;1;0;1505
515230;1787848105218;0.0;91;91;STABLE;52.4;0.0;0.0;0.0;1509_direct_carried;;;0.0;727.6;0;0;0;1;0;1506
515648;1787848105636;0.0;91;91;STABLE;52.4;0.0;0.0;0.0;1509_direct_carried;;;0.0;727.6;0;0;0;1;0;1508
515858;1787848105846;0.0;91;91;WAITING_FOR_REST;52.4;0.0;0.0;0.0;1509_direct;;;0.0;727.6;0;0;0;1;0;1509
516069;1787848106057;0.0;91;91;WAITING_FOR_REST;52.4;0.0;0.0;0.0;1509_direct_carried;;;0.0;727.6;0;0;0;1;0;150A
516279;1787848106267;0.0;91;91;WAITING_FOR_REST;52.4;0.0;0.0;0.0;1509_direct_carried;;;0.0;727.6;0;0;0;1;0;150B
516491;1787848106479;0.0;91;91;WAITING_FOR_REST;52.4;0.0;0.0;0.0;1509_direct_carried;;;0.0;727.6;0;0;0;1;0;150D
517530;1787848107518;0.0;91;91;WAITING_FOR_REST;52.4;0.0;0.0;0.0;1509_direct_carried;;;0.0;727.6;0;0;0;1;0;1502
517951;1787848107939;0.0;91;91;WAITING_FOR_REST;52.4;0.0;0.0;0.0;1509_direct_carried;;;0.0;727.6;0;0;0;1;0;1505
518160;1787848108148;0.0;91;91;WAITING_FOR_REST;52.4;0.0;0.0;0.0;1509_direct_carried;;;0.0;727.6;0;0;0;1;0;1506
518582;1787848108570;0.0;91;91;WAITING_FOR_REST;52.4;0.0;0.0;0.0;1509_direct_carried;;;0.0;727.6;0;0;0;1;0;1508
518780;1787848108768;0.0;91;91;WAITING_FOR_REST;52.4;0.0;0.0;0.0;1509_direct;;;0.0;727.6;0;0;0;1;0;1509
518990;1787848108978;0.0;91;91;WAITING_FOR_REST;52.4;0.0;0.0;0.0;1509_direct_carried;;;0.0;727.6;0;0;0;1;0;150A
519199;1787848109187;0.0;91;91;WAITING_FOR_REST;52.4;0.0;0.0;0.0;1509_direct_carried;;;0.0;727.6;0;0;0;1;0;150B
519410;1787848109398;0.0;91;91;WAITING_FOR_REST;52.4;0.0;0.0;0.0;1509_direct_carried;;;0.0;727.6;0;0;0;1;0;150D
520459;1787848110447;0.0;91;91;WAITING_FOR_REST;52.4;0.0;0.0;0.0;1509_direct_carried;;;0.0;727.6;0;0;0;1;0;1502
520873;1787848110861;0.0;91;91;WAITING_FOR_REST;52.4;0.0;0.0;0.0;1509_direct_carried;;;0.0;727.6;0;0;0;1;0;1505
521081;1787848111069;0.0;91;91;WAITING_FOR_REST;52.4;0.0;0.0;0.0;1509_direct_carried;;;0.0;727.6;0;0;0;1;0;1506
521500;1787848111488;0.0;91;91;WAITING_FOR_REST;52.4;0.0;0.0;0.0;1509_direct_carried;;;0.0;727.6;0;0;0;1;0;1508
521711;1787848111699;0.0;91;91;STABLE;52.4;0.0;0.0;0.0;1509_direct;;;0.0;727.6;0;0;0;1;0;1509
521919;1787848111907;0.0;91;91;STABLE;52.4;0.0;0.0;0.0;1509_direct_carried;;;0.0;727.6;0;0;0;1;0;150A
522130;1787848112118;0.0;91;91;STABLE;52.4;0.0;0.0;0.0;1509_direct_carried;;;0.0;727.6;0;0;0;1;0;150B
522341;1787848112329;0.0;91;91;STABLE;52.4;0.0;0.0;0.0;1509_direct_carried;;;0.0;727.6;0;0;0;1;0;150D
523380;1787848113368;0.0;91;91;STABLE;52.4;0.0;0.0;0.0;1509_direct_carried;;;0.0;727.6;0;0;0;1;0;1502
523801;1787848113789;0.0;91;91;STABLE;52.4;0.0;0.0;0.0;1509_direct_carried;;;0.0;727.6;0;0;0;1;0;1505
524010;1787848113998;0.0;91;91;STABLE;52.4;0.0;0.0;0.0;1509_direct_carried;;;0.0;727.6;0;0;0;1;0;1506
524430;1787848114418;0.0;91;91;STABLE;52.4;0.0;0.0;0.0;1509_direct_carried;;;0.0;727.6;0;0;0;1;0;1508
524640;1787848114628;0.0;91;91;WAITING_FOR_REST;52.4;0.0;0.0;0.0;1509_direct;;;0.0;727.6;0;0;0;1;0;1509
524840;1787848114828;0.0;91;91;WAITING_FOR_REST;52.4;0.0;0.0;0.0;1509_direct_carried;;;0.0;727.6;0;0;0;1;0;150A
525050;1787848115038;0.0;91;91;WAITING_FOR_REST;52.4;0.0;0.0;0.0;1509_direct_carried;;;0.0;727.6;0;0;0;1;0;150B
525260;1787848115248;0.0;91;91;WAITING_FOR_REST;52.4;0.0;0.0;0.0;1509_direct_carried;;;0.0;727.6;0;0;0;1;0;150D
526310;1787848116298;0.0;91;91;WAITING_FOR_REST;52.4;0.0;0.0;0.0;1509_direct_carried;;;0.0;727.6;0;0;0;1;0;1502
526731;1787848116719;0.0;91;91;WAITING_FOR_REST;52.4;0.0;0.0;0.0;1509_direct_carried;;;0.0;727.6;0;0;0;1;0;1505
526932;1787848116920;0.0;91;91;WAITING_FOR_REST;52.4;0.0;0.0;0.0;1509_direct_carried;;;0.0;727.6;0;0;0;1;0;1506
527351;1787848117339;0.0;91;91;WAITING_FOR_REST;52.4;0.0;0.0;0.0;1509_direct_carried;;;0.0;727.6;0;0;0;1;0;1508
527561;1787848117549;0.0;91;91;WAITING_FOR_REST;52.4;0.0;0.0;0.0;1509_direct;;;0.0;727.6;0;0;0;1;0;1509
527769;1787848117757;0.0;91;91;WAITING_FOR_REST;52.4;0.0;0.0;0.0;1509_direct_carried;;;0.0;727.6;0;0;0;1;0;150A
527980;1787848117968;0.0;91;91;WAITING_FOR_REST;52.4;0.0;0.0;0.0;1509_direct_carried;;;0.0;727.6;0;0;0;1;0;150B
528192;1787848118180;0.0;91;91;WAITING_FOR_REST;52.4;0.0;0.0;0.0;1509_direct_carried;;;0.0;727.6;0;0;0;1;0;150D
529230;1787848119218;0.0;91;91;WAITING_FOR_REST;52.4;0.0;0.0;0.0;1509_direct_carried;;;0.0;727.6;0;0;0;1;0;1502
529651;1787848119639;0.0;91;91;WAITING_FOR_REST;52.4;0.0;0.0;0.0;1509_direct_carried;;;0.0;727.6;0;0;0;1;0;1505
529859;1787848119847;0.0;91;91;WAITING_FOR_REST;52.4;0.0;0.0;0.0;1509_direct_carried;;;0.0;727.6;0;0;0;1;0;1506
530280;1787848120268;0.0;91;91;WAITING_FOR_REST;52.4;0.0;0.0;0.0;1509_direct_carried;;;0.0;727.6;0;0;0;1;0;1508
530490;1787848120478;0.0;91;91;STABLE;52.4;0.0;0.0;0.0;1509_direct;;;0.0;727.6;0;0;0;1;0;1509
530699;1787848120687;0.0;91;91;STABLE;52.4;0.0;0.0;0.0;1509_direct_carried;;;0.0;727.6;0;0;0;1;0;150A
530912;1787848120900;0.0;91;91;STABLE;52.4;0.0;0.0;0.0;1509_direct_carried;;;0.0;727.6;0;0;0;1;0;150B
531111;1787848121099;0.0;91;91;STABLE;52.4;0.0;0.0;0.0;1509_direct_carried;;;0.0;727.6;0;0;0;1;0;150D
532166;1787848122154;0.0;91;91;STABLE;52.4;0.0;0.0;0.0;1509_direct_carried;;;0.0;727.6;0;0;0;1;0;1502
532581;1787848122569;0.0;91;91;STABLE;52.4;0.0;0.0;0.0;1509_direct_carried;;;0.0;727.6;0;0;0;1;0;1505
532790;1787848122778;0.0;91;91;STABLE;52.4;0.0;0.0;0.0;1509_direct_carried;;;0.0;727.6;0;0;0;1;0;1506
533204;1787848123192;0.0;91;91;STABLE;52.4;0.0;0.0;0.0;1509_direct_carried;;;0.0;727.6;0;0;0;1;0;1508
533411;1787848123399;0.0;91;91;WAITING_FOR_REST;52.3;0.0;0.0;0.0;1509_direct;;;0.0;727.6;0;0;0;1;0;1509
533621;1787848123609;0.0;91;91;WAITING_FOR_REST;52.3;0.0;0.0;0.0;1509_direct_carried;;;0.0;727.6;0;0;0;1;0;150A
533830;1787848123818;0.0;91;91;WAITING_FOR_REST;52.3;0.0;0.0;0.0;1509_direct_carried;;;0.0;727.6;0;0;0;1;0;150B
534041;1787848124029;0.0;91;91;WAITING_FOR_REST;52.3;0.0;0.0;0.0;1509_direct_carried;;;0.0;727.6;0;0;0;1;0;150D
535081;1787848125069;0.0;91;91;WAITING_FOR_REST;52.3;0.0;0.0;0.0;1509_direct_carried;;;0.0;727.6;0;0;0;1;0;1502
535501;1787848125489;0.0;91;91;WAITING_FOR_REST;52.3;0.0;0.0;0.0;1509_direct_carried;;;0.0;727.6;0;0;0;1;0;1505
535710;1787848125698;0.0;91;91;WAITING_FOR_REST;52.3;0.0;0.0;0.0;1509_direct_carried;;;0.0;727.6;0;0;0;1;0;1506
536132;1787848126120;0.0;91;91;WAITING_FOR_REST;52.3;0.0;0.0;0.0;1509_direct_carried;;;0.0;727.6;0;0;0;1;0;1508
536341;1787848126329;0.0;91;91;WAITING_FOR_REST;52.4;0.0;0.0;0.0;1509_direct;;;0.0;727.6;0;0;0;1;0;1509
536551;1787848126539;0.0;91;91;WAITING_FOR_REST;52.4;0.0;0.0;0.0;1509_direct_carried;;;0.0;727.6;0;0;0;1;0;150A
536761;1787848126749;0.0;91;91;WAITING_FOR_REST;52.4;0.0;0.0;0.0;1509_direct_carried;;;0.0;727.6;0;0;0;1;0;150B
536962;1787848126950;0.0;91;91;WAITING_FOR_REST;52.4;0.0;0.0;0.0;1509_direct_carried;;;0.0;727.6;0;0;0;1;0;150D
538010;1787848127998;0.0;91;91;WAITING_FOR_REST;52.4;0.0;0.0;0.0;1509_direct_carried;;;0.0;727.6;0;0;0;1;0;1502
538444;1787848128432;0.0;91;91;WAITING_FOR_REST;52.4;0.0;0.0;0.0;1509_direct_carried;;;0.0;727.6;0;0;0;1;0;1505
538640;1787848128628;0.0;91;91;WAITING_FOR_REST;52.4;0.0;0.0;0.0;1509_direct_carried;;;0.0;727.6;0;0;0;1;0;1506
539052;1787848129040;0.0;91;91;WAITING_FOR_REST;52.4;0.0;0.0;0.0;1509_direct_carried;;;0.0;727.6;0;0;0;1;0;1508
539261;1787848129249;0.0;91;91;STABLE;52.4;0.0;0.0;0.0;1509_direct;;;0.0;727.6;0;0;0;1;0;1509
539470;1787848129458;0.0;91;91;STABLE;52.4;0.0;0.0;0.0;1509_direct_carried;;;0.0;727.6;0;0;0;1;0;150A
539685;1787848129673;0.0;91;91;STABLE;52.4;0.0;0.0;0.0;1509_direct_carried;;;0.0;727.6;0;0;0;1;0;150B
539891;1787848129879;0.0;91;91;STABLE;52.4;0.0;0.0;0.0;1509_direct_carried;;;0.0;727.6;0;0;0;1;0;150D
540931;1787848130919;0.0;91;91;STABLE;52.4;0.0;0.0;0.0;1509_direct_carried;;;0.0;727.6;0;0;0;1;0;1502
541352;1787848131340;0.1;91;91;STABLE;52.4;0.0;0.0;0.0;1509_direct_carried;;;0.0;727.6;1;0;0;1;0;1505
541561;1787848131549;0.1;91;91;STABLE;52.4;0.0;0.0;0.0;1509_direct_carried;;;0.0;727.6;1;0;0;1;0;1506
541983;1787848131971;0.1;91;91;STABLE;52.4;0.0;0.0;0.0;1509_direct_carried;;;0.0;727.6;1;0;0;1;0;1508
542191;1787848132179;0.1;91;91;WAITING_FOR_REST;52.4;0.0;0.0;0.0;1509_direct;;;0.0;727.6;1;0;0;1;0;1509
542402;1787848132390;0.1;91;91;WAITING_FOR_REST;52.4;0.0;0.0;0.0;1509_direct_carried;;;0.0;727.6;1;0;0;1;0;150A
542611;1787848132599;0.1;91;91;WAITING_FOR_REST;52.4;0.0;0.0;0.0;1509_direct_carried;;;0.0;727.6;1;0;0;1;0;150B
542813;1787848132801;0.1;91;91;WAITING_FOR_REST;52.4;0.0;0.0;0.0;1509_direct_carried;;;0.0;727.6;1;0;0;1;0;150D
543862;1787848133850;0.1;91;91;WAITING_FOR_REST;52.4;0.0;0.0;0.0;1509_direct_carried;;;0.0;727.6;1;0;0;1;0;1502
544279;1787848134267;0.0;91;91;WAITING_FOR_REST;52.4;0.0;0.0;0.0;1509_direct_carried;;;0.0;727.6;0;0;0;1;0;1505
544489;1787848134477;0.0;91;91;WAITING_FOR_REST;52.4;0.0;0.0;0.0;1509_direct_carried;;;0.0;727.6;0;0;0;1;0;1506
544902;1787848134890;0.0;91;91;WAITING_FOR_REST;52.4;0.0;0.0;0.0;1509_direct_carried;;;0.0;727.6;0;0;0;1;0;1508
545114;1787848135102;0.0;91;91;WAITING_FOR_REST;52.4;0.0;0.0;0.0;1509_direct;;;0.0;727.6;0;0;0;1;0;1509
545321;1787848135309;0.0;91;91;WAITING_FOR_REST;52.4;0.0;0.0;0.0;1509_direct_carried;;;0.0;727.6;0;0;0;1;0;150A
545532;1787848135520;0.0;91;91;WAITING_FOR_REST;52.4;0.0;0.0;0.0;1509_direct_carried;;;0.0;727.6;0;0;0;1;0;150B
545742;1787848135730;0.0;91;91;WAITING_FOR_REST;52.4;0.0;0.0;0.0;1509_direct_carried;;;0.0;727.6;0;0;0;1;0;150D
546784;1787848136772;0.0;91;91;WAITING_FOR_REST;52.4;0.0;0.0;0.0;1509_direct_carried;;;0.0;727.6;0;0;0;1;0;1502
547203;1787848137191;0.0;91;91;WAITING_FOR_REST;52.4;0.0;0.0;0.0;1509_direct_carried;;;0.0;727.6;0;0;0;1;0;1505
547412;1787848137400;0.0;91;91;WAITING_FOR_REST;52.4;0.0;0.0;0.0;1509_direct_carried;;;0.0;727.6;0;0;0;1;0;1506
547833;1787848137821;0.0;91;91;WAITING_FOR_REST;52.4;0.0;0.0;0.0;1509_direct_carried;;;0.0;727.6;0;0;0;1;0;1508
548042;1787848138030;0.0;91;91;STABLE;52.4;0.0;0.0;0.0;1509_direct;;;0.0;727.6;0;0;0;1;0;1509
548253;1787848138241;0.0;91;91;STABLE;52.4;0.0;0.0;0.0;1509_direct_carried;;;0.0;727.6;0;0;0;1;0;150A
548462;1787848138450;0.0;91;91;STABLE;52.4;0.0;0.0;0.0;1509_direct_carried;;;0.0;727.6;0;0;0;1;0;150B
548662;1787848138650;0.0;91;91;STABLE;52.4;0.0;0.0;0.0;1509_direct_carried;;;0.0;727.6;0;0;0;1;0;150D
549712;1787848139700;0.0;91;91;STABLE;52.4;0.0;0.0;0.0;1509_direct_carried;;;0.0;727.6;0;0;0;1;0;1502
550131;1787848140119;0.1;91;91;STABLE;52.4;0.0;0.0;0.0;1509_direct_carried;;;0.0;727.6;1;0;0;1;0;1505
550343;1787848140331;0.1;91;91;STABLE;52.4;0.0;0.0;0.0;1509_direct_carried;;;0.0;727.6;1;0;0;1;0;1506
550751;1787848140739;0.1;91;91;STABLE;52.4;0.0;0.0;0.0;1509_direct_carried;;;0.0;727.6;1;0;0;1;0;1508
550963;1787848140951;0.1;91;91;WAITING_FOR_REST;52.4;0.0;0.0;0.0;1509_direct;;;0.0;727.6;1;0;0;1;0;1509
551175;1787848141163;0.1;91;91;WAITING_FOR_REST;52.4;0.0;0.0;0.0;1509_direct_carried;;;0.0;727.6;1;0;0;1;0;150A
551383;1787848141371;0.1;91;91;WAITING_FOR_REST;52.4;0.0;0.0;0.0;1509_direct_carried;;;0.0;727.6;1;0;0;1;0;150B
551593;1787848141581;0.1;91;91;WAITING_FOR_REST;52.4;0.0;0.0;0.0;1509_direct_carried;;;0.0;727.6;1;0;0;1;0;150D
552632;1787848142620;0.1;91;91;WAITING_FOR_REST;52.4;0.0;0.0;0.0;1509_direct_carried;;;0.0;727.6;1;0;0;1;0;1502
553052;1787848143040;0.0;91;91;WAITING_FOR_REST;52.4;0.0;0.0;0.0;1509_direct_carried;;;0.0;727.6;0;0;0;1;0;1505
553264;1787848143252;0.0;91;91;WAITING_FOR_REST;52.4;0.0;0.0;0.0;1509_direct_carried;;;0.0;727.6;0;0;0;1;0;1506
553681;1787848143669;0.0;91;91;WAITING_FOR_REST;52.4;0.0;0.0;0.0;1509_direct_carried;;;0.0;727.6;0;0;0;1;0;1508
553892;1787848143880;0.0;91;91;WAITING_FOR_REST;52.4;0.0;0.0;0.0;1509_direct;;;0.0;727.6;0;0;0;1;0;1509
554102;1787848144090;0.0;91;91;WAITING_FOR_REST;52.4;0.0;0.0;0.0;1509_direct_carried;;;0.0;727.6;0;0;0;1;0;150A
554312;1787848144300;0.0;91;91;WAITING_FOR_REST;52.4;0.0;0.0;0.0;1509_direct_carried;;;0.0;727.6;0;0;0;1;0;150B
554512;1787848144500;0.0;91;91;WAITING_FOR_REST;52.4;0.0;0.0;0.0;1509_direct_carried;;;0.0;727.6;0;0;0;1;0;150D
555563;1787848145551;0.0;91;91;WAITING_FOR_REST;52.4;0.0;0.0;0.0;1509_direct_carried;;;0.0;727.6;0;0;0;1;0;1502
555984;1787848145972;0.0;91;91;WAITING_FOR_REST;52.4;0.0;0.0;0.0;1509_direct_carried;;;0.0;727.6;0;0;0;1;0;1505
556194;1787848146182;0.0;91;91;WAITING_FOR_REST;52.4;0.0;0.0;0.0;1509_direct_carried;;;0.0;727.6;0;0;0;1;0;1506
556604;1787848146592;0.0;91;91;WAITING_FOR_REST;52.4;0.0;0.0;0.0;1509_direct_carried;;;0.0;727.6;0;0;0;1;0;1508
556811;1787848146799;0.0;91;91;STABLE;52.4;0.0;0.0;0.0;1509_direct;;;0.0;727.6;0;0;0;1;0;1509
557024;1787848147012;0.0;91;91;STABLE;52.4;0.0;0.0;0.0;1509_direct_carried;;;0.0;727.6;0;0;0;1;0;150A
557231;1787848147219;0.0;91;91;STABLE;52.4;0.0;0.0;0.0;1509_direct_carried;;;0.0;727.6;0;0;0;1;0;150B
557445;1787848147433;0.0;91;91;STABLE;52.4;0.0;0.0;0.0;1509_direct_carried;;;0.0;727.6;0;0;0;1;0;150D
558492;1787848148480;0.0;91;91;STABLE;52.4;0.0;0.0;0.0;1509_direct_carried;;;0.0;727.6;0;0;0;1;0;1502
558903;1787848148891;0.0;91;91;STABLE;52.4;0.0;0.0;0.0;1509_direct_carried;;;0.0;727.6;0;0;0;1;0;1505
559113;1787848149101;0.0;91;91;STABLE;52.4;0.0;0.0;0.0;1509_direct_carried;;;0.0;727.6;0;0;0;1;0;1506
559534;1787848149522;0.0;91;91;STABLE;52.4;0.0;0.0;0.0;1509_direct_carried;;;0.0;727.6;0;0;0;1;0;1508
559744;1787848149732;0.0;91;91;WAITING_FOR_REST;52.4;0.0;0.0;0.0;1509_direct;;;0.0;727.6;0;0;0;1;0;1509
559954;1787848149942;0.0;91;91;WAITING_FOR_REST;52.4;0.0;0.0;0.0;1509_direct_carried;;;0.0;727.6;0;0;0;1;0;150A
560164;1787848150152;0.0;91;91;WAITING_FOR_REST;52.4;0.0;0.0;0.0;1509_direct_carried;;;0.0;727.6;0;0;0;1;0;150B
560374;1787848150362;0.0;91;91;WAITING_FOR_REST;52.4;0.0;0.0;0.0;1509_direct_carried;;;0.0;727.6;0;0;0;1;0;150D
561413;1787848151401;0.0;91;91;WAITING_FOR_REST;52.4;0.0;0.0;0.0;1509_direct_carried;;;0.0;727.6;0;0;0;1;0;1502
561838;1787848151826;0.0;91;91;WAITING_FOR_REST;52.4;0.0;0.0;0.0;1509_direct_carried;;;0.0;727.6;0;0;0;1;0;1505
562042;1787848152030;0.0;91;91;WAITING_FOR_REST;52.4;0.0;0.0;0.0;1509_direct_carried;;;0.0;727.6;0;0;0;1;0;1506
562455;1787848152443;0.0;91;91;WAITING_FOR_REST;52.4;0.0;0.0;0.0;1509_direct_carried;;;0.0;727.6;0;0;0;1;0;1508
562662;1787848152650;0.0;91;91;WAITING_FOR_REST;52.4;0.0;0.0;0.0;1509_direct;;;0.0;727.6;0;0;0;1;0;1509
562872;1787848152860;0.0;91;91;WAITING_FOR_REST;52.4;0.0;0.0;0.0;1509_direct_carried;;;0.0;727.6;0;0;0;1;0;150A
563082;1787848153070;0.0;91;91;WAITING_FOR_REST;52.4;0.0;0.0;0.0;1509_direct_carried;;;0.0;727.6;0;0;0;1;0;150B
563303;1787848153291;0.0;91;91;WAITING_FOR_REST;52.4;0.0;0.0;0.0;1509_direct_carried;;;0.0;727.6;0;0;0;1;0;150D
564332;1787848154320;0.0;91;91;WAITING_FOR_REST;52.4;0.0;0.0;0.0;1509_direct_carried;;;0.0;727.6;0;0;0;1;0;1502
564752;1787848154740;0.0;91;91;WAITING_FOR_REST;52.4;0.0;0.0;0.0;1509_direct_carried;;;0.0;727.6;0;0;0;1;0;1505
564963;1787848154951;0.0;91;91;WAITING_FOR_REST;52.4;0.0;0.0;0.0;1509_direct_carried;;;0.0;727.6;0;0;0;1;0;1506
565383;1787848155371;0.0;91;91;WAITING_FOR_REST;52.4;0.0;0.0;0.0;1509_direct_carried;;;0.0;727.6;0;0;0;1;0;1508
565595;1787848155583;0.0;91;91;STABLE;52.4;0.0;0.0;0.0;1509_direct;;;0.0;727.6;0;0;0;1;0;1509
565801;1787848155789;0.0;91;91;STABLE;52.4;0.0;0.0;0.0;1509_direct_carried;;;0.0;727.6;0;0;0;1;0;150A
566013;1787848156001;0.0;91;91;STABLE;52.4;0.0;0.0;0.0;1509_direct_carried;;;0.0;727.6;0;0;0;1;0;150B
566225;1787848156213;0.0;91;91;STABLE;52.4;0.0;0.0;0.0;1509_direct_carried;;;0.0;727.6;0;0;0;1;0;150D
567263;1787848157251;0.0;91;91;STABLE;52.4;0.0;0.0;0.0;1509_direct_carried;;;0.0;727.6;0;0;0;1;0;1502
567684;1787848157672;0.0;91;91;STABLE;52.4;0.0;0.0;0.0;1509_direct_carried;;;0.0;727.6;0;0;0;1;0;1505
567892;1787848157880;0.0;91;91;STABLE;52.4;0.0;0.0;0.0;1509_direct_carried;;;0.0;727.6;0;0;0;1;0;1506
568302;1787848158290;0.0;91;91;STABLE;52.4;0.0;0.0;0.0;1509_direct_carried;;;0.0;727.6;0;0;0;1;0;1508
568514;1787848158502;0.0;91;91;WAITING_FOR_REST;52.4;0.0;0.0;0.0;1509_direct;;;0.0;727.6;0;0;0;1;0;1509
568723;1787848158711;0.0;91;91;WAITING_FOR_REST;52.4;0.0;0.0;0.0;1509_direct_carried;;;0.0;727.6;0;0;0;1;0;150A
568933;1787848158921;0.0;91;91;WAITING_FOR_REST;52.4;0.0;0.0;0.0;1509_direct_carried;;;0.0;727.6;0;0;0;1;0;150B
569143;1787848159131;0.0;91;91;WAITING_FOR_REST;52.4;0.0;0.0;0.0;1509_direct_carried;;;0.0;727.6;0;0;0;1;0;150D
570183;1787848160171;0.0;91;91;WAITING_FOR_REST;52.4;0.0;0.0;0.0;1509_direct_carried;;;0.0;727.6;0;0;0;1;0;1502
570604;1787848160592;0.0;91;91;WAITING_FOR_REST;52.4;0.0;0.0;0.0;1509_direct_carried;;;0.0;727.6;0;0;0;1;0;1505
570813;1787848160801;0.0;91;91;WAITING_FOR_REST;52.4;0.0;0.0;0.0;1509_direct_carried;;;0.0;727.6;0;0;0;1;0;1506
571235;1787848161223;0.0;91;91;WAITING_FOR_REST;52.4;0.0;0.0;0.0;1509_direct_carried;;;0.0;727.6;0;0;0;1;0;1508
571445;1787848161433;0.0;91;91;WAITING_FOR_REST;52.4;0.0;0.0;0.0;1509_direct;;;0.0;727.6;0;0;0;1;0;1509
571655;1787848161643;0.0;91;91;WAITING_FOR_REST;52.4;0.0;0.0;0.0;1509_direct_carried;;;0.0;727.6;0;0;0;1;0;150A
571865;1787848161853;0.0;91;91;WAITING_FOR_REST;52.4;0.0;0.0;0.0;1509_direct_carried;;;0.0;727.6;0;0;0;1;0;150B
572075;1787848162063;0.0;91;91;WAITING_FOR_REST;52.4;0.0;0.0;0.0;1509_direct_carried;;;0.0;727.6;0;0;0;1;0;150D
573114;1787848163102;0.0;91;91;WAITING_FOR_REST;52.4;0.0;0.0;0.0;1509_direct_carried;;;0.0;727.6;0;0;0;1;0;1502
573533;1787848163521;0.0;91;91;WAITING_FOR_REST;52.4;0.0;0.0;0.0;1509_direct_carried;;;0.0;727.6;0;0;0;1;0;1505
573744;1787848163732;0.0;91;91;WAITING_FOR_REST;52.4;0.0;0.0;0.0;1509_direct_carried;;;0.0;727.6;0;0;0;1;0;1506
574153;1787848164141;0.0;91;91;WAITING_FOR_REST;52.4;0.0;0.0;0.0;1509_direct_carried;;;0.0;727.6;0;0;0;1;0;1508
574363;1787848164351;0.0;91;91;STABLE;52.4;0.0;0.0;0.0;1509_direct;;;0.0;727.6;0;0;0;1;0;1509
574574;1787848164562;0.0;91;91;STABLE;52.4;0.0;0.0;0.0;1509_direct_carried;;;0.0;727.6;0;0;0;1;0;150A
574782;1787848164770;0.0;91;91;STABLE;52.4;0.0;0.0;0.0;1509_direct_carried;;;0.0;727.6;0;0;0;1;0;150B
574994;1787848164982;0.0;91;91;STABLE;52.4;0.0;0.0;0.0;1509_direct_carried;;;0.0;727.6;0;0;0;1;0;150D
576033;1787848166021;0.0;91;91;STABLE;52.4;0.0;0.0;0.0;1509_direct_carried;;;0.0;727.6;0;0;0;1;0;1502
576457;1787848166445;0.0;91;91;STABLE;52.4;0.0;0.0;0.0;1509_direct_carried;;;0.0;727.6;0;0;0;1;0;1505
576666;1787848166654;0.0;91;91;STABLE;52.4;0.0;0.0;0.0;1509_direct_carried;;;0.0;727.6;0;0;0;1;0;1506
577085;1787848167073;0.0;91;91;STABLE;52.4;0.0;0.0;0.0;1509_direct_carried;;;0.0;727.6;0;0;0;1;0;1508
577295;1787848167283;0.0;91;91;WAITING_FOR_REST;52.4;0.0;0.0;0.0;1509_direct;;;0.0;727.6;0;0;0;1;0;1509
577503;1787848167491;0.0;91;91;WAITING_FOR_REST;52.4;0.0;0.0;0.0;1509_direct_carried;;;0.0;727.6;0;0;0;1;0;150A
577715;1787848167703;0.0;91;91;WAITING_FOR_REST;52.4;0.0;0.0;0.0;1509_direct_carried;;;0.0;727.6;0;0;0;1;0;150B
577925;1787848167913;0.0;91;91;WAITING_FOR_REST;52.4;0.0;0.0;0.0;1509_direct_carried;;;0.0;727.6;0;0;0;1;0;150D
578965;1787848168953;0.0;91;91;WAITING_FOR_REST;52.4;0.0;0.0;0.0;1509_direct_carried;;;0.0;727.6;0;0;0;1;0;1502
579386;1787848169374;0.0;91;91;WAITING_FOR_REST;52.4;0.0;0.0;0.0;1509_direct_carried;;;0.0;727.6;0;0;0;1;0;1505
579593;1787848169581;0.0;91;91;WAITING_FOR_REST;52.4;0.0;0.0;0.0;1509_direct_carried;;;0.0;727.6;0;0;0;1;0;1506
580006;1787848169994;0.0;91;91;WAITING_FOR_REST;52.4;0.0;0.0;0.0;1509_direct_carried;;;0.0;727.6;0;0;0;1;0;1508
580215;1787848170203;0.0;91;91;WAITING_FOR_REST;52.3;0.0;0.0;0.0;1509_direct;;;0.0;727.6;0;0;0;1;0;1509
580424;1787848170412;0.0;91;91;WAITING_FOR_REST;52.3;0.0;0.0;0.0;1509_direct_carried;;;0.0;727.6;0;0;0;1;0;150A
580635;1787848170623;0.0;91;91;WAITING_FOR_REST;52.3;0.0;0.0;0.0;1509_direct_carried;;;0.0;727.6;0;0;0;1;0;150B
580844;1787848170832;0.0;91;91;WAITING_FOR_REST;52.3;0.0;0.0;0.0;1509_direct_carried;;;0.0;727.6;0;0;0;1;0;150D
581885;1787848171873;0.0;91;91;WAITING_FOR_REST;52.3;0.0;0.0;0.0;1509_direct_carried;;;0.0;727.6;0;0;0;1;0;1502
582305;1787848172293;0.0;91;91;WAITING_FOR_REST;52.3;0.0;0.0;0.0;1509_direct_carried;;;0.0;727.6;0;0;0;1;0;1505
582513;1787848172501;0.0;91;91;WAITING_FOR_REST;52.3;0.0;0.0;0.0;1509_direct_carried;;;0.0;727.6;0;0;0;1;0;1506
582936;1787848172924;0.0;91;91;WAITING_FOR_REST;52.3;0.0;0.0;0.0;1509_direct_carried;;;0.0;727.6;0;0;0;1;0;1508
583145;1787848173133;0.0;91;91;STABLE;52.4;0.0;0.0;0.0;1509_direct;;;0.0;727.6;0;0;0;1;0;1509
583354;1787848173342;0.0;91;91;STABLE;52.4;0.0;0.0;0.0;1509_direct_carried;;;0.0;727.6;0;0;0;1;0;150A
583566;1787848173554;0.0;91;91;STABLE;52.4;0.0;0.0;0.0;1509_direct_carried;;;0.0;727.6;0;0;0;1;0;150B
583775;1787848173763;0.0;91;91;STABLE;52.4;0.0;0.0;0.0;1509_direct_carried;;;0.0;727.6;0;0;0;1;0;150D
584814;1787848174802;0.0;91;91;STABLE;52.4;0.0;0.0;0.0;1509_direct_carried;;;0.0;727.6;0;0;0;1;0;1502
585235;1787848175223;0.0;91;91;STABLE;52.4;0.0;0.0;0.0;1509_direct_carried;;;0.0;727.6;0;0;0;1;0;1505
585444;1787848175432;0.0;91;91;STABLE;52.4;0.0;0.0;0.0;1509_direct_carried;;;0.0;727.6;0;0;0;1;0;1506
585855;1787848175843;0.0;91;91;STABLE;52.4;0.0;0.0;0.0;1509_direct_carried;;;0.0;727.6;0;0;0;1;0;1508
586065;1787848176053;0.0;91;91;WAITING_FOR_REST;52.4;0.0;0.0;0.0;1509_direct;;;0.0;727.6;0;0;0;1;0;1509
586274;1787848176262;0.0;91;91;WAITING_FOR_REST;52.4;0.0;0.0;0.0;1509_direct_carried;;;0.0;727.6;0;0;0;1;0;150A
586485;1787848176473;0.0;91;91;WAITING_FOR_REST;52.4;0.0;0.0;0.0;1509_direct_carried;;;0.0;727.6;0;0;0;1;0;150B
586695;1787848176683;0.0;91;91;WAITING_FOR_REST;52.4;0.0;0.0;0.0;1509_direct_carried;;;0.0;727.6;0;0;0;1;0;150D
587742;1787848177730;0.0;91;91;WAITING_FOR_REST;52.4;0.0;0.0;0.0;1509_direct_carried;;;0.0;727.6;0;0;0;1;0;1502
588156;1787848178144;0.0;91;91;WAITING_FOR_REST;52.4;0.0;0.0;0.0;1509_direct_carried;;;0.0;727.6;0;0;0;1;0;1505
588364;1787848178352;0.0;91;91;WAITING_FOR_REST;52.4;0.0;0.0;0.0;1509_direct_carried;;;0.0;727.6;0;0;0;1;0;1506
588784;1787848178772;0.0;91;91;WAITING_FOR_REST;52.4;0.0;0.0;0.0;1509_direct_carried;;;0.0;727.6;0;0;0;1;0;1508
588997;1787848178985;0.0;91;91;WAITING_FOR_REST;52.4;0.0;0.0;0.0;1509_direct;;;0.0;727.6;0;0;0;1;0;1509
589205;1787848179193;0.0;91;91;WAITING_FOR_REST;52.4;0.0;0.0;0.0;1509_direct_carried;;;0.0;727.6;0;0;0;1;0;150A
589417;1787848179405;0.0;91;91;WAITING_FOR_REST;52.4;0.0;0.0;0.0;1509_direct_carried;;;0.0;727.6;0;0;0;1;0;150B
589624;1787848179612;0.0;91;91;WAITING_FOR_REST;52.4;0.0;0.0;0.0;1509_direct_carried;;;0.0;727.6;0;0;0;1;0;150D
590668;1787848180656;0.0;91;91;WAITING_FOR_REST;52.4;0.0;0.0;0.0;1509_direct_carried;;;0.0;727.6;0;0;0;1;0;1502
591086;1787848181074;0.0;91;91;WAITING_FOR_REST;52.4;0.0;0.0;0.0;1509_direct_carried;;;0.0;727.6;0;0;0;1;0;1505
591294;1787848181282;0.0;91;91;WAITING_FOR_REST;52.4;0.0;0.0;0.0;1509_direct_carried;;;0.0;727.6;0;0;0;1;0;1506
591716;1787848181704;0.0;91;91;WAITING_FOR_REST;52.4;0.0;0.0;0.0;1509_direct_carried;;;0.0;727.6;0;0;0;1;0;1508
591915;1787848181903;0.0;91;91;STABLE;52.4;0.0;0.0;0.0;1509_direct;;;0.0;727.6;0;0;0;1;0;1509
592125;1787848182113;0.0;91;91;STABLE;52.4;0.0;0.0;0.0;1509_direct_carried;;;0.0;727.6;0;0;0;1;0;150A
592335;1787848182323;0.0;91;91;STABLE;52.4;0.0;0.0;0.0;1509_direct_carried;;;0.0;727.6;0;0;0;1;0;150B
592546;1787848182534;0.0;91;91;STABLE;52.4;0.0;0.0;0.0;1509_direct_carried;;;0.0;727.6;0;0;0;1;0;150D
593596;1787848183584;0.0;91;91;STABLE;52.4;0.0;0.0;0.0;1509_direct_carried;;;0.0;727.6;0;0;0;1;0;1502
594005;1787848183993;0.0;91;91;STABLE;52.4;0.0;0.0;0.0;1509_direct_carried;;;0.0;727.6;0;0;0;1;0;1505
594216;1787848184204;0.0;91;91;STABLE;52.4;0.0;0.0;0.0;1509_direct_carried;;;0.0;727.6;0;0;0;1;0;1506
594637;1787848184625;0.0;91;91;STABLE;52.4;0.0;0.0;0.0;1509_direct_carried;;;0.0;727.6;0;0;0;1;0;1508
594846;1787848184834;0.0;91;91;WAITING_FOR_REST;52.4;0.0;0.0;0.0;1509_direct;;;0.0;727.6;0;0;0;1;0;1509
595056;1787848185044;0.0;91;91;WAITING_FOR_REST;52.4;0.0;0.0;0.0;1509_direct_carried;;;0.0;727.6;0;0;0;1;0;150A
595266;1787848185254;0.0;91;91;WAITING_FOR_REST;52.4;0.0;0.0;0.0;1509_direct_carried;;;0.0;727.6;0;0;0;1;0;150B
595476;1787848185464;0.0;91;91;WAITING_FOR_REST;52.4;0.0;0.0;0.0;1509_direct_carried;;;0.0;727.6;0;0;0;1;0;150D
596517;1787848186505;0.0;91;91;WAITING_FOR_REST;52.4;0.0;0.0;0.0;1509_direct_carried;;;0.0;727.6;0;0;0;1;0;1502
596936;1787848186924;0.0;91;91;WAITING_FOR_REST;52.4;0.0;0.0;0.0;1509_direct_carried;;;0.0;727.6;0;0;0;1;0;1505
597147;1787848187135;0.0;91;91;WAITING_FOR_REST;52.4;0.0;0.0;0.0;1509_direct_carried;;;0.0;727.6;0;0;0;1;0;1506
597566;1787848187554;0.0;91;91;WAITING_FOR_REST;52.4;0.0;0.0;0.0;1509_direct_carried;;;0.0;727.6;0;0;0;1;0;1508
597766;1787848187754;0.0;91;91;WAITING_FOR_REST;52.4;0.0;0.0;0.0;1509_direct;;;0.0;727.6;0;0;0;1;0;1509
597977;1787848187965;0.0;91;91;WAITING_FOR_REST;52.4;0.0;0.0;0.0;1509_direct_carried;;;0.0;727.6;0;0;0;1;0;150A
598187;1787848188175;0.0;91;91;WAITING_FOR_REST;52.4;0.0;0.0;0.0;1509_direct_carried;;;0.0;727.6;0;0;0;1;0;150B
598396;1787848188384;0.0;91;91;WAITING_FOR_REST;52.4;0.0;0.0;0.0;1509_direct_carried;;;0.0;727.6;0;0;0;1;0;150D
599446;1787848189434;0.0;91;91;WAITING_FOR_REST;52.4;0.0;0.0;0.0;1509_direct_carried;;;0.0;727.6;0;0;0;1;0;1502
599867;1787848189855;0.0;91;91;WAITING_FOR_REST;52.4;0.0;0.0;0.0;1509_direct_carried;;;0.0;727.6;0;0;0;1;0;1505
600065;1787848190053;0.0;91;91;WAITING_FOR_REST;52.4;0.0;0.0;0.0;1509_direct_carried;;;0.0;727.6;0;0;0;1;0;1506
600486;1787848190474;0.0;91;91;WAITING_FOR_REST;52.4;0.0;0.0;0.0;1509_direct_carried;;;0.0;727.6;0;0;0;1;0;1508
600696;1787848190684;0.0;91;91;STABLE;52.4;0.0;0.0;0.0;1509_direct;;;0.0;727.6;0;0;0;1;0;1509
600908;1787848190896;0.0;91;91;STABLE;52.4;0.0;0.0;0.0;1509_direct_carried;;;0.0;727.6;0;0;0;1;0;150A
601117;1787848191105;0.0;91;91;STABLE;52.4;0.0;0.0;0.0;1509_direct_carried;;;0.0;727.6;0;0;0;1;0;150B
601327;1787848191315;0.0;91;91;STABLE;52.4;0.0;0.0;0.0;1509_direct_carried;;;0.0;727.6;0;0;0;1;0;150D
602366;1787848192354;0.0;91;91;STABLE;52.4;0.0;0.0;0.0;1509_direct_carried;;;0.0;727.6;0;0;0;1;0;1502
602786;1787848192774;0.0;91;91;STABLE;52.4;0.0;0.0;0.0;1509_direct_carried;;;0.0;727.6;0;0;0;1;0;1505
602998;1787848192986;0.0;91;91;STABLE;52.4;0.0;0.0;0.0;1509_direct_carried;;;0.0;727.6;0;0;0;1;0;1506
603417;1787848193405;0.0;91;91;STABLE;52.4;0.0;0.0;0.0;1509_direct_carried;;;0.0;727.6;0;0;0;1;0;1508
603628;1787848193616;0.0;91;91;WAITING_FOR_REST;52.4;0.0;0.0;0.0;1509_direct;;;0.0;727.6;0;0;0;1;0;1509
603826;1787848193814;0.0;91;91;WAITING_FOR_REST;52.4;0.0;0.0;0.0;1509_direct_carried;;;0.0;727.6;0;0;0;1;0;150A
604036;1787848194024;0.0;91;91;WAITING_FOR_REST;52.4;0.0;0.0;0.0;1509_direct_carried;;;0.0;727.6;0;0;0;1;0;150B
604246;1787848194234;0.0;91;91;WAITING_FOR_REST;52.4;0.0;0.0;0.0;1509_direct_carried;;;0.0;727.6;0;0;0;1;0;150D
605295;1787848195283;0.0;91;91;WAITING_FOR_REST;52.4;0.0;0.0;0.0;1509_direct_carried;;;0.0;727.6;0;0;0;1;0;1502
605718;1787848195706;0.0;91;91;WAITING_FOR_REST;52.4;0.0;0.0;0.0;1509_direct_carried;;;0.0;727.6;0;0;0;1;0;1505
605917;1787848195905;0.0;91;91;WAITING_FOR_REST;52.4;0.0;0.0;0.0;1509_direct_carried;;;0.0;727.6;0;0;0;1;0;1506
606336;1787848196324;0.0;91;91;WAITING_FOR_REST;52.4;0.0;0.0;0.0;1509_direct_carried;;;0.0;727.6;0;0;0;1;0;1508
606546;1787848196534;0.0;91;91;WAITING_FOR_REST;52.4;0.0;0.0;0.0;1509_direct;;;0.0;727.6;0;0;0;1;0;1509
606758;1787848196746;0.0;91;91;WAITING_FOR_REST;52.4;0.0;0.0;0.0;1509_direct_carried;;;0.0;727.6;0;0;0;1;0;150A
606968;1787848196956;0.0;91;91;WAITING_FOR_REST;52.4;0.0;0.0;0.0;1509_direct_carried;;;0.0;727.6;0;0;0;1;0;150B
607176;1787848197164;0.0;91;91;WAITING_FOR_REST;52.4;0.0;0.0;0.0;1509_direct_carried;;;0.0;727.6;0;0;0;1;0;150D
608218;1787848198206;0.0;91;91;WAITING_FOR_REST;52.4;0.0;0.0;0.0;1509_direct_carried;;;0.0;727.6;0;0;0;1;0;1502
608638;1787848198626;0.0;91;91;WAITING_FOR_REST;52.4;0.0;0.0;0.0;1509_direct_carried;;;0.0;727.6;0;0;0;1;0;1505
608847;1787848198835;0.0;91;91;WAITING_FOR_REST;52.4;0.0;0.0;0.0;1509_direct_carried;;;0.0;727.6;0;0;0;1;0;1506
609268;1787848199256;0.0;91;91;WAITING_FOR_REST;52.4;0.0;0.0;0.0;1509_direct_carried;;;0.0;727.6;0;0;0;1;0;1508
609477;1787848199465;0.0;91;91;STABLE;52.4;0.0;0.0;0.0;1509_direct;;;0.0;727.6;0;0;0;1;0;1509
609686;1787848199674;0.0;91;91;STABLE;52.4;0.0;0.0;0.0;1509_direct_carried;;;0.0;727.6;0;0;0;1;0;150A
609898;1787848199886;0.0;91;91;STABLE;52.4;0.0;0.0;0.0;1509_direct_carried;;;0.0;727.6;0;0;0;1;0;150B
610097;1787848200085;0.0;91;91;STABLE;52.4;0.0;0.0;0.0;1509_direct_carried;;;0.0;727.6;0;0;0;1;0;150D
611147;1787848201135;0.0;91;91;STABLE;52.4;0.0;0.0;0.0;1509_direct_carried;;;0.0;727.6;0;0;0;1;0;1502
611567;1787848201555;0.0;91;91;STABLE;52.4;0.0;0.0;0.0;1509_direct_carried;;;0.0;727.6;0;0;0;1;0;1505
611778;1787848201766;0.0;91;91;STABLE;52.4;0.0;0.0;0.0;1509_direct_carried;;;0.0;727.6;0;0;0;1;0;1506
612187;1787848202175;0.0;91;91;STABLE;52.4;0.0;0.0;0.0;1509_direct_carried;;;0.0;727.6;0;0;0;1;0;1508
612399;1787848202387;0.0;91;91;WAITING_FOR_REST;52.4;0.0;0.0;0.0;1509_direct;;;0.0;727.6;0;0;0;1;0;1509
612607;1787848202595;0.0;91;91;WAITING_FOR_REST;52.4;0.0;0.0;0.0;1509_direct_carried;;;0.0;727.6;0;0;0;1;0;150A
612816;1787848202804;0.0;91;91;WAITING_FOR_REST;52.4;0.0;0.0;0.0;1509_direct_carried;;;0.0;727.6;0;0;0;1;0;150B
613028;1787848203016;0.0;91;91;WAITING_FOR_REST;52.4;0.0;0.0;0.0;1509_direct_carried;;;0.0;727.6;0;0;0;1;0;150D
614069;1787848204057;0.0;91;91;WAITING_FOR_REST;52.4;0.0;0.0;0.0;1509_direct_carried;;;0.0;727.6;0;0;0;1;0;1502
614487;1787848204475;0.0;91;91;WAITING_FOR_REST;52.4;0.0;0.0;0.0;1509_direct_carried;;;0.0;727.6;0;0;0;1;0;1505
614697;1787848204685;0.0;91;91;WAITING_FOR_REST;52.4;0.0;0.0;0.0;1509_direct_carried;;;0.0;727.6;0;0;0;1;0;1506
615117;1787848205105;0.0;91;91;WAITING_FOR_REST;52.4;0.0;0.0;0.0;1509_direct_carried;;;0.0;727.6;0;0;0;1;0;1508
615328;1787848205316;0.0;91;91;WAITING_FOR_REST;52.4;0.0;0.0;0.0;1509_direct;;;0.0;727.6;0;0;0;1;0;1509
615536;1787848205524;0.0;91;91;WAITING_FOR_REST;52.4;0.0;0.0;0.0;1509_direct_carried;;;0.0;727.6;0;0;0;1;0;150A
615747;1787848205735;0.0;91;91;WAITING_FOR_REST;52.4;0.0;0.0;0.0;1509_direct_carried;;;0.0;727.6;0;0;0;1;0;150B
615958;1787848205946;0.0;91;91;WAITING_FOR_REST;52.4;0.0;0.0;0.0;1509_direct_carried;;;0.0;727.6;0;0;0;1;0;150D
616999;1787848206987;0.0;91;91;WAITING_FOR_REST;52.4;0.0;0.0;0.0;1509_direct_carried;;;0.0;727.6;0;0;0;1;0;1502
617419;1787848207407;0.0;91;91;WAITING_FOR_REST;52.4;0.0;0.0;0.0;1509_direct_carried;;;0.0;727.6;0;0;0;1;0;1505
617627;1787848207615;0.0;91;91;WAITING_FOR_REST;52.4;0.0;0.0;0.0;1509_direct_carried;;;0.0;727.6;0;0;0;1;0;1506
618048;1787848208036;0.0;91;91;WAITING_FOR_REST;52.4;0.0;0.0;0.0;1509_direct_carried;;;0.0;727.6;0;0;0;1;0;1508
618248;1787848208236;0.0;91;91;STABLE;52.4;0.0;0.0;0.0;1509_direct;;;0.0;727.6;0;0;0;1;0;1509
618457;1787848208445;0.0;91;91;STABLE;52.4;0.0;0.0;0.0;1509_direct_carried;;;0.0;727.6;0;0;0;1;0;150A
618668;1787848208656;0.0;91;91;STABLE;52.4;0.0;0.0;0.0;1509_direct_carried;;;0.0;727.6;0;0;0;1;0;150B
618877;1787848208865;0.0;91;91;STABLE;52.4;0.0;0.0;0.0;1509_direct_carried;;;0.0;727.6;0;0;0;1;0;150D
619927;1787848209915;0.0;91;91;STABLE;52.4;0.0;0.0;0.0;1509_direct_carried;;;0.0;727.6;0;0;0;1;0;1502
620338;1787848210326;0.0;91;91;STABLE;52.4;0.0;0.0;0.0;1509_direct_carried;;;0.0;727.6;0;0;0;1;0;1505
620547;1787848210535;0.0;91;91;STABLE;52.4;0.0;0.0;0.0;1509_direct_carried;;;0.0;727.6;0;0;0;1;0;1506
620969;1787848210957;0.0;91;91;STABLE;52.4;0.0;0.0;0.0;1509_direct_carried;;;0.0;727.6;0;0;0;1;0;1508
621178;1787848211166;0.0;91;91;WAITING_FOR_REST;52.4;0.0;0.0;0.0;1509_direct;;;0.0;727.6;0;0;0;1;0;1509
621387;1787848211375;0.0;91;91;WAITING_FOR_REST;52.4;0.0;0.0;0.0;1509_direct_carried;;;0.0;727.6;0;0;0;1;0;150A
621600;1787848211588;0.0;91;91;WAITING_FOR_REST;52.4;0.0;0.0;0.0;1509_direct_carried;;;0.0;727.6;0;0;0;1;0;150B
621810;1787848211798;0.0;91;91;WAITING_FOR_REST;52.4;0.0;0.0;0.0;1509_direct_carried;;;0.0;727.6;0;0;0;1;0;150D
622849;1787848212837;0.0;91;91;WAITING_FOR_REST;52.4;0.0;0.0;0.0;1509_direct_carried;;;0.0;727.6;0;0;0;1;0;1502
623268;1787848213256;0.0;91;91;WAITING_FOR_REST;52.4;0.0;0.0;0.0;1509_direct_carried;;;0.0;727.6;0;0;0;1;0;1505
623477;1787848213465;0.0;91;91;WAITING_FOR_REST;52.4;0.0;0.0;0.0;1509_direct_carried;;;0.0;727.6;0;0;0;1;0;1506
623899;1787848213887;0.0;91;91;WAITING_FOR_REST;52.4;0.0;0.0;0.0;1509_direct_carried;;;0.0;727.6;0;0;0;1;0;1508
624107;1787848214095;0.0;91;91;WAITING_FOR_REST;52.4;0.0;0.0;0.0;1509_direct;;;0.0;727.6;0;0;0;1;0;1509
624308;1787848214296;0.0;91;91;WAITING_FOR_REST;52.4;0.0;0.0;0.0;1509_direct_carried;;;0.0;727.6;0;0;0;1;0;150A
624519;1787848214507;0.0;91;91;WAITING_FOR_REST;52.4;0.0;0.0;0.0;1509_direct_carried;;;0.0;727.6;0;0;0;1;0;150B
624729;1787848214717;0.0;91;91;WAITING_FOR_REST;52.4;0.0;0.0;0.0;1509_direct_carried;;;0.0;727.6;0;0;0;1;0;150D
625777;1787848215765;0.0;91;91;WAITING_FOR_REST;52.4;0.0;0.0;0.0;1509_direct_carried;;;0.0;727.6;0;0;0;1;0;1502
626198;1787848216186;0.0;91;91;WAITING_FOR_REST;52.4;0.0;0.0;0.0;1509_direct_carried;;;0.0;727.6;0;0;0;1;0;1505
626399;1787848216387;0.0;91;91;WAITING_FOR_REST;52.4;0.0;0.0;0.0;1509_direct_carried;;;0.0;727.6;0;0;0;1;0;1506
626820;1787848216808;0.0;91;91;WAITING_FOR_REST;52.4;0.0;0.0;0.0;1509_direct_carried;;;0.0;727.6;0;0;0;1;0;1508
627029;1787848217017;0.0;91;91;STABLE;52.4;0.0;0.0;0.0;1509_direct;;;0.0;727.6;0;0;0;1;0;1509
627240;1787848217228;0.0;91;91;STABLE;52.4;0.0;0.0;0.0;1509_direct_carried;;;0.0;727.6;0;0;0;1;0;150A
627449;1787848217437;0.0;91;91;STABLE;52.4;0.0;0.0;0.0;1509_direct_carried;;;0.0;727.6;0;0;0;1;0;150B
627658;1787848217646;0.0;91;91;STABLE;52.4;0.0;0.0;0.0;1509_direct_carried;;;0.0;727.6;0;0;0;1;0;150D
628698;1787848218686;0.0;91;91;STABLE;52.4;0.0;0.0;0.0;1509_direct_carried;;;0.0;727.6;0;0;0;1;0;1502
629119;1787848219107;0.0;91;91;STABLE;52.4;0.0;0.0;0.0;1509_direct_carried;;;0.0;727.6;0;0;0;1;0;1505
629331;1787848219319;0.0;91;91;STABLE;52.4;0.0;0.0;0.0;1509_direct_carried;;;0.0;727.6;0;0;0;1;0;1506
629749;1787848219737;0.0;91;91;STABLE;52.4;0.0;0.0;0.0;1509_direct_carried;;;0.0;727.6;0;0;0;1;0;1508
629958;1787848219946;0.0;91;91;WAITING_FOR_REST;52.4;0.0;0.0;0.0;1509_direct;;;0.0;727.6;0;0;0;1;0;1509
630169;1787848220157;0.0;91;91;WAITING_FOR_REST;52.4;0.0;0.0;0.0;1509_direct_carried;;;0.0;727.6;0;0;0;1;0;150A
630379;1787848220367;0.0;91;91;WAITING_FOR_REST;52.4;0.0;0.0;0.0;1509_direct_carried;;;0.0;727.6;0;0;0;1;0;150B
630577;1787848220565;0.0;91;91;WAITING_FOR_REST;52.4;0.0;0.0;0.0;1509_direct_carried;;;0.0;727.6;0;0;0;1;0;150D
631627;1787848221615;0.0;91;91;WAITING_FOR_REST;52.4;0.0;0.0;0.0;1509_direct_carried;;;0.0;727.6;0;0;0;1;0;1502
632047;1787848222035;0.0;91;91;WAITING_FOR_REST;52.4;0.0;0.0;0.0;1509_direct_carried;;;0.0;727.6;0;0;0;1;0;1505
632258;1787848222246;0.0;91;91;WAITING_FOR_REST;52.4;0.0;0.0;0.0;1509_direct_carried;;;0.0;727.6;0;0;0;1;0;1506
632667;1787848222655;0.0;91;91;WAITING_FOR_REST;52.4;0.0;0.0;0.0;1509_direct_carried;;;0.0;727.6;0;0;0;1;0;1508
632876;1787848222864;0.0;91;91;WAITING_FOR_REST;52.4;0.0;0.0;0.0;1509_direct;;;0.0;727.6;0;0;0;1;0;1509
633087;1787848223075;0.0;91;91;WAITING_FOR_REST;52.4;0.0;0.0;0.0;1509_direct_carried;;;0.0;727.6;0;0;0;1;0;150A
633298;1787848223286;0.0;91;91;WAITING_FOR_REST;52.4;0.0;0.0;0.0;1509_direct_carried;;;0.0;727.6;0;0;0;1;0;150B
633507;1787848223495;0.0;91;91;WAITING_FOR_REST;52.4;0.0;0.0;0.0;1509_direct_carried;;;0.0;727.6;0;0;0;1;0;150D
634560;1787848224548;0.0;91;91;WAITING_FOR_REST;52.4;0.0;0.0;0.0;1509_direct_carried;;;0.0;727.6;0;0;0;1;0;1502
634968;1787848224956;0.0;91;91;WAITING_FOR_REST;52.4;0.0;0.0;0.0;1509_direct_carried;;;0.0;727.6;0;0;0;1;0;1505
635180;1787848225168;0.0;91;91;WAITING_FOR_REST;52.4;0.0;0.0;0.0;1509_direct_carried;;;0.0;727.6;0;0;0;1;0;1506
635597;1787848225585;0.0;91;91;WAITING_FOR_REST;52.4;0.0;0.0;0.0;1509_direct_carried;;;0.0;727.6;0;0;0;1;0;1508
635810;1787848225798;0.0;91;91;STABLE;52.3;0.0;0.0;0.0;1509_direct;;;0.0;727.6;0;0;0;1;0;1509
636021;1787848226009;0.0;91;91;STABLE;52.3;0.0;0.0;0.0;1509_direct_carried;;;0.0;727.6;0;0;0;1;0;150A
636229;1787848226217;0.0;91;91;STABLE;52.3;0.0;0.0;0.0;1509_direct_carried;;;0.0;727.6;0;0;0;1;0;150B
636439;1787848226427;0.0;91;91;STABLE;52.3;0.0;0.0;0.0;1509_direct_carried;;;0.0;727.6;0;0;0;1;0;150D
637481;1787848227469;0.0;91;91;STABLE;52.3;0.0;0.0;0.0;1509_direct_carried;;;0.0;727.6;0;0;0;1;0;1502
637901;1787848227889;0.0;91;91;STABLE;52.3;0.0;0.0;0.0;1509_direct_carried;;;0.0;727.6;0;0;0;1;0;1505
638109;1787848228097;0.0;91;91;STABLE;52.3;0.0;0.0;0.0;1509_direct_carried;;;0.0;727.6;0;0;0;1;0;1506
638521;1787848228509;0.0;91;91;STABLE;52.3;0.0;0.0;0.0;1509_direct_carried;;;0.0;727.6;0;0;0;1;0;1508
638728;1787848228716;0.0;91;91;WAITING_FOR_REST;52.4;0.0;0.0;0.0;1509_direct;;;0.0;727.6;0;0;0;1;0;1509
638940;1787848228928;0.0;91;91;WAITING_FOR_REST;52.4;0.0;0.0;0.0;1509_direct_carried;;;0.0;727.6;0;0;0;1;0;150A
639148;1787848229136;0.0;91;91;WAITING_FOR_REST;52.4;0.0;0.0;0.0;1509_direct_carried;;;0.0;727.6;0;0;0;1;0;150B
639357;1787848229345;0.0;91;91;WAITING_FOR_REST;52.4;0.0;0.0;0.0;1509_direct_carried;;;0.0;727.6;0;0;0;1;0;150D
640402;1787848230390;0.0;91;91;WAITING_FOR_REST;52.4;0.0;0.0;0.0;1509_direct_carried;;;0.0;727.6;0;0;0;1;0;1502
640820;1787848230808;0.0;91;91;WAITING_FOR_REST;52.4;0.0;0.0;0.0;1509_direct_carried;;;0.0;727.6;0;0;0;1;0;1505
641030;1787848231018;0.0;91;91;WAITING_FOR_REST;52.4;0.0;0.0;0.0;1509_direct_carried;;;0.0;727.6;0;0;0;1;0;1506
641452;1787848231440;0.0;91;91;WAITING_FOR_REST;52.4;0.0;0.0;0.0;1509_direct_carried;;;0.0;727.6;0;0;0;1;0;1508
641665;1787848231653;0.0;91;91;WAITING_FOR_REST;52.4;0.0;0.0;0.0;1509_direct;;;0.0;727.6;0;0;0;1;0;1509
641867;1787848231855;0.0;91;91;WAITING_FOR_REST;52.4;0.0;0.0;0.0;1509_direct_carried;;;0.0;727.6;0;0;0;1;0;150A
642080;1787848232068;0.0;91;91;WAITING_FOR_REST;52.4;0.0;0.0;0.0;1509_direct_carried;;;0.0;727.6;0;0;0;1;0;150B
642289;1787848232277;0.0;91;91;WAITING_FOR_REST;52.4;0.0;0.0;0.0;1509_direct_carried;;;0.0;727.6;0;0;0;1;0;150D
643328;1787848233316;0.0;91;91;WAITING_FOR_REST;52.4;0.0;0.0;0.0;1509_direct_carried;;;0.0;727.6;0;0;0;1;0;1502
643747;1787848233735;0.0;91;91;WAITING_FOR_REST;52.4;0.0;0.0;0.0;1509_direct_carried;;;0.0;727.6;0;0;0;1;0;1505
643958;1787848233946;0.0;91;91;WAITING_FOR_REST;52.4;0.0;0.0;0.0;1509_direct_carried;;;0.0;727.6;0;0;0;1;0;1506
644380;1787848234368;0.0;91;91;WAITING_FOR_REST;52.4;0.0;0.0;0.0;1509_direct_carried;;;0.0;727.6;0;0;0;1;0;1508
644578;1787848234566;0.0;91;91;STABLE;52.4;0.0;0.0;0.0;1509_direct;;;0.0;727.6;0;0;0;1;0;1509
644789;1787848234777;0.0;91;91;STABLE;52.4;0.0;0.0;0.0;1509_direct_carried;;;0.0;727.6;0;0;0;1;0;150A
644999;1787848234987;0.0;91;91;STABLE;52.4;0.0;0.0;0.0;1509_direct_carried;;;0.0;727.6;0;0;0;1;0;150B
645207;1787848235195;0.0;91;91;STABLE;52.4;0.0;0.0;0.0;1509_direct_carried;;;0.0;727.6;0;0;0;1;0;150D
646258;1787848236246;0.0;91;91;STABLE;52.4;0.0;0.0;0.0;1509_direct_carried;;;0.0;727.6;0;0;0;1;0;1502
646668;1787848236656;0.0;91;91;STABLE;52.4;0.0;0.0;0.0;1509_direct_carried;;;0.0;727.6;0;0;0;1;0;1505
646880;1787848236868;0.0;91;91;STABLE;52.4;0.0;0.0;0.0;1509_direct_carried;;;0.0;727.6;0;0;0;1;0;1506
647305;1787848237293;0.0;91;91;STABLE;52.4;0.0;0.0;0.0;1509_direct_carried;;;0.0;727.6;0;0;0;1;0;1508
647509;1787848237497;0.0;91;91;WAITING_FOR_REST;52.4;0.0;0.0;0.0;1509_direct;;;0.0;727.6;0;0;0;1;0;1509
647717;1787848237705;0.0;91;91;WAITING_FOR_REST;52.4;0.0;0.0;0.0;1509_direct_carried;;;0.0;727.6;0;0;0;1;0;150A
647927;1787848237915;0.0;91;91;WAITING_FOR_REST;52.4;0.0;0.0;0.0;1509_direct_carried;;;0.0;727.6;0;0;0;1;0;150B
648138;1787848238126;0.0;91;91;WAITING_FOR_REST;52.4;0.0;0.0;0.0;1509_direct_carried;;;0.0;727.6;0;0;0;1;0;150D
649180;1787848239168;0.0;91;91;WAITING_FOR_REST;52.4;0.0;0.0;0.0;1509_direct_carried;;;0.0;727.6;0;0;0;1;0;1502
649598;1787848239586;0.0;91;91;WAITING_FOR_REST;52.4;0.0;0.0;0.0;1509_direct_carried;;;0.0;727.6;0;0;0;1;0;1505
649811;1787848239799;0.0;91;91;WAITING_FOR_REST;52.4;0.0;0.0;0.0;1509_direct_carried;;;0.0;727.6;0;0;0;1;0;1506
650241;1787848240229;0.0;91;91;WAITING_FOR_REST;52.4;0.0;0.0;0.0;1509_direct_carried;;;0.0;727.6;0;0;0;1;0;1508
650447;1787848240435;0.0;91;91;WAITING_FOR_REST;52.4;0.0;0.0;0.0;1509_direct;;;0.0;727.6;0;0;0;1;0;1509
650638;1787848240626;0.0;91;91;WAITING_FOR_REST;52.4;0.0;0.0;0.0;1509_direct_carried;;;0.0;727.6;0;0;0;1;0;150A
650847;1787848240835;0.0;91;91;WAITING_FOR_REST;52.4;0.0;0.0;0.0;1509_direct_carried;;;0.0;727.6;0;0;0;1;0;150B
651058;1787848241046;0.0;91;91;WAITING_FOR_REST;52.4;0.0;0.0;0.0;1509_direct_carried;;;0.0;727.6;0;0;0;1;0;150D
652112;1787848242100;0.0;91;91;WAITING_FOR_REST;52.4;0.0;0.0;0.0;1509_direct_carried;;;0.0;727.6;0;0;0;1;0;1502
652520;1787848242508;0.0;91;91;WAITING_FOR_REST;52.4;0.0;0.0;0.0;1509_direct_carried;;;0.0;727.6;0;0;0;1;0;1505
652729;1787848242717;0.0;91;91;WAITING_FOR_REST;52.4;0.0;0.0;0.0;1509_direct_carried;;;0.0;727.6;0;0;0;1;0;1506
653151;1787848243139;0.0;91;91;WAITING_FOR_REST;52.4;0.0;0.0;0.0;1509_direct_carried;;;0.0;727.6;0;0;0;1;0;1508
653363;1787848243351;0.0;91;91;STABLE;52.4;0.0;0.0;0.0;1509_direct;;;0.0;727.6;0;0;0;1;0;1509
653569;1787848243557;0.0;91;91;STABLE;52.4;0.0;0.0;0.0;1509_direct_carried;;;0.0;727.6;0;0;0;1;0;150A
653780;1787848243768;0.0;91;91;STABLE;52.4;0.0;0.0;0.0;1509_direct_carried;;;0.0;727.6;0;0;0;1;0;150B
653991;1787848243979;0.0;91;91;STABLE;52.4;0.0;0.0;0.0;1509_direct_carried;;;0.0;727.6;0;0;0;1;0;150D
655028;1787848245016;0.0;91;91;STABLE;52.4;0.0;0.0;0.0;1509_direct_carried;;;0.0;727.6;0;0;0;1;0;1502
655451;1787848245439;0.0;91;91;STABLE;52.4;0.0;0.0;0.0;1509_direct_carried;;;0.0;727.6;0;0;0;1;0;1505
655659;1787848245647;0.0;91;91;STABLE;52.4;0.0;0.0;0.0;1509_direct_carried;;;0.0;727.6;0;0;0;1;0;1506
656078;1787848246066;0.0;91;91;STABLE;52.4;0.0;0.0;0.0;1509_direct_carried;;;0.0;727.6;0;0;0;1;0;1508
656290;1787848246278;0.0;91;91;WAITING_FOR_REST;52.4;0.0;0.0;0.0;1509_direct;;;0.0;727.6;0;0;0;1;0;1509
656499;1787848246487;0.0;91;91;WAITING_FOR_REST;52.4;0.0;0.0;0.0;1509_direct_carried;;;0.0;727.6;0;0;0;1;0;150A
656702;1787848246690;0.0;91;91;WAITING_FOR_REST;52.4;0.0;0.0;0.0;1509_direct_carried;;;0.0;727.6;0;0;0;1;0;150B
656911;1787848246899;0.0;91;91;WAITING_FOR_REST;52.4;0.0;0.0;0.0;1509_direct_carried;;;0.0;727.6;0;0;0;1;0;150D
657960;1787848247948;0.0;91;91;WAITING_FOR_REST;52.4;0.0;0.0;0.0;1509_direct_carried;;;0.0;727.6;0;0;0;1;0;1502
658381;1787848248369;0.0;91;91;WAITING_FOR_REST;52.4;0.0;0.0;0.0;1509_direct_carried;;;0.0;727.6;0;0;0;1;0;1505
658590;1787848248578;0.0;91;91;WAITING_FOR_REST;52.4;0.0;0.0;0.0;1509_direct_carried;;;0.0;727.6;0;0;0;1;0;1506
659000;1787848248988;0.0;91;91;WAITING_FOR_REST;52.4;0.0;0.0;0.0;1509_direct_carried;;;0.0;727.6;0;0;0;1;0;1508
659209;1787848249197;0.0;91;91;WAITING_FOR_REST;52.4;0.0;0.0;0.0;1509_direct;;;0.0;727.6;0;0;0;1;0;1509
659422;1787848249410;0.0;91;91;WAITING_FOR_REST;52.4;0.0;0.0;0.0;1509_direct_carried;;;0.0;727.6;0;0;0;1;0;150A
659633;1787848249621;0.0;91;91;WAITING_FOR_REST;52.4;0.0;0.0;0.0;1509_direct_carried;;;0.0;727.6;0;0;0;1;0;150B
659839;1787848249827;0.0;91;91;WAITING_FOR_REST;52.4;0.0;0.0;0.0;1509_direct_carried;;;0.0;727.6;0;0;0;1;0;150D
660881;1787848250869;0.0;91;91;WAITING_FOR_REST;52.4;0.0;0.0;0.0;1509_direct_carried;;;0.0;727.6;0;0;0;1;0;1502
661304;1787848251292;0.0;91;91;WAITING_FOR_REST;52.4;0.0;0.0;0.0;1509_direct_carried;;;0.0;727.6;0;0;0;1;0;1505
661511;1787848251499;0.0;91;91;WAITING_FOR_REST;52.4;0.0;0.0;0.0;1509_direct_carried;;;0.0;727.6;0;0;0;1;0;1506
661929;1787848251917;0.0;91;91;WAITING_FOR_REST;52.4;0.0;0.0;0.0;1509_direct_carried;;;0.0;727.6;0;0;0;1;0;1508
662140;1787848252128;0.0;91;91;STABLE;52.4;0.0;0.0;0.0;1509_direct;;;0.0;727.6;0;0;0;1;0;1509
662351;1787848252339;0.0;91;91;STABLE;52.4;0.0;0.0;0.0;1509_direct_carried;;;0.0;727.6;0;0;0;1;0;150A
662558;1787848252546;0.0;91;91;STABLE;52.4;0.0;0.0;0.0;1509_direct_carried;;;0.0;727.6;0;0;0;1;0;150B
662768;1787848252756;0.0;91;91;STABLE;52.4;0.0;0.0;0.0;1509_direct_carried;;;0.0;727.6;0;0;0;1;0;150D
663811;1787848253799;0.0;91;91;STABLE;52.4;0.0;0.0;0.0;1509_direct_carried;;;0.0;727.6;0;0;0;1;0;1502
664232;1787848254220;0.0;91;91;STABLE;52.4;0.0;0.0;0.0;1509_direct_carried;;;0.0;727.6;0;0;0;1;0;1505
664439;1787848254427;0.0;91;91;STABLE;52.4;0.0;0.0;0.0;1509_direct_carried;;;0.0;727.6;0;0;0;1;0;1506
664863;1787848254851;0.0;91;91;STABLE;52.4;0.0;0.0;0.0;1509_direct_carried;;;0.0;727.6;0;0;0;1;0;1508
665062;1787848255050;0.0;91;91;WAITING_FOR_REST;52.4;0.0;0.0;0.0;1509_direct;;;0.0;727.6;0;0;0;1;0;1509
665275;1787848255263;0.0;91;91;WAITING_FOR_REST;52.4;0.0;0.0;0.0;1509_direct_carried;;;0.0;727.6;0;0;0;1;0;150A
665479;1787848255467;0.0;91;91;WAITING_FOR_REST;52.4;0.0;0.0;0.0;1509_direct_carried;;;0.0;727.6;0;0;0;1;0;150B
665689;1787848255677;0.0;91;91;WAITING_FOR_REST;52.4;0.0;0.0;0.0;1509_direct_carried;;;0.0;727.6;0;0;0;1;0;150D
666750;1787848256738;0.0;91;91;WAITING_FOR_REST;52.4;0.0;0.0;0.0;1509_direct_carried;;;0.0;727.6;0;0;0;1;0;1502
667150;1787848257138;0.0;91;91;WAITING_FOR_REST;52.4;0.0;0.0;0.0;1509_direct_carried;;;0.0;727.6;0;0;0;1;0;1505
667360;1787848257348;0.0;91;91;WAITING_FOR_REST;52.4;0.0;0.0;0.0;1509_direct_carried;;;0.0;727.6;0;0;0;1;0;1506
667781;1787848257769;0.0;91;91;WAITING_FOR_REST;52.4;0.0;0.0;0.0;1509_direct_carried;;;0.0;727.6;0;0;0;1;0;1508
667991;1787848257979;0.0;91;91;WAITING_FOR_REST;52.4;0.0;0.0;0.0;1509_direct;;;0.0;727.6;0;0;0;1;0;1509
668200;1787848258188;0.0;91;91;WAITING_FOR_REST;52.4;0.0;0.0;0.0;1509_direct_carried;;;0.0;727.6;0;0;0;1;0;150A
668411;1787848258399;0.0;91;91;WAITING_FOR_REST;52.4;0.0;0.0;0.0;1509_direct_carried;;;0.0;727.6;0;0;0;1;0;150B
668623;1787848258611;0.0;91;91;WAITING_FOR_REST;52.4;0.0;0.0;0.0;1509_direct_carried;;;0.0;727.6;0;0;0;1;0;150D
669662;1787848259650;0.0;91;91;WAITING_FOR_REST;52.4;0.0;0.0;0.0;1509_direct_carried;;;0.0;727.6;0;0;0;1;0;1502
670082;1787848260070;0.0;91;91;WAITING_FOR_REST;52.4;0.0;0.0;0.0;1509_direct_carried;;;0.0;727.6;0;0;0;1;0;1505
670291;1787848260279;0.0;91;91;WAITING_FOR_REST;52.4;0.0;0.0;0.0;1509_direct_carried;;;0.0;727.6;0;0;0;1;0;1506
670711;1787848260699;0.0;91;91;WAITING_FOR_REST;52.4;0.0;0.0;0.0;1509_direct_carried;;;0.0;727.6;0;0;0;1;0;1508
670922;1787848260910;0.0;91;91;STABLE;52.4;0.0;0.0;0.0;1509_direct;;;0.0;727.6;0;0;0;1;0;1509
671124;1787848261112;0.0;91;91;STABLE;52.4;0.0;0.0;0.0;1509_direct_carried;;;0.0;727.6;0;0;0;1;0;150A
671333;1787848261321;0.0;91;91;STABLE;52.4;0.0;0.0;0.0;1509_direct_carried;;;0.0;727.6;0;0;0;1;0;150B
671541;1787848261529;0.0;91;91;STABLE;52.4;0.0;0.0;0.0;1509_direct_carried;;;0.0;727.6;0;0;0;1;0;150D
672592;1787848262580;0.0;91;91;STABLE;52.4;0.0;0.0;0.0;1509_direct_carried;;;0.0;727.6;0;0;0;1;0;1502
673014;1787848263002;0.0;91;91;STABLE;52.4;0.0;0.0;0.0;1509_direct_carried;;;0.0;727.6;0;0;0;1;0;1505
673213;1787848263201;0.0;91;91;STABLE;52.4;0.0;0.0;0.0;1509_direct_carried;;;0.0;727.6;0;0;0;1;0;1506
673633;1787848263621;0.0;91;91;STABLE;52.4;0.0;0.0;0.0;1509_direct_carried;;;0.0;727.6;0;0;0;1;0;1508
673844;1787848263832;0.0;91;91;WAITING_FOR_REST;52.4;0.0;0.0;0.0;1509_direct;;;0.0;727.6;0;0;0;1;0;1509
674050;1787848264038;0.0;91;91;WAITING_FOR_REST;52.4;0.0;0.0;0.0;1509_direct_carried;;;0.0;727.6;0;0;0;1;0;150A
674263;1787848264251;0.0;91;91;WAITING_FOR_REST;52.4;0.0;0.0;0.0;1509_direct_carried;;;0.0;727.6;0;0;0;1;0;150B
674471;1787848264459;0.0;91;91;WAITING_FOR_REST;52.4;0.0;0.0;0.0;1509_direct_carried;;;0.0;727.6;0;0;0;1;0;150D
675512;1787848265500;0.0;91;91;WAITING_FOR_REST;52.4;0.0;0.0;0.0;1509_direct_carried;;;0.0;727.6;0;0;0;1;0;1502
675931;1787848265919;0.0;91;91;WAITING_FOR_REST;52.4;0.0;0.0;0.0;1509_direct_carried;;;0.0;727.6;0;0;0;1;0;1505
676141;1787848266129;0.0;91;91;WAITING_FOR_REST;52.4;0.0;0.0;0.0;1509_direct_carried;;;0.0;727.6;0;0;0;1;0;1506
676563;1787848266551;0.0;91;91;WAITING_FOR_REST;52.4;0.0;0.0;0.0;1509_direct_carried;;;0.0;727.6;0;0;0;1;0;1508
676771;1787848266759;0.0;91;91;WAITING_FOR_REST;52.4;0.0;0.0;0.0;1509_direct;;;0.0;727.6;0;0;0;1;0;1509
676982;1787848266970;0.0;91;91;WAITING_FOR_REST;52.4;0.0;0.0;0.0;1509_direct_carried;;;0.0;727.6;0;0;0;1;0;150A
677191;1787848267179;0.0;91;91;WAITING_FOR_REST;52.4;0.0;0.0;0.0;1509_direct_carried;;;0.0;727.6;0;0;0;1;0;150B
677391;1787848267379;0.0;91;91;WAITING_FOR_REST;52.4;0.0;0.0;0.0;1509_direct_carried;;;0.0;727.6;0;0;0;1;0;150D
678443;1787848268431;0.0;91;91;WAITING_FOR_REST;52.4;0.0;0.0;0.0;1509_direct_carried;;;0.0;727.6;0;0;0;1;0;1502
678862;1787848268850;4.5;91;91;RECOVERING_AFTER_LOAD;52.4;0.0;0.0;0.0;1509_direct_carried;;;0.0;727.6;45;0;0;1;0;1505
679072;1787848269060;4.5;91;91;RECOVERING_AFTER_LOAD;52.4;0.0;0.0;0.0;1509_direct_carried;;;0.0;727.6;45;0;0;1;0;1506
679483;1787848269471;4.5;91;91;RECOVERING_AFTER_LOAD;52.4;0.0;0.0;0.0;1509_direct_carried;;;0.0;727.6;45;0;0;1;0;1508
679691;1787848269679;4.5;91;91;RECOVERING_AFTER_LOAD;51.9;2.0;103.0;103.8;1509_direct;;;0.0;727.6;45;103;0;1;0;1509
679902;1787848269890;4.5;91;91;RECOVERING_AFTER_LOAD;51.9;2.0;103.0;103.8;1509_direct_carried;;;0.0;727.6;45;103;0;1;0;150A
680112;1787848270100;4.5;91;91;RECOVERING_AFTER_LOAD;51.9;2.0;103.0;103.8;1509_direct_carried;;;0.0;727.6;45;103;0;1;0;150B
680324;1787848270312;4.5;91;91;RECOVERING_AFTER_LOAD;51.9;2.0;103.0;103.8;1509_direct_carried;;;0.0;727.6;45;103;0;1;0;150D
681363;1787848271351;4.5;91;91;RECOVERING_AFTER_LOAD;51.9;2.0;103.0;103.8;1509_direct_carried;;;0.0;727.6;45;103;0;1;0;1502
681782;1787848271770;13.8;91;91;RECOVERING_AFTER_LOAD;51.9;2.0;103.0;103.8;1509_direct_carried;;;0.0;727.6;138;103;0;1;0;1505
681991;1787848271979;13.8;91;91;RECOVERING_AFTER_LOAD;51.9;2.0;103.0;103.8;1509_direct_carried;;;0.0;727.6;138;103;0;1;0;1506
682423;1787848272411;13.8;91;91;RECOVERING_AFTER_LOAD;51.9;2.0;103.0;103.8;1509_direct_carried;;;0.0;727.6;138;103;0;1;0;1508
682625;1787848272613;13.8;91;91;RECOVERING_AFTER_LOAD;51.1;9.0;459.0;459.90000000000003;1509_direct;;;0.0;727.6;138;459;0;1;0;1509
682831;1787848272819;13.8;91;91;RECOVERING_AFTER_LOAD;51.1;9.0;459.0;459.90000000000003;1509_direct_carried;;;0.0;727.6;138;459;0;1;0;150A
683043;1787848273031;13.8;91;91;RECOVERING_AFTER_LOAD;51.1;9.0;459.0;459.90000000000003;1509_direct_carried;;;0.0;727.6;138;459;0;1;0;150B
683255;1787848273243;13.8;91;91;RECOVERING_AFTER_LOAD;51.1;9.0;459.0;459.90000000000003;1509_direct_carried;;;0.0;727.6;138;459;0;1;0;150D
684294;1787848274282;13.8;91;91;RECOVERING_AFTER_LOAD;51.1;9.0;459.0;459.90000000000003;1509_direct_carried;;;0.0;727.6;138;459;0;1;0;1502
684713;1787848274701;20.8;91;91;RECOVERING_AFTER_LOAD;51.1;9.0;459.0;459.90000000000003;1509_direct_carried;;;0.0;727.6;208;459;0;1;0;1505
684924;1787848274912;20.8;91;91;RECOVERING_AFTER_LOAD;51.1;9.0;459.0;459.90000000000003;1509_direct_carried;;;0.0;727.6;208;459;0;1;0;1506
685344;1787848275332;20.8;91;91;RECOVERING_AFTER_LOAD;51.1;9.0;459.0;459.90000000000003;1509_direct_carried;;;0.0;727.6;208;459;0;1;0;1508
685542;1787848275530;20.8;91;91;RECOVERING_AFTER_LOAD;52.2;0.0;0.0;0.0;1509_direct;;;0.0;727.6;208;0;0;1;0;1509
685753;1787848275741;20.8;91;91;RECOVERING_AFTER_LOAD;52.2;0.0;0.0;0.0;1509_direct_carried;;;0.0;727.6;208;0;0;1;0;150A
685962;1787848275950;20.8;91;91;RECOVERING_AFTER_LOAD;52.2;0.0;0.0;0.0;1509_direct_carried;;;0.0;727.6;208;0;0;1;0;150B
686173;1787848276161;20.8;91;91;RECOVERING_AFTER_LOAD;52.2;0.0;0.0;0.0;1509_direct_carried;;;0.0;727.6;208;0;0;1;0;150D
687223;1787848277211;20.8;91;91;RECOVERING_AFTER_LOAD;52.2;0.0;0.0;0.0;1509_direct_carried;;;0.0;727.6;208;0;0;1;0;1502
687633;1787848277621;17.0;91;91;RECOVERING_AFTER_LOAD;52.2;0.0;0.0;0.0;1509_direct_carried;;;0.0;727.6;170;0;0;1;0;1505
687842;1787848277830;17.0;91;91;RECOVERING_AFTER_LOAD;52.2;0.0;0.0;0.0;1509_direct_carried;;;0.0;727.6;170;0;0;1;0;1506
688270;1787848278258;17.0;91;91;RECOVERING_AFTER_LOAD;52.2;0.0;0.0;0.0;1509_direct_carried;;;0.0;727.6;170;0;0;1;0;1508
688473;1787848278461;17.0;91;91;RECOVERING_AFTER_LOAD;52.6;0.0;0.0;0.0;1509_direct;;;0.0;727.6;170;0;0;1;0;1509
688682;1787848278670;17.0;91;91;RECOVERING_AFTER_LOAD;52.6;0.0;0.0;0.0;1509_direct_carried;;;0.0;727.6;170;0;0;1;0;150A
688891;1787848278879;17.0;91;91;RECOVERING_AFTER_LOAD;52.6;0.0;0.0;0.0;1509_direct_carried;;;0.0;727.6;170;0;0;1;0;150B
689102;1787848279090;17.0;91;91;RECOVERING_AFTER_LOAD;52.6;0.0;0.0;0.0;1509_direct_carried;;;0.0;727.6;170;0;0;1;0;150D
690144;1787848280132;17.0;91;91;RECOVERING_AFTER_LOAD;52.6;0.0;0.0;0.0;1509_direct_carried;;;0.0;727.6;170;0;0;1;0;1502
690562;1787848280550;11.7;91;91;RECOVERING_AFTER_LOAD;52.6;0.0;0.0;0.0;1509_direct_carried;;;0.0;727.6;117;0;0;1;0;1505
690774;1787848280762;11.7;91;91;RECOVERING_AFTER_LOAD;52.6;0.0;0.0;0.0;1509_direct_carried;;;0.0;727.6;117;0;0;1;0;1506
691192;1787848281180;11.7;91;91;RECOVERING_AFTER_LOAD;52.6;0.0;0.0;0.0;1509_direct_carried;;;0.0;727.6;117;0;0;1;0;1508
691404;1787848281392;11.7;91;91;RECOVERING_AFTER_LOAD;51.7;4.0;206.0;206.8;1509_direct;;;0.0;727.6;117;206;0;1;0;1509
691602;1787848281590;11.7;91;91;RECOVERING_AFTER_LOAD;51.7;4.0;206.0;206.8;1509_direct_carried;;;0.0;727.6;117;206;0;1;0;150A
691814;1787848281802;11.7;91;91;RECOVERING_AFTER_LOAD;51.7;4.0;206.0;206.8;1509_direct_carried;;;0.0;727.6;117;206;0;1;0;150B
692024;1787848282012;11.7;91;91;RECOVERING_AFTER_LOAD;51.7;4.0;206.0;206.8;1509_direct_carried;;;0.0;727.6;117;206;0;1;0;150D
693074;1787848283062;11.7;91;91;RECOVERING_AFTER_LOAD;51.7;4.0;206.0;206.8;1509_direct_carried;;;0.0;727.6;117;206;0;1;0;1502
693493;1787848283481;14.0;91;91;RECOVERING_AFTER_LOAD;51.7;4.0;206.0;206.8;1509_direct_carried;;;0.0;727.6;140;206;0;1;0;1505
693693;1787848283681;14.0;91;91;RECOVERING_AFTER_LOAD;51.7;4.0;206.0;206.8;1509_direct_carried;;;0.0;727.6;140;206;0;1;0;1506
694113;1787848284101;14.0;91;91;RECOVERING_AFTER_LOAD;51.7;4.0;206.0;206.8;1509_direct_carried;;;0.0;727.6;140;206;0;1;0;1508
694322;1787848284310;14.0;90;91;RECOVERING_AFTER_LOAD;52.2;0.0;0.0;0.0;1509_direct;;;0.0;727.6;140;0;0;1;0;1509
694531;1787848284519;14.0;90;91;RECOVERING_AFTER_LOAD;52.2;0.0;0.0;0.0;1509_direct_carried;;;0.0;727.6;140;0;0;1;0;150A
694742;1787848284730;14.0;90;91;RECOVERING_AFTER_LOAD;52.2;0.0;0.0;0.0;1509_direct_carried;;;0.0;727.6;140;0;0;1;0;150B
694953;1787848284941;14.0;90;91;RECOVERING_AFTER_LOAD;52.2;0.0;0.0;0.0;1509_direct_carried;;;0.0;727.6;140;0;0;1;0;150D
695995;1787848285983;14.0;90;91;RECOVERING_AFTER_LOAD;52.2;0.0;0.0;0.0;1509_direct_carried;;;0.0;727.6;140;0;0;1;0;1502
696413;1787848286401;13.4;90;91;RECOVERING_AFTER_LOAD;52.2;0.0;0.0;0.0;1509_direct_carried;;;0.0;727.6;134;0;0;1;0;1505
696623;1787848286611;13.4;90;91;RECOVERING_AFTER_LOAD;52.2;0.0;0.0;0.0;1509_direct_carried;;;0.0;727.6;134;0;0;1;0;1506
697044;1787848287032;13.4;90;91;RECOVERING_AFTER_LOAD;52.2;0.0;0.0;0.0;1509_direct_carried;;;0.0;727.6;134;0;0;1;0;1508
697254;1787848287242;13.4;88;91;RECOVERING_AFTER_LOAD;52.3;0.0;0.0;0.0;1509_direct;;;0.0;727.6;134;0;0;1;0;1509
697464;1787848287452;13.4;88;91;RECOVERING_AFTER_LOAD;52.3;0.0;0.0;0.0;1509_direct_carried;;;0.0;727.6;134;0;0;1;0;150A
697664;1787848287652;13.4;88;91;RECOVERING_AFTER_LOAD;52.3;0.0;0.0;0.0;1509_direct_carried;;;0.0;727.6;134;0;0;1;0;150B
697871;1787848287859;13.4;88;91;RECOVERING_AFTER_LOAD;52.3;0.0;0.0;0.0;1509_direct_carried;;;0.0;727.6;134;0;0;1;0;150D
698923;1787848288911;13.4;88;91;RECOVERING_AFTER_LOAD;52.3;0.0;0.0;0.0;1509_direct_carried;;;0.0;727.6;134;0;0;1;0;1502
699344;1787848289332;14.4;88;91;RECOVERING_AFTER_LOAD;52.3;0.0;0.0;0.0;1509_direct_carried;;;0.0;727.6;144;0;0;1;0;1505
699553;1787848289541;14.4;88;91;RECOVERING_AFTER_LOAD;52.3;0.0;0.0;0.0;1509_direct_carried;;;0.0;727.6;144;0;0;1;0;1506
699961;1787848289949;14.4;88;91;RECOVERING_AFTER_LOAD;52.3;0.0;0.0;0.0;1509_direct_carried;;;0.0;727.6;144;0;0;1;0;1508
700171;1787848290159;14.4;86;91;RECOVERING_AFTER_LOAD;52.0;0.0;0.0;0.0;1509_direct;;;0.0;727.6;144;0;0;1;0;1509
700381;1787848290369;14.4;86;91;RECOVERING_AFTER_LOAD;52.0;0.0;0.0;0.0;1509_direct_carried;;;0.0;727.6;144;0;0;1;0;150A
700592;1787848290580;14.4;86;91;RECOVERING_AFTER_LOAD;52.0;0.0;0.0;0.0;1509_direct_carried;;;0.0;727.6;144;0;0;1;0;150B
700804;1787848290792;14.4;86;91;RECOVERING_AFTER_LOAD;52.0;0.0;0.0;0.0;1509_direct_carried;;;0.0;727.6;144;0;0;1;0;150D
701842;1787848291830;14.4;86;91;RECOVERING_AFTER_LOAD;52.0;0.0;0.0;0.0;1509_direct_carried;;;0.0;727.6;144;0;0;1;0;1502
702263;1787848292251;16.5;86;91;RECOVERING_AFTER_LOAD;52.0;0.0;0.0;0.0;1509_direct_carried;;;0.0;727.6;165;0;0;1;0;1505
702475;1787848292463;16.5;86;91;RECOVERING_AFTER_LOAD;52.0;0.0;0.0;0.0;1509_direct_carried;;;0.1;727.7;165;0;0;1;0;1506
702892;1787848292880;16.5;86;91;RECOVERING_AFTER_LOAD;52.0;0.0;0.0;0.0;1509_direct_carried;;;0.1;727.7;165;0;0;1;0;1508
703102;1787848293090;16.5;86;91;RECOVERING_AFTER_LOAD;52.2;0.0;0.0;0.0;1509_direct;;;0.1;727.7;165;0;0;1;0;1509
703313;1787848293301;16.5;86;91;RECOVERING_AFTER_LOAD;52.2;0.0;0.0;0.0;1509_direct_carried;;;0.1;727.7;165;0;0;1;0;150A
703522;1787848293510;16.5;86;91;RECOVERING_AFTER_LOAD;52.2;0.0;0.0;0.0;1509_direct_carried;;;0.1;727.7;165;0;0;1;0;150B
703722;1787848293710;16.5;86;91;RECOVERING_AFTER_LOAD;52.2;0.0;0.0;0.0;1509_direct_carried;;;0.1;727.7;165;0;0;1;0;150D
704774;1787848294762;16.5;86;91;RECOVERING_AFTER_LOAD;52.2;0.0;0.0;0.0;1509_direct_carried;;;0.1;727.7;165;0;0;1;0;1502
705193;1787848295181;14.8;86;91;RECOVERING_AFTER_LOAD;52.2;0.0;0.0;0.0;1509_direct_carried;;;0.1;727.7;148;0;0;1;0;1505
705407;1787848295395;14.8;86;91;RECOVERING_AFTER_LOAD;52.2;0.0;0.0;0.0;1509_direct_carried;;;0.1;727.7;148;0;0;1;0;1506
705811;1787848295799;14.8;86;91;RECOVERING_AFTER_LOAD;52.2;0.0;0.0;0.0;1509_direct_carried;;;0.1;727.7;148;0;0;1;0;1508
706026;1787848296014;14.8;86;91;RECOVERING_AFTER_LOAD;51.8;2.0;103.0;103.6;1509_direct;;;0.1;727.7;148;103;0;1;0;1509
706233;1787848296221;14.8;86;91;RECOVERING_AFTER_LOAD;51.8;2.0;103.0;103.6;1509_direct_carried;;;0.1;727.7;148;103;0;1;0;150A
706442;1787848296430;14.8;86;91;RECOVERING_AFTER_LOAD;51.8;2.0;103.0;103.6;1509_direct_carried;;;0.1;727.7;148;103;0;1;0;150B
706652;1787848296640;14.8;86;91;RECOVERING_AFTER_LOAD;51.8;2.0;103.0;103.6;1509_direct_carried;;;0.1;727.7;148;103;0;1;0;150D
707692;1787848297680;14.8;86;91;RECOVERING_AFTER_LOAD;51.8;2.0;103.0;103.6;1509_direct_carried;;;0.1;727.7;148;103;0;1;0;1502
708112;1787848298100;16.4;86;91;RECOVERING_AFTER_LOAD;51.8;2.0;103.0;103.6;1509_direct_carried;;;0.1;727.7;164;103;0;1;0;1505
708323;1787848298311;16.4;86;91;RECOVERING_AFTER_LOAD;51.8;2.0;103.0;103.6;1509_direct_carried;;;0.1;727.7;164;103;0;1;0;1506
708739;1787848298727;16.4;86;91;RECOVERING_AFTER_LOAD;51.8;2.0;103.0;103.6;1509_direct_carried;;;0.1;727.7;164;103;0;1;0;1508
708952;1787848298940;16.4;86;91;RECOVERING_AFTER_LOAD;51.1;8.0;360.0;408.8;1509_direct;;;0.1;727.7;164;360;0;1;0;1509
709162;1787848299150;16.4;86;91;RECOVERING_AFTER_LOAD;51.1;8.0;360.0;408.8;1509_direct_carried;;;0.1;727.7;164;360;0;1;0;150A
709374;1787848299362;16.4;86;91;RECOVERING_AFTER_LOAD;51.1;8.0;360.0;408.8;1509_direct_carried;;;0.1;727.7;164;360;0;1;0;150B
709583;1787848299571;16.4;86;91;RECOVERING_AFTER_LOAD;51.1;8.0;360.0;408.8;1509_direct_carried;;;0.1;727.7;164;360;0;1;0;150D
710623;1787848300611;16.4;86;91;RECOVERING_AFTER_LOAD;51.1;8.0;360.0;408.8;1509_direct_carried;;;0.1;727.7;164;360;0;1;0;1502
711043;1787848301031;20.3;86;91;RECOVERING_AFTER_LOAD;51.1;8.0;360.0;408.8;1509_direct_carried;;;0.1;727.7;203;360;0;1;0;1505
711253;1787848301241;20.3;86;91;RECOVERING_AFTER_LOAD;51.1;8.0;360.0;408.8;1509_direct_carried;;;0.1;727.7;203;360;0;1;0;1506
711663;1787848301651;20.3;86;91;RECOVERING_AFTER_LOAD;51.1;8.0;360.0;408.8;1509_direct_carried;;;0.1;727.7;203;360;0;1;0;1508
711873;1787848301861;20.3;86;91;RECOVERING_AFTER_LOAD;51.9;0.0;0.0;0.0;1509_direct;;;0.1;727.7;203;0;0;1;0;1509
712085;1787848302073;20.3;86;91;RECOVERING_AFTER_LOAD;51.9;0.0;0.0;0.0;1509_direct_carried;;;0.1;727.7;203;0;0;1;0;150A
712293;1787848302281;20.3;86;91;RECOVERING_AFTER_LOAD;51.9;0.0;0.0;0.0;1509_direct_carried;;;0.1;727.7;203;0;0;1;0;150B
712503;1787848302491;20.3;86;91;RECOVERING_AFTER_LOAD;51.9;0.0;0.0;0.0;1509_direct_carried;;;0.1;727.7;203;0;0;1;0;150D
713543;1787848303531;20.3;86;91;RECOVERING_AFTER_LOAD;51.9;0.0;0.0;0.0;1509_direct_carried;;;0.1;727.7;203;0;0;1;0;1502
713964;1787848303952;19.9;86;91;RECOVERING_AFTER_LOAD;51.9;0.0;0.0;0.0;1509_direct_carried;;;0.1;727.7;199;0;0;1;0;1505
714174;1787848304162;19.9;86;91;RECOVERING_AFTER_LOAD;51.9;0.0;0.0;0.0;1509_direct_carried;;;0.1;727.7;199;0;0;1;0;1506
714593;1787848304581;19.9;86;91;RECOVERING_AFTER_LOAD;51.9;0.0;0.0;0.0;1509_direct_carried;;;0.1;727.7;199;0;0;1;0;1508
714802;1787848304790;19.9;86;91;RECOVERING_AFTER_LOAD;52.0;0.0;0.0;0.0;1509_direct;;;0.1;727.7;199;0;0;1;0;1509
715014;1787848305002;19.9;86;91;RECOVERING_AFTER_LOAD;52.0;0.0;0.0;0.0;1509_direct_carried;;;0.1;727.7;199;0;0;1;0;150A
715221;1787848305209;19.9;86;91;RECOVERING_AFTER_LOAD;52.0;0.0;0.0;0.0;1509_direct_carried;;;0.1;727.7;199;0;0;1;0;150B
715434;1787848305422;19.9;86;91;RECOVERING_AFTER_LOAD;52.0;0.0;0.0;0.0;1509_direct_carried;;;0.1;727.7;199;0;0;1;0;150D
716473;1787848306461;19.9;86;91;RECOVERING_AFTER_LOAD;52.0;0.0;0.0;0.0;1509_direct_carried;;;0.1;727.7;199;0;0;1;0;1502
716894;1787848306882;21.8;86;91;RECOVERING_AFTER_LOAD;52.0;0.0;0.0;0.0;1509_direct_carried;;;0.1;727.7;218;0;0;1;0;1505
717105;1787848307093;21.8;86;91;RECOVERING_AFTER_LOAD;52.0;0.0;0.0;0.0;1509_direct_carried;;;0.1;727.7;218;0;0;1;0;1506
717513;1787848307501;21.8;86;91;RECOVERING_AFTER_LOAD;52.0;0.0;0.0;0.0;1509_direct_carried;;;0.1;727.7;218;0;0;1;0;1508
717724;1787848307712;21.8;86;91;RECOVERING_AFTER_LOAD;51.3;6.0;257.0;307.79999999999995;1509_direct;;;0.1;727.7;218;257;0;1;0;1509
717935;1787848307923;21.8;86;91;RECOVERING_AFTER_LOAD;51.3;6.0;257.0;307.79999999999995;1509_direct_carried;;;0.1;727.7;218;257;0;1;0;150A
718143;1787848308131;21.8;86;91;RECOVERING_AFTER_LOAD;51.3;6.0;257.0;307.79999999999995;1509_direct_carried;;;0.1;727.7;218;257;0;1;0;150B
718354;1787848308342;21.8;86;91;RECOVERING_AFTER_LOAD;51.3;6.0;257.0;307.79999999999995;1509_direct_carried;;;0.1;727.7;218;257;0;1;0;150D
719403;1787848309391;21.8;86;91;RECOVERING_AFTER_LOAD;51.3;6.0;257.0;307.79999999999995;1509_direct_carried;;;0.1;727.7;218;257;0;1;0;1502
719812;1787848309800;21.1;86;91;RECOVERING_AFTER_LOAD;51.3;6.0;257.0;307.79999999999995;1509_direct_carried;;;0.1;727.7;211;257;0;1;0;1505
720024;1787848310012;21.1;86;91;RECOVERING_AFTER_LOAD;51.3;6.0;257.0;307.79999999999995;1509_direct_carried;;;0.1;727.7;211;257;0;1;0;1506
720442;1787848310430;21.1;86;91;RECOVERING_AFTER_LOAD;51.3;6.0;257.0;307.79999999999995;1509_direct_carried;;;0.1;727.7;211;257;0;1;0;1508
720651;1787848310639;21.1;86;91;RECOVERING_AFTER_LOAD;52.9;0.0;0.0;0.0;1509_direct;;;0.1;727.7;211;0;0;1;0;1509
720862;1787848310850;21.1;86;91;RECOVERING_AFTER_LOAD;52.9;0.0;0.0;0.0;1509_direct_carried;;;0.1;727.7;211;0;0;1;0;150A
721073;1787848311061;21.1;86;91;RECOVERING_AFTER_LOAD;52.9;0.0;0.0;0.0;1509_direct_carried;;;0.1;727.7;211;0;0;1;0;150B
721285;1787848311273;21.1;86;91;RECOVERING_AFTER_LOAD;52.9;0.0;0.0;0.0;1509_direct_carried;;;0.1;727.7;211;0;0;1;0;150D
722324;1787848312312;21.1;86;91;RECOVERING_AFTER_LOAD;52.9;0.0;0.0;0.0;1509_direct_carried;;;0.1;727.7;211;0;0;1;0;1502
722744;1787848312732;7.3;86;91;RECOVERING_AFTER_LOAD;52.9;0.0;0.0;0.0;1509_direct_carried;;;0.1;727.7;73;0;0;1;0;1505
722955;1787848312943;7.3;86;91;RECOVERING_AFTER_LOAD;52.9;0.0;0.0;0.0;1509_direct_carried;;;0.1;727.7;73;0;0;1;0;1506
723364;1787848313352;7.3;86;91;RECOVERING_AFTER_LOAD;52.9;0.0;0.0;0.0;1509_direct_carried;;;0.1;727.7;73;0;0;1;0;1508
723572;1787848313560;7.3;86;91;RECOVERING_AFTER_LOAD;50.5;5.0;252.0;252.5;1509_direct;;;0.1;727.7;73;252;0;1;0;1509
723785;1787848313773;7.3;86;91;RECOVERING_AFTER_LOAD;50.5;5.0;252.0;252.5;1509_direct_carried;;;0.1;727.7;73;252;0;1;0;150A
723994;1787848313982;7.3;86;91;RECOVERING_AFTER_LOAD;50.5;5.0;252.0;252.5;1509_direct_carried;;;0.1;727.7;73;252;0;1;0;150B
724203;1787848314191;7.3;86;91;RECOVERING_AFTER_LOAD;50.5;5.0;252.0;252.5;1509_direct_carried;;;0.1;727.7;73;252;0;1;0;150D
725253;1787848315241;7.3;86;91;RECOVERING_AFTER_LOAD;50.5;5.0;252.0;252.5;1509_direct_carried;;;0.1;727.7;73;252;0;1;0;1502
725664;1787848315652;15.3;86;91;RECOVERING_AFTER_LOAD;50.5;5.0;252.0;252.5;1509_direct_carried;;;0.1;727.7;153;252;0;1;0;1505
725874;1787848315862;15.3;86;91;RECOVERING_AFTER_LOAD;50.5;5.0;252.0;252.5;1509_direct_carried;;;0.2;727.8;153;252;0;1;0;1506
726294;1787848316282;15.3;86;91;RECOVERING_AFTER_LOAD;50.5;5.0;252.0;252.5;1509_direct_carried;;;0.2;727.8;153;252;0;1;0;1508
726503;1787848316491;15.3;86;91;RECOVERING_AFTER_LOAD;52.0;1.0;52.0;52.0;1509_direct;;;0.2;727.8;153;52;0;1;0;1509
726713;1787848316701;15.3;86;91;RECOVERING_AFTER_LOAD;52.0;1.0;52.0;52.0;1509_direct_carried;;;0.2;727.8;153;52;0;1;0;150A
726924;1787848316912;15.3;86;91;RECOVERING_AFTER_LOAD;52.0;1.0;52.0;52.0;1509_direct_carried;;;0.2;727.8;153;52;0;1;0;150B
727134;1787848317122;15.3;86;91;RECOVERING_AFTER_LOAD;52.0;1.0;52.0;52.0;1509_direct_carried;;;0.2;727.8;153;52;0;1;0;150D
728174;1787848318162;15.3;86;91;RECOVERING_AFTER_LOAD;52.0;1.0;52.0;52.0;1509_direct_carried;;;0.2;727.8;153;52;0;1;0;1502
728809;1787848318797;15.3;86;91;RECOVERING_AFTER_LOAD;52.0;1.0;52.0;52.0;1509_direct_carried;;;0.2;727.8;153;52;0;1;0;1506
729222;1787848319210;15.3;86;91;RECOVERING_AFTER_LOAD;52.0;1.0;52.0;52.0;1509_direct_carried;;;0.2;727.8;153;52;0;1;0;1508
729423;1787848319411;15.3;86;91;RECOVERING_AFTER_LOAD;52.0;0.0;0.0;0.0;1509_direct;;;0.2;727.8;153;0;0;1;0;1509
729637;1787848319625;15.3;86;91;RECOVERING_AFTER_LOAD;52.0;0.0;0.0;0.0;1509_direct_carried;;;0.2;727.8;153;0;0;1;0;150A
729848;1787848319836;15.3;86;91;RECOVERING_AFTER_LOAD;52.0;0.0;0.0;0.0;1509_direct_carried;;;0.2;727.8;153;0;0;1;0;150B
730052;1787848320040;15.3;86;91;RECOVERING_AFTER_LOAD;52.0;0.0;0.0;0.0;1509_direct_carried;;;0.2;727.8;153;0;0;1;0;150D
731105;1787848321093;15.3;86;91;RECOVERING_AFTER_LOAD;52.0;0.0;0.0;0.0;1509_direct_carried;;;0.2;727.8;153;0;0;1;0;1502
731518;1787848321506;19.2;86;91;RECOVERING_AFTER_LOAD;52.0;0.0;0.0;0.0;1509_direct_carried;;;0.2;727.8;192;0;0;1;0;1505
731724;1787848321712;19.2;86;91;RECOVERING_AFTER_LOAD;52.0;0.0;0.0;0.0;1509_direct_carried;;;0.2;727.8;192;0;0;1;0;1506
732145;1787848322133;19.2;86;91;RECOVERING_AFTER_LOAD;52.0;0.0;0.0;0.0;1509_direct_carried;;;0.2;727.8;192;0;0;1;0;1508
732352;1787848322340;19.2;86;91;RECOVERING_AFTER_LOAD;52.0;0.0;0.0;0.0;1509_direct;;;0.2;727.8;192;0;0;1;0;1509
732563;1787848322551;19.2;86;91;RECOVERING_AFTER_LOAD;52.0;0.0;0.0;0.0;1509_direct_carried;;;0.2;727.8;192;0;0;1;0;150A
732774;1787848322762;19.2;86;91;RECOVERING_AFTER_LOAD;52.0;0.0;0.0;0.0;1509_direct_carried;;;0.2;727.8;192;0;0;1;0;150B
732985;1787848322973;19.2;86;91;RECOVERING_AFTER_LOAD;52.0;0.0;0.0;0.0;1509_direct_carried;;;0.2;727.8;192;0;0;1;0;150D
734024;1787848324012;19.2;86;91;RECOVERING_AFTER_LOAD;52.0;0.0;0.0;0.0;1509_direct_carried;;;0.2;727.8;192;0;0;1;0;1502
734445;1787848324433;15.6;86;91;RECOVERING_AFTER_LOAD;52.0;0.0;0.0;0.0;1509_direct_carried;;;0.2;727.8;156;0;0;1;0;1505
734653;1787848324641;15.6;86;91;RECOVERING_AFTER_LOAD;52.0;0.0;0.0;0.0;1509_direct_carried;;;0.2;727.8;156;0;0;1;0;1506
735073;1787848325061;15.6;86;91;RECOVERING_AFTER_LOAD;52.0;0.0;0.0;0.0;1509_direct_carried;;;0.2;727.8;156;0;0;1;0;1508
735275;1787848325263;15.6;86;91;RECOVERING_AFTER_LOAD;52.6;0.0;0.0;0.0;1509_direct;;;0.2;727.8;156;0;0;1;0;1509
735483;1787848325471;15.6;86;91;RECOVERING_AFTER_LOAD;52.6;0.0;0.0;0.0;1509_direct_carried;;;0.2;727.8;156;0;0;1;0;150A
735694;1787848325682;15.6;86;91;RECOVERING_AFTER_LOAD;52.6;0.0;0.0;0.0;1509_direct_carried;;;0.2;727.8;156;0;0;1;0;150B
735902;1787848325890;15.6;86;91;RECOVERING_AFTER_LOAD;52.6;0.0;0.0;0.0;1509_direct_carried;;;0.2;727.8;156;0;0;1;0;150D
736952;1787848326940;15.6;86;91;RECOVERING_AFTER_LOAD;52.6;0.0;0.0;0.0;1509_direct_carried;;;0.2;727.8;156;0;0;1;0;1502
737363;1787848327351;7.9;86;91;RECOVERING_AFTER_LOAD;52.6;0.0;0.0;0.0;1509_direct_carried;;;0.2;727.8;79;0;0;1;0;1505
737583;1787848327571;7.9;86;91;RECOVERING_AFTER_LOAD;52.6;0.0;0.0;0.0;1509_direct_carried;;;0.2;727.8;79;0;0;1;0;1506
737993;1787848327981;7.9;86;91;RECOVERING_AFTER_LOAD;52.6;0.0;0.0;0.0;1509_direct_carried;;;0.2;727.8;79;0;0;1;0;1508
738207;1787848328195;7.9;86;91;RECOVERING_AFTER_LOAD;52.1;0.0;52.0;0.0;1509_direct;;;0.2;727.8;79;52;0;1;0;1509
738416;1787848328404;7.9;86;91;RECOVERING_AFTER_LOAD;52.1;0.0;52.0;0.0;1509_direct_carried;;;0.2;727.8;79;52;0;1;0;150A
738623;1787848328611;7.9;86;91;RECOVERING_AFTER_LOAD;52.1;0.0;52.0;0.0;1509_direct_carried;;;0.2;727.8;79;52;0;1;0;150B
738832;1787848328820;7.9;86;91;RECOVERING_AFTER_LOAD;52.1;0.0;52.0;0.0;1509_direct_carried;;;0.2;727.8;79;52;0;1;0;150D
739871;1787848329859;7.9;86;91;RECOVERING_AFTER_LOAD;52.1;0.0;52.0;0.0;1509_direct_carried;;;0.2;727.8;79;52;0;1;0;1502
740297;1787848330285;12.2;86;91;RECOVERING_AFTER_LOAD;52.1;0.0;52.0;0.0;1509_direct_carried;;;0.2;727.8;122;52;0;1;0;1505
740503;1787848330491;12.2;86;91;RECOVERING_AFTER_LOAD;52.1;0.0;52.0;0.0;1509_direct_carried;;;0.2;727.8;122;52;0;1;0;1506
740925;1787848330913;12.2;86;91;RECOVERING_AFTER_LOAD;52.1;0.0;52.0;0.0;1509_direct_carried;;;0.2;727.8;122;52;0;1;0;1508
741122;1787848331110;12.2;86;91;RECOVERING_AFTER_LOAD;51.3;6.0;307.0;307.79999999999995;1509_direct;;;0.2;727.8;122;307;0;1;0;1509
741334;1787848331322;12.2;86;91;RECOVERING_AFTER_LOAD;51.3;6.0;307.0;307.79999999999995;1509_direct_carried;;;0.2;727.8;122;307;0;1;0;150A
741542;1787848331530;12.2;86;91;RECOVERING_AFTER_LOAD;51.3;6.0;307.0;307.79999999999995;1509_direct_carried;;;0.2;727.8;122;307;0;1;0;150B
741753;1787848331741;12.2;86;91;RECOVERING_AFTER_LOAD;51.3;6.0;307.0;307.79999999999995;1509_direct_carried;;;0.2;727.8;122;307;0;1;0;150D
742806;1787848332794;12.2;86;91;RECOVERING_AFTER_LOAD;51.3;6.0;307.0;307.79999999999995;1509_direct_carried;;;0.2;727.8;122;307;0;1;0;1502
743224;1787848333212;20.3;86;91;RECOVERING_AFTER_LOAD;51.3;6.0;307.0;307.79999999999995;1509_direct_carried;;;0.2;727.8;203;307;0;1;0;1505
743423;1787848333411;20.3;86;91;RECOVERING_AFTER_LOAD;51.3;6.0;307.0;307.79999999999995;1509_direct_carried;;;0.2;727.8;203;307;0;1;0;1506
743844;1787848333832;20.3;86;91;RECOVERING_AFTER_LOAD;51.3;6.0;307.0;307.79999999999995;1509_direct_carried;;;0.2;727.8;203;307;0;1;0;1508
744054;1787848334042;20.3;86;91;RECOVERING_AFTER_LOAD;51.5;5.0;257.0;257.5;1509_direct;;;0.2;727.8;203;257;0;1;0;1509
744261;1787848334249;20.3;86;91;RECOVERING_AFTER_LOAD;51.5;5.0;257.0;257.5;1509_direct_carried;;;0.2;727.8;203;257;0;1;0;150A
744473;1787848334461;20.3;86;91;RECOVERING_AFTER_LOAD;51.5;5.0;257.0;257.5;1509_direct_carried;;;0.2;727.8;203;257;0;1;0;150B
744682;1787848334670;20.3;86;91;RECOVERING_AFTER_LOAD;51.5;5.0;257.0;257.5;1509_direct_carried;;;0.2;727.8;203;257;0;1;0;150D
745722;1787848335710;20.3;86;91;RECOVERING_AFTER_LOAD;51.5;5.0;257.0;257.5;1509_direct_carried;;;0.2;727.8;203;257;0;1;0;1502
746141;1787848336129;21.8;86;91;RECOVERING_AFTER_LOAD;51.5;5.0;257.0;257.5;1509_direct_carried;;;0.2;727.8;218;257;0;1;0;1505
746351;1787848336339;21.8;86;91;RECOVERING_AFTER_LOAD;51.5;5.0;257.0;257.5;1509_direct_carried;;;0.2;727.8;218;257;0;1;0;1506
746774;1787848336762;21.8;86;91;RECOVERING_AFTER_LOAD;51.5;5.0;257.0;257.5;1509_direct_carried;;;0.2;727.8;218;257;0;1;0;1508
746972;1787848336960;21.8;86;91;RECOVERING_AFTER_LOAD;51.6;3.0;154.0;154.8;1509_direct;;;0.2;727.8;218;154;0;1;0;1509
747184;1787848337172;21.8;86;91;RECOVERING_AFTER_LOAD;51.6;3.0;154.0;154.8;1509_direct_carried;;;0.2;727.8;218;154;0;1;0;150A
747394;1787848337382;21.8;86;91;RECOVERING_AFTER_LOAD;51.6;3.0;154.0;154.8;1509_direct_carried;;;0.2;727.8;218;154;0;1;0;150B
747604;1787848337592;21.8;86;91;RECOVERING_AFTER_LOAD;51.6;3.0;154.0;154.8;1509_direct_carried;;;0.2;727.8;218;154;0;1;0;150D
748655;1787848338643;21.8;86;91;RECOVERING_AFTER_LOAD;51.6;3.0;154.0;154.8;1509_direct_carried;;;0.2;727.8;218;154;0;1;0;1502
749067;1787848339055;21.8;86;91;RECOVERING_AFTER_LOAD;51.6;3.0;154.0;154.8;1509_direct_carried;;;0.2;727.8;218;154;0;1;0;1505
749274;1787848339262;21.8;86;91;RECOVERING_AFTER_LOAD;51.6;3.0;154.0;154.8;1509_direct_carried;;;0.3;727.9;218;154;0;1;0;1506
749694;1787848339682;21.8;86;91;RECOVERING_AFTER_LOAD;51.6;3.0;154.0;154.8;1509_direct_carried;;;0.3;727.9;218;154;0;1;0;1508
749904;1787848339892;21.8;86;91;RECOVERING_AFTER_LOAD;51.8;1.0;155.0;51.8;1509_direct;;;0.3;727.9;218;155;0;1;0;1509
750113;1787848340101;21.8;86;91;RECOVERING_AFTER_LOAD;51.8;1.0;155.0;51.8;1509_direct_carried;;;0.3;727.9;218;155;0;1;0;150A
750326;1787848340314;21.8;86;91;RECOVERING_AFTER_LOAD;51.8;1.0;155.0;51.8;1509_direct_carried;;;0.3;727.9;218;155;0;1;0;150B
750535;1787848340523;21.8;86;91;RECOVERING_AFTER_LOAD;51.8;1.0;155.0;51.8;1509_direct_carried;;;0.3;727.9;218;155;0;1;0;150D
751574;1787848341562;21.8;86;91;RECOVERING_AFTER_LOAD;51.8;1.0;155.0;51.8;1509_direct_carried;;;0.3;727.9;218;155;0;1;0;1502
751993;1787848341981;21.8;86;91;RECOVERING_AFTER_LOAD;51.8;1.0;155.0;51.8;1509_direct_carried;;;0.3;727.9;218;155;0;1;0;1505
752204;1787848342192;21.8;86;91;RECOVERING_AFTER_LOAD;51.8;1.0;155.0;51.8;1509_direct_carried;;;0.3;727.9;218;155;0;1;0;1506
752624;1787848342612;21.8;86;91;RECOVERING_AFTER_LOAD;51.8;1.0;155.0;51.8;1509_direct_carried;;;0.3;727.9;218;155;0;1;0;1508
752823;1787848342811;21.8;86;91;RECOVERING_AFTER_LOAD;51.6;4.0;206.0;206.4;1509_direct;;;0.3;727.9;218;206;0;1;0;1509
753034;1787848343022;21.8;86;91;RECOVERING_AFTER_LOAD;51.6;4.0;206.0;206.4;1509_direct_carried;;;0.3;727.9;218;206;0;1;0;150A
753245;1787848343233;21.8;86;91;RECOVERING_AFTER_LOAD;51.6;4.0;206.0;206.4;1509_direct_carried;;;0.3;727.9;218;206;0;1;0;150B
753456;1787848343444;21.8;86;91;RECOVERING_AFTER_LOAD;51.6;4.0;206.0;206.4;1509_direct_carried;;;0.3;727.9;218;206;0;1;0;150D
754507;1787848344495;21.8;86;91;RECOVERING_AFTER_LOAD;51.6;4.0;206.0;206.4;1509_direct_carried;;;0.3;727.9;218;206;0;1;0;1502
754913;1787848344901;21.8;86;91;RECOVERING_AFTER_LOAD;51.6;4.0;206.0;206.4;1509_direct_carried;;;0.3;727.9;218;206;0;1;0;1505
755128;1787848345116;21.8;86;91;RECOVERING_AFTER_LOAD;51.6;4.0;206.0;206.4;1509_direct_carried;;;0.3;727.9;218;206;0;1;0;1506
755542;1787848345530;21.8;86;91;RECOVERING_AFTER_LOAD;51.6;4.0;206.0;206.4;1509_direct_carried;;;0.3;727.9;218;206;0;1;0;1508
755753;1787848345741;21.8;86;91;RECOVERING_AFTER_LOAD;51.6;4.0;206.0;206.4;1509_direct;;;0.3;727.9;218;206;0;1;0;1509
755964;1787848345952;21.8;86;91;RECOVERING_AFTER_LOAD;51.6;4.0;206.0;206.4;1509_direct_carried;;;0.3;727.9;218;206;0;1;0;150A
756177;1787848346165;21.8;86;91;RECOVERING_AFTER_LOAD;51.6;4.0;206.0;206.4;1509_direct_carried;;;0.3;727.9;218;206;0;1;0;150B
756382;1787848346370;21.8;86;91;RECOVERING_AFTER_LOAD;51.6;4.0;206.0;206.4;1509_direct_carried;;;0.3;727.9;218;206;0;1;0;150D
757427;1787848347415;21.8;86;91;RECOVERING_AFTER_LOAD;51.6;4.0;206.0;206.4;1509_direct_carried;;;0.3;727.9;218;206;0;1;0;1502
757844;1787848347832;21.8;86;91;RECOVERING_AFTER_LOAD;51.6;4.0;206.0;206.4;1509_direct_carried;;;0.3;727.9;218;206;0;1;0;1505
758053;1787848348041;21.8;86;91;RECOVERING_AFTER_LOAD;51.6;4.0;206.0;206.4;1509_direct_carried;;;0.3;727.9;218;206;0;1;0;1506
758475;1787848348463;21.8;86;91;RECOVERING_AFTER_LOAD;51.6;4.0;206.0;206.4;1509_direct_carried;;;0.3;727.9;218;206;0;1;0;1508
758674;1787848348662;21.8;86;91;RECOVERING_AFTER_LOAD;51.9;0.0;0.0;0.0;1509_direct;;;0.3;727.9;218;0;0;1;0;1509
758883;1787848348871;21.8;86;91;RECOVERING_AFTER_LOAD;51.9;0.0;0.0;0.0;1509_direct_carried;;;0.3;727.9;218;0;0;1;0;150A
759103;1787848349091;21.8;86;91;RECOVERING_AFTER_LOAD;51.9;0.0;0.0;0.0;1509_direct_carried;;;0.3;727.9;218;0;0;1;0;150B
759304;1787848349292;21.8;86;91;RECOVERING_AFTER_LOAD;51.9;0.0;0.0;0.0;1509_direct_carried;;;0.3;727.9;218;0;0;1;0;150D
760352;1787848350340;21.8;86;91;RECOVERING_AFTER_LOAD;51.9;0.0;0.0;0.0;1509_direct_carried;;;0.3;727.9;218;0;0;1;0;1502
760764;1787848350752;21.8;86;91;RECOVERING_AFTER_LOAD;51.9;0.0;0.0;0.0;1509_direct_carried;;;0.3;727.9;218;0;0;1;0;1505
760973;1787848350961;21.8;86;91;RECOVERING_AFTER_LOAD;51.9;0.0;0.0;0.0;1509_direct_carried;;;0.3;727.9;218;0;0;1;0;1506
761394;1787848351382;21.8;86;91;RECOVERING_AFTER_LOAD;51.9;0.0;0.0;0.0;1509_direct_carried;;;0.3;727.9;218;0;0;1;0;1508
761603;1787848351591;21.8;86;91;RECOVERING_AFTER_LOAD;51.5;3.0;154.0;154.5;1509_direct;;;0.3;727.9;218;154;0;1;0;1509
761814;1787848351802;21.8;86;91;RECOVERING_AFTER_LOAD;51.5;3.0;154.0;154.5;1509_direct_carried;;;0.3;727.9;218;154;0;1;0;150A
762025;1787848352013;21.8;86;91;RECOVERING_AFTER_LOAD;51.5;3.0;154.0;154.5;1509_direct_carried;;;0.3;727.9;218;154;0;1;0;150B
762236;1787848352224;21.8;86;91;RECOVERING_AFTER_LOAD;51.5;3.0;154.0;154.5;1509_direct_carried;;;0.3;727.9;218;154;0;1;0;150D
763276;1787848353264;21.8;86;91;RECOVERING_AFTER_LOAD;51.5;3.0;154.0;154.5;1509_direct_carried;;;0.3;727.9;218;154;0;1;0;1502
763692;1787848353680;21.8;86;91;RECOVERING_AFTER_LOAD;51.5;3.0;154.0;154.5;1509_direct_carried;;;0.3;727.9;218;154;0;1;0;1505
763902;1787848353890;21.8;86;91;RECOVERING_AFTER_LOAD;51.5;3.0;154.0;154.5;1509_direct_carried;;;0.4;728.0;218;154;0;1;0;1506
764323;1787848354311;21.8;86;91;RECOVERING_AFTER_LOAD;51.5;3.0;154.0;154.5;1509_direct_carried;;;0.4;728.0;218;154;0;1;0;1508
764522;1787848354510;21.8;86;91;RECOVERING_AFTER_LOAD;51.3;4.0;205.0;205.2;1509_direct;;;0.4;728.0;218;205;0;1;0;1509
764733;1787848354721;21.8;86;91;RECOVERING_AFTER_LOAD;51.3;4.0;205.0;205.2;1509_direct_carried;;;0.4;728.0;218;205;0;1;0;150A
764943;1787848354931;21.8;86;91;RECOVERING_AFTER_LOAD;51.3;4.0;205.0;205.2;1509_direct_carried;;;0.4;728.0;218;205;0;1;0;150B
765154;1787848355142;21.8;86;91;RECOVERING_AFTER_LOAD;51.3;4.0;205.0;205.2;1509_direct_carried;;;0.4;728.0;218;205;0;1;0;150D
766203;1787848356191;21.8;86;91;RECOVERING_AFTER_LOAD;51.3;4.0;205.0;205.2;1509_direct_carried;;;0.4;728.0;218;205;0;1;0;1502
766611;1787848356599;21.8;86;91;RECOVERING_AFTER_LOAD;51.3;4.0;205.0;205.2;1509_direct_carried;;;0.4;728.0;218;205;0;1;0;1505
766822;1787848356810;21.8;86;91;RECOVERING_AFTER_LOAD;51.3;4.0;205.0;205.2;1509_direct_carried;;;0.4;728.0;218;205;0;1;0;1506
767245;1787848357233;21.8;86;91;RECOVERING_AFTER_LOAD;51.3;4.0;205.0;205.2;1509_direct_carried;;;0.4;728.0;218;205;0;1;0;1508
767452;1787848357440;21.8;86;91;RECOVERING_AFTER_LOAD;52.0;0.0;0.0;0.0;1509_direct;;;0.4;728.0;218;0;0;1;0;1509
767661;1787848357649;21.8;86;91;RECOVERING_AFTER_LOAD;52.0;0.0;0.0;0.0;1509_direct_carried;;;0.4;728.0;218;0;0;1;0;150A
767872;1787848357860;21.8;86;91;RECOVERING_AFTER_LOAD;52.0;0.0;0.0;0.0;1509_direct_carried;;;0.4;728.0;218;0;0;1;0;150B
768083;1787848358071;21.8;86;91;RECOVERING_AFTER_LOAD;52.0;0.0;0.0;0.0;1509_direct_carried;;;0.4;728.0;218;0;0;1;0;150D
769125;1787848359113;21.8;86;91;RECOVERING_AFTER_LOAD;52.0;0.0;0.0;0.0;1509_direct_carried;;;0.4;728.0;218;0;0;1;0;1502
769543;1787848359531;21.8;86;91;RECOVERING_AFTER_LOAD;52.0;0.0;0.0;0.0;1509_direct_carried;;;0.4;728.0;218;0;0;1;0;1505
769753;1787848359741;21.8;86;91;RECOVERING_AFTER_LOAD;52.0;0.0;0.0;0.0;1509_direct_carried;;;0.4;728.0;218;0;0;1;0;1506
770174;1787848360162;21.8;86;91;RECOVERING_AFTER_LOAD;52.0;0.0;0.0;0.0;1509_direct_carried;;;0.4;728.0;218;0;0;1;0;1508
770374;1787848360362;21.8;86;91;RECOVERING_AFTER_LOAD;51.5;2.0;103.0;103.0;1509_direct;;;0.4;728.0;218;103;0;1;0;1509
770585;1787848360573;21.8;86;91;RECOVERING_AFTER_LOAD;51.5;2.0;103.0;103.0;1509_direct_carried;;;0.4;728.0;218;103;0;1;0;150A
770794;1787848360782;21.8;86;91;RECOVERING_AFTER_LOAD;51.5;2.0;103.0;103.0;1509_direct_carried;;;0.4;728.0;218;103;0;1;0;150B
771004;1787848360992;21.8;86;91;RECOVERING_AFTER_LOAD;51.5;2.0;103.0;103.0;1509_direct_carried;;;0.4;728.0;218;103;0;1;0;150D
772054;1787848362042;21.8;86;91;RECOVERING_AFTER_LOAD;51.5;2.0;103.0;103.0;1509_direct_carried;;;0.4;728.0;218;103;0;1;0;1502
772463;1787848362451;20.3;86;91;RECOVERING_AFTER_LOAD;51.5;2.0;103.0;103.0;1509_direct_carried;;;0.4;728.0;203;103;0;1;0;1505
772685;1787848362673;20.3;86;91;RECOVERING_AFTER_LOAD;51.5;2.0;103.0;103.0;1509_direct_carried;;;0.4;728.0;203;103;0;1;0;1506
773093;1787848363081;20.3;86;91;RECOVERING_AFTER_LOAD;51.5;2.0;103.0;103.0;1509_direct_carried;;;0.4;728.0;203;103;0;1;0;1508
773305;1787848363293;20.3;86;91;RECOVERING_AFTER_LOAD;51.5;4.0;206.0;206.0;1509_direct;;;0.4;728.0;203;206;0;1;0;1509
773517;1787848363505;20.3;86;91;RECOVERING_AFTER_LOAD;51.5;4.0;206.0;206.0;1509_direct_carried;;;0.4;728.0;203;206;0;1;0;150A
773724;1787848363712;20.3;86;91;RECOVERING_AFTER_LOAD;51.5;4.0;206.0;206.0;1509_direct_carried;;;0.4;728.0;203;206;0;1;0;150B
773933;1787848363921;20.3;86;91;RECOVERING_AFTER_LOAD;51.5;4.0;206.0;206.0;1509_direct_carried;;;0.4;728.0;203;206;0;1;0;150D
774977;1787848364965;20.3;86;91;RECOVERING_AFTER_LOAD;51.5;4.0;206.0;206.0;1509_direct_carried;;;0.4;728.0;203;206;0;1;0;1502
775393;1787848365381;21.8;86;91;RECOVERING_AFTER_LOAD;51.5;4.0;206.0;206.0;1509_direct_carried;;;0.4;728.0;218;206;0;1;0;1505
775603;1787848365591;21.8;86;91;RECOVERING_AFTER_LOAD;51.5;4.0;206.0;206.0;1509_direct_carried;;;0.4;728.0;218;206;0;1;0;1506
776025;1787848366013;21.8;86;91;RECOVERING_AFTER_LOAD;51.5;4.0;206.0;206.0;1509_direct_carried;;;0.4;728.0;218;206;0;1;0;1508
776224;1787848366212;21.8;86;91;RECOVERING_AFTER_LOAD;51.4;5.0;257.0;257.0;1509_direct;;;0.4;728.0;218;257;0;1;0;1509
776434;1787848366422;21.8;86;91;RECOVERING_AFTER_LOAD;51.4;5.0;257.0;257.0;1509_direct_carried;;;0.4;728.0;218;257;0;1;0;150A
776643;1787848366631;21.8;86;91;RECOVERING_AFTER_LOAD;51.4;5.0;257.0;257.0;1509_direct_carried;;;0.4;728.0;218;257;0;1;0;150B
776853;1787848366841;21.8;86;91;RECOVERING_AFTER_LOAD;51.4;5.0;257.0;257.0;1509_direct_carried;;;0.4;728.0;218;257;0;1;0;150D
777906;1787848367894;21.8;86;91;RECOVERING_AFTER_LOAD;51.4;5.0;257.0;257.0;1509_direct_carried;;;0.4;728.0;218;257;0;1;0;1502
778314;1787848368302;21.8;86;91;RECOVERING_AFTER_LOAD;51.4;5.0;257.0;257.0;1509_direct_carried;;;0.4;728.0;218;257;0;1;0;1505
778523;1787848368511;21.8;86;91;RECOVERING_AFTER_LOAD;51.4;5.0;257.0;257.0;1509_direct_carried;;;0.4;728.0;218;257;0;1;0;1506
778944;1787848368932;21.8;86;91;RECOVERING_AFTER_LOAD;51.4;5.0;257.0;257.0;1509_direct_carried;;;0.4;728.0;218;257;0;1;0;1508
779152;1787848369140;21.8;86;91;RECOVERING_AFTER_LOAD;51.2;4.0;255.0;204.8;1509_direct;;;0.4;728.0;218;255;0;1;0;1509
779365;1787848369353;21.8;86;91;RECOVERING_AFTER_LOAD;51.2;4.0;255.0;204.8;1509_direct_carried;;;0.4;728.0;218;255;0;1;0;150A
779575;1787848369563;21.8;86;91;RECOVERING_AFTER_LOAD;51.2;4.0;255.0;204.8;1509_direct_carried;;;0.4;728.0;218;255;0;1;0;150B
779784;1787848369772;21.8;86;91;RECOVERING_AFTER_LOAD;51.2;4.0;255.0;204.8;1509_direct_carried;;;0.4;728.0;218;255;0;1;0;150D
780826;1787848370814;21.8;86;91;RECOVERING_AFTER_LOAD;51.2;4.0;255.0;204.8;1509_direct_carried;;;0.4;728.0;218;255;0;1;0;1502
781244;1787848371232;21.8;86;91;RECOVERING_AFTER_LOAD;51.2;4.0;255.0;204.8;1509_direct_carried;;;0.4;728.0;218;255;0;1;0;1505
781453;1787848371441;21.8;86;91;RECOVERING_AFTER_LOAD;51.2;4.0;255.0;204.8;1509_direct_carried;;;0.5;728.1;218;255;0;1;0;1506
781863;1787848371851;21.8;86;91;RECOVERING_AFTER_LOAD;51.2;4.0;255.0;204.8;1509_direct_carried;;;0.5;728.1;218;255;0;1;0;1508
782074;1787848372062;21.8;86;91;RECOVERING_AFTER_LOAD;51.5;4.0;206.0;206.0;1509_direct;;;0.5;728.1;218;206;0;1;0;1509
782283;1787848372271;21.8;86;91;RECOVERING_AFTER_LOAD;51.5;4.0;206.0;206.0;1509_direct_carried;;;0.5;728.1;218;206;0;1;0;150A
782495;1787848372483;21.8;86;91;RECOVERING_AFTER_LOAD;51.5;4.0;206.0;206.0;1509_direct_carried;;;0.5;728.1;218;206;0;1;0;150B
782703;1787848372691;21.8;86;91;RECOVERING_AFTER_LOAD;51.5;4.0;206.0;206.0;1509_direct_carried;;;0.5;728.1;218;206;0;1;0;150D
783744;1787848373732;21.8;86;91;RECOVERING_AFTER_LOAD;51.5;4.0;206.0;206.0;1509_direct_carried;;;0.5;728.1;218;206;0;1;0;1502
784166;1787848374154;21.8;86;91;RECOVERING_AFTER_LOAD;51.5;4.0;206.0;206.0;1509_direct_carried;;;0.5;728.1;218;206;0;1;0;1505
784375;1787848374363;21.8;86;91;RECOVERING_AFTER_LOAD;51.5;4.0;206.0;206.0;1509_direct_carried;;;0.5;728.1;218;206;0;1;0;1506
784796;1787848374784;21.8;86;91;RECOVERING_AFTER_LOAD;51.5;4.0;206.0;206.0;1509_direct_carried;;;0.5;728.1;218;206;0;1;0;1508
785003;1787848374991;21.8;86;91;RECOVERING_AFTER_LOAD;51.7;1.0;51.0;51.7;1509_direct;;;0.5;728.1;218;51;0;1;0;1509
785214;1787848375202;21.8;86;91;RECOVERING_AFTER_LOAD;51.7;1.0;51.0;51.7;1509_direct_carried;;;0.5;728.1;218;51;0;1;0;150A
785427;1787848375415;21.8;86;91;RECOVERING_AFTER_LOAD;51.7;1.0;51.0;51.7;1509_direct_carried;;;0.5;728.1;218;51;0;1;0;150B
785635;1787848375623;21.8;86;91;RECOVERING_AFTER_LOAD;51.7;1.0;51.0;51.7;1509_direct_carried;;;0.5;728.1;218;51;0;1;0;150D
786674;1787848376662;21.8;86;91;RECOVERING_AFTER_LOAD;51.7;1.0;51.0;51.7;1509_direct_carried;;;0.5;728.1;218;51;0;1;0;1502
787094;1787848377082;21.8;86;91;RECOVERING_AFTER_LOAD;51.7;1.0;51.0;51.7;1509_direct_carried;;;0.5;728.1;218;51;0;1;0;1505
787303;1787848377291;21.8;86;91;RECOVERING_AFTER_LOAD;51.7;1.0;51.0;51.7;1509_direct_carried;;;0.5;728.1;218;51;0;1;0;1506
787714;1787848377702;21.8;86;91;RECOVERING_AFTER_LOAD;51.7;1.0;51.0;51.7;1509_direct_carried;;;0.5;728.1;218;51;0;1;0;1508
787924;1787848377912;21.8;86;91;RECOVERING_AFTER_LOAD;51.8;0.0;0.0;0.0;1509_direct;;;0.5;728.1;218;0;0;1;0;1509
788134;1787848378122;21.8;86;91;RECOVERING_AFTER_LOAD;51.8;0.0;0.0;0.0;1509_direct_carried;;;0.5;728.1;218;0;0;1;0;150A
788342;1787848378330;21.8;86;91;RECOVERING_AFTER_LOAD;51.8;0.0;0.0;0.0;1509_direct_carried;;;0.5;728.1;218;0;0;1;0;150B
788553;1787848378541;21.8;86;91;RECOVERING_AFTER_LOAD;51.8;0.0;0.0;0.0;1509_direct_carried;;;0.5;728.1;218;0;0;1;0;150D
789594;1787848379582;21.8;86;91;RECOVERING_AFTER_LOAD;51.8;0.0;0.0;0.0;1509_direct_carried;;;0.5;728.1;218;0;0;1;0;1502
790016;1787848380004;21.8;86;91;RECOVERING_AFTER_LOAD;51.8;0.0;0.0;0.0;1509_direct_carried;;;0.5;728.1;218;0;0;1;0;1505
790230;1787848380218;21.8;86;91;RECOVERING_AFTER_LOAD;51.8;0.0;0.0;0.0;1509_direct_carried;;;0.5;728.1;218;0;0;1;0;1506
790646;1787848380634;21.8;86;91;RECOVERING_AFTER_LOAD;51.8;0.0;0.0;0.0;1509_direct_carried;;;0.5;728.1;218;0;0;1;0;1508
790854;1787848380842;21.8;86;91;RECOVERING_AFTER_LOAD;51.9;0.0;0.0;0.0;1509_direct;;;0.5;728.1;218;0;0;1;0;1509
791064;1787848381052;21.8;86;91;RECOVERING_AFTER_LOAD;51.9;0.0;0.0;0.0;1509_direct_carried;;;0.5;728.1;218;0;0;1;0;150A
791274;1787848381262;21.8;86;91;RECOVERING_AFTER_LOAD;51.9;0.0;0.0;0.0;1509_direct_carried;;;0.5;728.1;218;0;0;1;0;150B
791474;1787848381462;21.8;86;91;RECOVERING_AFTER_LOAD;51.9;0.0;0.0;0.0;1509_direct_carried;;;0.5;728.1;218;0;0;1;0;150D
792529;1787848382517;21.8;86;91;RECOVERING_AFTER_LOAD;51.9;0.0;0.0;0.0;1509_direct_carried;;;0.5;728.1;218;0;0;1;0;1502
792944;1787848382932;21.8;86;91;RECOVERING_AFTER_LOAD;51.9;0.0;0.0;0.0;1509_direct_carried;;;0.5;728.1;218;0;0;1;0;1505
793153;1787848383141;21.8;86;91;RECOVERING_AFTER_LOAD;51.9;0.0;0.0;0.0;1509_direct_carried;;;0.5;728.1;218;0;0;1;0;1506
793561;1787848383549;21.8;86;91;RECOVERING_AFTER_LOAD;51.9;0.0;0.0;0.0;1509_direct_carried;;;0.5;728.1;218;0;0;1;0;1508
793772;1787848383760;21.8;86;91;RECOVERING_AFTER_LOAD;51.9;0.0;0.0;0.0;1509_direct;;;0.5;728.1;218;0;0;1;0;1509
793984;1787848383972;21.8;86;91;RECOVERING_AFTER_LOAD;51.9;0.0;0.0;0.0;1509_direct_carried;;;0.5;728.1;218;0;0;1;0;150A
794194;1787848384182;21.8;86;91;RECOVERING_AFTER_LOAD;51.9;0.0;0.0;0.0;1509_direct_carried;;;0.5;728.1;218;0;0;1;0;150B
794403;1787848384391;21.8;86;91;RECOVERING_AFTER_LOAD;51.9;0.0;0.0;0.0;1509_direct_carried;;;0.5;728.1;218;0;0;1;0;150D
795443;1787848385431;21.8;86;91;RECOVERING_AFTER_LOAD;51.9;0.0;0.0;0.0;1509_direct_carried;;;0.5;728.1;218;0;0;1;0;1502
795865;1787848385853;21.0;86;91;RECOVERING_AFTER_LOAD;51.9;0.0;0.0;0.0;1509_direct_carried;;;0.5;728.1;210;0;0;1;0;1505
796074;1787848386062;21.0;86;91;RECOVERING_AFTER_LOAD;51.9;0.0;0.0;0.0;1509_direct_carried;;;0.6;728.2;210;0;0;1;0;1506
796495;1787848386483;21.0;86;91;RECOVERING_AFTER_LOAD;51.9;0.0;0.0;0.0;1509_direct_carried;;;0.6;728.2;210;0;0;1;0;1508
796706;1787848386694;21.0;86;91;RECOVERING_AFTER_LOAD;51.7;1.0;51.0;51.7;1509_direct;;;0.6;728.2;210;51;0;1;0;1509
796915;1787848386903;21.0;86;91;RECOVERING_AFTER_LOAD;51.7;1.0;51.0;51.7;1509_direct_carried;;;0.6;728.2;210;51;0;1;0;150A
797125;1787848387113;21.0;86;91;RECOVERING_AFTER_LOAD;51.7;1.0;51.0;51.7;1509_direct_carried;;;0.6;728.2;210;51;0;1;0;150B
797324;1787848387312;21.0;86;91;RECOVERING_AFTER_LOAD;51.7;1.0;51.0;51.7;1509_direct_carried;;;0.6;728.2;210;51;0;1;0;150D
798376;1787848388364;21.0;86;91;RECOVERING_AFTER_LOAD;51.7;1.0;51.0;51.7;1509_direct_carried;;;0.6;728.2;210;51;0;1;0;1502
798793;1787848388781;21.8;86;91;RECOVERING_AFTER_LOAD;51.7;1.0;51.0;51.7;1509_direct_carried;;;0.6;728.2;218;51;0;1;0;1505
799005;1787848388993;21.8;86;91;RECOVERING_AFTER_LOAD;51.7;1.0;51.0;51.7;1509_direct_carried;;;0.6;728.2;218;51;0;1;0;1506
799414;1787848389402;21.8;86;91;RECOVERING_AFTER_LOAD;51.7;1.0;51.0;51.7;1509_direct_carried;;;0.6;728.2;218;51;0;1;0;1508
799622;1787848389610;21.8;86;91;RECOVERING_AFTER_LOAD;51.8;1.0;103.0;51.8;1509_direct;;;0.6;728.2;218;103;0;1;0;1509
799835;1787848389823;21.8;86;91;RECOVERING_AFTER_LOAD;51.8;1.0;103.0;51.8;1509_direct_carried;;;0.6;728.2;218;103;0;1;0;150A
800045;1787848390033;21.8;86;91;RECOVERING_AFTER_LOAD;51.8;1.0;103.0;51.8;1509_direct_carried;;;0.6;728.2;218;103;0;1;0;150B
800255;1787848390243;21.8;86;91;RECOVERING_AFTER_LOAD;51.8;1.0;103.0;51.8;1509_direct_carried;;;0.6;728.2;218;103;0;1;0;150D
801295;1787848391283;21.8;86;91;RECOVERING_AFTER_LOAD;51.8;1.0;103.0;51.8;1509_direct_carried;;;0.6;728.2;218;103;0;1;0;1502
801716;1787848391704;21.8;86;91;RECOVERING_AFTER_LOAD;51.8;1.0;103.0;51.8;1509_direct_carried;;;0.6;728.2;218;103;0;1;0;1505
801925;1787848391913;21.8;86;91;RECOVERING_AFTER_LOAD;51.8;1.0;103.0;51.8;1509_direct_carried;;;0.6;728.2;218;103;0;1;0;1506
802344;1787848392332;21.8;86;91;RECOVERING_AFTER_LOAD;51.8;1.0;103.0;51.8;1509_direct_carried;;;0.6;728.2;218;103;0;1;0;1508
802554;1787848392542;21.8;86;91;RECOVERING_AFTER_LOAD;51.3;4.0;205.0;205.2;1509_direct;;;0.6;728.2;218;205;0;1;0;1509
802754;1787848392742;21.8;86;91;RECOVERING_AFTER_LOAD;51.3;4.0;205.0;205.2;1509_direct_carried;;;0.6;728.2;218;205;0;1;0;150A
802966;1787848392954;21.8;86;91;RECOVERING_AFTER_LOAD;51.3;4.0;205.0;205.2;1509_direct_carried;;;0.6;728.2;218;205;0;1;0;150B
803175;1787848393163;21.8;86;91;RECOVERING_AFTER_LOAD;51.3;4.0;205.0;205.2;1509_direct_carried;;;0.6;728.2;218;205;0;1;0;150D
804226;1787848394214;21.8;86;91;RECOVERING_AFTER_LOAD;51.3;4.0;205.0;205.2;1509_direct_carried;;;0.6;728.2;218;205;0;1;0;1502
804644;1787848394632;21.8;86;91;RECOVERING_AFTER_LOAD;51.3;4.0;205.0;205.2;1509_direct_carried;;;0.6;728.2;218;205;0;1;0;1505
804844;1787848394832;21.8;86;91;RECOVERING_AFTER_LOAD;51.3;4.0;205.0;205.2;1509_direct_carried;;;0.6;728.2;218;205;0;1;0;1506
805266;1787848395254;21.8;86;91;RECOVERING_AFTER_LOAD;51.3;4.0;205.0;205.2;1509_direct_carried;;;0.6;728.2;218;205;0;1;0;1508
805478;1787848395466;21.8;86;91;RECOVERING_AFTER_LOAD;51.3;4.0;205.0;205.2;1509_direct;;;0.6;728.2;218;205;0;1;0;1509
805685;1787848395673;21.8;86;91;RECOVERING_AFTER_LOAD;51.3;4.0;205.0;205.2;1509_direct_carried;;;0.6;728.2;218;205;0;1;0;150A
805896;1787848395884;21.8;86;91;RECOVERING_AFTER_LOAD;51.3;4.0;205.0;205.2;1509_direct_carried;;;0.6;728.2;218;205;0;1;0;150B
806107;1787848396095;21.8;86;91;RECOVERING_AFTER_LOAD;51.3;4.0;205.0;205.2;1509_direct_carried;;;0.6;728.2;218;205;0;1;0;150D
807143;1787848397131;21.8;86;91;RECOVERING_AFTER_LOAD;51.3;4.0;205.0;205.2;1509_direct_carried;;;0.6;728.2;218;205;0;1;0;1502
807565;1787848397553;21.8;86;91;RECOVERING_AFTER_LOAD;51.3;4.0;205.0;205.2;1509_direct_carried;;;0.6;728.2;218;205;0;1;0;1505
807775;1787848397763;21.8;86;91;RECOVERING_AFTER_LOAD;51.3;4.0;205.0;205.2;1509_direct_carried;;;0.6;728.2;218;205;0;1;0;1506
808194;1787848398182;21.8;86;91;RECOVERING_AFTER_LOAD;51.3;4.0;205.0;205.2;1509_direct_carried;;;0.6;728.2;218;205;0;1;0;1508
808405;1787848398393;21.8;86;91;RECOVERING_AFTER_LOAD;51.3;3.0;153.0;153.89999999999998;1509_direct;;;0.6;728.2;218;153;0;1;0;1509
808603;1787848398591;21.8;86;91;RECOVERING_AFTER_LOAD;51.3;3.0;153.0;153.89999999999998;1509_direct_carried;;;0.6;728.2;218;153;0;1;0;150A
808816;1787848398804;21.8;86;91;RECOVERING_AFTER_LOAD;51.3;3.0;153.0;153.89999999999998;1509_direct_carried;;;0.6;728.2;218;153;0;1;0;150B
809024;1787848399012;21.8;86;91;RECOVERING_AFTER_LOAD;51.3;3.0;153.0;153.89999999999998;1509_direct_carried;;;0.6;728.2;218;153;0;1;0;150D
810075;1787848400063;21.8;86;91;RECOVERING_AFTER_LOAD;51.3;3.0;153.0;153.89999999999998;1509_direct_carried;;;0.6;728.2;218;153;0;1;0;1502
810484;1787848400472;21.8;86;91;RECOVERING_AFTER_LOAD;51.3;3.0;153.0;153.89999999999998;1509_direct_carried;;;0.6;728.2;218;153;0;1;0;1505
810695;1787848400683;21.8;86;91;RECOVERING_AFTER_LOAD;51.3;3.0;153.0;153.89999999999998;1509_direct_carried;;;0.6;728.2;218;153;0;1;0;1506
811114;1787848401102;21.8;86;91;RECOVERING_AFTER_LOAD;51.3;3.0;153.0;153.89999999999998;1509_direct_carried;;;0.6;728.2;218;153;0;1;0;1508
811325;1787848401313;21.8;86;91;RECOVERING_AFTER_LOAD;51.4;4.0;205.0;205.6;1509_direct;;;0.6;728.2;218;205;0;1;0;1509
811536;1787848401524;21.8;86;91;RECOVERING_AFTER_LOAD;51.4;4.0;205.0;205.6;1509_direct_carried;;;0.6;728.2;218;205;0;1;0;150A
811744;1787848401732;21.8;86;91;RECOVERING_AFTER_LOAD;51.4;4.0;205.0;205.6;1509_direct_carried;;;0.6;728.2;218;205;0;1;0;150B
811955;1787848401943;21.8;86;91;RECOVERING_AFTER_LOAD;51.4;4.0;205.0;205.6;1509_direct_carried;;;0.6;728.2;218;205;0;1;0;150D
812993;1787848402981;21.8;86;91;RECOVERING_AFTER_LOAD;51.4;4.0;205.0;205.6;1509_direct_carried;;;0.6;728.2;218;205;0;1;0;1502
813416;1787848403404;21.8;86;91;RECOVERING_AFTER_LOAD;51.4;4.0;205.0;205.6;1509_direct_carried;;;0.6;728.2;218;205;0;1;0;1505
813626;1787848403614;21.8;86;91;RECOVERING_AFTER_LOAD;51.4;4.0;205.0;205.6;1509_direct_carried;;;0.7;728.3;218;205;0;1;0;1506
814045;1787848404033;21.8;86;91;RECOVERING_AFTER_LOAD;51.4;4.0;205.0;205.6;1509_direct_carried;;;0.7;728.3;218;205;0;1;0;1508
814244;1787848404232;21.8;86;91;RECOVERING_AFTER_LOAD;51.5;4.0;206.0;206.0;1509_direct;;;0.7;728.3;218;206;0;1;0;1509
814455;1787848404443;21.8;86;91;RECOVERING_AFTER_LOAD;51.5;4.0;206.0;206.0;1509_direct_carried;;;0.7;728.3;218;206;0;1;0;150A
814662;1787848404650;21.8;86;91;RECOVERING_AFTER_LOAD;51.5;4.0;206.0;206.0;1509_direct_carried;;;0.7;728.3;218;206;0;1;0;150B
814874;1787848404862;21.8;86;91;RECOVERING_AFTER_LOAD;51.5;4.0;206.0;206.0;1509_direct_carried;;;0.7;728.3;218;206;0;1;0;150D
815925;1787848405913;21.8;86;91;RECOVERING_AFTER_LOAD;51.5;4.0;206.0;206.0;1509_direct_carried;;;0.7;728.3;218;206;0;1;0;1502
816336;1787848406324;21.8;86;91;RECOVERING_AFTER_LOAD;51.5;4.0;206.0;206.0;1509_direct_carried;;;0.7;728.3;218;206;0;1;0;1505
816546;1787848406534;21.8;86;91;RECOVERING_AFTER_LOAD;51.5;4.0;206.0;206.0;1509_direct_carried;;;0.7;728.3;218;206;0;1;0;1506
816965;1787848406953;21.8;86;91;RECOVERING_AFTER_LOAD;51.5;4.0;206.0;206.0;1509_direct_carried;;;0.7;728.3;218;206;1;1;0;1508
817176;1787848407164;21.8;86;91;RECOVERING_AFTER_LOAD;51.5;3.0;154.0;154.5;1509_direct;;;0.7;728.3;218;154;1;1;0;1509
817385;1787848407373;21.8;86;91;RECOVERING_AFTER_LOAD;51.5;3.0;154.0;154.5;1509_direct_carried;;;0.7;728.3;218;154;1;1;0;150A
817595;1787848407583;21.8;86;91;RECOVERING_AFTER_LOAD;51.5;3.0;154.0;154.5;1509_direct_carried;;;0.7;728.3;218;154;1;1;0;150B
817807;1787848407795;21.8;86;91;RECOVERING_AFTER_LOAD;51.5;3.0;154.0;154.5;1509_direct_carried;;;0.7;728.3;218;154;1;1;0;150D
818844;1787848408832;21.8;86;91;RECOVERING_AFTER_LOAD;51.5;3.0;154.0;154.5;1509_direct_carried;;;0.7;728.3;218;154;1;1;0;1502
819263;1787848409251;21.8;86;91;RECOVERING_AFTER_LOAD;51.5;3.0;154.0;154.5;1509_direct_carried;;;0.7;728.3;218;154;1;1;0;1505
819473;1787848409461;21.8;86;91;RECOVERING_AFTER_LOAD;51.5;3.0;154.0;154.5;1509_direct_carried;;;0.7;728.3;218;154;1;1;0;1506
819892;1787848409880;21.8;86;91;RECOVERING_AFTER_LOAD;51.5;3.0;154.0;154.5;1509_direct_carried;;;0.7;728.3;218;154;0;1;0;1508
820095;1787848410083;21.8;86;91;RECOVERING_AFTER_LOAD;51.3;4.0;205.0;205.2;1509_direct;;;0.7;728.3;218;205;0;1;0;1509
820305;1787848410293;21.8;86;91;RECOVERING_AFTER_LOAD;51.3;4.0;205.0;205.2;1509_direct_carried;;;0.7;728.3;218;205;0;1;0;150A
820517;1787848410505;21.8;86;91;RECOVERING_AFTER_LOAD;51.3;4.0;205.0;205.2;1509_direct_carried;;;0.7;728.3;218;205;0;1;0;150B
820723;1787848410711;21.8;86;91;RECOVERING_AFTER_LOAD;51.3;4.0;205.0;205.2;1509_direct_carried;;;0.7;728.3;218;205;0;1;0;150D
821776;1787848411764;21.8;86;91;RECOVERING_AFTER_LOAD;51.3;4.0;205.0;205.2;1509_direct_carried;;;0.7;728.3;218;205;0;1;0;1502
822186;1787848412174;21.8;86;91;RECOVERING_AFTER_LOAD;51.3;4.0;205.0;205.2;1509_direct_carried;;;0.7;728.3;218;205;0;1;0;1505
822396;1787848412384;21.8;86;91;RECOVERING_AFTER_LOAD;51.3;4.0;205.0;205.2;1509_direct_carried;;;0.7;728.3;218;205;0;1;0;1506
822814;1787848412802;21.8;86;91;RECOVERING_AFTER_LOAD;51.3;4.0;205.0;205.2;1509_direct_carried;;;0.7;728.3;218;205;0;1;0;1508
823023;1787848413011;21.8;86;91;RECOVERING_AFTER_LOAD;51.0;5.0;255.0;255.0;1509_direct;;;0.7;728.3;218;255;0;1;0;1509
823235;1787848413223;21.8;86;91;RECOVERING_AFTER_LOAD;51.0;5.0;255.0;255.0;1509_direct_carried;;;0.7;728.3;218;255;0;1;0;150A
823445;1787848413433;21.8;86;91;RECOVERING_AFTER_LOAD;51.0;5.0;255.0;255.0;1509_direct_carried;;;0.7;728.3;218;255;0;1;0;150B
823654;1787848413642;21.8;86;91;RECOVERING_AFTER_LOAD;51.0;5.0;255.0;255.0;1509_direct_carried;;;0.7;728.3;218;255;0;1;0;150D
824701;1787848414689;21.8;86;91;RECOVERING_AFTER_LOAD;51.0;5.0;255.0;255.0;1509_direct_carried;;;0.7;728.3;218;255;0;1;0;1502
825115;1787848415103;21.8;86;91;RECOVERING_AFTER_LOAD;51.0;5.0;255.0;255.0;1509_direct_carried;;;0.7;728.3;218;255;0;1;0;1505
825327;1787848415315;21.8;86;91;RECOVERING_AFTER_LOAD;51.0;5.0;255.0;255.0;1509_direct_carried;;;0.7;728.3;218;255;0;1;0;1506
825735;1787848415723;21.8;86;91;RECOVERING_AFTER_LOAD;51.0;5.0;255.0;255.0;1509_direct_carried;;;0.7;728.3;218;255;0;1;0;1508
825946;1787848415934;21.8;86;91;RECOVERING_AFTER_LOAD;51.1;6.0;306.0;306.6;1509_direct;;;0.7;728.3;218;306;0;1;0;1509
826156;1787848416144;21.8;86;91;RECOVERING_AFTER_LOAD;51.1;6.0;306.0;306.6;1509_direct_carried;;;0.7;728.3;218;306;0;1;0;150A
826365;1787848416353;21.8;86;91;RECOVERING_AFTER_LOAD;51.1;6.0;306.0;306.6;1509_direct_carried;;;0.7;728.3;218;306;0;1;0;150B
826575;1787848416563;21.8;86;91;RECOVERING_AFTER_LOAD;51.1;6.0;306.0;306.6;1509_direct_carried;;;0.7;728.3;218;306;0;1;0;150D
827615;1787848417603;21.8;86;91;RECOVERING_AFTER_LOAD;51.1;6.0;306.0;306.6;1509_direct_carried;;;0.7;728.3;218;306;0;1;0;1502
828034;1787848418022;21.8;86;91;RECOVERING_AFTER_LOAD;51.1;6.0;306.0;306.6;1509_direct_carried;;;0.7;728.3;218;306;0;1;0;1505
828245;1787848418233;21.8;86;91;RECOVERING_AFTER_LOAD;51.1;6.0;306.0;306.6;1509_direct_carried;;;0.7;728.3;218;306;0;1;0;1506
828663;1787848418651;21.8;86;91;RECOVERING_AFTER_LOAD;51.1;6.0;306.0;306.6;1509_direct_carried;;;0.7;728.3;218;306;0;1;0;1508
828875;1787848418863;21.8;86;91;RECOVERING_AFTER_LOAD;51.1;5.0;255.0;255.5;1509_direct;;;0.7;728.3;218;255;0;1;0;1509
829085;1787848419073;21.8;86;91;RECOVERING_AFTER_LOAD;51.1;5.0;255.0;255.5;1509_direct_carried;;;0.7;728.3;218;255;0;1;0;150A
829297;1787848419285;21.8;86;91;RECOVERING_AFTER_LOAD;51.1;5.0;255.0;255.5;1509_direct_carried;;;0.7;728.3;218;255;0;1;0;150B
829499;1787848419487;21.8;86;91;RECOVERING_AFTER_LOAD;51.1;5.0;255.0;255.5;1509_direct_carried;;;0.7;728.3;218;255;0;1;0;150D
830547;1787848420535;21.8;86;91;RECOVERING_AFTER_LOAD;51.1;5.0;255.0;255.5;1509_direct_carried;;;0.7;728.3;218;255;0;1;0;1502
830967;1787848420955;21.8;86;91;RECOVERING_AFTER_LOAD;51.1;5.0;255.0;255.5;1509_direct_carried;;;0.7;728.3;218;255;0;1;0;1505
831178;1787848421166;21.8;86;91;RECOVERING_AFTER_LOAD;51.1;5.0;255.0;255.5;1509_direct_carried;;;0.8;728.4;218;255;0;1;0;1506
831587;1787848421575;21.8;86;91;RECOVERING_AFTER_LOAD;51.1;5.0;255.0;255.5;1509_direct_carried;;;0.8;728.4;218;255;0;1;0;1508
831795;1787848421783;21.8;86;91;RECOVERING_AFTER_LOAD;51.0;6.0;306.0;306.0;1509_direct;;;0.8;728.4;218;306;0;1;0;1509
832005;1787848421993;21.8;86;91;RECOVERING_AFTER_LOAD;51.0;6.0;306.0;306.0;1509_direct_carried;;;0.8;728.4;218;306;0;1;0;150A
832215;1787848422203;21.8;86;91;RECOVERING_AFTER_LOAD;51.0;6.0;306.0;306.0;1509_direct_carried;;;0.8;728.4;218;306;0;1;0;150B
832424;1787848422412;21.8;86;91;RECOVERING_AFTER_LOAD;51.0;6.0;306.0;306.0;1509_direct_carried;;;0.8;728.4;218;306;0;1;0;150D
833465;1787848423453;21.8;86;91;RECOVERING_AFTER_LOAD;51.0;6.0;306.0;306.0;1509_direct_carried;;;0.8;728.4;218;306;0;1;0;1502
833885;1787848423873;21.8;86;91;RECOVERING_AFTER_LOAD;51.0;6.0;306.0;306.0;1509_direct_carried;;;0.8;728.4;218;306;0;1;0;1505
834095;1787848424083;21.8;86;91;RECOVERING_AFTER_LOAD;51.0;6.0;306.0;306.0;1509_direct_carried;;;0.8;728.4;218;306;0;1;0;1506
834514;1787848424502;21.8;86;91;RECOVERING_AFTER_LOAD;51.0;6.0;306.0;306.0;1509_direct_carried;;;0.8;728.4;218;306;0;1;0;1508
834725;1787848424713;21.8;86;91;RECOVERING_AFTER_LOAD;51.0;6.0;306.0;306.0;1509_direct;;;0.8;728.4;218;306;0;1;0;1509
834933;1787848424921;21.8;86;91;RECOVERING_AFTER_LOAD;51.0;6.0;306.0;306.0;1509_direct_carried;;;0.8;728.4;218;306;0;1;0;150A
835146;1787848425134;21.8;86;91;RECOVERING_AFTER_LOAD;51.0;6.0;306.0;306.0;1509_direct_carried;;;0.8;728.4;218;306;0;1;0;150B
835347;1787848425335;21.8;86;91;RECOVERING_AFTER_LOAD;51.0;6.0;306.0;306.0;1509_direct_carried;;;0.8;728.4;218;306;0;1;0;150D
836395;1787848426383;21.8;86;91;RECOVERING_AFTER_LOAD;51.0;6.0;306.0;306.0;1509_direct_carried;;;0.8;728.4;218;306;0;1;0;1502
836815;1787848426803;21.8;86;91;RECOVERING_AFTER_LOAD;51.0;6.0;306.0;306.0;1509_direct_carried;;;0.8;728.4;218;306;0;1;0;1505
837016;1787848427004;21.8;86;91;RECOVERING_AFTER_LOAD;51.0;6.0;306.0;306.0;1509_direct_carried;;;0.8;728.4;218;306;0;1;0;1506
837436;1787848427424;21.8;86;91;RECOVERING_AFTER_LOAD;51.0;6.0;306.0;306.0;1509_direct_carried;;;0.8;728.4;218;306;0;1;0;1508
837646;1787848427634;21.8;86;91;RECOVERING_AFTER_LOAD;51.1;5.0;255.0;255.5;1509_direct;;;0.8;728.4;218;255;0;1;0;1509
837855;1787848427843;21.8;86;91;RECOVERING_AFTER_LOAD;51.1;5.0;255.0;255.5;1509_direct_carried;;;0.8;728.4;218;255;0;1;0;150A
838066;1787848428054;21.8;86;91;RECOVERING_AFTER_LOAD;51.1;5.0;255.0;255.5;1509_direct_carried;;;0.8;728.4;218;255;0;1;0;150B
838276;1787848428264;21.8;86;91;RECOVERING_AFTER_LOAD;51.1;5.0;255.0;255.5;1509_direct_carried;;;0.8;728.4;218;255;0;1;0;150D
839318;1787848429306;21.8;86;91;RECOVERING_AFTER_LOAD;51.1;5.0;255.0;255.5;1509_direct_carried;;;0.8;728.4;218;255;0;1;0;1502
839732;1787848429720;21.8;86;91;RECOVERING_AFTER_LOAD;51.1;5.0;255.0;255.5;1509_direct_carried;;;0.8;728.4;218;255;0;1;0;1505
839942;1787848429930;21.8;86;91;RECOVERING_AFTER_LOAD;51.1;5.0;255.0;255.5;1509_direct_carried;;;0.8;728.4;218;255;0;1;0;1506
840363;1787848430351;21.8;86;91;RECOVERING_AFTER_LOAD;51.1;5.0;255.0;255.5;1509_direct_carried;;;0.8;728.4;218;255;0;1;0;1508
840573;1787848430561;21.8;86;91;RECOVERING_AFTER_LOAD;51.5;3.0;204.0;154.5;1509_direct;;;0.8;728.4;218;204;0;1;0;1509
840783;1787848430771;21.8;86;91;RECOVERING_AFTER_LOAD;51.5;3.0;204.0;154.5;1509_direct_carried;;;0.8;728.4;218;204;0;1;0;150A
840985;1787848430973;21.8;86;91;RECOVERING_AFTER_LOAD;51.5;3.0;204.0;154.5;1509_direct_carried;;;0.8;728.4;218;204;0;1;0;150B
841194;1787848431182;21.8;86;91;RECOVERING_AFTER_LOAD;51.5;3.0;204.0;154.5;1509_direct_carried;;;0.8;728.4;218;204;0;1;0;150D
842245;1787848432233;21.8;86;91;RECOVERING_AFTER_LOAD;51.5;3.0;204.0;154.5;1509_direct_carried;;;0.8;728.4;218;204;0;1;0;1502
842664;1787848432652;21.8;86;91;RECOVERING_AFTER_LOAD;51.5;3.0;204.0;154.5;1509_direct_carried;;;0.8;728.4;218;204;0;1;0;1505
842878;1787848432866;21.8;86;91;RECOVERING_AFTER_LOAD;51.5;3.0;204.0;154.5;1509_direct_carried;;;0.8;728.4;218;204;0;1;0;1506
843288;1787848433276;21.8;86;91;RECOVERING_AFTER_LOAD;51.5;3.0;204.0;154.5;1509_direct_carried;;;0.8;728.4;218;204;0;1;0;1508
843497;1787848433485;21.8;86;91;RECOVERING_AFTER_LOAD;51.3;3.0;153.0;153.89999999999998;1509_direct;;;0.8;728.4;218;153;0;1;0;1509
843708;1787848433696;21.8;86;91;RECOVERING_AFTER_LOAD;51.3;3.0;153.0;153.89999999999998;1509_direct_carried;;;0.8;728.4;218;153;0;1;0;150A
843914;1787848433902;21.8;86;91;RECOVERING_AFTER_LOAD;51.3;3.0;153.0;153.89999999999998;1509_direct_carried;;;0.8;728.4;218;153;0;1;0;150B
844126;1787848434114;21.8;86;91;RECOVERING_AFTER_LOAD;51.3;3.0;153.0;153.89999999999998;1509_direct_carried;;;0.8;728.4;218;153;0;1;0;150D
845167;1787848435155;21.8;86;91;RECOVERING_AFTER_LOAD;51.3;3.0;153.0;153.89999999999998;1509_direct_carried;;;0.8;728.4;218;153;0;1;0;1502
845590;1787848435578;21.8;86;91;RECOVERING_AFTER_LOAD;51.3;3.0;153.0;153.89999999999998;1509_direct_carried;;;0.8;728.4;218;153;0;1;0;1505
845795;1787848435783;21.8;86;91;RECOVERING_AFTER_LOAD;51.3;3.0;153.0;153.89999999999998;1509_direct_carried;;;0.9;728.5;218;153;0;1;0;1506
846213;1787848436201;21.8;86;91;RECOVERING_AFTER_LOAD;51.3;3.0;153.0;153.89999999999998;1509_direct_carried;;;0.9;728.5;218;153;0;1;0;1508
846424;1787848436412;21.8;86;91;RECOVERING_AFTER_LOAD;51.3;3.0;153.0;153.89999999999998;1509_direct;;;0.9;728.5;218;153;0;1;0;1509
846635;1787848436623;21.8;86;91;RECOVERING_AFTER_LOAD;51.3;3.0;153.0;153.89999999999998;1509_direct_carried;;;0.9;728.5;218;153;0;1;0;150A
846834;1787848436822;21.8;86;91;RECOVERING_AFTER_LOAD;51.3;3.0;153.0;153.89999999999998;1509_direct_carried;;;0.9;728.5;218;153;0;1;0;150B
847045;1787848437033;21.8;86;91;RECOVERING_AFTER_LOAD;51.3;3.0;153.0;153.89999999999998;1509_direct_carried;;;0.9;728.5;218;153;0;1;0;150D
848096;1787848438084;21.8;86;91;RECOVERING_AFTER_LOAD;51.3;3.0;153.0;153.89999999999998;1509_direct_carried;;;0.9;728.5;218;153;0;1;0;1502
848516;1787848438504;21.8;86;91;RECOVERING_AFTER_LOAD;51.3;3.0;153.0;153.89999999999998;1509_direct_carried;;;0.9;728.5;218;153;0;1;0;1505
848723;1787848438711;21.8;86;91;RECOVERING_AFTER_LOAD;51.3;3.0;153.0;153.89999999999998;1509_direct_carried;;;0.9;728.5;218;153;0;1;0;1506
849136;1787848439124;21.8;86;91;RECOVERING_AFTER_LOAD;51.3;3.0;153.0;153.89999999999998;1509_direct_carried;;;0.9;728.5;218;153;0;1;0;1508
849346;1787848439334;21.8;86;91;RECOVERING_AFTER_LOAD;51.5;1.0;51.0;51.5;1509_direct;;;0.9;728.5;218;51;0;1;0;1509
849556;1787848439544;21.8;86;91;RECOVERING_AFTER_LOAD;51.5;1.0;51.0;51.5;1509_direct_carried;;;0.9;728.5;218;51;0;1;0;150A
849764;1787848439752;21.8;86;91;RECOVERING_AFTER_LOAD;51.5;1.0;51.0;51.5;1509_direct_carried;;;0.9;728.5;218;51;0;1;0;150B
849976;1787848439964;21.8;86;91;RECOVERING_AFTER_LOAD;51.5;1.0;51.0;51.5;1509_direct_carried;;;0.9;728.5;218;51;0;1;0;150D
851016;1787848441004;21.8;86;91;RECOVERING_AFTER_LOAD;51.5;1.0;51.0;51.5;1509_direct_carried;;;0.9;728.5;218;51;0;1;0;1502
851436;1787848441424;21.8;86;91;RECOVERING_AFTER_LOAD;51.5;1.0;51.0;51.5;1509_direct_carried;;;0.9;728.5;218;51;0;1;0;1505
851646;1787848441634;21.8;86;91;RECOVERING_AFTER_LOAD;51.5;1.0;51.0;51.5;1509_direct_carried;;;0.9;728.5;218;51;0;1;0;1506
852068;1787848442056;21.8;86;91;RECOVERING_AFTER_LOAD;51.5;1.0;51.0;51.5;1509_direct_carried;;;0.9;728.5;218;51;0;1;0;1508
852277;1787848442265;21.8;86;91;RECOVERING_AFTER_LOAD;51.7;0.0;0.0;0.0;1509_direct;;;0.9;728.5;218;0;0;1;0;1509
852479;1787848442467;21.8;86;91;RECOVERING_AFTER_LOAD;51.7;0.0;0.0;0.0;1509_direct_carried;;;0.9;728.5;218;0;0;1;0;150A
852688;1787848442676;21.8;86;91;RECOVERING_AFTER_LOAD;51.7;0.0;0.0;0.0;1509_direct_carried;;;0.9;728.5;218;0;0;1;0;150B
852897;1787848442885;21.8;86;91;RECOVERING_AFTER_LOAD;51.7;0.0;0.0;0.0;1509_direct_carried;;;0.9;728.5;218;0;0;1;0;150D
853948;1787848443936;21.8;86;91;RECOVERING_AFTER_LOAD;51.7;0.0;0.0;0.0;1509_direct_carried;;;0.9;728.5;218;0;0;1;0;1502
854358;1787848444346;20.1;86;91;RECOVERING_AFTER_LOAD;51.7;0.0;0.0;0.0;1509_direct_carried;;;0.9;728.5;201;0;0;1;0;1505
854565;1787848444553;20.1;86;91;RECOVERING_AFTER_LOAD;51.7;0.0;0.0;0.0;1509_direct_carried;;;0.9;728.5;201;0;0;1;0;1506
854984;1787848444972;20.1;86;91;RECOVERING_AFTER_LOAD;51.7;0.0;0.0;0.0;1509_direct_carried;;;0.9;728.5;201;0;0;1;0;1508
855195;1787848445183;20.1;86;91;RECOVERING_AFTER_LOAD;51.5;2.0;103.0;103.0;1509_direct;;;0.9;728.5;201;103;0;1;0;1509
855404;1787848445392;20.1;86;91;RECOVERING_AFTER_LOAD;51.5;2.0;103.0;103.0;1509_direct_carried;;;0.9;728.5;201;103;0;1;0;150A
855616;1787848445604;20.1;86;91;RECOVERING_AFTER_LOAD;51.5;2.0;103.0;103.0;1509_direct_carried;;;0.9;728.5;201;103;0;1;0;150B
855826;1787848445814;20.1;86;91;RECOVERING_AFTER_LOAD;51.5;2.0;103.0;103.0;1509_direct_carried;;;0.9;728.5;201;103;0;1;0;150D
856868;1787848446856;20.1;86;91;RECOVERING_AFTER_LOAD;51.5;2.0;103.0;103.0;1509_direct_carried;;;0.9;728.5;201;103;0;1;0;1502
857288;1787848447276;20.6;86;91;RECOVERING_AFTER_LOAD;51.5;2.0;103.0;103.0;1509_direct_carried;;;0.9;728.5;206;103;0;1;0;1505
857495;1787848447483;20.6;86;91;RECOVERING_AFTER_LOAD;51.5;2.0;103.0;103.0;1509_direct_carried;;;0.9;728.5;206;103;0;1;0;1506
857914;1787848447902;20.6;86;91;RECOVERING_AFTER_LOAD;51.5;2.0;103.0;103.0;1509_direct_carried;;;0.9;728.5;206;103;0;1;0;1508
858112;1787848448100;20.6;86;91;RECOVERING_AFTER_LOAD;51.3;3.0;153.0;153.89999999999998;1509_direct;;;0.9;728.5;206;153;0;1;0;1509
858325;1787848448313;20.6;86;91;RECOVERING_AFTER_LOAD;51.3;3.0;153.0;153.89999999999998;1509_direct_carried;;;0.9;728.5;206;153;0;1;0;150A
858535;1787848448523;20.6;86;91;RECOVERING_AFTER_LOAD;51.3;3.0;153.0;153.89999999999998;1509_direct_carried;;;0.9;728.5;206;153;0;1;0;150B
858744;1787848448732;20.6;86;91;RECOVERING_AFTER_LOAD;51.3;3.0;153.0;153.89999999999998;1509_direct_carried;;;0.9;728.5;206;153;0;1;0;150D
859798;1787848449786;20.6;86;91;RECOVERING_AFTER_LOAD;51.3;3.0;153.0;153.89999999999998;1509_direct_carried;;;0.9;728.5;206;153;0;1;0;1502
860205;1787848450193;21.8;86;91;RECOVERING_AFTER_LOAD;51.3;3.0;153.0;153.89999999999998;1509_direct_carried;;;0.9;728.5;218;153;0;1;0;1505
860416;1787848450404;21.8;86;91;RECOVERING_AFTER_LOAD;51.3;3.0;153.0;153.89999999999998;1509_direct_carried;;;0.9;728.5;218;153;0;1;0;1506
860835;1787848450823;21.8;86;91;RECOVERING_AFTER_LOAD;51.3;3.0;153.0;153.89999999999998;1509_direct_carried;;;0.9;728.5;218;153;0;1;0;1508
861048;1787848451036;21.8;86;91;RECOVERING_AFTER_LOAD;51.3;2.0;102.0;102.6;1509_direct;;;0.9;728.5;218;102;0;1;0;1509
861256;1787848451244;21.8;86;91;RECOVERING_AFTER_LOAD;51.3;2.0;102.0;102.6;1509_direct_carried;;;0.9;728.5;218;102;0;1;0;150A
861467;1787848451455;21.8;86;91;RECOVERING_AFTER_LOAD;51.3;2.0;102.0;102.6;1509_direct_carried;;;0.9;728.5;218;102;0;1;0;150B
861676;1787848451664;21.8;86;91;RECOVERING_AFTER_LOAD;51.3;2.0;102.0;102.6;1509_direct_carried;;;0.9;728.5;218;102;0;1;0;150D
862715;1787848452703;21.8;86;91;RECOVERING_AFTER_LOAD;51.3;2.0;102.0;102.6;1509_direct_carried;;;0.9;728.5;218;102;0;1;0;1502
863134;1787848453122;21.8;86;91;RECOVERING_AFTER_LOAD;51.3;2.0;102.0;102.6;1509_direct_carried;;;0.9;728.5;218;102;0;1;0;1505
863346;1787848453334;21.8;86;91;RECOVERING_AFTER_LOAD;51.3;2.0;102.0;102.6;1509_direct_carried;;;0.9;728.5;218;102;0;1;0;1506
863765;1787848453753;21.8;86;91;RECOVERING_AFTER_LOAD;51.3;2.0;102.0;102.6;1509_direct_carried;;;0.9;728.5;218;102;0;1;0;1508
863967;1787848453955;21.8;86;91;RECOVERING_AFTER_LOAD;51.6;2.0;103.0;103.2;1509_direct;;;0.9;728.5;218;103;0;1;0;1509
864178;1787848454166;21.8;86;91;RECOVERING_AFTER_LOAD;51.6;2.0;103.0;103.2;1509_direct_carried;;;0.9;728.5;218;103;0;1;0;150A
864389;1787848454377;21.8;86;91;RECOVERING_AFTER_LOAD;51.6;2.0;103.0;103.2;1509_direct_carried;;;0.9;728.5;218;103;0;1;0;150B
864597;1787848454585;21.8;86;91;RECOVERING_AFTER_LOAD;51.6;2.0;103.0;103.2;1509_direct_carried;;;0.9;728.5;218;103;0;1;0;150D
865645;1787848455633;21.8;86;91;RECOVERING_AFTER_LOAD;51.6;2.0;103.0;103.2;1509_direct_carried;;;0.9;728.5;218;103;0;1;0;1502
866057;1787848456045;21.8;86;91;RECOVERING_AFTER_LOAD;51.6;2.0;103.0;103.2;1509_direct_carried;;;0.9;728.5;218;103;0;1;0;1505
866265;1787848456253;21.8;86;91;RECOVERING_AFTER_LOAD;51.6;2.0;103.0;103.2;1509_direct_carried;;;1.0;728.6;218;103;0;1;0;1506
866688;1787848456676;21.8;86;91;RECOVERING_AFTER_LOAD;51.6;2.0;103.0;103.2;1509_direct_carried;;;1.0;728.6;218;103;0;1;0;1508
866898;1787848456886;21.8;86;91;RECOVERING_AFTER_LOAD;51.6;2.0;102.0;103.2;1509_direct;;;1.0;728.6;218;102;0;1;0;1509
867104;1787848457092;21.8;86;91;RECOVERING_AFTER_LOAD;51.6;2.0;102.0;103.2;1509_direct_carried;;;1.0;728.6;218;102;0;1;0;150A
867314;1787848457302;21.8;86;91;RECOVERING_AFTER_LOAD;51.6;2.0;102.0;103.2;1509_direct_carried;;;1.0;728.6;218;102;0;1;0;150B
867524;1787848457512;21.8;86;91;RECOVERING_AFTER_LOAD;51.6;2.0;102.0;103.2;1509_direct_carried;;;1.0;728.6;218;102;0;1;0;150D
868566;1787848458554;21.8;86;91;RECOVERING_AFTER_LOAD;51.6;2.0;102.0;103.2;1509_direct_carried;;;1.0;728.6;218;102;0;1;0;1502
868987;1787848458975;21.8;86;91;RECOVERING_AFTER_LOAD;51.6;2.0;102.0;103.2;1509_direct_carried;;;1.0;728.6;218;102;0;1;0;1505
869199;1787848459187;21.8;86;91;RECOVERING_AFTER_LOAD;51.6;2.0;102.0;103.2;1509_direct_carried;;;1.0;728.6;218;102;0;1;0;1506
869607;1787848459595;21.8;86;91;RECOVERING_AFTER_LOAD;51.6;2.0;102.0;103.2;1509_direct_carried;;;1.0;728.6;218;102;0;1;0;1508
869815;1787848459803;21.8;86;91;RECOVERING_AFTER_LOAD;51.3;3.0;153.0;153.89999999999998;1509_direct;;;1.0;728.6;218;153;0;1;0;1509
870023;1787848460011;21.8;86;91;RECOVERING_AFTER_LOAD;51.3;3.0;153.0;153.89999999999998;1509_direct_carried;;;1.0;728.6;218;153;0;1;0;150A
870233;1787848460221;21.8;86;91;RECOVERING_AFTER_LOAD;51.3;3.0;153.0;153.89999999999998;1509_direct_carried;;;1.0;728.6;218;153;0;1;0;150B
870444;1787848460432;21.8;86;91;RECOVERING_AFTER_LOAD;51.3;3.0;153.0;153.89999999999998;1509_direct_carried;;;1.0;728.6;218;153;0;1;0;150D
871485;1787848461473;21.8;86;91;RECOVERING_AFTER_LOAD;51.3;3.0;153.0;153.89999999999998;1509_direct_carried;;;1.0;728.6;218;153;0;1;0;1502
871906;1787848461894;21.8;86;91;RECOVERING_AFTER_LOAD;51.3;3.0;153.0;153.89999999999998;1509_direct_carried;;;1.0;728.6;218;153;0;1;0;1505
872115;1787848462103;21.8;86;91;RECOVERING_AFTER_LOAD;51.3;3.0;153.0;153.89999999999998;1509_direct_carried;;;1.0;728.6;218;153;0;1;0;1506
872537;1787848462525;21.8;86;91;RECOVERING_AFTER_LOAD;51.3;3.0;153.0;153.89999999999998;1509_direct_carried;;;1.0;728.6;218;153;0;1;0;1508
872746;1787848462734;21.8;86;91;RECOVERING_AFTER_LOAD;51.4;3.0;154.0;154.2;1509_direct;;;1.0;728.6;218;154;0;1;0;1509
872956;1787848462944;21.8;86;91;RECOVERING_AFTER_LOAD;51.4;3.0;154.0;154.2;1509_direct_carried;;;1.0;728.6;218;154;0;1;0;150A
873165;1787848463153;21.8;86;91;RECOVERING_AFTER_LOAD;51.4;3.0;154.0;154.2;1509_direct_carried;;;1.0;728.6;218;154;0;1;0;150B
873368;1787848463356;21.8;86;91;RECOVERING_AFTER_LOAD;51.4;3.0;154.0;154.2;1509_direct_carried;;;1.0;728.6;218;154;0;1;0;150D
874421;1787848464409;21.8;86;91;RECOVERING_AFTER_LOAD;51.4;3.0;154.0;154.2;1509_direct_carried;;;1.0;728.6;218;154;0;1;0;1502
874836;1787848464824;21.8;86;91;RECOVERING_AFTER_LOAD;51.4;3.0;154.0;154.2;1509_direct_carried;;;1.0;728.6;218;154;0;1;0;1505
875047;1787848465035;21.8;86;91;RECOVERING_AFTER_LOAD;51.4;3.0;154.0;154.2;1509_direct_carried;;;1.0;728.6;218;154;0;1;0;1506
875455;1787848465443;21.8;86;91;RECOVERING_AFTER_LOAD;51.4;3.0;154.0;154.2;1509_direct_carried;;;1.0;728.6;218;154;0;1;0;1508
875668;1787848465656;21.8;86;91;RECOVERING_AFTER_LOAD;51.3;4.0;205.0;205.2;1509_direct;;;1.0;728.6;218;205;0;1;0;1509
875877;1787848465865;21.8;86;91;RECOVERING_AFTER_LOAD;51.3;4.0;205.0;205.2;1509_direct_carried;;;1.0;728.6;218;205;0;1;0;150A
876090;1787848466078;21.8;86;91;RECOVERING_AFTER_LOAD;51.3;4.0;205.0;205.2;1509_direct_carried;;;1.0;728.6;218;205;0;1;0;150B
876296;1787848466284;21.8;86;91;RECOVERING_AFTER_LOAD;51.3;4.0;205.0;205.2;1509_direct_carried;;;1.0;728.6;218;205;0;1;0;150D
877336;1787848467324;21.8;86;91;RECOVERING_AFTER_LOAD;51.3;4.0;205.0;205.2;1509_direct_carried;;;1.0;728.6;218;205;0;1;0;1502
877757;1787848467745;21.8;86;91;RECOVERING_AFTER_LOAD;51.3;4.0;205.0;205.2;1509_direct_carried;;;1.0;728.6;218;205;0;1;0;1505
877964;1787848467952;21.8;86;91;RECOVERING_AFTER_LOAD;51.3;4.0;205.0;205.2;1509_direct_carried;;;1.0;728.6;218;205;0;1;0;1506
878385;1787848468373;21.8;86;91;RECOVERING_AFTER_LOAD;51.3;4.0;205.0;205.2;1509_direct_carried;;;1.0;728.6;218;205;0;1;0;1508
878599;1787848468587;21.8;86;91;RECOVERING_AFTER_LOAD;51.1;4.0;204.0;204.4;1509_direct;;;1.0;728.6;218;204;0;1;0;1509
878799;1787848468787;21.8;86;91;RECOVERING_AFTER_LOAD;51.1;4.0;204.0;204.4;1509_direct_carried;;;1.0;728.6;218;204;0;1;0;150A
879005;1787848468993;21.8;86;91;RECOVERING_AFTER_LOAD;51.1;4.0;204.0;204.4;1509_direct_carried;;;1.0;728.6;218;204;0;1;0;150B
879216;1787848469204;21.8;86;91;RECOVERING_AFTER_LOAD;51.1;4.0;204.0;204.4;1509_direct_carried;;;1.0;728.6;218;204;0;1;0;150D
880265;1787848470253;21.8;86;91;RECOVERING_AFTER_LOAD;51.1;4.0;204.0;204.4;1509_direct_carried;;;1.0;728.6;218;204;0;1;0;1502
880687;1787848470675;21.8;86;91;RECOVERING_AFTER_LOAD;51.1;4.0;204.0;204.4;1509_direct_carried;;;1.0;728.6;218;204;0;1;0;1505
880884;1787848470872;21.8;86;91;RECOVERING_AFTER_LOAD;51.1;4.0;204.0;204.4;1509_direct_carried;;;1.1;728.7;218;204;0;1;0;1506
881307;1787848471295;21.8;86;91;RECOVERING_AFTER_LOAD;51.1;4.0;204.0;204.4;1509_direct_carried;;;1.1;728.7;218;204;0;1;0;1508
881517;1787848471505;21.8;86;91;RECOVERING_AFTER_LOAD;51.1;4.0;204.0;204.4;1509_direct;;;1.1;728.7;218;204;0;1;0;1509
881729;1787848471717;21.8;86;91;RECOVERING_AFTER_LOAD;51.1;4.0;204.0;204.4;1509_direct_carried;;;1.1;728.7;218;204;0;1;0;150A
881936;1787848471924;21.8;86;91;RECOVERING_AFTER_LOAD;51.1;4.0;204.0;204.4;1509_direct_carried;;;1.1;728.7;218;204;0;1;0;150B
882146;1787848472134;21.8;86;91;RECOVERING_AFTER_LOAD;51.1;4.0;204.0;204.4;1509_direct_carried;;;1.1;728.7;218;204;0;1;0;150D
883186;1787848473174;21.8;86;91;RECOVERING_AFTER_LOAD;51.1;4.0;204.0;204.4;1509_direct_carried;;;1.1;728.7;218;204;0;1;0;1502
883607;1787848473595;21.8;86;91;RECOVERING_AFTER_LOAD;51.1;4.0;204.0;204.4;1509_direct_carried;;;1.1;728.7;218;204;0;1;0;1505
883815;1787848473803;21.8;86;91;RECOVERING_AFTER_LOAD;51.1;4.0;204.0;204.4;1509_direct_carried;;;1.1;728.7;218;204;0;1;0;1506
884236;1787848474224;21.8;86;91;RECOVERING_AFTER_LOAD;51.1;4.0;204.0;204.4;1509_direct_carried;;;1.1;728.7;218;204;0;1;0;1508
884436;1787848474424;21.8;86;91;RECOVERING_AFTER_LOAD;51.0;4.0;204.0;204.0;1509_direct;;;1.1;728.7;218;204;0;1;0;1509
884644;1787848474632;21.8;86;91;RECOVERING_AFTER_LOAD;51.0;4.0;204.0;204.0;1509_direct_carried;;;1.1;728.7;218;204;0;1;0;150A
884856;1787848474844;21.8;86;91;RECOVERING_AFTER_LOAD;51.0;4.0;204.0;204.0;1509_direct_carried;;;1.1;728.7;218;204;0;1;0;150B
885066;1787848475054;21.8;86;91;RECOVERING_AFTER_LOAD;51.0;4.0;204.0;204.0;1509_direct_carried;;;1.1;728.7;218;204;0;1;0;150D
886113;1787848476101;21.8;86;91;RECOVERING_AFTER_LOAD;51.0;4.0;204.0;204.0;1509_direct_carried;;;1.1;728.7;218;204;0;1;0;1502
886526;1787848476514;21.8;86;91;RECOVERING_AFTER_LOAD;51.0;4.0;204.0;204.0;1509_direct_carried;;;1.1;728.7;218;204;0;1;0;1505
886736;1787848476724;21.8;86;91;RECOVERING_AFTER_LOAD;51.0;4.0;204.0;204.0;1509_direct_carried;;;1.1;728.7;218;204;0;1;0;1506
887157;1787848477145;21.8;86;91;RECOVERING_AFTER_LOAD;51.0;4.0;204.0;204.0;1509_direct_carried;;;1.1;728.7;218;204;0;1;0;1508
887365;1787848477353;21.8;86;91;RECOVERING_AFTER_LOAD;51.3;3.0;205.0;153.89999999999998;1509_direct;;;1.1;728.7;218;205;0;1;0;1509
887577;1787848477565;21.8;86;91;RECOVERING_AFTER_LOAD;51.3;3.0;205.0;153.89999999999998;1509_direct_carried;;;1.1;728.7;218;205;0;1;0;150A
887783;1787848477771;21.8;86;91;RECOVERING_AFTER_LOAD;51.3;3.0;205.0;153.89999999999998;1509_direct_carried;;;1.1;728.7;218;205;0;1;0;150B
887997;1787848477985;21.8;86;91;RECOVERING_AFTER_LOAD;51.3;3.0;205.0;153.89999999999998;1509_direct_carried;;;1.1;728.7;218;205;0;1;0;150D
889036;1787848479024;21.8;86;91;RECOVERING_AFTER_LOAD;51.3;3.0;205.0;153.89999999999998;1509_direct_carried;;;1.1;728.7;218;205;0;1;0;1502
889457;1787848479445;21.8;86;91;RECOVERING_AFTER_LOAD;51.3;3.0;205.0;153.89999999999998;1509_direct_carried;;;1.1;728.7;218;205;0;1;0;1505
889667;1787848479655;21.8;86;91;RECOVERING_AFTER_LOAD;51.3;3.0;205.0;153.89999999999998;1509_direct_carried;;;1.1;728.7;218;205;0;1;0;1506
890076;1787848480064;21.8;86;91;RECOVERING_AFTER_LOAD;51.3;3.0;205.0;153.89999999999998;1509_direct_carried;;;1.1;728.7;218;205;0;1;0;1508
890284;1787848480272;21.8;86;91;RECOVERING_AFTER_LOAD;51.0;5.0;255.0;255.0;1509_direct;;;1.1;728.7;218;255;0;1;0;1509
890496;1787848480484;21.8;86;91;RECOVERING_AFTER_LOAD;51.0;5.0;255.0;255.0;1509_direct_carried;;;1.1;728.7;218;255;0;1;0;150A
890706;1787848480694;21.8;86;91;RECOVERING_AFTER_LOAD;51.0;5.0;255.0;255.0;1509_direct_carried;;;1.1;728.7;218;255;0;1;0;150B
890917;1787848480905;21.8;86;91;RECOVERING_AFTER_LOAD;51.0;5.0;255.0;255.0;1509_direct_carried;;;1.1;728.7;218;255;0;1;0;150D
891956;1787848481944;21.8;86;91;RECOVERING_AFTER_LOAD;51.0;5.0;255.0;255.0;1509_direct_carried;;;1.1;728.7;218;255;0;1;0;1502
892376;1787848482364;21.8;86;91;RECOVERING_AFTER_LOAD;51.0;5.0;255.0;255.0;1509_direct_carried;;;1.1;728.7;218;255;0;1;0;1505
892586;1787848482574;21.8;86;91;RECOVERING_AFTER_LOAD;51.0;5.0;255.0;255.0;1509_direct_carried;;;1.1;728.7;218;255;0;1;0;1506
893010;1787848482998;21.8;86;91;RECOVERING_AFTER_LOAD;51.0;5.0;255.0;255.0;1509_direct_carried;;;1.1;728.7;218;255;0;1;0;1508
893215;1787848483203;21.8;86;91;RECOVERING_AFTER_LOAD;51.1;4.0;204.0;204.4;1509_direct;;;1.1;728.7;218;204;0;1;0;1509
893425;1787848483413;21.8;86;91;RECOVERING_AFTER_LOAD;51.1;4.0;204.0;204.4;1509_direct_carried;;;1.1;728.7;218;204;0;1;0;150A
893637;1787848483625;21.8;86;91;RECOVERING_AFTER_LOAD;51.1;4.0;204.0;204.4;1509_direct_carried;;;1.1;728.7;218;204;0;1;0;150B
893837;1787848483825;21.8;86;91;RECOVERING_AFTER_LOAD;51.1;4.0;204.0;204.4;1509_direct_carried;;;1.1;728.7;218;204;0;1;0;150D
894886;1787848484874;21.8;86;91;RECOVERING_AFTER_LOAD;51.1;4.0;204.0;204.4;1509_direct_carried;;;1.1;728.7;218;204;0;1;0;1502
895306;1787848485294;21.8;86;91;RECOVERING_AFTER_LOAD;51.1;4.0;204.0;204.4;1509_direct_carried;;;1.1;728.7;218;204;0;1;0;1505
895516;1787848485504;21.8;86;91;RECOVERING_AFTER_LOAD;51.1;4.0;204.0;204.4;1509_direct_carried;;;1.1;728.7;218;204;0;1;0;1506
895927;1787848485915;21.8;86;91;RECOVERING_AFTER_LOAD;51.1;4.0;204.0;204.4;1509_direct_carried;;;1.1;728.7;218;204;0;1;0;1508
896140;1787848486128;21.8;86;91;RECOVERING_AFTER_LOAD;51.0;4.0;204.0;204.0;1509_direct;;;1.1;728.7;218;204;0;1;0;1509
896348;1787848486336;21.8;86;91;RECOVERING_AFTER_LOAD;51.0;4.0;204.0;204.0;1509_direct_carried;;;1.1;728.7;218;204;0;1;0;150A
896557;1787848486545;21.8;86;91;RECOVERING_AFTER_LOAD;51.0;4.0;204.0;204.0;1509_direct_carried;;;1.1;728.7;218;204;0;1;0;150B
896766;1787848486754;21.8;86;91;RECOVERING_AFTER_LOAD;51.0;4.0;204.0;204.0;1509_direct_carried;;;1.1;728.7;218;204;0;1;0;150D
897810;1787848487798;21.8;86;91;RECOVERING_AFTER_LOAD;51.0;4.0;204.0;204.0;1509_direct_carried;;;1.1;728.7;218;204;0;1;0;1502
898228;1787848488216;21.8;86;91;RECOVERING_AFTER_LOAD;51.0;4.0;204.0;204.0;1509_direct_carried;;;1.1;728.7;218;204;0;1;0;1505
898437;1787848488425;21.8;86;91;RECOVERING_AFTER_LOAD;51.0;4.0;204.0;204.0;1509_direct_carried;;;1.2;728.8;218;204;0;1;0;1506
898857;1787848488845;21.8;86;91;RECOVERING_AFTER_LOAD;51.0;4.0;204.0;204.0;1509_direct_carried;;;1.2;728.8;218;204;0;1;0;1508
899067;1787848489055;21.8;86;91;RECOVERING_AFTER_LOAD;51.3;4.0;152.0;205.2;1509_direct;;;1.2;728.8;218;152;0;1;0;1509
899265;1787848489253;21.8;86;91;RECOVERING_AFTER_LOAD;51.3;4.0;152.0;205.2;1509_direct_carried;;;1.2;728.8;218;152;0;1;0;150A
899475;1787848489463;21.8;86;91;RECOVERING_AFTER_LOAD;51.3;4.0;152.0;205.2;1509_direct_carried;;;1.2;728.8;218;152;0;1;0;150B
899690;1787848489678;21.8;86;91;RECOVERING_AFTER_LOAD;51.3;4.0;152.0;205.2;1509_direct_carried;;;1.2;728.8;218;152;0;1;0;150D
900737;1787848490725;21.8;86;91;RECOVERING_AFTER_LOAD;51.3;4.0;152.0;205.2;1509_direct_carried;;;1.2;728.8;218;152;0;1;0;1502
901145;1787848491133;21.8;86;91;RECOVERING_AFTER_LOAD;51.3;4.0;152.0;205.2;1509_direct_carried;;;1.2;728.8;218;152;0;1;0;1505
901357;1787848491345;21.8;86;91;RECOVERING_AFTER_LOAD;51.3;4.0;152.0;205.2;1509_direct_carried;;;1.2;728.8;218;152;0;1;0;1506
901775;1787848491763;21.8;86;91;RECOVERING_AFTER_LOAD;51.3;4.0;152.0;205.2;1509_direct_carried;;;1.2;728.8;218;152;0;1;0;1508
901986;1787848491974;21.8;86;91;RECOVERING_AFTER_LOAD;51.0;3.0;153.0;153.0;1509_direct;;;1.2;728.8;218;153;0;1;0;1509
902194;1787848492182;21.8;86;91;RECOVERING_AFTER_LOAD;51.0;3.0;153.0;153.0;1509_direct_carried;;;1.2;728.8;218;153;0;1;0;150A
902405;1787848492393;21.8;86;91;RECOVERING_AFTER_LOAD;51.0;3.0;153.0;153.0;1509_direct_carried;;;1.2;728.8;218;153;0;1;0;150B
902618;1787848492606;21.8;86;91;RECOVERING_AFTER_LOAD;51.0;3.0;153.0;153.0;1509_direct_carried;;;1.2;728.8;218;153;0;1;0;150D
903657;1787848493645;21.8;86;91;RECOVERING_AFTER_LOAD;51.0;3.0;153.0;153.0;1509_direct_carried;;;1.2;728.8;218;153;0;1;0;1502
904077;1787848494065;21.8;86;91;RECOVERING_AFTER_LOAD;51.0;3.0;153.0;153.0;1509_direct_carried;;;1.2;728.8;218;153;0;1;0;1505
904285;1787848494273;21.8;86;91;RECOVERING_AFTER_LOAD;51.0;3.0;153.0;153.0;1509_direct_carried;;;1.2;728.8;218;153;0;1;0;1506
904707;1787848494695;21.8;86;91;RECOVERING_AFTER_LOAD;51.0;3.0;153.0;153.0;1509_direct_carried;;;1.2;728.8;218;153;0;1;0;1508
904905;1787848494893;21.8;86;91;RECOVERING_AFTER_LOAD;51.0;4.0;204.0;204.0;1509_direct;;;1.2;728.8;218;204;0;1;0;1509
905116;1787848495104;21.8;86;91;RECOVERING_AFTER_LOAD;51.0;4.0;204.0;204.0;1509_direct_carried;;;1.2;728.8;218;204;0;1;0;150A
905325;1787848495313;21.8;86;91;RECOVERING_AFTER_LOAD;51.0;4.0;204.0;204.0;1509_direct_carried;;;1.2;728.8;218;204;0;1;0;150B
905535;1787848495523;21.8;86;91;RECOVERING_AFTER_LOAD;51.0;4.0;204.0;204.0;1509_direct_carried;;;1.2;728.8;218;204;0;1;0;150D
906586;1787848496574;21.8;86;91;RECOVERING_AFTER_LOAD;51.0;4.0;204.0;204.0;1509_direct_carried;;;1.2;728.8;218;204;0;1;0;1502
906997;1787848496985;21.8;86;91;RECOVERING_AFTER_LOAD;51.0;4.0;204.0;204.0;1509_direct_carried;;;1.2;728.8;218;204;0;1;0;1505
907207;1787848497195;21.8;86;91;RECOVERING_AFTER_LOAD;51.0;4.0;204.0;204.0;1509_direct_carried;;;1.2;728.8;218;204;0;1;0;1506
907627;1787848497615;21.8;86;91;RECOVERING_AFTER_LOAD;51.0;4.0;204.0;204.0;1509_direct_carried;;;1.2;728.8;218;204;0;1;0;1508
907836;1787848497824;21.8;86;91;RECOVERING_AFTER_LOAD;51.1;4.0;203.0;204.4;1509_direct;;;1.2;728.8;218;203;0;1;0;1509
908045;1787848498033;21.8;86;91;RECOVERING_AFTER_LOAD;51.1;4.0;203.0;204.4;1509_direct_carried;;;1.2;728.8;218;203;0;1;0;150A
908257;1787848498245;21.8;86;91;RECOVERING_AFTER_LOAD;51.1;4.0;203.0;204.4;1509_direct_carried;;;1.2;728.8;218;203;0;1;0;150B
908467;1787848498455;21.8;86;91;RECOVERING_AFTER_LOAD;51.1;4.0;203.0;204.4;1509_direct_carried;;;1.2;728.8;218;203;0;1;0;150D
909506;1787848499494;21.8;86;91;RECOVERING_AFTER_LOAD;51.1;4.0;203.0;204.4;1509_direct_carried;;;1.2;728.8;218;203;0;1;0;1502
909927;1787848499915;21.8;86;91;RECOVERING_AFTER_LOAD;51.1;4.0;203.0;204.4;1509_direct_carried;;;1.2;728.8;218;203;0;1;0;1505
910136;1787848500124;21.8;86;91;RECOVERING_AFTER_LOAD;51.1;4.0;203.0;204.4;1509_direct_carried;;;1.2;728.8;218;203;0;1;0;1506
910546;1787848500534;21.8;86;91;RECOVERING_AFTER_LOAD;51.1;4.0;203.0;204.4;1509_direct_carried;;;1.2;728.8;218;203;0;1;0;1508
910756;1787848500744;21.8;86;91;RECOVERING_AFTER_LOAD;51.2;4.0;204.0;204.8;1509_direct;;;1.2;728.8;218;204;0;1;0;1509
910967;1787848500955;21.8;86;91;RECOVERING_AFTER_LOAD;51.2;4.0;204.0;204.8;1509_direct_carried;;;1.2;728.8;218;204;0;1;0;150A
911176;1787848501164;21.8;86;91;RECOVERING_AFTER_LOAD;51.2;4.0;204.0;204.8;1509_direct_carried;;;1.2;728.8;218;204;0;1;0;150B
911388;1787848501376;21.8;86;91;RECOVERING_AFTER_LOAD;51.2;4.0;204.0;204.8;1509_direct_carried;;;1.2;728.8;218;204;0;1;0;150D
912430;1787848502418;21.8;86;91;RECOVERING_AFTER_LOAD;51.2;4.0;204.0;204.8;1509_direct_carried;;;1.2;728.8;218;204;0;1;0;1502
912847;1787848502835;21.8;86;91;RECOVERING_AFTER_LOAD;51.2;4.0;204.0;204.8;1509_direct_carried;;;1.2;728.8;218;204;0;1;0;1505
913056;1787848503044;21.8;86;91;RECOVERING_AFTER_LOAD;51.2;4.0;204.0;204.8;1509_direct_carried;;;1.3;728.9;218;204;0;1;0;1506
913480;1787848503468;21.8;86;91;RECOVERING_AFTER_LOAD;51.2;4.0;204.0;204.8;1509_direct_carried;;;1.3;728.9;218;204;0;1;0;1508
913689;1787848503677;21.8;86;91;RECOVERING_AFTER_LOAD;51.3;4.0;205.0;205.2;1509_direct;;;1.3;728.9;218;205;0;1;0;1509
913897;1787848503885;21.8;86;91;RECOVERING_AFTER_LOAD;51.3;4.0;205.0;205.2;1509_direct_carried;;;1.3;728.9;218;205;0;1;0;150A
914096;1787848504084;21.8;86;91;RECOVERING_AFTER_LOAD;51.3;4.0;205.0;205.2;1509_direct_carried;;;1.3;728.9;218;205;0;1;0;150B
914306;1787848504294;21.8;86;91;RECOVERING_AFTER_LOAD;51.3;4.0;205.0;205.2;1509_direct_carried;;;1.3;728.9;218;205;0;1;0;150D
915356;1787848505344;21.8;86;91;RECOVERING_AFTER_LOAD;51.3;4.0;205.0;205.2;1509_direct_carried;;;1.3;728.9;218;205;0;1;0;1502
915775;1787848505763;21.8;86;91;RECOVERING_AFTER_LOAD;51.3;4.0;205.0;205.2;1509_direct_carried;;;1.3;728.9;218;205;0;1;0;1505
915977;1787848505965;21.8;86;91;RECOVERING_AFTER_LOAD;51.3;4.0;205.0;205.2;1509_direct_carried;;;1.3;728.9;218;205;0;1;0;1506
916397;1787848506385;21.8;86;91;RECOVERING_AFTER_LOAD;51.3;4.0;205.0;205.2;1509_direct_carried;;;1.3;728.9;218;205;0;1;0;1508
916608;1787848506596;21.8;86;91;RECOVERING_AFTER_LOAD;51.2;4.0;204.0;204.8;1509_direct;;;1.3;728.9;218;204;0;1;0;1509
916817;1787848506805;21.8;86;91;RECOVERING_AFTER_LOAD;51.2;4.0;204.0;204.8;1509_direct_carried;;;1.3;728.9;218;204;0;1;0;150A
917026;1787848507014;21.8;86;91;RECOVERING_AFTER_LOAD;51.2;4.0;204.0;204.8;1509_direct_carried;;;1.3;728.9;218;204;0;1;0;150B
917235;1787848507223;21.8;86;91;RECOVERING_AFTER_LOAD;51.2;4.0;204.0;204.8;1509_direct_carried;;;1.3;728.9;218;204;0;1;0;150D
918277;1787848508265;21.8;86;91;RECOVERING_AFTER_LOAD;51.2;4.0;204.0;204.8;1509_direct_carried;;;1.3;728.9;218;204;0;1;0;1502
918696;1787848508684;21.8;86;91;RECOVERING_AFTER_LOAD;51.2;4.0;204.0;204.8;1509_direct_carried;;;1.3;728.9;218;204;0;1;0;1505
918907;1787848508895;21.8;86;91;RECOVERING_AFTER_LOAD;51.2;4.0;204.0;204.8;1509_direct_carried;;;1.3;728.9;218;204;0;1;0;1506
919326;1787848509314;21.8;86;91;RECOVERING_AFTER_LOAD;51.2;4.0;204.0;204.8;1509_direct_carried;;;1.3;728.9;218;204;0;1;0;1508
919528;1787848509516;21.8;86;91;RECOVERING_AFTER_LOAD;50.9;5.0;254.0;254.5;1509_direct;;;1.3;728.9;218;254;0;1;0;1509
919738;1787848509726;21.8;86;91;RECOVERING_AFTER_LOAD;50.9;5.0;254.0;254.5;1509_direct_carried;;;1.3;728.9;218;254;0;1;0;150A
919946;1787848509934;21.8;86;91;RECOVERING_AFTER_LOAD;50.9;5.0;254.0;254.5;1509_direct_carried;;;1.3;728.9;218;254;0;1;0;150B
920157;1787848510145;21.8;86;91;RECOVERING_AFTER_LOAD;50.9;5.0;254.0;254.5;1509_direct_carried;;;1.3;728.9;218;254;0;1;0;150D
921206;1787848511194;21.8;86;91;RECOVERING_AFTER_LOAD;50.9;5.0;254.0;254.5;1509_direct_carried;;;1.3;728.9;218;254;0;1;0;1502
921619;1787848511607;21.8;86;91;RECOVERING_AFTER_LOAD;50.9;5.0;254.0;254.5;1509_direct_carried;;;1.3;728.9;218;254;0;1;0;1505
921825;1787848511813;21.8;86;91;RECOVERING_AFTER_LOAD;50.9;5.0;254.0;254.5;1509_direct_carried;;;1.3;728.9;218;254;0;1;0;1506
922248;1787848512236;21.8;86;91;RECOVERING_AFTER_LOAD;50.9;5.0;254.0;254.5;1509_direct_carried;;;1.3;728.9;218;254;0;1;0;1508
922458;1787848512446;21.8;86;91;RECOVERING_AFTER_LOAD;51.0;4.0;204.0;204.0;1509_direct;;;1.3;728.9;218;204;0;1;0;1509
922666;1787848512654;21.8;86;91;RECOVERING_AFTER_LOAD;51.0;4.0;204.0;204.0;1509_direct_carried;;;1.3;728.9;218;204;0;1;0;150A
922877;1787848512865;21.8;86;91;RECOVERING_AFTER_LOAD;51.0;4.0;204.0;204.0;1509_direct_carried;;;1.3;728.9;218;204;0;1;0;150B
923087;1787848513075;21.8;86;91;RECOVERING_AFTER_LOAD;51.0;4.0;204.0;204.0;1509_direct_carried;;;1.3;728.9;218;204;0;1;0;150D
924127;1787848514115;21.8;86;91;RECOVERING_AFTER_LOAD;51.0;4.0;204.0;204.0;1509_direct_carried;;;1.3;728.9;218;204;0;1;0;1502
924548;1787848514536;21.8;86;91;RECOVERING_AFTER_LOAD;51.0;4.0;204.0;204.0;1509_direct_carried;;;1.3;728.9;218;204;0;1;0;1505
924757;1787848514745;21.8;86;91;RECOVERING_AFTER_LOAD;51.0;4.0;204.0;204.0;1509_direct_carried;;;1.3;728.9;218;204;0;1;0;1506
925166;1787848515154;21.8;86;91;RECOVERING_AFTER_LOAD;51.0;4.0;204.0;204.0;1509_direct_carried;;;1.3;728.9;218;204;0;1;0;1508
925378;1787848515366;21.8;86;91;RECOVERING_AFTER_LOAD;50.8;5.0;254.0;254.0;1509_direct;;;1.3;728.9;218;254;0;1;0;1509
925587;1787848515575;21.8;86;91;RECOVERING_AFTER_LOAD;50.8;5.0;254.0;254.0;1509_direct_carried;;;1.3;728.9;218;254;0;1;0;150A
925797;1787848515785;21.8;86;91;RECOVERING_AFTER_LOAD;50.8;5.0;254.0;254.0;1509_direct_carried;;;1.3;728.9;218;254;0;1;0;150B
926006;1787848515994;21.8;86;91;RECOVERING_AFTER_LOAD;50.8;5.0;254.0;254.0;1509_direct_carried;;;1.3;728.9;218;254;0;1;0;150D
927049;1787848517037;21.8;86;91;RECOVERING_AFTER_LOAD;50.8;5.0;254.0;254.0;1509_direct_carried;;;1.3;728.9;218;254;0;1;0;1502
927467;1787848517455;21.8;86;91;RECOVERING_AFTER_LOAD;50.8;5.0;254.0;254.0;1509_direct_carried;;;1.3;728.9;218;254;0;1;0;1505
927677;1787848517665;21.8;86;91;RECOVERING_AFTER_LOAD;50.8;5.0;254.0;254.0;1509_direct_carried;;;1.3;728.9;218;254;0;1;0;1506
928096;1787848518084;21.8;86;91;RECOVERING_AFTER_LOAD;50.8;5.0;254.0;254.0;1509_direct_carried;;;1.3;728.9;218;254;0;1;0;1508
928309;1787848518297;21.8;86;91;RECOVERING_AFTER_LOAD;50.9;5.0;204.0;254.5;1509_direct;;;1.3;728.9;218;204;0;1;0;1509
928517;1787848518505;21.8;86;91;RECOVERING_AFTER_LOAD;50.9;5.0;204.0;254.5;1509_direct_carried;;;1.3;728.9;218;204;0;1;0;150A
928727;1787848518715;21.8;86;91;RECOVERING_AFTER_LOAD;50.9;5.0;204.0;254.5;1509_direct_carried;;;1.3;728.9;218;204;0;1;0;150B
928925;1787848518913;21.8;86;91;RECOVERING_AFTER_LOAD;50.9;5.0;204.0;254.5;1509_direct_carried;;;1.3;728.9;218;204;0;1;0;150D
929987;1787848519975;21.8;86;91;RECOVERING_AFTER_LOAD;50.9;5.0;204.0;254.5;1509_direct_carried;;;1.3;728.9;218;204;0;1;0;1502
930396;1787848520384;21.8;86;91;RECOVERING_AFTER_LOAD;50.9;5.0;204.0;254.5;1509_direct_carried;;;1.3;728.9;218;204;0;1;0;1505
930596;1787848520584;21.8;86;91;RECOVERING_AFTER_LOAD;50.9;5.0;204.0;254.5;1509_direct_carried;;;1.4;729.0;218;204;0;1;0;1506
931017;1787848521005;21.8;86;91;RECOVERING_AFTER_LOAD;50.9;5.0;204.0;254.5;1509_direct_carried;;;1.4;729.0;218;204;0;1;0;1508
931227;1787848521215;21.8;86;91;RECOVERING_AFTER_LOAD;51.0;4.0;204.0;204.0;1509_direct;;;1.4;729.0;218;204;0;1;0;1509
931436;1787848521424;21.8;86;91;RECOVERING_AFTER_LOAD;51.0;4.0;204.0;204.0;1509_direct_carried;;;1.4;729.0;218;204;0;1;0;150A
931647;1787848521635;21.8;86;91;RECOVERING_AFTER_LOAD;51.0;4.0;204.0;204.0;1509_direct_carried;;;1.4;729.0;218;204;0;1;0;150B
931856;1787848521844;21.8;86;91;RECOVERING_AFTER_LOAD;51.0;4.0;204.0;204.0;1509_direct_carried;;;1.4;729.0;218;204;0;1;0;150D
932897;1787848522885;21.8;86;91;RECOVERING_AFTER_LOAD;51.0;4.0;204.0;204.0;1509_direct_carried;;;1.4;729.0;218;204;0;1;0;1502
933322;1787848523310;21.8;86;91;RECOVERING_AFTER_LOAD;51.0;4.0;204.0;204.0;1509_direct_carried;;;1.4;729.0;218;204;0;1;0;1505
933526;1787848523514;21.8;86;91;RECOVERING_AFTER_LOAD;51.0;4.0;204.0;204.0;1509_direct_carried;;;1.4;729.0;218;204;0;1;0;1506
933948;1787848523936;21.8;86;91;RECOVERING_AFTER_LOAD;51.0;4.0;204.0;204.0;1509_direct_carried;;;1.4;729.0;218;204;0;1;0;1508
934148;1787848524136;21.8;86;91;RECOVERING_AFTER_LOAD;50.9;4.0;203.0;203.6;1509_direct;;;1.4;729.0;218;203;0;1;0;1509
934357;1787848524345;21.8;86;91;RECOVERING_AFTER_LOAD;50.9;4.0;203.0;203.6;1509_direct_carried;;;1.4;729.0;218;203;0;1;0;150A
934571;1787848524559;21.8;86;91;RECOVERING_AFTER_LOAD;50.9;4.0;203.0;203.6;1509_direct_carried;;;1.4;729.0;218;203;0;1;0;150B
934778;1787848524766;21.8;86;91;RECOVERING_AFTER_LOAD;50.9;4.0;203.0;203.6;1509_direct_carried;;;1.4;729.0;218;203;0;1;0;150D
935830;1787848525818;21.8;86;91;RECOVERING_AFTER_LOAD;50.9;4.0;203.0;203.6;1509_direct_carried;;;1.4;729.0;218;203;0;1;0;1502
936236;1787848526224;21.8;86;91;RECOVERING_AFTER_LOAD;50.9;4.0;203.0;203.6;1509_direct_carried;;;1.4;729.0;218;203;0;1;0;1505
936450;1787848526438;21.8;86;91;RECOVERING_AFTER_LOAD;50.9;4.0;203.0;203.6;1509_direct_carried;;;1.4;729.0;218;203;0;1;0;1506
936867;1787848526855;21.8;86;91;RECOVERING_AFTER_LOAD;50.9;4.0;203.0;203.6;1509_direct_carried;;;1.4;729.0;218;203;0;1;0;1508
937077;1787848527065;21.8;86;91;RECOVERING_AFTER_LOAD;50.9;5.0;254.0;254.5;1509_direct;;;1.4;729.0;218;254;0;1;0;1509
937285;1787848527273;21.8;86;91;RECOVERING_AFTER_LOAD;50.9;5.0;254.0;254.5;1509_direct_carried;;;1.4;729.0;218;254;0;1;0;150A
937501;1787848527489;21.8;86;91;RECOVERING_AFTER_LOAD;50.9;5.0;254.0;254.5;1509_direct_carried;;;1.4;729.0;218;254;0;1;0;150B
937710;1787848527698;21.8;86;91;RECOVERING_AFTER_LOAD;50.9;5.0;254.0;254.5;1509_direct_carried;;;1.4;729.0;218;254;0;1;0;150D
938748;1787848528736;21.8;86;91;RECOVERING_AFTER_LOAD;50.9;5.0;254.0;254.5;1509_direct_carried;;;1.4;729.0;218;254;0;1;0;1502
939167;1787848529155;21.8;86;91;RECOVERING_AFTER_LOAD;50.9;5.0;254.0;254.5;1509_direct_carried;;;1.4;729.0;218;254;0;1;0;1505
939379;1787848529367;21.8;86;91;RECOVERING_AFTER_LOAD;50.9;5.0;254.0;254.5;1509_direct_carried;;;1.4;729.0;218;254;0;1;0;1506
939788;1787848529776;21.8;86;91;RECOVERING_AFTER_LOAD;50.9;5.0;254.0;254.5;1509_direct_carried;;;1.4;729.0;218;254;0;1;0;1508
939998;1787848529986;21.8;86;91;RECOVERING_AFTER_LOAD;50.9;5.0;254.0;254.5;1509_direct;;;1.4;729.0;218;254;0;1;0;1509
940207;1787848530195;21.8;86;91;RECOVERING_AFTER_LOAD;50.9;5.0;254.0;254.5;1509_direct_carried;;;1.4;729.0;218;254;0;1;0;150A
940418;1787848530406;21.8;86;91;RECOVERING_AFTER_LOAD;50.9;5.0;254.0;254.5;1509_direct_carried;;;1.4;729.0;218;254;0;1;0;150B
940627;1787848530615;21.8;86;91;RECOVERING_AFTER_LOAD;50.9;5.0;254.0;254.5;1509_direct_carried;;;1.4;729.0;218;254;0;1;0;150D
941667;1787848531655;21.8;86;91;RECOVERING_AFTER_LOAD;50.9;5.0;254.0;254.5;1509_direct_carried;;;1.4;729.0;218;254;0;1;0;1502
942091;1787848532079;21.8;86;91;RECOVERING_AFTER_LOAD;50.9;5.0;254.0;254.5;1509_direct_carried;;;1.4;729.0;218;254;0;1;0;1505
942298;1787848532286;21.8;86;91;RECOVERING_AFTER_LOAD;50.9;5.0;254.0;254.5;1509_direct_carried;;;1.4;729.0;218;254;0;1;0;1506
942717;1787848532705;21.8;86;91;RECOVERING_AFTER_LOAD;50.9;5.0;254.0;254.5;1509_direct_carried;;;1.4;729.0;218;254;0;1;0;1508
942928;1787848532916;21.8;86;91;RECOVERING_AFTER_LOAD;50.9;5.0;254.0;254.5;1509_direct;;;1.4;729.0;218;254;0;1;0;1509
943138;1787848533126;21.8;86;91;RECOVERING_AFTER_LOAD;50.9;5.0;254.0;254.5;1509_direct_carried;;;1.4;729.0;218;254;0;1;0;150A
943348;1787848533336;21.8;86;91;RECOVERING_AFTER_LOAD;50.9;5.0;254.0;254.5;1509_direct_carried;;;1.4;729.0;218;254;0;1;0;150B
943549;1787848533537;21.8;86;91;RECOVERING_AFTER_LOAD;50.9;5.0;254.0;254.5;1509_direct_carried;;;1.4;729.0;218;254;0;1;0;150D
944598;1787848534586;21.8;86;91;RECOVERING_AFTER_LOAD;50.9;5.0;254.0;254.5;1509_direct_carried;;;1.4;729.0;218;254;0;1;0;1502
945018;1787848535006;21.8;86;91;RECOVERING_AFTER_LOAD;50.9;5.0;254.0;254.5;1509_direct_carried;;;1.4;729.0;218;254;0;1;0;1505
945228;1787848535216;21.8;86;91;RECOVERING_AFTER_LOAD;50.9;5.0;254.0;254.5;1509_direct_carried;;;1.5;729.1;218;254;0;1;0;1506
945638;1787848535626;21.8;86;91;RECOVERING_AFTER_LOAD;50.9;5.0;254.0;254.5;1509_direct_carried;;;1.5;729.1;218;254;0;1;0;1508
945846;1787848535834;21.8;86;91;RECOVERING_AFTER_LOAD;50.8;5.0;254.0;254.0;1509_direct;;;1.5;729.1;218;254;0;1;0;1509
946056;1787848536044;21.8;86;91;RECOVERING_AFTER_LOAD;50.8;5.0;254.0;254.0;1509_direct_carried;;;1.5;729.1;218;254;0;1;0;150A
946269;1787848536257;21.8;86;91;RECOVERING_AFTER_LOAD;50.8;5.0;254.0;254.0;1509_direct_carried;;;1.5;729.1;218;254;0;1;0;150B
946478;1787848536466;21.8;86;91;RECOVERING_AFTER_LOAD;50.8;5.0;254.0;254.0;1509_direct_carried;;;1.5;729.1;218;254;0;1;0;150D
947516;1787848537504;21.8;86;91;RECOVERING_AFTER_LOAD;50.8;5.0;254.0;254.0;1509_direct_carried;;;1.5;729.1;218;254;0;1;0;1502
947937;1787848537925;21.8;86;91;RECOVERING_AFTER_LOAD;50.8;5.0;254.0;254.0;1509_direct_carried;;;1.5;729.1;218;254;0;1;0;1505
948147;1787848538135;21.8;86;91;RECOVERING_AFTER_LOAD;50.8;5.0;254.0;254.0;1509_direct_carried;;;1.5;729.1;218;254;0;1;0;1506
948567;1787848538555;21.8;86;91;RECOVERING_AFTER_LOAD;50.8;5.0;254.0;254.0;1509_direct_carried;;;1.5;729.1;218;254;0;1;0;1508
948779;1787848538767;21.8;86;91;RECOVERING_AFTER_LOAD;50.9;5.0;254.0;254.5;1509_direct;;;1.5;729.1;218;254;0;1;0;1509
948987;1787848538975;21.8;86;91;RECOVERING_AFTER_LOAD;50.9;5.0;254.0;254.5;1509_direct_carried;;;1.5;729.1;218;254;0;1;0;150A
949197;1787848539185;21.8;86;91;RECOVERING_AFTER_LOAD;50.9;5.0;254.0;254.5;1509_direct_carried;;;1.5;729.1;218;254;0;1;0;150B
949396;1787848539384;21.8;86;91;RECOVERING_AFTER_LOAD;50.9;5.0;254.0;254.5;1509_direct_carried;;;1.5;729.1;218;254;0;1;0;150D
950448;1787848540436;21.8;86;91;RECOVERING_AFTER_LOAD;50.9;5.0;254.0;254.5;1509_direct_carried;;;1.5;729.1;218;254;0;1;0;1502
950869;1787848540857;21.8;86;91;RECOVERING_AFTER_LOAD;50.9;5.0;254.0;254.5;1509_direct_carried;;;1.5;729.1;218;254;0;1;0;1505
951067;1787848541055;21.8;86;91;RECOVERING_AFTER_LOAD;50.9;5.0;254.0;254.5;1509_direct_carried;;;1.5;729.1;218;254;0;1;0;1506
951487;1787848541475;21.8;86;91;RECOVERING_AFTER_LOAD;50.9;5.0;254.0;254.5;1509_direct_carried;;;1.5;729.1;218;254;0;1;0;1508
951699;1787848541687;21.8;86;91;RECOVERING_AFTER_LOAD;50.9;5.0;254.0;254.5;1509_direct;;;1.5;729.1;218;254;0;1;0;1509
951907;1787848541895;21.8;86;91;RECOVERING_AFTER_LOAD;50.9;5.0;254.0;254.5;1509_direct_carried;;;1.5;729.1;218;254;0;1;0;150A
952118;1787848542106;21.8;86;91;RECOVERING_AFTER_LOAD;50.9;5.0;254.0;254.5;1509_direct_carried;;;1.5;729.1;218;254;0;1;0;150B
952327;1787848542315;21.8;86;91;RECOVERING_AFTER_LOAD;50.9;5.0;254.0;254.5;1509_direct_carried;;;1.5;729.1;218;254;0;1;0;150D
953368;1787848543356;21.8;86;91;RECOVERING_AFTER_LOAD;50.9;5.0;254.0;254.5;1509_direct_carried;;;1.5;729.1;218;254;0;1;0;1502
953788;1787848543776;21.8;86;91;RECOVERING_AFTER_LOAD;50.9;5.0;254.0;254.5;1509_direct_carried;;;1.5;729.1;218;254;0;1;0;1505
953998;1787848543986;21.8;86;91;RECOVERING_AFTER_LOAD;50.9;5.0;254.0;254.5;1509_direct_carried;;;1.5;729.1;218;254;0;1;0;1506
954417;1787848544405;21.8;86;91;RECOVERING_AFTER_LOAD;50.9;5.0;254.0;254.5;1509_direct_carried;;;1.5;729.1;218;254;0;1;0;1508
954632;1787848544620;21.8;86;91;RECOVERING_AFTER_LOAD;50.6;6.0;303.0;303.6;1509_direct;;;1.5;729.1;218;303;0;1;0;1509
954830;1787848544818;21.8;86;91;RECOVERING_AFTER_LOAD;50.6;6.0;303.0;303.6;1509_direct_carried;;;1.5;729.1;218;303;0;1;0;150A
955038;1787848545026;21.8;86;91;RECOVERING_AFTER_LOAD;50.6;6.0;303.0;303.6;1509_direct_carried;;;1.5;729.1;218;303;0;1;0;150B
955246;1787848545234;21.8;86;91;RECOVERING_AFTER_LOAD;50.6;6.0;303.0;303.6;1509_direct_carried;;;1.5;729.1;218;303;0;1;0;150D
956298;1787848546286;21.8;86;91;RECOVERING_AFTER_LOAD;50.6;6.0;303.0;303.6;1509_direct_carried;;;1.5;729.1;218;303;0;1;0;1502
956708;1787848546696;21.8;86;91;RECOVERING_AFTER_LOAD;50.6;6.0;303.0;303.6;1509_direct_carried;;;1.5;729.1;218;303;0;1;0;1505
956917;1787848546905;21.8;86;91;RECOVERING_AFTER_LOAD;50.6;6.0;303.0;303.6;1509_direct_carried;;;1.5;729.1;218;303;0;1;0;1506
957337;1787848547325;21.8;86;91;RECOVERING_AFTER_LOAD;50.6;6.0;303.0;303.6;1509_direct_carried;;;1.5;729.1;218;303;0;1;0;1508
957547;1787848547535;21.8;86;91;RECOVERING_AFTER_LOAD;50.7;5.0;253.0;253.5;1509_direct;;;1.5;729.1;218;253;0;1;0;1509
957758;1787848547746;21.8;86;91;RECOVERING_AFTER_LOAD;50.7;5.0;253.0;253.5;1509_direct_carried;;;1.5;729.1;218;253;0;1;0;150A
957968;1787848547956;21.8;86;91;RECOVERING_AFTER_LOAD;50.7;5.0;253.0;253.5;1509_direct_carried;;;1.5;729.1;218;253;0;1;0;150B
958177;1787848548165;21.8;86;91;RECOVERING_AFTER_LOAD;50.7;5.0;253.0;253.5;1509_direct_carried;;;1.5;729.1;218;253;0;1;0;150D
959217;1787848549205;21.8;86;91;RECOVERING_AFTER_LOAD;50.7;5.0;253.0;253.5;1509_direct_carried;;;1.5;729.1;218;253;0;1;0;1502
959637;1787848549625;21.8;86;91;RECOVERING_AFTER_LOAD;50.7;5.0;253.0;253.5;1509_direct_carried;;;1.5;729.1;218;253;0;1;0;1505
959848;1787848549836;21.8;86;91;RECOVERING_AFTER_LOAD;50.7;5.0;253.0;253.5;1509_direct_carried;;;1.5;729.1;218;253;0;1;0;1506
960268;1787848550256;21.8;86;91;RECOVERING_AFTER_LOAD;50.7;5.0;253.0;253.5;1509_direct_carried;;;1.5;729.1;218;253;0;1;0;1508
960467;1787848550455;21.8;86;91;RECOVERING_AFTER_LOAD;50.7;5.0;203.0;253.5;1509_direct;;;1.5;729.1;218;203;0;1;0;1509
960678;1787848550666;21.8;86;91;RECOVERING_AFTER_LOAD;50.7;5.0;203.0;253.5;1509_direct_carried;;;1.5;729.1;218;203;0;1;0;150A
960886;1787848550874;21.8;86;91;RECOVERING_AFTER_LOAD;50.7;5.0;203.0;253.5;1509_direct_carried;;;1.5;729.1;218;203;0;1;0;150B
961097;1787848551085;21.8;86;91;RECOVERING_AFTER_LOAD;50.7;5.0;203.0;253.5;1509_direct_carried;;;1.5;729.1;218;203;0;1;0;150D
962148;1787848552136;21.8;86;91;RECOVERING_AFTER_LOAD;50.7;5.0;203.0;253.5;1509_direct_carried;;;1.5;729.1;218;203;0;1;0;1502
962558;1787848552546;21.8;86;91;RECOVERING_AFTER_LOAD;50.7;5.0;203.0;253.5;1509_direct_carried;;;1.5;729.1;218;203;0;1;0;1505
962768;1787848552756;21.8;86;91;RECOVERING_AFTER_LOAD;50.7;5.0;203.0;253.5;1509_direct_carried;;;1.6;729.2;218;203;0;1;0;1506
963189;1787848553177;21.8;86;91;RECOVERING_AFTER_LOAD;50.7;5.0;203.0;253.5;1509_direct_carried;;;1.6;729.2;218;203;0;1;0;1508
963397;1787848553385;21.8;86;91;RECOVERING_AFTER_LOAD;50.7;6.0;304.0;304.20000000000005;1509_direct;;;1.6;729.2;218;304;0;1;0;1509
963609;1787848553597;21.8;86;91;RECOVERING_AFTER_LOAD;50.7;6.0;304.0;304.20000000000005;1509_direct_carried;;;1.6;729.2;218;304;0;1;0;150A
963817;1787848553805;21.8;86;91;RECOVERING_AFTER_LOAD;50.7;6.0;304.0;304.20000000000005;1509_direct_carried;;;1.6;729.2;218;304;0;1;0;150B
964027;1787848554015;21.8;86;91;RECOVERING_AFTER_LOAD;50.7;6.0;304.0;304.20000000000005;1509_direct_carried;;;1.6;729.2;218;304;0;1;0;150D
965068;1787848555056;21.8;86;91;RECOVERING_AFTER_LOAD;50.7;6.0;304.0;304.20000000000005;1509_direct_carried;;;1.6;729.2;218;304;0;1;0;1502
965487;1787848555475;21.8;86;91;RECOVERING_AFTER_LOAD;50.7;6.0;304.0;304.20000000000005;1509_direct_carried;;;1.6;729.2;218;304;0;1;0;1505
965697;1787848555685;21.8;86;91;RECOVERING_AFTER_LOAD;50.7;6.0;304.0;304.20000000000005;1509_direct_carried;;;1.6;729.2;218;304;0;1;0;1506
966108;1787848556096;21.8;86;91;RECOVERING_AFTER_LOAD;50.7;6.0;304.0;304.20000000000005;1509_direct_carried;;;1.6;729.2;218;304;0;1;0;1508
966318;1787848556306;21.8;86;91;RECOVERING_AFTER_LOAD;50.8;5.0;254.0;254.0;1509_direct;;;1.6;729.2;218;254;0;1;0;1509
966527;1787848556515;21.8;86;91;RECOVERING_AFTER_LOAD;50.8;5.0;254.0;254.0;1509_direct_carried;;;1.6;729.2;218;254;0;1;0;150A
966737;1787848556725;21.8;86;91;RECOVERING_AFTER_LOAD;50.8;5.0;254.0;254.0;1509_direct_carried;;;1.6;729.2;218;254;0;1;0;150B
966947;1787848556935;21.8;86;91;RECOVERING_AFTER_LOAD;50.8;5.0;254.0;254.0;1509_direct_carried;;;1.6;729.2;218;254;0;1;0;150D
967991;1787848557979;21.8;86;91;RECOVERING_AFTER_LOAD;50.8;5.0;254.0;254.0;1509_direct_carried;;;1.6;729.2;218;254;0;1;0;1502
968409;1787848558397;21.8;86;91;RECOVERING_AFTER_LOAD;50.8;5.0;254.0;254.0;1509_direct_carried;;;1.6;729.2;218;254;0;1;0;1505
968618;1787848558606;21.8;86;91;RECOVERING_AFTER_LOAD;50.8;5.0;254.0;254.0;1509_direct_carried;;;1.6;729.2;218;254;0;1;0;1506
969038;1787848559026;21.8;86;91;RECOVERING_AFTER_LOAD;50.8;5.0;254.0;254.0;1509_direct_carried;;;1.6;729.2;218;254;0;1;0;1508
969248;1787848559236;21.8;86;91;RECOVERING_AFTER_LOAD;50.6;5.0;252.0;253.0;1509_direct;;;1.6;729.2;218;252;0;1;0;1509
969460;1787848559448;21.8;86;91;RECOVERING_AFTER_LOAD;50.6;5.0;252.0;253.0;1509_direct_carried;;;1.6;729.2;218;252;0;1;0;150A
969668;1787848559656;21.8;86;91;RECOVERING_AFTER_LOAD;50.6;5.0;252.0;253.0;1509_direct_carried;;;1.6;729.2;218;252;0;1;0;150B
969870;1787848559858;21.8;86;91;RECOVERING_AFTER_LOAD;50.6;5.0;252.0;253.0;1509_direct_carried;;;1.6;729.2;218;252;0;1;0;150D
970919;1787848560907;21.8;86;91;RECOVERING_AFTER_LOAD;50.6;5.0;252.0;253.0;1509_direct_carried;;;1.6;729.2;218;252;0;1;0;1502
971335;1787848561323;21.8;86;91;RECOVERING_AFTER_LOAD;50.6;5.0;252.0;253.0;1509_direct_carried;;;1.6;729.2;218;252;0;1;0;1505
971548;1787848561536;21.8;86;91;RECOVERING_AFTER_LOAD;50.6;5.0;252.0;253.0;1509_direct_carried;;;1.6;729.2;218;252;0;1;0;1506
971957;1787848561945;21.8;86;91;RECOVERING_AFTER_LOAD;50.6;5.0;252.0;253.0;1509_direct_carried;;;1.6;729.2;218;252;0;1;0;1508
972167;1787848562155;21.8;86;91;RECOVERING_AFTER_LOAD;50.6;5.0;253.0;253.0;1509_direct;;;1.6;729.2;218;253;0;1;0;1509
972378;1787848562366;21.8;86;91;RECOVERING_AFTER_LOAD;50.6;5.0;253.0;253.0;1509_direct_carried;;;1.6;729.2;218;253;0;1;0;150A
972589;1787848562577;21.8;86;91;RECOVERING_AFTER_LOAD;50.6;5.0;253.0;253.0;1509_direct_carried;;;1.6;729.2;218;253;0;1;0;150B
972798;1787848562786;21.8;86;91;RECOVERING_AFTER_LOAD;50.6;5.0;253.0;253.0;1509_direct_carried;;;1.6;729.2;218;253;0;1;0;150D
973840;1787848563828;21.8;86;91;RECOVERING_AFTER_LOAD;50.6;5.0;253.0;253.0;1509_direct_carried;;;1.6;729.2;218;253;0;1;0;1502
974257;1787848564245;21.8;86;91;RECOVERING_AFTER_LOAD;50.6;5.0;253.0;253.0;1509_direct_carried;;;1.6;729.2;218;253;0;1;0;1505
974471;1787848564459;21.8;86;91;RECOVERING_AFTER_LOAD;50.6;5.0;253.0;253.0;1509_direct_carried;;;1.6;729.2;218;253;0;1;0;1506
974889;1787848564877;21.8;86;91;RECOVERING_AFTER_LOAD;50.6;5.0;253.0;253.0;1509_direct_carried;;;1.6;729.2;218;253;0;1;0;1508
975102;1787848565090;21.8;86;91;RECOVERING_AFTER_LOAD;50.9;3.0;152.0;152.7;1509_direct;;;1.6;729.2;218;152;0;1;0;1509
975297;1787848565285;21.8;86;91;RECOVERING_AFTER_LOAD;50.9;3.0;152.0;152.7;1509_direct_carried;;;1.6;729.2;218;152;0;1;0;150A
975511;1787848565499;21.8;86;91;RECOVERING_AFTER_LOAD;50.9;3.0;152.0;152.7;1509_direct_carried;;;1.6;729.2;218;152;0;1;0;150B
975718;1787848565706;21.8;86;91;RECOVERING_AFTER_LOAD;50.9;3.0;152.0;152.7;1509_direct_carried;;;1.6;729.2;218;152;0;1;0;150D
976767;1787848566755;21.8;86;91;RECOVERING_AFTER_LOAD;50.9;3.0;152.0;152.7;1509_direct_carried;;;1.6;729.2;218;152;0;1;0;1502
977175;1787848567163;21.8;86;91;RECOVERING_AFTER_LOAD;50.9;3.0;152.0;152.7;1509_direct_carried;;;1.6;729.2;218;152;0;1;0;1505
977387;1787848567375;21.8;86;91;RECOVERING_AFTER_LOAD;50.9;3.0;152.0;152.7;1509_direct_carried;;;1.7;729.3;218;152;0;1;0;1506
977807;1787848567795;21.8;86;91;RECOVERING_AFTER_LOAD;50.9;3.0;152.0;152.7;1509_direct_carried;;;1.7;729.3;218;152;0;1;0;1508
978017;1787848568005;21.8;86;91;RECOVERING_AFTER_LOAD;50.7;5.0;253.0;253.5;1509_direct;;;1.7;729.3;218;253;0;1;0;1509
978227;1787848568215;21.8;86;91;RECOVERING_AFTER_LOAD;50.7;5.0;253.0;253.5;1509_direct_carried;;;1.7;729.3;218;253;0;1;0;150A
978438;1787848568426;21.8;86;91;RECOVERING_AFTER_LOAD;50.7;5.0;253.0;253.5;1509_direct_carried;;;1.7;729.3;218;253;0;1;0;150B
978646;1787848568634;21.8;86;91;RECOVERING_AFTER_LOAD;50.7;5.0;253.0;253.5;1509_direct_carried;;;1.7;729.3;218;253;0;1;0;150D
979689;1787848569677;21.8;86;91;RECOVERING_AFTER_LOAD;50.7;5.0;253.0;253.5;1509_direct_carried;;;1.7;729.3;218;253;0;1;0;1502
980108;1787848570096;21.8;86;91;RECOVERING_AFTER_LOAD;50.7;5.0;253.0;253.5;1509_direct_carried;;;1.7;729.3;218;253;0;1;0;1505
980323;1787848570311;21.8;86;91;RECOVERING_AFTER_LOAD;50.7;5.0;253.0;253.5;1509_direct_carried;;;1.7;729.3;218;253;0;1;0;1506
980729;1787848570717;21.8;86;91;RECOVERING_AFTER_LOAD;50.7;5.0;253.0;253.5;1509_direct_carried;;;1.7;729.3;218;253;0;1;0;1508
980937;1787848570925;21.8;86;91;RECOVERING_AFTER_LOAD;50.7;5.0;253.0;253.5;1509_direct;;;1.7;729.3;218;253;0;1;0;1509
981149;1787848571137;21.8;86;91;RECOVERING_AFTER_LOAD;50.7;5.0;253.0;253.5;1509_direct_carried;;;1.7;729.3;218;253;0;1;0;150A
981369;1787848571357;21.8;86;91;RECOVERING_AFTER_LOAD;50.7;5.0;253.0;253.5;1509_direct_carried;;;1.7;729.3;218;253;0;1;0;150B
981568;1787848571556;21.8;86;91;RECOVERING_AFTER_LOAD;50.7;5.0;253.0;253.5;1509_direct_carried;;;1.7;729.3;218;253;0;1;0;150D
982608;1787848572596;21.8;86;91;RECOVERING_AFTER_LOAD;50.7;5.0;253.0;253.5;1509_direct_carried;;;1.7;729.3;218;253;0;1;0;1502
983249;1787848573237;21.8;86;91;RECOVERING_AFTER_LOAD;50.7;5.0;253.0;253.5;1509_direct_carried;;;1.7;729.3;218;253;0;1;0;1506
983658;1787848573646;21.8;86;91;RECOVERING_AFTER_LOAD;50.7;5.0;253.0;253.5;1509_direct_carried;;;1.7;729.3;218;253;0;1;0;1508
983868;1787848573856;21.8;86;91;RECOVERING_AFTER_LOAD;50.4;7.0;352.0;352.8;1509_direct;;;1.7;729.3;218;352;0;1;0;1509
984080;1787848574068;21.8;86;91;RECOVERING_AFTER_LOAD;50.4;7.0;352.0;352.8;1509_direct_carried;;;1.7;729.3;218;352;0;1;0;150A
984288;1787848574276;21.8;86;91;RECOVERING_AFTER_LOAD;50.4;7.0;352.0;352.8;1509_direct_carried;;;1.7;729.3;218;352;0;1;0;150B
984489;1787848574477;21.8;86;91;RECOVERING_AFTER_LOAD;50.4;7.0;352.0;352.8;1509_direct_carried;;;1.7;729.3;218;352;0;1;0;150D
985538;1787848575526;21.8;86;91;RECOVERING_AFTER_LOAD;50.4;7.0;352.0;352.8;1509_direct_carried;;;1.7;729.3;218;352;0;1;0;1502
985958;1787848575946;21.8;86;91;RECOVERING_AFTER_LOAD;50.4;7.0;352.0;352.8;1509_direct_carried;;;1.7;729.3;218;352;0;1;0;1505
986160;1787848576148;21.8;86;91;RECOVERING_AFTER_LOAD;50.4;7.0;352.0;352.8;1509_direct_carried;;;1.7;729.3;218;352;0;1;0;1506
986579;1787848576567;21.8;86;91;RECOVERING_AFTER_LOAD;50.4;7.0;352.0;352.8;1509_direct_carried;;;1.7;729.3;218;352;0;1;0;1508
986787;1787848576775;21.8;86;91;RECOVERING_AFTER_LOAD;50.8;3.0;152.0;152.39999999999998;1509_direct;;;1.7;729.3;218;152;0;1;0;1509
986999;1787848576987;21.8;86;91;RECOVERING_AFTER_LOAD;50.8;3.0;152.0;152.39999999999998;1509_direct_carried;;;1.7;729.3;218;152;0;1;0;150A
987207;1787848577195;21.8;86;91;RECOVERING_AFTER_LOAD;50.8;3.0;152.0;152.39999999999998;1509_direct_carried;;;1.7;729.3;218;152;0;1;0;150B
987419;1787848577407;21.8;86;91;RECOVERING_AFTER_LOAD;50.8;3.0;152.0;152.39999999999998;1509_direct_carried;;;1.7;729.3;218;152;0;1;0;150D
988458;1787848578446;21.8;86;91;RECOVERING_AFTER_LOAD;50.8;3.0;152.0;152.39999999999998;1509_direct_carried;;;1.7;729.3;218;152;0;1;0;1502
988878;1787848578866;21.8;86;91;RECOVERING_AFTER_LOAD;50.8;3.0;152.0;152.39999999999998;1509_direct_carried;;;1.7;729.3;218;152;0;1;0;1505
989088;1787848579076;21.8;86;91;RECOVERING_AFTER_LOAD;50.8;3.0;152.0;152.39999999999998;1509_direct_carried;;;1.7;729.3;218;152;0;1;0;1506
989509;1787848579497;21.8;86;91;RECOVERING_AFTER_LOAD;50.8;3.0;152.0;152.39999999999998;1509_direct_carried;;;1.7;729.3;218;152;0;1;0;1508
989709;1787848579697;21.8;86;91;RECOVERING_AFTER_LOAD;50.8;4.0;203.0;203.2;1509_direct;;;1.7;729.3;218;203;0;1;0;1509
989919;1787848579907;21.8;86;91;RECOVERING_AFTER_LOAD;50.8;4.0;203.0;203.2;1509_direct_carried;;;1.7;729.3;218;203;0;1;0;150A
990129;1787848580117;21.8;86;91;RECOVERING_AFTER_LOAD;50.8;4.0;203.0;203.2;1509_direct_carried;;;1.7;729.3;218;203;0;1;0;150B
990339;1787848580327;21.8;86;91;RECOVERING_AFTER_LOAD;50.8;4.0;203.0;203.2;1509_direct_carried;;;1.7;729.3;218;203;0;1;0;150D
991386;1787848581374;21.8;86;91;RECOVERING_AFTER_LOAD;50.8;4.0;203.0;203.2;1509_direct_carried;;;1.7;729.3;218;203;0;1;0;1502
991798;1787848581786;21.8;86;91;RECOVERING_AFTER_LOAD;50.8;4.0;203.0;203.2;1509_direct_carried;;;1.7;729.3;218;203;0;1;0;1505
992007;1787848581995;21.8;86;91;RECOVERING_AFTER_LOAD;50.8;4.0;203.0;203.2;1509_direct_carried;;;1.7;729.3;218;203;0;1;0;1506
992429;1787848582417;21.8;86;91;RECOVERING_AFTER_LOAD;50.8;4.0;203.0;203.2;1509_direct_carried;;;1.7;729.3;218;203;0;1;0;1508
992637;1787848582625;21.8;86;91;RECOVERING_AFTER_LOAD;50.6;5.0;254.0;253.0;1509_direct;;;1.7;729.3;218;254;0;1;0;1509
992849;1787848582837;21.8;86;91;RECOVERING_AFTER_LOAD;50.6;5.0;254.0;253.0;1509_direct_carried;;;1.7;729.3;218;254;0;1;0;150A
993063;1787848583051;21.8;86;91;RECOVERING_AFTER_LOAD;50.6;5.0;254.0;253.0;1509_direct_carried;;;1.7;729.3;218;254;0;1;0;150B
993268;1787848583256;21.8;86;91;RECOVERING_AFTER_LOAD;50.6;5.0;254.0;253.0;1509_direct_carried;;;1.7;729.3;218;254;0;1;0;150D
994309;1787848584297;21.8;86;91;RECOVERING_AFTER_LOAD;50.6;5.0;254.0;253.0;1509_direct_carried;;;1.7;729.3;218;254;0;1;0;1502
994729;1787848584717;21.8;86;91;RECOVERING_AFTER_LOAD;50.6;5.0;254.0;253.0;1509_direct_carried;;;1.7;729.3;218;254;0;1;0;1505
994940;1787848584928;21.8;86;91;RECOVERING_AFTER_LOAD;50.6;5.0;254.0;253.0;1509_direct_carried;;;1.8;729.4;218;254;0;1;0;1506
995351;1787848585339;21.8;86;91;RECOVERING_AFTER_LOAD;50.6;5.0;254.0;253.0;1509_direct_carried;;;1.8;729.4;218;254;0;1;0;1508
995558;1787848585546;21.8;86;91;RECOVERING_AFTER_LOAD;50.6;5.0;253.0;253.0;1509_direct;;;1.8;729.4;218;253;0;1;0;1509
995772;1787848585760;21.8;86;91;RECOVERING_AFTER_LOAD;50.6;5.0;253.0;253.0;1509_direct_carried;;;1.8;729.4;218;253;0;1;0;150A
995981;1787848585969;21.8;86;91;RECOVERING_AFTER_LOAD;50.6;5.0;253.0;253.0;1509_direct_carried;;;1.8;729.4;218;253;0;1;0;150B
996191;1787848586179;21.8;86;91;RECOVERING_AFTER_LOAD;50.6;5.0;253.0;253.0;1509_direct_carried;;;1.8;729.4;218;253;0;1;0;150D
997228;1787848587216;21.8;86;91;RECOVERING_AFTER_LOAD;50.6;5.0;253.0;253.0;1509_direct_carried;;;1.8;729.4;218;253;0;1;0;1502
997649;1787848587637;21.8;86;91;RECOVERING_AFTER_LOAD;50.6;5.0;253.0;253.0;1509_direct_carried;;;1.8;729.4;218;253;0;1;0;1505
997858;1787848587846;21.8;86;91;RECOVERING_AFTER_LOAD;50.6;5.0;253.0;253.0;1509_direct_carried;;;1.8;729.4;218;253;0;1;0;1506
998278;1787848588266;21.8;86;91;RECOVERING_AFTER_LOAD;50.6;5.0;253.0;253.0;1509_direct_carried;;;1.8;729.4;218;253;0;1;0;1508
998488;1787848588476;21.8;86;91;RECOVERING_AFTER_LOAD;50.6;5.0;253.0;253.0;1509_direct;;;1.8;729.4;218;253;0;1;0;1509
998689;1787848588677;21.8;86;91;RECOVERING_AFTER_LOAD;50.6;5.0;253.0;253.0;1509_direct_carried;;;1.8;729.4;218;253;0;1;0;150A
998899;1787848588887;21.8;86;91;RECOVERING_AFTER_LOAD;50.6;5.0;253.0;253.0;1509_direct_carried;;;1.8;729.4;218;253;0;1;0;150B
999107;1787848589095;21.8;86;91;RECOVERING_AFTER_LOAD;50.6;5.0;253.0;253.0;1509_direct_carried;;;1.8;729.4;218;253;0;1;0;150D
1000158;1787848590146;21.8;86;91;RECOVERING_AFTER_LOAD;50.6;5.0;253.0;253.0;1509_direct_carried;;;1.8;729.4;218;253;0;1;0;1502
1000577;1787848590565;21.8;86;91;RECOVERING_AFTER_LOAD;50.6;5.0;253.0;253.0;1509_direct_carried;;;1.8;729.4;218;253;0;1;0;1505
1000778;1787848590766;21.8;86;91;RECOVERING_AFTER_LOAD;50.6;5.0;253.0;253.0;1509_direct_carried;;;1.8;729.4;218;253;0;1;0;1506
1001198;1787848591186;21.8;86;91;RECOVERING_AFTER_LOAD;50.6;5.0;253.0;253.0;1509_direct_carried;;;1.8;729.4;218;253;0;1;0;1508
1001408;1787848591396;21.8;86;91;RECOVERING_AFTER_LOAD;50.8;5.0;253.0;254.0;1509_direct;;;1.8;729.4;218;253;0;1;0;1509
1001620;1787848591608;21.8;86;91;RECOVERING_AFTER_LOAD;50.8;5.0;253.0;254.0;1509_direct_carried;;;1.8;729.4;218;253;0;1;0;150A
1001831;1787848591819;21.8;86;91;RECOVERING_AFTER_LOAD;50.8;5.0;253.0;254.0;1509_direct_carried;;;1.8;729.4;218;253;0;1;0;150B
1002038;1787848592026;21.8;86;91;RECOVERING_AFTER_LOAD;50.8;5.0;253.0;254.0;1509_direct_carried;;;1.8;729.4;218;253;0;1;0;150D
1003087;1787848593075;21.8;86;91;RECOVERING_AFTER_LOAD;50.8;5.0;253.0;254.0;1509_direct_carried;;;1.8;729.4;218;253;0;1;0;1502
1003504;1787848593492;21.8;86;91;RECOVERING_AFTER_LOAD;50.8;5.0;253.0;254.0;1509_direct_carried;;;1.8;729.4;218;253;0;1;0;1505
1003710;1787848593698;21.8;86;91;RECOVERING_AFTER_LOAD;50.8;5.0;253.0;254.0;1509_direct_carried;;;1.8;729.4;218;253;0;1;0;1506
1004127;1787848594115;21.8;86;91;RECOVERING_AFTER_LOAD;50.8;5.0;253.0;254.0;1509_direct_carried;;;1.8;729.4;218;253;0;1;0;1508
1004327;1787848594315;21.8;86;91;RECOVERING_AFTER_LOAD;50.6;5.0;253.0;253.0;1509_direct;;;1.8;729.4;218;253;0;1;0;1509
1004540;1787848594528;21.8;86;91;RECOVERING_AFTER_LOAD;50.6;5.0;253.0;253.0;1509_direct_carried;;;1.8;729.4;218;253;0;1;0;150A
1004748;1787848594736;21.8;86;91;RECOVERING_AFTER_LOAD;50.6;5.0;253.0;253.0;1509_direct_carried;;;1.8;729.4;218;253;0;1;0;150B
1004959;1787848594947;21.8;86;91;RECOVERING_AFTER_LOAD;50.6;5.0;253.0;253.0;1509_direct_carried;;;1.8;729.4;218;253;0;1;0;150D
1006006;1787848595994;21.8;86;91;RECOVERING_AFTER_LOAD;50.6;5.0;253.0;253.0;1509_direct_carried;;;1.8;729.4;218;253;0;1;0;1502
1006419;1787848596407;21.8;86;91;RECOVERING_AFTER_LOAD;50.6;5.0;253.0;253.0;1509_direct_carried;;;1.8;729.4;218;253;0;1;0;1505
1006627;1787848596615;21.8;86;91;RECOVERING_AFTER_LOAD;50.6;5.0;253.0;253.0;1509_direct_carried;;;1.8;729.4;218;253;0;1;0;1506
1007051;1787848597039;21.8;86;91;RECOVERING_AFTER_LOAD;50.6;5.0;253.0;253.0;1509_direct_carried;;;1.8;729.4;218;253;0;1;0;1508
1007257;1787848597245;21.8;86;91;RECOVERING_AFTER_LOAD;50.7;5.0;253.0;253.5;1509_direct;;;1.8;729.4;218;253;0;1;0;1509
1007466;1787848597454;21.8;86;91;RECOVERING_AFTER_LOAD;50.7;5.0;253.0;253.5;1509_direct_carried;;;1.8;729.4;218;253;0;1;0;150A
1007680;1787848597668;21.8;86;91;RECOVERING_AFTER_LOAD;50.7;5.0;253.0;253.5;1509_direct_carried;;;1.8;729.4;218;253;0;1;0;150B
1007886;1787848597874;21.8;86;91;RECOVERING_AFTER_LOAD;50.7;5.0;253.0;253.5;1509_direct_carried;;;1.8;729.4;218;253;0;1;0;150D
1008927;1787848598915;21.8;86;91;RECOVERING_AFTER_LOAD;50.7;5.0;253.0;253.5;1509_direct_carried;;;1.8;729.4;218;253;0;1;0;1502
1009347;1787848599335;21.8;86;91;RECOVERING_AFTER_LOAD;50.7;5.0;253.0;253.5;1509_direct_carried;;;1.8;729.4;218;253;0;1;0;1505
1009558;1787848599546;21.8;86;91;RECOVERING_AFTER_LOAD;50.7;5.0;253.0;253.5;1509_direct_carried;;;1.8;729.4;218;253;0;1;0;1506
1009969;1787848599957;21.8;86;91;RECOVERING_AFTER_LOAD;50.7;5.0;253.0;253.5;1509_direct_carried;;;1.8;729.4;218;253;0;1;0;1508
1010179;1787848600167;21.8;86;91;RECOVERING_AFTER_LOAD;50.6;5.0;253.0;253.0;1509_direct;;;1.8;729.4;218;253;0;1;0;1509
1010389;1787848600377;21.8;86;91;RECOVERING_AFTER_LOAD;50.6;5.0;253.0;253.0;1509_direct_carried;;;1.8;729.4;218;253;0;1;0;150A
1010602;1787848600590;21.8;86;91;RECOVERING_AFTER_LOAD;50.6;5.0;253.0;253.0;1509_direct_carried;;;1.8;729.4;218;253;0;1;0;150B
1010809;1787848600797;21.8;86;91;RECOVERING_AFTER_LOAD;50.6;5.0;253.0;253.0;1509_direct_carried;;;1.8;729.4;218;253;0;1;0;150D
1011849;1787848601837;21.8;86;91;RECOVERING_AFTER_LOAD;50.6;5.0;253.0;253.0;1509_direct_carried;;;1.8;729.4;218;253;0;1;0;1502
1012268;1787848602256;21.8;86;91;RECOVERING_AFTER_LOAD;50.6;5.0;253.0;253.0;1509_direct_carried;;;1.8;729.4;218;253;0;1;0;1505
1012478;1787848602466;21.8;86;91;RECOVERING_AFTER_LOAD;50.6;5.0;253.0;253.0;1509_direct_carried;;;1.9;729.5;218;253;0;1;0;1506
1012900;1787848602888;21.8;86;91;RECOVERING_AFTER_LOAD;50.6;5.0;253.0;253.0;1509_direct_carried;;;1.9;729.5;218;253;0;1;0;1508
1013107;1787848603095;21.8;86;91;RECOVERING_AFTER_LOAD;50.6;5.0;253.0;253.0;1509_direct;;;1.9;729.5;218;253;0;1;0;1509
1013309;1787848603297;21.8;86;91;RECOVERING_AFTER_LOAD;50.6;5.0;253.0;253.0;1509_direct_carried;;;1.9;729.5;218;253;0;1;0;150A
1013520;1787848603508;21.8;86;91;RECOVERING_AFTER_LOAD;50.6;5.0;253.0;253.0;1509_direct_carried;;;1.9;729.5;218;253;0;1;0;150B
1013730;1787848603718;21.8;86;91;RECOVERING_AFTER_LOAD;50.6;5.0;253.0;253.0;1509_direct_carried;;;1.9;729.5;218;253;0;1;0;150D
1014779;1787848604767;21.8;86;91;RECOVERING_AFTER_LOAD;50.6;5.0;253.0;253.0;1509_direct_carried;;;1.9;729.5;218;253;0;1;0;1502
1015199;1787848605187;21.8;86;91;RECOVERING_AFTER_LOAD;50.6;5.0;253.0;253.0;1509_direct_carried;;;1.9;729.5;218;253;0;1;0;1505
1015397;1787848605385;21.8;86;91;RECOVERING_AFTER_LOAD;50.6;5.0;253.0;253.0;1509_direct_carried;;;1.9;729.5;218;253;0;1;0;1506
1015819;1787848605807;21.8;86;91;RECOVERING_AFTER_LOAD;50.6;5.0;253.0;253.0;1509_direct_carried;;;1.9;729.5;218;253;0;1;0;1508
1016030;1787848606018;21.8;86;91;RECOVERING_AFTER_LOAD;50.5;6.0;303.0;303.0;1509_direct;;;1.9;729.5;218;303;0;1;0;1509
1016239;1787848606227;21.8;86;91;RECOVERING_AFTER_LOAD;50.5;6.0;303.0;303.0;1509_direct_carried;;;1.9;729.5;218;303;0;1;0;150A
1016450;1787848606438;21.8;86;91;RECOVERING_AFTER_LOAD;50.5;6.0;303.0;303.0;1509_direct_carried;;;1.9;729.5;218;303;0;1;0;150B
1016659;1787848606647;21.8;86;91;RECOVERING_AFTER_LOAD;50.5;6.0;303.0;303.0;1509_direct_carried;;;1.9;729.5;218;303;0;1;0;150D
1017699;1787848607687;21.8;86;91;RECOVERING_AFTER_LOAD;50.5;6.0;303.0;303.0;1509_direct_carried;;;1.9;729.5;218;303;0;1;0;1502
1018120;1787848608108;21.8;86;91;RECOVERING_AFTER_LOAD;50.5;6.0;303.0;303.0;1509_direct_carried;;;1.9;729.5;218;303;0;1;0;1505
1018328;1787848608316;21.8;86;91;RECOVERING_AFTER_LOAD;50.5;6.0;303.0;303.0;1509_direct_carried;;;1.9;729.5;218;303;0;1;0;1506
1018750;1787848608738;21.8;86;91;RECOVERING_AFTER_LOAD;50.5;6.0;303.0;303.0;1509_direct_carried;;;1.9;729.5;218;303;0;1;0;1508
1018947;1787848608935;21.8;86;91;RECOVERING_AFTER_LOAD;50.7;5.0;253.0;253.5;1509_direct;;;1.9;729.5;218;253;0;1;0;1509
1019159;1787848609147;21.8;86;91;RECOVERING_AFTER_LOAD;50.7;5.0;253.0;253.5;1509_direct_carried;;;1.9;729.5;218;253;0;1;0;150A
1019371;1787848609359;21.8;86;91;RECOVERING_AFTER_LOAD;50.7;5.0;253.0;253.5;1509_direct_carried;;;1.9;729.5;218;253;0;1;0;150B
1019579;1787848609567;21.8;86;91;RECOVERING_AFTER_LOAD;50.7;5.0;253.0;253.5;1509_direct_carried;;;1.9;729.5;218;253;0;1;0;150D
1020629;1787848610617;21.8;86;91;RECOVERING_AFTER_LOAD;50.7;5.0;253.0;253.5;1509_direct_carried;;;1.9;729.5;218;253;0;1;0;1502
1021039;1787848611027;21.8;86;91;RECOVERING_AFTER_LOAD;50.7;5.0;253.0;253.5;1509_direct_carried;;;1.9;729.5;218;253;0;1;0;1505
1021249;1787848611237;21.8;86;91;RECOVERING_AFTER_LOAD;50.7;5.0;253.0;253.5;1509_direct_carried;;;1.9;729.5;218;253;0;1;0;1506
1021668;1787848611656;21.8;86;91;RECOVERING_AFTER_LOAD;50.7;5.0;253.0;253.5;1509_direct_carried;;;1.9;729.5;218;253;0;1;0;1508
1021879;1787848611867;21.8;86;91;RECOVERING_AFTER_LOAD;50.5;5.0;252.0;252.5;1509_direct;;;1.9;729.5;218;252;0;1;0;1509
1022091;1787848612079;21.8;86;91;RECOVERING_AFTER_LOAD;50.5;5.0;252.0;252.5;1509_direct_carried;;;1.9;729.5;218;252;0;1;0;150A
1022299;1787848612287;21.8;86;91;RECOVERING_AFTER_LOAD;50.5;5.0;252.0;252.5;1509_direct_carried;;;1.9;729.5;218;252;0;1;0;150B
1022511;1787848612499;21.8;86;91;RECOVERING_AFTER_LOAD;50.5;5.0;252.0;252.5;1509_direct_carried;;;1.9;729.5;218;252;0;1;0;150D
1023550;1787848613538;21.8;86;91;RECOVERING_AFTER_LOAD;50.5;5.0;252.0;252.5;1509_direct_carried;;;1.9;729.5;218;252;0;1;0;1502
1023971;1787848613959;21.8;86;91;RECOVERING_AFTER_LOAD;50.5;5.0;252.0;252.5;1509_direct_carried;;;1.9;729.5;218;252;0;1;0;1505
1024179;1787848614167;21.8;86;91;RECOVERING_AFTER_LOAD;50.5;5.0;252.0;252.5;1509_direct_carried;;;1.9;729.5;218;252;0;1;0;1506
1024589;1787848614577;21.8;86;91;RECOVERING_AFTER_LOAD;50.5;5.0;252.0;252.5;1509_direct_carried;;;1.9;729.5;218;252;0;1;0;1508
1024800;1787848614788;21.8;86;91;RECOVERING_AFTER_LOAD;50.5;5.0;252.0;252.5;1509_direct;;;1.9;729.5;218;252;0;1;0;1509
1025008;1787848614996;21.8;86;91;RECOVERING_AFTER_LOAD;50.5;5.0;252.0;252.5;1509_direct_carried;;;1.9;729.5;218;252;0;1;0;150A
1025218;1787848615206;21.8;86;91;RECOVERING_AFTER_LOAD;50.5;5.0;252.0;252.5;1509_direct_carried;;;1.9;729.5;218;252;0;1;0;150B
1025431;1787848615419;21.8;86;91;RECOVERING_AFTER_LOAD;50.5;5.0;252.0;252.5;1509_direct_carried;;;1.9;729.5;218;252;0;1;0;150D
1026469;1787848616457;21.8;86;91;RECOVERING_AFTER_LOAD;50.5;5.0;252.0;252.5;1509_direct_carried;;;1.9;729.5;218;252;0;1;0;1502
1026890;1787848616878;21.8;86;91;RECOVERING_AFTER_LOAD;50.5;5.0;252.0;252.5;1509_direct_carried;;;1.9;729.5;218;252;0;1;0;1505
1027099;1787848617087;21.8;86;91;RECOVERING_AFTER_LOAD;50.5;5.0;252.0;252.5;1509_direct_carried;;;1.9;729.5;218;252;0;1;0;1506
1027516;1787848617504;21.8;86;91;RECOVERING_AFTER_LOAD;50.5;5.0;252.0;252.5;1509_direct_carried;;;1.9;729.5;218;252;0;1;0;1508
1027730;1787848617718;21.8;86;91;RECOVERING_AFTER_LOAD;50.4;5.0;252.0;252.0;1509_direct;;;1.9;729.5;218;252;0;1;0;1509
1027940;1787848617928;21.8;86;91;RECOVERING_AFTER_LOAD;50.4;5.0;252.0;252.0;1509_direct_carried;;;1.9;729.5;218;252;0;1;0;150A
1028139;1787848618127;21.8;86;91;RECOVERING_AFTER_LOAD;50.4;5.0;252.0;252.0;1509_direct_carried;;;1.9;729.5;218;252;0;1;0;150B
1028350;1787848618338;21.8;86;91;RECOVERING_AFTER_LOAD;50.4;5.0;252.0;252.0;1509_direct_carried;;;1.9;729.5;218;252;0;1;0;150D
1029400;1787848619388;21.8;86;91;RECOVERING_AFTER_LOAD;50.4;5.0;252.0;252.0;1509_direct_carried;;;1.9;729.5;218;252;0;1;0;1502
1029820;1787848619808;21.8;86;91;RECOVERING_AFTER_LOAD;50.4;5.0;252.0;252.0;1509_direct_carried;;;1.9;729.5;218;252;0;1;0;1505
1030023;1787848620011;21.8;86;91;RECOVERING_AFTER_LOAD;50.4;5.0;252.0;252.0;1509_direct_carried;;;2.0;729.6;218;252;0;1;0;1506
1030438;1787848620426;21.8;86;91;RECOVERING_AFTER_LOAD;50.4;5.0;252.0;252.0;1509_direct_carried;;;2.0;729.6;218;252;0;1;0;1508
1030649;1787848620637;21.8;86;91;RECOVERING_AFTER_LOAD;50.4;6.0;252.0;302.4;1509_direct;;;2.0;729.6;218;252;0;1;0;1509
1030859;1787848620847;21.8;86;91;RECOVERING_AFTER_LOAD;50.4;6.0;252.0;302.4;1509_direct_carried;;;2.0;729.6;218;252;0;1;0;150A
1031068;1787848621056;21.8;86;91;RECOVERING_AFTER_LOAD;50.4;6.0;252.0;302.4;1509_direct_carried;;;2.0;729.6;218;252;0;1;0;150B
1031281;1787848621269;21.8;86;91;RECOVERING_AFTER_LOAD;50.4;6.0;252.0;302.4;1509_direct_carried;;;2.0;729.6;218;252;0;1;0;150D
1032319;1787848622307;21.8;86;91;RECOVERING_AFTER_LOAD;50.4;6.0;252.0;302.4;1509_direct_carried;;;2.0;729.6;218;252;0;1;0;1502
1032749;1787848622737;21.8;86;91;RECOVERING_AFTER_LOAD;50.4;6.0;252.0;302.4;1509_direct_carried;;;2.0;729.6;218;252;0;1;0;1505
1032948;1787848622936;21.8;86;91;RECOVERING_AFTER_LOAD;50.4;6.0;252.0;302.4;1509_direct_carried;;;2.0;729.6;218;252;0;1;0;1506
1033369;1787848623357;21.8;86;91;RECOVERING_AFTER_LOAD;50.4;6.0;252.0;302.4;1509_direct_carried;;;2.0;729.6;218;252;0;1;0;1508
1033567;1787848623555;21.8;86;91;RECOVERING_AFTER_LOAD;50.5;5.0;252.0;252.5;1509_direct;;;2.0;729.6;218;252;0;1;0;1509
1033779;1787848623767;21.8;86;91;RECOVERING_AFTER_LOAD;50.5;5.0;252.0;252.5;1509_direct_carried;;;2.0;729.6;218;252;0;1;0;150A
1033990;1787848623978;21.8;86;91;RECOVERING_AFTER_LOAD;50.5;5.0;252.0;252.5;1509_direct_carried;;;2.0;729.6;218;252;0;1;0;150B
1034200;1787848624188;21.8;86;91;RECOVERING_AFTER_LOAD;50.5;5.0;252.0;252.5;1509_direct_carried;;;2.0;729.6;218;252;0;1;0;150D
1035250;1787848625238;21.8;86;91;RECOVERING_AFTER_LOAD;50.5;5.0;252.0;252.5;1509_direct_carried;;;2.0;729.6;218;252;0;1;0;1502
1035661;1787848625649;21.8;86;91;RECOVERING_AFTER_LOAD;50.5;5.0;252.0;252.5;1509_direct_carried;;;2.0;729.6;218;252;0;1;0;1505
1035869;1787848625857;21.8;86;91;RECOVERING_AFTER_LOAD;50.5;5.0;252.0;252.5;1509_direct_carried;;;2.0;729.6;218;252;0;1;0;1506
1036290;1787848626278;21.8;86;91;RECOVERING_AFTER_LOAD;50.5;5.0;252.0;252.5;1509_direct_carried;;;2.0;729.6;218;252;0;1;0;1508
1036499;1787848626487;21.8;86;91;RECOVERING_AFTER_LOAD;50.4;6.0;302.0;302.4;1509_direct;;;2.0;729.6;218;302;0;1;0;1509
1036710;1787848626698;21.8;86;91;RECOVERING_AFTER_LOAD;50.4;6.0;302.0;302.4;1509_direct_carried;;;2.0;729.6;218;302;0;1;0;150A
1036921;1787848626909;21.8;86;91;RECOVERING_AFTER_LOAD;50.4;6.0;302.0;302.4;1509_direct_carried;;;2.0;729.6;218;302;0;1;0;150B
1037131;1787848627119;21.8;86;91;RECOVERING_AFTER_LOAD;50.4;6.0;302.0;302.4;1509_direct_carried;;;2.0;729.6;218;302;0;1;0;150D
1038168;1787848628156;21.8;86;91;RECOVERING_AFTER_LOAD;50.4;6.0;302.0;302.4;1509_direct_carried;;;2.0;729.6;218;302;0;1;0;1502
1038587;1787848628575;21.8;86;91;RECOVERING_AFTER_LOAD;50.4;6.0;302.0;302.4;1509_direct_carried;;;2.0;729.6;218;302;0;1;0;1505
1038801;1787848628789;21.8;86;91;RECOVERING_AFTER_LOAD;50.4;6.0;302.0;302.4;1509_direct_carried;;;2.0;729.6;218;302;0;1;0;1506
1039211;1787848629199;21.8;86;91;RECOVERING_AFTER_LOAD;50.4;6.0;302.0;302.4;1509_direct_carried;;;2.0;729.6;218;302;0;1;0;1508
1039417;1787848629405;21.8;86;91;RECOVERING_AFTER_LOAD;50.4;5.0;252.0;252.0;1509_direct;;;2.0;729.6;218;252;0;1;0;1509
1039627;1787848629615;21.8;86;91;RECOVERING_AFTER_LOAD;50.4;5.0;252.0;252.0;1509_direct_carried;;;2.0;729.6;218;252;0;1;0;150A
1039837;1787848629825;21.8;86;91;RECOVERING_AFTER_LOAD;50.4;5.0;252.0;252.0;1509_direct_carried;;;2.0;729.6;218;252;0;1;0;150B
1040050;1787848630038;21.8;86;91;RECOVERING_AFTER_LOAD;50.4;5.0;252.0;252.0;1509_direct_carried;;;2.0;729.6;218;252;0;1;0;150D
1041090;1787848631078;21.8;86;91;RECOVERING_AFTER_LOAD;50.4;5.0;252.0;252.0;1509_direct_carried;;;2.0;729.6;218;252;0;1;0;1502
1041510;1787848631498;21.8;86;91;RECOVERING_AFTER_LOAD;50.4;5.0;252.0;252.0;1509_direct_carried;;;2.0;729.6;218;252;0;1;0;1505
1041721;1787848631709;21.8;86;91;RECOVERING_AFTER_LOAD;50.4;5.0;252.0;252.0;1509_direct_carried;;;2.0;729.6;218;252;0;1;0;1506
1042141;1787848632129;21.8;86;91;RECOVERING_AFTER_LOAD;50.4;5.0;252.0;252.0;1509_direct_carried;;;2.0;729.6;218;252;0;1;0;1508
1042350;1787848632338;21.8;86;91;RECOVERING_AFTER_LOAD;50.4;4.0;202.0;201.6;1509_direct;;;2.0;729.6;218;202;0;1;0;1509
1042557;1787848632545;21.8;86;91;RECOVERING_AFTER_LOAD;50.4;4.0;202.0;201.6;1509_direct_carried;;;2.0;729.6;218;202;0;1;0;150A
1042759;1787848632747;21.8;86;91;RECOVERING_AFTER_LOAD;50.4;4.0;202.0;201.6;1509_direct_carried;;;2.0;729.6;218;202;0;1;0;150B
1042969;1787848632957;21.8;86;91;RECOVERING_AFTER_LOAD;50.4;4.0;202.0;201.6;1509_direct_carried;;;2.0;729.6;218;202;0;1;0;150D
1044021;1787848634009;21.8;86;91;RECOVERING_AFTER_LOAD;50.4;4.0;202.0;201.6;1509_direct_carried;;;2.0;729.6;218;202;0;1;0;1502
1044440;1787848634428;21.8;86;91;RECOVERING_AFTER_LOAD;50.4;4.0;202.0;201.6;1509_direct_carried;;;2.0;729.6;218;202;0;1;0;1505
1044639;1787848634627;21.8;86;91;RECOVERING_AFTER_LOAD;50.4;4.0;202.0;201.6;1509_direct_carried;;;2.1;729.7;218;202;0;1;0;1506
1045064;1787848635052;21.8;86;91;RECOVERING_AFTER_LOAD;50.4;4.0;202.0;201.6;1509_direct_carried;;;2.1;729.7;218;202;0;1;0;1508
1045270;1787848635258;21.8;86;91;RECOVERING_AFTER_LOAD;50.5;4.0;202.0;202.0;1509_direct;;;2.1;729.7;218;202;0;1;0;1509
1045480;1787848635468;21.8;86;91;RECOVERING_AFTER_LOAD;50.5;4.0;202.0;202.0;1509_direct_carried;;;2.1;729.7;218;202;0;1;0;150A
1045693;1787848635681;21.8;86;91;RECOVERING_AFTER_LOAD;50.5;4.0;202.0;202.0;1509_direct_carried;;;2.1;729.7;218;202;0;1;0;150B
1045898;1787848635886;21.8;86;91;RECOVERING_AFTER_LOAD;50.5;4.0;202.0;202.0;1509_direct_carried;;;2.1;729.7;218;202;0;1;0;150D
1046940;1787848636928;21.8;86;91;RECOVERING_AFTER_LOAD;50.5;4.0;202.0;202.0;1509_direct_carried;;;2.1;729.7;218;202;0;1;0;1502
1047360;1787848637348;21.8;86;91;RECOVERING_AFTER_LOAD;50.5;4.0;202.0;202.0;1509_direct_carried;;;2.1;729.7;218;202;0;1;0;1505
1047571;1787848637559;21.8;86;91;RECOVERING_AFTER_LOAD;50.5;4.0;202.0;202.0;1509_direct_carried;;;2.1;729.7;218;202;0;1;0;1506
1047989;1787848637977;21.8;86;91;RECOVERING_AFTER_LOAD;50.5;4.0;202.0;202.0;1509_direct_carried;;;2.1;729.7;218;202;0;1;0;1508
1048189;1787848638177;21.8;86;91;RECOVERING_AFTER_LOAD;50.6;4.0;202.0;202.4;1509_direct;;;2.1;729.7;218;202;0;1;0;1509
1048399;1787848638387;21.8;86;91;RECOVERING_AFTER_LOAD;50.6;4.0;202.0;202.4;1509_direct_carried;;;2.1;729.7;218;202;0;1;0;150A
1048609;1787848638597;21.8;86;91;RECOVERING_AFTER_LOAD;50.6;4.0;202.0;202.4;1509_direct_carried;;;2.1;729.7;218;202;0;1;0;150B
1048819;1787848638807;21.8;86;91;RECOVERING_AFTER_LOAD;50.6;4.0;202.0;202.4;1509_direct_carried;;;2.1;729.7;218;202;0;1;0;150D
1049869;1787848639857;21.8;86;91;RECOVERING_AFTER_LOAD;50.6;4.0;202.0;202.4;1509_direct_carried;;;2.1;729.7;218;202;0;1;0;1502
1050280;1787848640268;21.8;86;91;RECOVERING_AFTER_LOAD;50.6;4.0;202.0;202.4;1509_direct_carried;;;2.1;729.7;218;202;0;1;0;1505
1050491;1787848640479;21.8;86;91;RECOVERING_AFTER_LOAD;50.6;4.0;202.0;202.4;1509_direct_carried;;;2.1;729.7;218;202;0;1;0;1506
1050910;1787848640898;21.8;86;91;RECOVERING_AFTER_LOAD;50.6;4.0;202.0;202.4;1509_direct_carried;;;2.1;729.7;218;202;0;1;0;1508
1051120;1787848641108;21.8;86;91;RECOVERING_AFTER_LOAD;50.7;3.0;152.0;152.10000000000002;1509_direct;;;2.1;729.7;218;152;0;1;0;1509
1051330;1787848641318;21.8;86;91;RECOVERING_AFTER_LOAD;50.7;3.0;152.0;152.10000000000002;1509_direct_carried;;;2.1;729.7;218;152;0;1;0;150A
1051540;1787848641528;21.8;86;91;RECOVERING_AFTER_LOAD;50.7;3.0;152.0;152.10000000000002;1509_direct_carried;;;2.1;729.7;218;152;0;1;0;150B
1051749;1787848641737;21.8;86;91;RECOVERING_AFTER_LOAD;50.7;3.0;152.0;152.10000000000002;1509_direct_carried;;;2.1;729.7;218;152;0;1;0;150D
1052790;1787848642778;21.8;86;91;RECOVERING_AFTER_LOAD;50.7;3.0;152.0;152.10000000000002;1509_direct_carried;;;2.1;729.7;218;152;0;1;0;1502
1053211;1787848643199;21.8;86;91;RECOVERING_AFTER_LOAD;50.7;3.0;152.0;152.10000000000002;1509_direct_carried;;;2.1;729.7;218;152;0;1;0;1505
1053421;1787848643409;21.8;86;91;RECOVERING_AFTER_LOAD;50.7;3.0;152.0;152.10000000000002;1509_direct_carried;;;2.1;729.7;218;152;0;1;0;1506
1053831;1787848643819;21.8;86;91;RECOVERING_AFTER_LOAD;50.7;3.0;152.0;152.10000000000002;1509_direct_carried;;;2.1;729.7;218;152;0;1;0;1508
1054041;1787848644029;21.8;86;91;RECOVERING_AFTER_LOAD;50.6;4.0;202.0;202.4;1509_direct;;;2.1;729.7;218;202;0;1;0;1509
1054250;1787848644238;21.8;86;91;RECOVERING_AFTER_LOAD;50.6;4.0;202.0;202.4;1509_direct_carried;;;2.1;729.7;218;202;0;1;0;150A
1054458;1787848644446;21.8;86;91;RECOVERING_AFTER_LOAD;50.6;4.0;202.0;202.4;1509_direct_carried;;;2.1;729.7;218;202;0;1;0;150B
1054680;1787848644668;21.8;86;91;RECOVERING_AFTER_LOAD;50.6;4.0;202.0;202.4;1509_direct_carried;;;2.1;729.7;218;202;0;1;0;150D
1055711;1787848645699;21.8;86;91;RECOVERING_AFTER_LOAD;50.6;4.0;202.0;202.4;1509_direct_carried;;;2.1;729.7;218;202;0;1;0;1502
1056133;1787848646121;21.8;86;91;RECOVERING_AFTER_LOAD;50.6;4.0;202.0;202.4;1509_direct_carried;;;2.1;729.7;218;202;0;1;0;1505
1056341;1787848646329;21.8;86;91;RECOVERING_AFTER_LOAD;50.6;4.0;202.0;202.4;1509_direct_carried;;;2.1;729.7;218;202;0;1;0;1506
1056760;1787848646748;21.8;86;91;RECOVERING_AFTER_LOAD;50.6;4.0;202.0;202.4;1509_direct_carried;;;2.1;729.7;218;202;0;1;0;1508
1056968;1787848646956;21.8;86;91;RECOVERING_AFTER_LOAD;50.6;4.0;202.0;202.4;1509_direct;;;2.1;729.7;218;202;0;1;0;1509
1057170;1787848647158;21.8;86;91;RECOVERING_AFTER_LOAD;50.6;4.0;202.0;202.4;1509_direct_carried;;;2.1;729.7;218;202;0;1;0;150A
1057380;1787848647368;21.8;86;91;RECOVERING_AFTER_LOAD;50.6;4.0;202.0;202.4;1509_direct_carried;;;2.1;729.7;218;202;0;1;0;150B
1057591;1787848647579;21.8;86;91;RECOVERING_AFTER_LOAD;50.6;4.0;202.0;202.4;1509_direct_carried;;;2.1;729.7;218;202;0;1;0;150D
1058638;1787848648626;21.8;86;91;RECOVERING_AFTER_LOAD;50.6;4.0;202.0;202.4;1509_direct_carried;;;2.1;729.7;218;202;0;1;0;1502
1059049;1787848649037;21.8;86;91;RECOVERING_AFTER_LOAD;50.6;4.0;202.0;202.4;1509_direct_carried;;;2.1;729.7;218;202;0;1;0;1505
1059263;1787848649251;21.8;86;91;RECOVERING_AFTER_LOAD;50.6;4.0;202.0;202.4;1509_direct_carried;;;2.1;729.7;218;202;0;1;0;1506
1059678;1787848649666;21.8;86;91;RECOVERING_AFTER_LOAD;50.6;4.0;202.0;202.4;1509_direct_carried;;;2.1;729.7;218;202;0;1;0;1508
1059891;1787848649879;21.8;86;91;RECOVERING_AFTER_LOAD;50.7;4.0;202.0;202.8;1509_direct;;;2.1;729.7;218;202;0;1;0;1509
1060101;1787848650089;21.8;86;91;RECOVERING_AFTER_LOAD;50.7;4.0;202.0;202.8;1509_direct_carried;;;2.1;729.7;218;202;0;1;0;150A
1060310;1787848650298;21.8;86;91;RECOVERING_AFTER_LOAD;50.7;4.0;202.0;202.8;1509_direct_carried;;;2.1;729.7;218;202;0;1;0;150B
1060522;1787848650510;21.8;86;91;RECOVERING_AFTER_LOAD;50.7;4.0;202.0;202.8;1509_direct_carried;;;2.1;729.7;218;202;0;1;0;150D
1061581;1787848651569;21.8;86;91;RECOVERING_AFTER_LOAD;50.7;4.0;202.0;202.8;1509_direct_carried;;;2.1;729.7;218;202;0;1;0;1502
1061990;1787848651978;21.8;86;91;RECOVERING_AFTER_LOAD;50.7;4.0;202.0;202.8;1509_direct_carried;;;2.1;729.7;218;202;0;1;0;1505
1062200;1787848652188;21.8;86;91;RECOVERING_AFTER_LOAD;50.7;4.0;202.0;202.8;1509_direct_carried;;;2.2;729.8;218;202;0;1;0;1506
1062620;1787848652608;21.8;86;91;RECOVERING_AFTER_LOAD;50.7;4.0;202.0;202.8;1509_direct_carried;;;2.2;729.8;218;202;0;2;0;1508
1062831;1787848652819;21.8;86;91;RECOVERING_AFTER_LOAD;50.6;3.0;152.0;151.8;1509_direct;;;2.2;729.8;218;152;0;2;0;1509
1063040;1787848653028;21.8;86;91;RECOVERING_AFTER_LOAD;50.6;3.0;152.0;151.8;1509_direct_carried;;;2.2;729.8;218;152;0;2;0;150A
1063249;1787848653237;21.8;86;91;RECOVERING_AFTER_LOAD;50.6;3.0;152.0;151.8;1509_direct_carried;;;2.2;729.8;218;152;0;2;0;150B
1063461;1787848653449;21.8;86;91;RECOVERING_AFTER_LOAD;50.6;3.0;152.0;151.8;1509_direct_carried;;;2.2;729.8;218;152;0;2;0;150D
1064499;1787848654487;21.8;86;91;RECOVERING_AFTER_LOAD;50.6;3.0;152.0;151.8;1509_direct_carried;;;2.2;729.8;218;152;0;2;0;1502
1064921;1787848654909;21.8;86;91;RECOVERING_AFTER_LOAD;50.6;3.0;152.0;151.8;1509_direct_carried;;;2.2;729.8;218;152;0;2;0;1505
1065128;1787848655116;21.8;86;91;RECOVERING_AFTER_LOAD;50.6;3.0;152.0;151.8;1509_direct_carried;;;2.2;729.8;218;152;0;2;0;1506
1065538;1787848655526;21.8;86;91;RECOVERING_AFTER_LOAD;50.6;3.0;152.0;151.8;1509_direct_carried;;;2.2;729.8;218;152;0;2;0;1508
1065750;1787848655738;21.8;86;91;RECOVERING_AFTER_LOAD;50.8;3.0;152.0;152.39999999999998;1509_direct;;;2.2;729.8;218;152;0;2;0;1509
1065959;1787848655947;21.8;86;91;RECOVERING_AFTER_LOAD;50.8;3.0;152.0;152.39999999999998;1509_direct_carried;;;2.2;729.8;218;152;0;2;0;150A
1066169;1787848656157;21.8;86;91;RECOVERING_AFTER_LOAD;50.8;3.0;152.0;152.39999999999998;1509_direct_carried;;;2.2;729.8;218;152;0;2;0;150B
1066380;1787848656368;21.8;86;91;RECOVERING_AFTER_LOAD;50.8;3.0;152.0;152.39999999999998;1509_direct_carried;;;2.2;729.8;218;152;0;2;0;150D
1067420;1787848657408;21.8;86;91;RECOVERING_AFTER_LOAD;50.8;3.0;152.0;152.39999999999998;1509_direct_carried;;;2.2;729.8;218;152;0;2;0;1502
1067837;1787848657825;21.8;86;91;RECOVERING_AFTER_LOAD;50.8;3.0;152.0;152.39999999999998;1509_direct_carried;;;2.2;729.8;218;152;0;2;0;1505
1068052;1787848658040;21.8;86;91;RECOVERING_AFTER_LOAD;50.8;3.0;152.0;152.39999999999998;1509_direct_carried;;;2.2;729.8;218;152;0;2;0;1506
1068468;1787848658456;21.8;86;91;RECOVERING_AFTER_LOAD;50.8;3.0;152.0;152.39999999999998;1509_direct_carried;;;2.2;729.8;218;152;0;1;0;1508
1068678;1787848658666;21.8;86;91;RECOVERING_AFTER_LOAD;50.6;3.0;151.0;151.8;1509_direct;;;2.2;729.8;218;151;0;1;0;1509
1068880;1787848658868;21.8;86;91;RECOVERING_AFTER_LOAD;50.6;3.0;151.0;151.8;1509_direct_carried;;;2.2;729.8;218;151;0;1;0;150A
1069088;1787848659076;21.8;86;91;RECOVERING_AFTER_LOAD;50.6;3.0;151.0;151.8;1509_direct_carried;;;2.2;729.8;218;151;0;1;0;150B
1069299;1787848659287;21.8;86;91;RECOVERING_AFTER_LOAD;50.6;3.0;151.0;151.8;1509_direct_carried;;;2.2;729.8;218;151;0;1;0;150D
1070350;1787848660338;21.8;86;91;RECOVERING_AFTER_LOAD;50.6;3.0;151.0;151.8;1509_direct_carried;;;2.2;729.8;218;151;0;1;0;1502
1070758;1787848660746;21.8;86;91;RECOVERING_AFTER_LOAD;50.6;3.0;151.0;151.8;1509_direct_carried;;;2.2;729.8;218;151;0;1;0;1505
1070968;1787848660956;21.8;86;91;RECOVERING_AFTER_LOAD;50.6;3.0;151.0;151.8;1509_direct_carried;;;2.2;729.8;218;151;0;1;0;1506
1071388;1787848661376;21.8;86;91;RECOVERING_AFTER_LOAD;50.6;3.0;151.0;151.8;1509_direct_carried;;;2.2;729.8;218;151;0;1;0;1508
1071598;1787848661586;21.8;86;91;RECOVERING_AFTER_LOAD;50.5;3.0;151.0;151.5;1509_direct;;;2.2;729.8;218;151;0;1;0;1509
1071811;1787848661799;21.8;86;91;RECOVERING_AFTER_LOAD;50.5;3.0;151.0;151.5;1509_direct_carried;;;2.2;729.8;218;151;0;1;0;150A
1072019;1787848662007;21.8;86;91;RECOVERING_AFTER_LOAD;50.5;3.0;151.0;151.5;1509_direct_carried;;;2.2;729.8;218;151;0;1;0;150B
1072229;1787848662217;21.8;86;91;RECOVERING_AFTER_LOAD;50.5;3.0;151.0;151.5;1509_direct_carried;;;2.2;729.8;218;151;0;1;0;150D
1073271;1787848663259;21.8;86;91;RECOVERING_AFTER_LOAD;50.5;3.0;151.0;151.5;1509_direct_carried;;;2.2;729.8;218;151;0;1;0;1502
1073691;1787848663679;21.8;86;91;RECOVERING_AFTER_LOAD;50.5;3.0;151.0;151.5;1509_direct_carried;;;2.2;729.8;218;151;0;1;0;1505
1073902;1787848663890;21.8;86;91;RECOVERING_AFTER_LOAD;50.5;3.0;151.0;151.5;1509_direct_carried;;;2.2;729.8;218;151;0;1;0;1506
1074312;1787848664300;21.8;86;91;RECOVERING_AFTER_LOAD;50.5;3.0;151.0;151.5;1509_direct_carried;;;2.2;729.8;218;151;0;1;0;1508
1074523;1787848664511;21.8;86;91;RECOVERING_AFTER_LOAD;50.5;4.0;202.0;202.0;1509_direct;;;2.2;729.8;218;202;0;1;0;1509
1074732;1787848664720;21.8;86;91;RECOVERING_AFTER_LOAD;50.5;4.0;202.0;202.0;1509_direct_carried;;;2.2;729.8;218;202;0;1;0;150A
1074941;1787848664929;21.8;86;91;RECOVERING_AFTER_LOAD;50.5;4.0;202.0;202.0;1509_direct_carried;;;2.2;729.8;218;202;0;1;0;150B
1075152;1787848665140;21.8;86;91;RECOVERING_AFTER_LOAD;50.5;4.0;202.0;202.0;1509_direct_carried;;;2.2;729.8;218;202;0;1;0;150D
1076189;1787848666177;21.8;86;91;RECOVERING_AFTER_LOAD;50.5;4.0;202.0;202.0;1509_direct_carried;;;2.2;729.8;218;202;0;1;0;1502
1076610;1787848666598;21.8;86;91;RECOVERING_AFTER_LOAD;50.5;4.0;202.0;202.0;1509_direct_carried;;;2.2;729.8;218;202;0;1;0;1505
1076820;1787848666808;21.8;86;91;RECOVERING_AFTER_LOAD;50.5;4.0;202.0;202.0;1509_direct_carried;;;2.3;729.9;218;202;0;1;0;1506
1077240;1787848667228;21.8;86;91;RECOVERING_AFTER_LOAD;50.5;4.0;202.0;202.0;1509_direct_carried;;;2.3;729.9;218;202;0;1;0;1508
1077455;1787848667443;21.8;86;91;RECOVERING_AFTER_LOAD;50.5;3.0;151.0;151.5;1509_direct;;;2.3;729.9;218;151;0;1;0;1509
1077660;1787848667648;21.8;86;91;RECOVERING_AFTER_LOAD;50.5;3.0;151.0;151.5;1509_direct_carried;;;2.3;729.9;218;151;0;1;0;150A
1077860;1787848667848;21.8;86;91;RECOVERING_AFTER_LOAD;50.5;3.0;151.0;151.5;1509_direct_carried;;;2.3;729.9;218;151;0;1;0;150B
1078070;1787848668058;21.8;86;91;RECOVERING_AFTER_LOAD;50.5;3.0;151.0;151.5;1509_direct_carried;;;2.3;729.9;218;151;0;1;0;150D
1079123;1787848669111;21.8;86;91;RECOVERING_AFTER_LOAD;50.5;3.0;151.0;151.5;1509_direct_carried;;;2.3;729.9;218;151;0;1;0;1502
1079540;1787848669528;21.8;86;91;RECOVERING_AFTER_LOAD;50.5;3.0;151.0;151.5;1509_direct_carried;;;2.3;729.9;218;151;0;1;0;1505
1079739;1787848669727;21.8;86;91;RECOVERING_AFTER_LOAD;50.5;3.0;151.0;151.5;1509_direct_carried;;;2.3;729.9;218;151;0;1;0;1506
1080160;1787848670148;21.8;86;91;RECOVERING_AFTER_LOAD;50.5;3.0;151.0;151.5;1509_direct_carried;;;2.3;729.9;218;151;0;1;0;1508
1080371;1787848670359;21.8;86;91;RECOVERING_AFTER_LOAD;50.7;3.0;152.0;152.10000000000002;1509_direct;;;2.3;729.9;218;152;0;1;0;1509
1080583;1787848670571;21.8;86;91;RECOVERING_AFTER_LOAD;50.7;3.0;152.0;152.10000000000002;1509_direct_carried;;;2.3;729.9;218;152;0;1;0;150A
1080792;1787848670780;21.8;86;91;RECOVERING_AFTER_LOAD;50.7;3.0;152.0;152.10000000000002;1509_direct_carried;;;2.3;729.9;218;152;0;1;0;150B
1081001;1787848670989;21.8;86;91;RECOVERING_AFTER_LOAD;50.7;3.0;152.0;152.10000000000002;1509_direct_carried;;;2.3;729.9;218;152;0;1;0;150D
1082041;1787848672029;21.8;86;91;RECOVERING_AFTER_LOAD;50.7;3.0;152.0;152.10000000000002;1509_direct_carried;;;2.3;729.9;218;152;0;1;0;1502
1082460;1787848672448;21.8;86;91;RECOVERING_AFTER_LOAD;50.7;3.0;152.0;152.10000000000002;1509_direct_carried;;;2.3;729.9;218;152;0;1;0;1505
1082670;1787848672658;21.8;86;91;RECOVERING_AFTER_LOAD;50.7;3.0;152.0;152.10000000000002;1509_direct_carried;;;2.3;729.9;218;152;0;1;0;1506
1083080;1787848673068;21.8;86;91;RECOVERING_AFTER_LOAD;50.7;3.0;152.0;152.10000000000002;1509_direct_carried;;;2.3;729.9;218;152;0;1;0;1508
1083290;1787848673278;21.8;86;91;RECOVERING_AFTER_LOAD;50.7;3.0;151.0;152.10000000000002;1509_direct;;;2.3;729.9;218;151;0;1;0;1509
1083500;1787848673488;21.8;86;91;RECOVERING_AFTER_LOAD;50.7;3.0;151.0;152.10000000000002;1509_direct_carried;;;2.3;729.9;218;151;0;1;0;150A
1083708;1787848673696;21.8;86;91;RECOVERING_AFTER_LOAD;50.7;3.0;151.0;152.10000000000002;1509_direct_carried;;;2.3;729.9;218;151;0;1;0;150B
1083921;1787848673909;21.8;86;91;RECOVERING_AFTER_LOAD;50.7;3.0;151.0;152.10000000000002;1509_direct_carried;;;2.3;729.9;218;151;0;1;0;150D
1084964;1787848674952;21.8;86;91;RECOVERING_AFTER_LOAD;50.7;3.0;151.0;152.10000000000002;1509_direct_carried;;;2.3;729.9;218;151;0;1;0;1502
1085381;1787848675369;21.8;86;91;RECOVERING_AFTER_LOAD;50.7;3.0;151.0;152.10000000000002;1509_direct_carried;;;2.3;729.9;218;151;0;1;0;1505
1085591;1787848675579;21.8;86;91;RECOVERING_AFTER_LOAD;50.7;3.0;151.0;152.10000000000002;1509_direct_carried;;;2.3;729.9;218;151;0;1;0;1506
1086010;1787848675998;21.8;86;91;RECOVERING_AFTER_LOAD;50.7;3.0;151.0;152.10000000000002;1509_direct_carried;;;2.3;729.9;218;151;0;1;0;1508
1086221;1787848676209;21.8;86;91;RECOVERING_AFTER_LOAD;50.8;2.0;101.0;101.6;1509_direct;;;2.3;729.9;218;101;0;1;0;1509
1086430;1787848676418;21.8;86;91;RECOVERING_AFTER_LOAD;50.8;2.0;101.0;101.6;1509_direct_carried;;;2.3;729.9;218;101;0;1;0;150A
1086642;1787848676630;21.8;86;91;RECOVERING_AFTER_LOAD;50.8;2.0;101.0;101.6;1509_direct_carried;;;2.3;729.9;218;101;0;1;0;150B
1086843;1787848676831;21.8;86;91;RECOVERING_AFTER_LOAD;50.8;2.0;101.0;101.6;1509_direct_carried;;;2.3;729.9;218;101;0;1;0;150D
1087893;1787848677881;21.8;86;91;RECOVERING_AFTER_LOAD;50.8;2.0;101.0;101.6;1509_direct_carried;;;2.3;729.9;218;101;0;1;0;1502
1088313;1787848678301;21.8;86;91;RECOVERING_AFTER_LOAD;50.8;2.0;101.0;101.6;1509_direct_carried;;;2.3;729.9;218;101;0;1;0;1505
1088509;1787848678497;21.8;86;91;RECOVERING_AFTER_LOAD;50.8;2.0;101.0;101.6;1509_direct_carried;;;2.3;729.9;218;101;0;1;0;1506
1088931;1787848678919;21.8;86;91;RECOVERING_AFTER_LOAD;50.8;2.0;101.0;101.6;1509_direct_carried;;;2.3;729.9;218;101;0;1;0;1508
1089141;1787848679129;21.8;86;91;RECOVERING_AFTER_LOAD;50.9;1.0;50.0;50.9;1509_direct;;;2.3;729.9;218;50;0;1;0;1509
1089352;1787848679340;21.8;86;91;RECOVERING_AFTER_LOAD;50.9;1.0;50.0;50.9;1509_direct_carried;;;2.3;729.9;218;50;0;1;0;150A
1089561;1787848679549;21.8;86;91;RECOVERING_AFTER_LOAD;50.9;1.0;50.0;50.9;1509_direct_carried;;;2.3;729.9;218;50;0;1;0;150B
1089769;1787848679757;21.8;86;91;RECOVERING_AFTER_LOAD;50.9;1.0;50.0;50.9;1509_direct_carried;;;2.3;729.9;218;50;0;1;0;150D
1090810;1787848680798;21.8;86;91;RECOVERING_AFTER_LOAD;50.9;1.0;50.0;50.9;1509_direct_carried;;;2.3;729.9;218;50;0;1;0;1502
1091232;1787848681220;21.8;86;91;RECOVERING_AFTER_LOAD;50.9;1.0;50.0;50.9;1509_direct_carried;;;2.3;729.9;218;50;0;1;0;1505
1091444;1787848681432;21.8;86;91;RECOVERING_AFTER_LOAD;50.9;1.0;50.0;50.9;1509_direct_carried;;;2.3;729.9;218;50;0;1;0;1506
1091863;1787848681851;21.8;86;91;RECOVERING_AFTER_LOAD;50.9;1.0;50.0;50.9;1509_direct_carried;;;2.3;729.9;218;50;0;2;0;1508
1092061;1787848682049;21.8;82;91;RECOVERING_AFTER_LOAD;50.9;2.0;101.0;101.8;1509_direct;;;2.3;729.9;218;101;0;2;0;1509
1092273;1787848682261;21.8;82;91;RECOVERING_AFTER_LOAD;50.9;2.0;101.0;101.8;1509_direct_carried;;;2.3;729.9;218;101;0;2;0;150A
1092482;1787848682470;21.8;82;91;RECOVERING_AFTER_LOAD;50.9;2.0;101.0;101.8;1509_direct_carried;;;2.3;729.9;218;101;0;2;0;150B
1092693;1787848682681;21.8;82;91;RECOVERING_AFTER_LOAD;50.9;2.0;101.0;101.8;1509_direct_carried;;;2.3;729.9;218;101;0;2;0;150D
1093730;1787848683718;21.8;82;91;RECOVERING_AFTER_LOAD;50.9;2.0;101.0;101.8;1509_direct_carried;;;2.3;729.9;218;101;0;2;0;1502
1094153;1787848684141;21.8;82;91;RECOVERING_AFTER_LOAD;50.9;2.0;101.0;101.8;1509_direct_carried;;;2.3;729.9;218;101;0;2;0;1505
1094363;1787848684351;21.8;82;91;RECOVERING_AFTER_LOAD;50.9;2.0;101.0;101.8;1509_direct_carried;;;2.4;730.0;218;101;0;2;0;1506
1094784;1787848684772;21.8;82;91;RECOVERING_AFTER_LOAD;50.9;2.0;101.0;101.8;1509_direct_carried;;;2.4;730.0;218;101;0;2;0;1508
1094989;1787848684977;21.8;81;91;RECOVERING_AFTER_LOAD;50.8;2.0;101.0;101.6;1509_direct;;;2.4;730.0;218;101;0;2;0;1509
1095204;1787848685192;21.8;81;91;RECOVERING_AFTER_LOAD;50.8;2.0;101.0;101.6;1509_direct_carried;;;2.4;730.0;218;101;0;2;0;150A
1095409;1787848685397;21.8;81;91;RECOVERING_AFTER_LOAD;50.8;2.0;101.0;101.6;1509_direct_carried;;;2.4;730.0;218;101;0;2;0;150B
1095613;1787848685601;21.8;81;91;RECOVERING_AFTER_LOAD;50.8;2.0;101.0;101.6;1509_direct_carried;;;2.4;730.0;218;101;0;2;0;150D
1096661;1787848686649;21.8;81;91;RECOVERING_AFTER_LOAD;50.8;2.0;101.0;101.6;1509_direct_carried;;;2.4;730.0;218;101;0;2;0;1502
1097080;1787848687068;21.8;81;91;RECOVERING_AFTER_LOAD;50.8;2.0;101.0;101.6;1509_direct_carried;;;2.4;730.0;218;101;0;2;0;1505
1097280;1787848687268;21.8;81;91;RECOVERING_AFTER_LOAD;50.8;2.0;101.0;101.6;1509_direct_carried;;;2.4;730.0;218;101;0;2;0;1506
1097700;1787848687688;21.8;81;91;RECOVERING_AFTER_LOAD;50.8;2.0;101.0;101.6;1509_direct_carried;;;2.4;730.0;218;101;0;2;0;1508
1097911;1787848687899;21.8;81;91;RECOVERING_AFTER_LOAD;50.9;2.0;101.0;101.8;1509_direct;;;2.4;730.0;218;101;0;2;0;1509
1098121;1787848688109;21.8;81;91;RECOVERING_AFTER_LOAD;50.9;2.0;101.0;101.8;1509_direct_carried;;;2.4;730.0;218;101;0;2;0;150A
1098332;1787848688320;21.8;81;91;RECOVERING_AFTER_LOAD;50.9;2.0;101.0;101.8;1509_direct_carried;;;2.4;730.0;218;101;0;2;0;150B
1098542;1787848688530;21.8;81;91;RECOVERING_AFTER_LOAD;50.9;2.0;101.0;101.8;1509_direct_carried;;;2.4;730.0;218;101;0;2;0;150D
1099584;1787848689572;21.8;81;91;RECOVERING_AFTER_LOAD;50.9;2.0;101.0;101.8;1509_direct_carried;;;2.4;730.0;218;101;0;2;0;1502
1099999;1787848689987;21.8;81;91;RECOVERING_AFTER_LOAD;50.9;2.0;101.0;101.8;1509_direct_carried;;;2.4;730.0;218;101;0;2;0;1505
1100210;1787848690198;21.8;81;91;RECOVERING_AFTER_LOAD;50.9;2.0;101.0;101.8;1509_direct_carried;;;2.4;730.0;218;101;0;2;0;1506
1100631;1787848690619;21.8;81;91;RECOVERING_AFTER_LOAD;50.9;2.0;101.0;101.8;1509_direct_carried;;;2.4;730.0;218;101;0;2;0;1508
1100830;1787848690818;21.8;81;91;RECOVERING_AFTER_LOAD;51.0;1.0;51.0;51.0;1509_direct;;;2.4;730.0;218;51;0;2;0;1509
1101042;1787848691030;21.8;81;91;RECOVERING_AFTER_LOAD;51.0;1.0;51.0;51.0;1509_direct_carried;;;2.4;730.0;218;51;0;2;0;150A
1101250;1787848691238;21.8;81;91;RECOVERING_AFTER_LOAD;51.0;1.0;51.0;51.0;1509_direct_carried;;;2.4;730.0;218;51;0;2;0;150B
1101461;1787848691449;21.8;81;91;RECOVERING_AFTER_LOAD;51.0;1.0;51.0;51.0;1509_direct_carried;;;2.4;730.0;218;51;0;2;0;150D
1102504;1787848692492;21.8;81;91;RECOVERING_AFTER_LOAD;51.0;1.0;51.0;51.0;1509_direct_carried;;;2.4;730.0;218;51;0;2;0;1502
1102923;1787848692911;21.8;81;91;RECOVERING_AFTER_LOAD;51.0;1.0;51.0;51.0;1509_direct_carried;;;2.4;730.0;218;51;0;2;0;1505
1103130;1787848693118;21.8;81;91;RECOVERING_AFTER_LOAD;51.0;1.0;51.0;51.0;1509_direct_carried;;;2.4;730.0;218;51;0;2;0;1506
1103553;1787848693541;21.8;81;91;RECOVERING_AFTER_LOAD;51.0;1.0;51.0;51.0;1509_direct_carried;;;2.4;730.0;218;51;0;2;0;1508
1103763;1787848693751;21.8;81;91;RECOVERING_AFTER_LOAD;50.9;2.0;101.0;101.8;1509_direct;;;2.4;730.0;218;101;0;2;0;1509
1103971;1787848693959;21.8;81;91;RECOVERING_AFTER_LOAD;50.9;2.0;101.0;101.8;1509_direct_carried;;;2.4;730.0;218;101;0;2;0;150A
1104181;1787848694169;21.8;81;91;RECOVERING_AFTER_LOAD;50.9;2.0;101.0;101.8;1509_direct_carried;;;2.4;730.0;218;101;0;2;0;150B
1104381;1787848694369;21.8;81;91;RECOVERING_AFTER_LOAD;50.9;2.0;101.0;101.8;1509_direct_carried;;;2.4;730.0;218;101;0;2;0;150D
1105430;1787848695418;21.8;81;91;RECOVERING_AFTER_LOAD;50.9;2.0;101.0;101.8;1509_direct_carried;;;2.4;730.0;218;101;0;2;0;1502
1105854;1787848695842;21.8;81;91;RECOVERING_AFTER_LOAD;50.9;2.0;101.0;101.8;1509_direct_carried;;;2.4;730.0;218;101;0;2;0;1505
1106054;1787848696042;21.8;81;91;RECOVERING_AFTER_LOAD;50.9;2.0;101.0;101.8;1509_direct_carried;;;2.4;730.0;218;101;0;2;0;1506
1106472;1787848696460;21.8;81;91;RECOVERING_AFTER_LOAD;50.9;2.0;101.0;101.8;1509_direct_carried;;;2.4;730.0;218;101;0;2;0;1508
1106680;1787848696668;21.8;81;91;RECOVERING_AFTER_LOAD;51.0;1.0;51.0;51.0;1509_direct;;;2.4;730.0;218;51;0;2;0;1509
1106890;1787848696878;21.8;81;91;RECOVERING_AFTER_LOAD;51.0;1.0;51.0;51.0;1509_direct_carried;;;2.4;730.0;218;51;0;2;0;150A
1107101;1787848697089;21.8;81;91;RECOVERING_AFTER_LOAD;51.0;1.0;51.0;51.0;1509_direct_carried;;;2.4;730.0;218;51;0;2;0;150B
1107311;1787848697299;21.8;81;91;RECOVERING_AFTER_LOAD;51.0;1.0;51.0;51.0;1509_direct_carried;;;2.4;730.0;218;51;0;2;0;150D
1108352;1787848698340;21.8;81;91;RECOVERING_AFTER_LOAD;51.0;1.0;51.0;51.0;1509_direct_carried;;;2.4;730.0;218;51;0;2;0;1502
1108771;1787848698759;21.8;81;91;RECOVERING_AFTER_LOAD;51.0;1.0;51.0;51.0;1509_direct_carried;;;2.4;730.0;218;51;0;2;0;1505
1108981;1787848698969;21.8;81;91;RECOVERING_AFTER_LOAD;51.0;1.0;51.0;51.0;1509_direct_carried;;;2.5;730.1;218;51;0;2;0;1506
1109400;1787848699388;21.8;81;91;RECOVERING_AFTER_LOAD;51.0;1.0;51.0;51.0;1509_direct_carried;;;2.5;730.1;218;51;0;2;0;1508
1109612;1787848699600;21.8;81;91;RECOVERING_AFTER_LOAD;50.9;1.0;50.0;50.9;1509_direct;;;2.5;730.1;218;50;0;2;0;1509
1109824;1787848699812;21.8;81;91;RECOVERING_AFTER_LOAD;50.9;1.0;50.0;50.9;1509_direct_carried;;;2.5;730.1;218;50;0;2;0;150A
1110032;1787848700020;21.8;81;91;RECOVERING_AFTER_LOAD;50.9;1.0;50.0;50.9;1509_direct_carried;;;2.5;730.1;218;50;0;2;0;150B
1110233;1787848700221;21.8;81;91;RECOVERING_AFTER_LOAD;50.9;1.0;50.0;50.9;1509_direct_carried;;;2.5;730.1;218;50;0;2;0;150D
1111280;1787848701268;21.8;81;91;RECOVERING_AFTER_LOAD;50.9;1.0;50.0;50.9;1509_direct_carried;;;2.5;730.1;218;50;0;2;0;1502
1111700;1787848701688;21.8;81;91;RECOVERING_AFTER_LOAD;50.9;1.0;50.0;50.9;1509_direct_carried;;;2.5;730.1;218;50;0;2;0;1505
1111903;1787848701891;21.8;81;91;RECOVERING_AFTER_LOAD;50.9;1.0;50.0;50.9;1509_direct_carried;;;2.5;730.1;218;50;0;2;0;1506
1112321;1787848702309;21.8;81;91;RECOVERING_AFTER_LOAD;50.9;1.0;50.0;50.9;1509_direct_carried;;;2.5;730.1;218;50;0;2;0;1508
1112532;1787848702520;21.8;81;91;RECOVERING_AFTER_LOAD;50.8;1.0;50.0;50.8;1509_direct;;;2.5;730.1;218;50;0;2;0;1509
1112741;1787848702729;21.8;81;91;RECOVERING_AFTER_LOAD;50.8;1.0;50.0;50.8;1509_direct_carried;;;2.5;730.1;218;50;0;2;0;150A
1112951;1787848702939;21.8;81;91;RECOVERING_AFTER_LOAD;50.8;1.0;50.0;50.8;1509_direct_carried;;;2.5;730.1;218;50;0;2;0;150B
1113164;1787848703152;21.8;81;91;RECOVERING_AFTER_LOAD;50.8;1.0;50.0;50.8;1509_direct_carried;;;2.5;730.1;218;50;0;2;0;150D
1114200;1787848704188;21.8;81;91;RECOVERING_AFTER_LOAD;50.8;1.0;50.0;50.8;1509_direct_carried;;;2.5;730.1;218;50;0;2;0;1502
1114621;1787848704609;21.8;81;91;RECOVERING_AFTER_LOAD;50.8;1.0;50.0;50.8;1509_direct_carried;;;2.5;730.1;218;50;0;2;0;1505
1114832;1787848704820;21.8;81;91;RECOVERING_AFTER_LOAD;50.8;1.0;50.0;50.8;1509_direct_carried;;;2.5;730.1;218;50;0;2;0;1506
1115252;1787848705240;21.8;81;91;RECOVERING_AFTER_LOAD;50.8;1.0;50.0;50.8;1509_direct_carried;;;2.5;730.1;218;50;0;2;0;1508
1115452;1787848705440;21.8;81;91;RECOVERING_AFTER_LOAD;51.1;0.0;0.0;0.0;1509_direct;;;2.5;730.1;218;0;0;2;0;1509
1115659;1787848705647;21.8;81;91;RECOVERING_AFTER_LOAD;51.1;0.0;0.0;0.0;1509_direct_carried;;;2.5;730.1;218;0;0;2;0;150A
1115869;1787848705857;21.8;81;91;RECOVERING_AFTER_LOAD;51.1;0.0;0.0;0.0;1509_direct_carried;;;2.5;730.1;218;0;0;2;0;150B
1116080;1787848706068;21.8;81;91;RECOVERING_AFTER_LOAD;51.1;0.0;0.0;0.0;1509_direct_carried;;;2.5;730.1;218;0;0;2;0;150D
1117129;1787848707117;21.8;81;91;RECOVERING_AFTER_LOAD;51.1;0.0;0.0;0.0;1509_direct_carried;;;2.5;730.1;218;0;0;2;0;1502
1117539;1787848707527;21.8;81;91;RECOVERING_AFTER_LOAD;51.1;0.0;0.0;0.0;1509_direct_carried;;;2.5;730.1;218;0;0;2;0;1505
1117749;1787848707737;21.8;81;91;RECOVERING_AFTER_LOAD;51.1;0.0;0.0;0.0;1509_direct_carried;;;2.5;730.1;218;0;0;2;0;1506
1118169;1787848708157;21.8;81;91;RECOVERING_AFTER_LOAD;51.1;0.0;0.0;0.0;1509_direct_carried;;;2.5;730.1;218;0;0;2;0;1508
1118380;1787848708368;21.8;81;91;RECOVERING_AFTER_LOAD;51.1;0.0;0.0;0.0;1509_direct;;;2.5;730.1;218;0;0;2;0;1509
1118590;1787848708578;21.8;81;91;RECOVERING_AFTER_LOAD;51.1;0.0;0.0;0.0;1509_direct_carried;;;2.5;730.1;218;0;0;2;0;150A
1118802;1787848708790;21.8;81;91;RECOVERING_AFTER_LOAD;51.1;0.0;0.0;0.0;1509_direct_carried;;;2.5;730.1;218;0;0;2;0;150B
1119010;1787848708998;21.8;81;91;RECOVERING_AFTER_LOAD;51.1;0.0;0.0;0.0;1509_direct_carried;;;2.5;730.1;218;0;0;2;0;150D
1120050;1787848710038;21.8;81;91;RECOVERING_AFTER_LOAD;51.1;0.0;0.0;0.0;1509_direct_carried;;;2.5;730.1;218;0;0;2;0;1502
1120470;1787848710458;21.8;81;91;RECOVERING_AFTER_LOAD;51.1;0.0;0.0;0.0;1509_direct_carried;;;2.5;730.1;218;0;0;2;0;1505
1120681;1787848710669;21.8;81;91;RECOVERING_AFTER_LOAD;51.1;0.0;0.0;0.0;1509_direct_carried;;;2.5;730.1;218;0;0;2;0;1506
1121091;1787848711079;21.8;81;91;RECOVERING_AFTER_LOAD;51.1;0.0;0.0;0.0;1509_direct_carried;;;2.5;730.1;218;0;0;2;0;1508
1121301;1787848711289;21.8;81;91;RECOVERING_AFTER_LOAD;51.0;0.0;0.0;0.0;1509_direct;;;2.5;730.1;218;0;0;2;0;1509
1121511;1787848711499;21.8;81;91;RECOVERING_AFTER_LOAD;51.0;0.0;0.0;0.0;1509_direct_carried;;;2.5;730.1;218;0;0;2;0;150A
1121720;1787848711708;21.8;81;91;RECOVERING_AFTER_LOAD;51.0;0.0;0.0;0.0;1509_direct_carried;;;2.5;730.1;218;0;0;2;0;150B
1121932;1787848711920;21.8;81;91;RECOVERING_AFTER_LOAD;51.0;0.0;0.0;0.0;1509_direct_carried;;;2.5;730.1;218;0;0;2;0;150D
1122973;1787848712961;21.8;81;91;RECOVERING_AFTER_LOAD;51.0;0.0;0.0;0.0;1509_direct_carried;;;2.5;730.1;218;0;0;2;0;1502
1123391;1787848713379;21.8;81;91;RECOVERING_AFTER_LOAD;51.0;0.0;0.0;0.0;1509_direct_carried;;;2.5;730.1;218;0;0;2;0;1505
1123602;1787848713590;21.8;81;91;RECOVERING_AFTER_LOAD;51.0;0.0;0.0;0.0;1509_direct_carried;;;2.5;730.1;218;0;0;2;0;1506
1124022;1787848714010;21.8;81;91;RECOVERING_AFTER_LOAD;51.0;0.0;0.0;0.0;1509_direct_carried;;;2.5;730.1;218;0;0;2;0;1508
1124233;1787848714221;21.8;81;91;RECOVERING_AFTER_LOAD;51.1;0.0;0.0;0.0;1509_direct;;;2.5;730.1;218;0;0;2;0;1509
1124435;1787848714423;21.8;81;91;RECOVERING_AFTER_LOAD;51.1;0.0;0.0;0.0;1509_direct_carried;;;2.5;730.1;218;0;0;2;0;150A
1124643;1787848714631;21.8;81;91;RECOVERING_AFTER_LOAD;51.1;0.0;0.0;0.0;1509_direct_carried;;;2.5;730.1;218;0;0;2;0;150B
1124855;1787848714843;21.8;81;91;RECOVERING_AFTER_LOAD;51.1;0.0;0.0;0.0;1509_direct_carried;;;2.5;730.1;218;0;0;2;0;150D
1125902;1787848715890;21.8;81;91;RECOVERING_AFTER_LOAD;51.1;0.0;0.0;0.0;1509_direct_carried;;;2.5;730.1;218;0;0;2;0;1502
1126312;1787848716300;21.8;81;91;RECOVERING_AFTER_LOAD;51.1;0.0;0.0;0.0;1509_direct_carried;;;2.5;730.1;218;0;0;2;0;1505
1126521;1787848716509;21.8;81;91;RECOVERING_AFTER_LOAD;51.1;0.0;0.0;0.0;1509_direct_carried;;;2.6;730.2;218;0;0;2;0;1506
1126940;1787848716928;21.8;81;91;RECOVERING_AFTER_LOAD;51.1;0.0;0.0;0.0;1509_direct_carried;;;2.6;730.2;218;0;0;2;0;1508
1127154;1787848717142;21.8;81;91;RECOVERING_AFTER_LOAD;51.2;0.0;0.0;0.0;1509_direct;;;2.6;730.2;218;0;0;2;0;1509
1127362;1787848717350;21.8;81;91;RECOVERING_AFTER_LOAD;51.2;0.0;0.0;0.0;1509_direct_carried;;;2.6;730.2;218;0;0;2;0;150A
1127571;1787848717559;21.8;81;91;RECOVERING_AFTER_LOAD;51.2;0.0;0.0;0.0;1509_direct_carried;;;2.6;730.2;218;0;0;2;0;150B
1127783;1787848717771;21.8;81;91;RECOVERING_AFTER_LOAD;51.2;0.0;0.0;0.0;1509_direct_carried;;;2.6;730.2;218;0;0;2;0;150D
1128822;1787848718810;21.8;81;91;RECOVERING_AFTER_LOAD;51.2;0.0;0.0;0.0;1509_direct_carried;;;2.6;730.2;218;0;0;2;0;1502
1129240;1787848719228;21.8;81;91;RECOVERING_AFTER_LOAD;51.2;0.0;0.0;0.0;1509_direct_carried;;;2.6;730.2;218;0;0;2;0;1505
1129451;1787848719439;21.8;81;91;RECOVERING_AFTER_LOAD;51.2;0.0;0.0;0.0;1509_direct_carried;;;2.6;730.2;218;0;0;2;0;1506
1129860;1787848719848;21.8;81;91;RECOVERING_AFTER_LOAD;51.2;0.0;0.0;0.0;1509_direct_carried;;;2.6;730.2;218;0;0;2;0;1508
1130071;1787848720059;21.8;81;91;RECOVERING_AFTER_LOAD;51.1;0.0;0.0;0.0;1509_direct;;;2.6;730.2;218;0;0;2;0;1509
1130283;1787848720271;21.8;81;91;RECOVERING_AFTER_LOAD;51.1;0.0;0.0;0.0;1509_direct_carried;;;2.6;730.2;218;0;0;2;0;150A
1130492;1787848720480;21.8;81;91;RECOVERING_AFTER_LOAD;51.1;0.0;0.0;0.0;1509_direct_carried;;;2.6;730.2;218;0;0;2;0;150B
1130702;1787848720690;21.8;81;91;RECOVERING_AFTER_LOAD;51.1;0.0;0.0;0.0;1509_direct_carried;;;2.6;730.2;218;0;0;2;0;150D
1131743;1787848721731;21.8;81;91;RECOVERING_AFTER_LOAD;51.1;0.0;0.0;0.0;1509_direct_carried;;;2.6;730.2;218;0;0;2;0;1502
1132161;1787848722149;21.8;81;91;RECOVERING_AFTER_LOAD;51.1;0.0;0.0;0.0;1509_direct_carried;;;2.6;730.2;218;0;0;2;0;1505
1132372;1787848722360;21.8;81;91;RECOVERING_AFTER_LOAD;51.1;0.0;0.0;0.0;1509_direct_carried;;;2.6;730.2;218;0;0;2;0;1506
1132792;1787848722780;21.8;81;91;RECOVERING_AFTER_LOAD;51.1;0.0;0.0;0.0;1509_direct_carried;;;2.6;730.2;218;0;0;2;0;1508
1133002;1787848722990;21.8;81;91;RECOVERING_AFTER_LOAD;51.2;0.0;0.0;0.0;1509_direct;;;2.6;730.2;218;0;0;2;0;1509
1133212;1787848723200;21.8;81;91;RECOVERING_AFTER_LOAD;51.2;0.0;0.0;0.0;1509_direct_carried;;;2.6;730.2;218;0;0;2;0;150A
1133410;1787848723398;21.8;81;91;RECOVERING_AFTER_LOAD;51.2;0.0;0.0;0.0;1509_direct_carried;;;2.6;730.2;218;0;0;2;0;150B
1133621;1787848723609;21.8;81;91;RECOVERING_AFTER_LOAD;51.2;0.0;0.0;0.0;1509_direct_carried;;;2.6;730.2;218;0;0;2;0;150D
1134674;1787848724662;21.8;81;91;RECOVERING_AFTER_LOAD;51.2;0.0;0.0;0.0;1509_direct_carried;;;2.6;730.2;218;0;0;2;0;1502
1135091;1787848725079;21.8;81;91;RECOVERING_AFTER_LOAD;51.2;0.0;0.0;0.0;1509_direct_carried;;;2.6;730.2;218;0;0;2;0;1505
1135292;1787848725280;21.8;81;91;RECOVERING_AFTER_LOAD;51.2;0.0;0.0;0.0;1509_direct_carried;;;2.6;730.2;218;0;0;2;0;1506
1135711;1787848725699;21.8;81;91;RECOVERING_AFTER_LOAD;51.2;0.0;0.0;0.0;1509_direct_carried;;;2.6;730.2;218;0;0;2;0;1508
1135920;1787848725908;21.8;81;91;RECOVERING_AFTER_LOAD;51.2;0.0;0.0;0.0;1509_direct;;;2.6;730.2;218;0;0;2;0;1509
1136132;1787848726120;21.8;81;91;RECOVERING_AFTER_LOAD;51.2;0.0;0.0;0.0;1509_direct_carried;;;2.6;730.2;218;0;0;2;0;150A
1136342;1787848726330;21.8;81;91;RECOVERING_AFTER_LOAD;51.2;0.0;0.0;0.0;1509_direct_carried;;;2.6;730.2;218;0;0;2;0;150B
1136552;1787848726540;21.8;81;91;RECOVERING_AFTER_LOAD;51.2;0.0;0.0;0.0;1509_direct_carried;;;2.6;730.2;218;0;0;2;0;150D
1137593;1787848727581;21.8;81;91;RECOVERING_AFTER_LOAD;51.2;0.0;0.0;0.0;1509_direct_carried;;;2.6;730.2;218;0;0;2;0;1502
1138011;1787848727999;21.8;81;91;RECOVERING_AFTER_LOAD;51.2;0.0;0.0;0.0;1509_direct_carried;;;2.6;730.2;218;0;0;2;0;1505
1138221;1787848728209;21.8;81;91;RECOVERING_AFTER_LOAD;51.2;0.0;0.0;0.0;1509_direct_carried;;;2.6;730.2;218;0;0;2;0;1506
1138641;1787848728629;21.8;81;91;RECOVERING_AFTER_LOAD;51.2;0.0;0.0;0.0;1509_direct_carried;;;2.6;730.2;218;0;0;2;0;1508
1138841;1787848728829;21.8;81;91;RECOVERING_AFTER_LOAD;51.2;0.0;0.0;0.0;1509_direct;;;2.6;730.2;218;0;0;2;0;1509
1139053;1787848729041;21.8;81;91;RECOVERING_AFTER_LOAD;51.2;0.0;0.0;0.0;1509_direct_carried;;;2.6;730.2;218;0;0;2;0;150A
1139262;1787848729250;21.8;81;91;RECOVERING_AFTER_LOAD;51.2;0.0;0.0;0.0;1509_direct_carried;;;2.6;730.2;218;0;0;2;0;150B
1139471;1787848729459;21.8;81;91;RECOVERING_AFTER_LOAD;51.2;0.0;0.0;0.0;1509_direct_carried;;;2.6;730.2;218;0;0;2;0;150D
1140521;1787848730509;21.8;81;91;RECOVERING_AFTER_LOAD;51.2;0.0;0.0;0.0;1509_direct_carried;;;2.6;730.2;218;0;0;2;0;1502
1140937;1787848730925;21.8;81;91;RECOVERING_AFTER_LOAD;51.2;0.0;0.0;0.0;1509_direct_carried;;;2.6;730.2;218;0;0;2;0;1505
1141142;1787848731130;21.8;81;91;RECOVERING_AFTER_LOAD;51.2;0.0;0.0;0.0;1509_direct_carried;;;2.7;730.3;218;0;0;2;0;1506
1141563;1787848731551;21.8;81;91;RECOVERING_AFTER_LOAD;51.2;0.0;0.0;0.0;1509_direct_carried;;;2.7;730.3;218;0;0;2;0;1508
1141784;1787848731772;21.8;81;91;RECOVERING_AFTER_LOAD;51.2;0.0;0.0;0.0;1509_direct;;;2.7;730.3;218;0;0;2;0;1509
1141982;1787848731970;21.8;81;91;RECOVERING_AFTER_LOAD;51.2;0.0;0.0;0.0;1509_direct_carried;;;2.7;730.3;218;0;0;2;0;150A
1142192;1787848732180;21.8;81;91;RECOVERING_AFTER_LOAD;51.2;0.0;0.0;0.0;1509_direct_carried;;;2.7;730.3;218;0;0;2;0;150B
1142401;1787848732389;21.8;81;91;RECOVERING_AFTER_LOAD;51.2;0.0;0.0;0.0;1509_direct_carried;;;2.7;730.3;218;0;0;2;0;150D
1143443;1787848733431;21.8;81;91;RECOVERING_AFTER_LOAD;51.2;0.0;0.0;0.0;1509_direct_carried;;;2.7;730.3;218;0;0;2;0;1502
1143862;1787848733850;21.8;81;91;RECOVERING_AFTER_LOAD;51.2;0.0;0.0;0.0;1509_direct_carried;;;2.7;730.3;218;0;0;2;0;1505
1144071;1787848734059;21.8;81;91;RECOVERING_AFTER_LOAD;51.2;0.0;0.0;0.0;1509_direct_carried;;;2.7;730.3;218;0;0;2;0;1506
1144483;1787848734471;21.8;81;91;RECOVERING_AFTER_LOAD;51.2;0.0;0.0;0.0;1509_direct_carried;;;2.7;730.3;218;0;0;2;0;1508
1144693;1787848734681;21.8;81;91;RECOVERING_AFTER_LOAD;51.3;0.0;0.0;0.0;1509_direct;;;2.7;730.3;218;0;0;2;0;1509
1144905;1787848734893;21.8;81;91;RECOVERING_AFTER_LOAD;51.3;0.0;0.0;0.0;1509_direct_carried;;;2.7;730.3;218;0;0;2;0;150A
1145111;1787848735099;21.8;81;91;RECOVERING_AFTER_LOAD;51.3;0.0;0.0;0.0;1509_direct_carried;;;2.7;730.3;218;0;0;2;0;150B
1145323;1787848735311;21.8;81;91;RECOVERING_AFTER_LOAD;51.3;0.0;0.0;0.0;1509_direct_carried;;;2.7;730.3;218;0;0;2;0;150D
1146361;1787848736349;21.8;81;91;RECOVERING_AFTER_LOAD;51.3;0.0;0.0;0.0;1509_direct_carried;;;2.7;730.3;218;0;0;2;0;1502
1146782;1787848736770;21.8;81;91;RECOVERING_AFTER_LOAD;51.3;0.0;0.0;0.0;1509_direct_carried;;;2.7;730.3;218;0;0;2;0;1505
1146990;1787848736978;21.8;81;91;RECOVERING_AFTER_LOAD;51.3;0.0;0.0;0.0;1509_direct_carried;;;2.7;730.3;218;0;0;2;0;1506
1147410;1787848737398;21.8;81;91;RECOVERING_AFTER_LOAD;51.3;0.0;0.0;0.0;1509_direct_carried;;;2.7;730.3;218;0;0;2;0;1508
1147625;1787848737613;21.8;81;91;RECOVERING_AFTER_LOAD;51.2;0.0;0.0;0.0;1509_direct;;;2.7;730.3;218;0;0;2;0;1509
1147821;1787848737809;21.8;81;91;RECOVERING_AFTER_LOAD;51.2;0.0;0.0;0.0;1509_direct_carried;;;2.7;730.3;218;0;0;2;0;150A
1148033;1787848738021;21.8;81;91;RECOVERING_AFTER_LOAD;51.2;0.0;0.0;0.0;1509_direct_carried;;;2.7;730.3;218;0;0;2;0;150B
1148242;1787848738230;21.8;81;91;RECOVERING_AFTER_LOAD;51.2;0.0;0.0;0.0;1509_direct_carried;;;2.7;730.3;218;0;0;2;0;150D
1149293;1787848739281;21.8;81;91;RECOVERING_AFTER_LOAD;51.2;0.0;0.0;0.0;1509_direct_carried;;;2.7;730.3;218;0;0;2;0;1502
1149702;1787848739690;21.8;81;91;RECOVERING_AFTER_LOAD;51.2;0.0;0.0;0.0;1509_direct_carried;;;2.7;730.3;218;0;0;2;0;1505
1149911;1787848739899;21.8;81;91;RECOVERING_AFTER_LOAD;51.2;0.0;0.0;0.0;1509_direct_carried;;;2.7;730.3;218;0;0;2;0;1506
1150331;1787848740319;21.8;81;91;RECOVERING_AFTER_LOAD;51.2;0.0;0.0;0.0;1509_direct_carried;;;2.7;730.3;218;0;0;2;0;1508
1150542;1787848740530;21.8;81;91;RECOVERING_AFTER_LOAD;51.4;0.0;0.0;0.0;1509_direct;;;2.7;730.3;218;0;0;2;0;1509
1150753;1787848740741;21.8;81;91;RECOVERING_AFTER_LOAD;51.4;0.0;0.0;0.0;1509_direct_carried;;;2.7;730.3;218;0;0;2;0;150A
1150960;1787848740948;21.8;81;91;RECOVERING_AFTER_LOAD;51.4;0.0;0.0;0.0;1509_direct_carried;;;2.7;730.3;218;0;0;2;0;150B
1151177;1787848741165;21.8;81;91;RECOVERING_AFTER_LOAD;51.4;0.0;0.0;0.0;1509_direct_carried;;;2.7;730.3;218;0;0;2;0;150D
1152215;1787848742203;21.8;81;91;RECOVERING_AFTER_LOAD;51.4;0.0;0.0;0.0;1509_direct_carried;;;2.7;730.3;218;0;0;2;0;1502
1152632;1787848742620;16.0;81;91;RECOVERING_AFTER_LOAD;51.4;0.0;0.0;0.0;1509_direct_carried;;;2.7;730.3;160;0;0;2;0;1505
1152841;1787848742829;16.0;81;91;RECOVERING_AFTER_LOAD;51.4;0.0;0.0;0.0;1509_direct_carried;;;2.7;730.3;160;0;0;2;0;1506
1153252;1787848743240;16.0;81;91;RECOVERING_AFTER_LOAD;51.4;0.0;0.0;0.0;1509_direct_carried;;;2.7;730.3;160;0;0;2;0;1508
1153460;1787848743448;16.0;81;91;RECOVERING_AFTER_LOAD;52.0;0.0;0.0;0.0;1509_direct;;;2.7;730.3;160;0;0;2;0;1509
1153670;1787848743658;16.0;81;91;RECOVERING_AFTER_LOAD;52.0;0.0;0.0;0.0;1509_direct_carried;;;2.7;730.3;160;0;0;2;0;150A
1153882;1787848743870;16.0;81;91;RECOVERING_AFTER_LOAD;52.0;0.0;0.0;0.0;1509_direct_carried;;;2.7;730.3;160;0;0;2;0;150B
1154092;1787848744080;16.0;81;91;RECOVERING_AFTER_LOAD;52.0;0.0;0.0;0.0;1509_direct_carried;;;2.7;730.3;160;0;0;2;0;150D
1155132;1787848745120;16.0;81;91;RECOVERING_AFTER_LOAD;52.0;0.0;0.0;0.0;1509_direct_carried;;;2.7;730.3;160;0;0;2;0;1502
1155551;1787848745539;7.4;81;91;RECOVERING_AFTER_LOAD;52.0;0.0;0.0;0.0;1509_direct_carried;;;2.7;730.3;74;0;0;2;0;1505
1155762;1787848745750;7.4;81;91;RECOVERING_AFTER_LOAD;52.0;0.0;0.0;0.0;1509_direct_carried;;;2.7;730.3;74;0;0;2;0;1506
1156183;1787848746171;7.4;81;91;RECOVERING_AFTER_LOAD;52.0;0.0;0.0;0.0;1509_direct_carried;;;2.7;730.3;74;0;0;2;0;1508
1156393;1787848746381;7.4;81;91;RECOVERING_AFTER_LOAD;50.7;5.0;253.0;253.5;1509_direct;;;2.7;730.3;74;253;0;2;0;1509
1156605;1787848746593;7.4;81;91;RECOVERING_AFTER_LOAD;50.7;5.0;253.0;253.5;1509_direct_carried;;;2.7;730.3;74;253;0;2;0;150A
1156802;1787848746790;7.4;81;91;RECOVERING_AFTER_LOAD;50.7;5.0;253.0;253.5;1509_direct_carried;;;2.7;730.3;74;253;0;2;0;150B
1157011;1787848746999;7.4;81;91;RECOVERING_AFTER_LOAD;50.7;5.0;253.0;253.5;1509_direct_carried;;;2.7;730.3;74;253;0;2;0;150D
1158062;1787848748050;7.4;81;91;RECOVERING_AFTER_LOAD;50.7;5.0;253.0;253.5;1509_direct_carried;;;2.7;730.3;74;253;0;2;0;1502
1158481;1787848748469;15.2;81;91;RECOVERING_AFTER_LOAD;50.7;5.0;253.0;253.5;1509_direct_carried;;;2.7;730.3;152;253;0;2;0;1505
1158682;1787848748670;15.2;81;91;RECOVERING_AFTER_LOAD;50.7;5.0;253.0;253.5;1509_direct_carried;;;2.7;730.3;152;253;0;2;0;1506
1159101;1787848749089;15.2;81;91;RECOVERING_AFTER_LOAD;50.7;5.0;253.0;253.5;1509_direct_carried;;;2.7;730.3;152;253;0;2;0;1508
1159310;1787848749298;15.2;81;91;RECOVERING_AFTER_LOAD;49.4;16.0;790.0;790.4;1509_direct;;;2.7;730.3;152;790;0;2;0;1509
1159520;1787848749508;15.2;81;91;RECOVERING_AFTER_LOAD;49.4;16.0;790.0;790.4;1509_direct_carried;;;2.7;730.3;152;790;0;2;0;150A
1159729;1787848749717;15.2;81;91;RECOVERING_AFTER_LOAD;49.4;16.0;790.0;790.4;1509_direct_carried;;;2.7;730.3;152;790;0;2;0;150B
1159940;1787848749928;15.2;81;91;RECOVERING_AFTER_LOAD;49.4;16.0;790.0;790.4;1509_direct_carried;;;2.7;730.3;152;790;0;2;0;150D
1160982;1787848750970;15.2;81;91;RECOVERING_AFTER_LOAD;49.4;16.0;790.0;790.4;1509_direct_carried;;;2.7;730.3;152;790;0;2;0;1502
1161401;1787848751389;19.6;81;91;RECOVERING_AFTER_LOAD;49.4;16.0;790.0;790.4;1509_direct_carried;;;2.7;730.3;196;790;0;2;0;1505
1161612;1787848751600;19.6;81;91;RECOVERING_AFTER_LOAD;49.4;16.0;790.0;790.4;1509_direct_carried;;;2.7;730.3;196;790;0;2;0;1506
1162041;1787848752029;19.6;81;91;RECOVERING_AFTER_LOAD;49.4;16.0;790.0;790.4;1509_direct_carried;;;2.7;730.3;196;790;0;2;0;1508
1162251;1787848752239;19.6;81;91;RECOVERING_AFTER_LOAD;51.8;0.0;0.0;0.0;1509_direct;;;2.7;730.3;196;0;0;2;0;1509
1162453;1787848752441;19.6;81;91;RECOVERING_AFTER_LOAD;51.8;0.0;0.0;0.0;1509_direct_carried;;;2.7;730.3;196;0;0;2;0;150A
1162666;1787848752654;19.6;81;91;RECOVERING_AFTER_LOAD;51.8;0.0;0.0;0.0;1509_direct_carried;;;2.7;730.3;196;0;0;2;0;150B
1162872;1787848752860;19.6;81;91;RECOVERING_AFTER_LOAD;51.8;0.0;0.0;0.0;1509_direct_carried;;;2.7;730.3;196;0;0;2;0;150D
1163923;1787848753911;19.6;81;91;RECOVERING_AFTER_LOAD;51.8;0.0;0.0;0.0;1509_direct_carried;;;2.7;730.3;196;0;0;2;0;1502
1164332;1787848754320;8.2;81;91;RECOVERING_AFTER_LOAD;51.8;0.0;0.0;0.0;1509_direct_carried;;;2.7;730.3;82;0;0;2;0;1505
1164544;1787848754532;8.2;81;91;RECOVERING_AFTER_LOAD;51.8;0.0;0.0;0.0;1509_direct_carried;;;2.8;730.4;82;0;0;2;0;1506
1164963;1787848754951;8.2;81;91;RECOVERING_AFTER_LOAD;51.8;0.0;0.0;0.0;1509_direct_carried;;;2.8;730.4;82;0;0;2;0;1508
1165173;1787848755161;8.2;81;91;RECOVERING_AFTER_LOAD;51.0;1.0;0.0;51.0;1509_direct;;;2.8;730.4;82;0;0;2;0;1509
1165383;1787848755371;8.2;81;91;RECOVERING_AFTER_LOAD;51.0;1.0;0.0;51.0;1509_direct_carried;;;2.8;730.4;82;0;0;2;0;150A
1165593;1787848755581;8.2;81;91;RECOVERING_AFTER_LOAD;51.0;1.0;0.0;51.0;1509_direct_carried;;;2.8;730.4;82;0;0;2;0;150B
1165801;1787848755789;8.2;81;91;RECOVERING_AFTER_LOAD;51.0;1.0;0.0;51.0;1509_direct_carried;;;2.8;730.4;82;0;0;2;0;150D
1166844;1787848756832;8.2;81;91;RECOVERING_AFTER_LOAD;51.0;1.0;0.0;51.0;1509_direct_carried;;;2.8;730.4;82;0;0;2;0;1502
1167263;1787848757251;9.7;81;91;RECOVERING_AFTER_LOAD;51.0;1.0;0.0;51.0;1509_direct_carried;;;2.8;730.4;97;0;0;2;0;1505
1167475;1787848757463;9.7;81;91;RECOVERING_AFTER_LOAD;51.0;1.0;0.0;51.0;1509_direct_carried;;;2.8;730.4;97;0;0;2;0;1506
1167882;1787848757870;9.7;81;91;RECOVERING_AFTER_LOAD;51.0;1.0;0.0;51.0;1509_direct_carried;;;2.8;730.4;97;0;0;2;0;1508
1168092;1787848758080;9.7;81;91;RECOVERING_AFTER_LOAD;50.9;2.0;101.0;101.8;1509_direct;;;2.8;730.4;97;101;0;2;0;1509
1168304;1787848758292;9.7;81;91;RECOVERING_AFTER_LOAD;50.9;2.0;101.0;101.8;1509_direct_carried;;;2.8;730.4;97;101;0;2;0;150A
1168510;1787848758498;9.7;81;91;RECOVERING_AFTER_LOAD;50.9;2.0;101.0;101.8;1509_direct_carried;;;2.8;730.4;97;101;0;2;0;150B
1168721;1787848758709;9.7;81;91;RECOVERING_AFTER_LOAD;50.9;2.0;101.0;101.8;1509_direct_carried;;;2.8;730.4;97;101;0;2;0;150D
1169765;1787848759753;9.7;81;91;RECOVERING_AFTER_LOAD;50.9;2.0;101.0;101.8;1509_direct_carried;;;2.8;730.4;97;101;0;2;0;1502
1170183;1787848760171;7.9;81;91;RECOVERING_AFTER_LOAD;50.9;2.0;101.0;101.8;1509_direct_carried;;;2.8;730.4;79;101;0;2;0;1505
1170391;1787848760379;7.9;81;91;RECOVERING_AFTER_LOAD;50.9;2.0;101.0;101.8;1509_direct_carried;;;2.8;730.4;79;101;0;2;0;1506
1170812;1787848760800;7.9;81;91;RECOVERING_AFTER_LOAD;50.9;2.0;101.0;101.8;1509_direct_carried;;;2.8;730.4;79;101;0;2;0;1508
1171021;1787848761009;7.9;81;91;RECOVERING_AFTER_LOAD;50.4;6.0;302.0;302.4;1509_direct;;;2.8;730.4;79;302;0;2;0;1509
1171231;1787848761219;7.9;81;91;RECOVERING_AFTER_LOAD;50.4;6.0;302.0;302.4;1509_direct_carried;;;2.8;730.4;79;302;0;2;0;150A
1171443;1787848761431;7.9;81;91;RECOVERING_AFTER_LOAD;50.4;6.0;302.0;302.4;1509_direct_carried;;;2.8;730.4;79;302;0;2;0;150B
1171643;1787848761631;7.9;81;91;RECOVERING_AFTER_LOAD;50.4;6.0;302.0;302.4;1509_direct_carried;;;2.8;730.4;79;302;0;2;0;150D
1172693;1787848762681;7.9;81;91;RECOVERING_AFTER_LOAD;50.4;6.0;302.0;302.4;1509_direct_carried;;;2.8;730.4;79;302;0;2;0;1502
1173113;1787848763101;10.1;81;91;RECOVERING_AFTER_LOAD;50.4;6.0;302.0;302.4;1509_direct_carried;;;2.8;730.4;101;302;0;2;0;1505
1173313;1787848763301;10.1;81;91;RECOVERING_AFTER_LOAD;50.4;6.0;302.0;302.4;1509_direct_carried;;;2.8;730.4;101;302;0;2;0;1506
1173733;1787848763721;10.1;81;91;RECOVERING_AFTER_LOAD;50.4;6.0;302.0;302.4;1509_direct_carried;;;2.8;730.4;101;302;0;2;0;1508
1173942;1787848763930;10.1;81;91;RECOVERING_AFTER_LOAD;49.6;15.0;744.0;744.0;1509_direct;;;2.8;730.4;101;744;0;2;0;1509
1174152;1787848764140;10.1;81;91;RECOVERING_AFTER_LOAD;49.6;15.0;744.0;744.0;1509_direct_carried;;;2.8;730.4;101;744;0;2;0;150A
1174362;1787848764350;10.1;81;91;RECOVERING_AFTER_LOAD;49.6;15.0;744.0;744.0;1509_direct_carried;;;2.8;730.4;101;744;0;2;0;150B
1174573;1787848764561;10.1;81;91;RECOVERING_AFTER_LOAD;49.6;15.0;744.0;744.0;1509_direct_carried;;;2.8;730.4;101;744;0;2;0;150D
1175612;1787848765600;10.1;81;91;RECOVERING_AFTER_LOAD;49.6;15.0;744.0;744.0;1509_direct_carried;;;2.8;730.4;101;744;0;2;0;1502
1176031;1787848766019;21.8;81;91;RECOVERING_AFTER_LOAD;49.6;15.0;744.0;744.0;1509_direct_carried;;;2.8;730.4;218;744;0;2;0;1505
1176242;1787848766230;21.8;81;91;RECOVERING_AFTER_LOAD;49.6;15.0;744.0;744.0;1509_direct_carried;;;2.8;730.4;218;744;0;2;0;1506
1176663;1787848766651;21.8;81;91;RECOVERING_AFTER_LOAD;49.6;15.0;744.0;744.0;1509_direct_carried;;;2.8;730.4;218;744;0;2;0;1508
1176862;1787848766850;21.8;81;91;RECOVERING_AFTER_LOAD;51.0;0.0;0.0;0.0;1509_direct;;;2.8;730.4;218;0;0;2;0;1509
1177073;1787848767061;21.8;81;91;RECOVERING_AFTER_LOAD;51.0;0.0;0.0;0.0;1509_direct_carried;;;2.8;730.4;218;0;0;2;0;150A
1177281;1787848767269;21.8;81;91;RECOVERING_AFTER_LOAD;51.0;0.0;0.0;0.0;1509_direct_carried;;;2.8;730.4;218;0;0;2;0;150B
1177493;1787848767481;21.8;81;91;RECOVERING_AFTER_LOAD;51.0;0.0;0.0;0.0;1509_direct_carried;;;2.8;730.4;218;0;0;2;0;150D
1178535;1787848768523;21.8;81;91;RECOVERING_AFTER_LOAD;51.0;0.0;0.0;0.0;1509_direct_carried;;;2.8;730.4;218;0;0;2;0;1502
1178953;1787848768941;21.8;81;91;RECOVERING_AFTER_LOAD;51.0;0.0;0.0;0.0;1509_direct_carried;;;2.8;730.4;218;0;0;2;0;1505
1179161;1787848769149;21.8;81;91;RECOVERING_AFTER_LOAD;51.0;0.0;0.0;0.0;1509_direct_carried;;;2.8;730.4;218;0;0;2;0;1506
1179580;1787848769568;21.8;81;91;RECOVERING_AFTER_LOAD;51.0;0.0;0.0;0.0;1509_direct_carried;;;2.8;730.4;218;0;0;2;0;1508
1179791;1787848769779;21.8;81;91;RECOVERING_AFTER_LOAD;51.1;0.0;0.0;0.0;1509_direct;;;2.8;730.4;218;0;0;2;0;1509
1180004;1787848769992;21.8;81;91;RECOVERING_AFTER_LOAD;51.1;0.0;0.0;0.0;1509_direct_carried;;;2.8;730.4;218;0;0;2;0;150A
1180214;1787848770202;21.8;81;91;RECOVERING_AFTER_LOAD;51.1;0.0;0.0;0.0;1509_direct_carried;;;2.8;730.4;218;0;0;2;0;150B
1180414;1787848770402;21.8;81;91;RECOVERING_AFTER_LOAD;51.1;0.0;0.0;0.0;1509_direct_carried;;;2.8;730.4;218;0;0;2;0;150D
1181462;1787848771450;21.8;81;91;RECOVERING_AFTER_LOAD;51.1;0.0;0.0;0.0;1509_direct_carried;;;2.8;730.4;218;0;0;2;0;1502
1181882;1787848771870;21.8;81;91;RECOVERING_AFTER_LOAD;51.1;0.0;0.0;0.0;1509_direct_carried;;;2.8;730.4;218;0;0;2;0;1505
1182093;1787848772081;21.8;81;91;RECOVERING_AFTER_LOAD;51.1;0.0;0.0;0.0;1509_direct_carried;;;2.8;730.4;218;0;0;2;0;1506
1182502;1787848772490;21.8;81;91;RECOVERING_AFTER_LOAD;51.1;0.0;0.0;0.0;1509_direct_carried;;;2.8;730.4;218;0;0;2;0;1508
1182714;1787848772702;21.8;81;91;RECOVERING_AFTER_LOAD;51.2;0.0;0.0;0.0;1509_direct;;;2.8;730.4;218;0;0;2;0;1509
1182922;1787848772910;21.8;81;91;RECOVERING_AFTER_LOAD;51.2;0.0;0.0;0.0;1509_direct_carried;;;2.8;730.4;218;0;0;2;0;150A
1183135;1787848773123;21.8;81;91;RECOVERING_AFTER_LOAD;51.2;0.0;0.0;0.0;1509_direct_carried;;;2.8;730.4;218;0;0;2;0;150B
1183343;1787848773331;21.8;81;91;RECOVERING_AFTER_LOAD;51.2;0.0;0.0;0.0;1509_direct_carried;;;2.8;730.4;218;0;0;2;0;150D
1184386;1787848774374;21.8;81;91;RECOVERING_AFTER_LOAD;51.2;0.0;0.0;0.0;1509_direct_carried;;;2.8;730.4;218;0;0;2;0;1502
1184806;1787848774794;21.8;81;91;RECOVERING_AFTER_LOAD;51.2;0.0;0.0;0.0;1509_direct_carried;;;2.8;730.4;218;0;0;2;0;1505
1185012;1787848775000;21.8;81;91;RECOVERING_AFTER_LOAD;51.2;0.0;0.0;0.0;1509_direct_carried;;;2.8;730.4;218;0;0;2;0;1506
1185431;1787848775419;21.8;81;91;RECOVERING_AFTER_LOAD;51.2;0.0;0.0;0.0;1509_direct_carried;;;2.8;730.4;218;0;0;2;0;1508
1185642;1787848775630;21.8;81;91;RECOVERING_AFTER_LOAD;51.1;0.0;0.0;0.0;1509_direct;;;2.8;730.4;218;0;0;2;0;1509
1185841;1787848775829;21.8;81;91;RECOVERING_AFTER_LOAD;51.1;0.0;0.0;0.0;1509_direct_carried;;;2.8;730.4;218;0;0;2;0;150A
1186054;1787848776042;21.8;81;91;RECOVERING_AFTER_LOAD;51.1;0.0;0.0;0.0;1509_direct_carried;;;2.8;730.4;218;0;0;2;0;150B
1186262;1787848776250;21.8;81;91;RECOVERING_AFTER_LOAD;51.1;0.0;0.0;0.0;1509_direct_carried;;;2.8;730.4;218;0;0;2;0;150D
1187316;1787848777304;21.8;81;91;RECOVERING_AFTER_LOAD;51.1;0.0;0.0;0.0;1509_direct_carried;;;2.8;730.4;218;0;0;2;0;1502
1187725;1787848777713;21.8;81;91;RECOVERING_AFTER_LOAD;51.1;0.0;0.0;0.0;1509_direct_carried;;;2.8;730.4;218;0;0;2;0;1505
1187936;1787848777924;21.8;81;91;RECOVERING_AFTER_LOAD;51.1;0.0;0.0;0.0;1509_direct_carried;;;2.9;730.5;218;0;0;2;0;1506
1188352;1787848778340;21.8;81;91;RECOVERING_AFTER_LOAD;51.1;0.0;0.0;0.0;1509_direct_carried;;;2.9;730.5;218;0;0;2;0;1508
1188565;1787848778553;21.8;81;91;RECOVERING_AFTER_LOAD;51.2;0.0;0.0;0.0;1509_direct;;;2.9;730.5;218;0;0;2;0;1509
1188773;1787848778761;21.8;81;91;RECOVERING_AFTER_LOAD;51.2;0.0;0.0;0.0;1509_direct_carried;;;2.9;730.5;218;0;0;2;0;150A
1188985;1787848778973;21.8;81;91;RECOVERING_AFTER_LOAD;51.2;0.0;0.0;0.0;1509_direct_carried;;;2.9;730.5;218;0;0;2;0;150B
1189193;1787848779181;21.8;81;91;RECOVERING_AFTER_LOAD;51.2;0.0;0.0;0.0;1509_direct_carried;;;2.9;730.5;218;0;0;2;0;150D
1190234;1787848780222;21.8;81;91;RECOVERING_AFTER_LOAD;51.2;0.0;0.0;0.0;1509_direct_carried;;;2.9;730.5;218;0;0;2;0;1502
1190652;1787848780640;23.7;81;91;RECOVERING_AFTER_LOAD;51.2;0.0;0.0;0.0;1509_direct_carried;;;2.9;730.5;237;0;0;2;0;1505
1190864;1787848780852;23.7;81;91;RECOVERING_AFTER_LOAD;51.2;0.0;0.0;0.0;1509_direct_carried;;;2.9;730.5;237;0;0;2;0;1506
1191275;1787848781263;23.7;81;91;RECOVERING_AFTER_LOAD;51.2;0.0;0.0;0.0;1509_direct_carried;;;2.9;730.5;237;0;0;2;0;1508
1191484;1787848781472;23.7;81;91;RECOVERING_AFTER_LOAD;51.3;0.0;0.0;0.0;1509_direct;;;2.9;730.5;237;0;0;2;0;1509
1191693;1787848781681;23.7;81;91;RECOVERING_AFTER_LOAD;51.3;0.0;0.0;0.0;1509_direct_carried;;;2.9;730.5;237;0;0;2;0;150A
1191905;1787848781893;23.7;81;91;RECOVERING_AFTER_LOAD;51.3;0.0;0.0;0.0;1509_direct_carried;;;2.9;730.5;237;0;0;2;0;150B
1192115;1787848782103;23.7;81;91;RECOVERING_AFTER_LOAD;51.3;0.0;0.0;0.0;1509_direct_carried;;;2.9;730.5;237;0;0;2;0;150D
1193152;1787848783140;23.7;81;91;RECOVERING_AFTER_LOAD;51.3;0.0;0.0;0.0;1509_direct_carried;;;2.9;730.5;237;0;0;2;0;1502
1193572;1787848783560;24.5;81;91;RECOVERING_AFTER_LOAD;51.3;0.0;0.0;0.0;1509_direct_carried;;;2.9;730.5;245;0;0;2;0;1505
1193785;1787848783773;24.5;81;91;RECOVERING_AFTER_LOAD;51.3;0.0;0.0;0.0;1509_direct_carried;;;2.9;730.5;245;0;0;2;0;1506
1194205;1787848784193;24.5;81;91;RECOVERING_AFTER_LOAD;51.3;0.0;0.0;0.0;1509_direct_carried;;;2.9;730.5;245;0;0;2;0;1508
1194415;1787848784403;24.5;81;91;RECOVERING_AFTER_LOAD;51.1;0.0;0.0;0.0;1509_direct;;;2.9;730.5;245;0;0;2;0;1509
1194625;1787848784613;24.5;81;91;RECOVERING_AFTER_LOAD;51.1;0.0;0.0;0.0;1509_direct_carried;;;2.9;730.5;245;0;0;2;0;150A
1194824;1787848784812;24.5;81;91;RECOVERING_AFTER_LOAD;51.1;0.0;0.0;0.0;1509_direct_carried;;;2.9;730.5;245;0;0;2;0;150B
1195036;1787848785024;24.5;81;91;RECOVERING_AFTER_LOAD;51.1;0.0;0.0;0.0;1509_direct_carried;;;2.9;730.5;245;0;0;2;0;150D
1196084;1787848786072;24.5;81;91;RECOVERING_AFTER_LOAD;51.1;0.0;0.0;0.0;1509_direct_carried;;;2.9;730.5;245;0;0;2;0;1502
1196503;1787848786491;25.4;81;91;RECOVERING_AFTER_LOAD;51.1;0.0;0.0;0.0;1509_direct_carried;;;2.9;730.5;254;0;0;2;0;1505
1196703;1787848786691;25.4;81;91;RECOVERING_AFTER_LOAD;51.1;0.0;0.0;0.0;1509_direct_carried;;;2.9;730.5;254;0;0;2;0;1506
1197126;1787848787114;25.4;81;91;RECOVERING_AFTER_LOAD;51.1;0.0;0.0;0.0;1509_direct_carried;;;2.9;730.5;254;0;0;2;0;1508
1197333;1787848787321;25.4;81;91;RECOVERING_AFTER_LOAD;51.1;0.0;0.0;0.0;1509_direct;;;2.9;730.5;254;0;0;2;0;1509
1197544;1787848787532;25.4;81;91;RECOVERING_AFTER_LOAD;51.1;0.0;0.0;0.0;1509_direct_carried;;;2.9;730.5;254;0;0;2;0;150A
1197755;1787848787743;25.4;81;91;RECOVERING_AFTER_LOAD;51.1;0.0;0.0;0.0;1509_direct_carried;;;2.9;730.5;254;0;0;2;0;150B
1197966;1787848787954;25.4;81;91;RECOVERING_AFTER_LOAD;51.1;0.0;0.0;0.0;1509_direct_carried;;;2.9;730.5;254;0;0;2;0;150D
1199006;1787848788994;25.4;81;91;RECOVERING_AFTER_LOAD;51.1;0.0;0.0;0.0;1509_direct_carried;;;2.9;730.5;254;0;0;2;0;1502
1199427;1787848789415;26.1;81;91;RECOVERING_AFTER_LOAD;51.1;0.0;0.0;0.0;1509_direct_carried;;;2.9;730.5;261;0;0;2;0;1505
1199633;1787848789621;26.1;81;91;RECOVERING_AFTER_LOAD;51.1;0.0;0.0;0.0;1509_direct_carried;;;2.9;730.5;261;0;0;2;0;1506
1200054;1787848790042;26.1;81;91;RECOVERING_AFTER_LOAD;51.1;0.0;0.0;0.0;1509_direct_carried;;;2.9;730.5;261;0;0;2;0;1508
1200255;1787848790243;26.1;81;91;RECOVERING_AFTER_LOAD;51.2;0.0;0.0;0.0;1509_direct;;;2.9;730.5;261;0;0;2;0;1509
1200464;1787848790452;26.1;81;91;RECOVERING_AFTER_LOAD;51.2;0.0;0.0;0.0;1509_direct_carried;;;2.9;730.5;261;0;0;2;0;150A
1200675;1787848790663;26.1;81;91;RECOVERING_AFTER_LOAD;51.2;0.0;0.0;0.0;1509_direct_carried;;;2.9;730.5;261;0;0;2;0;150B
1200885;1787848790873;26.1;81;91;RECOVERING_AFTER_LOAD;51.2;0.0;0.0;0.0;1509_direct_carried;;;2.9;730.5;261;0;0;2;0;150D
1201936;1787848791924;26.1;81;91;RECOVERING_AFTER_LOAD;51.2;0.0;0.0;0.0;1509_direct_carried;;;2.9;730.5;261;0;0;2;0;1502
1202346;1787848792334;26.7;81;91;RECOVERING_AFTER_LOAD;51.2;0.0;0.0;0.0;1509_direct_carried;;;2.9;730.5;267;0;0;2;0;1505
1202552;1787848792540;26.7;81;91;RECOVERING_AFTER_LOAD;51.2;0.0;0.0;0.0;1509_direct_carried;;;3.0;730.6;267;0;0;2;0;1506
1202973;1787848792961;26.7;81;91;RECOVERING_AFTER_LOAD;51.2;0.0;0.0;0.0;1509_direct_carried;;;3.0;730.6;267;0;0;2;0;1508
1203184;1787848793172;26.7;81;91;RECOVERING_AFTER_LOAD;51.1;0.0;0.0;0.0;1509_direct;;;3.0;730.6;267;0;0;2;0;1509
1203395;1787848793383;26.7;81;91;RECOVERING_AFTER_LOAD;51.1;0.0;0.0;0.0;1509_direct_carried;;;3.0;730.6;267;0;0;2;0;150A
1203605;1787848793593;26.7;81;91;RECOVERING_AFTER_LOAD;51.1;0.0;0.0;0.0;1509_direct_carried;;;3.0;730.6;267;0;0;2;0;150B
1203814;1787848793802;26.7;81;91;RECOVERING_AFTER_LOAD;51.1;0.0;0.0;0.0;1509_direct_carried;;;3.0;730.6;267;0;0;2;0;150D
1204856;1787848794844;26.7;81;91;RECOVERING_AFTER_LOAD;51.1;0.0;0.0;0.0;1509_direct_carried;;;3.0;730.6;267;0;0;2;0;1502
1205273;1787848795261;27.5;81;91;RECOVERING_AFTER_LOAD;51.1;0.0;0.0;0.0;1509_direct_carried;;;3.0;730.6;275;0;0;2;0;1505
1205484;1787848795472;27.5;81;91;RECOVERING_AFTER_LOAD;51.1;0.0;0.0;0.0;1509_direct_carried;;;3.0;730.6;275;0;0;2;0;1506
1205892;1787848795880;27.5;81;91;RECOVERING_AFTER_LOAD;51.1;0.0;0.0;0.0;1509_direct_carried;;;3.0;730.6;275;0;0;2;0;1508
1206106;1787848796094;27.5;81;91;RECOVERING_AFTER_LOAD;51.1;0.0;0.0;0.0;1509_direct;;;3.0;730.6;275;0;0;2;0;1509
1206313;1787848796301;27.5;81;91;RECOVERING_AFTER_LOAD;51.1;0.0;0.0;0.0;1509_direct_carried;;;3.0;730.6;275;0;0;2;0;150A
1206526;1787848796514;27.5;81;91;RECOVERING_AFTER_LOAD;51.1;0.0;0.0;0.0;1509_direct_carried;;;3.0;730.6;275;0;0;2;0;150B
1206733;1787848796721;27.5;81;91;RECOVERING_AFTER_LOAD;51.1;0.0;0.0;0.0;1509_direct_carried;;;3.0;730.6;275;0;0;2;0;150D
1207773;1787848797761;27.5;81;91;RECOVERING_AFTER_LOAD;51.1;0.0;0.0;0.0;1509_direct_carried;;;3.0;730.6;275;0;0;2;0;1502
1208194;1787848798182;28.0;81;91;RECOVERING_AFTER_LOAD;51.1;0.0;0.0;0.0;1509_direct_carried;;;3.0;730.6;280;0;0;2;0;1505
1208405;1787848798393;28.0;81;91;RECOVERING_AFTER_LOAD;51.1;0.0;0.0;0.0;1509_direct_carried;;;3.0;730.6;280;0;0;2;0;1506
1208825;1787848798813;28.0;81;91;RECOVERING_AFTER_LOAD;51.1;0.0;0.0;0.0;1509_direct_carried;;;3.0;730.6;280;0;0;2;0;1508
1209026;1787848799014;28.0;81;91;RECOVERING_AFTER_LOAD;51.1;0.0;0.0;0.0;1509_direct;;;3.0;730.6;280;0;0;2;0;1509
1209236;1787848799224;28.0;81;91;RECOVERING_AFTER_LOAD;51.1;0.0;0.0;0.0;1509_direct_carried;;;3.0;730.6;280;0;0;2;0;150A
1209444;1787848799432;28.0;81;91;RECOVERING_AFTER_LOAD;51.1;0.0;0.0;0.0;1509_direct_carried;;;3.0;730.6;280;0;0;2;0;150B
1209656;1787848799644;28.0;81;91;RECOVERING_AFTER_LOAD;51.1;0.0;0.0;0.0;1509_direct_carried;;;3.0;730.6;280;0;0;2;0;150D
1210702;1787848800690;28.0;81;91;RECOVERING_AFTER_LOAD;51.1;0.0;0.0;0.0;1509_direct_carried;;;3.0;730.6;280;0;0;2;0;1502
1211113;1787848801101;28.5;81;91;RECOVERING_AFTER_LOAD;51.1;0.0;0.0;0.0;1509_direct_carried;;;3.0;730.6;285;0;0;2;0;1505
1211324;1787848801312;28.5;81;91;RECOVERING_AFTER_LOAD;51.1;0.0;0.0;0.0;1509_direct_carried;;;3.0;730.6;285;0;0;2;0;1506
1211746;1787848801734;28.5;81;91;RECOVERING_AFTER_LOAD;51.1;0.0;0.0;0.0;1509_direct_carried;;;3.0;730.6;285;0;0;2;0;1508
1211952;1787848801940;28.5;81;91;RECOVERING_AFTER_LOAD;51.3;0.0;0.0;0.0;1509_direct;;;3.0;730.6;285;0;0;2;0;1509
1212164;1787848802152;28.5;81;91;RECOVERING_AFTER_LOAD;51.3;0.0;0.0;0.0;1509_direct_carried;;;3.0;730.6;285;0;0;2;0;150A
1212372;1787848802360;28.5;81;91;RECOVERING_AFTER_LOAD;51.3;0.0;0.0;0.0;1509_direct_carried;;;3.0;730.6;285;0;0;2;0;150B
1213620;1787848803608;28.5;81;91;RECOVERING_AFTER_LOAD;51.3;0.0;0.0;0.0;1509_direct_carried;;;3.0;730.6;285;0;0;2;0;1502
1214042;1787848804030;29.1;81;91;RECOVERING_AFTER_LOAD;51.3;0.0;0.0;0.0;1509_direct_carried;;;3.0;730.6;291;0;0;2;0;1505
1214251;1787848804239;29.1;81;91;RECOVERING_AFTER_LOAD;51.3;0.0;0.0;0.0;1509_direct_carried;;;3.1;730.7;291;0;0;2;0;1506
1214661;1787848804649;29.1;81;91;RECOVERING_AFTER_LOAD;51.3;0.0;0.0;0.0;1509_direct_carried;;;3.1;730.7;291;0;0;2;0;1508
1214872;1787848804860;29.1;81;91;RECOVERING_AFTER_LOAD;51.1;0.0;0.0;0.0;1509_direct;;;3.1;730.7;291;0;0;2;0;1509
1215082;1787848805070;29.1;81;91;RECOVERING_AFTER_LOAD;51.1;0.0;0.0;0.0;1509_direct_carried;;;3.1;730.7;291;0;0;2;0;150A
1215294;1787848805282;29.1;81;91;RECOVERING_AFTER_LOAD;51.1;0.0;0.0;0.0;1509_direct_carried;;;3.1;730.7;291;0;0;2;0;150B
1215506;1787848805494;29.1;81;91;RECOVERING_AFTER_LOAD;51.1;0.0;0.0;0.0;1509_direct_carried;;;3.1;730.7;291;0;0;2;0;150D
1216544;1787848806532;29.1;81;91;RECOVERING_AFTER_LOAD;51.1;0.0;0.0;0.0;1509_direct_carried;;;3.1;730.7;291;0;0;2;0;1502
1216962;1787848806950;29.3;81;91;RECOVERING_AFTER_LOAD;51.1;0.0;0.0;0.0;1509_direct_carried;;;3.1;730.7;293;0;0;2;0;1505
1217172;1787848807160;29.3;81;91;RECOVERING_AFTER_LOAD;51.1;0.0;0.0;0.0;1509_direct_carried;;;3.1;730.7;293;0;0;2;0;1506
1217591;1787848807579;29.3;81;91;RECOVERING_AFTER_LOAD;51.1;0.0;0.0;0.0;1509_direct_carried;;;3.1;730.7;293;0;0;2;0;1508
1217803;1787848807791;29.3;81;91;RECOVERING_AFTER_LOAD;51.3;0.0;0.0;0.0;1509_direct;;;3.1;730.7;293;0;0;2;0;1509
1218004;1787848807992;29.3;81;91;RECOVERING_AFTER_LOAD;51.3;0.0;0.0;0.0;1509_direct_carried;;;3.1;730.7;293;0;0;2;0;150A
1218213;1787848808201;29.3;81;91;RECOVERING_AFTER_LOAD;51.3;0.0;0.0;0.0;1509_direct_carried;;;3.1;730.7;293;0;0;2;0;150B
1218421;1787848808409;29.3;81;91;RECOVERING_AFTER_LOAD;51.3;0.0;0.0;0.0;1509_direct_carried;;;3.1;730.7;293;0;0;2;0;150D
1219473;1787848809461;29.3;81;91;RECOVERING_AFTER_LOAD;51.3;0.0;0.0;0.0;1509_direct_carried;;;3.1;730.7;293;0;0;2;0;1502
1219883;1787848809871;29.5;81;91;RECOVERING_AFTER_LOAD;51.3;0.0;0.0;0.0;1509_direct_carried;;;3.1;730.7;295;0;0;2;0;1505
1220092;1787848810080;29.5;81;91;RECOVERING_AFTER_LOAD;51.3;0.0;0.0;0.0;1509_direct_carried;;;3.1;730.7;295;0;0;2;0;1506
1220518;1787848810506;29.5;81;91;RECOVERING_AFTER_LOAD;51.3;0.0;0.0;0.0;1509_direct_carried;;;3.1;730.7;295;0;0;2;0;1508
1220724;1787848810712;29.5;81;91;RECOVERING_AFTER_LOAD;51.3;0.0;0.0;0.0;1509_direct;;;3.1;730.7;295;0;0;2;0;1509
1220930;1787848810918;29.5;81;91;RECOVERING_AFTER_LOAD;51.3;0.0;0.0;0.0;1509_direct_carried;;;3.1;730.7;295;0;0;2;0;150A
1221142;1787848811130;29.5;81;91;RECOVERING_AFTER_LOAD;51.3;0.0;0.0;0.0;1509_direct_carried;;;3.1;730.7;295;0;0;2;0;150B
1221353;1787848811341;29.5;81;91;RECOVERING_AFTER_LOAD;51.3;0.0;0.0;0.0;1509_direct_carried;;;3.1;730.7;295;0;0;2;0;150D
1222395;1787848812383;29.5;81;91;RECOVERING_AFTER_LOAD;51.3;0.0;0.0;0.0;1509_direct_carried;;;3.1;730.7;295;0;0;2;0;1502
1222815;1787848812803;29.6;81;91;RECOVERING_AFTER_LOAD;51.3;0.0;0.0;0.0;1509_direct_carried;;;3.1;730.7;296;0;0;2;0;1505
1223022;1787848813010;29.6;81;91;RECOVERING_AFTER_LOAD;51.3;0.0;0.0;0.0;1509_direct_carried;;;3.1;730.7;296;0;0;2;0;1506
1223432;1787848813420;29.6;81;91;RECOVERING_AFTER_LOAD;51.3;0.0;0.0;0.0;1509_direct_carried;;;3.1;730.7;296;0;0;2;0;1508
1223645;1787848813633;29.6;81;91;RECOVERING_AFTER_LOAD;51.3;0.0;0.0;0.0;1509_direct;;;3.1;730.7;296;0;0;2;0;1509
1223853;1787848813841;29.6;81;91;RECOVERING_AFTER_LOAD;51.3;0.0;0.0;0.0;1509_direct_carried;;;3.1;730.7;296;0;0;2;0;150A
1224064;1787848814052;29.6;81;91;RECOVERING_AFTER_LOAD;51.3;0.0;0.0;0.0;1509_direct_carried;;;3.1;730.7;296;0;0;2;0;150B
1224273;1787848814261;29.6;81;91;RECOVERING_AFTER_LOAD;51.3;0.0;0.0;0.0;1509_direct_carried;;;3.1;730.7;296;0;0;2;0;150D
1225313;1787848815301;29.6;81;91;RECOVERING_AFTER_LOAD;51.3;0.0;0.0;0.0;1509_direct_carried;;;3.1;730.7;296;0;0;2;0;1502
1225734;1787848815722;28.8;81;91;RECOVERING_AFTER_LOAD;51.3;0.0;0.0;0.0;1509_direct_carried;;;3.1;730.7;288;0;0;2;0;1505
1225944;1787848815932;28.8;81;91;RECOVERING_AFTER_LOAD;51.3;0.0;0.0;0.0;1509_direct_carried;;;3.2;730.8;288;0;0;2;0;1506
1226364;1787848816352;28.8;81;91;RECOVERING_AFTER_LOAD;51.3;0.0;0.0;0.0;1509_direct_carried;;;3.2;730.8;288;0;0;2;0;1508
1226574;1787848816562;28.8;81;91;RECOVERING_AFTER_LOAD;51.1;0.0;0.0;0.0;1509_direct;;;3.2;730.8;288;0;0;2;0;1509
1226784;1787848816772;28.8;81;91;RECOVERING_AFTER_LOAD;51.1;0.0;0.0;0.0;1509_direct_carried;;;3.2;730.8;288;0;0;2;0;150A
1226994;1787848816982;28.8;81;91;RECOVERING_AFTER_LOAD;51.1;0.0;0.0;0.0;1509_direct_carried;;;3.2;730.8;288;0;0;2;0;150B
1227193;1787848817181;28.8;81;91;RECOVERING_AFTER_LOAD;51.1;0.0;0.0;0.0;1509_direct_carried;;;3.2;730.8;288;0;0;2;0;150D
1228244;1787848818232;28.8;81;91;RECOVERING_AFTER_LOAD;51.1;0.0;0.0;0.0;1509_direct_carried;;;3.2;730.8;288;0;0;2;0;1502
1228664;1787848818652;28.2;81;91;RECOVERING_AFTER_LOAD;51.1;0.0;0.0;0.0;1509_direct_carried;;;3.2;730.8;282;0;0;2;0;1505
1228863;1787848818851;28.2;81;91;RECOVERING_AFTER_LOAD;51.1;0.0;0.0;0.0;1509_direct_carried;;;3.2;730.8;282;0;0;2;0;1506
1229283;1787848819271;28.2;81;91;RECOVERING_AFTER_LOAD;51.1;0.0;0.0;0.0;1509_direct_carried;;;3.2;730.8;282;0;0;2;0;1508
1229493;1787848819481;28.2;81;91;RECOVERING_AFTER_LOAD;51.2;0.0;0.0;0.0;1509_direct;;;3.2;730.8;282;0;0;2;0;1509
1229705;1787848819693;28.2;81;91;RECOVERING_AFTER_LOAD;51.2;0.0;0.0;0.0;1509_direct_carried;;;3.2;730.8;282;0;0;2;0;150A
1229911;1787848819899;28.2;81;91;RECOVERING_AFTER_LOAD;51.2;0.0;0.0;0.0;1509_direct_carried;;;3.2;730.8;282;0;0;2;0;150B
1230122;1787848820110;28.2;81;91;RECOVERING_AFTER_LOAD;51.2;0.0;0.0;0.0;1509_direct_carried;;;3.2;730.8;282;0;0;2;0;150D
1231165;1787848821153;28.2;81;91;RECOVERING_AFTER_LOAD;51.2;0.0;0.0;0.0;1509_direct_carried;;;3.2;730.8;282;0;0;2;0;1502
1231584;1787848821572;27.7;81;91;RECOVERING_AFTER_LOAD;51.2;0.0;0.0;0.0;1509_direct_carried;;;3.2;730.8;277;0;0;2;0;1505
1231797;1787848821785;27.7;81;91;RECOVERING_AFTER_LOAD;51.2;0.0;0.0;0.0;1509_direct_carried;;;3.2;730.8;277;0;0;2;0;1506
1232213;1787848822201;27.7;81;91;RECOVERING_AFTER_LOAD;51.2;0.0;0.0;0.0;1509_direct_carried;;;3.2;730.8;277;0;0;2;0;1508
1232413;1787848822401;27.7;81;91;RECOVERING_AFTER_LOAD;51.1;0.0;0.0;0.0;1509_direct;;;3.2;730.8;277;0;0;2;0;1509
1232623;1787848822611;27.7;81;91;RECOVERING_AFTER_LOAD;51.1;0.0;0.0;0.0;1509_direct_carried;;;3.2;730.8;277;0;0;2;0;150A
1232832;1787848822820;27.7;81;91;RECOVERING_AFTER_LOAD;51.1;0.0;0.0;0.0;1509_direct_carried;;;3.2;730.8;277;0;0;2;0;150B
1233044;1787848823032;27.7;81;91;RECOVERING_AFTER_LOAD;51.1;0.0;0.0;0.0;1509_direct_carried;;;3.2;730.8;277;0;0;2;0;150D
1234082;1787848824070;27.7;81;91;RECOVERING_AFTER_LOAD;51.1;0.0;0.0;0.0;1509_direct_carried;;;3.2;730.8;277;0;0;2;0;1502
1234503;1787848824491;27.2;81;91;RECOVERING_AFTER_LOAD;51.1;0.0;0.0;0.0;1509_direct_carried;;;3.2;730.8;272;0;0;2;0;1505
1234714;1787848824702;27.2;81;91;RECOVERING_AFTER_LOAD;51.1;0.0;0.0;0.0;1509_direct_carried;;;3.2;730.8;272;0;0;2;0;1506
1235134;1787848825122;27.2;81;91;RECOVERING_AFTER_LOAD;51.1;0.0;0.0;0.0;1509_direct_carried;;;3.2;730.8;272;0;0;2;0;1508
1235344;1787848825332;27.2;81;91;RECOVERING_AFTER_LOAD;51.2;0.0;0.0;0.0;1509_direct;;;3.2;730.8;272;0;0;2;0;1509
1235555;1787848825543;27.2;81;91;RECOVERING_AFTER_LOAD;51.2;0.0;0.0;0.0;1509_direct_carried;;;3.2;730.8;272;0;0;2;0;150A
1235764;1787848825752;27.2;81;91;RECOVERING_AFTER_LOAD;51.2;0.0;0.0;0.0;1509_direct_carried;;;3.2;730.8;272;0;0;2;0;150B
1235965;1787848825953;27.2;81;91;RECOVERING_AFTER_LOAD;51.2;0.0;0.0;0.0;1509_direct_carried;;;3.2;730.8;272;0;0;2;0;150D
1237012;1787848827000;27.2;81;91;RECOVERING_AFTER_LOAD;51.2;0.0;0.0;0.0;1509_direct_carried;;;3.2;730.8;272;0;0;2;0;1502
1237442;1787848827430;26.6;81;91;RECOVERING_AFTER_LOAD;51.2;0.0;0.0;0.0;1509_direct_carried;;;3.2;730.8;266;0;0;2;0;1505
1237643;1787848827631;26.6;81;91;RECOVERING_AFTER_LOAD;51.2;0.0;0.0;0.0;1509_direct_carried;;;3.2;730.8;266;0;0;2;0;1506
1238053;1787848828041;26.6;81;91;RECOVERING_AFTER_LOAD;51.2;0.0;0.0;0.0;1509_direct_carried;;;3.2;730.8;266;0;0;2;0;1508
1238263;1787848828251;26.6;81;91;RECOVERING_AFTER_LOAD;51.0;0.0;0.0;0.0;1509_direct;;;3.2;730.8;266;0;0;2;0;1509
1238474;1787848828462;26.6;81;91;RECOVERING_AFTER_LOAD;51.0;0.0;0.0;0.0;1509_direct_carried;;;3.2;730.8;266;0;0;2;0;150A
1238687;1787848828675;26.6;81;91;RECOVERING_AFTER_LOAD;51.0;0.0;0.0;0.0;1509_direct_carried;;;3.2;730.8;266;0;0;2;0;150B
1238895;1787848828883;26.6;81;91;RECOVERING_AFTER_LOAD;51.0;0.0;0.0;0.0;1509_direct_carried;;;3.2;730.8;266;0;0;2;0;150D
1239934;1787848829922;26.6;81;91;RECOVERING_AFTER_LOAD;51.0;0.0;0.0;0.0;1509_direct_carried;;;3.2;730.8;266;0;0;2;0;1502
1240353;1787848830341;25.9;81;91;RECOVERING_AFTER_LOAD;51.0;0.0;0.0;0.0;1509_direct_carried;;;3.2;730.8;259;0;0;2;0;1505
1240563;1787848830551;25.9;81;91;RECOVERING_AFTER_LOAD;51.0;0.0;0.0;0.0;1509_direct_carried;;;3.3;730.9;259;0;0;2;0;1506
1240982;1787848830970;25.9;81;91;RECOVERING_AFTER_LOAD;51.0;0.0;0.0;0.0;1509_direct_carried;;;3.3;730.9;259;0;0;2;0;1508
1241185;1787848831173;25.9;81;91;RECOVERING_AFTER_LOAD;51.1;0.0;0.0;0.0;1509_direct;;;3.3;730.9;259;0;0;2;0;1509
1241394;1787848831382;25.9;81;91;RECOVERING_AFTER_LOAD;51.1;0.0;0.0;0.0;1509_direct_carried;;;3.3;730.9;259;0;0;2;0;150A
1241604;1787848831592;25.9;81;91;RECOVERING_AFTER_LOAD;51.1;0.0;0.0;0.0;1509_direct_carried;;;3.3;730.9;259;0;0;2;0;150B
1241814;1787848831802;25.9;81;91;RECOVERING_AFTER_LOAD;51.1;0.0;0.0;0.0;1509_direct_carried;;;3.3;730.9;259;0;0;2;0;150D
1242866;1787848832854;25.9;81;91;RECOVERING_AFTER_LOAD;51.1;0.0;0.0;0.0;1509_direct_carried;;;3.3;730.9;259;0;0;2;0;1502
1243275;1787848833263;25.2;81;91;RECOVERING_AFTER_LOAD;51.1;0.0;0.0;0.0;1509_direct_carried;;;3.3;730.9;252;0;0;2;0;1505
1243484;1787848833472;25.2;81;91;RECOVERING_AFTER_LOAD;51.1;0.0;0.0;0.0;1509_direct_carried;;;3.3;730.9;252;0;0;2;0;1506
1243904;1787848833892;25.2;81;91;RECOVERING_AFTER_LOAD;51.1;0.0;0.0;0.0;1509_direct_carried;;;3.3;730.9;252;0;0;2;0;1508
1244115;1787848834103;25.2;81;91;RECOVERING_AFTER_LOAD;51.2;0.0;0.0;0.0;1509_direct;;;3.3;730.9;252;0;0;2;0;1509
1244323;1787848834311;25.2;81;91;RECOVERING_AFTER_LOAD;51.2;0.0;0.0;0.0;1509_direct_carried;;;3.3;730.9;252;0;0;2;0;150A
1244535;1787848834523;25.2;81;91;RECOVERING_AFTER_LOAD;51.2;0.0;0.0;0.0;1509_direct_carried;;;3.3;730.9;252;0;0;2;0;150B
1244743;1787848834731;25.2;81;91;RECOVERING_AFTER_LOAD;51.2;0.0;0.0;0.0;1509_direct_carried;;;3.3;730.9;252;0;0;2;0;150D
1245787;1787848835775;25.2;81;91;RECOVERING_AFTER_LOAD;51.2;0.0;0.0;0.0;1509_direct_carried;;;3.3;730.9;252;0;0;2;0;1502
1246204;1787848836192;24.1;81;91;RECOVERING_AFTER_LOAD;51.2;0.0;0.0;0.0;1509_direct_carried;;;3.3;730.9;241;0;0;2;0;1505
1246415;1787848836403;24.1;81;91;RECOVERING_AFTER_LOAD;51.2;0.0;0.0;0.0;1509_direct_carried;;;3.3;730.9;241;0;0;2;0;1506
1246823;1787848836811;24.1;81;91;RECOVERING_AFTER_LOAD;51.2;0.0;0.0;0.0;1509_direct_carried;;;3.3;730.9;241;0;0;2;0;1508
1247032;1787848837020;24.1;81;91;RECOVERING_AFTER_LOAD;51.2;0.0;0.0;0.0;1509_direct;;;3.3;730.9;241;0;0;2;0;1509
1247243;1787848837231;24.1;81;91;RECOVERING_AFTER_LOAD;51.2;0.0;0.0;0.0;1509_direct_carried;;;3.3;730.9;241;0;0;2;0;150A
1247457;1787848837445;24.1;81;91;RECOVERING_AFTER_LOAD;51.2;0.0;0.0;0.0;1509_direct_carried;;;3.3;730.9;241;0;0;2;0;150B
1247664;1787848837652;24.1;81;91;RECOVERING_AFTER_LOAD;51.2;0.0;0.0;0.0;1509_direct_carried;;;3.3;730.9;241;0;0;2;0;150D
1248707;1787848838695;24.1;81;91;RECOVERING_AFTER_LOAD;51.2;0.0;0.0;0.0;1509_direct_carried;;;3.3;730.9;241;0;0;2;0;1502
1249124;1787848839112;23.1;81;91;RECOVERING_AFTER_LOAD;51.2;0.0;0.0;0.0;1509_direct_carried;;;3.3;730.9;231;0;0;2;0;1505
1249333;1787848839321;23.1;81;91;RECOVERING_AFTER_LOAD;51.2;0.0;0.0;0.0;1509_direct_carried;;;3.3;730.9;231;0;0;2;0;1506
1249756;1787848839744;23.1;81;91;RECOVERING_AFTER_LOAD;51.2;0.0;0.0;0.0;1509_direct_carried;;;3.3;730.9;231;0;0;2;0;1508
1249963;1787848839951;23.1;81;91;RECOVERING_AFTER_LOAD;51.2;0.0;0.0;0.0;1509_direct;;;3.3;730.9;231;0;0;2;0;1509
1250162;1787848840150;23.1;81;91;RECOVERING_AFTER_LOAD;51.2;0.0;0.0;0.0;1509_direct_carried;;;3.3;730.9;231;0;0;2;0;150A
1250374;1787848840362;23.1;81;91;RECOVERING_AFTER_LOAD;51.2;0.0;0.0;0.0;1509_direct_carried;;;3.3;730.9;231;0;0;2;0;150B
1250586;1787848840574;23.1;81;91;RECOVERING_AFTER_LOAD;51.2;0.0;0.0;0.0;1509_direct_carried;;;3.3;730.9;231;0;0;2;0;150D
1251634;1787848841622;23.1;81;91;RECOVERING_AFTER_LOAD;51.2;0.0;0.0;0.0;1509_direct_carried;;;3.3;730.9;231;0;0;2;0;1502
1252045;1787848842033;21.8;81;91;RECOVERING_AFTER_LOAD;51.2;0.0;0.0;0.0;1509_direct_carried;;;3.3;730.9;218;0;0;2;0;1505
1252254;1787848842242;21.8;81;91;RECOVERING_AFTER_LOAD;51.2;0.0;0.0;0.0;1509_direct_carried;;;3.3;730.9;218;0;0;2;0;1506
1252674;1787848842662;21.8;81;91;RECOVERING_AFTER_LOAD;51.2;0.0;0.0;0.0;1509_direct_carried;;;3.3;730.9;218;0;0;2;0;1508
1252883;1787848842871;21.8;81;91;RECOVERING_AFTER_LOAD;51.1;0.0;0.0;0.0;1509_direct;;;3.3;730.9;218;0;0;2;0;1509
1253094;1787848843082;21.8;81;91;RECOVERING_AFTER_LOAD;51.1;0.0;0.0;0.0;1509_direct_carried;;;3.3;730.9;218;0;0;2;0;150A
1253302;1787848843290;21.8;81;91;RECOVERING_AFTER_LOAD;51.1;0.0;0.0;0.0;1509_direct_carried;;;3.3;730.9;218;0;0;2;0;150B
1253512;1787848843500;21.8;81;91;RECOVERING_AFTER_LOAD;51.1;0.0;0.0;0.0;1509_direct_carried;;;3.3;730.9;218;0;0;2;0;150D
1254555;1787848844543;21.8;81;91;RECOVERING_AFTER_LOAD;51.1;0.0;0.0;0.0;1509_direct_carried;;;3.3;730.9;218;0;0;2;0;1502
1254972;1787848844960;21.8;81;91;RECOVERING_AFTER_LOAD;51.1;0.0;0.0;0.0;1509_direct_carried;;;3.3;730.9;218;0;0;2;0;1505
1255183;1787848845171;21.8;81;91;RECOVERING_AFTER_LOAD;51.1;0.0;0.0;0.0;1509_direct_carried;;;3.4;731.0;218;0;0;2;0;1506
1255609;1787848845597;21.8;81;91;RECOVERING_AFTER_LOAD;51.1;0.0;0.0;0.0;1509_direct_carried;;;3.4;731.0;218;0;0;2;0;1508
1255803;1787848845791;21.8;81;91;RECOVERING_AFTER_LOAD;51.2;0.0;0.0;0.0;1509_direct;;;3.4;731.0;218;0;0;2;0;1509
1256014;1787848846002;21.8;81;91;RECOVERING_AFTER_LOAD;51.2;0.0;0.0;0.0;1509_direct_carried;;;3.4;731.0;218;0;0;2;0;150A
1256224;1787848846212;21.8;81;91;RECOVERING_AFTER_LOAD;51.2;0.0;0.0;0.0;1509_direct_carried;;;3.4;731.0;218;0;0;2;0;150B
1256435;1787848846423;21.8;81;91;RECOVERING_AFTER_LOAD;51.2;0.0;0.0;0.0;1509_direct_carried;;;3.4;731.0;218;0;0;2;0;150D
1257484;1787848847472;21.8;81;91;RECOVERING_AFTER_LOAD;51.2;0.0;0.0;0.0;1509_direct_carried;;;3.4;731.0;218;0;0;2;0;1502
1257893;1787848847881;21.8;81;91;RECOVERING_AFTER_LOAD;51.2;0.0;0.0;0.0;1509_direct_carried;;;3.4;731.0;218;0;0;2;0;1505
1258105;1787848848093;21.8;81;91;RECOVERING_AFTER_LOAD;51.2;0.0;0.0;0.0;1509_direct_carried;;;3.4;731.0;218;0;0;2;0;1506
1258523;1787848848511;21.8;81;91;RECOVERING_AFTER_LOAD;51.2;0.0;0.0;0.0;1509_direct_carried;;;3.4;731.0;218;0;0;2;0;1508
1258732;1787848848720;21.8;81;91;RECOVERING_AFTER_LOAD;51.0;1.0;51.0;51.0;1509_direct;;;3.4;731.0;218;51;0;2;0;1509
1258942;1787848848930;21.8;81;91;RECOVERING_AFTER_LOAD;51.0;1.0;51.0;51.0;1509_direct_carried;;;3.4;731.0;218;51;0;2;0;150A
1259153;1787848849141;21.8;81;91;RECOVERING_AFTER_LOAD;51.0;1.0;51.0;51.0;1509_direct_carried;;;3.4;731.0;218;51;0;2;0;150B
1259365;1787848849353;21.8;81;91;RECOVERING_AFTER_LOAD;51.0;1.0;51.0;51.0;1509_direct_carried;;;3.4;731.0;218;51;0;2;0;150D
1260407;1787848850395;21.8;81;91;RECOVERING_AFTER_LOAD;51.0;1.0;51.0;51.0;1509_direct_carried;;;3.4;731.0;218;51;0;2;0;1502
1260829;1787848850817;21.8;81;91;RECOVERING_AFTER_LOAD;51.0;1.0;51.0;51.0;1509_direct_carried;;;3.4;731.0;218;51;0;2;0;1505
1261035;1787848851023;21.8;81;91;RECOVERING_AFTER_LOAD;51.0;1.0;51.0;51.0;1509_direct_carried;;;3.4;731.0;218;51;0;2;0;1506
1261444;1787848851432;21.8;81;91;RECOVERING_AFTER_LOAD;51.0;1.0;51.0;51.0;1509_direct_carried;;;3.4;731.0;218;51;0;2;0;1508
1261656;1787848851644;21.8;81;91;RECOVERING_AFTER_LOAD;50.9;1.0;50.0;50.9;1509_direct;;;3.4;731.0;218;50;0;2;0;1509
1261865;1787848851853;21.8;81;91;RECOVERING_AFTER_LOAD;50.9;1.0;50.0;50.9;1509_direct_carried;;;3.4;731.0;218;50;0;2;0;150A
1262072;1787848852060;21.8;81;91;RECOVERING_AFTER_LOAD;50.9;1.0;50.0;50.9;1509_direct_carried;;;3.4;731.0;218;50;0;2;0;150B
1262281;1787848852269;21.8;81;91;RECOVERING_AFTER_LOAD;50.9;1.0;50.0;50.9;1509_direct_carried;;;3.4;731.0;218;50;0;2;0;150D
1263322;1787848853310;21.8;81;91;RECOVERING_AFTER_LOAD;50.9;1.0;50.0;50.9;1509_direct_carried;;;3.4;731.0;218;50;0;2;0;1502
1263746;1787848853734;21.8;81;91;RECOVERING_AFTER_LOAD;50.9;1.0;50.0;50.9;1509_direct_carried;;;3.4;731.0;218;50;0;2;0;1505
1263953;1787848853941;21.8;81;91;RECOVERING_AFTER_LOAD;50.9;1.0;50.0;50.9;1509_direct_carried;;;3.4;731.0;218;50;0;2;0;1506
1264372;1787848854360;21.8;81;91;RECOVERING_AFTER_LOAD;50.9;1.0;50.0;50.9;1509_direct_carried;;;3.4;731.0;218;50;0;2;0;1508
1264586;1787848854574;21.8;81;91;RECOVERING_AFTER_LOAD;51.1;1.0;50.0;51.1;1509_direct;;;3.4;731.0;218;50;0;2;0;1509
1264782;1787848854770;21.8;81;91;RECOVERING_AFTER_LOAD;51.1;1.0;50.0;51.1;1509_direct_carried;;;3.4;731.0;218;50;0;2;0;150A
1264993;1787848854981;21.8;81;91;RECOVERING_AFTER_LOAD;51.1;1.0;50.0;51.1;1509_direct_carried;;;3.4;731.0;218;50;0;2;0;150B
1265213;1787848855201;21.8;81;91;RECOVERING_AFTER_LOAD;51.1;1.0;50.0;51.1;1509_direct_carried;;;3.4;731.0;218;50;0;2;0;150D
1266254;1787848856242;21.8;81;91;RECOVERING_AFTER_LOAD;51.1;1.0;50.0;51.1;1509_direct_carried;;;3.4;731.0;218;50;0;2;0;1502
1266672;1787848856660;21.8;81;91;RECOVERING_AFTER_LOAD;51.1;1.0;50.0;51.1;1509_direct_carried;;;3.4;731.0;218;50;0;2;0;1505
1266874;1787848856862;21.8;81;91;RECOVERING_AFTER_LOAD;51.1;1.0;50.0;51.1;1509_direct_carried;;;3.4;731.0;218;50;0;2;0;1506
1267296;1787848857284;21.8;81;91;RECOVERING_AFTER_LOAD;51.1;1.0;50.0;51.1;1509_direct_carried;;;3.4;731.0;218;50;0;2;0;1508
1267502;1787848857490;21.8;81;91;RECOVERING_AFTER_LOAD;50.8;2.0;101.0;101.6;1509_direct;;;3.4;731.0;218;101;0;2;0;1509
1267712;1787848857700;21.8;81;91;RECOVERING_AFTER_LOAD;50.8;2.0;101.0;101.6;1509_direct_carried;;;3.4;731.0;218;101;0;2;0;150A
1267923;1787848857911;21.8;81;91;RECOVERING_AFTER_LOAD;50.8;2.0;101.0;101.6;1509_direct_carried;;;3.4;731.0;218;101;0;2;0;150B
1268132;1787848858120;21.8;81;91;RECOVERING_AFTER_LOAD;50.8;2.0;101.0;101.6;1509_direct_carried;;;3.4;731.0;218;101;0;2;0;150D
1269173;1787848859161;21.8;81;91;RECOVERING_AFTER_LOAD;50.8;2.0;101.0;101.6;1509_direct_carried;;;3.4;731.0;218;101;0;2;0;1502
1269595;1787848859583;21.8;81;91;RECOVERING_AFTER_LOAD;50.8;2.0;101.0;101.6;1509_direct_carried;;;3.4;731.0;218;101;0;2;0;1505
1269804;1787848859792;21.8;81;91;RECOVERING_AFTER_LOAD;50.8;2.0;101.0;101.6;1509_direct_carried;;;3.5;731.1;218;101;0;2;0;1506
1270215;1787848860203;21.8;81;91;RECOVERING_AFTER_LOAD;50.8;2.0;101.0;101.6;1509_direct_carried;;;3.5;731.1;218;101;0;2;0;1508
1270423;1787848860411;21.8;81;91;RECOVERING_AFTER_LOAD;50.8;2.0;101.0;101.6;1509_direct;;;3.5;731.1;218;101;0;2;0;1509
1270633;1787848860621;21.8;81;91;RECOVERING_AFTER_LOAD;50.8;2.0;101.0;101.6;1509_direct_carried;;;3.5;731.1;218;101;0;2;0;150A
1270844;1787848860832;21.8;81;91;RECOVERING_AFTER_LOAD;50.8;2.0;101.0;101.6;1509_direct_carried;;;3.5;731.1;218;101;0;2;0;150B
1271053;1787848861041;21.8;81;91;RECOVERING_AFTER_LOAD;50.8;2.0;101.0;101.6;1509_direct_carried;;;3.5;731.1;218;101;0;2;0;150D
1272093;1787848862081;21.8;81;91;RECOVERING_AFTER_LOAD;50.8;2.0;101.0;101.6;1509_direct_carried;;;3.5;731.1;218;101;0;2;0;1502
1272514;1787848862502;21.8;81;91;RECOVERING_AFTER_LOAD;50.8;2.0;101.0;101.6;1509_direct_carried;;;3.5;731.1;218;101;0;2;0;1505
1272722;1787848862710;21.8;81;91;RECOVERING_AFTER_LOAD;50.8;2.0;101.0;101.6;1509_direct_carried;;;3.5;731.1;218;101;0;2;0;1506
1273142;1787848863130;21.8;81;91;RECOVERING_AFTER_LOAD;50.8;2.0;101.0;101.6;1509_direct_carried;;;3.5;731.1;218;101;0;2;0;1508
1273353;1787848863341;21.8;81;91;RECOVERING_AFTER_LOAD;50.8;2.0;101.0;101.6;1509_direct;;;3.5;731.1;218;101;0;2;0;1509
1273553;1787848863541;21.8;81;91;RECOVERING_AFTER_LOAD;50.8;2.0;101.0;101.6;1509_direct_carried;;;3.5;731.1;218;101;0;2;0;150A
1273766;1787848863754;21.8;81;91;RECOVERING_AFTER_LOAD;50.8;2.0;101.0;101.6;1509_direct_carried;;;3.5;731.1;218;101;0;2;0;150B
1273976;1787848863964;21.8;81;91;RECOVERING_AFTER_LOAD;50.8;2.0;101.0;101.6;1509_direct_carried;;;3.5;731.1;218;101;0;2;0;150D
1275025;1787848865013;21.8;81;91;RECOVERING_AFTER_LOAD;50.8;2.0;101.0;101.6;1509_direct_carried;;;3.5;731.1;218;101;0;2;0;1502
1275433;1787848865421;21.8;81;91;RECOVERING_AFTER_LOAD;50.8;2.0;101.0;101.6;1509_direct_carried;;;3.5;731.1;218;101;0;2;0;1505
1275642;1787848865630;21.8;81;91;RECOVERING_AFTER_LOAD;50.8;2.0;101.0;101.6;1509_direct_carried;;;3.5;731.1;218;101;0;2;0;1506
1276067;1787848866055;21.8;81;91;RECOVERING_AFTER_LOAD;50.8;2.0;101.0;101.6;1509_direct_carried;;;3.5;731.1;218;101;0;2;0;1508
1276275;1787848866263;21.8;81;91;RECOVERING_AFTER_LOAD;50.8;2.0;101.0;101.6;1509_direct;;;3.5;731.1;218;101;0;2;0;1509
1276486;1787848866474;21.8;81;91;RECOVERING_AFTER_LOAD;50.8;2.0;101.0;101.6;1509_direct_carried;;;3.5;731.1;218;101;0;2;0;150A
1276695;1787848866683;21.8;81;91;RECOVERING_AFTER_LOAD;50.8;2.0;101.0;101.6;1509_direct_carried;;;3.5;731.1;218;101;0;2;0;150B
1276907;1787848866895;21.8;81;91;RECOVERING_AFTER_LOAD;50.8;2.0;101.0;101.6;1509_direct_carried;;;3.5;731.1;218;101;0;2;0;150D
1277945;1787848867933;21.8;81;91;RECOVERING_AFTER_LOAD;50.8;2.0;101.0;101.6;1509_direct_carried;;;3.5;731.1;218;101;0;2;0;1502
1278365;1787848868353;21.8;81;91;RECOVERING_AFTER_LOAD;50.8;2.0;101.0;101.6;1509_direct_carried;;;3.5;731.1;218;101;0;2;0;1505
1278575;1787848868563;21.8;81;91;RECOVERING_AFTER_LOAD;50.8;2.0;101.0;101.6;1509_direct_carried;;;3.5;731.1;218;101;0;2;0;1506
1278985;1787848868973;21.8;81;91;RECOVERING_AFTER_LOAD;50.8;2.0;101.0;101.6;1509_direct_carried;;;3.5;731.1;218;101;0;2;0;1508
1279197;1787848869185;21.8;81;91;RECOVERING_AFTER_LOAD;50.8;2.0;101.0;101.6;1509_direct;;;3.5;731.1;218;101;0;2;0;1509
1279406;1787848869394;21.8;81;91;RECOVERING_AFTER_LOAD;50.8;2.0;101.0;101.6;1509_direct_carried;;;3.5;731.1;218;101;0;2;0;150A
1279618;1787848869606;21.8;81;91;RECOVERING_AFTER_LOAD;50.8;2.0;101.0;101.6;1509_direct_carried;;;3.5;731.1;218;101;0;2;0;150B
1279823;1787848869811;21.8;81;91;RECOVERING_AFTER_LOAD;50.8;2.0;101.0;101.6;1509_direct_carried;;;3.5;731.1;218;101;0;2;0;150D
1280864;1787848870852;21.8;81;91;RECOVERING_AFTER_LOAD;50.8;2.0;101.0;101.6;1509_direct_carried;;;3.5;731.1;218;101;0;2;0;1502
1281284;1787848871272;21.8;81;91;RECOVERING_AFTER_LOAD;50.8;2.0;101.0;101.6;1509_direct_carried;;;3.5;731.1;218;101;0;2;0;1505
1281496;1787848871484;21.8;81;91;RECOVERING_AFTER_LOAD;50.8;2.0;101.0;101.6;1509_direct_carried;;;3.5;731.1;218;101;0;2;0;1506
1281912;1787848871900;21.8;81;91;RECOVERING_AFTER_LOAD;50.8;2.0;101.0;101.6;1509_direct_carried;;;3.5;731.1;218;101;0;2;0;1508
1282122;1787848872110;21.8;81;91;RECOVERING_AFTER_LOAD;50.8;3.0;152.0;152.39999999999998;1509_direct;;;3.5;731.1;218;152;0;2;0;1509
1282332;1787848872320;21.8;81;91;RECOVERING_AFTER_LOAD;50.8;3.0;152.0;152.39999999999998;1509_direct_carried;;;3.5;731.1;218;152;0;2;0;150A
1282542;1787848872530;21.8;81;91;RECOVERING_AFTER_LOAD;50.8;3.0;152.0;152.39999999999998;1509_direct_carried;;;3.5;731.1;218;152;0;2;0;150B
1282742;1787848872730;21.8;81;91;RECOVERING_AFTER_LOAD;50.8;3.0;152.0;152.39999999999998;1509_direct_carried;;;3.5;731.1;218;152;0;2;0;150D
1283794;1787848873782;21.8;81;91;RECOVERING_AFTER_LOAD;50.8;3.0;152.0;152.39999999999998;1509_direct_carried;;;3.5;731.1;218;152;0;2;0;1502
1284213;1787848874201;21.8;81;91;RECOVERING_AFTER_LOAD;50.8;3.0;152.0;152.39999999999998;1509_direct_carried;;;3.5;731.1;218;152;0;2;0;1505
1284413;1787848874401;21.8;81;91;RECOVERING_AFTER_LOAD;50.8;3.0;152.0;152.39999999999998;1509_direct_carried;;;3.5;731.1;218;152;0;2;0;1506
1284843;1787848874831;21.8;81;91;RECOVERING_AFTER_LOAD;50.8;3.0;152.0;152.39999999999998;1509_direct_carried;;;3.5;731.1;218;152;0;2;0;1508
1285043;1787848875031;21.8;81;91;RECOVERING_AFTER_LOAD;50.7;3.0;151.0;152.10000000000002;1509_direct;;;3.5;731.1;218;151;0;2;0;1509
1285253;1787848875241;21.8;81;91;RECOVERING_AFTER_LOAD;50.7;3.0;151.0;152.10000000000002;1509_direct_carried;;;3.5;731.1;218;151;0;2;0;150A
1285463;1787848875451;21.8;81;91;RECOVERING_AFTER_LOAD;50.7;3.0;151.0;152.10000000000002;1509_direct_carried;;;3.5;731.1;218;151;0;2;0;150B
1285674;1787848875662;21.8;81;91;RECOVERING_AFTER_LOAD;50.7;3.0;151.0;152.10000000000002;1509_direct_carried;;;3.5;731.1;218;151;0;2;0;150D
1286712;1787848876700;21.8;81;91;RECOVERING_AFTER_LOAD;50.7;3.0;151.0;152.10000000000002;1509_direct_carried;;;3.5;731.1;218;151;0;2;0;1502
1287133;1787848877121;21.8;81;91;RECOVERING_AFTER_LOAD;50.7;3.0;151.0;152.10000000000002;1509_direct_carried;;;3.5;731.1;218;151;0;2;0;1505
1287343;1787848877331;21.8;81;91;RECOVERING_AFTER_LOAD;50.7;3.0;151.0;152.10000000000002;1509_direct_carried;;;3.6;731.2;218;151;0;2;0;1506
1287766;1787848877754;21.8;81;91;RECOVERING_AFTER_LOAD;50.7;3.0;151.0;152.10000000000002;1509_direct_carried;;;3.6;731.2;218;151;0;2;0;1508
1287967;1787848877955;21.8;81;91;RECOVERING_AFTER_LOAD;50.7;3.0;152.0;152.10000000000002;1509_direct;;;3.6;731.2;218;152;0;2;0;1509
1288175;1787848878163;21.8;81;91;RECOVERING_AFTER_LOAD;50.7;3.0;152.0;152.10000000000002;1509_direct_carried;;;3.6;731.2;218;152;0;2;0;150A
1288386;1787848878374;21.8;81;91;RECOVERING_AFTER_LOAD;50.7;3.0;152.0;152.10000000000002;1509_direct_carried;;;3.6;731.2;218;152;0;2;0;150B
1288594;1787848878582;21.8;81;91;RECOVERING_AFTER_LOAD;50.7;3.0;152.0;152.10000000000002;1509_direct_carried;;;3.6;731.2;218;152;0;2;0;150D
1289645;1787848879633;21.8;81;91;RECOVERING_AFTER_LOAD;50.7;3.0;152.0;152.10000000000002;1509_direct_carried;;;3.6;731.2;218;152;0;2;0;1502
1290056;1787848880044;21.8;81;91;RECOVERING_AFTER_LOAD;50.7;3.0;152.0;152.10000000000002;1509_direct_carried;;;3.6;731.2;218;152;0;2;0;1505
1290265;1787848880253;21.8;81;91;RECOVERING_AFTER_LOAD;50.7;3.0;152.0;152.10000000000002;1509_direct_carried;;;3.6;731.2;218;152;0;2;0;1506
1290686;1787848880674;21.8;81;91;RECOVERING_AFTER_LOAD;50.7;3.0;152.0;152.10000000000002;1509_direct_carried;;;3.6;731.2;218;152;0;2;0;1508
1290896;1787848880884;21.8;81;91;RECOVERING_AFTER_LOAD;50.8;2.0;101.0;101.6;1509_direct;;;3.6;731.2;218;101;0;2;0;1509
1291107;1787848881095;21.8;81;91;RECOVERING_AFTER_LOAD;50.8;2.0;101.0;101.6;1509_direct_carried;;;3.6;731.2;218;101;0;2;0;150A
1291314;1787848881302;21.8;81;91;RECOVERING_AFTER_LOAD;50.8;2.0;101.0;101.6;1509_direct_carried;;;3.6;731.2;218;101;0;2;0;150B
1291526;1787848881514;21.8;81;91;RECOVERING_AFTER_LOAD;50.8;2.0;101.0;101.6;1509_direct_carried;;;3.6;731.2;218;101;0;2;0;150D
1292565;1787848882553;21.8;81;91;RECOVERING_AFTER_LOAD;50.8;2.0;101.0;101.6;1509_direct_carried;;;3.6;731.2;218;101;0;2;0;1502
1292985;1787848882973;21.8;81;91;RECOVERING_AFTER_LOAD;50.8;2.0;101.0;101.6;1509_direct_carried;;;3.6;731.2;218;101;0;2;0;1505
1293197;1787848883185;21.8;81;91;RECOVERING_AFTER_LOAD;50.8;2.0;101.0;101.6;1509_direct_carried;;;3.6;731.2;218;101;0;2;0;1506
1293605;1787848883593;21.8;81;91;RECOVERING_AFTER_LOAD;50.8;2.0;101.0;101.6;1509_direct_carried;;;3.6;731.2;218;101;0;2;0;1508
1293814;1787848883802;21.8;81;91;RECOVERING_AFTER_LOAD;50.7;2.0;101.0;101.4;1509_direct;;;3.6;731.2;218;101;0;2;0;1509
1294024;1787848884012;21.8;81;91;RECOVERING_AFTER_LOAD;50.7;2.0;101.0;101.4;1509_direct_carried;;;3.6;731.2;218;101;0;2;0;150A
1294233;1787848884221;21.8;81;91;RECOVERING_AFTER_LOAD;50.7;2.0;101.0;101.4;1509_direct_carried;;;3.6;731.2;218;101;0;2;0;150B
1294445;1787848884433;21.8;81;91;RECOVERING_AFTER_LOAD;50.7;2.0;101.0;101.4;1509_direct_carried;;;3.6;731.2;218;101;0;2;0;150D
1295485;1787848885473;21.8;81;91;RECOVERING_AFTER_LOAD;50.7;2.0;101.0;101.4;1509_direct_carried;;;3.6;731.2;218;101;0;2;0;1502
1295905;1787848885893;21.8;81;91;RECOVERING_AFTER_LOAD;50.7;2.0;101.0;101.4;1509_direct_carried;;;3.6;731.2;218;101;0;2;0;1505
1296116;1787848886104;21.8;81;91;RECOVERING_AFTER_LOAD;50.7;2.0;101.0;101.4;1509_direct_carried;;;3.6;731.2;218;101;0;2;0;1506
1296537;1787848886525;21.8;81;91;RECOVERING_AFTER_LOAD;50.7;2.0;101.0;101.4;1509_direct_carried;;;3.6;731.2;218;101;0;2;0;1508
1296747;1787848886735;21.8;81;91;RECOVERING_AFTER_LOAD;50.7;2.0;101.0;101.4;1509_direct;;;3.6;731.2;218;101;0;2;0;1509
1296948;1787848886936;21.8;81;91;RECOVERING_AFTER_LOAD;50.7;2.0;101.0;101.4;1509_direct_carried;;;3.6;731.2;218;101;0;2;0;150A
1297156;1787848887144;21.8;81;91;RECOVERING_AFTER_LOAD;50.7;2.0;101.0;101.4;1509_direct_carried;;;3.6;731.2;218;101;0;2;0;150B
1297367;1787848887355;21.8;81;91;RECOVERING_AFTER_LOAD;50.7;2.0;101.0;101.4;1509_direct_carried;;;3.6;731.2;218;101;0;2;0;150D
1298414;1787848888402;21.8;81;91;RECOVERING_AFTER_LOAD;50.7;2.0;101.0;101.4;1509_direct_carried;;;3.6;731.2;218;101;0;2;0;1502
1298826;1787848888814;21.8;81;91;RECOVERING_AFTER_LOAD;50.7;2.0;101.0;101.4;1509_direct_carried;;;3.6;731.2;218;101;0;2;0;1505
1299035;1787848889023;21.8;81;91;RECOVERING_AFTER_LOAD;50.7;2.0;101.0;101.4;1509_direct_carried;;;3.6;731.2;218;101;0;2;0;1506
1299465;1787848889453;21.8;81;91;RECOVERING_AFTER_LOAD;50.7;2.0;101.0;101.4;1509_direct_carried;;;3.6;731.2;218;101;0;2;0;1508
1299666;1787848889654;21.8;81;91;RECOVERING_AFTER_LOAD;50.7;2.0;101.0;101.4;1509_direct;;;3.6;731.2;218;101;0;2;0;1509
1299875;1787848889863;21.8;81;91;RECOVERING_AFTER_LOAD;50.7;2.0;101.0;101.4;1509_direct_carried;;;3.6;731.2;218;101;0;2;0;150A
1300085;1787848890073;21.8;81;91;RECOVERING_AFTER_LOAD;50.7;2.0;101.0;101.4;1509_direct_carried;;;3.6;731.2;218;101;0;2;0;150B
1300295;1787848890283;21.8;81;91;RECOVERING_AFTER_LOAD;50.7;2.0;101.0;101.4;1509_direct_carried;;;3.6;731.2;218;101;0;2;0;150D
1301337;1787848891325;21.8;81;91;RECOVERING_AFTER_LOAD;50.7;2.0;101.0;101.4;1509_direct_carried;;;3.6;731.2;218;101;0;2;0;1502
1301756;1787848891744;21.8;81;91;RECOVERING_AFTER_LOAD;50.7;2.0;101.0;101.4;1509_direct_carried;;;3.6;731.2;218;101;0;2;0;1505
1301963;1787848891951;21.8;81;91;RECOVERING_AFTER_LOAD;50.7;2.0;101.0;101.4;1509_direct_carried;;;3.6;731.2;218;101;0;2;0;1506
1302376;1787848892364;21.8;81;91;RECOVERING_AFTER_LOAD;50.7;2.0;101.0;101.4;1509_direct_carried;;;3.6;731.2;218;101;0;2;0;1508
1302585;1787848892573;21.8;81;91;RECOVERING_AFTER_LOAD;50.7;3.0;152.0;152.10000000000002;1509_direct;;;3.6;731.2;218;152;0;2;0;1509
1302794;1787848892782;21.8;81;91;RECOVERING_AFTER_LOAD;50.7;3.0;152.0;152.10000000000002;1509_direct_carried;;;3.6;731.2;218;152;0;2;0;150A
1303006;1787848892994;21.8;81;91;RECOVERING_AFTER_LOAD;50.7;3.0;152.0;152.10000000000002;1509_direct_carried;;;3.6;731.2;218;152;0;2;0;150B
1303214;1787848893202;21.8;81;91;RECOVERING_AFTER_LOAD;50.7;3.0;152.0;152.10000000000002;1509_direct_carried;;;3.6;731.2;218;152;0;2;0;150D
1304256;1787848894244;21.8;81;91;RECOVERING_AFTER_LOAD;50.7;3.0;152.0;152.10000000000002;1509_direct_carried;;;3.6;731.2;218;152;0;2;0;1502
1304676;1787848894664;21.8;81;91;RECOVERING_AFTER_LOAD;50.7;3.0;152.0;152.10000000000002;1509_direct_carried;;;3.6;731.2;218;152;0;2;0;1505
1304887;1787848894875;21.8;81;91;RECOVERING_AFTER_LOAD;50.7;3.0;152.0;152.10000000000002;1509_direct_carried;;;3.7;731.3;218;152;0;2;0;1506
1305305;1787848895293;21.8;81;91;RECOVERING_AFTER_LOAD;50.7;3.0;152.0;152.10000000000002;1509_direct_carried;;;3.7;731.3;218;152;0;2;0;1508
1305518;1787848895506;21.8;81;91;RECOVERING_AFTER_LOAD;50.7;2.0;101.0;101.4;1509_direct;;;3.7;731.3;218;101;0;2;0;1509
1305715;1787848895703;21.8;81;91;RECOVERING_AFTER_LOAD;50.7;2.0;101.0;101.4;1509_direct_carried;;;3.7;731.3;218;101;0;2;0;150A
1305925;1787848895913;21.8;81;91;RECOVERING_AFTER_LOAD;50.7;2.0;101.0;101.4;1509_direct_carried;;;3.7;731.3;218;101;0;2;0;150B
1306136;1787848896124;21.8;81;91;RECOVERING_AFTER_LOAD;50.7;2.0;101.0;101.4;1509_direct_carried;;;3.7;731.3;218;101;0;2;0;150D
1307184;1787848897172;21.8;81;91;RECOVERING_AFTER_LOAD;50.7;2.0;101.0;101.4;1509_direct_carried;;;3.7;731.3;218;101;0;2;0;1502
1307597;1787848897585;21.8;81;91;RECOVERING_AFTER_LOAD;50.7;2.0;101.0;101.4;1509_direct_carried;;;3.7;731.3;218;101;0;2;0;1505
1307805;1787848897793;21.8;81;91;RECOVERING_AFTER_LOAD;50.7;2.0;101.0;101.4;1509_direct_carried;;;3.7;731.3;218;101;0;2;0;1506
1308226;1787848898214;21.8;81;91;RECOVERING_AFTER_LOAD;50.7;2.0;101.0;101.4;1509_direct_carried;;;3.7;731.3;218;101;0;2;0;1508
1308436;1787848898424;21.8;81;91;RECOVERING_AFTER_LOAD;50.7;2.0;101.0;101.4;1509_direct;;;3.7;731.3;218;101;0;2;0;1509
1308648;1787848898636;21.8;81;91;RECOVERING_AFTER_LOAD;50.7;2.0;101.0;101.4;1509_direct_carried;;;3.7;731.3;218;101;0;2;0;150A
1308856;1787848898844;21.8;81;91;RECOVERING_AFTER_LOAD;50.7;2.0;101.0;101.4;1509_direct_carried;;;3.7;731.3;218;101;0;2;0;150B
1309068;1787848899056;21.8;81;91;RECOVERING_AFTER_LOAD;50.7;2.0;101.0;101.4;1509_direct_carried;;;3.7;731.3;218;101;0;2;0;150D
1310106;1787848900094;21.8;81;91;RECOVERING_AFTER_LOAD;50.7;2.0;101.0;101.4;1509_direct_carried;;;3.7;731.3;218;101;0;2;0;1502
1310525;1787848900513;21.8;81;91;RECOVERING_AFTER_LOAD;50.7;2.0;101.0;101.4;1509_direct_carried;;;3.7;731.3;218;101;0;2;0;1505
1310736;1787848900724;21.8;81;91;RECOVERING_AFTER_LOAD;50.7;2.0;101.0;101.4;1509_direct_carried;;;3.7;731.3;218;101;0;2;0;1506
1311148;1787848901136;21.8;81;91;RECOVERING_AFTER_LOAD;50.7;2.0;101.0;101.4;1509_direct_carried;;;3.7;731.3;218;101;0;2;0;1508
1311354;1787848901342;21.8;81;91;RECOVERING_AFTER_LOAD;50.7;2.0;101.0;101.4;1509_direct;;;3.7;731.3;218;101;0;2;0;1509
1311567;1787848901555;21.8;81;91;RECOVERING_AFTER_LOAD;50.7;2.0;101.0;101.4;1509_direct_carried;;;3.7;731.3;218;101;0;2;0;150A
1311776;1787848901764;21.8;81;91;RECOVERING_AFTER_LOAD;50.7;2.0;101.0;101.4;1509_direct_carried;;;3.7;731.3;218;101;0;2;0;150B
1311988;1787848901976;21.8;81;91;RECOVERING_AFTER_LOAD;50.7;2.0;101.0;101.4;1509_direct_carried;;;3.7;731.3;218;101;0;2;0;150D
1313024;1787848903012;21.8;81;91;RECOVERING_AFTER_LOAD;50.7;2.0;101.0;101.4;1509_direct_carried;;;3.7;731.3;218;101;0;2;0;1502
1313444;1787848903432;21.8;81;91;RECOVERING_AFTER_LOAD;50.7;2.0;101.0;101.4;1509_direct_carried;;;3.7;731.3;218;101;0;2;0;1505
1313657;1787848903645;21.8;81;91;RECOVERING_AFTER_LOAD;50.7;2.0;101.0;101.4;1509_direct_carried;;;3.7;731.3;218;101;0;2;0;1506
1314077;1787848904065;21.8;81;91;RECOVERING_AFTER_LOAD;50.7;2.0;101.0;101.4;1509_direct_carried;;;3.7;731.3;218;101;0;2;0;1508
1314285;1787848904273;21.8;81;91;RECOVERING_AFTER_LOAD;50.8;2.0;101.0;101.6;1509_direct;;;3.7;731.3;218;101;0;2;0;1509
1314499;1787848904487;21.8;81;91;RECOVERING_AFTER_LOAD;50.8;2.0;101.0;101.6;1509_direct_carried;;;3.7;731.3;218;101;0;2;0;150A
1314699;1787848904687;21.8;81;91;RECOVERING_AFTER_LOAD;50.8;2.0;101.0;101.6;1509_direct_carried;;;3.7;731.3;218;101;0;2;0;150B
1314905;1787848904893;21.8;81;91;RECOVERING_AFTER_LOAD;50.8;2.0;101.0;101.6;1509_direct_carried;;;3.7;731.3;218;101;0;2;0;150D
1315957;1787848905945;21.8;81;91;RECOVERING_AFTER_LOAD;50.8;2.0;101.0;101.6;1509_direct_carried;;;3.7;731.3;218;101;0;2;0;1502
1316377;1787848906365;21.8;81;91;RECOVERING_AFTER_LOAD;50.8;2.0;101.0;101.6;1509_direct_carried;;;3.7;731.3;218;101;0;2;0;1505
1316574;1787848906562;21.8;81;91;RECOVERING_AFTER_LOAD;50.8;2.0;101.0;101.6;1509_direct_carried;;;3.7;731.3;218;101;0;2;0;1506
1316996;1787848906984;21.8;81;91;RECOVERING_AFTER_LOAD;50.8;2.0;101.0;101.6;1509_direct_carried;;;3.7;731.3;218;101;0;2;0;1508
1317206;1787848907194;21.8;81;91;RECOVERING_AFTER_LOAD;50.7;2.0;101.0;101.4;1509_direct;;;3.7;731.3;218;101;0;2;0;1509
1317417;1787848907405;21.8;81;91;RECOVERING_AFTER_LOAD;50.7;2.0;101.0;101.4;1509_direct_carried;;;3.7;731.3;218;101;0;2;0;150A
1317631;1787848907619;21.8;81;91;RECOVERING_AFTER_LOAD;50.7;2.0;101.0;101.4;1509_direct_carried;;;3.7;731.3;218;101;0;2;0;150B
1317833;1787848907821;21.8;81;91;RECOVERING_AFTER_LOAD;50.7;2.0;101.0;101.4;1509_direct_carried;;;3.7;731.3;218;101;0;2;0;150D
1318874;1787848908862;21.8;81;91;RECOVERING_AFTER_LOAD;50.7;2.0;101.0;101.4;1509_direct_carried;;;3.7;731.3;218;101;0;2;0;1502
1319298;1787848909286;21.8;81;91;RECOVERING_AFTER_LOAD;50.7;2.0;101.0;101.4;1509_direct_carried;;;3.7;731.3;218;101;0;2;0;1505
1319504;1787848909492;21.8;81;91;RECOVERING_AFTER_LOAD;50.7;2.0;101.0;101.4;1509_direct_carried;;;3.7;731.3;218;101;0;2;0;1506
1319927;1787848909915;21.8;81;91;RECOVERING_AFTER_LOAD;50.7;2.0;101.0;101.4;1509_direct_carried;;;3.7;731.3;218;101;0;2;0;1508
1320128;1787848910116;21.8;81;91;RECOVERING_AFTER_LOAD;50.7;2.0;101.0;101.4;1509_direct;;;3.7;731.3;218;101;0;2;0;1509
1320333;1787848910321;21.8;81;91;RECOVERING_AFTER_LOAD;50.7;2.0;101.0;101.4;1509_direct_carried;;;3.7;731.3;218;101;0;2;0;150A
1320548;1787848910536;21.8;81;91;RECOVERING_AFTER_LOAD;50.7;2.0;101.0;101.4;1509_direct_carried;;;3.7;731.3;218;101;0;2;0;150B
1320757;1787848910745;21.8;81;91;RECOVERING_AFTER_LOAD;50.7;2.0;101.0;101.4;1509_direct_carried;;;3.7;731.3;218;101;0;2;0;150D
1321798;1787848911786;21.8;81;91;RECOVERING_AFTER_LOAD;50.7;2.0;101.0;101.4;1509_direct_carried;;;3.7;731.3;218;101;0;2;0;1502
1322219;1787848912207;21.8;81;91;RECOVERING_AFTER_LOAD;50.7;2.0;101.0;101.4;1509_direct_carried;;;3.7;731.3;218;101;0;2;0;1505
1322429;1787848912417;21.8;81;91;RECOVERING_AFTER_LOAD;50.7;2.0;101.0;101.4;1509_direct_carried;;;3.8;731.4;218;101;0;2;0;1506
1322846;1787848912834;21.8;81;91;RECOVERING_AFTER_LOAD;50.7;2.0;101.0;101.4;1509_direct_carried;;;3.8;731.4;218;101;0;2;0;1508
1323066;1787848913054;21.8;81;91;RECOVERING_AFTER_LOAD;50.9;1.0;50.0;50.9;1509_direct;;;3.8;731.4;218;50;0;2;0;1509
1323267;1787848913255;21.8;81;91;RECOVERING_AFTER_LOAD;50.9;1.0;50.0;50.9;1509_direct_carried;;;3.8;731.4;218;50;0;2;0;150A
1323478;1787848913466;21.8;81;91;RECOVERING_AFTER_LOAD;50.9;1.0;50.0;50.9;1509_direct_carried;;;3.8;731.4;218;50;0;2;0;150B
1323675;1787848913663;21.8;81;91;RECOVERING_AFTER_LOAD;50.9;1.0;50.0;50.9;1509_direct_carried;;;3.8;731.4;218;50;0;2;0;150D
1324727;1787848914715;21.8;81;91;RECOVERING_AFTER_LOAD;50.9;1.0;50.0;50.9;1509_direct_carried;;;3.8;731.4;218;50;0;2;0;1502
1325157;1787848915145;21.8;81;91;RECOVERING_AFTER_LOAD;50.9;1.0;50.0;50.9;1509_direct_carried;;;3.8;731.4;218;50;0;2;0;1505
1325348;1787848915336;21.8;81;91;RECOVERING_AFTER_LOAD;50.9;1.0;50.0;50.9;1509_direct_carried;;;3.8;731.4;218;50;0;2;0;1506
1325766;1787848915754;21.8;81;91;RECOVERING_AFTER_LOAD;50.9;1.0;50.0;50.9;1509_direct_carried;;;3.8;731.4;218;50;0;2;0;1508
1325977;1787848915965;21.8;81;91;RECOVERING_AFTER_LOAD;50.9;1.0;101.0;50.9;1509_direct;;;3.8;731.4;218;101;0;2;0;1509
1326189;1787848916177;21.8;81;91;RECOVERING_AFTER_LOAD;50.9;1.0;101.0;50.9;1509_direct_carried;;;3.8;731.4;218;101;0;2;0;150A
1326396;1787848916384;21.8;81;91;RECOVERING_AFTER_LOAD;50.9;1.0;101.0;50.9;1509_direct_carried;;;3.8;731.4;218;101;0;2;0;150B
1326609;1787848916597;21.8;81;91;RECOVERING_AFTER_LOAD;50.9;1.0;101.0;50.9;1509_direct_carried;;;3.8;731.4;218;101;0;2;0;150D
1327646;1787848917634;21.8;81;91;RECOVERING_AFTER_LOAD;50.9;1.0;101.0;50.9;1509_direct_carried;;;3.8;731.4;218;101;0;2;0;1502
1328064;1787848918052;21.8;81;91;RECOVERING_AFTER_LOAD;50.9;1.0;101.0;50.9;1509_direct_carried;;;3.8;731.4;218;101;0;2;0;1505
1328279;1787848918267;21.8;81;91;RECOVERING_AFTER_LOAD;50.9;1.0;101.0;50.9;1509_direct_carried;;;3.8;731.4;218;101;0;2;0;1506
1328698;1787848918686;21.8;81;91;RECOVERING_AFTER_LOAD;50.9;1.0;101.0;50.9;1509_direct_carried;;;3.8;731.4;218;101;0;2;0;1508
1328896;1787848918884;21.8;81;91;RECOVERING_AFTER_LOAD;50.6;2.0;101.0;101.2;1509_direct;;;3.8;731.4;218;101;0;2;0;1509
1329108;1787848919096;21.8;81;91;RECOVERING_AFTER_LOAD;50.6;2.0;101.0;101.2;1509_direct_carried;;;3.8;731.4;218;101;0;2;0;150A
1329317;1787848919305;21.8;81;91;RECOVERING_AFTER_LOAD;50.6;2.0;101.0;101.2;1509_direct_carried;;;3.8;731.4;218;101;0;2;0;150B
1329528;1787848919516;21.8;81;91;RECOVERING_AFTER_LOAD;50.6;2.0;101.0;101.2;1509_direct_carried;;;3.8;731.4;218;101;0;2;0;150D
1330576;1787848920564;21.8;81;91;RECOVERING_AFTER_LOAD;50.6;2.0;101.0;101.2;1509_direct_carried;;;3.8;731.4;218;101;0;2;0;1502
1330986;1787848920974;21.8;81;91;RECOVERING_AFTER_LOAD;50.6;2.0;101.0;101.2;1509_direct_carried;;;3.8;731.4;218;101;0;2;0;1505
1331195;1787848921183;21.8;81;91;RECOVERING_AFTER_LOAD;50.6;2.0;101.0;101.2;1509_direct_carried;;;3.8;731.4;218;101;0;2;0;1506
1331618;1787848921606;21.8;81;91;RECOVERING_AFTER_LOAD;50.6;2.0;101.0;101.2;1509_direct_carried;;;3.8;731.4;218;101;0;2;0;1508
1331826;1787848921814;21.8;81;91;RECOVERING_AFTER_LOAD;50.6;2.0;101.0;101.2;1509_direct;;;3.8;731.4;218;101;0;2;0;1509
1332038;1787848922026;21.8;81;91;RECOVERING_AFTER_LOAD;50.6;2.0;101.0;101.2;1509_direct_carried;;;3.8;731.4;218;101;0;2;0;150A
1332248;1787848922236;21.8;81;91;RECOVERING_AFTER_LOAD;50.6;2.0;101.0;101.2;1509_direct_carried;;;3.8;731.4;218;101;0;2;0;150B
1332459;1787848922447;21.8;81;91;RECOVERING_AFTER_LOAD;50.6;2.0;101.0;101.2;1509_direct_carried;;;3.8;731.4;218;101;0;2;0;150D
1333500;1787848923488;21.8;81;91;RECOVERING_AFTER_LOAD;50.6;2.0;101.0;101.2;1509_direct_carried;;;3.8;731.4;218;101;0;2;0;1502
1333918;1787848923906;21.8;81;91;RECOVERING_AFTER_LOAD;50.6;2.0;101.0;101.2;1509_direct_carried;;;3.8;731.4;218;101;0;2;0;1505
1334127;1787848924115;21.8;81;91;RECOVERING_AFTER_LOAD;50.6;2.0;101.0;101.2;1509_direct_carried;;;3.8;731.4;218;101;0;2;0;1506
1334536;1787848924524;21.8;81;91;RECOVERING_AFTER_LOAD;50.6;2.0;101.0;101.2;1509_direct_carried;;;3.8;731.4;218;101;0;2;0;1508
1334746;1787848924734;21.8;81;91;RECOVERING_AFTER_LOAD;50.4;2.0;100.0;100.8;1509_direct;;;3.8;731.4;218;100;0;2;0;1509
1334958;1787848924946;21.8;81;91;RECOVERING_AFTER_LOAD;50.4;2.0;100.0;100.8;1509_direct_carried;;;3.8;731.4;218;100;0;2;0;150A
1335168;1787848925156;21.8;81;91;RECOVERING_AFTER_LOAD;50.4;2.0;100.0;100.8;1509_direct_carried;;;3.8;731.4;218;100;0;2;0;150B
1335375;1787848925363;21.8;81;91;RECOVERING_AFTER_LOAD;50.4;2.0;100.0;100.8;1509_direct_carried;;;3.8;731.4;218;100;0;2;0;150D
1336421;1787848926409;21.8;81;91;RECOVERING_AFTER_LOAD;50.4;2.0;100.0;100.8;1509_direct_carried;;;3.8;731.4;218;100;0;2;0;1502
1336838;1787848926826;21.8;81;91;RECOVERING_AFTER_LOAD;50.4;2.0;100.0;100.8;1509_direct_carried;;;3.8;731.4;218;100;0;2;0;1505
1337047;1787848927035;21.8;81;91;RECOVERING_AFTER_LOAD;50.4;2.0;100.0;100.8;1509_direct_carried;;;3.9;731.5;218;100;0;2;0;1506
1337467;1787848927455;21.8;81;91;RECOVERING_AFTER_LOAD;50.4;2.0;100.0;100.8;1509_direct_carried;;;3.9;731.5;218;100;0;2;0;1508
1337678;1787848927666;21.8;81;91;RECOVERING_AFTER_LOAD;50.7;2.0;101.0;101.4;1509_direct;;;3.9;731.5;218;101;0;2;0;1509
1337875;1787848927863;21.8;81;91;RECOVERING_AFTER_LOAD;50.7;2.0;101.0;101.4;1509_direct_carried;;;3.9;731.5;218;101;0;2;0;150A
1338088;1787848928076;21.8;81;91;RECOVERING_AFTER_LOAD;50.7;2.0;101.0;101.4;1509_direct_carried;;;3.9;731.5;218;101;0;2;0;150B
1338295;1787848928283;21.8;81;91;RECOVERING_AFTER_LOAD;50.7;2.0;101.0;101.4;1509_direct_carried;;;3.9;731.5;218;101;0;2;0;150D
1339348;1787848929336;21.8;81;91;RECOVERING_AFTER_LOAD;50.7;2.0;101.0;101.4;1509_direct_carried;;;3.9;731.5;218;101;0;2;0;1502
1339757;1787848929745;21.8;81;91;RECOVERING_AFTER_LOAD;50.7;2.0;101.0;101.4;1509_direct_carried;;;3.9;731.5;218;101;0;2;0;1505
1339968;1787848929956;21.8;81;91;RECOVERING_AFTER_LOAD;50.7;2.0;101.0;101.4;1509_direct_carried;;;3.9;731.5;218;101;0;2;0;1506
1340388;1787848930376;21.8;81;91;RECOVERING_AFTER_LOAD;50.7;2.0;101.0;101.4;1509_direct_carried;;;3.9;731.5;218;101;0;2;0;1508
1340597;1787848930585;21.8;81;91;RECOVERING_AFTER_LOAD;50.7;2.0;101.0;101.4;1509_direct;;;3.9;731.5;218;101;0;2;0;1509
1340808;1787848930796;21.8;81;91;RECOVERING_AFTER_LOAD;50.7;2.0;101.0;101.4;1509_direct_carried;;;3.9;731.5;218;101;0;2;0;150A
1341017;1787848931005;21.8;81;91;RECOVERING_AFTER_LOAD;50.7;2.0;101.0;101.4;1509_direct_carried;;;3.9;731.5;218;101;0;2;0;150B
1341227;1787848931215;21.8;81;91;RECOVERING_AFTER_LOAD;50.7;2.0;101.0;101.4;1509_direct_carried;;;3.9;731.5;218;101;0;2;0;150D
1342265;1787848932253;21.8;81;91;RECOVERING_AFTER_LOAD;50.7;2.0;101.0;101.4;1509_direct_carried;;;3.9;731.5;218;101;0;2;0;1502
1342685;1787848932673;21.8;81;91;RECOVERING_AFTER_LOAD;50.7;2.0;101.0;101.4;1509_direct_carried;;;3.9;731.5;218;101;0;2;0;1505
1342898;1787848932886;21.8;81;91;RECOVERING_AFTER_LOAD;50.7;2.0;101.0;101.4;1509_direct_carried;;;3.9;731.5;218;101;0;2;0;1506
1343309;1787848933297;21.8;81;91;RECOVERING_AFTER_LOAD;50.7;2.0;101.0;101.4;1509_direct_carried;;;3.9;731.5;218;101;0;2;0;1508
1343518;1787848933506;21.8;81;91;RECOVERING_AFTER_LOAD;50.8;2.0;101.0;101.6;1509_direct;;;3.9;731.5;218;101;0;2;0;1509
1343729;1787848933717;21.8;81;91;RECOVERING_AFTER_LOAD;50.8;2.0;101.0;101.6;1509_direct_carried;;;3.9;731.5;218;101;0;2;0;150A
1343940;1787848933928;21.8;81;91;RECOVERING_AFTER_LOAD;50.8;2.0;101.0;101.6;1509_direct_carried;;;3.9;731.5;218;101;0;2;0;150B
1344149;1787848934137;21.8;81;91;RECOVERING_AFTER_LOAD;50.8;2.0;101.0;101.6;1509_direct_carried;;;3.9;731.5;218;101;0;2;0;150D
1345187;1787848935175;21.8;81;91;RECOVERING_AFTER_LOAD;50.8;2.0;101.0;101.6;1509_direct_carried;;;3.9;731.5;218;101;0;2;0;1502
1345609;1787848935597;21.8;81;91;RECOVERING_AFTER_LOAD;50.8;2.0;101.0;101.6;1509_direct_carried;;;3.9;731.5;218;101;0;2;0;1505
1345816;1787848935804;21.8;81;91;RECOVERING_AFTER_LOAD;50.8;2.0;101.0;101.6;1509_direct_carried;;;3.9;731.5;218;101;0;2;0;1506
1346237;1787848936225;21.8;81;91;RECOVERING_AFTER_LOAD;50.8;2.0;101.0;101.6;1509_direct_carried;;;3.9;731.5;218;101;0;2;0;1508
1346448;1787848936436;21.8;81;91;RECOVERING_AFTER_LOAD;50.7;1.0;101.0;50.7;1509_direct;;;3.9;731.5;218;101;0;2;0;1509
1346647;1787848936635;21.8;81;91;RECOVERING_AFTER_LOAD;50.7;1.0;101.0;50.7;1509_direct_carried;;;3.9;731.5;218;101;0;2;0;150A
1346858;1787848936846;21.8;81;91;RECOVERING_AFTER_LOAD;50.7;1.0;101.0;50.7;1509_direct_carried;;;3.9;731.5;218;101;0;2;0;150B
1347070;1787848937058;21.8;81;91;RECOVERING_AFTER_LOAD;50.7;1.0;101.0;50.7;1509_direct_carried;;;3.9;731.5;218;101;0;2;0;150D
1348116;1787848938104;21.8;81;91;RECOVERING_AFTER_LOAD;50.7;1.0;101.0;50.7;1509_direct_carried;;;3.9;731.5;218;101;0;2;0;1502
1348527;1787848938515;21.8;81;91;RECOVERING_AFTER_LOAD;50.7;1.0;101.0;50.7;1509_direct_carried;;;3.9;731.5;218;101;0;2;0;1505
1348736;1787848938724;21.8;81;91;RECOVERING_AFTER_LOAD;50.7;1.0;101.0;50.7;1509_direct_carried;;;3.9;731.5;218;101;0;2;0;1506
1349154;1787848939142;21.8;81;91;RECOVERING_AFTER_LOAD;50.7;1.0;101.0;50.7;1509_direct_carried;;;3.9;731.5;218;101;0;2;0;1508
1349364;1787848939352;21.8;81;91;RECOVERING_AFTER_LOAD;50.8;1.0;50.0;50.8;1509_direct;;;3.9;731.5;218;50;0;2;0;1509
1349574;1787848939562;21.8;81;91;RECOVERING_AFTER_LOAD;50.8;1.0;50.0;50.8;1509_direct_carried;;;3.9;731.5;218;50;0;2;0;150A
1349784;1787848939772;21.8;81;91;RECOVERING_AFTER_LOAD;50.8;1.0;50.0;50.8;1509_direct_carried;;;3.9;731.5;218;50;0;2;0;150B
1349994;1787848939982;21.8;81;91;RECOVERING_AFTER_LOAD;50.8;1.0;50.0;50.8;1509_direct_carried;;;3.9;731.5;218;50;0;2;0;150D
1351035;1787848941023;21.8;81;91;RECOVERING_AFTER_LOAD;50.8;1.0;50.0;50.8;1509_direct_carried;;;3.9;731.5;218;50;0;2;0;1502
1351459;1787848941447;21.8;81;91;RECOVERING_AFTER_LOAD;50.8;1.0;50.0;50.8;1509_direct_carried;;;3.9;731.5;218;50;0;2;0;1505
1351665;1787848941653;21.8;81;91;RECOVERING_AFTER_LOAD;50.8;1.0;50.0;50.8;1509_direct_carried;;;3.9;731.5;218;50;0;2;0;1506
1352078;1787848942066;21.8;81;91;RECOVERING_AFTER_LOAD;50.8;1.0;50.0;50.8;1509_direct_carried;;;3.9;731.5;218;50;0;2;0;1508
1352288;1787848942276;21.8;81;91;RECOVERING_AFTER_LOAD;50.7;2.0;101.0;101.4;1509_direct;;;3.9;731.5;218;101;0;2;0;1509
1352496;1787848942484;21.8;81;91;RECOVERING_AFTER_LOAD;50.7;2.0;101.0;101.4;1509_direct_carried;;;3.9;731.5;218;101;0;2;0;150A
1352708;1787848942696;21.8;81;91;RECOVERING_AFTER_LOAD;50.7;2.0;101.0;101.4;1509_direct_carried;;;3.9;731.5;218;101;0;2;0;150B
1352917;1787848942905;21.8;81;91;RECOVERING_AFTER_LOAD;50.7;2.0;101.0;101.4;1509_direct_carried;;;3.9;731.5;218;101;0;2;0;150D
1353954;1787848943942;21.8;81;91;RECOVERING_AFTER_LOAD;50.7;2.0;101.0;101.4;1509_direct_carried;;;3.9;731.5;218;101;0;2;0;1502
1354386;1787848944374;21.8;81;91;RECOVERING_AFTER_LOAD;50.7;2.0;101.0;101.4;1509_direct_carried;;;3.9;731.5;218;101;0;2;0;1505
1354584;1787848944572;21.8;81;91;RECOVERING_AFTER_LOAD;50.7;2.0;101.0;101.4;1509_direct_carried;;;4.0;731.6;218;101;0;2;0;1506
1355004;1787848944992;21.8;81;91;RECOVERING_AFTER_LOAD;50.7;2.0;101.0;101.4;1509_direct_carried;;;4.0;731.6;218;101;0;2;0;1508
1355214;1787848945202;21.8;81;91;RECOVERING_AFTER_LOAD;50.8;2.0;101.0;101.6;1509_direct;;;4.0;731.6;218;101;0;2;0;1509
1355425;1787848945413;21.8;81;91;RECOVERING_AFTER_LOAD;50.8;2.0;101.0;101.6;1509_direct_carried;;;4.0;731.6;218;101;0;2;0;150A
1355624;1787848945612;21.8;81;91;RECOVERING_AFTER_LOAD;50.8;2.0;101.0;101.6;1509_direct_carried;;;4.0;731.6;218;101;0;2;0;150B
1355839;1787848945827;21.8;81;91;RECOVERING_AFTER_LOAD;50.8;2.0;101.0;101.6;1509_direct_carried;;;4.0;731.6;218;101;0;2;0;150D
1356885;1787848946873;21.8;81;91;RECOVERING_AFTER_LOAD;50.8;2.0;101.0;101.6;1509_direct_carried;;;4.0;731.6;218;101;0;2;0;1502
1357308;1787848947296;21.8;81;91;RECOVERING_AFTER_LOAD;50.8;2.0;101.0;101.6;1509_direct_carried;;;4.0;731.6;218;101;0;2;0;1505
1357507;1787848947495;21.8;81;91;RECOVERING_AFTER_LOAD;50.8;2.0;101.0;101.6;1509_direct_carried;;;4.0;731.6;218;101;0;2;0;1506
1357928;1787848947916;21.8;81;91;RECOVERING_AFTER_LOAD;50.8;2.0;101.0;101.6;1509_direct_carried;;;4.0;731.6;218;101;0;2;0;1508
1358139;1787848948127;21.8;81;91;RECOVERING_AFTER_LOAD;50.4;3.0;101.0;151.2;1509_direct;;;4.0;731.6;218;101;0;2;0;1509
1358346;1787848948334;21.8;81;91;RECOVERING_AFTER_LOAD;50.4;3.0;101.0;151.2;1509_direct_carried;;;4.0;731.6;218;101;0;2;0;150A
1358557;1787848948545;21.8;81;91;RECOVERING_AFTER_LOAD;50.4;3.0;101.0;151.2;1509_direct_carried;;;4.0;731.6;218;101;0;2;0;150B
1358765;1787848948753;21.8;81;91;RECOVERING_AFTER_LOAD;50.4;3.0;101.0;151.2;1509_direct_carried;;;4.0;731.6;218;101;0;2;0;150D
1359807;1787848949795;21.8;81;91;RECOVERING_AFTER_LOAD;50.4;3.0;101.0;151.2;1509_direct_carried;;;4.0;731.6;218;101;0;2;0;1502
1360227;1787848950215;21.8;81;91;RECOVERING_AFTER_LOAD;50.4;3.0;101.0;151.2;1509_direct_carried;;;4.0;731.6;218;101;0;2;0;1505
1360436;1787848950424;21.8;81;91;RECOVERING_AFTER_LOAD;50.4;3.0;101.0;151.2;1509_direct_carried;;;4.0;731.6;218;101;0;2;0;1506
1360858;1787848950846;21.8;81;91;RECOVERING_AFTER_LOAD;50.4;3.0;101.0;151.2;1509_direct_carried;;;4.0;731.6;218;101;0;2;0;1508
1361056;1787848951044;21.8;81;91;RECOVERING_AFTER_LOAD;50.8;1.0;50.0;50.8;1509_direct;;;4.0;731.6;218;50;0;2;0;1509
1361265;1787848951253;21.8;81;91;RECOVERING_AFTER_LOAD;50.8;1.0;50.0;50.8;1509_direct_carried;;;4.0;731.6;218;50;0;2;0;150A
1361478;1787848951466;21.8;81;91;RECOVERING_AFTER_LOAD;50.8;1.0;50.0;50.8;1509_direct_carried;;;4.0;731.6;218;50;0;2;0;150B
1361687;1787848951675;21.8;81;91;RECOVERING_AFTER_LOAD;50.8;1.0;50.0;50.8;1509_direct_carried;;;4.0;731.6;218;50;0;2;0;150D
1362725;1787848952713;21.8;81;91;RECOVERING_AFTER_LOAD;50.8;1.0;50.0;50.8;1509_direct_carried;;;4.0;731.6;218;50;0;2;0;1502
1363145;1787848953133;21.8;81;91;RECOVERING_AFTER_LOAD;50.8;1.0;50.0;50.8;1509_direct_carried;;;4.0;731.6;218;50;0;2;0;1505
1363357;1787848953345;21.8;81;91;RECOVERING_AFTER_LOAD;50.8;1.0;50.0;50.8;1509_direct_carried;;;4.0;731.6;218;50;0;2;0;1506
1363777;1787848953765;21.8;81;91;RECOVERING_AFTER_LOAD;50.8;1.0;50.0;50.8;1509_direct_carried;;;4.0;731.6;218;50;0;2;0;1508
1363987;1787848953975;21.8;81;91;RECOVERING_AFTER_LOAD;50.8;2.0;101.0;101.6;1509_direct;;;4.0;731.6;218;101;0;2;0;1509
1364197;1787848954185;21.8;81;91;RECOVERING_AFTER_LOAD;50.8;2.0;101.0;101.6;1509_direct_carried;;;4.0;731.6;218;101;0;2;0;150A
1364409;1787848954397;21.8;81;91;RECOVERING_AFTER_LOAD;50.8;2.0;101.0;101.6;1509_direct_carried;;;4.0;731.6;218;101;0;2;0;150B
1364611;1787848954599;21.8;81;91;RECOVERING_AFTER_LOAD;50.8;2.0;101.0;101.6;1509_direct_carried;;;4.0;731.6;218;101;0;2;0;150D
1365656;1787848955644;21.8;81;91;RECOVERING_AFTER_LOAD;50.8;2.0;101.0;101.6;1509_direct_carried;;;4.0;731.6;218;101;0;2;0;1502
1366076;1787848956064;21.8;81;91;RECOVERING_AFTER_LOAD;50.8;2.0;101.0;101.6;1509_direct_carried;;;4.0;731.6;218;101;0;2;0;1505
1366285;1787848956273;21.8;81;91;RECOVERING_AFTER_LOAD;50.8;2.0;101.0;101.6;1509_direct_carried;;;4.0;731.6;218;101;0;2;0;1506
1366696;1787848956684;21.8;81;91;RECOVERING_AFTER_LOAD;50.8;2.0;101.0;101.6;1509_direct_carried;;;4.0;731.6;218;101;0;2;0;1508
1366914;1787848956902;21.8;81;91;RECOVERING_AFTER_LOAD;50.7;2.0;101.0;101.4;1509_direct;;;4.0;731.6;218;101;0;2;0;1509
1367117;1787848957105;21.8;81;91;RECOVERING_AFTER_LOAD;50.7;2.0;101.0;101.4;1509_direct_carried;;;4.0;731.6;218;101;0;2;0;150A
1367336;1787848957324;21.8;81;91;RECOVERING_AFTER_LOAD;50.7;2.0;101.0;101.4;1509_direct_carried;;;4.0;731.6;218;101;0;2;0;150B
1367536;1787848957524;21.8;81;91;RECOVERING_AFTER_LOAD;50.7;2.0;101.0;101.4;1509_direct_carried;;;4.0;731.6;218;101;0;2;0;150D
1368578;1787848958566;21.8;81;91;RECOVERING_AFTER_LOAD;50.7;2.0;101.0;101.4;1509_direct_carried;;;4.0;731.6;218;101;0;2;0;1502
1368996;1787848958984;21.8;81;91;RECOVERING_AFTER_LOAD;50.7;2.0;101.0;101.4;1509_direct_carried;;;4.0;731.6;218;101;0;2;0;1505
1369206;1787848959194;21.8;81;91;RECOVERING_AFTER_LOAD;50.7;2.0;101.0;101.4;1509_direct_carried;;;4.1;731.7;218;101;0;2;0;1506
1369628;1787848959616;21.8;81;91;RECOVERING_AFTER_LOAD;50.7;2.0;101.0;101.4;1509_direct_carried;;;4.1;731.7;218;101;0;2;0;1508
1369827;1787848959815;21.8;81;91;RECOVERING_AFTER_LOAD;50.9;0.0;0.0;0.0;1509_direct;;;4.1;731.7;218;0;0;2;0;1509
1370038;1787848960026;21.8;81;91;RECOVERING_AFTER_LOAD;50.9;0.0;0.0;0.0;1509_direct_carried;;;4.1;731.7;218;0;0;2;0;150A
1370247;1787848960235;21.8;81;91;RECOVERING_AFTER_LOAD;50.9;0.0;0.0;0.0;1509_direct_carried;;;4.1;731.7;218;0;0;2;0;150B
1370456;1787848960444;21.8;81;91;RECOVERING_AFTER_LOAD;50.9;0.0;0.0;0.0;1509_direct_carried;;;4.1;731.7;218;0;0;2;0;150D
1371508;1787848961496;21.8;81;91;RECOVERING_AFTER_LOAD;50.9;0.0;0.0;0.0;1509_direct_carried;;;4.1;731.7;218;0;0;2;0;1502
1371918;1787848961906;21.8;81;91;RECOVERING_AFTER_LOAD;50.9;0.0;0.0;0.0;1509_direct_carried;;;4.1;731.7;218;0;0;2;0;1505
1372125;1787848962113;21.8;81;91;RECOVERING_AFTER_LOAD;50.9;0.0;0.0;0.0;1509_direct_carried;;;4.1;731.7;218;0;0;2;0;1506
1372547;1787848962535;21.8;81;91;RECOVERING_AFTER_LOAD;50.9;0.0;0.0;0.0;1509_direct_carried;;;4.1;731.7;218;0;0;2;0;1508
1372758;1787848962746;21.8;81;91;RECOVERING_AFTER_LOAD;50.5;3.0;151.0;151.5;1509_direct;;;4.1;731.7;218;151;0;2;0;1509
1372965;1787848962953;21.8;81;91;RECOVERING_AFTER_LOAD;50.5;3.0;151.0;151.5;1509_direct_carried;;;4.1;731.7;218;151;0;2;0;150A
1373178;1787848963166;21.8;81;91;RECOVERING_AFTER_LOAD;50.5;3.0;151.0;151.5;1509_direct_carried;;;4.1;731.7;218;151;0;2;0;150B
1373385;1787848963373;21.8;81;91;RECOVERING_AFTER_LOAD;50.5;3.0;151.0;151.5;1509_direct_carried;;;4.1;731.7;218;151;0;2;0;150D
1374428;1787848964416;21.8;81;91;RECOVERING_AFTER_LOAD;50.5;3.0;151.0;151.5;1509_direct_carried;;;4.1;731.7;218;151;0;2;0;1502
1374853;1787848964841;21.8;81;91;RECOVERING_AFTER_LOAD;50.5;3.0;151.0;151.5;1509_direct_carried;;;4.1;731.7;218;151;0;2;0;1505
1375058;1787848965046;21.8;81;91;RECOVERING_AFTER_LOAD;50.5;3.0;151.0;151.5;1509_direct_carried;;;4.1;731.7;218;151;0;2;0;1506
1375468;1787848965456;21.8;81;91;RECOVERING_AFTER_LOAD;50.5;3.0;151.0;151.5;1509_direct_carried;;;4.1;731.7;218;151;0;2;0;1508
1375679;1787848965667;21.8;81;91;RECOVERING_AFTER_LOAD;50.5;3.0;151.0;151.5;1509_direct;;;4.1;731.7;218;151;0;2;0;1509
1375888;1787848965876;21.8;81;91;RECOVERING_AFTER_LOAD;50.5;3.0;151.0;151.5;1509_direct_carried;;;4.1;731.7;218;151;0;2;0;150A
1376098;1787848966086;21.8;81;91;RECOVERING_AFTER_LOAD;50.5;3.0;151.0;151.5;1509_direct_carried;;;4.1;731.7;218;151;0;2;0;150B
1376307;1787848966295;21.8;81;91;RECOVERING_AFTER_LOAD;50.5;3.0;151.0;151.5;1509_direct_carried;;;4.1;731.7;218;151;0;2;0;150D
1377346;1787848967334;21.8;81;91;RECOVERING_AFTER_LOAD;50.5;3.0;151.0;151.5;1509_direct_carried;;;4.1;731.7;218;151;0;2;0;1502
1377767;1787848967755;19.3;81;91;RECOVERING_AFTER_LOAD;50.5;3.0;151.0;151.5;1509_direct_carried;;;4.1;731.7;193;151;0;2;0;1505
1377978;1787848967966;19.3;81;91;RECOVERING_AFTER_LOAD;50.5;3.0;151.0;151.5;1509_direct_carried;;;4.1;731.7;193;151;0;2;0;1506
1378399;1787848968387;19.3;81;91;RECOVERING_AFTER_LOAD;50.5;3.0;151.0;151.5;1509_direct_carried;;;4.1;731.7;193;151;0;2;0;1508
1378598;1787848968586;19.3;81;91;RECOVERING_AFTER_LOAD;50.3;5.0;251.0;251.5;1509_direct;;;4.1;731.7;193;251;0;2;0;1509
1378806;1787848968794;19.3;81;91;RECOVERING_AFTER_LOAD;50.3;5.0;251.0;251.5;1509_direct_carried;;;4.1;731.7;193;251;0;2;0;150A
1379017;1787848969005;19.3;81;91;RECOVERING_AFTER_LOAD;50.3;5.0;251.0;251.5;1509_direct_carried;;;4.1;731.7;193;251;0;2;0;150B
1379226;1787848969214;19.3;81;91;RECOVERING_AFTER_LOAD;50.3;5.0;251.0;251.5;1509_direct_carried;;;4.1;731.7;193;251;0;2;0;150D
1380277;1787848970265;19.3;81;91;RECOVERING_AFTER_LOAD;50.3;5.0;251.0;251.5;1509_direct_carried;;;4.1;731.7;193;251;0;2;0;1502
1380685;1787848970673;18.9;81;91;RECOVERING_AFTER_LOAD;50.3;5.0;251.0;251.5;1509_direct_carried;;;4.1;731.7;189;251;0;2;0;1505
1380898;1787848970886;18.9;81;91;RECOVERING_AFTER_LOAD;50.3;5.0;251.0;251.5;1509_direct_carried;;;4.1;731.7;189;251;0;2;0;1506
1381317;1787848971305;18.9;81;91;RECOVERING_AFTER_LOAD;50.3;5.0;251.0;251.5;1509_direct_carried;;;4.1;731.7;189;251;0;2;0;1508
1381526;1787848971514;18.9;81;91;RECOVERING_AFTER_LOAD;50.8;1.0;50.0;50.8;1509_direct;;;4.1;731.7;189;50;0;2;0;1509
1381740;1787848971728;18.9;81;91;RECOVERING_AFTER_LOAD;50.8;1.0;50.0;50.8;1509_direct_carried;;;4.1;731.7;189;50;0;2;0;150A
1381947;1787848971935;18.9;81;91;RECOVERING_AFTER_LOAD;50.8;1.0;50.0;50.8;1509_direct_carried;;;4.1;731.7;189;50;0;2;0;150B
1382159;1787848972147;18.9;81;91;RECOVERING_AFTER_LOAD;50.8;1.0;50.0;50.8;1509_direct_carried;;;4.1;731.7;189;50;0;2;0;150D
1383199;1787848973187;18.9;81;91;RECOVERING_AFTER_LOAD;50.8;1.0;50.0;50.8;1509_direct_carried;;;4.1;731.7;189;50;0;2;0;1502
1383617;1787848973605;17.8;81;91;RECOVERING_AFTER_LOAD;50.8;1.0;50.0;50.8;1509_direct_carried;;;4.1;731.7;178;50;0;2;0;1505
1383829;1787848973817;17.8;81;91;RECOVERING_AFTER_LOAD;50.8;1.0;50.0;50.8;1509_direct_carried;;;4.1;731.7;178;50;0;2;0;1506
1384237;1787848974225;17.8;81;91;RECOVERING_AFTER_LOAD;50.8;1.0;50.0;50.8;1509_direct_carried;;;4.1;731.7;178;50;0;2;0;1508
1384447;1787848974435;17.8;81;91;RECOVERING_AFTER_LOAD;50.8;1.0;50.0;50.8;1509_direct;;;4.1;731.7;178;50;0;2;0;1509
1384659;1787848974647;17.8;81;91;RECOVERING_AFTER_LOAD;50.8;1.0;50.0;50.8;1509_direct_carried;;;4.1;731.7;178;50;0;2;0;150A
1384869;1787848974857;17.8;81;91;RECOVERING_AFTER_LOAD;50.8;1.0;50.0;50.8;1509_direct_carried;;;4.1;731.7;178;50;0;2;0;150B
1385077;1787848975065;17.8;81;91;RECOVERING_AFTER_LOAD;50.8;1.0;50.0;50.8;1509_direct_carried;;;4.1;731.7;178;50;0;2;0;150D
1386119;1787848976107;17.8;81;91;RECOVERING_AFTER_LOAD;50.8;1.0;50.0;50.8;1509_direct_carried;;;4.1;731.7;178;50;0;2;0;1502
1386540;1787848976528;16.9;81;91;RECOVERING_AFTER_LOAD;50.8;1.0;50.0;50.8;1509_direct_carried;;;4.1;731.7;169;50;0;2;0;1505
1386747;1787848976735;16.9;81;91;RECOVERING_AFTER_LOAD;50.8;1.0;50.0;50.8;1509_direct_carried;;;4.2;731.8;169;50;0;2;0;1506
1387168;1787848977156;16.9;81;91;RECOVERING_AFTER_LOAD;50.8;1.0;50.0;50.8;1509_direct_carried;;;4.2;731.8;169;50;0;2;0;1508
1387379;1787848977367;16.9;81;91;RECOVERING_AFTER_LOAD;49.7;8.0;403.0;397.6;1509_direct;;;4.2;731.8;169;403;0;2;0;1509
1387577;1787848977565;16.9;81;91;RECOVERING_AFTER_LOAD;49.7;8.0;403.0;397.6;1509_direct_carried;;;4.2;731.8;169;403;0;2;0;150A
1387788;1787848977776;16.9;81;91;RECOVERING_AFTER_LOAD;49.7;8.0;403.0;397.6;1509_direct_carried;;;4.2;731.8;169;403;0;2;0;150B
1387996;1787848977984;16.9;81;91;RECOVERING_AFTER_LOAD;49.7;8.0;403.0;397.6;1509_direct_carried;;;4.2;731.8;169;403;0;2;0;150D
1389049;1787848979037;16.9;81;91;RECOVERING_AFTER_LOAD;49.7;8.0;403.0;397.6;1509_direct_carried;;;4.2;731.8;169;403;0;2;0;1502
1389459;1787848979447;18.9;81;91;RECOVERING_AFTER_LOAD;49.7;8.0;403.0;397.6;1509_direct_carried;;;4.2;731.8;189;403;0;2;0;1505
1389666;1787848979654;18.9;81;91;RECOVERING_AFTER_LOAD;49.7;8.0;403.0;397.6;1509_direct_carried;;;4.2;731.8;189;403;0;2;0;1506
1390087;1787848980075;18.9;81;91;RECOVERING_AFTER_LOAD;49.7;8.0;403.0;397.6;1509_direct_carried;;;4.2;731.8;189;403;0;2;0;1508
1390299;1787848980287;18.9;81;91;RECOVERING_AFTER_LOAD;50.9;0.0;0.0;0.0;1509_direct;;;4.2;731.8;189;0;0;2;0;1509
1390510;1787848980498;18.9;81;91;RECOVERING_AFTER_LOAD;50.9;0.0;0.0;0.0;1509_direct_carried;;;4.2;731.8;189;0;0;2;0;150A
1390719;1787848980707;18.9;81;91;RECOVERING_AFTER_LOAD;50.9;0.0;0.0;0.0;1509_direct_carried;;;4.2;731.8;189;0;0;2;0;150B
1390927;1787848980915;18.9;81;91;RECOVERING_AFTER_LOAD;50.9;0.0;0.0;0.0;1509_direct_carried;;;4.2;731.8;189;0;0;2;0;150D
1391967;1787848981955;18.9;81;91;RECOVERING_AFTER_LOAD;50.9;0.0;0.0;0.0;1509_direct_carried;;;4.2;731.8;189;0;0;2;0;1502
1392387;1787848982375;17.0;81;91;RECOVERING_AFTER_LOAD;50.9;0.0;0.0;0.0;1509_direct_carried;;;4.2;731.8;170;0;0;2;0;1505
1392599;1787848982587;17.0;81;91;RECOVERING_AFTER_LOAD;50.9;0.0;0.0;0.0;1509_direct_carried;;;4.2;731.8;170;0;0;2;0;1506
1393007;1787848982995;17.0;81;91;RECOVERING_AFTER_LOAD;50.9;0.0;0.0;0.0;1509_direct_carried;;;4.2;731.8;170;0;0;2;0;1508
1393216;1787848983204;17.0;81;91;RECOVERING_AFTER_LOAD;49.9;8.0;399.0;399.2;1509_direct;;;4.2;731.8;170;399;0;2;0;1509
1393429;1787848983417;17.0;81;91;RECOVERING_AFTER_LOAD;49.9;8.0;399.0;399.2;1509_direct_carried;;;4.2;731.8;170;399;0;2;0;150A
1393637;1787848983625;17.0;81;91;RECOVERING_AFTER_LOAD;49.9;8.0;399.0;399.2;1509_direct_carried;;;4.2;731.8;170;399;0;2;0;150B
1393848;1787848983836;17.0;81;91;RECOVERING_AFTER_LOAD;49.9;8.0;399.0;399.2;1509_direct_carried;;;4.2;731.8;170;399;0;2;0;150D
1394887;1787848984875;17.0;81;91;RECOVERING_AFTER_LOAD;49.9;8.0;399.0;399.2;1509_direct_carried;;;4.2;731.8;170;399;0;2;0;1502
1395307;1787848985295;15.9;81;91;RECOVERING_AFTER_LOAD;49.9;8.0;399.0;399.2;1509_direct_carried;;;4.2;731.8;159;399;0;2;0;1505
1395520;1787848985508;15.9;81;91;RECOVERING_AFTER_LOAD;49.9;8.0;399.0;399.2;1509_direct_carried;;;4.2;731.8;159;399;0;2;0;1506
1395938;1787848985926;15.9;81;91;RECOVERING_AFTER_LOAD;49.9;8.0;399.0;399.2;1509_direct_carried;;;4.2;731.8;159;399;0;2;0;1508
1396147;1787848986135;15.9;81;91;RECOVERING_AFTER_LOAD;51.1;0.0;0.0;0.0;1509_direct;;;4.2;731.8;159;0;0;2;0;1509
1396348;1787848986336;15.9;81;91;RECOVERING_AFTER_LOAD;51.1;0.0;0.0;0.0;1509_direct_carried;;;4.2;731.8;159;0;0;2;0;150A
1396559;1787848986547;15.9;81;91;RECOVERING_AFTER_LOAD;51.1;0.0;0.0;0.0;1509_direct_carried;;;4.2;731.8;159;0;0;2;0;150B
1396769;1787848986757;15.9;81;91;RECOVERING_AFTER_LOAD;51.1;0.0;0.0;0.0;1509_direct_carried;;;4.2;731.8;159;0;0;2;0;150D
1397818;1787848987806;15.9;81;91;RECOVERING_AFTER_LOAD;51.1;0.0;0.0;0.0;1509_direct_carried;;;4.2;731.8;159;0;0;2;0;1502
1398227;1787848988215;10.5;81;91;RECOVERING_AFTER_LOAD;51.1;0.0;0.0;0.0;1509_direct_carried;;;4.2;731.8;105;0;0;2;0;1505
1398441;1787848988429;10.5;81;91;RECOVERING_AFTER_LOAD;51.1;0.0;0.0;0.0;1509_direct_carried;;;4.2;731.8;105;0;0;2;0;1506
1398859;1787848988847;10.5;81;91;RECOVERING_AFTER_LOAD;51.1;0.0;0.0;0.0;1509_direct_carried;;;4.2;731.8;105;0;0;2;0;1508
1399066;1787848989054;10.5;81;91;RECOVERING_AFTER_LOAD;50.7;1.0;50.0;50.7;1509_direct;;;4.2;731.8;105;50;0;2;0;1509
1399275;1787848989263;10.5;81;91;RECOVERING_AFTER_LOAD;50.7;1.0;50.0;50.7;1509_direct_carried;;;4.2;731.8;105;50;0;2;0;150A
1399485;1787848989473;10.5;81;91;RECOVERING_AFTER_LOAD;50.7;1.0;50.0;50.7;1509_direct_carried;;;4.2;731.8;105;50;0;2;0;150B
1399695;1787848989683;10.5;81;91;RECOVERING_AFTER_LOAD;50.7;1.0;50.0;50.7;1509_direct_carried;;;4.2;731.8;105;50;0;2;0;150D
1400735;1787848990723;10.5;81;91;RECOVERING_AFTER_LOAD;50.7;1.0;50.0;50.7;1509_direct_carried;;;4.2;731.8;105;50;0;2;0;1502
1401157;1787848991145;10.1;81;91;RECOVERING_AFTER_LOAD;50.7;1.0;50.0;50.7;1509_direct_carried;;;4.2;731.8;101;50;0;2;0;1505
1401365;1787848991353;10.1;81;91;RECOVERING_AFTER_LOAD;50.7;1.0;50.0;50.7;1509_direct_carried;;;4.2;731.8;101;50;0;2;0;1506
1401777;1787848991765;10.1;81;91;RECOVERING_AFTER_LOAD;50.7;1.0;50.0;50.7;1509_direct_carried;;;4.2;731.8;101;50;0;2;0;1508
1401991;1787848991979;10.1;81;91;RECOVERING_AFTER_LOAD;50.8;1.0;50.0;50.8;1509_direct;;;4.2;731.8;101;50;0;2;0;1509
1402196;1787848992184;10.1;81;91;RECOVERING_AFTER_LOAD;50.8;1.0;50.0;50.8;1509_direct_carried;;;4.2;731.8;101;50;0;2;0;150A
1402410;1787848992398;10.1;81;91;RECOVERING_AFTER_LOAD;50.8;1.0;50.0;50.8;1509_direct_carried;;;4.2;731.8;101;50;0;2;0;150B
1402616;1787848992604;10.1;81;91;RECOVERING_AFTER_LOAD;50.8;1.0;50.0;50.8;1509_direct_carried;;;4.2;731.8;101;50;0;2;0;150D
1403659;1787848993647;10.1;81;91;RECOVERING_AFTER_LOAD;50.8;1.0;50.0;50.8;1509_direct_carried;;;4.2;731.8;101;50;0;2;0;1502
1404080;1787848994068;8.4;81;91;RECOVERING_AFTER_LOAD;50.8;1.0;50.0;50.8;1509_direct_carried;;;4.2;731.8;84;50;0;2;0;1505
1404285;1787848994273;8.4;81;91;RECOVERING_AFTER_LOAD;50.8;1.0;50.0;50.8;1509_direct_carried;;;4.2;731.8;84;50;0;2;0;1506
1404707;1787848994695;8.4;81;91;RECOVERING_AFTER_LOAD;50.8;1.0;50.0;50.8;1509_direct_carried;;;4.2;731.8;84;50;0;2;0;1508
1404920;1787848994908;8.4;81;91;RECOVERING_AFTER_LOAD;51.0;0.0;0.0;0.0;1509_direct;;;4.2;731.8;84;0;0;2;0;1509
1405118;1787848995106;8.4;81;91;RECOVERING_AFTER_LOAD;51.0;0.0;0.0;0.0;1509_direct_carried;;;4.2;731.8;84;0;0;2;0;150A
1405330;1787848995318;8.4;81;91;RECOVERING_AFTER_LOAD;51.0;0.0;0.0;0.0;1509_direct_carried;;;4.2;731.8;84;0;0;2;0;150B
1405537;1787848995525;8.4;81;91;RECOVERING_AFTER_LOAD;51.0;0.0;0.0;0.0;1509_direct_carried;;;4.2;731.8;84;0;0;2;0;150D
1406590;1787848996578;8.4;81;91;RECOVERING_AFTER_LOAD;51.0;0.0;0.0;0.0;1509_direct_carried;;;4.2;731.8;84;0;0;2;0;1502
1406999;1787848996987;6.4;81;91;RECOVERING_AFTER_LOAD;51.0;0.0;0.0;0.0;1509_direct_carried;;;4.2;731.8;64;0;0;2;0;1505
1407208;1787848997196;6.4;81;91;RECOVERING_AFTER_LOAD;51.0;0.0;0.0;0.0;1509_direct_carried;;;4.2;731.8;64;0;0;2;0;1506
1407627;1787848997615;6.4;81;91;RECOVERING_AFTER_LOAD;51.0;0.0;0.0;0.0;1509_direct_carried;;;4.2;731.8;64;0;0;2;0;1508
1407838;1787848997826;6.4;81;91;RECOVERING_AFTER_LOAD;51.0;1.0;101.0;51.0;1509_direct;;;4.2;731.8;64;101;0;2;0;1509
1408048;1787848998036;6.4;81;91;RECOVERING_AFTER_LOAD;51.0;1.0;101.0;51.0;1509_direct_carried;;;4.2;731.8;64;101;0;2;0;150A
1408259;1787848998247;6.4;81;91;RECOVERING_AFTER_LOAD;51.0;1.0;101.0;51.0;1509_direct_carried;;;4.2;731.8;64;101;0;2;0;150B
1408467;1787848998455;6.4;81;91;RECOVERING_AFTER_LOAD;51.0;1.0;101.0;51.0;1509_direct_carried;;;4.2;731.8;64;101;0;2;0;150D
1409520;1787848999508;6.4;81;91;RECOVERING_AFTER_LOAD;51.0;1.0;101.0;51.0;1509_direct_carried;;;4.2;731.8;64;101;0;2;0;1502
1409931;1787848999919;4.3;81;91;RECOVERING_AFTER_LOAD;51.0;1.0;101.0;51.0;1509_direct_carried;;;4.2;731.8;43;101;0;2;0;1505
1410139;1787849000127;4.3;81;91;RECOVERING_AFTER_LOAD;51.0;1.0;101.0;51.0;1509_direct_carried;;;4.2;731.8;43;101;0;2;0;1506
1410551;1787849000539;4.3;81;91;RECOVERING_AFTER_LOAD;51.0;1.0;101.0;51.0;1509_direct_carried;;;4.2;731.8;43;101;0;2;0;1508
1410758;1787849000746;4.3;81;91;RECOVERING_AFTER_LOAD;50.5;4.0;202.0;202.0;1509_direct;;;4.2;731.8;43;202;0;2;0;1509
1410969;1787849000957;4.3;81;91;RECOVERING_AFTER_LOAD;50.5;4.0;202.0;202.0;1509_direct_carried;;;4.2;731.8;43;202;0;2;0;150A
1411179;1787849001167;4.3;81;91;RECOVERING_AFTER_LOAD;50.5;4.0;202.0;202.0;1509_direct_carried;;;4.2;731.8;43;202;0;2;0;150B
1411389;1787849001377;4.3;81;91;RECOVERING_AFTER_LOAD;50.5;4.0;202.0;202.0;1509_direct_carried;;;4.2;731.8;43;202;0;2;0;150D
1412427;1787849002415;4.3;81;91;RECOVERING_AFTER_LOAD;50.5;4.0;202.0;202.0;1509_direct_carried;;;4.2;731.8;43;202;0;2;0;1502
1412845;1787849002833;6.2;81;91;RECOVERING_AFTER_LOAD;50.5;4.0;202.0;202.0;1509_direct_carried;;;4.2;731.8;62;202;0;2;0;1505
1413057;1787849003045;6.2;81;91;RECOVERING_AFTER_LOAD;50.5;4.0;202.0;202.0;1509_direct_carried;;;4.2;731.8;62;202;0;2;0;1506
1413480;1787849003468;6.2;81;91;RECOVERING_AFTER_LOAD;50.5;4.0;202.0;202.0;1509_direct_carried;;;4.2;731.8;62;202;0;1;0;1508
1413679;1787849003667;6.2;81;91;RECOVERING_AFTER_LOAD;51.0;0.0;0.0;0.0;1509_direct;;;4.2;731.8;62;0;0;1;0;1509
1413886;1787849003874;6.2;81;91;RECOVERING_AFTER_LOAD;51.0;0.0;0.0;0.0;1509_direct_carried;;;4.2;731.8;62;0;0;1;0;150A
1414095;1787849004083;6.2;81;91;RECOVERING_AFTER_LOAD;51.0;0.0;0.0;0.0;1509_direct_carried;;;4.2;731.8;62;0;0;1;0;150B
1414310;1787849004298;6.2;81;91;RECOVERING_AFTER_LOAD;51.0;0.0;0.0;0.0;1509_direct_carried;;;4.2;731.8;62;0;0;1;0;150D
1415355;1787849005343;6.2;81;91;RECOVERING_AFTER_LOAD;51.0;0.0;0.0;0.0;1509_direct_carried;;;4.2;731.8;62;0;0;1;0;1502
1415768;1787849005756;5.6;81;91;RECOVERING_AFTER_LOAD;51.0;0.0;0.0;0.0;1509_direct_carried;;;4.2;731.8;56;0;0;1;0;1505
1415979;1787849005967;5.6;81;91;RECOVERING_AFTER_LOAD;51.0;0.0;0.0;0.0;1509_direct_carried;;;4.3;731.9;56;0;0;1;0;1506
1416399;1787849006387;5.6;81;91;RECOVERING_AFTER_LOAD;51.0;0.0;0.0;0.0;1509_direct_carried;;;4.3;731.9;56;0;0;1;0;1508
1416607;1787849006595;5.6;81;91;RECOVERING_AFTER_LOAD;51.1;0.0;0.0;0.0;1509_direct;;;4.3;731.9;56;0;0;1;0;1509
1416816;1787849006804;5.6;81;91;RECOVERING_AFTER_LOAD;51.1;0.0;0.0;0.0;1509_direct_carried;;;4.3;731.9;56;0;0;1;0;150A
1417025;1787849007013;5.6;81;91;RECOVERING_AFTER_LOAD;51.1;0.0;0.0;0.0;1509_direct_carried;;;4.3;731.9;56;0;0;1;0;150B
1417228;1787849007216;5.6;81;91;RECOVERING_AFTER_LOAD;51.1;0.0;0.0;0.0;1509_direct_carried;;;4.3;731.9;56;0;0;1;0;150D
1418275;1787849008263;5.6;81;91;RECOVERING_AFTER_LOAD;51.1;0.0;0.0;0.0;1509_direct_carried;;;4.3;731.9;56;0;0;1;0;1502
1418699;1787849008687;5.5;81;91;RECOVERING_AFTER_LOAD;51.1;0.0;0.0;0.0;1509_direct_carried;;;4.3;731.9;55;0;0;1;0;1505
1418902;1787849008890;5.5;81;91;RECOVERING_AFTER_LOAD;51.1;0.0;0.0;0.0;1509_direct_carried;;;4.3;731.9;55;0;0;1;0;1506
1419316;1787849009304;5.5;81;91;RECOVERING_AFTER_LOAD;51.1;0.0;0.0;0.0;1509_direct_carried;;;4.3;731.9;55;0;0;1;0;1508
1419525;1787849009513;5.5;81;91;RECOVERING_AFTER_LOAD;49.4;9.0;444.0;444.59999999999997;1509_direct;;;4.3;731.9;55;444;0;1;0;1509
1419734;1787849009722;5.5;81;91;RECOVERING_AFTER_LOAD;49.4;9.0;444.0;444.59999999999997;1509_direct_carried;;;4.3;731.9;55;444;0;1;0;150A
1419946;1787849009934;5.5;81;91;RECOVERING_AFTER_LOAD;49.4;9.0;444.0;444.59999999999997;1509_direct_carried;;;4.3;731.9;55;444;0;1;0;150B
1420155;1787849010143;5.5;81;91;RECOVERING_AFTER_LOAD;49.4;9.0;444.0;444.59999999999997;1509_direct_carried;;;4.3;731.9;55;444;0;1;0;150D
1421201;1787849011189;5.5;81;91;RECOVERING_AFTER_LOAD;49.4;9.0;444.0;444.59999999999997;1509_direct_carried;;;4.3;731.9;55;444;0;1;0;1502
1421620;1787849011608;2.6;81;91;RECOVERING_AFTER_LOAD;49.4;9.0;444.0;444.59999999999997;1509_direct_carried;;;4.3;731.9;26;444;0;1;0;1505
1421827;1787849011815;2.6;81;91;RECOVERING_AFTER_LOAD;49.4;9.0;444.0;444.59999999999997;1509_direct_carried;;;4.3;731.9;26;444;0;1;0;1506
1422247;1787849012235;2.6;81;91;RECOVERING_AFTER_LOAD;49.4;9.0;444.0;444.59999999999997;1509_direct_carried;;;4.3;731.9;26;444;0;1;0;1508
1422450;1787849012438;2.6;81;91;RECOVERING_AFTER_LOAD;51.0;0.0;0.0;0.0;1509_direct;;;4.3;731.9;26;0;0;1;0;1509
1422657;1787849012645;2.6;81;91;RECOVERING_AFTER_LOAD;51.0;0.0;0.0;0.0;1509_direct_carried;;;4.3;731.9;26;0;0;1;0;150A
1422867;1787849012855;2.6;81;91;RECOVERING_AFTER_LOAD;51.0;0.0;0.0;0.0;1509_direct_carried;;;4.3;731.9;26;0;0;1;0;150B
1423078;1787849013066;2.6;81;91;RECOVERING_AFTER_LOAD;51.0;0.0;0.0;0.0;1509_direct_carried;;;4.3;731.9;26;0;0;1;0;150D
1424117;1787849014105;2.6;81;91;RECOVERING_AFTER_LOAD;51.0;0.0;0.0;0.0;1509_direct_carried;;;4.3;731.9;26;0;0;1;0;1502
1424540;1787849014528;0.1;81;91;RECOVERING_AFTER_LOAD;51.0;0.0;0.0;0.0;1509_direct_carried;;;4.3;731.9;1;0;0;1;0;1505
1424753;1787849014741;0.1;81;91;RECOVERING_AFTER_LOAD;51.0;0.0;0.0;0.0;1509_direct_carried;;;4.3;731.9;1;0;0;1;0;1506
1425168;1787849015156;0.1;81;91;RECOVERING_AFTER_LOAD;51.0;0.0;0.0;0.0;1509_direct_carried;;;4.3;731.9;1;0;0;1;0;1508
1425380;1787849015368;0.1;81;91;RECOVERING_AFTER_LOAD;51.1;0.0;0.0;0.0;1509_direct;;;4.3;731.9;1;0;0;1;0;1509
1425590;1787849015578;0.1;81;91;RECOVERING_AFTER_LOAD;51.1;0.0;0.0;0.0;1509_direct_carried;;;4.3;731.9;1;0;0;1;0;150A
1425787;1787849015775;0.1;81;91;RECOVERING_AFTER_LOAD;51.1;0.0;0.0;0.0;1509_direct_carried;;;4.3;731.9;1;0;0;1;0;150B
1426000;1787849015988;0.1;81;91;RECOVERING_AFTER_LOAD;51.1;0.0;0.0;0.0;1509_direct_carried;;;4.3;731.9;1;0;0;1;0;150D
1427051;1787849017039;0.1;81;91;RECOVERING_AFTER_LOAD;51.1;0.0;0.0;0.0;1509_direct_carried;;;4.3;731.9;1;0;0;1;0;1502
1427468;1787849017456;0.0;81;91;RECOVERING_AFTER_LOAD;51.1;0.0;0.0;0.0;1509_direct_carried;;;4.3;731.9;0;0;0;1;0;1505
1427669;1787849017657;0.0;81;91;RECOVERING_AFTER_LOAD;51.1;0.0;0.0;0.0;1509_direct_carried;;;4.3;731.9;0;0;0;1;0;1506
1428088;1787849018076;0.0;81;91;RECOVERING_AFTER_LOAD;51.1;0.0;0.0;0.0;1509_direct_carried;;;4.3;731.9;0;0;0;1;0;1508
1428300;1787849018288;0.0;81;91;RECOVERING_AFTER_LOAD;51.1;0.0;0.0;0.0;1509_direct;;;4.3;731.9;0;0;0;1;0;1509
1428509;1787849018497;0.0;81;91;RECOVERING_AFTER_LOAD;51.1;0.0;0.0;0.0;1509_direct_carried;;;4.3;731.9;0;0;0;1;0;150A
1428720;1787849018708;0.0;81;91;RECOVERING_AFTER_LOAD;51.1;0.0;0.0;0.0;1509_direct_carried;;;4.3;731.9;0;0;0;1;0;150B
1428931;1787849018919;0.0;81;91;RECOVERING_AFTER_LOAD;51.1;0.0;0.0;0.0;1509_direct_carried;;;4.3;731.9;0;0;0;1;0;150D
1429967;1787849019955;0.0;81;91;RECOVERING_AFTER_LOAD;51.1;0.0;0.0;0.0;1509_direct_carried;;;4.3;731.9;0;0;0;1;0;1502
1430389;1787849020377;0.0;81;91;RECOVERING_AFTER_LOAD;51.1;0.0;0.0;0.0;1509_direct_carried;;;4.3;731.9;0;0;0;1;0;1505
1430604;1787849020592;0.0;81;91;RECOVERING_AFTER_LOAD;51.1;0.0;0.0;0.0;1509_direct_carried;;;4.3;731.9;0;0;0;1;0;1506
1431008;1787849020996;0.0;81;91;RECOVERING_AFTER_LOAD;51.1;0.0;0.0;0.0;1509_direct_carried;;;4.3;731.9;0;0;0;1;0;1508
1431216;1787849021204;0.0;81;91;RECOVERING_AFTER_LOAD;51.1;0.0;0.0;0.0;1509_direct;;;4.3;731.9;0;0;0;1;0;1509
1431429;1787849021417;0.0;81;91;RECOVERING_AFTER_LOAD;51.1;0.0;0.0;0.0;1509_direct_carried;;;4.3;731.9;0;0;0;1;0;150A
1431646;1787849021634;0.0;81;91;RECOVERING_AFTER_LOAD;51.1;0.0;0.0;0.0;1509_direct_carried;;;4.3;731.9;0;0;0;1;0;150B
1431846;1787849021834;0.0;81;91;RECOVERING_AFTER_LOAD;51.1;0.0;0.0;0.0;1509_direct_carried;;;4.3;731.9;0;0;0;1;0;150D
1432888;1787849022876;0.0;81;91;RECOVERING_AFTER_LOAD;51.1;0.0;0.0;0.0;1509_direct_carried;;;4.3;731.9;0;0;0;1;0;1502
1433309;1787849023297;0.0;81;91;RECOVERING_AFTER_LOAD;51.1;0.0;0.0;0.0;1509_direct_carried;;;4.3;731.9;0;0;0;1;0;1505
1433516;1787849023504;0.0;81;91;RECOVERING_AFTER_LOAD;51.1;0.0;0.0;0.0;1509_direct_carried;;;4.3;731.9;0;0;0;1;0;1506
1433936;1787849023924;0.0;81;91;RECOVERING_AFTER_LOAD;51.1;0.0;0.0;0.0;1509_direct_carried;;;4.3;731.9;0;0;0;1;0;1508
1434150;1787849024138;0.0;81;91;RECOVERING_AFTER_LOAD;51.1;0.0;0.0;0.0;1509_direct;;;4.3;731.9;0;0;0;1;0;1509
1434349;1787849024337;0.0;81;91;RECOVERING_AFTER_LOAD;51.1;0.0;0.0;0.0;1509_direct_carried;;;4.3;731.9;0;0;0;1;0;150A
1434556;1787849024544;0.0;81;91;RECOVERING_AFTER_LOAD;51.1;0.0;0.0;0.0;1509_direct_carried;;;4.3;731.9;0;0;0;1;0;150B
1434767;1787849024755;0.0;81;91;RECOVERING_AFTER_LOAD;51.1;0.0;0.0;0.0;1509_direct_carried;;;4.3;731.9;0;0;0;1;0;150D
1435816;1787849025804;0.0;81;91;RECOVERING_AFTER_LOAD;51.1;0.0;0.0;0.0;1509_direct_carried;;;4.3;731.9;0;0;0;1;0;1502
1436229;1787849026217;0.0;81;91;RECOVERING_AFTER_LOAD;51.1;0.0;0.0;0.0;1509_direct_carried;;;4.3;731.9;0;0;0;1;0;1505
1436438;1787849026426;0.0;81;91;RECOVERING_AFTER_LOAD;51.1;0.0;0.0;0.0;1509_direct_carried;;;4.3;731.9;0;0;0;1;0;1506
1436858;1787849026846;0.0;81;91;RECOVERING_AFTER_LOAD;51.1;0.0;0.0;0.0;1509_direct_carried;;;4.3;731.9;0;0;0;1;0;1508
1437069;1787849027057;0.0;81;91;RECOVERING_AFTER_LOAD;51.1;0.0;0.0;0.0;1509_direct;;;4.3;731.9;0;0;0;1;0;1509
1437280;1787849027268;0.0;81;91;RECOVERING_AFTER_LOAD;51.1;0.0;0.0;0.0;1509_direct_carried;;;4.3;731.9;0;0;0;1;0;150A
1437498;1787849027486;0.0;81;91;RECOVERING_AFTER_LOAD;51.1;0.0;0.0;0.0;1509_direct_carried;;;4.3;731.9;0;0;0;1;0;150B
1437695;1787849027683;0.0;81;91;RECOVERING_AFTER_LOAD;51.1;0.0;0.0;0.0;1509_direct_carried;;;4.3;731.9;0;0;0;1;0;150D
1438737;1787849028725;0.0;81;91;RECOVERING_AFTER_LOAD;51.1;0.0;0.0;0.0;1509_direct_carried;;;4.3;731.9;0;0;0;1;0;1502
1439157;1787849029145;0.0;81;91;RECOVERING_AFTER_LOAD;51.1;0.0;0.0;0.0;1509_direct_carried;;;4.3;731.9;0;0;0;1;0;1505
1439368;1787849029356;0.0;81;91;RECOVERING_AFTER_LOAD;51.1;0.0;0.0;0.0;1509_direct_carried;;;4.3;731.9;0;0;0;1;0;1506
1439779;1787849029767;0.0;81;91;RECOVERING_AFTER_LOAD;51.1;0.0;0.0;0.0;1509_direct_carried;;;4.3;731.9;0;0;0;1;0;1508
1439990;1787849029978;0.0;81;91;RECOVERING_AFTER_LOAD;51.1;0.0;0.0;0.0;1509_direct;;;4.3;731.9;0;0;0;1;0;1509
1440199;1787849030187;0.0;81;91;RECOVERING_AFTER_LOAD;51.1;0.0;0.0;0.0;1509_direct_carried;;;4.3;731.9;0;0;0;1;0;150A
1440412;1787849030400;0.0;81;91;RECOVERING_AFTER_LOAD;51.1;0.0;0.0;0.0;1509_direct_carried;;;4.3;731.9;0;0;0;1;0;150B
1440620;1787849030608;0.0;81;91;RECOVERING_AFTER_LOAD;51.1;0.0;0.0;0.0;1509_direct_carried;;;4.3;731.9;0;0;0;1;0;150D
1441660;1787849031648;0.0;81;91;RECOVERING_AFTER_LOAD;51.1;0.0;0.0;0.0;1509_direct_carried;;;4.3;731.9;0;0;0;1;0;1502
1442083;1787849032071;0.0;81;91;RECOVERING_AFTER_LOAD;51.1;0.0;0.0;0.0;1509_direct_carried;;;4.3;731.9;0;0;0;1;0;1505
1442289;1787849032277;0.0;81;91;RECOVERING_AFTER_LOAD;51.1;0.0;0.0;0.0;1509_direct_carried;;;4.3;731.9;0;0;0;1;0;1506
1442707;1787849032695;0.0;81;91;RECOVERING_AFTER_LOAD;51.1;0.0;0.0;0.0;1509_direct_carried;;;4.3;731.9;0;0;0;1;0;1508
1442918;1787849032906;0.0;81;91;RECOVERING_AFTER_LOAD;51.1;0.0;0.0;0.0;1509_direct;;;4.3;731.9;0;0;0;1;0;1509
1443118;1787849033106;0.0;81;91;RECOVERING_AFTER_LOAD;51.1;0.0;0.0;0.0;1509_direct_carried;;;4.3;731.9;0;0;0;1;0;150A
1443328;1787849033316;0.0;81;91;RECOVERING_AFTER_LOAD;51.1;0.0;0.0;0.0;1509_direct_carried;;;4.3;731.9;0;0;0;1;0;150B
1443542;1787849033530;0.0;81;91;RECOVERING_AFTER_LOAD;51.1;0.0;0.0;0.0;1509_direct_carried;;;4.3;731.9;0;0;0;1;0;150D
1444588;1787849034576;0.0;81;91;RECOVERING_AFTER_LOAD;51.1;0.0;0.0;0.0;1509_direct_carried;;;4.3;731.9;0;0;0;1;0;1502
1445001;1787849034989;0.0;81;91;RECOVERING_AFTER_LOAD;51.1;0.0;0.0;0.0;1509_direct_carried;;;4.3;731.9;0;0;0;1;0;1505
1445210;1787849035198;0.0;81;91;RECOVERING_AFTER_LOAD;51.1;0.0;0.0;0.0;1509_direct_carried;;;4.3;731.9;0;0;0;1;0;1506
1445628;1787849035616;0.0;81;91;RECOVERING_AFTER_LOAD;51.1;0.0;0.0;0.0;1509_direct_carried;;;4.3;731.9;0;0;0;1;0;1508
1445837;1787849035825;0.0;81;91;RECOVERING_AFTER_LOAD;51.1;0.0;0.0;0.0;1509_direct;;;4.3;731.9;0;0;0;1;0;1509
1446047;1787849036035;0.0;81;91;RECOVERING_AFTER_LOAD;51.1;0.0;0.0;0.0;1509_direct_carried;;;4.3;731.9;0;0;0;1;0;150A
1446258;1787849036246;0.0;81;91;RECOVERING_AFTER_LOAD;51.1;0.0;0.0;0.0;1509_direct_carried;;;4.3;731.9;0;0;0;1;0;150B
1446472;1787849036460;0.0;81;91;RECOVERING_AFTER_LOAD;51.1;0.0;0.0;0.0;1509_direct_carried;;;4.3;731.9;0;0;0;1;0;150D
1447507;1787849037495;0.0;81;91;RECOVERING_AFTER_LOAD;51.1;0.0;0.0;0.0;1509_direct_carried;;;4.3;731.9;0;0;0;1;0;1502
1447930;1787849037918;0.0;81;91;RECOVERING_AFTER_LOAD;51.1;0.0;0.0;0.0;1509_direct_carried;;;4.3;731.9;0;0;0;1;0;1505
1448138;1787849038126;0.0;81;91;RECOVERING_AFTER_LOAD;51.1;0.0;0.0;0.0;1509_direct_carried;;;4.3;731.9;0;0;0;1;0;1506
1448548;1787849038536;0.0;81;91;RECOVERING_AFTER_LOAD;51.1;0.0;0.0;0.0;1509_direct_carried;;;4.3;731.9;0;0;0;1;0;1508
1448758;1787849038746;0.0;81;91;RECOVERING_AFTER_LOAD;51.1;0.0;0.0;0.0;1509_direct;;;4.3;731.9;0;0;0;1;0;1509
1448968;1787849038956;0.0;81;91;RECOVERING_AFTER_LOAD;51.1;0.0;0.0;0.0;1509_direct_carried;;;4.3;731.9;0;0;0;1;0;150A
1449177;1787849039165;0.0;81;91;RECOVERING_AFTER_LOAD;51.1;0.0;0.0;0.0;1509_direct_carried;;;4.3;731.9;0;0;0;1;0;150B
1449388;1787849039376;0.0;81;91;RECOVERING_AFTER_LOAD;51.1;0.0;0.0;0.0;1509_direct_carried;;;4.3;731.9;0;0;0;1;0;150D
1450432;1787849040420;0.0;81;91;RECOVERING_AFTER_LOAD;51.1;0.0;0.0;0.0;1509_direct_carried;;;4.3;731.9;0;0;0;1;0;1502
1450848;1787849040836;0.0;81;91;RECOVERING_AFTER_LOAD;51.1;0.0;0.0;0.0;1509_direct_carried;;;4.3;731.9;0;0;0;1;0;1505
1451056;1787849041044;0.0;81;91;RECOVERING_AFTER_LOAD;51.1;0.0;0.0;0.0;1509_direct_carried;;;4.3;731.9;0;0;0;1;0;1506
1451476;1787849041464;0.0;81;91;RECOVERING_AFTER_LOAD;51.1;0.0;0.0;0.0;1509_direct_carried;;;4.3;731.9;0;0;0;1;0;1508
1451690;1787849041678;0.0;81;91;RECOVERING_AFTER_LOAD;51.1;0.0;0.0;0.0;1509_direct;;;4.3;731.9;0;0;0;1;0;1509
1451897;1787849041885;0.0;81;91;RECOVERING_AFTER_LOAD;51.1;0.0;0.0;0.0;1509_direct_carried;;;4.3;731.9;0;0;0;1;0;150A
1452107;1787849042095;0.0;81;91;RECOVERING_AFTER_LOAD;51.1;0.0;0.0;0.0;1509_direct_carried;;;4.3;731.9;0;0;0;1;0;150B
1452306;1787849042294;0.0;81;91;RECOVERING_AFTER_LOAD;51.1;0.0;0.0;0.0;1509_direct_carried;;;4.3;731.9;0;0;0;1;0;150D
1453359;1787849043347;0.0;81;91;RECOVERING_AFTER_LOAD;51.1;0.0;0.0;0.0;1509_direct_carried;;;4.3;731.9;0;0;0;1;0;1502
1453779;1787849043767;0.0;81;91;RECOVERING_AFTER_LOAD;51.1;0.0;0.0;0.0;1509_direct_carried;;;4.3;731.9;0;0;0;1;0;1505
1453980;1787849043968;0.0;81;91;RECOVERING_AFTER_LOAD;51.1;0.0;0.0;0.0;1509_direct_carried;;;4.3;731.9;0;0;0;1;0;1506
1454398;1787849044386;0.0;81;91;RECOVERING_AFTER_LOAD;51.1;0.0;0.0;0.0;1509_direct_carried;;;4.3;731.9;0;0;0;1;0;1508
1454608;1787849044596;0.0;81;91;RECOVERING_AFTER_LOAD;51.1;0.0;0.0;0.0;1509_direct;;;4.3;731.9;0;0;0;1;0;1509
1454820;1787849044808;0.0;81;91;RECOVERING_AFTER_LOAD;51.1;0.0;0.0;0.0;1509_direct_carried;;;4.3;731.9;0;0;0;1;0;150A
1455029;1787849045017;0.0;81;91;RECOVERING_AFTER_LOAD;51.1;0.0;0.0;0.0;1509_direct_carried;;;4.3;731.9;0;0;0;1;0;150B
1455239;1787849045227;0.0;81;91;RECOVERING_AFTER_LOAD;51.1;0.0;0.0;0.0;1509_direct_carried;;;4.3;731.9;0;0;0;1;0;150D
1456280;1787849046268;0.0;81;91;RECOVERING_AFTER_LOAD;51.1;0.0;0.0;0.0;1509_direct_carried;;;4.3;731.9;0;0;0;1;0;1502
1456697;1787849046685;0.0;81;91;RECOVERING_AFTER_LOAD;51.1;0.0;0.0;0.0;1509_direct_carried;;;4.3;731.9;0;0;0;1;0;1505
1456909;1787849046897;0.0;81;91;RECOVERING_AFTER_LOAD;51.1;0.0;0.0;0.0;1509_direct_carried;;;4.3;731.9;0;0;0;1;0;1506
1457329;1787849047317;0.0;81;91;RECOVERING_AFTER_LOAD;51.1;0.0;0.0;0.0;1509_direct_carried;;;4.3;731.9;0;0;0;1;0;1508
1457527;1787849047515;0.0;81;91;RECOVERING_AFTER_LOAD;51.1;0.0;0.0;0.0;1509_direct;;;4.3;731.9;0;0;0;1;0;1509
1457740;1787849047728;0.0;81;91;RECOVERING_AFTER_LOAD;51.1;0.0;0.0;0.0;1509_direct_carried;;;4.3;731.9;0;0;0;1;0;150A
1457949;1787849047937;0.0;81;91;RECOVERING_AFTER_LOAD;51.1;0.0;0.0;0.0;1509_direct_carried;;;4.3;731.9;0;0;0;1;0;150B
1458160;1787849048148;0.0;81;91;RECOVERING_AFTER_LOAD;51.1;0.0;0.0;0.0;1509_direct_carried;;;4.3;731.9;0;0;0;1;0;150D
1459209;1787849049197;0.0;81;91;RECOVERING_AFTER_LOAD;51.1;0.0;0.0;0.0;1509_direct_carried;;;4.3;731.9;0;0;0;1;0;1502
1459618;1787849049606;0.0;81;91;RECOVERING_AFTER_LOAD;51.1;0.0;0.0;0.0;1509_direct_carried;;;4.3;731.9;0;0;0;1;0;1505
1459826;1787849049814;0.0;81;91;RECOVERING_AFTER_LOAD;51.1;0.0;0.0;0.0;1509_direct_carried;;;4.3;731.9;0;0;0;1;0;1506
1460250;1787849050238;0.0;81;91;RECOVERING_AFTER_LOAD;51.1;0.0;0.0;0.0;1509_direct_carried;;;4.3;731.9;0;0;0;1;0;1508
1460458;1787849050446;0.0;81;91;RECOVERING_AFTER_LOAD;51.1;0.0;0.0;0.0;1509_direct;;;4.3;731.9;0;0;0;1;0;1509
1460669;1787849050657;0.0;81;91;RECOVERING_AFTER_LOAD;51.1;0.0;0.0;0.0;1509_direct_carried;;;4.3;731.9;0;0;0;1;0;150A
1460879;1787849050867;0.0;81;91;RECOVERING_AFTER_LOAD;51.1;0.0;0.0;0.0;1509_direct_carried;;;4.3;731.9;0;0;0;1;0;150B
1461088;1787849051076;0.0;81;91;RECOVERING_AFTER_LOAD;51.1;0.0;0.0;0.0;1509_direct_carried;;;4.3;731.9;0;0;0;1;0;150D
1462127;1787849052115;0.0;81;91;RECOVERING_AFTER_LOAD;51.1;0.0;0.0;0.0;1509_direct_carried;;;4.3;731.9;0;0;0;1;0;1502
1462549;1787849052537;0.0;81;91;RECOVERING_AFTER_LOAD;51.1;0.0;0.0;0.0;1509_direct_carried;;;4.3;731.9;0;0;0;1;0;1505
1462760;1787849052748;0.0;81;91;RECOVERING_AFTER_LOAD;51.1;0.0;0.0;0.0;1509_direct_carried;;;4.3;731.9;0;0;0;1;0;1506
1463169;1787849053157;0.0;81;91;RECOVERING_AFTER_LOAD;51.1;0.0;0.0;0.0;1509_direct_carried;;;4.3;731.9;0;0;0;1;0;1508
1463379;1787849053367;0.0;81;91;RECOVERING_AFTER_LOAD;51.1;0.0;0.0;0.0;1509_direct;;;4.3;731.9;0;0;0;1;0;1509
1463589;1787849053577;0.0;81;91;RECOVERING_AFTER_LOAD;51.1;0.0;0.0;0.0;1509_direct_carried;;;4.3;731.9;0;0;0;1;0;150A
1463798;1787849053786;0.0;81;91;RECOVERING_AFTER_LOAD;51.1;0.0;0.0;0.0;1509_direct_carried;;;4.3;731.9;0;0;0;1;0;150B
1464008;1787849053996;0.0;81;91;RECOVERING_AFTER_LOAD;51.1;0.0;0.0;0.0;1509_direct_carried;;;4.3;731.9;0;0;0;1;0;150D
1465049;1787849055037;0.0;81;91;RECOVERING_AFTER_LOAD;51.1;0.0;0.0;0.0;1509_direct_carried;;;4.3;731.9;0;0;0;1;0;1502
1465469;1787849055457;0.0;81;91;RECOVERING_AFTER_LOAD;51.1;0.0;0.0;0.0;1509_direct_carried;;;4.3;731.9;0;0;0;1;0;1505
1465679;1787849055667;0.0;81;91;RECOVERING_AFTER_LOAD;51.1;0.0;0.0;0.0;1509_direct_carried;;;4.3;731.9;0;0;0;1;0;1506
1466101;1787849056089;0.0;81;91;RECOVERING_AFTER_LOAD;51.1;0.0;0.0;0.0;1509_direct_carried;;;4.3;731.9;0;0;0;1;0;1508
1466309;1787849056297;0.0;81;91;RECOVERING_AFTER_LOAD;51.1;0.0;0.0;0.0;1509_direct;;;4.3;731.9;0;0;0;1;0;1509
1466510;1787849056498;0.0;81;91;RECOVERING_AFTER_LOAD;51.1;0.0;0.0;0.0;1509_direct_carried;;;4.3;731.9;0;0;0;1;0;150A
1466720;1787849056708;0.0;81;91;RECOVERING_AFTER_LOAD;51.1;0.0;0.0;0.0;1509_direct_carried;;;4.3;731.9;0;0;0;1;0;150B
1466929;1787849056917;0.0;81;91;RECOVERING_AFTER_LOAD;51.1;0.0;0.0;0.0;1509_direct_carried;;;4.3;731.9;0;0;0;1;0;150D
1467979;1787849057967;0.0;81;91;RECOVERING_AFTER_LOAD;51.1;0.0;0.0;0.0;1509_direct_carried;;;4.3;731.9;0;0;0;1;0;1502
1468390;1787849058378;0.0;81;91;WAITING_FOR_REST;51.1;0.0;0.0;0.0;1509_direct_carried;;;4.3;731.9;0;0;0;1;0;1505
1468599;1787849058587;0.0;81;91;WAITING_FOR_REST;51.1;0.0;0.0;0.0;1509_direct_carried;;;4.3;731.9;0;0;0;1;0;1506
1469019;1787849059007;0.0;81;91;WAITING_FOR_REST;51.1;0.0;0.0;0.0;1509_direct_carried;;;4.3;731.9;0;0;0;1;0;1508
1469229;1787849059217;0.0;81;91;WAITING_FOR_REST;51.1;0.0;0.0;0.0;1509_direct;;;4.3;731.9;0;0;0;1;0;1509
1469438;1787849059426;0.0;81;91;WAITING_FOR_REST;51.1;0.0;0.0;0.0;1509_direct_carried;;;4.3;731.9;0;0;0;1;0;150A
1469649;1787849059637;0.0;81;91;WAITING_FOR_REST;51.1;0.0;0.0;0.0;1509_direct_carried;;;4.3;731.9;0;0;0;1;0;150B
1469859;1787849059847;0.0;81;91;WAITING_FOR_REST;51.1;0.0;0.0;0.0;1509_direct_carried;;;4.3;731.9;0;0;0;1;0;150D
1470898;1787849060886;0.0;81;91;WAITING_FOR_REST;51.1;0.0;0.0;0.0;1509_direct_carried;;;4.3;731.9;0;0;0;1;0;1502
1471318;1787849061306;0.0;81;91;WAITING_FOR_REST;51.1;0.0;0.0;0.0;1509_direct_carried;;;4.3;731.9;0;0;0;1;0;1505
1471529;1787849061517;0.0;81;91;WAITING_FOR_REST;51.1;0.0;0.0;0.0;1509_direct_carried;;;4.3;731.9;0;0;0;1;0;1506
1471943;1787849061931;0.0;81;91;WAITING_FOR_REST;51.1;0.0;0.0;0.0;1509_direct_carried;;;4.3;731.9;0;0;0;1;0;1508
1472148;1787849062136;0.0;81;91;WAITING_FOR_REST;51.1;0.0;0.0;0.0;1509_direct;;;4.3;731.9;0;0;0;1;0;1509
1472358;1787849062346;0.0;81;91;WAITING_FOR_REST;51.1;0.0;0.0;0.0;1509_direct_carried;;;4.3;731.9;0;0;0;1;0;150A
1472573;1787849062561;0.0;81;91;WAITING_FOR_REST;51.1;0.0;0.0;0.0;1509_direct_carried;;;4.3;731.9;0;0;0;1;0;150B
1472779;1787849062767;0.0;81;91;WAITING_FOR_REST;51.1;0.0;0.0;0.0;1509_direct_carried;;;4.3;731.9;0;0;0;1;0;150D
1473819;1787849063807;0.0;81;91;WAITING_FOR_REST;51.1;0.0;0.0;0.0;1509_direct_carried;;;4.3;731.9;0;0;0;1;0;1502
1474239;1787849064227;0.0;81;91;WAITING_FOR_REST;51.1;0.0;0.0;0.0;1509_direct_carried;;;4.3;731.9;0;0;0;1;0;1505
1474449;1787849064437;0.0;81;91;WAITING_FOR_REST;51.1;0.0;0.0;0.0;1509_direct_carried;;;4.3;731.9;0;0;0;1;0;1506
1474871;1787849064859;0.0;81;91;WAITING_FOR_REST;51.1;0.0;0.0;0.0;1509_direct_carried;;;4.3;731.9;0;0;0;1;0;1508
1475077;1787849065065;0.0;81;81;STABLE;51.1;0.0;0.0;0.0;1509_direct;;;4.3;731.9;0;0;0;1;0;1509
1475280;1787849065268;0.0;81;81;STABLE;51.1;0.0;0.0;0.0;1509_direct_carried;;;4.3;731.9;0;0;0;1;0;150A
1475489;1787849065477;0.0;81;81;STABLE;51.1;0.0;0.0;0.0;1509_direct_carried;;;4.3;731.9;0;0;0;1;0;150B
1475700;1787849065688;0.0;81;81;STABLE;51.1;0.0;0.0;0.0;1509_direct_carried;;;4.3;731.9;0;0;0;1;0;150D
1476749;1787849066737;0.0;81;81;STABLE;51.1;0.0;0.0;0.0;1509_direct_carried;;;4.3;731.9;0;0;0;1;0;1502
1477159;1787849067147;0.0;81;81;STABLE;51.1;0.0;0.0;0.0;1509_direct_carried;;;4.3;731.9;0;0;0;1;0;1505
1477368;1787849067356;0.0;81;81;STABLE;51.1;0.0;0.0;0.0;1509_direct_carried;;;4.3;731.9;0;0;0;1;0;1506
1477789;1787849067777;0.0;81;81;STABLE;51.1;0.0;0.0;0.0;1509_direct_carried;;;4.3;731.9;0;0;0;1;0;1508
1478001;1787849067989;0.0;81;81;WAITING_FOR_REST;51.1;0.0;0.0;0.0;1509_direct;;;4.3;731.9;0;0;0;1;0;1509
1478208;1787849068196;0.0;81;81;WAITING_FOR_REST;51.1;0.0;0.0;0.0;1509_direct_carried;;;4.3;731.9;0;0;0;1;0;150A
1478417;1787849068405;0.0;81;81;WAITING_FOR_REST;51.1;0.0;0.0;0.0;1509_direct_carried;;;4.3;731.9;0;0;0;1;0;150B
1478627;1787849068615;0.0;81;81;WAITING_FOR_REST;51.1;0.0;0.0;0.0;1509_direct_carried;;;4.3;731.9;0;0;0;1;0;150D
1479667;1787849069655;0.0;81;81;WAITING_FOR_REST;51.1;0.0;0.0;0.0;1509_direct_carried;;;4.3;731.9;0;0;0;1;0;1502
1480087;1787849070075;0.0;81;81;WAITING_FOR_REST;51.1;0.0;0.0;0.0;1509_direct_carried;;;4.3;731.9;0;0;0;1;0;1505
1480297;1787849070285;0.0;81;81;WAITING_FOR_REST;51.1;0.0;0.0;0.0;1509_direct_carried;;;4.3;731.9;0;0;0;1;0;1506
1480707;1787849070695;0.0;81;81;WAITING_FOR_REST;51.1;0.0;0.0;0.0;1509_direct_carried;;;4.3;731.9;0;0;0;1;0;1508
1480931;1787849070919;0.0;81;81;WAITING_FOR_REST;51.1;0.0;0.0;0.0;1509_direct;;;4.3;731.9;0;0;0;1;0;1509
1481128;1787849071116;0.0;81;81;WAITING_FOR_REST;51.1;0.0;0.0;0.0;1509_direct_carried;;;4.3;731.9;0;0;0;1;0;150A
1481338;1787849071326;0.0;81;81;WAITING_FOR_REST;51.1;0.0;0.0;0.0;1509_direct_carried;;;4.3;731.9;0;0;0;1;0;150B
1481549;1787849071537;0.0;81;81;WAITING_FOR_REST;51.1;0.0;0.0;0.0;1509_direct_carried;;;4.3;731.9;0;0;0;1;0;150D
1482593;1787849072581;0.0;81;81;WAITING_FOR_REST;51.1;0.0;0.0;0.0;1509_direct_carried;;;4.3;731.9;0;0;0;1;0;1502
1483009;1787849072997;0.0;81;81;WAITING_FOR_REST;51.1;0.0;0.0;0.0;1509_direct_carried;;;4.3;731.9;0;0;0;1;0;1505
1483217;1787849073205;0.0;81;81;WAITING_FOR_REST;51.1;0.0;0.0;0.0;1509_direct_carried;;;4.3;731.9;0;0;0;1;0;1506
1483638;1787849073626;0.0;81;81;WAITING_FOR_REST;51.1;0.0;0.0;0.0;1509_direct_carried;;;4.3;731.9;0;0;0;1;0;1508
1483851;1787849073839;0.0;81;81;STABLE;51.1;0.0;0.0;0.0;1509_direct;;;4.3;731.9;0;0;0;1;0;1509
1484061;1787849074049;0.0;81;81;STABLE;51.1;0.0;0.0;0.0;1509_direct_carried;;;4.3;731.9;0;0;0;1;0;150A
1484271;1787849074259;0.0;81;81;STABLE;51.1;0.0;0.0;0.0;1509_direct_carried;;;4.3;731.9;0;0;0;1;0;150B
1484472;1787849074460;0.0;81;81;STABLE;51.1;0.0;0.0;0.0;1509_direct_carried;;;4.3;731.9;0;0;0;1;0;150D
1485525;1787849075513;0.0;81;81;STABLE;51.1;0.0;0.0;0.0;1509_direct_carried;;;4.3;731.9;0;0;0;1;0;1502
1485942;1787849075930;0.0;81;81;STABLE;51.1;0.0;0.0;0.0;1509_direct_carried;;;4.3;731.9;0;0;0;1;0;1505