relative_ms;timestamp_ms;channel;meaning;length;packet_no;changed_bytes;hex;origin;connection_epoch;service_uuid;characteristic_uuid;properties_raw;payload_sha256;public_redaction
4933;1787410262163;1502;Akkuinformationen;16;1;0,1,2,3,4,5,6,7,8,9,10,11,12,13,14,15;47-18-FF-FF-FF-FF-47-18-FF-FF-FF-FF-FF-FF-00-00;NOTIFICATION;0;da1a1500-d532-4285-be94-b07a3e11a098;da1a1502-d532-4285-be94-b07a3e11a098;18;;
5564;1787410262794;1505;BikePerformance / Fahrleistung;18;1;0,1,2,3,4,5,6,7,8,9,10,11,12,13,14,15,16,17;00-00-00-00-FF-FF-00-00-FF-FF-FF-FF-FF-00-00-00-00-00;NOTIFICATION;0;da1a1500-d532-4285-be94-b07a3e11a098;da1a1505-d532-4285-be94-b07a3e11a098;18;;
5774;1787410263004;1506;Trip / Kilometer & Betriebszähler;16;1;0,1,2,3,4,5,6,7,8,9,10,11,12,13,14,15;00-00-1C-23-00-02-32-2A-00-00-02-D0-00-00-00-00;NOTIFICATION;0;da1a1500-d532-4285-be94-b07a3e11a098;da1a1506-d532-4285-be94-b07a3e11a098;18;;
6184;1787410263414;1508;Settings / Licht & Fahrstufe;17;1;0,1,2,3,4,5,6,7,8,9,10,11,12,13,14,15,16;01-00-00-02-FF-FF-FF-FF-FF-FF-FF-00-00-00-00-00-00;NOTIFICATION;0;da1a1500-d532-4285-be94-b07a3e11a098;da1a1508-d532-4285-be94-b07a3e11a098;18;;
6393;1787410263623;1509;BatteryChange / Akku-Livestand;11;1;0,1,2,3,4,5,6,7,8,9,10;00-00-FF-FF-25-B6-08-00-00-00-00;NOTIFICATION;0;da1a1500-d532-4285-be94-b07a3e11a098;da1a1509-d532-4285-be94-b07a3e11a098;18;;
6606;1787410263836;150A;MotorUpdate / Motor-Livestand;10;1;0,1,2,3,4,5,6,7,8,9;00-00-FF-FF-FF-FF-FF-FF-FF-FF;NOTIFICATION;0;da1a1500-d532-4285-be94-b07a3e11a098;da1a150a-d532-4285-be94-b07a3e11a098;18;;
6816;1787410264046;150B;Motor-/Controllerblock;20;1;0,1,2,3,4,5,6,7,8,9,10,11,12,13,14,15,16,17,18,19;FF-FF-FF-FF-FF-FF-FF-FF-FF-FF-FF-FF-FF-FF-FF-FF-FF-FF-FF-FF;NOTIFICATION;0;da1a1500-d532-4285-be94-b07a3e11a098;da1a150b-d532-4285-be94-b07a3e11a098;18;;
7023;1787410264253;150D;Fahrstatistik Max/Ø;20;1;0,1,2,3,4,5,6,7,8,9,10,11,12,13,14,15,16,17,18,19;01-1B-00-C4-FF-FF-FF-FF-47-18-FF-FF-FF-FF-FF-FF-FF-FF-00-00;NOTIFICATION;0;da1a1500-d532-4285-be94-b07a3e11a098;da1a150d-d532-4285-be94-b07a3e11a098;18;;
8064;1787410265294;1502;Akkuinformationen;16;2;–;47-18-FF-FF-FF-FF-47-18-FF-FF-FF-FF-FF-FF-00-00;NOTIFICATION;0;da1a1500-d532-4285-be94-b07a3e11a098;da1a1502-d532-4285-be94-b07a3e11a098;18;;
8487;1787410265717;1505;BikePerformance / Fahrleistung;18;2;–;00-00-00-00-FF-FF-00-00-FF-FF-FF-FF-FF-00-00-00-00-00;NOTIFICATION;0;da1a1500-d532-4285-be94-b07a3e11a098;da1a1505-d532-4285-be94-b07a3e11a098;18;;
8693;1787410265923;1506;Trip / Kilometer & Betriebszähler;16;2;–;00-00-1C-23-00-02-32-2A-00-00-02-D0-00-00-00-00;NOTIFICATION;0;da1a1500-d532-4285-be94-b07a3e11a098;da1a1506-d532-4285-be94-b07a3e11a098;18;;
9113;1787410266343;1508;Settings / Licht & Fahrstufe;17;2;–;01-00-00-02-FF-FF-FF-FF-FF-FF-FF-00-00-00-00-00-00;NOTIFICATION;0;da1a1500-d532-4285-be94-b07a3e11a098;da1a1508-d532-4285-be94-b07a3e11a098;18;;
9313;1787410266543;1509;BatteryChange / Akku-Livestand;11;2;–;00-00-FF-FF-25-B6-08-00-00-00-00;NOTIFICATION;0;da1a1500-d532-4285-be94-b07a3e11a098;da1a1509-d532-4285-be94-b07a3e11a098;18;;
9525;1787410266755;150A;MotorUpdate / Motor-Livestand;10;2;–;00-00-FF-FF-FF-FF-FF-FF-FF-FF;NOTIFICATION;0;da1a1500-d532-4285-be94-b07a3e11a098;da1a150a-d532-4285-be94-b07a3e11a098;18;;
9735;1787410266965;150B;Motor-/Controllerblock;20;2;–;FF-FF-FF-FF-FF-FF-FF-FF-FF-FF-FF-FF-FF-FF-FF-FF-FF-FF-FF-FF;NOTIFICATION;0;da1a1500-d532-4285-be94-b07a3e11a098;da1a150b-d532-4285-be94-b07a3e11a098;18;;
9948;1787410267178;150D;Fahrstatistik Max/Ø;20;2;–;01-1B-00-C4-FF-FF-FF-FF-47-18-FF-FF-FF-FF-FF-FF-FF-FF-00-00;NOTIFICATION;0;da1a1500-d532-4285-be94-b07a3e11a098;da1a150d-d532-4285-be94-b07a3e11a098;18;;
10992;1787410268222;1502;Akkuinformationen;16;3;–;47-18-FF-FF-FF-FF-47-18-FF-FF-FF-FF-FF-FF-00-00;NOTIFICATION;0;da1a1500-d532-4285-be94-b07a3e11a098;da1a1502-d532-4285-be94-b07a3e11a098;18;;
11406;1787410268636;1505;BikePerformance / Fahrleistung;18;3;–;00-00-00-00-FF-FF-00-00-FF-FF-FF-FF-FF-00-00-00-00-00;NOTIFICATION;0;da1a1500-d532-4285-be94-b07a3e11a098;da1a1505-d532-4285-be94-b07a3e11a098;18;;
11612;1787410268842;1506;Trip / Kilometer & Betriebszähler;16;3;–;00-00-1C-23-00-02-32-2A-00-00-02-D0-00-00-00-00;NOTIFICATION;0;da1a1500-d532-4285-be94-b07a3e11a098;da1a1506-d532-4285-be94-b07a3e11a098;18;;
12034;1787410269264;1508;Settings / Licht & Fahrstufe;17;3;–;01-00-00-02-FF-FF-FF-FF-FF-FF-FF-00-00-00-00-00-00;NOTIFICATION;0;da1a1500-d532-4285-be94-b07a3e11a098;da1a1508-d532-4285-be94-b07a3e11a098;18;;
12236;1787410269466;1509;BatteryChange / Akku-Livestand;11;3;–;00-00-FF-FF-25-B6-08-00-00-00-00;NOTIFICATION;0;da1a1500-d532-4285-be94-b07a3e11a098;da1a1509-d532-4285-be94-b07a3e11a098;18;;
12445;1787410269675;150A;MotorUpdate / Motor-Livestand;10;3;–;00-00-FF-FF-FF-FF-FF-FF-FF-FF;NOTIFICATION;0;da1a1500-d532-4285-be94-b07a3e11a098;da1a150a-d532-4285-be94-b07a3e11a098;18;;
12656;1787410269886;150B;Motor-/Controllerblock;20;3;–;FF-FF-FF-FF-FF-FF-FF-FF-FF-FF-FF-FF-FF-FF-FF-FF-FF-FF-FF-FF;NOTIFICATION;0;da1a1500-d532-4285-be94-b07a3e11a098;da1a150b-d532-4285-be94-b07a3e11a098;18;;
12865;1787410270095;150D;Fahrstatistik Max/Ø;20;3;–;01-1B-00-C4-FF-FF-FF-FF-47-18-FF-FF-FF-FF-FF-FF-FF-FF-00-00;NOTIFICATION;0;da1a1500-d532-4285-be94-b07a3e11a098;da1a150d-d532-4285-be94-b07a3e11a098;18;;
13911;1787410271141;1502;Akkuinformationen;16;4;–;47-18-FF-FF-FF-FF-47-18-FF-FF-FF-FF-FF-FF-00-00;NOTIFICATION;0;da1a1500-d532-4285-be94-b07a3e11a098;da1a1502-d532-4285-be94-b07a3e11a098;18;;
14533;1787410271763;1505;BikePerformance / Fahrleistung;18;4;–;00-00-00-00-FF-FF-00-00-FF-FF-FF-FF-FF-00-00-00-00-00;NOTIFICATION;0;da1a1500-d532-4285-be94-b07a3e11a098;da1a1505-d532-4285-be94-b07a3e11a098;18;;
14744;1787410271974;1506;Trip / Kilometer & Betriebszähler;16;4;–;00-00-1C-23-00-02-32-2A-00-00-02-D0-00-00-00-00;NOTIFICATION;0;da1a1500-d532-4285-be94-b07a3e11a098;da1a1506-d532-4285-be94-b07a3e11a098;18;;
15161;1787410272391;1508;Settings / Licht & Fahrstufe;17;4;–;01-00-00-02-FF-FF-FF-FF-FF-FF-FF-00-00-00-00-00-00;NOTIFICATION;0;da1a1500-d532-4285-be94-b07a3e11a098;da1a1508-d532-4285-be94-b07a3e11a098;18;;
15371;1787410272601;1509;BatteryChange / Akku-Livestand;11;4;–;00-00-FF-FF-25-B6-08-00-00-00-00;NOTIFICATION;0;da1a1500-d532-4285-be94-b07a3e11a098;da1a1509-d532-4285-be94-b07a3e11a098;18;;
15572;1787410272802;150A;MotorUpdate / Motor-Livestand;10;4;–;00-00-FF-FF-FF-FF-FF-FF-FF-FF;NOTIFICATION;0;da1a1500-d532-4285-be94-b07a3e11a098;da1a150a-d532-4285-be94-b07a3e11a098;18;;
15783;1787410273013;150B;Motor-/Controllerblock;20;4;–;FF-FF-FF-FF-FF-FF-FF-FF-FF-FF-FF-FF-FF-FF-FF-FF-FF-FF-FF-FF;NOTIFICATION;0;da1a1500-d532-4285-be94-b07a3e11a098;da1a150b-d532-4285-be94-b07a3e11a098;18;;
15992;1787410273222;150D;Fahrstatistik Max/Ø;20;4;–;01-1B-00-C4-FF-FF-FF-FF-47-18-FF-FF-FF-FF-FF-FF-FF-FF-00-00;NOTIFICATION;0;da1a1500-d532-4285-be94-b07a3e11a098;da1a150d-d532-4285-be94-b07a3e11a098;18;;
17032;1787410274262;1502;Akkuinformationen;16;5;–;47-18-FF-FF-FF-FF-47-18-FF-FF-FF-FF-FF-FF-00-00;NOTIFICATION;0;da1a1500-d532-4285-be94-b07a3e11a098;da1a1502-d532-4285-be94-b07a3e11a098;18;;
17452;1787410274682;1505;BikePerformance / Fahrleistung;18;5;–;00-00-00-00-FF-FF-00-00-FF-FF-FF-FF-FF-00-00-00-00-00;NOTIFICATION;0;da1a1500-d532-4285-be94-b07a3e11a098;da1a1505-d532-4285-be94-b07a3e11a098;18;;
17662;1787410274892;1506;Trip / Kilometer & Betriebszähler;16;5;–;00-00-1C-23-00-02-32-2A-00-00-02-D0-00-00-00-00;NOTIFICATION;0;da1a1500-d532-4285-be94-b07a3e11a098;da1a1506-d532-4285-be94-b07a3e11a098;18;;
18084;1787410275314;1508;Settings / Licht & Fahrstufe;17;5;–;01-00-00-02-FF-FF-FF-FF-FF-FF-FF-00-00-00-00-00-00;NOTIFICATION;0;da1a1500-d532-4285-be94-b07a3e11a098;da1a1508-d532-4285-be94-b07a3e11a098;18;;
18292;1787410275522;1509;BatteryChange / Akku-Livestand;11;5;6;00-00-FF-FF-25-B6-6C-00-00-00-00;NOTIFICATION;0;da1a1500-d532-4285-be94-b07a3e11a098;da1a1509-d532-4285-be94-b07a3e11a098;18;;
18503;1787410275733;150A;MotorUpdate / Motor-Livestand;10;5;–;00-00-FF-FF-FF-FF-FF-FF-FF-FF;NOTIFICATION;0;da1a1500-d532-4285-be94-b07a3e11a098;da1a150a-d532-4285-be94-b07a3e11a098;18;;
18708;1787410275938;150B;Motor-/Controllerblock;20;5;–;FF-FF-FF-FF-FF-FF-FF-FF-FF-FF-FF-FF-FF-FF-FF-FF-FF-FF-FF-FF;NOTIFICATION;0;da1a1500-d532-4285-be94-b07a3e11a098;da1a150b-d532-4285-be94-b07a3e11a098;18;;
18913;1787410276143;150D;Fahrstatistik Max/Ø;20;5;–;01-1B-00-C4-FF-FF-FF-FF-47-18-FF-FF-FF-FF-FF-FF-FF-FF-00-00;NOTIFICATION;0;da1a1500-d532-4285-be94-b07a3e11a098;da1a150d-d532-4285-be94-b07a3e11a098;18;;
19963;1787410277193;1502;Akkuinformationen;16;6;–;47-18-FF-FF-FF-FF-47-18-FF-FF-FF-FF-FF-FF-00-00;NOTIFICATION;0;da1a1500-d532-4285-be94-b07a3e11a098;da1a1502-d532-4285-be94-b07a3e11a098;18;;
20374;1787410277604;1505;BikePerformance / Fahrleistung;18;6;–;00-00-00-00-FF-FF-00-00-FF-FF-FF-FF-FF-00-00-00-00-00;NOTIFICATION;0;da1a1500-d532-4285-be94-b07a3e11a098;da1a1505-d532-4285-be94-b07a3e11a098;18;;
20581;1787410277811;1506;Trip / Kilometer & Betriebszähler;16;6;–;00-00-1C-23-00-02-32-2A-00-00-02-D0-00-00-00-00;NOTIFICATION;0;da1a1500-d532-4285-be94-b07a3e11a098;da1a1506-d532-4285-be94-b07a3e11a098;18;;
21003;1787410278233;1508;Settings / Licht & Fahrstufe;17;6;–;01-00-00-02-FF-FF-FF-FF-FF-FF-FF-00-00-00-00-00-00;NOTIFICATION;0;da1a1500-d532-4285-be94-b07a3e11a098;da1a1508-d532-4285-be94-b07a3e11a098;18;;
21211;1787410278441;1509;BatteryChange / Akku-Livestand;11;6;6;00-00-FF-FF-25-B6-08-00-00-00-00;NOTIFICATION;0;da1a1500-d532-4285-be94-b07a3e11a098;da1a1509-d532-4285-be94-b07a3e11a098;18;;
21423;1787410278653;150A;MotorUpdate / Motor-Livestand;10;6;–;00-00-FF-FF-FF-FF-FF-FF-FF-FF;NOTIFICATION;0;da1a1500-d532-4285-be94-b07a3e11a098;da1a150a-d532-4285-be94-b07a3e11a098;18;;
21632;1787410278862;150B;Motor-/Controllerblock;20;6;–;FF-FF-FF-FF-FF-FF-FF-FF-FF-FF-FF-FF-FF-FF-FF-FF-FF-FF-FF-FF;NOTIFICATION;0;da1a1500-d532-4285-be94-b07a3e11a098;da1a150b-d532-4285-be94-b07a3e11a098;18;;
21833;1787410279063;150D;Fahrstatistik Max/Ø;20;6;–;01-1B-00-C4-FF-FF-FF-FF-47-18-FF-FF-FF-FF-FF-FF-FF-FF-00-00;NOTIFICATION;0;da1a1500-d532-4285-be94-b07a3e11a098;da1a150d-d532-4285-be94-b07a3e11a098;18;;
22882;1787410280112;1502;Akkuinformationen;16;7;–;47-18-FF-FF-FF-FF-47-18-FF-FF-FF-FF-FF-FF-00-00;NOTIFICATION;0;da1a1500-d532-4285-be94-b07a3e11a098;da1a1502-d532-4285-be94-b07a3e11a098;18;;
23303;1787410280533;1505;BikePerformance / Fahrleistung;18;7;–;00-00-00-00-FF-FF-00-00-FF-FF-FF-FF-FF-00-00-00-00-00;NOTIFICATION;0;da1a1500-d532-4285-be94-b07a3e11a098;da1a1505-d532-4285-be94-b07a3e11a098;18;;
23503;1787410280733;1506;Trip / Kilometer & Betriebszähler;16;7;–;00-00-1C-23-00-02-32-2A-00-00-02-D0-00-00-00-00;NOTIFICATION;0;da1a1500-d532-4285-be94-b07a3e11a098;da1a1506-d532-4285-be94-b07a3e11a098;18;;
23923;1787410281153;1508;Settings / Licht & Fahrstufe;17;7;0;00-00-00-02-FF-FF-FF-FF-FF-FF-FF-00-00-00-00-00-00;NOTIFICATION;0;da1a1500-d532-4285-be94-b07a3e11a098;da1a1508-d532-4285-be94-b07a3e11a098;18;;
24134;1787410281364;1509;BatteryChange / Akku-Livestand;11;7;–;00-00-FF-FF-25-B6-08-00-00-00-00;NOTIFICATION;0;da1a1500-d532-4285-be94-b07a3e11a098;da1a1509-d532-4285-be94-b07a3e11a098;18;;
24342;1787410281572;150A;MotorUpdate / Motor-Livestand;10;7;–;00-00-FF-FF-FF-FF-FF-FF-FF-FF;NOTIFICATION;0;da1a1500-d532-4285-be94-b07a3e11a098;da1a150a-d532-4285-be94-b07a3e11a098;18;;
24553;1787410281783;150B;Motor-/Controllerblock;20;7;–;FF-FF-FF-FF-FF-FF-FF-FF-FF-FF-FF-FF-FF-FF-FF-FF-FF-FF-FF-FF;NOTIFICATION;0;da1a1500-d532-4285-be94-b07a3e11a098;da1a150b-d532-4285-be94-b07a3e11a098;18;;
24763;1787410281993;150D;Fahrstatistik Max/Ø;20;7;–;01-1B-00-C4-FF-FF-FF-FF-47-18-FF-FF-FF-FF-FF-FF-FF-FF-00-00;NOTIFICATION;0;da1a1500-d532-4285-be94-b07a3e11a098;da1a150d-d532-4285-be94-b07a3e11a098;18;;
25803;1787410283033;1502;Akkuinformationen;16;8;–;47-18-FF-FF-FF-FF-47-18-FF-FF-FF-FF-FF-FF-00-00;NOTIFICATION;0;da1a1500-d532-4285-be94-b07a3e11a098;da1a1502-d532-4285-be94-b07a3e11a098;18;;
26223;1787410283453;1505;BikePerformance / Fahrleistung;18;8;7;00-00-00-00-FF-FF-00-16-FF-FF-FF-FF-FF-00-00-00-00-00;NOTIFICATION;0;da1a1500-d532-4285-be94-b07a3e11a098;da1a1505-d532-4285-be94-b07a3e11a098;18;;
26435;1787410283665;1506;Trip / Kilometer & Betriebszähler;16;8;7;00-00-1C-23-00-02-32-2B-00-00-02-D0-00-00-00-00;NOTIFICATION;0;da1a1500-d532-4285-be94-b07a3e11a098;da1a1506-d532-4285-be94-b07a3e11a098;18;;
26846;1787410284076;1508;Settings / Licht & Fahrstufe;17;8;–;00-00-00-02-FF-FF-FF-FF-FF-FF-FF-00-00-00-00-00-00;NOTIFICATION;0;da1a1500-d532-4285-be94-b07a3e11a098;da1a1508-d532-4285-be94-b07a3e11a098;18;;
27052;1787410284282;1509;BatteryChange / Akku-Livestand;11;8;–;00-00-FF-FF-25-B6-08-00-00-00-00;NOTIFICATION;0;da1a1500-d532-4285-be94-b07a3e11a098;da1a1509-d532-4285-be94-b07a3e11a098;18;;
27262;1787410284492;150A;MotorUpdate / Motor-Livestand;10;8;0,1;03-E8-FF-FF-FF-FF-FF-FF-FF-FF;NOTIFICATION;0;da1a1500-d532-4285-be94-b07a3e11a098;da1a150a-d532-4285-be94-b07a3e11a098;18;;
27476;1787410284706;150B;Motor-/Controllerblock;20;8;–;FF-FF-FF-FF-FF-FF-FF-FF-FF-FF-FF-FF-FF-FF-FF-FF-FF-FF-FF-FF;NOTIFICATION;0;da1a1500-d532-4285-be94-b07a3e11a098;da1a150b-d532-4285-be94-b07a3e11a098;18;;
27686;1787410284916;150D;Fahrstatistik Max/Ø;20;8;–;01-1B-00-C4-FF-FF-FF-FF-47-18-FF-FF-FF-FF-FF-FF-FF-FF-00-00;NOTIFICATION;0;da1a1500-d532-4285-be94-b07a3e11a098;da1a150d-d532-4285-be94-b07a3e11a098;18;;
28728;1787410285958;1502;Akkuinformationen;16;9;–;47-18-FF-FF-FF-FF-47-18-FF-FF-FF-FF-FF-FF-00-00;NOTIFICATION;0;da1a1500-d532-4285-be94-b07a3e11a098;da1a1502-d532-4285-be94-b07a3e11a098;18;;
29143;1787410286373;1505;BikePerformance / Fahrleistung;18;9;0,1,2,3,7;0F-AA-0F-AA-FF-FF-00-4F-FF-FF-FF-FF-FF-00-00-00-00-00;NOTIFICATION;0;da1a1500-d532-4285-be94-b07a3e11a098;da1a1505-d532-4285-be94-b07a3e11a098;18;;
29353;1787410286583;1506;Trip / Kilometer & Betriebszähler;16;9;7;00-00-1C-23-00-02-32-2E-00-00-02-D0-00-00-00-00;NOTIFICATION;0;da1a1500-d532-4285-be94-b07a3e11a098;da1a1506-d532-4285-be94-b07a3e11a098;18;;
29769;1787410286999;1508;Settings / Licht & Fahrstufe;17;9;–;00-00-00-02-FF-FF-FF-FF-FF-FF-FF-00-00-00-00-00-00;NOTIFICATION;0;da1a1500-d532-4285-be94-b07a3e11a098;da1a1508-d532-4285-be94-b07a3e11a098;18;;
29973;1787410287203;1509;BatteryChange / Akku-Livestand;11;9;0,1,5,6,9,10;0B-B8-FF-FF-25-B5-A4-00-00-01-74;NOTIFICATION;0;da1a1500-d532-4285-be94-b07a3e11a098;da1a1509-d532-4285-be94-b07a3e11a098;18;;
30185;1787410287415;150A;MotorUpdate / Motor-Livestand;10;9;–;03-E8-FF-FF-FF-FF-FF-FF-FF-FF;NOTIFICATION;0;da1a1500-d532-4285-be94-b07a3e11a098;da1a150a-d532-4285-be94-b07a3e11a098;18;;
30392;1787410287622;150B;Motor-/Controllerblock;20;9;–;FF-FF-FF-FF-FF-FF-FF-FF-FF-FF-FF-FF-FF-FF-FF-FF-FF-FF-FF-FF;NOTIFICATION;0;da1a1500-d532-4285-be94-b07a3e11a098;da1a150b-d532-4285-be94-b07a3e11a098;18;;
30604;1787410287834;150D;Fahrstatistik Max/Ø;20;9;–;01-1B-00-C4-FF-FF-FF-FF-47-18-FF-FF-FF-FF-FF-FF-FF-FF-00-00;NOTIFICATION;0;da1a1500-d532-4285-be94-b07a3e11a098;da1a150d-d532-4285-be94-b07a3e11a098;18;;
31643;1787410288873;1502;Akkuinformationen;16;10;–;47-18-FF-FF-FF-FF-47-18-FF-FF-FF-FF-FF-FF-00-00;NOTIFICATION;0;da1a1500-d532-4285-be94-b07a3e11a098;da1a1502-d532-4285-be94-b07a3e11a098;18;;
32065;1787410289295;1505;BikePerformance / Fahrleistung;18;10;0,1,2,3,7;00-00-00-00-FF-FF-00-70-FF-FF-FF-FF-FF-00-00-00-00-00;NOTIFICATION;0;da1a1500-d532-4285-be94-b07a3e11a098;da1a1505-d532-4285-be94-b07a3e11a098;18;;
32272;1787410289502;1506;Trip / Kilometer & Betriebszähler;16;10;3,7;00-00-1C-24-00-02-32-31-00-00-02-D0-00-00-00-00;NOTIFICATION;0;da1a1500-d532-4285-be94-b07a3e11a098;da1a1506-d532-4285-be94-b07a3e11a098;18;;
32684;1787410289914;1508;Settings / Licht & Fahrstufe;17;10;–;00-00-00-02-FF-FF-FF-FF-FF-FF-FF-00-00-00-00-00-00;NOTIFICATION;0;da1a1500-d532-4285-be94-b07a3e11a098;da1a1508-d532-4285-be94-b07a3e11a098;18;;
32895;1787410290125;1509;BatteryChange / Akku-Livestand;11;10;0,1,5,6,9,10;0F-A0-FF-FF-25-B2-E8-00-00-00-B7;NOTIFICATION;0;da1a1500-d532-4285-be94-b07a3e11a098;da1a1509-d532-4285-be94-b07a3e11a098;18;;
33103;1787410290333;150A;MotorUpdate / Motor-Livestand;10;10;0,1;1B-58-FF-FF-FF-FF-FF-FF-FF-FF;NOTIFICATION;0;da1a1500-d532-4285-be94-b07a3e11a098;da1a150a-d532-4285-be94-b07a3e11a098;18;;
33313;1787410290543;150B;Motor-/Controllerblock;20;10;–;FF-FF-FF-FF-FF-FF-FF-FF-FF-FF-FF-FF-FF-FF-FF-FF-FF-FF-FF-FF;NOTIFICATION;0;da1a1500-d532-4285-be94-b07a3e11a098;da1a150b-d532-4285-be94-b07a3e11a098;18;;
33525;1787410290755;150D;Fahrstatistik Max/Ø;20;10;3;01-1B-00-BE-FF-FF-FF-FF-47-18-FF-FF-FF-FF-FF-FF-FF-FF-00-00;NOTIFICATION;0;da1a1500-d532-4285-be94-b07a3e11a098;da1a150d-d532-4285-be94-b07a3e11a098;18;;
34564;1787410291794;1502;Akkuinformationen;16;11;–;47-18-FF-FF-FF-FF-47-18-FF-FF-FF-FF-FF-FF-00-00;NOTIFICATION;0;da1a1500-d532-4285-be94-b07a3e11a098;da1a1502-d532-4285-be94-b07a3e11a098;18;;
34981;1787410292211;1505;BikePerformance / Fahrleistung;18;11;7;00-00-00-00-FF-FF-00-44-FF-FF-FF-FF-FF-00-00-00-00-00;NOTIFICATION;0;da1a1500-d532-4285-be94-b07a3e11a098;da1a1505-d532-4285-be94-b07a3e11a098;18;;
35191;1787410292421;1506;Trip / Kilometer & Betriebszähler;16;11;7;00-00-1C-24-00-02-32-34-00-00-02-D0-00-00-00-00;NOTIFICATION;0;da1a1500-d532-4285-be94-b07a3e11a098;da1a1506-d532-4285-be94-b07a3e11a098;18;;
35612;1787410292842;1508;Settings / Licht & Fahrstufe;17;11;–;00-00-00-02-FF-FF-FF-FF-FF-FF-FF-00-00-00-00-00-00;NOTIFICATION;0;da1a1500-d532-4285-be94-b07a3e11a098;da1a1508-d532-4285-be94-b07a3e11a098;18;;
35812;1787410293042;1509;BatteryChange / Akku-Livestand;11;11;0,1,6,9,10;17-70-FF-FF-25-B2-20-00-00-01-11;NOTIFICATION;0;da1a1500-d532-4285-be94-b07a3e11a098;da1a1509-d532-4285-be94-b07a3e11a098;18;;
36023;1787410293253;150A;MotorUpdate / Motor-Livestand;10;11;–;1B-58-FF-FF-FF-FF-FF-FF-FF-FF;NOTIFICATION;0;da1a1500-d532-4285-be94-b07a3e11a098;da1a150a-d532-4285-be94-b07a3e11a098;18;;
36234;1787410293464;150B;Motor-/Controllerblock;20;11;–;FF-FF-FF-FF-FF-FF-FF-FF-FF-FF-FF-FF-FF-FF-FF-FF-FF-FF-FF-FF;NOTIFICATION;0;da1a1500-d532-4285-be94-b07a3e11a098;da1a150b-d532-4285-be94-b07a3e11a098;18;;
36442;1787410293672;150D;Fahrstatistik Max/Ø;20;11;–;01-1B-00-BE-FF-FF-FF-FF-47-18-FF-FF-FF-FF-FF-FF-FF-FF-00-00;NOTIFICATION;0;da1a1500-d532-4285-be94-b07a3e11a098;da1a150d-d532-4285-be94-b07a3e11a098;18;;
37485;1787410294715;1502;Akkuinformationen;16;12;–;47-18-FF-FF-FF-FF-47-18-FF-FF-FF-FF-FF-FF-00-00;NOTIFICATION;0;da1a1500-d532-4285-be94-b07a3e11a098;da1a1502-d532-4285-be94-b07a3e11a098;18;;
37904;1787410295134;1505;BikePerformance / Fahrleistung;18;12;7;00-00-00-00-FF-FF-00-74-FF-FF-FF-FF-FF-00-00-00-00-00;NOTIFICATION;0;da1a1500-d532-4285-be94-b07a3e11a098;da1a1505-d532-4285-be94-b07a3e11a098;18;;
38114;1787410295344;1506;Trip / Kilometer & Betriebszähler;16;12;7;00-00-1C-24-00-02-32-37-00-00-02-D0-00-00-00-00;NOTIFICATION;0;da1a1500-d532-4285-be94-b07a3e11a098;da1a1506-d532-4285-be94-b07a3e11a098;18;;
38533;1787410295763;1508;Settings / Licht & Fahrstufe;17;12;–;00-00-00-02-FF-FF-FF-FF-FF-FF-FF-00-00-00-00-00-00;NOTIFICATION;0;da1a1500-d532-4285-be94-b07a3e11a098;da1a1508-d532-4285-be94-b07a3e11a098;18;;
38745;1787410295975;1509;BatteryChange / Akku-Livestand;11;12;0,1,5,6,9,10;00-00-FF-FF-25-B5-A4-00-00-00-00;NOTIFICATION;0;da1a1500-d532-4285-be94-b07a3e11a098;da1a1509-d532-4285-be94-b07a3e11a098;18;;
38948;1787410296178;150A;MotorUpdate / Motor-Livestand;10;12;0,1;00-00-FF-FF-FF-FF-FF-FF-FF-FF;NOTIFICATION;0;da1a1500-d532-4285-be94-b07a3e11a098;da1a150a-d532-4285-be94-b07a3e11a098;18;;
39153;1787410296383;150B;Motor-/Controllerblock;20;12;–;FF-FF-FF-FF-FF-FF-FF-FF-FF-FF-FF-FF-FF-FF-FF-FF-FF-FF-FF-FF;NOTIFICATION;0;da1a1500-d532-4285-be94-b07a3e11a098;da1a150b-d532-4285-be94-b07a3e11a098;18;;
39364;1787410296594;150D;Fahrstatistik Max/Ø;20;12;–;01-1B-00-BE-FF-FF-FF-FF-47-18-FF-FF-FF-FF-FF-FF-FF-FF-00-00;NOTIFICATION;0;da1a1500-d532-4285-be94-b07a3e11a098;da1a150d-d532-4285-be94-b07a3e11a098;18;;
40413;1787410297643;1502;Akkuinformationen;16;13;–;47-18-FF-FF-FF-FF-47-18-FF-FF-FF-FF-FF-FF-00-00;NOTIFICATION;0;da1a1500-d532-4285-be94-b07a3e11a098;da1a1502-d532-4285-be94-b07a3e11a098;18;;
40822;1787410298052;1505;BikePerformance / Fahrleistung;18;13;0,1,2,3,7;11-B2-11-B2-FF-FF-00-7E-FF-FF-FF-FF-FF-00-00-00-00-00;NOTIFICATION;0;da1a1500-d532-4285-be94-b07a3e11a098;da1a1505-d532-4285-be94-b07a3e11a098;18;;
41033;1787410298263;1506;Trip / Kilometer & Betriebszähler;16;13;7;00-00-1C-24-00-02-32-3A-00-00-02-D0-00-00-00-00;NOTIFICATION;0;da1a1500-d532-4285-be94-b07a3e11a098;da1a1506-d532-4285-be94-b07a3e11a098;18;;
41451;1787410298681;1508;Settings / Licht & Fahrstufe;17;13;–;00-00-00-02-FF-FF-FF-FF-FF-FF-FF-00-00-00-00-00-00;NOTIFICATION;0;da1a1500-d532-4285-be94-b07a3e11a098;da1a1508-d532-4285-be94-b07a3e11a098;18;;
41663;1787410298893;1509;BatteryChange / Akku-Livestand;11;13;0,1,5,6,9,10;1F-40-FF-FF-25-B2-20-00-00-01-98;NOTIFICATION;0;da1a1500-d532-4285-be94-b07a3e11a098;da1a1509-d532-4285-be94-b07a3e11a098;18;;
41874;1787410299104;150A;MotorUpdate / Motor-Livestand;10;13;0,1;1F-40-FF-FF-FF-FF-FF-FF-FF-FF;NOTIFICATION;0;da1a1500-d532-4285-be94-b07a3e11a098;da1a150a-d532-4285-be94-b07a3e11a098;18;;
42084;1787410299314;150B;Motor-/Controllerblock;20;13;–;FF-FF-FF-FF-FF-FF-FF-FF-FF-FF-FF-FF-FF-FF-FF-FF-FF-FF-FF-FF;NOTIFICATION;0;da1a1500-d532-4285-be94-b07a3e11a098;da1a150b-d532-4285-be94-b07a3e11a098;18;;
42287;1787410299517;150D;Fahrstatistik Max/Ø;20;13;–;01-1B-00-BE-FF-FF-FF-FF-47-18-FF-FF-FF-FF-FF-FF-FF-FF-00-00;NOTIFICATION;0;da1a1500-d532-4285-be94-b07a3e11a098;da1a150d-d532-4285-be94-b07a3e11a098;18;;
43331;1787410300561;1502;Akkuinformationen;16;14;–;47-18-FF-FF-FF-FF-47-18-FF-FF-FF-FF-FF-FF-00-00;NOTIFICATION;0;da1a1500-d532-4285-be94-b07a3e11a098;da1a1502-d532-4285-be94-b07a3e11a098;18;;
43744;1787410300974;1505;BikePerformance / Fahrleistung;18;14;0,1,2,3,7;08-F2-08-F2-FF-FF-00-BE-FF-FF-FF-FF-FF-00-00-00-00-00;NOTIFICATION;0;da1a1500-d532-4285-be94-b07a3e11a098;da1a1505-d532-4285-be94-b07a3e11a098;18;;
43954;1787410301184;1506;Trip / Kilometer & Betriebszähler;16;14;7;00-00-1C-24-00-02-32-3D-00-00-02-D0-00-00-00-00;NOTIFICATION;0;da1a1500-d532-4285-be94-b07a3e11a098;da1a1506-d532-4285-be94-b07a3e11a098;18;;
44374;1787410301604;1508;Settings / Licht & Fahrstufe;17;14;–;00-00-00-02-FF-FF-FF-FF-FF-FF-FF-00-00-00-00-00-00;NOTIFICATION;0;da1a1500-d532-4285-be94-b07a3e11a098;da1a1508-d532-4285-be94-b07a3e11a098;18;;
44581;1787410301811;1509;BatteryChange / Akku-Livestand;11;14;0,1,5,6,9,10;0B-B8-FF-FF-25-B3-B0-00-00-00-8A;NOTIFICATION;0;da1a1500-d532-4285-be94-b07a3e11a098;da1a1509-d532-4285-be94-b07a3e11a098;18;;
44792;1787410302022;150A;MotorUpdate / Motor-Livestand;10;14;0,1;0F-A0-FF-FF-FF-FF-FF-FF-FF-FF;NOTIFICATION;0;da1a1500-d532-4285-be94-b07a3e11a098;da1a150a-d532-4285-be94-b07a3e11a098;18;;
45006;1787410302236;150B;Motor-/Controllerblock;20;14;–;FF-FF-FF-FF-FF-FF-FF-FF-FF-FF-FF-FF-FF-FF-FF-FF-FF-FF-FF-FF;NOTIFICATION;0;da1a1500-d532-4285-be94-b07a3e11a098;da1a150b-d532-4285-be94-b07a3e11a098;18;;
45213;1787410302443;150D;Fahrstatistik Max/Ø;20;14;–;01-1B-00-BE-FF-FF-FF-FF-47-18-FF-FF-FF-FF-FF-FF-FF-FF-00-00;NOTIFICATION;0;da1a1500-d532-4285-be94-b07a3e11a098;da1a150d-d532-4285-be94-b07a3e11a098;18;;
46254;1787410303484;1502;Akkuinformationen;16;15;–;47-18-FF-FF-FF-FF-47-18-FF-FF-FF-FF-FF-FF-00-00;NOTIFICATION;0;da1a1500-d532-4285-be94-b07a3e11a098;da1a1502-d532-4285-be94-b07a3e11a098;18;;
46674;1787410303904;1505;BikePerformance / Fahrleistung;18;15;0,1,2,3,7;03-98-03-98-FF-FF-00-CA-FF-FF-FF-FF-FF-00-00-00-00-00;NOTIFICATION;0;da1a1500-d532-4285-be94-b07a3e11a098;da1a1505-d532-4285-be94-b07a3e11a098;18;;
46883;1787410304113;1506;Trip / Kilometer & Betriebszähler;16;15;7;00-00-1C-24-00-02-32-40-00-00-02-D0-00-00-00-00;NOTIFICATION;0;da1a1500-d532-4285-be94-b07a3e11a098;da1a1506-d532-4285-be94-b07a3e11a098;18;;
47292;1787410304522;1508;Settings / Licht & Fahrstufe;17;15;–;00-00-00-02-FF-FF-FF-FF-FF-FF-FF-00-00-00-00-00-00;NOTIFICATION;0;da1a1500-d532-4285-be94-b07a3e11a098;da1a1508-d532-4285-be94-b07a3e11a098;18;;
47507;1787410304737;1509;BatteryChange / Akku-Livestand;11;15;0,1,5,6,10;07-D0-FF-FF-25-B4-78-00-00-00-5C;NOTIFICATION;0;da1a1500-d532-4285-be94-b07a3e11a098;da1a1509-d532-4285-be94-b07a3e11a098;18;;
47713;1787410304943;150A;MotorUpdate / Motor-Livestand;10;15;0,1;07-D0-FF-FF-FF-FF-FF-FF-FF-FF;NOTIFICATION;0;da1a1500-d532-4285-be94-b07a3e11a098;da1a150a-d532-4285-be94-b07a3e11a098;18;;
47924;1787410305154;150B;Motor-/Controllerblock;20;15;–;FF-FF-FF-FF-FF-FF-FF-FF-FF-FF-FF-FF-FF-FF-FF-FF-FF-FF-FF-FF;NOTIFICATION;0;da1a1500-d532-4285-be94-b07a3e11a098;da1a150b-d532-4285-be94-b07a3e11a098;18;;
48132;1787410305362;150D;Fahrstatistik Max/Ø;20;15;–;01-1B-00-BE-FF-FF-FF-FF-47-18-FF-FF-FF-FF-FF-FF-FF-FF-00-00;NOTIFICATION;0;da1a1500-d532-4285-be94-b07a3e11a098;da1a150d-d532-4285-be94-b07a3e11a098;18;;
49171;1787410306401;1502;Akkuinformationen;16;16;–;47-18-FF-FF-FF-FF-47-18-FF-FF-FF-FF-FF-FF-00-00;NOTIFICATION;0;da1a1500-d532-4285-be94-b07a3e11a098;da1a1502-d532-4285-be94-b07a3e11a098;18;;
49593;1787410306823;1505;BikePerformance / Fahrleistung;18;16;0,1,2,3,7;01-CC-01-CC-FF-FF-00-C9-FF-FF-FF-FF-FF-00-00-00-00-00;NOTIFICATION;0;da1a1500-d532-4285-be94-b07a3e11a098;da1a1505-d532-4285-be94-b07a3e11a098;18;;
49803;1787410307033;1506;Trip / Kilometer & Betriebszähler;16;16;7;00-00-1C-24-00-02-32-43-00-00-02-D0-00-00-00-00;NOTIFICATION;0;da1a1500-d532-4285-be94-b07a3e11a098;da1a1506-d532-4285-be94-b07a3e11a098;18;;
50214;1787410307444;1508;Settings / Licht & Fahrstufe;17;16;–;00-00-00-02-FF-FF-FF-FF-FF-FF-FF-00-00-00-00-00-00;NOTIFICATION;0;da1a1500-d532-4285-be94-b07a3e11a098;da1a1508-d532-4285-be94-b07a3e11a098;18;;
50427;1787410307657;1509;BatteryChange / Akku-Livestand;11;16;0,1,10;03-E8-FF-FF-25-B4-78-00-00-00-2E;NOTIFICATION;0;da1a1500-d532-4285-be94-b07a3e11a098;da1a1509-d532-4285-be94-b07a3e11a098;18;;
50632;1787410307862;150A;MotorUpdate / Motor-Livestand;10;16;0,1;03-E8-FF-FF-FF-FF-FF-FF-FF-FF;NOTIFICATION;0;da1a1500-d532-4285-be94-b07a3e11a098;da1a150a-d532-4285-be94-b07a3e11a098;18;;
50843;1787410308073;150B;Motor-/Controllerblock;20;16;–;FF-FF-FF-FF-FF-FF-FF-FF-FF-FF-FF-FF-FF-FF-FF-FF-FF-FF-FF-FF;NOTIFICATION;0;da1a1500-d532-4285-be94-b07a3e11a098;da1a150b-d532-4285-be94-b07a3e11a098;18;;
51056;1787410308286;150D;Fahrstatistik Max/Ø;20;16;–;01-1B-00-BE-FF-FF-FF-FF-47-18-FF-FF-FF-FF-FF-FF-FF-FF-00-00;NOTIFICATION;0;da1a1500-d532-4285-be94-b07a3e11a098;da1a150d-d532-4285-be94-b07a3e11a098;18;;
52093;1787410309323;1502;Akkuinformationen;16;17;–;47-18-FF-FF-FF-FF-47-18-FF-FF-FF-FF-FF-FF-00-00;NOTIFICATION;0;da1a1500-d532-4285-be94-b07a3e11a098;da1a1502-d532-4285-be94-b07a3e11a098;18;;
52513;1787410309743;1505;BikePerformance / Fahrleistung;18;17;0,1,2,3,7;00-00-00-00-FF-FF-00-C3-FF-FF-FF-FF-FF-00-00-00-00-00;NOTIFICATION;0;da1a1500-d532-4285-be94-b07a3e11a098;da1a1505-d532-4285-be94-b07a3e11a098;18;;
52724;1787410309954;1506;Trip / Kilometer & Betriebszähler;16;17;7;00-00-1C-24-00-02-32-46-00-00-02-D0-00-00-00-00;NOTIFICATION;0;da1a1500-d532-4285-be94-b07a3e11a098;da1a1506-d532-4285-be94-b07a3e11a098;18;;
53135;1787410310365;1508;Settings / Licht & Fahrstufe;17;17;–;00-00-00-02-FF-FF-FF-FF-FF-FF-FF-00-00-00-00-00-00;NOTIFICATION;0;da1a1500-d532-4285-be94-b07a3e11a098;da1a1508-d532-4285-be94-b07a3e11a098;18;;
53344;1787410310574;1509;BatteryChange / Akku-Livestand;11;17;0,1,10;00-00-FF-FF-25-B4-78-00-00-00-00;NOTIFICATION;0;da1a1500-d532-4285-be94-b07a3e11a098;da1a1509-d532-4285-be94-b07a3e11a098;18;;
53553;1787410310783;150A;MotorUpdate / Motor-Livestand;10;17;0,1;00-00-FF-FF-FF-FF-FF-FF-FF-FF;NOTIFICATION;0;da1a1500-d532-4285-be94-b07a3e11a098;da1a150a-d532-4285-be94-b07a3e11a098;18;;
53764;1787410310994;150B;Motor-/Controllerblock;20;17;–;FF-FF-FF-FF-FF-FF-FF-FF-FF-FF-FF-FF-FF-FF-FF-FF-FF-FF-FF-FF;NOTIFICATION;0;da1a1500-d532-4285-be94-b07a3e11a098;da1a150b-d532-4285-be94-b07a3e11a098;18;;
53973;1787410311203;150D;Fahrstatistik Max/Ø;20;17;–;01-1B-00-BE-FF-FF-FF-FF-47-18-FF-FF-FF-FF-FF-FF-FF-FF-00-00;NOTIFICATION;0;da1a1500-d532-4285-be94-b07a3e11a098;da1a150d-d532-4285-be94-b07a3e11a098;18;;
55013;1787410312243;1502;Akkuinformationen;16;18;–;47-18-FF-FF-FF-FF-47-18-FF-FF-FF-FF-FF-FF-00-00;NOTIFICATION;0;da1a1500-d532-4285-be94-b07a3e11a098;da1a1502-d532-4285-be94-b07a3e11a098;18;;
55433;1787410312663;1505;BikePerformance / Fahrleistung;18;18;0,1,2,3,7;03-98-03-98-FF-FF-00-C0-FF-FF-FF-FF-FF-00-00-00-00-00;NOTIFICATION;0;da1a1500-d532-4285-be94-b07a3e11a098;da1a1505-d532-4285-be94-b07a3e11a098;18;;
55646;1787410312876;1506;Trip / Kilometer & Betriebszähler;16;18;7;00-00-1C-24-00-02-32-49-00-00-02-D0-00-00-00-00;NOTIFICATION;0;da1a1500-d532-4285-be94-b07a3e11a098;da1a1506-d532-4285-be94-b07a3e11a098;18;;
56053;1787410313283;1508;Settings / Licht & Fahrstufe;17;18;–;00-00-00-02-FF-FF-FF-FF-FF-FF-FF-00-00-00-00-00-00;NOTIFICATION;0;da1a1500-d532-4285-be94-b07a3e11a098;da1a1508-d532-4285-be94-b07a3e11a098;18;;
56269;1787410313499;1509;BatteryChange / Akku-Livestand;11;18;0,1,10;07-D0-FF-FF-25-B4-78-00-00-00-5C;NOTIFICATION;0;da1a1500-d532-4285-be94-b07a3e11a098;da1a1509-d532-4285-be94-b07a3e11a098;18;;
56475;1787410313705;150A;MotorUpdate / Motor-Livestand;10;18;0,1;03-E8-FF-FF-FF-FF-FF-FF-FF-FF;NOTIFICATION;0;da1a1500-d532-4285-be94-b07a3e11a098;da1a150a-d532-4285-be94-b07a3e11a098;18;;
56683;1787410313913;150B;Motor-/Controllerblock;20;18;–;FF-FF-FF-FF-FF-FF-FF-FF-FF-FF-FF-FF-FF-FF-FF-FF-FF-FF-FF-FF;NOTIFICATION;0;da1a1500-d532-4285-be94-b07a3e11a098;da1a150b-d532-4285-be94-b07a3e11a098;18;;
56894;1787410314124;150D;Fahrstatistik Max/Ø;20;18;3;01-1B-00-BD-FF-FF-FF-FF-47-18-FF-FF-FF-FF-FF-FF-FF-FF-00-00;NOTIFICATION;0;da1a1500-d532-4285-be94-b07a3e11a098;da1a150d-d532-4285-be94-b07a3e11a098;18;;
57932;1787410315162;1502;Akkuinformationen;16;19;–;47-18-FF-FF-FF-FF-47-18-FF-FF-FF-FF-FF-FF-00-00;NOTIFICATION;0;da1a1500-d532-4285-be94-b07a3e11a098;da1a1502-d532-4285-be94-b07a3e11a098;18;;
58355;1787410315585;1505;BikePerformance / Fahrleistung;18;19;0,1,2,3,7;00-00-00-00-FF-FF-00-B8-FF-FF-FF-FF-FF-00-00-00-00-00;NOTIFICATION;0;da1a1500-d532-4285-be94-b07a3e11a098;da1a1505-d532-4285-be94-b07a3e11a098;18;;
58563;1787410315793;1506;Trip / Kilometer & Betriebszähler;16;19;3,7;00-00-1C-25-00-02-32-4C-00-00-02-D0-00-00-00-00;NOTIFICATION;0;da1a1500-d532-4285-be94-b07a3e11a098;da1a1506-d532-4285-be94-b07a3e11a098;18;;
58983;1787410316213;1508;Settings / Licht & Fahrstufe;17;19;–;00-00-00-02-FF-FF-FF-FF-FF-FF-FF-00-00-00-00-00-00;NOTIFICATION;0;da1a1500-d532-4285-be94-b07a3e11a098;da1a1508-d532-4285-be94-b07a3e11a098;18;;
59185;1787410316415;1509;BatteryChange / Akku-Livestand;11;19;0,1,5,6,10;00-00-FF-FF-25-B5-40-00-00-00-00;NOTIFICATION;0;da1a1500-d532-4285-be94-b07a3e11a098;da1a1509-d532-4285-be94-b07a3e11a098;18;;
59393;1787410316623;150A;MotorUpdate / Motor-Livestand;10;19;0,1;00-00-FF-FF-FF-FF-FF-FF-FF-FF;NOTIFICATION;0;da1a1500-d532-4285-be94-b07a3e11a098;da1a150a-d532-4285-be94-b07a3e11a098;18;;
59603;1787410316833;150B;Motor-/Controllerblock;20;19;–;FF-FF-FF-FF-FF-FF-FF-FF-FF-FF-FF-FF-FF-FF-FF-FF-FF-FF-FF-FF;NOTIFICATION;0;da1a1500-d532-4285-be94-b07a3e11a098;da1a150b-d532-4285-be94-b07a3e11a098;18;;
59814;1787410317044;150D;Fahrstatistik Max/Ø;20;19;–;01-1B-00-BD-FF-FF-FF-FF-47-18-FF-FF-FF-FF-FF-FF-FF-FF-00-00;NOTIFICATION;0;da1a1500-d532-4285-be94-b07a3e11a098;da1a150d-d532-4285-be94-b07a3e11a098;18;;
60853;1787410318083;1502;Akkuinformationen;16;20;–;47-18-FF-FF-FF-FF-47-18-FF-FF-FF-FF-FF-FF-00-00;NOTIFICATION;0;da1a1500-d532-4285-be94-b07a3e11a098;da1a1502-d532-4285-be94-b07a3e11a098;18;;
61275;1787410318505;1505;BikePerformance / Fahrleistung;18;20;7;00-00-00-00-FF-FF-00-AC-FF-FF-FF-FF-FF-00-00-00-00-00;NOTIFICATION;0;da1a1500-d532-4285-be94-b07a3e11a098;da1a1505-d532-4285-be94-b07a3e11a098;18;;
61484;1787410318714;1506;Trip / Kilometer & Betriebszähler;16;20;7;00-00-1C-25-00-02-32-4E-00-00-02-D0-00-00-00-00;NOTIFICATION;0;da1a1500-d532-4285-be94-b07a3e11a098;da1a1506-d532-4285-be94-b07a3e11a098;18;;
61905;1787410319135;1508;Settings / Licht & Fahrstufe;17;20;–;00-00-00-02-FF-FF-FF-FF-FF-FF-FF-00-00-00-00-00-00;NOTIFICATION;0;da1a1500-d532-4285-be94-b07a3e11a098;da1a1508-d532-4285-be94-b07a3e11a098;18;;
62115;1787410319345;1509;BatteryChange / Akku-Livestand;11;20;0,1,5,6,9,10;1F-40-FF-FF-25-B1-58-00-00-01-3D;NOTIFICATION;0;da1a1500-d532-4285-be94-b07a3e11a098;da1a1509-d532-4285-be94-b07a3e11a098;18;;
62314;1787410319544;150A;MotorUpdate / Motor-Livestand;10;20;0,1;1F-40-FF-FF-FF-FF-FF-FF-FF-FF;NOTIFICATION;0;da1a1500-d532-4285-be94-b07a3e11a098;da1a150a-d532-4285-be94-b07a3e11a098;18;;
62527;1787410319757;150B;Motor-/Controllerblock;20;20;–;FF-FF-FF-FF-FF-FF-FF-FF-FF-FF-FF-FF-FF-FF-FF-FF-FF-FF-FF-FF;NOTIFICATION;0;da1a1500-d532-4285-be94-b07a3e11a098;da1a150b-d532-4285-be94-b07a3e11a098;18;;
62733;1787410319963;150D;Fahrstatistik Max/Ø;20;20;–;01-1B-00-BD-FF-FF-FF-FF-47-18-FF-FF-FF-FF-FF-FF-FF-FF-00-00;NOTIFICATION;0;da1a1500-d532-4285-be94-b07a3e11a098;da1a150d-d532-4285-be94-b07a3e11a098;18;;
63785;1787410321015;1502;Akkuinformationen;16;21;–;47-18-FF-FF-FF-FF-47-18-FF-FF-FF-FF-FF-FF-00-00;NOTIFICATION;0;da1a1500-d532-4285-be94-b07a3e11a098;da1a1502-d532-4285-be94-b07a3e11a098;18;;
64193;1787410321423;1505;BikePerformance / Fahrleistung;18;21;0,1,2,3,7;0C-6C-0C-6C-FF-FF-00-C9-FF-FF-FF-FF-FF-00-00-00-00-00;NOTIFICATION;0;da1a1500-d532-4285-be94-b07a3e11a098;da1a1505-d532-4285-be94-b07a3e11a098;18;;
64406;1787410321636;1506;Trip / Kilometer & Betriebszähler;16;21;7;00-00-1C-25-00-02-32-51-00-00-02-D0-00-00-00-00;NOTIFICATION;0;da1a1500-d532-4285-be94-b07a3e11a098;da1a1506-d532-4285-be94-b07a3e11a098;18;;
64825;1787410322055;1508;Settings / Licht & Fahrstufe;17;21;–;00-00-00-02-FF-FF-FF-FF-FF-FF-FF-00-00-00-00-00-00;NOTIFICATION;0;da1a1500-d532-4285-be94-b07a3e11a098;da1a1508-d532-4285-be94-b07a3e11a098;18;;
65036;1787410322266;1509;BatteryChange / Akku-Livestand;11;21;0,1,5,6,10;1B-58-FF-FF-25-B2-20-00-00-01-3F;NOTIFICATION;0;da1a1500-d532-4285-be94-b07a3e11a098;da1a1509-d532-4285-be94-b07a3e11a098;18;;
65245;1787410322475;150A;MotorUpdate / Motor-Livestand;10;21;0,1;17-70-FF-FF-FF-FF-FF-FF-FF-FF;NOTIFICATION;0;da1a1500-d532-4285-be94-b07a3e11a098;da1a150a-d532-4285-be94-b07a3e11a098;18;;
65453;1787410322683;150B;Motor-/Controllerblock;20;21;–;FF-FF-FF-FF-FF-FF-FF-FF-FF-FF-FF-FF-FF-FF-FF-FF-FF-FF-FF-FF;NOTIFICATION;0;da1a1500-d532-4285-be94-b07a3e11a098;da1a150b-d532-4285-be94-b07a3e11a098;18;;
65654;1787410322884;150D;Fahrstatistik Max/Ø;20;21;–;01-1B-00-BD-FF-FF-FF-FF-47-18-FF-FF-FF-FF-FF-FF-FF-FF-00-00;NOTIFICATION;0;da1a1500-d532-4285-be94-b07a3e11a098;da1a150d-d532-4285-be94-b07a3e11a098;18;;
66704;1787410323934;1502;Akkuinformationen;16;22;–;47-18-FF-FF-FF-FF-47-18-FF-FF-FF-FF-FF-FF-00-00;NOTIFICATION;0;da1a1500-d532-4285-be94-b07a3e11a098;da1a1502-d532-4285-be94-b07a3e11a098;18;;
67114;1787410324344;1505;BikePerformance / Fahrleistung;18;22;0,1,2,3,7;08-E8-08-E8-FF-FF-00-DA-FF-FF-FF-FF-FF-00-00-00-00-00;NOTIFICATION;0;da1a1500-d532-4285-be94-b07a3e11a098;da1a1505-d532-4285-be94-b07a3e11a098;18;;
67328;1787410324558;1506;Trip / Kilometer & Betriebszähler;16;22;7;00-00-1C-25-00-02-32-54-00-00-02-D0-00-00-00-00;NOTIFICATION;0;da1a1500-d532-4285-be94-b07a3e11a098;da1a1506-d532-4285-be94-b07a3e11a098;18;;
67743;1787410324973;1508;Settings / Licht & Fahrstufe;17;22;–;00-00-00-02-FF-FF-FF-FF-FF-FF-FF-00-00-00-00-00-00;NOTIFICATION;0;da1a1500-d532-4285-be94-b07a3e11a098;da1a1508-d532-4285-be94-b07a3e11a098;18;;
67955;1787410325185;1509;BatteryChange / Akku-Livestand;11;22;0,1,6,9,10;13-88-FF-FF-25-B2-E8-00-00-00-E5;NOTIFICATION;0;da1a1500-d532-4285-be94-b07a3e11a098;da1a1509-d532-4285-be94-b07a3e11a098;18;;
68163;1787410325393;150A;MotorUpdate / Motor-Livestand;10;22;0,1;13-88-FF-FF-FF-FF-FF-FF-FF-FF;NOTIFICATION;0;da1a1500-d532-4285-be94-b07a3e11a098;da1a150a-d532-4285-be94-b07a3e11a098;18;;
68375;1787410325605;150B;Motor-/Controllerblock;20;22;–;FF-FF-FF-FF-FF-FF-FF-FF-FF-FF-FF-FF-FF-FF-FF-FF-FF-FF-FF-FF;NOTIFICATION;0;da1a1500-d532-4285-be94-b07a3e11a098;da1a150b-d532-4285-be94-b07a3e11a098;18;;
68574;1787410325804;150D;Fahrstatistik Max/Ø;20;22;–;01-1B-00-BD-FF-FF-FF-FF-47-18-FF-FF-FF-FF-FF-FF-FF-FF-00-00;NOTIFICATION;0;da1a1500-d532-4285-be94-b07a3e11a098;da1a150d-d532-4285-be94-b07a3e11a098;18;;
69625;1787410326855;1502;Akkuinformationen;16;23;–;47-18-FF-FF-FF-FF-47-18-FF-FF-FF-FF-FF-FF-00-00;NOTIFICATION;0;da1a1500-d532-4285-be94-b07a3e11a098;da1a1502-d532-4285-be94-b07a3e11a098;18;;
70044;1787410327274;1505;BikePerformance / Fahrleistung;18;23;1,3;08-F2-08-F2-FF-FF-00-DA-FF-FF-FF-FF-FF-00-00-00-00-00;NOTIFICATION;0;da1a1500-d532-4285-be94-b07a3e11a098;da1a1505-d532-4285-be94-b07a3e11a098;18;;
70244;1787410327474;1506;Trip / Kilometer & Betriebszähler;16;23;7;00-00-1C-25-00-02-32-57-00-00-02-D0-00-00-00-00;NOTIFICATION;0;da1a1500-d532-4285-be94-b07a3e11a098;da1a1506-d532-4285-be94-b07a3e11a098;18;;
70663;1787410327893;1508;Settings / Licht & Fahrstufe;17;23;–;00-00-00-02-FF-FF-FF-FF-FF-FF-FF-00-00-00-00-00-00;NOTIFICATION;0;da1a1500-d532-4285-be94-b07a3e11a098;da1a1508-d532-4285-be94-b07a3e11a098;18;;
70874;1787410328104;1509;BatteryChange / Akku-Livestand;11;23;10;13-88-FF-FF-25-B2-E8-00-00-00-E4;NOTIFICATION;0;da1a1500-d532-4285-be94-b07a3e11a098;da1a1509-d532-4285-be94-b07a3e11a098;18;;
71087;1787410328317;150A;MotorUpdate / Motor-Livestand;10;23;–;13-88-FF-FF-FF-FF-FF-FF-FF-FF;NOTIFICATION;0;da1a1500-d532-4285-be94-b07a3e11a098;da1a150a-d532-4285-be94-b07a3e11a098;18;;
71306;1787410328536;150B;Motor-/Controllerblock;20;23;–;FF-FF-FF-FF-FF-FF-FF-FF-FF-FF-FF-FF-FF-FF-FF-FF-FF-FF-FF-FF;NOTIFICATION;0;da1a1500-d532-4285-be94-b07a3e11a098;da1a150b-d532-4285-be94-b07a3e11a098;18;;
71507;1787410328737;150D;Fahrstatistik Max/Ø;20;23;–;01-1B-00-BD-FF-FF-FF-FF-47-18-FF-FF-FF-FF-FF-FF-FF-FF-00-00;NOTIFICATION;0;da1a1500-d532-4285-be94-b07a3e11a098;da1a150d-d532-4285-be94-b07a3e11a098;18;;
72546;1787410329776;1502;Akkuinformationen;16;24;–;47-18-FF-FF-FF-FF-47-18-FF-FF-FF-FF-FF-FF-00-00;NOTIFICATION;0;da1a1500-d532-4285-be94-b07a3e11a098;da1a1502-d532-4285-be94-b07a3e11a098;18;;
72966;1787410330196;1505;BikePerformance / Fahrleistung;18;24;0,1,2,3;07-1C-07-1C-FF-FF-00-DA-FF-FF-FF-FF-FF-00-00-00-00-00;NOTIFICATION;0;da1a1500-d532-4285-be94-b07a3e11a098;da1a1505-d532-4285-be94-b07a3e11a098;18;;
73167;1787410330397;1506;Trip / Kilometer & Betriebszähler;16;24;7;00-00-1C-25-00-02-32-5A-00-00-02-D0-00-00-00-00;NOTIFICATION;0;da1a1500-d532-4285-be94-b07a3e11a098;da1a1506-d532-4285-be94-b07a3e11a098;18;;
73584;1787410330814;1508;Settings / Licht & Fahrstufe;17;24;–;00-00-00-02-FF-FF-FF-FF-FF-FF-FF-00-00-00-00-00-00;NOTIFICATION;0;da1a1500-d532-4285-be94-b07a3e11a098;da1a1508-d532-4285-be94-b07a3e11a098;18;;
73794;1787410331024;1509;BatteryChange / Akku-Livestand;11;24;0,1,10;0F-A0-FF-FF-25-B2-E8-00-00-00-B7;NOTIFICATION;0;da1a1500-d532-4285-be94-b07a3e11a098;da1a1509-d532-4285-be94-b07a3e11a098;18;;
74005;1787410331235;150A;MotorUpdate / Motor-Livestand;10;24;0,1;0F-A0-FF-FF-FF-FF-FF-FF-FF-FF;NOTIFICATION;0;da1a1500-d532-4285-be94-b07a3e11a098;da1a150a-d532-4285-be94-b07a3e11a098;18;;
74216;1787410331446;150B;Motor-/Controllerblock;20;24;–;FF-FF-FF-FF-FF-FF-FF-FF-FF-FF-FF-FF-FF-FF-FF-FF-FF-FF-FF-FF;NOTIFICATION;0;da1a1500-d532-4285-be94-b07a3e11a098;da1a150b-d532-4285-be94-b07a3e11a098;18;;
74424;1787410331654;150D;Fahrstatistik Max/Ø;20;24;–;01-1B-00-BD-FF-FF-FF-FF-47-18-FF-FF-FF-FF-FF-FF-FF-FF-00-00;NOTIFICATION;0;da1a1500-d532-4285-be94-b07a3e11a098;da1a150d-d532-4285-be94-b07a3e11a098;18;;
75463;1787410332693;1502;Akkuinformationen;16;25;–;47-18-FF-FF-FF-FF-47-18-FF-FF-FF-FF-FF-FF-00-00;NOTIFICATION;0;da1a1500-d532-4285-be94-b07a3e11a098;da1a1502-d532-4285-be94-b07a3e11a098;18;;
75883;1787410333113;1505;BikePerformance / Fahrleistung;18;25;1,3;07-26-07-26-FF-FF-00-DA-FF-FF-FF-FF-FF-00-00-00-00-00;NOTIFICATION;0;da1a1500-d532-4285-be94-b07a3e11a098;da1a1505-d532-4285-be94-b07a3e11a098;18;;
76091;1787410333321;1506;Trip / Kilometer & Betriebszähler;16;25;3,7;00-00-1C-26-00-02-32-5D-00-00-02-D0-00-00-00-00;NOTIFICATION;0;da1a1500-d532-4285-be94-b07a3e11a098;da1a1506-d532-4285-be94-b07a3e11a098;18;;
76504;1787410333734;1508;Settings / Licht & Fahrstufe;17;25;–;00-00-00-02-FF-FF-FF-FF-FF-FF-FF-00-00-00-00-00-00;NOTIFICATION;0;da1a1500-d532-4285-be94-b07a3e11a098;da1a1508-d532-4285-be94-b07a3e11a098;18;;
76712;1787410333942;1509;BatteryChange / Akku-Livestand;11;25;0,1,10;0B-B8-FF-FF-25-B2-E8-00-00-00-89;NOTIFICATION;0;da1a1500-d532-4285-be94-b07a3e11a098;da1a1509-d532-4285-be94-b07a3e11a098;18;;
76922;1787410334152;150A;MotorUpdate / Motor-Livestand;10;25;–;0F-A0-FF-FF-FF-FF-FF-FF-FF-FF;NOTIFICATION;0;da1a1500-d532-4285-be94-b07a3e11a098;da1a150a-d532-4285-be94-b07a3e11a098;18;;
77132;1787410334362;150B;Motor-/Controllerblock;20;25;–;FF-FF-FF-FF-FF-FF-FF-FF-FF-FF-FF-FF-FF-FF-FF-FF-FF-FF-FF-FF;NOTIFICATION;0;da1a1500-d532-4285-be94-b07a3e11a098;da1a150b-d532-4285-be94-b07a3e11a098;18;;
77343;1787410334573;150D;Fahrstatistik Max/Ø;20;25;–;01-1B-00-BD-FF-FF-FF-FF-47-18-FF-FF-FF-FF-FF-FF-FF-FF-00-00;NOTIFICATION;0;da1a1500-d532-4285-be94-b07a3e11a098;da1a150d-d532-4285-be94-b07a3e11a098;18;;
78388;1787410335618;1502;Akkuinformationen;16;26;–;47-18-FF-FF-FF-FF-47-18-FF-FF-FF-FF-FF-FF-00-00;NOTIFICATION;0;da1a1500-d532-4285-be94-b07a3e11a098;da1a1502-d532-4285-be94-b07a3e11a098;18;;
78804;1787410336034;1505;BikePerformance / Fahrleistung;18;26;0,1,2,3;05-5A-05-5A-FF-FF-00-DA-FF-FF-FF-FF-FF-00-00-00-00-00;NOTIFICATION;0;da1a1500-d532-4285-be94-b07a3e11a098;da1a1505-d532-4285-be94-b07a3e11a098;18;;
79013;1787410336243;1506;Trip / Kilometer & Betriebszähler;16;26;7;00-00-1C-26-00-02-32-60-00-00-02-D0-00-00-00-00;NOTIFICATION;0;da1a1500-d532-4285-be94-b07a3e11a098;da1a1506-d532-4285-be94-b07a3e11a098;18;;
79426;1787410336656;1508;Settings / Licht & Fahrstufe;17;26;–;00-00-00-02-FF-FF-FF-FF-FF-FF-FF-00-00-00-00-00-00;NOTIFICATION;0;da1a1500-d532-4285-be94-b07a3e11a098;da1a1508-d532-4285-be94-b07a3e11a098;18;;
79634;1787410336864;1509;BatteryChange / Akku-Livestand;11;26;5,6,10;0B-B8-FF-FF-25-B3-B0-00-00-00-8A;NOTIFICATION;0;da1a1500-d532-4285-be94-b07a3e11a098;da1a1509-d532-4285-be94-b07a3e11a098;18;;
79847;1787410337077;150A;MotorUpdate / Motor-Livestand;10;26;0,1;0B-B8-FF-FF-FF-FF-FF-FF-FF-FF;NOTIFICATION;0;da1a1500-d532-4285-be94-b07a3e11a098;da1a150a-d532-4285-be94-b07a3e11a098;18;;
80054;1787410337284;150B;Motor-/Controllerblock;20;26;–;FF-FF-FF-FF-FF-FF-FF-FF-FF-FF-FF-FF-FF-FF-FF-FF-FF-FF-FF-FF;NOTIFICATION;0;da1a1500-d532-4285-be94-b07a3e11a098;da1a150b-d532-4285-be94-b07a3e11a098;18;;
80266;1787410337496;150D;Fahrstatistik Max/Ø;20;26;–;01-1B-00-BD-FF-FF-FF-FF-47-18-FF-FF-FF-FF-FF-FF-FF-FF-00-00;NOTIFICATION;0;da1a1500-d532-4285-be94-b07a3e11a098;da1a150d-d532-4285-be94-b07a3e11a098;18;;
81304;1787410338534;1502;Akkuinformationen;16;27;–;47-18-FF-FF-FF-FF-47-18-FF-FF-FF-FF-FF-FF-00-00;NOTIFICATION;0;da1a1500-d532-4285-be94-b07a3e11a098;da1a1502-d532-4285-be94-b07a3e11a098;18;;
81725;1787410338955;1505;BikePerformance / Fahrleistung;18;27;0,1,2,3;03-8E-03-8E-FF-FF-00-DA-FF-FF-FF-FF-FF-00-00-00-00-00;NOTIFICATION;0;da1a1500-d532-4285-be94-b07a3e11a098;da1a1505-d532-4285-be94-b07a3e11a098;18;;
81934;1787410339164;1506;Trip / Kilometer & Betriebszähler;16;27;7;00-00-1C-26-00-02-32-63-00-00-02-D0-00-00-00-00;NOTIFICATION;0;da1a1500-d532-4285-be94-b07a3e11a098;da1a1506-d532-4285-be94-b07a3e11a098;18;;
82357;1787410339587;1508;Settings / Licht & Fahrstufe;17;27;–;00-00-00-02-FF-FF-FF-FF-FF-FF-FF-00-00-00-00-00-00;NOTIFICATION;0;da1a1500-d532-4285-be94-b07a3e11a098;da1a1508-d532-4285-be94-b07a3e11a098;18;;
82556;1787410339786;1509;BatteryChange / Akku-Livestand;11;27;6,10;0B-B8-FF-FF-25-B3-4C-00-00-00-89;NOTIFICATION;0;da1a1500-d532-4285-be94-b07a3e11a098;da1a1509-d532-4285-be94-b07a3e11a098;18;;
82765;1787410339995;150A;MotorUpdate / Motor-Livestand;10;27;–;0B-B8-FF-FF-FF-FF-FF-FF-FF-FF;NOTIFICATION;0;da1a1500-d532-4285-be94-b07a3e11a098;da1a150a-d532-4285-be94-b07a3e11a098;18;;
82976;1787410340206;150B;Motor-/Controllerblock;20;27;–;FF-FF-FF-FF-FF-FF-FF-FF-FF-FF-FF-FF-FF-FF-FF-FF-FF-FF-FF-FF;NOTIFICATION;0;da1a1500-d532-4285-be94-b07a3e11a098;da1a150b-d532-4285-be94-b07a3e11a098;18;;
83186;1787410340416;150D;Fahrstatistik Max/Ø;20;27;–;01-1B-00-BD-FF-FF-FF-FF-47-18-FF-FF-FF-FF-FF-FF-FF-FF-00-00;NOTIFICATION;0;da1a1500-d532-4285-be94-b07a3e11a098;da1a150d-d532-4285-be94-b07a3e11a098;18;;
84223;1787410341453;1502;Akkuinformationen;16;28;–;47-18-FF-FF-FF-FF-47-18-FF-FF-FF-FF-FF-FF-00-00;NOTIFICATION;0;da1a1500-d532-4285-be94-b07a3e11a098;da1a1502-d532-4285-be94-b07a3e11a098;18;;
84646;1787410341876;1505;BikePerformance / Fahrleistung;18;28;0,1,2,3;07-26-07-26-FF-FF-00-DA-FF-FF-FF-FF-FF-00-00-00-00-00;NOTIFICATION;0;da1a1500-d532-4285-be94-b07a3e11a098;da1a1505-d532-4285-be94-b07a3e11a098;18;;
84854;1787410342084;1506;Trip / Kilometer & Betriebszähler;16;28;7;00-00-1C-26-00-02-32-66-00-00-02-D0-00-00-00-00;NOTIFICATION;0;da1a1500-d532-4285-be94-b07a3e11a098;da1a1506-d532-4285-be94-b07a3e11a098;18;;
85274;1787410342504;1508;Settings / Licht & Fahrstufe;17;28;–;00-00-00-02-FF-FF-FF-FF-FF-FF-FF-00-00-00-00-00-00;NOTIFICATION;0;da1a1500-d532-4285-be94-b07a3e11a098;da1a1508-d532-4285-be94-b07a3e11a098;18;;
85485;1787410342715;1509;BatteryChange / Akku-Livestand;11;28;5,6;0B-B8-FF-FF-25-B2-E8-00-00-00-89;NOTIFICATION;0;da1a1500-d532-4285-be94-b07a3e11a098;da1a1509-d532-4285-be94-b07a3e11a098;18;;
85684;1787410342914;150A;MotorUpdate / Motor-Livestand;10;28;–;0B-B8-FF-FF-FF-FF-FF-FF-FF-FF;NOTIFICATION;0;da1a1500-d532-4285-be94-b07a3e11a098;da1a150a-d532-4285-be94-b07a3e11a098;18;;
85894;1787410343124;150B;Motor-/Controllerblock;20;28;–;FF-FF-FF-FF-FF-FF-FF-FF-FF-FF-FF-FF-FF-FF-FF-FF-FF-FF-FF-FF;NOTIFICATION;0;da1a1500-d532-4285-be94-b07a3e11a098;da1a150b-d532-4285-be94-b07a3e11a098;18;;
86109;1787410343339;150D;Fahrstatistik Max/Ø;20;28;–;01-1B-00-BD-FF-FF-FF-FF-47-18-FF-FF-FF-FF-FF-FF-FF-FF-00-00;NOTIFICATION;0;da1a1500-d532-4285-be94-b07a3e11a098;da1a150d-d532-4285-be94-b07a3e11a098;18;;
87146;1787410344376;1502;Akkuinformationen;16;29;–;47-18-FF-FF-FF-FF-47-18-FF-FF-FF-FF-FF-FF-00-00;NOTIFICATION;0;da1a1500-d532-4285-be94-b07a3e11a098;da1a1502-d532-4285-be94-b07a3e11a098;18;;
87566;1787410344796;1505;BikePerformance / Fahrleistung;18;29;–;07-26-07-26-FF-FF-00-DA-FF-FF-FF-FF-FF-00-00-00-00-00;NOTIFICATION;0;da1a1500-d532-4285-be94-b07a3e11a098;da1a1505-d532-4285-be94-b07a3e11a098;18;;
87778;1787410345008;1506;Trip / Kilometer & Betriebszähler;16;29;7;00-00-1C-26-00-02-32-69-00-00-02-D0-00-00-00-00;NOTIFICATION;0;da1a1500-d532-4285-be94-b07a3e11a098;da1a1506-d532-4285-be94-b07a3e11a098;18;;
88199;1787410345429;1508;Settings / Licht & Fahrstufe;17;29;–;00-00-00-02-FF-FF-FF-FF-FF-FF-FF-00-00-00-00-00-00;NOTIFICATION;0;da1a1500-d532-4285-be94-b07a3e11a098;da1a1508-d532-4285-be94-b07a3e11a098;18;;
88406;1787410345636;1509;BatteryChange / Akku-Livestand;11;29;0,1,6,10;0F-A0-FF-FF-25-B2-84-00-00-00-B6;NOTIFICATION;0;da1a1500-d532-4285-be94-b07a3e11a098;da1a1509-d532-4285-be94-b07a3e11a098;18;;
88607;1787410345837;150A;MotorUpdate / Motor-Livestand;10;29;0,1;0F-A0-FF-FF-FF-FF-FF-FF-FF-FF;NOTIFICATION;0;da1a1500-d532-4285-be94-b07a3e11a098;da1a150a-d532-4285-be94-b07a3e11a098;18;;
88817;1787410346047;150B;Motor-/Controllerblock;20;29;–;FF-FF-FF-FF-FF-FF-FF-FF-FF-FF-FF-FF-FF-FF-FF-FF-FF-FF-FF-FF;NOTIFICATION;0;da1a1500-d532-4285-be94-b07a3e11a098;da1a150b-d532-4285-be94-b07a3e11a098;18;;
89027;1787410346257;150D;Fahrstatistik Max/Ø;20;29;–;01-1B-00-BD-FF-FF-FF-FF-47-18-FF-FF-FF-FF-FF-FF-FF-FF-00-00;NOTIFICATION;0;da1a1500-d532-4285-be94-b07a3e11a098;da1a150d-d532-4285-be94-b07a3e11a098;18;;
90076;1787410347306;1502;Akkuinformationen;16;30;–;47-18-FF-FF-FF-FF-47-18-FF-FF-FF-FF-FF-FF-00-00;NOTIFICATION;0;da1a1500-d532-4285-be94-b07a3e11a098;da1a1502-d532-4285-be94-b07a3e11a098;18;;
90486;1787410347716;1505;BikePerformance / Fahrleistung;18;30;0,1,2,3;05-5A-05-5A-FF-FF-00-DA-FF-FF-FF-FF-FF-00-00-00-00-00;NOTIFICATION;0;da1a1500-d532-4285-be94-b07a3e11a098;da1a1505-d532-4285-be94-b07a3e11a098;18;;
90696;1787410347926;1506;Trip / Kilometer & Betriebszähler;16;30;7;00-00-1C-26-00-02-32-6C-00-00-02-D0-00-00-00-00;NOTIFICATION;0;da1a1500-d532-4285-be94-b07a3e11a098;da1a1506-d532-4285-be94-b07a3e11a098;18;;
91115;1787410348345;1508;Settings / Licht & Fahrstufe;17;30;–;00-00-00-02-FF-FF-FF-FF-FF-FF-FF-00-00-00-00-00-00;NOTIFICATION;0;da1a1500-d532-4285-be94-b07a3e11a098;da1a1508-d532-4285-be94-b07a3e11a098;18;;
91326;1787410348556;1509;BatteryChange / Akku-Livestand;11;30;6,10;0F-A0-FF-FF-25-B2-E8-00-00-00-B7;NOTIFICATION;0;da1a1500-d532-4285-be94-b07a3e11a098;da1a1509-d532-4285-be94-b07a3e11a098;18;;
91536;1787410348766;150A;MotorUpdate / Motor-Livestand;10;30;0,1;0B-B8-FF-FF-FF-FF-FF-FF-FF-FF;NOTIFICATION;0;da1a1500-d532-4285-be94-b07a3e11a098;da1a150a-d532-4285-be94-b07a3e11a098;18;;
91746;1787410348976;150B;Motor-/Controllerblock;20;30;–;FF-FF-FF-FF-FF-FF-FF-FF-FF-FF-FF-FF-FF-FF-FF-FF-FF-FF-FF-FF;NOTIFICATION;0;da1a1500-d532-4285-be94-b07a3e11a098;da1a150b-d532-4285-be94-b07a3e11a098;18;;
91946;1787410349176;150D;Fahrstatistik Max/Ø;20;30;–;01-1B-00-BD-FF-FF-FF-FF-47-18-FF-FF-FF-FF-FF-FF-FF-FF-00-00;NOTIFICATION;0;da1a1500-d532-4285-be94-b07a3e11a098;da1a150d-d532-4285-be94-b07a3e11a098;18;;
92997;1787410350227;1502;Akkuinformationen;16;31;–;47-18-FF-FF-FF-FF-47-18-FF-FF-FF-FF-FF-FF-00-00;NOTIFICATION;0;da1a1500-d532-4285-be94-b07a3e11a098;da1a1502-d532-4285-be94-b07a3e11a098;18;;
93405;1787410350635;1505;BikePerformance / Fahrleistung;18;31;0,1,2,3;07-26-07-26-FF-FF-00-DA-FF-FF-FF-FF-FF-00-00-00-00-00;NOTIFICATION;0;da1a1500-d532-4285-be94-b07a3e11a098;da1a1505-d532-4285-be94-b07a3e11a098;18;;
93614;1787410350844;1506;Trip / Kilometer & Betriebszähler;16;31;3,7;00-00-1C-27-00-02-32-6F-00-00-02-D0-00-00-00-00;NOTIFICATION;0;da1a1500-d532-4285-be94-b07a3e11a098;da1a1506-d532-4285-be94-b07a3e11a098;18;;
94035;1787410351265;1508;Settings / Licht & Fahrstufe;17;31;–;00-00-00-02-FF-FF-FF-FF-FF-FF-FF-00-00-00-00-00-00;NOTIFICATION;0;da1a1500-d532-4285-be94-b07a3e11a098;da1a1508-d532-4285-be94-b07a3e11a098;18;;
94244;1787410351474;1509;BatteryChange / Akku-Livestand;11;31;0,1,6;0B-B8-FF-FF-25-B2-84-00-00-00-B7;NOTIFICATION;0;da1a1500-d532-4285-be94-b07a3e11a098;da1a1509-d532-4285-be94-b07a3e11a098;18;;
94456;1787410351686;150A;MotorUpdate / Motor-Livestand;10;31;0,1;0F-A0-FF-FF-FF-FF-FF-FF-FF-FF;NOTIFICATION;0;da1a1500-d532-4285-be94-b07a3e11a098;da1a150a-d532-4285-be94-b07a3e11a098;18;;
94668;1787410351898;150B;Motor-/Controllerblock;20;31;–;FF-FF-FF-FF-FF-FF-FF-FF-FF-FF-FF-FF-FF-FF-FF-FF-FF-FF-FF-FF;NOTIFICATION;0;da1a1500-d532-4285-be94-b07a3e11a098;da1a150b-d532-4285-be94-b07a3e11a098;18;;
94875;1787410352105;150D;Fahrstatistik Max/Ø;20;31;–;01-1B-00-BD-FF-FF-FF-FF-47-18-FF-FF-FF-FF-FF-FF-FF-FF-00-00;NOTIFICATION;0;da1a1500-d532-4285-be94-b07a3e11a098;da1a150d-d532-4285-be94-b07a3e11a098;18;;
95913;1787410353143;1502;Akkuinformationen;16;32;–;47-18-FF-FF-FF-FF-47-18-FF-FF-FF-FF-FF-FF-00-00;NOTIFICATION;0;da1a1500-d532-4285-be94-b07a3e11a098;da1a1502-d532-4285-be94-b07a3e11a098;18;;
96335;1787410353565;1505;BikePerformance / Fahrleistung;18;32;–;07-26-07-26-FF-FF-00-DA-FF-FF-FF-FF-FF-00-00-00-00-00;NOTIFICATION;0;da1a1500-d532-4285-be94-b07a3e11a098;da1a1505-d532-4285-be94-b07a3e11a098;18;;
96536;1787410353766;1506;Trip / Kilometer & Betriebszähler;16;32;7;00-00-1C-27-00-02-32-72-00-00-02-D0-00-00-00-00;NOTIFICATION;0;da1a1500-d532-4285-be94-b07a3e11a098;da1a1506-d532-4285-be94-b07a3e11a098;18;;
96955;1787410354185;1508;Settings / Licht & Fahrstufe;17;32;–;00-00-00-02-FF-FF-FF-FF-FF-FF-FF-00-00-00-00-00-00;NOTIFICATION;0;da1a1500-d532-4285-be94-b07a3e11a098;da1a1508-d532-4285-be94-b07a3e11a098;18;;
97165;1787410354395;1509;BatteryChange / Akku-Livestand;11;32;0,1,5,6,10;13-88-FF-FF-25-B0-F4-00-00-00-E2;NOTIFICATION;0;da1a1500-d532-4285-be94-b07a3e11a098;da1a1509-d532-4285-be94-b07a3e11a098;18;;
97374;1787410354604;150A;MotorUpdate / Motor-Livestand;10;32;–;0F-A0-FF-FF-FF-FF-FF-FF-FF-FF;NOTIFICATION;0;da1a1500-d532-4285-be94-b07a3e11a098;da1a150a-d532-4285-be94-b07a3e11a098;18;;
97586;1787410354816;150B;Motor-/Controllerblock;20;32;–;FF-FF-FF-FF-FF-FF-FF-FF-FF-FF-FF-FF-FF-FF-FF-FF-FF-FF-FF-FF;NOTIFICATION;0;da1a1500-d532-4285-be94-b07a3e11a098;da1a150b-d532-4285-be94-b07a3e11a098;18;;
97797;1787410355027;150D;Fahrstatistik Max/Ø;20;32;–;01-1B-00-BD-FF-FF-FF-FF-47-18-FF-FF-FF-FF-FF-FF-FF-FF-00-00;NOTIFICATION;0;da1a1500-d532-4285-be94-b07a3e11a098;da1a150d-d532-4285-be94-b07a3e11a098;18;;
99046;1787410356276;1502;Akkuinformationen;16;33;–;47-18-FF-FF-FF-FF-47-18-FF-FF-FF-FF-FF-FF-00-00;NOTIFICATION;0;da1a1500-d532-4285-be94-b07a3e11a098;da1a1502-d532-4285-be94-b07a3e11a098;18;;
99463;1787410356693;1505;BikePerformance / Fahrleistung;18;33;1,3;07-1C-07-1C-FF-FF-00-DA-FF-FF-FF-FF-FF-00-00-00-00-00;NOTIFICATION;0;da1a1500-d532-4285-be94-b07a3e11a098;da1a1505-d532-4285-be94-b07a3e11a098;18;;
99663;1787410356893;1506;Trip / Kilometer & Betriebszähler;16;33;7;00-00-1C-27-00-02-32-75-00-00-02-D0-00-00-00-00;NOTIFICATION;0;da1a1500-d532-4285-be94-b07a3e11a098;da1a1506-d532-4285-be94-b07a3e11a098;18;;
100085;1787410357315;1508;Settings / Licht & Fahrstufe;17;33;–;00-00-00-02-FF-FF-FF-FF-FF-FF-FF-00-00-00-00-00-00;NOTIFICATION;0;da1a1500-d532-4285-be94-b07a3e11a098;da1a1508-d532-4285-be94-b07a3e11a098;18;;
100294;1787410357524;1509;BatteryChange / Akku-Livestand;11;33;0,1,5,6,10;0F-A0-FF-FF-25-B2-20-00-00-00-B6;NOTIFICATION;0;da1a1500-d532-4285-be94-b07a3e11a098;da1a1509-d532-4285-be94-b07a3e11a098;18;;
100506;1787410357736;150A;MotorUpdate / Motor-Livestand;10;33;–;0F-A0-FF-FF-FF-FF-FF-FF-FF-FF;NOTIFICATION;0;da1a1500-d532-4285-be94-b07a3e11a098;da1a150a-d532-4285-be94-b07a3e11a098;18;;
100713;1787410357943;150B;Motor-/Controllerblock;20;33;–;FF-FF-FF-FF-FF-FF-FF-FF-FF-FF-FF-FF-FF-FF-FF-FF-FF-FF-FF-FF;NOTIFICATION;0;da1a1500-d532-4285-be94-b07a3e11a098;da1a150b-d532-4285-be94-b07a3e11a098;18;;
100926;1787410358156;150D;Fahrstatistik Max/Ø;20;33;–;01-1B-00-BD-FF-FF-FF-FF-47-18-FF-FF-FF-FF-FF-FF-FF-FF-00-00;NOTIFICATION;0;da1a1500-d532-4285-be94-b07a3e11a098;da1a150d-d532-4285-be94-b07a3e11a098;18;;
101966;1787410359196;1502;Akkuinformationen;16;34;–;47-18-FF-FF-FF-FF-47-18-FF-FF-FF-FF-FF-FF-00-00;NOTIFICATION;0;da1a1500-d532-4285-be94-b07a3e11a098;da1a1502-d532-4285-be94-b07a3e11a098;18;;
102384;1787410359614;1505;BikePerformance / Fahrleistung;18;34;0,1,2,3;08-E8-08-E8-FF-FF-00-DA-FF-FF-FF-FF-FF-00-00-00-00-00;NOTIFICATION;0;da1a1500-d532-4285-be94-b07a3e11a098;da1a1505-d532-4285-be94-b07a3e11a098;18;;
102597;1787410359827;1506;Trip / Kilometer & Betriebszähler;16;34;7;00-00-1C-27-00-02-32-78-00-00-02-D0-00-00-00-00;NOTIFICATION;0;da1a1500-d532-4285-be94-b07a3e11a098;da1a1506-d532-4285-be94-b07a3e11a098;18;;
103005;1787410360235;1508;Settings / Licht & Fahrstufe;17;34;–;00-00-00-02-FF-FF-FF-FF-FF-FF-FF-00-00-00-00-00-00;NOTIFICATION;0;da1a1500-d532-4285-be94-b07a3e11a098;da1a1508-d532-4285-be94-b07a3e11a098;18;;
103216;1787410360446;1509;BatteryChange / Akku-Livestand;11;34;0,1,10;13-88-FF-FF-25-B2-20-00-00-00-E5;NOTIFICATION;0;da1a1500-d532-4285-be94-b07a3e11a098;da1a1509-d532-4285-be94-b07a3e11a098;18;;
103427;1787410360657;150A;MotorUpdate / Motor-Livestand;10;34;0,1;13-88-FF-FF-FF-FF-FF-FF-FF-FF;NOTIFICATION;0;da1a1500-d532-4285-be94-b07a3e11a098;da1a150a-d532-4285-be94-b07a3e11a098;18;;
103634;1787410360864;150B;Motor-/Controllerblock;20;34;–;FF-FF-FF-FF-FF-FF-FF-FF-FF-FF-FF-FF-FF-FF-FF-FF-FF-FF-FF-FF;NOTIFICATION;0;da1a1500-d532-4285-be94-b07a3e11a098;da1a150b-d532-4285-be94-b07a3e11a098;18;;
103844;1787410361074;150D;Fahrstatistik Max/Ø;20;34;–;01-1B-00-BD-FF-FF-FF-FF-47-18-FF-FF-FF-FF-FF-FF-FF-FF-00-00;NOTIFICATION;0;da1a1500-d532-4285-be94-b07a3e11a098;da1a150d-d532-4285-be94-b07a3e11a098;18;;
104887;1787410362117;1502;Akkuinformationen;16;35;–;47-18-FF-FF-FF-FF-47-18-FF-FF-FF-FF-FF-FF-00-00;NOTIFICATION;0;da1a1500-d532-4285-be94-b07a3e11a098;da1a1502-d532-4285-be94-b07a3e11a098;18;;
105304;1787410362534;1505;BikePerformance / Fahrleistung;18;35;1,3;08-F2-08-F2-FF-FF-00-DA-FF-FF-FF-FF-FF-00-00-00-00-00;NOTIFICATION;0;da1a1500-d532-4285-be94-b07a3e11a098;da1a1505-d532-4285-be94-b07a3e11a098;18;;
105515;1787410362745;1506;Trip / Kilometer & Betriebszähler;16;35;7;00-00-1C-27-00-02-32-7B-00-00-02-D0-00-00-00-00;NOTIFICATION;0;da1a1500-d532-4285-be94-b07a3e11a098;da1a1506-d532-4285-be94-b07a3e11a098;18;;
105924;1787410363154;1508;Settings / Licht & Fahrstufe;17;35;–;00-00-00-02-FF-FF-FF-FF-FF-FF-FF-00-00-00-00-00-00;NOTIFICATION;0;da1a1500-d532-4285-be94-b07a3e11a098;da1a1508-d532-4285-be94-b07a3e11a098;18;;
106135;1787410363365;1509;BatteryChange / Akku-Livestand;11;35;10;13-88-FF-FF-25-B2-20-00-00-00-E3;NOTIFICATION;0;da1a1500-d532-4285-be94-b07a3e11a098;da1a1509-d532-4285-be94-b07a3e11a098;18;;
106346;1787410363576;150A;MotorUpdate / Motor-Livestand;10;35;–;13-88-FF-FF-FF-FF-FF-FF-FF-FF;NOTIFICATION;0;da1a1500-d532-4285-be94-b07a3e11a098;da1a150a-d532-4285-be94-b07a3e11a098;18;;
106557;1787410363787;150B;Motor-/Controllerblock;20;35;–;FF-FF-FF-FF-FF-FF-FF-FF-FF-FF-FF-FF-FF-FF-FF-FF-FF-FF-FF-FF;NOTIFICATION;0;da1a1500-d532-4285-be94-b07a3e11a098;da1a150b-d532-4285-be94-b07a3e11a098;18;;
106765;1787410363995;150D;Fahrstatistik Max/Ø;20;35;3;01-1B-00-BE-FF-FF-FF-FF-47-18-FF-FF-FF-FF-FF-FF-FF-FF-00-00;NOTIFICATION;0;da1a1500-d532-4285-be94-b07a3e11a098;da1a150d-d532-4285-be94-b07a3e11a098;18;;
107802;1787410365032;1502;Akkuinformationen;16;36;–;47-18-FF-FF-FF-FF-47-18-FF-FF-FF-FF-FF-FF-00-00;NOTIFICATION;0;da1a1500-d532-4285-be94-b07a3e11a098;da1a1502-d532-4285-be94-b07a3e11a098;18;;
108226;1787410365456;1505;BikePerformance / Fahrleistung;18;36;0,1,2,3;0A-AA-0A-AA-FF-FF-00-DA-FF-FF-FF-FF-FF-00-00-00-00-00;NOTIFICATION;0;da1a1500-d532-4285-be94-b07a3e11a098;da1a1505-d532-4285-be94-b07a3e11a098;18;;
108436;1787410365666;1506;Trip / Kilometer & Betriebszähler;16;36;3,7;00-00-1C-28-00-02-32-7E-00-00-02-D0-00-00-00-00;NOTIFICATION;0;da1a1500-d532-4285-be94-b07a3e11a098;da1a1506-d532-4285-be94-b07a3e11a098;18;;
108854;1787410366084;1508;Settings / Licht & Fahrstufe;17;36;–;00-00-00-02-FF-FF-FF-FF-FF-FF-FF-00-00-00-00-00-00;NOTIFICATION;0;da1a1500-d532-4285-be94-b07a3e11a098;da1a1508-d532-4285-be94-b07a3e11a098;18;;
109067;1787410366297;1509;BatteryChange / Akku-Livestand;11;36;0,1,5,6,9,10;17-70-FF-FF-25-B1-58-00-00-01-10;NOTIFICATION;0;da1a1500-d532-4285-be94-b07a3e11a098;da1a1509-d532-4285-be94-b07a3e11a098;18;;
109266;1787410366496;150A;MotorUpdate / Motor-Livestand;10;36;0,1;17-70-FF-FF-FF-FF-FF-FF-FF-FF;NOTIFICATION;0;da1a1500-d532-4285-be94-b07a3e11a098;da1a150a-d532-4285-be94-b07a3e11a098;18;;
109475;1787410366705;150B;Motor-/Controllerblock;20;36;–;FF-FF-FF-FF-FF-FF-FF-FF-FF-FF-FF-FF-FF-FF-FF-FF-FF-FF-FF-FF;NOTIFICATION;0;da1a1500-d532-4285-be94-b07a3e11a098;da1a150b-d532-4285-be94-b07a3e11a098;18;;
109686;1787410366916;150D;Fahrstatistik Max/Ø;20;36;–;01-1B-00-BE-FF-FF-FF-FF-47-18-FF-FF-FF-FF-FF-FF-FF-FF-00-00;NOTIFICATION;0;da1a1500-d532-4285-be94-b07a3e11a098;da1a150d-d532-4285-be94-b07a3e11a098;18;;
110738;1787410367968;1502;Akkuinformationen;16;37;–;47-18-FF-FF-FF-FF-47-18-FF-FF-FF-FF-FF-FF-00-00;NOTIFICATION;0;da1a1500-d532-4285-be94-b07a3e11a098;da1a1502-d532-4285-be94-b07a3e11a098;18;;
111145;1787410368375;1505;BikePerformance / Fahrleistung;18;37;0,1,2,3;0C-4E-0C-4E-FF-FF-00-DA-FF-FF-FF-FF-FF-00-00-00-00-00;NOTIFICATION;0;da1a1500-d532-4285-be94-b07a3e11a098;da1a1505-d532-4285-be94-b07a3e11a098;18;;
111357;1787410368587;1506;Trip / Kilometer & Betriebszähler;16;37;7;00-00-1C-28-00-02-32-81-00-00-02-D0-00-00-00-00;NOTIFICATION;0;da1a1500-d532-4285-be94-b07a3e11a098;da1a1506-d532-4285-be94-b07a3e11a098;18;;
111777;1787410369007;1508;Settings / Licht & Fahrstufe;17;37;–;00-00-00-02-FF-FF-FF-FF-FF-FF-FF-00-00-00-00-00-00;NOTIFICATION;0;da1a1500-d532-4285-be94-b07a3e11a098;da1a1508-d532-4285-be94-b07a3e11a098;18;;
111986;1787410369216;1509;BatteryChange / Akku-Livestand;11;37;5,6,10;17-70-FF-FF-25-B0-F4-00-00-01-0F;NOTIFICATION;0;da1a1500-d532-4285-be94-b07a3e11a098;da1a1509-d532-4285-be94-b07a3e11a098;18;;
112194;1787410369424;150A;MotorUpdate / Motor-Livestand;10;37;–;17-70-FF-FF-FF-FF-FF-FF-FF-FF;NOTIFICATION;0;da1a1500-d532-4285-be94-b07a3e11a098;da1a150a-d532-4285-be94-b07a3e11a098;18;;
112396;1787410369626;150B;Motor-/Controllerblock;20;37;–;FF-FF-FF-FF-FF-FF-FF-FF-FF-FF-FF-FF-FF-FF-FF-FF-FF-FF-FF-FF;NOTIFICATION;0;da1a1500-d532-4285-be94-b07a3e11a098;da1a150b-d532-4285-be94-b07a3e11a098;18;;
112606;1787410369836;150D;Fahrstatistik Max/Ø;20;37;–;01-1B-00-BE-FF-FF-FF-FF-47-18-FF-FF-FF-FF-FF-FF-FF-FF-00-00;NOTIFICATION;0;da1a1500-d532-4285-be94-b07a3e11a098;da1a150d-d532-4285-be94-b07a3e11a098;18;;
113656;1787410370886;1502;Akkuinformationen;16;38;–;47-18-FF-FF-FF-FF-47-18-FF-FF-FF-FF-FF-FF-00-00;NOTIFICATION;0;da1a1500-d532-4285-be94-b07a3e11a098;da1a1502-d532-4285-be94-b07a3e11a098;18;;
114063;1787410371293;1505;BikePerformance / Fahrleistung;18;38;0,1,2,3;08-E8-08-E8-FF-FF-00-DA-FF-FF-FF-FF-FF-00-00-00-00-00;NOTIFICATION;0;da1a1500-d532-4285-be94-b07a3e11a098;da1a1505-d532-4285-be94-b07a3e11a098;18;;
114275;1787410371505;1506;Trip / Kilometer & Betriebszähler;16;38;7;00-00-1C-28-00-02-32-84-00-00-02-D0-00-00-00-00;NOTIFICATION;0;da1a1500-d532-4285-be94-b07a3e11a098;da1a1506-d532-4285-be94-b07a3e11a098;18;;
114697;1787410371927;1508;Settings / Licht & Fahrstufe;17;38;–;00-00-00-02-FF-FF-FF-FF-FF-FF-FF-00-00-00-00-00-00;NOTIFICATION;0;da1a1500-d532-4285-be94-b07a3e11a098;da1a1508-d532-4285-be94-b07a3e11a098;18;;
114907;1787410372137;1509;BatteryChange / Akku-Livestand;11;38;0,1,5,6,9,10;0F-A0-FF-FF-25-B2-84-00-00-00-B6;NOTIFICATION;0;da1a1500-d532-4285-be94-b07a3e11a098;da1a1509-d532-4285-be94-b07a3e11a098;18;;
115116;1787410372346;150A;MotorUpdate / Motor-Livestand;10;38;0,1;0F-A0-FF-FF-FF-FF-FF-FF-FF-FF;NOTIFICATION;0;da1a1500-d532-4285-be94-b07a3e11a098;da1a150a-d532-4285-be94-b07a3e11a098;18;;
115338;1787410372568;150B;Motor-/Controllerblock;20;38;–;FF-FF-FF-FF-FF-FF-FF-FF-FF-FF-FF-FF-FF-FF-FF-FF-FF-FF-FF-FF;NOTIFICATION;0;da1a1500-d532-4285-be94-b07a3e11a098;da1a150b-d532-4285-be94-b07a3e11a098;18;;
115532;1787410372762;150D;Fahrstatistik Max/Ø;20;38;–;01-1B-00-BE-FF-FF-FF-FF-47-18-FF-FF-FF-FF-FF-FF-FF-FF-00-00;NOTIFICATION;0;da1a1500-d532-4285-be94-b07a3e11a098;da1a150d-d532-4285-be94-b07a3e11a098;18;;
116577;1787410373807;1502;Akkuinformationen;16;39;–;47-18-FF-FF-FF-FF-47-18-FF-FF-FF-FF-FF-FF-00-00;NOTIFICATION;0;da1a1500-d532-4285-be94-b07a3e11a098;da1a1502-d532-4285-be94-b07a3e11a098;18;;
116997;1787410374227;1505;BikePerformance / Fahrleistung;18;39;0,1,2,3;07-1C-07-1C-FF-FF-00-DA-FF-FF-FF-FF-FF-00-00-00-00-00;NOTIFICATION;0;da1a1500-d532-4285-be94-b07a3e11a098;da1a1505-d532-4285-be94-b07a3e11a098;18;;
117199;1787410374429;1506;Trip / Kilometer & Betriebszähler;16;39;7;00-00-1C-28-00-02-32-87-00-00-02-D0-00-00-00-00;NOTIFICATION;0;da1a1500-d532-4285-be94-b07a3e11a098;da1a1506-d532-4285-be94-b07a3e11a098;18;;
117615;1787410374845;1508;Settings / Licht & Fahrstufe;17;39;–;00-00-00-02-FF-FF-FF-FF-FF-FF-FF-00-00-00-00-00-00;NOTIFICATION;0;da1a1500-d532-4285-be94-b07a3e11a098;da1a1508-d532-4285-be94-b07a3e11a098;18;;
117823;1787410375053;1509;BatteryChange / Akku-Livestand;11;39;0,1,5,6,10;13-88-FF-FF-25-B1-58-00-00-00-E3;NOTIFICATION;0;da1a1500-d532-4285-be94-b07a3e11a098;da1a1509-d532-4285-be94-b07a3e11a098;18;;
118046;1787410375276;150A;MotorUpdate / Motor-Livestand;10;39;0,1;13-88-FF-FF-FF-FF-FF-FF-FF-FF;NOTIFICATION;0;da1a1500-d532-4285-be94-b07a3e11a098;da1a150a-d532-4285-be94-b07a3e11a098;18;;
118245;1787410375475;150B;Motor-/Controllerblock;20;39;–;FF-FF-FF-FF-FF-FF-FF-FF-FF-FF-FF-FF-FF-FF-FF-FF-FF-FF-FF-FF;NOTIFICATION;0;da1a1500-d532-4285-be94-b07a3e11a098;da1a150b-d532-4285-be94-b07a3e11a098;18;;
118457;1787410375687;150D;Fahrstatistik Max/Ø;20;39;–;01-1B-00-BE-FF-FF-FF-FF-47-18-FF-FF-FF-FF-FF-FF-FF-FF-00-00;NOTIFICATION;0;da1a1500-d532-4285-be94-b07a3e11a098;da1a150d-d532-4285-be94-b07a3e11a098;18;;
119495;1787410376725;1502;Akkuinformationen;16;40;–;47-18-FF-FF-FF-FF-47-18-FF-FF-FF-FF-FF-FF-00-00;NOTIFICATION;0;da1a1500-d532-4285-be94-b07a3e11a098;da1a1502-d532-4285-be94-b07a3e11a098;18;;
119915;1787410377145;1505;BikePerformance / Fahrleistung;18;40;0,1,2,3;08-E8-08-E8-FF-FF-00-DA-FF-FF-FF-FF-FF-00-00-00-00-00;NOTIFICATION;0;da1a1500-d532-4285-be94-b07a3e11a098;da1a1505-d532-4285-be94-b07a3e11a098;18;;
120118;1787410377348;1506;Trip / Kilometer & Betriebszähler;16;40;7;00-00-1C-28-00-02-32-89-00-00-02-D0-00-00-00-00;NOTIFICATION;0;da1a1500-d532-4285-be94-b07a3e11a098;da1a1506-d532-4285-be94-b07a3e11a098;18;;
120538;1787410377768;1508;Settings / Licht & Fahrstufe;17;40;–;00-00-00-02-FF-FF-FF-FF-FF-FF-FF-00-00-00-00-00-00;NOTIFICATION;0;da1a1500-d532-4285-be94-b07a3e11a098;da1a1508-d532-4285-be94-b07a3e11a098;18;;
120745;1787410377975;1509;BatteryChange / Akku-Livestand;11;40;0,1,5,6,10;0F-A0-FF-FF-25-B2-20-00-00-00-B6;NOTIFICATION;0;da1a1500-d532-4285-be94-b07a3e11a098;da1a1509-d532-4285-be94-b07a3e11a098;18;;
120955;1787410378185;150A;MotorUpdate / Motor-Livestand;10;40;0,1;0F-A0-FF-FF-FF-FF-FF-FF-FF-FF;NOTIFICATION;0;da1a1500-d532-4285-be94-b07a3e11a098;da1a150a-d532-4285-be94-b07a3e11a098;18;;
121165;1787410378395;150B;Motor-/Controllerblock;20;40;–;FF-FF-FF-FF-FF-FF-FF-FF-FF-FF-FF-FF-FF-FF-FF-FF-FF-FF-FF-FF;NOTIFICATION;0;da1a1500-d532-4285-be94-b07a3e11a098;da1a150b-d532-4285-be94-b07a3e11a098;18;;
121375;1787410378605;150D;Fahrstatistik Max/Ø;20;40;–;01-1B-00-BE-FF-FF-FF-FF-47-18-FF-FF-FF-FF-FF-FF-FF-FF-00-00;NOTIFICATION;0;da1a1500-d532-4285-be94-b07a3e11a098;da1a150d-d532-4285-be94-b07a3e11a098;18;;
122415;1787410379645;1502;Akkuinformationen;16;41;–;47-18-FF-FF-FF-FF-47-18-FF-FF-FF-FF-FF-FF-00-00;NOTIFICATION;0;da1a1500-d532-4285-be94-b07a3e11a098;da1a1502-d532-4285-be94-b07a3e11a098;18;;
122833;1787410380063;1505;BikePerformance / Fahrleistung;18;41;0,1,2,3;07-1C-07-1C-FF-FF-00-DA-FF-FF-FF-FF-FF-00-00-00-00-00;NOTIFICATION;0;da1a1500-d532-4285-be94-b07a3e11a098;da1a1505-d532-4285-be94-b07a3e11a098;18;;
123049;1787410380279;1506;Trip / Kilometer & Betriebszähler;16;41;7;00-00-1C-28-00-02-32-8C-00-00-02-D0-00-00-00-00;NOTIFICATION;0;da1a1500-d532-4285-be94-b07a3e11a098;da1a1506-d532-4285-be94-b07a3e11a098;18;;
123455;1787410380685;1508;Settings / Licht & Fahrstufe;17;41;–;00-00-00-02-FF-FF-FF-FF-FF-FF-FF-00-00-00-00-00-00;NOTIFICATION;0;da1a1500-d532-4285-be94-b07a3e11a098;da1a1508-d532-4285-be94-b07a3e11a098;18;;
123664;1787410380894;1509;BatteryChange / Akku-Livestand;11;41;0,1,10;0B-B8-FF-FF-25-B2-20-00-00-00-88;NOTIFICATION;0;da1a1500-d532-4285-be94-b07a3e11a098;da1a1509-d532-4285-be94-b07a3e11a098;18;;
123877;1787410381107;150A;MotorUpdate / Motor-Livestand;10;41;–;0F-A0-FF-FF-FF-FF-FF-FF-FF-FF;NOTIFICATION;0;da1a1500-d532-4285-be94-b07a3e11a098;da1a150a-d532-4285-be94-b07a3e11a098;18;;
124086;1787410381316;150B;Motor-/Controllerblock;20;41;–;FF-FF-FF-FF-FF-FF-FF-FF-FF-FF-FF-FF-FF-FF-FF-FF-FF-FF-FF-FF;NOTIFICATION;0;da1a1500-d532-4285-be94-b07a3e11a098;da1a150b-d532-4285-be94-b07a3e11a098;18;;
124295;1787410381525;150D;Fahrstatistik Max/Ø;20;41;3;01-1B-00-BF-FF-FF-FF-FF-47-18-FF-FF-FF-FF-FF-FF-FF-FF-00-00;NOTIFICATION;0;da1a1500-d532-4285-be94-b07a3e11a098;da1a150d-d532-4285-be94-b07a3e11a098;18;;
125337;1787410382567;1502;Akkuinformationen;16;42;–;47-18-FF-FF-FF-FF-47-18-FF-FF-FF-FF-FF-FF-00-00;NOTIFICATION;0;da1a1500-d532-4285-be94-b07a3e11a098;da1a1502-d532-4285-be94-b07a3e11a098;18;;
125756;1787410382986;1505;BikePerformance / Fahrleistung;18;42;–;07-1C-07-1C-FF-FF-00-DA-FF-FF-FF-FF-FF-00-00-00-00-00;NOTIFICATION;0;da1a1500-d532-4285-be94-b07a3e11a098;da1a1505-d532-4285-be94-b07a3e11a098;18;;
125965;1787410383195;1506;Trip / Kilometer & Betriebszähler;16;42;3,7;00-00-1C-29-00-02-32-8F-00-00-02-D0-00-00-00-00;NOTIFICATION;0;da1a1500-d532-4285-be94-b07a3e11a098;da1a1506-d532-4285-be94-b07a3e11a098;18;;
126375;1787410383605;1508;Settings / Licht & Fahrstufe;17;42;–;00-00-00-02-FF-FF-FF-FF-FF-FF-FF-00-00-00-00-00-00;NOTIFICATION;0;da1a1500-d532-4285-be94-b07a3e11a098;da1a1508-d532-4285-be94-b07a3e11a098;18;;
126584;1787410383814;1509;BatteryChange / Akku-Livestand;11;42;0,1,10;0F-A0-FF-FF-25-B2-20-00-00-00-B7;NOTIFICATION;0;da1a1500-d532-4285-be94-b07a3e11a098;da1a1509-d532-4285-be94-b07a3e11a098;18;;
126797;1787410384027;150A;MotorUpdate / Motor-Livestand;10;42;–;0F-A0-FF-FF-FF-FF-FF-FF-FF-FF;NOTIFICATION;0;da1a1500-d532-4285-be94-b07a3e11a098;da1a150a-d532-4285-be94-b07a3e11a098;18;;
127008;1787410384238;150B;Motor-/Controllerblock;20;42;–;FF-FF-FF-FF-FF-FF-FF-FF-FF-FF-FF-FF-FF-FF-FF-FF-FF-FF-FF-FF;NOTIFICATION;0;da1a1500-d532-4285-be94-b07a3e11a098;da1a150b-d532-4285-be94-b07a3e11a098;18;;
127219;1787410384449;150D;Fahrstatistik Max/Ø;20;42;–;01-1B-00-BF-FF-FF-FF-FF-47-18-FF-FF-FF-FF-FF-FF-FF-FF-00-00;NOTIFICATION;0;da1a1500-d532-4285-be94-b07a3e11a098;da1a150d-d532-4285-be94-b07a3e11a098;18;;
128258;1787410385488;1502;Akkuinformationen;16;43;–;47-18-FF-FF-FF-FF-47-18-FF-FF-FF-FF-FF-FF-00-00;NOTIFICATION;0;da1a1500-d532-4285-be94-b07a3e11a098;da1a1502-d532-4285-be94-b07a3e11a098;18;;
128679;1787410385909;1505;BikePerformance / Fahrleistung;18;43;0,1,2,3;05-5A-05-5A-FF-FF-00-DA-FF-FF-FF-FF-FF-00-00-00-00-00;NOTIFICATION;0;da1a1500-d532-4285-be94-b07a3e11a098;da1a1505-d532-4285-be94-b07a3e11a098;18;;
128885;1787410386115;1506;Trip / Kilometer & Betriebszähler;16;43;7;00-00-1C-29-00-02-32-92-00-00-02-D0-00-00-00-00;NOTIFICATION;0;da1a1500-d532-4285-be94-b07a3e11a098;da1a1506-d532-4285-be94-b07a3e11a098;18;;
129307;1787410386537;1508;Settings / Licht & Fahrstufe;17;43;–;00-00-00-02-FF-FF-FF-FF-FF-FF-FF-00-00-00-00-00-00;NOTIFICATION;0;da1a1500-d532-4285-be94-b07a3e11a098;da1a1508-d532-4285-be94-b07a3e11a098;18;;
129508;1787410386738;1509;BatteryChange / Akku-Livestand;11;43;0,1,6,10;0B-B8-FF-FF-25-B2-84-00-00-00-89;NOTIFICATION;0;da1a1500-d532-4285-be94-b07a3e11a098;da1a1509-d532-4285-be94-b07a3e11a098;18;;
129717;1787410386947;150A;MotorUpdate / Motor-Livestand;10;43;0,1;0B-B8-FF-FF-FF-FF-FF-FF-FF-FF;NOTIFICATION;0;da1a1500-d532-4285-be94-b07a3e11a098;da1a150a-d532-4285-be94-b07a3e11a098;18;;
129927;1787410387157;150B;Motor-/Controllerblock;20;43;–;FF-FF-FF-FF-FF-FF-FF-FF-FF-FF-FF-FF-FF-FF-FF-FF-FF-FF-FF-FF;NOTIFICATION;0;da1a1500-d532-4285-be94-b07a3e11a098;da1a150b-d532-4285-be94-b07a3e11a098;18;;
130138;1787410387368;150D;Fahrstatistik Max/Ø;20;43;–;01-1B-00-BF-FF-FF-FF-FF-47-18-FF-FF-FF-FF-FF-FF-FF-FF-00-00;NOTIFICATION;0;da1a1500-d532-4285-be94-b07a3e11a098;da1a150d-d532-4285-be94-b07a3e11a098;18;;
131178;1787410388408;1502;Akkuinformationen;16;44;–;47-18-FF-FF-FF-FF-47-18-FF-FF-FF-FF-FF-FF-00-00;NOTIFICATION;0;da1a1500-d532-4285-be94-b07a3e11a098;da1a1502-d532-4285-be94-b07a3e11a098;18;;
131597;1787410388827;1505;BikePerformance / Fahrleistung;18;44;0,1,2,3;07-1C-07-1C-FF-FF-00-DA-FF-FF-FF-FF-FF-00-00-00-00-00;NOTIFICATION;0;da1a1500-d532-4285-be94-b07a3e11a098;da1a1505-d532-4285-be94-b07a3e11a098;18;;
131807;1787410389037;1506;Trip / Kilometer & Betriebszähler;16;44;7;00-00-1C-29-00-02-32-95-00-00-02-D0-00-00-00-00;NOTIFICATION;0;da1a1500-d532-4285-be94-b07a3e11a098;da1a1506-d532-4285-be94-b07a3e11a098;18;;
132228;1787410389458;1508;Settings / Licht & Fahrstufe;17;44;–;00-00-00-02-FF-FF-FF-FF-FF-FF-FF-00-00-00-00-00-00;NOTIFICATION;0;da1a1500-d532-4285-be94-b07a3e11a098;da1a1508-d532-4285-be94-b07a3e11a098;18;;
132437;1787410389667;1509;BatteryChange / Akku-Livestand;11;44;0,1,6,10;0F-A0-FF-FF-25-B2-20-00-00-00-B6;NOTIFICATION;0;da1a1500-d532-4285-be94-b07a3e11a098;da1a1509-d532-4285-be94-b07a3e11a098;18;;
132636;1787410389866;150A;MotorUpdate / Motor-Livestand;10;44;0,1;0F-A0-FF-FF-FF-FF-FF-FF-FF-FF;NOTIFICATION;0;da1a1500-d532-4285-be94-b07a3e11a098;da1a150a-d532-4285-be94-b07a3e11a098;18;;
132848;1787410390078;150B;Motor-/Controllerblock;20;44;–;FF-FF-FF-FF-FF-FF-FF-FF-FF-FF-FF-FF-FF-FF-FF-FF-FF-FF-FF-FF;NOTIFICATION;0;da1a1500-d532-4285-be94-b07a3e11a098;da1a150b-d532-4285-be94-b07a3e11a098;18;;
133062;1787410390292;150D;Fahrstatistik Max/Ø;20;44;–;01-1B-00-BF-FF-FF-FF-FF-47-18-FF-FF-FF-FF-FF-FF-FF-FF-00-00;NOTIFICATION;0;da1a1500-d532-4285-be94-b07a3e11a098;da1a150d-d532-4285-be94-b07a3e11a098;18;;
134106;1787410391336;1502;Akkuinformationen;16;45;–;47-18-FF-FF-FF-FF-47-18-FF-FF-FF-FF-FF-FF-00-00;NOTIFICATION;0;da1a1500-d532-4285-be94-b07a3e11a098;da1a1502-d532-4285-be94-b07a3e11a098;18;;
134517;1787410391747;1505;BikePerformance / Fahrleistung;18;45;0,1,2,3;05-5A-05-5A-FF-FF-00-DA-FF-FF-FF-FF-FF-00-00-00-00-00;NOTIFICATION;0;da1a1500-d532-4285-be94-b07a3e11a098;da1a1505-d532-4285-be94-b07a3e11a098;18;;
134727;1787410391957;1506;Trip / Kilometer & Betriebszähler;16;45;7;00-00-1C-29-00-02-32-98-00-00-02-D0-00-00-00-00;NOTIFICATION;0;da1a1500-d532-4285-be94-b07a3e11a098;da1a1506-d532-4285-be94-b07a3e11a098;18;;
135149;1787410392379;1508;Settings / Licht & Fahrstufe;17;45;–;00-00-00-02-FF-FF-FF-FF-FF-FF-FF-00-00-00-00-00-00;NOTIFICATION;0;da1a1500-d532-4285-be94-b07a3e11a098;da1a1508-d532-4285-be94-b07a3e11a098;18;;
135357;1787410392587;1509;BatteryChange / Akku-Livestand;11;45;6;0F-A0-FF-FF-25-B2-84-00-00-00-B6;NOTIFICATION;0;da1a1500-d532-4285-be94-b07a3e11a098;da1a1509-d532-4285-be94-b07a3e11a098;18;;
135568;1787410392798;150A;MotorUpdate / Motor-Livestand;10;45;–;0F-A0-FF-FF-FF-FF-FF-FF-FF-FF;NOTIFICATION;0;da1a1500-d532-4285-be94-b07a3e11a098;da1a150a-d532-4285-be94-b07a3e11a098;18;;
135776;1787410393006;150B;Motor-/Controllerblock;20;45;–;FF-FF-FF-FF-FF-FF-FF-FF-FF-FF-FF-FF-FF-FF-FF-FF-FF-FF-FF-FF;NOTIFICATION;0;da1a1500-d532-4285-be94-b07a3e11a098;da1a150b-d532-4285-be94-b07a3e11a098;18;;
135975;1787410393205;150D;Fahrstatistik Max/Ø;20;45;–;01-1B-00-BF-FF-FF-FF-FF-47-18-FF-FF-FF-FF-FF-FF-FF-FF-00-00;NOTIFICATION;0;da1a1500-d532-4285-be94-b07a3e11a098;da1a150d-d532-4285-be94-b07a3e11a098;18;;
137028;1787410394258;1502;Akkuinformationen;16;46;–;47-18-FF-FF-FF-FF-47-18-FF-FF-FF-FF-FF-FF-00-00;NOTIFICATION;0;da1a1500-d532-4285-be94-b07a3e11a098;da1a1502-d532-4285-be94-b07a3e11a098;18;;
137435;1787410394665;1505;BikePerformance / Fahrleistung;18;46;0,1,2,3;07-1C-07-1C-FF-FF-00-DA-FF-FF-FF-FF-FF-00-00-00-00-00;NOTIFICATION;0;da1a1500-d532-4285-be94-b07a3e11a098;da1a1505-d532-4285-be94-b07a3e11a098;18;;
137652;1787410394882;1506;Trip / Kilometer & Betriebszähler;16;46;7;00-00-1C-29-00-02-32-9B-00-00-02-D0-00-00-00-00;NOTIFICATION;0;da1a1500-d532-4285-be94-b07a3e11a098;da1a1506-d532-4285-be94-b07a3e11a098;18;;
138068;1787410395298;1508;Settings / Licht & Fahrstufe;17;46;–;00-00-00-02-FF-FF-FF-FF-FF-FF-FF-00-00-00-00-00-00;NOTIFICATION;0;da1a1500-d532-4285-be94-b07a3e11a098;da1a1508-d532-4285-be94-b07a3e11a098;18;;
138278;1787410395508;1509;BatteryChange / Akku-Livestand;11;46;–;0F-A0-FF-FF-25-B2-84-00-00-00-B6;NOTIFICATION;0;da1a1500-d532-4285-be94-b07a3e11a098;da1a1509-d532-4285-be94-b07a3e11a098;18;;
138487;1787410395717;150A;MotorUpdate / Motor-Livestand;10;46;–;0F-A0-FF-FF-FF-FF-FF-FF-FF-FF;NOTIFICATION;0;da1a1500-d532-4285-be94-b07a3e11a098;da1a150a-d532-4285-be94-b07a3e11a098;18;;
138698;1787410395928;150B;Motor-/Controllerblock;20;46;–;FF-FF-FF-FF-FF-FF-FF-FF-FF-FF-FF-FF-FF-FF-FF-FF-FF-FF-FF-FF;NOTIFICATION;0;da1a1500-d532-4285-be94-b07a3e11a098;da1a150b-d532-4285-be94-b07a3e11a098;18;;
138907;1787410396137;150D;Fahrstatistik Max/Ø;20;46;–;01-1B-00-BF-FF-FF-FF-FF-47-18-FF-FF-FF-FF-FF-FF-FF-FF-00-00;NOTIFICATION;0;da1a1500-d532-4285-be94-b07a3e11a098;da1a150d-d532-4285-be94-b07a3e11a098;18;;
139948;1787410397178;1502;Akkuinformationen;16;47;–;47-18-FF-FF-FF-FF-47-18-FF-FF-FF-FF-FF-FF-00-00;NOTIFICATION;0;da1a1500-d532-4285-be94-b07a3e11a098;da1a1502-d532-4285-be94-b07a3e11a098;18;;
140367;1787410397597;1505;BikePerformance / Fahrleistung;18;47;0,1,2,3;08-E8-08-E8-FF-FF-00-DA-FF-FF-FF-FF-FF-00-00-00-00-00;NOTIFICATION;0;da1a1500-d532-4285-be94-b07a3e11a098;da1a1505-d532-4285-be94-b07a3e11a098;18;;
140566;1787410397796;1506;Trip / Kilometer & Betriebszähler;16;47;3,7,11;00-00-1C-2A-00-02-32-9E-00-00-02-D1-00-00-00-00;NOTIFICATION;0;da1a1500-d532-4285-be94-b07a3e11a098;da1a1506-d532-4285-be94-b07a3e11a098;18;;
140986;1787410398216;1508;Settings / Licht & Fahrstufe;17;47;–;00-00-00-02-FF-FF-FF-FF-FF-FF-FF-00-00-00-00-00-00;NOTIFICATION;0;da1a1500-d532-4285-be94-b07a3e11a098;da1a1508-d532-4285-be94-b07a3e11a098;18;;
141197;1787410398427;1509;BatteryChange / Akku-Livestand;11;47;6;0F-A0-FF-FF-25-B2-20-00-00-00-B6;NOTIFICATION;0;da1a1500-d532-4285-be94-b07a3e11a098;da1a1509-d532-4285-be94-b07a3e11a098;18;;
141406;1787410398636;150A;MotorUpdate / Motor-Livestand;10;47;–;0F-A0-FF-FF-FF-FF-FF-FF-FF-FF;NOTIFICATION;0;da1a1500-d532-4285-be94-b07a3e11a098;da1a150a-d532-4285-be94-b07a3e11a098;18;;
141618;1787410398848;150B;Motor-/Controllerblock;20;47;–;FF-FF-FF-FF-FF-FF-FF-FF-FF-FF-FF-FF-FF-FF-FF-FF-FF-FF-FF-FF;NOTIFICATION;0;da1a1500-d532-4285-be94-b07a3e11a098;da1a150b-d532-4285-be94-b07a3e11a098;18;;
141828;1787410399058;150D;Fahrstatistik Max/Ø;20;47;3;01-1B-00-C0-FF-FF-FF-FF-47-18-FF-FF-FF-FF-FF-FF-FF-FF-00-00;NOTIFICATION;0;da1a1500-d532-4285-be94-b07a3e11a098;da1a150d-d532-4285-be94-b07a3e11a098;18;;
142869;1787410400099;1502;Akkuinformationen;16;48;–;47-18-FF-FF-FF-FF-47-18-FF-FF-FF-FF-FF-FF-00-00;NOTIFICATION;0;da1a1500-d532-4285-be94-b07a3e11a098;da1a1502-d532-4285-be94-b07a3e11a098;18;;
143287;1787410400517;1505;BikePerformance / Fahrleistung;18;48;0,1,2,3;07-1C-07-1C-FF-FF-00-DA-FF-FF-FF-FF-FF-00-00-00-00-00;NOTIFICATION;0;da1a1500-d532-4285-be94-b07a3e11a098;da1a1505-d532-4285-be94-b07a3e11a098;18;;
143497;1787410400727;1506;Trip / Kilometer & Betriebszähler;16;48;7;00-00-1C-2A-00-02-32-A1-00-00-02-D1-00-00-00-00;NOTIFICATION;0;da1a1500-d532-4285-be94-b07a3e11a098;da1a1506-d532-4285-be94-b07a3e11a098;18;;
143907;1787410401137;1508;Settings / Licht & Fahrstufe;17;48;–;00-00-00-02-FF-FF-FF-FF-FF-FF-FF-00-00-00-00-00-00;NOTIFICATION;0;da1a1500-d532-4285-be94-b07a3e11a098;da1a1508-d532-4285-be94-b07a3e11a098;18;;
144119;1787410401349;1509;BatteryChange / Akku-Livestand;11;48;–;0F-A0-FF-FF-25-B2-20-00-00-00-B6;NOTIFICATION;0;da1a1500-d532-4285-be94-b07a3e11a098;da1a1509-d532-4285-be94-b07a3e11a098;18;;
144327;1787410401557;150A;MotorUpdate / Motor-Livestand;10;48;–;0F-A0-FF-FF-FF-FF-FF-FF-FF-FF;NOTIFICATION;0;da1a1500-d532-4285-be94-b07a3e11a098;da1a150a-d532-4285-be94-b07a3e11a098;18;;
144536;1787410401766;150B;Motor-/Controllerblock;20;48;–;FF-FF-FF-FF-FF-FF-FF-FF-FF-FF-FF-FF-FF-FF-FF-FF-FF-FF-FF-FF;NOTIFICATION;0;da1a1500-d532-4285-be94-b07a3e11a098;da1a150b-d532-4285-be94-b07a3e11a098;18;;
144747;1787410401977;150D;Fahrstatistik Max/Ø;20;48;–;01-1B-00-C0-FF-FF-FF-FF-47-18-FF-FF-FF-FF-FF-FF-FF-FF-00-00;NOTIFICATION;0;da1a1500-d532-4285-be94-b07a3e11a098;da1a150d-d532-4285-be94-b07a3e11a098;18;;
145791;1787410403021;1502;Akkuinformationen;16;49;–;47-18-FF-FF-FF-FF-47-18-FF-FF-FF-FF-FF-FF-00-00;NOTIFICATION;0;da1a1500-d532-4285-be94-b07a3e11a098;da1a1502-d532-4285-be94-b07a3e11a098;18;;
146207;1787410403437;1505;BikePerformance / Fahrleistung;18;49;–;07-1C-07-1C-FF-FF-00-DA-FF-FF-FF-FF-FF-00-00-00-00-00;NOTIFICATION;0;da1a1500-d532-4285-be94-b07a3e11a098;da1a1505-d532-4285-be94-b07a3e11a098;18;;
146420;1787410403650;1506;Trip / Kilometer & Betriebszähler;16;49;7;00-00-1C-2A-00-02-32-A4-00-00-02-D1-00-00-00-00;NOTIFICATION;0;da1a1500-d532-4285-be94-b07a3e11a098;da1a1506-d532-4285-be94-b07a3e11a098;18;;
146828;1787410404058;1508;Settings / Licht & Fahrstufe;17;49;–;00-00-00-02-FF-FF-FF-FF-FF-FF-FF-00-00-00-00-00-00;NOTIFICATION;0;da1a1500-d532-4285-be94-b07a3e11a098;da1a1508-d532-4285-be94-b07a3e11a098;18;;
147036;1787410404266;1509;BatteryChange / Akku-Livestand;11;49;–;0F-A0-FF-FF-25-B2-20-00-00-00-B6;NOTIFICATION;0;da1a1500-d532-4285-be94-b07a3e11a098;da1a1509-d532-4285-be94-b07a3e11a098;18;;
147248;1787410404478;150A;MotorUpdate / Motor-Livestand;10;49;–;0F-A0-FF-FF-FF-FF-FF-FF-FF-FF;NOTIFICATION;0;da1a1500-d532-4285-be94-b07a3e11a098;da1a150a-d532-4285-be94-b07a3e11a098;18;;
147458;1787410404688;150B;Motor-/Controllerblock;20;49;–;FF-FF-FF-FF-FF-FF-FF-FF-FF-FF-FF-FF-FF-FF-FF-FF-FF-FF-FF-FF;NOTIFICATION;0;da1a1500-d532-4285-be94-b07a3e11a098;da1a150b-d532-4285-be94-b07a3e11a098;18;;
147668;1787410404898;150D;Fahrstatistik Max/Ø;20;49;–;01-1B-00-C0-FF-FF-FF-FF-47-18-FF-FF-FF-FF-FF-FF-FF-FF-00-00;NOTIFICATION;0;da1a1500-d532-4285-be94-b07a3e11a098;da1a150d-d532-4285-be94-b07a3e11a098;18;;
148709;1787410405939;1502;Akkuinformationen;16;50;–;47-18-FF-FF-FF-FF-47-18-FF-FF-FF-FF-FF-FF-00-00;NOTIFICATION;0;da1a1500-d532-4285-be94-b07a3e11a098;da1a1502-d532-4285-be94-b07a3e11a098;18;;
149126;1787410406356;1505;BikePerformance / Fahrleistung;18;50;1,3;07-12-07-12-FF-FF-00-DA-FF-FF-FF-FF-FF-00-00-00-00-00;NOTIFICATION;0;da1a1500-d532-4285-be94-b07a3e11a098;da1a1505-d532-4285-be94-b07a3e11a098;18;;
149338;1787410406568;1506;Trip / Kilometer & Betriebszähler;16;50;7;00-00-1C-2A-00-02-32-A7-00-00-02-D1-00-00-00-00;NOTIFICATION;0;da1a1500-d532-4285-be94-b07a3e11a098;da1a1506-d532-4285-be94-b07a3e11a098;18;;
149747;1787410406977;1508;Settings / Licht & Fahrstufe;17;50;–;00-00-00-02-FF-FF-FF-FF-FF-FF-FF-00-00-00-00-00-00;NOTIFICATION;0;da1a1500-d532-4285-be94-b07a3e11a098;da1a1508-d532-4285-be94-b07a3e11a098;18;;
149959;1787410407189;1509;BatteryChange / Akku-Livestand;11;50;6;0F-A0-FF-FF-25-B2-84-00-00-00-B6;NOTIFICATION;0;da1a1500-d532-4285-be94-b07a3e11a098;da1a1509-d532-4285-be94-b07a3e11a098;18;;
150167;1787410407397;150A;MotorUpdate / Motor-Livestand;10;50;–;0F-A0-FF-FF-FF-FF-FF-FF-FF-FF;NOTIFICATION;0;da1a1500-d532-4285-be94-b07a3e11a098;da1a150a-d532-4285-be94-b07a3e11a098;18;;
150379;1787410407609;150B;Motor-/Controllerblock;20;50;–;FF-FF-FF-FF-FF-FF-FF-FF-FF-FF-FF-FF-FF-FF-FF-FF-FF-FF-FF-FF;NOTIFICATION;0;da1a1500-d532-4285-be94-b07a3e11a098;da1a150b-d532-4285-be94-b07a3e11a098;18;;
150588;1787410407818;150D;Fahrstatistik Max/Ø;20;50;–;01-1B-00-C0-FF-FF-FF-FF-47-18-FF-FF-FF-FF-FF-FF-FF-FF-00-00;NOTIFICATION;0;da1a1500-d532-4285-be94-b07a3e11a098;da1a150d-d532-4285-be94-b07a3e11a098;18;;
151628;1787410408858;1502;Akkuinformationen;16;51;–;47-18-FF-FF-FF-FF-47-18-FF-FF-FF-FF-FF-FF-00-00;NOTIFICATION;0;da1a1500-d532-4285-be94-b07a3e11a098;da1a1502-d532-4285-be94-b07a3e11a098;18;;
152045;1787410409275;1505;BikePerformance / Fahrleistung;18;51;1,3;07-26-07-26-FF-FF-00-DA-FF-FF-FF-FF-FF-00-00-00-00-00;NOTIFICATION;0;da1a1500-d532-4285-be94-b07a3e11a098;da1a1505-d532-4285-be94-b07a3e11a098;18;;
152257;1787410409487;1506;Trip / Kilometer & Betriebszähler;16;51;7;00-00-1C-2A-00-02-32-AA-00-00-02-D1-00-00-00-00;NOTIFICATION;0;da1a1500-d532-4285-be94-b07a3e11a098;da1a1506-d532-4285-be94-b07a3e11a098;18;;
152679;1787410409909;1508;Settings / Licht & Fahrstufe;17;51;–;00-00-00-02-FF-FF-FF-FF-FF-FF-FF-00-00-00-00-00-00;NOTIFICATION;0;da1a1500-d532-4285-be94-b07a3e11a098;da1a1508-d532-4285-be94-b07a3e11a098;18;;
152878;1787410410108;1509;BatteryChange / Akku-Livestand;11;51;6;0F-A0-FF-FF-25-B2-20-00-00-00-B6;NOTIFICATION;0;da1a1500-d532-4285-be94-b07a3e11a098;da1a1509-d532-4285-be94-b07a3e11a098;18;;
153087;1787410410317;150A;MotorUpdate / Motor-Livestand;10;51;–;0F-A0-FF-FF-FF-FF-FF-FF-FF-FF;NOTIFICATION;0;da1a1500-d532-4285-be94-b07a3e11a098;da1a150a-d532-4285-be94-b07a3e11a098;18;;
153298;1787410410528;150B;Motor-/Controllerblock;20;51;–;FF-FF-FF-FF-FF-FF-FF-FF-FF-FF-FF-FF-FF-FF-FF-FF-FF-FF-FF-FF;NOTIFICATION;0;da1a1500-d532-4285-be94-b07a3e11a098;da1a150b-d532-4285-be94-b07a3e11a098;18;;
153504;1787410410734;150D;Fahrstatistik Max/Ø;20;51;–;01-1B-00-C0-FF-FF-FF-FF-47-18-FF-FF-FF-FF-FF-FF-FF-FF-00-00;NOTIFICATION;0;da1a1500-d532-4285-be94-b07a3e11a098;da1a150d-d532-4285-be94-b07a3e11a098;18;;
154553;1787410411783;1502;Akkuinformationen;16;52;–;47-18-FF-FF-FF-FF-47-18-FF-FF-FF-FF-FF-FF-00-00;NOTIFICATION;0;da1a1500-d532-4285-be94-b07a3e11a098;da1a1502-d532-4285-be94-b07a3e11a098;18;;
154963;1787410412193;1505;BikePerformance / Fahrleistung;18;52;1,3;07-1C-07-1C-FF-FF-00-DA-FF-FF-FF-FF-FF-00-00-00-00-00;NOTIFICATION;0;da1a1500-d532-4285-be94-b07a3e11a098;da1a1505-d532-4285-be94-b07a3e11a098;18;;
155178;1787410412408;1506;Trip / Kilometer & Betriebszähler;16;52;7;00-00-1C-2A-00-02-32-AD-00-00-02-D1-00-00-00-00;NOTIFICATION;0;da1a1500-d532-4285-be94-b07a3e11a098;da1a1506-d532-4285-be94-b07a3e11a098;18;;
155595;1787410412825;1508;Settings / Licht & Fahrstufe;17;52;–;00-00-00-02-FF-FF-FF-FF-FF-FF-FF-00-00-00-00-00-00;NOTIFICATION;0;da1a1500-d532-4285-be94-b07a3e11a098;da1a1508-d532-4285-be94-b07a3e11a098;18;;
155806;1787410413036;1509;BatteryChange / Akku-Livestand;11;52;–;0F-A0-FF-FF-25-B2-20-00-00-00-B6;NOTIFICATION;0;da1a1500-d532-4285-be94-b07a3e11a098;da1a1509-d532-4285-be94-b07a3e11a098;18;;
156006;1787410413236;150A;MotorUpdate / Motor-Livestand;10;52;–;0F-A0-FF-FF-FF-FF-FF-FF-FF-FF;NOTIFICATION;0;da1a1500-d532-4285-be94-b07a3e11a098;da1a150a-d532-4285-be94-b07a3e11a098;18;;
156217;1787410413447;150B;Motor-/Controllerblock;20;52;–;FF-FF-FF-FF-FF-FF-FF-FF-FF-FF-FF-FF-FF-FF-FF-FF-FF-FF-FF-FF;NOTIFICATION;0;da1a1500-d532-4285-be94-b07a3e11a098;da1a150b-d532-4285-be94-b07a3e11a098;18;;
156426;1787410413656;150D;Fahrstatistik Max/Ø;20;52;–;01-1B-00-C0-FF-FF-FF-FF-47-18-FF-FF-FF-FF-FF-FF-FF-FF-00-00;NOTIFICATION;0;da1a1500-d532-4285-be94-b07a3e11a098;da1a150d-d532-4285-be94-b07a3e11a098;18;;
157468;1787410414698;1502;Akkuinformationen;16;53;–;47-18-FF-FF-FF-FF-47-18-FF-FF-FF-FF-FF-FF-00-00;NOTIFICATION;0;da1a1500-d532-4285-be94-b07a3e11a098;da1a1502-d532-4285-be94-b07a3e11a098;18;;
157888;1787410415118;1505;BikePerformance / Fahrleistung;18;53;–;07-1C-07-1C-FF-FF-00-DA-FF-FF-FF-FF-FF-00-00-00-00-00;NOTIFICATION;0;da1a1500-d532-4285-be94-b07a3e11a098;da1a1505-d532-4285-be94-b07a3e11a098;18;;
158096;1787410415326;1506;Trip / Kilometer & Betriebszähler;16;53;3,7;00-00-1C-2B-00-02-32-B0-00-00-02-D1-00-00-00-00;NOTIFICATION;0;da1a1500-d532-4285-be94-b07a3e11a098;da1a1506-d532-4285-be94-b07a3e11a098;18;;
158519;1787410415749;1508;Settings / Licht & Fahrstufe;17;53;–;00-00-00-02-FF-FF-FF-FF-FF-FF-FF-00-00-00-00-00-00;NOTIFICATION;0;da1a1500-d532-4285-be94-b07a3e11a098;da1a1508-d532-4285-be94-b07a3e11a098;18;;
158728;1787410415958;1509;BatteryChange / Akku-Livestand;11;53;0,1,5,6,10;13-88-FF-FF-25-B1-BC-00-00-00-E3;NOTIFICATION;0;da1a1500-d532-4285-be94-b07a3e11a098;da1a1509-d532-4285-be94-b07a3e11a098;18;;
158930;1787410416160;150A;MotorUpdate / Motor-Livestand;10;53;0,1;13-88-FF-FF-FF-FF-FF-FF-FF-FF;NOTIFICATION;0;da1a1500-d532-4285-be94-b07a3e11a098;da1a150a-d532-4285-be94-b07a3e11a098;18;;
159137;1787410416367;150B;Motor-/Controllerblock;20;53;–;FF-FF-FF-FF-FF-FF-FF-FF-FF-FF-FF-FF-FF-FF-FF-FF-FF-FF-FF-FF;NOTIFICATION;0;da1a1500-d532-4285-be94-b07a3e11a098;da1a150b-d532-4285-be94-b07a3e11a098;18;;
159344;1787410416574;150D;Fahrstatistik Max/Ø;20;53;–;01-1B-00-C0-FF-FF-FF-FF-47-18-FF-FF-FF-FF-FF-FF-FF-FF-00-00;NOTIFICATION;0;da1a1500-d532-4285-be94-b07a3e11a098;da1a150d-d532-4285-be94-b07a3e11a098;18;;
160395;1787410417625;1502;Akkuinformationen;16;54;–;47-18-FF-FF-FF-FF-47-18-FF-FF-FF-FF-FF-FF-00-00;NOTIFICATION;0;da1a1500-d532-4285-be94-b07a3e11a098;da1a1502-d532-4285-be94-b07a3e11a098;18;;
160808;1787410418038;1505;BikePerformance / Fahrleistung;18;54;–;07-1C-07-1C-FF-FF-00-DA-FF-FF-FF-FF-FF-00-00-00-00-00;NOTIFICATION;0;da1a1500-d532-4285-be94-b07a3e11a098;da1a1505-d532-4285-be94-b07a3e11a098;18;;
161019;1787410418249;1506;Trip / Kilometer & Betriebszähler;16;54;7;00-00-1C-2B-00-02-32-B3-00-00-02-D1-00-00-00-00;NOTIFICATION;0;da1a1500-d532-4285-be94-b07a3e11a098;da1a1506-d532-4285-be94-b07a3e11a098;18;;
161439;1787410418669;1508;Settings / Licht & Fahrstufe;17;54;–;00-00-00-02-FF-FF-FF-FF-FF-FF-FF-00-00-00-00-00-00;NOTIFICATION;0;da1a1500-d532-4285-be94-b07a3e11a098;da1a1508-d532-4285-be94-b07a3e11a098;18;;
161649;1787410418879;1509;BatteryChange / Akku-Livestand;11;54;0,1,5,6,10;0F-A0-FF-FF-25-B2-20-00-00-00-B6;NOTIFICATION;0;da1a1500-d532-4285-be94-b07a3e11a098;da1a1509-d532-4285-be94-b07a3e11a098;18;;
161858;1787410419088;150A;MotorUpdate / Motor-Livestand;10;54;0,1;0F-A0-FF-FF-FF-FF-FF-FF-FF-FF;NOTIFICATION;0;da1a1500-d532-4285-be94-b07a3e11a098;da1a150a-d532-4285-be94-b07a3e11a098;18;;
162059;1787410419289;150B;Motor-/Controllerblock;20;54;–;FF-FF-FF-FF-FF-FF-FF-FF-FF-FF-FF-FF-FF-FF-FF-FF-FF-FF-FF-FF;NOTIFICATION;0;da1a1500-d532-4285-be94-b07a3e11a098;da1a150b-d532-4285-be94-b07a3e11a098;18;;
162268;1787410419498;150D;Fahrstatistik Max/Ø;20;54;–;01-1B-00-C0-FF-FF-FF-FF-47-18-FF-FF-FF-FF-FF-FF-FF-FF-00-00;NOTIFICATION;0;da1a1500-d532-4285-be94-b07a3e11a098;da1a150d-d532-4285-be94-b07a3e11a098;18;;
163317;1787410420547;1502;Akkuinformationen;16;55;–;47-18-FF-FF-FF-FF-47-18-FF-FF-FF-FF-FF-FF-00-00;NOTIFICATION;0;da1a1500-d532-4285-be94-b07a3e11a098;da1a1502-d532-4285-be94-b07a3e11a098;18;;
163729;1787410420959;1505;BikePerformance / Fahrleistung;18;55;–;07-1C-07-1C-FF-FF-00-DA-FF-FF-FF-FF-FF-00-00-00-00-00;NOTIFICATION;0;da1a1500-d532-4285-be94-b07a3e11a098;da1a1505-d532-4285-be94-b07a3e11a098;18;;
163937;1787410421167;1506;Trip / Kilometer & Betriebszähler;16;55;7;00-00-1C-2B-00-02-32-B6-00-00-02-D1-00-00-00-00;NOTIFICATION;0;da1a1500-d532-4285-be94-b07a3e11a098;da1a1506-d532-4285-be94-b07a3e11a098;18;;
164358;1787410421588;1508;Settings / Licht & Fahrstufe;17;55;–;00-00-00-02-FF-FF-FF-FF-FF-FF-FF-00-00-00-00-00-00;NOTIFICATION;0;da1a1500-d532-4285-be94-b07a3e11a098;da1a1508-d532-4285-be94-b07a3e11a098;18;;
164569;1787410421799;1509;BatteryChange / Akku-Livestand;11;55;0,1,10;13-88-FF-FF-25-B2-20-00-00-00-E4;NOTIFICATION;0;da1a1500-d532-4285-be94-b07a3e11a098;da1a1509-d532-4285-be94-b07a3e11a098;18;;
164778;1787410422008;150A;MotorUpdate / Motor-Livestand;10;55;–;0F-A0-FF-FF-FF-FF-FF-FF-FF-FF;NOTIFICATION;0;da1a1500-d532-4285-be94-b07a3e11a098;da1a150a-d532-4285-be94-b07a3e11a098;18;;
164987;1787410422217;150B;Motor-/Controllerblock;20;55;–;FF-FF-FF-FF-FF-FF-FF-FF-FF-FF-FF-FF-FF-FF-FF-FF-FF-FF-FF-FF;NOTIFICATION;0;da1a1500-d532-4285-be94-b07a3e11a098;da1a150b-d532-4285-be94-b07a3e11a098;18;;
165189;1787410422419;150D;Fahrstatistik Max/Ø;20;55;–;01-1B-00-C0-FF-FF-FF-FF-47-18-FF-FF-FF-FF-FF-FF-FF-FF-00-00;NOTIFICATION;0;da1a1500-d532-4285-be94-b07a3e11a098;da1a150d-d532-4285-be94-b07a3e11a098;18;;
166239;1787410423469;1502;Akkuinformationen;16;56;–;47-18-FF-FF-FF-FF-47-18-FF-FF-FF-FF-FF-FF-00-00;NOTIFICATION;0;da1a1500-d532-4285-be94-b07a3e11a098;da1a1502-d532-4285-be94-b07a3e11a098;18;;
166648;1787410423878;1505;BikePerformance / Fahrleistung;18;56;0,1,2,3;08-E8-08-E8-FF-FF-00-DA-FF-FF-FF-FF-FF-00-00-00-00-00;NOTIFICATION;0;da1a1500-d532-4285-be94-b07a3e11a098;da1a1505-d532-4285-be94-b07a3e11a098;18;;
166858;1787410424088;1506;Trip / Kilometer & Betriebszähler;16;56;7;00-00-1C-2B-00-02-32-B9-00-00-02-D1-00-00-00-00;NOTIFICATION;0;da1a1500-d532-4285-be94-b07a3e11a098;da1a1506-d532-4285-be94-b07a3e11a098;18;;
167279;1787410424509;1508;Settings / Licht & Fahrstufe;17;56;–;00-00-00-02-FF-FF-FF-FF-FF-FF-FF-00-00-00-00-00-00;NOTIFICATION;0;da1a1500-d532-4285-be94-b07a3e11a098;da1a1508-d532-4285-be94-b07a3e11a098;18;;
167488;1787410424718;1509;BatteryChange / Akku-Livestand;11;56;–;13-88-FF-FF-25-B2-20-00-00-00-E4;NOTIFICATION;0;da1a1500-d532-4285-be94-b07a3e11a098;da1a1509-d532-4285-be94-b07a3e11a098;18;;
167696;1787410424926;150A;MotorUpdate / Motor-Livestand;10;56;0,1;13-88-FF-FF-FF-FF-FF-FF-FF-FF;NOTIFICATION;0;da1a1500-d532-4285-be94-b07a3e11a098;da1a150a-d532-4285-be94-b07a3e11a098;18;;
167910;1787410425140;150B;Motor-/Controllerblock;20;56;–;FF-FF-FF-FF-FF-FF-FF-FF-FF-FF-FF-FF-FF-FF-FF-FF-FF-FF-FF-FF;NOTIFICATION;0;da1a1500-d532-4285-be94-b07a3e11a098;da1a150b-d532-4285-be94-b07a3e11a098;18;;
168118;1787410425348;150D;Fahrstatistik Max/Ø;20;56;–;01-1B-00-C0-FF-FF-FF-FF-47-18-FF-FF-FF-FF-FF-FF-FF-FF-00-00;NOTIFICATION;0;da1a1500-d532-4285-be94-b07a3e11a098;da1a150d-d532-4285-be94-b07a3e11a098;18;;
169158;1787410426388;1502;Akkuinformationen;16;57;–;47-18-FF-FF-FF-FF-47-18-FF-FF-FF-FF-FF-FF-00-00;NOTIFICATION;0;da1a1500-d532-4285-be94-b07a3e11a098;da1a1502-d532-4285-be94-b07a3e11a098;18;;
169582;1787410426812;1505;BikePerformance / Fahrleistung;18;57;0,1,2,3;0A-96-0A-96-FF-FF-00-DA-FF-FF-FF-FF-FF-00-00-00-00-00;NOTIFICATION;0;da1a1500-d532-4285-be94-b07a3e11a098;da1a1505-d532-4285-be94-b07a3e11a098;18;;
169779;1787410427009;1506;Trip / Kilometer & Betriebszähler;16;57;7;00-00-1C-2B-00-02-32-BB-00-00-02-D1-00-00-00-00;NOTIFICATION;0;da1a1500-d532-4285-be94-b07a3e11a098;da1a1506-d532-4285-be94-b07a3e11a098;18;;
170196;1787410427426;1508;Settings / Licht & Fahrstufe;17;57;–;00-00-00-02-FF-FF-FF-FF-FF-FF-FF-00-00-00-00-00-00;NOTIFICATION;0;da1a1500-d532-4285-be94-b07a3e11a098;da1a1508-d532-4285-be94-b07a3e11a098;18;;
170407;1787410427637;1509;BatteryChange / Akku-Livestand;11;57;5,6,10;13-88-FF-FF-25-B1-58-00-00-00-E3;NOTIFICATION;0;da1a1500-d532-4285-be94-b07a3e11a098;da1a1509-d532-4285-be94-b07a3e11a098;18;;
170619;1787410427849;150A;MotorUpdate / Motor-Livestand;10;57;–;13-88-FF-FF-FF-FF-FF-FF-FF-FF;NOTIFICATION;0;da1a1500-d532-4285-be94-b07a3e11a098;da1a150a-d532-4285-be94-b07a3e11a098;18;;
170827;1787410428057;150B;Motor-/Controllerblock;20;57;–;FF-FF-FF-FF-FF-FF-FF-FF-FF-FF-FF-FF-FF-FF-FF-FF-FF-FF-FF-FF;NOTIFICATION;0;da1a1500-d532-4285-be94-b07a3e11a098;da1a150b-d532-4285-be94-b07a3e11a098;18;;
171039;1787410428269;150D;Fahrstatistik Max/Ø;20;57;–;01-1B-00-C0-FF-FF-FF-FF-47-18-FF-FF-FF-FF-FF-FF-FF-FF-00-00;NOTIFICATION;0;da1a1500-d532-4285-be94-b07a3e11a098;da1a150d-d532-4285-be94-b07a3e11a098;18;;
172076;1787410429306;1502;Akkuinformationen;16;58;–;47-18-FF-FF-FF-FF-47-18-FF-FF-FF-FF-FF-FF-00-00;NOTIFICATION;0;da1a1500-d532-4285-be94-b07a3e11a098;da1a1502-d532-4285-be94-b07a3e11a098;18;;
172499;1787410429729;1505;BikePerformance / Fahrleistung;18;58;0,1,2,3;08-D4-08-D4-FF-FF-00-DA-FF-FF-FF-FF-FF-00-00-00-00-00;NOTIFICATION;0;da1a1500-d532-4285-be94-b07a3e11a098;da1a1505-d532-4285-be94-b07a3e11a098;18;;
172707;1787410429937;1506;Trip / Kilometer & Betriebszähler;16;58;3,7;00-00-1C-2C-00-02-32-BE-00-00-02-D1-00-00-00-00;NOTIFICATION;0;da1a1500-d532-4285-be94-b07a3e11a098;da1a1506-d532-4285-be94-b07a3e11a098;18;;
173120;1787410430350;1508;Settings / Licht & Fahrstufe;17;58;–;00-00-00-02-FF-FF-FF-FF-FF-FF-FF-00-00-00-00-00-00;NOTIFICATION;0;da1a1500-d532-4285-be94-b07a3e11a098;da1a1508-d532-4285-be94-b07a3e11a098;18;;
173336;1787410430566;1509;BatteryChange / Akku-Livestand;11;58;10;13-88-FF-FF-25-B1-58-00-00-00-E4;NOTIFICATION;0;da1a1500-d532-4285-be94-b07a3e11a098;da1a1509-d532-4285-be94-b07a3e11a098;18;;
173538;1787410430768;150A;MotorUpdate / Motor-Livestand;10;58;–;13-88-FF-FF-FF-FF-FF-FF-FF-FF;NOTIFICATION;0;da1a1500-d532-4285-be94-b07a3e11a098;da1a150a-d532-4285-be94-b07a3e11a098;18;;
173745;1787410430975;150B;Motor-/Controllerblock;20;58;–;FF-FF-FF-FF-FF-FF-FF-FF-FF-FF-FF-FF-FF-FF-FF-FF-FF-FF-FF-FF;NOTIFICATION;0;da1a1500-d532-4285-be94-b07a3e11a098;da1a150b-d532-4285-be94-b07a3e11a098;18;;
173959;1787410431189;150D;Fahrstatistik Max/Ø;20;58;3;01-1B-00-C1-FF-FF-FF-FF-47-18-FF-FF-FF-FF-FF-FF-FF-FF-00-00;NOTIFICATION;0;da1a1500-d532-4285-be94-b07a3e11a098;da1a150d-d532-4285-be94-b07a3e11a098;18;;
175000;1787410432230;1502;Akkuinformationen;16;59;–;47-18-FF-FF-FF-FF-47-18-FF-FF-FF-FF-FF-FF-00-00;NOTIFICATION;0;da1a1500-d532-4285-be94-b07a3e11a098;da1a1502-d532-4285-be94-b07a3e11a098;18;;
175418;1787410432648;1505;BikePerformance / Fahrleistung;18;59;1,3;08-DE-08-DE-FF-FF-00-DA-FF-FF-FF-FF-FF-00-00-00-00-00;NOTIFICATION;0;da1a1500-d532-4285-be94-b07a3e11a098;da1a1505-d532-4285-be94-b07a3e11a098;18;;
175627;1787410432857;1506;Trip / Kilometer & Betriebszähler;16;59;7;00-00-1C-2C-00-02-32-C1-00-00-02-D1-00-00-00-00;NOTIFICATION;0;da1a1500-d532-4285-be94-b07a3e11a098;da1a1506-d532-4285-be94-b07a3e11a098;18;;
176039;1787410433269;1508;Settings / Licht & Fahrstufe;17;59;–;00-00-00-02-FF-FF-FF-FF-FF-FF-FF-00-00-00-00-00-00;NOTIFICATION;0;da1a1500-d532-4285-be94-b07a3e11a098;da1a1508-d532-4285-be94-b07a3e11a098;18;;
176246;1787410433476;1509;BatteryChange / Akku-Livestand;11;59;10;13-88-FF-FF-25-B1-58-00-00-00-E3;NOTIFICATION;0;da1a1500-d532-4285-be94-b07a3e11a098;da1a1509-d532-4285-be94-b07a3e11a098;18;;
176460;1787410433690;150A;MotorUpdate / Motor-Livestand;10;59;0,1;0F-A0-FF-FF-FF-FF-FF-FF-FF-FF;NOTIFICATION;0;da1a1500-d532-4285-be94-b07a3e11a098;da1a150a-d532-4285-be94-b07a3e11a098;18;;
176669;1787410433899;150B;Motor-/Controllerblock;20;59;–;FF-FF-FF-FF-FF-FF-FF-FF-FF-FF-FF-FF-FF-FF-FF-FF-FF-FF-FF-FF;NOTIFICATION;0;da1a1500-d532-4285-be94-b07a3e11a098;da1a150b-d532-4285-be94-b07a3e11a098;18;;
176878;1787410434108;150D;Fahrstatistik Max/Ø;20;59;–;01-1B-00-C1-FF-FF-FF-FF-47-18-FF-FF-FF-FF-FF-FF-FF-FF-00-00;NOTIFICATION;0;da1a1500-d532-4285-be94-b07a3e11a098;da1a150d-d532-4285-be94-b07a3e11a098;18;;
177918;1787410435148;1502;Akkuinformationen;16;60;–;47-18-FF-FF-FF-FF-47-18-FF-FF-FF-FF-FF-FF-00-00;NOTIFICATION;0;da1a1500-d532-4285-be94-b07a3e11a098;da1a1502-d532-4285-be94-b07a3e11a098;18;;
178339;1787410435569;1505;BikePerformance / Fahrleistung;18;60;–;08-DE-08-DE-FF-FF-00-DA-FF-FF-FF-FF-FF-00-00-00-00-00;NOTIFICATION;0;da1a1500-d532-4285-be94-b07a3e11a098;da1a1505-d532-4285-be94-b07a3e11a098;18;;
178549;1787410435779;1506;Trip / Kilometer & Betriebszähler;16;60;7;00-00-1C-2C-00-02-32-C4-00-00-02-D1-00-00-00-00;NOTIFICATION;0;da1a1500-d532-4285-be94-b07a3e11a098;da1a1506-d532-4285-be94-b07a3e11a098;18;;
178959;1787410436189;1508;Settings / Licht & Fahrstufe;17;60;–;00-00-00-02-FF-FF-FF-FF-FF-FF-FF-00-00-00-00-00-00;NOTIFICATION;0;da1a1500-d532-4285-be94-b07a3e11a098;da1a1508-d532-4285-be94-b07a3e11a098;18;;
179166;1787410436396;1509;BatteryChange / Akku-Livestand;11;60;0,1,5,6,10;0F-A0-FF-FF-25-B2-20-00-00-00-B6;NOTIFICATION;0;da1a1500-d532-4285-be94-b07a3e11a098;da1a1509-d532-4285-be94-b07a3e11a098;18;;
179378;1787410436608;150A;MotorUpdate / Motor-Livestand;10;60;0,1;13-88-FF-FF-FF-FF-FF-FF-FF-FF;NOTIFICATION;0;da1a1500-d532-4285-be94-b07a3e11a098;da1a150a-d532-4285-be94-b07a3e11a098;18;;
179588;1787410436818;150B;Motor-/Controllerblock;20;60;–;FF-FF-FF-FF-FF-FF-FF-FF-FF-FF-FF-FF-FF-FF-FF-FF-FF-FF-FF-FF;NOTIFICATION;0;da1a1500-d532-4285-be94-b07a3e11a098;da1a150b-d532-4285-be94-b07a3e11a098;18;;
179798;1787410437028;150D;Fahrstatistik Max/Ø;20;60;–;01-1B-00-C1-FF-FF-FF-FF-47-18-FF-FF-FF-FF-FF-FF-FF-FF-00-00;NOTIFICATION;0;da1a1500-d532-4285-be94-b07a3e11a098;da1a150d-d532-4285-be94-b07a3e11a098;18;;
180839;1787410438069;1502;Akkuinformationen;16;61;–;47-18-FF-FF-FF-FF-47-18-FF-FF-FF-FF-FF-FF-00-00;NOTIFICATION;0;da1a1500-d532-4285-be94-b07a3e11a098;da1a1502-d532-4285-be94-b07a3e11a098;18;;
181259;1787410438489;1505;BikePerformance / Fahrleistung;18;61;1,3;08-E8-08-E8-FF-FF-00-DA-FF-FF-FF-FF-FF-00-00-00-00-00;NOTIFICATION;0;da1a1500-d532-4285-be94-b07a3e11a098;da1a1505-d532-4285-be94-b07a3e11a098;18;;
181469;1787410438699;1506;Trip / Kilometer & Betriebszähler;16;61;7;00-00-1C-2C-00-02-32-C7-00-00-02-D1-00-00-00-00;NOTIFICATION;0;da1a1500-d532-4285-be94-b07a3e11a098;da1a1506-d532-4285-be94-b07a3e11a098;18;;
181888;1787410439118;1508;Settings / Licht & Fahrstufe;17;61;–;00-00-00-02-FF-FF-FF-FF-FF-FF-FF-00-00-00-00-00-00;NOTIFICATION;0;da1a1500-d532-4285-be94-b07a3e11a098;da1a1508-d532-4285-be94-b07a3e11a098;18;;
182088;1787410439318;1509;BatteryChange / Akku-Livestand;11;61;0,1,10;13-88-FF-FF-25-B2-20-00-00-00-E4;NOTIFICATION;0;da1a1500-d532-4285-be94-b07a3e11a098;da1a1509-d532-4285-be94-b07a3e11a098;18;;
182299;1787410439529;150A;MotorUpdate / Motor-Livestand;10;61;–;13-88-FF-FF-FF-FF-FF-FF-FF-FF;NOTIFICATION;0;da1a1500-d532-4285-be94-b07a3e11a098;da1a150a-d532-4285-be94-b07a3e11a098;18;;
182508;1787410439738;150B;Motor-/Controllerblock;20;61;–;FF-FF-FF-FF-FF-FF-FF-FF-FF-FF-FF-FF-FF-FF-FF-FF-FF-FF-FF-FF;NOTIFICATION;0;da1a1500-d532-4285-be94-b07a3e11a098;da1a150b-d532-4285-be94-b07a3e11a098;18;;
182719;1787410439949;150D;Fahrstatistik Max/Ø;20;61;–;01-1B-00-C1-FF-FF-FF-FF-47-18-FF-FF-FF-FF-FF-FF-FF-FF-00-00;NOTIFICATION;0;da1a1500-d532-4285-be94-b07a3e11a098;da1a150d-d532-4285-be94-b07a3e11a098;18;;
183759;1787410440989;1502;Akkuinformationen;16;62;–;47-18-FF-FF-FF-FF-47-18-FF-FF-FF-FF-FF-FF-00-00;NOTIFICATION;0;da1a1500-d532-4285-be94-b07a3e11a098;da1a1502-d532-4285-be94-b07a3e11a098;18;;
184179;1787410441409;1505;BikePerformance / Fahrleistung;18;62;1,3;08-DE-08-DE-FF-FF-00-DA-FF-FF-FF-FF-FF-00-00-00-00-00;NOTIFICATION;0;da1a1500-d532-4285-be94-b07a3e11a098;da1a1505-d532-4285-be94-b07a3e11a098;18;;
184390;1787410441620;1506;Trip / Kilometer & Betriebszähler;16;62;7;00-00-1C-2C-00-02-32-CA-00-00-02-D1-00-00-00-00;NOTIFICATION;0;da1a1500-d532-4285-be94-b07a3e11a098;da1a1506-d532-4285-be94-b07a3e11a098;18;;
184808;1787410442038;1508;Settings / Licht & Fahrstufe;17;62;–;00-00-00-02-FF-FF-FF-FF-FF-FF-FF-00-00-00-00-00-00;NOTIFICATION;0;da1a1500-d532-4285-be94-b07a3e11a098;da1a1508-d532-4285-be94-b07a3e11a098;18;;
185009;1787410442239;1509;BatteryChange / Akku-Livestand;11;62;5,6,10;13-88-FF-FF-25-B1-58-00-00-00-E3;NOTIFICATION;0;da1a1500-d532-4285-be94-b07a3e11a098;da1a1509-d532-4285-be94-b07a3e11a098;18;;
185220;1787410442450;150A;MotorUpdate / Motor-Livestand;10;62;–;13-88-FF-FF-FF-FF-FF-FF-FF-FF;NOTIFICATION;0;da1a1500-d532-4285-be94-b07a3e11a098;da1a150a-d532-4285-be94-b07a3e11a098;18;;
185428;1787410442658;150B;Motor-/Controllerblock;20;62;–;FF-FF-FF-FF-FF-FF-FF-FF-FF-FF-FF-FF-FF-FF-FF-FF-FF-FF-FF-FF;NOTIFICATION;0;da1a1500-d532-4285-be94-b07a3e11a098;da1a150b-d532-4285-be94-b07a3e11a098;18;;
185638;1787410442868;150D;Fahrstatistik Max/Ø;20;62;–;01-1B-00-C1-FF-FF-FF-FF-47-18-FF-FF-FF-FF-FF-FF-FF-FF-00-00;NOTIFICATION;0;da1a1500-d532-4285-be94-b07a3e11a098;da1a150d-d532-4285-be94-b07a3e11a098;18;;
186678;1787410443908;1502;Akkuinformationen;16;63;–;47-18-FF-FF-FF-FF-47-18-FF-FF-FF-FF-FF-FF-00-00;NOTIFICATION;0;da1a1500-d532-4285-be94-b07a3e11a098;da1a1502-d532-4285-be94-b07a3e11a098;18;;
187100;1787410444330;1505;BikePerformance / Fahrleistung;18;63;1,3;08-E8-08-E8-FF-FF-00-DA-FF-FF-FF-FF-FF-00-00-00-00-00;NOTIFICATION;0;da1a1500-d532-4285-be94-b07a3e11a098;da1a1505-d532-4285-be94-b07a3e11a098;18;;
187308;1787410444538;1506;Trip / Kilometer & Betriebszähler;16;63;7;00-00-1C-2C-00-02-32-CD-00-00-02-D1-00-00-00-00;NOTIFICATION;0;da1a1500-d532-4285-be94-b07a3e11a098;da1a1506-d532-4285-be94-b07a3e11a098;18;;
187729;1787410444959;1508;Settings / Licht & Fahrstufe;17;63;–;00-00-00-02-FF-FF-FF-FF-FF-FF-FF-00-00-00-00-00-00;NOTIFICATION;0;da1a1500-d532-4285-be94-b07a3e11a098;da1a1508-d532-4285-be94-b07a3e11a098;18;;
187939;1787410445169;1509;BatteryChange / Akku-Livestand;11;63;5,6,10;13-88-FF-FF-25-B2-20-00-00-00-E4;NOTIFICATION;0;da1a1500-d532-4285-be94-b07a3e11a098;da1a1509-d532-4285-be94-b07a3e11a098;18;;
188138;1787410445368;150A;MotorUpdate / Motor-Livestand;10;63;–;13-88-FF-FF-FF-FF-FF-FF-FF-FF;NOTIFICATION;0;da1a1500-d532-4285-be94-b07a3e11a098;da1a150a-d532-4285-be94-b07a3e11a098;18;;
188350;1787410445580;150B;Motor-/Controllerblock;20;63;–;FF-FF-FF-FF-FF-FF-FF-FF-FF-FF-FF-FF-FF-FF-FF-FF-FF-FF-FF-FF;NOTIFICATION;0;da1a1500-d532-4285-be94-b07a3e11a098;da1a150b-d532-4285-be94-b07a3e11a098;18;;
188559;1787410445789;150D;Fahrstatistik Max/Ø;20;63;–;01-1B-00-C1-FF-FF-FF-FF-47-18-FF-FF-FF-FF-FF-FF-FF-FF-00-00;NOTIFICATION;0;da1a1500-d532-4285-be94-b07a3e11a098;da1a150d-d532-4285-be94-b07a3e11a098;18;;
189599;1787410446829;1502;Akkuinformationen;16;64;–;47-18-FF-FF-FF-FF-47-18-FF-FF-FF-FF-FF-FF-00-00;NOTIFICATION;0;da1a1500-d532-4285-be94-b07a3e11a098;da1a1502-d532-4285-be94-b07a3e11a098;18;;
190019;1787410447249;1505;BikePerformance / Fahrleistung;18;64;–;08-E8-08-E8-FF-FF-00-DA-FF-FF-FF-FF-FF-00-00-00-00-00;NOTIFICATION;0;da1a1500-d532-4285-be94-b07a3e11a098;da1a1505-d532-4285-be94-b07a3e11a098;18;;
190228;1787410447458;1506;Trip / Kilometer & Betriebszähler;16;64;3,7;00-00-1C-2D-00-02-32-D0-00-00-02-D1-00-00-00-00;NOTIFICATION;0;da1a1500-d532-4285-be94-b07a3e11a098;da1a1506-d532-4285-be94-b07a3e11a098;18;;
190649;1787410447879;1508;Settings / Licht & Fahrstufe;17;64;–;00-00-00-02-FF-FF-FF-FF-FF-FF-FF-00-00-00-00-00-00;NOTIFICATION;0;da1a1500-d532-4285-be94-b07a3e11a098;da1a1508-d532-4285-be94-b07a3e11a098;18;;
190858;1787410448088;1509;BatteryChange / Akku-Livestand;11;64;–;13-88-FF-FF-25-B2-20-00-00-00-E4;NOTIFICATION;0;da1a1500-d532-4285-be94-b07a3e11a098;da1a1509-d532-4285-be94-b07a3e11a098;18;;
191058;1787410448288;150A;MotorUpdate / Motor-Livestand;10;64;–;13-88-FF-FF-FF-FF-FF-FF-FF-FF;NOTIFICATION;0;da1a1500-d532-4285-be94-b07a3e11a098;da1a150a-d532-4285-be94-b07a3e11a098;18;;
191268;1787410448498;150B;Motor-/Controllerblock;20;64;–;FF-FF-FF-FF-FF-FF-FF-FF-FF-FF-FF-FF-FF-FF-FF-FF-FF-FF-FF-FF;NOTIFICATION;0;da1a1500-d532-4285-be94-b07a3e11a098;da1a150b-d532-4285-be94-b07a3e11a098;18;;
191479;1787410448709;150D;Fahrstatistik Max/Ø;20;64;–;01-1B-00-C1-FF-FF-FF-FF-47-18-FF-FF-FF-FF-FF-FF-FF-FF-00-00;NOTIFICATION;0;da1a1500-d532-4285-be94-b07a3e11a098;da1a150d-d532-4285-be94-b07a3e11a098;18;;
192530;1787410449760;1502;Akkuinformationen;16;65;–;47-18-FF-FF-FF-FF-47-18-FF-FF-FF-FF-FF-FF-00-00;NOTIFICATION;0;da1a1500-d532-4285-be94-b07a3e11a098;da1a1502-d532-4285-be94-b07a3e11a098;18;;
192939;1787410450169;1505;BikePerformance / Fahrleistung;18;65;–;08-E8-08-E8-FF-FF-00-DA-FF-FF-FF-FF-FF-00-00-00-00-00;NOTIFICATION;0;da1a1500-d532-4285-be94-b07a3e11a098;da1a1505-d532-4285-be94-b07a3e11a098;18;;
193148;1787410450378;1506;Trip / Kilometer & Betriebszähler;16;65;7;00-00-1C-2D-00-02-32-D3-00-00-02-D1-00-00-00-00;NOTIFICATION;0;da1a1500-d532-4285-be94-b07a3e11a098;da1a1506-d532-4285-be94-b07a3e11a098;18;;
193571;1787410450801;1508;Settings / Licht & Fahrstufe;17;65;–;00-00-00-02-FF-FF-FF-FF-FF-FF-FF-00-00-00-00-00-00;NOTIFICATION;0;da1a1500-d532-4285-be94-b07a3e11a098;da1a1508-d532-4285-be94-b07a3e11a098;18;;
193779;1787410451009;1509;BatteryChange / Akku-Livestand;11;65;5,6;13-88-FF-FF-25-B1-58-00-00-00-E4;NOTIFICATION;0;da1a1500-d532-4285-be94-b07a3e11a098;da1a1509-d532-4285-be94-b07a3e11a098;18;;
193988;1787410451218;150A;MotorUpdate / Motor-Livestand;10;65;–;13-88-FF-FF-FF-FF-FF-FF-FF-FF;NOTIFICATION;0;da1a1500-d532-4285-be94-b07a3e11a098;da1a150a-d532-4285-be94-b07a3e11a098;18;;
194198;1787410451428;150B;Motor-/Controllerblock;20;65;–;FF-FF-FF-FF-FF-FF-FF-FF-FF-FF-FF-FF-FF-FF-FF-FF-FF-FF-FF-FF;NOTIFICATION;0;da1a1500-d532-4285-be94-b07a3e11a098;da1a150b-d532-4285-be94-b07a3e11a098;18;;
194398;1787410451628;150D;Fahrstatistik Max/Ø;20;65;–;01-1B-00-C1-FF-FF-FF-FF-47-18-FF-FF-FF-FF-FF-FF-FF-FF-00-00;NOTIFICATION;0;da1a1500-d532-4285-be94-b07a3e11a098;da1a150d-d532-4285-be94-b07a3e11a098;18;;
195449;1787410452679;1502;Akkuinformationen;16;66;–;47-18-FF-FF-FF-FF-47-18-FF-FF-FF-FF-FF-FF-00-00;NOTIFICATION;0;da1a1500-d532-4285-be94-b07a3e11a098;da1a1502-d532-4285-be94-b07a3e11a098;18;;
195858;1787410453088;1505;BikePerformance / Fahrleistung;18;66;–;08-E8-08-E8-FF-FF-00-DA-FF-FF-FF-FF-FF-00-00-00-00-00;NOTIFICATION;0;da1a1500-d532-4285-be94-b07a3e11a098;da1a1505-d532-4285-be94-b07a3e11a098;18;;
196070;1787410453300;1506;Trip / Kilometer & Betriebszähler;16;66;7;00-00-1C-2D-00-02-32-D6-00-00-02-D1-00-00-00-00;NOTIFICATION;0;da1a1500-d532-4285-be94-b07a3e11a098;da1a1506-d532-4285-be94-b07a3e11a098;18;;
196489;1787410453719;1508;Settings / Licht & Fahrstufe;17;66;–;00-00-00-02-FF-FF-FF-FF-FF-FF-FF-00-00-00-00-00-00;NOTIFICATION;0;da1a1500-d532-4285-be94-b07a3e11a098;da1a1508-d532-4285-be94-b07a3e11a098;18;;
196699;1787410453929;1509;BatteryChange / Akku-Livestand;11;66;5,6;13-88-FF-FF-25-B2-20-00-00-00-E4;NOTIFICATION;0;da1a1500-d532-4285-be94-b07a3e11a098;da1a1509-d532-4285-be94-b07a3e11a098;18;;
196908;1787410454138;150A;MotorUpdate / Motor-Livestand;10;66;–;13-88-FF-FF-FF-FF-FF-FF-FF-FF;NOTIFICATION;0;da1a1500-d532-4285-be94-b07a3e11a098;da1a150a-d532-4285-be94-b07a3e11a098;18;;
197118;1787410454348;150B;Motor-/Controllerblock;20;66;–;FF-FF-FF-FF-FF-FF-FF-FF-FF-FF-FF-FF-FF-FF-FF-FF-FF-FF-FF-FF;NOTIFICATION;0;da1a1500-d532-4285-be94-b07a3e11a098;da1a150b-d532-4285-be94-b07a3e11a098;18;;
197329;1787410454559;150D;Fahrstatistik Max/Ø;20;66;–;01-1B-00-C1-FF-FF-FF-FF-47-18-FF-FF-FF-FF-FF-FF-FF-FF-00-00;NOTIFICATION;0;da1a1500-d532-4285-be94-b07a3e11a098;da1a150d-d532-4285-be94-b07a3e11a098;18;;
198368;1787410455598;1502;Akkuinformationen;16;67;–;47-18-FF-FF-FF-FF-47-18-FF-FF-FF-FF-FF-FF-00-00;NOTIFICATION;0;da1a1500-d532-4285-be94-b07a3e11a098;da1a1502-d532-4285-be94-b07a3e11a098;18;;
198790;1787410456020;1505;BikePerformance / Fahrleistung;18;67;1,3;08-DE-08-DE-FF-FF-00-DA-FF-FF-FF-FF-FF-00-00-00-00-00;NOTIFICATION;0;da1a1500-d532-4285-be94-b07a3e11a098;da1a1505-d532-4285-be94-b07a3e11a098;18;;
198989;1787410456219;1506;Trip / Kilometer & Betriebszähler;16;67;7;00-00-1C-2D-00-02-32-D9-00-00-02-D1-00-00-00-00;NOTIFICATION;0;da1a1500-d532-4285-be94-b07a3e11a098;da1a1506-d532-4285-be94-b07a3e11a098;18;;
199410;1787410456640;1508;Settings / Licht & Fahrstufe;17;67;–;00-00-00-02-FF-FF-FF-FF-FF-FF-FF-00-00-00-00-00-00;NOTIFICATION;0;da1a1500-d532-4285-be94-b07a3e11a098;da1a1508-d532-4285-be94-b07a3e11a098;18;;
199618;1787410456848;1509;BatteryChange / Akku-Livestand;11;67;0,1,5,6,9,10;17-70-FF-FF-25-B0-F4-00-00-01-0F;NOTIFICATION;0;da1a1500-d532-4285-be94-b07a3e11a098;da1a1509-d532-4285-be94-b07a3e11a098;18;;
199828;1787410457058;150A;MotorUpdate / Motor-Livestand;10;67;–;13-88-FF-FF-FF-FF-FF-FF-FF-FF;NOTIFICATION;0;da1a1500-d532-4285-be94-b07a3e11a098;da1a150a-d532-4285-be94-b07a3e11a098;18;;
200039;1787410457269;150B;Motor-/Controllerblock;20;67;–;FF-FF-FF-FF-FF-FF-FF-FF-FF-FF-FF-FF-FF-FF-FF-FF-FF-FF-FF-FF;NOTIFICATION;0;da1a1500-d532-4285-be94-b07a3e11a098;da1a150b-d532-4285-be94-b07a3e11a098;18;;
200248;1787410457478;150D;Fahrstatistik Max/Ø;20;67;–;01-1B-00-C1-FF-FF-FF-FF-47-18-FF-FF-FF-FF-FF-FF-FF-FF-00-00;NOTIFICATION;0;da1a1500-d532-4285-be94-b07a3e11a098;da1a150d-d532-4285-be94-b07a3e11a098;18;;
201288;1787410458518;1502;Akkuinformationen;16;68;–;47-18-FF-FF-FF-FF-47-18-FF-FF-FF-FF-FF-FF-00-00;NOTIFICATION;0;da1a1500-d532-4285-be94-b07a3e11a098;da1a1502-d532-4285-be94-b07a3e11a098;18;;
201709;1787410458939;1505;BikePerformance / Fahrleistung;18;68;1,3;08-E8-08-E8-FF-FF-00-DA-FF-FF-FF-FF-FF-00-00-00-00-00;NOTIFICATION;0;da1a1500-d532-4285-be94-b07a3e11a098;da1a1505-d532-4285-be94-b07a3e11a098;18;;
201918;1787410459148;1506;Trip / Kilometer & Betriebszähler;16;68;7;00-00-1C-2D-00-02-32-DC-00-00-02-D1-00-00-00-00;NOTIFICATION;0;da1a1500-d532-4285-be94-b07a3e11a098;da1a1506-d532-4285-be94-b07a3e11a098;18;;
202329;1787410459559;1508;Settings / Licht & Fahrstufe;17;68;–;00-00-00-02-FF-FF-FF-FF-FF-FF-FF-00-00-00-00-00-00;NOTIFICATION;0;da1a1500-d532-4285-be94-b07a3e11a098;da1a1508-d532-4285-be94-b07a3e11a098;18;;
202538;1787410459768;1509;BatteryChange / Akku-Livestand;11;68;–;17-70-FF-FF-25-B0-F4-00-00-01-0F;NOTIFICATION;0;da1a1500-d532-4285-be94-b07a3e11a098;da1a1509-d532-4285-be94-b07a3e11a098;18;;
202749;1787410459979;150A;MotorUpdate / Motor-Livestand;10;68;–;13-88-FF-FF-FF-FF-FF-FF-FF-FF;NOTIFICATION;0;da1a1500-d532-4285-be94-b07a3e11a098;da1a150a-d532-4285-be94-b07a3e11a098;18;;
202960;1787410460190;150B;Motor-/Controllerblock;20;68;–;FF-FF-FF-FF-FF-FF-FF-FF-FF-FF-FF-FF-FF-FF-FF-FF-FF-FF-FF-FF;NOTIFICATION;0;da1a1500-d532-4285-be94-b07a3e11a098;da1a150b-d532-4285-be94-b07a3e11a098;18;;
203168;1787410460398;150D;Fahrstatistik Max/Ø;20;68;–;01-1B-00-C1-FF-FF-FF-FF-47-18-FF-FF-FF-FF-FF-FF-FF-FF-00-00;NOTIFICATION;0;da1a1500-d532-4285-be94-b07a3e11a098;da1a150d-d532-4285-be94-b07a3e11a098;18;;
204211;1787410461441;1502;Akkuinformationen;16;69;–;47-18-FF-FF-FF-FF-47-18-FF-FF-FF-FF-FF-FF-00-00;NOTIFICATION;0;da1a1500-d532-4285-be94-b07a3e11a098;da1a1502-d532-4285-be94-b07a3e11a098;18;;
204629;1787410461859;1505;BikePerformance / Fahrleistung;18;69;0,1,2,3;0A-A0-0A-A0-FF-FF-00-DA-FF-FF-FF-FF-FF-00-00-00-00-00;NOTIFICATION;0;da1a1500-d532-4285-be94-b07a3e11a098;da1a1505-d532-4285-be94-b07a3e11a098;18;;
204839;1787410462069;1506;Trip / Kilometer & Betriebszähler;16;69;3,7;00-00-1C-2E-00-02-32-DF-00-00-02-D1-00-00-00-00;NOTIFICATION;0;da1a1500-d532-4285-be94-b07a3e11a098;da1a1506-d532-4285-be94-b07a3e11a098;18;;
205251;1787410462481;1508;Settings / Licht & Fahrstufe;17;69;–;00-00-00-02-FF-FF-FF-FF-FF-FF-FF-00-00-00-00-00-00;NOTIFICATION;0;da1a1500-d532-4285-be94-b07a3e11a098;da1a1508-d532-4285-be94-b07a3e11a098;18;;
205458;1787410462688;1509;BatteryChange / Akku-Livestand;11;69;6;17-70-FF-FF-25-B0-2C-00-00-01-0F;NOTIFICATION;0;da1a1500-d532-4285-be94-b07a3e11a098;da1a1509-d532-4285-be94-b07a3e11a098;18;;
205669;1787410462899;150A;MotorUpdate / Motor-Livestand;10;69;0,1;17-70-FF-FF-FF-FF-FF-FF-FF-FF;NOTIFICATION;0;da1a1500-d532-4285-be94-b07a3e11a098;da1a150a-d532-4285-be94-b07a3e11a098;18;;
205878;1787410463108;150B;Motor-/Controllerblock;20;69;–;FF-FF-FF-FF-FF-FF-FF-FF-FF-FF-FF-FF-FF-FF-FF-FF-FF-FF-FF-FF;NOTIFICATION;0;da1a1500-d532-4285-be94-b07a3e11a098;da1a150b-d532-4285-be94-b07a3e11a098;18;;
206089;1787410463319;150D;Fahrstatistik Max/Ø;20;69;–;01-1B-00-C1-FF-FF-FF-FF-47-18-FF-FF-FF-FF-FF-FF-FF-FF-00-00;NOTIFICATION;0;da1a1500-d532-4285-be94-b07a3e11a098;da1a150d-d532-4285-be94-b07a3e11a098;18;;
207129;1787410464359;1502;Akkuinformationen;16;70;–;47-18-FF-FF-FF-FF-47-18-FF-FF-FF-FF-FF-FF-00-00;NOTIFICATION;0;da1a1500-d532-4285-be94-b07a3e11a098;da1a1502-d532-4285-be94-b07a3e11a098;18;;
207547;1787410464777;1505;BikePerformance / Fahrleistung;18;70;1,3;0A-96-0A-96-FF-FF-00-DA-FF-FF-FF-FF-FF-00-00-00-00-00;NOTIFICATION;0;da1a1500-d532-4285-be94-b07a3e11a098;da1a1505-d532-4285-be94-b07a3e11a098;18;;
207759;1787410464989;1506;Trip / Kilometer & Betriebszähler;16;70;7;00-00-1C-2E-00-02-32-E2-00-00-02-D1-00-00-00-00;NOTIFICATION;0;da1a1500-d532-4285-be94-b07a3e11a098;da1a1506-d532-4285-be94-b07a3e11a098;18;;
208169;1787410465399;1508;Settings / Licht & Fahrstufe;17;70;–;00-00-00-02-FF-FF-FF-FF-FF-FF-FF-00-00-00-00-00-00;NOTIFICATION;0;da1a1500-d532-4285-be94-b07a3e11a098;da1a1508-d532-4285-be94-b07a3e11a098;18;;
208380;1787410465610;1509;BatteryChange / Akku-Livestand;11;70;6,10;17-70-FF-FF-25-B0-F4-00-00-01-0E;NOTIFICATION;0;da1a1500-d532-4285-be94-b07a3e11a098;da1a1509-d532-4285-be94-b07a3e11a098;18;;
208590;1787410465820;150A;MotorUpdate / Motor-Livestand;10;70;–;17-70-FF-FF-FF-FF-FF-FF-FF-FF;NOTIFICATION;0;da1a1500-d532-4285-be94-b07a3e11a098;da1a150a-d532-4285-be94-b07a3e11a098;18;;
208800;1787410466030;150B;Motor-/Controllerblock;20;70;–;FF-FF-FF-FF-FF-FF-FF-FF-FF-FF-FF-FF-FF-FF-FF-FF-FF-FF-FF-FF;NOTIFICATION;0;da1a1500-d532-4285-be94-b07a3e11a098;da1a150b-d532-4285-be94-b07a3e11a098;18;;
209009;1787410466239;150D;Fahrstatistik Max/Ø;20;70;–;01-1B-00-C1-FF-FF-FF-FF-47-18-FF-FF-FF-FF-FF-FF-FF-FF-00-00;NOTIFICATION;0;da1a1500-d532-4285-be94-b07a3e11a098;da1a150d-d532-4285-be94-b07a3e11a098;18;;
210050;1787410467280;1502;Akkuinformationen;16;71;–;47-18-FF-FF-FF-FF-47-18-FF-FF-FF-FF-FF-FF-00-00;NOTIFICATION;0;da1a1500-d532-4285-be94-b07a3e11a098;da1a1502-d532-4285-be94-b07a3e11a098;18;;
210469;1787410467699;1505;BikePerformance / Fahrleistung;18;71;1,3;0A-A0-0A-A0-FF-FF-00-DA-FF-FF-FF-FF-FF-00-00-00-00-00;NOTIFICATION;0;da1a1500-d532-4285-be94-b07a3e11a098;da1a1505-d532-4285-be94-b07a3e11a098;18;;
210679;1787410467909;1506;Trip / Kilometer & Betriebszähler;16;71;7;00-00-1C-2E-00-02-32-E5-00-00-02-D1-00-00-00-00;NOTIFICATION;0;da1a1500-d532-4285-be94-b07a3e11a098;da1a1506-d532-4285-be94-b07a3e11a098;18;;
211099;1787410468329;1508;Settings / Licht & Fahrstufe;17;71;–;00-00-00-02-FF-FF-FF-FF-FF-FF-FF-00-00-00-00-00-00;NOTIFICATION;0;da1a1500-d532-4285-be94-b07a3e11a098;da1a1508-d532-4285-be94-b07a3e11a098;18;;
211298;1787410468528;1509;BatteryChange / Akku-Livestand;11;71;10;17-70-FF-FF-25-B0-F4-00-00-01-0F;NOTIFICATION;0;da1a1500-d532-4285-be94-b07a3e11a098;da1a1509-d532-4285-be94-b07a3e11a098;18;;
211508;1787410468738;150A;MotorUpdate / Motor-Livestand;10;71;–;17-70-FF-FF-FF-FF-FF-FF-FF-FF;NOTIFICATION;0;da1a1500-d532-4285-be94-b07a3e11a098;da1a150a-d532-4285-be94-b07a3e11a098;18;;
211720;1787410468950;150B;Motor-/Controllerblock;20;71;–;FF-FF-FF-FF-FF-FF-FF-FF-FF-FF-FF-FF-FF-FF-FF-FF-FF-FF-FF-FF;NOTIFICATION;0;da1a1500-d532-4285-be94-b07a3e11a098;da1a150b-d532-4285-be94-b07a3e11a098;18;;
211930;1787410469160;150D;Fahrstatistik Max/Ø;20;71;–;01-1B-00-C1-FF-FF-FF-FF-47-18-FF-FF-FF-FF-FF-FF-FF-FF-00-00;NOTIFICATION;0;da1a1500-d532-4285-be94-b07a3e11a098;da1a150d-d532-4285-be94-b07a3e11a098;18;;
212969;1787410470199;1502;Akkuinformationen;16;72;–;47-18-FF-FF-FF-FF-47-18-FF-FF-FF-FF-FF-FF-00-00;NOTIFICATION;0;da1a1500-d532-4285-be94-b07a3e11a098;da1a1502-d532-4285-be94-b07a3e11a098;18;;
213391;1787410470621;1505;BikePerformance / Fahrleistung;18;72;1,3;0A-96-0A-96-FF-FF-00-DA-FF-FF-FF-FF-FF-00-00-00-00-00;NOTIFICATION;0;da1a1500-d532-4285-be94-b07a3e11a098;da1a1505-d532-4285-be94-b07a3e11a098;18;;
213597;1787410470827;1506;Trip / Kilometer & Betriebszähler;16;72;7;00-00-1C-2E-00-02-32-E8-00-00-02-D1-00-00-00-00;NOTIFICATION;0;da1a1500-d532-4285-be94-b07a3e11a098;da1a1506-d532-4285-be94-b07a3e11a098;18;;
214022;1787410471252;1508;Settings / Licht & Fahrstufe;17;72;–;00-00-00-02-FF-FF-FF-FF-FF-FF-FF-00-00-00-00-00-00;NOTIFICATION;0;da1a1500-d532-4285-be94-b07a3e11a098;da1a1508-d532-4285-be94-b07a3e11a098;18;;
214219;1787410471449;1509;BatteryChange / Akku-Livestand;11;72;0,1,10;1B-58-FF-FF-25-B0-F4-00-00-01-0E;NOTIFICATION;0;da1a1500-d532-4285-be94-b07a3e11a098;da1a1509-d532-4285-be94-b07a3e11a098;18;;
214428;1787410471658;150A;MotorUpdate / Motor-Livestand;10;72;0,1;1B-58-FF-FF-FF-FF-FF-FF-FF-FF;NOTIFICATION;0;da1a1500-d532-4285-be94-b07a3e11a098;da1a150a-d532-4285-be94-b07a3e11a098;18;;
214639;1787410471869;150B;Motor-/Controllerblock;20;72;–;FF-FF-FF-FF-FF-FF-FF-FF-FF-FF-FF-FF-FF-FF-FF-FF-FF-FF-FF-FF;NOTIFICATION;0;da1a1500-d532-4285-be94-b07a3e11a098;da1a150b-d532-4285-be94-b07a3e11a098;18;;
214848;1787410472078;150D;Fahrstatistik Max/Ø;20;72;–;01-1B-00-C1-FF-FF-FF-FF-47-18-FF-FF-FF-FF-FF-FF-FF-FF-00-00;NOTIFICATION;0;da1a1500-d532-4285-be94-b07a3e11a098;da1a150d-d532-4285-be94-b07a3e11a098;18;;
215890;1787410473120;1502;Akkuinformationen;16;73;–;47-18-FF-FF-FF-FF-47-18-FF-FF-FF-FF-FF-FF-00-00;NOTIFICATION;0;da1a1500-d532-4285-be94-b07a3e11a098;da1a1502-d532-4285-be94-b07a3e11a098;18;;
216309;1787410473539;1505;BikePerformance / Fahrleistung;18;73;0,1,2,3;0C-58-0C-58-FF-FF-00-DA-FF-FF-FF-FF-FF-00-00-00-00-00;NOTIFICATION;0;da1a1500-d532-4285-be94-b07a3e11a098;da1a1505-d532-4285-be94-b07a3e11a098;18;;
216520;1787410473750;1506;Trip / Kilometer & Betriebszähler;16;73;7;00-00-1C-2E-00-02-32-EA-00-00-02-D1-00-00-00-00;NOTIFICATION;0;da1a1500-d532-4285-be94-b07a3e11a098;da1a1506-d532-4285-be94-b07a3e11a098;18;;
216941;1787410474171;1508;Settings / Licht & Fahrstufe;17;73;–;00-00-00-02-FF-FF-FF-FF-FF-FF-FF-00-00-00-00-00-00;NOTIFICATION;0;da1a1500-d532-4285-be94-b07a3e11a098;da1a1508-d532-4285-be94-b07a3e11a098;18;;
217149;1787410474379;1509;BatteryChange / Akku-Livestand;11;73;6,10;1B-58-FF-FF-25-B0-2C-00-00-01-3B;NOTIFICATION;0;da1a1500-d532-4285-be94-b07a3e11a098;da1a1509-d532-4285-be94-b07a3e11a098;18;;
217349;1787410474579;150A;MotorUpdate / Motor-Livestand;10;73;–;1B-58-FF-FF-FF-FF-FF-FF-FF-FF;NOTIFICATION;0;da1a1500-d532-4285-be94-b07a3e11a098;da1a150a-d532-4285-be94-b07a3e11a098;18;;
217558;1787410474788;150B;Motor-/Controllerblock;20;73;–;FF-FF-FF-FF-FF-FF-FF-FF-FF-FF-FF-FF-FF-FF-FF-FF-FF-FF-FF-FF;NOTIFICATION;0;da1a1500-d532-4285-be94-b07a3e11a098;da1a150b-d532-4285-be94-b07a3e11a098;18;;
217768;1787410474998;150D;Fahrstatistik Max/Ø;20;73;–;01-1B-00-C1-FF-FF-FF-FF-47-18-FF-FF-FF-FF-FF-FF-FF-FF-00-00;NOTIFICATION;0;da1a1500-d532-4285-be94-b07a3e11a098;da1a150d-d532-4285-be94-b07a3e11a098;18;;
218820;1787410476050;1502;Akkuinformationen;16;74;–;47-18-FF-FF-FF-FF-47-18-FF-FF-FF-FF-FF-FF-00-00;NOTIFICATION;0;da1a1500-d532-4285-be94-b07a3e11a098;da1a1502-d532-4285-be94-b07a3e11a098;18;;
219229;1787410476459;1505;BikePerformance / Fahrleistung;18;74;0,1,2,3;0E-10-0E-10-FF-FF-00-DA-FF-FF-FF-FF-FF-00-00-00-00-00;NOTIFICATION;0;da1a1500-d532-4285-be94-b07a3e11a098;da1a1505-d532-4285-be94-b07a3e11a098;18;;
219439;1787410476669;1506;Trip / Kilometer & Betriebszähler;16;74;7;00-00-1C-2E-00-02-32-ED-00-00-02-D1-00-00-00-00;NOTIFICATION;0;da1a1500-d532-4285-be94-b07a3e11a098;da1a1506-d532-4285-be94-b07a3e11a098;18;;
219859;1787410477089;1508;Settings / Licht & Fahrstufe;17;74;–;00-00-00-02-FF-FF-FF-FF-FF-FF-FF-00-00-00-00-00-00;NOTIFICATION;0;da1a1500-d532-4285-be94-b07a3e11a098;da1a1508-d532-4285-be94-b07a3e11a098;18;;
220069;1787410477299;1509;BatteryChange / Akku-Livestand;11;74;0,1,5,6,10;1F-40-FF-FF-25-AF-00-00-00-01-66;NOTIFICATION;0;da1a1500-d532-4285-be94-b07a3e11a098;da1a1509-d532-4285-be94-b07a3e11a098;18;;
220269;1787410477499;150A;MotorUpdate / Motor-Livestand;10;74;0,1;1F-40-FF-FF-FF-FF-FF-FF-FF-FF;NOTIFICATION;0;da1a1500-d532-4285-be94-b07a3e11a098;da1a150a-d532-4285-be94-b07a3e11a098;18;;
220479;1787410477709;150B;Motor-/Controllerblock;20;74;–;FF-FF-FF-FF-FF-FF-FF-FF-FF-FF-FF-FF-FF-FF-FF-FF-FF-FF-FF-FF;NOTIFICATION;0;da1a1500-d532-4285-be94-b07a3e11a098;da1a150b-d532-4285-be94-b07a3e11a098;18;;
220689;1787410477919;150D;Fahrstatistik Max/Ø;20;74;–;01-1B-00-C1-FF-FF-FF-FF-47-18-FF-FF-FF-FF-FF-FF-FF-FF-00-00;NOTIFICATION;0;da1a1500-d532-4285-be94-b07a3e11a098;da1a150d-d532-4285-be94-b07a3e11a098;18;;
221741;1787410478971;1502;Akkuinformationen;16;75;–;47-18-FF-FF-FF-FF-47-18-FF-FF-FF-FF-FF-FF-00-00;NOTIFICATION;0;da1a1500-d532-4285-be94-b07a3e11a098;da1a1502-d532-4285-be94-b07a3e11a098;18;;
222149;1787410479379;1505;BikePerformance / Fahrleistung;18;75;–;0E-10-0E-10-FF-FF-00-DA-FF-FF-FF-FF-FF-00-00-00-00-00;NOTIFICATION;0;da1a1500-d532-4285-be94-b07a3e11a098;da1a1505-d532-4285-be94-b07a3e11a098;18;;
222358;1787410479588;1506;Trip / Kilometer & Betriebszähler;16;75;7;00-00-1C-2E-00-02-32-F0-00-00-02-D1-00-00-00-00;NOTIFICATION;0;da1a1500-d532-4285-be94-b07a3e11a098;da1a1506-d532-4285-be94-b07a3e11a098;18;;
222779;1787410480009;1508;Settings / Licht & Fahrstufe;17;75;–;00-00-00-02-FF-FF-FF-FF-FF-FF-FF-00-00-00-00-00-00;NOTIFICATION;0;da1a1500-d532-4285-be94-b07a3e11a098;da1a1508-d532-4285-be94-b07a3e11a098;18;;
222989;1787410480219;1509;BatteryChange / Akku-Livestand;11;75;6,10;1F-40-FF-FF-25-AF-C8-00-00-01-68;NOTIFICATION;0;da1a1500-d532-4285-be94-b07a3e11a098;da1a1509-d532-4285-be94-b07a3e11a098;18;;
223197;1787410480427;150A;MotorUpdate / Motor-Livestand;10;75;–;1F-40-FF-FF-FF-FF-FF-FF-FF-FF;NOTIFICATION;0;da1a1500-d532-4285-be94-b07a3e11a098;da1a150a-d532-4285-be94-b07a3e11a098;18;;
223408;1787410480638;150B;Motor-/Controllerblock;20;75;–;FF-FF-FF-FF-FF-FF-FF-FF-FF-FF-FF-FF-FF-FF-FF-FF-FF-FF-FF-FF;NOTIFICATION;0;da1a1500-d532-4285-be94-b07a3e11a098;da1a150b-d532-4285-be94-b07a3e11a098;18;;
223609;1787410480839;150D;Fahrstatistik Max/Ø;20;75;3;01-1B-00-C2-FF-FF-FF-FF-47-18-FF-FF-FF-FF-FF-FF-FF-FF-00-00;NOTIFICATION;0;da1a1500-d532-4285-be94-b07a3e11a098;da1a150d-d532-4285-be94-b07a3e11a098;18;;
224662;1787410481892;1502;Akkuinformationen;16;76;–;47-18-FF-FF-FF-FF-47-18-FF-FF-FF-FF-FF-FF-00-00;NOTIFICATION;0;da1a1500-d532-4285-be94-b07a3e11a098;da1a1502-d532-4285-be94-b07a3e11a098;18;;
225069;1787410482299;1505;BikePerformance / Fahrleistung;18;76;–;0E-10-0E-10-FF-FF-00-DA-FF-FF-FF-FF-FF-00-00-00-00-00;NOTIFICATION;0;da1a1500-d532-4285-be94-b07a3e11a098;da1a1505-d532-4285-be94-b07a3e11a098;18;;
225278;1787410482508;1506;Trip / Kilometer & Betriebszähler;16;76;3,7;00-00-1C-2F-00-02-32-F3-00-00-02-D1-00-00-00-00;NOTIFICATION;0;da1a1500-d532-4285-be94-b07a3e11a098;da1a1506-d532-4285-be94-b07a3e11a098;18;;
225699;1787410482929;1508;Settings / Licht & Fahrstufe;17;76;–;00-00-00-02-FF-FF-FF-FF-FF-FF-FF-00-00-00-00-00-00;NOTIFICATION;0;da1a1500-d532-4285-be94-b07a3e11a098;da1a1508-d532-4285-be94-b07a3e11a098;18;;
225909;1787410483139;1509;BatteryChange / Akku-Livestand;11;76;–;1F-40-FF-FF-25-AF-C8-00-00-01-68;NOTIFICATION;0;da1a1500-d532-4285-be94-b07a3e11a098;da1a1509-d532-4285-be94-b07a3e11a098;18;;
226119;1787410483349;150A;MotorUpdate / Motor-Livestand;10;76;–;1F-40-FF-FF-FF-FF-FF-FF-FF-FF;NOTIFICATION;0;da1a1500-d532-4285-be94-b07a3e11a098;da1a150a-d532-4285-be94-b07a3e11a098;18;;
226330;1787410483560;150B;Motor-/Controllerblock;20;76;–;FF-FF-FF-FF-FF-FF-FF-FF-FF-FF-FF-FF-FF-FF-FF-FF-FF-FF-FF-FF;NOTIFICATION;0;da1a1500-d532-4285-be94-b07a3e11a098;da1a150b-d532-4285-be94-b07a3e11a098;18;;
226538;1787410483768;150D;Fahrstatistik Max/Ø;20;76;–;01-1B-00-C2-FF-FF-FF-FF-47-18-FF-FF-FF-FF-FF-FF-FF-FF-00-00;NOTIFICATION;0;da1a1500-d532-4285-be94-b07a3e11a098;da1a150d-d532-4285-be94-b07a3e11a098;18;;
227580;1787410484810;1502;Akkuinformationen;16;77;–;47-18-FF-FF-FF-FF-47-18-FF-FF-FF-FF-FF-FF-00-00;NOTIFICATION;0;da1a1500-d532-4285-be94-b07a3e11a098;da1a1502-d532-4285-be94-b07a3e11a098;18;;
227999;1787410485229;1505;BikePerformance / Fahrleistung;18;77;0,1,2,3;0C-4E-0C-4E-FF-FF-00-DA-FF-FF-FF-FF-FF-00-00-00-00-00;NOTIFICATION;0;da1a1500-d532-4285-be94-b07a3e11a098;da1a1505-d532-4285-be94-b07a3e11a098;18;;
228199;1787410485429;1506;Trip / Kilometer & Betriebszähler;16;77;7;00-00-1C-2F-00-02-32-F6-00-00-02-D1-00-00-00-00;NOTIFICATION;0;da1a1500-d532-4285-be94-b07a3e11a098;da1a1506-d532-4285-be94-b07a3e11a098;18;;
228619;1787410485849;1508;Settings / Licht & Fahrstufe;17;77;–;00-00-00-02-FF-FF-FF-FF-FF-FF-FF-00-00-00-00-00-00;NOTIFICATION;0;da1a1500-d532-4285-be94-b07a3e11a098;da1a1508-d532-4285-be94-b07a3e11a098;18;;
228829;1787410486059;1509;BatteryChange / Akku-Livestand;11;77;5,6;1F-40-FF-FF-25-B0-2C-00-00-01-68;NOTIFICATION;0;da1a1500-d532-4285-be94-b07a3e11a098;da1a1509-d532-4285-be94-b07a3e11a098;18;;
229038;1787410486268;150A;MotorUpdate / Motor-Livestand;10;77;–;1F-40-FF-FF-FF-FF-FF-FF-FF-FF;NOTIFICATION;0;da1a1500-d532-4285-be94-b07a3e11a098;da1a150a-d532-4285-be94-b07a3e11a098;18;;
229248;1787410486478;150B;Motor-/Controllerblock;20;77;–;FF-FF-FF-FF-FF-FF-FF-FF-FF-FF-FF-FF-FF-FF-FF-FF-FF-FF-FF-FF;NOTIFICATION;0;da1a1500-d532-4285-be94-b07a3e11a098;da1a150b-d532-4285-be94-b07a3e11a098;18;;
229460;1787410486690;150D;Fahrstatistik Max/Ø;20;77;–;01-1B-00-C2-FF-FF-FF-FF-47-18-FF-FF-FF-FF-FF-FF-FF-FF-00-00;NOTIFICATION;0;da1a1500-d532-4285-be94-b07a3e11a098;da1a150d-d532-4285-be94-b07a3e11a098;18;;
230499;1787410487729;1502;Akkuinformationen;16;78;–;47-18-FF-FF-FF-FF-47-18-FF-FF-FF-FF-FF-FF-00-00;NOTIFICATION;0;da1a1500-d532-4285-be94-b07a3e11a098;da1a1502-d532-4285-be94-b07a3e11a098;18;;
230919;1787410488149;1505;BikePerformance / Fahrleistung;18;78;0,1,2,3;0E-10-0E-10-FF-FF-00-DA-FF-FF-FF-FF-FF-00-00-00-00-00;NOTIFICATION;0;da1a1500-d532-4285-be94-b07a3e11a098;da1a1505-d532-4285-be94-b07a3e11a098;18;;
231119;1787410488349;1506;Trip / Kilometer & Betriebszähler;16;78;7;00-00-1C-2F-00-02-32-F9-00-00-02-D1-00-00-00-00;NOTIFICATION;0;da1a1500-d532-4285-be94-b07a3e11a098;da1a1506-d532-4285-be94-b07a3e11a098;18;;
231539;1787410488769;1508;Settings / Licht & Fahrstufe;17;78;–;00-00-00-02-FF-FF-FF-FF-FF-FF-FF-00-00-00-00-00-00;NOTIFICATION;0;da1a1500-d532-4285-be94-b07a3e11a098;da1a1508-d532-4285-be94-b07a3e11a098;18;;
231749;1787410488979;1509;BatteryChange / Akku-Livestand;11;78;5,6,10;1F-40-FF-FF-25-AE-9C-00-00-01-65;NOTIFICATION;0;da1a1500-d532-4285-be94-b07a3e11a098;da1a1509-d532-4285-be94-b07a3e11a098;18;;
231959;1787410489189;150A;MotorUpdate / Motor-Livestand;10;78;–;1F-40-FF-FF-FF-FF-FF-FF-FF-FF;NOTIFICATION;0;da1a1500-d532-4285-be94-b07a3e11a098;da1a150a-d532-4285-be94-b07a3e11a098;18;;
232170;1787410489400;150B;Motor-/Controllerblock;20;78;–;FF-FF-FF-FF-FF-FF-FF-FF-FF-FF-FF-FF-FF-FF-FF-FF-FF-FF-FF-FF;NOTIFICATION;0;da1a1500-d532-4285-be94-b07a3e11a098;da1a150b-d532-4285-be94-b07a3e11a098;18;;
232379;1787410489609;150D;Fahrstatistik Max/Ø;20;78;–;01-1B-00-C2-FF-FF-FF-FF-47-18-FF-FF-FF-FF-FF-FF-FF-FF-00-00;NOTIFICATION;0;da1a1500-d532-4285-be94-b07a3e11a098;da1a150d-d532-4285-be94-b07a3e11a098;18;;
233420;1787410490650;1502;Akkuinformationen;16;79;–;47-18-FF-FF-FF-FF-47-18-FF-FF-FF-FF-FF-FF-00-00;NOTIFICATION;0;da1a1500-d532-4285-be94-b07a3e11a098;da1a1502-d532-4285-be94-b07a3e11a098;18;;
233838;1787410491068;1505;BikePerformance / Fahrleistung;18;626;–;;NOTIFICATION_QUARANTINED;0;da1a1500-d532-4285-be94-b07a3e11a098;da1a1505-d532-4285-be94-b07a3e11a098;18;c731f922c864db5014403d5303b06371032ae39c2dc3f73725b4e84b64c756e5;identity_or_free_form
234049;1787410491279;1506;Trip / Kilometer & Betriebszähler;16;79;7;00-00-1C-2F-00-02-32-FC-00-00-02-D1-00-00-00-00;NOTIFICATION;0;da1a1500-d532-4285-be94-b07a3e11a098;da1a1506-d532-4285-be94-b07a3e11a098;18;;
234459;1787410491689;1508;Settings / Licht & Fahrstufe;17;79;–;00-00-00-02-FF-FF-FF-FF-FF-FF-FF-00-00-00-00-00-00;NOTIFICATION;0;da1a1500-d532-4285-be94-b07a3e11a098;da1a1508-d532-4285-be94-b07a3e11a098;18;;
234669;1787410491899;1509;BatteryChange / Akku-Livestand;11;79;6,10;1F-40-FF-FF-25-AE-38-00-00-01-67;NOTIFICATION;0;da1a1500-d532-4285-be94-b07a3e11a098;da1a1509-d532-4285-be94-b07a3e11a098;18;;
234875;1787410492105;150A;MotorUpdate / Motor-Livestand;10;79;–;1F-40-FF-FF-FF-FF-FF-FF-FF-FF;NOTIFICATION;0;da1a1500-d532-4285-be94-b07a3e11a098;da1a150a-d532-4285-be94-b07a3e11a098;18;;
235086;1787410492316;150B;Motor-/Controllerblock;20;79;–;FF-FF-FF-FF-FF-FF-FF-FF-FF-FF-FF-FF-FF-FF-FF-FF-FF-FF-FF-FF;NOTIFICATION;0;da1a1500-d532-4285-be94-b07a3e11a098;da1a150b-d532-4285-be94-b07a3e11a098;18;;
235296;1787410492526;150D;Fahrstatistik Max/Ø;20;79;–;01-1B-00-C2-FF-FF-FF-FF-47-18-FF-FF-FF-FF-FF-FF-FF-FF-00-00;NOTIFICATION;0;da1a1500-d532-4285-be94-b07a3e11a098;da1a150d-d532-4285-be94-b07a3e11a098;18;;
236335;1787410493565;1502;Akkuinformationen;16;80;–;47-18-FF-FF-FF-FF-47-18-FF-FF-FF-FF-FF-FF-00-00;NOTIFICATION;0;da1a1500-d532-4285-be94-b07a3e11a098;da1a1502-d532-4285-be94-b07a3e11a098;18;;
236759;1787410493989;1505;BikePerformance / Fahrleistung;18;79;0,1,2,3;0F-B4-0F-B4-FF-FF-00-DA-FF-FF-FF-FF-FF-00-00-00-00-00;NOTIFICATION;0;da1a1500-d532-4285-be94-b07a3e11a098;da1a1505-d532-4285-be94-b07a3e11a098;18;;
236967;1787410494197;1506;Trip / Kilometer & Betriebszähler;16;80;7;00-00-1C-2F-00-02-32-FF-00-00-02-D1-00-00-00-00;NOTIFICATION;0;da1a1500-d532-4285-be94-b07a3e11a098;da1a1506-d532-4285-be94-b07a3e11a098;18;;
237379;1787410494609;1508;Settings / Licht & Fahrstufe;17;80;–;00-00-00-02-FF-FF-FF-FF-FF-FF-FF-00-00-00-00-00-00;NOTIFICATION;0;da1a1500-d532-4285-be94-b07a3e11a098;da1a1508-d532-4285-be94-b07a3e11a098;18;;
237588;1787410494818;1509;BatteryChange / Akku-Livestand;11;80;5,6;1F-40-FF-FF-25-AF-00-00-00-01-67;NOTIFICATION;0;da1a1500-d532-4285-be94-b07a3e11a098;da1a1509-d532-4285-be94-b07a3e11a098;18;;
237800;1787410495030;150A;MotorUpdate / Motor-Livestand;10;80;0,1;23-28-FF-FF-FF-FF-FF-FF-FF-FF;NOTIFICATION;0;da1a1500-d532-4285-be94-b07a3e11a098;da1a150a-d532-4285-be94-b07a3e11a098;18;;
238009;1787410495239;150B;Motor-/Controllerblock;20;80;–;FF-FF-FF-FF-FF-FF-FF-FF-FF-FF-FF-FF-FF-FF-FF-FF-FF-FF-FF-FF;NOTIFICATION;0;da1a1500-d532-4285-be94-b07a3e11a098;da1a150b-d532-4285-be94-b07a3e11a098;18;;
238219;1787410495449;150D;Fahrstatistik Max/Ø;20;80;–;01-1B-00-C2-FF-FF-FF-FF-47-18-FF-FF-FF-FF-FF-FF-FF-FF-00-00;NOTIFICATION;0;da1a1500-d532-4285-be94-b07a3e11a098;da1a150d-d532-4285-be94-b07a3e11a098;18;;
239259;1787410496489;1502;Akkuinformationen;16;81;–;47-18-FF-FF-FF-FF-47-18-FF-FF-FF-FF-FF-FF-00-00;NOTIFICATION;0;da1a1500-d532-4285-be94-b07a3e11a098;da1a1502-d532-4285-be94-b07a3e11a098;18;;
239675;1787410496905;1505;BikePerformance / Fahrleistung;18;80;1,3;0F-BE-0F-BE-FF-FF-00-DA-FF-FF-FF-FF-FF-00-00-00-00-00;NOTIFICATION;0;da1a1500-d532-4285-be94-b07a3e11a098;da1a1505-d532-4285-be94-b07a3e11a098;18;;
239885;1787410497115;1506;Trip / Kilometer & Betriebszähler;16;81;3,6,7;00-00-1C-30-00-02-33-02-00-00-02-D1-00-00-00-00;NOTIFICATION;0;da1a1500-d532-4285-be94-b07a3e11a098;da1a1506-d532-4285-be94-b07a3e11a098;18;;
240305;1787410497535;1508;Settings / Licht & Fahrstufe;17;81;–;00-00-00-02-FF-FF-FF-FF-FF-FF-FF-00-00-00-00-00-00;NOTIFICATION;0;da1a1500-d532-4285-be94-b07a3e11a098;da1a1508-d532-4285-be94-b07a3e11a098;18;;
240505;1787410497735;1509;BatteryChange / Akku-Livestand;11;81;0,1,10;23-28-FF-FF-25-AF-00-00-00-01-93;NOTIFICATION;0;da1a1500-d532-4285-be94-b07a3e11a098;da1a1509-d532-4285-be94-b07a3e11a098;18;;
240715;1787410497945;150A;MotorUpdate / Motor-Livestand;10;81;0,1;27-10-FF-FF-FF-FF-FF-FF-FF-FF;NOTIFICATION;0;da1a1500-d532-4285-be94-b07a3e11a098;da1a150a-d532-4285-be94-b07a3e11a098;18;;
240927;1787410498157;150B;Motor-/Controllerblock;20;81;–;FF-FF-FF-FF-FF-FF-FF-FF-FF-FF-FF-FF-FF-FF-FF-FF-FF-FF-FF-FF;NOTIFICATION;0;da1a1500-d532-4285-be94-b07a3e11a098;da1a150b-d532-4285-be94-b07a3e11a098;18;;
241135;1787410498365;150D;Fahrstatistik Max/Ø;20;81;–;01-1B-00-C2-FF-FF-FF-FF-47-18-FF-FF-FF-FF-FF-FF-FF-FF-00-00;NOTIFICATION;0;da1a1500-d532-4285-be94-b07a3e11a098;da1a150d-d532-4285-be94-b07a3e11a098;18;;
242176;1787410499406;1502;Akkuinformationen;16;82;–;47-18-FF-FF-FF-FF-47-18-FF-FF-FF-FF-FF-FF-00-00;NOTIFICATION;0;da1a1500-d532-4285-be94-b07a3e11a098;da1a1502-d532-4285-be94-b07a3e11a098;18;;
242595;1787410499825;1505;BikePerformance / Fahrleistung;18;81;1,3;0F-B4-0F-B4-FF-FF-00-DA-FF-FF-FF-FF-FF-00-00-00-00-00;NOTIFICATION;0;da1a1500-d532-4285-be94-b07a3e11a098;da1a1505-d532-4285-be94-b07a3e11a098;18;;
242806;1787410500036;1506;Trip / Kilometer & Betriebszähler;16;82;7;00-00-1C-30-00-02-33-05-00-00-02-D1-00-00-00-00;NOTIFICATION;0;da1a1500-d532-4285-be94-b07a3e11a098;da1a1506-d532-4285-be94-b07a3e11a098;18;;
243228;1787410500458;1508;Settings / Licht & Fahrstufe;17;82;–;00-00-00-02-FF-FF-FF-FF-FF-FF-FF-00-00-00-00-00-00;NOTIFICATION;0;da1a1500-d532-4285-be94-b07a3e11a098;da1a1508-d532-4285-be94-b07a3e11a098;18;;
243428;1787410500658;1509;BatteryChange / Akku-Livestand;11;82;0,1,5,6,10;27-10-FF-FF-25-AE-38-00-00-01-BE;NOTIFICATION;0;da1a1500-d532-4285-be94-b07a3e11a098;da1a1509-d532-4285-be94-b07a3e11a098;18;;
243641;1787410500871;150A;MotorUpdate / Motor-Livestand;10;82;0,1;23-28-FF-FF-FF-FF-FF-FF-FF-FF;NOTIFICATION;0;da1a1500-d532-4285-be94-b07a3e11a098;da1a150a-d532-4285-be94-b07a3e11a098;18;;
243849;1787410501079;150B;Motor-/Controllerblock;20;82;–;FF-FF-FF-FF-FF-FF-FF-FF-FF-FF-FF-FF-FF-FF-FF-FF-FF-FF-FF-FF;NOTIFICATION;0;da1a1500-d532-4285-be94-b07a3e11a098;da1a150b-d532-4285-be94-b07a3e11a098;18;;
244055;1787410501285;150D;Fahrstatistik Max/Ø;20;82;–;01-1B-00-C2-FF-FF-FF-FF-47-18-FF-FF-FF-FF-FF-FF-FF-FF-00-00;NOTIFICATION;0;da1a1500-d532-4285-be94-b07a3e11a098;da1a150d-d532-4285-be94-b07a3e11a098;18;;
245099;1787410502329;1502;Akkuinformationen;16;83;–;47-18-FF-FF-FF-FF-47-18-FF-FF-FF-FF-FF-FF-00-00;NOTIFICATION;0;da1a1500-d532-4285-be94-b07a3e11a098;da1a1502-d532-4285-be94-b07a3e11a098;18;;
245519;1787410502749;1505;BikePerformance / Fahrleistung;18;82;0,1,2,3;11-76-11-76-FF-FF-00-DA-FF-FF-FF-FF-FF-00-00-00-00-00;NOTIFICATION;0;da1a1500-d532-4285-be94-b07a3e11a098;da1a1505-d532-4285-be94-b07a3e11a098;18;;
245727;1787410502957;1506;Trip / Kilometer & Betriebszähler;16;83;7;00-00-1C-30-00-02-33-08-00-00-02-D1-00-00-00-00;NOTIFICATION;0;da1a1500-d532-4285-be94-b07a3e11a098;da1a1506-d532-4285-be94-b07a3e11a098;18;;
246149;1787410503379;1508;Settings / Licht & Fahrstufe;17;83;–;00-00-00-02-FF-FF-FF-FF-FF-FF-FF-00-00-00-00-00-00;NOTIFICATION;0;da1a1500-d532-4285-be94-b07a3e11a098;da1a1508-d532-4285-be94-b07a3e11a098;18;;
246356;1787410503586;1509;BatteryChange / Akku-Livestand;11;83;10;27-10-FF-FF-25-AE-38-00-00-01-92;NOTIFICATION;0;da1a1500-d532-4285-be94-b07a3e11a098;da1a1509-d532-4285-be94-b07a3e11a098;18;;
246554;1787410503784;150A;MotorUpdate / Motor-Livestand;10;83;0,1;27-10-FF-FF-FF-FF-FF-FF-FF-FF;NOTIFICATION;0;da1a1500-d532-4285-be94-b07a3e11a098;da1a150a-d532-4285-be94-b07a3e11a098;18;;
246769;1787410503999;150B;Motor-/Controllerblock;20;83;–;FF-FF-FF-FF-FF-FF-FF-FF-FF-FF-FF-FF-FF-FF-FF-FF-FF-FF-FF-FF;NOTIFICATION;0;da1a1500-d532-4285-be94-b07a3e11a098;da1a150b-d532-4285-be94-b07a3e11a098;18;;
246979;1787410504209;150D;Fahrstatistik Max/Ø;20;83;–;01-1B-00-C2-FF-FF-FF-FF-47-18-FF-FF-FF-FF-FF-FF-FF-FF-00-00;NOTIFICATION;0;da1a1500-d532-4285-be94-b07a3e11a098;da1a150d-d532-4285-be94-b07a3e11a098;18;;
248021;1787410505251;1502;Akkuinformationen;16;84;–;47-18-FF-FF-FF-FF-47-18-FF-FF-FF-FF-FF-FF-00-00;NOTIFICATION;0;da1a1500-d532-4285-be94-b07a3e11a098;da1a1502-d532-4285-be94-b07a3e11a098;18;;
248437;1787410505667;1505;BikePerformance / Fahrleistung;18;83;1,3;11-6C-11-6C-FF-FF-00-DA-FF-FF-FF-FF-FF-00-00-00-00-00;NOTIFICATION;0;da1a1500-d532-4285-be94-b07a3e11a098;da1a1505-d532-4285-be94-b07a3e11a098;18;;
248649;1787410505879;1506;Trip / Kilometer & Betriebszähler;16;84;7;00-00-1C-30-00-02-33-0B-00-00-02-D1-00-00-00-00;NOTIFICATION;0;da1a1500-d532-4285-be94-b07a3e11a098;da1a1506-d532-4285-be94-b07a3e11a098;18;;
249070;1787410506300;1508;Settings / Licht & Fahrstufe;17;84;–;00-00-00-02-FF-FF-FF-FF-FF-FF-FF-00-00-00-00-00-00;NOTIFICATION;0;da1a1500-d532-4285-be94-b07a3e11a098;da1a1508-d532-4285-be94-b07a3e11a098;18;;
249280;1787410506510;1509;BatteryChange / Akku-Livestand;11;84;10;27-10-FF-FF-25-AE-38-00-00-01-BE;NOTIFICATION;0;da1a1500-d532-4285-be94-b07a3e11a098;da1a1509-d532-4285-be94-b07a3e11a098;18;;
249477;1787410506707;150A;MotorUpdate / Motor-Livestand;10;84;0,1;23-28-FF-FF-FF-FF-FF-FF-FF-FF;NOTIFICATION;0;da1a1500-d532-4285-be94-b07a3e11a098;da1a150a-d532-4285-be94-b07a3e11a098;18;;
249685;1787410506915;150B;Motor-/Controllerblock;20;84;–;FF-FF-FF-FF-FF-FF-FF-FF-FF-FF-FF-FF-FF-FF-FF-FF-FF-FF-FF-FF;NOTIFICATION;0;da1a1500-d532-4285-be94-b07a3e11a098;da1a150b-d532-4285-be94-b07a3e11a098;18;;
249900;1787410507130;150D;Fahrstatistik Max/Ø;20;84;–;01-1B-00-C2-FF-FF-FF-FF-47-18-FF-FF-FF-FF-FF-FF-FF-FF-00-00;NOTIFICATION;0;da1a1500-d532-4285-be94-b07a3e11a098;da1a150d-d532-4285-be94-b07a3e11a098;18;;
250947;1787410508177;1502;Akkuinformationen;16;85;–;47-18-FF-FF-FF-FF-47-18-FF-FF-FF-FF-FF-FF-00-00;NOTIFICATION;0;da1a1500-d532-4285-be94-b07a3e11a098;da1a1502-d532-4285-be94-b07a3e11a098;18;;
251361;1787410508591;1505;BikePerformance / Fahrleistung;18;84;1,3;11-62-11-62-FF-FF-00-DA-FF-FF-FF-FF-FF-00-00-00-00-00;NOTIFICATION;0;da1a1500-d532-4285-be94-b07a3e11a098;da1a1505-d532-4285-be94-b07a3e11a098;18;;
251570;1787410508800;1506;Trip / Kilometer & Betriebszähler;16;85;7;00-00-1C-30-00-02-33-0E-00-00-02-D1-00-00-00-00;NOTIFICATION;0;da1a1500-d532-4285-be94-b07a3e11a098;da1a1506-d532-4285-be94-b07a3e11a098;18;;
251989;1787410509219;1508;Settings / Licht & Fahrstufe;17;85;–;00-00-00-02-FF-FF-FF-FF-FF-FF-FF-00-00-00-00-00-00;NOTIFICATION;0;da1a1500-d532-4285-be94-b07a3e11a098;da1a1508-d532-4285-be94-b07a3e11a098;18;;
252200;1787410509430;1509;BatteryChange / Akku-Livestand;11;85;5,6,10;27-10-FF-FF-25-AD-D4-00-00-01-BD;NOTIFICATION;0;da1a1500-d532-4285-be94-b07a3e11a098;da1a1509-d532-4285-be94-b07a3e11a098;18;;
252413;1787410509643;150A;MotorUpdate / Motor-Livestand;10;85;0,1;27-10-FF-FF-FF-FF-FF-FF-FF-FF;NOTIFICATION;0;da1a1500-d532-4285-be94-b07a3e11a098;da1a150a-d532-4285-be94-b07a3e11a098;18;;
252619;1787410509849;150B;Motor-/Controllerblock;20;85;–;FF-FF-FF-FF-FF-FF-FF-FF-FF-FF-FF-FF-FF-FF-FF-FF-FF-FF-FF-FF;NOTIFICATION;0;da1a1500-d532-4285-be94-b07a3e11a098;da1a150b-d532-4285-be94-b07a3e11a098;18;;
252821;1787410510051;150D;Fahrstatistik Max/Ø;20;85;–;01-1B-00-C2-FF-FF-FF-FF-47-18-FF-FF-FF-FF-FF-FF-FF-FF-00-00;NOTIFICATION;0;da1a1500-d532-4285-be94-b07a3e11a098;da1a150d-d532-4285-be94-b07a3e11a098;18;;
253870;1787410511100;1502;Akkuinformationen;16;86;–;47-18-FF-FF-FF-FF-47-18-FF-FF-FF-FF-FF-FF-00-00;NOTIFICATION;0;da1a1500-d532-4285-be94-b07a3e11a098;da1a1502-d532-4285-be94-b07a3e11a098;18;;
254279;1787410511509;1505;BikePerformance / Fahrleistung;18;85;0,1,2,3;0F-AA-0F-AA-FF-FF-00-DA-FF-FF-FF-FF-FF-00-00-00-00-00;NOTIFICATION;0;da1a1500-d532-4285-be94-b07a3e11a098;da1a1505-d532-4285-be94-b07a3e11a098;18;;
254488;1787410511718;1506;Trip / Kilometer & Betriebszähler;16;86;7;00-00-1C-30-00-02-33-11-00-00-02-D1-00-00-00-00;NOTIFICATION;0;da1a1500-d532-4285-be94-b07a3e11a098;da1a1506-d532-4285-be94-b07a3e11a098;18;;
254913;1787410512143;1508;Settings / Licht & Fahrstufe;17;86;–;00-00-00-02-FF-FF-FF-FF-FF-FF-FF-00-00-00-00-00-00;NOTIFICATION;0;da1a1500-d532-4285-be94-b07a3e11a098;da1a1508-d532-4285-be94-b07a3e11a098;18;;
255118;1787410512348;1509;BatteryChange / Akku-Livestand;11;86;0,1,5,6,10;23-28-FF-FF-25-AE-9C-00-00-01-92;NOTIFICATION;0;da1a1500-d532-4285-be94-b07a3e11a098;da1a1509-d532-4285-be94-b07a3e11a098;18;;
255327;1787410512557;150A;MotorUpdate / Motor-Livestand;10;86;0,1;23-28-FF-FF-FF-FF-FF-FF-FF-FF;NOTIFICATION;0;da1a1500-d532-4285-be94-b07a3e11a098;da1a150a-d532-4285-be94-b07a3e11a098;18;;
255538;1787410512768;150B;Motor-/Controllerblock;20;86;–;FF-FF-FF-FF-FF-FF-FF-FF-FF-FF-FF-FF-FF-FF-FF-FF-FF-FF-FF-FF;NOTIFICATION;0;da1a1500-d532-4285-be94-b07a3e11a098;da1a150b-d532-4285-be94-b07a3e11a098;18;;
255737;1787410512967;150D;Fahrstatistik Max/Ø;20;86;–;01-1B-00-C2-FF-FF-FF-FF-47-18-FF-FF-FF-FF-FF-FF-FF-FF-00-00;NOTIFICATION;0;da1a1500-d532-4285-be94-b07a3e11a098;da1a150d-d532-4285-be94-b07a3e11a098;18;;
256789;1787410514019;1502;Akkuinformationen;16;87;–;47-18-FF-FF-FF-FF-47-18-FF-FF-FF-FF-FF-FF-00-00;NOTIFICATION;0;da1a1500-d532-4285-be94-b07a3e11a098;da1a1502-d532-4285-be94-b07a3e11a098;18;;
257200;1787410514430;1505;BikePerformance / Fahrleistung;18;86;–;0F-AA-0F-AA-FF-FF-00-DA-FF-FF-FF-FF-FF-00-00-00-00-00;NOTIFICATION;0;da1a1500-d532-4285-be94-b07a3e11a098;da1a1505-d532-4285-be94-b07a3e11a098;18;;
257419;1787410514649;1506;Trip / Kilometer & Betriebszähler;16;87;3,7;00-00-1C-31-00-02-33-14-00-00-02-D1-00-00-00-00;NOTIFICATION;0;da1a1500-d532-4285-be94-b07a3e11a098;da1a1506-d532-4285-be94-b07a3e11a098;18;;
257830;1787410515060;1508;Settings / Licht & Fahrstufe;17;87;–;00-00-00-02-FF-FF-FF-FF-FF-FF-FF-00-00-00-00-00-00;NOTIFICATION;0;da1a1500-d532-4285-be94-b07a3e11a098;da1a1508-d532-4285-be94-b07a3e11a098;18;;
258040;1787410515270;1509;BatteryChange / Akku-Livestand;11;87;6,10;23-28-FF-FF-25-AE-38-00-00-01-BD;NOTIFICATION;0;da1a1500-d532-4285-be94-b07a3e11a098;da1a1509-d532-4285-be94-b07a3e11a098;18;;
258250;1787410515480;150A;MotorUpdate / Motor-Livestand;10;87;0,1;27-10-FF-FF-FF-FF-FF-FF-FF-FF;NOTIFICATION;0;da1a1500-d532-4285-be94-b07a3e11a098;da1a150a-d532-4285-be94-b07a3e11a098;18;;
258459;1787410515689;150B;Motor-/Controllerblock;20;87;–;FF-FF-FF-FF-FF-FF-FF-FF-FF-FF-FF-FF-FF-FF-FF-FF-FF-FF-FF-FF;NOTIFICATION;0;da1a1500-d532-4285-be94-b07a3e11a098;da1a150b-d532-4285-be94-b07a3e11a098;18;;
258670;1787410515900;150D;Fahrstatistik Max/Ø;20;87;–;01-1B-00-C2-FF-FF-FF-FF-47-18-FF-FF-FF-FF-FF-FF-FF-FF-00-00;NOTIFICATION;0;da1a1500-d532-4285-be94-b07a3e11a098;da1a150d-d532-4285-be94-b07a3e11a098;18;;
259710;1787410516940;1502;Akkuinformationen;16;88;–;47-18-FF-FF-FF-FF-47-18-FF-FF-FF-FF-FF-FF-00-00;NOTIFICATION;0;da1a1500-d532-4285-be94-b07a3e11a098;da1a1502-d532-4285-be94-b07a3e11a098;18;;
260128;1787410517358;1505;BikePerformance / Fahrleistung;18;87;0,1,2,3;11-6C-11-6C-FF-FF-00-DA-FF-FF-FF-FF-FF-00-00-00-00-00;NOTIFICATION;0;da1a1500-d532-4285-be94-b07a3e11a098;da1a1505-d532-4285-be94-b07a3e11a098;18;;
260331;1787410517561;1506;Trip / Kilometer & Betriebszähler;16;88;7;00-00-1C-31-00-02-33-17-00-00-02-D1-00-00-00-00;NOTIFICATION;0;da1a1500-d532-4285-be94-b07a3e11a098;da1a1506-d532-4285-be94-b07a3e11a098;18;;
260746;1787410517976;1508;Settings / Licht & Fahrstufe;17;88;–;00-00-00-02-FF-FF-FF-FF-FF-FF-FF-00-00-00-00-00-00;NOTIFICATION;0;da1a1500-d532-4285-be94-b07a3e11a098;da1a1508-d532-4285-be94-b07a3e11a098;18;;
260959;1787410518189;1509;BatteryChange / Akku-Livestand;11;88;10;23-28-FF-FF-25-AE-38-00-00-01-91;NOTIFICATION;0;da1a1500-d532-4285-be94-b07a3e11a098;da1a1509-d532-4285-be94-b07a3e11a098;18;;
261168;1787410518398;150A;MotorUpdate / Motor-Livestand;10;88;0,1;23-28-FF-FF-FF-FF-FF-FF-FF-FF;NOTIFICATION;0;da1a1500-d532-4285-be94-b07a3e11a098;da1a150a-d532-4285-be94-b07a3e11a098;18;;
261379;1787410518609;150B;Motor-/Controllerblock;20;88;–;FF-FF-FF-FF-FF-FF-FF-FF-FF-FF-FF-FF-FF-FF-FF-FF-FF-FF-FF-FF;NOTIFICATION;0;da1a1500-d532-4285-be94-b07a3e11a098;da1a150b-d532-4285-be94-b07a3e11a098;18;;
261591;1787410518821;150D;Fahrstatistik Max/Ø;20;88;–;01-1B-00-C2-FF-FF-FF-FF-47-18-FF-FF-FF-FF-FF-FF-FF-FF-00-00;NOTIFICATION;0;da1a1500-d532-4285-be94-b07a3e11a098;da1a150d-d532-4285-be94-b07a3e11a098;18;;
262629;1787410519859;1502;Akkuinformationen;16;89;–;47-18-FF-FF-FF-FF-47-18-FF-FF-FF-FF-FF-FF-00-00;NOTIFICATION;0;da1a1500-d532-4285-be94-b07a3e11a098;da1a1502-d532-4285-be94-b07a3e11a098;18;;
263051;1787410520281;1505;BikePerformance / Fahrleistung;18;706;–;;NOTIFICATION_QUARANTINED;0;da1a1500-d532-4285-be94-b07a3e11a098;da1a1505-d532-4285-be94-b07a3e11a098;18;c731f922c864db5014403d5303b06371032ae39c2dc3f73725b4e84b64c756e5;identity_or_free_form
263257;1787410520487;1506;Trip / Kilometer & Betriebszähler;16;89;7;00-00-1C-31-00-02-33-1A-00-00-02-D1-00-00-00-00;NOTIFICATION;0;da1a1500-d532-4285-be94-b07a3e11a098;da1a1506-d532-4285-be94-b07a3e11a098;18;;
263669;1787410520899;1508;Settings / Licht & Fahrstufe;17;89;–;00-00-00-02-FF-FF-FF-FF-FF-FF-FF-00-00-00-00-00-00;NOTIFICATION;0;da1a1500-d532-4285-be94-b07a3e11a098;da1a1508-d532-4285-be94-b07a3e11a098;18;;
263880;1787410521110;1509;BatteryChange / Akku-Livestand;11;89;–;23-28-FF-FF-25-AE-38-00-00-01-91;NOTIFICATION;0;da1a1500-d532-4285-be94-b07a3e11a098;da1a1509-d532-4285-be94-b07a3e11a098;18;;
264090;1787410521320;150A;MotorUpdate / Motor-Livestand;10;89;0,1;1F-40-FF-FF-FF-FF-FF-FF-FF-FF;NOTIFICATION;0;da1a1500-d532-4285-be94-b07a3e11a098;da1a150a-d532-4285-be94-b07a3e11a098;18;;
264301;1787410521531;150B;Motor-/Controllerblock;20;89;–;FF-FF-FF-FF-FF-FF-FF-FF-FF-FF-FF-FF-FF-FF-FF-FF-FF-FF-FF-FF;NOTIFICATION;0;da1a1500-d532-4285-be94-b07a3e11a098;da1a150b-d532-4285-be94-b07a3e11a098;18;;
264511;1787410521741;150D;Fahrstatistik Max/Ø;20;89;–;01-1B-00-C2-FF-FF-FF-FF-47-18-FF-FF-FF-FF-FF-FF-FF-FF-00-00;NOTIFICATION;0;da1a1500-d532-4285-be94-b07a3e11a098;da1a150d-d532-4285-be94-b07a3e11a098;18;;
265548;1787410522778;1502;Akkuinformationen;16;90;–;47-18-FF-FF-FF-FF-47-18-FF-FF-FF-FF-FF-FF-00-00;NOTIFICATION;0;da1a1500-d532-4285-be94-b07a3e11a098;da1a1502-d532-4285-be94-b07a3e11a098;18;;
265971;1787410523201;1505;BikePerformance / Fahrleistung;18;88;0,1,2,3;0F-AA-0F-AA-FF-FF-00-DA-FF-FF-FF-FF-FF-00-00-00-00-00;NOTIFICATION;0;da1a1500-d532-4285-be94-b07a3e11a098;da1a1505-d532-4285-be94-b07a3e11a098;18;;
266181;1787410523411;1506;Trip / Kilometer & Betriebszähler;16;90;7;00-00-1C-31-00-02-33-1C-00-00-02-D1-00-00-00-00;NOTIFICATION;0;da1a1500-d532-4285-be94-b07a3e11a098;da1a1506-d532-4285-be94-b07a3e11a098;18;;
266585;1787410523815;1508;Settings / Licht & Fahrstufe;17;90;–;00-00-00-02-FF-FF-FF-FF-FF-FF-FF-00-00-00-00-00-00;NOTIFICATION;0;da1a1500-d532-4285-be94-b07a3e11a098;da1a1508-d532-4285-be94-b07a3e11a098;18;;
266800;1787410524030;1509;BatteryChange / Akku-Livestand;11;90;–;23-28-FF-FF-25-AE-38-00-00-01-91;NOTIFICATION;0;da1a1500-d532-4285-be94-b07a3e11a098;da1a1509-d532-4285-be94-b07a3e11a098;18;;
267009;1787410524239;150A;MotorUpdate / Motor-Livestand;10;90;0,1;23-28-FF-FF-FF-FF-FF-FF-FF-FF;NOTIFICATION;0;da1a1500-d532-4285-be94-b07a3e11a098;da1a150a-d532-4285-be94-b07a3e11a098;18;;
267220;1787410524450;150B;Motor-/Controllerblock;20;90;–;FF-FF-FF-FF-FF-FF-FF-FF-FF-FF-FF-FF-FF-FF-FF-FF-FF-FF-FF-FF;NOTIFICATION;0;da1a1500-d532-4285-be94-b07a3e11a098;da1a150b-d532-4285-be94-b07a3e11a098;18;;
267434;1787410524664;150D;Fahrstatistik Max/Ø;20;90;–;01-1B-00-C2-FF-FF-FF-FF-47-18-FF-FF-FF-FF-FF-FF-FF-FF-00-00;NOTIFICATION;0;da1a1500-d532-4285-be94-b07a3e11a098;da1a150d-d532-4285-be94-b07a3e11a098;18;;
268468;1787410525698;1502;Akkuinformationen;16;91;–;47-18-FF-FF-FF-FF-47-18-FF-FF-FF-FF-FF-FF-00-00;NOTIFICATION;0;da1a1500-d532-4285-be94-b07a3e11a098;da1a1502-d532-4285-be94-b07a3e11a098;18;;
268888;1787410526118;1505;BikePerformance / Fahrleistung;18;722;–;;NOTIFICATION_QUARANTINED;0;da1a1500-d532-4285-be94-b07a3e11a098;da1a1505-d532-4285-be94-b07a3e11a098;18;c731f922c864db5014403d5303b06371032ae39c2dc3f73725b4e84b64c756e5;identity_or_free_form
269099;1787410526329;1506;Trip / Kilometer & Betriebszähler;16;91;7;00-00-1C-31-00-02-33-1F-00-00-02-D1-00-00-00-00;NOTIFICATION;0;da1a1500-d532-4285-be94-b07a3e11a098;da1a1506-d532-4285-be94-b07a3e11a098;18;;
269507;1787410526737;1508;Settings / Licht & Fahrstufe;17;91;–;00-00-00-02-FF-FF-FF-FF-FF-FF-FF-00-00-00-00-00-00;NOTIFICATION;0;da1a1500-d532-4285-be94-b07a3e11a098;da1a1508-d532-4285-be94-b07a3e11a098;18;;
269717;1787410526947;1509;BatteryChange / Akku-Livestand;11;91;0,1,5,6,10;1F-40-FF-FF-25-AF-00-00-00-01-66;NOTIFICATION;0;da1a1500-d532-4285-be94-b07a3e11a098;da1a1509-d532-4285-be94-b07a3e11a098;18;;
269928;1787410527158;150A;MotorUpdate / Motor-Livestand;10;91;0,1;1B-58-FF-FF-FF-FF-FF-FF-FF-FF;NOTIFICATION;0;da1a1500-d532-4285-be94-b07a3e11a098;da1a150a-d532-4285-be94-b07a3e11a098;18;;
270139;1787410527369;150B;Motor-/Controllerblock;20;91;–;FF-FF-FF-FF-FF-FF-FF-FF-FF-FF-FF-FF-FF-FF-FF-FF-FF-FF-FF-FF;NOTIFICATION;0;da1a1500-d532-4285-be94-b07a3e11a098;da1a150b-d532-4285-be94-b07a3e11a098;18;;
270347;1787410527577;150D;Fahrstatistik Max/Ø;20;91;3;01-1B-00-C3-FF-FF-FF-FF-47-18-FF-FF-FF-FF-FF-FF-FF-FF-00-00;NOTIFICATION;0;da1a1500-d532-4285-be94-b07a3e11a098;da1a150d-d532-4285-be94-b07a3e11a098;18;;
271388;1787410528618;1502;Akkuinformationen;16;92;–;47-18-FF-FF-FF-FF-47-18-FF-FF-FF-FF-FF-FF-00-00;NOTIFICATION;0;da1a1500-d532-4285-be94-b07a3e11a098;da1a1502-d532-4285-be94-b07a3e11a098;18;;
271806;1787410529036;1505;BikePerformance / Fahrleistung;18;89;0,1,2,3;0C-3A-0C-3A-FF-FF-00-DA-FF-FF-FF-FF-FF-00-00-00-00-00;NOTIFICATION;0;da1a1500-d532-4285-be94-b07a3e11a098;da1a1505-d532-4285-be94-b07a3e11a098;18;;
272017;1787410529247;1506;Trip / Kilometer & Betriebszähler;16;92;3,7;00-00-1C-32-00-02-33-22-00-00-02-D1-00-00-00-00;NOTIFICATION;0;da1a1500-d532-4285-be94-b07a3e11a098;da1a1506-d532-4285-be94-b07a3e11a098;18;;
272440;1787410529670;1508;Settings / Licht & Fahrstufe;17;92;–;00-00-00-02-FF-FF-FF-FF-FF-FF-FF-00-00-00-00-00-00;NOTIFICATION;0;da1a1500-d532-4285-be94-b07a3e11a098;da1a1508-d532-4285-be94-b07a3e11a098;18;;
272638;1787410529868;1509;BatteryChange / Akku-Livestand;11;92;0,1,6,10;17-70-FF-FF-25-AF-C8-00-00-01-0E;NOTIFICATION;0;da1a1500-d532-4285-be94-b07a3e11a098;da1a1509-d532-4285-be94-b07a3e11a098;18;;
272848;1787410530078;150A;MotorUpdate / Motor-Livestand;10;92;–;1B-58-FF-FF-FF-FF-FF-FF-FF-FF;NOTIFICATION;0;da1a1500-d532-4285-be94-b07a3e11a098;da1a150a-d532-4285-be94-b07a3e11a098;18;;
273058;1787410530288;150B;Motor-/Controllerblock;20;92;–;FF-FF-FF-FF-FF-FF-FF-FF-FF-FF-FF-FF-FF-FF-FF-FF-FF-FF-FF-FF;NOTIFICATION;0;da1a1500-d532-4285-be94-b07a3e11a098;da1a150b-d532-4285-be94-b07a3e11a098;18;;
273270;1787410530500;150D;Fahrstatistik Max/Ø;20;92;–;01-1B-00-C3-FF-FF-FF-FF-47-18-FF-FF-FF-FF-FF-FF-FF-FF-00-00;NOTIFICATION;0;da1a1500-d532-4285-be94-b07a3e11a098;da1a150d-d532-4285-be94-b07a3e11a098;18;;
274308;1787410531538;1502;Akkuinformationen;16;93;–;47-18-FF-FF-FF-FF-47-18-FF-FF-FF-FF-FF-FF-00-00;NOTIFICATION;0;da1a1500-d532-4285-be94-b07a3e11a098;da1a1502-d532-4285-be94-b07a3e11a098;18;;
274729;1787410531959;1505;BikePerformance / Fahrleistung;18;90;0,1,2,3;0F-B4-0F-B4-FF-FF-00-DA-FF-FF-FF-FF-FF-00-00-00-00-00;NOTIFICATION;0;da1a1500-d532-4285-be94-b07a3e11a098;da1a1505-d532-4285-be94-b07a3e11a098;18;;
274939;1787410532169;1506;Trip / Kilometer & Betriebszähler;16;93;7;00-00-1C-32-00-02-33-25-00-00-02-D1-00-00-00-00;NOTIFICATION;0;da1a1500-d532-4285-be94-b07a3e11a098;da1a1506-d532-4285-be94-b07a3e11a098;18;;
275358;1787410532588;1508;Settings / Licht & Fahrstufe;17;93;–;00-00-00-02-FF-FF-FF-FF-FF-FF-FF-00-00-00-00-00-00;NOTIFICATION;0;da1a1500-d532-4285-be94-b07a3e11a098;da1a1508-d532-4285-be94-b07a3e11a098;18;;
275558;1787410532788;1509;BatteryChange / Akku-Livestand;11;93;0,1,5,6,10;23-28-FF-FF-25-AE-38-00-00-01-91;NOTIFICATION;0;da1a1500-d532-4285-be94-b07a3e11a098;da1a1509-d532-4285-be94-b07a3e11a098;18;;
275768;1787410532998;150A;MotorUpdate / Motor-Livestand;10;93;0,1;23-28-FF-FF-FF-FF-FF-FF-FF-FF;NOTIFICATION;0;da1a1500-d532-4285-be94-b07a3e11a098;da1a150a-d532-4285-be94-b07a3e11a098;18;;
275978;1787410533208;150B;Motor-/Controllerblock;20;93;–;FF-FF-FF-FF-FF-FF-FF-FF-FF-FF-FF-FF-FF-FF-FF-FF-FF-FF-FF-FF;NOTIFICATION;0;da1a1500-d532-4285-be94-b07a3e11a098;da1a150b-d532-4285-be94-b07a3e11a098;18;;
276187;1787410533417;150D;Fahrstatistik Max/Ø;20;93;–;01-1B-00-C3-FF-FF-FF-FF-47-18-FF-FF-FF-FF-FF-FF-FF-FF-00-00;NOTIFICATION;0;da1a1500-d532-4285-be94-b07a3e11a098;da1a150d-d532-4285-be94-b07a3e11a098;18;;
277227;1787410534457;1502;Akkuinformationen;16;94;–;47-18-FF-FF-FF-FF-47-18-FF-FF-FF-FF-FF-FF-00-00;NOTIFICATION;0;da1a1500-d532-4285-be94-b07a3e11a098;da1a1502-d532-4285-be94-b07a3e11a098;18;;
277649;1787410534879;1505;BikePerformance / Fahrleistung;18;746;–;;NOTIFICATION_QUARANTINED;0;da1a1500-d532-4285-be94-b07a3e11a098;da1a1505-d532-4285-be94-b07a3e11a098;18;c731f922c864db5014403d5303b06371032ae39c2dc3f73725b4e84b64c756e5;identity_or_free_form
277858;1787410535088;1506;Trip / Kilometer & Betriebszähler;16;94;7;00-00-1C-32-00-02-33-28-00-00-02-D1-00-00-00-00;NOTIFICATION;0;da1a1500-d532-4285-be94-b07a3e11a098;da1a1506-d532-4285-be94-b07a3e11a098;18;;
278279;1787410535509;1508;Settings / Licht & Fahrstufe;17;94;–;00-00-00-02-FF-FF-FF-FF-FF-FF-FF-00-00-00-00-00-00;NOTIFICATION;0;da1a1500-d532-4285-be94-b07a3e11a098;da1a1508-d532-4285-be94-b07a3e11a098;18;;
278487;1787410535717;1509;BatteryChange / Akku-Livestand;11;94;0,1,5,6,10;1F-40-FF-FF-25-AF-64-00-00-01-66;NOTIFICATION;0;da1a1500-d532-4285-be94-b07a3e11a098;da1a1509-d532-4285-be94-b07a3e11a098;18;;
278688;1787410535918;150A;MotorUpdate / Motor-Livestand;10;94;0,1;1F-40-FF-FF-FF-FF-FF-FF-FF-FF;NOTIFICATION;0;da1a1500-d532-4285-be94-b07a3e11a098;da1a150a-d532-4285-be94-b07a3e11a098;18;;
278899;1787410536129;150B;Motor-/Controllerblock;20;94;–;FF-FF-FF-FF-FF-FF-FF-FF-FF-FF-FF-FF-FF-FF-FF-FF-FF-FF-FF-FF;NOTIFICATION;0;da1a1500-d532-4285-be94-b07a3e11a098;da1a150b-d532-4285-be94-b07a3e11a098;18;;
279109;1787410536339;150D;Fahrstatistik Max/Ø;20;94;–;01-1B-00-C3-FF-FF-FF-FF-47-18-FF-FF-FF-FF-FF-FF-FF-FF-00-00;NOTIFICATION;0;da1a1500-d532-4285-be94-b07a3e11a098;da1a150d-d532-4285-be94-b07a3e11a098;18;;
280148;1787410537378;1502;Akkuinformationen;16;95;–;47-18-FF-FF-FF-FF-47-18-FF-FF-FF-FF-FF-FF-00-00;NOTIFICATION;0;da1a1500-d532-4285-be94-b07a3e11a098;da1a1502-d532-4285-be94-b07a3e11a098;18;;
280567;1787410537797;1505;BikePerformance / Fahrleistung;18;754;–;;NOTIFICATION_QUARANTINED;0;da1a1500-d532-4285-be94-b07a3e11a098;da1a1505-d532-4285-be94-b07a3e11a098;18;c731f922c864db5014403d5303b06371032ae39c2dc3f73725b4e84b64c756e5;identity_or_free_form
280777;1787410538007;1506;Trip / Kilometer & Betriebszähler;16;95;7;00-00-1C-32-00-02-33-2B-00-00-02-D1-00-00-00-00;NOTIFICATION;0;da1a1500-d532-4285-be94-b07a3e11a098;da1a1506-d532-4285-be94-b07a3e11a098;18;;
281199;1787410538429;1508;Settings / Licht & Fahrstufe;17;95;–;00-00-00-02-FF-FF-FF-FF-FF-FF-FF-00-00-00-00-00-00;NOTIFICATION;0;da1a1500-d532-4285-be94-b07a3e11a098;da1a1508-d532-4285-be94-b07a3e11a098;18;;
281406;1787410538636;1509;BatteryChange / Akku-Livestand;11;95;0,1,6,10;1B-58-FF-FF-25-AF-00-00-00-01-39;NOTIFICATION;0;da1a1500-d532-4285-be94-b07a3e11a098;da1a1509-d532-4285-be94-b07a3e11a098;18;;
281611;1787410538841;150A;MotorUpdate / Motor-Livestand;10;95;0,1;1B-58-FF-FF-FF-FF-FF-FF-FF-FF;NOTIFICATION;0;da1a1500-d532-4285-be94-b07a3e11a098;da1a150a-d532-4285-be94-b07a3e11a098;18;;
281820;1787410539050;150B;Motor-/Controllerblock;20;95;–;FF-FF-FF-FF-FF-FF-FF-FF-FF-FF-FF-FF-FF-FF-FF-FF-FF-FF-FF-FF;NOTIFICATION;0;da1a1500-d532-4285-be94-b07a3e11a098;da1a150b-d532-4285-be94-b07a3e11a098;18;;
282028;1787410539258;150D;Fahrstatistik Max/Ø;20;95;–;01-1B-00-C3-FF-FF-FF-FF-47-18-FF-FF-FF-FF-FF-FF-FF-FF-00-00;NOTIFICATION;0;da1a1500-d532-4285-be94-b07a3e11a098;da1a150d-d532-4285-be94-b07a3e11a098;18;;
283078;1787410540308;1502;Akkuinformationen;16;96;–;47-18-FF-FF-FF-FF-47-18-FF-FF-FF-FF-FF-FF-00-00;NOTIFICATION;0;da1a1500-d532-4285-be94-b07a3e11a098;da1a1502-d532-4285-be94-b07a3e11a098;18;;
283491;1787410540721;1505;BikePerformance / Fahrleistung;18;91;0,1,2,3;0C-3A-0C-3A-FF-FF-00-DA-FF-FF-FF-FF-FF-00-00-00-00-00;NOTIFICATION;0;da1a1500-d532-4285-be94-b07a3e11a098;da1a1505-d532-4285-be94-b07a3e11a098;18;;
283698;1787410540928;1506;Trip / Kilometer & Betriebszähler;16;96;7;00-00-1C-32-00-02-33-2E-00-00-02-D1-00-00-00-00;NOTIFICATION;0;da1a1500-d532-4285-be94-b07a3e11a098;da1a1506-d532-4285-be94-b07a3e11a098;18;;
284119;1787410541349;1508;Settings / Licht & Fahrstufe;17;96;–;00-00-00-02-FF-FF-FF-FF-FF-FF-FF-00-00-00-00-00-00;NOTIFICATION;0;da1a1500-d532-4285-be94-b07a3e11a098;da1a1508-d532-4285-be94-b07a3e11a098;18;;
284329;1787410541559;1509;BatteryChange / Akku-Livestand;11;96;6,10;1B-58-FF-FF-25-AF-64-00-00-01-3A;NOTIFICATION;0;da1a1500-d532-4285-be94-b07a3e11a098;da1a1509-d532-4285-be94-b07a3e11a098;18;;
284537;1787410541767;150A;MotorUpdate / Motor-Livestand;10;96;–;1B-58-FF-FF-FF-FF-FF-FF-FF-FF;NOTIFICATION;0;da1a1500-d532-4285-be94-b07a3e11a098;da1a150a-d532-4285-be94-b07a3e11a098;18;;
284748;1787410541978;150B;Motor-/Controllerblock;20;96;–;FF-FF-FF-FF-FF-FF-FF-FF-FF-FF-FF-FF-FF-FF-FF-FF-FF-FF-FF-FF;NOTIFICATION;0;da1a1500-d532-4285-be94-b07a3e11a098;da1a150b-d532-4285-be94-b07a3e11a098;18;;
284947;1787410542177;150D;Fahrstatistik Max/Ø;20;96;–;01-1B-00-C3-FF-FF-FF-FF-47-18-FF-FF-FF-FF-FF-FF-FF-FF-00-00;NOTIFICATION;0;da1a1500-d532-4285-be94-b07a3e11a098;da1a150d-d532-4285-be94-b07a3e11a098;18;;
285998;1787410543228;1502;Akkuinformationen;16;97;–;47-18-FF-FF-FF-FF-47-18-FF-FF-FF-FF-FF-FF-00-00;NOTIFICATION;0;da1a1500-d532-4285-be94-b07a3e11a098;da1a1502-d532-4285-be94-b07a3e11a098;18;;
286409;1787410543639;1505;BikePerformance / Fahrleistung;18;92;1,3;0C-44-0C-44-FF-FF-00-DA-FF-FF-FF-FF-FF-00-00-00-00-00;NOTIFICATION;0;da1a1500-d532-4285-be94-b07a3e11a098;da1a1505-d532-4285-be94-b07a3e11a098;18;;
286619;1787410543849;1506;Trip / Kilometer & Betriebszähler;16;97;7;00-00-1C-32-00-02-33-31-00-00-02-D1-00-00-00-00;NOTIFICATION;0;da1a1500-d532-4285-be94-b07a3e11a098;da1a1506-d532-4285-be94-b07a3e11a098;18;;
287041;1787410544271;1508;Settings / Licht & Fahrstufe;17;97;–;00-00-00-02-FF-FF-FF-FF-FF-FF-FF-00-00-00-00-00-00;NOTIFICATION;0;da1a1500-d532-4285-be94-b07a3e11a098;da1a1508-d532-4285-be94-b07a3e11a098;18;;
287248;1787410544478;1509;BatteryChange / Akku-Livestand;11;97;10;1B-58-FF-FF-25-AF-64-00-00-01-38;NOTIFICATION;0;da1a1500-d532-4285-be94-b07a3e11a098;da1a1509-d532-4285-be94-b07a3e11a098;18;;
287458;1787410544688;150A;MotorUpdate / Motor-Livestand;10;97;–;1B-58-FF-FF-FF-FF-FF-FF-FF-FF;NOTIFICATION;0;da1a1500-d532-4285-be94-b07a3e11a098;da1a150a-d532-4285-be94-b07a3e11a098;18;;
287668;1787410544898;150B;Motor-/Controllerblock;20;97;–;FF-FF-FF-FF-FF-FF-FF-FF-FF-FF-FF-FF-FF-FF-FF-FF-FF-FF-FF-FF;NOTIFICATION;0;da1a1500-d532-4285-be94-b07a3e11a098;da1a150b-d532-4285-be94-b07a3e11a098;18;;
287871;1787410545101;150D;Fahrstatistik Max/Ø;20;97;–;01-1B-00-C3-FF-FF-FF-FF-47-18-FF-FF-FF-FF-FF-FF-FF-FF-00-00;NOTIFICATION;0;da1a1500-d532-4285-be94-b07a3e11a098;da1a150d-d532-4285-be94-b07a3e11a098;18;;
288921;1787410546151;1502;Akkuinformationen;16;98;–;47-18-FF-FF-FF-FF-47-18-FF-FF-FF-FF-FF-FF-00-00;NOTIFICATION;0;da1a1500-d532-4285-be94-b07a3e11a098;da1a1502-d532-4285-be94-b07a3e11a098;18;;
289340;1787410546570;1505;BikePerformance / Fahrleistung;18;93;0,1,2,3;08-CA-08-CA-FF-FF-00-DA-FF-FF-FF-FF-FF-00-00-00-00-00;NOTIFICATION;0;da1a1500-d532-4285-be94-b07a3e11a098;da1a1505-d532-4285-be94-b07a3e11a098;18;;
289541;1787410546771;1506;Trip / Kilometer & Betriebszähler;16;98;3,7;00-00-1C-33-00-02-33-34-00-00-02-D1-00-00-00-00;NOTIFICATION;0;da1a1500-d532-4285-be94-b07a3e11a098;da1a1506-d532-4285-be94-b07a3e11a098;18;;
289959;1787410547189;1508;Settings / Licht & Fahrstufe;17;98;–;00-00-00-02-FF-FF-FF-FF-FF-FF-FF-00-00-00-00-00-00;NOTIFICATION;0;da1a1500-d532-4285-be94-b07a3e11a098;da1a1508-d532-4285-be94-b07a3e11a098;18;;
290179;1787410547409;1509;BatteryChange / Akku-Livestand;11;98;0,1,10;17-70-FF-FF-25-AF-64-00-00-01-00;NOTIFICATION;0;da1a1500-d532-4285-be94-b07a3e11a098;da1a1509-d532-4285-be94-b07a3e11a098;18;;
290377;1787410547607;150A;MotorUpdate / Motor-Livestand;10;98;0,1;17-70-FF-FF-FF-FF-FF-FF-FF-FF;NOTIFICATION;0;da1a1500-d532-4285-be94-b07a3e11a098;da1a150a-d532-4285-be94-b07a3e11a098;18;;
290589;1787410547819;150B;Motor-/Controllerblock;20;98;–;FF-FF-FF-FF-FF-FF-FF-FF-FF-FF-FF-FF-FF-FF-FF-FF-FF-FF-FF-FF;NOTIFICATION;0;da1a1500-d532-4285-be94-b07a3e11a098;da1a150b-d532-4285-be94-b07a3e11a098;18;;
290799;1787410548029;150D;Fahrstatistik Max/Ø;20;98;–;01-1B-00-C3-FF-FF-FF-FF-47-18-FF-FF-FF-FF-FF-FF-FF-FF-00-00;NOTIFICATION;0;da1a1500-d532-4285-be94-b07a3e11a098;da1a150d-d532-4285-be94-b07a3e11a098;18;;
291836;1787410549066;1502;Akkuinformationen;16;99;–;47-18-FF-FF-FF-FF-47-18-FF-FF-FF-FF-FF-FF-00-00;NOTIFICATION;0;da1a1500-d532-4285-be94-b07a3e11a098;da1a1502-d532-4285-be94-b07a3e11a098;18;;
292262;1787410549492;1505;BikePerformance / Fahrleistung;18;94;0,1,2,3;0A-82-0A-82-FF-FF-00-DA-FF-FF-FF-FF-FF-00-00-00-00-00;NOTIFICATION;0;da1a1500-d532-4285-be94-b07a3e11a098;da1a1505-d532-4285-be94-b07a3e11a098;18;;
292457;1787410549687;1506;Trip / Kilometer & Betriebszähler;16;99;7;00-00-1C-33-00-02-33-37-00-00-02-D1-00-00-00-00;NOTIFICATION;0;da1a1500-d532-4285-be94-b07a3e11a098;da1a1506-d532-4285-be94-b07a3e11a098;18;;
292878;1787410550108;1508;Settings / Licht & Fahrstufe;17;99;–;00-00-00-02-FF-FF-FF-FF-FF-FF-FF-00-00-00-00-00-00;NOTIFICATION;0;da1a1500-d532-4285-be94-b07a3e11a098;da1a1508-d532-4285-be94-b07a3e11a098;18;;
293091;1787410550321;1509;BatteryChange / Akku-Livestand;11;99;0,1,10;1B-58-FF-FF-25-AF-64-00-00-01-3A;NOTIFICATION;0;da1a1500-d532-4285-be94-b07a3e11a098;da1a1509-d532-4285-be94-b07a3e11a098;18;;
293299;1787410550529;150A;MotorUpdate / Motor-Livestand;10;99;0,1;1B-58-FF-FF-FF-FF-FF-FF-FF-FF;NOTIFICATION;0;da1a1500-d532-4285-be94-b07a3e11a098;da1a150a-d532-4285-be94-b07a3e11a098;18;;
293511;1787410550741;150B;Motor-/Controllerblock;20;99;–;FF-FF-FF-FF-FF-FF-FF-FF-FF-FF-FF-FF-FF-FF-FF-FF-FF-FF-FF-FF;NOTIFICATION;0;da1a1500-d532-4285-be94-b07a3e11a098;da1a150b-d532-4285-be94-b07a3e11a098;18;;
293719;1787410550949;150D;Fahrstatistik Max/Ø;20;99;–;01-1B-00-C3-FF-FF-FF-FF-47-18-FF-FF-FF-FF-FF-FF-FF-FF-00-00;NOTIFICATION;0;da1a1500-d532-4285-be94-b07a3e11a098;da1a150d-d532-4285-be94-b07a3e11a098;18;;
294759;1787410551989;1502;Akkuinformationen;16;100;–;47-18-FF-FF-FF-FF-47-18-FF-FF-FF-FF-FF-FF-00-00;NOTIFICATION;0;da1a1500-d532-4285-be94-b07a3e11a098;da1a1502-d532-4285-be94-b07a3e11a098;18;;
295180;1787410552410;1505;BikePerformance / Fahrleistung;18;95;0,1,2,3;0C-44-0C-44-FF-FF-00-DA-FF-FF-FF-FF-FF-00-00-00-00-00;NOTIFICATION;0;da1a1500-d532-4285-be94-b07a3e11a098;da1a1505-d532-4285-be94-b07a3e11a098;18;;
295390;1787410552620;1506;Trip / Kilometer & Betriebszähler;16;100;7;00-00-1C-33-00-02-33-3A-00-00-02-D1-00-00-00-00;NOTIFICATION;0;da1a1500-d532-4285-be94-b07a3e11a098;da1a1506-d532-4285-be94-b07a3e11a098;18;;
295801;1787410553031;1508;Settings / Licht & Fahrstufe;17;100;–;00-00-00-02-FF-FF-FF-FF-FF-FF-FF-00-00-00-00-00-00;NOTIFICATION;0;da1a1500-d532-4285-be94-b07a3e11a098;da1a1508-d532-4285-be94-b07a3e11a098;18;;
296010;1787410553240;1509;BatteryChange / Akku-Livestand;11;100;10;1B-58-FF-FF-25-AF-64-00-00-01-38;NOTIFICATION;0;da1a1500-d532-4285-be94-b07a3e11a098;da1a1509-d532-4285-be94-b07a3e11a098;18;;
296221;1787410553451;150A;MotorUpdate / Motor-Livestand;10;100;–;1B-58-FF-FF-FF-FF-FF-FF-FF-FF;NOTIFICATION;0;da1a1500-d532-4285-be94-b07a3e11a098;da1a150a-d532-4285-be94-b07a3e11a098;18;;
296430;1787410553660;150B;Motor-/Controllerblock;20;100;–;FF-FF-FF-FF-FF-FF-FF-FF-FF-FF-FF-FF-FF-FF-FF-FF-FF-FF-FF-FF;NOTIFICATION;0;da1a1500-d532-4285-be94-b07a3e11a098;da1a150b-d532-4285-be94-b07a3e11a098;18;;
296642;1787410553872;150D;Fahrstatistik Max/Ø;20;100;–;01-1B-00-C3-FF-FF-FF-FF-47-18-FF-FF-FF-FF-FF-FF-FF-FF-00-00;NOTIFICATION;0;da1a1500-d532-4285-be94-b07a3e11a098;da1a150d-d532-4285-be94-b07a3e11a098;18;;
297682;1787410554912;1502;Akkuinformationen;16;101;–;47-18-FF-FF-FF-FF-47-18-FF-FF-FF-FF-FF-FF-00-00;NOTIFICATION;0;da1a1500-d532-4285-be94-b07a3e11a098;da1a1502-d532-4285-be94-b07a3e11a098;18;;
298101;1787410555331;1505;BikePerformance / Fahrleistung;18;96;1,3;0C-3A-0C-3A-FF-FF-00-DA-FF-FF-FF-FF-FF-00-00-00-00-00;NOTIFICATION;0;da1a1500-d532-4285-be94-b07a3e11a098;da1a1505-d532-4285-be94-b07a3e11a098;18;;
298310;1787410555540;1506;Trip / Kilometer & Betriebszähler;16;101;7;00-00-1C-33-00-02-33-3D-00-00-02-D1-00-00-00-00;NOTIFICATION;0;da1a1500-d532-4285-be94-b07a3e11a098;da1a1506-d532-4285-be94-b07a3e11a098;18;;
298718;1787410555948;1508;Settings / Licht & Fahrstufe;17;101;–;00-00-00-02-FF-FF-FF-FF-FF-FF-FF-00-00-00-00-00-00;NOTIFICATION;0;da1a1500-d532-4285-be94-b07a3e11a098;da1a1508-d532-4285-be94-b07a3e11a098;18;;
298931;1787410556161;1509;BatteryChange / Akku-Livestand;11;101;0,1,5,6,10;17-70-FF-FF-25-B0-90-00-00-01-0E;NOTIFICATION;0;da1a1500-d532-4285-be94-b07a3e11a098;da1a1509-d532-4285-be94-b07a3e11a098;18;;
299151;1787410556381;150A;MotorUpdate / Motor-Livestand;10;101;0,1;13-88-FF-FF-FF-FF-FF-FF-FF-FF;NOTIFICATION;0;da1a1500-d532-4285-be94-b07a3e11a098;da1a150a-d532-4285-be94-b07a3e11a098;18;;
299348;1787410556578;150B;Motor-/Controllerblock;20;101;–;FF-FF-FF-FF-FF-FF-FF-FF-FF-FF-FF-FF-FF-FF-FF-FF-FF-FF-FF-FF;NOTIFICATION;0;da1a1500-d532-4285-be94-b07a3e11a098;da1a150b-d532-4285-be94-b07a3e11a098;18;;
299571;1787410556801;150D;Fahrstatistik Max/Ø;20;101;–;01-1B-00-C3-FF-FF-FF-FF-47-18-FF-FF-FF-FF-FF-FF-FF-FF-00-00;NOTIFICATION;0;da1a1500-d532-4285-be94-b07a3e11a098;da1a150d-d532-4285-be94-b07a3e11a098;18;;
300599;1787410557829;1502;Akkuinformationen;16;102;–;47-18-FF-FF-FF-FF-47-18-FF-FF-FF-FF-FF-FF-00-00;NOTIFICATION;0;da1a1500-d532-4285-be94-b07a3e11a098;da1a1502-d532-4285-be94-b07a3e11a098;18;;
301018;1787410558248;1505;BikePerformance / Fahrleistung;18;97;0,1,2,3;0A-8C-0A-8C-FF-FF-00-DA-FF-FF-FF-FF-FF-00-00-00-00-00;NOTIFICATION;0;da1a1500-d532-4285-be94-b07a3e11a098;da1a1505-d532-4285-be94-b07a3e11a098;18;;
301228;1787410558458;1506;Trip / Kilometer & Betriebszähler;16;102;7;00-00-1C-33-00-02-33-40-00-00-02-D1-00-00-00-00;NOTIFICATION;0;da1a1500-d532-4285-be94-b07a3e11a098;da1a1506-d532-4285-be94-b07a3e11a098;18;;
301649;1787410558879;1508;Settings / Licht & Fahrstufe;17;102;–;00-00-00-02-FF-FF-FF-FF-FF-FF-FF-00-00-00-00-00-00;NOTIFICATION;0;da1a1500-d532-4285-be94-b07a3e11a098;da1a1508-d532-4285-be94-b07a3e11a098;18;;
301849;1787410559079;1509;BatteryChange / Akku-Livestand;11;102;0,1,6,9,10;13-88-FF-FF-25-B0-2C-00-00-00-E1;NOTIFICATION;0;da1a1500-d532-4285-be94-b07a3e11a098;da1a1509-d532-4285-be94-b07a3e11a098;18;;
302059;1787410559289;150A;MotorUpdate / Motor-Livestand;10;102;–;13-88-FF-FF-FF-FF-FF-FF-FF-FF;NOTIFICATION;0;da1a1500-d532-4285-be94-b07a3e11a098;da1a150a-d532-4285-be94-b07a3e11a098;18;;
302270;1787410559500;150B;Motor-/Controllerblock;20;102;–;FF-FF-FF-FF-FF-FF-FF-FF-FF-FF-FF-FF-FF-FF-FF-FF-FF-FF-FF-FF;NOTIFICATION;0;da1a1500-d532-4285-be94-b07a3e11a098;da1a150b-d532-4285-be94-b07a3e11a098;18;;
302479;1787410559709;150D;Fahrstatistik Max/Ø;20;102;–;01-1B-00-C3-FF-FF-FF-FF-47-18-FF-FF-FF-FF-FF-FF-FF-FF-00-00;NOTIFICATION;0;da1a1500-d532-4285-be94-b07a3e11a098;da1a150d-d532-4285-be94-b07a3e11a098;18;;
303523;1787410560753;1502;Akkuinformationen;16;103;–;47-18-FF-FF-FF-FF-47-18-FF-FF-FF-FF-FF-FF-00-00;NOTIFICATION;0;da1a1500-d532-4285-be94-b07a3e11a098;da1a1502-d532-4285-be94-b07a3e11a098;18;;
303940;1787410561170;1505;BikePerformance / Fahrleistung;18;98;0,1,2,3;05-50-05-50-FF-FF-00-DA-FF-FF-FF-FF-FF-00-00-00-00-00;NOTIFICATION;0;da1a1500-d532-4285-be94-b07a3e11a098;da1a1505-d532-4285-be94-b07a3e11a098;18;;
304151;1787410561381;1506;Trip / Kilometer & Betriebszähler;16;103;3,7,11;00-00-1C-34-00-02-33-43-00-00-02-D2-00-00-00-00;NOTIFICATION;0;da1a1500-d532-4285-be94-b07a3e11a098;da1a1506-d532-4285-be94-b07a3e11a098;18;;
304571;1787410561801;1508;Settings / Licht & Fahrstufe;17;103;–;00-00-00-02-FF-FF-FF-FF-FF-FF-FF-00-00-00-00-00-00;NOTIFICATION;0;da1a1500-d532-4285-be94-b07a3e11a098;da1a1508-d532-4285-be94-b07a3e11a098;18;;
304781;1787410562011;1509;BatteryChange / Akku-Livestand;11;103;–;13-88-FF-FF-25-B0-2C-00-00-00-E1;NOTIFICATION;0;da1a1500-d532-4285-be94-b07a3e11a098;da1a1509-d532-4285-be94-b07a3e11a098;18;;
304978;1787410562208;150A;MotorUpdate / Motor-Livestand;10;103;–;13-88-FF-FF-FF-FF-FF-FF-FF-FF;NOTIFICATION;0;da1a1500-d532-4285-be94-b07a3e11a098;da1a150a-d532-4285-be94-b07a3e11a098;18;;
305192;1787410562422;150B;Motor-/Controllerblock;20;103;–;FF-FF-FF-FF-FF-FF-FF-FF-FF-FF-FF-FF-FF-FF-FF-FF-FF-FF-FF-FF;NOTIFICATION;0;da1a1500-d532-4285-be94-b07a3e11a098;da1a150b-d532-4285-be94-b07a3e11a098;18;;
305399;1787410562629;150D;Fahrstatistik Max/Ø;20;103;3;01-1B-00-C4-FF-FF-FF-FF-47-18-FF-FF-FF-FF-FF-FF-FF-FF-00-00;NOTIFICATION;0;da1a1500-d532-4285-be94-b07a3e11a098;da1a150d-d532-4285-be94-b07a3e11a098;18;;
306440;1787410563670;1502;Akkuinformationen;16;104;–;47-18-FF-FF-FF-FF-47-18-FF-FF-FF-FF-FF-FF-00-00;NOTIFICATION;0;da1a1500-d532-4285-be94-b07a3e11a098;da1a1502-d532-4285-be94-b07a3e11a098;18;;
306863;1787410564093;1505;BikePerformance / Fahrleistung;18;99;0,1,2,3;08-CA-08-CA-FF-FF-00-DA-FF-FF-FF-FF-FF-00-00-00-00-00;NOTIFICATION;0;da1a1500-d532-4285-be94-b07a3e11a098;da1a1505-d532-4285-be94-b07a3e11a098;18;;
307071;1787410564301;1506;Trip / Kilometer & Betriebszähler;16;104;7;00-00-1C-34-00-02-33-46-00-00-02-D2-00-00-00-00;NOTIFICATION;0;da1a1500-d532-4285-be94-b07a3e11a098;da1a1506-d532-4285-be94-b07a3e11a098;18;;
307491;1787410564721;1508;Settings / Licht & Fahrstufe;17;104;–;00-00-00-02-FF-FF-FF-FF-FF-FF-FF-00-00-00-00-00-00;NOTIFICATION;0;da1a1500-d532-4285-be94-b07a3e11a098;da1a1508-d532-4285-be94-b07a3e11a098;18;;
307700;1787410564930;1509;BatteryChange / Akku-Livestand;11;104;0,1,5,6,10;0B-B8-FF-FF-25-B1-58-00-00-00-B4;NOTIFICATION;0;da1a1500-d532-4285-be94-b07a3e11a098;da1a1509-d532-4285-be94-b07a3e11a098;18;;
307897;1787410565127;150A;MotorUpdate / Motor-Livestand;10;104;0,1;0B-B8-FF-FF-FF-FF-FF-FF-FF-FF;NOTIFICATION;0;da1a1500-d532-4285-be94-b07a3e11a098;da1a150a-d532-4285-be94-b07a3e11a098;18;;
308111;1787410565341;150B;Motor-/Controllerblock;20;104;–;FF-FF-FF-FF-FF-FF-FF-FF-FF-FF-FF-FF-FF-FF-FF-FF-FF-FF-FF-FF;NOTIFICATION;0;da1a1500-d532-4285-be94-b07a3e11a098;da1a150b-d532-4285-be94-b07a3e11a098;18;;
308320;1787410565550;150D;Fahrstatistik Max/Ø;20;104;–;01-1B-00-C4-FF-FF-FF-FF-47-18-FF-FF-FF-FF-FF-FF-FF-FF-00-00;NOTIFICATION;0;da1a1500-d532-4285-be94-b07a3e11a098;da1a150d-d532-4285-be94-b07a3e11a098;18;;
309363;1787410566593;1502;Akkuinformationen;16;105;–;47-18-FF-FF-FF-FF-47-18-FF-FF-FF-FF-FF-FF-00-00;NOTIFICATION;0;da1a1500-d532-4285-be94-b07a3e11a098;da1a1502-d532-4285-be94-b07a3e11a098;18;;
309781;1787410567011;1505;BikePerformance / Fahrleistung;18;100;1,3;08-DE-08-DE-FF-FF-00-DA-FF-FF-FF-FF-FF-00-00-00-00-00;NOTIFICATION;0;da1a1500-d532-4285-be94-b07a3e11a098;da1a1505-d532-4285-be94-b07a3e11a098;18;;
309990;1787410567220;1506;Trip / Kilometer & Betriebszähler;16;105;7;00-00-1C-34-00-02-33-49-00-00-02-D2-00-00-00-00;NOTIFICATION;0;da1a1500-d532-4285-be94-b07a3e11a098;da1a1506-d532-4285-be94-b07a3e11a098;18;;
310411;1787410567641;1508;Settings / Licht & Fahrstufe;17;105;–;00-00-00-02-FF-FF-FF-FF-FF-FF-FF-00-00-00-00-00-00;NOTIFICATION;0;da1a1500-d532-4285-be94-b07a3e11a098;da1a1508-d532-4285-be94-b07a3e11a098;18;;
310621;1787410567851;1509;BatteryChange / Akku-Livestand;11;105;0,1,5,6,10;13-88-FF-FF-25-B0-90-00-00-00-E2;NOTIFICATION;0;da1a1500-d532-4285-be94-b07a3e11a098;da1a1509-d532-4285-be94-b07a3e11a098;18;;
310820;1787410568050;150A;MotorUpdate / Motor-Livestand;10;105;0,1;13-88-FF-FF-FF-FF-FF-FF-FF-FF;NOTIFICATION;0;da1a1500-d532-4285-be94-b07a3e11a098;da1a150a-d532-4285-be94-b07a3e11a098;18;;
311040;1787410568270;150B;Motor-/Controllerblock;20;105;–;FF-FF-FF-FF-FF-FF-FF-FF-FF-FF-FF-FF-FF-FF-FF-FF-FF-FF-FF-FF;NOTIFICATION;0;da1a1500-d532-4285-be94-b07a3e11a098;da1a150b-d532-4285-be94-b07a3e11a098;18;;
311240;1787410568470;150D;Fahrstatistik Max/Ø;20;105;–;01-1B-00-C4-FF-FF-FF-FF-47-18-FF-FF-FF-FF-FF-FF-FF-FF-00-00;NOTIFICATION;0;da1a1500-d532-4285-be94-b07a3e11a098;da1a150d-d532-4285-be94-b07a3e11a098;18;;
312291;1787410569521;1502;Akkuinformationen;16;106;–;47-18-FF-FF-FF-FF-47-18-FF-FF-FF-FF-FF-FF-00-00;NOTIFICATION;0;da1a1500-d532-4285-be94-b07a3e11a098;da1a1502-d532-4285-be94-b07a3e11a098;18;;
312701;1787410569931;1505;BikePerformance / Fahrleistung;18;101;0,1,2,3;07-12-07-12-FF-FF-00-DA-FF-FF-FF-FF-FF-00-00-00-00-00;NOTIFICATION;0;da1a1500-d532-4285-be94-b07a3e11a098;da1a1505-d532-4285-be94-b07a3e11a098;18;;
312916;1787410570146;1506;Trip / Kilometer & Betriebszähler;16;106;7;00-00-1C-34-00-02-33-4C-00-00-02-D2-00-00-00-00;NOTIFICATION;0;da1a1500-d532-4285-be94-b07a3e11a098;da1a1506-d532-4285-be94-b07a3e11a098;18;;
313330;1787410570560;1508;Settings / Licht & Fahrstufe;17;106;–;00-00-00-02-FF-FF-FF-FF-FF-FF-FF-00-00-00-00-00-00;NOTIFICATION;0;da1a1500-d532-4285-be94-b07a3e11a098;da1a1508-d532-4285-be94-b07a3e11a098;18;;
313541;1787410570771;1509;BatteryChange / Akku-Livestand;11;106;0,1,6,10;0F-A0-FF-FF-25-B0-F4-00-00-00-B5;NOTIFICATION;0;da1a1500-d532-4285-be94-b07a3e11a098;da1a1509-d532-4285-be94-b07a3e11a098;18;;
313750;1787410570980;150A;MotorUpdate / Motor-Livestand;10;106;0,1;0F-A0-FF-FF-FF-FF-FF-FF-FF-FF;NOTIFICATION;0;da1a1500-d532-4285-be94-b07a3e11a098;da1a150a-d532-4285-be94-b07a3e11a098;18;;
313956;1787410571186;150B;Motor-/Controllerblock;20;106;–;FF-FF-FF-FF-FF-FF-FF-FF-FF-FF-FF-FF-FF-FF-FF-FF-FF-FF-FF-FF;NOTIFICATION;0;da1a1500-d532-4285-be94-b07a3e11a098;da1a150b-d532-4285-be94-b07a3e11a098;18;;
314160;1787410571390;150D;Fahrstatistik Max/Ø;20;106;–;01-1B-00-C4-FF-FF-FF-FF-47-18-FF-FF-FF-FF-FF-FF-FF-FF-00-00;NOTIFICATION;0;da1a1500-d532-4285-be94-b07a3e11a098;da1a150d-d532-4285-be94-b07a3e11a098;18;;
315211;1787410572441;1502;Akkuinformationen;16;107;–;47-18-FF-FF-FF-FF-47-18-FF-FF-FF-FF-FF-FF-00-00;NOTIFICATION;0;da1a1500-d532-4285-be94-b07a3e11a098;da1a1502-d532-4285-be94-b07a3e11a098;18;;
315618;1787410572848;1505;BikePerformance / Fahrleistung;18;102;0,1,2,3;08-CA-08-CA-FF-FF-00-DA-FF-FF-FF-FF-FF-00-00-00-00-00;NOTIFICATION;0;da1a1500-d532-4285-be94-b07a3e11a098;da1a1505-d532-4285-be94-b07a3e11a098;18;;
315832;1787410573062;1506;Trip / Kilometer & Betriebszähler;16;107;7;00-00-1C-34-00-02-33-4E-00-00-02-D2-00-00-00-00;NOTIFICATION;0;da1a1500-d532-4285-be94-b07a3e11a098;da1a1506-d532-4285-be94-b07a3e11a098;18;;
316251;1787410573481;1508;Settings / Licht & Fahrstufe;17;107;–;00-00-00-02-FF-FF-FF-FF-FF-FF-FF-00-00-00-00-00-00;NOTIFICATION;0;da1a1500-d532-4285-be94-b07a3e11a098;da1a1508-d532-4285-be94-b07a3e11a098;18;;
316462;1787410573692;1509;BatteryChange / Akku-Livestand;11;107;0,1;13-88-FF-FF-25-B0-F4-00-00-00-B5;NOTIFICATION;0;da1a1500-d532-4285-be94-b07a3e11a098;da1a1509-d532-4285-be94-b07a3e11a098;18;;
316671;1787410573901;150A;MotorUpdate / Motor-Livestand;10;107;0,1;13-88-FF-FF-FF-FF-FF-FF-FF-FF;NOTIFICATION;0;da1a1500-d532-4285-be94-b07a3e11a098;da1a150a-d532-4285-be94-b07a3e11a098;18;;
316881;1787410574111;150B;Motor-/Controllerblock;20;107;–;FF-FF-FF-FF-FF-FF-FF-FF-FF-FF-FF-FF-FF-FF-FF-FF-FF-FF-FF-FF;NOTIFICATION;0;da1a1500-d532-4285-be94-b07a3e11a098;da1a150b-d532-4285-be94-b07a3e11a098;18;;
317081;1787410574311;150D;Fahrstatistik Max/Ø;20;107;–;01-1B-00-C4-FF-FF-FF-FF-47-18-FF-FF-FF-FF-FF-FF-FF-FF-00-00;NOTIFICATION;0;da1a1500-d532-4285-be94-b07a3e11a098;da1a150d-d532-4285-be94-b07a3e11a098;18;;
318133;1787410575363;1502;Akkuinformationen;16;108;–;47-18-FF-FF-FF-FF-47-18-FF-FF-FF-FF-FF-FF-00-00;NOTIFICATION;0;da1a1500-d532-4285-be94-b07a3e11a098;da1a1502-d532-4285-be94-b07a3e11a098;18;;
318551;1787410575781;1505;BikePerformance / Fahrleistung;18;103;0,1,2,3;07-12-07-12-FF-FF-00-DA-FF-FF-FF-FF-FF-00-00-00-00-00;NOTIFICATION;0;da1a1500-d532-4285-be94-b07a3e11a098;da1a1505-d532-4285-be94-b07a3e11a098;18;;
318749;1787410575979;1506;Trip / Kilometer & Betriebszähler;16;108;7;00-00-1C-34-00-02-33-51-00-00-02-D2-00-00-00-00;NOTIFICATION;0;da1a1500-d532-4285-be94-b07a3e11a098;da1a1506-d532-4285-be94-b07a3e11a098;18;;
319171;1787410576401;1508;Settings / Licht & Fahrstufe;17;108;–;00-00-00-02-FF-FF-FF-FF-FF-FF-FF-00-00-00-00-00-00;NOTIFICATION;0;da1a1500-d532-4285-be94-b07a3e11a098;da1a1508-d532-4285-be94-b07a3e11a098;18;;
319381;1787410576611;1509;BatteryChange / Akku-Livestand;11;108;0,1,5,6;0F-A0-FF-FF-25-B1-58-00-00-00-B5;NOTIFICATION;0;da1a1500-d532-4285-be94-b07a3e11a098;da1a1509-d532-4285-be94-b07a3e11a098;18;;
319592;1787410576822;150A;MotorUpdate / Motor-Livestand;10;108;0,1;0F-A0-FF-FF-FF-FF-FF-FF-FF-FF;NOTIFICATION;0;da1a1500-d532-4285-be94-b07a3e11a098;da1a150a-d532-4285-be94-b07a3e11a098;18;;
319797;1787410577027;150B;Motor-/Controllerblock;20;108;–;FF-FF-FF-FF-FF-FF-FF-FF-FF-FF-FF-FF-FF-FF-FF-FF-FF-FF-FF-FF;NOTIFICATION;0;da1a1500-d532-4285-be94-b07a3e11a098;da1a150b-d532-4285-be94-b07a3e11a098;18;;
320006;1787410577236;150D;Fahrstatistik Max/Ø;20;108;–;01-1B-00-C4-FF-FF-FF-FF-47-18-FF-FF-FF-FF-FF-FF-FF-FF-00-00;NOTIFICATION;0;da1a1500-d532-4285-be94-b07a3e11a098;da1a150d-d532-4285-be94-b07a3e11a098;18;;
321051;1787410578281;1502;Akkuinformationen;16;109;–;47-18-FF-FF-FF-FF-47-18-FF-FF-FF-FF-FF-FF-00-00;NOTIFICATION;0;da1a1500-d532-4285-be94-b07a3e11a098;da1a1502-d532-4285-be94-b07a3e11a098;18;;
321471;1787410578701;1505;BikePerformance / Fahrleistung;18;104;–;07-12-07-12-FF-FF-00-DA-FF-FF-FF-FF-FF-00-00-00-00-00;NOTIFICATION;0;da1a1500-d532-4285-be94-b07a3e11a098;da1a1505-d532-4285-be94-b07a3e11a098;18;;
321671;1787410578901;1506;Trip / Kilometer & Betriebszähler;16;109;3,7;00-00-1C-35-00-02-33-54-00-00-02-D2-00-00-00-00;NOTIFICATION;0;da1a1500-d532-4285-be94-b07a3e11a098;da1a1506-d532-4285-be94-b07a3e11a098;18;;
322088;1787410579318;1508;Settings / Licht & Fahrstufe;17;109;–;00-00-00-02-FF-FF-FF-FF-FF-FF-FF-00-00-00-00-00-00;NOTIFICATION;0;da1a1500-d532-4285-be94-b07a3e11a098;da1a1508-d532-4285-be94-b07a3e11a098;18;;
322301;1787410579531;1509;BatteryChange / Akku-Livestand;11;109;5,6;0F-A0-FF-FF-25-B0-F4-00-00-00-B5;NOTIFICATION;0;da1a1500-d532-4285-be94-b07a3e11a098;da1a1509-d532-4285-be94-b07a3e11a098;18;;
322510;1787410579740;150A;MotorUpdate / Motor-Livestand;10;109;–;0F-A0-FF-FF-FF-FF-FF-FF-FF-FF;NOTIFICATION;0;da1a1500-d532-4285-be94-b07a3e11a098;da1a150a-d532-4285-be94-b07a3e11a098;18;;
322720;1787410579950;150B;Motor-/Controllerblock;20;109;–;FF-FF-FF-FF-FF-FF-FF-FF-FF-FF-FF-FF-FF-FF-FF-FF-FF-FF-FF-FF;NOTIFICATION;0;da1a1500-d532-4285-be94-b07a3e11a098;da1a150b-d532-4285-be94-b07a3e11a098;18;;
322931;1787410580161;150D;Fahrstatistik Max/Ø;20;109;–;01-1B-00-C4-FF-FF-FF-FF-47-18-FF-FF-FF-FF-FF-FF-FF-FF-00-00;NOTIFICATION;0;da1a1500-d532-4285-be94-b07a3e11a098;da1a150d-d532-4285-be94-b07a3e11a098;18;;
323967;1787410581197;1502;Akkuinformationen;16;110;–;47-18-FF-FF-FF-FF-47-18-FF-FF-FF-FF-FF-FF-00-00;NOTIFICATION;0;da1a1500-d532-4285-be94-b07a3e11a098;da1a1502-d532-4285-be94-b07a3e11a098;18;;
324389;1787410581619;1505;BikePerformance / Fahrleistung;18;105;0,1,2,3;05-50-05-50-FF-FF-00-DA-FF-FF-FF-FF-FF-00-00-00-00-00;NOTIFICATION;0;da1a1500-d532-4285-be94-b07a3e11a098;da1a1505-d532-4285-be94-b07a3e11a098;18;;
324611;1787410581841;1506;Trip / Kilometer & Betriebszähler;16;110;7;00-00-1C-35-00-02-33-57-00-00-02-D2-00-00-00-00;NOTIFICATION;0;da1a1500-d532-4285-be94-b07a3e11a098;da1a1506-d532-4285-be94-b07a3e11a098;18;;
325011;1787410582241;1508;Settings / Licht & Fahrstufe;17;110;–;00-00-00-02-FF-FF-FF-FF-FF-FF-FF-00-00-00-00-00-00;NOTIFICATION;0;da1a1500-d532-4285-be94-b07a3e11a098;da1a1508-d532-4285-be94-b07a3e11a098;18;;
325220;1787410582450;1509;BatteryChange / Akku-Livestand;11;110;0,1,5,6,10;0B-B8-FF-FF-25-B1-58-00-00-00-88;NOTIFICATION;0;da1a1500-d532-4285-be94-b07a3e11a098;da1a1509-d532-4285-be94-b07a3e11a098;18;;
325431;1787410582661;150A;MotorUpdate / Motor-Livestand;10;110;0,1;0B-B8-FF-FF-FF-FF-FF-FF-FF-FF;NOTIFICATION;0;da1a1500-d532-4285-be94-b07a3e11a098;da1a150a-d532-4285-be94-b07a3e11a098;18;;
325639;1787410582869;150B;Motor-/Controllerblock;20;110;–;FF-FF-FF-FF-FF-FF-FF-FF-FF-FF-FF-FF-FF-FF-FF-FF-FF-FF-FF-FF;NOTIFICATION;0;da1a1500-d532-4285-be94-b07a3e11a098;da1a150b-d532-4285-be94-b07a3e11a098;18;;
325849;1787410583079;150D;Fahrstatistik Max/Ø;20;110;–;01-1B-00-C4-FF-FF-FF-FF-47-18-FF-FF-FF-FF-FF-FF-FF-FF-00-00;NOTIFICATION;0;da1a1500-d532-4285-be94-b07a3e11a098;da1a150d-d532-4285-be94-b07a3e11a098;18;;
326893;1787410584123;1502;Akkuinformationen;16;111;–;47-18-FF-FF-FF-FF-47-18-FF-FF-FF-FF-FF-FF-00-00;NOTIFICATION;0;da1a1500-d532-4285-be94-b07a3e11a098;da1a1502-d532-4285-be94-b07a3e11a098;18;;
327313;1787410584543;1505;BikePerformance / Fahrleistung;18;106;0,1,2,3;07-12-07-12-FF-FF-00-DA-FF-FF-FF-FF-FF-00-00-00-00-00;NOTIFICATION;0;da1a1500-d532-4285-be94-b07a3e11a098;da1a1505-d532-4285-be94-b07a3e11a098;18;;
327522;1787410584752;1506;Trip / Kilometer & Betriebszähler;16;111;7;00-00-1C-35-00-02-33-5A-00-00-02-D2-00-00-00-00;NOTIFICATION;0;da1a1500-d532-4285-be94-b07a3e11a098;da1a1506-d532-4285-be94-b07a3e11a098;18;;
327931;1787410585161;1508;Settings / Licht & Fahrstufe;17;111;–;00-00-00-02-FF-FF-FF-FF-FF-FF-FF-00-00-00-00-00-00;NOTIFICATION;0;da1a1500-d532-4285-be94-b07a3e11a098;da1a1508-d532-4285-be94-b07a3e11a098;18;;
328141;1787410585371;1509;BatteryChange / Akku-Livestand;11;111;0,1,10;0F-A0-FF-FF-25-B1-58-00-00-00-B5;NOTIFICATION;0;da1a1500-d532-4285-be94-b07a3e11a098;da1a1509-d532-4285-be94-b07a3e11a098;18;;
328351;1787410585581;150A;MotorUpdate / Motor-Livestand;10;111;0,1;0F-A0-FF-FF-FF-FF-FF-FF-FF-FF;NOTIFICATION;0;da1a1500-d532-4285-be94-b07a3e11a098;da1a150a-d532-4285-be94-b07a3e11a098;18;;
328561;1787410585791;150B;Motor-/Controllerblock;20;111;–;FF-FF-FF-FF-FF-FF-FF-FF-FF-FF-FF-FF-FF-FF-FF-FF-FF-FF-FF-FF;NOTIFICATION;0;da1a1500-d532-4285-be94-b07a3e11a098;da1a150b-d532-4285-be94-b07a3e11a098;18;;
328771;1787410586001;150D;Fahrstatistik Max/Ø;20;111;–;01-1B-00-C4-FF-FF-FF-FF-47-18-FF-FF-FF-FF-FF-FF-FF-FF-00-00;NOTIFICATION;0;da1a1500-d532-4285-be94-b07a3e11a098;da1a150d-d532-4285-be94-b07a3e11a098;18;;
329811;1787410587041;1502;Akkuinformationen;16;112;–;47-18-FF-FF-FF-FF-47-18-FF-FF-FF-FF-FF-FF-00-00;NOTIFICATION;0;da1a1500-d532-4285-be94-b07a3e11a098;da1a1502-d532-4285-be94-b07a3e11a098;18;;
330231;1787410587461;1505;BikePerformance / Fahrleistung;18;107;1,3;07-08-07-08-FF-FF-00-DA-FF-FF-FF-FF-FF-00-00-00-00-00;NOTIFICATION;0;da1a1500-d532-4285-be94-b07a3e11a098;da1a1505-d532-4285-be94-b07a3e11a098;18;;
330441;1787410587671;1506;Trip / Kilometer & Betriebszähler;16;112;7;00-00-1C-35-00-02-33-5D-00-00-02-D2-00-00-00-00;NOTIFICATION;0;da1a1500-d532-4285-be94-b07a3e11a098;da1a1506-d532-4285-be94-b07a3e11a098;18;;
330860;1787410588090;1508;Settings / Licht & Fahrstufe;17;112;–;00-00-00-02-FF-FF-FF-FF-FF-FF-FF-00-00-00-00-00-00;NOTIFICATION;0;da1a1500-d532-4285-be94-b07a3e11a098;da1a1508-d532-4285-be94-b07a3e11a098;18;;
331061;1787410588291;1509;BatteryChange / Akku-Livestand;11;112;5,6;0F-A0-FF-FF-25-B0-F4-00-00-00-B5;NOTIFICATION;0;da1a1500-d532-4285-be94-b07a3e11a098;da1a1509-d532-4285-be94-b07a3e11a098;18;;
331270;1787410588500;150A;MotorUpdate / Motor-Livestand;10;112;–;0F-A0-FF-FF-FF-FF-FF-FF-FF-FF;NOTIFICATION;0;da1a1500-d532-4285-be94-b07a3e11a098;da1a150a-d532-4285-be94-b07a3e11a098;18;;
331480;1787410588710;150B;Motor-/Controllerblock;20;112;–;FF-FF-FF-FF-FF-FF-FF-FF-FF-FF-FF-FF-FF-FF-FF-FF-FF-FF-FF-FF;NOTIFICATION;0;da1a1500-d532-4285-be94-b07a3e11a098;da1a150b-d532-4285-be94-b07a3e11a098;18;;
331692;1787410588922;150D;Fahrstatistik Max/Ø;20;112;–;01-1B-00-C4-FF-FF-FF-FF-47-18-FF-FF-FF-FF-FF-FF-FF-FF-00-00;NOTIFICATION;0;da1a1500-d532-4285-be94-b07a3e11a098;da1a150d-d532-4285-be94-b07a3e11a098;18;;
332731;1787410589961;1502;Akkuinformationen;16;113;–;47-18-FF-FF-FF-FF-47-18-FF-FF-FF-FF-FF-FF-00-00;NOTIFICATION;0;da1a1500-d532-4285-be94-b07a3e11a098;da1a1502-d532-4285-be94-b07a3e11a098;18;;
333148;1787410590378;1505;BikePerformance / Fahrleistung;18;108;–;07-08-07-08-FF-FF-00-DA-FF-FF-FF-FF-FF-00-00-00-00-00;NOTIFICATION;0;da1a1500-d532-4285-be94-b07a3e11a098;da1a1505-d532-4285-be94-b07a3e11a098;18;;
333361;1787410590591;1506;Trip / Kilometer & Betriebszähler;16;113;7;00-00-1C-35-00-02-33-60-00-00-02-D2-00-00-00-00;NOTIFICATION;0;da1a1500-d532-4285-be94-b07a3e11a098;da1a1506-d532-4285-be94-b07a3e11a098;18;;
333781;1787410591011;1508;Settings / Licht & Fahrstufe;17;113;–;00-00-00-02-FF-FF-FF-FF-FF-FF-FF-00-00-00-00-00-00;NOTIFICATION;0;da1a1500-d532-4285-be94-b07a3e11a098;da1a1508-d532-4285-be94-b07a3e11a098;18;;
333977;1787410591207;1509;BatteryChange / Akku-Livestand;11;113;–;0F-A0-FF-FF-25-B0-F4-00-00-00-B5;NOTIFICATION;0;da1a1500-d532-4285-be94-b07a3e11a098;da1a1509-d532-4285-be94-b07a3e11a098;18;;
334188;1787410591418;150A;MotorUpdate / Motor-Livestand;10;113;–;0F-A0-FF-FF-FF-FF-FF-FF-FF-FF;NOTIFICATION;0;da1a1500-d532-4285-be94-b07a3e11a098;da1a150a-d532-4285-be94-b07a3e11a098;18;;
334400;1787410591630;150B;Motor-/Controllerblock;20;113;–;FF-FF-FF-FF-FF-FF-FF-FF-FF-FF-FF-FF-FF-FF-FF-FF-FF-FF-FF-FF;NOTIFICATION;0;da1a1500-d532-4285-be94-b07a3e11a098;da1a150b-d532-4285-be94-b07a3e11a098;18;;
334610;1787410591840;150D;Fahrstatistik Max/Ø;20;113;–;01-1B-00-C4-FF-FF-FF-FF-47-18-FF-FF-FF-FF-FF-FF-FF-FF-00-00;NOTIFICATION;0;da1a1500-d532-4285-be94-b07a3e11a098;da1a150d-d532-4285-be94-b07a3e11a098;18;;
335653;1787410592883;1502;Akkuinformationen;16;114;–;47-18-FF-FF-FF-FF-47-18-FF-FF-FF-FF-FF-FF-00-00;NOTIFICATION;0;da1a1500-d532-4285-be94-b07a3e11a098;da1a1502-d532-4285-be94-b07a3e11a098;18;;
336070;1787410593300;1505;BikePerformance / Fahrleistung;18;109;0,1,2,3;05-50-05-50-FF-FF-00-DA-FF-FF-FF-FF-FF-00-00-00-00-00;NOTIFICATION;0;da1a1500-d532-4285-be94-b07a3e11a098;da1a1505-d532-4285-be94-b07a3e11a098;18;;
336278;1787410593508;1506;Trip / Kilometer & Betriebszähler;16;114;3,7;00-00-1C-36-00-02-33-63-00-00-02-D2-00-00-00-00;NOTIFICATION;0;da1a1500-d532-4285-be94-b07a3e11a098;da1a1506-d532-4285-be94-b07a3e11a098;18;;
336701;1787410593931;1508;Settings / Licht & Fahrstufe;17;114;–;00-00-00-02-FF-FF-FF-FF-FF-FF-FF-00-00-00-00-00-00;NOTIFICATION;0;da1a1500-d532-4285-be94-b07a3e11a098;da1a1508-d532-4285-be94-b07a3e11a098;18;;
336911;1787410594141;1509;BatteryChange / Akku-Livestand;11;114;0,1,5,6,10;0B-B8-FF-FF-25-B1-58-00-00-00-89;NOTIFICATION;0;da1a1500-d532-4285-be94-b07a3e11a098;da1a1509-d532-4285-be94-b07a3e11a098;18;;
337111;1787410594341;150A;MotorUpdate / Motor-Livestand;10;114;0,1;07-D0-FF-FF-FF-FF-FF-FF-FF-FF;NOTIFICATION;0;da1a1500-d532-4285-be94-b07a3e11a098;da1a150a-d532-4285-be94-b07a3e11a098;18;;
337321;1787410594551;150B;Motor-/Controllerblock;20;114;–;FF-FF-FF-FF-FF-FF-FF-FF-FF-FF-FF-FF-FF-FF-FF-FF-FF-FF-FF-FF;NOTIFICATION;0;da1a1500-d532-4285-be94-b07a3e11a098;da1a150b-d532-4285-be94-b07a3e11a098;18;;
337531;1787410594761;150D;Fahrstatistik Max/Ø;20;114;3;01-1B-00-C5-FF-FF-FF-FF-47-18-FF-FF-FF-FF-FF-FF-FF-FF-00-00;NOTIFICATION;0;da1a1500-d532-4285-be94-b07a3e11a098;da1a150d-d532-4285-be94-b07a3e11a098;18;;
338572;1787410595802;1502;Akkuinformationen;16;115;–;47-18-FF-FF-FF-FF-47-18-FF-FF-FF-FF-FF-FF-00-00;NOTIFICATION;0;da1a1500-d532-4285-be94-b07a3e11a098;da1a1502-d532-4285-be94-b07a3e11a098;18;;
338990;1787410596220;1505;BikePerformance / Fahrleistung;18;110;0,1,2,3;03-8E-03-8E-FF-FF-00-DA-FF-FF-FF-FF-FF-00-00-00-00-00;NOTIFICATION;0;da1a1500-d532-4285-be94-b07a3e11a098;da1a1505-d532-4285-be94-b07a3e11a098;18;;
339199;1787410596429;1506;Trip / Kilometer & Betriebszähler;16;115;7;00-00-1C-36-00-02-33-66-00-00-02-D2-00-00-00-00;NOTIFICATION;0;da1a1500-d532-4285-be94-b07a3e11a098;da1a1506-d532-4285-be94-b07a3e11a098;18;;
339622;1787410596852;1508;Settings / Licht & Fahrstufe;17;115;–;00-00-00-02-FF-FF-FF-FF-FF-FF-FF-00-00-00-00-00-00;NOTIFICATION;0;da1a1500-d532-4285-be94-b07a3e11a098;da1a1508-d532-4285-be94-b07a3e11a098;18;;
339830;1787410597060;1509;BatteryChange / Akku-Livestand;11;115;10;0B-B8-FF-FF-25-B1-58-00-00-00-88;NOTIFICATION;0;da1a1500-d532-4285-be94-b07a3e11a098;da1a1509-d532-4285-be94-b07a3e11a098;18;;
340031;1787410597261;150A;MotorUpdate / Motor-Livestand;10;115;0,1;0B-B8-FF-FF-FF-FF-FF-FF-FF-FF;NOTIFICATION;0;da1a1500-d532-4285-be94-b07a3e11a098;da1a150a-d532-4285-be94-b07a3e11a098;18;;
340240;1787410597470;150B;Motor-/Controllerblock;20;115;–;FF-FF-FF-FF-FF-FF-FF-FF-FF-FF-FF-FF-FF-FF-FF-FF-FF-FF-FF-FF;NOTIFICATION;0;da1a1500-d532-4285-be94-b07a3e11a098;da1a150b-d532-4285-be94-b07a3e11a098;18;;
340451;1787410597681;150D;Fahrstatistik Max/Ø;20;115;–;01-1B-00-C5-FF-FF-FF-FF-47-18-FF-FF-FF-FF-FF-FF-FF-FF-00-00;NOTIFICATION;0;da1a1500-d532-4285-be94-b07a3e11a098;da1a150d-d532-4285-be94-b07a3e11a098;18;;
341502;1787410598732;1502;Akkuinformationen;16;116;–;47-18-FF-FF-FF-FF-47-18-FF-FF-FF-FF-FF-FF-00-00;NOTIFICATION;0;da1a1500-d532-4285-be94-b07a3e11a098;da1a1502-d532-4285-be94-b07a3e11a098;18;;
341911;1787410599141;1505;BikePerformance / Fahrleistung;18;111;0,1,2,3;05-50-05-50-FF-FF-00-DA-FF-FF-FF-FF-FF-00-00-00-00-00;NOTIFICATION;0;da1a1500-d532-4285-be94-b07a3e11a098;da1a1505-d532-4285-be94-b07a3e11a098;18;;
342121;1787410599351;1506;Trip / Kilometer & Betriebszähler;16;116;7;00-00-1C-36-00-02-33-69-00-00-02-D2-00-00-00-00;NOTIFICATION;0;da1a1500-d532-4285-be94-b07a3e11a098;da1a1506-d532-4285-be94-b07a3e11a098;18;;
342539;1787410599769;1508;Settings / Licht & Fahrstufe;17;116;–;00-00-00-02-FF-FF-FF-FF-FF-FF-FF-00-00-00-00-00-00;NOTIFICATION;0;da1a1500-d532-4285-be94-b07a3e11a098;da1a1508-d532-4285-be94-b07a3e11a098;18;;
342750;1787410599980;1509;BatteryChange / Akku-Livestand;11;116;–;0B-B8-FF-FF-25-B1-58-00-00-00-88;NOTIFICATION;0;da1a1500-d532-4285-be94-b07a3e11a098;da1a1509-d532-4285-be94-b07a3e11a098;18;;
342961;1787410600191;150A;MotorUpdate / Motor-Livestand;10;116;–;0B-B8-FF-FF-FF-FF-FF-FF-FF-FF;NOTIFICATION;0;da1a1500-d532-4285-be94-b07a3e11a098;da1a150a-d532-4285-be94-b07a3e11a098;18;;
343170;1787410600400;150B;Motor-/Controllerblock;20;116;–;FF-FF-FF-FF-FF-FF-FF-FF-FF-FF-FF-FF-FF-FF-FF-FF-FF-FF-FF-FF;NOTIFICATION;0;da1a1500-d532-4285-be94-b07a3e11a098;da1a150b-d532-4285-be94-b07a3e11a098;18;;
343372;1787410600602;150D;Fahrstatistik Max/Ø;20;116;–;01-1B-00-C5-FF-FF-FF-FF-47-18-FF-FF-FF-FF-FF-FF-FF-FF-00-00;NOTIFICATION;0;da1a1500-d532-4285-be94-b07a3e11a098;da1a150d-d532-4285-be94-b07a3e11a098;18;;
344421;1787410601651;1502;Akkuinformationen;16;117;–;47-18-FF-FF-FF-FF-47-18-FF-FF-FF-FF-FF-FF-00-00;NOTIFICATION;0;da1a1500-d532-4285-be94-b07a3e11a098;da1a1502-d532-4285-be94-b07a3e11a098;18;;
344832;1787410602062;1505;BikePerformance / Fahrleistung;18;112;–;05-50-05-50-FF-FF-00-DA-FF-FF-FF-FF-FF-00-00-00-00-00;NOTIFICATION;0;da1a1500-d532-4285-be94-b07a3e11a098;da1a1505-d532-4285-be94-b07a3e11a098;18;;
345040;1787410602270;1506;Trip / Kilometer & Betriebszähler;16;117;7;00-00-1C-36-00-02-33-6C-00-00-02-D2-00-00-00-00;NOTIFICATION;0;da1a1500-d532-4285-be94-b07a3e11a098;da1a1506-d532-4285-be94-b07a3e11a098;18;;
345460;1787410602690;1508;Settings / Licht & Fahrstufe;17;117;–;00-00-00-02-FF-FF-FF-FF-FF-FF-FF-00-00-00-00-00-00;NOTIFICATION;0;da1a1500-d532-4285-be94-b07a3e11a098;da1a1508-d532-4285-be94-b07a3e11a098;18;;
345671;1787410602901;1509;BatteryChange / Akku-Livestand;11;117;5,6;0B-B8-FF-FF-25-B2-20-00-00-00-88;NOTIFICATION;0;da1a1500-d532-4285-be94-b07a3e11a098;da1a1509-d532-4285-be94-b07a3e11a098;18;;
345883;1787410603113;150A;MotorUpdate / Motor-Livestand;10;117;–;0B-B8-FF-FF-FF-FF-FF-FF-FF-FF;NOTIFICATION;0;da1a1500-d532-4285-be94-b07a3e11a098;da1a150a-d532-4285-be94-b07a3e11a098;18;;
346088;1787410603318;150B;Motor-/Controllerblock;20;117;–;FF-FF-FF-FF-FF-FF-FF-FF-FF-FF-FF-FF-FF-FF-FF-FF-FF-FF-FF-FF;NOTIFICATION;0;da1a1500-d532-4285-be94-b07a3e11a098;da1a150b-d532-4285-be94-b07a3e11a098;18;;
346289;1787410603519;150D;Fahrstatistik Max/Ø;20;117;–;01-1B-00-C5-FF-FF-FF-FF-47-18-FF-FF-FF-FF-FF-FF-FF-FF-00-00;NOTIFICATION;0;da1a1500-d532-4285-be94-b07a3e11a098;da1a150d-d532-4285-be94-b07a3e11a098;18;;
347340;1787410604570;1502;Akkuinformationen;16;118;–;47-18-FF-FF-FF-FF-47-18-FF-FF-FF-FF-FF-FF-00-00;NOTIFICATION;0;da1a1500-d532-4285-be94-b07a3e11a098;da1a1502-d532-4285-be94-b07a3e11a098;18;;
347757;1787410604987;1505;BikePerformance / Fahrleistung;18;113;–;05-50-05-50-FF-FF-00-DA-FF-FF-FF-FF-FF-00-00-00-00-00;NOTIFICATION;0;da1a1500-d532-4285-be94-b07a3e11a098;da1a1505-d532-4285-be94-b07a3e11a098;18;;
347961;1787410605191;1506;Trip / Kilometer & Betriebszähler;16;118;7;00-00-1C-36-00-02-33-6F-00-00-02-D2-00-00-00-00;NOTIFICATION;0;da1a1500-d532-4285-be94-b07a3e11a098;da1a1506-d532-4285-be94-b07a3e11a098;18;;
348381;1787410605611;1508;Settings / Licht & Fahrstufe;17;118;–;00-00-00-02-FF-FF-FF-FF-FF-FF-FF-00-00-00-00-00-00;NOTIFICATION;0;da1a1500-d532-4285-be94-b07a3e11a098;da1a1508-d532-4285-be94-b07a3e11a098;18;;
348590;1787410605820;1509;BatteryChange / Akku-Livestand;11;118;5,6,10;0B-B8-FF-FF-25-B1-58-00-00-00-89;NOTIFICATION;0;da1a1500-d532-4285-be94-b07a3e11a098;da1a1509-d532-4285-be94-b07a3e11a098;18;;
348800;1787410606030;150A;MotorUpdate / Motor-Livestand;10;118;–;0B-B8-FF-FF-FF-FF-FF-FF-FF-FF;NOTIFICATION;0;da1a1500-d532-4285-be94-b07a3e11a098;da1a150a-d532-4285-be94-b07a3e11a098;18;;
349011;1787410606241;150B;Motor-/Controllerblock;20;118;–;FF-FF-FF-FF-FF-FF-FF-FF-FF-FF-FF-FF-FF-FF-FF-FF-FF-FF-FF-FF;NOTIFICATION;0;da1a1500-d532-4285-be94-b07a3e11a098;da1a150b-d532-4285-be94-b07a3e11a098;18;;
349223;1787410606453;150D;Fahrstatistik Max/Ø;20;118;–;01-1B-00-C5-FF-FF-FF-FF-47-18-FF-FF-FF-FF-FF-FF-FF-FF-00-00;NOTIFICATION;0;da1a1500-d532-4285-be94-b07a3e11a098;da1a150d-d532-4285-be94-b07a3e11a098;18;;
350262;1787410607492;1502;Akkuinformationen;16;119;–;47-18-FF-FF-FF-FF-47-18-FF-FF-FF-FF-FF-FF-00-00;NOTIFICATION;0;da1a1500-d532-4285-be94-b07a3e11a098;da1a1502-d532-4285-be94-b07a3e11a098;18;;
350678;1787410607908;1505;BikePerformance / Fahrleistung;18;114;–;05-50-05-50-FF-FF-00-DA-FF-FF-FF-FF-FF-00-00-00-00-00;NOTIFICATION;0;da1a1500-d532-4285-be94-b07a3e11a098;da1a1505-d532-4285-be94-b07a3e11a098;18;;
350882;1787410608112;1506;Trip / Kilometer & Betriebszähler;16;119;7;00-00-1C-36-00-02-33-72-00-00-02-D2-00-00-00-00;NOTIFICATION;0;da1a1500-d532-4285-be94-b07a3e11a098;da1a1506-d532-4285-be94-b07a3e11a098;18;;
351299;1787410608529;1508;Settings / Licht & Fahrstufe;17;119;–;00-00-00-02-FF-FF-FF-FF-FF-FF-FF-00-00-00-00-00-00;NOTIFICATION;0;da1a1500-d532-4285-be94-b07a3e11a098;da1a1508-d532-4285-be94-b07a3e11a098;18;;
351511;1787410608741;1509;BatteryChange / Akku-Livestand;11;119;0,1,5,6,10;0F-A0-FF-FF-25-B2-20-00-00-00-B6;NOTIFICATION;0;da1a1500-d532-4285-be94-b07a3e11a098;da1a1509-d532-4285-be94-b07a3e11a098;18;;
351719;1787410608949;150A;MotorUpdate / Motor-Livestand;10;119;0,1;0F-A0-FF-FF-FF-FF-FF-FF-FF-FF;NOTIFICATION;0;da1a1500-d532-4285-be94-b07a3e11a098;da1a150a-d532-4285-be94-b07a3e11a098;18;;
351931;1787410609161;150B;Motor-/Controllerblock;20;119;–;FF-FF-FF-FF-FF-FF-FF-FF-FF-FF-FF-FF-FF-FF-FF-FF-FF-FF-FF-FF;NOTIFICATION;0;da1a1500-d532-4285-be94-b07a3e11a098;da1a150b-d532-4285-be94-b07a3e11a098;18;;
352143;1787410609373;150D;Fahrstatistik Max/Ø;20;119;–;01-1B-00-C5-FF-FF-FF-FF-47-18-FF-FF-FF-FF-FF-FF-FF-FF-00-00;NOTIFICATION;0;da1a1500-d532-4285-be94-b07a3e11a098;da1a150d-d532-4285-be94-b07a3e11a098;18;;
353181;1787410610411;1502;Akkuinformationen;16;120;–;47-18-FF-FF-FF-FF-47-18-FF-FF-FF-FF-FF-FF-00-00;NOTIFICATION;0;da1a1500-d532-4285-be94-b07a3e11a098;da1a1502-d532-4285-be94-b07a3e11a098;18;;
353601;1787410610831;1505;BikePerformance / Fahrleistung;18;115;–;05-50-05-50-FF-FF-00-DA-FF-FF-FF-FF-FF-00-00-00-00-00;NOTIFICATION;0;da1a1500-d532-4285-be94-b07a3e11a098;da1a1505-d532-4285-be94-b07a3e11a098;18;;
353809;1787410611039;1506;Trip / Kilometer & Betriebszähler;16;120;3,7;00-00-1C-37-00-02-33-75-00-00-02-D2-00-00-00-00;NOTIFICATION;0;da1a1500-d532-4285-be94-b07a3e11a098;da1a1506-d532-4285-be94-b07a3e11a098;18;;
354224;1787410611454;1508;Settings / Licht & Fahrstufe;17;120;–;00-00-00-02-FF-FF-FF-FF-FF-FF-FF-00-00-00-00-00-00;NOTIFICATION;0;da1a1500-d532-4285-be94-b07a3e11a098;da1a1508-d532-4285-be94-b07a3e11a098;18;;
354432;1787410611662;1509;BatteryChange / Akku-Livestand;11;120;0,1,5,6,10;0B-B8-FF-FF-25-B1-58-00-00-00-88;NOTIFICATION;0;da1a1500-d532-4285-be94-b07a3e11a098;da1a1509-d532-4285-be94-b07a3e11a098;18;;
354641;1787410611871;150A;MotorUpdate / Motor-Livestand;10;120;0,1;0B-B8-FF-FF-FF-FF-FF-FF-FF-FF;NOTIFICATION;0;da1a1500-d532-4285-be94-b07a3e11a098;da1a150a-d532-4285-be94-b07a3e11a098;18;;
354851;1787410612081;150B;Motor-/Controllerblock;20;120;–;FF-FF-FF-FF-FF-FF-FF-FF-FF-FF-FF-FF-FF-FF-FF-FF-FF-FF-FF-FF;NOTIFICATION;0;da1a1500-d532-4285-be94-b07a3e11a098;da1a150b-d532-4285-be94-b07a3e11a098;18;;
355060;1787410612290;150D;Fahrstatistik Max/Ø;20;120;–;01-1B-00-C5-FF-FF-FF-FF-47-18-FF-FF-FF-FF-FF-FF-FF-FF-00-00;NOTIFICATION;0;da1a1500-d532-4285-be94-b07a3e11a098;da1a150d-d532-4285-be94-b07a3e11a098;18;;
356102;1787410613332;1502;Akkuinformationen;16;121;–;47-18-FF-FF-FF-FF-47-18-FF-FF-FF-FF-FF-FF-00-00;NOTIFICATION;0;da1a1500-d532-4285-be94-b07a3e11a098;da1a1502-d532-4285-be94-b07a3e11a098;18;;
356522;1787410613752;1505;BikePerformance / Fahrleistung;18;116;–;05-50-05-50-FF-FF-00-DA-FF-FF-FF-FF-FF-00-00-00-00-00;NOTIFICATION;0;da1a1500-d532-4285-be94-b07a3e11a098;da1a1505-d532-4285-be94-b07a3e11a098;18;;
356732;1787410613962;1506;Trip / Kilometer & Betriebszähler;16;121;7;00-00-1C-37-00-02-33-78-00-00-02-D2-00-00-00-00;NOTIFICATION;0;da1a1500-d532-4285-be94-b07a3e11a098;da1a1506-d532-4285-be94-b07a3e11a098;18;;
357142;1787410614372;1508;Settings / Licht & Fahrstufe;17;121;–;00-00-00-02-FF-FF-FF-FF-FF-FF-FF-00-00-00-00-00-00;NOTIFICATION;0;da1a1500-d532-4285-be94-b07a3e11a098;da1a1508-d532-4285-be94-b07a3e11a098;18;;
357348;1787410614578;1509;BatteryChange / Akku-Livestand;11;121;0,1,5,6;07-D0-FF-FF-25-B2-E8-00-00-00-88;NOTIFICATION;0;da1a1500-d532-4285-be94-b07a3e11a098;da1a1509-d532-4285-be94-b07a3e11a098;18;;
357562;1787410614792;150A;MotorUpdate / Motor-Livestand;10;121;0,1;07-D0-FF-FF-FF-FF-FF-FF-FF-FF;NOTIFICATION;0;da1a1500-d532-4285-be94-b07a3e11a098;da1a150a-d532-4285-be94-b07a3e11a098;18;;
357771;1787410615001;150B;Motor-/Controllerblock;20;121;–;FF-FF-FF-FF-FF-FF-FF-FF-FF-FF-FF-FF-FF-FF-FF-FF-FF-FF-FF-FF;NOTIFICATION;0;da1a1500-d532-4285-be94-b07a3e11a098;da1a150b-d532-4285-be94-b07a3e11a098;18;;
357983;1787410615213;150D;Fahrstatistik Max/Ø;20;121;–;01-1B-00-C5-FF-FF-FF-FF-47-18-FF-FF-FF-FF-FF-FF-FF-FF-00-00;NOTIFICATION;0;da1a1500-d532-4285-be94-b07a3e11a098;da1a150d-d532-4285-be94-b07a3e11a098;18;;
359024;1787410616254;1502;Akkuinformationen;16;122;–;47-18-FF-FF-FF-FF-47-18-FF-FF-FF-FF-FF-FF-00-00;NOTIFICATION;0;da1a1500-d532-4285-be94-b07a3e11a098;da1a1502-d532-4285-be94-b07a3e11a098;18;;
359449;1787410616679;1505;BikePerformance / Fahrleistung;18;117;0,1,2,3;03-8E-03-8E-FF-FF-00-DA-FF-FF-FF-FF-FF-00-00-00-00-00;NOTIFICATION;0;da1a1500-d532-4285-be94-b07a3e11a098;da1a1505-d532-4285-be94-b07a3e11a098;18;;
359652;1787410616882;1506;Trip / Kilometer & Betriebszähler;16;122;7;00-00-1C-37-00-02-33-7B-00-00-02-D2-00-00-00-00;NOTIFICATION;0;da1a1500-d532-4285-be94-b07a3e11a098;da1a1506-d532-4285-be94-b07a3e11a098;18;;
360061;1787410617291;1508;Settings / Licht & Fahrstufe;17;122;–;00-00-00-02-FF-FF-FF-FF-FF-FF-FF-00-00-00-00-00-00;NOTIFICATION;0;da1a1500-d532-4285-be94-b07a3e11a098;da1a1508-d532-4285-be94-b07a3e11a098;18;;
360270;1787410617500;1509;BatteryChange / Akku-Livestand;11;122;0,1,5,6;0B-B8-FF-FF-25-B1-58-00-00-00-88;NOTIFICATION;0;da1a1500-d532-4285-be94-b07a3e11a098;da1a1509-d532-4285-be94-b07a3e11a098;18;;
360477;1787410617707;150A;MotorUpdate / Motor-Livestand;10;122;0,1;0B-B8-FF-FF-FF-FF-FF-FF-FF-FF;NOTIFICATION;0;da1a1500-d532-4285-be94-b07a3e11a098;da1a150a-d532-4285-be94-b07a3e11a098;18;;
360687;1787410617917;150B;Motor-/Controllerblock;20;122;–;FF-FF-FF-FF-FF-FF-FF-FF-FF-FF-FF-FF-FF-FF-FF-FF-FF-FF-FF-FF;NOTIFICATION;0;da1a1500-d532-4285-be94-b07a3e11a098;da1a150b-d532-4285-be94-b07a3e11a098;18;;
360898;1787410618128;150D;Fahrstatistik Max/Ø;20;122;–;01-1B-00-C5-FF-FF-FF-FF-47-18-FF-FF-FF-FF-FF-FF-FF-FF-00-00;NOTIFICATION;0;da1a1500-d532-4285-be94-b07a3e11a098;da1a150d-d532-4285-be94-b07a3e11a098;18;;
361937;1787410619167;1502;Akkuinformationen;16;123;–;47-18-FF-FF-FF-FF-47-18-FF-FF-FF-FF-FF-FF-00-00;NOTIFICATION;0;da1a1500-d532-4285-be94-b07a3e11a098;da1a1502-d532-4285-be94-b07a3e11a098;18;;
362360;1787410619590;1505;BikePerformance / Fahrleistung;18;118;–;03-8E-03-8E-FF-FF-00-DA-FF-FF-FF-FF-FF-00-00-00-00-00;NOTIFICATION;0;da1a1500-d532-4285-be94-b07a3e11a098;da1a1505-d532-4285-be94-b07a3e11a098;18;;
362571;1787410619801;1506;Trip / Kilometer & Betriebszähler;16;123;7;00-00-1C-37-00-02-33-7D-00-00-02-D2-00-00-00-00;NOTIFICATION;0;da1a1500-d532-4285-be94-b07a3e11a098;da1a1506-d532-4285-be94-b07a3e11a098;18;;
362991;1787410620221;1508;Settings / Licht & Fahrstufe;17;123;–;00-00-00-02-FF-FF-FF-FF-FF-FF-FF-00-00-00-00-00-00;NOTIFICATION;0;da1a1500-d532-4285-be94-b07a3e11a098;da1a1508-d532-4285-be94-b07a3e11a098;18;;
363192;1787410620422;1509;BatteryChange / Akku-Livestand;11;123;0,1,5,6,10;07-D0-FF-FF-25-B2-20-00-00-00-5B;NOTIFICATION;0;da1a1500-d532-4285-be94-b07a3e11a098;da1a1509-d532-4285-be94-b07a3e11a098;18;;
363399;1787410620629;150A;MotorUpdate / Motor-Livestand;10;123;0,1;07-D0-FF-FF-FF-FF-FF-FF-FF-FF;NOTIFICATION;0;da1a1500-d532-4285-be94-b07a3e11a098;da1a150a-d532-4285-be94-b07a3e11a098;18;;
363611;1787410620841;150B;Motor-/Controllerblock;20;123;–;FF-FF-FF-FF-FF-FF-FF-FF-FF-FF-FF-FF-FF-FF-FF-FF-FF-FF-FF-FF;NOTIFICATION;0;da1a1500-d532-4285-be94-b07a3e11a098;da1a150b-d532-4285-be94-b07a3e11a098;18;;
363820;1787410621050;150D;Fahrstatistik Max/Ø;20;123;–;01-1B-00-C5-FF-FF-FF-FF-47-18-FF-FF-FF-FF-FF-FF-FF-FF-00-00;NOTIFICATION;0;da1a1500-d532-4285-be94-b07a3e11a098;da1a150d-d532-4285-be94-b07a3e11a098;18;;
364862;1787410622092;1502;Akkuinformationen;16;124;–;47-18-FF-FF-FF-FF-47-18-FF-FF-FF-FF-FF-FF-00-00;NOTIFICATION;0;da1a1500-d532-4285-be94-b07a3e11a098;da1a1502-d532-4285-be94-b07a3e11a098;18;;
365280;1787410622510;1505;BikePerformance / Fahrleistung;18;119;0,1,2,3;05-50-05-50-FF-FF-00-DA-FF-FF-FF-FF-FF-00-00-00-00-00;NOTIFICATION;0;da1a1500-d532-4285-be94-b07a3e11a098;da1a1505-d532-4285-be94-b07a3e11a098;18;;
365491;1787410622721;1506;Trip / Kilometer & Betriebszähler;16;124;7;00-00-1C-37-00-02-33-80-00-00-02-D2-00-00-00-00;NOTIFICATION;0;da1a1500-d532-4285-be94-b07a3e11a098;da1a1506-d532-4285-be94-b07a3e11a098;18;;
365909;1787410623139;1508;Settings / Licht & Fahrstufe;17;124;–;00-00-00-02-FF-FF-FF-FF-FF-FF-FF-00-00-00-00-00-00;NOTIFICATION;0;da1a1500-d532-4285-be94-b07a3e11a098;da1a1508-d532-4285-be94-b07a3e11a098;18;;
366111;1787410623341;1509;BatteryChange / Akku-Livestand;11;124;0,1,5,6,10;0B-B8-FF-FF-25-B1-58-00-00-00-88;NOTIFICATION;0;da1a1500-d532-4285-be94-b07a3e11a098;da1a1509-d532-4285-be94-b07a3e11a098;18;;
366322;1787410623552;150A;MotorUpdate / Motor-Livestand;10;124;0,1;0B-B8-FF-FF-FF-FF-FF-FF-FF-FF;NOTIFICATION;0;da1a1500-d532-4285-be94-b07a3e11a098;da1a150a-d532-4285-be94-b07a3e11a098;18;;
366542;1787410623772;150B;Motor-/Controllerblock;20;124;–;FF-FF-FF-FF-FF-FF-FF-FF-FF-FF-FF-FF-FF-FF-FF-FF-FF-FF-FF-FF;NOTIFICATION;0;da1a1500-d532-4285-be94-b07a3e11a098;da1a150b-d532-4285-be94-b07a3e11a098;18;;
366741;1787410623971;150D;Fahrstatistik Max/Ø;20;124;–;01-1B-00-C5-FF-FF-FF-FF-47-18-FF-FF-FF-FF-FF-FF-FF-FF-00-00;NOTIFICATION;0;da1a1500-d532-4285-be94-b07a3e11a098;da1a150d-d532-4285-be94-b07a3e11a098;18;;
367782;1787410625012;1502;Akkuinformationen;16;125;–;47-18-FF-FF-FF-FF-47-18-FF-FF-FF-FF-FF-FF-00-00;NOTIFICATION;0;da1a1500-d532-4285-be94-b07a3e11a098;da1a1502-d532-4285-be94-b07a3e11a098;18;;
368202;1787410625432;1505;BikePerformance / Fahrleistung;18;120;0,1,2,3;07-12-07-12-FF-FF-00-DA-FF-FF-FF-FF-FF-00-00-00-00-00;NOTIFICATION;0;da1a1500-d532-4285-be94-b07a3e11a098;da1a1505-d532-4285-be94-b07a3e11a098;18;;
368411;1787410625641;1506;Trip / Kilometer & Betriebszähler;16;125;7;00-00-1C-37-00-02-33-83-00-00-02-D2-00-00-00-00;NOTIFICATION;0;da1a1500-d532-4285-be94-b07a3e11a098;da1a1506-d532-4285-be94-b07a3e11a098;18;;
368831;1787410626061;1508;Settings / Licht & Fahrstufe;17;125;–;00-00-00-02-FF-FF-FF-FF-FF-FF-FF-00-00-00-00-00-00;NOTIFICATION;0;da1a1500-d532-4285-be94-b07a3e11a098;da1a1508-d532-4285-be94-b07a3e11a098;18;;
369043;1787410626273;1509;BatteryChange / Akku-Livestand;11;125;0,1,10;0F-A0-FF-FF-25-B1-58-00-00-00-B5;NOTIFICATION;0;da1a1500-d532-4285-be94-b07a3e11a098;da1a1509-d532-4285-be94-b07a3e11a098;18;;
369237;1787410626467;150A;MotorUpdate / Motor-Livestand;10;125;0,1;0F-A0-FF-FF-FF-FF-FF-FF-FF-FF;NOTIFICATION;0;da1a1500-d532-4285-be94-b07a3e11a098;da1a150a-d532-4285-be94-b07a3e11a098;18;;
369448;1787410626678;150B;Motor-/Controllerblock;20;125;–;FF-FF-FF-FF-FF-FF-FF-FF-FF-FF-FF-FF-FF-FF-FF-FF-FF-FF-FF-FF;NOTIFICATION;0;da1a1500-d532-4285-be94-b07a3e11a098;da1a150b-d532-4285-be94-b07a3e11a098;18;;
369660;1787410626890;150D;Fahrstatistik Max/Ø;20;125;–;01-1B-00-C5-FF-FF-FF-FF-47-18-FF-FF-FF-FF-FF-FF-FF-FF-00-00;NOTIFICATION;0;da1a1500-d532-4285-be94-b07a3e11a098;da1a150d-d532-4285-be94-b07a3e11a098;18;;
370709;1787410627939;1502;Akkuinformationen;16;126;–;47-18-FF-FF-FF-FF-47-18-FF-FF-FF-FF-FF-FF-00-00;NOTIFICATION;0;da1a1500-d532-4285-be94-b07a3e11a098;da1a1502-d532-4285-be94-b07a3e11a098;18;;
371118;1787410628348;1505;BikePerformance / Fahrleistung;18;121;1,3;07-1C-07-1C-FF-FF-00-DA-FF-FF-FF-FF-FF-00-00-00-00-00;NOTIFICATION;0;da1a1500-d532-4285-be94-b07a3e11a098;da1a1505-d532-4285-be94-b07a3e11a098;18;;
371326;1787410628556;1506;Trip / Kilometer & Betriebszähler;16;126;3,7;00-00-1C-38-00-02-33-86-00-00-02-D2-00-00-00-00;NOTIFICATION;0;da1a1500-d532-4285-be94-b07a3e11a098;da1a1506-d532-4285-be94-b07a3e11a098;18;;
371749;1787410628979;1508;Settings / Licht & Fahrstufe;17;126;–;00-00-00-02-FF-FF-FF-FF-FF-FF-FF-00-00-00-00-00-00;NOTIFICATION;0;da1a1500-d532-4285-be94-b07a3e11a098;da1a1508-d532-4285-be94-b07a3e11a098;18;;
371960;1787410629190;1509;BatteryChange / Akku-Livestand;11;126;0,1,6,10;0B-B8-FF-FF-25-B1-BC-00-00-00-88;NOTIFICATION;0;da1a1500-d532-4285-be94-b07a3e11a098;da1a1509-d532-4285-be94-b07a3e11a098;18;;
372170;1787410629400;150A;MotorUpdate / Motor-Livestand;10;126;0,1;0B-B8-FF-FF-FF-FF-FF-FF-FF-FF;NOTIFICATION;0;da1a1500-d532-4285-be94-b07a3e11a098;da1a150a-d532-4285-be94-b07a3e11a098;18;;
372378;1787410629608;150B;Motor-/Controllerblock;20;126;–;FF-FF-FF-FF-FF-FF-FF-FF-FF-FF-FF-FF-FF-FF-FF-FF-FF-FF-FF-FF;NOTIFICATION;0;da1a1500-d532-4285-be94-b07a3e11a098;da1a150b-d532-4285-be94-b07a3e11a098;18;;
372581;1787410629811;150D;Fahrstatistik Max/Ø;20;126;–;01-1B-00-C5-FF-FF-FF-FF-47-18-FF-FF-FF-FF-FF-FF-FF-FF-00-00;NOTIFICATION;0;da1a1500-d532-4285-be94-b07a3e11a098;da1a150d-d532-4285-be94-b07a3e11a098;18;;
373634;1787410630864;1502;Akkuinformationen;16;127;–;47-18-FF-FF-FF-FF-47-18-FF-FF-FF-FF-FF-FF-00-00;NOTIFICATION;0;da1a1500-d532-4285-be94-b07a3e11a098;da1a1502-d532-4285-be94-b07a3e11a098;18;;
374042;1787410631272;1505;BikePerformance / Fahrleistung;18;122;0,1,2,3;03-8E-03-8E-FF-FF-00-DA-FF-FF-FF-FF-FF-00-00-00-00-00;NOTIFICATION;0;da1a1500-d532-4285-be94-b07a3e11a098;da1a1505-d532-4285-be94-b07a3e11a098;18;;
374253;1787410631483;1506;Trip / Kilometer & Betriebszähler;16;127;7;00-00-1C-38-00-02-33-89-00-00-02-D2-00-00-00-00;NOTIFICATION;0;da1a1500-d532-4285-be94-b07a3e11a098;da1a1506-d532-4285-be94-b07a3e11a098;18;;
374669;1787410631899;1508;Settings / Licht & Fahrstufe;17;127;–;00-00-00-02-FF-FF-FF-FF-FF-FF-FF-00-00-00-00-00-00;NOTIFICATION;0;da1a1500-d532-4285-be94-b07a3e11a098;da1a1508-d532-4285-be94-b07a3e11a098;18;;
374879;1787410632109;1509;BatteryChange / Akku-Livestand;11;127;0,1,5,6,10;07-D0-FF-FF-25-B2-84-00-00-00-5B;NOTIFICATION;0;da1a1500-d532-4285-be94-b07a3e11a098;da1a1509-d532-4285-be94-b07a3e11a098;18;;
375088;1787410632318;150A;MotorUpdate / Motor-Livestand;10;127;0,1;03-E8-FF-FF-FF-FF-FF-FF-FF-FF;NOTIFICATION;0;da1a1500-d532-4285-be94-b07a3e11a098;da1a150a-d532-4285-be94-b07a3e11a098;18;;
375298;1787410632528;150B;Motor-/Controllerblock;20;127;–;FF-FF-FF-FF-FF-FF-FF-FF-FF-FF-FF-FF-FF-FF-FF-FF-FF-FF-FF-FF;NOTIFICATION;0;da1a1500-d532-4285-be94-b07a3e11a098;da1a150b-d532-4285-be94-b07a3e11a098;18;;
375502;1787410632732;150D;Fahrstatistik Max/Ø;20;127;–;01-1B-00-C5-FF-FF-FF-FF-47-18-FF-FF-FF-FF-FF-FF-FF-FF-00-00;NOTIFICATION;0;da1a1500-d532-4285-be94-b07a3e11a098;da1a150d-d532-4285-be94-b07a3e11a098;18;;
376550;1787410633780;1502;Akkuinformationen;16;128;–;47-18-FF-FF-FF-FF-47-18-FF-FF-FF-FF-FF-FF-00-00;NOTIFICATION;0;da1a1500-d532-4285-be94-b07a3e11a098;da1a1502-d532-4285-be94-b07a3e11a098;18;;
376969;1787410634199;1505;BikePerformance / Fahrleistung;18;123;–;03-8E-03-8E-FF-FF-00-DA-FF-FF-FF-FF-FF-00-00-00-00-00;NOTIFICATION;0;da1a1500-d532-4285-be94-b07a3e11a098;da1a1505-d532-4285-be94-b07a3e11a098;18;;
377171;1787410634401;1506;Trip / Kilometer & Betriebszähler;16;128;7;00-00-1C-38-00-02-33-8C-00-00-02-D2-00-00-00-00;NOTIFICATION;0;da1a1500-d532-4285-be94-b07a3e11a098;da1a1506-d532-4285-be94-b07a3e11a098;18;;
377590;1787410634820;1508;Settings / Licht & Fahrstufe;17;128;–;00-00-00-02-FF-FF-FF-FF-FF-FF-FF-00-00-00-00-00-00;NOTIFICATION;0;da1a1500-d532-4285-be94-b07a3e11a098;da1a1508-d532-4285-be94-b07a3e11a098;18;;
377797;1787410635027;1509;BatteryChange / Akku-Livestand;11;128;0,1,4,5,6,10;03-E8-FF-FF-24-B3-4C-00-00-00-2D;NOTIFICATION;0;da1a1500-d532-4285-be94-b07a3e11a098;da1a1509-d532-4285-be94-b07a3e11a098;18;;
378011;1787410635241;150A;MotorUpdate / Motor-Livestand;10;128;–;03-E8-FF-FF-FF-FF-FF-FF-FF-FF;NOTIFICATION;0;da1a1500-d532-4285-be94-b07a3e11a098;da1a150a-d532-4285-be94-b07a3e11a098;18;;
378219;1787410635449;150B;Motor-/Controllerblock;20;128;–;FF-FF-FF-FF-FF-FF-FF-FF-FF-FF-FF-FF-FF-FF-FF-FF-FF-FF-FF-FF;NOTIFICATION;0;da1a1500-d532-4285-be94-b07a3e11a098;da1a150b-d532-4285-be94-b07a3e11a098;18;;
378431;1787410635661;150D;Fahrstatistik Max/Ø;20;128;–;01-1B-00-C5-FF-FF-FF-FF-47-18-FF-FF-FF-FF-FF-FF-FF-FF-00-00;NOTIFICATION;0;da1a1500-d532-4285-be94-b07a3e11a098;da1a150d-d532-4285-be94-b07a3e11a098;18;;
379471;1787410636701;1502;Akkuinformationen;16;129;–;47-18-FF-FF-FF-FF-47-18-FF-FF-FF-FF-FF-FF-00-00;NOTIFICATION;0;da1a1500-d532-4285-be94-b07a3e11a098;da1a1502-d532-4285-be94-b07a3e11a098;18;;
379890;1787410637120;1505;BikePerformance / Fahrleistung;18;124;0,1,2,3;00-00-00-00-FF-FF-00-DA-FF-FF-FF-FF-FF-00-00-00-00-00;NOTIFICATION;0;da1a1500-d532-4285-be94-b07a3e11a098;da1a1505-d532-4285-be94-b07a3e11a098;18;;
380090;1787410637320;1506;Trip / Kilometer & Betriebszähler;16;129;7;00-00-1C-38-00-02-33-8F-00-00-02-D2-00-00-00-00;NOTIFICATION;0;da1a1500-d532-4285-be94-b07a3e11a098;da1a1506-d532-4285-be94-b07a3e11a098;18;;
380512;1787410637742;1508;Settings / Licht & Fahrstufe;17;129;–;00-00-00-02-FF-FF-FF-FF-FF-FF-FF-00-00-00-00-00-00;NOTIFICATION;0;da1a1500-d532-4285-be94-b07a3e11a098;da1a1508-d532-4285-be94-b07a3e11a098;18;;
380722;1787410637952;1509;BatteryChange / Akku-Livestand;11;129;4,5,6;03-E8-FF-FF-20-B2-E8-00-00-00-2D;NOTIFICATION;0;da1a1500-d532-4285-be94-b07a3e11a098;da1a1509-d532-4285-be94-b07a3e11a098;18;;
380933;1787410638163;150A;MotorUpdate / Motor-Livestand;10;129;–;03-E8-FF-FF-FF-FF-FF-FF-FF-FF;NOTIFICATION;0;da1a1500-d532-4285-be94-b07a3e11a098;da1a150a-d532-4285-be94-b07a3e11a098;18;;
381142;1787410638372;150B;Motor-/Controllerblock;20;129;–;FF-FF-FF-FF-FF-FF-FF-FF-FF-FF-FF-FF-FF-FF-FF-FF-FF-FF-FF-FF;NOTIFICATION;0;da1a1500-d532-4285-be94-b07a3e11a098;da1a150b-d532-4285-be94-b07a3e11a098;18;;
381350;1787410638580;150D;Fahrstatistik Max/Ø;20;129;–;01-1B-00-C5-FF-FF-FF-FF-47-18-FF-FF-FF-FF-FF-FF-FF-FF-00-00;NOTIFICATION;0;da1a1500-d532-4285-be94-b07a3e11a098;da1a150d-d532-4285-be94-b07a3e11a098;18;;
382391;1787410639621;1502;Akkuinformationen;16;130;–;47-18-FF-FF-FF-FF-47-18-FF-FF-FF-FF-FF-FF-00-00;NOTIFICATION;0;da1a1500-d532-4285-be94-b07a3e11a098;da1a1502-d532-4285-be94-b07a3e11a098;18;;
382809;1787410640039;1505;BikePerformance / Fahrleistung;18;125;0,1,2,3;03-8E-03-8E-FF-FF-00-DA-FF-FF-FF-FF-FF-00-00-00-00-00;NOTIFICATION;0;da1a1500-d532-4285-be94-b07a3e11a098;da1a1505-d532-4285-be94-b07a3e11a098;18;;
383024;1787410640254;1506;Trip / Kilometer & Betriebszähler;16;130;7;00-00-1C-38-00-02-33-92-00-00-02-D2-00-00-00-00;NOTIFICATION;0;da1a1500-d532-4285-be94-b07a3e11a098;da1a1506-d532-4285-be94-b07a3e11a098;18;;
383432;1787410640662;1508;Settings / Licht & Fahrstufe;17;130;–;00-00-00-02-FF-FF-FF-FF-FF-FF-FF-00-00-00-00-00-00;NOTIFICATION;0;da1a1500-d532-4285-be94-b07a3e11a098;da1a1508-d532-4285-be94-b07a3e11a098;18;;
383640;1787410640870;1509;BatteryChange / Akku-Livestand;11;130;–;03-E8-FF-FF-20-B2-E8-00-00-00-2D;NOTIFICATION;0;da1a1500-d532-4285-be94-b07a3e11a098;da1a1509-d532-4285-be94-b07a3e11a098;18;;
383851;1787410641081;150A;MotorUpdate / Motor-Livestand;10;130;–;03-E8-FF-FF-FF-FF-FF-FF-FF-FF;NOTIFICATION;0;da1a1500-d532-4285-be94-b07a3e11a098;da1a150a-d532-4285-be94-b07a3e11a098;18;;
384061;1787410641291;150B;Motor-/Controllerblock;20;130;–;FF-FF-FF-FF-FF-FF-FF-FF-FF-FF-FF-FF-FF-FF-FF-FF-FF-FF-FF-FF;NOTIFICATION;0;da1a1500-d532-4285-be94-b07a3e11a098;da1a150b-d532-4285-be94-b07a3e11a098;18;;
384271;1787410641501;150D;Fahrstatistik Max/Ø;20;130;–;01-1B-00-C5-FF-FF-FF-FF-47-18-FF-FF-FF-FF-FF-FF-FF-FF-00-00;NOTIFICATION;0;da1a1500-d532-4285-be94-b07a3e11a098;da1a150d-d532-4285-be94-b07a3e11a098;18;;
385309;1787410642539;1502;Akkuinformationen;16;131;–;47-18-FF-FF-FF-FF-47-18-FF-FF-FF-FF-FF-FF-00-00;NOTIFICATION;0;da1a1500-d532-4285-be94-b07a3e11a098;da1a1502-d532-4285-be94-b07a3e11a098;18;;
385730;1787410642960;1505;BikePerformance / Fahrleistung;18;126;0,1,2,3;01-C2-01-C2-FF-FF-00-DA-FF-FF-FF-FF-FF-00-00-00-00-00;NOTIFICATION;0;da1a1500-d532-4285-be94-b07a3e11a098;da1a1505-d532-4285-be94-b07a3e11a098;18;;
385943;1787410643173;1506;Trip / Kilometer & Betriebszähler;16;131;7;00-00-1C-38-00-02-33-95-00-00-02-D2-00-00-00-00;NOTIFICATION;0;da1a1500-d532-4285-be94-b07a3e11a098;da1a1506-d532-4285-be94-b07a3e11a098;18;;
386351;1787410643581;1508;Settings / Licht & Fahrstufe;17;131;–;00-00-00-02-FF-FF-FF-FF-FF-FF-FF-00-00-00-00-00-00;NOTIFICATION;0;da1a1500-d532-4285-be94-b07a3e11a098;da1a1508-d532-4285-be94-b07a3e11a098;18;;
386560;1787410643790;1509;BatteryChange / Akku-Livestand;11;131;0,1,10;00-00-FF-FF-20-B2-E8-00-00-00-00;NOTIFICATION;0;da1a1500-d532-4285-be94-b07a3e11a098;da1a1509-d532-4285-be94-b07a3e11a098;18;;
386771;1787410644001;150A;MotorUpdate / Motor-Livestand;10;131;0,1;00-00-FF-FF-FF-FF-FF-FF-FF-FF;NOTIFICATION;0;da1a1500-d532-4285-be94-b07a3e11a098;da1a150a-d532-4285-be94-b07a3e11a098;18;;
386980;1787410644210;150B;Motor-/Controllerblock;20;131;–;FF-FF-FF-FF-FF-FF-FF-FF-FF-FF-FF-FF-FF-FF-FF-FF-FF-FF-FF-FF;NOTIFICATION;0;da1a1500-d532-4285-be94-b07a3e11a098;da1a150b-d532-4285-be94-b07a3e11a098;18;;
387189;1787410644419;150D;Fahrstatistik Max/Ø;20;131;–;01-1B-00-C5-FF-FF-FF-FF-47-18-FF-FF-FF-FF-FF-FF-FF-FF-00-00;NOTIFICATION;0;da1a1500-d532-4285-be94-b07a3e11a098;da1a150d-d532-4285-be94-b07a3e11a098;18;;
388233;1787410645463;1502;Akkuinformationen;16;132;–;47-18-FF-FF-FF-FF-47-18-FF-FF-FF-FF-FF-FF-00-00;NOTIFICATION;0;da1a1500-d532-4285-be94-b07a3e11a098;da1a1502-d532-4285-be94-b07a3e11a098;18;;
388651;1787410645881;1505;BikePerformance / Fahrleistung;18;127;0,1,2,3;00-00-00-00-FF-FF-00-DA-FF-FF-FF-FF-FF-00-00-00-00-00;NOTIFICATION;0;da1a1500-d532-4285-be94-b07a3e11a098;da1a1505-d532-4285-be94-b07a3e11a098;18;;
388861;1787410646091;1506;Trip / Kilometer & Betriebszähler;16;132;3,7;00-00-1C-39-00-02-33-98-00-00-02-D2-00-00-00-00;NOTIFICATION;0;da1a1500-d532-4285-be94-b07a3e11a098;da1a1506-d532-4285-be94-b07a3e11a098;18;;
389284;1787410646514;1508;Settings / Licht & Fahrstufe;17;132;–;00-00-00-02-FF-FF-FF-FF-FF-FF-FF-00-00-00-00-00-00;NOTIFICATION;0;da1a1500-d532-4285-be94-b07a3e11a098;da1a1508-d532-4285-be94-b07a3e11a098;18;;
389481;1787410646711;1509;BatteryChange / Akku-Livestand;11;132;5,6;00-00-FF-FF-20-B3-4C-00-00-00-00;NOTIFICATION;0;da1a1500-d532-4285-be94-b07a3e11a098;da1a1509-d532-4285-be94-b07a3e11a098;18;;
389692;1787410646922;150A;MotorUpdate / Motor-Livestand;10;132;–;00-00-FF-FF-FF-FF-FF-FF-FF-FF;NOTIFICATION;0;da1a1500-d532-4285-be94-b07a3e11a098;da1a150a-d532-4285-be94-b07a3e11a098;18;;
389896;1787410647126;150B;Motor-/Controllerblock;20;132;–;FF-FF-FF-FF-FF-FF-FF-FF-FF-FF-FF-FF-FF-FF-FF-FF-FF-FF-FF-FF;NOTIFICATION;0;da1a1500-d532-4285-be94-b07a3e11a098;da1a150b-d532-4285-be94-b07a3e11a098;18;;
390112;1787410647342;150D;Fahrstatistik Max/Ø;20;132;–;01-1B-00-C5-FF-FF-FF-FF-47-18-FF-FF-FF-FF-FF-FF-FF-FF-00-00;NOTIFICATION;0;da1a1500-d532-4285-be94-b07a3e11a098;da1a150d-d532-4285-be94-b07a3e11a098;18;;
391153;1787410648383;1502;Akkuinformationen;16;133;–;47-18-FF-FF-FF-FF-47-18-FF-FF-FF-FF-FF-FF-00-00;NOTIFICATION;0;da1a1500-d532-4285-be94-b07a3e11a098;da1a1502-d532-4285-be94-b07a3e11a098;18;;
391572;1787410648802;1505;BikePerformance / Fahrleistung;18;128;–;00-00-00-00-FF-FF-00-DA-FF-FF-FF-FF-FF-00-00-00-00-00;NOTIFICATION;0;da1a1500-d532-4285-be94-b07a3e11a098;da1a1505-d532-4285-be94-b07a3e11a098;18;;
391783;1787410649013;1506;Trip / Kilometer & Betriebszähler;16;133;7;00-00-1C-39-00-02-33-9B-00-00-02-D2-00-00-00-00;NOTIFICATION;0;da1a1500-d532-4285-be94-b07a3e11a098;da1a1506-d532-4285-be94-b07a3e11a098;18;;
392202;1787410649432;1508;Settings / Licht & Fahrstufe;17;133;–;00-00-00-02-FF-FF-FF-FF-FF-FF-FF-00-00-00-00-00-00;NOTIFICATION;0;da1a1500-d532-4285-be94-b07a3e11a098;da1a1508-d532-4285-be94-b07a3e11a098;18;;
392402;1787410649632;1509;BatteryChange / Akku-Livestand;11;133;–;00-00-FF-FF-20-B3-4C-00-00-00-00;NOTIFICATION;0;da1a1500-d532-4285-be94-b07a3e11a098;da1a1509-d532-4285-be94-b07a3e11a098;18;;
392611;1787410649841;150A;MotorUpdate / Motor-Livestand;10;133;0,1;03-E8-FF-FF-FF-FF-FF-FF-FF-FF;NOTIFICATION;0;da1a1500-d532-4285-be94-b07a3e11a098;da1a150a-d532-4285-be94-b07a3e11a098;18;;
392822;1787410650052;150B;Motor-/Controllerblock;20;133;–;FF-FF-FF-FF-FF-FF-FF-FF-FF-FF-FF-FF-FF-FF-FF-FF-FF-FF-FF-FF;NOTIFICATION;0;da1a1500-d532-4285-be94-b07a3e11a098;da1a150b-d532-4285-be94-b07a3e11a098;18;;
393032;1787410650262;150D;Fahrstatistik Max/Ø;20;133;–;01-1B-00-C5-FF-FF-FF-FF-47-18-FF-FF-FF-FF-FF-FF-FF-FF-00-00;NOTIFICATION;0;da1a1500-d532-4285-be94-b07a3e11a098;da1a150d-d532-4285-be94-b07a3e11a098;18;;
394074;1787410651304;1502;Akkuinformationen;16;134;–;47-18-FF-FF-FF-FF-47-18-FF-FF-FF-FF-FF-FF-00-00;NOTIFICATION;0;da1a1500-d532-4285-be94-b07a3e11a098;da1a1502-d532-4285-be94-b07a3e11a098;18;;
394492;1787410651722;1505;BikePerformance / Fahrleistung;18;129;–;00-00-00-00-FF-FF-00-DA-FF-FF-FF-FF-FF-00-00-00-00-00;NOTIFICATION;0;da1a1500-d532-4285-be94-b07a3e11a098;da1a1505-d532-4285-be94-b07a3e11a098;18;;
394705;1787410651935;1506;Trip / Kilometer & Betriebszähler;16;134;7;00-00-1C-39-00-02-33-9E-00-00-02-D2-00-00-00-00;NOTIFICATION;0;da1a1500-d532-4285-be94-b07a3e11a098;da1a1506-d532-4285-be94-b07a3e11a098;18;;
395123;1787410652353;1508;Settings / Licht & Fahrstufe;17;134;–;00-00-00-02-FF-FF-FF-FF-FF-FF-FF-00-00-00-00-00-00;NOTIFICATION;0;da1a1500-d532-4285-be94-b07a3e11a098;da1a1508-d532-4285-be94-b07a3e11a098;18;;
395332;1787410652562;1509;BatteryChange / Akku-Livestand;11;134;6,10;00-00-FF-FF-20-B3-B0-00-00-00-2D;NOTIFICATION;0;da1a1500-d532-4285-be94-b07a3e11a098;da1a1509-d532-4285-be94-b07a3e11a098;18;;
395532;1787410652762;150A;MotorUpdate / Motor-Livestand;10;134;0,1;00-00-FF-FF-FF-FF-FF-FF-FF-FF;NOTIFICATION;0;da1a1500-d532-4285-be94-b07a3e11a098;da1a150a-d532-4285-be94-b07a3e11a098;18;;
395742;1787410652972;150B;Motor-/Controllerblock;20;134;–;FF-FF-FF-FF-FF-FF-FF-FF-FF-FF-FF-FF-FF-FF-FF-FF-FF-FF-FF-FF;NOTIFICATION;0;da1a1500-d532-4285-be94-b07a3e11a098;da1a150b-d532-4285-be94-b07a3e11a098;18;;
395953;1787410653183;150D;Fahrstatistik Max/Ø;20;134;–;01-1B-00-C5-FF-FF-FF-FF-47-18-FF-FF-FF-FF-FF-FF-FF-FF-00-00;NOTIFICATION;0;da1a1500-d532-4285-be94-b07a3e11a098;da1a150d-d532-4285-be94-b07a3e11a098;18;;
397003;1787410654233;1502;Akkuinformationen;16;135;–;47-18-FF-FF-FF-FF-47-18-FF-FF-FF-FF-FF-FF-00-00;NOTIFICATION;0;da1a1500-d532-4285-be94-b07a3e11a098;da1a1502-d532-4285-be94-b07a3e11a098;18;;
397414;1787410654644;1505;BikePerformance / Fahrleistung;18;130;0,1,2,3;01-C2-01-C2-FF-FF-00-DA-FF-FF-FF-FF-FF-00-00-00-00-00;NOTIFICATION;0;da1a1500-d532-4285-be94-b07a3e11a098;da1a1505-d532-4285-be94-b07a3e11a098;18;;
397622;1787410654852;1506;Trip / Kilometer & Betriebszähler;16;135;7;00-00-1C-39-00-02-33-A1-00-00-02-D2-00-00-00-00;NOTIFICATION;0;da1a1500-d532-4285-be94-b07a3e11a098;da1a1506-d532-4285-be94-b07a3e11a098;18;;
398045;1787410655275;1508;Settings / Licht & Fahrstufe;17;135;–;00-00-00-02-FF-FF-FF-FF-FF-FF-FF-00-00-00-00-00-00;NOTIFICATION;0;da1a1500-d532-4285-be94-b07a3e11a098;da1a1508-d532-4285-be94-b07a3e11a098;18;;
398252;1787410655482;1509;BatteryChange / Akku-Livestand;11;135;0,1,5,6;03-E8-FF-FF-20-B2-E8-00-00-00-2D;NOTIFICATION;0;da1a1500-d532-4285-be94-b07a3e11a098;da1a1509-d532-4285-be94-b07a3e11a098;18;;
398462;1787410655692;150A;MotorUpdate / Motor-Livestand;10;135;0,1;03-E8-FF-FF-FF-FF-FF-FF-FF-FF;NOTIFICATION;0;da1a1500-d532-4285-be94-b07a3e11a098;da1a150a-d532-4285-be94-b07a3e11a098;18;;
398662;1787410655892;150B;Motor-/Controllerblock;20;135;–;FF-FF-FF-FF-FF-FF-FF-FF-FF-FF-FF-FF-FF-FF-FF-FF-FF-FF-FF-FF;NOTIFICATION;0;da1a1500-d532-4285-be94-b07a3e11a098;da1a150b-d532-4285-be94-b07a3e11a098;18;;
398872;1787410656102;150D;Fahrstatistik Max/Ø;20;135;–;01-1B-00-C5-FF-FF-FF-FF-47-18-FF-FF-FF-FF-FF-FF-FF-FF-00-00;NOTIFICATION;0;da1a1500-d532-4285-be94-b07a3e11a098;da1a150d-d532-4285-be94-b07a3e11a098;18;;
399923;1787410657153;1502;Akkuinformationen;16;136;–;47-18-FF-FF-FF-FF-47-18-FF-FF-FF-FF-FF-FF-00-00;NOTIFICATION;0;da1a1500-d532-4285-be94-b07a3e11a098;da1a1502-d532-4285-be94-b07a3e11a098;18;;
400332;1787410657562;1505;BikePerformance / Fahrleistung;18;131;–;01-C2-01-C2-FF-FF-00-DA-FF-FF-FF-FF-FF-00-00-00-00-00;NOTIFICATION;0;da1a1500-d532-4285-be94-b07a3e11a098;da1a1505-d532-4285-be94-b07a3e11a098;18;;
400542;1787410657772;1506;Trip / Kilometer & Betriebszähler;16;136;7;00-00-1C-39-00-02-33-A4-00-00-02-D2-00-00-00-00;NOTIFICATION;0;da1a1500-d532-4285-be94-b07a3e11a098;da1a1506-d532-4285-be94-b07a3e11a098;18;;
400963;1787410658193;1508;Settings / Licht & Fahrstufe;17;136;–;00-00-00-02-FF-FF-FF-FF-FF-FF-FF-00-00-00-00-00-00;NOTIFICATION;0;da1a1500-d532-4285-be94-b07a3e11a098;da1a1508-d532-4285-be94-b07a3e11a098;18;;
401172;1787410658402;1509;BatteryChange / Akku-Livestand;11;136;–;03-E8-FF-FF-20-B2-E8-00-00-00-2D;NOTIFICATION;0;da1a1500-d532-4285-be94-b07a3e11a098;da1a1509-d532-4285-be94-b07a3e11a098;18;;
401382;1787410658612;150A;MotorUpdate / Motor-Livestand;10;136;0,1;07-D0-FF-FF-FF-FF-FF-FF-FF-FF;NOTIFICATION;0;da1a1500-d532-4285-be94-b07a3e11a098;da1a150a-d532-4285-be94-b07a3e11a098;18;;
401592;1787410658822;150B;Motor-/Controllerblock;20;136;–;FF-FF-FF-FF-FF-FF-FF-FF-FF-FF-FF-FF-FF-FF-FF-FF-FF-FF-FF-FF;NOTIFICATION;0;da1a1500-d532-4285-be94-b07a3e11a098;da1a150b-d532-4285-be94-b07a3e11a098;18;;
401792;1787410659022;150D;Fahrstatistik Max/Ø;20;136;3;01-1B-00-C6-FF-FF-FF-FF-47-18-FF-FF-FF-FF-FF-FF-FF-FF-00-00;NOTIFICATION;0;da1a1500-d532-4285-be94-b07a3e11a098;da1a150d-d532-4285-be94-b07a3e11a098;18;;
402843;1787410660073;1502;Akkuinformationen;16;137;–;47-18-FF-FF-FF-FF-47-18-FF-FF-FF-FF-FF-FF-00-00;NOTIFICATION;0;da1a1500-d532-4285-be94-b07a3e11a098;da1a1502-d532-4285-be94-b07a3e11a098;18;;
403250;1787410660480;1505;BikePerformance / Fahrleistung;18;132;–;01-C2-01-C2-FF-FF-00-DA-FF-FF-FF-FF-FF-00-00-00-00-00;NOTIFICATION;0;da1a1500-d532-4285-be94-b07a3e11a098;da1a1505-d532-4285-be94-b07a3e11a098;18;;
403462;1787410660692;1506;Trip / Kilometer & Betriebszähler;16;137;3,7;00-00-1C-3A-00-02-33-A7-00-00-02-D2-00-00-00-00;NOTIFICATION;0;da1a1500-d532-4285-be94-b07a3e11a098;da1a1506-d532-4285-be94-b07a3e11a098;18;;
403882;1787410661112;1508;Settings / Licht & Fahrstufe;17;137;–;00-00-00-02-FF-FF-FF-FF-FF-FF-FF-00-00-00-00-00-00;NOTIFICATION;0;da1a1500-d532-4285-be94-b07a3e11a098;da1a1508-d532-4285-be94-b07a3e11a098;18;;
404092;1787410661322;1509;BatteryChange / Akku-Livestand;11;137;5,6;03-E8-FF-FF-20-B3-4C-00-00-00-2D;NOTIFICATION;0;da1a1500-d532-4285-be94-b07a3e11a098;da1a1509-d532-4285-be94-b07a3e11a098;18;;
404302;1787410661532;150A;MotorUpdate / Motor-Livestand;10;137;0,1;03-E8-FF-FF-FF-FF-FF-FF-FF-FF;NOTIFICATION;0;da1a1500-d532-4285-be94-b07a3e11a098;da1a150a-d532-4285-be94-b07a3e11a098;18;;
404512;1787410661742;150B;Motor-/Controllerblock;20;137;–;FF-FF-FF-FF-FF-FF-FF-FF-FF-FF-FF-FF-FF-FF-FF-FF-FF-FF-FF-FF;NOTIFICATION;0;da1a1500-d532-4285-be94-b07a3e11a098;da1a150b-d532-4285-be94-b07a3e11a098;18;;
404723;1787410661953;150D;Fahrstatistik Max/Ø;20;137;–;01-1B-00-C6-FF-FF-FF-FF-47-18-FF-FF-FF-FF-FF-FF-FF-FF-00-00;NOTIFICATION;0;da1a1500-d532-4285-be94-b07a3e11a098;da1a150d-d532-4285-be94-b07a3e11a098;18;;
405761;1787410662991;1502;Akkuinformationen;16;138;–;47-18-FF-FF-FF-FF-47-18-FF-FF-FF-FF-FF-FF-00-00;NOTIFICATION;0;da1a1500-d532-4285-be94-b07a3e11a098;da1a1502-d532-4285-be94-b07a3e11a098;18;;
406182;1787410663412;1505;BikePerformance / Fahrleistung;18;133;0,1,2,3;03-8E-03-8E-FF-FF-00-DA-FF-FF-FF-FF-FF-00-00-00-00-00;NOTIFICATION;0;da1a1500-d532-4285-be94-b07a3e11a098;da1a1505-d532-4285-be94-b07a3e11a098;18;;
406383;1787410663613;1506;Trip / Kilometer & Betriebszähler;16;138;7;00-00-1C-3A-00-02-33-AA-00-00-02-D2-00-00-00-00;NOTIFICATION;0;da1a1500-d532-4285-be94-b07a3e11a098;da1a1506-d532-4285-be94-b07a3e11a098;18;;
406802;1787410664032;1508;Settings / Licht & Fahrstufe;17;138;–;00-00-00-02-FF-FF-FF-FF-FF-FF-FF-00-00-00-00-00-00;NOTIFICATION;0;da1a1500-d532-4285-be94-b07a3e11a098;da1a1508-d532-4285-be94-b07a3e11a098;18;;
407011;1787410664241;1509;BatteryChange / Akku-Livestand;11;138;5,6;03-E8-FF-FF-20-B2-E8-00-00-00-2D;NOTIFICATION;0;da1a1500-d532-4285-be94-b07a3e11a098;da1a1509-d532-4285-be94-b07a3e11a098;18;;
407222;1787410664452;150A;MotorUpdate / Motor-Livestand;10;138;–;03-E8-FF-FF-FF-FF-FF-FF-FF-FF;NOTIFICATION;0;da1a1500-d532-4285-be94-b07a3e11a098;da1a150a-d532-4285-be94-b07a3e11a098;18;;
407432;1787410664662;150B;Motor-/Controllerblock;20;138;–;FF-FF-FF-FF-FF-FF-FF-FF-FF-FF-FF-FF-FF-FF-FF-FF-FF-FF-FF-FF;NOTIFICATION;0;da1a1500-d532-4285-be94-b07a3e11a098;da1a150b-d532-4285-be94-b07a3e11a098;18;;
407642;1787410664872;150D;Fahrstatistik Max/Ø;20;138;–;01-1B-00-C6-FF-FF-FF-FF-47-18-FF-FF-FF-FF-FF-FF-FF-FF-00-00;NOTIFICATION;0;da1a1500-d532-4285-be94-b07a3e11a098;da1a150d-d532-4285-be94-b07a3e11a098;18;;
408683;1787410665913;1502;Akkuinformationen;16;139;–;47-18-FF-FF-FF-FF-47-18-FF-FF-FF-FF-FF-FF-00-00;NOTIFICATION;0;da1a1500-d532-4285-be94-b07a3e11a098;da1a1502-d532-4285-be94-b07a3e11a098;18;;
409103;1787410666333;1505;BikePerformance / Fahrleistung;18;134;0,1,2,3;01-C2-01-C2-FF-FF-00-DA-FF-FF-FF-FF-FF-00-00-00-00-00;NOTIFICATION;0;da1a1500-d532-4285-be94-b07a3e11a098;da1a1505-d532-4285-be94-b07a3e11a098;18;;
409311;1787410666541;1506;Trip / Kilometer & Betriebszähler;16;139;7;00-00-1C-3A-00-02-33-AD-00-00-02-D2-00-00-00-00;NOTIFICATION;0;da1a1500-d532-4285-be94-b07a3e11a098;da1a1506-d532-4285-be94-b07a3e11a098;18;;
409723;1787410666953;1508;Settings / Licht & Fahrstufe;17;139;–;00-00-00-02-FF-FF-FF-FF-FF-FF-FF-00-00-00-00-00-00;NOTIFICATION;0;da1a1500-d532-4285-be94-b07a3e11a098;da1a1508-d532-4285-be94-b07a3e11a098;18;;
409933;1787410667163;1509;BatteryChange / Akku-Livestand;11;139;5,6;03-E8-FF-FF-20-B3-4C-00-00-00-2D;NOTIFICATION;0;da1a1500-d532-4285-be94-b07a3e11a098;da1a1509-d532-4285-be94-b07a3e11a098;18;;
410142;1787410667372;150A;MotorUpdate / Motor-Livestand;10;139;0,1;07-D0-FF-FF-FF-FF-FF-FF-FF-FF;NOTIFICATION;0;da1a1500-d532-4285-be94-b07a3e11a098;da1a150a-d532-4285-be94-b07a3e11a098;18;;
410352;1787410667582;150B;Motor-/Controllerblock;20;139;–;FF-FF-FF-FF-FF-FF-FF-FF-FF-FF-FF-FF-FF-FF-FF-FF-FF-FF-FF-FF;NOTIFICATION;0;da1a1500-d532-4285-be94-b07a3e11a098;da1a150b-d532-4285-be94-b07a3e11a098;18;;
410562;1787410667792;150D;Fahrstatistik Max/Ø;20;139;–;01-1B-00-C6-FF-FF-FF-FF-47-18-FF-FF-FF-FF-FF-FF-FF-FF-00-00;NOTIFICATION;0;da1a1500-d532-4285-be94-b07a3e11a098;da1a150d-d532-4285-be94-b07a3e11a098;18;;
411603;1787410668833;1502;Akkuinformationen;16;140;–;47-18-FF-FF-FF-FF-47-18-FF-FF-FF-FF-FF-FF-00-00;NOTIFICATION;0;da1a1500-d532-4285-be94-b07a3e11a098;da1a1502-d532-4285-be94-b07a3e11a098;18;;
412023;1787410669253;1505;BikePerformance / Fahrleistung;18;135;–;01-C2-01-C2-FF-FF-00-DA-FF-FF-FF-FF-FF-00-00-00-00-00;NOTIFICATION;0;da1a1500-d532-4285-be94-b07a3e11a098;da1a1505-d532-4285-be94-b07a3e11a098;18;;
412232;1787410669462;1506;Trip / Kilometer & Betriebszähler;16;140;7;00-00-1C-3A-00-02-33-AF-00-00-02-D2-00-00-00-00;NOTIFICATION;0;da1a1500-d532-4285-be94-b07a3e11a098;da1a1506-d532-4285-be94-b07a3e11a098;18;;
412642;1787410669872;1508;Settings / Licht & Fahrstufe;17;140;–;00-00-00-02-FF-FF-FF-FF-FF-FF-FF-00-00-00-00-00-00;NOTIFICATION;0;da1a1500-d532-4285-be94-b07a3e11a098;da1a1508-d532-4285-be94-b07a3e11a098;18;;
412851;1787410670081;1509;BatteryChange / Akku-Livestand;11;140;5,6;03-E8-FF-FF-20-B2-E8-00-00-00-2D;NOTIFICATION;0;da1a1500-d532-4285-be94-b07a3e11a098;da1a1509-d532-4285-be94-b07a3e11a098;18;;
413062;1787410670292;150A;MotorUpdate / Motor-Livestand;10;140;0,1;00-00-FF-FF-FF-FF-FF-FF-FF-FF;NOTIFICATION;0;da1a1500-d532-4285-be94-b07a3e11a098;da1a150a-d532-4285-be94-b07a3e11a098;18;;
413273;1787410670503;150B;Motor-/Controllerblock;20;140;–;FF-FF-FF-FF-FF-FF-FF-FF-FF-FF-FF-FF-FF-FF-FF-FF-FF-FF-FF-FF;NOTIFICATION;0;da1a1500-d532-4285-be94-b07a3e11a098;da1a150b-d532-4285-be94-b07a3e11a098;18;;
413482;1787410670712;150D;Fahrstatistik Max/Ø;20;140;–;01-1B-00-C6-FF-FF-FF-FF-47-18-FF-FF-FF-FF-FF-FF-FF-FF-00-00;NOTIFICATION;0;da1a1500-d532-4285-be94-b07a3e11a098;da1a150d-d532-4285-be94-b07a3e11a098;18;;
414523;1787410671753;1502;Akkuinformationen;16;141;–;47-18-FF-FF-FF-FF-47-18-FF-FF-FF-FF-FF-FF-00-00;NOTIFICATION;0;da1a1500-d532-4285-be94-b07a3e11a098;da1a1502-d532-4285-be94-b07a3e11a098;18;;
414942;1787410672172;1505;BikePerformance / Fahrleistung;18;136;0,1,2,3;00-00-00-00-FF-FF-00-DA-FF-FF-FF-FF-FF-00-00-00-00-00;NOTIFICATION;0;da1a1500-d532-4285-be94-b07a3e11a098;da1a1505-d532-4285-be94-b07a3e11a098;18;;
415153;1787410672383;1506;Trip / Kilometer & Betriebszähler;16;141;7;00-00-1C-3A-00-02-33-B2-00-00-02-D2-00-00-00-00;NOTIFICATION;0;da1a1500-d532-4285-be94-b07a3e11a098;da1a1506-d532-4285-be94-b07a3e11a098;18;;
415562;1787410672792;1508;Settings / Licht & Fahrstufe;17;141;–;00-00-00-02-FF-FF-FF-FF-FF-FF-FF-00-00-00-00-00-00;NOTIFICATION;0;da1a1500-d532-4285-be94-b07a3e11a098;da1a1508-d532-4285-be94-b07a3e11a098;18;;
415773;1787410673003;1509;BatteryChange / Akku-Livestand;11;141;0,1,5,6,10;00-00-FF-FF-20-B3-4C-00-00-00-00;NOTIFICATION;0;da1a1500-d532-4285-be94-b07a3e11a098;da1a1509-d532-4285-be94-b07a3e11a098;18;;
415982;1787410673212;150A;MotorUpdate / Motor-Livestand;10;141;–;00-00-FF-FF-FF-FF-FF-FF-FF-FF;NOTIFICATION;0;da1a1500-d532-4285-be94-b07a3e11a098;da1a150a-d532-4285-be94-b07a3e11a098;18;;
416193;1787410673423;150B;Motor-/Controllerblock;20;141;–;FF-FF-FF-FF-FF-FF-FF-FF-FF-FF-FF-FF-FF-FF-FF-FF-FF-FF-FF-FF;NOTIFICATION;0;da1a1500-d532-4285-be94-b07a3e11a098;da1a150b-d532-4285-be94-b07a3e11a098;18;;
416403;1787410673633;150D;Fahrstatistik Max/Ø;20;141;–;01-1B-00-C6-FF-FF-FF-FF-47-18-FF-FF-FF-FF-FF-FF-FF-FF-00-00;NOTIFICATION;0;da1a1500-d532-4285-be94-b07a3e11a098;da1a150d-d532-4285-be94-b07a3e11a098;18;;
417443;1787410674673;1502;Akkuinformationen;16;142;–;47-18-FF-FF-FF-FF-47-18-FF-FF-FF-FF-FF-FF-00-00;NOTIFICATION;0;da1a1500-d532-4285-be94-b07a3e11a098;da1a1502-d532-4285-be94-b07a3e11a098;18;;
417865;1787410675095;1505;BikePerformance / Fahrleistung;18;137;0,1,2,3;01-C2-01-C2-FF-FF-00-DA-FF-FF-FF-FF-FF-00-00-00-00-00;NOTIFICATION;0;da1a1500-d532-4285-be94-b07a3e11a098;da1a1505-d532-4285-be94-b07a3e11a098;18;;
418072;1787410675302;1506;Trip / Kilometer & Betriebszähler;16;142;7;00-00-1C-3A-00-02-33-B5-00-00-02-D2-00-00-00-00;NOTIFICATION;0;da1a1500-d532-4285-be94-b07a3e11a098;da1a1506-d532-4285-be94-b07a3e11a098;18;;
418482;1787410675712;1508;Settings / Licht & Fahrstufe;17;142;–;00-00-00-02-FF-FF-FF-FF-FF-FF-FF-00-00-00-00-00-00;NOTIFICATION;0;da1a1500-d532-4285-be94-b07a3e11a098;da1a1508-d532-4285-be94-b07a3e11a098;18;;
418693;1787410675923;1509;BatteryChange / Akku-Livestand;11;142;0,1,5,6,10;03-E8-FF-FF-20-B2-E8-00-00-00-2D;NOTIFICATION;0;da1a1500-d532-4285-be94-b07a3e11a098;da1a1509-d532-4285-be94-b07a3e11a098;18;;
418901;1787410676131;150A;MotorUpdate / Motor-Livestand;10;142;0,1;07-D0-FF-FF-FF-FF-FF-FF-FF-FF;NOTIFICATION;0;da1a1500-d532-4285-be94-b07a3e11a098;da1a150a-d532-4285-be94-b07a3e11a098;18;;
419112;1787410676342;150B;Motor-/Controllerblock;20;142;–;FF-FF-FF-FF-FF-FF-FF-FF-FF-FF-FF-FF-FF-FF-FF-FF-FF-FF-FF-FF;NOTIFICATION;0;da1a1500-d532-4285-be94-b07a3e11a098;da1a150b-d532-4285-be94-b07a3e11a098;18;;
419332;1787410676562;150D;Fahrstatistik Max/Ø;20;142;–;01-1B-00-C6-FF-FF-FF-FF-47-18-FF-FF-FF-FF-FF-FF-FF-FF-00-00;NOTIFICATION;0;da1a1500-d532-4285-be94-b07a3e11a098;da1a150d-d532-4285-be94-b07a3e11a098;18;;
420362;1787410677592;1502;Akkuinformationen;16;143;–;47-18-FF-FF-FF-FF-47-18-FF-FF-FF-FF-FF-FF-00-00;NOTIFICATION;0;da1a1500-d532-4285-be94-b07a3e11a098;da1a1502-d532-4285-be94-b07a3e11a098;18;;
420782;1787410678012;1505;BikePerformance / Fahrleistung;18;138;–;01-C2-01-C2-FF-FF-00-DA-FF-FF-FF-FF-FF-00-00-00-00-00;NOTIFICATION;0;da1a1500-d532-4285-be94-b07a3e11a098;da1a1505-d532-4285-be94-b07a3e11a098;18;;
420992;1787410678222;1506;Trip / Kilometer & Betriebszähler;16;143;3,7;00-00-1C-3B-00-02-33-B8-00-00-02-D2-00-00-00-00;NOTIFICATION;0;da1a1500-d532-4285-be94-b07a3e11a098;da1a1506-d532-4285-be94-b07a3e11a098;18;;
421409;1787410678639;1508;Settings / Licht & Fahrstufe;17;143;–;00-00-00-02-FF-FF-FF-FF-FF-FF-FF-00-00-00-00-00-00;NOTIFICATION;0;da1a1500-d532-4285-be94-b07a3e11a098;da1a1508-d532-4285-be94-b07a3e11a098;18;;
421612;1787410678842;1509;BatteryChange / Akku-Livestand;11;143;0,1,5,6,10;00-00-FF-FF-20-B3-4C-00-00-00-00;NOTIFICATION;0;da1a1500-d532-4285-be94-b07a3e11a098;da1a1509-d532-4285-be94-b07a3e11a098;18;;
421822;1787410679052;150A;MotorUpdate / Motor-Livestand;10;143;0,1;03-E8-FF-FF-FF-FF-FF-FF-FF-FF;NOTIFICATION;0;da1a1500-d532-4285-be94-b07a3e11a098;da1a150a-d532-4285-be94-b07a3e11a098;18;;
422032;1787410679262;150B;Motor-/Controllerblock;20;143;–;FF-FF-FF-FF-FF-FF-FF-FF-FF-FF-FF-FF-FF-FF-FF-FF-FF-FF-FF-FF;NOTIFICATION;0;da1a1500-d532-4285-be94-b07a3e11a098;da1a150b-d532-4285-be94-b07a3e11a098;18;;
422244;1787410679474;150D;Fahrstatistik Max/Ø;20;143;–;01-1B-00-C6-FF-FF-FF-FF-47-18-FF-FF-FF-FF-FF-FF-FF-FF-00-00;NOTIFICATION;0;da1a1500-d532-4285-be94-b07a3e11a098;da1a150d-d532-4285-be94-b07a3e11a098;18;;
423282;1787410680512;1502;Akkuinformationen;16;144;–;47-18-FF-FF-FF-FF-47-18-FF-FF-FF-FF-FF-FF-00-00;NOTIFICATION;0;da1a1500-d532-4285-be94-b07a3e11a098;da1a1502-d532-4285-be94-b07a3e11a098;18;;
423703;1787410680933;1505;BikePerformance / Fahrleistung;18;139;0,1,2,3;00-00-00-00-FF-FF-00-DA-FF-FF-FF-FF-FF-00-00-00-00-00;NOTIFICATION;0;da1a1500-d532-4285-be94-b07a3e11a098;da1a1505-d532-4285-be94-b07a3e11a098;18;;
423915;1787410681145;1506;Trip / Kilometer & Betriebszähler;16;144;7;00-00-1C-3B-00-02-33-BB-00-00-02-D2-00-00-00-00;NOTIFICATION;0;da1a1500-d532-4285-be94-b07a3e11a098;da1a1506-d532-4285-be94-b07a3e11a098;18;;
424333;1787410681563;1508;Settings / Licht & Fahrstufe;17;144;–;00-00-00-02-FF-FF-FF-FF-FF-FF-FF-00-00-00-00-00-00;NOTIFICATION;0;da1a1500-d532-4285-be94-b07a3e11a098;da1a1508-d532-4285-be94-b07a3e11a098;18;;
424533;1787410681763;1509;BatteryChange / Akku-Livestand;11;144;0,1,10;03-E8-FF-FF-20-B3-4C-00-00-00-2D;NOTIFICATION;0;da1a1500-d532-4285-be94-b07a3e11a098;da1a1509-d532-4285-be94-b07a3e11a098;18;;
424742;1787410681972;150A;MotorUpdate / Motor-Livestand;10;144;0,1;00-00-FF-FF-FF-FF-FF-FF-FF-FF;NOTIFICATION;0;da1a1500-d532-4285-be94-b07a3e11a098;da1a150a-d532-4285-be94-b07a3e11a098;18;;
424951;1787410682181;150B;Motor-/Controllerblock;20;144;–;FF-FF-FF-FF-FF-FF-FF-FF-FF-FF-FF-FF-FF-FF-FF-FF-FF-FF-FF-FF;NOTIFICATION;0;da1a1500-d532-4285-be94-b07a3e11a098;da1a150b-d532-4285-be94-b07a3e11a098;18;;
425163;1787410682393;150D;Fahrstatistik Max/Ø;20;144;–;01-1B-00-C6-FF-FF-FF-FF-47-18-FF-FF-FF-FF-FF-FF-FF-FF-00-00;NOTIFICATION;0;da1a1500-d532-4285-be94-b07a3e11a098;da1a150d-d532-4285-be94-b07a3e11a098;18;;
426203;1787410683433;1502;Akkuinformationen;16;145;–;47-18-FF-FF-FF-FF-47-18-FF-FF-FF-FF-FF-FF-00-00;NOTIFICATION;0;da1a1500-d532-4285-be94-b07a3e11a098;da1a1502-d532-4285-be94-b07a3e11a098;18;;
426623;1787410683853;1505;BikePerformance / Fahrleistung;18;140;0,1,2,3;03-8E-03-8E-FF-FF-00-DA-FF-FF-FF-FF-FF-00-00-00-00-00;NOTIFICATION;0;da1a1500-d532-4285-be94-b07a3e11a098;da1a1505-d532-4285-be94-b07a3e11a098;18;;
426833;1787410684063;1506;Trip / Kilometer & Betriebszähler;16;145;7;00-00-1C-3B-00-02-33-BE-00-00-02-D2-00-00-00-00;NOTIFICATION;0;da1a1500-d532-4285-be94-b07a3e11a098;da1a1506-d532-4285-be94-b07a3e11a098;18;;
427252;1787410684482;1508;Settings / Licht & Fahrstufe;17;145;–;00-00-00-02-FF-FF-FF-FF-FF-FF-FF-00-00-00-00-00-00;NOTIFICATION;0;da1a1500-d532-4285-be94-b07a3e11a098;da1a1508-d532-4285-be94-b07a3e11a098;18;;
427461;1787410684691;1509;BatteryChange / Akku-Livestand;11;145;5,6;03-E8-FF-FF-20-B2-E8-00-00-00-2D;NOTIFICATION;0;da1a1500-d532-4285-be94-b07a3e11a098;da1a1509-d532-4285-be94-b07a3e11a098;18;;
427664;1787410684894;150A;MotorUpdate / Motor-Livestand;10;145;0,1;03-E8-FF-FF-FF-FF-FF-FF-FF-FF;NOTIFICATION;0;da1a1500-d532-4285-be94-b07a3e11a098;da1a150a-d532-4285-be94-b07a3e11a098;18;;
427872;1787410685102;150B;Motor-/Controllerblock;20;145;–;FF-FF-FF-FF-FF-FF-FF-FF-FF-FF-FF-FF-FF-FF-FF-FF-FF-FF-FF-FF;NOTIFICATION;0;da1a1500-d532-4285-be94-b07a3e11a098;da1a150b-d532-4285-be94-b07a3e11a098;18;;
428082;1787410685312;150D;Fahrstatistik Max/Ø;20;145;–;01-1B-00-C6-FF-FF-FF-FF-47-18-FF-FF-FF-FF-FF-FF-FF-FF-00-00;NOTIFICATION;0;da1a1500-d532-4285-be94-b07a3e11a098;da1a150d-d532-4285-be94-b07a3e11a098;18;;
429123;1787410686353;1502;Akkuinformationen;16;146;–;47-18-FF-FF-FF-FF-47-18-FF-FF-FF-FF-FF-FF-00-00;NOTIFICATION;0;da1a1500-d532-4285-be94-b07a3e11a098;da1a1502-d532-4285-be94-b07a3e11a098;18;;
429542;1787410686772;1505;BikePerformance / Fahrleistung;18;141;0,1,2,3;01-C2-01-C2-FF-FF-00-DA-FF-FF-FF-FF-FF-00-00-00-00-00;NOTIFICATION;0;da1a1500-d532-4285-be94-b07a3e11a098;da1a1505-d532-4285-be94-b07a3e11a098;18;;
429752;1787410686982;1506;Trip / Kilometer & Betriebszähler;16;146;7;00-00-1C-3B-00-02-33-C1-00-00-02-D2-00-00-00-00;NOTIFICATION;0;da1a1500-d532-4285-be94-b07a3e11a098;da1a1506-d532-4285-be94-b07a3e11a098;18;;
430173;1787410687403;1508;Settings / Licht & Fahrstufe;17;146;–;00-00-00-02-FF-FF-FF-FF-FF-FF-FF-00-00-00-00-00-00;NOTIFICATION;0;da1a1500-d532-4285-be94-b07a3e11a098;da1a1508-d532-4285-be94-b07a3e11a098;18;;
430382;1787410687612;1509;BatteryChange / Akku-Livestand;11;146;5,6;03-E8-FF-FF-20-B3-4C-00-00-00-2D;NOTIFICATION;0;da1a1500-d532-4285-be94-b07a3e11a098;da1a1509-d532-4285-be94-b07a3e11a098;18;;
430583;1787410687813;150A;MotorUpdate / Motor-Livestand;10;146;–;03-E8-FF-FF-FF-FF-FF-FF-FF-FF;NOTIFICATION;0;da1a1500-d532-4285-be94-b07a3e11a098;da1a150a-d532-4285-be94-b07a3e11a098;18;;
430792;1787410688022;150B;Motor-/Controllerblock;20;146;–;FF-FF-FF-FF-FF-FF-FF-FF-FF-FF-FF-FF-FF-FF-FF-FF-FF-FF-FF-FF;NOTIFICATION;0;da1a1500-d532-4285-be94-b07a3e11a098;da1a150b-d532-4285-be94-b07a3e11a098;18;;
431001;1787410688231;150D;Fahrstatistik Max/Ø;20;146;–;01-1B-00-C6-FF-FF-FF-FF-47-18-FF-FF-FF-FF-FF-FF-FF-FF-00-00;NOTIFICATION;0;da1a1500-d532-4285-be94-b07a3e11a098;da1a150d-d532-4285-be94-b07a3e11a098;18;;
432053;1787410689283;1502;Akkuinformationen;16;147;–;47-18-FF-FF-FF-FF-47-18-FF-FF-FF-FF-FF-FF-00-00;NOTIFICATION;0;da1a1500-d532-4285-be94-b07a3e11a098;da1a1502-d532-4285-be94-b07a3e11a098;18;;
432462;1787410689692;1505;BikePerformance / Fahrleistung;18;142;0,1,2,3;03-8E-03-8E-FF-FF-00-DA-FF-FF-FF-FF-FF-00-00-00-00-00;NOTIFICATION;0;da1a1500-d532-4285-be94-b07a3e11a098;da1a1505-d532-4285-be94-b07a3e11a098;18;;
432673;1787410689903;1506;Trip / Kilometer & Betriebszähler;16;147;7;00-00-1C-3B-00-02-33-C4-00-00-02-D2-00-00-00-00;NOTIFICATION;0;da1a1500-d532-4285-be94-b07a3e11a098;da1a1506-d532-4285-be94-b07a3e11a098;18;;
433093;1787410690323;1508;Settings / Licht & Fahrstufe;17;147;–;00-00-00-02-FF-FF-FF-FF-FF-FF-FF-00-00-00-00-00-00;NOTIFICATION;0;da1a1500-d532-4285-be94-b07a3e11a098;da1a1508-d532-4285-be94-b07a3e11a098;18;;
433303;1787410690533;1509;BatteryChange / Akku-Livestand;11;147;5,6;03-E8-FF-FF-20-B2-E8-00-00-00-2D;NOTIFICATION;0;da1a1500-d532-4285-be94-b07a3e11a098;da1a1509-d532-4285-be94-b07a3e11a098;18;;
433513;1787410690743;150A;MotorUpdate / Motor-Livestand;10;147;0,1;07-D0-FF-FF-FF-FF-FF-FF-FF-FF;NOTIFICATION;0;da1a1500-d532-4285-be94-b07a3e11a098;da1a150a-d532-4285-be94-b07a3e11a098;18;;
433713;1787410690943;150B;Motor-/Controllerblock;20;147;–;FF-FF-FF-FF-FF-FF-FF-FF-FF-FF-FF-FF-FF-FF-FF-FF-FF-FF-FF-FF;NOTIFICATION;0;da1a1500-d532-4285-be94-b07a3e11a098;da1a150b-d532-4285-be94-b07a3e11a098;18;;
433923;1787410691153;150D;Fahrstatistik Max/Ø;20;147;–;01-1B-00-C6-FF-FF-FF-FF-47-18-FF-FF-FF-FF-FF-FF-FF-FF-00-00;NOTIFICATION;0;da1a1500-d532-4285-be94-b07a3e11a098;da1a150d-d532-4285-be94-b07a3e11a098;18;;
434973;1787410692203;1502;Akkuinformationen;16;148;–;47-18-FF-FF-FF-FF-47-18-FF-FF-FF-FF-FF-FF-00-00;NOTIFICATION;0;da1a1500-d532-4285-be94-b07a3e11a098;da1a1502-d532-4285-be94-b07a3e11a098;18;;
435382;1787410692612;1505;BikePerformance / Fahrleistung;18;143;0,1,2,3;01-C2-01-C2-FF-FF-00-DA-FF-FF-FF-FF-FF-00-00-00-00-00;NOTIFICATION;0;da1a1500-d532-4285-be94-b07a3e11a098;da1a1505-d532-4285-be94-b07a3e11a098;18;;
435593;1787410692823;1506;Trip / Kilometer & Betriebszähler;16;148;3,7;00-00-1C-3C-00-02-33-C7-00-00-02-D2-00-00-00-00;NOTIFICATION;0;da1a1500-d532-4285-be94-b07a3e11a098;da1a1506-d532-4285-be94-b07a3e11a098;18;;
436015;1787410693245;1508;Settings / Licht & Fahrstufe;17;148;–;00-00-00-02-FF-FF-FF-FF-FF-FF-FF-00-00-00-00-00-00;NOTIFICATION;0;da1a1500-d532-4285-be94-b07a3e11a098;da1a1508-d532-4285-be94-b07a3e11a098;18;;
436225;1787410693455;1509;BatteryChange / Akku-Livestand;11;148;0,1,6,10;0B-B8-FF-FF-20-B2-20-00-00-00-88;NOTIFICATION;0;da1a1500-d532-4285-be94-b07a3e11a098;da1a1509-d532-4285-be94-b07a3e11a098;18;;
436433;1787410693663;150A;MotorUpdate / Motor-Livestand;10;148;–;07-D0-FF-FF-FF-FF-FF-FF-FF-FF;NOTIFICATION;0;da1a1500-d532-4285-be94-b07a3e11a098;da1a150a-d532-4285-be94-b07a3e11a098;18;;
436643;1787410693873;150B;Motor-/Controllerblock;20;148;–;FF-FF-FF-FF-FF-FF-FF-FF-FF-FF-FF-FF-FF-FF-FF-FF-FF-FF-FF-FF;NOTIFICATION;0;da1a1500-d532-4285-be94-b07a3e11a098;da1a150b-d532-4285-be94-b07a3e11a098;18;;
436843;1787410694073;150D;Fahrstatistik Max/Ø;20;148;–;01-1B-00-C6-FF-FF-FF-FF-47-18-FF-FF-FF-FF-FF-FF-FF-FF-00-00;NOTIFICATION;0;da1a1500-d532-4285-be94-b07a3e11a098;da1a150d-d532-4285-be94-b07a3e11a098;18;;
437892;1787410695122;1502;Akkuinformationen;16;149;–;47-18-FF-FF-FF-FF-47-18-FF-FF-FF-FF-FF-FF-00-00;NOTIFICATION;0;da1a1500-d532-4285-be94-b07a3e11a098;da1a1502-d532-4285-be94-b07a3e11a098;18;;
438302;1787410695532;1505;BikePerformance / Fahrleistung;18;144;0,1,2,3;05-50-05-50-FF-FF-00-DA-FF-FF-FF-FF-FF-00-00-00-00-00;NOTIFICATION;0;da1a1500-d532-4285-be94-b07a3e11a098;da1a1505-d532-4285-be94-b07a3e11a098;18;;
438513;1787410695743;1506;Trip / Kilometer & Betriebszähler;16;149;7;00-00-1C-3C-00-02-33-CA-00-00-02-D2-00-00-00-00;NOTIFICATION;0;da1a1500-d532-4285-be94-b07a3e11a098;da1a1506-d532-4285-be94-b07a3e11a098;18;;
438933;1787410696163;1508;Settings / Licht & Fahrstufe;17;149;–;00-00-00-02-FF-FF-FF-FF-FF-FF-FF-00-00-00-00-00-00;NOTIFICATION;0;da1a1500-d532-4285-be94-b07a3e11a098;da1a1508-d532-4285-be94-b07a3e11a098;18;;
439143;1787410696373;1509;BatteryChange / Akku-Livestand;11;149;0,1,10;07-D0-FF-FF-20-B2-20-00-00-00-5B;NOTIFICATION;0;da1a1500-d532-4285-be94-b07a3e11a098;da1a1509-d532-4285-be94-b07a3e11a098;18;;
439352;1787410696582;150A;MotorUpdate / Motor-Livestand;10;149;0,1;0B-B8-FF-FF-FF-FF-FF-FF-FF-FF;NOTIFICATION;0;da1a1500-d532-4285-be94-b07a3e11a098;da1a150a-d532-4285-be94-b07a3e11a098;18;;
439560;1787410696790;150B;Motor-/Controllerblock;20;149;–;FF-FF-FF-FF-FF-FF-FF-FF-FF-FF-FF-FF-FF-FF-FF-FF-FF-FF-FF-FF;NOTIFICATION;0;da1a1500-d532-4285-be94-b07a3e11a098;da1a150b-d532-4285-be94-b07a3e11a098;18;;
439777;1787410697007;150D;Fahrstatistik Max/Ø;20;149;–;01-1B-00-C6-FF-FF-FF-FF-47-18-FF-FF-FF-FF-FF-FF-FF-FF-00-00;NOTIFICATION;0;da1a1500-d532-4285-be94-b07a3e11a098;da1a150d-d532-4285-be94-b07a3e11a098;18;;
440814;1787410698044;1502;Akkuinformationen;16;150;–;47-18-FF-FF-FF-FF-47-18-FF-FF-FF-FF-FF-FF-00-00;NOTIFICATION;0;da1a1500-d532-4285-be94-b07a3e11a098;da1a1502-d532-4285-be94-b07a3e11a098;18;;
441234;1787410698464;1505;BikePerformance / Fahrleistung;18;145;1,3;05-5A-05-5A-FF-FF-00-DA-FF-FF-FF-FF-FF-00-00-00-00-00;NOTIFICATION;0;da1a1500-d532-4285-be94-b07a3e11a098;da1a1505-d532-4285-be94-b07a3e11a098;18;;
441432;1787410698662;1506;Trip / Kilometer & Betriebszähler;16;150;7;00-00-1C-3C-00-02-33-CD-00-00-02-D2-00-00-00-00;NOTIFICATION;0;da1a1500-d532-4285-be94-b07a3e11a098;da1a1506-d532-4285-be94-b07a3e11a098;18;;
441855;1787410699085;1508;Settings / Licht & Fahrstufe;17;150;–;00-00-00-02-FF-FF-FF-FF-FF-FF-FF-00-00-00-00-00-00;NOTIFICATION;0;da1a1500-d532-4285-be94-b07a3e11a098;da1a1508-d532-4285-be94-b07a3e11a098;18;;
442064;1787410699294;1509;BatteryChange / Akku-Livestand;11;150;0,1,10;0B-B8-FF-FF-20-B2-20-00-00-00-88;NOTIFICATION;0;da1a1500-d532-4285-be94-b07a3e11a098;da1a1509-d532-4285-be94-b07a3e11a098;18;;
442275;1787410699505;150A;MotorUpdate / Motor-Livestand;10;150;–;0B-B8-FF-FF-FF-FF-FF-FF-FF-FF;NOTIFICATION;0;da1a1500-d532-4285-be94-b07a3e11a098;da1a150a-d532-4285-be94-b07a3e11a098;18;;
442484;1787410699714;150B;Motor-/Controllerblock;20;150;–;FF-FF-FF-FF-FF-FF-FF-FF-FF-FF-FF-FF-FF-FF-FF-FF-FF-FF-FF-FF;NOTIFICATION;0;da1a1500-d532-4285-be94-b07a3e11a098;da1a150b-d532-4285-be94-b07a3e11a098;18;;
442693;1787410699923;150D;Fahrstatistik Max/Ø;20;150;–;01-1B-00-C6-FF-FF-FF-FF-47-18-FF-FF-FF-FF-FF-FF-FF-FF-00-00;NOTIFICATION;0;da1a1500-d532-4285-be94-b07a3e11a098;da1a150d-d532-4285-be94-b07a3e11a098;18;;
443733;1787410700963;1502;Akkuinformationen;16;151;–;47-18-FF-FF-FF-FF-47-18-FF-FF-FF-FF-FF-FF-00-00;NOTIFICATION;0;da1a1500-d532-4285-be94-b07a3e11a098;da1a1502-d532-4285-be94-b07a3e11a098;18;;
444155;1787410701385;1505;BikePerformance / Fahrleistung;18;146;0,1,2,3;07-1C-07-1C-FF-FF-00-DA-FF-FF-FF-FF-FF-00-00-00-00-00;NOTIFICATION;0;da1a1500-d532-4285-be94-b07a3e11a098;da1a1505-d532-4285-be94-b07a3e11a098;18;;
444362;1787410701592;1506;Trip / Kilometer & Betriebszähler;16;151;7;00-00-1C-3C-00-02-33-D0-00-00-02-D2-00-00-00-00;NOTIFICATION;0;da1a1500-d532-4285-be94-b07a3e11a098;da1a1506-d532-4285-be94-b07a3e11a098;18;;
444774;1787410702004;1508;Settings / Licht & Fahrstufe;17;151;–;00-00-00-02-FF-FF-FF-FF-FF-FF-FF-00-00-00-00-00-00;NOTIFICATION;0;da1a1500-d532-4285-be94-b07a3e11a098;da1a1508-d532-4285-be94-b07a3e11a098;18;;
444982;1787410702212;1509;BatteryChange / Akku-Livestand;11;151;0,1,4,5,6,10;00-00-FF-FF-21-B3-B0-00-00-00-00;NOTIFICATION;0;da1a1500-d532-4285-be94-b07a3e11a098;da1a1509-d532-4285-be94-b07a3e11a098;18;;
445193;1787410702423;150A;MotorUpdate / Motor-Livestand;10;151;0,1;00-00-FF-FF-FF-FF-FF-FF-FF-FF;NOTIFICATION;0;da1a1500-d532-4285-be94-b07a3e11a098;da1a150a-d532-4285-be94-b07a3e11a098;18;;
445403;1787410702633;150B;Motor-/Controllerblock;20;151;–;FF-FF-FF-FF-FF-FF-FF-FF-FF-FF-FF-FF-FF-FF-FF-FF-FF-FF-FF-FF;NOTIFICATION;0;da1a1500-d532-4285-be94-b07a3e11a098;da1a150b-d532-4285-be94-b07a3e11a098;18;;
445614;1787410702844;150D;Fahrstatistik Max/Ø;20;151;–;01-1B-00-C6-FF-FF-FF-FF-47-18-FF-FF-FF-FF-FF-FF-FF-FF-00-00;NOTIFICATION;0;da1a1500-d532-4285-be94-b07a3e11a098;da1a150d-d532-4285-be94-b07a3e11a098;18;;
446653;1787410703883;1502;Akkuinformationen;16;152;–;47-18-FF-FF-FF-FF-47-18-FF-FF-FF-FF-FF-FF-00-00;NOTIFICATION;0;da1a1500-d532-4285-be94-b07a3e11a098;da1a1502-d532-4285-be94-b07a3e11a098;18;;
447073;1787410704303;1505;BikePerformance / Fahrleistung;18;147;0,1,2,3,7;0E-10-0E-10-FF-FF-00-C1-FF-FF-FF-FF-FF-00-00-00-00-00;NOTIFICATION;0;da1a1500-d532-4285-be94-b07a3e11a098;da1a1505-d532-4285-be94-b07a3e11a098;18;;
447283;1787410704513;1506;Trip / Kilometer & Betriebszähler;16;152;7;00-00-1C-3C-00-02-33-D3-00-00-02-D2-00-00-00-00;NOTIFICATION;0;da1a1500-d532-4285-be94-b07a3e11a098;da1a1506-d532-4285-be94-b07a3e11a098;18;;
447694;1787410704924;1508;Settings / Licht & Fahrstufe;17;152;–;00-00-00-02-FF-FF-FF-FF-FF-FF-FF-00-00-00-00-00-00;NOTIFICATION;0;da1a1500-d532-4285-be94-b07a3e11a098;da1a1508-d532-4285-be94-b07a3e11a098;18;;
447903;1787410705133;1509;BatteryChange / Akku-Livestand;11;152;0,1,4,5,6,9,10;17-70-FF-FF-23-B0-F4-00-00-01-0F;NOTIFICATION;0;da1a1500-d532-4285-be94-b07a3e11a098;da1a1509-d532-4285-be94-b07a3e11a098;18;;
448113;1787410705343;150A;MotorUpdate / Motor-Livestand;10;152;0,1;17-70-FF-FF-FF-FF-FF-FF-FF-FF;NOTIFICATION;0;da1a1500-d532-4285-be94-b07a3e11a098;da1a150a-d532-4285-be94-b07a3e11a098;18;;
448323;1787410705553;150B;Motor-/Controllerblock;20;152;–;FF-FF-FF-FF-FF-FF-FF-FF-FF-FF-FF-FF-FF-FF-FF-FF-FF-FF-FF-FF;NOTIFICATION;0;da1a1500-d532-4285-be94-b07a3e11a098;da1a150b-d532-4285-be94-b07a3e11a098;18;;
448532;1787410705762;150D;Fahrstatistik Max/Ø;20;152;–;01-1B-00-C6-FF-FF-FF-FF-47-18-FF-FF-FF-FF-FF-FF-FF-FF-00-00;NOTIFICATION;0;da1a1500-d532-4285-be94-b07a3e11a098;da1a150d-d532-4285-be94-b07a3e11a098;18;;
449573;1787410706803;1502;Akkuinformationen;16;153;–;47-18-FF-FF-FF-FF-47-18-FF-FF-FF-FF-FF-FF-00-00;NOTIFICATION;0;da1a1500-d532-4285-be94-b07a3e11a098;da1a1502-d532-4285-be94-b07a3e11a098;18;;
449994;1787410707224;1505;BikePerformance / Fahrleistung;18;148;0,1,2,3,7;07-12-07-12-FF-FF-00-DA-FF-FF-FF-FF-FF-00-00-00-00-00;NOTIFICATION;0;da1a1500-d532-4285-be94-b07a3e11a098;da1a1505-d532-4285-be94-b07a3e11a098;18;;
450205;1787410707435;1506;Trip / Kilometer & Betriebszähler;16;153;7;00-00-1C-3C-00-02-33-D6-00-00-02-D2-00-00-00-00;NOTIFICATION;0;da1a1500-d532-4285-be94-b07a3e11a098;da1a1506-d532-4285-be94-b07a3e11a098;18;;
450612;1787410707842;1508;Settings / Licht & Fahrstufe;17;153;–;00-00-00-02-FF-FF-FF-FF-FF-FF-FF-00-00-00-00-00-00;NOTIFICATION;0;da1a1500-d532-4285-be94-b07a3e11a098;da1a1508-d532-4285-be94-b07a3e11a098;18;;
450823;1787410708053;1509;BatteryChange / Akku-Livestand;11;153;0,1,4,5,6,9,10;07-D0-FF-FF-20-B2-E8-00-00-00-5B;NOTIFICATION;0;da1a1500-d532-4285-be94-b07a3e11a098;da1a1509-d532-4285-be94-b07a3e11a098;18;;
451033;1787410708263;150A;MotorUpdate / Motor-Livestand;10;153;0,1;0F-A0-FF-FF-FF-FF-FF-FF-FF-FF;NOTIFICATION;0;da1a1500-d532-4285-be94-b07a3e11a098;da1a150a-d532-4285-be94-b07a3e11a098;18;;
451242;1787410708472;150B;Motor-/Controllerblock;20;153;–;FF-FF-FF-FF-FF-FF-FF-FF-FF-FF-FF-FF-FF-FF-FF-FF-FF-FF-FF-FF;NOTIFICATION;0;da1a1500-d532-4285-be94-b07a3e11a098;da1a150b-d532-4285-be94-b07a3e11a098;18;;
451453;1787410708683;150D;Fahrstatistik Max/Ø;20;153;–;01-1B-00-C6-FF-FF-FF-FF-47-18-FF-FF-FF-FF-FF-FF-FF-FF-00-00;NOTIFICATION;0;da1a1500-d532-4285-be94-b07a3e11a098;da1a150d-d532-4285-be94-b07a3e11a098;18;;
452492;1787410709722;1502;Akkuinformationen;16;154;–;47-18-FF-FF-FF-FF-47-18-FF-FF-FF-FF-FF-FF-00-00;NOTIFICATION;0;da1a1500-d532-4285-be94-b07a3e11a098;da1a1502-d532-4285-be94-b07a3e11a098;18;;
452915;1787410710145;1505;BikePerformance / Fahrleistung;18;149;0,1,2,3,7;0C-4E-0C-4E-FF-FF-00-D1-FF-FF-FF-FF-FF-00-00-00-00-00;NOTIFICATION;0;da1a1500-d532-4285-be94-b07a3e11a098;da1a1505-d532-4285-be94-b07a3e11a098;18;;
453123;1787410710353;1506;Trip / Kilometer & Betriebszähler;16;154;3,7;00-00-1C-3D-00-02-33-D9-00-00-02-D2-00-00-00-00;NOTIFICATION;0;da1a1500-d532-4285-be94-b07a3e11a098;da1a1506-d532-4285-be94-b07a3e11a098;18;;
453543;1787410710773;1508;Settings / Licht & Fahrstufe;17;154;–;00-00-00-02-FF-FF-FF-FF-FF-FF-FF-00-00-00-00-00-00;NOTIFICATION;0;da1a1500-d532-4285-be94-b07a3e11a098;da1a1508-d532-4285-be94-b07a3e11a098;18;;
453743;1787410710973;1509;BatteryChange / Akku-Livestand;11;154;0,1,6,9,10;17-70-FF-FF-20-B2-20-00-00-01-11;NOTIFICATION;0;da1a1500-d532-4285-be94-b07a3e11a098;da1a1509-d532-4285-be94-b07a3e11a098;18;;
453952;1787410711182;150A;MotorUpdate / Motor-Livestand;10;154;0,1;17-70-FF-FF-FF-FF-FF-FF-FF-FF;NOTIFICATION;0;da1a1500-d532-4285-be94-b07a3e11a098;da1a150a-d532-4285-be94-b07a3e11a098;18;;
454163;1787410711393;150B;Motor-/Controllerblock;20;154;–;FF-FF-FF-FF-FF-FF-FF-FF-FF-FF-FF-FF-FF-FF-FF-FF-FF-FF-FF-FF;NOTIFICATION;0;da1a1500-d532-4285-be94-b07a3e11a098;da1a150b-d532-4285-be94-b07a3e11a098;18;;
454373;1787410711603;150D;Fahrstatistik Max/Ø;20;154;–;01-1B-00-C6-FF-FF-FF-FF-47-18-FF-FF-FF-FF-FF-FF-FF-FF-00-00;NOTIFICATION;0;da1a1500-d532-4285-be94-b07a3e11a098;da1a150d-d532-4285-be94-b07a3e11a098;18;;
455414;1787410712644;1502;Akkuinformationen;16;155;–;47-18-FF-FF-FF-FF-47-18-FF-FF-FF-FF-FF-FF-00-00;NOTIFICATION;0;da1a1500-d532-4285-be94-b07a3e11a098;da1a1502-d532-4285-be94-b07a3e11a098;18;;
455833;1787410713063;1505;BikePerformance / Fahrleistung;18;150;0,1,2,3,7;08-CA-08-CA-FF-FF-00-DA-FF-FF-FF-FF-FF-00-00-00-00-00;NOTIFICATION;0;da1a1500-d532-4285-be94-b07a3e11a098;da1a1505-d532-4285-be94-b07a3e11a098;18;;
456043;1787410713273;1506;Trip / Kilometer & Betriebszähler;16;155;7;00-00-1C-3D-00-02-33-DC-00-00-02-D2-00-00-00-00;NOTIFICATION;0;da1a1500-d532-4285-be94-b07a3e11a098;da1a1506-d532-4285-be94-b07a3e11a098;18;;
456464;1787410713694;1508;Settings / Licht & Fahrstufe;17;155;–;00-00-00-02-FF-FF-FF-FF-FF-FF-FF-00-00-00-00-00-00;NOTIFICATION;0;da1a1500-d532-4285-be94-b07a3e11a098;da1a1508-d532-4285-be94-b07a3e11a098;18;;
456662;1787410713892;1509;BatteryChange / Akku-Livestand;11;155;5,6,10;17-70-FF-FF-20-AF-C8-00-00-01-0E;NOTIFICATION;0;da1a1500-d532-4285-be94-b07a3e11a098;da1a1509-d532-4285-be94-b07a3e11a098;18;;
456874;1787410714104;150A;MotorUpdate / Motor-Livestand;10;155;0,1;13-88-FF-FF-FF-FF-FF-FF-FF-FF;NOTIFICATION;0;da1a1500-d532-4285-be94-b07a3e11a098;da1a150a-d532-4285-be94-b07a3e11a098;18;;
457083;1787410714313;150B;Motor-/Controllerblock;20;155;–;FF-FF-FF-FF-FF-FF-FF-FF-FF-FF-FF-FF-FF-FF-FF-FF-FF-FF-FF-FF;NOTIFICATION;0;da1a1500-d532-4285-be94-b07a3e11a098;da1a150b-d532-4285-be94-b07a3e11a098;18;;
457293;1787410714523;150D;Fahrstatistik Max/Ø;20;155;–;01-1B-00-C6-FF-FF-FF-FF-47-18-FF-FF-FF-FF-FF-FF-FF-FF-00-00;NOTIFICATION;0;da1a1500-d532-4285-be94-b07a3e11a098;da1a150d-d532-4285-be94-b07a3e11a098;18;;
458334;1787410715564;1502;Akkuinformationen;16;156;–;47-18-FF-FF-FF-FF-47-18-FF-FF-FF-FF-FF-FF-00-00;NOTIFICATION;0;da1a1500-d532-4285-be94-b07a3e11a098;da1a1502-d532-4285-be94-b07a3e11a098;18;;
458750;1787410715980;1505;BikePerformance / Fahrleistung;18;151;0,1,2,3;07-12-07-12-FF-FF-00-DA-FF-FF-FF-FF-FF-00-00-00-00-00;NOTIFICATION;0;da1a1500-d532-4285-be94-b07a3e11a098;da1a1505-d532-4285-be94-b07a3e11a098;18;;
458965;1787410716195;1506;Trip / Kilometer & Betriebszähler;16;156;7;00-00-1C-3D-00-02-33-DF-00-00-02-D2-00-00-00-00;NOTIFICATION;0;da1a1500-d532-4285-be94-b07a3e11a098;da1a1506-d532-4285-be94-b07a3e11a098;18;;
459383;1787410716613;1508;Settings / Licht & Fahrstufe;17;156;–;00-00-00-02-FF-FF-FF-FF-FF-FF-FF-00-00-00-00-00-00;NOTIFICATION;0;da1a1500-d532-4285-be94-b07a3e11a098;da1a1508-d532-4285-be94-b07a3e11a098;18;;
459582;1787410716812;1509;BatteryChange / Akku-Livestand;11;156;0,1,5,6,9,10;0F-A0-FF-FF-20-B2-20-00-00-00-B5;NOTIFICATION;0;da1a1500-d532-4285-be94-b07a3e11a098;da1a1509-d532-4285-be94-b07a3e11a098;18;;
459793;1787410717023;150A;MotorUpdate / Motor-Livestand;10;156;0,1;0F-A0-FF-FF-FF-FF-FF-FF-FF-FF;NOTIFICATION;0;da1a1500-d532-4285-be94-b07a3e11a098;da1a150a-d532-4285-be94-b07a3e11a098;18;;
460003;1787410717233;150B;Motor-/Controllerblock;20;156;–;FF-FF-FF-FF-FF-FF-FF-FF-FF-FF-FF-FF-FF-FF-FF-FF-FF-FF-FF-FF;NOTIFICATION;0;da1a1500-d532-4285-be94-b07a3e11a098;da1a150b-d532-4285-be94-b07a3e11a098;18;;
460213;1787410717443;150D;Fahrstatistik Max/Ø;20;156;–;01-1B-00-C6-FF-FF-FF-FF-47-18-FF-FF-FF-FF-FF-FF-FF-FF-00-00;NOTIFICATION;0;da1a1500-d532-4285-be94-b07a3e11a098;da1a150d-d532-4285-be94-b07a3e11a098;18;;
461256;1787410718486;1502;Akkuinformationen;16;157;–;47-18-FF-FF-FF-FF-47-18-FF-FF-FF-FF-FF-FF-00-00;NOTIFICATION;0;da1a1500-d532-4285-be94-b07a3e11a098;da1a1502-d532-4285-be94-b07a3e11a098;18;;
461673;1787410718903;1505;BikePerformance / Fahrleistung;18;152;0,1,2,3;08-DE-08-DE-FF-FF-00-DA-FF-FF-FF-FF-FF-00-00-00-00-00;NOTIFICATION;0;da1a1500-d532-4285-be94-b07a3e11a098;da1a1505-d532-4285-be94-b07a3e11a098;18;;
461883;1787410719113;1506;Trip / Kilometer & Betriebszähler;16;157;7;00-00-1C-3D-00-02-33-E1-00-00-02-D2-00-00-00-00;NOTIFICATION;0;da1a1500-d532-4285-be94-b07a3e11a098;da1a1506-d532-4285-be94-b07a3e11a098;18;;
462303;1787410719533;1508;Settings / Licht & Fahrstufe;17;157;–;00-00-00-02-FF-FF-FF-FF-FF-FF-FF-00-00-00-00-00-00;NOTIFICATION;0;da1a1500-d532-4285-be94-b07a3e11a098;da1a1508-d532-4285-be94-b07a3e11a098;18;;
462515;1787410719745;1509;BatteryChange / Akku-Livestand;11;157;0,1,6,10;0B-B8-FF-FF-20-B2-84-00-00-00-89;NOTIFICATION;0;da1a1500-d532-4285-be94-b07a3e11a098;da1a1509-d532-4285-be94-b07a3e11a098;18;;
462712;1787410719942;150A;MotorUpdate / Motor-Livestand;10;157;0,1;0B-B8-FF-FF-FF-FF-FF-FF-FF-FF;NOTIFICATION;0;da1a1500-d532-4285-be94-b07a3e11a098;da1a150a-d532-4285-be94-b07a3e11a098;18;;
462922;1787410720152;150B;Motor-/Controllerblock;20;157;–;FF-FF-FF-FF-FF-FF-FF-FF-FF-FF-FF-FF-FF-FF-FF-FF-FF-FF-FF-FF;NOTIFICATION;0;da1a1500-d532-4285-be94-b07a3e11a098;da1a150b-d532-4285-be94-b07a3e11a098;18;;
463130;1787410720360;150D;Fahrstatistik Max/Ø;20;157;–;01-1B-00-C6-FF-FF-FF-FF-47-18-FF-FF-FF-FF-FF-FF-FF-FF-00-00;NOTIFICATION;0;da1a1500-d532-4285-be94-b07a3e11a098;da1a150d-d532-4285-be94-b07a3e11a098;18;;
464176;1787410721406;1502;Akkuinformationen;16;158;–;47-18-FF-FF-FF-FF-47-18-FF-FF-FF-FF-FF-FF-00-00;NOTIFICATION;0;da1a1500-d532-4285-be94-b07a3e11a098;da1a1502-d532-4285-be94-b07a3e11a098;18;;
464594;1787410721824;1505;BikePerformance / Fahrleistung;18;153;0,1,2,3;07-08-07-08-FF-FF-00-DA-FF-FF-FF-FF-FF-00-00-00-00-00;NOTIFICATION;0;da1a1500-d532-4285-be94-b07a3e11a098;da1a1505-d532-4285-be94-b07a3e11a098;18;;
464803;1787410722033;1506;Trip / Kilometer & Betriebszähler;16;158;7;00-00-1C-3D-00-02-33-E4-00-00-02-D2-00-00-00-00;NOTIFICATION;0;da1a1500-d532-4285-be94-b07a3e11a098;da1a1506-d532-4285-be94-b07a3e11a098;18;;
465223;1787410722453;1508;Settings / Licht & Fahrstufe;17;158;–;00-00-00-02-FF-FF-FF-FF-FF-FF-FF-00-00-00-00-00-00;NOTIFICATION;0;da1a1500-d532-4285-be94-b07a3e11a098;da1a1508-d532-4285-be94-b07a3e11a098;18;;
465431;1787410722661;1509;BatteryChange / Akku-Livestand;11;158;0,1,6,10;0F-A0-FF-FF-20-B2-20-00-00-00-E2;NOTIFICATION;0;da1a1500-d532-4285-be94-b07a3e11a098;da1a1509-d532-4285-be94-b07a3e11a098;18;;
465633;1787410722863;150A;MotorUpdate / Motor-Livestand;10;158;0,1;13-88-FF-FF-FF-FF-FF-FF-FF-FF;NOTIFICATION;0;da1a1500-d532-4285-be94-b07a3e11a098;da1a150a-d532-4285-be94-b07a3e11a098;18;;
465843;1787410723073;150B;Motor-/Controllerblock;20;158;–;FF-FF-FF-FF-FF-FF-FF-FF-FF-FF-FF-FF-FF-FF-FF-FF-FF-FF-FF-FF;NOTIFICATION;0;da1a1500-d532-4285-be94-b07a3e11a098;da1a150b-d532-4285-be94-b07a3e11a098;18;;
466053;1787410723283;150D;Fahrstatistik Max/Ø;20;158;–;01-1B-00-C6-FF-FF-FF-FF-47-18-FF-FF-FF-FF-FF-FF-FF-FF-00-00;NOTIFICATION;0;da1a1500-d532-4285-be94-b07a3e11a098;da1a150d-d532-4285-be94-b07a3e11a098;18;;
467103;1787410724333;1502;Akkuinformationen;16;159;–;47-18-FF-FF-FF-FF-47-18-FF-FF-FF-FF-FF-FF-00-00;NOTIFICATION;0;da1a1500-d532-4285-be94-b07a3e11a098;da1a1502-d532-4285-be94-b07a3e11a098;18;;
467514;1787410724744;1505;BikePerformance / Fahrleistung;18;154;0,1,2,3;0A-96-0A-96-FF-FF-00-DA-FF-FF-FF-FF-FF-00-00-00-00-00;NOTIFICATION;0;da1a1500-d532-4285-be94-b07a3e11a098;da1a1505-d532-4285-be94-b07a3e11a098;18;;
467724;1787410724954;1506;Trip / Kilometer & Betriebszähler;16;159;3,7,11;00-00-1C-3E-00-02-33-E7-00-00-02-D3-00-00-00-00;NOTIFICATION;0;da1a1500-d532-4285-be94-b07a3e11a098;da1a1506-d532-4285-be94-b07a3e11a098;18;;
468143;1787410725373;1508;Settings / Licht & Fahrstufe;17;159;–;00-00-00-02-FF-FF-FF-FF-FF-FF-FF-00-00-00-00-00-00;NOTIFICATION;0;da1a1500-d532-4285-be94-b07a3e11a098;da1a1508-d532-4285-be94-b07a3e11a098;18;;
468353;1787410725583;1509;BatteryChange / Akku-Livestand;11;159;0,1,6,10;0B-B8-FF-FF-20-B2-E8-00-00-00-89;NOTIFICATION;0;da1a1500-d532-4285-be94-b07a3e11a098;da1a1509-d532-4285-be94-b07a3e11a098;18;;
468563;1787410725793;150A;MotorUpdate / Motor-Livestand;10;159;0,1;07-D0-FF-FF-FF-FF-FF-FF-FF-FF;NOTIFICATION;0;da1a1500-d532-4285-be94-b07a3e11a098;da1a150a-d532-4285-be94-b07a3e11a098;18;;
468763;1787410725993;150B;Motor-/Controllerblock;20;159;–;FF-FF-FF-FF-FF-FF-FF-FF-FF-FF-FF-FF-FF-FF-FF-FF-FF-FF-FF-FF;NOTIFICATION;0;da1a1500-d532-4285-be94-b07a3e11a098;da1a150b-d532-4285-be94-b07a3e11a098;18;;
468974;1787410726204;150D;Fahrstatistik Max/Ø;20;159;3;01-1B-00-C7-FF-FF-FF-FF-47-18-FF-FF-FF-FF-FF-FF-FF-FF-00-00;NOTIFICATION;0;da1a1500-d532-4285-be94-b07a3e11a098;da1a150d-d532-4285-be94-b07a3e11a098;18;;
470023;1787410727253;1502;Akkuinformationen;16;160;–;47-18-FF-FF-FF-FF-47-18-FF-FF-FF-FF-FF-FF-00-00;NOTIFICATION;0;da1a1500-d532-4285-be94-b07a3e11a098;da1a1502-d532-4285-be94-b07a3e11a098;18;;
470434;1787410727664;1505;BikePerformance / Fahrleistung;18;155;0,1,2,3;05-50-05-50-FF-FF-00-DA-FF-FF-FF-FF-FF-00-00-00-00-00;NOTIFICATION;0;da1a1500-d532-4285-be94-b07a3e11a098;da1a1505-d532-4285-be94-b07a3e11a098;18;;
470644;1787410727874;1506;Trip / Kilometer & Betriebszähler;16;160;7;00-00-1C-3E-00-02-33-EA-00-00-02-D3-00-00-00-00;NOTIFICATION;0;da1a1500-d532-4285-be94-b07a3e11a098;da1a1506-d532-4285-be94-b07a3e11a098;18;;
471063;1787410728293;1508;Settings / Licht & Fahrstufe;17;160;–;00-00-00-02-FF-FF-FF-FF-FF-FF-FF-00-00-00-00-00-00;NOTIFICATION;0;da1a1500-d532-4285-be94-b07a3e11a098;da1a1508-d532-4285-be94-b07a3e11a098;18;;
471283;1787410728513;1509;BatteryChange / Akku-Livestand;11;160;0,1,5,6,10;13-88-FF-FF-20-B0-90-00-00-00-E2;NOTIFICATION;0;da1a1500-d532-4285-be94-b07a3e11a098;da1a1509-d532-4285-be94-b07a3e11a098;18;;
471485;1787410728715;150A;MotorUpdate / Motor-Livestand;10;160;0,1;17-70-FF-FF-FF-FF-FF-FF-FF-FF;NOTIFICATION;0;da1a1500-d532-4285-be94-b07a3e11a098;da1a150a-d532-4285-be94-b07a3e11a098;18;;
471693;1787410728923;150B;Motor-/Controllerblock;20;160;–;FF-FF-FF-FF-FF-FF-FF-FF-FF-FF-FF-FF-FF-FF-FF-FF-FF-FF-FF-FF;NOTIFICATION;0;da1a1500-d532-4285-be94-b07a3e11a098;da1a150b-d532-4285-be94-b07a3e11a098;18;;
471892;1787410729122;150D;Fahrstatistik Max/Ø;20;160;–;01-1B-00-C7-FF-FF-FF-FF-47-18-FF-FF-FF-FF-FF-FF-FF-FF-00-00;NOTIFICATION;0;da1a1500-d532-4285-be94-b07a3e11a098;da1a150d-d532-4285-be94-b07a3e11a098;18;;
472944;1787410730174;1502;Akkuinformationen;16;161;–;47-18-FF-FF-FF-FF-47-18-FF-FF-FF-FF-FF-FF-00-00;NOTIFICATION;0;da1a1500-d532-4285-be94-b07a3e11a098;da1a1502-d532-4285-be94-b07a3e11a098;18;;
473353;1787410730583;1505;BikePerformance / Fahrleistung;18;156;0,1,2,3,7;0A-78-0A-78-FF-FF-00-D6-FF-FF-FF-FF-FF-00-00-00-00-00;NOTIFICATION;0;da1a1500-d532-4285-be94-b07a3e11a098;da1a1505-d532-4285-be94-b07a3e11a098;18;;
473563;1787410730793;1506;Trip / Kilometer & Betriebszähler;16;161;7;00-00-1C-3E-00-02-33-ED-00-00-02-D3-00-00-00-00;NOTIFICATION;0;da1a1500-d532-4285-be94-b07a3e11a098;da1a1506-d532-4285-be94-b07a3e11a098;18;;
473983;1787410731213;1508;Settings / Licht & Fahrstufe;17;161;–;00-00-00-02-FF-FF-FF-FF-FF-FF-FF-00-00-00-00-00-00;NOTIFICATION;0;da1a1500-d532-4285-be94-b07a3e11a098;da1a1508-d532-4285-be94-b07a3e11a098;18;;
474193;1787410731423;1509;BatteryChange / Akku-Livestand;11;161;0,1,5,6,9,10;1B-58-FF-FF-20-AF-C8-00-00-01-3B;NOTIFICATION;0;da1a1500-d532-4285-be94-b07a3e11a098;da1a1509-d532-4285-be94-b07a3e11a098;18;;
474401;1787410731631;150A;MotorUpdate / Motor-Livestand;10;161;0,1;1B-58-FF-FF-FF-FF-FF-FF-FF-FF;NOTIFICATION;0;da1a1500-d532-4285-be94-b07a3e11a098;da1a150a-d532-4285-be94-b07a3e11a098;18;;
474614;1787410731844;150B;Motor-/Controllerblock;20;161;–;FF-FF-FF-FF-FF-FF-FF-FF-FF-FF-FF-FF-FF-FF-FF-FF-FF-FF-FF-FF;NOTIFICATION;0;da1a1500-d532-4285-be94-b07a3e11a098;da1a150b-d532-4285-be94-b07a3e11a098;18;;
474813;1787410732043;150D;Fahrstatistik Max/Ø;20;161;–;01-1B-00-C7-FF-FF-FF-FF-47-18-FF-FF-FF-FF-FF-FF-FF-FF-00-00;NOTIFICATION;0;da1a1500-d532-4285-be94-b07a3e11a098;da1a150d-d532-4285-be94-b07a3e11a098;18;;
475865;1787410733095;1502;Akkuinformationen;16;162;–;47-18-FF-FF-FF-FF-47-18-FF-FF-FF-FF-FF-FF-00-00;NOTIFICATION;0;da1a1500-d532-4285-be94-b07a3e11a098;da1a1502-d532-4285-be94-b07a3e11a098;18;;
476283;1787410733513;1505;BikePerformance / Fahrleistung;18;1290;–;;NOTIFICATION_QUARANTINED;0;da1a1500-d532-4285-be94-b07a3e11a098;da1a1505-d532-4285-be94-b07a3e11a098;18;c731f922c864db5014403d5303b06371032ae39c2dc3f73725b4e84b64c756e5;identity_or_free_form
476483;1787410733713;1506;Trip / Kilometer & Betriebszähler;16;162;7;00-00-1C-3E-00-02-33-F0-00-00-02-D3-00-00-00-00;NOTIFICATION;0;da1a1500-d532-4285-be94-b07a3e11a098;da1a1506-d532-4285-be94-b07a3e11a098;18;;
476906;1787410734136;1508;Settings / Licht & Fahrstufe;17;162;–;00-00-00-02-FF-FF-FF-FF-FF-FF-FF-00-00-00-00-00-00;NOTIFICATION;0;da1a1500-d532-4285-be94-b07a3e11a098;da1a1508-d532-4285-be94-b07a3e11a098;18;;
477113;1787410734343;1509;BatteryChange / Akku-Livestand;11;162;0,1,5,6,10;1F-40-FF-FF-20-AE-38-00-00-01-65;NOTIFICATION;0;da1a1500-d532-4285-be94-b07a3e11a098;da1a1509-d532-4285-be94-b07a3e11a098;18;;
477325;1787410734555;150A;MotorUpdate / Motor-Livestand;10;162;0,1;23-28-FF-FF-FF-FF-FF-FF-FF-FF;NOTIFICATION;0;da1a1500-d532-4285-be94-b07a3e11a098;da1a150a-d532-4285-be94-b07a3e11a098;18;;
477543;1787410734773;150B;Motor-/Controllerblock;20;162;–;FF-FF-FF-FF-FF-FF-FF-FF-FF-FF-FF-FF-FF-FF-FF-FF-FF-FF-FF-FF;NOTIFICATION;0;da1a1500-d532-4285-be94-b07a3e11a098;da1a150b-d532-4285-be94-b07a3e11a098;18;;
477743;1787410734973;150D;Fahrstatistik Max/Ø;20;162;–;01-1B-00-C7-FF-FF-FF-FF-47-18-FF-FF-FF-FF-FF-FF-FF-FF-00-00;NOTIFICATION;0;da1a1500-d532-4285-be94-b07a3e11a098;da1a150d-d532-4285-be94-b07a3e11a098;18;;
478783;1787410736013;1502;Akkuinformationen;16;163;–;47-18-FF-FF-FF-FF-47-18-FF-FF-FF-FF-FF-FF-00-00;NOTIFICATION;0;da1a1500-d532-4285-be94-b07a3e11a098;da1a1502-d532-4285-be94-b07a3e11a098;18;;
479204;1787410736434;1505;BikePerformance / Fahrleistung;18;157;1,3,7;0A-82-0A-82-FF-FF-00-DA-FF-FF-FF-FF-FF-00-00-00-00-00;NOTIFICATION;0;da1a1500-d532-4285-be94-b07a3e11a098;da1a1505-d532-4285-be94-b07a3e11a098;18;;
479405;1787410736635;1506;Trip / Kilometer & Betriebszähler;16;163;7;00-00-1C-3E-00-02-33-F3-00-00-02-D3-00-00-00-00;NOTIFICATION;0;da1a1500-d532-4285-be94-b07a3e11a098;da1a1506-d532-4285-be94-b07a3e11a098;18;;
479823;1787410737053;1508;Settings / Licht & Fahrstufe;17;163;–;00-00-00-02-FF-FF-FF-FF-FF-FF-FF-00-00-00-00-00-00;NOTIFICATION;0;da1a1500-d532-4285-be94-b07a3e11a098;da1a1508-d532-4285-be94-b07a3e11a098;18;;
480033;1787410737263;1509;BatteryChange / Akku-Livestand;11;163;0,1,5,6,9,10;0F-A0-FF-FF-20-B2-20-00-00-00-B6;NOTIFICATION;0;da1a1500-d532-4285-be94-b07a3e11a098;da1a1509-d532-4285-be94-b07a3e11a098;18;;
480243;1787410737473;150A;MotorUpdate / Motor-Livestand;10;163;0,1;0B-B8-FF-FF-FF-FF-FF-FF-FF-FF;NOTIFICATION;0;da1a1500-d532-4285-be94-b07a3e11a098;da1a150a-d532-4285-be94-b07a3e11a098;18;;
480452;1787410737682;150B;Motor-/Controllerblock;20;163;–;FF-FF-FF-FF-FF-FF-FF-FF-FF-FF-FF-FF-FF-FF-FF-FF-FF-FF-FF-FF;NOTIFICATION;0;da1a1500-d532-4285-be94-b07a3e11a098;da1a150b-d532-4285-be94-b07a3e11a098;18;;
480664;1787410737894;150D;Fahrstatistik Max/Ø;20;163;–;01-1B-00-C7-FF-FF-FF-FF-47-18-FF-FF-FF-FF-FF-FF-FF-FF-00-00;NOTIFICATION;0;da1a1500-d532-4285-be94-b07a3e11a098;da1a150d-d532-4285-be94-b07a3e11a098;18;;
481703;1787410738933;1502;Akkuinformationen;16;164;–;47-18-FF-FF-FF-FF-47-18-FF-FF-FF-FF-FF-FF-00-00;NOTIFICATION;0;da1a1500-d532-4285-be94-b07a3e11a098;da1a1502-d532-4285-be94-b07a3e11a098;18;;
482123;1787410739353;1505;BikePerformance / Fahrleistung;18;158;0,1,2,3;08-D4-08-D4-FF-FF-00-DA-FF-FF-FF-FF-FF-00-00-00-00-00;NOTIFICATION;0;da1a1500-d532-4285-be94-b07a3e11a098;da1a1505-d532-4285-be94-b07a3e11a098;18;;
482323;1787410739553;1506;Trip / Kilometer & Betriebszähler;16;164;7;00-00-1C-3E-00-02-33-F6-00-00-02-D3-00-00-00-00;NOTIFICATION;0;da1a1500-d532-4285-be94-b07a3e11a098;da1a1506-d532-4285-be94-b07a3e11a098;18;;
482743;1787410739973;1508;Settings / Licht & Fahrstufe;17;164;–;00-00-00-02-FF-FF-FF-FF-FF-FF-FF-00-00-00-00-00-00;NOTIFICATION;0;da1a1500-d532-4285-be94-b07a3e11a098;da1a1508-d532-4285-be94-b07a3e11a098;18;;
482957;1787410740187;1509;BatteryChange / Akku-Livestand;11;164;5,6,10;0F-A0-FF-FF-20-B1-58-00-00-00-B5;NOTIFICATION;0;da1a1500-d532-4285-be94-b07a3e11a098;da1a1509-d532-4285-be94-b07a3e11a098;18;;
483164;1787410740394;150A;MotorUpdate / Motor-Livestand;10;164;0,1;13-88-FF-FF-FF-FF-FF-FF-FF-FF;NOTIFICATION;0;da1a1500-d532-4285-be94-b07a3e11a098;da1a150a-d532-4285-be94-b07a3e11a098;18;;
483373;1787410740603;150B;Motor-/Controllerblock;20;164;–;FF-FF-FF-FF-FF-FF-FF-FF-FF-FF-FF-FF-FF-FF-FF-FF-FF-FF-FF-FF;NOTIFICATION;0;da1a1500-d532-4285-be94-b07a3e11a098;da1a150b-d532-4285-be94-b07a3e11a098;18;;
483583;1787410740813;150D;Fahrstatistik Max/Ø;20;164;–;01-1B-00-C7-FF-FF-FF-FF-47-18-FF-FF-FF-FF-FF-FF-FF-FF-00-00;NOTIFICATION;0;da1a1500-d532-4285-be94-b07a3e11a098;da1a150d-d532-4285-be94-b07a3e11a098;18;;
484623;1787410741853;1502;Akkuinformationen;16;165;–;47-18-FF-FF-FF-FF-47-18-FF-FF-FF-FF-FF-FF-00-00;NOTIFICATION;0;da1a1500-d532-4285-be94-b07a3e11a098;da1a1502-d532-4285-be94-b07a3e11a098;18;;
485043;1787410742273;1505;BikePerformance / Fahrleistung;18;159;0,1,2,3;03-84-03-84-FF-FF-00-DA-FF-FF-FF-FF-FF-00-00-00-00-00;NOTIFICATION;0;da1a1500-d532-4285-be94-b07a3e11a098;da1a1505-d532-4285-be94-b07a3e11a098;18;;
485253;1787410742483;1506;Trip / Kilometer & Betriebszähler;16;165;3,7;00-00-1C-3F-00-02-33-F9-00-00-02-D3-00-00-00-00;NOTIFICATION;0;da1a1500-d532-4285-be94-b07a3e11a098;da1a1506-d532-4285-be94-b07a3e11a098;18;;
485663;1787410742893;1508;Settings / Licht & Fahrstufe;17;165;–;00-00-00-02-FF-FF-FF-FF-FF-FF-FF-00-00-00-00-00-00;NOTIFICATION;0;da1a1500-d532-4285-be94-b07a3e11a098;da1a1508-d532-4285-be94-b07a3e11a098;18;;
485872;1787410743102;1509;BatteryChange / Akku-Livestand;11;165;0,1,5,6,10;07-D0-FF-FF-20-B2-84-00-00-00-5B;NOTIFICATION;0;da1a1500-d532-4285-be94-b07a3e11a098;da1a1509-d532-4285-be94-b07a3e11a098;18;;
486083;1787410743313;150A;MotorUpdate / Motor-Livestand;10;165;0,1;07-D0-FF-FF-FF-FF-FF-FF-FF-FF;NOTIFICATION;0;da1a1500-d532-4285-be94-b07a3e11a098;da1a150a-d532-4285-be94-b07a3e11a098;18;;
486293;1787410743523;150B;Motor-/Controllerblock;20;165;–;FF-FF-FF-FF-FF-FF-FF-FF-FF-FF-FF-FF-FF-FF-FF-FF-FF-FF-FF-FF;NOTIFICATION;0;da1a1500-d532-4285-be94-b07a3e11a098;da1a150b-d532-4285-be94-b07a3e11a098;18;;
486503;1787410743733;150D;Fahrstatistik Max/Ø;20;165;–;01-1B-00-C7-FF-FF-FF-FF-47-18-FF-FF-FF-FF-FF-FF-FF-FF-00-00;NOTIFICATION;0;da1a1500-d532-4285-be94-b07a3e11a098;da1a150d-d532-4285-be94-b07a3e11a098;18;;
487543;1787410744773;1502;Akkuinformationen;16;166;–;47-18-FF-FF-FF-FF-47-18-FF-FF-FF-FF-FF-FF-00-00;NOTIFICATION;0;da1a1500-d532-4285-be94-b07a3e11a098;da1a1502-d532-4285-be94-b07a3e11a098;18;;
487964;1787410745194;1505;BikePerformance / Fahrleistung;18;160;0,1,2,3;05-50-05-50-FF-FF-00-DA-FF-FF-FF-FF-FF-00-00-00-00-00;NOTIFICATION;0;da1a1500-d532-4285-be94-b07a3e11a098;da1a1505-d532-4285-be94-b07a3e11a098;18;;
488173;1787410745403;1506;Trip / Kilometer & Betriebszähler;16;166;7;00-00-1C-3F-00-02-33-FC-00-00-02-D3-00-00-00-00;NOTIFICATION;0;da1a1500-d532-4285-be94-b07a3e11a098;da1a1506-d532-4285-be94-b07a3e11a098;18;;
488583;1787410745813;1508;Settings / Licht & Fahrstufe;17;166;–;00-00-00-02-FF-FF-FF-FF-FF-FF-FF-00-00-00-00-00-00;NOTIFICATION;0;da1a1500-d532-4285-be94-b07a3e11a098;da1a1508-d532-4285-be94-b07a3e11a098;18;;
488795;1787410746025;1509;BatteryChange / Akku-Livestand;11;166;0,1,6,10;0B-B8-FF-FF-20-B2-20-00-00-00-88;NOTIFICATION;0;da1a1500-d532-4285-be94-b07a3e11a098;da1a1509-d532-4285-be94-b07a3e11a098;18;;
489004;1787410746234;150A;MotorUpdate / Motor-Livestand;10;166;0,1;0B-B8-FF-FF-FF-FF-FF-FF-FF-FF;NOTIFICATION;0;da1a1500-d532-4285-be94-b07a3e11a098;da1a150a-d532-4285-be94-b07a3e11a098;18;;
489213;1787410746443;150B;Motor-/Controllerblock;20;166;–;FF-FF-FF-FF-FF-FF-FF-FF-FF-FF-FF-FF-FF-FF-FF-FF-FF-FF-FF-FF;NOTIFICATION;0;da1a1500-d532-4285-be94-b07a3e11a098;da1a150b-d532-4285-be94-b07a3e11a098;18;;
489423;1787410746653;150D;Fahrstatistik Max/Ø;20;166;–;01-1B-00-C7-FF-FF-FF-FF-47-18-FF-FF-FF-FF-FF-FF-FF-FF-00-00;NOTIFICATION;0;da1a1500-d532-4285-be94-b07a3e11a098;da1a150d-d532-4285-be94-b07a3e11a098;18;;
490463;1787410747693;1502;Akkuinformationen;16;167;–;47-18-FF-FF-FF-FF-47-18-FF-FF-FF-FF-FF-FF-00-00;NOTIFICATION;0;da1a1500-d532-4285-be94-b07a3e11a098;da1a1502-d532-4285-be94-b07a3e11a098;18;;
490886;1787410748116;1505;BikePerformance / Fahrleistung;18;161;0,1,2,3;03-8E-03-8E-FF-FF-00-DA-FF-FF-FF-FF-FF-00-00-00-00-00;NOTIFICATION;0;da1a1500-d532-4285-be94-b07a3e11a098;da1a1505-d532-4285-be94-b07a3e11a098;18;;
491095;1787410748325;1506;Trip / Kilometer & Betriebszähler;16;167;7;00-00-1C-3F-00-02-33-FF-00-00-02-D3-00-00-00-00;NOTIFICATION;0;da1a1500-d532-4285-be94-b07a3e11a098;da1a1506-d532-4285-be94-b07a3e11a098;18;;
491503;1787410748733;1508;Settings / Licht & Fahrstufe;17;167;–;00-00-00-02-FF-FF-FF-FF-FF-FF-FF-00-00-00-00-00-00;NOTIFICATION;0;da1a1500-d532-4285-be94-b07a3e11a098;da1a1508-d532-4285-be94-b07a3e11a098;18;;
491713;1787410748943;1509;BatteryChange / Akku-Livestand;11;167;6,10;0B-B8-FF-FF-20-B2-E8-00-00-00-89;NOTIFICATION;0;da1a1500-d532-4285-be94-b07a3e11a098;da1a1509-d532-4285-be94-b07a3e11a098;18;;
491924;1787410749154;150A;MotorUpdate / Motor-Livestand;10;167;0,1;0F-A0-FF-FF-FF-FF-FF-FF-FF-FF;NOTIFICATION;0;da1a1500-d532-4285-be94-b07a3e11a098;da1a150a-d532-4285-be94-b07a3e11a098;18;;
492136;1787410749366;150B;Motor-/Controllerblock;20;167;–;FF-FF-FF-FF-FF-FF-FF-FF-FF-FF-FF-FF-FF-FF-FF-FF-FF-FF-FF-FF;NOTIFICATION;0;da1a1500-d532-4285-be94-b07a3e11a098;da1a150b-d532-4285-be94-b07a3e11a098;18;;
492343;1787410749573;150D;Fahrstatistik Max/Ø;20;167;–;01-1B-00-C7-FF-FF-FF-FF-47-18-FF-FF-FF-FF-FF-FF-FF-FF-00-00;NOTIFICATION;0;da1a1500-d532-4285-be94-b07a3e11a098;da1a150d-d532-4285-be94-b07a3e11a098;18;;
493383;1787410750613;1502;Akkuinformationen;16;168;–;47-18-FF-FF-FF-FF-47-18-FF-FF-FF-FF-FF-FF-00-00;NOTIFICATION;0;da1a1500-d532-4285-be94-b07a3e11a098;da1a1502-d532-4285-be94-b07a3e11a098;18;;
493803;1787410751033;1505;BikePerformance / Fahrleistung;18;162;0,1,2,3;07-12-07-12-FF-FF-00-DA-FF-FF-FF-FF-FF-00-00-00-00-00;NOTIFICATION;0;da1a1500-d532-4285-be94-b07a3e11a098;da1a1505-d532-4285-be94-b07a3e11a098;18;;
494014;1787410751244;1506;Trip / Kilometer & Betriebszähler;16;168;6,7;00-00-1C-3F-00-02-34-02-00-00-02-D3-00-00-00-00;NOTIFICATION;0;da1a1500-d532-4285-be94-b07a3e11a098;da1a1506-d532-4285-be94-b07a3e11a098;18;;
494434;1787410751664;1508;Settings / Licht & Fahrstufe;17;168;–;00-00-00-02-FF-FF-FF-FF-FF-FF-FF-00-00-00-00-00-00;NOTIFICATION;0;da1a1500-d532-4285-be94-b07a3e11a098;da1a1508-d532-4285-be94-b07a3e11a098;18;;
494633;1787410751863;1509;BatteryChange / Akku-Livestand;11;168;0,1,5,6,10;0F-A0-FF-FF-20-B1-58-00-00-00-B5;NOTIFICATION;0;da1a1500-d532-4285-be94-b07a3e11a098;da1a1509-d532-4285-be94-b07a3e11a098;18;;
494843;1787410752073;150A;MotorUpdate / Motor-Livestand;10;168;–;0F-A0-FF-FF-FF-FF-FF-FF-FF-FF;NOTIFICATION;0;da1a1500-d532-4285-be94-b07a3e11a098;da1a150a-d532-4285-be94-b07a3e11a098;18;;
495053;1787410752283;150B;Motor-/Controllerblock;20;168;–;FF-FF-FF-FF-FF-FF-FF-FF-FF-FF-FF-FF-FF-FF-FF-FF-FF-FF-FF-FF;NOTIFICATION;0;da1a1500-d532-4285-be94-b07a3e11a098;da1a150b-d532-4285-be94-b07a3e11a098;18;;
495263;1787410752493;150D;Fahrstatistik Max/Ø;20;168;–;01-1B-00-C7-FF-FF-FF-FF-47-18-FF-FF-FF-FF-FF-FF-FF-FF-00-00;NOTIFICATION;0;da1a1500-d532-4285-be94-b07a3e11a098;da1a150d-d532-4285-be94-b07a3e11a098;18;;
496303;1787410753533;1502;Akkuinformationen;16;169;–;47-18-FF-FF-FF-FF-47-18-FF-FF-FF-FF-FF-FF-00-00;NOTIFICATION;0;da1a1500-d532-4285-be94-b07a3e11a098;da1a1502-d532-4285-be94-b07a3e11a098;18;;
496724;1787410753954;1505;BikePerformance / Fahrleistung;18;163;0,1,2,3;05-50-05-50-FF-FF-00-DA-FF-FF-FF-FF-FF-00-00-00-00-00;NOTIFICATION;0;da1a1500-d532-4285-be94-b07a3e11a098;da1a1505-d532-4285-be94-b07a3e11a098;18;;
496934;1787410754164;1506;Trip / Kilometer & Betriebszähler;16;169;7;00-00-1C-3F-00-02-34-05-00-00-02-D3-00-00-00-00;NOTIFICATION;0;da1a1500-d532-4285-be94-b07a3e11a098;da1a1506-d532-4285-be94-b07a3e11a098;18;;
497354;1787410754584;1508;Settings / Licht & Fahrstufe;17;169;–;00-00-00-02-FF-FF-FF-FF-FF-FF-FF-00-00-00-00-00-00;NOTIFICATION;0;da1a1500-d532-4285-be94-b07a3e11a098;da1a1508-d532-4285-be94-b07a3e11a098;18;;
497554;1787410754784;1509;BatteryChange / Akku-Livestand;11;169;5,6;0F-A0-FF-FF-20-AF-C8-00-00-00-B5;NOTIFICATION;0;da1a1500-d532-4285-be94-b07a3e11a098;da1a1509-d532-4285-be94-b07a3e11a098;18;;
497763;1787410754993;150A;MotorUpdate / Motor-Livestand;10;169;–;0F-A0-FF-FF-FF-FF-FF-FF-FF-FF;NOTIFICATION;0;da1a1500-d532-4285-be94-b07a3e11a098;da1a150a-d532-4285-be94-b07a3e11a098;18;;
497973;1787410755203;150B;Motor-/Controllerblock;20;169;–;FF-FF-FF-FF-FF-FF-FF-FF-FF-FF-FF-FF-FF-FF-FF-FF-FF-FF-FF-FF;NOTIFICATION;0;da1a1500-d532-4285-be94-b07a3e11a098;da1a150b-d532-4285-be94-b07a3e11a098;18;;
498184;1787410755414;150D;Fahrstatistik Max/Ø;20;169;–;01-1B-00-C7-FF-FF-FF-FF-47-18-FF-FF-FF-FF-FF-FF-FF-FF-00-00;NOTIFICATION;0;da1a1500-d532-4285-be94-b07a3e11a098;da1a150d-d532-4285-be94-b07a3e11a098;18;;
499224;1787410756454;1502;Akkuinformationen;16;170;–;47-18-FF-FF-FF-FF-47-18-FF-FF-FF-FF-FF-FF-00-00;NOTIFICATION;0;da1a1500-d532-4285-be94-b07a3e11a098;da1a1502-d532-4285-be94-b07a3e11a098;18;;
499643;1787410756873;1505;BikePerformance / Fahrleistung;18;164;0,1,2,3;07-1C-07-1C-FF-FF-00-DA-FF-FF-FF-FF-FF-00-00-00-00-00;NOTIFICATION;0;da1a1500-d532-4285-be94-b07a3e11a098;da1a1505-d532-4285-be94-b07a3e11a098;18;;
499853;1787410757083;1506;Trip / Kilometer & Betriebszähler;16;170;3,7;00-00-1C-40-00-02-34-08-00-00-02-D3-00-00-00-00;NOTIFICATION;0;da1a1500-d532-4285-be94-b07a3e11a098;da1a1506-d532-4285-be94-b07a3e11a098;18;;
500273;1787410757503;1508;Settings / Licht & Fahrstufe;17;170;–;00-00-00-02-FF-FF-FF-FF-FF-FF-FF-00-00-00-00-00-00;NOTIFICATION;0;da1a1500-d532-4285-be94-b07a3e11a098;da1a1508-d532-4285-be94-b07a3e11a098;18;;
500483;1787410757713;1509;BatteryChange / Akku-Livestand;11;170;5,6,10;0F-A0-FF-FF-20-B1-58-00-00-00-88;NOTIFICATION;0;da1a1500-d532-4285-be94-b07a3e11a098;da1a1509-d532-4285-be94-b07a3e11a098;18;;
500683;1787410757913;150A;MotorUpdate / Motor-Livestand;10;170;–;0F-A0-FF-FF-FF-FF-FF-FF-FF-FF;NOTIFICATION;0;da1a1500-d532-4285-be94-b07a3e11a098;da1a150a-d532-4285-be94-b07a3e11a098;18;;
500893;1787410758123;150B;Motor-/Controllerblock;20;170;–;FF-FF-FF-FF-FF-FF-FF-FF-FF-FF-FF-FF-FF-FF-FF-FF-FF-FF-FF-FF;NOTIFICATION;0;da1a1500-d532-4285-be94-b07a3e11a098;da1a150b-d532-4285-be94-b07a3e11a098;18;;
501104;1787410758334;150D;Fahrstatistik Max/Ø;20;170;3;01-1B-00-C8-FF-FF-FF-FF-47-18-FF-FF-FF-FF-FF-FF-FF-FF-00-00;NOTIFICATION;0;da1a1500-d532-4285-be94-b07a3e11a098;da1a150d-d532-4285-be94-b07a3e11a098;18;;
502141;1787410759371;1502;Akkuinformationen;16;171;–;47-18-FF-FF-FF-FF-47-18-FF-FF-FF-FF-FF-FF-00-00;NOTIFICATION;0;da1a1500-d532-4285-be94-b07a3e11a098;da1a1502-d532-4285-be94-b07a3e11a098;18;;
502566;1787410759796;1505;BikePerformance / Fahrleistung;18;165;0,1,2,3;08-CA-08-CA-FF-FF-00-DA-FF-FF-FF-FF-FF-00-00-00-00-00;NOTIFICATION;0;da1a1500-d532-4285-be94-b07a3e11a098;da1a1505-d532-4285-be94-b07a3e11a098;18;;
502773;1787410760003;1506;Trip / Kilometer & Betriebszähler;16;171;7;00-00-1C-40-00-02-34-0B-00-00-02-D3-00-00-00-00;NOTIFICATION;0;da1a1500-d532-4285-be94-b07a3e11a098;da1a1506-d532-4285-be94-b07a3e11a098;18;;
503194;1787410760424;1508;Settings / Licht & Fahrstufe;17;171;–;00-00-00-02-FF-FF-FF-FF-FF-FF-FF-00-00-00-00-00-00;NOTIFICATION;0;da1a1500-d532-4285-be94-b07a3e11a098;da1a1508-d532-4285-be94-b07a3e11a098;18;;
503403;1787410760633;1509;BatteryChange / Akku-Livestand;11;171;10;0F-A0-FF-FF-20-B1-58-00-00-00-B5;NOTIFICATION;0;da1a1500-d532-4285-be94-b07a3e11a098;da1a1509-d532-4285-be94-b07a3e11a098;18;;
503604;1787410760834;150A;MotorUpdate / Motor-Livestand;10;171;–;0F-A0-FF-FF-FF-FF-FF-FF-FF-FF;NOTIFICATION;0;da1a1500-d532-4285-be94-b07a3e11a098;da1a150a-d532-4285-be94-b07a3e11a098;18;;
503813;1787410761043;150B;Motor-/Controllerblock;20;171;–;FF-FF-FF-FF-FF-FF-FF-FF-FF-FF-FF-FF-FF-FF-FF-FF-FF-FF-FF-FF;NOTIFICATION;0;da1a1500-d532-4285-be94-b07a3e11a098;da1a150b-d532-4285-be94-b07a3e11a098;18;;
504025;1787410761255;150D;Fahrstatistik Max/Ø;20;171;–;01-1B-00-C8-FF-FF-FF-FF-47-18-FF-FF-FF-FF-FF-FF-FF-FF-00-00;NOTIFICATION;0;da1a1500-d532-4285-be94-b07a3e11a098;da1a150d-d532-4285-be94-b07a3e11a098;18;;
505075;1787410762305;1502;Akkuinformationen;16;172;–;47-18-FF-FF-FF-FF-47-18-FF-FF-FF-FF-FF-FF-00-00;NOTIFICATION;0;da1a1500-d532-4285-be94-b07a3e11a098;da1a1502-d532-4285-be94-b07a3e11a098;18;;
505483;1787410762713;1505;BikePerformance / Fahrleistung;18;166;0,1,2,3;03-84-03-84-FF-FF-00-DA-FF-FF-FF-FF-FF-00-00-00-00-00;NOTIFICATION;0;da1a1500-d532-4285-be94-b07a3e11a098;da1a1505-d532-4285-be94-b07a3e11a098;18;;
505694;1787410762924;1506;Trip / Kilometer & Betriebszähler;16;172;7;00-00-1C-40-00-02-34-0E-00-00-02-D3-00-00-00-00;NOTIFICATION;0;da1a1500-d532-4285-be94-b07a3e11a098;da1a1506-d532-4285-be94-b07a3e11a098;18;;
506115;1787410763345;1508;Settings / Licht & Fahrstufe;17;172;–;00-00-00-02-FF-FF-FF-FF-FF-FF-FF-00-00-00-00-00-00;NOTIFICATION;0;da1a1500-d532-4285-be94-b07a3e11a098;da1a1508-d532-4285-be94-b07a3e11a098;18;;
506324;1787410763554;1509;BatteryChange / Akku-Livestand;11;172;0,1,5,6,10;13-88-FF-FF-20-B0-F4-00-00-00-E2;NOTIFICATION;0;da1a1500-d532-4285-be94-b07a3e11a098;da1a1509-d532-4285-be94-b07a3e11a098;18;;
506535;1787410763765;150A;MotorUpdate / Motor-Livestand;10;172;0,1;13-88-FF-FF-FF-FF-FF-FF-FF-FF;NOTIFICATION;0;da1a1500-d532-4285-be94-b07a3e11a098;da1a150a-d532-4285-be94-b07a3e11a098;18;;
506743;1787410763973;150B;Motor-/Controllerblock;20;172;–;FF-FF-FF-FF-FF-FF-FF-FF-FF-FF-FF-FF-FF-FF-FF-FF-FF-FF-FF-FF;NOTIFICATION;0;da1a1500-d532-4285-be94-b07a3e11a098;da1a150b-d532-4285-be94-b07a3e11a098;18;;
506943;1787410764173;150D;Fahrstatistik Max/Ø;20;172;–;01-1B-00-C8-FF-FF-FF-FF-47-18-FF-FF-FF-FF-FF-FF-FF-FF-00-00;NOTIFICATION;0;da1a1500-d532-4285-be94-b07a3e11a098;da1a150d-d532-4285-be94-b07a3e11a098;18;;
507996;1787410765226;1502;Akkuinformationen;16;173;–;47-18-FF-FF-FF-FF-47-18-FF-FF-FF-FF-FF-FF-00-00;NOTIFICATION;0;da1a1500-d532-4285-be94-b07a3e11a098;da1a1502-d532-4285-be94-b07a3e11a098;18;;
508403;1787410765633;1505;BikePerformance / Fahrleistung;18;167;0,1,2,3;08-CA-08-CA-FF-FF-00-DA-FF-FF-FF-FF-FF-00-00-00-00-00;NOTIFICATION;0;da1a1500-d532-4285-be94-b07a3e11a098;da1a1505-d532-4285-be94-b07a3e11a098;18;;
508614;1787410765844;1506;Trip / Kilometer & Betriebszähler;16;173;7;00-00-1C-40-00-02-34-10-00-00-02-D3-00-00-00-00;NOTIFICATION;0;da1a1500-d532-4285-be94-b07a3e11a098;da1a1506-d532-4285-be94-b07a3e11a098;18;;
509034;1787410766264;1508;Settings / Licht & Fahrstufe;17;173;–;00-00-00-02-FF-FF-FF-FF-FF-FF-FF-00-00-00-00-00-00;NOTIFICATION;0;da1a1500-d532-4285-be94-b07a3e11a098;da1a1508-d532-4285-be94-b07a3e11a098;18;;
509243;1787410766473;1509;BatteryChange / Akku-Livestand;11;173;0,1,6;0F-A0-FF-FF-20-B0-2C-00-00-00-E2;NOTIFICATION;0;da1a1500-d532-4285-be94-b07a3e11a098;da1a1509-d532-4285-be94-b07a3e11a098;18;;
509454;1787410766684;150A;MotorUpdate / Motor-Livestand;10;173;0,1;0F-A0-FF-FF-FF-FF-FF-FF-FF-FF;NOTIFICATION;0;da1a1500-d532-4285-be94-b07a3e11a098;da1a150a-d532-4285-be94-b07a3e11a098;18;;
509663;1787410766893;150B;Motor-/Controllerblock;20;173;–;FF-FF-FF-FF-FF-FF-FF-FF-FF-FF-FF-FF-FF-FF-FF-FF-FF-FF-FF-FF;NOTIFICATION;0;da1a1500-d532-4285-be94-b07a3e11a098;da1a150b-d532-4285-be94-b07a3e11a098;18;;
509864;1787410767094;150D;Fahrstatistik Max/Ø;20;173;–;01-1B-00-C8-FF-FF-FF-FF-47-18-FF-FF-FF-FF-FF-FF-FF-FF-00-00;NOTIFICATION;0;da1a1500-d532-4285-be94-b07a3e11a098;da1a150d-d532-4285-be94-b07a3e11a098;18;;
510914;1787410768144;1502;Akkuinformationen;16;174;–;47-18-FF-FF-FF-FF-47-18-FF-FF-FF-FF-FF-FF-00-00;NOTIFICATION;0;da1a1500-d532-4285-be94-b07a3e11a098;da1a1502-d532-4285-be94-b07a3e11a098;18;;
511324;1787410768554;1505;BikePerformance / Fahrleistung;18;168;0,1,2,3;05-50-05-50-FF-FF-00-DA-FF-FF-FF-FF-FF-00-00-00-00-00;NOTIFICATION;0;da1a1500-d532-4285-be94-b07a3e11a098;da1a1505-d532-4285-be94-b07a3e11a098;18;;
511533;1787410768763;1506;Trip / Kilometer & Betriebszähler;16;174;7;00-00-1C-40-00-02-34-13-00-00-02-D3-00-00-00-00;NOTIFICATION;0;da1a1500-d532-4285-be94-b07a3e11a098;da1a1506-d532-4285-be94-b07a3e11a098;18;;
511953;1787410769183;1508;Settings / Licht & Fahrstufe;17;174;–;00-00-00-02-FF-FF-FF-FF-FF-FF-FF-00-00-00-00-00-00;NOTIFICATION;0;da1a1500-d532-4285-be94-b07a3e11a098;da1a1508-d532-4285-be94-b07a3e11a098;18;;
512163;1787410769393;1509;BatteryChange / Akku-Livestand;11;174;0,1,6;13-88-FF-FF-20-B0-90-00-00-00-E2;NOTIFICATION;0;da1a1500-d532-4285-be94-b07a3e11a098;da1a1509-d532-4285-be94-b07a3e11a098;18;;
512373;1787410769603;150A;MotorUpdate / Motor-Livestand;10;174;–;0F-A0-FF-FF-FF-FF-FF-FF-FF-FF;NOTIFICATION;0;da1a1500-d532-4285-be94-b07a3e11a098;da1a150a-d532-4285-be94-b07a3e11a098;18;;
512583;1787410769813;150B;Motor-/Controllerblock;20;174;–;FF-FF-FF-FF-FF-FF-FF-FF-FF-FF-FF-FF-FF-FF-FF-FF-FF-FF-FF-FF;NOTIFICATION;0;da1a1500-d532-4285-be94-b07a3e11a098;da1a150b-d532-4285-be94-b07a3e11a098;18;;
512793;1787410770023;150D;Fahrstatistik Max/Ø;20;174;–;01-1B-00-C8-FF-FF-FF-FF-47-18-FF-FF-FF-FF-FF-FF-FF-FF-00-00;NOTIFICATION;0;da1a1500-d532-4285-be94-b07a3e11a098;da1a150d-d532-4285-be94-b07a3e11a098;18;;
513833;1787410771063;1502;Akkuinformationen;16;175;–;47-18-FF-FF-FF-FF-47-18-FF-FF-FF-FF-FF-FF-00-00;NOTIFICATION;0;da1a1500-d532-4285-be94-b07a3e11a098;da1a1502-d532-4285-be94-b07a3e11a098;18;;
514252;1787410771482;1505;BikePerformance / Fahrleistung;18;169;–;05-50-05-50-FF-FF-00-DA-FF-FF-FF-FF-FF-00-00-00-00-00;NOTIFICATION;0;da1a1500-d532-4285-be94-b07a3e11a098;da1a1505-d532-4285-be94-b07a3e11a098;18;;
514454;1787410771684;1506;Trip / Kilometer & Betriebszähler;16;175;7;00-00-1C-40-00-02-34-16-00-00-02-D3-00-00-00-00;NOTIFICATION;0;da1a1500-d532-4285-be94-b07a3e11a098;da1a1506-d532-4285-be94-b07a3e11a098;18;;
514873;1787410772103;1508;Settings / Licht & Fahrstufe;17;175;–;00-00-00-02-FF-FF-FF-FF-FF-FF-FF-00-00-00-00-00-00;NOTIFICATION;0;da1a1500-d532-4285-be94-b07a3e11a098;da1a1508-d532-4285-be94-b07a3e11a098;18;;
515084;1787410772314;1509;BatteryChange / Akku-Livestand;11;175;0,1,10;0F-A0-FF-FF-20-B0-90-00-00-00-B4;NOTIFICATION;0;da1a1500-d532-4285-be94-b07a3e11a098;da1a1509-d532-4285-be94-b07a3e11a098;18;;
515295;1787410772525;150A;MotorUpdate / Motor-Livestand;10;175;–;0F-A0-FF-FF-FF-FF-FF-FF-FF-FF;NOTIFICATION;0;da1a1500-d532-4285-be94-b07a3e11a098;da1a150a-d532-4285-be94-b07a3e11a098;18;;
515503;1787410772733;150B;Motor-/Controllerblock;20;175;–;FF-FF-FF-FF-FF-FF-FF-FF-FF-FF-FF-FF-FF-FF-FF-FF-FF-FF-FF-FF;NOTIFICATION;0;da1a1500-d532-4285-be94-b07a3e11a098;da1a150b-d532-4285-be94-b07a3e11a098;18;;
515713;1787410772943;150D;Fahrstatistik Max/Ø;20;175;–;01-1B-00-C8-FF-FF-FF-FF-47-18-FF-FF-FF-FF-FF-FF-FF-FF-00-00;NOTIFICATION;0;da1a1500-d532-4285-be94-b07a3e11a098;da1a150d-d532-4285-be94-b07a3e11a098;18;;
516754;1787410773984;1502;Akkuinformationen;16;176;–;47-18-FF-FF-FF-FF-47-18-FF-FF-FF-FF-FF-FF-00-00;NOTIFICATION;0;da1a1500-d532-4285-be94-b07a3e11a098;da1a1502-d532-4285-be94-b07a3e11a098;18;;
517174;1787410774404;1505;BikePerformance / Fahrleistung;18;170;–;05-50-05-50-FF-FF-00-DA-FF-FF-FF-FF-FF-00-00-00-00-00;NOTIFICATION;0;da1a1500-d532-4285-be94-b07a3e11a098;da1a1505-d532-4285-be94-b07a3e11a098;18;;
517374;1787410774604;1506;Trip / Kilometer & Betriebszähler;16;176;7;00-00-1C-40-00-02-34-19-00-00-02-D3-00-00-00-00;NOTIFICATION;0;da1a1500-d532-4285-be94-b07a3e11a098;da1a1506-d532-4285-be94-b07a3e11a098;18;;
517794;1787410775024;1508;Settings / Licht & Fahrstufe;17;176;–;00-00-00-02-FF-FF-FF-FF-FF-FF-FF-00-00-00-00-00-00;NOTIFICATION;0;da1a1500-d532-4285-be94-b07a3e11a098;da1a1508-d532-4285-be94-b07a3e11a098;18;;
518003;1787410775233;1509;BatteryChange / Akku-Livestand;11;176;6,10;0F-A0-FF-FF-20-B0-F4-00-00-00-B5;NOTIFICATION;0;da1a1500-d532-4285-be94-b07a3e11a098;da1a1509-d532-4285-be94-b07a3e11a098;18;;
518214;1787410775444;150A;MotorUpdate / Motor-Livestand;10;176;–;0F-A0-FF-FF-FF-FF-FF-FF-FF-FF;NOTIFICATION;0;da1a1500-d532-4285-be94-b07a3e11a098;da1a150a-d532-4285-be94-b07a3e11a098;18;;
518423;1787410775653;150B;Motor-/Controllerblock;20;176;–;FF-FF-FF-FF-FF-FF-FF-FF-FF-FF-FF-FF-FF-FF-FF-FF-FF-FF-FF-FF;NOTIFICATION;0;da1a1500-d532-4285-be94-b07a3e11a098;da1a150b-d532-4285-be94-b07a3e11a098;18;;
518633;1787410775863;150D;Fahrstatistik Max/Ø;20;176;–;01-1B-00-C8-FF-FF-FF-FF-47-18-FF-FF-FF-FF-FF-FF-FF-FF-00-00;NOTIFICATION;0;da1a1500-d532-4285-be94-b07a3e11a098;da1a150d-d532-4285-be94-b07a3e11a098;18;;
519675;1787410776905;1502;Akkuinformationen;16;177;–;47-18-FF-FF-FF-FF-47-18-FF-FF-FF-FF-FF-FF-00-00;NOTIFICATION;0;da1a1500-d532-4285-be94-b07a3e11a098;da1a1502-d532-4285-be94-b07a3e11a098;18;;
520094;1787410777324;1505;BikePerformance / Fahrleistung;18;171;0,1,2,3,7;00-00-00-00-FF-FF-00-C7-FF-FF-FF-FF-FF-00-00-00-00-00;NOTIFICATION;0;da1a1500-d532-4285-be94-b07a3e11a098;da1a1505-d532-4285-be94-b07a3e11a098;18;;
520298;1787410777528;1506;Trip / Kilometer & Betriebszähler;16;177;3,7;00-00-1C-41-00-02-34-1C-00-00-02-D3-00-00-00-00;NOTIFICATION;0;da1a1500-d532-4285-be94-b07a3e11a098;da1a1506-d532-4285-be94-b07a3e11a098;18;;
520708;1787410777938;1508;Settings / Licht & Fahrstufe;17;177;–;00-00-00-02-FF-FF-FF-FF-FF-FF-FF-00-00-00-00-00-00;NOTIFICATION;0;da1a1500-d532-4285-be94-b07a3e11a098;da1a1508-d532-4285-be94-b07a3e11a098;18;;
520919;1787410778149;1509;BatteryChange / Akku-Livestand;11;177;0,1,5,6,10;00-00-FF-FF-20-B3-4C-00-00-00-00;NOTIFICATION;0;da1a1500-d532-4285-be94-b07a3e11a098;da1a1509-d532-4285-be94-b07a3e11a098;18;;
521133;1787410778363;150A;MotorUpdate / Motor-Livestand;10;177;0,1;03-E8-FF-FF-FF-FF-FF-FF-FF-FF;NOTIFICATION;0;da1a1500-d532-4285-be94-b07a3e11a098;da1a150a-d532-4285-be94-b07a3e11a098;18;;
521354;1787410778584;150B;Motor-/Controllerblock;20;177;–;FF-FF-FF-FF-FF-FF-FF-FF-FF-FF-FF-FF-FF-FF-FF-FF-FF-FF-FF-FF;NOTIFICATION;0;da1a1500-d532-4285-be94-b07a3e11a098;da1a150b-d532-4285-be94-b07a3e11a098;18;;
521550;1787410778780;150D;Fahrstatistik Max/Ø;20;177;–;01-1B-00-C8-FF-FF-FF-FF-47-18-FF-FF-FF-FF-FF-FF-FF-FF-00-00;NOTIFICATION;0;da1a1500-d532-4285-be94-b07a3e11a098;da1a150d-d532-4285-be94-b07a3e11a098;18;;
522595;1787410779825;1502;Akkuinformationen;16;178;–;47-18-FF-FF-FF-FF-47-18-FF-FF-FF-FF-FF-FF-00-00;NOTIFICATION;0;da1a1500-d532-4285-be94-b07a3e11a098;da1a1502-d532-4285-be94-b07a3e11a098;18;;
523015;1787410780245;1505;BikePerformance / Fahrleistung;18;172;0,1,2,3,7;07-1C-07-1C-FF-FF-00-B8-FF-FF-FF-FF-FF-00-00-00-00-00;NOTIFICATION;0;da1a1500-d532-4285-be94-b07a3e11a098;da1a1505-d532-4285-be94-b07a3e11a098;18;;
523218;1787410780448;1506;Trip / Kilometer & Betriebszähler;16;178;7;00-00-1C-41-00-02-34-1F-00-00-02-D3-00-00-00-00;NOTIFICATION;0;da1a1500-d532-4285-be94-b07a3e11a098;da1a1506-d532-4285-be94-b07a3e11a098;18;;
523635;1787410780865;1508;Settings / Licht & Fahrstufe;17;178;–;00-00-00-02-FF-FF-FF-FF-FF-FF-FF-00-00-00-00-00-00;NOTIFICATION;0;da1a1500-d532-4285-be94-b07a3e11a098;da1a1508-d532-4285-be94-b07a3e11a098;18;;
523844;1787410781074;1509;BatteryChange / Akku-Livestand;11;178;0,1,5,6,9,10;1F-40-FF-FF-20-AF-C8-00-00-01-68;NOTIFICATION;0;da1a1500-d532-4285-be94-b07a3e11a098;da1a1509-d532-4285-be94-b07a3e11a098;18;;
524054;1787410781284;150A;MotorUpdate / Motor-Livestand;10;178;0,1;1B-58-FF-FF-FF-FF-FF-FF-FF-FF;NOTIFICATION;0;da1a1500-d532-4285-be94-b07a3e11a098;da1a150a-d532-4285-be94-b07a3e11a098;18;;
524263;1787410781493;150B;Motor-/Controllerblock;20;178;–;FF-FF-FF-FF-FF-FF-FF-FF-FF-FF-FF-FF-FF-FF-FF-FF-FF-FF-FF-FF;NOTIFICATION;0;da1a1500-d532-4285-be94-b07a3e11a098;da1a150b-d532-4285-be94-b07a3e11a098;18;;
524473;1787410781703;150D;Fahrstatistik Max/Ø;20;178;–;01-1B-00-C8-FF-FF-FF-FF-47-18-FF-FF-FF-FF-FF-FF-FF-FF-00-00;NOTIFICATION;0;da1a1500-d532-4285-be94-b07a3e11a098;da1a150d-d532-4285-be94-b07a3e11a098;18;;
525513;1787410782743;1502;Akkuinformationen;16;179;–;47-18-FF-FF-FF-FF-47-18-FF-FF-FF-FF-FF-FF-00-00;NOTIFICATION;0;da1a1500-d532-4285-be94-b07a3e11a098;da1a1502-d532-4285-be94-b07a3e11a098;18;;
525933;1787410783163;1505;BikePerformance / Fahrleistung;18;173;0,1,2,3,7;0A-8C-0A-8C-FF-FF-00-DA-FF-FF-FF-FF-FF-00-00-00-00-00;NOTIFICATION;0;da1a1500-d532-4285-be94-b07a3e11a098;da1a1505-d532-4285-be94-b07a3e11a098;18;;
526143;1787410783373;1506;Trip / Kilometer & Betriebszähler;16;179;7;00-00-1C-41-00-02-34-22-00-00-02-D3-00-00-00-00;NOTIFICATION;0;da1a1500-d532-4285-be94-b07a3e11a098;da1a1506-d532-4285-be94-b07a3e11a098;18;;
526552;1787410783782;1508;Settings / Licht & Fahrstufe;17;179;–;00-00-00-02-FF-FF-FF-FF-FF-FF-FF-00-00-00-00-00-00;NOTIFICATION;0;da1a1500-d532-4285-be94-b07a3e11a098;da1a1508-d532-4285-be94-b07a3e11a098;18;;
526763;1787410783993;1509;BatteryChange / Akku-Livestand;11;179;0,1,5,6,9,10;0B-B8-FF-FF-20-B2-20-00-00-00-88;NOTIFICATION;0;da1a1500-d532-4285-be94-b07a3e11a098;da1a1509-d532-4285-be94-b07a3e11a098;18;;
526972;1787410784202;150A;MotorUpdate / Motor-Livestand;10;179;0,1;03-E8-FF-FF-FF-FF-FF-FF-FF-FF;NOTIFICATION;0;da1a1500-d532-4285-be94-b07a3e11a098;da1a150a-d532-4285-be94-b07a3e11a098;18;;
527182;1787410784412;150B;Motor-/Controllerblock;20;179;–;FF-FF-FF-FF-FF-FF-FF-FF-FF-FF-FF-FF-FF-FF-FF-FF-FF-FF-FF-FF;NOTIFICATION;0;da1a1500-d532-4285-be94-b07a3e11a098;da1a150b-d532-4285-be94-b07a3e11a098;18;;
527392;1787410784622;150D;Fahrstatistik Max/Ø;20;179;–;01-1B-00-C8-FF-FF-FF-FF-47-18-FF-FF-FF-FF-FF-FF-FF-FF-00-00;NOTIFICATION;0;da1a1500-d532-4285-be94-b07a3e11a098;da1a150d-d532-4285-be94-b07a3e11a098;18;;
528430;1787410785660;1502;Akkuinformationen;16;180;–;47-18-FF-FF-FF-FF-47-18-FF-FF-FF-FF-FF-FF-00-00;NOTIFICATION;0;da1a1500-d532-4285-be94-b07a3e11a098;da1a1502-d532-4285-be94-b07a3e11a098;18;;
528854;1787410786084;1505;BikePerformance / Fahrleistung;18;174;0,1,2,3,7;00-00-00-00-FF-FF-00-BD-FF-FF-FF-FF-FF-00-00-00-00-00;NOTIFICATION;0;da1a1500-d532-4285-be94-b07a3e11a098;da1a1505-d532-4285-be94-b07a3e11a098;18;;
529061;1787410786291;1506;Trip / Kilometer & Betriebszähler;16;180;7;00-00-1C-41-00-02-34-25-00-00-02-D3-00-00-00-00;NOTIFICATION;0;da1a1500-d532-4285-be94-b07a3e11a098;da1a1506-d532-4285-be94-b07a3e11a098;18;;
529473;1787410786703;1508;Settings / Licht & Fahrstufe;17;180;–;00-00-00-02-FF-FF-FF-FF-FF-FF-FF-00-00-00-00-00-00;NOTIFICATION;0;da1a1500-d532-4285-be94-b07a3e11a098;da1a1508-d532-4285-be94-b07a3e11a098;18;;
529683;1787410786913;1509;BatteryChange / Akku-Livestand;11;180;0,1,5,6,10;00-00-FF-FF-20-B5-A4-00-00-00-00;NOTIFICATION;0;da1a1500-d532-4285-be94-b07a3e11a098;da1a1509-d532-4285-be94-b07a3e11a098;18;;
529894;1787410787124;150A;MotorUpdate / Motor-Livestand;10;180;0,1;00-00-FF-FF-FF-FF-FF-FF-FF-FF;NOTIFICATION;0;da1a1500-d532-4285-be94-b07a3e11a098;da1a150a-d532-4285-be94-b07a3e11a098;18;;
530104;1787410787334;150B;Motor-/Controllerblock;20;180;–;FF-FF-FF-FF-FF-FF-FF-FF-FF-FF-FF-FF-FF-FF-FF-FF-FF-FF-FF-FF;NOTIFICATION;0;da1a1500-d532-4285-be94-b07a3e11a098;da1a150b-d532-4285-be94-b07a3e11a098;18;;
530314;1787410787544;150D;Fahrstatistik Max/Ø;20;180;–;01-1B-00-C8-FF-FF-FF-FF-47-18-FF-FF-FF-FF-FF-FF-FF-FF-00-00;NOTIFICATION;0;da1a1500-d532-4285-be94-b07a3e11a098;da1a150d-d532-4285-be94-b07a3e11a098;18;;
531351;1787410788581;1502;Akkuinformationen;16;181;–;47-18-FF-FF-FF-FF-47-18-FF-FF-FF-FF-FF-FF-00-00;NOTIFICATION;0;da1a1500-d532-4285-be94-b07a3e11a098;da1a1502-d532-4285-be94-b07a3e11a098;18;;
531772;1787410789002;1505;BikePerformance / Fahrleistung;18;175;7;00-00-00-00-FF-FF-00-82-FF-FF-FF-FF-FF-00-00-00-00-00;NOTIFICATION;0;da1a1500-d532-4285-be94-b07a3e11a098;da1a1505-d532-4285-be94-b07a3e11a098;18;;
531979;1787410789209;1506;Trip / Kilometer & Betriebszähler;16;181;7;00-00-1C-41-00-02-34-28-00-00-02-D3-00-00-00-00;NOTIFICATION;0;da1a1500-d532-4285-be94-b07a3e11a098;da1a1506-d532-4285-be94-b07a3e11a098;18;;
532404;1787410789634;1508;Settings / Licht & Fahrstufe;17;181;–;00-00-00-02-FF-FF-FF-FF-FF-FF-FF-00-00-00-00-00-00;NOTIFICATION;0;da1a1500-d532-4285-be94-b07a3e11a098;da1a1508-d532-4285-be94-b07a3e11a098;18;;
532604;1787410789834;1509;BatteryChange / Akku-Livestand;11;181;0,1,5,6,9,10;1F-40-FF-FF-20-B0-2C-00-00-01-68;NOTIFICATION;0;da1a1500-d532-4285-be94-b07a3e11a098;da1a1509-d532-4285-be94-b07a3e11a098;18;;
532815;1787410790045;150A;MotorUpdate / Motor-Livestand;10;181;0,1;17-70-FF-FF-FF-FF-FF-FF-FF-FF;NOTIFICATION;0;da1a1500-d532-4285-be94-b07a3e11a098;da1a150a-d532-4285-be94-b07a3e11a098;18;;
533025;1787410790255;150B;Motor-/Controllerblock;20;181;–;FF-FF-FF-FF-FF-FF-FF-FF-FF-FF-FF-FF-FF-FF-FF-FF-FF-FF-FF-FF;NOTIFICATION;0;da1a1500-d532-4285-be94-b07a3e11a098;da1a150b-d532-4285-be94-b07a3e11a098;18;;
533234;1787410790464;150D;Fahrstatistik Max/Ø;20;181;–;01-1B-00-C8-FF-FF-FF-FF-47-18-FF-FF-FF-FF-FF-FF-FF-FF-00-00;NOTIFICATION;0;da1a1500-d532-4285-be94-b07a3e11a098;da1a150d-d532-4285-be94-b07a3e11a098;18;;
534274;1787410791504;1502;Akkuinformationen;16;182;–;47-18-FF-FF-FF-FF-47-18-FF-FF-FF-FF-FF-FF-00-00;NOTIFICATION;0;da1a1500-d532-4285-be94-b07a3e11a098;da1a1502-d532-4285-be94-b07a3e11a098;18;;
534694;1787410791924;1505;BikePerformance / Fahrleistung;18;176;0,1,2,3,7;13-1A-13-1A-FF-FF-00-C6-FF-FF-FF-FF-FF-00-00-00-00-00;NOTIFICATION;0;da1a1500-d532-4285-be94-b07a3e11a098;da1a1505-d532-4285-be94-b07a3e11a098;18;;
534904;1787410792134;1506;Trip / Kilometer & Betriebszähler;16;182;7;00-00-1C-41-00-02-34-2B-00-00-02-D3-00-00-00-00;NOTIFICATION;0;da1a1500-d532-4285-be94-b07a3e11a098;da1a1506-d532-4285-be94-b07a3e11a098;18;;
535324;1787410792554;1508;Settings / Licht & Fahrstufe;17;182;–;00-00-00-02-FF-FF-FF-FF-FF-FF-FF-00-00-00-00-00-00;NOTIFICATION;0;da1a1500-d532-4285-be94-b07a3e11a098;da1a1508-d532-4285-be94-b07a3e11a098;18;;
535524;1787410792754;1509;BatteryChange / Akku-Livestand;11;182;5,6,10;1F-40-FF-FF-20-AE-38-00-00-01-64;NOTIFICATION;0;da1a1500-d532-4285-be94-b07a3e11a098;da1a1509-d532-4285-be94-b07a3e11a098;18;;
535733;1787410792963;150A;MotorUpdate / Motor-Livestand;10;182;0,1;1F-40-FF-FF-FF-FF-FF-FF-FF-FF;NOTIFICATION;0;da1a1500-d532-4285-be94-b07a3e11a098;da1a150a-d532-4285-be94-b07a3e11a098;18;;
535944;1787410793174;150B;Motor-/Controllerblock;20;182;–;FF-FF-FF-FF-FF-FF-FF-FF-FF-FF-FF-FF-FF-FF-FF-FF-FF-FF-FF-FF;NOTIFICATION;0;da1a1500-d532-4285-be94-b07a3e11a098;da1a150b-d532-4285-be94-b07a3e11a098;18;;
536155;1787410793385;150D;Fahrstatistik Max/Ø;20;182;–;01-1B-00-C8-FF-FF-FF-FF-47-18-FF-FF-FF-FF-FF-FF-FF-FF-00-00;NOTIFICATION;0;da1a1500-d532-4285-be94-b07a3e11a098;da1a150d-d532-4285-be94-b07a3e11a098;18;;
537195;1787410794425;1502;Akkuinformationen;16;183;–;47-18-FF-FF-FF-FF-47-18-FF-FF-FF-FF-FF-FF-00-00;NOTIFICATION;0;da1a1500-d532-4285-be94-b07a3e11a098;da1a1502-d532-4285-be94-b07a3e11a098;18;;
537614;1787410794844;1505;BikePerformance / Fahrleistung;18;177;0,1,2,3,7;0E-06-0E-06-FF-FF-00-DA-FF-FF-FF-FF-FF-00-00-00-00-00;NOTIFICATION;0;da1a1500-d532-4285-be94-b07a3e11a098;da1a1505-d532-4285-be94-b07a3e11a098;18;;
537823;1787410795053;1506;Trip / Kilometer & Betriebszähler;16;183;3,7;00-00-1C-42-00-02-34-2E-00-00-02-D3-00-00-00-00;NOTIFICATION;0;da1a1500-d532-4285-be94-b07a3e11a098;da1a1506-d532-4285-be94-b07a3e11a098;18;;
538256;1787410795486;1508;Settings / Licht & Fahrstufe;17;183;–;00-00-00-02-FF-FF-FF-FF-FF-FF-FF-00-00-00-00-00-00;NOTIFICATION;0;da1a1500-d532-4285-be94-b07a3e11a098;da1a1508-d532-4285-be94-b07a3e11a098;18;;
538454;1787410795684;1509;BatteryChange / Akku-Livestand;11;183;0,1,5,6,10;13-88-FF-FF-20-B0-2C-00-00-01-0E;NOTIFICATION;0;da1a1500-d532-4285-be94-b07a3e11a098;da1a1509-d532-4285-be94-b07a3e11a098;18;;
538655;1787410795885;150A;MotorUpdate / Motor-Livestand;10;183;0,1;13-88-FF-FF-FF-FF-FF-FF-FF-FF;NOTIFICATION;0;da1a1500-d532-4285-be94-b07a3e11a098;da1a150a-d532-4285-be94-b07a3e11a098;18;;
538864;1787410796094;150B;Motor-/Controllerblock;20;183;–;FF-FF-FF-FF-FF-FF-FF-FF-FF-FF-FF-FF-FF-FF-FF-FF-FF-FF-FF-FF;NOTIFICATION;0;da1a1500-d532-4285-be94-b07a3e11a098;da1a150b-d532-4285-be94-b07a3e11a098;18;;
539075;1787410796305;150D;Fahrstatistik Max/Ø;20;183;–;01-1B-00-C8-FF-FF-FF-FF-47-18-FF-FF-FF-FF-FF-FF-FF-FF-00-00;NOTIFICATION;0;da1a1500-d532-4285-be94-b07a3e11a098;da1a150d-d532-4285-be94-b07a3e11a098;18;;
540114;1787410797344;1502;Akkuinformationen;16;184;–;47-18-FF-FF-FF-FF-47-18-FF-FF-FF-FF-FF-FF-00-00;NOTIFICATION;0;da1a1500-d532-4285-be94-b07a3e11a098;da1a1502-d532-4285-be94-b07a3e11a098;18;;
540532;1787410797762;1505;BikePerformance / Fahrleistung;18;178;0,1,2,3;08-D4-08-D4-FF-FF-00-DA-FF-FF-FF-FF-FF-00-00-00-00-00;NOTIFICATION;0;da1a1500-d532-4285-be94-b07a3e11a098;da1a1505-d532-4285-be94-b07a3e11a098;18;;
540745;1787410797975;1506;Trip / Kilometer & Betriebszähler;16;184;7;00-00-1C-42-00-02-34-31-00-00-02-D3-00-00-00-00;NOTIFICATION;0;da1a1500-d532-4285-be94-b07a3e11a098;da1a1506-d532-4285-be94-b07a3e11a098;18;;
541163;1787410798393;1508;Settings / Licht & Fahrstufe;17;184;–;00-00-00-02-FF-FF-FF-FF-FF-FF-FF-00-00-00-00-00-00;NOTIFICATION;0;da1a1500-d532-4285-be94-b07a3e11a098;da1a1508-d532-4285-be94-b07a3e11a098;18;;
541373;1787410798603;1509;BatteryChange / Akku-Livestand;11;184;0,1,5,6,9,10;0F-A0-FF-FF-20-B2-20-00-00-00-B6;NOTIFICATION;0;da1a1500-d532-4285-be94-b07a3e11a098;da1a1509-d532-4285-be94-b07a3e11a098;18;;
541574;1787410798804;150A;MotorUpdate / Motor-Livestand;10;184;0,1;0B-B8-FF-FF-FF-FF-FF-FF-FF-FF;NOTIFICATION;0;da1a1500-d532-4285-be94-b07a3e11a098;da1a150a-d532-4285-be94-b07a3e11a098;18;;
541784;1787410799014;150B;Motor-/Controllerblock;20;184;–;FF-FF-FF-FF-FF-FF-FF-FF-FF-FF-FF-FF-FF-FF-FF-FF-FF-FF-FF-FF;NOTIFICATION;0;da1a1500-d532-4285-be94-b07a3e11a098;da1a150b-d532-4285-be94-b07a3e11a098;18;;
541995;1787410799225;150D;Fahrstatistik Max/Ø;20;184;–;01-1B-00-C8-FF-FF-FF-FF-47-18-FF-FF-FF-FF-FF-FF-FF-FF-00-00;NOTIFICATION;0;da1a1500-d532-4285-be94-b07a3e11a098;da1a150d-d532-4285-be94-b07a3e11a098;18;;
543045;1787410800275;1502;Akkuinformationen;16;185;–;47-18-FF-FF-FF-FF-47-18-FF-FF-FF-FF-FF-FF-00-00;NOTIFICATION;0;da1a1500-d532-4285-be94-b07a3e11a098;da1a1502-d532-4285-be94-b07a3e11a098;18;;
543454;1787410800684;1505;BikePerformance / Fahrleistung;18;179;–;08-D4-08-D4-FF-FF-00-DA-FF-FF-FF-FF-FF-00-00-00-00-00;NOTIFICATION;0;da1a1500-d532-4285-be94-b07a3e11a098;da1a1505-d532-4285-be94-b07a3e11a098;18;;
543664;1787410800894;1506;Trip / Kilometer & Betriebszähler;16;185;7;00-00-1C-42-00-02-34-34-00-00-02-D3-00-00-00-00;NOTIFICATION;0;da1a1500-d532-4285-be94-b07a3e11a098;da1a1506-d532-4285-be94-b07a3e11a098;18;;
544084;1787410801314;1508;Settings / Licht & Fahrstufe;17;185;–;00-00-00-02-FF-FF-FF-FF-FF-FF-FF-00-00-00-00-00-00;NOTIFICATION;0;da1a1500-d532-4285-be94-b07a3e11a098;da1a1508-d532-4285-be94-b07a3e11a098;18;;
544293;1787410801523;1509;BatteryChange / Akku-Livestand;11;185;0,1,5,6,9,10;17-70-FF-FF-20-AE-9C-00-00-01-0C;NOTIFICATION;0;da1a1500-d532-4285-be94-b07a3e11a098;da1a1509-d532-4285-be94-b07a3e11a098;18;;
544504;1787410801734;150A;MotorUpdate / Motor-Livestand;10;185;0,1;17-70-FF-FF-FF-FF-FF-FF-FF-FF;NOTIFICATION;0;da1a1500-d532-4285-be94-b07a3e11a098;da1a150a-d532-4285-be94-b07a3e11a098;18;;
544703;1787410801933;150B;Motor-/Controllerblock;20;185;–;FF-FF-FF-FF-FF-FF-FF-FF-FF-FF-FF-FF-FF-FF-FF-FF-FF-FF-FF-FF;NOTIFICATION;0;da1a1500-d532-4285-be94-b07a3e11a098;da1a150b-d532-4285-be94-b07a3e11a098;18;;
544914;1787410802144;150D;Fahrstatistik Max/Ø;20;185;–;01-1B-00-C8-FF-FF-FF-FF-47-18-FF-FF-FF-FF-FF-FF-FF-FF-00-00;NOTIFICATION;0;da1a1500-d532-4285-be94-b07a3e11a098;da1a150d-d532-4285-be94-b07a3e11a098;18;;
545963;1787410803193;1502;Akkuinformationen;16;186;–;47-18-FF-FF-FF-FF-47-18-FF-FF-FF-FF-FF-FF-00-00;NOTIFICATION;0;da1a1500-d532-4285-be94-b07a3e11a098;da1a1502-d532-4285-be94-b07a3e11a098;18;;
546375;1787410803605;1505;BikePerformance / Fahrleistung;18;180;1,3;08-C0-08-C0-FF-FF-00-DA-FF-FF-FF-FF-FF-00-00-00-00-00;NOTIFICATION;0;da1a1500-d532-4285-be94-b07a3e11a098;da1a1505-d532-4285-be94-b07a3e11a098;18;;
546581;1787410803811;1506;Trip / Kilometer & Betriebszähler;16;186;7;00-00-1C-42-00-02-34-37-00-00-02-D3-00-00-00-00;NOTIFICATION;0;da1a1500-d532-4285-be94-b07a3e11a098;da1a1506-d532-4285-be94-b07a3e11a098;18;;
547006;1787410804236;1508;Settings / Licht & Fahrstufe;17;186;–;00-00-00-02-FF-FF-FF-FF-FF-FF-FF-00-00-00-00-00-00;NOTIFICATION;0;da1a1500-d532-4285-be94-b07a3e11a098;da1a1508-d532-4285-be94-b07a3e11a098;18;;
547215;1787410804445;1509;BatteryChange / Akku-Livestand;11;186;5,6,10;17-70-FF-FF-20-B0-2C-00-00-01-0E;NOTIFICATION;0;da1a1500-d532-4285-be94-b07a3e11a098;da1a1509-d532-4285-be94-b07a3e11a098;18;;
547424;1787410804654;150A;MotorUpdate / Motor-Livestand;10;186;0,1;13-88-FF-FF-FF-FF-FF-FF-FF-FF;NOTIFICATION;0;da1a1500-d532-4285-be94-b07a3e11a098;da1a150a-d532-4285-be94-b07a3e11a098;18;;
547635;1787410804865;150B;Motor-/Controllerblock;20;186;–;FF-FF-FF-FF-FF-FF-FF-FF-FF-FF-FF-FF-FF-FF-FF-FF-FF-FF-FF-FF;NOTIFICATION;0;da1a1500-d532-4285-be94-b07a3e11a098;da1a150b-d532-4285-be94-b07a3e11a098;18;;
547834;1787410805064;150D;Fahrstatistik Max/Ø;20;186;–;01-1B-00-C8-FF-FF-FF-FF-47-18-FF-FF-FF-FF-FF-FF-FF-FF-00-00;NOTIFICATION;0;da1a1500-d532-4285-be94-b07a3e11a098;da1a150d-d532-4285-be94-b07a3e11a098;18;;
548884;1787410806114;1502;Akkuinformationen;16;187;–;47-18-FF-FF-FF-FF-47-18-FF-FF-FF-FF-FF-FF-00-00;NOTIFICATION;0;da1a1500-d532-4285-be94-b07a3e11a098;da1a1502-d532-4285-be94-b07a3e11a098;18;;
549294;1787410806524;1505;BikePerformance / Fahrleistung;18;181;0,1,2,3;0C-3A-0C-3A-FF-FF-00-DA-FF-FF-FF-FF-FF-00-00-00-00-00;NOTIFICATION;0;da1a1500-d532-4285-be94-b07a3e11a098;da1a1505-d532-4285-be94-b07a3e11a098;18;;
549504;1787410806734;1506;Trip / Kilometer & Betriebszähler;16;187;7;00-00-1C-42-00-02-34-3A-00-00-02-D3-00-00-00-00;NOTIFICATION;0;da1a1500-d532-4285-be94-b07a3e11a098;da1a1506-d532-4285-be94-b07a3e11a098;18;;
549924;1787410807154;1508;Settings / Licht & Fahrstufe;17;187;–;00-00-00-02-FF-FF-FF-FF-FF-FF-FF-00-00-00-00-00-00;NOTIFICATION;0;da1a1500-d532-4285-be94-b07a3e11a098;da1a1508-d532-4285-be94-b07a3e11a098;18;;
550134;1787410807364;1509;BatteryChange / Akku-Livestand;11;187;0,1,10;1B-58-FF-FF-20-B0-2C-00-00-01-66;NOTIFICATION;0;da1a1500-d532-4285-be94-b07a3e11a098;da1a1509-d532-4285-be94-b07a3e11a098;18;;
550345;1787410807575;150A;MotorUpdate / Motor-Livestand;10;187;0,1;1B-58-FF-FF-FF-FF-FF-FF-FF-FF;NOTIFICATION;0;da1a1500-d532-4285-be94-b07a3e11a098;da1a150a-d532-4285-be94-b07a3e11a098;18;;
550555;1787410807785;150B;Motor-/Controllerblock;20;187;–;FF-FF-FF-FF-FF-FF-FF-FF-FF-FF-FF-FF-FF-FF-FF-FF-FF-FF-FF-FF;NOTIFICATION;0;da1a1500-d532-4285-be94-b07a3e11a098;da1a150b-d532-4285-be94-b07a3e11a098;18;;
550754;1787410807984;150D;Fahrstatistik Max/Ø;20;187;–;01-1B-00-C8-FF-FF-FF-FF-47-18-FF-FF-FF-FF-FF-FF-FF-FF-00-00;NOTIFICATION;0;da1a1500-d532-4285-be94-b07a3e11a098;da1a150d-d532-4285-be94-b07a3e11a098;18;;
551804;1787410809034;1502;Akkuinformationen;16;188;–;47-18-FF-FF-FF-FF-47-18-FF-FF-FF-FF-FF-FF-00-00;NOTIFICATION;0;da1a1500-d532-4285-be94-b07a3e11a098;da1a1502-d532-4285-be94-b07a3e11a098;18;;
552215;1787410809445;1505;BikePerformance / Fahrleistung;18;182;0,1,2,3;0A-82-0A-82-FF-FF-00-DA-FF-FF-FF-FF-FF-00-00-00-00-00;NOTIFICATION;0;da1a1500-d532-4285-be94-b07a3e11a098;da1a1505-d532-4285-be94-b07a3e11a098;18;;
552425;1787410809655;1506;Trip / Kilometer & Betriebszähler;16;188;7;00-00-1C-42-00-02-34-3D-00-00-02-D3-00-00-00-00;NOTIFICATION;0;da1a1500-d532-4285-be94-b07a3e11a098;da1a1506-d532-4285-be94-b07a3e11a098;18;;
552845;1787410810075;1508;Settings / Licht & Fahrstufe;17;188;–;00-00-00-02-FF-FF-FF-FF-FF-FF-FF-00-00-00-00-00-00;NOTIFICATION;0;da1a1500-d532-4285-be94-b07a3e11a098;da1a1508-d532-4285-be94-b07a3e11a098;18;;
553054;1787410810284;1509;BatteryChange / Akku-Livestand;11;188;6,10;1B-58-FF-FF-20-B0-F4-00-00-01-3D;NOTIFICATION;0;da1a1500-d532-4285-be94-b07a3e11a098;da1a1509-d532-4285-be94-b07a3e11a098;18;;
553264;1787410810494;150A;MotorUpdate / Motor-Livestand;10;188;–;1B-58-FF-FF-FF-FF-FF-FF-FF-FF;NOTIFICATION;0;da1a1500-d532-4285-be94-b07a3e11a098;da1a150a-d532-4285-be94-b07a3e11a098;18;;
553474;1787410810704;150B;Motor-/Controllerblock;20;188;–;FF-FF-FF-FF-FF-FF-FF-FF-FF-FF-FF-FF-FF-FF-FF-FF-FF-FF-FF-FF;NOTIFICATION;0;da1a1500-d532-4285-be94-b07a3e11a098;da1a150b-d532-4285-be94-b07a3e11a098;18;;
553684;1787410810914;150D;Fahrstatistik Max/Ø;20;188;–;01-1B-00-C8-FF-FF-FF-FF-47-18-FF-FF-FF-FF-FF-FF-FF-FF-00-00;NOTIFICATION;0;da1a1500-d532-4285-be94-b07a3e11a098;da1a150d-d532-4285-be94-b07a3e11a098;18;;
554724;1787410811954;1502;Akkuinformationen;16;189;–;47-18-FF-FF-FF-FF-47-18-FF-FF-FF-FF-FF-FF-00-00;NOTIFICATION;0;da1a1500-d532-4285-be94-b07a3e11a098;da1a1502-d532-4285-be94-b07a3e11a098;18;;
555145;1787410812375;1505;BikePerformance / Fahrleistung;18;1506;–;;NOTIFICATION_QUARANTINED;0;da1a1500-d532-4285-be94-b07a3e11a098;da1a1505-d532-4285-be94-b07a3e11a098;18;c731f922c864db5014403d5303b06371032ae39c2dc3f73725b4e84b64c756e5;identity_or_free_form
555345;1787410812575;1506;Trip / Kilometer & Betriebszähler;16;189;3,7;00-00-1C-43-00-02-34-40-00-00-02-D3-00-00-00-00;NOTIFICATION;0;da1a1500-d532-4285-be94-b07a3e11a098;da1a1506-d532-4285-be94-b07a3e11a098;18;;
555765;1787410812995;1508;Settings / Licht & Fahrstufe;17;189;–;00-00-00-02-FF-FF-FF-FF-FF-FF-FF-00-00-00-00-00-00;NOTIFICATION;0;da1a1500-d532-4285-be94-b07a3e11a098;da1a1508-d532-4285-be94-b07a3e11a098;18;;
555973;1787410813203;1509;BatteryChange / Akku-Livestand;11;189;0,1,5,6,10;23-28-FF-FF-20-B1-58-00-00-01-98;NOTIFICATION;0;da1a1500-d532-4285-be94-b07a3e11a098;da1a1509-d532-4285-be94-b07a3e11a098;18;;
556183;1787410813413;150A;MotorUpdate / Motor-Livestand;10;189;0,1;23-28-FF-FF-FF-FF-FF-FF-FF-FF;NOTIFICATION;0;da1a1500-d532-4285-be94-b07a3e11a098;da1a150a-d532-4285-be94-b07a3e11a098;18;;
556394;1787410813624;150B;Motor-/Controllerblock;20;189;–;FF-FF-FF-FF-FF-FF-FF-FF-FF-FF-FF-FF-FF-FF-FF-FF-FF-FF-FF-FF;NOTIFICATION;0;da1a1500-d532-4285-be94-b07a3e11a098;da1a150b-d532-4285-be94-b07a3e11a098;18;;
556605;1787410813835;150D;Fahrstatistik Max/Ø;20;189;–;01-1B-00-C8-FF-FF-FF-FF-47-18-FF-FF-FF-FF-FF-FF-FF-FF-00-00;NOTIFICATION;0;da1a1500-d532-4285-be94-b07a3e11a098;da1a150d-d532-4285-be94-b07a3e11a098;18;;
557644;1787410814874;1502;Akkuinformationen;16;190;–;47-18-FF-FF-FF-FF-47-18-FF-FF-FF-FF-FF-FF-00-00;NOTIFICATION;0;da1a1500-d532-4285-be94-b07a3e11a098;da1a1502-d532-4285-be94-b07a3e11a098;18;;
558067;1787410815297;1505;BikePerformance / Fahrleistung;18;183;0,1,2,3,7;11-58-11-58-FF-FF-00-C9-FF-FF-FF-FF-FF-00-00-00-00-00;NOTIFICATION;0;da1a1500-d532-4285-be94-b07a3e11a098;da1a1505-d532-4285-be94-b07a3e11a098;18;;
558265;1787410815495;1506;Trip / Kilometer & Betriebszähler;16;190;7;00-00-1C-43-00-02-34-42-00-00-02-D3-00-00-00-00;NOTIFICATION;0;da1a1500-d532-4285-be94-b07a3e11a098;da1a1506-d532-4285-be94-b07a3e11a098;18;;
558682;1787410815912;1508;Settings / Licht & Fahrstufe;17;190;–;00-00-00-02-FF-FF-FF-FF-FF-FF-FF-00-00-00-00-00-00;NOTIFICATION;0;da1a1500-d532-4285-be94-b07a3e11a098;da1a1508-d532-4285-be94-b07a3e11a098;18;;
558897;1787410816127;1509;BatteryChange / Akku-Livestand;11;190;5,6,10;23-28-FF-FF-20-AE-9C-00-00-01-92;NOTIFICATION;0;da1a1500-d532-4285-be94-b07a3e11a098;da1a1509-d532-4285-be94-b07a3e11a098;18;;
559104;1787410816334;150A;MotorUpdate / Motor-Livestand;10;190;0,1;1F-40-FF-FF-FF-FF-FF-FF-FF-FF;NOTIFICATION;0;da1a1500-d532-4285-be94-b07a3e11a098;da1a150a-d532-4285-be94-b07a3e11a098;18;;
559314;1787410816544;150B;Motor-/Controllerblock;20;190;–;FF-FF-FF-FF-FF-FF-FF-FF-FF-FF-FF-FF-FF-FF-FF-FF-FF-FF-FF-FF;NOTIFICATION;0;da1a1500-d532-4285-be94-b07a3e11a098;da1a150b-d532-4285-be94-b07a3e11a098;18;;
559525;1787410816755;150D;Fahrstatistik Max/Ø;20;190;–;01-1B-00-C8-FF-FF-FF-FF-47-18-FF-FF-FF-FF-FF-FF-FF-FF-00-00;NOTIFICATION;0;da1a1500-d532-4285-be94-b07a3e11a098;da1a150d-d532-4285-be94-b07a3e11a098;18;;
560564;1787410817794;1502;Akkuinformationen;16;191;–;47-18-FF-FF-FF-FF-47-18-FF-FF-FF-FF-FF-FF-00-00;NOTIFICATION;0;da1a1500-d532-4285-be94-b07a3e11a098;da1a1502-d532-4285-be94-b07a3e11a098;18;;
560984;1787410818214;1505;BikePerformance / Fahrleistung;18;184;1,3,7;11-4E-11-4E-FF-FF-00-DA-FF-FF-FF-FF-FF-00-00-00-00-00;NOTIFICATION;0;da1a1500-d532-4285-be94-b07a3e11a098;da1a1505-d532-4285-be94-b07a3e11a098;18;;
561185;1787410818415;1506;Trip / Kilometer & Betriebszähler;16;191;7;00-00-1C-43-00-02-34-45-00-00-02-D3-00-00-00-00;NOTIFICATION;0;da1a1500-d532-4285-be94-b07a3e11a098;da1a1506-d532-4285-be94-b07a3e11a098;18;;
561605;1787410818835;1508;Settings / Licht & Fahrstufe;17;191;–;00-00-00-02-FF-FF-FF-FF-FF-FF-FF-00-00-00-00-00-00;NOTIFICATION;0;da1a1500-d532-4285-be94-b07a3e11a098;da1a1508-d532-4285-be94-b07a3e11a098;18;;
561814;1787410819044;1509;BatteryChange / Akku-Livestand;11;191;0,1,5,6,9,10;2E-E0-FF-FF-20-AB-E0-00-00-02-10;NOTIFICATION;0;da1a1500-d532-4285-be94-b07a3e11a098;da1a1509-d532-4285-be94-b07a3e11a098;18;;
562023;1787410819253;150A;MotorUpdate / Motor-Livestand;10;191;0,1;32-C8-FF-FF-FF-FF-FF-FF-FF-FF;NOTIFICATION;0;da1a1500-d532-4285-be94-b07a3e11a098;da1a150a-d532-4285-be94-b07a3e11a098;18;;
562235;1787410819465;150B;Motor-/Controllerblock;20;191;–;FF-FF-FF-FF-FF-FF-FF-FF-FF-FF-FF-FF-FF-FF-FF-FF-FF-FF-FF-FF;NOTIFICATION;0;da1a1500-d532-4285-be94-b07a3e11a098;da1a150b-d532-4285-be94-b07a3e11a098;18;;
562443;1787410819673;150D;Fahrstatistik Max/Ø;20;191;–;01-1B-00-C8-FF-FF-FF-FF-47-18-FF-FF-FF-FF-FF-FF-FF-FF-00-00;NOTIFICATION;0;da1a1500-d532-4285-be94-b07a3e11a098;da1a150d-d532-4285-be94-b07a3e11a098;18;;
563484;1787410820714;1502;Akkuinformationen;16;192;–;47-18-FF-FF-FF-FF-47-18-FF-FF-FF-FF-FF-FF-00-00;NOTIFICATION;0;da1a1500-d532-4285-be94-b07a3e11a098;da1a1502-d532-4285-be94-b07a3e11a098;18;;
563904;1787410821134;1505;BikePerformance / Fahrleistung;18;185;0,1,2,3,7;17-CA-17-CA-FF-FF-00-C6-FF-FF-FF-FF-FF-00-00-00-00-00;NOTIFICATION;0;da1a1500-d532-4285-be94-b07a3e11a098;da1a1505-d532-4285-be94-b07a3e11a098;18;;
564103;1787410821333;1506;Trip / Kilometer & Betriebszähler;16;192;7;00-00-1C-43-00-02-34-48-00-00-02-D3-00-00-00-00;NOTIFICATION;0;da1a1500-d532-4285-be94-b07a3e11a098;da1a1506-d532-4285-be94-b07a3e11a098;18;;
564525;1787410821755;1508;Settings / Licht & Fahrstufe;17;192;–;00-00-00-02-FF-FF-FF-FF-FF-FF-FF-00-00-00-00-00-00;NOTIFICATION;0;da1a1500-d532-4285-be94-b07a3e11a098;da1a1508-d532-4285-be94-b07a3e11a098;18;;
564733;1787410821963;1509;BatteryChange / Akku-Livestand;11;192;0,1,5,6,10;36-B0-FF-FF-20-AA-B4-00-00-02-63;NOTIFICATION;0;da1a1500-d532-4285-be94-b07a3e11a098;da1a1509-d532-4285-be94-b07a3e11a098;18;;
564947;1787410822177;150A;MotorUpdate / Motor-Livestand;10;192;0,1;2A-F8-FF-FF-FF-FF-FF-FF-FF-FF;NOTIFICATION;0;da1a1500-d532-4285-be94-b07a3e11a098;da1a150a-d532-4285-be94-b07a3e11a098;18;;
565154;1787410822384;150B;Motor-/Controllerblock;20;192;–;FF-FF-FF-FF-FF-FF-FF-FF-FF-FF-FF-FF-FF-FF-FF-FF-FF-FF-FF-FF;NOTIFICATION;0;da1a1500-d532-4285-be94-b07a3e11a098;da1a150b-d532-4285-be94-b07a3e11a098;18;;
565365;1787410822595;150D;Fahrstatistik Max/Ø;20;192;–;01-1B-00-C8-FF-FF-FF-FF-47-18-FF-FF-FF-FF-FF-FF-FF-FF-00-00;NOTIFICATION;0;da1a1500-d532-4285-be94-b07a3e11a098;da1a150d-d532-4285-be94-b07a3e11a098;18;;
566405;1787410823635;1502;Akkuinformationen;16;193;–;47-18-FF-FF-FF-FF-47-18-FF-FF-FF-FF-FF-FF-00-00;NOTIFICATION;0;da1a1500-d532-4285-be94-b07a3e11a098;da1a1502-d532-4285-be94-b07a3e11a098;18;;
566824;1787410824054;1505;BikePerformance / Fahrleistung;18;186;0,1,2,3,7;13-24-13-24-FF-FF-00-D4-FF-FF-FF-FF-FF-00-00-00-00-00;NOTIFICATION;0;da1a1500-d532-4285-be94-b07a3e11a098;da1a1505-d532-4285-be94-b07a3e11a098;18;;
567026;1787410824256;1506;Trip / Kilometer & Betriebszähler;16;193;7;00-00-1C-43-00-02-34-4B-00-00-02-D3-00-00-00-00;NOTIFICATION;0;da1a1500-d532-4285-be94-b07a3e11a098;da1a1506-d532-4285-be94-b07a3e11a098;18;;
567445;1787410824675;1508;Settings / Licht & Fahrstufe;17;193;–;00-00-00-02-FF-FF-FF-FF-FF-FF-FF-00-00-00-00-00-00;NOTIFICATION;0;da1a1500-d532-4285-be94-b07a3e11a098;da1a1508-d532-4285-be94-b07a3e11a098;18;;
567658;1787410824888;1509;BatteryChange / Akku-Livestand;11;193;0,1,5,6,9,10;2A-F8-FF-FF-20-AD-D4-00-00-01-E9;NOTIFICATION;0;da1a1500-d532-4285-be94-b07a3e11a098;da1a1509-d532-4285-be94-b07a3e11a098;18;;
567865;1787410825095;150A;MotorUpdate / Motor-Livestand;10;193;0,1;32-C8-FF-FF-FF-FF-FF-FF-FF-FF;NOTIFICATION;0;da1a1500-d532-4285-be94-b07a3e11a098;da1a150a-d532-4285-be94-b07a3e11a098;18;;
568076;1787410825306;150B;Motor-/Controllerblock;20;193;–;FF-FF-FF-FF-FF-FF-FF-FF-FF-FF-FF-FF-FF-FF-FF-FF-FF-FF-FF-FF;NOTIFICATION;0;da1a1500-d532-4285-be94-b07a3e11a098;da1a150b-d532-4285-be94-b07a3e11a098;18;;
568283;1787410825513;150D;Fahrstatistik Max/Ø;20;193;–;01-1B-00-C8-FF-FF-FF-FF-47-18-FF-FF-FF-FF-FF-FF-FF-FF-00-00;NOTIFICATION;0;da1a1500-d532-4285-be94-b07a3e11a098;da1a150d-d532-4285-be94-b07a3e11a098;18;;
569335;1787410826565;1502;Akkuinformationen;16;194;–;47-18-FF-FF-FF-FF-47-18-FF-FF-FF-FF-FF-FF-00-00;NOTIFICATION;0;da1a1500-d532-4285-be94-b07a3e11a098;da1a1502-d532-4285-be94-b07a3e11a098;18;;
569744;1787410826974;1505;BikePerformance / Fahrleistung;18;187;0,1,2,3,7;16-44-16-44-FF-FF-00-C5-FF-FF-FF-FF-FF-00-00-00-00-00;NOTIFICATION;0;da1a1500-d532-4285-be94-b07a3e11a098;da1a1505-d532-4285-be94-b07a3e11a098;18;;
569954;1787410827184;1506;Trip / Kilometer & Betriebszähler;16;194;3,7;00-00-1C-44-00-02-34-4E-00-00-02-D3-00-00-00-00;NOTIFICATION;0;da1a1500-d532-4285-be94-b07a3e11a098;da1a1506-d532-4285-be94-b07a3e11a098;18;;
570366;1787410827596;1508;Settings / Licht & Fahrstufe;17;194;–;00-00-00-02-FF-FF-FF-FF-FF-FF-FF-00-00-00-00-00-00;NOTIFICATION;0;da1a1500-d532-4285-be94-b07a3e11a098;da1a1508-d532-4285-be94-b07a3e11a098;18;;
570574;1787410827804;1509;BatteryChange / Akku-Livestand;11;194;0,1,5,6,9,10;3E-80-FF-FF-20-A9-EC-00-00-02-65;NOTIFICATION;0;da1a1500-d532-4285-be94-b07a3e11a098;da1a1509-d532-4285-be94-b07a3e11a098;18;;
570784;1787410828014;150A;MotorUpdate / Motor-Livestand;10;194;0,1;3A-98-FF-FF-FF-FF-FF-FF-FF-FF;NOTIFICATION;0;da1a1500-d532-4285-be94-b07a3e11a098;da1a150a-d532-4285-be94-b07a3e11a098;18;;
570994;1787410828224;150B;Motor-/Controllerblock;20;194;–;FF-FF-FF-FF-FF-FF-FF-FF-FF-FF-FF-FF-FF-FF-FF-FF-FF-FF-FF-FF;NOTIFICATION;0;da1a1500-d532-4285-be94-b07a3e11a098;da1a150b-d532-4285-be94-b07a3e11a098;18;;
571204;1787410828434;150D;Fahrstatistik Max/Ø;20;194;–;01-1B-00-C8-FF-FF-FF-FF-47-18-FF-FF-FF-FF-FF-FF-FF-FF-00-00;NOTIFICATION;0;da1a1500-d532-4285-be94-b07a3e11a098;da1a150d-d532-4285-be94-b07a3e11a098;18;;
572244;1787410829474;1502;Akkuinformationen;16;195;–;47-18-FF-FF-FF-FF-47-18-FF-FF-FF-FF-FF-FF-00-00;NOTIFICATION;0;da1a1500-d532-4285-be94-b07a3e11a098;da1a1502-d532-4285-be94-b07a3e11a098;18;;
572665;1787410829895;1505;BikePerformance / Fahrleistung;18;188;0,1,2,3,7;14-F0-14-F0-FF-FF-00-D0-FF-FF-FF-FF-FF-00-00-00-00-00;NOTIFICATION;0;da1a1500-d532-4285-be94-b07a3e11a098;da1a1505-d532-4285-be94-b07a3e11a098;18;;
572875;1787410830105;1506;Trip / Kilometer & Betriebszähler;16;195;7;00-00-1C-44-00-02-34-51-00-00-02-D3-00-00-00-00;NOTIFICATION;0;da1a1500-d532-4285-be94-b07a3e11a098;da1a1506-d532-4285-be94-b07a3e11a098;18;;
573286;1787410830516;1508;Settings / Licht & Fahrstufe;17;195;–;00-00-00-02-FF-FF-FF-FF-FF-FF-FF-00-00-00-00-00-00;NOTIFICATION;0;da1a1500-d532-4285-be94-b07a3e11a098;da1a1508-d532-4285-be94-b07a3e11a098;18;;
573494;1787410830724;1509;BatteryChange / Akku-Livestand;11;195;0,1,5,6,10;32-C8-FF-FF-20-AB-E0-00-00-02-3C;NOTIFICATION;0;da1a1500-d532-4285-be94-b07a3e11a098;da1a1509-d532-4285-be94-b07a3e11a098;18;;
573704;1787410830934;150A;MotorUpdate / Motor-Livestand;10;195;0,1;36-B0-FF-FF-FF-FF-FF-FF-FF-FF;NOTIFICATION;0;da1a1500-d532-4285-be94-b07a3e11a098;da1a150a-d532-4285-be94-b07a3e11a098;18;;
573915;1787410831145;150B;Motor-/Controllerblock;20;195;–;FF-FF-FF-FF-FF-FF-FF-FF-FF-FF-FF-FF-FF-FF-FF-FF-FF-FF-FF-FF;NOTIFICATION;0;da1a1500-d532-4285-be94-b07a3e11a098;da1a150b-d532-4285-be94-b07a3e11a098;18;;
574124;1787410831354;150D;Fahrstatistik Max/Ø;20;195;–;01-1B-00-C8-FF-FF-FF-FF-47-18-FF-FF-FF-FF-FF-FF-FF-FF-00-00;NOTIFICATION;0;da1a1500-d532-4285-be94-b07a3e11a098;da1a150d-d532-4285-be94-b07a3e11a098;18;;
575167;1787410832397;1502;Akkuinformationen;16;196;–;47-18-FF-FF-FF-FF-47-18-FF-FF-FF-FF-FF-FF-00-00;NOTIFICATION;0;da1a1500-d532-4285-be94-b07a3e11a098;da1a1502-d532-4285-be94-b07a3e11a098;18;;
575584;1787410832814;1505;BikePerformance / Fahrleistung;18;189;0,1,2,3,7;1B-6C-1B-6C-FF-FF-00-D4-FF-FF-FF-FF-FF-00-00-00-00-00;NOTIFICATION;0;da1a1500-d532-4285-be94-b07a3e11a098;da1a1505-d532-4285-be94-b07a3e11a098;18;;
575796;1787410833026;1506;Trip / Kilometer & Betriebszähler;16;196;7;00-00-1C-44-00-02-34-54-00-00-02-D3-00-00-00-00;NOTIFICATION;0;da1a1500-d532-4285-be94-b07a3e11a098;da1a1506-d532-4285-be94-b07a3e11a098;18;;
576204;1787410833434;1508;Settings / Licht & Fahrstufe;17;196;–;00-00-00-02-FF-FF-FF-FF-FF-FF-FF-00-00-00-00-00-00;NOTIFICATION;0;da1a1500-d532-4285-be94-b07a3e11a098;da1a1508-d532-4285-be94-b07a3e11a098;18;;
576414;1787410833644;1509;BatteryChange / Akku-Livestand;11;196;0,1,6,10;3E-80-FF-FF-20-AB-18-00-00-02-BC;NOTIFICATION;0;da1a1500-d532-4285-be94-b07a3e11a098;da1a1509-d532-4285-be94-b07a3e11a098;18;;
576625;1787410833855;150A;MotorUpdate / Motor-Livestand;10;196;0,1;3E-80-FF-FF-FF-FF-FF-FF-FF-FF;NOTIFICATION;0;da1a1500-d532-4285-be94-b07a3e11a098;da1a150a-d532-4285-be94-b07a3e11a098;18;;
576835;1787410834065;150B;Motor-/Controllerblock;20;196;–;FF-FF-FF-FF-FF-FF-FF-FF-FF-FF-FF-FF-FF-FF-FF-FF-FF-FF-FF-FF;NOTIFICATION;0;da1a1500-d532-4285-be94-b07a3e11a098;da1a150b-d532-4285-be94-b07a3e11a098;18;;
577044;1787410834274;150D;Fahrstatistik Max/Ø;20;196;–;01-1B-00-C8-FF-FF-FF-FF-47-18-FF-FF-FF-FF-FF-FF-FF-FF-00-00;NOTIFICATION;0;da1a1500-d532-4285-be94-b07a3e11a098;da1a150d-d532-4285-be94-b07a3e11a098;18;;
578085;1787410835315;1502;Akkuinformationen;16;197;–;47-18-FF-FF-FF-FF-47-18-FF-FF-FF-FF-FF-FF-00-00;NOTIFICATION;0;da1a1500-d532-4285-be94-b07a3e11a098;da1a1502-d532-4285-be94-b07a3e11a098;18;;
578504;1787410835734;1505;BikePerformance / Fahrleistung;18;190;0,1,2,3,7;18-10-18-10-FF-FF-00-CB-FF-FF-FF-FF-FF-00-00-00-00-00;NOTIFICATION;0;da1a1500-d532-4285-be94-b07a3e11a098;da1a1505-d532-4285-be94-b07a3e11a098;18;;
578716;1787410835946;1506;Trip / Kilometer & Betriebszähler;16;197;7;00-00-1C-44-00-02-34-57-00-00-02-D3-00-00-00-00;NOTIFICATION;0;da1a1500-d532-4285-be94-b07a3e11a098;da1a1506-d532-4285-be94-b07a3e11a098;18;;
579124;1787410836354;1508;Settings / Licht & Fahrstufe;17;197;–;00-00-00-02-FF-FF-FF-FF-FF-FF-FF-00-00-00-00-00-00;NOTIFICATION;0;da1a1500-d532-4285-be94-b07a3e11a098;da1a1508-d532-4285-be94-b07a3e11a098;18;;
579335;1787410836565;1509;BatteryChange / Akku-Livestand;11;197;0,1,5,6,10;32-C8-FF-FF-20-A9-EC-00-00-02-35;NOTIFICATION;0;da1a1500-d532-4285-be94-b07a3e11a098;da1a1509-d532-4285-be94-b07a3e11a098;18;;
579544;1787410836774;150A;MotorUpdate / Motor-Livestand;10;197;0,1;36-B0-FF-FF-FF-FF-FF-FF-FF-FF;NOTIFICATION;0;da1a1500-d532-4285-be94-b07a3e11a098;da1a150a-d532-4285-be94-b07a3e11a098;18;;
579754;1787410836984;150B;Motor-/Controllerblock;20;197;–;FF-FF-FF-FF-FF-FF-FF-FF-FF-FF-FF-FF-FF-FF-FF-FF-FF-FF-FF-FF;NOTIFICATION;0;da1a1500-d532-4285-be94-b07a3e11a098;da1a150b-d532-4285-be94-b07a3e11a098;18;;
579964;1787410837194;150D;Fahrstatistik Max/Ø;20;197;–;01-1B-00-C8-FF-FF-FF-FF-47-18-FF-FF-FF-FF-FF-FF-FF-FF-00-00;NOTIFICATION;0;da1a1500-d532-4285-be94-b07a3e11a098;da1a150d-d532-4285-be94-b07a3e11a098;18;;
581004;1787410838234;1502;Akkuinformationen;16;198;–;47-18-FF-FF-FF-FF-47-18-FF-FF-FF-FF-FF-FF-00-00;NOTIFICATION;0;da1a1500-d532-4285-be94-b07a3e11a098;da1a1502-d532-4285-be94-b07a3e11a098;18;;
581423;1787410838653;1505;BikePerformance / Fahrleistung;18;191;0,1,2,3,7;14-C8-14-C8-FF-FF-00-CC-FF-FF-FF-FF-FF-00-00-00-00-00;NOTIFICATION;0;da1a1500-d532-4285-be94-b07a3e11a098;da1a1505-d532-4285-be94-b07a3e11a098;18;;
581635;1787410838865;1506;Trip / Kilometer & Betriebszähler;16;198;7;00-00-1C-44-00-02-34-5A-00-00-02-D3-00-00-00-00;NOTIFICATION;0;da1a1500-d532-4285-be94-b07a3e11a098;da1a1506-d532-4285-be94-b07a3e11a098;18;;
582047;1787410839277;1508;Settings / Licht & Fahrstufe;17;198;–;00-00-00-02-FF-FF-FF-FF-FF-FF-FF-00-00-00-00-00-00;NOTIFICATION;0;da1a1500-d532-4285-be94-b07a3e11a098;da1a1508-d532-4285-be94-b07a3e11a098;18;;
582255;1787410839485;1509;BatteryChange / Akku-Livestand;11;198;0,1,6,10;42-68-FF-FF-20-A9-24-00-00-02-E0;NOTIFICATION;0;da1a1500-d532-4285-be94-b07a3e11a098;da1a1509-d532-4285-be94-b07a3e11a098;18;;
582465;1787410839695;150A;MotorUpdate / Motor-Livestand;10;198;0,1;46-50-FF-FF-FF-FF-FF-FF-FF-FF;NOTIFICATION;0;da1a1500-d532-4285-be94-b07a3e11a098;da1a150a-d532-4285-be94-b07a3e11a098;18;;
582675;1787410839905;150B;Motor-/Controllerblock;20;198;–;FF-FF-FF-FF-FF-FF-FF-FF-FF-FF-FF-FF-FF-FF-FF-FF-FF-FF-FF-FF;NOTIFICATION;0;da1a1500-d532-4285-be94-b07a3e11a098;da1a150b-d532-4285-be94-b07a3e11a098;18;;
582888;1787410840118;150D;Fahrstatistik Max/Ø;20;198;–;01-1B-00-C8-FF-FF-FF-FF-47-18-FF-FF-FF-FF-FF-FF-FF-FF-00-00;NOTIFICATION;0;da1a1500-d532-4285-be94-b07a3e11a098;da1a150d-d532-4285-be94-b07a3e11a098;18;;
583923;1787410841153;1502;Akkuinformationen;16;199;–;47-18-FF-FF-FF-FF-47-18-FF-FF-FF-FF-FF-FF-00-00;NOTIFICATION;0;da1a1500-d532-4285-be94-b07a3e11a098;da1a1502-d532-4285-be94-b07a3e11a098;18;;
584345;1787410841575;1505;BikePerformance / Fahrleistung;18;192;0,1,2,3,7;16-30-16-30-FF-FF-00-DA-FF-FF-FF-FF-FF-00-00-00-00-00;NOTIFICATION;0;da1a1500-d532-4285-be94-b07a3e11a098;da1a1505-d532-4285-be94-b07a3e11a098;18;;
584556;1787410841786;1506;Trip / Kilometer & Betriebszähler;16;199;7;00-00-1C-44-00-02-34-5D-00-00-02-D3-00-00-00-00;NOTIFICATION;0;da1a1500-d532-4285-be94-b07a3e11a098;da1a1506-d532-4285-be94-b07a3e11a098;18;;
584964;1787410842194;1508;Settings / Licht & Fahrstufe;17;199;–;00-00-00-02-FF-FF-FF-FF-FF-FF-FF-00-00-00-00-00-00;NOTIFICATION;0;da1a1500-d532-4285-be94-b07a3e11a098;da1a1508-d532-4285-be94-b07a3e11a098;18;;
585174;1787410842404;1509;BatteryChange / Akku-Livestand;11;199;0,1,5,6,9,10;23-28-FF-FF-20-AC-A8-00-00-01-8D;NOTIFICATION;0;da1a1500-d532-4285-be94-b07a3e11a098;da1a1509-d532-4285-be94-b07a3e11a098;18;;
585385;1787410842615;150A;MotorUpdate / Motor-Livestand;10;199;0,1;2A-F8-FF-FF-FF-FF-FF-FF-FF-FF;NOTIFICATION;0;da1a1500-d532-4285-be94-b07a3e11a098;da1a150a-d532-4285-be94-b07a3e11a098;18;;
585594;1787410842824;150B;Motor-/Controllerblock;20;199;–;FF-FF-FF-FF-FF-FF-FF-FF-FF-FF-FF-FF-FF-FF-FF-FF-FF-FF-FF-FF;NOTIFICATION;0;da1a1500-d532-4285-be94-b07a3e11a098;da1a150b-d532-4285-be94-b07a3e11a098;18;;
585804;1787410843034;150D;Fahrstatistik Max/Ø;20;199;–;01-1B-00-C8-FF-FF-FF-FF-47-18-FF-FF-FF-FF-FF-FF-FF-FF-00-00;NOTIFICATION;0;da1a1500-d532-4285-be94-b07a3e11a098;da1a150d-d532-4285-be94-b07a3e11a098;18;;
586847;1787410844077;1502;Akkuinformationen;16;200;–;47-18-FF-FF-FF-FF-47-18-FF-FF-FF-FF-FF-FF-00-00;NOTIFICATION;0;da1a1500-d532-4285-be94-b07a3e11a098;da1a1502-d532-4285-be94-b07a3e11a098;18;;
587265;1787410844495;1505;BikePerformance / Fahrleistung;18;193;0,1,2,3,7;1B-6C-1B-6C-FF-FF-00-BF-FF-FF-FF-FF-FF-00-00-00-00-00;NOTIFICATION;0;da1a1500-d532-4285-be94-b07a3e11a098;da1a1505-d532-4285-be94-b07a3e11a098;18;;
587475;1787410844705;1506;Trip / Kilometer & Betriebszähler;16;200;3,7;00-00-1C-45-00-02-34-60-00-00-02-D3-00-00-00-00;NOTIFICATION;0;da1a1500-d532-4285-be94-b07a3e11a098;da1a1506-d532-4285-be94-b07a3e11a098;18;;
587885;1787410845115;1508;Settings / Licht & Fahrstufe;17;200;–;00-00-00-02-FF-FF-FF-FF-FF-FF-FF-00-00-00-00-00-00;NOTIFICATION;0;da1a1500-d532-4285-be94-b07a3e11a098;da1a1508-d532-4285-be94-b07a3e11a098;18;;
588095;1787410845325;1509;BatteryChange / Akku-Livestand;11;200;0,1,5,6,9,10;3E-80-FF-FF-20-A8-C0-00-00-02-B3;NOTIFICATION;0;da1a1500-d532-4285-be94-b07a3e11a098;da1a1509-d532-4285-be94-b07a3e11a098;18;;
588305;1787410845535;150A;MotorUpdate / Motor-Livestand;10;200;0,1;42-68-FF-FF-FF-FF-FF-FF-FF-FF;NOTIFICATION;0;da1a1500-d532-4285-be94-b07a3e11a098;da1a150a-d532-4285-be94-b07a3e11a098;18;;
588513;1787410845743;150B;Motor-/Controllerblock;20;200;–;FF-FF-FF-FF-FF-FF-FF-FF-FF-FF-FF-FF-FF-FF-FF-FF-FF-FF-FF-FF;NOTIFICATION;0;da1a1500-d532-4285-be94-b07a3e11a098;da1a150b-d532-4285-be94-b07a3e11a098;18;;
588723;1787410845953;150D;Fahrstatistik Max/Ø;20;200;–;01-1B-00-C8-FF-FF-FF-FF-47-18-FF-FF-FF-FF-FF-FF-FF-FF-00-00;NOTIFICATION;0;da1a1500-d532-4285-be94-b07a3e11a098;da1a150d-d532-4285-be94-b07a3e11a098;18;;
589766;1787410846996;1502;Akkuinformationen;16;201;–;47-18-FF-FF-FF-FF-47-18-FF-FF-FF-FF-FF-FF-00-00;NOTIFICATION;0;da1a1500-d532-4285-be94-b07a3e11a098;da1a1502-d532-4285-be94-b07a3e11a098;18;;
590186;1787410847416;1505;BikePerformance / Fahrleistung;18;194;0,1,2,3,7;17-D4-17-D4-FF-FF-00-BC-FF-FF-FF-FF-FF-00-00-00-00-00;NOTIFICATION;0;da1a1500-d532-4285-be94-b07a3e11a098;da1a1505-d532-4285-be94-b07a3e11a098;18;;
590394;1787410847624;1506;Trip / Kilometer & Betriebszähler;16;201;7;00-00-1C-45-00-02-34-63-00-00-02-D3-00-00-00-00;NOTIFICATION;0;da1a1500-d532-4285-be94-b07a3e11a098;da1a1506-d532-4285-be94-b07a3e11a098;18;;
590806;1787410848036;1508;Settings / Licht & Fahrstufe;17;201;–;00-00-00-02-FF-FF-FF-FF-FF-FF-FF-00-00-00-00-00-00;NOTIFICATION;0;da1a1500-d532-4285-be94-b07a3e11a098;da1a1508-d532-4285-be94-b07a3e11a098;18;;
591015;1787410848245;1509;BatteryChange / Akku-Livestand;11;201;0,1,5,6,10;36-B0-FF-FF-20-AB-18-00-00-02-85;NOTIFICATION;0;da1a1500-d532-4285-be94-b07a3e11a098;da1a1509-d532-4285-be94-b07a3e11a098;18;;
591224;1787410848454;150A;MotorUpdate / Motor-Livestand;10;201;0,1;36-B0-FF-FF-FF-FF-FF-FF-FF-FF;NOTIFICATION;0;da1a1500-d532-4285-be94-b07a3e11a098;da1a150a-d532-4285-be94-b07a3e11a098;18;;
591435;1787410848665;150B;Motor-/Controllerblock;20;201;–;FF-FF-FF-FF-FF-FF-FF-FF-FF-FF-FF-FF-FF-FF-FF-FF-FF-FF-FF-FF;NOTIFICATION;0;da1a1500-d532-4285-be94-b07a3e11a098;da1a150b-d532-4285-be94-b07a3e11a098;18;;
591644;1787410848874;150D;Fahrstatistik Max/Ø;20;201;–;01-1B-00-C8-FF-FF-FF-FF-47-18-FF-FF-FF-FF-FF-FF-FF-FF-00-00;NOTIFICATION;0;da1a1500-d532-4285-be94-b07a3e11a098;da1a150d-d532-4285-be94-b07a3e11a098;18;;
592685;1787410849915;1502;Akkuinformationen;16;202;–;47-18-FF-FF-FF-FF-47-18-FF-FF-FF-FF-FF-FF-00-00;NOTIFICATION;0;da1a1500-d532-4285-be94-b07a3e11a098;da1a1502-d532-4285-be94-b07a3e11a098;18;;
593104;1787410850334;1505;BikePerformance / Fahrleistung;18;1610;–;;NOTIFICATION_QUARANTINED;0;da1a1500-d532-4285-be94-b07a3e11a098;da1a1505-d532-4285-be94-b07a3e11a098;18;c731f922c864db5014403d5303b06371032ae39c2dc3f73725b4e84b64c756e5;identity_or_free_form
593315;1787410850545;1506;Trip / Kilometer & Betriebszähler;16;202;7;00-00-1C-45-00-02-34-66-00-00-02-D3-00-00-00-00;NOTIFICATION;0;da1a1500-d532-4285-be94-b07a3e11a098;da1a1506-d532-4285-be94-b07a3e11a098;18;;
593735;1787410850965;1508;Settings / Licht & Fahrstufe;17;202;–;00-00-00-02-FF-FF-FF-FF-FF-FF-FF-00-00-00-00-00-00;NOTIFICATION;0;da1a1500-d532-4285-be94-b07a3e11a098;da1a1508-d532-4285-be94-b07a3e11a098;18;;
593935;1787410851165;1509;BatteryChange / Akku-Livestand;11;202;0,1,9,10;27-10-FF-FF-20-AB-18-00-00-01-B6;NOTIFICATION;0;da1a1500-d532-4285-be94-b07a3e11a098;da1a1509-d532-4285-be94-b07a3e11a098;18;;
594146;1787410851376;150A;MotorUpdate / Motor-Livestand;10;202;0,1;42-68-FF-FF-FF-FF-FF-FF-FF-FF;NOTIFICATION;0;da1a1500-d532-4285-be94-b07a3e11a098;da1a150a-d532-4285-be94-b07a3e11a098;18;;
594357;1787410851587;150B;Motor-/Controllerblock;20;202;–;FF-FF-FF-FF-FF-FF-FF-FF-FF-FF-FF-FF-FF-FF-FF-FF-FF-FF-FF-FF;NOTIFICATION;0;da1a1500-d532-4285-be94-b07a3e11a098;da1a150b-d532-4285-be94-b07a3e11a098;18;;
594565;1787410851795;150D;Fahrstatistik Max/Ø;20;202;–;01-1B-00-C8-FF-FF-FF-FF-47-18-FF-FF-FF-FF-FF-FF-FF-FF-00-00;NOTIFICATION;0;da1a1500-d532-4285-be94-b07a3e11a098;da1a150d-d532-4285-be94-b07a3e11a098;18;;
595605;1787410852835;1502;Akkuinformationen;16;203;–;47-18-FF-FF-FF-FF-47-18-FF-FF-FF-FF-FF-FF-00-00;NOTIFICATION;0;da1a1500-d532-4285-be94-b07a3e11a098;da1a1502-d532-4285-be94-b07a3e11a098;18;;
596023;1787410853253;1505;BikePerformance / Fahrleistung;18;195;0,1,2,3,7;1D-E2-1D-E2-FF-FF-00-A8-FF-FF-FF-FF-FF-00-00-00-00-00;NOTIFICATION;0;da1a1500-d532-4285-be94-b07a3e11a098;da1a1505-d532-4285-be94-b07a3e11a098;18;;
596235;1787410853465;1506;Trip / Kilometer & Betriebszähler;16;203;7;00-00-1C-45-00-02-34-69-00-00-02-D3-00-00-00-00;NOTIFICATION;0;da1a1500-d532-4285-be94-b07a3e11a098;da1a1506-d532-4285-be94-b07a3e11a098;18;;
596654;1787410853884;1508;Settings / Licht & Fahrstufe;17;203;–;00-00-00-02-FF-FF-FF-FF-FF-FF-FF-00-00-00-00-00-00;NOTIFICATION;0;da1a1500-d532-4285-be94-b07a3e11a098;da1a1508-d532-4285-be94-b07a3e11a098;18;;
596855;1787410854085;1509;BatteryChange / Akku-Livestand;11;203;0,1,5,6,9,10;42-68-FF-FF-20-A9-24-00-00-02-E0;NOTIFICATION;0;da1a1500-d532-4285-be94-b07a3e11a098;da1a1509-d532-4285-be94-b07a3e11a098;18;;
597064;1787410854294;150A;MotorUpdate / Motor-Livestand;10;203;–;42-68-FF-FF-FF-FF-FF-FF-FF-FF;NOTIFICATION;0;da1a1500-d532-4285-be94-b07a3e11a098;da1a150a-d532-4285-be94-b07a3e11a098;18;;
597276;1787410854506;150B;Motor-/Controllerblock;20;203;–;FF-FF-FF-FF-FF-FF-FF-FF-FF-FF-FF-FF-FF-FF-FF-FF-FF-FF-FF-FF;NOTIFICATION;0;da1a1500-d532-4285-be94-b07a3e11a098;da1a150b-d532-4285-be94-b07a3e11a098;18;;
597486;1787410854716;150D;Fahrstatistik Max/Ø;20;203;–;01-1B-00-C8-FF-FF-FF-FF-47-18-FF-FF-FF-FF-FF-FF-FF-FF-00-00;NOTIFICATION;0;da1a1500-d532-4285-be94-b07a3e11a098;da1a150d-d532-4285-be94-b07a3e11a098;18;;
598525;1787410855755;1502;Akkuinformationen;16;204;–;47-18-FF-FF-FF-FF-47-18-FF-FF-FF-FF-FF-FF-00-00;NOTIFICATION;0;da1a1500-d532-4285-be94-b07a3e11a098;da1a1502-d532-4285-be94-b07a3e11a098;18;;
598945;1787410856175;1505;BikePerformance / Fahrleistung;18;196;0,1,2,3,7;19-D2-19-D2-FF-FF-00-A9-FF-FF-FF-FF-FF-00-00-00-00-00;NOTIFICATION;0;da1a1500-d532-4285-be94-b07a3e11a098;da1a1505-d532-4285-be94-b07a3e11a098;18;;
599155;1787410856385;1506;Trip / Kilometer & Betriebszähler;16;204;7;00-00-1C-45-00-02-34-6C-00-00-02-D3-00-00-00-00;NOTIFICATION;0;da1a1500-d532-4285-be94-b07a3e11a098;da1a1506-d532-4285-be94-b07a3e11a098;18;;
599574;1787410856804;1508;Settings / Licht & Fahrstufe;17;204;–;00-00-00-02-FF-FF-FF-FF-FF-FF-FF-00-00-00-00-00-00;NOTIFICATION;0;da1a1500-d532-4285-be94-b07a3e11a098;da1a1508-d532-4285-be94-b07a3e11a098;18;;
599774;1787410857004;1509;BatteryChange / Akku-Livestand;11;204;0,1,6,10;3E-80-FF-FF-20-A9-EC-00-00-02-8B;NOTIFICATION;0;da1a1500-d532-4285-be94-b07a3e11a098;da1a1509-d532-4285-be94-b07a3e11a098;18;;
599984;1787410857214;150A;MotorUpdate / Motor-Livestand;10;204;0,1;3E-80-FF-FF-FF-FF-FF-FF-FF-FF;NOTIFICATION;0;da1a1500-d532-4285-be94-b07a3e11a098;da1a150a-d532-4285-be94-b07a3e11a098;18;;
600195;1787410857425;150B;Motor-/Controllerblock;20;204;–;FF-FF-FF-FF-FF-FF-FF-FF-FF-FF-FF-FF-FF-FF-FF-FF-FF-FF-FF-FF;NOTIFICATION;0;da1a1500-d532-4285-be94-b07a3e11a098;da1a150b-d532-4285-be94-b07a3e11a098;18;;
600404;1787410857634;150D;Fahrstatistik Max/Ø;20;204;–;01-1B-00-C8-FF-FF-FF-FF-47-18-FF-FF-FF-FF-FF-FF-FF-FF-00-00;NOTIFICATION;0;da1a1500-d532-4285-be94-b07a3e11a098;da1a150d-d532-4285-be94-b07a3e11a098;18;;
601445;1787410858675;1502;Akkuinformationen;16;205;–;47-18-FF-FF-FF-FF-47-18-FF-FF-FF-FF-FF-FF-00-00;NOTIFICATION;0;da1a1500-d532-4285-be94-b07a3e11a098;da1a1502-d532-4285-be94-b07a3e11a098;18;;
601866;1787410859096;1505;BikePerformance / Fahrleistung;18;197;0,1,2,3,7;1E-82-1E-82-FF-FF-00-9C-FF-FF-FF-FF-FF-00-00-00-00-00;NOTIFICATION;0;da1a1500-d532-4285-be94-b07a3e11a098;da1a1505-d532-4285-be94-b07a3e11a098;18;;
602074;1787410859304;1506;Trip / Kilometer & Betriebszähler;16;205;7;00-00-1C-45-00-02-34-6F-00-00-02-D3-00-00-00-00;NOTIFICATION;0;da1a1500-d532-4285-be94-b07a3e11a098;da1a1506-d532-4285-be94-b07a3e11a098;18;;
602494;1787410859724;1508;Settings / Licht & Fahrstufe;17;205;–;00-00-00-02-FF-FF-FF-FF-FF-FF-FF-00-00-00-00-00-00;NOTIFICATION;0;da1a1500-d532-4285-be94-b07a3e11a098;da1a1508-d532-4285-be94-b07a3e11a098;18;;
602704;1787410859934;1509;BatteryChange / Akku-Livestand;11;205;0,1,5,6,10;36-B0-FF-FF-20-AA-B4-00-00-02-63;NOTIFICATION;0;da1a1500-d532-4285-be94-b07a3e11a098;da1a1509-d532-4285-be94-b07a3e11a098;18;;
602904;1787410860134;150A;MotorUpdate / Motor-Livestand;10;205;–;3E-80-FF-FF-FF-FF-FF-FF-FF-FF;NOTIFICATION;0;da1a1500-d532-4285-be94-b07a3e11a098;da1a150a-d532-4285-be94-b07a3e11a098;18;;
603115;1787410860345;150B;Motor-/Controllerblock;20;205;–;FF-FF-FF-FF-FF-FF-FF-FF-FF-FF-FF-FF-FF-FF-FF-FF-FF-FF-FF-FF;NOTIFICATION;0;da1a1500-d532-4285-be94-b07a3e11a098;da1a150b-d532-4285-be94-b07a3e11a098;18;;
603325;1787410860555;150D;Fahrstatistik Max/Ø;20;205;–;01-1B-00-C8-FF-FF-FF-FF-47-18-FF-FF-FF-FF-FF-FF-FF-FF-00-00;NOTIFICATION;0;da1a1500-d532-4285-be94-b07a3e11a098;da1a150d-d532-4285-be94-b07a3e11a098;18;;
604365;1787410861595;1502;Akkuinformationen;16;206;–;47-18-FF-FF-FF-FF-47-18-FF-FF-FF-FF-FF-FF-00-00;NOTIFICATION;0;da1a1500-d532-4285-be94-b07a3e11a098;da1a1502-d532-4285-be94-b07a3e11a098;18;;
604786;1787410862016;1505;BikePerformance / Fahrleistung;18;198;1,3,7;1E-3C-1E-3C-FF-FF-00-AA-FF-FF-FF-FF-FF-00-00-00-00-00;NOTIFICATION;0;da1a1500-d532-4285-be94-b07a3e11a098;da1a1505-d532-4285-be94-b07a3e11a098;18;;
604994;1787410862224;1506;Trip / Kilometer & Betriebszähler;16;206;7;00-00-1C-45-00-02-34-72-00-00-02-D3-00-00-00-00;NOTIFICATION;0;da1a1500-d532-4285-be94-b07a3e11a098;da1a1506-d532-4285-be94-b07a3e11a098;18;;
605415;1787410862645;1508;Settings / Licht & Fahrstufe;17;206;–;00-00-00-02-FF-FF-FF-FF-FF-FF-FF-00-00-00-00-00-00;NOTIFICATION;0;da1a1500-d532-4285-be94-b07a3e11a098;da1a1508-d532-4285-be94-b07a3e11a098;18;;
605622;1787410862852;1509;BatteryChange / Akku-Livestand;11;206;0,1,5,6,10;42-68-FF-FF-20-A7-94-00-00-02-D9;NOTIFICATION;0;da1a1500-d532-4285-be94-b07a3e11a098;da1a1509-d532-4285-be94-b07a3e11a098;18;;
605826;1787410863056;150A;MotorUpdate / Motor-Livestand;10;206;0,1;46-50-FF-FF-FF-FF-FF-FF-FF-FF;NOTIFICATION;0;da1a1500-d532-4285-be94-b07a3e11a098;da1a150a-d532-4285-be94-b07a3e11a098;18;;
606035;1787410863265;150B;Motor-/Controllerblock;20;206;–;FF-FF-FF-FF-FF-FF-FF-FF-FF-FF-FF-FF-FF-FF-FF-FF-FF-FF-FF-FF;NOTIFICATION;0;da1a1500-d532-4285-be94-b07a3e11a098;da1a150b-d532-4285-be94-b07a3e11a098;18;;
606246;1787410863476;150D;Fahrstatistik Max/Ø;20;206;–;01-1B-00-C8-FF-FF-FF-FF-47-18-FF-FF-FF-FF-FF-FF-FF-FF-00-00;NOTIFICATION;0;da1a1500-d532-4285-be94-b07a3e11a098;da1a150d-d532-4285-be94-b07a3e11a098;18;;
607295;1787410864525;1502;Akkuinformationen;16;207;–;47-18-FF-FF-FF-FF-47-18-FF-FF-FF-FF-FF-FF-00-00;NOTIFICATION;0;da1a1500-d532-4285-be94-b07a3e11a098;da1a1502-d532-4285-be94-b07a3e11a098;18;;
607706;1787410864936;1505;BikePerformance / Fahrleistung;18;199;0,1,2,3,7;1F-86-1F-86-FF-FF-00-96-FF-FF-FF-FF-FF-00-00-00-00-00;NOTIFICATION;0;da1a1500-d532-4285-be94-b07a3e11a098;da1a1505-d532-4285-be94-b07a3e11a098;18;;
607914;1787410865144;1506;Trip / Kilometer & Betriebszähler;16;207;3,7;00-00-1C-46-00-02-34-74-00-00-02-D3-00-00-00-00;NOTIFICATION;0;da1a1500-d532-4285-be94-b07a3e11a098;da1a1506-d532-4285-be94-b07a3e11a098;18;;
608337;1787410865567;1508;Settings / Licht & Fahrstufe;17;207;–;00-00-00-02-FF-FF-FF-FF-FF-FF-FF-00-00-00-00-00-00;NOTIFICATION;0;da1a1500-d532-4285-be94-b07a3e11a098;da1a1508-d532-4285-be94-b07a3e11a098;18;;
608548;1787410865778;1509;BatteryChange / Akku-Livestand;11;207;0,1,5,6,10;3E-80-FF-FF-20-A9-EC-00-00-02-B8;NOTIFICATION;0;da1a1500-d532-4285-be94-b07a3e11a098;da1a1509-d532-4285-be94-b07a3e11a098;18;;
608755;1787410865985;150A;MotorUpdate / Motor-Livestand;10;207;0,1;3A-98-FF-FF-FF-FF-FF-FF-FF-FF;NOTIFICATION;0;da1a1500-d532-4285-be94-b07a3e11a098;da1a150a-d532-4285-be94-b07a3e11a098;18;;
608965;1787410866195;150B;Motor-/Controllerblock;20;207;–;FF-FF-FF-FF-FF-FF-FF-FF-FF-FF-FF-FF-FF-FF-FF-FF-FF-FF-FF-FF;NOTIFICATION;0;da1a1500-d532-4285-be94-b07a3e11a098;da1a150b-d532-4285-be94-b07a3e11a098;18;;
609165;1787410866395;150D;Fahrstatistik Max/Ø;20;207;3;01-1B-00-C7-FF-FF-FF-FF-47-18-FF-FF-FF-FF-FF-FF-FF-FF-00-00;NOTIFICATION;0;da1a1500-d532-4285-be94-b07a3e11a098;da1a150d-d532-4285-be94-b07a3e11a098;18;;
610215;1787410867445;1502;Akkuinformationen;16;208;–;47-18-FF-FF-FF-FF-47-18-FF-FF-FF-FF-FF-FF-00-00;NOTIFICATION;0;da1a1500-d532-4285-be94-b07a3e11a098;da1a1502-d532-4285-be94-b07a3e11a098;18;;
610625;1787410867855;1505;BikePerformance / Fahrleistung;18;200;0,1,2,3,7;17-8E-17-8E-FF-FF-00-B6-FF-FF-FF-FF-FF-00-00-00-00-00;NOTIFICATION;0;da1a1500-d532-4285-be94-b07a3e11a098;da1a1505-d532-4285-be94-b07a3e11a098;18;;
610836;1787410868066;1506;Trip / Kilometer & Betriebszähler;16;208;7;00-00-1C-46-00-02-34-77-00-00-02-D3-00-00-00-00;NOTIFICATION;0;da1a1500-d532-4285-be94-b07a3e11a098;da1a1506-d532-4285-be94-b07a3e11a098;18;;
611256;1787410868486;1508;Settings / Licht & Fahrstufe;17;208;–;00-00-00-02-FF-FF-FF-FF-FF-FF-FF-00-00-00-00-00-00;NOTIFICATION;0;da1a1500-d532-4285-be94-b07a3e11a098;da1a1508-d532-4285-be94-b07a3e11a098;18;;
611464;1787410868694;1509;BatteryChange / Akku-Livestand;11;208;0,1,10;3A-98-FF-FF-20-A9-EC-00-00-02-61;NOTIFICATION;0;da1a1500-d532-4285-be94-b07a3e11a098;da1a1509-d532-4285-be94-b07a3e11a098;18;;
611675;1787410868905;150A;MotorUpdate / Motor-Livestand;10;208;0,1;32-C8-FF-FF-FF-FF-FF-FF-FF-FF;NOTIFICATION;0;da1a1500-d532-4285-be94-b07a3e11a098;da1a150a-d532-4285-be94-b07a3e11a098;18;;
611889;1787410869119;150B;Motor-/Controllerblock;20;208;–;FF-FF-FF-FF-FF-FF-FF-FF-FF-FF-FF-FF-FF-FF-FF-FF-FF-FF-FF-FF;NOTIFICATION;0;da1a1500-d532-4285-be94-b07a3e11a098;da1a150b-d532-4285-be94-b07a3e11a098;18;;
612085;1787410869315;150D;Fahrstatistik Max/Ø;20;208;–;01-1B-00-C7-FF-FF-FF-FF-47-18-FF-FF-FF-FF-FF-FF-FF-FF-00-00;NOTIFICATION;0;da1a1500-d532-4285-be94-b07a3e11a098;da1a150d-d532-4285-be94-b07a3e11a098;18;;
613135;1787410870365;1502;Akkuinformationen;16;209;–;47-18-FF-FF-FF-FF-47-18-FF-FF-FF-FF-FF-FF-00-00;NOTIFICATION;0;da1a1500-d532-4285-be94-b07a3e11a098;da1a1502-d532-4285-be94-b07a3e11a098;18;;
613546;1787410870776;1505;BikePerformance / Fahrleistung;18;201;0,1,2,3,7;14-64-14-64-FF-FF-00-A6-FF-FF-FF-FF-FF-00-00-00-00-00;NOTIFICATION;0;da1a1500-d532-4285-be94-b07a3e11a098;da1a1505-d532-4285-be94-b07a3e11a098;18;;
613756;1787410870986;1506;Trip / Kilometer & Betriebszähler;16;209;7;00-00-1C-46-00-02-34-7A-00-00-02-D3-00-00-00-00;NOTIFICATION;0;da1a1500-d532-4285-be94-b07a3e11a098;da1a1506-d532-4285-be94-b07a3e11a098;18;;
614177;1787410871407;1508;Settings / Licht & Fahrstufe;17;209;–;00-00-00-02-FF-FF-FF-FF-FF-FF-FF-00-00-00-00-00-00;NOTIFICATION;0;da1a1500-d532-4285-be94-b07a3e11a098;da1a1508-d532-4285-be94-b07a3e11a098;18;;
614386;1787410871616;1509;BatteryChange / Akku-Livestand;11;209;0,1,5,6,9,10;46-50-FF-FF-20-A8-C0-00-00-03-09;NOTIFICATION;0;da1a1500-d532-4285-be94-b07a3e11a098;da1a1509-d532-4285-be94-b07a3e11a098;18;;
614597;1787410871827;150A;MotorUpdate / Motor-Livestand;10;209;0,1;3E-80-FF-FF-FF-FF-FF-FF-FF-FF;NOTIFICATION;0;da1a1500-d532-4285-be94-b07a3e11a098;da1a150a-d532-4285-be94-b07a3e11a098;18;;
614805;1787410872035;150B;Motor-/Controllerblock;20;209;–;FF-FF-FF-FF-FF-FF-FF-FF-FF-FF-FF-FF-FF-FF-FF-FF-FF-FF-FF-FF;NOTIFICATION;0;da1a1500-d532-4285-be94-b07a3e11a098;da1a150b-d532-4285-be94-b07a3e11a098;18;;
615016;1787410872246;150D;Fahrstatistik Max/Ø;20;209;–;01-1B-00-C7-FF-FF-FF-FF-47-18-FF-FF-FF-FF-FF-FF-FF-FF-00-00;NOTIFICATION;0;da1a1500-d532-4285-be94-b07a3e11a098;da1a150d-d532-4285-be94-b07a3e11a098;18;;
616056;1787410873286;1502;Akkuinformationen;16;210;–;47-18-FF-FF-FF-FF-47-18-FF-FF-FF-FF-FF-FF-00-00;NOTIFICATION;0;da1a1500-d532-4285-be94-b07a3e11a098;da1a1502-d532-4285-be94-b07a3e11a098;18;;
616475;1787410873705;1505;BikePerformance / Fahrleistung;18;202;0,1,2,3,7;16-12-16-12-FF-FF-00-A8-FF-FF-FF-FF-FF-00-00-00-00-00;NOTIFICATION;0;da1a1500-d532-4285-be94-b07a3e11a098;da1a1505-d532-4285-be94-b07a3e11a098;18;;
616675;1787410873905;1506;Trip / Kilometer & Betriebszähler;16;210;7;00-00-1C-46-00-02-34-7D-00-00-02-D3-00-00-00-00;NOTIFICATION;0;da1a1500-d532-4285-be94-b07a3e11a098;da1a1506-d532-4285-be94-b07a3e11a098;18;;
617096;1787410874326;1508;Settings / Licht & Fahrstufe;17;210;–;00-00-00-02-FF-FF-FF-FF-FF-FF-FF-00-00-00-00-00-00;NOTIFICATION;0;da1a1500-d532-4285-be94-b07a3e11a098;da1a1508-d532-4285-be94-b07a3e11a098;18;;
617307;1787410874537;1509;BatteryChange / Akku-Livestand;11;210;0,1,5,6,9,10;32-C8-FF-FF-20-AB-18-00-00-02-39;NOTIFICATION;0;da1a1500-d532-4285-be94-b07a3e11a098;da1a1509-d532-4285-be94-b07a3e11a098;18;;
617515;1787410874745;150A;MotorUpdate / Motor-Livestand;10;210;0,1;36-B0-FF-FF-FF-FF-FF-FF-FF-FF;NOTIFICATION;0;da1a1500-d532-4285-be94-b07a3e11a098;da1a150a-d532-4285-be94-b07a3e11a098;18;;
617724;1787410874954;150B;Motor-/Controllerblock;20;210;–;FF-FF-FF-FF-FF-FF-FF-FF-FF-FF-FF-FF-FF-FF-FF-FF-FF-FF-FF-FF;NOTIFICATION;0;da1a1500-d532-4285-be94-b07a3e11a098;da1a150b-d532-4285-be94-b07a3e11a098;18;;
617934;1787410875164;150D;Fahrstatistik Max/Ø;20;210;–;01-1B-00-C7-FF-FF-FF-FF-47-18-FF-FF-FF-FF-FF-FF-FF-FF-00-00;NOTIFICATION;0;da1a1500-d532-4285-be94-b07a3e11a098;da1a150d-d532-4285-be94-b07a3e11a098;18;;
618976;1787410876206;1502;Akkuinformationen;16;211;–;47-18-FF-FF-FF-FF-47-18-FF-FF-FF-FF-FF-FF-00-00;NOTIFICATION;0;da1a1500-d532-4285-be94-b07a3e11a098;da1a1502-d532-4285-be94-b07a3e11a098;18;;
619395;1787410876625;1505;BikePerformance / Fahrleistung;18;203;0,1,2,3,7;1A-FE-1A-FE-FF-FF-00-BD-FF-FF-FF-FF-FF-00-00-00-00-00;NOTIFICATION;0;da1a1500-d532-4285-be94-b07a3e11a098;da1a1505-d532-4285-be94-b07a3e11a098;18;;
619595;1787410876825;1506;Trip / Kilometer & Betriebszähler;16;211;7;00-00-1C-46-00-02-34-80-00-00-02-D3-00-00-00-00;NOTIFICATION;0;da1a1500-d532-4285-be94-b07a3e11a098;da1a1506-d532-4285-be94-b07a3e11a098;18;;
620015;1787410877245;1508;Settings / Licht & Fahrstufe;17;211;–;00-00-00-02-FF-FF-FF-FF-FF-FF-FF-00-00-00-00-00-00;NOTIFICATION;0;da1a1500-d532-4285-be94-b07a3e11a098;da1a1508-d532-4285-be94-b07a3e11a098;18;;
620227;1787410877457;1509;BatteryChange / Akku-Livestand;11;211;5,6,10;32-C8-FF-FF-20-AD-0C-00-00-02-DE;NOTIFICATION;0;da1a1500-d532-4285-be94-b07a3e11a098;da1a1509-d532-4285-be94-b07a3e11a098;18;;
620435;1787410877665;150A;MotorUpdate / Motor-Livestand;10;211;0,1;3A-98-FF-FF-FF-FF-FF-FF-FF-FF;NOTIFICATION;0;da1a1500-d532-4285-be94-b07a3e11a098;da1a150a-d532-4285-be94-b07a3e11a098;18;;
620645;1787410877875;150B;Motor-/Controllerblock;20;211;–;FF-FF-FF-FF-FF-FF-FF-FF-FF-FF-FF-FF-FF-FF-FF-FF-FF-FF-FF-FF;NOTIFICATION;0;da1a1500-d532-4285-be94-b07a3e11a098;da1a150b-d532-4285-be94-b07a3e11a098;18;;
620855;1787410878085;150D;Fahrstatistik Max/Ø;20;211;–;01-1B-00-C7-FF-FF-FF-FF-47-18-FF-FF-FF-FF-FF-FF-FF-FF-00-00;NOTIFICATION;0;da1a1500-d532-4285-be94-b07a3e11a098;da1a150d-d532-4285-be94-b07a3e11a098;18;;
621895;1787410879125;1502;Akkuinformationen;16;212;–;47-18-FF-FF-FF-FF-47-18-FF-FF-FF-FF-FF-FF-00-00;NOTIFICATION;0;da1a1500-d532-4285-be94-b07a3e11a098;da1a1502-d532-4285-be94-b07a3e11a098;18;;
622315;1787410879545;1505;BikePerformance / Fahrleistung;18;204;0,1,2,3,7;19-50-19-50-FF-FF-00-C3-FF-FF-FF-FF-FF-00-00-00-00-00;NOTIFICATION;0;da1a1500-d532-4285-be94-b07a3e11a098;da1a1505-d532-4285-be94-b07a3e11a098;18;;
622526;1787410879756;1506;Trip / Kilometer & Betriebszähler;16;212;7;00-00-1C-46-00-02-34-83-00-00-02-D3-00-00-00-00;NOTIFICATION;0;da1a1500-d532-4285-be94-b07a3e11a098;da1a1506-d532-4285-be94-b07a3e11a098;18;;
622935;1787410880165;1508;Settings / Licht & Fahrstufe;17;212;–;00-00-00-02-FF-FF-FF-FF-FF-FF-FF-00-00-00-00-00-00;NOTIFICATION;0;da1a1500-d532-4285-be94-b07a3e11a098;da1a1508-d532-4285-be94-b07a3e11a098;18;;
623144;1787410880374;1509;BatteryChange / Akku-Livestand;11;212;0,1,5,6,9,10;1F-40-FF-FF-20-AC-44-00-00-01-60;NOTIFICATION;0;da1a1500-d532-4285-be94-b07a3e11a098;da1a1509-d532-4285-be94-b07a3e11a098;18;;
623355;1787410880585;150A;MotorUpdate / Motor-Livestand;10;212;0,1;1F-40-FF-FF-FF-FF-FF-FF-FF-FF;NOTIFICATION;0;da1a1500-d532-4285-be94-b07a3e11a098;da1a150a-d532-4285-be94-b07a3e11a098;18;;
623566;1787410880796;150B;Motor-/Controllerblock;20;212;–;FF-FF-FF-FF-FF-FF-FF-FF-FF-FF-FF-FF-FF-FF-FF-FF-FF-FF-FF-FF;NOTIFICATION;0;da1a1500-d532-4285-be94-b07a3e11a098;da1a150b-d532-4285-be94-b07a3e11a098;18;;
623773;1787410881003;150D;Fahrstatistik Max/Ø;20;212;–;01-1B-00-C7-FF-FF-FF-FF-47-18-FF-FF-FF-FF-FF-FF-FF-FF-00-00;NOTIFICATION;0;da1a1500-d532-4285-be94-b07a3e11a098;da1a150d-d532-4285-be94-b07a3e11a098;18;;
624815;1787410882045;1502;Akkuinformationen;16;213;–;47-18-FF-FF-FF-FF-47-18-FF-FF-FF-FF-FF-FF-00-00;NOTIFICATION;0;da1a1500-d532-4285-be94-b07a3e11a098;da1a1502-d532-4285-be94-b07a3e11a098;18;;
625236;1787410882466;1505;BikePerformance / Fahrleistung;18;205;0,1,2,3,7;0F-8C-0F-8C-FF-FF-00-A4-FF-FF-FF-FF-FF-00-00-00-00-00;NOTIFICATION;0;da1a1500-d532-4285-be94-b07a3e11a098;da1a1505-d532-4285-be94-b07a3e11a098;18;;
625448;1787410882678;1506;Trip / Kilometer & Betriebszähler;16;213;7;00-00-1C-46-00-02-34-86-00-00-02-D3-00-00-00-00;NOTIFICATION;0;da1a1500-d532-4285-be94-b07a3e11a098;da1a1506-d532-4285-be94-b07a3e11a098;18;;
625855;1787410883085;1508;Settings / Licht & Fahrstufe;17;213;–;00-00-00-02-FF-FF-FF-FF-FF-FF-FF-00-00-00-00-00-00;NOTIFICATION;0;da1a1500-d532-4285-be94-b07a3e11a098;da1a1508-d532-4285-be94-b07a3e11a098;18;;
626066;1787410883296;1509;BatteryChange / Akku-Livestand;11;213;0,1,5,6,9,10;03-E8-FF-FF-20-B0-F4-00-00-00-2D;NOTIFICATION;0;da1a1500-d532-4285-be94-b07a3e11a098;da1a1509-d532-4285-be94-b07a3e11a098;18;;
626285;1787410883515;150A;MotorUpdate / Motor-Livestand;10;213;0,1;03-E8-FF-FF-FF-FF-FF-FF-FF-FF;NOTIFICATION;0;da1a1500-d532-4285-be94-b07a3e11a098;da1a150a-d532-4285-be94-b07a3e11a098;18;;
626485;1787410883715;150B;Motor-/Controllerblock;20;213;–;FF-FF-FF-FF-FF-FF-FF-FF-FF-FF-FF-FF-FF-FF-FF-FF-FF-FF-FF-FF;NOTIFICATION;0;da1a1500-d532-4285-be94-b07a3e11a098;da1a150b-d532-4285-be94-b07a3e11a098;18;;
626695;1787410883925;150D;Fahrstatistik Max/Ø;20;213;–;01-1B-00-C7-FF-FF-FF-FF-47-18-FF-FF-FF-FF-FF-FF-FF-FF-00-00;NOTIFICATION;0;da1a1500-d532-4285-be94-b07a3e11a098;da1a150d-d532-4285-be94-b07a3e11a098;18;;
627736;1787410884966;1502;Akkuinformationen;16;214;–;47-18-FF-FF-FF-FF-47-18-FF-FF-FF-FF-FF-FF-00-00;NOTIFICATION;0;da1a1500-d532-4285-be94-b07a3e11a098;da1a1502-d532-4285-be94-b07a3e11a098;18;;
628165;1787410885395;1505;BikePerformance / Fahrleistung;18;1706;–;;NOTIFICATION_QUARANTINED;0;da1a1500-d532-4285-be94-b07a3e11a098;da1a1505-d532-4285-be94-b07a3e11a098;18;c731f922c864db5014403d5303b06371032ae39c2dc3f73725b4e84b64c756e5;identity_or_free_form
628366;1787410885596;1506;Trip / Kilometer & Betriebszähler;16;214;3,7;00-00-1C-47-00-02-34-89-00-00-02-D3-00-00-00-00;NOTIFICATION;0;da1a1500-d532-4285-be94-b07a3e11a098;da1a1506-d532-4285-be94-b07a3e11a098;18;;
628776;1787410886006;1508;Settings / Licht & Fahrstufe;17;214;–;00-00-00-02-FF-FF-FF-FF-FF-FF-FF-00-00-00-00-00-00;NOTIFICATION;0;da1a1500-d532-4285-be94-b07a3e11a098;da1a1508-d532-4285-be94-b07a3e11a098;18;;
628986;1787410886216;1509;BatteryChange / Akku-Livestand;11;214;0,1,4,5,6,9,10;1F-40-FF-FF-1B-AC-A8-00-00-01-61;NOTIFICATION;0;da1a1500-d532-4285-be94-b07a3e11a098;da1a1509-d532-4285-be94-b07a3e11a098;18;;
629196;1787410886426;150A;MotorUpdate / Motor-Livestand;10;214;0,1;1B-58-FF-FF-FF-FF-FF-FF-FF-FF;NOTIFICATION;0;da1a1500-d532-4285-be94-b07a3e11a098;da1a150a-d532-4285-be94-b07a3e11a098;18;;
629406;1787410886636;150B;Motor-/Controllerblock;20;214;–;FF-FF-FF-FF-FF-FF-FF-FF-FF-FF-FF-FF-FF-FF-FF-FF-FF-FF-FF-FF;NOTIFICATION;0;da1a1500-d532-4285-be94-b07a3e11a098;da1a150b-d532-4285-be94-b07a3e11a098;18;;
629614;1787410886844;150D;Fahrstatistik Max/Ø;20;214;–;01-1B-00-C7-FF-FF-FF-FF-47-18-FF-FF-FF-FF-FF-FF-FF-FF-00-00;NOTIFICATION;0;da1a1500-d532-4285-be94-b07a3e11a098;da1a150d-d532-4285-be94-b07a3e11a098;18;;
630655;1787410887885;1502;Akkuinformationen;16;215;–;47-18-FF-FF-FF-FF-47-18-FF-FF-FF-FF-FF-FF-00-00;NOTIFICATION;0;da1a1500-d532-4285-be94-b07a3e11a098;da1a1502-d532-4285-be94-b07a3e11a098;18;;
631075;1787410888305;1505;BikePerformance / Fahrleistung;18;206;0,1,2,3,7;0C-26-0C-26-FF-FF-00-93-FF-FF-FF-FF-FF-00-00-00-00-00;NOTIFICATION;0;da1a1500-d532-4285-be94-b07a3e11a098;da1a1505-d532-4285-be94-b07a3e11a098;18;;
631285;1787410888515;1506;Trip / Kilometer & Betriebszähler;16;215;7;00-00-1C-47-00-02-34-8C-00-00-02-D3-00-00-00-00;NOTIFICATION;0;da1a1500-d532-4285-be94-b07a3e11a098;da1a1506-d532-4285-be94-b07a3e11a098;18;;
631706;1787410888936;1508;Settings / Licht & Fahrstufe;17;215;–;00-00-00-02-FF-FF-FF-FF-FF-FF-FF-00-00-00-00-00-00;NOTIFICATION;0;da1a1500-d532-4285-be94-b07a3e11a098;da1a1508-d532-4285-be94-b07a3e11a098;18;;
631906;1787410889136;1509;BatteryChange / Akku-Livestand;11;215;0,1,5,6,10;13-88-FF-FF-1B-AF-C8-00-00-01-8E;NOTIFICATION;0;da1a1500-d532-4285-be94-b07a3e11a098;da1a1509-d532-4285-be94-b07a3e11a098;18;;
632116;1787410889346;150A;MotorUpdate / Motor-Livestand;10;215;0,1;1F-40-FF-FF-FF-FF-FF-FF-FF-FF;NOTIFICATION;0;da1a1500-d532-4285-be94-b07a3e11a098;da1a150a-d532-4285-be94-b07a3e11a098;18;;
632325;1787410889555;150B;Motor-/Controllerblock;20;215;–;FF-FF-FF-FF-FF-FF-FF-FF-FF-FF-FF-FF-FF-FF-FF-FF-FF-FF-FF-FF;NOTIFICATION;0;da1a1500-d532-4285-be94-b07a3e11a098;da1a150b-d532-4285-be94-b07a3e11a098;18;;
632535;1787410889765;150D;Fahrstatistik Max/Ø;20;215;–;01-1B-00-C7-FF-FF-FF-FF-47-18-FF-FF-FF-FF-FF-FF-FF-FF-00-00;NOTIFICATION;0;da1a1500-d532-4285-be94-b07a3e11a098;da1a150d-d532-4285-be94-b07a3e11a098;18;;
633576;1787410890806;1502;Akkuinformationen;16;216;–;47-18-FF-FF-FF-FF-47-18-FF-FF-FF-FF-FF-FF-00-00;NOTIFICATION;0;da1a1500-d532-4285-be94-b07a3e11a098;da1a1502-d532-4285-be94-b07a3e11a098;18;;
633996;1787410891226;1505;BikePerformance / Fahrleistung;18;207;0,1,2,3,7;08-A2-08-A2-FF-FF-00-86-FF-FF-FF-FF-FF-00-00-00-00-00;NOTIFICATION;0;da1a1500-d532-4285-be94-b07a3e11a098;da1a1505-d532-4285-be94-b07a3e11a098;18;;
634204;1787410891434;1506;Trip / Kilometer & Betriebszähler;16;216;7;00-00-1C-47-00-02-34-8F-00-00-02-D3-00-00-00-00;NOTIFICATION;0;da1a1500-d532-4285-be94-b07a3e11a098;da1a1506-d532-4285-be94-b07a3e11a098;18;;
634626;1787410891856;1508;Settings / Licht & Fahrstufe;17;216;–;00-00-00-02-FF-FF-FF-FF-FF-FF-FF-00-00-00-00-00-00;NOTIFICATION;0;da1a1500-d532-4285-be94-b07a3e11a098;da1a1508-d532-4285-be94-b07a3e11a098;18;;
634825;1787410892055;1509;BatteryChange / Akku-Livestand;11;216;0,1,5,6,10;23-28-FF-FF-1B-AC-44-00-00-01-8C;NOTIFICATION;0;da1a1500-d532-4285-be94-b07a3e11a098;da1a1509-d532-4285-be94-b07a3e11a098;18;;
635036;1787410892266;150A;MotorUpdate / Motor-Livestand;10;216;0,1;27-10-FF-FF-FF-FF-FF-FF-FF-FF;NOTIFICATION;0;da1a1500-d532-4285-be94-b07a3e11a098;da1a150a-d532-4285-be94-b07a3e11a098;18;;
635245;1787410892475;150B;Motor-/Controllerblock;20;216;–;FF-FF-FF-FF-FF-FF-FF-FF-FF-FF-FF-FF-FF-FF-FF-FF-FF-FF-FF-FF;NOTIFICATION;0;da1a1500-d532-4285-be94-b07a3e11a098;da1a150b-d532-4285-be94-b07a3e11a098;18;;
635456;1787410892686;150D;Fahrstatistik Max/Ø;20;216;–;01-1B-00-C7-FF-FF-FF-FF-47-18-FF-FF-FF-FF-FF-FF-FF-FF-00-00;NOTIFICATION;0;da1a1500-d532-4285-be94-b07a3e11a098;da1a150d-d532-4285-be94-b07a3e11a098;18;;
636499;1787410893729;1502;Akkuinformationen;16;217;–;47-18-FF-FF-FF-FF-47-18-FF-FF-FF-FF-FF-FF-00-00;NOTIFICATION;0;da1a1500-d532-4285-be94-b07a3e11a098;da1a1502-d532-4285-be94-b07a3e11a098;18;;
636915;1787410894145;1505;BikePerformance / Fahrleistung;18;208;0,1,2,3,7;0C-30-0C-30-FF-FF-00-6F-FF-FF-FF-FF-FF-00-00-00-00-00;NOTIFICATION;0;da1a1500-d532-4285-be94-b07a3e11a098;da1a1505-d532-4285-be94-b07a3e11a098;18;;
637125;1787410894355;1506;Trip / Kilometer & Betriebszähler;16;217;7;00-00-1C-47-00-02-34-92-00-00-02-D3-00-00-00-00;NOTIFICATION;0;da1a1500-d532-4285-be94-b07a3e11a098;da1a1506-d532-4285-be94-b07a3e11a098;18;;
637547;1787410894777;1508;Settings / Licht & Fahrstufe;17;217;–;00-00-00-02-FF-FF-FF-FF-FF-FF-FF-00-00-00-00-00-00;NOTIFICATION;0;da1a1500-d532-4285-be94-b07a3e11a098;da1a1508-d532-4285-be94-b07a3e11a098;18;;
637756;1787410894986;1509;BatteryChange / Akku-Livestand;11;217;0,1,5,6,9,10;0F-A0-FF-FF-1B-AF-C8-00-00-00-B4;NOTIFICATION;0;da1a1500-d532-4285-be94-b07a3e11a098;da1a1509-d532-4285-be94-b07a3e11a098;18;;
637955;1787410895185;150A;MotorUpdate / Motor-Livestand;10;217;0,1;17-70-FF-FF-FF-FF-FF-FF-FF-FF;NOTIFICATION;0;da1a1500-d532-4285-be94-b07a3e11a098;da1a150a-d532-4285-be94-b07a3e11a098;18;;
638164;1787410895394;150B;Motor-/Controllerblock;20;217;–;FF-FF-FF-FF-FF-FF-FF-FF-FF-FF-FF-FF-FF-FF-FF-FF-FF-FF-FF-FF;NOTIFICATION;0;da1a1500-d532-4285-be94-b07a3e11a098;da1a150b-d532-4285-be94-b07a3e11a098;18;;
638376;1787410895606;150D;Fahrstatistik Max/Ø;20;217;–;01-1B-00-C7-FF-FF-FF-FF-47-18-FF-FF-FF-FF-FF-FF-FF-FF-00-00;NOTIFICATION;0;da1a1500-d532-4285-be94-b07a3e11a098;da1a150d-d532-4285-be94-b07a3e11a098;18;;
639412;1787410896642;1502;Akkuinformationen;16;218;–;47-18-FF-FF-FF-FF-47-18-FF-FF-FF-FF-FF-FF-00-00;NOTIFICATION;0;da1a1500-d532-4285-be94-b07a3e11a098;da1a1502-d532-4285-be94-b07a3e11a098;18;;
639836;1787410897066;1505;BikePerformance / Fahrleistung;18;209;0,1,2,3,7;0F-DC-0F-DC-FF-FF-00-73-FF-FF-FF-FF-FF-00-00-00-00-00;NOTIFICATION;0;da1a1500-d532-4285-be94-b07a3e11a098;da1a1505-d532-4285-be94-b07a3e11a098;18;;
640045;1787410897275;1506;Trip / Kilometer & Betriebszähler;16;218;7;00-00-1C-47-00-02-34-95-00-00-02-D3-00-00-00-00;NOTIFICATION;0;da1a1500-d532-4285-be94-b07a3e11a098;da1a1506-d532-4285-be94-b07a3e11a098;18;;
640466;1787410897696;1508;Settings / Licht & Fahrstufe;17;218;–;00-00-00-02-FF-FF-FF-FF-FF-FF-FF-00-00-00-00-00-00;NOTIFICATION;0;da1a1500-d532-4285-be94-b07a3e11a098;da1a1508-d532-4285-be94-b07a3e11a098;18;;
640675;1787410897905;1509;BatteryChange / Akku-Livestand;11;218;0,1,4,5,6,10;07-D0-FF-FF-17-AD-D4-00-00-00-00;NOTIFICATION;0;da1a1500-d532-4285-be94-b07a3e11a098;da1a1509-d532-4285-be94-b07a3e11a098;18;;
640875;1787410898105;150A;MotorUpdate / Motor-Livestand;10;218;0,1;27-10-FF-FF-FF-FF-FF-FF-FF-FF;NOTIFICATION;0;da1a1500-d532-4285-be94-b07a3e11a098;da1a150a-d532-4285-be94-b07a3e11a098;18;;
641085;1787410898315;150B;Motor-/Controllerblock;20;218;–;FF-FF-FF-FF-FF-FF-FF-FF-FF-FF-FF-FF-FF-FF-FF-FF-FF-FF-FF-FF;NOTIFICATION;0;da1a1500-d532-4285-be94-b07a3e11a098;da1a150b-d532-4285-be94-b07a3e11a098;18;;
641295;1787410898525;150D;Fahrstatistik Max/Ø;20;218;–;01-1B-00-C7-FF-FF-FF-FF-47-18-FF-FF-FF-FF-FF-FF-FF-FF-00-00;NOTIFICATION;0;da1a1500-d532-4285-be94-b07a3e11a098;da1a150d-d532-4285-be94-b07a3e11a098;18;;
642346;1787410899576;1502;Akkuinformationen;16;219;–;47-18-FF-FF-FF-FF-47-18-FF-FF-FF-FF-FF-FF-00-00;NOTIFICATION;0;da1a1500-d532-4285-be94-b07a3e11a098;da1a1502-d532-4285-be94-b07a3e11a098;18;;
642755;1787410899985;1505;BikePerformance / Fahrleistung;18;210;0,1,2,3,7;00-00-00-00-FF-FF-00-2F-FF-FF-FF-FF-FF-00-00-00-00-00;NOTIFICATION;0;da1a1500-d532-4285-be94-b07a3e11a098;da1a1505-d532-4285-be94-b07a3e11a098;18;;
642967;1787410900197;1506;Trip / Kilometer & Betriebszähler;16;219;7;00-00-1C-47-00-02-34-98-00-00-02-D3-00-00-00-00;NOTIFICATION;0;da1a1500-d532-4285-be94-b07a3e11a098;da1a1506-d532-4285-be94-b07a3e11a098;18;;
643386;1787410900616;1508;Settings / Licht & Fahrstufe;17;219;–;00-00-00-02-FF-FF-FF-FF-FF-FF-FF-00-00-00-00-00-00;NOTIFICATION;0;da1a1500-d532-4285-be94-b07a3e11a098;da1a1508-d532-4285-be94-b07a3e11a098;18;;
643595;1787410900825;1509;BatteryChange / Akku-Livestand;11;219;0,1,4,5,6;00-00-FF-FF-15-B1-BC-00-00-00-00;NOTIFICATION;0;da1a1500-d532-4285-be94-b07a3e11a098;da1a1509-d532-4285-be94-b07a3e11a098;18;;
643805;1787410901035;150A;MotorUpdate / Motor-Livestand;10;219;0,1;00-00-FF-FF-FF-FF-FF-FF-FF-FF;NOTIFICATION;0;da1a1500-d532-4285-be94-b07a3e11a098;da1a150a-d532-4285-be94-b07a3e11a098;18;;
644015;1787410901245;150B;Motor-/Controllerblock;20;219;–;FF-FF-FF-FF-FF-FF-FF-FF-FF-FF-FF-FF-FF-FF-FF-FF-FF-FF-FF-FF;NOTIFICATION;0;da1a1500-d532-4285-be94-b07a3e11a098;da1a150b-d532-4285-be94-b07a3e11a098;18;;
644215;1787410901445;150D;Fahrstatistik Max/Ø;20;219;–;01-1B-00-C7-FF-FF-FF-FF-47-18-FF-FF-FF-FF-FF-FF-FF-FF-00-00;NOTIFICATION;0;da1a1500-d532-4285-be94-b07a3e11a098;da1a150d-d532-4285-be94-b07a3e11a098;18;;
645266;1787410902496;1502;Akkuinformationen;16;220;–;47-18-FF-FF-FF-FF-47-18-FF-FF-FF-FF-FF-FF-00-00;NOTIFICATION;0;da1a1500-d532-4285-be94-b07a3e11a098;da1a1502-d532-4285-be94-b07a3e11a098;18;;
645675;1787410902905;1505;BikePerformance / Fahrleistung;18;211;7;00-00-00-00-FF-FF-00-00-FF-FF-FF-FF-FF-00-00-00-00-00;NOTIFICATION;0;da1a1500-d532-4285-be94-b07a3e11a098;da1a1505-d532-4285-be94-b07a3e11a098;18;;
645886;1787410903116;1506;Trip / Kilometer & Betriebszähler;16;220;7;00-00-1C-47-00-02-34-99-00-00-02-D3-00-00-00-00;NOTIFICATION;0;da1a1500-d532-4285-be94-b07a3e11a098;da1a1506-d532-4285-be94-b07a3e11a098;18;;
646305;1787410903535;1508;Settings / Licht & Fahrstufe;17;220;–;00-00-00-02-FF-FF-FF-FF-FF-FF-FF-00-00-00-00-00-00;NOTIFICATION;0;da1a1500-d532-4285-be94-b07a3e11a098;da1a1508-d532-4285-be94-b07a3e11a098;18;;
646515;1787410903745;1509;BatteryChange / Akku-Livestand;11;220;4,5,6;00-00-FF-FF-1A-B2-20-00-00-00-00;NOTIFICATION;0;da1a1500-d532-4285-be94-b07a3e11a098;da1a1509-d532-4285-be94-b07a3e11a098;18;;
646726;1787410903956;150A;MotorUpdate / Motor-Livestand;10;220;–;00-00-FF-FF-FF-FF-FF-FF-FF-FF;NOTIFICATION;0;da1a1500-d532-4285-be94-b07a3e11a098;da1a150a-d532-4285-be94-b07a3e11a098;18;;
646935;1787410904165;150B;Motor-/Controllerblock;20;220;–;FF-FF-FF-FF-FF-FF-FF-FF-FF-FF-FF-FF-FF-FF-FF-FF-FF-FF-FF-FF;NOTIFICATION;0;da1a1500-d532-4285-be94-b07a3e11a098;da1a150b-d532-4285-be94-b07a3e11a098;18;;
647135;1787410904365;150D;Fahrstatistik Max/Ø;20;220;–;01-1B-00-C7-FF-FF-FF-FF-47-18-FF-FF-FF-FF-FF-FF-FF-FF-00-00;NOTIFICATION;0;da1a1500-d532-4285-be94-b07a3e11a098;da1a150d-d532-4285-be94-b07a3e11a098;18;;
648186;1787410905416;1502;Akkuinformationen;16;221;–;47-18-FF-FF-FF-FF-47-18-FF-FF-FF-FF-FF-FF-00-00;NOTIFICATION;0;da1a1500-d532-4285-be94-b07a3e11a098;da1a1502-d532-4285-be94-b07a3e11a098;18;;
648592;1787410905822;1505;BikePerformance / Fahrleistung;18;212;–;00-00-00-00-FF-FF-00-00-FF-FF-FF-FF-FF-00-00-00-00-00;NOTIFICATION;0;da1a1500-d532-4285-be94-b07a3e11a098;da1a1505-d532-4285-be94-b07a3e11a098;18;;
648805;1787410906035;1506;Trip / Kilometer & Betriebszähler;16;221;–;00-00-1C-47-00-02-34-99-00-00-02-D3-00-00-00-00;NOTIFICATION;0;da1a1500-d532-4285-be94-b07a3e11a098;da1a1506-d532-4285-be94-b07a3e11a098;18;;
649222;1787410906452;1508;Settings / Licht & Fahrstufe;17;221;–;00-00-00-02-FF-FF-FF-FF-FF-FF-FF-00-00-00-00-00-00;NOTIFICATION;0;da1a1500-d532-4285-be94-b07a3e11a098;da1a1508-d532-4285-be94-b07a3e11a098;18;;
649433;1787410906663;1509;BatteryChange / Akku-Livestand;11;221;4;00-00-FF-FF-1B-B2-20-00-00-00-00;NOTIFICATION;0;da1a1500-d532-4285-be94-b07a3e11a098;da1a1509-d532-4285-be94-b07a3e11a098;18;;
649645;1787410906875;150A;MotorUpdate / Motor-Livestand;10;221;–;00-00-FF-FF-FF-FF-FF-FF-FF-FF;NOTIFICATION;0;da1a1500-d532-4285-be94-b07a3e11a098;da1a150a-d532-4285-be94-b07a3e11a098;18;;
649852;1787410907082;150B;Motor-/Controllerblock;20;221;–;FF-FF-FF-FF-FF-FF-FF-FF-FF-FF-FF-FF-FF-FF-FF-FF-FF-FF-FF-FF;NOTIFICATION;0;da1a1500-d532-4285-be94-b07a3e11a098;da1a150b-d532-4285-be94-b07a3e11a098;18;;
650062;1787410907292;150D;Fahrstatistik Max/Ø;20;221;–;01-1B-00-C7-FF-FF-FF-FF-47-18-FF-FF-FF-FF-FF-FF-FF-FF-00-00;NOTIFICATION;0;da1a1500-d532-4285-be94-b07a3e11a098;da1a150d-d532-4285-be94-b07a3e11a098;18;;
651104;1787410908334;1502;Akkuinformationen;16;222;–;47-18-FF-FF-FF-FF-47-18-FF-FF-FF-FF-FF-FF-00-00;NOTIFICATION;0;da1a1500-d532-4285-be94-b07a3e11a098;da1a1502-d532-4285-be94-b07a3e11a098;18;;
651526;1787410908756;1505;BikePerformance / Fahrleistung;18;213;–;00-00-00-00-FF-FF-00-00-FF-FF-FF-FF-FF-00-00-00-00-00;NOTIFICATION;0;da1a1500-d532-4285-be94-b07a3e11a098;da1a1505-d532-4285-be94-b07a3e11a098;18;;
651725;1787410908955;1506;Trip / Kilometer & Betriebszähler;16;222;–;00-00-1C-47-00-02-34-99-00-00-02-D3-00-00-00-00;NOTIFICATION;0;da1a1500-d532-4285-be94-b07a3e11a098;da1a1506-d532-4285-be94-b07a3e11a098;18;;
652145;1787410909375;1508;Settings / Licht & Fahrstufe;17;222;–;00-00-00-02-FF-FF-FF-FF-FF-FF-FF-00-00-00-00-00-00;NOTIFICATION;0;da1a1500-d532-4285-be94-b07a3e11a098;da1a1508-d532-4285-be94-b07a3e11a098;18;;
652356;1787410909586;1509;BatteryChange / Akku-Livestand;11;222;–;00-00-FF-FF-1B-B2-20-00-00-00-00;NOTIFICATION;0;da1a1500-d532-4285-be94-b07a3e11a098;da1a1509-d532-4285-be94-b07a3e11a098;18;;
652565;1787410909795;150A;MotorUpdate / Motor-Livestand;10;222;–;00-00-FF-FF-FF-FF-FF-FF-FF-FF;NOTIFICATION;0;da1a1500-d532-4285-be94-b07a3e11a098;da1a150a-d532-4285-be94-b07a3e11a098;18;;
652776;1787410910006;150B;Motor-/Controllerblock;20;222;–;FF-FF-FF-FF-FF-FF-FF-FF-FF-FF-FF-FF-FF-FF-FF-FF-FF-FF-FF-FF;NOTIFICATION;0;da1a1500-d532-4285-be94-b07a3e11a098;da1a150b-d532-4285-be94-b07a3e11a098;18;;
652986;1787410910216;150D;Fahrstatistik Max/Ø;20;222;–;01-1B-00-C7-FF-FF-FF-FF-47-18-FF-FF-FF-FF-FF-FF-FF-FF-00-00;NOTIFICATION;0;da1a1500-d532-4285-be94-b07a3e11a098;da1a150d-d532-4285-be94-b07a3e11a098;18;;
654025;1787410911255;1502;Akkuinformationen;16;223;–;47-18-FF-FF-FF-FF-47-18-FF-FF-FF-FF-FF-FF-00-00;NOTIFICATION;0;da1a1500-d532-4285-be94-b07a3e11a098;da1a1502-d532-4285-be94-b07a3e11a098;18;;
654446;1787410911676;1505;BikePerformance / Fahrleistung;18;214;7;00-00-00-00-FF-FF-00-0F-FF-FF-FF-FF-FF-00-00-00-00-00;NOTIFICATION;0;da1a1500-d532-4285-be94-b07a3e11a098;da1a1505-d532-4285-be94-b07a3e11a098;18;;
654645;1787410911875;1506;Trip / Kilometer & Betriebszähler;16;223;7;00-00-1C-47-00-02-34-9B-00-00-02-D3-00-00-00-00;NOTIFICATION;0;da1a1500-d532-4285-be94-b07a3e11a098;da1a1506-d532-4285-be94-b07a3e11a098;18;;
655068;1787410912298;1508;Settings / Licht & Fahrstufe;17;223;–;00-00-00-02-FF-FF-FF-FF-FF-FF-FF-00-00-00-00-00-00;NOTIFICATION;0;da1a1500-d532-4285-be94-b07a3e11a098;da1a1508-d532-4285-be94-b07a3e11a098;18;;
655275;1787410912505;1509;BatteryChange / Akku-Livestand;11;223;–;00-00-FF-FF-1B-B2-20-00-00-00-00;NOTIFICATION;0;da1a1500-d532-4285-be94-b07a3e11a098;da1a1509-d532-4285-be94-b07a3e11a098;18;;
655485;1787410912715;150A;MotorUpdate / Motor-Livestand;10;223;–;00-00-FF-FF-FF-FF-FF-FF-FF-FF;NOTIFICATION;0;da1a1500-d532-4285-be94-b07a3e11a098;da1a150a-d532-4285-be94-b07a3e11a098;18;;
655696;1787410912926;150B;Motor-/Controllerblock;20;223;–;FF-FF-FF-FF-FF-FF-FF-FF-FF-FF-FF-FF-FF-FF-FF-FF-FF-FF-FF-FF;NOTIFICATION;0;da1a1500-d532-4285-be94-b07a3e11a098;da1a150b-d532-4285-be94-b07a3e11a098;18;;
655908;1787410913138;150D;Fahrstatistik Max/Ø;20;223;–;01-1B-00-C7-FF-FF-FF-FF-47-18-FF-FF-FF-FF-FF-FF-FF-FF-00-00;NOTIFICATION;0;da1a1500-d532-4285-be94-b07a3e11a098;da1a150d-d532-4285-be94-b07a3e11a098;18;;
656946;1787410914176;1502;Akkuinformationen;16;224;–;47-18-FF-FF-FF-FF-47-18-FF-FF-FF-FF-FF-FF-00-00;NOTIFICATION;0;da1a1500-d532-4285-be94-b07a3e11a098;da1a1502-d532-4285-be94-b07a3e11a098;18;;
657366;1787410914596;1505;BikePerformance / Fahrleistung;18;215;7;00-00-00-00-FF-FF-00-00-FF-FF-FF-FF-FF-00-00-00-00-00;NOTIFICATION;0;da1a1500-d532-4285-be94-b07a3e11a098;da1a1505-d532-4285-be94-b07a3e11a098;18;;
657576;1787410914806;1506;Trip / Kilometer & Betriebszähler;16;224;7;00-00-1C-47-00-02-34-9C-00-00-02-D3-00-00-00-00;NOTIFICATION;0;da1a1500-d532-4285-be94-b07a3e11a098;da1a1506-d532-4285-be94-b07a3e11a098;18;;
657985;1787410915215;1508;Settings / Licht & Fahrstufe;17;224;–;00-00-00-02-FF-FF-FF-FF-FF-FF-FF-00-00-00-00-00-00;NOTIFICATION;0;da1a1500-d532-4285-be94-b07a3e11a098;da1a1508-d532-4285-be94-b07a3e11a098;18;;
658196;1787410915426;1509;BatteryChange / Akku-Livestand;11;224;6;00-00-FF-FF-1B-B2-84-00-00-00-00;NOTIFICATION;0;da1a1500-d532-4285-be94-b07a3e11a098;da1a1509-d532-4285-be94-b07a3e11a098;18;;
658406;1787410915636;150A;MotorUpdate / Motor-Livestand;10;224;–;00-00-FF-FF-FF-FF-FF-FF-FF-FF;NOTIFICATION;0;da1a1500-d532-4285-be94-b07a3e11a098;da1a150a-d532-4285-be94-b07a3e11a098;18;;
658616;1787410915846;150B;Motor-/Controllerblock;20;224;–;FF-FF-FF-FF-FF-FF-FF-FF-FF-FF-FF-FF-FF-FF-FF-FF-FF-FF-FF-FF;NOTIFICATION;0;da1a1500-d532-4285-be94-b07a3e11a098;da1a150b-d532-4285-be94-b07a3e11a098;18;;
658826;1787410916056;150D;Fahrstatistik Max/Ø;20;224;–;01-1B-00-C7-FF-FF-FF-FF-47-18-FF-FF-FF-FF-FF-FF-FF-FF-00-00;NOTIFICATION;0;da1a1500-d532-4285-be94-b07a3e11a098;da1a150d-d532-4285-be94-b07a3e11a098;18;;
659866;1787410917096;1502;Akkuinformationen;16;225;–;47-18-FF-FF-FF-FF-47-18-FF-FF-FF-FF-FF-FF-00-00;NOTIFICATION;0;da1a1500-d532-4285-be94-b07a3e11a098;da1a1502-d532-4285-be94-b07a3e11a098;18;;
660286;1787410917516;1505;BikePerformance / Fahrleistung;18;216;–;00-00-00-00-FF-FF-00-00-FF-FF-FF-FF-FF-00-00-00-00-00;NOTIFICATION;0;da1a1500-d532-4285-be94-b07a3e11a098;da1a1505-d532-4285-be94-b07a3e11a098;18;;
660495;1787410917725;1506;Trip / Kilometer & Betriebszähler;16;225;–;00-00-1C-47-00-02-34-9C-00-00-02-D3-00-00-00-00;NOTIFICATION;0;da1a1500-d532-4285-be94-b07a3e11a098;da1a1506-d532-4285-be94-b07a3e11a098;18;;
660905;1787410918135;1508;Settings / Licht & Fahrstufe;17;225;–;00-00-00-02-FF-FF-FF-FF-FF-FF-FF-00-00-00-00-00-00;NOTIFICATION;0;da1a1500-d532-4285-be94-b07a3e11a098;da1a1508-d532-4285-be94-b07a3e11a098;18;;
661115;1787410918345;1509;BatteryChange / Akku-Livestand;11;225;–;00-00-FF-FF-1B-B2-84-00-00-00-00;NOTIFICATION;0;da1a1500-d532-4285-be94-b07a3e11a098;da1a1509-d532-4285-be94-b07a3e11a098;18;;
661325;1787410918555;150A;MotorUpdate / Motor-Livestand;10;225;–;00-00-FF-FF-FF-FF-FF-FF-FF-FF;NOTIFICATION;0;da1a1500-d532-4285-be94-b07a3e11a098;da1a150a-d532-4285-be94-b07a3e11a098;18;;
661536;1787410918766;150B;Motor-/Controllerblock;20;225;–;FF-FF-FF-FF-FF-FF-FF-FF-FF-FF-FF-FF-FF-FF-FF-FF-FF-FF-FF-FF;NOTIFICATION;0;da1a1500-d532-4285-be94-b07a3e11a098;da1a150b-d532-4285-be94-b07a3e11a098;18;;
661746;1787410918976;150D;Fahrstatistik Max/Ø;20;225;–;01-1B-00-C7-FF-FF-FF-FF-47-18-FF-FF-FF-FF-FF-FF-FF-FF-00-00;NOTIFICATION;0;da1a1500-d532-4285-be94-b07a3e11a098;da1a150d-d532-4285-be94-b07a3e11a098;18;;
662786;1787410920016;1502;Akkuinformationen;16;226;–;47-18-FF-FF-FF-FF-47-18-FF-FF-FF-FF-FF-FF-00-00;NOTIFICATION;0;da1a1500-d532-4285-be94-b07a3e11a098;da1a1502-d532-4285-be94-b07a3e11a098;18;;
663205;1787410920435;1505;BikePerformance / Fahrleistung;18;217;7;00-00-00-00-FF-FF-00-08-FF-FF-FF-FF-FF-00-00-00-00-00;NOTIFICATION;0;da1a1500-d532-4285-be94-b07a3e11a098;da1a1505-d532-4285-be94-b07a3e11a098;18;;
663416;1787410920646;1506;Trip / Kilometer & Betriebszähler;16;226;7;00-00-1C-47-00-02-34-9D-00-00-02-D3-00-00-00-00;NOTIFICATION;0;da1a1500-d532-4285-be94-b07a3e11a098;da1a1506-d532-4285-be94-b07a3e11a098;18;;
663826;1787410921056;1508;Settings / Licht & Fahrstufe;17;226;–;00-00-00-02-FF-FF-FF-FF-FF-FF-FF-00-00-00-00-00-00;NOTIFICATION;0;da1a1500-d532-4285-be94-b07a3e11a098;da1a1508-d532-4285-be94-b07a3e11a098;18;;
664035;1787410921265;1509;BatteryChange / Akku-Livestand;11;226;6;00-00-FF-FF-1B-B2-E8-00-00-00-00;NOTIFICATION;0;da1a1500-d532-4285-be94-b07a3e11a098;da1a1509-d532-4285-be94-b07a3e11a098;18;;
664246;1787410921476;150A;MotorUpdate / Motor-Livestand;10;226;–;00-00-FF-FF-FF-FF-FF-FF-FF-FF;NOTIFICATION;0;da1a1500-d532-4285-be94-b07a3e11a098;da1a150a-d532-4285-be94-b07a3e11a098;18;;
664455;1787410921685;150B;Motor-/Controllerblock;20;226;–;FF-FF-FF-FF-FF-FF-FF-FF-FF-FF-FF-FF-FF-FF-FF-FF-FF-FF-FF-FF;NOTIFICATION;0;da1a1500-d532-4285-be94-b07a3e11a098;da1a150b-d532-4285-be94-b07a3e11a098;18;;
664665;1787410921895;150D;Fahrstatistik Max/Ø;20;226;–;01-1B-00-C7-FF-FF-FF-FF-47-18-FF-FF-FF-FF-FF-FF-FF-FF-00-00;NOTIFICATION;0;da1a1500-d532-4285-be94-b07a3e11a098;da1a150d-d532-4285-be94-b07a3e11a098;18;;
665706;1787410922936;1502;Akkuinformationen;16;227;–;47-18-FF-FF-FF-FF-47-18-FF-FF-FF-FF-FF-FF-00-00;NOTIFICATION;0;da1a1500-d532-4285-be94-b07a3e11a098;da1a1502-d532-4285-be94-b07a3e11a098;18;;
666127;1787410923357;1505;BikePerformance / Fahrleistung;18;218;7;00-00-00-00-FF-FF-00-18-FF-FF-FF-FF-FF-00-00-00-00-00;NOTIFICATION;0;da1a1500-d532-4285-be94-b07a3e11a098;da1a1505-d532-4285-be94-b07a3e11a098;18;;
666335;1787410923565;1506;Trip / Kilometer & Betriebszähler;16;227;7;00-00-1C-47-00-02-34-A0-00-00-02-D3-00-00-00-00;NOTIFICATION;0;da1a1500-d532-4285-be94-b07a3e11a098;da1a1506-d532-4285-be94-b07a3e11a098;18;;
666756;1787410923986;1508;Settings / Licht & Fahrstufe;17;227;–;00-00-00-02-FF-FF-FF-FF-FF-FF-FF-00-00-00-00-00-00;NOTIFICATION;0;da1a1500-d532-4285-be94-b07a3e11a098;da1a1508-d532-4285-be94-b07a3e11a098;18;;
666955;1787410924185;1509;BatteryChange / Akku-Livestand;11;227;–;00-00-FF-FF-1B-B2-E8-00-00-00-00;NOTIFICATION;0;da1a1500-d532-4285-be94-b07a3e11a098;da1a1509-d532-4285-be94-b07a3e11a098;18;;
667165;1787410924395;150A;MotorUpdate / Motor-Livestand;10;227;–;00-00-FF-FF-FF-FF-FF-FF-FF-FF;NOTIFICATION;0;da1a1500-d532-4285-be94-b07a3e11a098;da1a150a-d532-4285-be94-b07a3e11a098;18;;
667374;1787410924604;150B;Motor-/Controllerblock;20;227;–;FF-FF-FF-FF-FF-FF-FF-FF-FF-FF-FF-FF-FF-FF-FF-FF-FF-FF-FF-FF;NOTIFICATION;0;da1a1500-d532-4285-be94-b07a3e11a098;da1a150b-d532-4285-be94-b07a3e11a098;18;;
667585;1787410924815;150D;Fahrstatistik Max/Ø;20;227;–;01-1B-00-C7-FF-FF-FF-FF-47-18-FF-FF-FF-FF-FF-FF-FF-FF-00-00;NOTIFICATION;0;da1a1500-d532-4285-be94-b07a3e11a098;da1a150d-d532-4285-be94-b07a3e11a098;18;;
668626;1787410925856;1502;Akkuinformationen;16;228;–;47-18-FF-FF-FF-FF-47-18-FF-FF-FF-FF-FF-FF-00-00;NOTIFICATION;0;da1a1500-d532-4285-be94-b07a3e11a098;da1a1502-d532-4285-be94-b07a3e11a098;18;;
669045;1787410926275;1505;BikePerformance / Fahrleistung;18;219;7;00-00-00-00-FF-FF-00-00-FF-FF-FF-FF-FF-00-00-00-00-00;NOTIFICATION;0;da1a1500-d532-4285-be94-b07a3e11a098;da1a1505-d532-4285-be94-b07a3e11a098;18;;
669256;1787410926486;1506;Trip / Kilometer & Betriebszähler;16;228;7;00-00-1C-47-00-02-34-A1-00-00-02-D3-00-00-00-00;NOTIFICATION;0;da1a1500-d532-4285-be94-b07a3e11a098;da1a1506-d532-4285-be94-b07a3e11a098;18;;
669673;1787410926903;1508;Settings / Licht & Fahrstufe;17;228;–;00-00-00-02-FF-FF-FF-FF-FF-FF-FF-00-00-00-00-00-00;NOTIFICATION;0;da1a1500-d532-4285-be94-b07a3e11a098;da1a1508-d532-4285-be94-b07a3e11a098;18;;
669875;1787410927105;1509;BatteryChange / Akku-Livestand;11;228;–;00-00-FF-FF-1B-B2-E8-00-00-00-00;NOTIFICATION;0;da1a1500-d532-4285-be94-b07a3e11a098;da1a1509-d532-4285-be94-b07a3e11a098;18;;
670082;1787410927312;150A;MotorUpdate / Motor-Livestand;10;228;–;00-00-FF-FF-FF-FF-FF-FF-FF-FF;NOTIFICATION;0;da1a1500-d532-4285-be94-b07a3e11a098;da1a150a-d532-4285-be94-b07a3e11a098;18;;
670295;1787410927525;150B;Motor-/Controllerblock;20;228;–;FF-FF-FF-FF-FF-FF-FF-FF-FF-FF-FF-FF-FF-FF-FF-FF-FF-FF-FF-FF;NOTIFICATION;0;da1a1500-d532-4285-be94-b07a3e11a098;da1a150b-d532-4285-be94-b07a3e11a098;18;;
670505;1787410927735;150D;Fahrstatistik Max/Ø;20;228;–;01-1B-00-C7-FF-FF-FF-FF-47-18-FF-FF-FF-FF-FF-FF-FF-FF-00-00;NOTIFICATION;0;da1a1500-d532-4285-be94-b07a3e11a098;da1a150d-d532-4285-be94-b07a3e11a098;18;;
671545;1787410928775;1502;Akkuinformationen;16;229;–;47-18-FF-FF-FF-FF-47-18-FF-FF-FF-FF-FF-FF-00-00;NOTIFICATION;0;da1a1500-d532-4285-be94-b07a3e11a098;da1a1502-d532-4285-be94-b07a3e11a098;18;;
671965;1787410929195;1505;BikePerformance / Fahrleistung;18;220;–;00-00-00-00-FF-FF-00-00-FF-FF-FF-FF-FF-00-00-00-00-00;NOTIFICATION;0;da1a1500-d532-4285-be94-b07a3e11a098;da1a1505-d532-4285-be94-b07a3e11a098;18;;
672181;1787410929411;1506;Trip / Kilometer & Betriebszähler;16;229;–;00-00-1C-47-00-02-34-A1-00-00-02-D3-00-00-00-00;NOTIFICATION;0;da1a1500-d532-4285-be94-b07a3e11a098;da1a1506-d532-4285-be94-b07a3e11a098;18;;
672595;1787410929825;1508;Settings / Licht & Fahrstufe;17;229;–;00-00-00-02-FF-FF-FF-FF-FF-FF-FF-00-00-00-00-00-00;NOTIFICATION;0;da1a1500-d532-4285-be94-b07a3e11a098;da1a1508-d532-4285-be94-b07a3e11a098;18;;
672807;1787410930037;1509;BatteryChange / Akku-Livestand;11;229;–;00-00-FF-FF-1B-B2-E8-00-00-00-00;NOTIFICATION;0;da1a1500-d532-4285-be94-b07a3e11a098;da1a1509-d532-4285-be94-b07a3e11a098;18;;
673005;1787410930235;150A;MotorUpdate / Motor-Livestand;10;229;–;00-00-FF-FF-FF-FF-FF-FF-FF-FF;NOTIFICATION;0;da1a1500-d532-4285-be94-b07a3e11a098;da1a150a-d532-4285-be94-b07a3e11a098;18;;
673213;1787410930443;150B;Motor-/Controllerblock;20;229;–;FF-FF-FF-FF-FF-FF-FF-FF-FF-FF-FF-FF-FF-FF-FF-FF-FF-FF-FF-FF;NOTIFICATION;0;da1a1500-d532-4285-be94-b07a3e11a098;da1a150b-d532-4285-be94-b07a3e11a098;18;;
673426;1787410930656;150D;Fahrstatistik Max/Ø;20;229;–;01-1B-00-C7-FF-FF-FF-FF-47-18-FF-FF-FF-FF-FF-FF-FF-FF-00-00;NOTIFICATION;0;da1a1500-d532-4285-be94-b07a3e11a098;da1a150d-d532-4285-be94-b07a3e11a098;18;;
674467;1787410931697;1502;Akkuinformationen;16;230;–;47-18-FF-FF-FF-FF-47-18-FF-FF-FF-FF-FF-FF-00-00;NOTIFICATION;0;da1a1500-d532-4285-be94-b07a3e11a098;da1a1502-d532-4285-be94-b07a3e11a098;18;;
674888;1787410932118;1505;BikePerformance / Fahrleistung;18;221;–;00-00-00-00-FF-FF-00-00-FF-FF-FF-FF-FF-00-00-00-00-00;NOTIFICATION;0;da1a1500-d532-4285-be94-b07a3e11a098;da1a1505-d532-4285-be94-b07a3e11a098;18;;
675095;1787410932325;1506;Trip / Kilometer & Betriebszähler;16;230;–;00-00-1C-47-00-02-34-A1-00-00-02-D3-00-00-00-00;NOTIFICATION;0;da1a1500-d532-4285-be94-b07a3e11a098;da1a1506-d532-4285-be94-b07a3e11a098;18;;
675517;1787410932747;1508;Settings / Licht & Fahrstufe;17;230;–;00-00-00-02-FF-FF-FF-FF-FF-FF-FF-00-00-00-00-00-00;NOTIFICATION;0;da1a1500-d532-4285-be94-b07a3e11a098;da1a1508-d532-4285-be94-b07a3e11a098;18;;
675724;1787410932954;1509;BatteryChange / Akku-Livestand;11;230;4;00-00-FF-FF-1F-B2-E8-00-00-00-00;NOTIFICATION;0;da1a1500-d532-4285-be94-b07a3e11a098;da1a1509-d532-4285-be94-b07a3e11a098;18;;
675937;1787410933167;150A;MotorUpdate / Motor-Livestand;10;230;–;00-00-FF-FF-FF-FF-FF-FF-FF-FF;NOTIFICATION;0;da1a1500-d532-4285-be94-b07a3e11a098;da1a150a-d532-4285-be94-b07a3e11a098;18;;
676135;1787410933365;150B;Motor-/Controllerblock;20;230;–;FF-FF-FF-FF-FF-FF-FF-FF-FF-FF-FF-FF-FF-FF-FF-FF-FF-FF-FF-FF;NOTIFICATION;0;da1a1500-d532-4285-be94-b07a3e11a098;da1a150b-d532-4285-be94-b07a3e11a098;18;;
676346;1787410933576;150D;Fahrstatistik Max/Ø;20;230;–;01-1B-00-C7-FF-FF-FF-FF-47-18-FF-FF-FF-FF-FF-FF-FF-FF-00-00;NOTIFICATION;0;da1a1500-d532-4285-be94-b07a3e11a098;da1a150d-d532-4285-be94-b07a3e11a098;18;;
677397;1787410934627;1502;Akkuinformationen;16;231;–;47-18-FF-FF-FF-FF-47-18-FF-FF-FF-FF-FF-FF-00-00;NOTIFICATION;0;da1a1500-d532-4285-be94-b07a3e11a098;da1a1502-d532-4285-be94-b07a3e11a098;18;;
677805;1787410935035;1505;BikePerformance / Fahrleistung;18;222;–;00-00-00-00-FF-FF-00-00-FF-FF-FF-FF-FF-00-00-00-00-00;NOTIFICATION;0;da1a1500-d532-4285-be94-b07a3e11a098;da1a1505-d532-4285-be94-b07a3e11a098;18;;
678015;1787410935245;1506;Trip / Kilometer & Betriebszähler;16;231;–;00-00-1C-47-00-02-34-A1-00-00-02-D3-00-00-00-00;NOTIFICATION;0;da1a1500-d532-4285-be94-b07a3e11a098;da1a1506-d532-4285-be94-b07a3e11a098;18;;
678436;1787410935666;1508;Settings / Licht & Fahrstufe;17;231;–;00-00-00-02-FF-FF-FF-FF-FF-FF-FF-00-00-00-00-00-00;NOTIFICATION;0;da1a1500-d532-4285-be94-b07a3e11a098;da1a1508-d532-4285-be94-b07a3e11a098;18;;
678646;1787410935876;1509;BatteryChange / Akku-Livestand;11;231;–;00-00-FF-FF-1F-B2-E8-00-00-00-00;NOTIFICATION;0;da1a1500-d532-4285-be94-b07a3e11a098;da1a1509-d532-4285-be94-b07a3e11a098;18;;
678856;1787410936086;150A;MotorUpdate / Motor-Livestand;10;231;–;00-00-FF-FF-FF-FF-FF-FF-FF-FF;NOTIFICATION;0;da1a1500-d532-4285-be94-b07a3e11a098;da1a150a-d532-4285-be94-b07a3e11a098;18;;
679066;1787410936296;150B;Motor-/Controllerblock;20;231;–;FF-FF-FF-FF-FF-FF-FF-FF-FF-FF-FF-FF-FF-FF-FF-FF-FF-FF-FF-FF;NOTIFICATION;0;da1a1500-d532-4285-be94-b07a3e11a098;da1a150b-d532-4285-be94-b07a3e11a098;18;;
679263;1787410936493;150D;Fahrstatistik Max/Ø;20;231;–;01-1B-00-C7-FF-FF-FF-FF-47-18-FF-FF-FF-FF-FF-FF-FF-FF-00-00;NOTIFICATION;0;da1a1500-d532-4285-be94-b07a3e11a098;da1a150d-d532-4285-be94-b07a3e11a098;18;;
680317;1787410937547;1502;Akkuinformationen;16;232;–;47-18-FF-FF-FF-FF-47-18-FF-FF-FF-FF-FF-FF-00-00;NOTIFICATION;0;da1a1500-d532-4285-be94-b07a3e11a098;da1a1502-d532-4285-be94-b07a3e11a098;18;;
680728;1787410937958;1505;BikePerformance / Fahrleistung;18;223;–;00-00-00-00-FF-FF-00-00-FF-FF-FF-FF-FF-00-00-00-00-00;NOTIFICATION;0;da1a1500-d532-4285-be94-b07a3e11a098;da1a1505-d532-4285-be94-b07a3e11a098;18;;
680939;1787410938169;1506;Trip / Kilometer & Betriebszähler;16;232;–;00-00-1C-47-00-02-34-A1-00-00-02-D3-00-00-00-00;NOTIFICATION;0;da1a1500-d532-4285-be94-b07a3e11a098;da1a1506-d532-4285-be94-b07a3e11a098;18;;
681355;1787410938585;1508;Settings / Licht & Fahrstufe;17;232;–;00-00-00-02-FF-FF-FF-FF-FF-FF-FF-00-00-00-00-00-00;NOTIFICATION;0;da1a1500-d532-4285-be94-b07a3e11a098;da1a1508-d532-4285-be94-b07a3e11a098;18;;
681565;1787410938795;1509;BatteryChange / Akku-Livestand;11;232;4;00-00-FF-FF-20-B2-E8-00-00-00-00;NOTIFICATION;0;da1a1500-d532-4285-be94-b07a3e11a098;da1a1509-d532-4285-be94-b07a3e11a098;18;;
681785;1787410939015;150A;MotorUpdate / Motor-Livestand;10;232;–;00-00-FF-FF-FF-FF-FF-FF-FF-FF;NOTIFICATION;0;da1a1500-d532-4285-be94-b07a3e11a098;da1a150a-d532-4285-be94-b07a3e11a098;18;;
681986;1787410939216;150B;Motor-/Controllerblock;20;232;–;FF-FF-FF-FF-FF-FF-FF-FF-FF-FF-FF-FF-FF-FF-FF-FF-FF-FF-FF-FF;NOTIFICATION;0;da1a1500-d532-4285-be94-b07a3e11a098;da1a150b-d532-4285-be94-b07a3e11a098;18;;
682195;1787410939425;150D;Fahrstatistik Max/Ø;20;232;–;01-1B-00-C7-FF-FF-FF-FF-47-18-FF-FF-FF-FF-FF-FF-FF-FF-00-00;NOTIFICATION;0;da1a1500-d532-4285-be94-b07a3e11a098;da1a150d-d532-4285-be94-b07a3e11a098;18;;
683235;1787410940465;1502;Akkuinformationen;16;233;–;47-18-FF-FF-FF-FF-47-18-FF-FF-FF-FF-FF-FF-00-00;NOTIFICATION;0;da1a1500-d532-4285-be94-b07a3e11a098;da1a1502-d532-4285-be94-b07a3e11a098;18;;
683666;1787410940896;1505;BikePerformance / Fahrleistung;18;224;–;00-00-00-00-FF-FF-00-00-FF-FF-FF-FF-FF-00-00-00-00-00;NOTIFICATION;0;da1a1500-d532-4285-be94-b07a3e11a098;da1a1505-d532-4285-be94-b07a3e11a098;18;;
683855;1787410941085;1506;Trip / Kilometer & Betriebszähler;16;233;–;00-00-1C-47-00-02-34-A1-00-00-02-D3-00-00-00-00;NOTIFICATION;0;da1a1500-d532-4285-be94-b07a3e11a098;da1a1506-d532-4285-be94-b07a3e11a098;18;;
684275;1787410941505;1508;Settings / Licht & Fahrstufe;17;233;–;00-00-00-02-FF-FF-FF-FF-FF-FF-FF-00-00-00-00-00-00;NOTIFICATION;0;da1a1500-d532-4285-be94-b07a3e11a098;da1a1508-d532-4285-be94-b07a3e11a098;18;;
684487;1787410941717;1509;BatteryChange / Akku-Livestand;11;233;–;00-00-FF-FF-20-B2-E8-00-00-00-00;NOTIFICATION;0;da1a1500-d532-4285-be94-b07a3e11a098;da1a1509-d532-4285-be94-b07a3e11a098;18;;
684695;1787410941925;150A;MotorUpdate / Motor-Livestand;10;233;–;00-00-FF-FF-FF-FF-FF-FF-FF-FF;NOTIFICATION;0;da1a1500-d532-4285-be94-b07a3e11a098;da1a150a-d532-4285-be94-b07a3e11a098;18;;
684906;1787410942136;150B;Motor-/Controllerblock;20;233;–;FF-FF-FF-FF-FF-FF-FF-FF-FF-FF-FF-FF-FF-FF-FF-FF-FF-FF-FF-FF;NOTIFICATION;0;da1a1500-d532-4285-be94-b07a3e11a098;da1a150b-d532-4285-be94-b07a3e11a098;18;;
685117;1787410942347;150D;Fahrstatistik Max/Ø;20;233;–;01-1B-00-C7-FF-FF-FF-FF-47-18-FF-FF-FF-FF-FF-FF-FF-FF-00-00;NOTIFICATION;0;da1a1500-d532-4285-be94-b07a3e11a098;da1a150d-d532-4285-be94-b07a3e11a098;18;;
686155;1787410943385;1502;Akkuinformationen;16;234;–;47-18-FF-FF-FF-FF-47-18-FF-FF-FF-FF-FF-FF-00-00;NOTIFICATION;0;da1a1500-d532-4285-be94-b07a3e11a098;da1a1502-d532-4285-be94-b07a3e11a098;18;;
686577;1787410943807;1505;BikePerformance / Fahrleistung;18;225;–;00-00-00-00-FF-FF-00-00-FF-FF-FF-FF-FF-00-00-00-00-00;NOTIFICATION;0;da1a1500-d532-4285-be94-b07a3e11a098;da1a1505-d532-4285-be94-b07a3e11a098;18;;
686786;1787410944016;1506;Trip / Kilometer & Betriebszähler;16;234;–;00-00-1C-47-00-02-34-A1-00-00-02-D3-00-00-00-00;NOTIFICATION;0;da1a1500-d532-4285-be94-b07a3e11a098;da1a1506-d532-4285-be94-b07a3e11a098;18;;
687195;1787410944425;1508;Settings / Licht & Fahrstufe;17;234;–;00-00-00-02-FF-FF-FF-FF-FF-FF-FF-00-00-00-00-00-00;NOTIFICATION;0;da1a1500-d532-4285-be94-b07a3e11a098;da1a1508-d532-4285-be94-b07a3e11a098;18;;
687406;1787410944636;1509;BatteryChange / Akku-Livestand;11;234;–;00-00-FF-FF-20-B2-E8-00-00-00-00;NOTIFICATION;0;da1a1500-d532-4285-be94-b07a3e11a098;da1a1509-d532-4285-be94-b07a3e11a098;18;;
687616;1787410944846;150A;MotorUpdate / Motor-Livestand;10;234;–;00-00-FF-FF-FF-FF-FF-FF-FF-FF;NOTIFICATION;0;da1a1500-d532-4285-be94-b07a3e11a098;da1a150a-d532-4285-be94-b07a3e11a098;18;;
687826;1787410945056;150B;Motor-/Controllerblock;20;234;–;FF-FF-FF-FF-FF-FF-FF-FF-FF-FF-FF-FF-FF-FF-FF-FF-FF-FF-FF-FF;NOTIFICATION;0;da1a1500-d532-4285-be94-b07a3e11a098;da1a150b-d532-4285-be94-b07a3e11a098;18;;
688036;1787410945266;150D;Fahrstatistik Max/Ø;20;234;–;01-1B-00-C7-FF-FF-FF-FF-47-18-FF-FF-FF-FF-FF-FF-FF-FF-00-00;NOTIFICATION;0;da1a1500-d532-4285-be94-b07a3e11a098;da1a150d-d532-4285-be94-b07a3e11a098;18;;
689076;1787410946306;1502;Akkuinformationen;16;235;–;47-18-FF-FF-FF-FF-47-18-FF-FF-FF-FF-FF-FF-00-00;NOTIFICATION;0;da1a1500-d532-4285-be94-b07a3e11a098;da1a1502-d532-4285-be94-b07a3e11a098;18;;
689498;1787410946728;1505;BikePerformance / Fahrleistung;18;226;–;00-00-00-00-FF-FF-00-00-FF-FF-FF-FF-FF-00-00-00-00-00;NOTIFICATION;0;da1a1500-d532-4285-be94-b07a3e11a098;da1a1505-d532-4285-be94-b07a3e11a098;18;;
689705;1787410946935;1506;Trip / Kilometer & Betriebszähler;16;235;–;00-00-1C-47-00-02-34-A1-00-00-02-D3-00-00-00-00;NOTIFICATION;0;da1a1500-d532-4285-be94-b07a3e11a098;da1a1506-d532-4285-be94-b07a3e11a098;18;;
690116;1787410947346;1508;Settings / Licht & Fahrstufe;17;235;–;00-00-00-02-FF-FF-FF-FF-FF-FF-FF-00-00-00-00-00-00;NOTIFICATION;0;da1a1500-d532-4285-be94-b07a3e11a098;da1a1508-d532-4285-be94-b07a3e11a098;18;;
690325;1787410947555;1509;BatteryChange / Akku-Livestand;11;235;–;00-00-FF-FF-20-B2-E8-00-00-00-00;NOTIFICATION;0;da1a1500-d532-4285-be94-b07a3e11a098;da1a1509-d532-4285-be94-b07a3e11a098;18;;
690537;1787410947767;150A;MotorUpdate / Motor-Livestand;10;235;–;00-00-FF-FF-FF-FF-FF-FF-FF-FF;NOTIFICATION;0;da1a1500-d532-4285-be94-b07a3e11a098;da1a150a-d532-4285-be94-b07a3e11a098;18;;
690746;1787410947976;150B;Motor-/Controllerblock;20;235;–;FF-FF-FF-FF-FF-FF-FF-FF-FF-FF-FF-FF-FF-FF-FF-FF-FF-FF-FF-FF;NOTIFICATION;0;da1a1500-d532-4285-be94-b07a3e11a098;da1a150b-d532-4285-be94-b07a3e11a098;18;;
690955;1787410948185;150D;Fahrstatistik Max/Ø;20;235;–;01-1B-00-C7-FF-FF-FF-FF-47-18-FF-FF-FF-FF-FF-FF-FF-FF-00-00;NOTIFICATION;0;da1a1500-d532-4285-be94-b07a3e11a098;da1a150d-d532-4285-be94-b07a3e11a098;18;;
691995;1787410949225;1502;Akkuinformationen;16;236;–;47-18-FF-FF-FF-FF-47-18-FF-FF-FF-FF-FF-FF-00-00;NOTIFICATION;0;da1a1500-d532-4285-be94-b07a3e11a098;da1a1502-d532-4285-be94-b07a3e11a098;18;;
692415;1787410949645;1505;BikePerformance / Fahrleistung;18;227;–;00-00-00-00-FF-FF-00-00-FF-FF-FF-FF-FF-00-00-00-00-00;NOTIFICATION;0;da1a1500-d532-4285-be94-b07a3e11a098;da1a1505-d532-4285-be94-b07a3e11a098;18;;
692626;1787410949856;1506;Trip / Kilometer & Betriebszähler;16;236;–;00-00-1C-47-00-02-34-A1-00-00-02-D3-00-00-00-00;NOTIFICATION;0;da1a1500-d532-4285-be94-b07a3e11a098;da1a1506-d532-4285-be94-b07a3e11a098;18;;
693036;1787410950266;1508;Settings / Licht & Fahrstufe;17;236;–;00-00-00-02-FF-FF-FF-FF-FF-FF-FF-00-00-00-00-00-00;NOTIFICATION;0;da1a1500-d532-4285-be94-b07a3e11a098;da1a1508-d532-4285-be94-b07a3e11a098;18;;
693246;1787410950476;1509;BatteryChange / Akku-Livestand;11;236;5,6;00-00-FF-FF-20-B3-4C-00-00-00-00;NOTIFICATION;0;da1a1500-d532-4285-be94-b07a3e11a098;da1a1509-d532-4285-be94-b07a3e11a098;18;;
693457;1787410950687;150A;MotorUpdate / Motor-Livestand;10;236;–;00-00-FF-FF-FF-FF-FF-FF-FF-FF;NOTIFICATION;0;da1a1500-d532-4285-be94-b07a3e11a098;da1a150a-d532-4285-be94-b07a3e11a098;18;;
693667;1787410950897;150B;Motor-/Controllerblock;20;236;–;FF-FF-FF-FF-FF-FF-FF-FF-FF-FF-FF-FF-FF-FF-FF-FF-FF-FF-FF-FF;NOTIFICATION;0;da1a1500-d532-4285-be94-b07a3e11a098;da1a150b-d532-4285-be94-b07a3e11a098;18;;
693875;1787410951105;150D;Fahrstatistik Max/Ø;20;236;–;01-1B-00-C7-FF-FF-FF-FF-47-18-FF-FF-FF-FF-FF-FF-FF-FF-00-00;NOTIFICATION;0;da1a1500-d532-4285-be94-b07a3e11a098;da1a150d-d532-4285-be94-b07a3e11a098;18;;
694914;1787410952144;1502;Akkuinformationen;16;237;–;47-18-FF-FF-FF-FF-47-18-FF-FF-FF-FF-FF-FF-00-00;NOTIFICATION;0;da1a1500-d532-4285-be94-b07a3e11a098;da1a1502-d532-4285-be94-b07a3e11a098;18;;
695336;1787410952566;1505;BikePerformance / Fahrleistung;18;228;–;00-00-00-00-FF-FF-00-00-FF-FF-FF-FF-FF-00-00-00-00-00;NOTIFICATION;0;da1a1500-d532-4285-be94-b07a3e11a098;da1a1505-d532-4285-be94-b07a3e11a098;18;;
695547;1787410952777;1506;Trip / Kilometer & Betriebszähler;16;237;–;00-00-1C-47-00-02-34-A1-00-00-02-D3-00-00-00-00;NOTIFICATION;0;da1a1500-d532-4285-be94-b07a3e11a098;da1a1506-d532-4285-be94-b07a3e11a098;18;;
695966;1787410953196;1508;Settings / Licht & Fahrstufe;17;237;–;00-00-00-02-FF-FF-FF-FF-FF-FF-FF-00-00-00-00-00-00;NOTIFICATION;0;da1a1500-d532-4285-be94-b07a3e11a098;da1a1508-d532-4285-be94-b07a3e11a098;18;;
696166;1787410953396;1509;BatteryChange / Akku-Livestand;11;237;–;00-00-FF-FF-20-B3-4C-00-00-00-00;NOTIFICATION;0;da1a1500-d532-4285-be94-b07a3e11a098;da1a1509-d532-4285-be94-b07a3e11a098;18;;
696375;1787410953605;150A;MotorUpdate / Motor-Livestand;10;237;–;00-00-FF-FF-FF-FF-FF-FF-FF-FF;NOTIFICATION;0;da1a1500-d532-4285-be94-b07a3e11a098;da1a150a-d532-4285-be94-b07a3e11a098;18;;
696586;1787410953816;150B;Motor-/Controllerblock;20;237;–;FF-FF-FF-FF-FF-FF-FF-FF-FF-FF-FF-FF-FF-FF-FF-FF-FF-FF-FF-FF;NOTIFICATION;0;da1a1500-d532-4285-be94-b07a3e11a098;da1a150b-d532-4285-be94-b07a3e11a098;18;;
696795;1787410954025;150D;Fahrstatistik Max/Ø;20;237;–;01-1B-00-C7-FF-FF-FF-FF-47-18-FF-FF-FF-FF-FF-FF-FF-FF-00-00;NOTIFICATION;0;da1a1500-d532-4285-be94-b07a3e11a098;da1a150d-d532-4285-be94-b07a3e11a098;18;;
697838;1787410955068;1502;Akkuinformationen;16;238;–;47-18-FF-FF-FF-FF-47-18-FF-FF-FF-FF-FF-FF-00-00;NOTIFICATION;0;da1a1500-d532-4285-be94-b07a3e11a098;da1a1502-d532-4285-be94-b07a3e11a098;18;;
698256;1787410955486;1505;BikePerformance / Fahrleistung;18;229;0,1,2,3,7;21-AC-21-AC-FF-FF-00-2E-FF-FF-FF-FF-FF-00-00-00-00-00;NOTIFICATION;0;da1a1500-d532-4285-be94-b07a3e11a098;da1a1505-d532-4285-be94-b07a3e11a098;18;;
698466;1787410955696;1506;Trip / Kilometer & Betriebszähler;16;238;7;00-00-1C-47-00-02-34-A4-00-00-02-D3-00-00-00-00;NOTIFICATION;0;da1a1500-d532-4285-be94-b07a3e11a098;da1a1506-d532-4285-be94-b07a3e11a098;18;;
698886;1787410956116;1508;Settings / Licht & Fahrstufe;17;238;–;00-00-00-02-FF-FF-FF-FF-FF-FF-FF-00-00-00-00-00-00;NOTIFICATION;0;da1a1500-d532-4285-be94-b07a3e11a098;da1a1508-d532-4285-be94-b07a3e11a098;18;;
699087;1787410956317;1509;BatteryChange / Akku-Livestand;11;238;0,1,5,6,10;03-E8-FF-FF-20-B2-E8-00-00-00-2D;NOTIFICATION;0;da1a1500-d532-4285-be94-b07a3e11a098;da1a1509-d532-4285-be94-b07a3e11a098;18;;
699296;1787410956526;150A;MotorUpdate / Motor-Livestand;10;238;0,1;07-D0-FF-FF-FF-FF-FF-FF-FF-FF;NOTIFICATION;0;da1a1500-d532-4285-be94-b07a3e11a098;da1a150a-d532-4285-be94-b07a3e11a098;18;;
699506;1787410956736;150B;Motor-/Controllerblock;20;238;–;FF-FF-FF-FF-FF-FF-FF-FF-FF-FF-FF-FF-FF-FF-FF-FF-FF-FF-FF-FF;NOTIFICATION;0;da1a1500-d532-4285-be94-b07a3e11a098;da1a150b-d532-4285-be94-b07a3e11a098;18;;
699717;1787410956947;150D;Fahrstatistik Max/Ø;20;238;–;01-1B-00-C7-FF-FF-FF-FF-47-18-FF-FF-FF-FF-FF-FF-FF-FF-00-00;NOTIFICATION;0;da1a1500-d532-4285-be94-b07a3e11a098;da1a150d-d532-4285-be94-b07a3e11a098;18;;
700756;1787410957986;1502;Akkuinformationen;16;239;–;47-18-FF-FF-FF-FF-47-18-FF-FF-FF-FF-FF-FF-00-00;NOTIFICATION;0;da1a1500-d532-4285-be94-b07a3e11a098;da1a1502-d532-4285-be94-b07a3e11a098;18;;
701176;1787410958406;1505;BikePerformance / Fahrleistung;18;230;0,1,2,3,7;14-82-14-82-FF-FF-00-93-FF-FF-FF-FF-FF-00-00-00-00-00;NOTIFICATION;0;da1a1500-d532-4285-be94-b07a3e11a098;da1a1505-d532-4285-be94-b07a3e11a098;18;;
701386;1787410958616;1506;Trip / Kilometer & Betriebszähler;16;239;7;00-00-1C-47-00-02-34-A7-00-00-02-D3-00-00-00-00;NOTIFICATION;0;da1a1500-d532-4285-be94-b07a3e11a098;da1a1506-d532-4285-be94-b07a3e11a098;18;;
701806;1787410959036;1508;Settings / Licht & Fahrstufe;17;239;–;00-00-00-02-FF-FF-FF-FF-FF-FF-FF-00-00-00-00-00-00;NOTIFICATION;0;da1a1500-d532-4285-be94-b07a3e11a098;da1a1508-d532-4285-be94-b07a3e11a098;18;;
702016;1787410959246;1509;BatteryChange / Akku-Livestand;11;239;0,1,5,6,9,10;2A-F8-FF-FF-20-AF-64-00-00-02-66;NOTIFICATION;0;da1a1500-d532-4285-be94-b07a3e11a098;da1a1509-d532-4285-be94-b07a3e11a098;18;;
702215;1787410959445;150A;MotorUpdate / Motor-Livestand;10;239;0,1;13-88-FF-FF-FF-FF-FF-FF-FF-FF;NOTIFICATION;0;da1a1500-d532-4285-be94-b07a3e11a098;da1a150a-d532-4285-be94-b07a3e11a098;18;;
702426;1787410959656;150B;Motor-/Controllerblock;20;239;–;FF-FF-FF-FF-FF-FF-FF-FF-FF-FF-FF-FF-FF-FF-FF-FF-FF-FF-FF-FF;NOTIFICATION;0;da1a1500-d532-4285-be94-b07a3e11a098;da1a150b-d532-4285-be94-b07a3e11a098;18;;
702636;1787410959866;150D;Fahrstatistik Max/Ø;20;239;–;01-1B-00-C7-FF-FF-FF-FF-47-18-FF-FF-FF-FF-FF-FF-FF-FF-00-00;NOTIFICATION;0;da1a1500-d532-4285-be94-b07a3e11a098;da1a150d-d532-4285-be94-b07a3e11a098;18;;
703686;1787410960916;1502;Akkuinformationen;16;240;–;47-18-FF-FF-FF-FF-47-18-FF-FF-FF-FF-FF-FF-00-00;NOTIFICATION;0;da1a1500-d532-4285-be94-b07a3e11a098;da1a1502-d532-4285-be94-b07a3e11a098;18;;
704096;1787410961326;1505;BikePerformance / Fahrleistung;18;231;0,1,2,3,7;0A-8C-0A-8C-FF-FF-00-AC-FF-FF-FF-FF-FF-00-00-00-00-00;NOTIFICATION;0;da1a1500-d532-4285-be94-b07a3e11a098;da1a1505-d532-4285-be94-b07a3e11a098;18;;
704306;1787410961536;1506;Trip / Kilometer & Betriebszähler;16;240;7;00-00-1C-47-00-02-34-A9-00-00-02-D3-00-00-00-00;NOTIFICATION;0;da1a1500-d532-4285-be94-b07a3e11a098;da1a1506-d532-4285-be94-b07a3e11a098;18;;
704727;1787410961957;1508;Settings / Licht & Fahrstufe;17;240;–;00-00-00-02-FF-FF-FF-FF-FF-FF-FF-00-00-00-00-00-00;NOTIFICATION;0;da1a1500-d532-4285-be94-b07a3e11a098;da1a1508-d532-4285-be94-b07a3e11a098;18;;
704936;1787410962166;1509;BatteryChange / Akku-Livestand;11;240;0,1,5,6,9,10;03-E8-FF-FF-20-B2-84-00-00-00-2D;NOTIFICATION;0;da1a1500-d532-4285-be94-b07a3e11a098;da1a1509-d532-4285-be94-b07a3e11a098;18;;
705145;1787410962375;150A;MotorUpdate / Motor-Livestand;10;240;0,1;00-00-FF-FF-FF-FF-FF-FF-FF-FF;NOTIFICATION;0;da1a1500-d532-4285-be94-b07a3e11a098;da1a150a-d532-4285-be94-b07a3e11a098;18;;
705356;1787410962586;150B;Motor-/Controllerblock;20;240;–;FF-FF-FF-FF-FF-FF-FF-FF-FF-FF-FF-FF-FF-FF-FF-FF-FF-FF-FF-FF;NOTIFICATION;0;da1a1500-d532-4285-be94-b07a3e11a098;da1a150b-d532-4285-be94-b07a3e11a098;18;;
705557;1787410962787;150D;Fahrstatistik Max/Ø;20;240;–;01-1B-00-C7-FF-FF-FF-FF-47-18-FF-FF-FF-FF-FF-FF-FF-FF-00-00;NOTIFICATION;0;da1a1500-d532-4285-be94-b07a3e11a098;da1a150d-d532-4285-be94-b07a3e11a098;18;;
706607;1787410963837;1502;Akkuinformationen;16;241;–;47-18-FF-FF-FF-FF-47-18-FF-FF-FF-FF-FF-FF-00-00;NOTIFICATION;0;da1a1500-d532-4285-be94-b07a3e11a098;da1a1502-d532-4285-be94-b07a3e11a098;18;;
707018;1787410964248;1505;BikePerformance / Fahrleistung;18;232;0,1,2,3,7;07-1C-07-1C-FF-FF-00-95-FF-FF-FF-FF-FF-00-00-00-00-00;NOTIFICATION;0;da1a1500-d532-4285-be94-b07a3e11a098;da1a1505-d532-4285-be94-b07a3e11a098;18;;
707228;1787410964458;1506;Trip / Kilometer & Betriebszähler;16;241;7;00-00-1C-47-00-02-34-AC-00-00-02-D3-00-00-00-00;NOTIFICATION;0;da1a1500-d532-4285-be94-b07a3e11a098;da1a1506-d532-4285-be94-b07a3e11a098;18;;
707657;1787410964887;1508;Settings / Licht & Fahrstufe;17;241;–;00-00-00-02-FF-FF-FF-FF-FF-FF-FF-00-00-00-00-00-00;NOTIFICATION;0;da1a1500-d532-4285-be94-b07a3e11a098;da1a1508-d532-4285-be94-b07a3e11a098;18;;
707866;1787410965096;1509;BatteryChange / Akku-Livestand;11;241;0,1,5,6,10;07-D0-FF-FF-20-B1-58-00-00-00-5A;NOTIFICATION;0;da1a1500-d532-4285-be94-b07a3e11a098;da1a1509-d532-4285-be94-b07a3e11a098;18;;
708076;1787410965306;150A;MotorUpdate / Motor-Livestand;10;241;0,1;0F-A0-FF-FF-FF-FF-FF-FF-FF-FF;NOTIFICATION;0;da1a1500-d532-4285-be94-b07a3e11a098;da1a150a-d532-4285-be94-b07a3e11a098;18;;
708286;1787410965516;150B;Motor-/Controllerblock;20;241;–;FF-FF-FF-FF-FF-FF-FF-FF-FF-FF-FF-FF-FF-FF-FF-FF-FF-FF-FF-FF;NOTIFICATION;0;da1a1500-d532-4285-be94-b07a3e11a098;da1a150b-d532-4285-be94-b07a3e11a098;18;;
708495;1787410965725;150D;Fahrstatistik Max/Ø;20;241;3;01-1B-00-C4-FF-FF-FF-FF-47-18-FF-FF-FF-FF-FF-FF-FF-FF-00-00;NOTIFICATION;0;da1a1500-d532-4285-be94-b07a3e11a098;da1a150d-d532-4285-be94-b07a3e11a098;18;;
709535;1787410966765;1502;Akkuinformationen;16;242;–;47-18-FF-FF-FF-FF-47-18-FF-FF-FF-FF-FF-FF-00-00;NOTIFICATION;0;da1a1500-d532-4285-be94-b07a3e11a098;da1a1502-d532-4285-be94-b07a3e11a098;18;;
709956;1787410967186;1505;BikePerformance / Fahrleistung;18;233;0,1,2,3,7;08-C0-08-C0-FF-FF-00-A5-FF-FF-FF-FF-FF-00-00-00-00-00;NOTIFICATION;0;da1a1500-d532-4285-be94-b07a3e11a098;da1a1505-d532-4285-be94-b07a3e11a098;18;;
710166;1787410967396;1506;Trip / Kilometer & Betriebszähler;16;242;3,7,11;00-00-1C-48-00-02-34-AF-00-00-02-D4-00-00-00-00;NOTIFICATION;0;da1a1500-d532-4285-be94-b07a3e11a098;da1a1506-d532-4285-be94-b07a3e11a098;18;;
710575;1787410967805;1508;Settings / Licht & Fahrstufe;17;242;–;00-00-00-02-FF-FF-FF-FF-FF-FF-FF-00-00-00-00-00-00;NOTIFICATION;0;da1a1500-d532-4285-be94-b07a3e11a098;da1a1508-d532-4285-be94-b07a3e11a098;18;;
710787;1787410968017;1509;BatteryChange / Akku-Livestand;11;242;0,1,5,6,10;0B-B8-FF-FF-20-B0-F4-00-00-00-87;NOTIFICATION;0;da1a1500-d532-4285-be94-b07a3e11a098;da1a1509-d532-4285-be94-b07a3e11a098;18;;
710996;1787410968226;150A;MotorUpdate / Motor-Livestand;10;242;0,1;07-D0-FF-FF-FF-FF-FF-FF-FF-FF;NOTIFICATION;0;da1a1500-d532-4285-be94-b07a3e11a098;da1a150a-d532-4285-be94-b07a3e11a098;18;;
711207;1787410968437;150B;Motor-/Controllerblock;20;242;–;FF-FF-FF-FF-FF-FF-FF-FF-FF-FF-FF-FF-FF-FF-FF-FF-FF-FF-FF-FF;NOTIFICATION;0;da1a1500-d532-4285-be94-b07a3e11a098;da1a150b-d532-4285-be94-b07a3e11a098;18;;
711416;1787410968646;150D;Fahrstatistik Max/Ø;20;242;–;01-1B-00-C4-FF-FF-FF-FF-47-18-FF-FF-FF-FF-FF-FF-FF-FF-00-00;NOTIFICATION;0;da1a1500-d532-4285-be94-b07a3e11a098;da1a150d-d532-4285-be94-b07a3e11a098;18;;
712458;1787410969688;1502;Akkuinformationen;16;243;–;47-18-FF-FF-FF-FF-47-18-FF-FF-FF-FF-FF-FF-00-00;NOTIFICATION;0;da1a1500-d532-4285-be94-b07a3e11a098;da1a1502-d532-4285-be94-b07a3e11a098;18;;
712876;1787410970106;1505;BikePerformance / Fahrleistung;18;234;0,1,2,3,7;00-00-00-00-FF-FF-00-8C-FF-FF-FF-FF-FF-00-00-00-00-00;NOTIFICATION;0;da1a1500-d532-4285-be94-b07a3e11a098;da1a1505-d532-4285-be94-b07a3e11a098;18;;
713085;1787410970315;1506;Trip / Kilometer & Betriebszähler;16;243;7;00-00-1C-48-00-02-34-B2-00-00-02-D4-00-00-00-00;NOTIFICATION;0;da1a1500-d532-4285-be94-b07a3e11a098;da1a1506-d532-4285-be94-b07a3e11a098;18;;
713508;1787410970738;1508;Settings / Licht & Fahrstufe;17;243;–;00-00-00-02-FF-FF-FF-FF-FF-FF-FF-00-00-00-00-00-00;NOTIFICATION;0;da1a1500-d532-4285-be94-b07a3e11a098;da1a1508-d532-4285-be94-b07a3e11a098;18;;
713706;1787410970936;1509;BatteryChange / Akku-Livestand;11;243;0,1,4,10;07-D0-FF-FF-1B-B0-F4-00-00-00-5A;NOTIFICATION;0;da1a1500-d532-4285-be94-b07a3e11a098;da1a1509-d532-4285-be94-b07a3e11a098;18;;
713918;1787410971148;150A;MotorUpdate / Motor-Livestand;10;243;0,1;0B-B8-FF-FF-FF-FF-FF-FF-FF-FF;NOTIFICATION;0;da1a1500-d532-4285-be94-b07a3e11a098;da1a150a-d532-4285-be94-b07a3e11a098;18;;
714127;1787410971357;150B;Motor-/Controllerblock;20;243;–;FF-FF-FF-FF-FF-FF-FF-FF-FF-FF-FF-FF-FF-FF-FF-FF-FF-FF-FF-FF;NOTIFICATION;0;da1a1500-d532-4285-be94-b07a3e11a098;da1a150b-d532-4285-be94-b07a3e11a098;18;;
714336;1787410971566;150D;Fahrstatistik Max/Ø;20;243;–;01-1B-00-C4-FF-FF-FF-FF-47-18-FF-FF-FF-FF-FF-FF-FF-FF-00-00;NOTIFICATION;0;da1a1500-d532-4285-be94-b07a3e11a098;da1a150d-d532-4285-be94-b07a3e11a098;18;;
715377;1787410972607;1502;Akkuinformationen;16;244;–;47-18-FF-FF-FF-FF-47-18-FF-FF-FF-FF-FF-FF-00-00;NOTIFICATION;0;da1a1500-d532-4285-be94-b07a3e11a098;da1a1502-d532-4285-be94-b07a3e11a098;18;;
715796;1787410973026;1505;BikePerformance / Fahrleistung;18;235;0,1,2,3,7;05-46-05-46-FF-FF-00-82-FF-FF-FF-FF-FF-00-00-00-00-00;NOTIFICATION;0;da1a1500-d532-4285-be94-b07a3e11a098;da1a1505-d532-4285-be94-b07a3e11a098;18;;
716007;1787410973237;1506;Trip / Kilometer & Betriebszähler;16;244;7;00-00-1C-48-00-02-34-B5-00-00-02-D4-00-00-00-00;NOTIFICATION;0;da1a1500-d532-4285-be94-b07a3e11a098;da1a1506-d532-4285-be94-b07a3e11a098;18;;
716426;1787410973656;1508;Settings / Licht & Fahrstufe;17;244;–;00-00-00-02-FF-FF-FF-FF-FF-FF-FF-00-00-00-00-00-00;NOTIFICATION;0;da1a1500-d532-4285-be94-b07a3e11a098;da1a1508-d532-4285-be94-b07a3e11a098;18;;
716625;1787410973855;1509;BatteryChange / Akku-Livestand;11;244;0,1,10;0F-A0-FF-FF-1B-B0-F4-00-00-00-B5;NOTIFICATION;0;da1a1500-d532-4285-be94-b07a3e11a098;da1a1509-d532-4285-be94-b07a3e11a098;18;;
716837;1787410974067;150A;MotorUpdate / Motor-Livestand;10;244;0,1;13-88-FF-FF-FF-FF-FF-FF-FF-FF;NOTIFICATION;0;da1a1500-d532-4285-be94-b07a3e11a098;da1a150a-d532-4285-be94-b07a3e11a098;18;;
717046;1787410974276;150B;Motor-/Controllerblock;20;244;–;FF-FF-FF-FF-FF-FF-FF-FF-FF-FF-FF-FF-FF-FF-FF-FF-FF-FF-FF-FF;NOTIFICATION;0;da1a1500-d532-4285-be94-b07a3e11a098;da1a150b-d532-4285-be94-b07a3e11a098;18;;
717256;1787410974486;150D;Fahrstatistik Max/Ø;20;244;–;01-1B-00-C4-FF-FF-FF-FF-47-18-FF-FF-FF-FF-FF-FF-FF-FF-00-00;NOTIFICATION;0;da1a1500-d532-4285-be94-b07a3e11a098;da1a150d-d532-4285-be94-b07a3e11a098;18;;
718293;1787410975523;1502;Akkuinformationen;16;245;–;47-18-FF-FF-FF-FF-47-18-FF-FF-FF-FF-FF-FF-00-00;NOTIFICATION;0;da1a1500-d532-4285-be94-b07a3e11a098;da1a1502-d532-4285-be94-b07a3e11a098;18;;
718715;1787410975945;1505;BikePerformance / Fahrleistung;18;236;0,1,2,3;01-C2-01-C2-FF-FF-00-82-FF-FF-FF-FF-FF-00-00-00-00-00;NOTIFICATION;0;da1a1500-d532-4285-be94-b07a3e11a098;da1a1505-d532-4285-be94-b07a3e11a098;18;;
718923;1787410976153;1506;Trip / Kilometer & Betriebszähler;16;245;7;00-00-1C-48-00-02-34-B8-00-00-02-D4-00-00-00-00;NOTIFICATION;0;da1a1500-d532-4285-be94-b07a3e11a098;da1a1506-d532-4285-be94-b07a3e11a098;18;;
719347;1787410976577;1508;Settings / Licht & Fahrstufe;17;245;3;00-00-00-01-FF-FF-FF-FF-FF-FF-FF-00-00-00-00-00-00;NOTIFICATION;0;da1a1500-d532-4285-be94-b07a3e11a098;da1a1508-d532-4285-be94-b07a3e11a098;18;;
719554;1787410976784;1509;BatteryChange / Akku-Livestand;11;245;0,1,5,6,10;00-00-FF-FF-1B-B2-E8-00-00-00-00;NOTIFICATION;0;da1a1500-d532-4285-be94-b07a3e11a098;da1a1509-d532-4285-be94-b07a3e11a098;18;;
719753;1787410976983;150A;MotorUpdate / Motor-Livestand;10;245;0,1;00-00-FF-FF-FF-FF-FF-FF-FF-FF;NOTIFICATION;0;da1a1500-d532-4285-be94-b07a3e11a098;da1a150a-d532-4285-be94-b07a3e11a098;18;;
719965;1787410977195;150B;Motor-/Controllerblock;20;245;–;FF-FF-FF-FF-FF-FF-FF-FF-FF-FF-FF-FF-FF-FF-FF-FF-FF-FF-FF-FF;NOTIFICATION;0;da1a1500-d532-4285-be94-b07a3e11a098;da1a150b-d532-4285-be94-b07a3e11a098;18;;
720173;1787410977403;150D;Fahrstatistik Max/Ø;20;245;–;01-1B-00-C4-FF-FF-FF-FF-47-18-FF-FF-FF-FF-FF-FF-FF-FF-00-00;NOTIFICATION;0;da1a1500-d532-4285-be94-b07a3e11a098;da1a150d-d532-4285-be94-b07a3e11a098;18;;
721216;1787410978446;1502;Akkuinformationen;16;246;–;47-18-FF-FF-FF-FF-47-18-FF-FF-FF-FF-FF-FF-00-00;NOTIFICATION;0;da1a1500-d532-4285-be94-b07a3e11a098;da1a1502-d532-4285-be94-b07a3e11a098;18;;
721637;1787410978867;1505;BikePerformance / Fahrleistung;18;237;0,1,2,3,7;00-00-00-00-FF-FF-00-66-FF-FF-FF-FF-FF-00-00-00-00-00;NOTIFICATION;0;da1a1500-d532-4285-be94-b07a3e11a098;da1a1505-d532-4285-be94-b07a3e11a098;18;;
721846;1787410979076;1506;Trip / Kilometer & Betriebszähler;16;246;7;00-00-1C-48-00-02-34-BB-00-00-02-D4-00-00-00-00;NOTIFICATION;0;da1a1500-d532-4285-be94-b07a3e11a098;da1a1506-d532-4285-be94-b07a3e11a098;18;;
722266;1787410979496;1508;Settings / Licht & Fahrstufe;17;246;–;00-00-00-01-FF-FF-FF-FF-FF-FF-FF-00-00-00-00-00-00;NOTIFICATION;0;da1a1500-d532-4285-be94-b07a3e11a098;da1a1508-d532-4285-be94-b07a3e11a098;18;;
722476;1787410979706;1509;BatteryChange / Akku-Livestand;11;246;–;00-00-FF-FF-1B-B2-E8-00-00-00-00;NOTIFICATION;0;da1a1500-d532-4285-be94-b07a3e11a098;da1a1509-d532-4285-be94-b07a3e11a098;18;;
722677;1787410979907;150A;MotorUpdate / Motor-Livestand;10;246;–;00-00-FF-FF-FF-FF-FF-FF-FF-FF;NOTIFICATION;0;da1a1500-d532-4285-be94-b07a3e11a098;da1a150a-d532-4285-be94-b07a3e11a098;18;;
722886;1787410980116;150B;Motor-/Controllerblock;20;246;–;FF-FF-FF-FF-FF-FF-FF-FF-FF-FF-FF-FF-FF-FF-FF-FF-FF-FF-FF-FF;NOTIFICATION;0;da1a1500-d532-4285-be94-b07a3e11a098;da1a150b-d532-4285-be94-b07a3e11a098;18;;
723097;1787410980327;150D;Fahrstatistik Max/Ø;20;246;–;01-1B-00-C4-FF-FF-FF-FF-47-18-FF-FF-FF-FF-FF-FF-FF-FF-00-00;NOTIFICATION;0;da1a1500-d532-4285-be94-b07a3e11a098;da1a150d-d532-4285-be94-b07a3e11a098;18;;
724156;1787410981386;1502;Akkuinformationen;16;247;–;47-18-FF-FF-FF-FF-47-18-FF-FF-FF-FF-FF-FF-00-00;NOTIFICATION;0;da1a1500-d532-4285-be94-b07a3e11a098;da1a1502-d532-4285-be94-b07a3e11a098;18;;
724554;1787410981784;1505;BikePerformance / Fahrleistung;18;238;0,1,2,3,7;05-50-05-50-FF-FF-00-5A-FF-FF-FF-FF-FF-00-00-00-00-00;NOTIFICATION;0;da1a1500-d532-4285-be94-b07a3e11a098;da1a1505-d532-4285-be94-b07a3e11a098;18;;
724769;1787410981999;1506;Trip / Kilometer & Betriebszähler;16;247;7;00-00-1C-48-00-02-34-BE-00-00-02-D4-00-00-00-00;NOTIFICATION;0;da1a1500-d532-4285-be94-b07a3e11a098;da1a1506-d532-4285-be94-b07a3e11a098;18;;
725187;1787410982417;1508;Settings / Licht & Fahrstufe;17;247;–;00-00-00-01-FF-FF-FF-FF-FF-FF-FF-00-00-00-00-00-00;NOTIFICATION;0;da1a1500-d532-4285-be94-b07a3e11a098;da1a1508-d532-4285-be94-b07a3e11a098;18;;
725396;1787410982626;1509;BatteryChange / Akku-Livestand;11;247;4;00-00-FF-FF-1F-B2-E8-00-00-00-00;NOTIFICATION;0;da1a1500-d532-4285-be94-b07a3e11a098;da1a1509-d532-4285-be94-b07a3e11a098;18;;
725607;1787410982837;150A;MotorUpdate / Motor-Livestand;10;247;–;00-00-FF-FF-FF-FF-FF-FF-FF-FF;NOTIFICATION;0;da1a1500-d532-4285-be94-b07a3e11a098;da1a150a-d532-4285-be94-b07a3e11a098;18;;
725816;1787410983046;150B;Motor-/Controllerblock;20;247;–;FF-FF-FF-FF-FF-FF-FF-FF-FF-FF-FF-FF-FF-FF-FF-FF-FF-FF-FF-FF;NOTIFICATION;0;da1a1500-d532-4285-be94-b07a3e11a098;da1a150b-d532-4285-be94-b07a3e11a098;18;;
726017;1787410983247;150D;Fahrstatistik Max/Ø;20;247;–;01-1B-00-C4-FF-FF-FF-FF-47-18-FF-FF-FF-FF-FF-FF-FF-FF-00-00;NOTIFICATION;0;da1a1500-d532-4285-be94-b07a3e11a098;da1a150d-d532-4285-be94-b07a3e11a098;18;;
727069;1787410984299;1502;Akkuinformationen;16;248;–;47-18-FF-FF-FF-FF-47-18-FF-FF-FF-FF-FF-FF-00-00;NOTIFICATION;0;da1a1500-d532-4285-be94-b07a3e11a098;da1a1502-d532-4285-be94-b07a3e11a098;18;;
727477;1787410984707;1505;BikePerformance / Fahrleistung;18;239;0,1,2,3,7;00-00-00-00-FF-FF-00-48-FF-FF-FF-FF-FF-00-00-00-00-00;NOTIFICATION;0;da1a1500-d532-4285-be94-b07a3e11a098;da1a1505-d532-4285-be94-b07a3e11a098;18;;
727687;1787410984917;1506;Trip / Kilometer & Betriebszähler;16;248;7;00-00-1C-48-00-02-34-C1-00-00-02-D4-00-00-00-00;NOTIFICATION;0;da1a1500-d532-4285-be94-b07a3e11a098;da1a1506-d532-4285-be94-b07a3e11a098;18;;
728103;1787410985333;1508;Settings / Licht & Fahrstufe;17;248;–;00-00-00-01-FF-FF-FF-FF-FF-FF-FF-00-00-00-00-00-00;NOTIFICATION;0;da1a1500-d532-4285-be94-b07a3e11a098;da1a1508-d532-4285-be94-b07a3e11a098;18;;
728317;1787410985547;1509;BatteryChange / Akku-Livestand;11;248;0,1,4,6,10;03-E8-FF-FF-20-B2-84-00-00-00-2D;NOTIFICATION;0;da1a1500-d532-4285-be94-b07a3e11a098;da1a1509-d532-4285-be94-b07a3e11a098;18;;
728526;1787410985756;150A;MotorUpdate / Motor-Livestand;10;248;0,1;07-D0-FF-FF-FF-FF-FF-FF-FF-FF;NOTIFICATION;0;da1a1500-d532-4285-be94-b07a3e11a098;da1a150a-d532-4285-be94-b07a3e11a098;18;;
728736;1787410985966;150B;Motor-/Controllerblock;20;248;–;FF-FF-FF-FF-FF-FF-FF-FF-FF-FF-FF-FF-FF-FF-FF-FF-FF-FF-FF-FF;NOTIFICATION;0;da1a1500-d532-4285-be94-b07a3e11a098;da1a150b-d532-4285-be94-b07a3e11a098;18;;
728937;1787410986167;150D;Fahrstatistik Max/Ø;20;248;–;01-1B-00-C4-FF-FF-FF-FF-47-18-FF-FF-FF-FF-FF-FF-FF-FF-00-00;NOTIFICATION;0;da1a1500-d532-4285-be94-b07a3e11a098;da1a150d-d532-4285-be94-b07a3e11a098;18;;
729987;1787410987217;1502;Akkuinformationen;16;249;–;47-18-FF-FF-FF-FF-47-18-FF-FF-FF-FF-FF-FF-00-00;NOTIFICATION;0;da1a1500-d532-4285-be94-b07a3e11a098;da1a1502-d532-4285-be94-b07a3e11a098;18;;
730397;1787410987627;1505;BikePerformance / Fahrleistung;18;240;7;00-00-00-00-FF-FF-00-24-FF-FF-FF-FF-FF-00-00-00-00-00;NOTIFICATION;0;da1a1500-d532-4285-be94-b07a3e11a098;da1a1505-d532-4285-be94-b07a3e11a098;18;;
730610;1787410987840;1506;Trip / Kilometer & Betriebszähler;16;249;7;00-00-1C-48-00-02-34-C4-00-00-02-D4-00-00-00-00;NOTIFICATION;0;da1a1500-d532-4285-be94-b07a3e11a098;da1a1506-d532-4285-be94-b07a3e11a098;18;;
731026;1787410988256;1508;Settings / Licht & Fahrstufe;17;249;–;00-00-00-01-FF-FF-FF-FF-FF-FF-FF-00-00-00-00-00-00;NOTIFICATION;0;da1a1500-d532-4285-be94-b07a3e11a098;da1a1508-d532-4285-be94-b07a3e11a098;18;;
731239;1787410988469;1509;BatteryChange / Akku-Livestand;11;249;0,1,4,6,10;00-00-FF-FF-1F-B2-E8-00-00-00-00;NOTIFICATION;0;da1a1500-d532-4285-be94-b07a3e11a098;da1a1509-d532-4285-be94-b07a3e11a098;18;;
731444;1787410988674;150A;MotorUpdate / Motor-Livestand;10;249;0,1;00-00-FF-FF-FF-FF-FF-FF-FF-FF;NOTIFICATION;0;da1a1500-d532-4285-be94-b07a3e11a098;da1a150a-d532-4285-be94-b07a3e11a098;18;;
731657;1787410988887;150B;Motor-/Controllerblock;20;249;–;FF-FF-FF-FF-FF-FF-FF-FF-FF-FF-FF-FF-FF-FF-FF-FF-FF-FF-FF-FF;NOTIFICATION;0;da1a1500-d532-4285-be94-b07a3e11a098;da1a150b-d532-4285-be94-b07a3e11a098;18;;
731867;1787410989097;150D;Fahrstatistik Max/Ø;20;249;–;01-1B-00-C4-FF-FF-FF-FF-47-18-FF-FF-FF-FF-FF-FF-FF-FF-00-00;NOTIFICATION;0;da1a1500-d532-4285-be94-b07a3e11a098;da1a150d-d532-4285-be94-b07a3e11a098;18;;
732907;1787410990137;1502;Akkuinformationen;16;250;–;47-18-FF-FF-FF-FF-47-18-FF-FF-FF-FF-FF-FF-00-00;NOTIFICATION;0;da1a1500-d532-4285-be94-b07a3e11a098;da1a1502-d532-4285-be94-b07a3e11a098;18;;
733327;1787410990557;1505;BikePerformance / Fahrleistung;18;241;7;00-00-00-00-FF-FF-00-33-FF-FF-FF-FF-FF-00-00-00-00-00;NOTIFICATION;0;da1a1500-d532-4285-be94-b07a3e11a098;da1a1505-d532-4285-be94-b07a3e11a098;18;;
733529;1787410990759;1506;Trip / Kilometer & Betriebszähler;16;250;7;00-00-1C-48-00-02-34-C7-00-00-02-D4-00-00-00-00;NOTIFICATION;0;da1a1500-d532-4285-be94-b07a3e11a098;da1a1506-d532-4285-be94-b07a3e11a098;18;;
733946;1787410991176;1508;Settings / Licht & Fahrstufe;17;250;–;00-00-00-01-FF-FF-FF-FF-FF-FF-FF-00-00-00-00-00-00;NOTIFICATION;0;da1a1500-d532-4285-be94-b07a3e11a098;da1a1508-d532-4285-be94-b07a3e11a098;18;;
734155;1787410991385;1509;BatteryChange / Akku-Livestand;11;250;4;00-00-FF-FF-20-B2-E8-00-00-00-00;NOTIFICATION;0;da1a1500-d532-4285-be94-b07a3e11a098;da1a1509-d532-4285-be94-b07a3e11a098;18;;
734366;1787410991596;150A;MotorUpdate / Motor-Livestand;10;250;–;00-00-FF-FF-FF-FF-FF-FF-FF-FF;NOTIFICATION;0;da1a1500-d532-4285-be94-b07a3e11a098;da1a150a-d532-4285-be94-b07a3e11a098;18;;
734576;1787410991806;150B;Motor-/Controllerblock;20;250;–;FF-FF-FF-FF-FF-FF-FF-FF-FF-FF-FF-FF-FF-FF-FF-FF-FF-FF-FF-FF;NOTIFICATION;0;da1a1500-d532-4285-be94-b07a3e11a098;da1a150b-d532-4285-be94-b07a3e11a098;18;;
734787;1787410992017;150D;Fahrstatistik Max/Ø;20;250;–;01-1B-00-C4-FF-FF-FF-FF-47-18-FF-FF-FF-FF-FF-FF-FF-FF-00-00;NOTIFICATION;0;da1a1500-d532-4285-be94-b07a3e11a098;da1a150d-d532-4285-be94-b07a3e11a098;18;;
735827;1787410993057;1502;Akkuinformationen;16;251;–;47-18-FF-FF-FF-FF-47-18-FF-FF-FF-FF-FF-FF-00-00;NOTIFICATION;0;da1a1500-d532-4285-be94-b07a3e11a098;da1a1502-d532-4285-be94-b07a3e11a098;18;;
736249;1787410993479;1505;BikePerformance / Fahrleistung;18;242;7;00-00-00-00-FF-FF-00-31-FF-FF-FF-FF-FF-00-00-00-00-00;NOTIFICATION;0;da1a1500-d532-4285-be94-b07a3e11a098;da1a1505-d532-4285-be94-b07a3e11a098;18;;
736456;1787410993686;1506;Trip / Kilometer & Betriebszähler;16;251;7;00-00-1C-48-00-02-34-CA-00-00-02-D4-00-00-00-00;NOTIFICATION;0;da1a1500-d532-4285-be94-b07a3e11a098;da1a1506-d532-4285-be94-b07a3e11a098;18;;
736867;1787410994097;1508;Settings / Licht & Fahrstufe;17;251;–;00-00-00-01-FF-FF-FF-FF-FF-FF-FF-00-00-00-00-00-00;NOTIFICATION;0;da1a1500-d532-4285-be94-b07a3e11a098;da1a1508-d532-4285-be94-b07a3e11a098;18;;
737076;1787410994306;1509;BatteryChange / Akku-Livestand;11;251;5,6;00-00-FF-FF-20-B3-4C-00-00-00-00;NOTIFICATION;0;da1a1500-d532-4285-be94-b07a3e11a098;da1a1509-d532-4285-be94-b07a3e11a098;18;;
737287;1787410994517;150A;MotorUpdate / Motor-Livestand;10;251;–;00-00-FF-FF-FF-FF-FF-FF-FF-FF;NOTIFICATION;0;da1a1500-d532-4285-be94-b07a3e11a098;da1a150a-d532-4285-be94-b07a3e11a098;18;;
737496;1787410994726;150B;Motor-/Controllerblock;20;251;–;FF-FF-FF-FF-FF-FF-FF-FF-FF-FF-FF-FF-FF-FF-FF-FF-FF-FF-FF-FF;NOTIFICATION;0;da1a1500-d532-4285-be94-b07a3e11a098;da1a150b-d532-4285-be94-b07a3e11a098;18;;
737708;1787410994938;150D;Fahrstatistik Max/Ø;20;251;–;01-1B-00-C4-FF-FF-FF-FF-47-18-FF-FF-FF-FF-FF-FF-FF-FF-00-00;NOTIFICATION;0;da1a1500-d532-4285-be94-b07a3e11a098;da1a150d-d532-4285-be94-b07a3e11a098;18;;
738747;1787410995977;1502;Akkuinformationen;16;252;–;47-18-FF-FF-FF-FF-47-18-FF-FF-FF-FF-FF-FF-00-00;NOTIFICATION;0;da1a1500-d532-4285-be94-b07a3e11a098;da1a1502-d532-4285-be94-b07a3e11a098;18;;
739168;1787410996398;1505;BikePerformance / Fahrleistung;18;243;7;00-00-00-00-FF-FF-00-2E-FF-FF-FF-FF-FF-00-00-00-00-00;NOTIFICATION;0;da1a1500-d532-4285-be94-b07a3e11a098;da1a1505-d532-4285-be94-b07a3e11a098;18;;
739378;1787410996608;1506;Trip / Kilometer & Betriebszähler;16;252;7;00-00-1C-48-00-02-34-CD-00-00-02-D4-00-00-00-00;NOTIFICATION;0;da1a1500-d532-4285-be94-b07a3e11a098;da1a1506-d532-4285-be94-b07a3e11a098;18;;
739787;1787410997017;1508;Settings / Licht & Fahrstufe;17;252;–;00-00-00-01-FF-FF-FF-FF-FF-FF-FF-00-00-00-00-00-00;NOTIFICATION;0;da1a1500-d532-4285-be94-b07a3e11a098;da1a1508-d532-4285-be94-b07a3e11a098;18;;
739996;1787410997226;1509;BatteryChange / Akku-Livestand;11;252;–;00-00-FF-FF-20-B3-4C-00-00-00-00;NOTIFICATION;0;da1a1500-d532-4285-be94-b07a3e11a098;da1a1509-d532-4285-be94-b07a3e11a098;18;;
740204;1787410997434;150A;MotorUpdate / Motor-Livestand;10;252;–;00-00-FF-FF-FF-FF-FF-FF-FF-FF;NOTIFICATION;0;da1a1500-d532-4285-be94-b07a3e11a098;da1a150a-d532-4285-be94-b07a3e11a098;18;;
740417;1787410997647;150B;Motor-/Controllerblock;20;252;–;FF-FF-FF-FF-FF-FF-FF-FF-FF-FF-FF-FF-FF-FF-FF-FF-FF-FF-FF-FF;NOTIFICATION;0;da1a1500-d532-4285-be94-b07a3e11a098;da1a150b-d532-4285-be94-b07a3e11a098;18;;
740627;1787410997857;150D;Fahrstatistik Max/Ø;20;252;–;01-1B-00-C4-FF-FF-FF-FF-47-18-FF-FF-FF-FF-FF-FF-FF-FF-00-00;NOTIFICATION;0;da1a1500-d532-4285-be94-b07a3e11a098;da1a150d-d532-4285-be94-b07a3e11a098;18;;
741667;1787410998897;1502;Akkuinformationen;16;253;–;47-18-FF-FF-FF-FF-47-18-FF-FF-FF-FF-FF-FF-00-00;NOTIFICATION;0;da1a1500-d532-4285-be94-b07a3e11a098;da1a1502-d532-4285-be94-b07a3e11a098;18;;
742087;1787410999317;1505;BikePerformance / Fahrleistung;18;244;7;00-00-00-00-FF-FF-00-2F-FF-FF-FF-FF-FF-00-00-00-00-00;NOTIFICATION;0;da1a1500-d532-4285-be94-b07a3e11a098;da1a1505-d532-4285-be94-b07a3e11a098;18;;
742298;1787410999528;1506;Trip / Kilometer & Betriebszähler;16;253;7;00-00-1C-48-00-02-34-D0-00-00-02-D4-00-00-00-00;NOTIFICATION;0;da1a1500-d532-4285-be94-b07a3e11a098;da1a1506-d532-4285-be94-b07a3e11a098;18;;
742707;1787410999937;1508;Settings / Licht & Fahrstufe;17;253;–;00-00-00-01-FF-FF-FF-FF-FF-FF-FF-00-00-00-00-00-00;NOTIFICATION;0;da1a1500-d532-4285-be94-b07a3e11a098;da1a1508-d532-4285-be94-b07a3e11a098;18;;
742917;1787411000147;1509;BatteryChange / Akku-Livestand;11;253;–;00-00-FF-FF-20-B3-4C-00-00-00-00;NOTIFICATION;0;da1a1500-d532-4285-be94-b07a3e11a098;da1a1509-d532-4285-be94-b07a3e11a098;18;;
743127;1787411000357;150A;MotorUpdate / Motor-Livestand;10;253;–;00-00-FF-FF-FF-FF-FF-FF-FF-FF;NOTIFICATION;0;da1a1500-d532-4285-be94-b07a3e11a098;da1a150a-d532-4285-be94-b07a3e11a098;18;;
743337;1787411000567;150B;Motor-/Controllerblock;20;253;–;FF-FF-FF-FF-FF-FF-FF-FF-FF-FF-FF-FF-FF-FF-FF-FF-FF-FF-FF-FF;NOTIFICATION;0;da1a1500-d532-4285-be94-b07a3e11a098;da1a150b-d532-4285-be94-b07a3e11a098;18;;
743546;1787411000776;150D;Fahrstatistik Max/Ø;20;253;–;01-1B-00-C4-FF-FF-FF-FF-47-18-FF-FF-FF-FF-FF-FF-FF-FF-00-00;NOTIFICATION;0;da1a1500-d532-4285-be94-b07a3e11a098;da1a150d-d532-4285-be94-b07a3e11a098;18;;
744587;1787411001817;1502;Akkuinformationen;16;254;–;47-18-FF-FF-FF-FF-47-18-FF-FF-FF-FF-FF-FF-00-00;NOTIFICATION;0;da1a1500-d532-4285-be94-b07a3e11a098;da1a1502-d532-4285-be94-b07a3e11a098;18;;
745003;1787411002233;1505;BikePerformance / Fahrleistung;18;245;7;00-00-00-00-FF-FF-00-25-FF-FF-FF-FF-FF-00-00-00-00-00;NOTIFICATION;0;da1a1500-d532-4285-be94-b07a3e11a098;da1a1505-d532-4285-be94-b07a3e11a098;18;;
745213;1787411002443;1506;Trip / Kilometer & Betriebszähler;16;254;7;00-00-1C-48-00-02-34-D3-00-00-02-D4-00-00-00-00;NOTIFICATION;0;da1a1500-d532-4285-be94-b07a3e11a098;da1a1506-d532-4285-be94-b07a3e11a098;18;;
745621;1787411002851;1508;Settings / Licht & Fahrstufe;17;254;–;00-00-00-01-FF-FF-FF-FF-FF-FF-FF-00-00-00-00-00-00;NOTIFICATION;0;da1a1500-d532-4285-be94-b07a3e11a098;da1a1508-d532-4285-be94-b07a3e11a098;18;;
745833;1787411003063;1509;BatteryChange / Akku-Livestand;11;254;–;00-00-FF-FF-20-B3-4C-00-00-00-00;NOTIFICATION;0;da1a1500-d532-4285-be94-b07a3e11a098;da1a1509-d532-4285-be94-b07a3e11a098;18;;
746043;1787411003273;150A;MotorUpdate / Motor-Livestand;10;254;–;00-00-FF-FF-FF-FF-FF-FF-FF-FF;NOTIFICATION;0;da1a1500-d532-4285-be94-b07a3e11a098;da1a150a-d532-4285-be94-b07a3e11a098;18;;
746253;1787411003483;150B;Motor-/Controllerblock;20;254;–;FF-FF-FF-FF-FF-FF-FF-FF-FF-FF-FF-FF-FF-FF-FF-FF-FF-FF-FF-FF;NOTIFICATION;0;da1a1500-d532-4285-be94-b07a3e11a098;da1a150b-d532-4285-be94-b07a3e11a098;18;;
746464;1787411003694;150D;Fahrstatistik Max/Ø;20;254;–;01-1B-00-C4-FF-FF-FF-FF-47-18-FF-FF-FF-FF-FF-FF-FF-FF-00-00;NOTIFICATION;0;da1a1500-d532-4285-be94-b07a3e11a098;da1a150d-d532-4285-be94-b07a3e11a098;18;;
747507;1787411004737;1502;Akkuinformationen;16;255;–;47-18-FF-FF-FF-FF-47-18-FF-FF-FF-FF-FF-FF-00-00;NOTIFICATION;0;da1a1500-d532-4285-be94-b07a3e11a098;da1a1502-d532-4285-be94-b07a3e11a098;18;;
747927;1787411005157;1505;BikePerformance / Fahrleistung;18;246;7;00-00-00-00-FF-FF-00-26-FF-FF-FF-FF-FF-00-00-00-00-00;NOTIFICATION;0;da1a1500-d532-4285-be94-b07a3e11a098;da1a1505-d532-4285-be94-b07a3e11a098;18;;
748136;1787411005366;1506;Trip / Kilometer & Betriebszähler;16;255;7;00-00-1C-48-00-02-34-D6-00-00-02-D4-00-00-00-00;NOTIFICATION;0;da1a1500-d532-4285-be94-b07a3e11a098;da1a1506-d532-4285-be94-b07a3e11a098;18;;
748556;1787411005786;1508;Settings / Licht & Fahrstufe;17;255;–;00-00-00-01-FF-FF-FF-FF-FF-FF-FF-00-00-00-00-00-00;NOTIFICATION;0;da1a1500-d532-4285-be94-b07a3e11a098;da1a1508-d532-4285-be94-b07a3e11a098;18;;
748758;1787411005988;1509;BatteryChange / Akku-Livestand;11;255;–;00-00-FF-FF-20-B3-4C-00-00-00-00;NOTIFICATION;0;da1a1500-d532-4285-be94-b07a3e11a098;da1a1509-d532-4285-be94-b07a3e11a098;18;;
748968;1787411006198;150A;MotorUpdate / Motor-Livestand;10;255;–;00-00-FF-FF-FF-FF-FF-FF-FF-FF;NOTIFICATION;0;da1a1500-d532-4285-be94-b07a3e11a098;da1a150a-d532-4285-be94-b07a3e11a098;18;;
749176;1787411006406;150B;Motor-/Controllerblock;20;255;–;FF-FF-FF-FF-FF-FF-FF-FF-FF-FF-FF-FF-FF-FF-FF-FF-FF-FF-FF-FF;NOTIFICATION;0;da1a1500-d532-4285-be94-b07a3e11a098;da1a150b-d532-4285-be94-b07a3e11a098;18;;
749390;1787411006620;150D;Fahrstatistik Max/Ø;20;255;–;01-1B-00-C4-FF-FF-FF-FF-47-18-FF-FF-FF-FF-FF-FF-FF-FF-00-00;NOTIFICATION;0;da1a1500-d532-4285-be94-b07a3e11a098;da1a150d-d532-4285-be94-b07a3e11a098;18;;
750427;1787411007657;1502;Akkuinformationen;16;256;–;47-18-FF-FF-FF-FF-47-18-FF-FF-FF-FF-FF-FF-00-00;NOTIFICATION;0;da1a1500-d532-4285-be94-b07a3e11a098;da1a1502-d532-4285-be94-b07a3e11a098;18;;
750847;1787411008077;1505;BikePerformance / Fahrleistung;18;247;7;00-00-00-00-FF-FF-00-15-FF-FF-FF-FF-FF-00-00-00-00-00;NOTIFICATION;0;da1a1500-d532-4285-be94-b07a3e11a098;da1a1505-d532-4285-be94-b07a3e11a098;18;;
751056;1787411008286;1506;Trip / Kilometer & Betriebszähler;16;256;7;00-00-1C-48-00-02-34-D9-00-00-02-D4-00-00-00-00;NOTIFICATION;0;da1a1500-d532-4285-be94-b07a3e11a098;da1a1506-d532-4285-be94-b07a3e11a098;18;;
751474;1787411008704;1508;Settings / Licht & Fahrstufe;17;256;–;00-00-00-01-FF-FF-FF-FF-FF-FF-FF-00-00-00-00-00-00;NOTIFICATION;0;da1a1500-d532-4285-be94-b07a3e11a098;da1a1508-d532-4285-be94-b07a3e11a098;18;;
751677;1787411008907;1509;BatteryChange / Akku-Livestand;11;256;–;00-00-FF-FF-20-B3-4C-00-00-00-00;NOTIFICATION;0;da1a1500-d532-4285-be94-b07a3e11a098;da1a1509-d532-4285-be94-b07a3e11a098;18;;
751887;1787411009117;150A;MotorUpdate / Motor-Livestand;10;256;–;00-00-FF-FF-FF-FF-FF-FF-FF-FF;NOTIFICATION;0;da1a1500-d532-4285-be94-b07a3e11a098;da1a150a-d532-4285-be94-b07a3e11a098;18;;
752096;1787411009326;150B;Motor-/Controllerblock;20;256;–;FF-FF-FF-FF-FF-FF-FF-FF-FF-FF-FF-FF-FF-FF-FF-FF-FF-FF-FF-FF;NOTIFICATION;0;da1a1500-d532-4285-be94-b07a3e11a098;da1a150b-d532-4285-be94-b07a3e11a098;18;;
752306;1787411009536;150D;Fahrstatistik Max/Ø;20;256;–;01-1B-00-C4-FF-FF-FF-FF-47-18-FF-FF-FF-FF-FF-FF-FF-FF-00-00;NOTIFICATION;0;da1a1500-d532-4285-be94-b07a3e11a098;da1a150d-d532-4285-be94-b07a3e11a098;18;;
753347;1787411010577;1502;Akkuinformationen;16;257;–;47-18-FF-FF-FF-FF-47-18-FF-FF-FF-FF-FF-FF-00-00;NOTIFICATION;0;da1a1500-d532-4285-be94-b07a3e11a098;da1a1502-d532-4285-be94-b07a3e11a098;18;;
753767;1787411010997;1505;BikePerformance / Fahrleistung;18;248;7;00-00-00-00-FF-FF-00-05-FF-FF-FF-FF-FF-00-00-00-00-00;NOTIFICATION;0;da1a1500-d532-4285-be94-b07a3e11a098;da1a1505-d532-4285-be94-b07a3e11a098;18;;
753976;1787411011206;1506;Trip / Kilometer & Betriebszähler;16;257;7;00-00-1C-48-00-02-34-DB-00-00-02-D4-00-00-00-00;NOTIFICATION;0;da1a1500-d532-4285-be94-b07a3e11a098;da1a1506-d532-4285-be94-b07a3e11a098;18;;
754398;1787411011628;1508;Settings / Licht & Fahrstufe;17;257;–;00-00-00-01-FF-FF-FF-FF-FF-FF-FF-00-00-00-00-00-00;NOTIFICATION;0;da1a1500-d532-4285-be94-b07a3e11a098;da1a1508-d532-4285-be94-b07a3e11a098;18;;
754596;1787411011826;1509;BatteryChange / Akku-Livestand;11;257;–;00-00-FF-FF-20-B3-4C-00-00-00-00;NOTIFICATION;0;da1a1500-d532-4285-be94-b07a3e11a098;da1a1509-d532-4285-be94-b07a3e11a098;18;;
754806;1787411012036;150A;MotorUpdate / Motor-Livestand;10;257;–;00-00-FF-FF-FF-FF-FF-FF-FF-FF;NOTIFICATION;0;da1a1500-d532-4285-be94-b07a3e11a098;da1a150a-d532-4285-be94-b07a3e11a098;18;;
755016;1787411012246;150B;Motor-/Controllerblock;20;257;–;FF-FF-FF-FF-FF-FF-FF-FF-FF-FF-FF-FF-FF-FF-FF-FF-FF-FF-FF-FF;NOTIFICATION;0;da1a1500-d532-4285-be94-b07a3e11a098;da1a150b-d532-4285-be94-b07a3e11a098;18;;
755227;1787411012457;150D;Fahrstatistik Max/Ø;20;257;–;01-1B-00-C4-FF-FF-FF-FF-47-18-FF-FF-FF-FF-FF-FF-FF-FF-00-00;NOTIFICATION;0;da1a1500-d532-4285-be94-b07a3e11a098;da1a150d-d532-4285-be94-b07a3e11a098;18;;
756266;1787411013496;1502;Akkuinformationen;16;258;–;47-18-FF-FF-FF-FF-47-18-FF-FF-FF-FF-FF-FF-00-00;NOTIFICATION;0;da1a1500-d532-4285-be94-b07a3e11a098;da1a1502-d532-4285-be94-b07a3e11a098;18;;
756687;1787411013917;1505;BikePerformance / Fahrleistung;18;249;–;00-00-00-00-FF-FF-00-05-FF-FF-FF-FF-FF-00-00-00-00-00;NOTIFICATION;0;da1a1500-d532-4285-be94-b07a3e11a098;da1a1505-d532-4285-be94-b07a3e11a098;18;;
756896;1787411014126;1506;Trip / Kilometer & Betriebszähler;16;258;–;00-00-1C-48-00-02-34-DB-00-00-02-D4-00-00-00-00;NOTIFICATION;0;da1a1500-d532-4285-be94-b07a3e11a098;da1a1506-d532-4285-be94-b07a3e11a098;18;;
757317;1787411014547;1508;Settings / Licht & Fahrstufe;17;258;–;00-00-00-01-FF-FF-FF-FF-FF-FF-FF-00-00-00-00-00-00;NOTIFICATION;0;da1a1500-d532-4285-be94-b07a3e11a098;da1a1508-d532-4285-be94-b07a3e11a098;18;;
757526;1787411014756;1509;BatteryChange / Akku-Livestand;11;258;6;00-00-FF-FF-20-B3-B0-00-00-00-00;NOTIFICATION;0;da1a1500-d532-4285-be94-b07a3e11a098;da1a1509-d532-4285-be94-b07a3e11a098;18;;
757726;1787411014956;150A;MotorUpdate / Motor-Livestand;10;258;–;00-00-FF-FF-FF-FF-FF-FF-FF-FF;NOTIFICATION;0;da1a1500-d532-4285-be94-b07a3e11a098;da1a150a-d532-4285-be94-b07a3e11a098;18;;
757936;1787411015166;150B;Motor-/Controllerblock;20;258;–;FF-FF-FF-FF-FF-FF-FF-FF-FF-FF-FF-FF-FF-FF-FF-FF-FF-FF-FF-FF;NOTIFICATION;0;da1a1500-d532-4285-be94-b07a3e11a098;da1a150b-d532-4285-be94-b07a3e11a098;18;;
758146;1787411015376;150D;Fahrstatistik Max/Ø;20;258;–;01-1B-00-C4-FF-FF-FF-FF-47-18-FF-FF-FF-FF-FF-FF-FF-FF-00-00;NOTIFICATION;0;da1a1500-d532-4285-be94-b07a3e11a098;da1a150d-d532-4285-be94-b07a3e11a098;18;;
759187;1787411016417;1502;Akkuinformationen;16;259;–;47-18-FF-FF-FF-FF-47-18-FF-FF-FF-FF-FF-FF-00-00;NOTIFICATION;0;da1a1500-d532-4285-be94-b07a3e11a098;da1a1502-d532-4285-be94-b07a3e11a098;18;;
759607;1787411016837;1505;BikePerformance / Fahrleistung;18;250;7;00-00-00-00-FF-FF-00-00-FF-FF-FF-FF-FF-00-00-00-00-00;NOTIFICATION;0;da1a1500-d532-4285-be94-b07a3e11a098;da1a1505-d532-4285-be94-b07a3e11a098;18;;
759817;1787411017047;1506;Trip / Kilometer & Betriebszähler;16;259;7;00-00-1C-48-00-02-34-DC-00-00-02-D4-00-00-00-00;NOTIFICATION;0;da1a1500-d532-4285-be94-b07a3e11a098;da1a1506-d532-4285-be94-b07a3e11a098;18;;
760236;1787411017466;1508;Settings / Licht & Fahrstufe;17;259;–;00-00-00-01-FF-FF-FF-FF-FF-FF-FF-00-00-00-00-00-00;NOTIFICATION;0;da1a1500-d532-4285-be94-b07a3e11a098;da1a1508-d532-4285-be94-b07a3e11a098;18;;
760447;1787411017677;1509;BatteryChange / Akku-Livestand;11;259;–;00-00-FF-FF-20-B3-B0-00-00-00-00;NOTIFICATION;0;da1a1500-d532-4285-be94-b07a3e11a098;da1a1509-d532-4285-be94-b07a3e11a098;18;;
760648;1787411017878;150A;MotorUpdate / Motor-Livestand;10;259;–;00-00-FF-FF-FF-FF-FF-FF-FF-FF;NOTIFICATION;0;da1a1500-d532-4285-be94-b07a3e11a098;da1a150a-d532-4285-be94-b07a3e11a098;18;;
760858;1787411018088;150B;Motor-/Controllerblock;20;259;–;FF-FF-FF-FF-FF-FF-FF-FF-FF-FF-FF-FF-FF-FF-FF-FF-FF-FF-FF-FF;NOTIFICATION;0;da1a1500-d532-4285-be94-b07a3e11a098;da1a150b-d532-4285-be94-b07a3e11a098;18;;
761066;1787411018296;150D;Fahrstatistik Max/Ø;20;259;–;01-1B-00-C4-FF-FF-FF-FF-47-18-FF-FF-FF-FF-FF-FF-FF-FF-00-00;NOTIFICATION;0;da1a1500-d532-4285-be94-b07a3e11a098;da1a150d-d532-4285-be94-b07a3e11a098;18;;
762117;1787411019347;1502;Akkuinformationen;16;260;–;47-18-FF-FF-FF-FF-47-18-FF-FF-FF-FF-FF-FF-00-00;NOTIFICATION;0;da1a1500-d532-4285-be94-b07a3e11a098;da1a1502-d532-4285-be94-b07a3e11a098;18;;
762527;1787411019757;1505;BikePerformance / Fahrleistung;18;251;–;00-00-00-00-FF-FF-00-00-FF-FF-FF-FF-FF-00-00-00-00-00;NOTIFICATION;0;da1a1500-d532-4285-be94-b07a3e11a098;da1a1505-d532-4285-be94-b07a3e11a098;18;;
762736;1787411019966;1506;Trip / Kilometer & Betriebszähler;16;260;–;00-00-1C-48-00-02-34-DC-00-00-02-D4-00-00-00-00;NOTIFICATION;0;da1a1500-d532-4285-be94-b07a3e11a098;da1a1506-d532-4285-be94-b07a3e11a098;18;;
763155;1787411020385;1508;Settings / Licht & Fahrstufe;17;260;–;00-00-00-01-FF-FF-FF-FF-FF-FF-FF-00-00-00-00-00-00;NOTIFICATION;0;da1a1500-d532-4285-be94-b07a3e11a098;da1a1508-d532-4285-be94-b07a3e11a098;18;;
763369;1787411020599;1509;BatteryChange / Akku-Livestand;11;260;6;00-00-FF-FF-20-B3-4C-00-00-00-00;NOTIFICATION;0;da1a1500-d532-4285-be94-b07a3e11a098;da1a1509-d532-4285-be94-b07a3e11a098;18;;
763576;1787411020806;150A;MotorUpdate / Motor-Livestand;10;260;–;00-00-FF-FF-FF-FF-FF-FF-FF-FF;NOTIFICATION;0;da1a1500-d532-4285-be94-b07a3e11a098;da1a150a-d532-4285-be94-b07a3e11a098;18;;
763785;1787411021015;150B;Motor-/Controllerblock;20;260;–;FF-FF-FF-FF-FF-FF-FF-FF-FF-FF-FF-FF-FF-FF-FF-FF-FF-FF-FF-FF;NOTIFICATION;0;da1a1500-d532-4285-be94-b07a3e11a098;da1a150b-d532-4285-be94-b07a3e11a098;18;;
763987;1787411021217;150D;Fahrstatistik Max/Ø;20;260;–;01-1B-00-C4-FF-FF-FF-FF-47-18-FF-FF-FF-FF-FF-FF-FF-FF-00-00;NOTIFICATION;0;da1a1500-d532-4285-be94-b07a3e11a098;da1a150d-d532-4285-be94-b07a3e11a098;18;;
765036;1787411022266;1502;Akkuinformationen;16;261;–;47-18-FF-FF-FF-FF-47-18-FF-FF-FF-FF-FF-FF-00-00;NOTIFICATION;0;da1a1500-d532-4285-be94-b07a3e11a098;da1a1502-d532-4285-be94-b07a3e11a098;18;;
765447;1787411022677;1505;BikePerformance / Fahrleistung;18;252;–;00-00-00-00-FF-FF-00-00-FF-FF-FF-FF-FF-00-00-00-00-00;NOTIFICATION;0;da1a1500-d532-4285-be94-b07a3e11a098;da1a1505-d532-4285-be94-b07a3e11a098;18;;
765656;1787411022886;1506;Trip / Kilometer & Betriebszähler;16;261;–;00-00-1C-48-00-02-34-DC-00-00-02-D4-00-00-00-00;NOTIFICATION;0;da1a1500-d532-4285-be94-b07a3e11a098;da1a1506-d532-4285-be94-b07a3e11a098;18;;
766077;1787411023307;1508;Settings / Licht & Fahrstufe;17;261;–;00-00-00-01-FF-FF-FF-FF-FF-FF-FF-00-00-00-00-00-00;NOTIFICATION;0;da1a1500-d532-4285-be94-b07a3e11a098;da1a1508-d532-4285-be94-b07a3e11a098;18;;
766286;1787411023516;1509;BatteryChange / Akku-Livestand;11;261;6;00-00-FF-FF-20-B3-B0-00-00-00-00;NOTIFICATION;0;da1a1500-d532-4285-be94-b07a3e11a098;da1a1509-d532-4285-be94-b07a3e11a098;18;;
766500;1787411023730;150A;MotorUpdate / Motor-Livestand;10;261;–;00-00-FF-FF-FF-FF-FF-FF-FF-FF;NOTIFICATION;0;da1a1500-d532-4285-be94-b07a3e11a098;da1a150a-d532-4285-be94-b07a3e11a098;18;;
766707;1787411023937;150B;Motor-/Controllerblock;20;261;–;FF-FF-FF-FF-FF-FF-FF-FF-FF-FF-FF-FF-FF-FF-FF-FF-FF-FF-FF-FF;NOTIFICATION;0;da1a1500-d532-4285-be94-b07a3e11a098;da1a150b-d532-4285-be94-b07a3e11a098;18;;
766907;1787411024137;150D;Fahrstatistik Max/Ø;20;261;–;01-1B-00-C4-FF-FF-FF-FF-47-18-FF-FF-FF-FF-FF-FF-FF-FF-00-00;NOTIFICATION;0;da1a1500-d532-4285-be94-b07a3e11a098;da1a150d-d532-4285-be94-b07a3e11a098;18;;
767953;1787411025183;1502;Akkuinformationen;16;262;–;47-18-FF-FF-FF-FF-47-18-FF-FF-FF-FF-FF-FF-00-00;NOTIFICATION;0;da1a1500-d532-4285-be94-b07a3e11a098;da1a1502-d532-4285-be94-b07a3e11a098;18;;
768362;1787411025592;1505;BikePerformance / Fahrleistung;18;253;–;00-00-00-00-FF-FF-00-00-FF-FF-FF-FF-FF-00-00-00-00-00;NOTIFICATION;0;da1a1500-d532-4285-be94-b07a3e11a098;da1a1505-d532-4285-be94-b07a3e11a098;18;;
768574;1787411025804;1506;Trip / Kilometer & Betriebszähler;16;262;–;00-00-1C-48-00-02-34-DC-00-00-02-D4-00-00-00-00;NOTIFICATION;0;da1a1500-d532-4285-be94-b07a3e11a098;da1a1506-d532-4285-be94-b07a3e11a098;18;;
768993;1787411026223;1508;Settings / Licht & Fahrstufe;17;262;–;00-00-00-01-FF-FF-FF-FF-FF-FF-FF-00-00-00-00-00-00;NOTIFICATION;0;da1a1500-d532-4285-be94-b07a3e11a098;da1a1508-d532-4285-be94-b07a3e11a098;18;;
769204;1787411026434;1509;BatteryChange / Akku-Livestand;11;262;–;00-00-FF-FF-20-B3-B0-00-00-00-00;NOTIFICATION;0;da1a1500-d532-4285-be94-b07a3e11a098;da1a1509-d532-4285-be94-b07a3e11a098;18;;
769414;1787411026644;150A;MotorUpdate / Motor-Livestand;10;262;–;00-00-FF-FF-FF-FF-FF-FF-FF-FF;NOTIFICATION;0;da1a1500-d532-4285-be94-b07a3e11a098;da1a150a-d532-4285-be94-b07a3e11a098;18;;
769624;1787411026854;150B;Motor-/Controllerblock;20;262;–;FF-FF-FF-FF-FF-FF-FF-FF-FF-FF-FF-FF-FF-FF-FF-FF-FF-FF-FF-FF;NOTIFICATION;0;da1a1500-d532-4285-be94-b07a3e11a098;da1a150b-d532-4285-be94-b07a3e11a098;18;;
769846;1787411027076;150D;Fahrstatistik Max/Ø;20;262;–;01-1B-00-C4-FF-FF-FF-FF-47-18-FF-FF-FF-FF-FF-FF-FF-FF-00-00;NOTIFICATION;0;da1a1500-d532-4285-be94-b07a3e11a098;da1a150d-d532-4285-be94-b07a3e11a098;18;;
770875;1787411028105;1502;Akkuinformationen;16;263;–;47-18-FF-FF-FF-FF-47-18-FF-FF-FF-FF-FF-FF-00-00;NOTIFICATION;0;da1a1500-d532-4285-be94-b07a3e11a098;da1a1502-d532-4285-be94-b07a3e11a098;18;;
771295;1787411028525;1505;BikePerformance / Fahrleistung;18;254;–;00-00-00-00-FF-FF-00-00-FF-FF-FF-FF-FF-00-00-00-00-00;NOTIFICATION;0;da1a1500-d532-4285-be94-b07a3e11a098;da1a1505-d532-4285-be94-b07a3e11a098;18;;
771494;1787411028724;1506;Trip / Kilometer & Betriebszähler;16;263;–;00-00-1C-48-00-02-34-DC-00-00-02-D4-00-00-00-00;NOTIFICATION;0;da1a1500-d532-4285-be94-b07a3e11a098;da1a1506-d532-4285-be94-b07a3e11a098;18;;
771914;1787411029144;1508;Settings / Licht & Fahrstufe;17;263;–;00-00-00-01-FF-FF-FF-FF-FF-FF-FF-00-00-00-00-00-00;NOTIFICATION;0;da1a1500-d532-4285-be94-b07a3e11a098;da1a1508-d532-4285-be94-b07a3e11a098;18;;
772125;1787411029355;1509;BatteryChange / Akku-Livestand;11;263;–;00-00-FF-FF-20-B3-B0-00-00-00-00;NOTIFICATION;0;da1a1500-d532-4285-be94-b07a3e11a098;da1a1509-d532-4285-be94-b07a3e11a098;18;;
772334;1787411029564;150A;MotorUpdate / Motor-Livestand;10;263;–;00-00-FF-FF-FF-FF-FF-FF-FF-FF;NOTIFICATION;0;da1a1500-d532-4285-be94-b07a3e11a098;da1a150a-d532-4285-be94-b07a3e11a098;18;;
772544;1787411029774;150B;Motor-/Controllerblock;20;263;–;FF-FF-FF-FF-FF-FF-FF-FF-FF-FF-FF-FF-FF-FF-FF-FF-FF-FF-FF-FF;NOTIFICATION;0;da1a1500-d532-4285-be94-b07a3e11a098;da1a150b-d532-4285-be94-b07a3e11a098;18;;
772760;1787411029990;150D;Fahrstatistik Max/Ø;20;263;–;01-1B-00-C4-FF-FF-FF-FF-47-18-FF-FF-FF-FF-FF-FF-FF-FF-00-00;NOTIFICATION;0;da1a1500-d532-4285-be94-b07a3e11a098;da1a150d-d532-4285-be94-b07a3e11a098;18;;
773797;1787411031027;1502;Akkuinformationen;16;264;–;47-18-FF-FF-FF-FF-47-18-FF-FF-FF-FF-FF-FF-00-00;NOTIFICATION;0;da1a1500-d532-4285-be94-b07a3e11a098;da1a1502-d532-4285-be94-b07a3e11a098;18;;
774214;1787411031444;1505;BikePerformance / Fahrleistung;18;255;–;00-00-00-00-FF-FF-00-00-FF-FF-FF-FF-FF-00-00-00-00-00;NOTIFICATION;0;da1a1500-d532-4285-be94-b07a3e11a098;da1a1505-d532-4285-be94-b07a3e11a098;18;;
774422;1787411031652;1506;Trip / Kilometer & Betriebszähler;16;264;–;00-00-1C-48-00-02-34-DC-00-00-02-D4-00-00-00-00;NOTIFICATION;0;da1a1500-d532-4285-be94-b07a3e11a098;da1a1506-d532-4285-be94-b07a3e11a098;18;;
774835;1787411032065;1508;Settings / Licht & Fahrstufe;17;264;–;00-00-00-01-FF-FF-FF-FF-FF-FF-FF-00-00-00-00-00-00;NOTIFICATION;0;da1a1500-d532-4285-be94-b07a3e11a098;da1a1508-d532-4285-be94-b07a3e11a098;18;;
775046;1787411032276;1509;BatteryChange / Akku-Livestand;11;264;–;00-00-FF-FF-20-B3-B0-00-00-00-00;NOTIFICATION;0;da1a1500-d532-4285-be94-b07a3e11a098;da1a1509-d532-4285-be94-b07a3e11a098;18;;
775254;1787411032484;150A;MotorUpdate / Motor-Livestand;10;264;–;00-00-FF-FF-FF-FF-FF-FF-FF-FF;NOTIFICATION;0;da1a1500-d532-4285-be94-b07a3e11a098;da1a150a-d532-4285-be94-b07a3e11a098;18;;
775466;1787411032696;150B;Motor-/Controllerblock;20;264;–;FF-FF-FF-FF-FF-FF-FF-FF-FF-FF-FF-FF-FF-FF-FF-FF-FF-FF-FF-FF;NOTIFICATION;0;da1a1500-d532-4285-be94-b07a3e11a098;da1a150b-d532-4285-be94-b07a3e11a098;18;;
775678;1787411032908;150D;Fahrstatistik Max/Ø;20;264;–;01-1B-00-C4-FF-FF-FF-FF-47-18-FF-FF-FF-FF-FF-FF-FF-FF-00-00;NOTIFICATION;0;da1a1500-d532-4285-be94-b07a3e11a098;da1a150d-d532-4285-be94-b07a3e11a098;18;;
776716;1787411033946;1502;Akkuinformationen;16;265;–;47-18-FF-FF-FF-FF-47-18-FF-FF-FF-FF-FF-FF-00-00;NOTIFICATION;0;da1a1500-d532-4285-be94-b07a3e11a098;da1a1502-d532-4285-be94-b07a3e11a098;18;;
777134;1787411034364;1505;BikePerformance / Fahrleistung;18;256;–;00-00-00-00-FF-FF-00-00-FF-FF-FF-FF-FF-00-00-00-00-00;NOTIFICATION;0;da1a1500-d532-4285-be94-b07a3e11a098;da1a1505-d532-4285-be94-b07a3e11a098;18;;
777348;1787411034578;1506;Trip / Kilometer & Betriebszähler;16;265;–;00-00-1C-48-00-02-34-DC-00-00-02-D4-00-00-00-00;NOTIFICATION;0;da1a1500-d532-4285-be94-b07a3e11a098;da1a1506-d532-4285-be94-b07a3e11a098;18;;
777757;1787411034987;1508;Settings / Licht & Fahrstufe;17;265;–;00-00-00-01-FF-FF-FF-FF-FF-FF-FF-00-00-00-00-00-00;NOTIFICATION;0;da1a1500-d532-4285-be94-b07a3e11a098;da1a1508-d532-4285-be94-b07a3e11a098;18;;
777967;1787411035197;1509;BatteryChange / Akku-Livestand;11;265;–;00-00-FF-FF-20-B3-B0-00-00-00-00;NOTIFICATION;0;da1a1500-d532-4285-be94-b07a3e11a098;da1a1509-d532-4285-be94-b07a3e11a098;18;;
778178;1787411035408;150A;MotorUpdate / Motor-Livestand;10;265;–;00-00-FF-FF-FF-FF-FF-FF-FF-FF;NOTIFICATION;0;da1a1500-d532-4285-be94-b07a3e11a098;da1a150a-d532-4285-be94-b07a3e11a098;18;;
778385;1787411035615;150B;Motor-/Controllerblock;20;265;–;FF-FF-FF-FF-FF-FF-FF-FF-FF-FF-FF-FF-FF-FF-FF-FF-FF-FF-FF-FF;NOTIFICATION;0;da1a1500-d532-4285-be94-b07a3e11a098;da1a150b-d532-4285-be94-b07a3e11a098;18;;
778596;1787411035826;150D;Fahrstatistik Max/Ø;20;265;–;01-1B-00-C4-FF-FF-FF-FF-47-18-FF-FF-FF-FF-FF-FF-FF-FF-00-00;NOTIFICATION;0;da1a1500-d532-4285-be94-b07a3e11a098;da1a150d-d532-4285-be94-b07a3e11a098;18;;
779634;1787411036864;1502;Akkuinformationen;16;266;–;47-18-FF-FF-FF-FF-47-18-FF-FF-FF-FF-FF-FF-00-00;NOTIFICATION;0;da1a1500-d532-4285-be94-b07a3e11a098;da1a1502-d532-4285-be94-b07a3e11a098;18;;
780055;1787411037285;1505;BikePerformance / Fahrleistung;18;257;–;00-00-00-00-FF-FF-00-00-FF-FF-FF-FF-FF-00-00-00-00-00;NOTIFICATION;0;da1a1500-d532-4285-be94-b07a3e11a098;da1a1505-d532-4285-be94-b07a3e11a098;18;;
780265;1787411037495;1506;Trip / Kilometer & Betriebszähler;16;266;–;00-00-1C-48-00-02-34-DC-00-00-02-D4-00-00-00-00;NOTIFICATION;0;da1a1500-d532-4285-be94-b07a3e11a098;da1a1506-d532-4285-be94-b07a3e11a098;18;;
780677;1787411037907;1508;Settings / Licht & Fahrstufe;17;266;–;00-00-00-01-FF-FF-FF-FF-FF-FF-FF-00-00-00-00-00-00;NOTIFICATION;0;da1a1500-d532-4285-be94-b07a3e11a098;da1a1508-d532-4285-be94-b07a3e11a098;18;;
780887;1787411038117;1509;BatteryChange / Akku-Livestand;11;266;–;00-00-FF-FF-20-B3-B0-00-00-00-00;NOTIFICATION;0;da1a1500-d532-4285-be94-b07a3e11a098;da1a1509-d532-4285-be94-b07a3e11a098;18;;
781094;1787411038324;150A;MotorUpdate / Motor-Livestand;10;266;–;00-00-FF-FF-FF-FF-FF-FF-FF-FF;NOTIFICATION;0;da1a1500-d532-4285-be94-b07a3e11a098;da1a150a-d532-4285-be94-b07a3e11a098;18;;
781307;1787411038537;150B;Motor-/Controllerblock;20;266;–;FF-FF-FF-FF-FF-FF-FF-FF-FF-FF-FF-FF-FF-FF-FF-FF-FF-FF-FF-FF;NOTIFICATION;0;da1a1500-d532-4285-be94-b07a3e11a098;da1a150b-d532-4285-be94-b07a3e11a098;18;;
781518;1787411038748;150D;Fahrstatistik Max/Ø;20;266;–;01-1B-00-C4-FF-FF-FF-FF-47-18-FF-FF-FF-FF-FF-FF-FF-FF-00-00;NOTIFICATION;0;da1a1500-d532-4285-be94-b07a3e11a098;da1a150d-d532-4285-be94-b07a3e11a098;18;;
782556;1787411039786;1502;Akkuinformationen;16;267;–;47-18-FF-FF-FF-FF-47-18-FF-FF-FF-FF-FF-FF-00-00;NOTIFICATION;0;da1a1500-d532-4285-be94-b07a3e11a098;da1a1502-d532-4285-be94-b07a3e11a098;18;;
782981;1787411040211;1505;BikePerformance / Fahrleistung;18;258;–;00-00-00-00-FF-FF-00-00-FF-FF-FF-FF-FF-00-00-00-00-00;NOTIFICATION;0;da1a1500-d532-4285-be94-b07a3e11a098;da1a1505-d532-4285-be94-b07a3e11a098;18;;
783187;1787411040417;1506;Trip / Kilometer & Betriebszähler;16;267;–;00-00-1C-48-00-02-34-DC-00-00-02-D4-00-00-00-00;NOTIFICATION;0;da1a1500-d532-4285-be94-b07a3e11a098;da1a1506-d532-4285-be94-b07a3e11a098;18;;
783605;1787411040835;1508;Settings / Licht & Fahrstufe;17;267;–;00-00-00-01-FF-FF-FF-FF-FF-FF-FF-00-00-00-00-00-00;NOTIFICATION;0;da1a1500-d532-4285-be94-b07a3e11a098;da1a1508-d532-4285-be94-b07a3e11a098;18;;
783806;1787411041036;1509;BatteryChange / Akku-Livestand;11;267;–;00-00-FF-FF-20-B3-B0-00-00-00-00;NOTIFICATION;0;da1a1500-d532-4285-be94-b07a3e11a098;da1a1509-d532-4285-be94-b07a3e11a098;18;;
784018;1787411041248;150A;MotorUpdate / Motor-Livestand;10;267;–;00-00-FF-FF-FF-FF-FF-FF-FF-FF;NOTIFICATION;0;da1a1500-d532-4285-be94-b07a3e11a098;da1a150a-d532-4285-be94-b07a3e11a098;18;;
784227;1787411041457;150B;Motor-/Controllerblock;20;267;–;FF-FF-FF-FF-FF-FF-FF-FF-FF-FF-FF-FF-FF-FF-FF-FF-FF-FF-FF-FF;NOTIFICATION;0;da1a1500-d532-4285-be94-b07a3e11a098;da1a150b-d532-4285-be94-b07a3e11a098;18;;
784438;1787411041668;150D;Fahrstatistik Max/Ø;20;267;–;01-1B-00-C4-FF-FF-FF-FF-47-18-FF-FF-FF-FF-FF-FF-FF-FF-00-00;NOTIFICATION;0;da1a1500-d532-4285-be94-b07a3e11a098;da1a150d-d532-4285-be94-b07a3e11a098;18;;
785477;1787411042707;1502;Akkuinformationen;16;268;–;47-18-FF-FF-FF-FF-47-18-FF-FF-FF-FF-FF-FF-00-00;NOTIFICATION;0;da1a1500-d532-4285-be94-b07a3e11a098;da1a1502-d532-4285-be94-b07a3e11a098;18;;
785895;1787411043125;1505;BikePerformance / Fahrleistung;18;259;–;00-00-00-00-FF-FF-00-00-FF-FF-FF-FF-FF-00-00-00-00-00;NOTIFICATION;0;da1a1500-d532-4285-be94-b07a3e11a098;da1a1505-d532-4285-be94-b07a3e11a098;18;;
786105;1787411043335;1506;Trip / Kilometer & Betriebszähler;16;268;–;00-00-1C-48-00-02-34-DC-00-00-02-D4-00-00-00-00;NOTIFICATION;0;da1a1500-d532-4285-be94-b07a3e11a098;da1a1506-d532-4285-be94-b07a3e11a098;18;;
786524;1787411043754;1508;Settings / Licht & Fahrstufe;17;268;–;00-00-00-01-FF-FF-FF-FF-FF-FF-FF-00-00-00-00-00-00;NOTIFICATION;0;da1a1500-d532-4285-be94-b07a3e11a098;da1a1508-d532-4285-be94-b07a3e11a098;18;;
786747;1787411043977;1509;BatteryChange / Akku-Livestand;11;268;–;00-00-FF-FF-20-B3-B0-00-00-00-00;NOTIFICATION;0;da1a1500-d532-4285-be94-b07a3e11a098;da1a1509-d532-4285-be94-b07a3e11a098;18;;
786934;1787411044164;150A;MotorUpdate / Motor-Livestand;10;268;–;00-00-FF-FF-FF-FF-FF-FF-FF-FF;NOTIFICATION;0;da1a1500-d532-4285-be94-b07a3e11a098;da1a150a-d532-4285-be94-b07a3e11a098;18;;
787144;1787411044374;150B;Motor-/Controllerblock;20;268;–;FF-FF-FF-FF-FF-FF-FF-FF-FF-FF-FF-FF-FF-FF-FF-FF-FF-FF-FF-FF;NOTIFICATION;0;da1a1500-d532-4285-be94-b07a3e11a098;da1a150b-d532-4285-be94-b07a3e11a098;18;;
787358;1787411044588;150D;Fahrstatistik Max/Ø;20;268;–;01-1B-00-C4-FF-FF-FF-FF-47-18-FF-FF-FF-FF-FF-FF-FF-FF-00-00;NOTIFICATION;0;da1a1500-d532-4285-be94-b07a3e11a098;da1a150d-d532-4285-be94-b07a3e11a098;18;;
788392;1787411045622;1502;Akkuinformationen;16;269;–;47-18-FF-FF-FF-FF-47-18-FF-FF-FF-FF-FF-FF-00-00;NOTIFICATION;0;da1a1500-d532-4285-be94-b07a3e11a098;da1a1502-d532-4285-be94-b07a3e11a098;18;;
788815;1787411046045;1505;BikePerformance / Fahrleistung;18;260;–;00-00-00-00-FF-FF-00-00-FF-FF-FF-FF-FF-00-00-00-00-00;NOTIFICATION;0;da1a1500-d532-4285-be94-b07a3e11a098;da1a1505-d532-4285-be94-b07a3e11a098;18;;
789027;1787411046257;1506;Trip / Kilometer & Betriebszähler;16;269;–;00-00-1C-48-00-02-34-DC-00-00-02-D4-00-00-00-00;NOTIFICATION;0;da1a1500-d532-4285-be94-b07a3e11a098;da1a1506-d532-4285-be94-b07a3e11a098;18;;
789445;1787411046675;1508;Settings / Licht & Fahrstufe;17;269;–;00-00-00-01-FF-FF-FF-FF-FF-FF-FF-00-00-00-00-00-00;NOTIFICATION;0;da1a1500-d532-4285-be94-b07a3e11a098;da1a1508-d532-4285-be94-b07a3e11a098;18;;
789656;1787411046886;1509;BatteryChange / Akku-Livestand;11;269;–;00-00-FF-FF-20-B3-B0-00-00-00-00;NOTIFICATION;0;da1a1500-d532-4285-be94-b07a3e11a098;da1a1509-d532-4285-be94-b07a3e11a098;18;;
789857;1787411047087;150A;MotorUpdate / Motor-Livestand;10;269;–;00-00-FF-FF-FF-FF-FF-FF-FF-FF;NOTIFICATION;0;da1a1500-d532-4285-be94-b07a3e11a098;da1a150a-d532-4285-be94-b07a3e11a098;18;;
790077;1787411047307;150B;Motor-/Controllerblock;20;269;–;FF-FF-FF-FF-FF-FF-FF-FF-FF-FF-FF-FF-FF-FF-FF-FF-FF-FF-FF-FF;NOTIFICATION;0;da1a1500-d532-4285-be94-b07a3e11a098;da1a150b-d532-4285-be94-b07a3e11a098;18;;
790278;1787411047508;150D;Fahrstatistik Max/Ø;20;269;–;01-1B-00-C4-FF-FF-FF-FF-47-18-FF-FF-FF-FF-FF-FF-FF-FF-00-00;NOTIFICATION;0;da1a1500-d532-4285-be94-b07a3e11a098;da1a150d-d532-4285-be94-b07a3e11a098;18;;
791325;1787411048555;1502;Akkuinformationen;16;270;–;47-18-FF-FF-FF-FF-47-18-FF-FF-FF-FF-FF-FF-00-00;NOTIFICATION;0;da1a1500-d532-4285-be94-b07a3e11a098;da1a1502-d532-4285-be94-b07a3e11a098;18;;
791737;1787411048967;1505;BikePerformance / Fahrleistung;18;261;–;00-00-00-00-FF-FF-00-00-FF-FF-FF-FF-FF-00-00-00-00-00;NOTIFICATION;0;da1a1500-d532-4285-be94-b07a3e11a098;da1a1505-d532-4285-be94-b07a3e11a098;18;;
791944;1787411049174;1506;Trip / Kilometer & Betriebszähler;16;270;–;00-00-1C-48-00-02-34-DC-00-00-02-D4-00-00-00-00;NOTIFICATION;0;da1a1500-d532-4285-be94-b07a3e11a098;da1a1506-d532-4285-be94-b07a3e11a098;18;;
792367;1787411049597;1508;Settings / Licht & Fahrstufe;17;270;–;00-00-00-01-FF-FF-FF-FF-FF-FF-FF-00-00-00-00-00-00;NOTIFICATION;0;da1a1500-d532-4285-be94-b07a3e11a098;da1a1508-d532-4285-be94-b07a3e11a098;18;;
792573;1787411049803;1509;BatteryChange / Akku-Livestand;11;270;–;00-00-FF-FF-20-B3-B0-00-00-00-00;NOTIFICATION;0;da1a1500-d532-4285-be94-b07a3e11a098;da1a1509-d532-4285-be94-b07a3e11a098;18;;
792784;1787411050014;150A;MotorUpdate / Motor-Livestand;10;270;–;00-00-FF-FF-FF-FF-FF-FF-FF-FF;NOTIFICATION;0;da1a1500-d532-4285-be94-b07a3e11a098;da1a150a-d532-4285-be94-b07a3e11a098;18;;
792996;1787411050226;150B;Motor-/Controllerblock;20;270;–;FF-FF-FF-FF-FF-FF-FF-FF-FF-FF-FF-FF-FF-FF-FF-FF-FF-FF-FF-FF;NOTIFICATION;0;da1a1500-d532-4285-be94-b07a3e11a098;da1a150b-d532-4285-be94-b07a3e11a098;18;;
793197;1787411050427;150D;Fahrstatistik Max/Ø;20;270;–;01-1B-00-C4-FF-FF-FF-FF-47-18-FF-FF-FF-FF-FF-FF-FF-FF-00-00;NOTIFICATION;0;da1a1500-d532-4285-be94-b07a3e11a098;da1a150d-d532-4285-be94-b07a3e11a098;18;;
794246;1787411051476;1502;Akkuinformationen;16;271;–;47-18-FF-FF-FF-FF-47-18-FF-FF-FF-FF-FF-FF-00-00;NOTIFICATION;0;da1a1500-d532-4285-be94-b07a3e11a098;da1a1502-d532-4285-be94-b07a3e11a098;18;;
794655;1787411051885;1505;BikePerformance / Fahrleistung;18;262;–;00-00-00-00-FF-FF-00-00-FF-FF-FF-FF-FF-00-00-00-00-00;NOTIFICATION;0;da1a1500-d532-4285-be94-b07a3e11a098;da1a1505-d532-4285-be94-b07a3e11a098;18;;
794865;1787411052095;1506;Trip / Kilometer & Betriebszähler;16;271;–;00-00-1C-48-00-02-34-DC-00-00-02-D4-00-00-00-00;NOTIFICATION;0;da1a1500-d532-4285-be94-b07a3e11a098;da1a1506-d532-4285-be94-b07a3e11a098;18;;
795287;1787411052517;1508;Settings / Licht & Fahrstufe;17;271;–;00-00-00-01-FF-FF-FF-FF-FF-FF-FF-00-00-00-00-00-00;NOTIFICATION;0;da1a1500-d532-4285-be94-b07a3e11a098;da1a1508-d532-4285-be94-b07a3e11a098;18;;
795505;1787411052735;1509;BatteryChange / Akku-Livestand;11;271;–;00-00-FF-FF-20-B3-B0-00-00-00-00;NOTIFICATION;0;da1a1500-d532-4285-be94-b07a3e11a098;da1a1509-d532-4285-be94-b07a3e11a098;18;;
795704;1787411052934;150A;MotorUpdate / Motor-Livestand;10;271;–;00-00-FF-FF-FF-FF-FF-FF-FF-FF;NOTIFICATION;0;da1a1500-d532-4285-be94-b07a3e11a098;da1a150a-d532-4285-be94-b07a3e11a098;18;;
795914;1787411053144;150B;Motor-/Controllerblock;20;271;–;FF-FF-FF-FF-FF-FF-FF-FF-FF-FF-FF-FF-FF-FF-FF-FF-FF-FF-FF-FF;NOTIFICATION;0;da1a1500-d532-4285-be94-b07a3e11a098;da1a150b-d532-4285-be94-b07a3e11a098;18;;
796123;1787411053353;150D;Fahrstatistik Max/Ø;20;271;–;01-1B-00-C4-FF-FF-FF-FF-47-18-FF-FF-FF-FF-FF-FF-FF-FF-00-00;NOTIFICATION;0;da1a1500-d532-4285-be94-b07a3e11a098;da1a150d-d532-4285-be94-b07a3e11a098;18;;
797170;1787411054400;1502;Akkuinformationen;16;272;–;47-18-FF-FF-FF-FF-47-18-FF-FF-FF-FF-FF-FF-00-00;NOTIFICATION;0;da1a1500-d532-4285-be94-b07a3e11a098;da1a1502-d532-4285-be94-b07a3e11a098;18;;
797586;1787411054816;1505;BikePerformance / Fahrleistung;18;263;–;00-00-00-00-FF-FF-00-00-FF-FF-FF-FF-FF-00-00-00-00-00;NOTIFICATION;0;da1a1500-d532-4285-be94-b07a3e11a098;da1a1505-d532-4285-be94-b07a3e11a098;18;;
797787;1787411055017;1506;Trip / Kilometer & Betriebszähler;16;272;–;00-00-1C-48-00-02-34-DC-00-00-02-D4-00-00-00-00;NOTIFICATION;0;da1a1500-d532-4285-be94-b07a3e11a098;da1a1506-d532-4285-be94-b07a3e11a098;18;;
798206;1787411055436;1508;Settings / Licht & Fahrstufe;17;272;–;00-00-00-01-FF-FF-FF-FF-FF-FF-FF-00-00-00-00-00-00;NOTIFICATION;0;da1a1500-d532-4285-be94-b07a3e11a098;da1a1508-d532-4285-be94-b07a3e11a098;18;;
798416;1787411055646;1509;BatteryChange / Akku-Livestand;11;272;–;00-00-FF-FF-20-B3-B0-00-00-00-00;NOTIFICATION;0;da1a1500-d532-4285-be94-b07a3e11a098;da1a1509-d532-4285-be94-b07a3e11a098;18;;
798624;1787411055854;150A;MotorUpdate / Motor-Livestand;10;272;–;00-00-FF-FF-FF-FF-FF-FF-FF-FF;NOTIFICATION;0;da1a1500-d532-4285-be94-b07a3e11a098;da1a150a-d532-4285-be94-b07a3e11a098;18;;
798833;1787411056063;150B;Motor-/Controllerblock;20;272;–;FF-FF-FF-FF-FF-FF-FF-FF-FF-FF-FF-FF-FF-FF-FF-FF-FF-FF-FF-FF;NOTIFICATION;0;da1a1500-d532-4285-be94-b07a3e11a098;da1a150b-d532-4285-be94-b07a3e11a098;18;;
799045;1787411056275;150D;Fahrstatistik Max/Ø;20;272;–;01-1B-00-C4-FF-FF-FF-FF-47-18-FF-FF-FF-FF-FF-FF-FF-FF-00-00;NOTIFICATION;0;da1a1500-d532-4285-be94-b07a3e11a098;da1a150d-d532-4285-be94-b07a3e11a098;18;;
800085;1787411057315;1502;Akkuinformationen;16;273;–;47-18-FF-FF-FF-FF-47-18-FF-FF-FF-FF-FF-FF-00-00;NOTIFICATION;0;da1a1500-d532-4285-be94-b07a3e11a098;da1a1502-d532-4285-be94-b07a3e11a098;18;;
800506;1787411057736;1505;BikePerformance / Fahrleistung;18;264;–;00-00-00-00-FF-FF-00-00-FF-FF-FF-FF-FF-00-00-00-00-00;NOTIFICATION;0;da1a1500-d532-4285-be94-b07a3e11a098;da1a1505-d532-4285-be94-b07a3e11a098;18;;
800714;1787411057944;1506;Trip / Kilometer & Betriebszähler;16;273;–;00-00-1C-48-00-02-34-DC-00-00-02-D4-00-00-00-00;NOTIFICATION;0;da1a1500-d532-4285-be94-b07a3e11a098;da1a1506-d532-4285-be94-b07a3e11a098;18;;
801125;1787411058355;1508;Settings / Licht & Fahrstufe;17;273;–;00-00-00-01-FF-FF-FF-FF-FF-FF-FF-00-00-00-00-00-00;NOTIFICATION;0;da1a1500-d532-4285-be94-b07a3e11a098;da1a1508-d532-4285-be94-b07a3e11a098;18;;
801335;1787411058565;1509;BatteryChange / Akku-Livestand;11;273;–;00-00-FF-FF-20-B3-B0-00-00-00-00;NOTIFICATION;0;da1a1500-d532-4285-be94-b07a3e11a098;da1a1509-d532-4285-be94-b07a3e11a098;18;;
801545;1787411058775;150A;MotorUpdate / Motor-Livestand;10;273;–;00-00-FF-FF-FF-FF-FF-FF-FF-FF;NOTIFICATION;0;da1a1500-d532-4285-be94-b07a3e11a098;da1a150a-d532-4285-be94-b07a3e11a098;18;;
801759;1787411058989;150B;Motor-/Controllerblock;20;273;–;FF-FF-FF-FF-FF-FF-FF-FF-FF-FF-FF-FF-FF-FF-FF-FF-FF-FF-FF-FF;NOTIFICATION;0;da1a1500-d532-4285-be94-b07a3e11a098;da1a150b-d532-4285-be94-b07a3e11a098;18;;
801966;1787411059196;150D;Fahrstatistik Max/Ø;20;273;–;01-1B-00-C4-FF-FF-FF-FF-47-18-FF-FF-FF-FF-FF-FF-FF-FF-00-00;NOTIFICATION;0;da1a1500-d532-4285-be94-b07a3e11a098;da1a150d-d532-4285-be94-b07a3e11a098;18;;
803216;1787411060446;1502;Akkuinformationen;16;274;–;47-18-FF-FF-FF-FF-47-18-FF-FF-FF-FF-FF-FF-00-00;NOTIFICATION;0;da1a1500-d532-4285-be94-b07a3e11a098;da1a1502-d532-4285-be94-b07a3e11a098;18;;
803635;1787411060865;1505;BikePerformance / Fahrleistung;18;265;–;00-00-00-00-FF-FF-00-00-FF-FF-FF-FF-FF-00-00-00-00-00;NOTIFICATION;0;da1a1500-d532-4285-be94-b07a3e11a098;da1a1505-d532-4285-be94-b07a3e11a098;18;;
803835;1787411061065;1506;Trip / Kilometer & Betriebszähler;16;274;–;00-00-1C-48-00-02-34-DC-00-00-02-D4-00-00-00-00;NOTIFICATION;0;da1a1500-d532-4285-be94-b07a3e11a098;da1a1506-d532-4285-be94-b07a3e11a098;18;;
804255;1787411061485;1508;Settings / Licht & Fahrstufe;17;274;–;00-00-00-01-FF-FF-FF-FF-FF-FF-FF-00-00-00-00-00-00;NOTIFICATION;0;da1a1500-d532-4285-be94-b07a3e11a098;da1a1508-d532-4285-be94-b07a3e11a098;18;;
804464;1787411061694;1509;BatteryChange / Akku-Livestand;11;274;–;00-00-FF-FF-20-B3-B0-00-00-00-00;NOTIFICATION;0;da1a1500-d532-4285-be94-b07a3e11a098;da1a1509-d532-4285-be94-b07a3e11a098;18;;
804675;1787411061905;150A;MotorUpdate / Motor-Livestand;10;274;–;00-00-FF-FF-FF-FF-FF-FF-FF-FF;NOTIFICATION;0;da1a1500-d532-4285-be94-b07a3e11a098;da1a150a-d532-4285-be94-b07a3e11a098;18;;
804884;1787411062114;150B;Motor-/Controllerblock;20;274;–;FF-FF-FF-FF-FF-FF-FF-FF-FF-FF-FF-FF-FF-FF-FF-FF-FF-FF-FF-FF;NOTIFICATION;0;da1a1500-d532-4285-be94-b07a3e11a098;da1a150b-d532-4285-be94-b07a3e11a098;18;;
805094;1787411062324;150D;Fahrstatistik Max/Ø;20;274;–;01-1B-00-C4-FF-FF-FF-FF-47-18-FF-FF-FF-FF-FF-FF-FF-FF-00-00;NOTIFICATION;0;da1a1500-d532-4285-be94-b07a3e11a098;da1a150d-d532-4285-be94-b07a3e11a098;18;;
806137;1787411063367;1502;Akkuinformationen;16;275;–;47-18-FF-FF-FF-FF-47-18-FF-FF-FF-FF-FF-FF-00-00;NOTIFICATION;0;da1a1500-d532-4285-be94-b07a3e11a098;da1a1502-d532-4285-be94-b07a3e11a098;18;;
806555;1787411063785;1505;BikePerformance / Fahrleistung;18;266;–;00-00-00-00-FF-FF-00-00-FF-FF-FF-FF-FF-00-00-00-00-00;NOTIFICATION;0;da1a1500-d532-4285-be94-b07a3e11a098;da1a1505-d532-4285-be94-b07a3e11a098;18;;
806768;1787411063998;1506;Trip / Kilometer & Betriebszähler;16;275;–;00-00-1C-48-00-02-34-DC-00-00-02-D4-00-00-00-00;NOTIFICATION;0;da1a1500-d532-4285-be94-b07a3e11a098;da1a1506-d532-4285-be94-b07a3e11a098;18;;
807178;1787411064408;1508;Settings / Licht & Fahrstufe;17;275;–;00-00-00-01-FF-FF-FF-FF-FF-FF-FF-00-00-00-00-00-00;NOTIFICATION;0;da1a1500-d532-4285-be94-b07a3e11a098;da1a1508-d532-4285-be94-b07a3e11a098;18;;
807387;1787411064617;1509;BatteryChange / Akku-Livestand;11;275;–;00-00-FF-FF-20-B3-B0-00-00-00-00;NOTIFICATION;0;da1a1500-d532-4285-be94-b07a3e11a098;da1a1509-d532-4285-be94-b07a3e11a098;18;;
807599;1787411064829;150A;MotorUpdate / Motor-Livestand;10;275;–;00-00-FF-FF-FF-FF-FF-FF-FF-FF;NOTIFICATION;0;da1a1500-d532-4285-be94-b07a3e11a098;da1a150a-d532-4285-be94-b07a3e11a098;18;;
807808;1787411065038;150B;Motor-/Controllerblock;20;275;–;FF-FF-FF-FF-FF-FF-FF-FF-FF-FF-FF-FF-FF-FF-FF-FF-FF-FF-FF-FF;NOTIFICATION;0;da1a1500-d532-4285-be94-b07a3e11a098;da1a150b-d532-4285-be94-b07a3e11a098;18;;
808019;1787411065249;150D;Fahrstatistik Max/Ø;20;275;–;01-1B-00-C4-FF-FF-FF-FF-47-18-FF-FF-FF-FF-FF-FF-FF-FF-00-00;NOTIFICATION;0;da1a1500-d532-4285-be94-b07a3e11a098;da1a150d-d532-4285-be94-b07a3e11a098;18;;
809059;1787411066289;1502;Akkuinformationen;16;276;–;47-18-FF-FF-FF-FF-47-18-FF-FF-FF-FF-FF-FF-00-00;NOTIFICATION;0;da1a1500-d532-4285-be94-b07a3e11a098;da1a1502-d532-4285-be94-b07a3e11a098;18;;
809475;1787411066705;1505;BikePerformance / Fahrleistung;18;267;–;00-00-00-00-FF-FF-00-00-FF-FF-FF-FF-FF-00-00-00-00-00;NOTIFICATION;0;da1a1500-d532-4285-be94-b07a3e11a098;da1a1505-d532-4285-be94-b07a3e11a098;18;;
809687;1787411066917;1506;Trip / Kilometer & Betriebszähler;16;276;–;00-00-1C-48-00-02-34-DC-00-00-02-D4-00-00-00-00;NOTIFICATION;0;da1a1500-d532-4285-be94-b07a3e11a098;da1a1506-d532-4285-be94-b07a3e11a098;18;;
810097;1787411067327;1508;Settings / Licht & Fahrstufe;17;276;–;00-00-00-01-FF-FF-FF-FF-FF-FF-FF-00-00-00-00-00-00;NOTIFICATION;0;da1a1500-d532-4285-be94-b07a3e11a098;da1a1508-d532-4285-be94-b07a3e11a098;18;;
810308;1787411067538;1509;BatteryChange / Akku-Livestand;11;276;–;00-00-FF-FF-20-B3-B0-00-00-00-00;NOTIFICATION;0;da1a1500-d532-4285-be94-b07a3e11a098;da1a1509-d532-4285-be94-b07a3e11a098;18;;
810517;1787411067747;150A;MotorUpdate / Motor-Livestand;10;276;–;00-00-FF-FF-FF-FF-FF-FF-FF-FF;NOTIFICATION;0;da1a1500-d532-4285-be94-b07a3e11a098;da1a150a-d532-4285-be94-b07a3e11a098;18;;
810728;1787411067958;150B;Motor-/Controllerblock;20;276;–;FF-FF-FF-FF-FF-FF-FF-FF-FF-FF-FF-FF-FF-FF-FF-FF-FF-FF-FF-FF;NOTIFICATION;0;da1a1500-d532-4285-be94-b07a3e11a098;da1a150b-d532-4285-be94-b07a3e11a098;18;;
810941;1787411068171;150D;Fahrstatistik Max/Ø;20;276;–;01-1B-00-C4-FF-FF-FF-FF-47-18-FF-FF-FF-FF-FF-FF-FF-FF-00-00;NOTIFICATION;0;da1a1500-d532-4285-be94-b07a3e11a098;da1a150d-d532-4285-be94-b07a3e11a098;18;;
811978;1787411069208;1502;Akkuinformationen;16;277;–;47-18-FF-FF-FF-FF-47-18-FF-FF-FF-FF-FF-FF-00-00;NOTIFICATION;0;da1a1500-d532-4285-be94-b07a3e11a098;da1a1502-d532-4285-be94-b07a3e11a098;18;;
812399;1787411069629;1505;BikePerformance / Fahrleistung;18;268;–;00-00-00-00-FF-FF-00-00-FF-FF-FF-FF-FF-00-00-00-00-00;NOTIFICATION;0;da1a1500-d532-4285-be94-b07a3e11a098;da1a1505-d532-4285-be94-b07a3e11a098;18;;
812608;1787411069838;1506;Trip / Kilometer & Betriebszähler;16;277;–;00-00-1C-48-00-02-34-DC-00-00-02-D4-00-00-00-00;NOTIFICATION;0;da1a1500-d532-4285-be94-b07a3e11a098;da1a1506-d532-4285-be94-b07a3e11a098;18;;
813028;1787411070258;1508;Settings / Licht & Fahrstufe;17;277;–;00-00-00-01-FF-FF-FF-FF-FF-FF-FF-00-00-00-00-00-00;NOTIFICATION;0;da1a1500-d532-4285-be94-b07a3e11a098;da1a1508-d532-4285-be94-b07a3e11a098;18;;
813228;1787411070458;1509;BatteryChange / Akku-Livestand;11;277;–;00-00-FF-FF-20-B3-B0-00-00-00-00;NOTIFICATION;0;da1a1500-d532-4285-be94-b07a3e11a098;da1a1509-d532-4285-be94-b07a3e11a098;18;;
813439;1787411070669;150A;MotorUpdate / Motor-Livestand;10;277;–;00-00-FF-FF-FF-FF-FF-FF-FF-FF;NOTIFICATION;0;da1a1500-d532-4285-be94-b07a3e11a098;da1a150a-d532-4285-be94-b07a3e11a098;18;;
813648;1787411070878;150B;Motor-/Controllerblock;20;277;–;FF-FF-FF-FF-FF-FF-FF-FF-FF-FF-FF-FF-FF-FF-FF-FF-FF-FF-FF-FF;NOTIFICATION;0;da1a1500-d532-4285-be94-b07a3e11a098;da1a150b-d532-4285-be94-b07a3e11a098;18;;
813860;1787411071090;150D;Fahrstatistik Max/Ø;20;277;–;01-1B-00-C4-FF-FF-FF-FF-47-18-FF-FF-FF-FF-FF-FF-FF-FF-00-00;NOTIFICATION;0;da1a1500-d532-4285-be94-b07a3e11a098;da1a150d-d532-4285-be94-b07a3e11a098;18;;
814899;1787411072129;1502;Akkuinformationen;16;278;–;47-18-FF-FF-FF-FF-47-18-FF-FF-FF-FF-FF-FF-00-00;NOTIFICATION;0;da1a1500-d532-4285-be94-b07a3e11a098;da1a1502-d532-4285-be94-b07a3e11a098;18;;
815316;1787411072546;1505;BikePerformance / Fahrleistung;18;269;–;00-00-00-00-FF-FF-00-00-FF-FF-FF-FF-FF-00-00-00-00-00;NOTIFICATION;0;da1a1500-d532-4285-be94-b07a3e11a098;da1a1505-d532-4285-be94-b07a3e11a098;18;;
815528;1787411072758;1506;Trip / Kilometer & Betriebszähler;16;278;–;00-00-1C-48-00-02-34-DC-00-00-02-D4-00-00-00-00;NOTIFICATION;0;da1a1500-d532-4285-be94-b07a3e11a098;da1a1506-d532-4285-be94-b07a3e11a098;18;;
815950;1787411073180;1508;Settings / Licht & Fahrstufe;17;278;–;00-00-00-01-FF-FF-FF-FF-FF-FF-FF-00-00-00-00-00-00;NOTIFICATION;0;da1a1500-d532-4285-be94-b07a3e11a098;da1a1508-d532-4285-be94-b07a3e11a098;18;;
816147;1787411073377;1509;BatteryChange / Akku-Livestand;11;278;–;00-00-FF-FF-20-B3-B0-00-00-00-00;NOTIFICATION;0;da1a1500-d532-4285-be94-b07a3e11a098;da1a1509-d532-4285-be94-b07a3e11a098;18;;
816359;1787411073589;150A;MotorUpdate / Motor-Livestand;10;278;–;00-00-FF-FF-FF-FF-FF-FF-FF-FF;NOTIFICATION;0;da1a1500-d532-4285-be94-b07a3e11a098;da1a150a-d532-4285-be94-b07a3e11a098;18;;
816566;1787411073796;150B;Motor-/Controllerblock;20;278;–;FF-FF-FF-FF-FF-FF-FF-FF-FF-FF-FF-FF-FF-FF-FF-FF-FF-FF-FF-FF;NOTIFICATION;0;da1a1500-d532-4285-be94-b07a3e11a098;da1a150b-d532-4285-be94-b07a3e11a098;18;;
816778;1787411074008;150D;Fahrstatistik Max/Ø;20;278;–;01-1B-00-C4-FF-FF-FF-FF-47-18-FF-FF-FF-FF-FF-FF-FF-FF-00-00;NOTIFICATION;0;da1a1500-d532-4285-be94-b07a3e11a098;da1a150d-d532-4285-be94-b07a3e11a098;18;;
817818;1787411075048;1502;Akkuinformationen;16;279;–;47-18-FF-FF-FF-FF-47-18-FF-FF-FF-FF-FF-FF-00-00;NOTIFICATION;0;da1a1500-d532-4285-be94-b07a3e11a098;da1a1502-d532-4285-be94-b07a3e11a098;18;;
818238;1787411075468;1505;BikePerformance / Fahrleistung;18;270;–;00-00-00-00-FF-FF-00-00-FF-FF-FF-FF-FF-00-00-00-00-00;NOTIFICATION;0;da1a1500-d532-4285-be94-b07a3e11a098;da1a1505-d532-4285-be94-b07a3e11a098;18;;
818450;1787411075680;1506;Trip / Kilometer & Betriebszähler;16;279;–;00-00-1C-48-00-02-34-DC-00-00-02-D4-00-00-00-00;NOTIFICATION;0;da1a1500-d532-4285-be94-b07a3e11a098;da1a1506-d532-4285-be94-b07a3e11a098;18;;
818878;1787411076108;1508;Settings / Licht & Fahrstufe;17;279;–;00-00-00-01-FF-FF-FF-FF-FF-FF-FF-00-00-00-00-00-00;NOTIFICATION;0;da1a1500-d532-4285-be94-b07a3e11a098;da1a1508-d532-4285-be94-b07a3e11a098;18;;
819079;1787411076309;1509;BatteryChange / Akku-Livestand;11;279;–;00-00-FF-FF-20-B3-B0-00-00-00-00;NOTIFICATION;0;da1a1500-d532-4285-be94-b07a3e11a098;da1a1509-d532-4285-be94-b07a3e11a098;18;;
819276;1787411076506;150A;MotorUpdate / Motor-Livestand;10;279;–;00-00-FF-FF-FF-FF-FF-FF-FF-FF;NOTIFICATION;0;da1a1500-d532-4285-be94-b07a3e11a098;da1a150a-d532-4285-be94-b07a3e11a098;18;;
819485;1787411076715;150B;Motor-/Controllerblock;20;279;–;FF-FF-FF-FF-FF-FF-FF-FF-FF-FF-FF-FF-FF-FF-FF-FF-FF-FF-FF-FF;NOTIFICATION;0;da1a1500-d532-4285-be94-b07a3e11a098;da1a150b-d532-4285-be94-b07a3e11a098;18;;
819696;1787411076926;150D;Fahrstatistik Max/Ø;20;279;–;01-1B-00-C4-FF-FF-FF-FF-47-18-FF-FF-FF-FF-FF-FF-FF-FF-00-00;NOTIFICATION;0;da1a1500-d532-4285-be94-b07a3e11a098;da1a150d-d532-4285-be94-b07a3e11a098;18;;
820735;1787411077965;1502;Akkuinformationen;16;280;–;47-18-FF-FF-FF-FF-47-18-FF-FF-FF-FF-FF-FF-00-00;NOTIFICATION;0;da1a1500-d532-4285-be94-b07a3e11a098;da1a1502-d532-4285-be94-b07a3e11a098;18;;
821158;1787411078388;1505;BikePerformance / Fahrleistung;18;271;–;00-00-00-00-FF-FF-00-00-FF-FF-FF-FF-FF-00-00-00-00-00;NOTIFICATION;0;da1a1500-d532-4285-be94-b07a3e11a098;da1a1505-d532-4285-be94-b07a3e11a098;18;;
821368;1787411078598;1506;Trip / Kilometer & Betriebszähler;16;280;–;00-00-1C-48-00-02-34-DC-00-00-02-D4-00-00-00-00;NOTIFICATION;0;da1a1500-d532-4285-be94-b07a3e11a098;da1a1506-d532-4285-be94-b07a3e11a098;18;;
821788;1787411079018;1508;Settings / Licht & Fahrstufe;17;280;–;00-00-00-01-FF-FF-FF-FF-FF-FF-FF-00-00-00-00-00-00;NOTIFICATION;0;da1a1500-d532-4285-be94-b07a3e11a098;da1a1508-d532-4285-be94-b07a3e11a098;18;;
821996;1787411079226;1509;BatteryChange / Akku-Livestand;11;280;–;00-00-FF-FF-20-B3-B0-00-00-00-00;NOTIFICATION;0;da1a1500-d532-4285-be94-b07a3e11a098;da1a1509-d532-4285-be94-b07a3e11a098;18;;
822195;1787411079425;150A;MotorUpdate / Motor-Livestand;10;280;–;00-00-FF-FF-FF-FF-FF-FF-FF-FF;NOTIFICATION;0;da1a1500-d532-4285-be94-b07a3e11a098;da1a150a-d532-4285-be94-b07a3e11a098;18;;
822407;1787411079637;150B;Motor-/Controllerblock;20;280;–;FF-FF-FF-FF-FF-FF-FF-FF-FF-FF-FF-FF-FF-FF-FF-FF-FF-FF-FF-FF;NOTIFICATION;0;da1a1500-d532-4285-be94-b07a3e11a098;da1a150b-d532-4285-be94-b07a3e11a098;18;;
822617;1787411079847;150D;Fahrstatistik Max/Ø;20;280;–;01-1B-00-C4-FF-FF-FF-FF-47-18-FF-FF-FF-FF-FF-FF-FF-FF-00-00;NOTIFICATION;0;da1a1500-d532-4285-be94-b07a3e11a098;da1a150d-d532-4285-be94-b07a3e11a098;18;;
823670;1787411080900;1502;Akkuinformationen;16;281;–;47-18-FF-FF-FF-FF-47-18-FF-FF-FF-FF-FF-FF-00-00;NOTIFICATION;0;da1a1500-d532-4285-be94-b07a3e11a098;da1a1502-d532-4285-be94-b07a3e11a098;18;;
