relative_ms;timestamp_ms;speed_kmh_candidate;battery_percent;voltage_v;current_a;power_w;electrical_power_w;power_provenance;motor_temp_c;battery_temp_c;trip_km;odometer_km;drive_raw_1505_b7;motor_load_raw_be;battery_state_raw_1509_b6;accessory_raw_b0;accessory_raw_b3;source_channel
4933;1787410262163;;;;;;;;;;;;;;;;;1502
5564;1787410262794;0.0;;;;;;;;;;;0;;;;;1505
5774;1787410263004;0.0;;;;;;;;;;720.3;0;;;;;1506
6184;1787410263414;0.0;;;;;;;;;;720.3;0;;;1;2;1508
6393;1787410263623;0.0;37;46.6;0.0;0.0;0.0;1509_direct;;;;720.3;0;0;;1;2;1509
6606;1787410263836;0.0;37;46.6;0.0;0.0;0.0;1509_direct_carried;;;;720.3;0;0;;1;2;150A
6816;1787410264046;0.0;37;46.6;0.0;0.0;0.0;1509_direct_carried;;;;720.3;0;0;;1;2;150B
7023;1787410264253;0.0;37;46.6;0.0;0.0;0.0;1509_direct_carried;;;;720.3;0;0;;1;2;150D
8064;1787410265294;0.0;37;46.6;0.0;0.0;0.0;1509_direct_carried;;;;720.3;0;0;;1;2;1502
8487;1787410265717;0.0;37;46.6;0.0;0.0;0.0;1509_direct_carried;;;;720.3;0;0;;1;2;1505
8693;1787410265923;0.0;37;46.6;0.0;0.0;0.0;1509_direct_carried;;;;720.3;0;0;;1;2;1506
9113;1787410266343;0.0;37;46.6;0.0;0.0;0.0;1509_direct_carried;;;;720.3;0;0;;1;2;1508
9313;1787410266543;0.0;37;46.6;0.0;0.0;0.0;1509_direct;;;;720.3;0;0;;1;2;1509
9525;1787410266755;0.0;37;46.6;0.0;0.0;0.0;1509_direct_carried;;;;720.3;0;0;;1;2;150A
9735;1787410266965;0.0;37;46.6;0.0;0.0;0.0;1509_direct_carried;;;;720.3;0;0;;1;2;150B
9948;1787410267178;0.0;37;46.6;0.0;0.0;0.0;1509_direct_carried;;;;720.3;0;0;;1;2;150D
10992;1787410268222;0.0;37;46.6;0.0;0.0;0.0;1509_direct_carried;;;;720.3;0;0;;1;2;1502
11406;1787410268636;0.0;37;46.6;0.0;0.0;0.0;1509_direct_carried;;;;720.3;0;0;;1;2;1505
11612;1787410268842;0.0;37;46.6;0.0;0.0;0.0;1509_direct_carried;;;;720.3;0;0;;1;2;1506
12034;1787410269264;0.0;37;46.6;0.0;0.0;0.0;1509_direct_carried;;;;720.3;0;0;;1;2;1508
12236;1787410269466;0.0;37;46.6;0.0;0.0;0.0;1509_direct;;;;720.3;0;0;;1;2;1509
12445;1787410269675;0.0;37;46.6;0.0;0.0;0.0;1509_direct_carried;;;;720.3;0;0;;1;2;150A
12656;1787410269886;0.0;37;46.6;0.0;0.0;0.0;1509_direct_carried;;;;720.3;0;0;;1;2;150B
12865;1787410270095;0.0;37;46.6;0.0;0.0;0.0;1509_direct_carried;;;;720.3;0;0;;1;2;150D
13911;1787410271141;0.0;37;46.6;0.0;0.0;0.0;1509_direct_carried;;;;720.3;0;0;;1;2;1502
14533;1787410271763;0.0;37;46.6;0.0;0.0;0.0;1509_direct_carried;;;;720.3;0;0;;1;2;1505
14744;1787410271974;0.0;37;46.6;0.0;0.0;0.0;1509_direct_carried;;;;720.3;0;0;;1;2;1506
15161;1787410272391;0.0;37;46.6;0.0;0.0;0.0;1509_direct_carried;;;;720.3;0;0;;1;2;1508
15371;1787410272601;0.0;37;46.6;0.0;0.0;0.0;1509_direct;;;;720.3;0;0;;1;2;1509
15572;1787410272802;0.0;37;46.6;0.0;0.0;0.0;1509_direct_carried;;;;720.3;0;0;;1;2;150A
15783;1787410273013;0.0;37;46.6;0.0;0.0;0.0;1509_direct_carried;;;;720.3;0;0;;1;2;150B
15992;1787410273222;0.0;37;46.6;0.0;0.0;0.0;1509_direct_carried;;;;720.3;0;0;;1;2;150D
17032;1787410274262;0.0;37;46.6;0.0;0.0;0.0;1509_direct_carried;;;;720.3;0;0;;1;2;1502
17452;1787410274682;0.0;37;46.6;0.0;0.0;0.0;1509_direct_carried;;;;720.3;0;0;;1;2;1505
17662;1787410274892;0.0;37;46.6;0.0;0.0;0.0;1509_direct_carried;;;;720.3;0;0;;1;2;1506
18084;1787410275314;0.0;37;46.6;0.0;0.0;0.0;1509_direct_carried;;;;720.3;0;0;;1;2;1508
18292;1787410275522;0.0;37;46.7;0.0;0.0;0.0;1509_direct;;;;720.3;0;0;;1;2;1509
18503;1787410275733;0.0;37;46.7;0.0;0.0;0.0;1509_direct_carried;;;;720.3;0;0;;1;2;150A
18708;1787410275938;0.0;37;46.7;0.0;0.0;0.0;1509_direct_carried;;;;720.3;0;0;;1;2;150B
18913;1787410276143;0.0;37;46.7;0.0;0.0;0.0;1509_direct_carried;;;;720.3;0;0;;1;2;150D
19963;1787410277193;0.0;37;46.7;0.0;0.0;0.0;1509_direct_carried;;;;720.3;0;0;;1;2;1502
20374;1787410277604;0.0;37;46.7;0.0;0.0;0.0;1509_direct_carried;;;;720.3;0;0;;1;2;1505
20581;1787410277811;0.0;37;46.7;0.0;0.0;0.0;1509_direct_carried;;;;720.3;0;0;;1;2;1506
21003;1787410278233;0.0;37;46.7;0.0;0.0;0.0;1509_direct_carried;;;;720.3;0;0;;1;2;1508
21211;1787410278441;0.0;37;46.6;0.0;0.0;0.0;1509_direct;;;;720.3;0;0;;1;2;1509
21423;1787410278653;0.0;37;46.6;0.0;0.0;0.0;1509_direct_carried;;;;720.3;0;0;;1;2;150A
21632;1787410278862;0.0;37;46.6;0.0;0.0;0.0;1509_direct_carried;;;;720.3;0;0;;1;2;150B
21833;1787410279063;0.0;37;46.6;0.0;0.0;0.0;1509_direct_carried;;;;720.3;0;0;;1;2;150D
22882;1787410280112;0.0;37;46.6;0.0;0.0;0.0;1509_direct_carried;;;;720.3;0;0;;1;2;1502
23303;1787410280533;0.0;37;46.6;0.0;0.0;0.0;1509_direct_carried;;;;720.3;0;0;;1;2;1505
23503;1787410280733;0.0;37;46.6;0.0;0.0;0.0;1509_direct_carried;;;;720.3;0;0;;1;2;1506
23923;1787410281153;0.0;37;46.6;0.0;0.0;0.0;1509_direct_carried;;;;720.3;0;0;;0;2;1508
24134;1787410281364;0.0;37;46.6;0.0;0.0;0.0;1509_direct;;;;720.3;0;0;;0;2;1509
24342;1787410281572;0.0;37;46.6;0.0;0.0;0.0;1509_direct_carried;;;;720.3;0;0;;0;2;150A
24553;1787410281783;0.0;37;46.6;0.0;0.0;0.0;1509_direct_carried;;;;720.3;0;0;;0;2;150B
24763;1787410281993;0.0;37;46.6;0.0;0.0;0.0;1509_direct_carried;;;;720.3;0;0;;0;2;150D
25803;1787410283033;0.0;37;46.6;0.0;0.0;0.0;1509_direct_carried;;;;720.3;0;0;;0;2;1502
26223;1787410283453;2.2;37;46.6;0.0;0.0;0.0;1509_direct_carried;;;;720.3;22;0;;0;2;1505
26435;1787410283665;2.2;37;46.6;0.0;0.0;0.0;1509_direct_carried;;;;720.3;22;0;;0;2;1506
26846;1787410284076;2.2;37;46.6;0.0;0.0;0.0;1509_direct_carried;;;;720.3;22;0;;0;2;1508
27052;1787410284282;2.2;37;46.6;0.0;0.0;0.0;1509_direct;;;;720.3;22;0;;0;2;1509
27262;1787410284492;2.2;37;46.6;0.0;0.0;0.0;1509_direct_carried;;;;720.3;22;0;;0;2;150A
27476;1787410284706;2.2;37;46.6;0.0;0.0;0.0;1509_direct_carried;;;;720.3;22;0;;0;2;150B
27686;1787410284916;2.2;37;46.6;0.0;0.0;0.0;1509_direct_carried;;;;720.3;22;0;;0;2;150D
28728;1787410285958;2.2;37;46.6;0.0;0.0;0.0;1509_direct_carried;;;;720.3;22;0;;0;2;1502
29143;1787410286373;7.9;37;46.6;0.0;0.0;0.0;1509_direct_carried;;;;720.3;79;0;;0;2;1505
29353;1787410286583;7.9;37;46.6;0.0;0.0;0.0;1509_direct_carried;;;;720.3;79;0;;0;2;1506
29769;1787410286999;7.9;37;46.6;0.0;0.0;0.0;1509_direct_carried;;;;720.3;79;0;;0;2;1508
29973;1787410287203;7.9;37;46.5;3.0;372.0;139.5;1509_direct;;;;720.3;79;372;;0;2;1509
30185;1787410287415;7.9;37;46.5;3.0;372.0;139.5;1509_direct_carried;;;;720.3;79;372;;0;2;150A
30392;1787410287622;7.9;37;46.5;3.0;372.0;139.5;1509_direct_carried;;;;720.3;79;372;;0;2;150B
30604;1787410287834;7.9;37;46.5;3.0;372.0;139.5;1509_direct_carried;;;;720.3;79;372;;0;2;150D
31643;1787410288873;7.9;37;46.5;3.0;372.0;139.5;1509_direct_carried;;;;720.3;79;372;;0;2;1502
32065;1787410289295;11.2;37;46.5;3.0;372.0;139.5;1509_direct_carried;;;;720.3;112;372;;0;2;1505
32272;1787410289502;11.2;37;46.5;3.0;372.0;139.5;1509_direct_carried;;;;720.4;112;372;;0;2;1506
32684;1787410289914;11.2;37;46.5;3.0;372.0;139.5;1509_direct_carried;;;;720.4;112;372;;0;2;1508
32895;1787410290125;11.2;37;45.8;4.0;183.0;183.2;1509_direct;;;;720.4;112;183;;0;2;1509
33103;1787410290333;11.2;37;45.8;4.0;183.0;183.2;1509_direct_carried;;;;720.4;112;183;;0;2;150A
33313;1787410290543;11.2;37;45.8;4.0;183.0;183.2;1509_direct_carried;;;;720.4;112;183;;0;2;150B
33525;1787410290755;11.2;37;45.8;4.0;183.0;183.2;1509_direct_carried;;;;720.4;112;183;;0;2;150D
34564;1787410291794;11.2;37;45.8;4.0;183.0;183.2;1509_direct_carried;;;;720.4;112;183;;0;2;1502
34981;1787410292211;6.8;37;45.8;4.0;183.0;183.2;1509_direct_carried;;;;720.4;68;183;;0;2;1505
35191;1787410292421;6.8;37;45.8;4.0;183.0;183.2;1509_direct_carried;;;;720.4;68;183;;0;2;1506
35612;1787410292842;6.8;37;45.8;4.0;183.0;183.2;1509_direct_carried;;;;720.4;68;183;;0;2;1508
35812;1787410293042;6.8;37;45.6;6.0;273.0;273.6;1509_direct;;;;720.4;68;273;;0;2;1509
36023;1787410293253;6.8;37;45.6;6.0;273.0;273.6;1509_direct_carried;;;;720.4;68;273;;0;2;150A
36234;1787410293464;6.8;37;45.6;6.0;273.0;273.6;1509_direct_carried;;;;720.4;68;273;;0;2;150B
36442;1787410293672;6.8;37;45.6;6.0;273.0;273.6;1509_direct_carried;;;;720.4;68;273;;0;2;150D
37485;1787410294715;6.8;37;45.6;6.0;273.0;273.6;1509_direct_carried;;;;720.4;68;273;;0;2;1502
37904;1787410295134;11.6;37;45.6;6.0;273.0;273.6;1509_direct_carried;;;;720.4;116;273;;0;2;1505
38114;1787410295344;11.6;37;45.6;6.0;273.0;273.6;1509_direct_carried;;;;720.4;116;273;;0;2;1506
38533;1787410295763;11.6;37;45.6;6.0;273.0;273.6;1509_direct_carried;;;;720.4;116;273;;0;2;1508
38745;1787410295975;11.6;37;46.5;0.0;0.0;0.0;1509_direct;;;;720.4;116;0;;0;2;1509
38948;1787410296178;11.6;37;46.5;0.0;0.0;0.0;1509_direct_carried;;;;720.4;116;0;;0;2;150A
39153;1787410296383;11.6;37;46.5;0.0;0.0;0.0;1509_direct_carried;;;;720.4;116;0;;0;2;150B
39364;1787410296594;11.6;37;46.5;0.0;0.0;0.0;1509_direct_carried;;;;720.4;116;0;;0;2;150D
40413;1787410297643;11.6;37;46.5;0.0;0.0;0.0;1509_direct_carried;;;;720.4;116;0;;0;2;1502
40822;1787410298052;12.6;37;46.5;0.0;0.0;0.0;1509_direct_carried;;;;720.4;126;0;;0;2;1505
41033;1787410298263;12.6;37;46.5;0.0;0.0;0.0;1509_direct_carried;;;;720.4;126;0;;0;2;1506
41451;1787410298681;12.6;37;46.5;0.0;0.0;0.0;1509_direct_carried;;;;720.4;126;0;;0;2;1508
41663;1787410298893;12.6;37;45.6;8.0;408.0;364.8;1509_direct;;;;720.4;126;408;;0;2;1509
41874;1787410299104;12.6;37;45.6;8.0;408.0;364.8;1509_direct_carried;;;;720.4;126;408;;0;2;150A
42084;1787410299314;12.6;37;45.6;8.0;408.0;364.8;1509_direct_carried;;;;720.4;126;408;;0;2;150B
42287;1787410299517;12.6;37;45.6;8.0;408.0;364.8;1509_direct_carried;;;;720.4;126;408;;0;2;150D
43331;1787410300561;12.6;37;45.6;8.0;408.0;364.8;1509_direct_carried;;;;720.4;126;408;;0;2;1502
43744;1787410300974;19.0;37;45.6;8.0;408.0;364.8;1509_direct_carried;;;;720.4;190;408;;0;2;1505
43954;1787410301184;19.0;37;45.6;8.0;408.0;364.8;1509_direct_carried;;;;720.4;190;408;;0;2;1506
44374;1787410301604;19.0;37;45.6;8.0;408.0;364.8;1509_direct_carried;;;;720.4;190;408;;0;2;1508
44581;1787410301811;19.0;37;46.0;3.0;138.0;138.0;1509_direct;;;;720.4;190;138;;0;2;1509
44792;1787410302022;19.0;37;46.0;3.0;138.0;138.0;1509_direct_carried;;;;720.4;190;138;;0;2;150A
45006;1787410302236;19.0;37;46.0;3.0;138.0;138.0;1509_direct_carried;;;;720.4;190;138;;0;2;150B
45213;1787410302443;19.0;37;46.0;3.0;138.0;138.0;1509_direct_carried;;;;720.4;190;138;;0;2;150D
46254;1787410303484;19.0;37;46.0;3.0;138.0;138.0;1509_direct_carried;;;;720.4;190;138;;0;2;1502
46674;1787410303904;20.2;37;46.0;3.0;138.0;138.0;1509_direct_carried;;;;720.4;202;138;;0;2;1505
46883;1787410304113;20.2;37;46.0;3.0;138.0;138.0;1509_direct_carried;;;;720.4;202;138;;0;2;1506
47292;1787410304522;20.2;37;46.0;3.0;138.0;138.0;1509_direct_carried;;;;720.4;202;138;;0;2;1508
47507;1787410304737;20.2;37;46.2;2.0;92.0;92.4;1509_direct;;;;720.4;202;92;;0;2;1509
47713;1787410304943;20.2;37;46.2;2.0;92.0;92.4;1509_direct_carried;;;;720.4;202;92;;0;2;150A
47924;1787410305154;20.2;37;46.2;2.0;92.0;92.4;1509_direct_carried;;;;720.4;202;92;;0;2;150B
48132;1787410305362;20.2;37;46.2;2.0;92.0;92.4;1509_direct_carried;;;;720.4;202;92;;0;2;150D
49171;1787410306401;20.2;37;46.2;2.0;92.0;92.4;1509_direct_carried;;;;720.4;202;92;;0;2;1502
49593;1787410306823;20.1;37;46.2;2.0;92.0;92.4;1509_direct_carried;;;;720.4;201;92;;0;2;1505
49803;1787410307033;20.1;37;46.2;2.0;92.0;92.4;1509_direct_carried;;;;720.4;201;92;;0;2;1506
50214;1787410307444;20.1;37;46.2;2.0;92.0;92.4;1509_direct_carried;;;;720.4;201;92;;0;2;1508
50427;1787410307657;20.1;37;46.2;1.0;46.0;46.2;1509_direct;;;;720.4;201;46;;0;2;1509
50632;1787410307862;20.1;37;46.2;1.0;46.0;46.2;1509_direct_carried;;;;720.4;201;46;;0;2;150A
50843;1787410308073;20.1;37;46.2;1.0;46.0;46.2;1509_direct_carried;;;;720.4;201;46;;0;2;150B
51056;1787410308286;20.1;37;46.2;1.0;46.0;46.2;1509_direct_carried;;;;720.4;201;46;;0;2;150D
52093;1787410309323;20.1;37;46.2;1.0;46.0;46.2;1509_direct_carried;;;;720.4;201;46;;0;2;1502
52513;1787410309743;19.5;37;46.2;1.0;46.0;46.2;1509_direct_carried;;;;720.4;195;46;;0;2;1505
52724;1787410309954;19.5;37;46.2;1.0;46.0;46.2;1509_direct_carried;;;;720.4;195;46;;0;2;1506
53135;1787410310365;19.5;37;46.2;1.0;46.0;46.2;1509_direct_carried;;;;720.4;195;46;;0;2;1508
53344;1787410310574;19.5;37;46.2;0.0;0.0;0.0;1509_direct;;;;720.4;195;0;;0;2;1509
53553;1787410310783;19.5;37;46.2;0.0;0.0;0.0;1509_direct_carried;;;;720.4;195;0;;0;2;150A
53764;1787410310994;19.5;37;46.2;0.0;0.0;0.0;1509_direct_carried;;;;720.4;195;0;;0;2;150B
53973;1787410311203;19.5;37;46.2;0.0;0.0;0.0;1509_direct_carried;;;;720.4;195;0;;0;2;150D
55013;1787410312243;19.5;37;46.2;0.0;0.0;0.0;1509_direct_carried;;;;720.4;195;0;;0;2;1502
55433;1787410312663;19.2;37;46.2;0.0;0.0;0.0;1509_direct_carried;;;;720.4;192;0;;0;2;1505
55646;1787410312876;19.2;37;46.2;0.0;0.0;0.0;1509_direct_carried;;;;720.4;192;0;;0;2;1506
56053;1787410313283;19.2;37;46.2;0.0;0.0;0.0;1509_direct_carried;;;;720.4;192;0;;0;2;1508
56269;1787410313499;19.2;37;46.2;2.0;92.0;92.4;1509_direct;;;;720.4;192;92;;0;2;1509
56475;1787410313705;19.2;37;46.2;2.0;92.0;92.4;1509_direct_carried;;;;720.4;192;92;;0;2;150A
56683;1787410313913;19.2;37;46.2;2.0;92.0;92.4;1509_direct_carried;;;;720.4;192;92;;0;2;150B
56894;1787410314124;19.2;37;46.2;2.0;92.0;92.4;1509_direct_carried;;;;720.4;192;92;;0;2;150D
57932;1787410315162;19.2;37;46.2;2.0;92.0;92.4;1509_direct_carried;;;;720.4;192;92;;0;2;1502
58355;1787410315585;18.4;37;46.2;2.0;92.0;92.4;1509_direct_carried;;;;720.4;184;92;;0;2;1505
58563;1787410315793;18.4;37;46.2;2.0;92.0;92.4;1509_direct_carried;;;;720.5;184;92;;0;2;1506
58983;1787410316213;18.4;37;46.2;2.0;92.0;92.4;1509_direct_carried;;;;720.5;184;92;;0;2;1508
59185;1787410316415;18.4;37;46.4;0.0;0.0;0.0;1509_direct;;;;720.5;184;0;;0;2;1509
59393;1787410316623;18.4;37;46.4;0.0;0.0;0.0;1509_direct_carried;;;;720.5;184;0;;0;2;150A
59603;1787410316833;18.4;37;46.4;0.0;0.0;0.0;1509_direct_carried;;;;720.5;184;0;;0;2;150B
59814;1787410317044;18.4;37;46.4;0.0;0.0;0.0;1509_direct_carried;;;;720.5;184;0;;0;2;150D
60853;1787410318083;18.4;37;46.4;0.0;0.0;0.0;1509_direct_carried;;;;720.5;184;0;;0;2;1502
61275;1787410318505;17.2;37;46.4;0.0;0.0;0.0;1509_direct_carried;;;;720.5;172;0;;0;2;1505
61484;1787410318714;17.2;37;46.4;0.0;0.0;0.0;1509_direct_carried;;;;720.5;172;0;;0;2;1506
61905;1787410319135;17.2;37;46.4;0.0;0.0;0.0;1509_direct_carried;;;;720.5;172;0;;0;2;1508
62115;1787410319345;17.2;37;45.4;8.0;317.0;363.2;1509_direct;;;;720.5;172;317;;0;2;1509
62314;1787410319544;17.2;37;45.4;8.0;317.0;363.2;1509_direct_carried;;;;720.5;172;317;;0;2;150A
62527;1787410319757;17.2;37;45.4;8.0;317.0;363.2;1509_direct_carried;;;;720.5;172;317;;0;2;150B
62733;1787410319963;17.2;37;45.4;8.0;317.0;363.2;1509_direct_carried;;;;720.5;172;317;;0;2;150D
63785;1787410321015;17.2;37;45.4;8.0;317.0;363.2;1509_direct_carried;;;;720.5;172;317;;0;2;1502
64193;1787410321423;20.1;37;45.4;8.0;317.0;363.2;1509_direct_carried;;;;720.5;201;317;;0;2;1505
64406;1787410321636;20.1;37;45.4;8.0;317.0;363.2;1509_direct_carried;;;;720.5;201;317;;0;2;1506
64825;1787410322055;20.1;37;45.4;8.0;317.0;363.2;1509_direct_carried;;;;720.5;201;317;;0;2;1508
65036;1787410322266;20.1;37;45.6;7.0;319.0;319.2;1509_direct;;;;720.5;201;319;;0;2;1509
65245;1787410322475;20.1;37;45.6;7.0;319.0;319.2;1509_direct_carried;;;;720.5;201;319;;0;2;150A
65453;1787410322683;20.1;37;45.6;7.0;319.0;319.2;1509_direct_carried;;;;720.5;201;319;;0;2;150B
65654;1787410322884;20.1;37;45.6;7.0;319.0;319.2;1509_direct_carried;;;;720.5;201;319;;0;2;150D
66704;1787410323934;20.1;37;45.6;7.0;319.0;319.2;1509_direct_carried;;;;720.5;201;319;;0;2;1502
67114;1787410324344;21.8;37;45.6;7.0;319.0;319.2;1509_direct_carried;;;;720.5;218;319;;0;2;1505
67328;1787410324558;21.8;37;45.6;7.0;319.0;319.2;1509_direct_carried;;;;720.5;218;319;;0;2;1506
67743;1787410324973;21.8;37;45.6;7.0;319.0;319.2;1509_direct_carried;;;;720.5;218;319;;0;2;1508
67955;1787410325185;21.8;37;45.8;5.0;229.0;229.0;1509_direct;;;;720.5;218;229;;0;2;1509
68163;1787410325393;21.8;37;45.8;5.0;229.0;229.0;1509_direct_carried;;;;720.5;218;229;;0;2;150A
68375;1787410325605;21.8;37;45.8;5.0;229.0;229.0;1509_direct_carried;;;;720.5;218;229;;0;2;150B
68574;1787410325804;21.8;37;45.8;5.0;229.0;229.0;1509_direct_carried;;;;720.5;218;229;;0;2;150D
69625;1787410326855;21.8;37;45.8;5.0;229.0;229.0;1509_direct_carried;;;;720.5;218;229;;0;2;1502
70044;1787410327274;21.8;37;45.8;5.0;229.0;229.0;1509_direct_carried;;;;720.5;218;229;;0;2;1505
70244;1787410327474;21.8;37;45.8;5.0;229.0;229.0;1509_direct_carried;;;;720.5;218;229;;0;2;1506
70663;1787410327893;21.8;37;45.8;5.0;229.0;229.0;1509_direct_carried;;;;720.5;218;229;;0;2;1508
70874;1787410328104;21.8;37;45.8;5.0;228.0;229.0;1509_direct;;;;720.5;218;228;;0;2;1509
71087;1787410328317;21.8;37;45.8;5.0;228.0;229.0;1509_direct_carried;;;;720.5;218;228;;0;2;150A
71306;1787410328536;21.8;37;45.8;5.0;228.0;229.0;1509_direct_carried;;;;720.5;218;228;;0;2;150B
71507;1787410328737;21.8;37;45.8;5.0;228.0;229.0;1509_direct_carried;;;;720.5;218;228;;0;2;150D
72546;1787410329776;21.8;37;45.8;5.0;228.0;229.0;1509_direct_carried;;;;720.5;218;228;;0;2;1502
72966;1787410330196;21.8;37;45.8;5.0;228.0;229.0;1509_direct_carried;;;;720.5;218;228;;0;2;1505
73167;1787410330397;21.8;37;45.8;5.0;228.0;229.0;1509_direct_carried;;;;720.5;218;228;;0;2;1506
73584;1787410330814;21.8;37;45.8;5.0;228.0;229.0;1509_direct_carried;;;;720.5;218;228;;0;2;1508
73794;1787410331024;21.8;37;45.8;4.0;183.0;183.2;1509_direct;;;;720.5;218;183;;0;2;1509
74005;1787410331235;21.8;37;45.8;4.0;183.0;183.2;1509_direct_carried;;;;720.5;218;183;;0;2;150A
74216;1787410331446;21.8;37;45.8;4.0;183.0;183.2;1509_direct_carried;;;;720.5;218;183;;0;2;150B
74424;1787410331654;21.8;37;45.8;4.0;183.0;183.2;1509_direct_carried;;;;720.5;218;183;;0;2;150D
75463;1787410332693;21.8;37;45.8;4.0;183.0;183.2;1509_direct_carried;;;;720.5;218;183;;0;2;1502
75883;1787410333113;21.8;37;45.8;4.0;183.0;183.2;1509_direct_carried;;;;720.5;218;183;;0;2;1505
76091;1787410333321;21.8;37;45.8;4.0;183.0;183.2;1509_direct_carried;;;;720.6;218;183;;0;2;1506
76504;1787410333734;21.8;37;45.8;4.0;183.0;183.2;1509_direct_carried;;;;720.6;218;183;;0;2;1508
76712;1787410333942;21.8;37;45.8;3.0;137.0;137.39999999999998;1509_direct;;;;720.6;218;137;;0;2;1509
76922;1787410334152;21.8;37;45.8;3.0;137.0;137.39999999999998;1509_direct_carried;;;;720.6;218;137;;0;2;150A
77132;1787410334362;21.8;37;45.8;3.0;137.0;137.39999999999998;1509_direct_carried;;;;720.6;218;137;;0;2;150B
77343;1787410334573;21.8;37;45.8;3.0;137.0;137.39999999999998;1509_direct_carried;;;;720.6;218;137;;0;2;150D
78388;1787410335618;21.8;37;45.8;3.0;137.0;137.39999999999998;1509_direct_carried;;;;720.6;218;137;;0;2;1502
78804;1787410336034;21.8;37;45.8;3.0;137.0;137.39999999999998;1509_direct_carried;;;;720.6;218;137;;0;2;1505
79013;1787410336243;21.8;37;45.8;3.0;137.0;137.39999999999998;1509_direct_carried;;;;720.6;218;137;;0;2;1506
79426;1787410336656;21.8;37;45.8;3.0;137.0;137.39999999999998;1509_direct_carried;;;;720.6;218;137;;0;2;1508
79634;1787410336864;21.8;37;46.0;3.0;138.0;138.0;1509_direct;;;;720.6;218;138;;0;2;1509
79847;1787410337077;21.8;37;46.0;3.0;138.0;138.0;1509_direct_carried;;;;720.6;218;138;;0;2;150A
80054;1787410337284;21.8;37;46.0;3.0;138.0;138.0;1509_direct_carried;;;;720.6;218;138;;0;2;150B
80266;1787410337496;21.8;37;46.0;3.0;138.0;138.0;1509_direct_carried;;;;720.6;218;138;;0;2;150D
81304;1787410338534;21.8;37;46.0;3.0;138.0;138.0;1509_direct_carried;;;;720.6;218;138;;0;2;1502
81725;1787410338955;21.8;37;46.0;3.0;138.0;138.0;1509_direct_carried;;;;720.6;218;138;;0;2;1505
81934;1787410339164;21.8;37;46.0;3.0;138.0;138.0;1509_direct_carried;;;;720.6;218;138;;0;2;1506
82357;1787410339587;21.8;37;46.0;3.0;138.0;138.0;1509_direct_carried;;;;720.6;218;138;;0;2;1508
82556;1787410339786;21.8;37;45.9;3.0;137.0;137.7;1509_direct;;;;720.6;218;137;;0;2;1509
82765;1787410339995;21.8;37;45.9;3.0;137.0;137.7;1509_direct_carried;;;;720.6;218;137;;0;2;150A
82976;1787410340206;21.8;37;45.9;3.0;137.0;137.7;1509_direct_carried;;;;720.6;218;137;;0;2;150B
83186;1787410340416;21.8;37;45.9;3.0;137.0;137.7;1509_direct_carried;;;;720.6;218;137;;0;2;150D
84223;1787410341453;21.8;37;45.9;3.0;137.0;137.7;1509_direct_carried;;;;720.6;218;137;;0;2;1502
84646;1787410341876;21.8;37;45.9;3.0;137.0;137.7;1509_direct_carried;;;;720.6;218;137;;0;2;1505
84854;1787410342084;21.8;37;45.9;3.0;137.0;137.7;1509_direct_carried;;;;720.6;218;137;;0;2;1506
85274;1787410342504;21.8;37;45.9;3.0;137.0;137.7;1509_direct_carried;;;;720.6;218;137;;0;2;1508
85485;1787410342715;21.8;37;45.8;3.0;137.0;137.39999999999998;1509_direct;;;;720.6;218;137;;0;2;1509
85684;1787410342914;21.8;37;45.8;3.0;137.0;137.39999999999998;1509_direct_carried;;;;720.6;218;137;;0;2;150A
85894;1787410343124;21.8;37;45.8;3.0;137.0;137.39999999999998;1509_direct_carried;;;;720.6;218;137;;0;2;150B
86109;1787410343339;21.8;37;45.8;3.0;137.0;137.39999999999998;1509_direct_carried;;;;720.6;218;137;;0;2;150D
87146;1787410344376;21.8;37;45.8;3.0;137.0;137.39999999999998;1509_direct_carried;;;;720.6;218;137;;0;2;1502
87566;1787410344796;21.8;37;45.8;3.0;137.0;137.39999999999998;1509_direct_carried;;;;720.6;218;137;;0;2;1505
87778;1787410345008;21.8;37;45.8;3.0;137.0;137.39999999999998;1509_direct_carried;;;;720.6;218;137;;0;2;1506
88199;1787410345429;21.8;37;45.8;3.0;137.0;137.39999999999998;1509_direct_carried;;;;720.6;218;137;;0;2;1508
88406;1787410345636;21.8;37;45.7;4.0;182.0;182.8;1509_direct;;;;720.6;218;182;;0;2;1509
88607;1787410345837;21.8;37;45.7;4.0;182.0;182.8;1509_direct_carried;;;;720.6;218;182;;0;2;150A
88817;1787410346047;21.8;37;45.7;4.0;182.0;182.8;1509_direct_carried;;;;720.6;218;182;;0;2;150B
89027;1787410346257;21.8;37;45.7;4.0;182.0;182.8;1509_direct_carried;;;;720.6;218;182;;0;2;150D
90076;1787410347306;21.8;37;45.7;4.0;182.0;182.8;1509_direct_carried;;;;720.6;218;182;;0;2;1502
90486;1787410347716;21.8;37;45.7;4.0;182.0;182.8;1509_direct_carried;;;;720.6;218;182;;0;2;1505
90696;1787410347926;21.8;37;45.7;4.0;182.0;182.8;1509_direct_carried;;;;720.6;218;182;;0;2;1506
91115;1787410348345;21.8;37;45.7;4.0;182.0;182.8;1509_direct_carried;;;;720.6;218;182;;0;2;1508
91326;1787410348556;21.8;37;45.8;4.0;183.0;183.2;1509_direct;;;;720.6;218;183;;0;2;1509
91536;1787410348766;21.8;37;45.8;4.0;183.0;183.2;1509_direct_carried;;;;720.6;218;183;;0;2;150A
91746;1787410348976;21.8;37;45.8;4.0;183.0;183.2;1509_direct_carried;;;;720.6;218;183;;0;2;150B
91946;1787410349176;21.8;37;45.8;4.0;183.0;183.2;1509_direct_carried;;;;720.6;218;183;;0;2;150D
92997;1787410350227;21.8;37;45.8;4.0;183.0;183.2;1509_direct_carried;;;;720.6;218;183;;0;2;1502
93405;1787410350635;21.8;37;45.8;4.0;183.0;183.2;1509_direct_carried;;;;720.6;218;183;;0;2;1505
93614;1787410350844;21.8;37;45.8;4.0;183.0;183.2;1509_direct_carried;;;;720.7;218;183;;0;2;1506
94035;1787410351265;21.8;37;45.8;4.0;183.0;183.2;1509_direct_carried;;;;720.7;218;183;;0;2;1508
94244;1787410351474;21.8;37;45.7;3.0;183.0;137.10000000000002;1509_direct;;;;720.7;218;183;;0;2;1509
94456;1787410351686;21.8;37;45.7;3.0;183.0;137.10000000000002;1509_direct_carried;;;;720.7;218;183;;0;2;150A
94668;1787410351898;21.8;37;45.7;3.0;183.0;137.10000000000002;1509_direct_carried;;;;720.7;218;183;;0;2;150B
94875;1787410352105;21.8;37;45.7;3.0;183.0;137.10000000000002;1509_direct_carried;;;;720.7;218;183;;0;2;150D
95913;1787410353143;21.8;37;45.7;3.0;183.0;137.10000000000002;1509_direct_carried;;;;720.7;218;183;;0;2;1502
96335;1787410353565;21.8;37;45.7;3.0;183.0;137.10000000000002;1509_direct_carried;;;;720.7;218;183;;0;2;1505
96536;1787410353766;21.8;37;45.7;3.0;183.0;137.10000000000002;1509_direct_carried;;;;720.7;218;183;;0;2;1506
96955;1787410354185;21.8;37;45.7;3.0;183.0;137.10000000000002;1509_direct_carried;;;;720.7;218;183;;0;2;1508
97165;1787410354395;21.8;37;45.3;5.0;226.0;226.5;1509_direct;;;;720.7;218;226;;0;2;1509
97374;1787410354604;21.8;37;45.3;5.0;226.0;226.5;1509_direct_carried;;;;720.7;218;226;;0;2;150A
97586;1787410354816;21.8;37;45.3;5.0;226.0;226.5;1509_direct_carried;;;;720.7;218;226;;0;2;150B
97797;1787410355027;21.8;37;45.3;5.0;226.0;226.5;1509_direct_carried;;;;720.7;218;226;;0;2;150D
99046;1787410356276;21.8;37;45.3;5.0;226.0;226.5;1509_direct_carried;;;;720.7;218;226;;0;2;1502
99463;1787410356693;21.8;37;45.3;5.0;226.0;226.5;1509_direct_carried;;;;720.7;218;226;;0;2;1505
99663;1787410356893;21.8;37;45.3;5.0;226.0;226.5;1509_direct_carried;;;;720.7;218;226;;0;2;1506
100085;1787410357315;21.8;37;45.3;5.0;226.0;226.5;1509_direct_carried;;;;720.7;218;226;;0;2;1508
100294;1787410357524;21.8;37;45.6;4.0;182.0;182.4;1509_direct;;;;720.7;218;182;;0;2;1509
100506;1787410357736;21.8;37;45.6;4.0;182.0;182.4;1509_direct_carried;;;;720.7;218;182;;0;2;150A
100713;1787410357943;21.8;37;45.6;4.0;182.0;182.4;1509_direct_carried;;;;720.7;218;182;;0;2;150B
100926;1787410358156;21.8;37;45.6;4.0;182.0;182.4;1509_direct_carried;;;;720.7;218;182;;0;2;150D
101966;1787410359196;21.8;37;45.6;4.0;182.0;182.4;1509_direct_carried;;;;720.7;218;182;;0;2;1502
102384;1787410359614;21.8;37;45.6;4.0;182.0;182.4;1509_direct_carried;;;;720.7;218;182;;0;2;1505
102597;1787410359827;21.8;37;45.6;4.0;182.0;182.4;1509_direct_carried;;;;720.7;218;182;;0;2;1506
103005;1787410360235;21.8;37;45.6;4.0;182.0;182.4;1509_direct_carried;;;;720.7;218;182;;0;2;1508
103216;1787410360446;21.8;37;45.6;5.0;229.0;228.0;1509_direct;;;;720.7;218;229;;0;2;1509
103427;1787410360657;21.8;37;45.6;5.0;229.0;228.0;1509_direct_carried;;;;720.7;218;229;;0;2;150A
103634;1787410360864;21.8;37;45.6;5.0;229.0;228.0;1509_direct_carried;;;;720.7;218;229;;0;2;150B
103844;1787410361074;21.8;37;45.6;5.0;229.0;228.0;1509_direct_carried;;;;720.7;218;229;;0;2;150D
104887;1787410362117;21.8;37;45.6;5.0;229.0;228.0;1509_direct_carried;;;;720.7;218;229;;0;2;1502
105304;1787410362534;21.8;37;45.6;5.0;229.0;228.0;1509_direct_carried;;;;720.7;218;229;;0;2;1505
105515;1787410362745;21.8;37;45.6;5.0;229.0;228.0;1509_direct_carried;;;;720.7;218;229;;0;2;1506
105924;1787410363154;21.8;37;45.6;5.0;229.0;228.0;1509_direct_carried;;;;720.7;218;229;;0;2;1508
106135;1787410363365;21.8;37;45.6;5.0;227.0;228.0;1509_direct;;;;720.7;218;227;;0;2;1509
106346;1787410363576;21.8;37;45.6;5.0;227.0;228.0;1509_direct_carried;;;;720.7;218;227;;0;2;150A
106557;1787410363787;21.8;37;45.6;5.0;227.0;228.0;1509_direct_carried;;;;720.7;218;227;;0;2;150B
106765;1787410363995;21.8;37;45.6;5.0;227.0;228.0;1509_direct_carried;;;;720.7;218;227;;0;2;150D
107802;1787410365032;21.8;37;45.6;5.0;227.0;228.0;1509_direct_carried;;;;720.7;218;227;;0;2;1502
108226;1787410365456;21.8;37;45.6;5.0;227.0;228.0;1509_direct_carried;;;;720.7;218;227;;0;2;1505
108436;1787410365666;21.8;37;45.6;5.0;227.0;228.0;1509_direct_carried;;;;720.8;218;227;;0;2;1506
108854;1787410366084;21.8;37;45.6;5.0;227.0;228.0;1509_direct_carried;;;;720.8;218;227;;0;2;1508
109067;1787410366297;21.8;37;45.4;6.0;272.0;272.4;1509_direct;;;;720.8;218;272;;0;2;1509
109266;1787410366496;21.8;37;45.4;6.0;272.0;272.4;1509_direct_carried;;;;720.8;218;272;;0;2;150A
109475;1787410366705;21.8;37;45.4;6.0;272.0;272.4;1509_direct_carried;;;;720.8;218;272;;0;2;150B
109686;1787410366916;21.8;37;45.4;6.0;272.0;272.4;1509_direct_carried;;;;720.8;218;272;;0;2;150D
110738;1787410367968;21.8;37;45.4;6.0;272.0;272.4;1509_direct_carried;;;;720.8;218;272;;0;2;1502
111145;1787410368375;21.8;37;45.4;6.0;272.0;272.4;1509_direct_carried;;;;720.8;218;272;;0;2;1505
111357;1787410368587;21.8;37;45.4;6.0;272.0;272.4;1509_direct_carried;;;;720.8;218;272;;0;2;1506
111777;1787410369007;21.8;37;45.4;6.0;272.0;272.4;1509_direct_carried;;;;720.8;218;272;;0;2;1508
111986;1787410369216;21.8;37;45.3;6.0;271.0;271.79999999999995;1509_direct;;;;720.8;218;271;;0;2;1509
112194;1787410369424;21.8;37;45.3;6.0;271.0;271.79999999999995;1509_direct_carried;;;;720.8;218;271;;0;2;150A
112396;1787410369626;21.8;37;45.3;6.0;271.0;271.79999999999995;1509_direct_carried;;;;720.8;218;271;;0;2;150B
112606;1787410369836;21.8;37;45.3;6.0;271.0;271.79999999999995;1509_direct_carried;;;;720.8;218;271;;0;2;150D
113656;1787410370886;21.8;37;45.3;6.0;271.0;271.79999999999995;1509_direct_carried;;;;720.8;218;271;;0;2;1502
114063;1787410371293;21.8;37;45.3;6.0;271.0;271.79999999999995;1509_direct_carried;;;;720.8;218;271;;0;2;1505
114275;1787410371505;21.8;37;45.3;6.0;271.0;271.79999999999995;1509_direct_carried;;;;720.8;218;271;;0;2;1506
114697;1787410371927;21.8;37;45.3;6.0;271.0;271.79999999999995;1509_direct_carried;;;;720.8;218;271;;0;2;1508
114907;1787410372137;21.8;37;45.7;4.0;182.0;182.8;1509_direct;;;;720.8;218;182;;0;2;1509
115116;1787410372346;21.8;37;45.7;4.0;182.0;182.8;1509_direct_carried;;;;720.8;218;182;;0;2;150A
115338;1787410372568;21.8;37;45.7;4.0;182.0;182.8;1509_direct_carried;;;;720.8;218;182;;0;2;150B
115532;1787410372762;21.8;37;45.7;4.0;182.0;182.8;1509_direct_carried;;;;720.8;218;182;;0;2;150D
116577;1787410373807;21.8;37;45.7;4.0;182.0;182.8;1509_direct_carried;;;;720.8;218;182;;0;2;1502
116997;1787410374227;21.8;37;45.7;4.0;182.0;182.8;1509_direct_carried;;;;720.8;218;182;;0;2;1505
117199;1787410374429;21.8;37;45.7;4.0;182.0;182.8;1509_direct_carried;;;;720.8;218;182;;0;2;1506
117615;1787410374845;21.8;37;45.7;4.0;182.0;182.8;1509_direct_carried;;;;720.8;218;182;;0;2;1508
117823;1787410375053;21.8;37;45.4;5.0;227.0;227.0;1509_direct;;;;720.8;218;227;;0;2;1509
118046;1787410375276;21.8;37;45.4;5.0;227.0;227.0;1509_direct_carried;;;;720.8;218;227;;0;2;150A
118245;1787410375475;21.8;37;45.4;5.0;227.0;227.0;1509_direct_carried;;;;720.8;218;227;;0;2;150B
118457;1787410375687;21.8;37;45.4;5.0;227.0;227.0;1509_direct_carried;;;;720.8;218;227;;0;2;150D
119495;1787410376725;21.8;37;45.4;5.0;227.0;227.0;1509_direct_carried;;;;720.8;218;227;;0;2;1502
119915;1787410377145;21.8;37;45.4;5.0;227.0;227.0;1509_direct_carried;;;;720.8;218;227;;0;2;1505
120118;1787410377348;21.8;37;45.4;5.0;227.0;227.0;1509_direct_carried;;;;720.8;218;227;;0;2;1506
120538;1787410377768;21.8;37;45.4;5.0;227.0;227.0;1509_direct_carried;;;;720.8;218;227;;0;2;1508
120745;1787410377975;21.8;37;45.6;4.0;182.0;182.4;1509_direct;;;;720.8;218;182;;0;2;1509
120955;1787410378185;21.8;37;45.6;4.0;182.0;182.4;1509_direct_carried;;;;720.8;218;182;;0;2;150A
121165;1787410378395;21.8;37;45.6;4.0;182.0;182.4;1509_direct_carried;;;;720.8;218;182;;0;2;150B
121375;1787410378605;21.8;37;45.6;4.0;182.0;182.4;1509_direct_carried;;;;720.8;218;182;;0;2;150D
122415;1787410379645;21.8;37;45.6;4.0;182.0;182.4;1509_direct_carried;;;;720.8;218;182;;0;2;1502
122833;1787410380063;21.8;37;45.6;4.0;182.0;182.4;1509_direct_carried;;;;720.8;218;182;;0;2;1505
123049;1787410380279;21.8;37;45.6;4.0;182.0;182.4;1509_direct_carried;;;;720.8;218;182;;0;2;1506
123455;1787410380685;21.8;37;45.6;4.0;182.0;182.4;1509_direct_carried;;;;720.8;218;182;;0;2;1508
123664;1787410380894;21.8;37;45.6;3.0;136.0;136.8;1509_direct;;;;720.8;218;136;;0;2;1509
123877;1787410381107;21.8;37;45.6;3.0;136.0;136.8;1509_direct_carried;;;;720.8;218;136;;0;2;150A
124086;1787410381316;21.8;37;45.6;3.0;136.0;136.8;1509_direct_carried;;;;720.8;218;136;;0;2;150B
124295;1787410381525;21.8;37;45.6;3.0;136.0;136.8;1509_direct_carried;;;;720.8;218;136;;0;2;150D
125337;1787410382567;21.8;37;45.6;3.0;136.0;136.8;1509_direct_carried;;;;720.8;218;136;;0;2;1502
125756;1787410382986;21.8;37;45.6;3.0;136.0;136.8;1509_direct_carried;;;;720.8;218;136;;0;2;1505
125965;1787410383195;21.8;37;45.6;3.0;136.0;136.8;1509_direct_carried;;;;720.9;218;136;;0;2;1506
126375;1787410383605;21.8;37;45.6;3.0;136.0;136.8;1509_direct_carried;;;;720.9;218;136;;0;2;1508
126584;1787410383814;21.8;37;45.6;4.0;183.0;182.4;1509_direct;;;;720.9;218;183;;0;2;1509
126797;1787410384027;21.8;37;45.6;4.0;183.0;182.4;1509_direct_carried;;;;720.9;218;183;;0;2;150A
127008;1787410384238;21.8;37;45.6;4.0;183.0;182.4;1509_direct_carried;;;;720.9;218;183;;0;2;150B
127219;1787410384449;21.8;37;45.6;4.0;183.0;182.4;1509_direct_carried;;;;720.9;218;183;;0;2;150D
128258;1787410385488;21.8;37;45.6;4.0;183.0;182.4;1509_direct_carried;;;;720.9;218;183;;0;2;1502
128679;1787410385909;21.8;37;45.6;4.0;183.0;182.4;1509_direct_carried;;;;720.9;218;183;;0;2;1505
128885;1787410386115;21.8;37;45.6;4.0;183.0;182.4;1509_direct_carried;;;;720.9;218;183;;0;2;1506
129307;1787410386537;21.8;37;45.6;4.0;183.0;182.4;1509_direct_carried;;;;720.9;218;183;;0;2;1508
129508;1787410386738;21.8;37;45.7;3.0;137.0;137.10000000000002;1509_direct;;;;720.9;218;137;;0;2;1509
129717;1787410386947;21.8;37;45.7;3.0;137.0;137.10000000000002;1509_direct_carried;;;;720.9;218;137;;0;2;150A
129927;1787410387157;21.8;37;45.7;3.0;137.0;137.10000000000002;1509_direct_carried;;;;720.9;218;137;;0;2;150B
130138;1787410387368;21.8;37;45.7;3.0;137.0;137.10000000000002;1509_direct_carried;;;;720.9;218;137;;0;2;150D
131178;1787410388408;21.8;37;45.7;3.0;137.0;137.10000000000002;1509_direct_carried;;;;720.9;218;137;;0;2;1502
131597;1787410388827;21.8;37;45.7;3.0;137.0;137.10000000000002;1509_direct_carried;;;;720.9;218;137;;0;2;1505
131807;1787410389037;21.8;37;45.7;3.0;137.0;137.10000000000002;1509_direct_carried;;;;720.9;218;137;;0;2;1506
132228;1787410389458;21.8;37;45.7;3.0;137.0;137.10000000000002;1509_direct_carried;;;;720.9;218;137;;0;2;1508
132437;1787410389667;21.8;37;45.6;4.0;182.0;182.4;1509_direct;;;;720.9;218;182;;0;2;1509
132636;1787410389866;21.8;37;45.6;4.0;182.0;182.4;1509_direct_carried;;;;720.9;218;182;;0;2;150A
132848;1787410390078;21.8;37;45.6;4.0;182.0;182.4;1509_direct_carried;;;;720.9;218;182;;0;2;150B
133062;1787410390292;21.8;37;45.6;4.0;182.0;182.4;1509_direct_carried;;;;720.9;218;182;;0;2;150D
134106;1787410391336;21.8;37;45.6;4.0;182.0;182.4;1509_direct_carried;;;;720.9;218;182;;0;2;1502
134517;1787410391747;21.8;37;45.6;4.0;182.0;182.4;1509_direct_carried;;;;720.9;218;182;;0;2;1505
134727;1787410391957;21.8;37;45.6;4.0;182.0;182.4;1509_direct_carried;;;;720.9;218;182;;0;2;1506
135149;1787410392379;21.8;37;45.6;4.0;182.0;182.4;1509_direct_carried;;;;720.9;218;182;;0;2;1508
135357;1787410392587;21.8;37;45.7;4.0;182.0;182.8;1509_direct;;;;720.9;218;182;;0;2;1509
135568;1787410392798;21.8;37;45.7;4.0;182.0;182.8;1509_direct_carried;;;;720.9;218;182;;0;2;150A
135776;1787410393006;21.8;37;45.7;4.0;182.0;182.8;1509_direct_carried;;;;720.9;218;182;;0;2;150B
135975;1787410393205;21.8;37;45.7;4.0;182.0;182.8;1509_direct_carried;;;;720.9;218;182;;0;2;150D
137028;1787410394258;21.8;37;45.7;4.0;182.0;182.8;1509_direct_carried;;;;720.9;218;182;;0;2;1502
137435;1787410394665;21.8;37;45.7;4.0;182.0;182.8;1509_direct_carried;;;;720.9;218;182;;0;2;1505
137652;1787410394882;21.8;37;45.7;4.0;182.0;182.8;1509_direct_carried;;;;720.9;218;182;;0;2;1506
138068;1787410395298;21.8;37;45.7;4.0;182.0;182.8;1509_direct_carried;;;;720.9;218;182;;0;2;1508
138278;1787410395508;21.8;37;45.7;4.0;182.0;182.8;1509_direct;;;;720.9;218;182;;0;2;1509
138487;1787410395717;21.8;37;45.7;4.0;182.0;182.8;1509_direct_carried;;;;720.9;218;182;;0;2;150A
138698;1787410395928;21.8;37;45.7;4.0;182.0;182.8;1509_direct_carried;;;;720.9;218;182;;0;2;150B
138907;1787410396137;21.8;37;45.7;4.0;182.0;182.8;1509_direct_carried;;;;720.9;218;182;;0;2;150D
139948;1787410397178;21.8;37;45.7;4.0;182.0;182.8;1509_direct_carried;;;;720.9;218;182;;0;2;1502
140367;1787410397597;21.8;37;45.7;4.0;182.0;182.8;1509_direct_carried;;;;720.9;218;182;;0;2;1505
140566;1787410397796;21.8;37;45.7;4.0;182.0;182.8;1509_direct_carried;;;;721.0;218;182;;0;2;1506
140986;1787410398216;21.8;37;45.7;4.0;182.0;182.8;1509_direct_carried;;;;721.0;218;182;;0;2;1508
141197;1787410398427;21.8;37;45.6;4.0;182.0;182.4;1509_direct;;;;721.0;218;182;;0;2;1509
141406;1787410398636;21.8;37;45.6;4.0;182.0;182.4;1509_direct_carried;;;;721.0;218;182;;0;2;150A
141618;1787410398848;21.8;37;45.6;4.0;182.0;182.4;1509_direct_carried;;;;721.0;218;182;;0;2;150B
141828;1787410399058;21.8;37;45.6;4.0;182.0;182.4;1509_direct_carried;;;;721.0;218;182;;0;2;150D
142869;1787410400099;21.8;37;45.6;4.0;182.0;182.4;1509_direct_carried;;;;721.0;218;182;;0;2;1502
143287;1787410400517;21.8;37;45.6;4.0;182.0;182.4;1509_direct_carried;;;;721.0;218;182;;0;2;1505
143497;1787410400727;21.8;37;45.6;4.0;182.0;182.4;1509_direct_carried;;;;721.0;218;182;;0;2;1506
143907;1787410401137;21.8;37;45.6;4.0;182.0;182.4;1509_direct_carried;;;;721.0;218;182;;0;2;1508
144119;1787410401349;21.8;37;45.6;4.0;182.0;182.4;1509_direct;;;;721.0;218;182;;0;2;1509
144327;1787410401557;21.8;37;45.6;4.0;182.0;182.4;1509_direct_carried;;;;721.0;218;182;;0;2;150A
144536;1787410401766;21.8;37;45.6;4.0;182.0;182.4;1509_direct_carried;;;;721.0;218;182;;0;2;150B
144747;1787410401977;21.8;37;45.6;4.0;182.0;182.4;1509_direct_carried;;;;721.0;218;182;;0;2;150D
145791;1787410403021;21.8;37;45.6;4.0;182.0;182.4;1509_direct_carried;;;;721.0;218;182;;0;2;1502
146207;1787410403437;21.8;37;45.6;4.0;182.0;182.4;1509_direct_carried;;;;721.0;218;182;;0;2;1505
146420;1787410403650;21.8;37;45.6;4.0;182.0;182.4;1509_direct_carried;;;;721.0;218;182;;0;2;1506
146828;1787410404058;21.8;37;45.6;4.0;182.0;182.4;1509_direct_carried;;;;721.0;218;182;;0;2;1508
147036;1787410404266;21.8;37;45.6;4.0;182.0;182.4;1509_direct;;;;721.0;218;182;;0;2;1509
147248;1787410404478;21.8;37;45.6;4.0;182.0;182.4;1509_direct_carried;;;;721.0;218;182;;0;2;150A
147458;1787410404688;21.8;37;45.6;4.0;182.0;182.4;1509_direct_carried;;;;721.0;218;182;;0;2;150B
147668;1787410404898;21.8;37;45.6;4.0;182.0;182.4;1509_direct_carried;;;;721.0;218;182;;0;2;150D
148709;1787410405939;21.8;37;45.6;4.0;182.0;182.4;1509_direct_carried;;;;721.0;218;182;;0;2;1502
149126;1787410406356;21.8;37;45.6;4.0;182.0;182.4;1509_direct_carried;;;;721.0;218;182;;0;2;1505
149338;1787410406568;21.8;37;45.6;4.0;182.0;182.4;1509_direct_carried;;;;721.0;218;182;;0;2;1506
149747;1787410406977;21.8;37;45.6;4.0;182.0;182.4;1509_direct_carried;;;;721.0;218;182;;0;2;1508
149959;1787410407189;21.8;37;45.7;4.0;182.0;182.8;1509_direct;;;;721.0;218;182;;0;2;1509
150167;1787410407397;21.8;37;45.7;4.0;182.0;182.8;1509_direct_carried;;;;721.0;218;182;;0;2;150A
150379;1787410407609;21.8;37;45.7;4.0;182.0;182.8;1509_direct_carried;;;;721.0;218;182;;0;2;150B
150588;1787410407818;21.8;37;45.7;4.0;182.0;182.8;1509_direct_carried;;;;721.0;218;182;;0;2;150D
151628;1787410408858;21.8;37;45.7;4.0;182.0;182.8;1509_direct_carried;;;;721.0;218;182;;0;2;1502
152045;1787410409275;21.8;37;45.7;4.0;182.0;182.8;1509_direct_carried;;;;721.0;218;182;;0;2;1505
152257;1787410409487;21.8;37;45.7;4.0;182.0;182.8;1509_direct_carried;;;;721.0;218;182;;0;2;1506
152679;1787410409909;21.8;37;45.7;4.0;182.0;182.8;1509_direct_carried;;;;721.0;218;182;;0;2;1508
152878;1787410410108;21.8;37;45.6;4.0;182.0;182.4;1509_direct;;;;721.0;218;182;;0;2;1509
153087;1787410410317;21.8;37;45.6;4.0;182.0;182.4;1509_direct_carried;;;;721.0;218;182;;0;2;150A
153298;1787410410528;21.8;37;45.6;4.0;182.0;182.4;1509_direct_carried;;;;721.0;218;182;;0;2;150B
153504;1787410410734;21.8;37;45.6;4.0;182.0;182.4;1509_direct_carried;;;;721.0;218;182;;0;2;150D
154553;1787410411783;21.8;37;45.6;4.0;182.0;182.4;1509_direct_carried;;;;721.0;218;182;;0;2;1502
154963;1787410412193;21.8;37;45.6;4.0;182.0;182.4;1509_direct_carried;;;;721.0;218;182;;0;2;1505
155178;1787410412408;21.8;37;45.6;4.0;182.0;182.4;1509_direct_carried;;;;721.0;218;182;;0;2;1506
155595;1787410412825;21.8;37;45.6;4.0;182.0;182.4;1509_direct_carried;;;;721.0;218;182;;0;2;1508
155806;1787410413036;21.8;37;45.6;4.0;182.0;182.4;1509_direct;;;;721.0;218;182;;0;2;1509
156006;1787410413236;21.8;37;45.6;4.0;182.0;182.4;1509_direct_carried;;;;721.0;218;182;;0;2;150A
156217;1787410413447;21.8;37;45.6;4.0;182.0;182.4;1509_direct_carried;;;;721.0;218;182;;0;2;150B
156426;1787410413656;21.8;37;45.6;4.0;182.0;182.4;1509_direct_carried;;;;721.0;218;182;;0;2;150D
157468;1787410414698;21.8;37;45.6;4.0;182.0;182.4;1509_direct_carried;;;;721.0;218;182;;0;2;1502
157888;1787410415118;21.8;37;45.6;4.0;182.0;182.4;1509_direct_carried;;;;721.0;218;182;;0;2;1505
158096;1787410415326;21.8;37;45.6;4.0;182.0;182.4;1509_direct_carried;;;;721.1;218;182;;0;2;1506
158519;1787410415749;21.8;37;45.6;4.0;182.0;182.4;1509_direct_carried;;;;721.1;218;182;;0;2;1508
158728;1787410415958;21.8;37;45.5;5.0;227.0;227.5;1509_direct;;;;721.1;218;227;;0;2;1509
158930;1787410416160;21.8;37;45.5;5.0;227.0;227.5;1509_direct_carried;;;;721.1;218;227;;0;2;150A
159137;1787410416367;21.8;37;45.5;5.0;227.0;227.5;1509_direct_carried;;;;721.1;218;227;;0;2;150B
159344;1787410416574;21.8;37;45.5;5.0;227.0;227.5;1509_direct_carried;;;;721.1;218;227;;0;2;150D
160395;1787410417625;21.8;37;45.5;5.0;227.0;227.5;1509_direct_carried;;;;721.1;218;227;;0;2;1502
160808;1787410418038;21.8;37;45.5;5.0;227.0;227.5;1509_direct_carried;;;;721.1;218;227;;0;2;1505
161019;1787410418249;21.8;37;45.5;5.0;227.0;227.5;1509_direct_carried;;;;721.1;218;227;;0;2;1506
161439;1787410418669;21.8;37;45.5;5.0;227.0;227.5;1509_direct_carried;;;;721.1;218;227;;0;2;1508
161649;1787410418879;21.8;37;45.6;4.0;182.0;182.4;1509_direct;;;;721.1;218;182;;0;2;1509
161858;1787410419088;21.8;37;45.6;4.0;182.0;182.4;1509_direct_carried;;;;721.1;218;182;;0;2;150A
162059;1787410419289;21.8;37;45.6;4.0;182.0;182.4;1509_direct_carried;;;;721.1;218;182;;0;2;150B
162268;1787410419498;21.8;37;45.6;4.0;182.0;182.4;1509_direct_carried;;;;721.1;218;182;;0;2;150D
163317;1787410420547;21.8;37;45.6;4.0;182.0;182.4;1509_direct_carried;;;;721.1;218;182;;0;2;1502
163729;1787410420959;21.8;37;45.6;4.0;182.0;182.4;1509_direct_carried;;;;721.1;218;182;;0;2;1505
163937;1787410421167;21.8;37;45.6;4.0;182.0;182.4;1509_direct_carried;;;;721.1;218;182;;0;2;1506
164358;1787410421588;21.8;37;45.6;4.0;182.0;182.4;1509_direct_carried;;;;721.1;218;182;;0;2;1508
164569;1787410421799;21.8;37;45.6;5.0;228.0;228.0;1509_direct;;;;721.1;218;228;;0;2;1509
164778;1787410422008;21.8;37;45.6;5.0;228.0;228.0;1509_direct_carried;;;;721.1;218;228;;0;2;150A
164987;1787410422217;21.8;37;45.6;5.0;228.0;228.0;1509_direct_carried;;;;721.1;218;228;;0;2;150B
165189;1787410422419;21.8;37;45.6;5.0;228.0;228.0;1509_direct_carried;;;;721.1;218;228;;0;2;150D
166239;1787410423469;21.8;37;45.6;5.0;228.0;228.0;1509_direct_carried;;;;721.1;218;228;;0;2;1502
166648;1787410423878;21.8;37;45.6;5.0;228.0;228.0;1509_direct_carried;;;;721.1;218;228;;0;2;1505
166858;1787410424088;21.8;37;45.6;5.0;228.0;228.0;1509_direct_carried;;;;721.1;218;228;;0;2;1506
167279;1787410424509;21.8;37;45.6;5.0;228.0;228.0;1509_direct_carried;;;;721.1;218;228;;0;2;1508
167488;1787410424718;21.8;37;45.6;5.0;228.0;228.0;1509_direct;;;;721.1;218;228;;0;2;1509
167696;1787410424926;21.8;37;45.6;5.0;228.0;228.0;1509_direct_carried;;;;721.1;218;228;;0;2;150A
167910;1787410425140;21.8;37;45.6;5.0;228.0;228.0;1509_direct_carried;;;;721.1;218;228;;0;2;150B
168118;1787410425348;21.8;37;45.6;5.0;228.0;228.0;1509_direct_carried;;;;721.1;218;228;;0;2;150D
169158;1787410426388;21.8;37;45.6;5.0;228.0;228.0;1509_direct_carried;;;;721.1;218;228;;0;2;1502
169582;1787410426812;21.8;37;45.6;5.0;228.0;228.0;1509_direct_carried;;;;721.1;218;228;;0;2;1505
169779;1787410427009;21.8;37;45.6;5.0;228.0;228.0;1509_direct_carried;;;;721.1;218;228;;0;2;1506
170196;1787410427426;21.8;37;45.6;5.0;228.0;228.0;1509_direct_carried;;;;721.1;218;228;;0;2;1508
170407;1787410427637;21.8;37;45.4;5.0;227.0;227.0;1509_direct;;;;721.1;218;227;;0;2;1509
170619;1787410427849;21.8;37;45.4;5.0;227.0;227.0;1509_direct_carried;;;;721.1;218;227;;0;2;150A
170827;1787410428057;21.8;37;45.4;5.0;227.0;227.0;1509_direct_carried;;;;721.1;218;227;;0;2;150B
171039;1787410428269;21.8;37;45.4;5.0;227.0;227.0;1509_direct_carried;;;;721.1;218;227;;0;2;150D
172076;1787410429306;21.8;37;45.4;5.0;227.0;227.0;1509_direct_carried;;;;721.1;218;227;;0;2;1502
172499;1787410429729;21.8;37;45.4;5.0;227.0;227.0;1509_direct_carried;;;;721.1;218;227;;0;2;1505
172707;1787410429937;21.8;37;45.4;5.0;227.0;227.0;1509_direct_carried;;;;721.2;218;227;;0;2;1506
173120;1787410430350;21.8;37;45.4;5.0;227.0;227.0;1509_direct_carried;;;;721.2;218;227;;0;2;1508
173336;1787410430566;21.8;37;45.4;5.0;228.0;227.0;1509_direct;;;;721.2;218;228;;0;2;1509
173538;1787410430768;21.8;37;45.4;5.0;228.0;227.0;1509_direct_carried;;;;721.2;218;228;;0;2;150A
173745;1787410430975;21.8;37;45.4;5.0;228.0;227.0;1509_direct_carried;;;;721.2;218;228;;0;2;150B
173959;1787410431189;21.8;37;45.4;5.0;228.0;227.0;1509_direct_carried;;;;721.2;218;228;;0;2;150D
175000;1787410432230;21.8;37;45.4;5.0;228.0;227.0;1509_direct_carried;;;;721.2;218;228;;0;2;1502
175418;1787410432648;21.8;37;45.4;5.0;228.0;227.0;1509_direct_carried;;;;721.2;218;228;;0;2;1505
175627;1787410432857;21.8;37;45.4;5.0;228.0;227.0;1509_direct_carried;;;;721.2;218;228;;0;2;1506
176039;1787410433269;21.8;37;45.4;5.0;228.0;227.0;1509_direct_carried;;;;721.2;218;228;;0;2;1508
176246;1787410433476;21.8;37;45.4;5.0;227.0;227.0;1509_direct;;;;721.2;218;227;;0;2;1509
176460;1787410433690;21.8;37;45.4;5.0;227.0;227.0;1509_direct_carried;;;;721.2;218;227;;0;2;150A
176669;1787410433899;21.8;37;45.4;5.0;227.0;227.0;1509_direct_carried;;;;721.2;218;227;;0;2;150B
176878;1787410434108;21.8;37;45.4;5.0;227.0;227.0;1509_direct_carried;;;;721.2;218;227;;0;2;150D
177918;1787410435148;21.8;37;45.4;5.0;227.0;227.0;1509_direct_carried;;;;721.2;218;227;;0;2;1502
178339;1787410435569;21.8;37;45.4;5.0;227.0;227.0;1509_direct_carried;;;;721.2;218;227;;0;2;1505
178549;1787410435779;21.8;37;45.4;5.0;227.0;227.0;1509_direct_carried;;;;721.2;218;227;;0;2;1506
178959;1787410436189;21.8;37;45.4;5.0;227.0;227.0;1509_direct_carried;;;;721.2;218;227;;0;2;1508
179166;1787410436396;21.8;37;45.6;4.0;182.0;182.4;1509_direct;;;;721.2;218;182;;0;2;1509
179378;1787410436608;21.8;37;45.6;4.0;182.0;182.4;1509_direct_carried;;;;721.2;218;182;;0;2;150A
179588;1787410436818;21.8;37;45.6;4.0;182.0;182.4;1509_direct_carried;;;;721.2;218;182;;0;2;150B
179798;1787410437028;21.8;37;45.6;4.0;182.0;182.4;1509_direct_carried;;;;721.2;218;182;;0;2;150D
180839;1787410438069;21.8;37;45.6;4.0;182.0;182.4;1509_direct_carried;;;;721.2;218;182;;0;2;1502
181259;1787410438489;21.8;37;45.6;4.0;182.0;182.4;1509_direct_carried;;;;721.2;218;182;;0;2;1505
181469;1787410438699;21.8;37;45.6;4.0;182.0;182.4;1509_direct_carried;;;;721.2;218;182;;0;2;1506
181888;1787410439118;21.8;37;45.6;4.0;182.0;182.4;1509_direct_carried;;;;721.2;218;182;;0;2;1508
182088;1787410439318;21.8;37;45.6;5.0;228.0;228.0;1509_direct;;;;721.2;218;228;;0;2;1509
182299;1787410439529;21.8;37;45.6;5.0;228.0;228.0;1509_direct_carried;;;;721.2;218;228;;0;2;150A
182508;1787410439738;21.8;37;45.6;5.0;228.0;228.0;1509_direct_carried;;;;721.2;218;228;;0;2;150B
182719;1787410439949;21.8;37;45.6;5.0;228.0;228.0;1509_direct_carried;;;;721.2;218;228;;0;2;150D
183759;1787410440989;21.8;37;45.6;5.0;228.0;228.0;1509_direct_carried;;;;721.2;218;228;;0;2;1502
184179;1787410441409;21.8;37;45.6;5.0;228.0;228.0;1509_direct_carried;;;;721.2;218;228;;0;2;1505
184390;1787410441620;21.8;37;45.6;5.0;228.0;228.0;1509_direct_carried;;;;721.2;218;228;;0;2;1506
184808;1787410442038;21.8;37;45.6;5.0;228.0;228.0;1509_direct_carried;;;;721.2;218;228;;0;2;1508
185009;1787410442239;21.8;37;45.4;5.0;227.0;227.0;1509_direct;;;;721.2;218;227;;0;2;1509
185220;1787410442450;21.8;37;45.4;5.0;227.0;227.0;1509_direct_carried;;;;721.2;218;227;;0;2;150A
185428;1787410442658;21.8;37;45.4;5.0;227.0;227.0;1509_direct_carried;;;;721.2;218;227;;0;2;150B
185638;1787410442868;21.8;37;45.4;5.0;227.0;227.0;1509_direct_carried;;;;721.2;218;227;;0;2;150D
186678;1787410443908;21.8;37;45.4;5.0;227.0;227.0;1509_direct_carried;;;;721.2;218;227;;0;2;1502
187100;1787410444330;21.8;37;45.4;5.0;227.0;227.0;1509_direct_carried;;;;721.2;218;227;;0;2;1505
187308;1787410444538;21.8;37;45.4;5.0;227.0;227.0;1509_direct_carried;;;;721.2;218;227;;0;2;1506
187729;1787410444959;21.8;37;45.4;5.0;227.0;227.0;1509_direct_carried;;;;721.2;218;227;;0;2;1508
187939;1787410445169;21.8;37;45.6;5.0;228.0;228.0;1509_direct;;;;721.2;218;228;;0;2;1509
188138;1787410445368;21.8;37;45.6;5.0;228.0;228.0;1509_direct_carried;;;;721.2;218;228;;0;2;150A
188350;1787410445580;21.8;37;45.6;5.0;228.0;228.0;1509_direct_carried;;;;721.2;218;228;;0;2;150B
188559;1787410445789;21.8;37;45.6;5.0;228.0;228.0;1509_direct_carried;;;;721.2;218;228;;0;2;150D
189599;1787410446829;21.8;37;45.6;5.0;228.0;228.0;1509_direct_carried;;;;721.2;218;228;;0;2;1502
190019;1787410447249;21.8;37;45.6;5.0;228.0;228.0;1509_direct_carried;;;;721.2;218;228;;0;2;1505
190228;1787410447458;21.8;37;45.6;5.0;228.0;228.0;1509_direct_carried;;;;721.3;218;228;;0;2;1506
190649;1787410447879;21.8;37;45.6;5.0;228.0;228.0;1509_direct_carried;;;;721.3;218;228;;0;2;1508
190858;1787410448088;21.8;37;45.6;5.0;228.0;228.0;1509_direct;;;;721.3;218;228;;0;2;1509
191058;1787410448288;21.8;37;45.6;5.0;228.0;228.0;1509_direct_carried;;;;721.3;218;228;;0;2;150A
191268;1787410448498;21.8;37;45.6;5.0;228.0;228.0;1509_direct_carried;;;;721.3;218;228;;0;2;150B
191479;1787410448709;21.8;37;45.6;5.0;228.0;228.0;1509_direct_carried;;;;721.3;218;228;;0;2;150D
192530;1787410449760;21.8;37;45.6;5.0;228.0;228.0;1509_direct_carried;;;;721.3;218;228;;0;2;1502
192939;1787410450169;21.8;37;45.6;5.0;228.0;228.0;1509_direct_carried;;;;721.3;218;228;;0;2;1505
193148;1787410450378;21.8;37;45.6;5.0;228.0;228.0;1509_direct_carried;;;;721.3;218;228;;0;2;1506
193571;1787410450801;21.8;37;45.6;5.0;228.0;228.0;1509_direct_carried;;;;721.3;218;228;;0;2;1508
193779;1787410451009;21.8;37;45.4;5.0;228.0;227.0;1509_direct;;;;721.3;218;228;;0;2;1509
193988;1787410451218;21.8;37;45.4;5.0;228.0;227.0;1509_direct_carried;;;;721.3;218;228;;0;2;150A
194198;1787410451428;21.8;37;45.4;5.0;228.0;227.0;1509_direct_carried;;;;721.3;218;228;;0;2;150B
194398;1787410451628;21.8;37;45.4;5.0;228.0;227.0;1509_direct_carried;;;;721.3;218;228;;0;2;150D
195449;1787410452679;21.8;37;45.4;5.0;228.0;227.0;1509_direct_carried;;;;721.3;218;228;;0;2;1502
195858;1787410453088;21.8;37;45.4;5.0;228.0;227.0;1509_direct_carried;;;;721.3;218;228;;0;2;1505
196070;1787410453300;21.8;37;45.4;5.0;228.0;227.0;1509_direct_carried;;;;721.3;218;228;;0;2;1506
196489;1787410453719;21.8;37;45.4;5.0;228.0;227.0;1509_direct_carried;;;;721.3;218;228;;0;2;1508
196699;1787410453929;21.8;37;45.6;5.0;228.0;228.0;1509_direct;;;;721.3;218;228;;0;2;1509
196908;1787410454138;21.8;37;45.6;5.0;228.0;228.0;1509_direct_carried;;;;721.3;218;228;;0;2;150A
197118;1787410454348;21.8;37;45.6;5.0;228.0;228.0;1509_direct_carried;;;;721.3;218;228;;0;2;150B
197329;1787410454559;21.8;37;45.6;5.0;228.0;228.0;1509_direct_carried;;;;721.3;218;228;;0;2;150D
198368;1787410455598;21.8;37;45.6;5.0;228.0;228.0;1509_direct_carried;;;;721.3;218;228;;0;2;1502
198790;1787410456020;21.8;37;45.6;5.0;228.0;228.0;1509_direct_carried;;;;721.3;218;228;;0;2;1505
198989;1787410456219;21.8;37;45.6;5.0;228.0;228.0;1509_direct_carried;;;;721.3;218;228;;0;2;1506
199410;1787410456640;21.8;37;45.6;5.0;228.0;228.0;1509_direct_carried;;;;721.3;218;228;;0;2;1508
199618;1787410456848;21.8;37;45.3;6.0;271.0;271.79999999999995;1509_direct;;;;721.3;218;271;;0;2;1509
199828;1787410457058;21.8;37;45.3;6.0;271.0;271.79999999999995;1509_direct_carried;;;;721.3;218;271;;0;2;150A
200039;1787410457269;21.8;37;45.3;6.0;271.0;271.79999999999995;1509_direct_carried;;;;721.3;218;271;;0;2;150B
200248;1787410457478;21.8;37;45.3;6.0;271.0;271.79999999999995;1509_direct_carried;;;;721.3;218;271;;0;2;150D
201288;1787410458518;21.8;37;45.3;6.0;271.0;271.79999999999995;1509_direct_carried;;;;721.3;218;271;;0;2;1502
201709;1787410458939;21.8;37;45.3;6.0;271.0;271.79999999999995;1509_direct_carried;;;;721.3;218;271;;0;2;1505
201918;1787410459148;21.8;37;45.3;6.0;271.0;271.79999999999995;1509_direct_carried;;;;721.3;218;271;;0;2;1506
202329;1787410459559;21.8;37;45.3;6.0;271.0;271.79999999999995;1509_direct_carried;;;;721.3;218;271;;0;2;1508
202538;1787410459768;21.8;37;45.3;6.0;271.0;271.79999999999995;1509_direct;;;;721.3;218;271;;0;2;1509
202749;1787410459979;21.8;37;45.3;6.0;271.0;271.79999999999995;1509_direct_carried;;;;721.3;218;271;;0;2;150A
202960;1787410460190;21.8;37;45.3;6.0;271.0;271.79999999999995;1509_direct_carried;;;;721.3;218;271;;0;2;150B
203168;1787410460398;21.8;37;45.3;6.0;271.0;271.79999999999995;1509_direct_carried;;;;721.3;218;271;;0;2;150D
204211;1787410461441;21.8;37;45.3;6.0;271.0;271.79999999999995;1509_direct_carried;;;;721.3;218;271;;0;2;1502
204629;1787410461859;21.8;37;45.3;6.0;271.0;271.79999999999995;1509_direct_carried;;;;721.3;218;271;;0;2;1505
204839;1787410462069;21.8;37;45.3;6.0;271.0;271.79999999999995;1509_direct_carried;;;;721.4;218;271;;0;2;1506
205251;1787410462481;21.8;37;45.3;6.0;271.0;271.79999999999995;1509_direct_carried;;;;721.4;218;271;;0;2;1508
205458;1787410462688;21.8;37;45.1;6.0;271.0;270.6;1509_direct;;;;721.4;218;271;;0;2;1509
205669;1787410462899;21.8;37;45.1;6.0;271.0;270.6;1509_direct_carried;;;;721.4;218;271;;0;2;150A
205878;1787410463108;21.8;37;45.1;6.0;271.0;270.6;1509_direct_carried;;;;721.4;218;271;;0;2;150B
206089;1787410463319;21.8;37;45.1;6.0;271.0;270.6;1509_direct_carried;;;;721.4;218;271;;0;2;150D
207129;1787410464359;21.8;37;45.1;6.0;271.0;270.6;1509_direct_carried;;;;721.4;218;271;;0;2;1502
207547;1787410464777;21.8;37;45.1;6.0;271.0;270.6;1509_direct_carried;;;;721.4;218;271;;0;2;1505
207759;1787410464989;21.8;37;45.1;6.0;271.0;270.6;1509_direct_carried;;;;721.4;218;271;;0;2;1506
208169;1787410465399;21.8;37;45.1;6.0;271.0;270.6;1509_direct_carried;;;;721.4;218;271;;0;2;1508
208380;1787410465610;21.8;37;45.3;6.0;270.0;271.79999999999995;1509_direct;;;;721.4;218;270;;0;2;1509
208590;1787410465820;21.8;37;45.3;6.0;270.0;271.79999999999995;1509_direct_carried;;;;721.4;218;270;;0;2;150A
208800;1787410466030;21.8;37;45.3;6.0;270.0;271.79999999999995;1509_direct_carried;;;;721.4;218;270;;0;2;150B
209009;1787410466239;21.8;37;45.3;6.0;270.0;271.79999999999995;1509_direct_carried;;;;721.4;218;270;;0;2;150D
210050;1787410467280;21.8;37;45.3;6.0;270.0;271.79999999999995;1509_direct_carried;;;;721.4;218;270;;0;2;1502
210469;1787410467699;21.8;37;45.3;6.0;270.0;271.79999999999995;1509_direct_carried;;;;721.4;218;270;;0;2;1505
210679;1787410467909;21.8;37;45.3;6.0;270.0;271.79999999999995;1509_direct_carried;;;;721.4;218;270;;0;2;1506
211099;1787410468329;21.8;37;45.3;6.0;270.0;271.79999999999995;1509_direct_carried;;;;721.4;218;270;;0;2;1508
211298;1787410468528;21.8;37;45.3;6.0;271.0;271.79999999999995;1509_direct;;;;721.4;218;271;;0;2;1509
211508;1787410468738;21.8;37;45.3;6.0;271.0;271.79999999999995;1509_direct_carried;;;;721.4;218;271;;0;2;150A
211720;1787410468950;21.8;37;45.3;6.0;271.0;271.79999999999995;1509_direct_carried;;;;721.4;218;271;;0;2;150B
211930;1787410469160;21.8;37;45.3;6.0;271.0;271.79999999999995;1509_direct_carried;;;;721.4;218;271;;0;2;150D
212969;1787410470199;21.8;37;45.3;6.0;271.0;271.79999999999995;1509_direct_carried;;;;721.4;218;271;;0;2;1502
213391;1787410470621;21.8;37;45.3;6.0;271.0;271.79999999999995;1509_direct_carried;;;;721.4;218;271;;0;2;1505
213597;1787410470827;21.8;37;45.3;6.0;271.0;271.79999999999995;1509_direct_carried;;;;721.4;218;271;;0;2;1506
214022;1787410471252;21.8;37;45.3;6.0;271.0;271.79999999999995;1509_direct_carried;;;;721.4;218;271;;0;2;1508
214219;1787410471449;21.8;37;45.3;7.0;270.0;317.09999999999997;1509_direct;;;;721.4;218;270;;0;2;1509
214428;1787410471658;21.8;37;45.3;7.0;270.0;317.09999999999997;1509_direct_carried;;;;721.4;218;270;;0;2;150A
214639;1787410471869;21.8;37;45.3;7.0;270.0;317.09999999999997;1509_direct_carried;;;;721.4;218;270;;0;2;150B
214848;1787410472078;21.8;37;45.3;7.0;270.0;317.09999999999997;1509_direct_carried;;;;721.4;218;270;;0;2;150D
215890;1787410473120;21.8;37;45.3;7.0;270.0;317.09999999999997;1509_direct_carried;;;;721.4;218;270;;0;2;1502
216309;1787410473539;21.8;37;45.3;7.0;270.0;317.09999999999997;1509_direct_carried;;;;721.4;218;270;;0;2;1505
216520;1787410473750;21.8;37;45.3;7.0;270.0;317.09999999999997;1509_direct_carried;;;;721.4;218;270;;0;2;1506
216941;1787410474171;21.8;37;45.3;7.0;270.0;317.09999999999997;1509_direct_carried;;;;721.4;218;270;;0;2;1508
217149;1787410474379;21.8;37;45.1;7.0;315.0;315.7;1509_direct;;;;721.4;218;315;;0;2;1509
217349;1787410474579;21.8;37;45.1;7.0;315.0;315.7;1509_direct_carried;;;;721.4;218;315;;0;2;150A
217558;1787410474788;21.8;37;45.1;7.0;315.0;315.7;1509_direct_carried;;;;721.4;218;315;;0;2;150B
217768;1787410474998;21.8;37;45.1;7.0;315.0;315.7;1509_direct_carried;;;;721.4;218;315;;0;2;150D
218820;1787410476050;21.8;37;45.1;7.0;315.0;315.7;1509_direct_carried;;;;721.4;218;315;;0;2;1502
219229;1787410476459;21.8;37;45.1;7.0;315.0;315.7;1509_direct_carried;;;;721.4;218;315;;0;2;1505
219439;1787410476669;21.8;37;45.1;7.0;315.0;315.7;1509_direct_carried;;;;721.4;218;315;;0;2;1506
219859;1787410477089;21.8;37;45.1;7.0;315.0;315.7;1509_direct_carried;;;;721.4;218;315;;0;2;1508
220069;1787410477299;21.8;37;44.8;8.0;358.0;358.4;1509_direct;;;;721.4;218;358;;0;2;1509
220269;1787410477499;21.8;37;44.8;8.0;358.0;358.4;1509_direct_carried;;;;721.4;218;358;;0;2;150A
220479;1787410477709;21.8;37;44.8;8.0;358.0;358.4;1509_direct_carried;;;;721.4;218;358;;0;2;150B
220689;1787410477919;21.8;37;44.8;8.0;358.0;358.4;1509_direct_carried;;;;721.4;218;358;;0;2;150D
221741;1787410478971;21.8;37;44.8;8.0;358.0;358.4;1509_direct_carried;;;;721.4;218;358;;0;2;1502
222149;1787410479379;21.8;37;44.8;8.0;358.0;358.4;1509_direct_carried;;;;721.4;218;358;;0;2;1505
222358;1787410479588;21.8;37;44.8;8.0;358.0;358.4;1509_direct_carried;;;;721.4;218;358;;0;2;1506
222779;1787410480009;21.8;37;44.8;8.0;358.0;358.4;1509_direct_carried;;;;721.4;218;358;;0;2;1508
222989;1787410480219;21.8;37;45.0;8.0;360.0;360.0;1509_direct;;;;721.4;218;360;;0;2;1509
223197;1787410480427;21.8;37;45.0;8.0;360.0;360.0;1509_direct_carried;;;;721.4;218;360;;0;2;150A
223408;1787410480638;21.8;37;45.0;8.0;360.0;360.0;1509_direct_carried;;;;721.4;218;360;;0;2;150B
223609;1787410480839;21.8;37;45.0;8.0;360.0;360.0;1509_direct_carried;;;;721.4;218;360;;0;2;150D
224662;1787410481892;21.8;37;45.0;8.0;360.0;360.0;1509_direct_carried;;;;721.4;218;360;;0;2;1502
225069;1787410482299;21.8;37;45.0;8.0;360.0;360.0;1509_direct_carried;;;;721.4;218;360;;0;2;1505
225278;1787410482508;21.8;37;45.0;8.0;360.0;360.0;1509_direct_carried;;;;721.5;218;360;;0;2;1506
225699;1787410482929;21.8;37;45.0;8.0;360.0;360.0;1509_direct_carried;;;;721.5;218;360;;0;2;1508
225909;1787410483139;21.8;37;45.0;8.0;360.0;360.0;1509_direct;;;;721.5;218;360;;0;2;1509
226119;1787410483349;21.8;37;45.0;8.0;360.0;360.0;1509_direct_carried;;;;721.5;218;360;;0;2;150A
226330;1787410483560;21.8;37;45.0;8.0;360.0;360.0;1509_direct_carried;;;;721.5;218;360;;0;2;150B
226538;1787410483768;21.8;37;45.0;8.0;360.0;360.0;1509_direct_carried;;;;721.5;218;360;;0;2;150D
227580;1787410484810;21.8;37;45.0;8.0;360.0;360.0;1509_direct_carried;;;;721.5;218;360;;0;2;1502
227999;1787410485229;21.8;37;45.0;8.0;360.0;360.0;1509_direct_carried;;;;721.5;218;360;;0;2;1505
228199;1787410485429;21.8;37;45.0;8.0;360.0;360.0;1509_direct_carried;;;;721.5;218;360;;0;2;1506
228619;1787410485849;21.8;37;45.0;8.0;360.0;360.0;1509_direct_carried;;;;721.5;218;360;;0;2;1508
228829;1787410486059;21.8;37;45.1;8.0;360.0;360.8;1509_direct;;;;721.5;218;360;;0;2;1509
229038;1787410486268;21.8;37;45.1;8.0;360.0;360.8;1509_direct_carried;;;;721.5;218;360;;0;2;150A
229248;1787410486478;21.8;37;45.1;8.0;360.0;360.8;1509_direct_carried;;;;721.5;218;360;;0;2;150B
229460;1787410486690;21.8;37;45.1;8.0;360.0;360.8;1509_direct_carried;;;;721.5;218;360;;0;2;150D
230499;1787410487729;21.8;37;45.1;8.0;360.0;360.8;1509_direct_carried;;;;721.5;218;360;;0;2;1502
230919;1787410488149;21.8;37;45.1;8.0;360.0;360.8;1509_direct_carried;;;;721.5;218;360;;0;2;1505
231119;1787410488349;21.8;37;45.1;8.0;360.0;360.8;1509_direct_carried;;;;721.5;218;360;;0;2;1506
231539;1787410488769;21.8;37;45.1;8.0;360.0;360.8;1509_direct_carried;;;;721.5;218;360;;0;2;1508
231749;1787410488979;21.8;37;44.7;8.0;357.0;357.6;1509_direct;;;;721.5;218;357;;0;2;1509
231959;1787410489189;21.8;37;44.7;8.0;357.0;357.6;1509_direct_carried;;;;721.5;218;357;;0;2;150A
232170;1787410489400;21.8;37;44.7;8.0;357.0;357.6;1509_direct_carried;;;;721.5;218;357;;0;2;150B
232379;1787410489609;21.8;37;44.7;8.0;357.0;357.6;1509_direct_carried;;;;721.5;218;357;;0;2;150D
233420;1787410490650;21.8;37;44.7;8.0;357.0;357.6;1509_direct_carried;;;;721.5;218;357;;0;2;1502
234049;1787410491279;21.8;37;44.7;8.0;357.0;357.6;1509_direct_carried;;;;721.5;218;357;;0;2;1506
234459;1787410491689;21.8;37;44.7;8.0;357.0;357.6;1509_direct_carried;;;;721.5;218;357;;0;2;1508
234669;1787410491899;21.8;37;44.6;8.0;359.0;356.8;1509_direct;;;;721.5;218;359;;0;2;1509
234875;1787410492105;21.8;37;44.6;8.0;359.0;356.8;1509_direct_carried;;;;721.5;218;359;;0;2;150A
235086;1787410492316;21.8;37;44.6;8.0;359.0;356.8;1509_direct_carried;;;;721.5;218;359;;0;2;150B
235296;1787410492526;21.8;37;44.6;8.0;359.0;356.8;1509_direct_carried;;;;721.5;218;359;;0;2;150D
236335;1787410493565;21.8;37;44.6;8.0;359.0;356.8;1509_direct_carried;;;;721.5;218;359;;0;2;1502
236759;1787410493989;21.8;37;44.6;8.0;359.0;356.8;1509_direct_carried;;;;721.5;218;359;;0;2;1505
236967;1787410494197;21.8;37;44.6;8.0;359.0;356.8;1509_direct_carried;;;;721.5;218;359;;0;2;1506
237379;1787410494609;21.8;37;44.6;8.0;359.0;356.8;1509_direct_carried;;;;721.5;218;359;;0;2;1508
237588;1787410494818;21.8;37;44.8;8.0;359.0;358.4;1509_direct;;;;721.5;218;359;;0;2;1509
237800;1787410495030;21.8;37;44.8;8.0;359.0;358.4;1509_direct_carried;;;;721.5;218;359;;0;2;150A
238009;1787410495239;21.8;37;44.8;8.0;359.0;358.4;1509_direct_carried;;;;721.5;218;359;;0;2;150B
238219;1787410495449;21.8;37;44.8;8.0;359.0;358.4;1509_direct_carried;;;;721.5;218;359;;0;2;150D
239259;1787410496489;21.8;37;44.8;8.0;359.0;358.4;1509_direct_carried;;;;721.5;218;359;;0;2;1502
239675;1787410496905;21.8;37;44.8;8.0;359.0;358.4;1509_direct_carried;;;;721.5;218;359;;0;2;1505
239885;1787410497115;21.8;37;44.8;8.0;359.0;358.4;1509_direct_carried;;;;721.6;218;359;;0;2;1506
240305;1787410497535;21.8;37;44.8;8.0;359.0;358.4;1509_direct_carried;;;;721.6;218;359;;0;2;1508
240505;1787410497735;21.8;37;44.8;9.0;403.0;403.2;1509_direct;;;;721.6;218;403;;0;2;1509
240715;1787410497945;21.8;37;44.8;9.0;403.0;403.2;1509_direct_carried;;;;721.6;218;403;;0;2;150A
240927;1787410498157;21.8;37;44.8;9.0;403.0;403.2;1509_direct_carried;;;;721.6;218;403;;0;2;150B
241135;1787410498365;21.8;37;44.8;9.0;403.0;403.2;1509_direct_carried;;;;721.6;218;403;;0;2;150D
242176;1787410499406;21.8;37;44.8;9.0;403.0;403.2;1509_direct_carried;;;;721.6;218;403;;0;2;1502
242595;1787410499825;21.8;37;44.8;9.0;403.0;403.2;1509_direct_carried;;;;721.6;218;403;;0;2;1505
242806;1787410500036;21.8;37;44.8;9.0;403.0;403.2;1509_direct_carried;;;;721.6;218;403;;0;2;1506
243228;1787410500458;21.8;37;44.8;9.0;403.0;403.2;1509_direct_carried;;;;721.6;218;403;;0;2;1508
243428;1787410500658;21.8;37;44.6;10.0;446.0;446.0;1509_direct;;;;721.6;218;446;;0;2;1509
243641;1787410500871;21.8;37;44.6;10.0;446.0;446.0;1509_direct_carried;;;;721.6;218;446;;0;2;150A
243849;1787410501079;21.8;37;44.6;10.0;446.0;446.0;1509_direct_carried;;;;721.6;218;446;;0;2;150B
244055;1787410501285;21.8;37;44.6;10.0;446.0;446.0;1509_direct_carried;;;;721.6;218;446;;0;2;150D
245099;1787410502329;21.8;37;44.6;10.0;446.0;446.0;1509_direct_carried;;;;721.6;218;446;;0;2;1502
245519;1787410502749;21.8;37;44.6;10.0;446.0;446.0;1509_direct_carried;;;;721.6;218;446;;0;2;1505
245727;1787410502957;21.8;37;44.6;10.0;446.0;446.0;1509_direct_carried;;;;721.6;218;446;;0;2;1506
246149;1787410503379;21.8;37;44.6;10.0;446.0;446.0;1509_direct_carried;;;;721.6;218;446;;0;2;1508
246356;1787410503586;21.8;37;44.6;10.0;402.0;446.0;1509_direct;;;;721.6;218;402;;0;2;1509
246554;1787410503784;21.8;37;44.6;10.0;402.0;446.0;1509_direct_carried;;;;721.6;218;402;;0;2;150A
246769;1787410503999;21.8;37;44.6;10.0;402.0;446.0;1509_direct_carried;;;;721.6;218;402;;0;2;150B
246979;1787410504209;21.8;37;44.6;10.0;402.0;446.0;1509_direct_carried;;;;721.6;218;402;;0;2;150D
248021;1787410505251;21.8;37;44.6;10.0;402.0;446.0;1509_direct_carried;;;;721.6;218;402;;0;2;1502
248437;1787410505667;21.8;37;44.6;10.0;402.0;446.0;1509_direct_carried;;;;721.6;218;402;;0;2;1505
248649;1787410505879;21.8;37;44.6;10.0;402.0;446.0;1509_direct_carried;;;;721.6;218;402;;0;2;1506
249070;1787410506300;21.8;37;44.6;10.0;402.0;446.0;1509_direct_carried;;;;721.6;218;402;;0;2;1508
249280;1787410506510;21.8;37;44.6;10.0;446.0;446.0;1509_direct;;;;721.6;218;446;;0;2;1509
249477;1787410506707;21.8;37;44.6;10.0;446.0;446.0;1509_direct_carried;;;;721.6;218;446;;0;2;150A
249685;1787410506915;21.8;37;44.6;10.0;446.0;446.0;1509_direct_carried;;;;721.6;218;446;;0;2;150B
249900;1787410507130;21.8;37;44.6;10.0;446.0;446.0;1509_direct_carried;;;;721.6;218;446;;0;2;150D
250947;1787410508177;21.8;37;44.6;10.0;446.0;446.0;1509_direct_carried;;;;721.6;218;446;;0;2;1502
251361;1787410508591;21.8;37;44.6;10.0;446.0;446.0;1509_direct_carried;;;;721.6;218;446;;0;2;1505
251570;1787410508800;21.8;37;44.6;10.0;446.0;446.0;1509_direct_carried;;;;721.6;218;446;;0;2;1506
251989;1787410509219;21.8;37;44.6;10.0;446.0;446.0;1509_direct_carried;;;;721.6;218;446;;0;2;1508
252200;1787410509430;21.8;37;44.5;10.0;445.0;445.0;1509_direct;;;;721.6;218;445;;0;2;1509
252413;1787410509643;21.8;37;44.5;10.0;445.0;445.0;1509_direct_carried;;;;721.6;218;445;;0;2;150A
252619;1787410509849;21.8;37;44.5;10.0;445.0;445.0;1509_direct_carried;;;;721.6;218;445;;0;2;150B
252821;1787410510051;21.8;37;44.5;10.0;445.0;445.0;1509_direct_carried;;;;721.6;218;445;;0;2;150D
253870;1787410511100;21.8;37;44.5;10.0;445.0;445.0;1509_direct_carried;;;;721.6;218;445;;0;2;1502
254279;1787410511509;21.8;37;44.5;10.0;445.0;445.0;1509_direct_carried;;;;721.6;218;445;;0;2;1505
254488;1787410511718;21.8;37;44.5;10.0;445.0;445.0;1509_direct_carried;;;;721.6;218;445;;0;2;1506
254913;1787410512143;21.8;37;44.5;10.0;445.0;445.0;1509_direct_carried;;;;721.6;218;445;;0;2;1508
255118;1787410512348;21.8;37;44.7;9.0;402.0;402.3;1509_direct;;;;721.6;218;402;;0;2;1509
255327;1787410512557;21.8;37;44.7;9.0;402.0;402.3;1509_direct_carried;;;;721.6;218;402;;0;2;150A
255538;1787410512768;21.8;37;44.7;9.0;402.0;402.3;1509_direct_carried;;;;721.6;218;402;;0;2;150B
255737;1787410512967;21.8;37;44.7;9.0;402.0;402.3;1509_direct_carried;;;;721.6;218;402;;0;2;150D
256789;1787410514019;21.8;37;44.7;9.0;402.0;402.3;1509_direct_carried;;;;721.6;218;402;;0;2;1502
257200;1787410514430;21.8;37;44.7;9.0;402.0;402.3;1509_direct_carried;;;;721.6;218;402;;0;2;1505
257419;1787410514649;21.8;37;44.7;9.0;402.0;402.3;1509_direct_carried;;;;721.7;218;402;;0;2;1506
257830;1787410515060;21.8;37;44.7;9.0;402.0;402.3;1509_direct_carried;;;;721.7;218;402;;0;2;1508
258040;1787410515270;21.8;37;44.6;9.0;445.0;401.40000000000003;1509_direct;;;;721.7;218;445;;0;2;1509
258250;1787410515480;21.8;37;44.6;9.0;445.0;401.40000000000003;1509_direct_carried;;;;721.7;218;445;;0;2;150A
258459;1787410515689;21.8;37;44.6;9.0;445.0;401.40000000000003;1509_direct_carried;;;;721.7;218;445;;0;2;150B
258670;1787410515900;21.8;37;44.6;9.0;445.0;401.40000000000003;1509_direct_carried;;;;721.7;218;445;;0;2;150D
259710;1787410516940;21.8;37;44.6;9.0;445.0;401.40000000000003;1509_direct_carried;;;;721.7;218;445;;0;2;1502
260128;1787410517358;21.8;37;44.6;9.0;445.0;401.40000000000003;1509_direct_carried;;;;721.7;218;445;;0;2;1505
260331;1787410517561;21.8;37;44.6;9.0;445.0;401.40000000000003;1509_direct_carried;;;;721.7;218;445;;0;2;1506
260746;1787410517976;21.8;37;44.6;9.0;445.0;401.40000000000003;1509_direct_carried;;;;721.7;218;445;;0;2;1508
260959;1787410518189;21.8;37;44.6;9.0;401.0;401.40000000000003;1509_direct;;;;721.7;218;401;;0;2;1509
261168;1787410518398;21.8;37;44.6;9.0;401.0;401.40000000000003;1509_direct_carried;;;;721.7;218;401;;0;2;150A
261379;1787410518609;21.8;37;44.6;9.0;401.0;401.40000000000003;1509_direct_carried;;;;721.7;218;401;;0;2;150B
261591;1787410518821;21.8;37;44.6;9.0;401.0;401.40000000000003;1509_direct_carried;;;;721.7;218;401;;0;2;150D
262629;1787410519859;21.8;37;44.6;9.0;401.0;401.40000000000003;1509_direct_carried;;;;721.7;218;401;;0;2;1502
263257;1787410520487;21.8;37;44.6;9.0;401.0;401.40000000000003;1509_direct_carried;;;;721.7;218;401;;0;2;1506
263669;1787410520899;21.8;37;44.6;9.0;401.0;401.40000000000003;1509_direct_carried;;;;721.7;218;401;;0;2;1508
263880;1787410521110;21.8;37;44.6;9.0;401.0;401.40000000000003;1509_direct;;;;721.7;218;401;;0;2;1509
264090;1787410521320;21.8;37;44.6;9.0;401.0;401.40000000000003;1509_direct_carried;;;;721.7;218;401;;0;2;150A
264301;1787410521531;21.8;37;44.6;9.0;401.0;401.40000000000003;1509_direct_carried;;;;721.7;218;401;;0;2;150B
264511;1787410521741;21.8;37;44.6;9.0;401.0;401.40000000000003;1509_direct_carried;;;;721.7;218;401;;0;2;150D
265548;1787410522778;21.8;37;44.6;9.0;401.0;401.40000000000003;1509_direct_carried;;;;721.7;218;401;;0;2;1502
265971;1787410523201;21.8;37;44.6;9.0;401.0;401.40000000000003;1509_direct_carried;;;;721.7;218;401;;0;2;1505
266181;1787410523411;21.8;37;44.6;9.0;401.0;401.40000000000003;1509_direct_carried;;;;721.7;218;401;;0;2;1506
266585;1787410523815;21.8;37;44.6;9.0;401.0;401.40000000000003;1509_direct_carried;;;;721.7;218;401;;0;2;1508
266800;1787410524030;21.8;37;44.6;9.0;401.0;401.40000000000003;1509_direct;;;;721.7;218;401;;0;2;1509
267009;1787410524239;21.8;37;44.6;9.0;401.0;401.40000000000003;1509_direct_carried;;;;721.7;218;401;;0;2;150A
267220;1787410524450;21.8;37;44.6;9.0;401.0;401.40000000000003;1509_direct_carried;;;;721.7;218;401;;0;2;150B
267434;1787410524664;21.8;37;44.6;9.0;401.0;401.40000000000003;1509_direct_carried;;;;721.7;218;401;;0;2;150D
268468;1787410525698;21.8;37;44.6;9.0;401.0;401.40000000000003;1509_direct_carried;;;;721.7;218;401;;0;2;1502
269099;1787410526329;21.8;37;44.6;9.0;401.0;401.40000000000003;1509_direct_carried;;;;721.7;218;401;;0;2;1506
269507;1787410526737;21.8;37;44.6;9.0;401.0;401.40000000000003;1509_direct_carried;;;;721.7;218;401;;0;2;1508
269717;1787410526947;21.8;37;44.8;8.0;358.0;358.4;1509_direct;;;;721.7;218;358;;0;2;1509
269928;1787410527158;21.8;37;44.8;8.0;358.0;358.4;1509_direct_carried;;;;721.7;218;358;;0;2;150A
270139;1787410527369;21.8;37;44.8;8.0;358.0;358.4;1509_direct_carried;;;;721.7;218;358;;0;2;150B
270347;1787410527577;21.8;37;44.8;8.0;358.0;358.4;1509_direct_carried;;;;721.7;218;358;;0;2;150D
271388;1787410528618;21.8;37;44.8;8.0;358.0;358.4;1509_direct_carried;;;;721.7;218;358;;0;2;1502
271806;1787410529036;21.8;37;44.8;8.0;358.0;358.4;1509_direct_carried;;;;721.7;218;358;;0;2;1505
272017;1787410529247;21.8;37;44.8;8.0;358.0;358.4;1509_direct_carried;;;;721.8;218;358;;0;2;1506
272440;1787410529670;21.8;37;44.8;8.0;358.0;358.4;1509_direct_carried;;;;721.8;218;358;;0;2;1508
272638;1787410529868;21.8;37;45.0;6.0;270.0;270.0;1509_direct;;;;721.8;218;270;;0;2;1509
272848;1787410530078;21.8;37;45.0;6.0;270.0;270.0;1509_direct_carried;;;;721.8;218;270;;0;2;150A
273058;1787410530288;21.8;37;45.0;6.0;270.0;270.0;1509_direct_carried;;;;721.8;218;270;;0;2;150B
273270;1787410530500;21.8;37;45.0;6.0;270.0;270.0;1509_direct_carried;;;;721.8;218;270;;0;2;150D
274308;1787410531538;21.8;37;45.0;6.0;270.0;270.0;1509_direct_carried;;;;721.8;218;270;;0;2;1502
274729;1787410531959;21.8;37;45.0;6.0;270.0;270.0;1509_direct_carried;;;;721.8;218;270;;0;2;1505
274939;1787410532169;21.8;37;45.0;6.0;270.0;270.0;1509_direct_carried;;;;721.8;218;270;;0;2;1506
275358;1787410532588;21.8;37;45.0;6.0;270.0;270.0;1509_direct_carried;;;;721.8;218;270;;0;2;1508
275558;1787410532788;21.8;37;44.6;9.0;401.0;401.40000000000003;1509_direct;;;;721.8;218;401;;0;2;1509
275768;1787410532998;21.8;37;44.6;9.0;401.0;401.40000000000003;1509_direct_carried;;;;721.8;218;401;;0;2;150A
275978;1787410533208;21.8;37;44.6;9.0;401.0;401.40000000000003;1509_direct_carried;;;;721.8;218;401;;0;2;150B
276187;1787410533417;21.8;37;44.6;9.0;401.0;401.40000000000003;1509_direct_carried;;;;721.8;218;401;;0;2;150D
277227;1787410534457;21.8;37;44.6;9.0;401.0;401.40000000000003;1509_direct_carried;;;;721.8;218;401;;0;2;1502
277858;1787410535088;21.8;37;44.6;9.0;401.0;401.40000000000003;1509_direct_carried;;;;721.8;218;401;;0;2;1506
278279;1787410535509;21.8;37;44.6;9.0;401.0;401.40000000000003;1509_direct_carried;;;;721.8;218;401;;0;2;1508
278487;1787410535717;21.8;37;44.9;8.0;358.0;359.2;1509_direct;;;;721.8;218;358;;0;2;1509
278688;1787410535918;21.8;37;44.9;8.0;358.0;359.2;1509_direct_carried;;;;721.8;218;358;;0;2;150A
278899;1787410536129;21.8;37;44.9;8.0;358.0;359.2;1509_direct_carried;;;;721.8;218;358;;0;2;150B
279109;1787410536339;21.8;37;44.9;8.0;358.0;359.2;1509_direct_carried;;;;721.8;218;358;;0;2;150D
280148;1787410537378;21.8;37;44.9;8.0;358.0;359.2;1509_direct_carried;;;;721.8;218;358;;0;2;1502
280777;1787410538007;21.8;37;44.9;8.0;358.0;359.2;1509_direct_carried;;;;721.8;218;358;;0;2;1506
281199;1787410538429;21.8;37;44.9;8.0;358.0;359.2;1509_direct_carried;;;;721.8;218;358;;0;2;1508
281406;1787410538636;21.8;37;44.8;7.0;313.0;313.59999999999997;1509_direct;;;;721.8;218;313;;0;2;1509
281611;1787410538841;21.8;37;44.8;7.0;313.0;313.59999999999997;1509_direct_carried;;;;721.8;218;313;;0;2;150A
281820;1787410539050;21.8;37;44.8;7.0;313.0;313.59999999999997;1509_direct_carried;;;;721.8;218;313;;0;2;150B
282028;1787410539258;21.8;37;44.8;7.0;313.0;313.59999999999997;1509_direct_carried;;;;721.8;218;313;;0;2;150D
283078;1787410540308;21.8;37;44.8;7.0;313.0;313.59999999999997;1509_direct_carried;;;;721.8;218;313;;0;2;1502
283491;1787410540721;21.8;37;44.8;7.0;313.0;313.59999999999997;1509_direct_carried;;;;721.8;218;313;;0;2;1505
283698;1787410540928;21.8;37;44.8;7.0;313.0;313.59999999999997;1509_direct_carried;;;;721.8;218;313;;0;2;1506
284119;1787410541349;21.8;37;44.8;7.0;313.0;313.59999999999997;1509_direct_carried;;;;721.8;218;313;;0;2;1508
284329;1787410541559;21.8;37;44.9;7.0;314.0;314.3;1509_direct;;;;721.8;218;314;;0;2;1509
284537;1787410541767;21.8;37;44.9;7.0;314.0;314.3;1509_direct_carried;;;;721.8;218;314;;0;2;150A
284748;1787410541978;21.8;37;44.9;7.0;314.0;314.3;1509_direct_carried;;;;721.8;218;314;;0;2;150B
284947;1787410542177;21.8;37;44.9;7.0;314.0;314.3;1509_direct_carried;;;;721.8;218;314;;0;2;150D
285998;1787410543228;21.8;37;44.9;7.0;314.0;314.3;1509_direct_carried;;;;721.8;218;314;;0;2;1502
286409;1787410543639;21.8;37;44.9;7.0;314.0;314.3;1509_direct_carried;;;;721.8;218;314;;0;2;1505
286619;1787410543849;21.8;37;44.9;7.0;314.0;314.3;1509_direct_carried;;;;721.8;218;314;;0;2;1506
287041;1787410544271;21.8;37;44.9;7.0;314.0;314.3;1509_direct_carried;;;;721.8;218;314;;0;2;1508
287248;1787410544478;21.8;37;44.9;7.0;312.0;314.3;1509_direct;;;;721.8;218;312;;0;2;1509
287458;1787410544688;21.8;37;44.9;7.0;312.0;314.3;1509_direct_carried;;;;721.8;218;312;;0;2;150A
287668;1787410544898;21.8;37;44.9;7.0;312.0;314.3;1509_direct_carried;;;;721.8;218;312;;0;2;150B
287871;1787410545101;21.8;37;44.9;7.0;312.0;314.3;1509_direct_carried;;;;721.8;218;312;;0;2;150D
288921;1787410546151;21.8;37;44.9;7.0;312.0;314.3;1509_direct_carried;;;;721.8;218;312;;0;2;1502
289340;1787410546570;21.8;37;44.9;7.0;312.0;314.3;1509_direct_carried;;;;721.8;218;312;;0;2;1505
289541;1787410546771;21.8;37;44.9;7.0;312.0;314.3;1509_direct_carried;;;;721.9;218;312;;0;2;1506
289959;1787410547189;21.8;37;44.9;7.0;312.0;314.3;1509_direct_carried;;;;721.9;218;312;;0;2;1508
290179;1787410547409;21.8;37;44.9;6.0;256.0;269.4;1509_direct;;;;721.9;218;256;;0;2;1509
290377;1787410547607;21.8;37;44.9;6.0;256.0;269.4;1509_direct_carried;;;;721.9;218;256;;0;2;150A
290589;1787410547819;21.8;37;44.9;6.0;256.0;269.4;1509_direct_carried;;;;721.9;218;256;;0;2;150B
290799;1787410548029;21.8;37;44.9;6.0;256.0;269.4;1509_direct_carried;;;;721.9;218;256;;0;2;150D
291836;1787410549066;21.8;37;44.9;6.0;256.0;269.4;1509_direct_carried;;;;721.9;218;256;;0;2;1502
292262;1787410549492;21.8;37;44.9;6.0;256.0;269.4;1509_direct_carried;;;;721.9;218;256;;0;2;1505
292457;1787410549687;21.8;37;44.9;6.0;256.0;269.4;1509_direct_carried;;;;721.9;218;256;;0;2;1506
292878;1787410550108;21.8;37;44.9;6.0;256.0;269.4;1509_direct_carried;;;;721.9;218;256;;0;2;1508
293091;1787410550321;21.8;37;44.9;7.0;314.0;314.3;1509_direct;;;;721.9;218;314;;0;2;1509
293299;1787410550529;21.8;37;44.9;7.0;314.0;314.3;1509_direct_carried;;;;721.9;218;314;;0;2;150A
293511;1787410550741;21.8;37;44.9;7.0;314.0;314.3;1509_direct_carried;;;;721.9;218;314;;0;2;150B
293719;1787410550949;21.8;37;44.9;7.0;314.0;314.3;1509_direct_carried;;;;721.9;218;314;;0;2;150D
294759;1787410551989;21.8;37;44.9;7.0;314.0;314.3;1509_direct_carried;;;;721.9;218;314;;0;2;1502
295180;1787410552410;21.8;37;44.9;7.0;314.0;314.3;1509_direct_carried;;;;721.9;218;314;;0;2;1505
295390;1787410552620;21.8;37;44.9;7.0;314.0;314.3;1509_direct_carried;;;;721.9;218;314;;0;2;1506
295801;1787410553031;21.8;37;44.9;7.0;314.0;314.3;1509_direct_carried;;;;721.9;218;314;;0;2;1508
296010;1787410553240;21.8;37;44.9;7.0;312.0;314.3;1509_direct;;;;721.9;218;312;;0;2;1509
296221;1787410553451;21.8;37;44.9;7.0;312.0;314.3;1509_direct_carried;;;;721.9;218;312;;0;2;150A
296430;1787410553660;21.8;37;44.9;7.0;312.0;314.3;1509_direct_carried;;;;721.9;218;312;;0;2;150B
296642;1787410553872;21.8;37;44.9;7.0;312.0;314.3;1509_direct_carried;;;;721.9;218;312;;0;2;150D
297682;1787410554912;21.8;37;44.9;7.0;312.0;314.3;1509_direct_carried;;;;721.9;218;312;;0;2;1502
298101;1787410555331;21.8;37;44.9;7.0;312.0;314.3;1509_direct_carried;;;;721.9;218;312;;0;2;1505
298310;1787410555540;21.8;37;44.9;7.0;312.0;314.3;1509_direct_carried;;;;721.9;218;312;;0;2;1506
298718;1787410555948;21.8;37;44.9;7.0;312.0;314.3;1509_direct_carried;;;;721.9;218;312;;0;2;1508
298931;1787410556161;21.8;37;45.2;6.0;270.0;271.20000000000005;1509_direct;;;;721.9;218;270;;0;2;1509
299151;1787410556381;21.8;37;45.2;6.0;270.0;271.20000000000005;1509_direct_carried;;;;721.9;218;270;;0;2;150A
299348;1787410556578;21.8;37;45.2;6.0;270.0;271.20000000000005;1509_direct_carried;;;;721.9;218;270;;0;2;150B
299571;1787410556801;21.8;37;45.2;6.0;270.0;271.20000000000005;1509_direct_carried;;;;721.9;218;270;;0;2;150D
300599;1787410557829;21.8;37;45.2;6.0;270.0;271.20000000000005;1509_direct_carried;;;;721.9;218;270;;0;2;1502
301018;1787410558248;21.8;37;45.2;6.0;270.0;271.20000000000005;1509_direct_carried;;;;721.9;218;270;;0;2;1505
301228;1787410558458;21.8;37;45.2;6.0;270.0;271.20000000000005;1509_direct_carried;;;;721.9;218;270;;0;2;1506
301649;1787410558879;21.8;37;45.2;6.0;270.0;271.20000000000005;1509_direct_carried;;;;721.9;218;270;;0;2;1508
301849;1787410559079;21.8;37;45.1;5.0;225.0;225.5;1509_direct;;;;721.9;218;225;;0;2;1509
302059;1787410559289;21.8;37;45.1;5.0;225.0;225.5;1509_direct_carried;;;;721.9;218;225;;0;2;150A
302270;1787410559500;21.8;37;45.1;5.0;225.0;225.5;1509_direct_carried;;;;721.9;218;225;;0;2;150B
302479;1787410559709;21.8;37;45.1;5.0;225.0;225.5;1509_direct_carried;;;;721.9;218;225;;0;2;150D
303523;1787410560753;21.8;37;45.1;5.0;225.0;225.5;1509_direct_carried;;;;721.9;218;225;;0;2;1502
303940;1787410561170;21.8;37;45.1;5.0;225.0;225.5;1509_direct_carried;;;;721.9;218;225;;0;2;1505
304151;1787410561381;21.8;37;45.1;5.0;225.0;225.5;1509_direct_carried;;;;722.0;218;225;;0;2;1506
304571;1787410561801;21.8;37;45.1;5.0;225.0;225.5;1509_direct_carried;;;;722.0;218;225;;0;2;1508
304781;1787410562011;21.8;37;45.1;5.0;225.0;225.5;1509_direct;;;;722.0;218;225;;0;2;1509
304978;1787410562208;21.8;37;45.1;5.0;225.0;225.5;1509_direct_carried;;;;722.0;218;225;;0;2;150A
305192;1787410562422;21.8;37;45.1;5.0;225.0;225.5;1509_direct_carried;;;;722.0;218;225;;0;2;150B
305399;1787410562629;21.8;37;45.1;5.0;225.0;225.5;1509_direct_carried;;;;722.0;218;225;;0;2;150D
306440;1787410563670;21.8;37;45.1;5.0;225.0;225.5;1509_direct_carried;;;;722.0;218;225;;0;2;1502
306863;1787410564093;21.8;37;45.1;5.0;225.0;225.5;1509_direct_carried;;;;722.0;218;225;;0;2;1505
307071;1787410564301;21.8;37;45.1;5.0;225.0;225.5;1509_direct_carried;;;;722.0;218;225;;0;2;1506
307491;1787410564721;21.8;37;45.1;5.0;225.0;225.5;1509_direct_carried;;;;722.0;218;225;;0;2;1508
307700;1787410564930;21.8;37;45.4;3.0;180.0;136.2;1509_direct;;;;722.0;218;180;;0;2;1509
307897;1787410565127;21.8;37;45.4;3.0;180.0;136.2;1509_direct_carried;;;;722.0;218;180;;0;2;150A
308111;1787410565341;21.8;37;45.4;3.0;180.0;136.2;1509_direct_carried;;;;722.0;218;180;;0;2;150B
308320;1787410565550;21.8;37;45.4;3.0;180.0;136.2;1509_direct_carried;;;;722.0;218;180;;0;2;150D
309363;1787410566593;21.8;37;45.4;3.0;180.0;136.2;1509_direct_carried;;;;722.0;218;180;;0;2;1502
309781;1787410567011;21.8;37;45.4;3.0;180.0;136.2;1509_direct_carried;;;;722.0;218;180;;0;2;1505
309990;1787410567220;21.8;37;45.4;3.0;180.0;136.2;1509_direct_carried;;;;722.0;218;180;;0;2;1506
310411;1787410567641;21.8;37;45.4;3.0;180.0;136.2;1509_direct_carried;;;;722.0;218;180;;0;2;1508
310621;1787410567851;21.8;37;45.2;5.0;226.0;226.0;1509_direct;;;;722.0;218;226;;0;2;1509
310820;1787410568050;21.8;37;45.2;5.0;226.0;226.0;1509_direct_carried;;;;722.0;218;226;;0;2;150A
311040;1787410568270;21.8;37;45.2;5.0;226.0;226.0;1509_direct_carried;;;;722.0;218;226;;0;2;150B
311240;1787410568470;21.8;37;45.2;5.0;226.0;226.0;1509_direct_carried;;;;722.0;218;226;;0;2;150D
312291;1787410569521;21.8;37;45.2;5.0;226.0;226.0;1509_direct_carried;;;;722.0;218;226;;0;2;1502
312701;1787410569931;21.8;37;45.2;5.0;226.0;226.0;1509_direct_carried;;;;722.0;218;226;;0;2;1505
312916;1787410570146;21.8;37;45.2;5.0;226.0;226.0;1509_direct_carried;;;;722.0;218;226;;0;2;1506
313330;1787410570560;21.8;37;45.2;5.0;226.0;226.0;1509_direct_carried;;;;722.0;218;226;;0;2;1508
313541;1787410570771;21.8;37;45.3;4.0;181.0;181.2;1509_direct;;;;722.0;218;181;;0;2;1509
313750;1787410570980;21.8;37;45.3;4.0;181.0;181.2;1509_direct_carried;;;;722.0;218;181;;0;2;150A
313956;1787410571186;21.8;37;45.3;4.0;181.0;181.2;1509_direct_carried;;;;722.0;218;181;;0;2;150B
314160;1787410571390;21.8;37;45.3;4.0;181.0;181.2;1509_direct_carried;;;;722.0;218;181;;0;2;150D
315211;1787410572441;21.8;37;45.3;4.0;181.0;181.2;1509_direct_carried;;;;722.0;218;181;;0;2;1502
315618;1787410572848;21.8;37;45.3;4.0;181.0;181.2;1509_direct_carried;;;;722.0;218;181;;0;2;1505
315832;1787410573062;21.8;37;45.3;4.0;181.0;181.2;1509_direct_carried;;;;722.0;218;181;;0;2;1506
316251;1787410573481;21.8;37;45.3;4.0;181.0;181.2;1509_direct_carried;;;;722.0;218;181;;0;2;1508
316462;1787410573692;21.8;37;45.3;5.0;181.0;226.5;1509_direct;;;;722.0;218;181;;0;2;1509
316671;1787410573901;21.8;37;45.3;5.0;181.0;226.5;1509_direct_carried;;;;722.0;218;181;;0;2;150A
316881;1787410574111;21.8;37;45.3;5.0;181.0;226.5;1509_direct_carried;;;;722.0;218;181;;0;2;150B
317081;1787410574311;21.8;37;45.3;5.0;181.0;226.5;1509_direct_carried;;;;722.0;218;181;;0;2;150D
318133;1787410575363;21.8;37;45.3;5.0;181.0;226.5;1509_direct_carried;;;;722.0;218;181;;0;2;1502
318551;1787410575781;21.8;37;45.3;5.0;181.0;226.5;1509_direct_carried;;;;722.0;218;181;;0;2;1505
318749;1787410575979;21.8;37;45.3;5.0;181.0;226.5;1509_direct_carried;;;;722.0;218;181;;0;2;1506
319171;1787410576401;21.8;37;45.3;5.0;181.0;226.5;1509_direct_carried;;;;722.0;218;181;;0;2;1508
319381;1787410576611;21.8;37;45.4;4.0;181.0;181.6;1509_direct;;;;722.0;218;181;;0;2;1509
319592;1787410576822;21.8;37;45.4;4.0;181.0;181.6;1509_direct_carried;;;;722.0;218;181;;0;2;150A
319797;1787410577027;21.8;37;45.4;4.0;181.0;181.6;1509_direct_carried;;;;722.0;218;181;;0;2;150B
320006;1787410577236;21.8;37;45.4;4.0;181.0;181.6;1509_direct_carried;;;;722.0;218;181;;0;2;150D
321051;1787410578281;21.8;37;45.4;4.0;181.0;181.6;1509_direct_carried;;;;722.0;218;181;;0;2;1502
321471;1787410578701;21.8;37;45.4;4.0;181.0;181.6;1509_direct_carried;;;;722.0;218;181;;0;2;1505
321671;1787410578901;21.8;37;45.4;4.0;181.0;181.6;1509_direct_carried;;;;722.1;218;181;;0;2;1506
322088;1787410579318;21.8;37;45.4;4.0;181.0;181.6;1509_direct_carried;;;;722.1;218;181;;0;2;1508
322301;1787410579531;21.8;37;45.3;4.0;181.0;181.2;1509_direct;;;;722.1;218;181;;0;2;1509
322510;1787410579740;21.8;37;45.3;4.0;181.0;181.2;1509_direct_carried;;;;722.1;218;181;;0;2;150A
322720;1787410579950;21.8;37;45.3;4.0;181.0;181.2;1509_direct_carried;;;;722.1;218;181;;0;2;150B
322931;1787410580161;21.8;37;45.3;4.0;181.0;181.2;1509_direct_carried;;;;722.1;218;181;;0;2;150D
323967;1787410581197;21.8;37;45.3;4.0;181.0;181.2;1509_direct_carried;;;;722.1;218;181;;0;2;1502
324389;1787410581619;21.8;37;45.3;4.0;181.0;181.2;1509_direct_carried;;;;722.1;218;181;;0;2;1505
324611;1787410581841;21.8;37;45.3;4.0;181.0;181.2;1509_direct_carried;;;;722.1;218;181;;0;2;1506
325011;1787410582241;21.8;37;45.3;4.0;181.0;181.2;1509_direct_carried;;;;722.1;218;181;;0;2;1508
325220;1787410582450;21.8;37;45.4;3.0;136.0;136.2;1509_direct;;;;722.1;218;136;;0;2;1509
325431;1787410582661;21.8;37;45.4;3.0;136.0;136.2;1509_direct_carried;;;;722.1;218;136;;0;2;150A
325639;1787410582869;21.8;37;45.4;3.0;136.0;136.2;1509_direct_carried;;;;722.1;218;136;;0;2;150B
325849;1787410583079;21.8;37;45.4;3.0;136.0;136.2;1509_direct_carried;;;;722.1;218;136;;0;2;150D
326893;1787410584123;21.8;37;45.4;3.0;136.0;136.2;1509_direct_carried;;;;722.1;218;136;;0;2;1502
327313;1787410584543;21.8;37;45.4;3.0;136.0;136.2;1509_direct_carried;;;;722.1;218;136;;0;2;1505
327522;1787410584752;21.8;37;45.4;3.0;136.0;136.2;1509_direct_carried;;;;722.1;218;136;;0;2;1506
327931;1787410585161;21.8;37;45.4;3.0;136.0;136.2;1509_direct_carried;;;;722.1;218;136;;0;2;1508
328141;1787410585371;21.8;37;45.4;4.0;181.0;181.6;1509_direct;;;;722.1;218;181;;0;2;1509
328351;1787410585581;21.8;37;45.4;4.0;181.0;181.6;1509_direct_carried;;;;722.1;218;181;;0;2;150A
328561;1787410585791;21.8;37;45.4;4.0;181.0;181.6;1509_direct_carried;;;;722.1;218;181;;0;2;150B
328771;1787410586001;21.8;37;45.4;4.0;181.0;181.6;1509_direct_carried;;;;722.1;218;181;;0;2;150D
329811;1787410587041;21.8;37;45.4;4.0;181.0;181.6;1509_direct_carried;;;;722.1;218;181;;0;2;1502
330231;1787410587461;21.8;37;45.4;4.0;181.0;181.6;1509_direct_carried;;;;722.1;218;181;;0;2;1505
330441;1787410587671;21.8;37;45.4;4.0;181.0;181.6;1509_direct_carried;;;;722.1;218;181;;0;2;1506
330860;1787410588090;21.8;37;45.4;4.0;181.0;181.6;1509_direct_carried;;;;722.1;218;181;;0;2;1508
331061;1787410588291;21.8;37;45.3;4.0;181.0;181.2;1509_direct;;;;722.1;218;181;;0;2;1509
331270;1787410588500;21.8;37;45.3;4.0;181.0;181.2;1509_direct_carried;;;;722.1;218;181;;0;2;150A
331480;1787410588710;21.8;37;45.3;4.0;181.0;181.2;1509_direct_carried;;;;722.1;218;181;;0;2;150B
331692;1787410588922;21.8;37;45.3;4.0;181.0;181.2;1509_direct_carried;;;;722.1;218;181;;0;2;150D
332731;1787410589961;21.8;37;45.3;4.0;181.0;181.2;1509_direct_carried;;;;722.1;218;181;;0;2;1502
333148;1787410590378;21.8;37;45.3;4.0;181.0;181.2;1509_direct_carried;;;;722.1;218;181;;0;2;1505
333361;1787410590591;21.8;37;45.3;4.0;181.0;181.2;1509_direct_carried;;;;722.1;218;181;;0;2;1506
333781;1787410591011;21.8;37;45.3;4.0;181.0;181.2;1509_direct_carried;;;;722.1;218;181;;0;2;1508
333977;1787410591207;21.8;37;45.3;4.0;181.0;181.2;1509_direct;;;;722.1;218;181;;0;2;1509
334188;1787410591418;21.8;37;45.3;4.0;181.0;181.2;1509_direct_carried;;;;722.1;218;181;;0;2;150A
334400;1787410591630;21.8;37;45.3;4.0;181.0;181.2;1509_direct_carried;;;;722.1;218;181;;0;2;150B
334610;1787410591840;21.8;37;45.3;4.0;181.0;181.2;1509_direct_carried;;;;722.1;218;181;;0;2;150D
335653;1787410592883;21.8;37;45.3;4.0;181.0;181.2;1509_direct_carried;;;;722.1;218;181;;0;2;1502
336070;1787410593300;21.8;37;45.3;4.0;181.0;181.2;1509_direct_carried;;;;722.1;218;181;;0;2;1505
336278;1787410593508;21.8;37;45.3;4.0;181.0;181.2;1509_direct_carried;;;;722.2;218;181;;0;2;1506
336701;1787410593931;21.8;37;45.3;4.0;181.0;181.2;1509_direct_carried;;;;722.2;218;181;;0;2;1508
336911;1787410594141;21.8;37;45.4;3.0;137.0;136.2;1509_direct;;;;722.2;218;137;;0;2;1509
337111;1787410594341;21.8;37;45.4;3.0;137.0;136.2;1509_direct_carried;;;;722.2;218;137;;0;2;150A
337321;1787410594551;21.8;37;45.4;3.0;137.0;136.2;1509_direct_carried;;;;722.2;218;137;;0;2;150B
337531;1787410594761;21.8;37;45.4;3.0;137.0;136.2;1509_direct_carried;;;;722.2;218;137;;0;2;150D
338572;1787410595802;21.8;37;45.4;3.0;137.0;136.2;1509_direct_carried;;;;722.2;218;137;;0;2;1502
338990;1787410596220;21.8;37;45.4;3.0;137.0;136.2;1509_direct_carried;;;;722.2;218;137;;0;2;1505
339199;1787410596429;21.8;37;45.4;3.0;137.0;136.2;1509_direct_carried;;;;722.2;218;137;;0;2;1506
339622;1787410596852;21.8;37;45.4;3.0;137.0;136.2;1509_direct_carried;;;;722.2;218;137;;0;2;1508
339830;1787410597060;21.8;37;45.4;3.0;136.0;136.2;1509_direct;;;;722.2;218;136;;0;2;1509
340031;1787410597261;21.8;37;45.4;3.0;136.0;136.2;1509_direct_carried;;;;722.2;218;136;;0;2;150A
340240;1787410597470;21.8;37;45.4;3.0;136.0;136.2;1509_direct_carried;;;;722.2;218;136;;0;2;150B
340451;1787410597681;21.8;37;45.4;3.0;136.0;136.2;1509_direct_carried;;;;722.2;218;136;;0;2;150D
341502;1787410598732;21.8;37;45.4;3.0;136.0;136.2;1509_direct_carried;;;;722.2;218;136;;0;2;1502
341911;1787410599141;21.8;37;45.4;3.0;136.0;136.2;1509_direct_carried;;;;722.2;218;136;;0;2;1505
342121;1787410599351;21.8;37;45.4;3.0;136.0;136.2;1509_direct_carried;;;;722.2;218;136;;0;2;1506
342539;1787410599769;21.8;37;45.4;3.0;136.0;136.2;1509_direct_carried;;;;722.2;218;136;;0;2;1508
342750;1787410599980;21.8;37;45.4;3.0;136.0;136.2;1509_direct;;;;722.2;218;136;;0;2;1509
342961;1787410600191;21.8;37;45.4;3.0;136.0;136.2;1509_direct_carried;;;;722.2;218;136;;0;2;150A
343170;1787410600400;21.8;37;45.4;3.0;136.0;136.2;1509_direct_carried;;;;722.2;218;136;;0;2;150B
343372;1787410600602;21.8;37;45.4;3.0;136.0;136.2;1509_direct_carried;;;;722.2;218;136;;0;2;150D
344421;1787410601651;21.8;37;45.4;3.0;136.0;136.2;1509_direct_carried;;;;722.2;218;136;;0;2;1502
344832;1787410602062;21.8;37;45.4;3.0;136.0;136.2;1509_direct_carried;;;;722.2;218;136;;0;2;1505
345040;1787410602270;21.8;37;45.4;3.0;136.0;136.2;1509_direct_carried;;;;722.2;218;136;;0;2;1506
345460;1787410602690;21.8;37;45.4;3.0;136.0;136.2;1509_direct_carried;;;;722.2;218;136;;0;2;1508
345671;1787410602901;21.8;37;45.6;3.0;136.0;136.8;1509_direct;;;;722.2;218;136;;0;2;1509
345883;1787410603113;21.8;37;45.6;3.0;136.0;136.8;1509_direct_carried;;;;722.2;218;136;;0;2;150A
346088;1787410603318;21.8;37;45.6;3.0;136.0;136.8;1509_direct_carried;;;;722.2;218;136;;0;2;150B
346289;1787410603519;21.8;37;45.6;3.0;136.0;136.8;1509_direct_carried;;;;722.2;218;136;;0;2;150D
347340;1787410604570;21.8;37;45.6;3.0;136.0;136.8;1509_direct_carried;;;;722.2;218;136;;0;2;1502
347757;1787410604987;21.8;37;45.6;3.0;136.0;136.8;1509_direct_carried;;;;722.2;218;136;;0;2;1505
347961;1787410605191;21.8;37;45.6;3.0;136.0;136.8;1509_direct_carried;;;;722.2;218;136;;0;2;1506
348381;1787410605611;21.8;37;45.6;3.0;136.0;136.8;1509_direct_carried;;;;722.2;218;136;;0;2;1508
348590;1787410605820;21.8;37;45.4;3.0;137.0;136.2;1509_direct;;;;722.2;218;137;;0;2;1509
348800;1787410606030;21.8;37;45.4;3.0;137.0;136.2;1509_direct_carried;;;;722.2;218;137;;0;2;150A
349011;1787410606241;21.8;37;45.4;3.0;137.0;136.2;1509_direct_carried;;;;722.2;218;137;;0;2;150B
349223;1787410606453;21.8;37;45.4;3.0;137.0;136.2;1509_direct_carried;;;;722.2;218;137;;0;2;150D
350262;1787410607492;21.8;37;45.4;3.0;137.0;136.2;1509_direct_carried;;;;722.2;218;137;;0;2;1502
350678;1787410607908;21.8;37;45.4;3.0;137.0;136.2;1509_direct_carried;;;;722.2;218;137;;0;2;1505
350882;1787410608112;21.8;37;45.4;3.0;137.0;136.2;1509_direct_carried;;;;722.2;218;137;;0;2;1506
351299;1787410608529;21.8;37;45.4;3.0;137.0;136.2;1509_direct_carried;;;;722.2;218;137;;0;2;1508
351511;1787410608741;21.8;37;45.6;4.0;182.0;182.4;1509_direct;;;;722.2;218;182;;0;2;1509
351719;1787410608949;21.8;37;45.6;4.0;182.0;182.4;1509_direct_carried;;;;722.2;218;182;;0;2;150A
351931;1787410609161;21.8;37;45.6;4.0;182.0;182.4;1509_direct_carried;;;;722.2;218;182;;0;2;150B
352143;1787410609373;21.8;37;45.6;4.0;182.0;182.4;1509_direct_carried;;;;722.2;218;182;;0;2;150D
353181;1787410610411;21.8;37;45.6;4.0;182.0;182.4;1509_direct_carried;;;;722.2;218;182;;0;2;1502
353601;1787410610831;21.8;37;45.6;4.0;182.0;182.4;1509_direct_carried;;;;722.2;218;182;;0;2;1505
353809;1787410611039;21.8;37;45.6;4.0;182.0;182.4;1509_direct_carried;;;;722.3;218;182;;0;2;1506
354224;1787410611454;21.8;37;45.6;4.0;182.0;182.4;1509_direct_carried;;;;722.3;218;182;;0;2;1508
354432;1787410611662;21.8;37;45.4;3.0;136.0;136.2;1509_direct;;;;722.3;218;136;;0;2;1509
354641;1787410611871;21.8;37;45.4;3.0;136.0;136.2;1509_direct_carried;;;;722.3;218;136;;0;2;150A
354851;1787410612081;21.8;37;45.4;3.0;136.0;136.2;1509_direct_carried;;;;722.3;218;136;;0;2;150B
355060;1787410612290;21.8;37;45.4;3.0;136.0;136.2;1509_direct_carried;;;;722.3;218;136;;0;2;150D
356102;1787410613332;21.8;37;45.4;3.0;136.0;136.2;1509_direct_carried;;;;722.3;218;136;;0;2;1502
356522;1787410613752;21.8;37;45.4;3.0;136.0;136.2;1509_direct_carried;;;;722.3;218;136;;0;2;1505
356732;1787410613962;21.8;37;45.4;3.0;136.0;136.2;1509_direct_carried;;;;722.3;218;136;;0;2;1506
357142;1787410614372;21.8;37;45.4;3.0;136.0;136.2;1509_direct_carried;;;;722.3;218;136;;0;2;1508
357348;1787410614578;21.8;37;45.8;2.0;136.0;91.6;1509_direct;;;;722.3;218;136;;0;2;1509
357562;1787410614792;21.8;37;45.8;2.0;136.0;91.6;1509_direct_carried;;;;722.3;218;136;;0;2;150A
357771;1787410615001;21.8;37;45.8;2.0;136.0;91.6;1509_direct_carried;;;;722.3;218;136;;0;2;150B
357983;1787410615213;21.8;37;45.8;2.0;136.0;91.6;1509_direct_carried;;;;722.3;218;136;;0;2;150D
359024;1787410616254;21.8;37;45.8;2.0;136.0;91.6;1509_direct_carried;;;;722.3;218;136;;0;2;1502
359449;1787410616679;21.8;37;45.8;2.0;136.0;91.6;1509_direct_carried;;;;722.3;218;136;;0;2;1505
359652;1787410616882;21.8;37;45.8;2.0;136.0;91.6;1509_direct_carried;;;;722.3;218;136;;0;2;1506
360061;1787410617291;21.8;37;45.8;2.0;136.0;91.6;1509_direct_carried;;;;722.3;218;136;;0;2;1508
360270;1787410617500;21.8;37;45.4;3.0;136.0;136.2;1509_direct;;;;722.3;218;136;;0;2;1509
360477;1787410617707;21.8;37;45.4;3.0;136.0;136.2;1509_direct_carried;;;;722.3;218;136;;0;2;150A
360687;1787410617917;21.8;37;45.4;3.0;136.0;136.2;1509_direct_carried;;;;722.3;218;136;;0;2;150B
360898;1787410618128;21.8;37;45.4;3.0;136.0;136.2;1509_direct_carried;;;;722.3;218;136;;0;2;150D
361937;1787410619167;21.8;37;45.4;3.0;136.0;136.2;1509_direct_carried;;;;722.3;218;136;;0;2;1502
362360;1787410619590;21.8;37;45.4;3.0;136.0;136.2;1509_direct_carried;;;;722.3;218;136;;0;2;1505
362571;1787410619801;21.8;37;45.4;3.0;136.0;136.2;1509_direct_carried;;;;722.3;218;136;;0;2;1506
362991;1787410620221;21.8;37;45.4;3.0;136.0;136.2;1509_direct_carried;;;;722.3;218;136;;0;2;1508
363192;1787410620422;21.8;37;45.6;2.0;91.0;91.2;1509_direct;;;;722.3;218;91;;0;2;1509
363399;1787410620629;21.8;37;45.6;2.0;91.0;91.2;1509_direct_carried;;;;722.3;218;91;;0;2;150A
363611;1787410620841;21.8;37;45.6;2.0;91.0;91.2;1509_direct_carried;;;;722.3;218;91;;0;2;150B
363820;1787410621050;21.8;37;45.6;2.0;91.0;91.2;1509_direct_carried;;;;722.3;218;91;;0;2;150D
364862;1787410622092;21.8;37;45.6;2.0;91.0;91.2;1509_direct_carried;;;;722.3;218;91;;0;2;1502
365280;1787410622510;21.8;37;45.6;2.0;91.0;91.2;1509_direct_carried;;;;722.3;218;91;;0;2;1505
365491;1787410622721;21.8;37;45.6;2.0;91.0;91.2;1509_direct_carried;;;;722.3;218;91;;0;2;1506
365909;1787410623139;21.8;37;45.6;2.0;91.0;91.2;1509_direct_carried;;;;722.3;218;91;;0;2;1508
366111;1787410623341;21.8;37;45.4;3.0;136.0;136.2;1509_direct;;;;722.3;218;136;;0;2;1509
366322;1787410623552;21.8;37;45.4;3.0;136.0;136.2;1509_direct_carried;;;;722.3;218;136;;0;2;150A
366542;1787410623772;21.8;37;45.4;3.0;136.0;136.2;1509_direct_carried;;;;722.3;218;136;;0;2;150B
366741;1787410623971;21.8;37;45.4;3.0;136.0;136.2;1509_direct_carried;;;;722.3;218;136;;0;2;150D
367782;1787410625012;21.8;37;45.4;3.0;136.0;136.2;1509_direct_carried;;;;722.3;218;136;;0;2;1502
368202;1787410625432;21.8;37;45.4;3.0;136.0;136.2;1509_direct_carried;;;;722.3;218;136;;0;2;1505
368411;1787410625641;21.8;37;45.4;3.0;136.0;136.2;1509_direct_carried;;;;722.3;218;136;;0;2;1506
368831;1787410626061;21.8;37;45.4;3.0;136.0;136.2;1509_direct_carried;;;;722.3;218;136;;0;2;1508
369043;1787410626273;21.8;37;45.4;4.0;181.0;181.6;1509_direct;;;;722.3;218;181;;0;2;1509
369237;1787410626467;21.8;37;45.4;4.0;181.0;181.6;1509_direct_carried;;;;722.3;218;181;;0;2;150A
369448;1787410626678;21.8;37;45.4;4.0;181.0;181.6;1509_direct_carried;;;;722.3;218;181;;0;2;150B
369660;1787410626890;21.8;37;45.4;4.0;181.0;181.6;1509_direct_carried;;;;722.3;218;181;;0;2;150D
370709;1787410627939;21.8;37;45.4;4.0;181.0;181.6;1509_direct_carried;;;;722.3;218;181;;0;2;1502
371118;1787410628348;21.8;37;45.4;4.0;181.0;181.6;1509_direct_carried;;;;722.3;218;181;;0;2;1505
371326;1787410628556;21.8;37;45.4;4.0;181.0;181.6;1509_direct_carried;;;;722.4;218;181;;0;2;1506
371749;1787410628979;21.8;37;45.4;4.0;181.0;181.6;1509_direct_carried;;;;722.4;218;181;;0;2;1508
371960;1787410629190;21.8;37;45.5;3.0;136.0;136.5;1509_direct;;;;722.4;218;136;;0;2;1509
372170;1787410629400;21.8;37;45.5;3.0;136.0;136.5;1509_direct_carried;;;;722.4;218;136;;0;2;150A
372378;1787410629608;21.8;37;45.5;3.0;136.0;136.5;1509_direct_carried;;;;722.4;218;136;;0;2;150B
372581;1787410629811;21.8;37;45.5;3.0;136.0;136.5;1509_direct_carried;;;;722.4;218;136;;0;2;150D
373634;1787410630864;21.8;37;45.5;3.0;136.0;136.5;1509_direct_carried;;;;722.4;218;136;;0;2;1502
374042;1787410631272;21.8;37;45.5;3.0;136.0;136.5;1509_direct_carried;;;;722.4;218;136;;0;2;1505
374253;1787410631483;21.8;37;45.5;3.0;136.0;136.5;1509_direct_carried;;;;722.4;218;136;;0;2;1506
374669;1787410631899;21.8;37;45.5;3.0;136.0;136.5;1509_direct_carried;;;;722.4;218;136;;0;2;1508
374879;1787410632109;21.8;37;45.7;2.0;91.0;91.4;1509_direct;;;;722.4;218;91;;0;2;1509
375088;1787410632318;21.8;37;45.7;2.0;91.0;91.4;1509_direct_carried;;;;722.4;218;91;;0;2;150A
375298;1787410632528;21.8;37;45.7;2.0;91.0;91.4;1509_direct_carried;;;;722.4;218;91;;0;2;150B
375502;1787410632732;21.8;37;45.7;2.0;91.0;91.4;1509_direct_carried;;;;722.4;218;91;;0;2;150D
376550;1787410633780;21.8;37;45.7;2.0;91.0;91.4;1509_direct_carried;;;;722.4;218;91;;0;2;1502
376969;1787410634199;21.8;37;45.7;2.0;91.0;91.4;1509_direct_carried;;;;722.4;218;91;;0;2;1505
377171;1787410634401;21.8;37;45.7;2.0;91.0;91.4;1509_direct_carried;;;;722.4;218;91;;0;2;1506
377590;1787410634820;21.8;37;45.7;2.0;91.0;91.4;1509_direct_carried;;;;722.4;218;91;;0;2;1508
377797;1787410635027;21.8;36;45.9;1.0;45.0;45.9;1509_direct;;;;722.4;218;45;;0;2;1509
378011;1787410635241;21.8;36;45.9;1.0;45.0;45.9;1509_direct_carried;;;;722.4;218;45;;0;2;150A
378219;1787410635449;21.8;36;45.9;1.0;45.0;45.9;1509_direct_carried;;;;722.4;218;45;;0;2;150B
378431;1787410635661;21.8;36;45.9;1.0;45.0;45.9;1509_direct_carried;;;;722.4;218;45;;0;2;150D
379471;1787410636701;21.8;36;45.9;1.0;45.0;45.9;1509_direct_carried;;;;722.4;218;45;;0;2;1502
379890;1787410637120;21.8;36;45.9;1.0;45.0;45.9;1509_direct_carried;;;;722.4;218;45;;0;2;1505
380090;1787410637320;21.8;36;45.9;1.0;45.0;45.9;1509_direct_carried;;;;722.4;218;45;;0;2;1506
380512;1787410637742;21.8;36;45.9;1.0;45.0;45.9;1509_direct_carried;;;;722.4;218;45;;0;2;1508
380722;1787410637952;21.8;32;45.8;1.0;45.0;45.8;1509_direct;;;;722.4;218;45;;0;2;1509
380933;1787410638163;21.8;32;45.8;1.0;45.0;45.8;1509_direct_carried;;;;722.4;218;45;;0;2;150A
381142;1787410638372;21.8;32;45.8;1.0;45.0;45.8;1509_direct_carried;;;;722.4;218;45;;0;2;150B
381350;1787410638580;21.8;32;45.8;1.0;45.0;45.8;1509_direct_carried;;;;722.4;218;45;;0;2;150D
382391;1787410639621;21.8;32;45.8;1.0;45.0;45.8;1509_direct_carried;;;;722.4;218;45;;0;2;1502
382809;1787410640039;21.8;32;45.8;1.0;45.0;45.8;1509_direct_carried;;;;722.4;218;45;;0;2;1505
383024;1787410640254;21.8;32;45.8;1.0;45.0;45.8;1509_direct_carried;;;;722.4;218;45;;0;2;1506
383432;1787410640662;21.8;32;45.8;1.0;45.0;45.8;1509_direct_carried;;;;722.4;218;45;;0;2;1508
383640;1787410640870;21.8;32;45.8;1.0;45.0;45.8;1509_direct;;;;722.4;218;45;;0;2;1509
383851;1787410641081;21.8;32;45.8;1.0;45.0;45.8;1509_direct_carried;;;;722.4;218;45;;0;2;150A
384061;1787410641291;21.8;32;45.8;1.0;45.0;45.8;1509_direct_carried;;;;722.4;218;45;;0;2;150B
384271;1787410641501;21.8;32;45.8;1.0;45.0;45.8;1509_direct_carried;;;;722.4;218;45;;0;2;150D
385309;1787410642539;21.8;32;45.8;1.0;45.0;45.8;1509_direct_carried;;;;722.4;218;45;;0;2;1502
385730;1787410642960;21.8;32;45.8;1.0;45.0;45.8;1509_direct_carried;;;;722.4;218;45;;0;2;1505
385943;1787410643173;21.8;32;45.8;1.0;45.0;45.8;1509_direct_carried;;;;722.4;218;45;;0;2;1506
386351;1787410643581;21.8;32;45.8;1.0;45.0;45.8;1509_direct_carried;;;;722.4;218;45;;0;2;1508
386560;1787410643790;21.8;32;45.8;0.0;0.0;0.0;1509_direct;;;;722.4;218;0;;0;2;1509
386771;1787410644001;21.8;32;45.8;0.0;0.0;0.0;1509_direct_carried;;;;722.4;218;0;;0;2;150A
386980;1787410644210;21.8;32;45.8;0.0;0.0;0.0;1509_direct_carried;;;;722.4;218;0;;0;2;150B
387189;1787410644419;21.8;32;45.8;0.0;0.0;0.0;1509_direct_carried;;;;722.4;218;0;;0;2;150D
388233;1787410645463;21.8;32;45.8;0.0;0.0;0.0;1509_direct_carried;;;;722.4;218;0;;0;2;1502
388651;1787410645881;21.8;32;45.8;0.0;0.0;0.0;1509_direct_carried;;;;722.4;218;0;;0;2;1505
388861;1787410646091;21.8;32;45.8;0.0;0.0;0.0;1509_direct_carried;;;;722.5;218;0;;0;2;1506
389284;1787410646514;21.8;32;45.8;0.0;0.0;0.0;1509_direct_carried;;;;722.5;218;0;;0;2;1508
389481;1787410646711;21.8;32;45.9;0.0;0.0;0.0;1509_direct;;;;722.5;218;0;;0;2;1509
389692;1787410646922;21.8;32;45.9;0.0;0.0;0.0;1509_direct_carried;;;;722.5;218;0;;0;2;150A
389896;1787410647126;21.8;32;45.9;0.0;0.0;0.0;1509_direct_carried;;;;722.5;218;0;;0;2;150B
390112;1787410647342;21.8;32;45.9;0.0;0.0;0.0;1509_direct_carried;;;;722.5;218;0;;0;2;150D
391153;1787410648383;21.8;32;45.9;0.0;0.0;0.0;1509_direct_carried;;;;722.5;218;0;;0;2;1502
391572;1787410648802;21.8;32;45.9;0.0;0.0;0.0;1509_direct_carried;;;;722.5;218;0;;0;2;1505
391783;1787410649013;21.8;32;45.9;0.0;0.0;0.0;1509_direct_carried;;;;722.5;218;0;;0;2;1506
392202;1787410649432;21.8;32;45.9;0.0;0.0;0.0;1509_direct_carried;;;;722.5;218;0;;0;2;1508
392402;1787410649632;21.8;32;45.9;0.0;0.0;0.0;1509_direct;;;;722.5;218;0;;0;2;1509
392611;1787410649841;21.8;32;45.9;0.0;0.0;0.0;1509_direct_carried;;;;722.5;218;0;;0;2;150A
392822;1787410650052;21.8;32;45.9;0.0;0.0;0.0;1509_direct_carried;;;;722.5;218;0;;0;2;150B
393032;1787410650262;21.8;32;45.9;0.0;0.0;0.0;1509_direct_carried;;;;722.5;218;0;;0;2;150D
394074;1787410651304;21.8;32;45.9;0.0;0.0;0.0;1509_direct_carried;;;;722.5;218;0;;0;2;1502
394492;1787410651722;21.8;32;45.9;0.0;0.0;0.0;1509_direct_carried;;;;722.5;218;0;;0;2;1505
394705;1787410651935;21.8;32;45.9;0.0;0.0;0.0;1509_direct_carried;;;;722.5;218;0;;0;2;1506
395123;1787410652353;21.8;32;45.9;0.0;0.0;0.0;1509_direct_carried;;;;722.5;218;0;;0;2;1508
395332;1787410652562;21.8;32;46.0;0.0;45.0;0.0;1509_direct;;;;722.5;218;45;;0;2;1509
395532;1787410652762;21.8;32;46.0;0.0;45.0;0.0;1509_direct_carried;;;;722.5;218;45;;0;2;150A
395742;1787410652972;21.8;32;46.0;0.0;45.0;0.0;1509_direct_carried;;;;722.5;218;45;;0;2;150B
395953;1787410653183;21.8;32;46.0;0.0;45.0;0.0;1509_direct_carried;;;;722.5;218;45;;0;2;150D
397003;1787410654233;21.8;32;46.0;0.0;45.0;0.0;1509_direct_carried;;;;722.5;218;45;;0;2;1502
397414;1787410654644;21.8;32;46.0;0.0;45.0;0.0;1509_direct_carried;;;;722.5;218;45;;0;2;1505
397622;1787410654852;21.8;32;46.0;0.0;45.0;0.0;1509_direct_carried;;;;722.5;218;45;;0;2;1506
398045;1787410655275;21.8;32;46.0;0.0;45.0;0.0;1509_direct_carried;;;;722.5;218;45;;0;2;1508
398252;1787410655482;21.8;32;45.8;1.0;45.0;45.8;1509_direct;;;;722.5;218;45;;0;2;1509
398462;1787410655692;21.8;32;45.8;1.0;45.0;45.8;1509_direct_carried;;;;722.5;218;45;;0;2;150A
398662;1787410655892;21.8;32;45.8;1.0;45.0;45.8;1509_direct_carried;;;;722.5;218;45;;0;2;150B
398872;1787410656102;21.8;32;45.8;1.0;45.0;45.8;1509_direct_carried;;;;722.5;218;45;;0;2;150D
399923;1787410657153;21.8;32;45.8;1.0;45.0;45.8;1509_direct_carried;;;;722.5;218;45;;0;2;1502
400332;1787410657562;21.8;32;45.8;1.0;45.0;45.8;1509_direct_carried;;;;722.5;218;45;;0;2;1505
400542;1787410657772;21.8;32;45.8;1.0;45.0;45.8;1509_direct_carried;;;;722.5;218;45;;0;2;1506
400963;1787410658193;21.8;32;45.8;1.0;45.0;45.8;1509_direct_carried;;;;722.5;218;45;;0;2;1508
401172;1787410658402;21.8;32;45.8;1.0;45.0;45.8;1509_direct;;;;722.5;218;45;;0;2;1509
401382;1787410658612;21.8;32;45.8;1.0;45.0;45.8;1509_direct_carried;;;;722.5;218;45;;0;2;150A
401592;1787410658822;21.8;32;45.8;1.0;45.0;45.8;1509_direct_carried;;;;722.5;218;45;;0;2;150B
401792;1787410659022;21.8;32;45.8;1.0;45.0;45.8;1509_direct_carried;;;;722.5;218;45;;0;2;150D
402843;1787410660073;21.8;32;45.8;1.0;45.0;45.8;1509_direct_carried;;;;722.5;218;45;;0;2;1502
403250;1787410660480;21.8;32;45.8;1.0;45.0;45.8;1509_direct_carried;;;;722.5;218;45;;0;2;1505
403462;1787410660692;21.8;32;45.8;1.0;45.0;45.8;1509_direct_carried;;;;722.6;218;45;;0;2;1506
403882;1787410661112;21.8;32;45.8;1.0;45.0;45.8;1509_direct_carried;;;;722.6;218;45;;0;2;1508
404092;1787410661322;21.8;32;45.9;1.0;45.0;45.9;1509_direct;;;;722.6;218;45;;0;2;1509
404302;1787410661532;21.8;32;45.9;1.0;45.0;45.9;1509_direct_carried;;;;722.6;218;45;;0;2;150A
404512;1787410661742;21.8;32;45.9;1.0;45.0;45.9;1509_direct_carried;;;;722.6;218;45;;0;2;150B
404723;1787410661953;21.8;32;45.9;1.0;45.0;45.9;1509_direct_carried;;;;722.6;218;45;;0;2;150D
405761;1787410662991;21.8;32;45.9;1.0;45.0;45.9;1509_direct_carried;;;;722.6;218;45;;0;2;1502
406182;1787410663412;21.8;32;45.9;1.0;45.0;45.9;1509_direct_carried;;;;722.6;218;45;;0;2;1505
406383;1787410663613;21.8;32;45.9;1.0;45.0;45.9;1509_direct_carried;;;;722.6;218;45;;0;2;1506
406802;1787410664032;21.8;32;45.9;1.0;45.0;45.9;1509_direct_carried;;;;722.6;218;45;;0;2;1508
407011;1787410664241;21.8;32;45.8;1.0;45.0;45.8;1509_direct;;;;722.6;218;45;;0;2;1509
407222;1787410664452;21.8;32;45.8;1.0;45.0;45.8;1509_direct_carried;;;;722.6;218;45;;0;2;150A
407432;1787410664662;21.8;32;45.8;1.0;45.0;45.8;1509_direct_carried;;;;722.6;218;45;;0;2;150B
407642;1787410664872;21.8;32;45.8;1.0;45.0;45.8;1509_direct_carried;;;;722.6;218;45;;0;2;150D
408683;1787410665913;21.8;32;45.8;1.0;45.0;45.8;1509_direct_carried;;;;722.6;218;45;;0;2;1502
409103;1787410666333;21.8;32;45.8;1.0;45.0;45.8;1509_direct_carried;;;;722.6;218;45;;0;2;1505
409311;1787410666541;21.8;32;45.8;1.0;45.0;45.8;1509_direct_carried;;;;722.6;218;45;;0;2;1506
409723;1787410666953;21.8;32;45.8;1.0;45.0;45.8;1509_direct_carried;;;;722.6;218;45;;0;2;1508
409933;1787410667163;21.8;32;45.9;1.0;45.0;45.9;1509_direct;;;;722.6;218;45;;0;2;1509
410142;1787410667372;21.8;32;45.9;1.0;45.0;45.9;1509_direct_carried;;;;722.6;218;45;;0;2;150A
410352;1787410667582;21.8;32;45.9;1.0;45.0;45.9;1509_direct_carried;;;;722.6;218;45;;0;2;150B
410562;1787410667792;21.8;32;45.9;1.0;45.0;45.9;1509_direct_carried;;;;722.6;218;45;;0;2;150D
411603;1787410668833;21.8;32;45.9;1.0;45.0;45.9;1509_direct_carried;;;;722.6;218;45;;0;2;1502
412023;1787410669253;21.8;32;45.9;1.0;45.0;45.9;1509_direct_carried;;;;722.6;218;45;;0;2;1505
412232;1787410669462;21.8;32;45.9;1.0;45.0;45.9;1509_direct_carried;;;;722.6;218;45;;0;2;1506
412642;1787410669872;21.8;32;45.9;1.0;45.0;45.9;1509_direct_carried;;;;722.6;218;45;;0;2;1508
412851;1787410670081;21.8;32;45.8;1.0;45.0;45.8;1509_direct;;;;722.6;218;45;;0;2;1509
413062;1787410670292;21.8;32;45.8;1.0;45.0;45.8;1509_direct_carried;;;;722.6;218;45;;0;2;150A
413273;1787410670503;21.8;32;45.8;1.0;45.0;45.8;1509_direct_carried;;;;722.6;218;45;;0;2;150B
413482;1787410670712;21.8;32;45.8;1.0;45.0;45.8;1509_direct_carried;;;;722.6;218;45;;0;2;150D
414523;1787410671753;21.8;32;45.8;1.0;45.0;45.8;1509_direct_carried;;;;722.6;218;45;;0;2;1502
414942;1787410672172;21.8;32;45.8;1.0;45.0;45.8;1509_direct_carried;;;;722.6;218;45;;0;2;1505
415153;1787410672383;21.8;32;45.8;1.0;45.0;45.8;1509_direct_carried;;;;722.6;218;45;;0;2;1506
415562;1787410672792;21.8;32;45.8;1.0;45.0;45.8;1509_direct_carried;;;;722.6;218;45;;0;2;1508
415773;1787410673003;21.8;32;45.9;0.0;0.0;0.0;1509_direct;;;;722.6;218;0;;0;2;1509
415982;1787410673212;21.8;32;45.9;0.0;0.0;0.0;1509_direct_carried;;;;722.6;218;0;;0;2;150A
416193;1787410673423;21.8;32;45.9;0.0;0.0;0.0;1509_direct_carried;;;;722.6;218;0;;0;2;150B
416403;1787410673633;21.8;32;45.9;0.0;0.0;0.0;1509_direct_carried;;;;722.6;218;0;;0;2;150D
417443;1787410674673;21.8;32;45.9;0.0;0.0;0.0;1509_direct_carried;;;;722.6;218;0;;0;2;1502
417865;1787410675095;21.8;32;45.9;0.0;0.0;0.0;1509_direct_carried;;;;722.6;218;0;;0;2;1505
418072;1787410675302;21.8;32;45.9;0.0;0.0;0.0;1509_direct_carried;;;;722.6;218;0;;0;2;1506
418482;1787410675712;21.8;32;45.9;0.0;0.0;0.0;1509_direct_carried;;;;722.6;218;0;;0;2;1508
418693;1787410675923;21.8;32;45.8;1.0;45.0;45.8;1509_direct;;;;722.6;218;45;;0;2;1509
418901;1787410676131;21.8;32;45.8;1.0;45.0;45.8;1509_direct_carried;;;;722.6;218;45;;0;2;150A
419112;1787410676342;21.8;32;45.8;1.0;45.0;45.8;1509_direct_carried;;;;722.6;218;45;;0;2;150B
419332;1787410676562;21.8;32;45.8;1.0;45.0;45.8;1509_direct_carried;;;;722.6;218;45;;0;2;150D
420362;1787410677592;21.8;32;45.8;1.0;45.0;45.8;1509_direct_carried;;;;722.6;218;45;;0;2;1502
420782;1787410678012;21.8;32;45.8;1.0;45.0;45.8;1509_direct_carried;;;;722.6;218;45;;0;2;1505
420992;1787410678222;21.8;32;45.8;1.0;45.0;45.8;1509_direct_carried;;;;722.7;218;45;;0;2;1506
421409;1787410678639;21.8;32;45.8;1.0;45.0;45.8;1509_direct_carried;;;;722.7;218;45;;0;2;1508
421612;1787410678842;21.8;32;45.9;0.0;0.0;0.0;1509_direct;;;;722.7;218;0;;0;2;1509
421822;1787410679052;21.8;32;45.9;0.0;0.0;0.0;1509_direct_carried;;;;722.7;218;0;;0;2;150A
422032;1787410679262;21.8;32;45.9;0.0;0.0;0.0;1509_direct_carried;;;;722.7;218;0;;0;2;150B
422244;1787410679474;21.8;32;45.9;0.0;0.0;0.0;1509_direct_carried;;;;722.7;218;0;;0;2;150D
423282;1787410680512;21.8;32;45.9;0.0;0.0;0.0;1509_direct_carried;;;;722.7;218;0;;0;2;1502
423703;1787410680933;21.8;32;45.9;0.0;0.0;0.0;1509_direct_carried;;;;722.7;218;0;;0;2;1505
423915;1787410681145;21.8;32;45.9;0.0;0.0;0.0;1509_direct_carried;;;;722.7;218;0;;0;2;1506
424333;1787410681563;21.8;32;45.9;0.0;0.0;0.0;1509_direct_carried;;;;722.7;218;0;;0;2;1508
424533;1787410681763;21.8;32;45.9;1.0;45.0;45.9;1509_direct;;;;722.7;218;45;;0;2;1509
424742;1787410681972;21.8;32;45.9;1.0;45.0;45.9;1509_direct_carried;;;;722.7;218;45;;0;2;150A
424951;1787410682181;21.8;32;45.9;1.0;45.0;45.9;1509_direct_carried;;;;722.7;218;45;;0;2;150B
425163;1787410682393;21.8;32;45.9;1.0;45.0;45.9;1509_direct_carried;;;;722.7;218;45;;0;2;150D
426203;1787410683433;21.8;32;45.9;1.0;45.0;45.9;1509_direct_carried;;;;722.7;218;45;;0;2;1502
426623;1787410683853;21.8;32;45.9;1.0;45.0;45.9;1509_direct_carried;;;;722.7;218;45;;0;2;1505
426833;1787410684063;21.8;32;45.9;1.0;45.0;45.9;1509_direct_carried;;;;722.7;218;45;;0;2;1506
427252;1787410684482;21.8;32;45.9;1.0;45.0;45.9;1509_direct_carried;;;;722.7;218;45;;0;2;1508
427461;1787410684691;21.8;32;45.8;1.0;45.0;45.8;1509_direct;;;;722.7;218;45;;0;2;1509
427664;1787410684894;21.8;32;45.8;1.0;45.0;45.8;1509_direct_carried;;;;722.7;218;45;;0;2;150A
427872;1787410685102;21.8;32;45.8;1.0;45.0;45.8;1509_direct_carried;;;;722.7;218;45;;0;2;150B
428082;1787410685312;21.8;32;45.8;1.0;45.0;45.8;1509_direct_carried;;;;722.7;218;45;;0;2;150D
429123;1787410686353;21.8;32;45.8;1.0;45.0;45.8;1509_direct_carried;;;;722.7;218;45;;0;2;1502
429542;1787410686772;21.8;32;45.8;1.0;45.0;45.8;1509_direct_carried;;;;722.7;218;45;;0;2;1505
429752;1787410686982;21.8;32;45.8;1.0;45.0;45.8;1509_direct_carried;;;;722.7;218;45;;0;2;1506
430173;1787410687403;21.8;32;45.8;1.0;45.0;45.8;1509_direct_carried;;;;722.7;218;45;;0;2;1508
430382;1787410687612;21.8;32;45.9;1.0;45.0;45.9;1509_direct;;;;722.7;218;45;;0;2;1509
430583;1787410687813;21.8;32;45.9;1.0;45.0;45.9;1509_direct_carried;;;;722.7;218;45;;0;2;150A
430792;1787410688022;21.8;32;45.9;1.0;45.0;45.9;1509_direct_carried;;;;722.7;218;45;;0;2;150B
431001;1787410688231;21.8;32;45.9;1.0;45.0;45.9;1509_direct_carried;;;;722.7;218;45;;0;2;150D
432053;1787410689283;21.8;32;45.9;1.0;45.0;45.9;1509_direct_carried;;;;722.7;218;45;;0;2;1502
432462;1787410689692;21.8;32;45.9;1.0;45.0;45.9;1509_direct_carried;;;;722.7;218;45;;0;2;1505
432673;1787410689903;21.8;32;45.9;1.0;45.0;45.9;1509_direct_carried;;;;722.7;218;45;;0;2;1506
433093;1787410690323;21.8;32;45.9;1.0;45.0;45.9;1509_direct_carried;;;;722.7;218;45;;0;2;1508
433303;1787410690533;21.8;32;45.8;1.0;45.0;45.8;1509_direct;;;;722.7;218;45;;0;2;1509
433513;1787410690743;21.8;32;45.8;1.0;45.0;45.8;1509_direct_carried;;;;722.7;218;45;;0;2;150A
433713;1787410690943;21.8;32;45.8;1.0;45.0;45.8;1509_direct_carried;;;;722.7;218;45;;0;2;150B
433923;1787410691153;21.8;32;45.8;1.0;45.0;45.8;1509_direct_carried;;;;722.7;218;45;;0;2;150D
434973;1787410692203;21.8;32;45.8;1.0;45.0;45.8;1509_direct_carried;;;;722.7;218;45;;0;2;1502
435382;1787410692612;21.8;32;45.8;1.0;45.0;45.8;1509_direct_carried;;;;722.7;218;45;;0;2;1505
435593;1787410692823;21.8;32;45.8;1.0;45.0;45.8;1509_direct_carried;;;;722.8;218;45;;0;2;1506
436015;1787410693245;21.8;32;45.8;1.0;45.0;45.8;1509_direct_carried;;;;722.8;218;45;;0;2;1508
436225;1787410693455;21.8;32;45.6;3.0;136.0;136.8;1509_direct;;;;722.8;218;136;;0;2;1509
436433;1787410693663;21.8;32;45.6;3.0;136.0;136.8;1509_direct_carried;;;;722.8;218;136;;0;2;150A
436643;1787410693873;21.8;32;45.6;3.0;136.0;136.8;1509_direct_carried;;;;722.8;218;136;;0;2;150B
436843;1787410694073;21.8;32;45.6;3.0;136.0;136.8;1509_direct_carried;;;;722.8;218;136;;0;2;150D
437892;1787410695122;21.8;32;45.6;3.0;136.0;136.8;1509_direct_carried;;;;722.8;218;136;;0;2;1502
438302;1787410695532;21.8;32;45.6;3.0;136.0;136.8;1509_direct_carried;;;;722.8;218;136;;0;2;1505
438513;1787410695743;21.8;32;45.6;3.0;136.0;136.8;1509_direct_carried;;;;722.8;218;136;;0;2;1506
438933;1787410696163;21.8;32;45.6;3.0;136.0;136.8;1509_direct_carried;;;;722.8;218;136;;0;2;1508
439143;1787410696373;21.8;32;45.6;2.0;91.0;91.2;1509_direct;;;;722.8;218;91;;0;2;1509
439352;1787410696582;21.8;32;45.6;2.0;91.0;91.2;1509_direct_carried;;;;722.8;218;91;;0;2;150A
439560;1787410696790;21.8;32;45.6;2.0;91.0;91.2;1509_direct_carried;;;;722.8;218;91;;0;2;150B
439777;1787410697007;21.8;32;45.6;2.0;91.0;91.2;1509_direct_carried;;;;722.8;218;91;;0;2;150D
440814;1787410698044;21.8;32;45.6;2.0;91.0;91.2;1509_direct_carried;;;;722.8;218;91;;0;2;1502
441234;1787410698464;21.8;32;45.6;2.0;91.0;91.2;1509_direct_carried;;;;722.8;218;91;;0;2;1505
441432;1787410698662;21.8;32;45.6;2.0;91.0;91.2;1509_direct_carried;;;;722.8;218;91;;0;2;1506
441855;1787410699085;21.8;32;45.6;2.0;91.0;91.2;1509_direct_carried;;;;722.8;218;91;;0;2;1508
442064;1787410699294;21.8;32;45.6;3.0;136.0;136.8;1509_direct;;;;722.8;218;136;;0;2;1509
442275;1787410699505;21.8;32;45.6;3.0;136.0;136.8;1509_direct_carried;;;;722.8;218;136;;0;2;150A
442484;1787410699714;21.8;32;45.6;3.0;136.0;136.8;1509_direct_carried;;;;722.8;218;136;;0;2;150B
442693;1787410699923;21.8;32;45.6;3.0;136.0;136.8;1509_direct_carried;;;;722.8;218;136;;0;2;150D
443733;1787410700963;21.8;32;45.6;3.0;136.0;136.8;1509_direct_carried;;;;722.8;218;136;;0;2;1502
444155;1787410701385;21.8;32;45.6;3.0;136.0;136.8;1509_direct_carried;;;;722.8;218;136;;0;2;1505
444362;1787410701592;21.8;32;45.6;3.0;136.0;136.8;1509_direct_carried;;;;722.8;218;136;;0;2;1506
444774;1787410702004;21.8;32;45.6;3.0;136.0;136.8;1509_direct_carried;;;;722.8;218;136;;0;2;1508
444982;1787410702212;21.8;33;46.0;0.0;0.0;0.0;1509_direct;;;;722.8;218;0;;0;2;1509
445193;1787410702423;21.8;33;46.0;0.0;0.0;0.0;1509_direct_carried;;;;722.8;218;0;;0;2;150A
445403;1787410702633;21.8;33;46.0;0.0;0.0;0.0;1509_direct_carried;;;;722.8;218;0;;0;2;150B
445614;1787410702844;21.8;33;46.0;0.0;0.0;0.0;1509_direct_carried;;;;722.8;218;0;;0;2;150D
446653;1787410703883;21.8;33;46.0;0.0;0.0;0.0;1509_direct_carried;;;;722.8;218;0;;0;2;1502
447073;1787410704303;19.3;33;46.0;0.0;0.0;0.0;1509_direct_carried;;;;722.8;193;0;;0;2;1505
447283;1787410704513;19.3;33;46.0;0.0;0.0;0.0;1509_direct_carried;;;;722.8;193;0;;0;2;1506
447694;1787410704924;19.3;33;46.0;0.0;0.0;0.0;1509_direct_carried;;;;722.8;193;0;;0;2;1508
447903;1787410705133;19.3;35;45.3;6.0;271.0;271.79999999999995;1509_direct;;;;722.8;193;271;;0;2;1509
448113;1787410705343;19.3;35;45.3;6.0;271.0;271.79999999999995;1509_direct_carried;;;;722.8;193;271;;0;2;150A
448323;1787410705553;19.3;35;45.3;6.0;271.0;271.79999999999995;1509_direct_carried;;;;722.8;193;271;;0;2;150B
448532;1787410705762;19.3;35;45.3;6.0;271.0;271.79999999999995;1509_direct_carried;;;;722.8;193;271;;0;2;150D
449573;1787410706803;19.3;35;45.3;6.0;271.0;271.79999999999995;1509_direct_carried;;;;722.8;193;271;;0;2;1502
449994;1787410707224;21.8;35;45.3;6.0;271.0;271.79999999999995;1509_direct_carried;;;;722.8;218;271;;0;2;1505
450205;1787410707435;21.8;35;45.3;6.0;271.0;271.79999999999995;1509_direct_carried;;;;722.8;218;271;;0;2;1506
450612;1787410707842;21.8;35;45.3;6.0;271.0;271.79999999999995;1509_direct_carried;;;;722.8;218;271;;0;2;1508
450823;1787410708053;21.8;32;45.8;2.0;91.0;91.6;1509_direct;;;;722.8;218;91;;0;2;1509
451033;1787410708263;21.8;32;45.8;2.0;91.0;91.6;1509_direct_carried;;;;722.8;218;91;;0;2;150A
451242;1787410708472;21.8;32;45.8;2.0;91.0;91.6;1509_direct_carried;;;;722.8;218;91;;0;2;150B
451453;1787410708683;21.8;32;45.8;2.0;91.0;91.6;1509_direct_carried;;;;722.8;218;91;;0;2;150D
452492;1787410709722;21.8;32;45.8;2.0;91.0;91.6;1509_direct_carried;;;;722.8;218;91;;0;2;1502
452915;1787410710145;20.9;32;45.8;2.0;91.0;91.6;1509_direct_carried;;;;722.8;209;91;;0;2;1505
453123;1787410710353;20.9;32;45.8;2.0;91.0;91.6;1509_direct_carried;;;;722.9;209;91;;0;2;1506
453543;1787410710773;20.9;32;45.8;2.0;91.0;91.6;1509_direct_carried;;;;722.9;209;91;;0;2;1508
453743;1787410710973;20.9;32;45.6;6.0;273.0;273.6;1509_direct;;;;722.9;209;273;;0;2;1509
453952;1787410711182;20.9;32;45.6;6.0;273.0;273.6;1509_direct_carried;;;;722.9;209;273;;0;2;150A
454163;1787410711393;20.9;32;45.6;6.0;273.0;273.6;1509_direct_carried;;;;722.9;209;273;;0;2;150B
454373;1787410711603;20.9;32;45.6;6.0;273.0;273.6;1509_direct_carried;;;;722.9;209;273;;0;2;150D
455414;1787410712644;20.9;32;45.6;6.0;273.0;273.6;1509_direct_carried;;;;722.9;209;273;;0;2;1502
455833;1787410713063;21.8;32;45.6;6.0;273.0;273.6;1509_direct_carried;;;;722.9;218;273;;0;2;1505
456043;1787410713273;21.8;32;45.6;6.0;273.0;273.6;1509_direct_carried;;;;722.9;218;273;;0;2;1506
456464;1787410713694;21.8;32;45.6;6.0;273.0;273.6;1509_direct_carried;;;;722.9;218;273;;0;2;1508
456662;1787410713892;21.8;32;45.0;6.0;270.0;270.0;1509_direct;;;;722.9;218;270;;0;2;1509
456874;1787410714104;21.8;32;45.0;6.0;270.0;270.0;1509_direct_carried;;;;722.9;218;270;;0;2;150A
457083;1787410714313;21.8;32;45.0;6.0;270.0;270.0;1509_direct_carried;;;;722.9;218;270;;0;2;150B
457293;1787410714523;21.8;32;45.0;6.0;270.0;270.0;1509_direct_carried;;;;722.9;218;270;;0;2;150D
458334;1787410715564;21.8;32;45.0;6.0;270.0;270.0;1509_direct_carried;;;;722.9;218;270;;0;2;1502
458750;1787410715980;21.8;32;45.0;6.0;270.0;270.0;1509_direct_carried;;;;722.9;218;270;;0;2;1505
458965;1787410716195;21.8;32;45.0;6.0;270.0;270.0;1509_direct_carried;;;;722.9;218;270;;0;2;1506
459383;1787410716613;21.8;32;45.0;6.0;270.0;270.0;1509_direct_carried;;;;722.9;218;270;;0;2;1508
459582;1787410716812;21.8;32;45.6;4.0;181.0;182.4;1509_direct;;;;722.9;218;181;;0;2;1509
459793;1787410717023;21.8;32;45.6;4.0;181.0;182.4;1509_direct_carried;;;;722.9;218;181;;0;2;150A
460003;1787410717233;21.8;32;45.6;4.0;181.0;182.4;1509_direct_carried;;;;722.9;218;181;;0;2;150B
460213;1787410717443;21.8;32;45.6;4.0;181.0;182.4;1509_direct_carried;;;;722.9;218;181;;0;2;150D
461256;1787410718486;21.8;32;45.6;4.0;181.0;182.4;1509_direct_carried;;;;722.9;218;181;;0;2;1502
461673;1787410718903;21.8;32;45.6;4.0;181.0;182.4;1509_direct_carried;;;;722.9;218;181;;0;2;1505
461883;1787410719113;21.8;32;45.6;4.0;181.0;182.4;1509_direct_carried;;;;722.9;218;181;;0;2;1506
462303;1787410719533;21.8;32;45.6;4.0;181.0;182.4;1509_direct_carried;;;;722.9;218;181;;0;2;1508
462515;1787410719745;21.8;32;45.7;3.0;137.0;137.10000000000002;1509_direct;;;;722.9;218;137;;0;2;1509
462712;1787410719942;21.8;32;45.7;3.0;137.0;137.10000000000002;1509_direct_carried;;;;722.9;218;137;;0;2;150A
462922;1787410720152;21.8;32;45.7;3.0;137.0;137.10000000000002;1509_direct_carried;;;;722.9;218;137;;0;2;150B
463130;1787410720360;21.8;32;45.7;3.0;137.0;137.10000000000002;1509_direct_carried;;;;722.9;218;137;;0;2;150D
464176;1787410721406;21.8;32;45.7;3.0;137.0;137.10000000000002;1509_direct_carried;;;;722.9;218;137;;0;2;1502
464594;1787410721824;21.8;32;45.7;3.0;137.0;137.10000000000002;1509_direct_carried;;;;722.9;218;137;;0;2;1505
464803;1787410722033;21.8;32;45.7;3.0;137.0;137.10000000000002;1509_direct_carried;;;;722.9;218;137;;0;2;1506
465223;1787410722453;21.8;32;45.7;3.0;137.0;137.10000000000002;1509_direct_carried;;;;722.9;218;137;;0;2;1508
465431;1787410722661;21.8;32;45.6;4.0;226.0;182.4;1509_direct;;;;722.9;218;226;;0;2;1509
465633;1787410722863;21.8;32;45.6;4.0;226.0;182.4;1509_direct_carried;;;;722.9;218;226;;0;2;150A
465843;1787410723073;21.8;32;45.6;4.0;226.0;182.4;1509_direct_carried;;;;722.9;218;226;;0;2;150B
466053;1787410723283;21.8;32;45.6;4.0;226.0;182.4;1509_direct_carried;;;;722.9;218;226;;0;2;150D
467103;1787410724333;21.8;32;45.6;4.0;226.0;182.4;1509_direct_carried;;;;722.9;218;226;;0;2;1502
467514;1787410724744;21.8;32;45.6;4.0;226.0;182.4;1509_direct_carried;;;;722.9;218;226;;0;2;1505
467724;1787410724954;21.8;32;45.6;4.0;226.0;182.4;1509_direct_carried;;;;723.0;218;226;;0;2;1506
468143;1787410725373;21.8;32;45.6;4.0;226.0;182.4;1509_direct_carried;;;;723.0;218;226;;0;2;1508
468353;1787410725583;21.8;32;45.8;3.0;137.0;137.39999999999998;1509_direct;;;;723.0;218;137;;0;2;1509
468563;1787410725793;21.8;32;45.8;3.0;137.0;137.39999999999998;1509_direct_carried;;;;723.0;218;137;;0;2;150A
468763;1787410725993;21.8;32;45.8;3.0;137.0;137.39999999999998;1509_direct_carried;;;;723.0;218;137;;0;2;150B
468974;1787410726204;21.8;32;45.8;3.0;137.0;137.39999999999998;1509_direct_carried;;;;723.0;218;137;;0;2;150D
470023;1787410727253;21.8;32;45.8;3.0;137.0;137.39999999999998;1509_direct_carried;;;;723.0;218;137;;0;2;1502
470434;1787410727664;21.8;32;45.8;3.0;137.0;137.39999999999998;1509_direct_carried;;;;723.0;218;137;;0;2;1505
470644;1787410727874;21.8;32;45.8;3.0;137.0;137.39999999999998;1509_direct_carried;;;;723.0;218;137;;0;2;1506
471063;1787410728293;21.8;32;45.8;3.0;137.0;137.39999999999998;1509_direct_carried;;;;723.0;218;137;;0;2;1508
471283;1787410728513;21.8;32;45.2;5.0;226.0;226.0;1509_direct;;;;723.0;218;226;;0;2;1509
471485;1787410728715;21.8;32;45.2;5.0;226.0;226.0;1509_direct_carried;;;;723.0;218;226;;0;2;150A
471693;1787410728923;21.8;32;45.2;5.0;226.0;226.0;1509_direct_carried;;;;723.0;218;226;;0;2;150B
471892;1787410729122;21.8;32;45.2;5.0;226.0;226.0;1509_direct_carried;;;;723.0;218;226;;0;2;150D
472944;1787410730174;21.8;32;45.2;5.0;226.0;226.0;1509_direct_carried;;;;723.0;218;226;;0;2;1502
473353;1787410730583;21.4;32;45.2;5.0;226.0;226.0;1509_direct_carried;;;;723.0;214;226;;0;2;1505
473563;1787410730793;21.4;32;45.2;5.0;226.0;226.0;1509_direct_carried;;;;723.0;214;226;;0;2;1506
473983;1787410731213;21.4;32;45.2;5.0;226.0;226.0;1509_direct_carried;;;;723.0;214;226;;0;2;1508
474193;1787410731423;21.4;32;45.0;7.0;315.0;315.0;1509_direct;;;;723.0;214;315;;0;2;1509
474401;1787410731631;21.4;32;45.0;7.0;315.0;315.0;1509_direct_carried;;;;723.0;214;315;;0;2;150A
474614;1787410731844;21.4;32;45.0;7.0;315.0;315.0;1509_direct_carried;;;;723.0;214;315;;0;2;150B
474813;1787410732043;21.4;32;45.0;7.0;315.0;315.0;1509_direct_carried;;;;723.0;214;315;;0;2;150D
475865;1787410733095;21.4;32;45.0;7.0;315.0;315.0;1509_direct_carried;;;;723.0;214;315;;0;2;1502
476483;1787410733713;21.4;32;45.0;7.0;315.0;315.0;1509_direct_carried;;;;723.0;214;315;;0;2;1506
476906;1787410734136;21.4;32;45.0;7.0;315.0;315.0;1509_direct_carried;;;;723.0;214;315;;0;2;1508
477113;1787410734343;21.4;32;44.6;8.0;357.0;356.8;1509_direct;;;;723.0;214;357;;0;2;1509
477325;1787410734555;21.4;32;44.6;8.0;357.0;356.8;1509_direct_carried;;;;723.0;214;357;;0;2;150A
477543;1787410734773;21.4;32;44.6;8.0;357.0;356.8;1509_direct_carried;;;;723.0;214;357;;0;2;150B
477743;1787410734973;21.4;32;44.6;8.0;357.0;356.8;1509_direct_carried;;;;723.0;214;357;;0;2;150D
478783;1787410736013;21.4;32;44.6;8.0;357.0;356.8;1509_direct_carried;;;;723.0;214;357;;0;2;1502
479204;1787410736434;21.8;32;44.6;8.0;357.0;356.8;1509_direct_carried;;;;723.0;218;357;;0;2;1505
479405;1787410736635;21.8;32;44.6;8.0;357.0;356.8;1509_direct_carried;;;;723.0;218;357;;0;2;1506
479823;1787410737053;21.8;32;44.6;8.0;357.0;356.8;1509_direct_carried;;;;723.0;218;357;;0;2;1508
480033;1787410737263;21.8;32;45.6;4.0;182.0;182.4;1509_direct;;;;723.0;218;182;;0;2;1509
480243;1787410737473;21.8;32;45.6;4.0;182.0;182.4;1509_direct_carried;;;;723.0;218;182;;0;2;150A
480452;1787410737682;21.8;32;45.6;4.0;182.0;182.4;1509_direct_carried;;;;723.0;218;182;;0;2;150B
480664;1787410737894;21.8;32;45.6;4.0;182.0;182.4;1509_direct_carried;;;;723.0;218;182;;0;2;150D
481703;1787410738933;21.8;32;45.6;4.0;182.0;182.4;1509_direct_carried;;;;723.0;218;182;;0;2;1502
482123;1787410739353;21.8;32;45.6;4.0;182.0;182.4;1509_direct_carried;;;;723.0;218;182;;0;2;1505
482323;1787410739553;21.8;32;45.6;4.0;182.0;182.4;1509_direct_carried;;;;723.0;218;182;;0;2;1506
482743;1787410739973;21.8;32;45.6;4.0;182.0;182.4;1509_direct_carried;;;;723.0;218;182;;0;2;1508
482957;1787410740187;21.8;32;45.4;4.0;181.0;181.6;1509_direct;;;;723.0;218;181;;0;2;1509
483164;1787410740394;21.8;32;45.4;4.0;181.0;181.6;1509_direct_carried;;;;723.0;218;181;;0;2;150A
483373;1787410740603;21.8;32;45.4;4.0;181.0;181.6;1509_direct_carried;;;;723.0;218;181;;0;2;150B
483583;1787410740813;21.8;32;45.4;4.0;181.0;181.6;1509_direct_carried;;;;723.0;218;181;;0;2;150D
484623;1787410741853;21.8;32;45.4;4.0;181.0;181.6;1509_direct_carried;;;;723.0;218;181;;0;2;1502
485043;1787410742273;21.8;32;45.4;4.0;181.0;181.6;1509_direct_carried;;;;723.0;218;181;;0;2;1505
485253;1787410742483;21.8;32;45.4;4.0;181.0;181.6;1509_direct_carried;;;;723.1;218;181;;0;2;1506
485663;1787410742893;21.8;32;45.4;4.0;181.0;181.6;1509_direct_carried;;;;723.1;218;181;;0;2;1508
485872;1787410743102;21.8;32;45.7;2.0;91.0;91.4;1509_direct;;;;723.1;218;91;;0;2;1509
486083;1787410743313;21.8;32;45.7;2.0;91.0;91.4;1509_direct_carried;;;;723.1;218;91;;0;2;150A
486293;1787410743523;21.8;32;45.7;2.0;91.0;91.4;1509_direct_carried;;;;723.1;218;91;;0;2;150B
486503;1787410743733;21.8;32;45.7;2.0;91.0;91.4;1509_direct_carried;;;;723.1;218;91;;0;2;150D
487543;1787410744773;21.8;32;45.7;2.0;91.0;91.4;1509_direct_carried;;;;723.1;218;91;;0;2;1502
487964;1787410745194;21.8;32;45.7;2.0;91.0;91.4;1509_direct_carried;;;;723.1;218;91;;0;2;1505
488173;1787410745403;21.8;32;45.7;2.0;91.0;91.4;1509_direct_carried;;;;723.1;218;91;;0;2;1506
488583;1787410745813;21.8;32;45.7;2.0;91.0;91.4;1509_direct_carried;;;;723.1;218;91;;0;2;1508
488795;1787410746025;21.8;32;45.6;3.0;136.0;136.8;1509_direct;;;;723.1;218;136;;0;2;1509
489004;1787410746234;21.8;32;45.6;3.0;136.0;136.8;1509_direct_carried;;;;723.1;218;136;;0;2;150A
489213;1787410746443;21.8;32;45.6;3.0;136.0;136.8;1509_direct_carried;;;;723.1;218;136;;0;2;150B
489423;1787410746653;21.8;32;45.6;3.0;136.0;136.8;1509_direct_carried;;;;723.1;218;136;;0;2;150D
490463;1787410747693;21.8;32;45.6;3.0;136.0;136.8;1509_direct_carried;;;;723.1;218;136;;0;2;1502
490886;1787410748116;21.8;32;45.6;3.0;136.0;136.8;1509_direct_carried;;;;723.1;218;136;;0;2;1505
491095;1787410748325;21.8;32;45.6;3.0;136.0;136.8;1509_direct_carried;;;;723.1;218;136;;0;2;1506
491503;1787410748733;21.8;32;45.6;3.0;136.0;136.8;1509_direct_carried;;;;723.1;218;136;;0;2;1508
491713;1787410748943;21.8;32;45.8;3.0;137.0;137.39999999999998;1509_direct;;;;723.1;218;137;;0;2;1509
491924;1787410749154;21.8;32;45.8;3.0;137.0;137.39999999999998;1509_direct_carried;;;;723.1;218;137;;0;2;150A
492136;1787410749366;21.8;32;45.8;3.0;137.0;137.39999999999998;1509_direct_carried;;;;723.1;218;137;;0;2;150B
492343;1787410749573;21.8;32;45.8;3.0;137.0;137.39999999999998;1509_direct_carried;;;;723.1;218;137;;0;2;150D
493383;1787410750613;21.8;32;45.8;3.0;137.0;137.39999999999998;1509_direct_carried;;;;723.1;218;137;;0;2;1502
493803;1787410751033;21.8;32;45.8;3.0;137.0;137.39999999999998;1509_direct_carried;;;;723.1;218;137;;0;2;1505
494014;1787410751244;21.8;32;45.8;3.0;137.0;137.39999999999998;1509_direct_carried;;;;723.1;218;137;;0;2;1506
494434;1787410751664;21.8;32;45.8;3.0;137.0;137.39999999999998;1509_direct_carried;;;;723.1;218;137;;0;2;1508
494633;1787410751863;21.8;32;45.4;4.0;181.0;181.6;1509_direct;;;;723.1;218;181;;0;2;1509
494843;1787410752073;21.8;32;45.4;4.0;181.0;181.6;1509_direct_carried;;;;723.1;218;181;;0;2;150A
495053;1787410752283;21.8;32;45.4;4.0;181.0;181.6;1509_direct_carried;;;;723.1;218;181;;0;2;150B
495263;1787410752493;21.8;32;45.4;4.0;181.0;181.6;1509_direct_carried;;;;723.1;218;181;;0;2;150D
496303;1787410753533;21.8;32;45.4;4.0;181.0;181.6;1509_direct_carried;;;;723.1;218;181;;0;2;1502
496724;1787410753954;21.8;32;45.4;4.0;181.0;181.6;1509_direct_carried;;;;723.1;218;181;;0;2;1505
496934;1787410754164;21.8;32;45.4;4.0;181.0;181.6;1509_direct_carried;;;;723.1;218;181;;0;2;1506
497354;1787410754584;21.8;32;45.4;4.0;181.0;181.6;1509_direct_carried;;;;723.1;218;181;;0;2;1508
497554;1787410754784;21.8;32;45.0;4.0;181.0;180.0;1509_direct;;;;723.1;218;181;;0;2;1509
497763;1787410754993;21.8;32;45.0;4.0;181.0;180.0;1509_direct_carried;;;;723.1;218;181;;0;2;150A
497973;1787410755203;21.8;32;45.0;4.0;181.0;180.0;1509_direct_carried;;;;723.1;218;181;;0;2;150B
498184;1787410755414;21.8;32;45.0;4.0;181.0;180.0;1509_direct_carried;;;;723.1;218;181;;0;2;150D
499224;1787410756454;21.8;32;45.0;4.0;181.0;180.0;1509_direct_carried;;;;723.1;218;181;;0;2;1502
499643;1787410756873;21.8;32;45.0;4.0;181.0;180.0;1509_direct_carried;;;;723.1;218;181;;0;2;1505
499853;1787410757083;21.8;32;45.0;4.0;181.0;180.0;1509_direct_carried;;;;723.2;218;181;;0;2;1506
500273;1787410757503;21.8;32;45.0;4.0;181.0;180.0;1509_direct_carried;;;;723.2;218;181;;0;2;1508
500483;1787410757713;21.8;32;45.4;4.0;136.0;181.6;1509_direct;;;;723.2;218;136;;0;2;1509
500683;1787410757913;21.8;32;45.4;4.0;136.0;181.6;1509_direct_carried;;;;723.2;218;136;;0;2;150A
500893;1787410758123;21.8;32;45.4;4.0;136.0;181.6;1509_direct_carried;;;;723.2;218;136;;0;2;150B
501104;1787410758334;21.8;32;45.4;4.0;136.0;181.6;1509_direct_carried;;;;723.2;218;136;;0;2;150D
502141;1787410759371;21.8;32;45.4;4.0;136.0;181.6;1509_direct_carried;;;;723.2;218;136;;0;2;1502
502566;1787410759796;21.8;32;45.4;4.0;136.0;181.6;1509_direct_carried;;;;723.2;218;136;;0;2;1505
502773;1787410760003;21.8;32;45.4;4.0;136.0;181.6;1509_direct_carried;;;;723.2;218;136;;0;2;1506
503194;1787410760424;21.8;32;45.4;4.0;136.0;181.6;1509_direct_carried;;;;723.2;218;136;;0;2;1508
503403;1787410760633;21.8;32;45.4;4.0;181.0;181.6;1509_direct;;;;723.2;218;181;;0;2;1509
503604;1787410760834;21.8;32;45.4;4.0;181.0;181.6;1509_direct_carried;;;;723.2;218;181;;0;2;150A
503813;1787410761043;21.8;32;45.4;4.0;181.0;181.6;1509_direct_carried;;;;723.2;218;181;;0;2;150B
504025;1787410761255;21.8;32;45.4;4.0;181.0;181.6;1509_direct_carried;;;;723.2;218;181;;0;2;150D
505075;1787410762305;21.8;32;45.4;4.0;181.0;181.6;1509_direct_carried;;;;723.2;218;181;;0;2;1502
505483;1787410762713;21.8;32;45.4;4.0;181.0;181.6;1509_direct_carried;;;;723.2;218;181;;0;2;1505
505694;1787410762924;21.8;32;45.4;4.0;181.0;181.6;1509_direct_carried;;;;723.2;218;181;;0;2;1506
506115;1787410763345;21.8;32;45.4;4.0;181.0;181.6;1509_direct_carried;;;;723.2;218;181;;0;2;1508
506324;1787410763554;21.8;32;45.3;5.0;226.0;226.5;1509_direct;;;;723.2;218;226;;0;2;1509
506535;1787410763765;21.8;32;45.3;5.0;226.0;226.5;1509_direct_carried;;;;723.2;218;226;;0;2;150A
506743;1787410763973;21.8;32;45.3;5.0;226.0;226.5;1509_direct_carried;;;;723.2;218;226;;0;2;150B
506943;1787410764173;21.8;32;45.3;5.0;226.0;226.5;1509_direct_carried;;;;723.2;218;226;;0;2;150D
507996;1787410765226;21.8;32;45.3;5.0;226.0;226.5;1509_direct_carried;;;;723.2;218;226;;0;2;1502
508403;1787410765633;21.8;32;45.3;5.0;226.0;226.5;1509_direct_carried;;;;723.2;218;226;;0;2;1505
508614;1787410765844;21.8;32;45.3;5.0;226.0;226.5;1509_direct_carried;;;;723.2;218;226;;0;2;1506
509034;1787410766264;21.8;32;45.3;5.0;226.0;226.5;1509_direct_carried;;;;723.2;218;226;;0;2;1508
509243;1787410766473;21.8;32;45.1;4.0;226.0;180.4;1509_direct;;;;723.2;218;226;;0;2;1509
509454;1787410766684;21.8;32;45.1;4.0;226.0;180.4;1509_direct_carried;;;;723.2;218;226;;0;2;150A
509663;1787410766893;21.8;32;45.1;4.0;226.0;180.4;1509_direct_carried;;;;723.2;218;226;;0;2;150B
509864;1787410767094;21.8;32;45.1;4.0;226.0;180.4;1509_direct_carried;;;;723.2;218;226;;0;2;150D
510914;1787410768144;21.8;32;45.1;4.0;226.0;180.4;1509_direct_carried;;;;723.2;218;226;;0;2;1502
511324;1787410768554;21.8;32;45.1;4.0;226.0;180.4;1509_direct_carried;;;;723.2;218;226;;0;2;1505
511533;1787410768763;21.8;32;45.1;4.0;226.0;180.4;1509_direct_carried;;;;723.2;218;226;;0;2;1506
511953;1787410769183;21.8;32;45.1;4.0;226.0;180.4;1509_direct_carried;;;;723.2;218;226;;0;2;1508
512163;1787410769393;21.8;32;45.2;5.0;226.0;226.0;1509_direct;;;;723.2;218;226;;0;2;1509
512373;1787410769603;21.8;32;45.2;5.0;226.0;226.0;1509_direct_carried;;;;723.2;218;226;;0;2;150A
512583;1787410769813;21.8;32;45.2;5.0;226.0;226.0;1509_direct_carried;;;;723.2;218;226;;0;2;150B
512793;1787410770023;21.8;32;45.2;5.0;226.0;226.0;1509_direct_carried;;;;723.2;218;226;;0;2;150D
513833;1787410771063;21.8;32;45.2;5.0;226.0;226.0;1509_direct_carried;;;;723.2;218;226;;0;2;1502
514252;1787410771482;21.8;32;45.2;5.0;226.0;226.0;1509_direct_carried;;;;723.2;218;226;;0;2;1505
514454;1787410771684;21.8;32;45.2;5.0;226.0;226.0;1509_direct_carried;;;;723.2;218;226;;0;2;1506
514873;1787410772103;21.8;32;45.2;5.0;226.0;226.0;1509_direct_carried;;;;723.2;218;226;;0;2;1508
515084;1787410772314;21.8;32;45.2;4.0;180.0;180.8;1509_direct;;;;723.2;218;180;;0;2;1509
515295;1787410772525;21.8;32;45.2;4.0;180.0;180.8;1509_direct_carried;;;;723.2;218;180;;0;2;150A
515503;1787410772733;21.8;32;45.2;4.0;180.0;180.8;1509_direct_carried;;;;723.2;218;180;;0;2;150B
515713;1787410772943;21.8;32;45.2;4.0;180.0;180.8;1509_direct_carried;;;;723.2;218;180;;0;2;150D
516754;1787410773984;21.8;32;45.2;4.0;180.0;180.8;1509_direct_carried;;;;723.2;218;180;;0;2;1502
517174;1787410774404;21.8;32;45.2;4.0;180.0;180.8;1509_direct_carried;;;;723.2;218;180;;0;2;1505
517374;1787410774604;21.8;32;45.2;4.0;180.0;180.8;1509_direct_carried;;;;723.2;218;180;;0;2;1506
517794;1787410775024;21.8;32;45.2;4.0;180.0;180.8;1509_direct_carried;;;;723.2;218;180;;0;2;1508
518003;1787410775233;21.8;32;45.3;4.0;181.0;181.2;1509_direct;;;;723.2;218;181;;0;2;1509
518214;1787410775444;21.8;32;45.3;4.0;181.0;181.2;1509_direct_carried;;;;723.2;218;181;;0;2;150A
518423;1787410775653;21.8;32;45.3;4.0;181.0;181.2;1509_direct_carried;;;;723.2;218;181;;0;2;150B
518633;1787410775863;21.8;32;45.3;4.0;181.0;181.2;1509_direct_carried;;;;723.2;218;181;;0;2;150D
519675;1787410776905;21.8;32;45.3;4.0;181.0;181.2;1509_direct_carried;;;;723.2;218;181;;0;2;1502
520094;1787410777324;19.9;32;45.3;4.0;181.0;181.2;1509_direct_carried;;;;723.2;199;181;;0;2;1505
520298;1787410777528;19.9;32;45.3;4.0;181.0;181.2;1509_direct_carried;;;;723.3;199;181;;0;2;1506
520708;1787410777938;19.9;32;45.3;4.0;181.0;181.2;1509_direct_carried;;;;723.3;199;181;;0;2;1508
520919;1787410778149;19.9;32;45.9;0.0;0.0;0.0;1509_direct;;;;723.3;199;0;;0;2;1509
521133;1787410778363;19.9;32;45.9;0.0;0.0;0.0;1509_direct_carried;;;;723.3;199;0;;0;2;150A
521354;1787410778584;19.9;32;45.9;0.0;0.0;0.0;1509_direct_carried;;;;723.3;199;0;;0;2;150B
521550;1787410778780;19.9;32;45.9;0.0;0.0;0.0;1509_direct_carried;;;;723.3;199;0;;0;2;150D
522595;1787410779825;19.9;32;45.9;0.0;0.0;0.0;1509_direct_carried;;;;723.3;199;0;;0;2;1502
523015;1787410780245;18.4;32;45.9;0.0;0.0;0.0;1509_direct_carried;;;;723.3;184;0;;0;2;1505
523218;1787410780448;18.4;32;45.9;0.0;0.0;0.0;1509_direct_carried;;;;723.3;184;0;;0;2;1506
523635;1787410780865;18.4;32;45.9;0.0;0.0;0.0;1509_direct_carried;;;;723.3;184;0;;0;2;1508
523844;1787410781074;18.4;32;45.0;8.0;360.0;360.0;1509_direct;;;;723.3;184;360;;0;2;1509
524054;1787410781284;18.4;32;45.0;8.0;360.0;360.0;1509_direct_carried;;;;723.3;184;360;;0;2;150A
524263;1787410781493;18.4;32;45.0;8.0;360.0;360.0;1509_direct_carried;;;;723.3;184;360;;0;2;150B
524473;1787410781703;18.4;32;45.0;8.0;360.0;360.0;1509_direct_carried;;;;723.3;184;360;;0;2;150D
525513;1787410782743;18.4;32;45.0;8.0;360.0;360.0;1509_direct_carried;;;;723.3;184;360;;0;2;1502
525933;1787410783163;21.8;32;45.0;8.0;360.0;360.0;1509_direct_carried;;;;723.3;218;360;;0;2;1505
526143;1787410783373;21.8;32;45.0;8.0;360.0;360.0;1509_direct_carried;;;;723.3;218;360;;0;2;1506
526552;1787410783782;21.8;32;45.0;8.0;360.0;360.0;1509_direct_carried;;;;723.3;218;360;;0;2;1508
526763;1787410783993;21.8;32;45.6;3.0;136.0;136.8;1509_direct;;;;723.3;218;136;;0;2;1509
526972;1787410784202;21.8;32;45.6;3.0;136.0;136.8;1509_direct_carried;;;;723.3;218;136;;0;2;150A
527182;1787410784412;21.8;32;45.6;3.0;136.0;136.8;1509_direct_carried;;;;723.3;218;136;;0;2;150B
527392;1787410784622;21.8;32;45.6;3.0;136.0;136.8;1509_direct_carried;;;;723.3;218;136;;0;2;150D
528430;1787410785660;21.8;32;45.6;3.0;136.0;136.8;1509_direct_carried;;;;723.3;218;136;;0;2;1502
528854;1787410786084;18.9;32;45.6;3.0;136.0;136.8;1509_direct_carried;;;;723.3;189;136;;0;2;1505
529061;1787410786291;18.9;32;45.6;3.0;136.0;136.8;1509_direct_carried;;;;723.3;189;136;;0;2;1506
529473;1787410786703;18.9;32;45.6;3.0;136.0;136.8;1509_direct_carried;;;;723.3;189;136;;0;2;1508
529683;1787410786913;18.9;32;46.5;0.0;0.0;0.0;1509_direct;;;;723.3;189;0;;0;2;1509
529894;1787410787124;18.9;32;46.5;0.0;0.0;0.0;1509_direct_carried;;;;723.3;189;0;;0;2;150A
530104;1787410787334;18.9;32;46.5;0.0;0.0;0.0;1509_direct_carried;;;;723.3;189;0;;0;2;150B
530314;1787410787544;18.9;32;46.5;0.0;0.0;0.0;1509_direct_carried;;;;723.3;189;0;;0;2;150D
531351;1787410788581;18.9;32;46.5;0.0;0.0;0.0;1509_direct_carried;;;;723.3;189;0;;0;2;1502
531772;1787410789002;13.0;32;46.5;0.0;0.0;0.0;1509_direct_carried;;;;723.3;130;0;;0;2;1505
531979;1787410789209;13.0;32;46.5;0.0;0.0;0.0;1509_direct_carried;;;;723.3;130;0;;0;2;1506
532404;1787410789634;13.0;32;46.5;0.0;0.0;0.0;1509_direct_carried;;;;723.3;130;0;;0;2;1508
532604;1787410789834;13.0;32;45.1;8.0;360.0;360.8;1509_direct;;;;723.3;130;360;;0;2;1509
532815;1787410790045;13.0;32;45.1;8.0;360.0;360.8;1509_direct_carried;;;;723.3;130;360;;0;2;150A
533025;1787410790255;13.0;32;45.1;8.0;360.0;360.8;1509_direct_carried;;;;723.3;130;360;;0;2;150B
533234;1787410790464;13.0;32;45.1;8.0;360.0;360.8;1509_direct_carried;;;;723.3;130;360;;0;2;150D
534274;1787410791504;13.0;32;45.1;8.0;360.0;360.8;1509_direct_carried;;;;723.3;130;360;;0;2;1502
534694;1787410791924;19.8;32;45.1;8.0;360.0;360.8;1509_direct_carried;;;;723.3;198;360;;0;2;1505
534904;1787410792134;19.8;32;45.1;8.0;360.0;360.8;1509_direct_carried;;;;723.3;198;360;;0;2;1506
535324;1787410792554;19.8;32;45.1;8.0;360.0;360.8;1509_direct_carried;;;;723.3;198;360;;0;2;1508
535524;1787410792754;19.8;32;44.6;8.0;356.0;356.8;1509_direct;;;;723.3;198;356;;0;2;1509
535733;1787410792963;19.8;32;44.6;8.0;356.0;356.8;1509_direct_carried;;;;723.3;198;356;;0;2;150A
535944;1787410793174;19.8;32;44.6;8.0;356.0;356.8;1509_direct_carried;;;;723.3;198;356;;0;2;150B
536155;1787410793385;19.8;32;44.6;8.0;356.0;356.8;1509_direct_carried;;;;723.3;198;356;;0;2;150D
537195;1787410794425;19.8;32;44.6;8.0;356.0;356.8;1509_direct_carried;;;;723.3;198;356;;0;2;1502
537614;1787410794844;21.8;32;44.6;8.0;356.0;356.8;1509_direct_carried;;;;723.3;218;356;;0;2;1505
537823;1787410795053;21.8;32;44.6;8.0;356.0;356.8;1509_direct_carried;;;;723.4;218;356;;0;2;1506
538256;1787410795486;21.8;32;44.6;8.0;356.0;356.8;1509_direct_carried;;;;723.4;218;356;;0;2;1508
538454;1787410795684;21.8;32;45.1;5.0;270.0;225.5;1509_direct;;;;723.4;218;270;;0;2;1509
538655;1787410795885;21.8;32;45.1;5.0;270.0;225.5;1509_direct_carried;;;;723.4;218;270;;0;2;150A
538864;1787410796094;21.8;32;45.1;5.0;270.0;225.5;1509_direct_carried;;;;723.4;218;270;;0;2;150B
539075;1787410796305;21.8;32;45.1;5.0;270.0;225.5;1509_direct_carried;;;;723.4;218;270;;0;2;150D
540114;1787410797344;21.8;32;45.1;5.0;270.0;225.5;1509_direct_carried;;;;723.4;218;270;;0;2;1502
540532;1787410797762;21.8;32;45.1;5.0;270.0;225.5;1509_direct_carried;;;;723.4;218;270;;0;2;1505
540745;1787410797975;21.8;32;45.1;5.0;270.0;225.5;1509_direct_carried;;;;723.4;218;270;;0;2;1506
541163;1787410798393;21.8;32;45.1;5.0;270.0;225.5;1509_direct_carried;;;;723.4;218;270;;0;2;1508
541373;1787410798603;21.8;32;45.6;4.0;182.0;182.4;1509_direct;;;;723.4;218;182;;0;2;1509
541574;1787410798804;21.8;32;45.6;4.0;182.0;182.4;1509_direct_carried;;;;723.4;218;182;;0;2;150A
541784;1787410799014;21.8;32;45.6;4.0;182.0;182.4;1509_direct_carried;;;;723.4;218;182;;0;2;150B
541995;1787410799225;21.8;32;45.6;4.0;182.0;182.4;1509_direct_carried;;;;723.4;218;182;;0;2;150D
543045;1787410800275;21.8;32;45.6;4.0;182.0;182.4;1509_direct_carried;;;;723.4;218;182;;0;2;1502
543454;1787410800684;21.8;32;45.6;4.0;182.0;182.4;1509_direct_carried;;;;723.4;218;182;;0;2;1505
543664;1787410800894;21.8;32;45.6;4.0;182.0;182.4;1509_direct_carried;;;;723.4;218;182;;0;2;1506
544084;1787410801314;21.8;32;45.6;4.0;182.0;182.4;1509_direct_carried;;;;723.4;218;182;;0;2;1508
544293;1787410801523;21.8;32;44.7;6.0;268.0;268.20000000000005;1509_direct;;;;723.4;218;268;;0;2;1509
544504;1787410801734;21.8;32;44.7;6.0;268.0;268.20000000000005;1509_direct_carried;;;;723.4;218;268;;0;2;150A
544703;1787410801933;21.8;32;44.7;6.0;268.0;268.20000000000005;1509_direct_carried;;;;723.4;218;268;;0;2;150B
544914;1787410802144;21.8;32;44.7;6.0;268.0;268.20000000000005;1509_direct_carried;;;;723.4;218;268;;0;2;150D
545963;1787410803193;21.8;32;44.7;6.0;268.0;268.20000000000005;1509_direct_carried;;;;723.4;218;268;;0;2;1502
546375;1787410803605;21.8;32;44.7;6.0;268.0;268.20000000000005;1509_direct_carried;;;;723.4;218;268;;0;2;1505
546581;1787410803811;21.8;32;44.7;6.0;268.0;268.20000000000005;1509_direct_carried;;;;723.4;218;268;;0;2;1506
547006;1787410804236;21.8;32;44.7;6.0;268.0;268.20000000000005;1509_direct_carried;;;;723.4;218;268;;0;2;1508
547215;1787410804445;21.8;32;45.1;6.0;270.0;270.6;1509_direct;;;;723.4;218;270;;0;2;1509
547424;1787410804654;21.8;32;45.1;6.0;270.0;270.6;1509_direct_carried;;;;723.4;218;270;;0;2;150A
547635;1787410804865;21.8;32;45.1;6.0;270.0;270.6;1509_direct_carried;;;;723.4;218;270;;0;2;150B
547834;1787410805064;21.8;32;45.1;6.0;270.0;270.6;1509_direct_carried;;;;723.4;218;270;;0;2;150D
548884;1787410806114;21.8;32;45.1;6.0;270.0;270.6;1509_direct_carried;;;;723.4;218;270;;0;2;1502
549294;1787410806524;21.8;32;45.1;6.0;270.0;270.6;1509_direct_carried;;;;723.4;218;270;;0;2;1505
549504;1787410806734;21.8;32;45.1;6.0;270.0;270.6;1509_direct_carried;;;;723.4;218;270;;0;2;1506
549924;1787410807154;21.8;32;45.1;6.0;270.0;270.6;1509_direct_carried;;;;723.4;218;270;;0;2;1508
550134;1787410807364;21.8;32;45.1;7.0;358.0;315.7;1509_direct;;;;723.4;218;358;;0;2;1509
550345;1787410807575;21.8;32;45.1;7.0;358.0;315.7;1509_direct_carried;;;;723.4;218;358;;0;2;150A
550555;1787410807785;21.8;32;45.1;7.0;358.0;315.7;1509_direct_carried;;;;723.4;218;358;;0;2;150B
550754;1787410807984;21.8;32;45.1;7.0;358.0;315.7;1509_direct_carried;;;;723.4;218;358;;0;2;150D
551804;1787410809034;21.8;32;45.1;7.0;358.0;315.7;1509_direct_carried;;;;723.4;218;358;;0;2;1502
552215;1787410809445;21.8;32;45.1;7.0;358.0;315.7;1509_direct_carried;;;;723.4;218;358;;0;2;1505
552425;1787410809655;21.8;32;45.1;7.0;358.0;315.7;1509_direct_carried;;;;723.4;218;358;;0;2;1506
552845;1787410810075;21.8;32;45.1;7.0;358.0;315.7;1509_direct_carried;;;;723.4;218;358;;0;2;1508
553054;1787410810284;21.8;32;45.3;7.0;317.0;317.09999999999997;1509_direct;;;;723.4;218;317;;0;2;1509
553264;1787410810494;21.8;32;45.3;7.0;317.0;317.09999999999997;1509_direct_carried;;;;723.4;218;317;;0;2;150A
553474;1787410810704;21.8;32;45.3;7.0;317.0;317.09999999999997;1509_direct_carried;;;;723.4;218;317;;0;2;150B
553684;1787410810914;21.8;32;45.3;7.0;317.0;317.09999999999997;1509_direct_carried;;;;723.4;218;317;;0;2;150D
554724;1787410811954;21.8;32;45.3;7.0;317.0;317.09999999999997;1509_direct_carried;;;;723.4;218;317;;0;2;1502
555345;1787410812575;21.8;32;45.3;7.0;317.0;317.09999999999997;1509_direct_carried;;;;723.5;218;317;;0;2;1506
555765;1787410812995;21.8;32;45.3;7.0;317.0;317.09999999999997;1509_direct_carried;;;;723.5;218;317;;0;2;1508
555973;1787410813203;21.8;32;45.4;9.0;408.0;408.59999999999997;1509_direct;;;;723.5;218;408;;0;2;1509
556183;1787410813413;21.8;32;45.4;9.0;408.0;408.59999999999997;1509_direct_carried;;;;723.5;218;408;;0;2;150A
556394;1787410813624;21.8;32;45.4;9.0;408.0;408.59999999999997;1509_direct_carried;;;;723.5;218;408;;0;2;150B
556605;1787410813835;21.8;32;45.4;9.0;408.0;408.59999999999997;1509_direct_carried;;;;723.5;218;408;;0;2;150D
557644;1787410814874;21.8;32;45.4;9.0;408.0;408.59999999999997;1509_direct_carried;;;;723.5;218;408;;0;2;1502
558067;1787410815297;20.1;32;45.4;9.0;408.0;408.59999999999997;1509_direct_carried;;;;723.5;201;408;;0;2;1505
558265;1787410815495;20.1;32;45.4;9.0;408.0;408.59999999999997;1509_direct_carried;;;;723.5;201;408;;0;2;1506
558682;1787410815912;20.1;32;45.4;9.0;408.0;408.59999999999997;1509_direct_carried;;;;723.5;201;408;;0;2;1508
558897;1787410816127;20.1;32;44.7;9.0;402.0;402.3;1509_direct;;;;723.5;201;402;;0;2;1509
559104;1787410816334;20.1;32;44.7;9.0;402.0;402.3;1509_direct_carried;;;;723.5;201;402;;0;2;150A
559314;1787410816544;20.1;32;44.7;9.0;402.0;402.3;1509_direct_carried;;;;723.5;201;402;;0;2;150B
559525;1787410816755;20.1;32;44.7;9.0;402.0;402.3;1509_direct_carried;;;;723.5;201;402;;0;2;150D
560564;1787410817794;20.1;32;44.7;9.0;402.0;402.3;1509_direct_carried;;;;723.5;201;402;;0;2;1502
560984;1787410818214;21.8;32;44.7;9.0;402.0;402.3;1509_direct_carried;;;;723.5;218;402;;0;2;1505
561185;1787410818415;21.8;32;44.7;9.0;402.0;402.3;1509_direct_carried;;;;723.5;218;402;;0;2;1506
561605;1787410818835;21.8;32;44.7;9.0;402.0;402.3;1509_direct_carried;;;;723.5;218;402;;0;2;1508
561814;1787410819044;21.8;32;44.0;12.0;528.0;528.0;1509_direct;;;;723.5;218;528;;0;2;1509
562023;1787410819253;21.8;32;44.0;12.0;528.0;528.0;1509_direct_carried;;;;723.5;218;528;;0;2;150A
562235;1787410819465;21.8;32;44.0;12.0;528.0;528.0;1509_direct_carried;;;;723.5;218;528;;0;2;150B
562443;1787410819673;21.8;32;44.0;12.0;528.0;528.0;1509_direct_carried;;;;723.5;218;528;;0;2;150D
563484;1787410820714;21.8;32;44.0;12.0;528.0;528.0;1509_direct_carried;;;;723.5;218;528;;0;2;1502
563904;1787410821134;19.8;32;44.0;12.0;528.0;528.0;1509_direct_carried;;;;723.5;198;528;;0;2;1505
564103;1787410821333;19.8;32;44.0;12.0;528.0;528.0;1509_direct_carried;;;;723.5;198;528;;0;2;1506
564525;1787410821755;19.8;32;44.0;12.0;528.0;528.0;1509_direct_carried;;;;723.5;198;528;;0;2;1508
564733;1787410821963;19.8;32;43.7;14.0;611.0;611.8000000000001;1509_direct;;;;723.5;198;611;;0;2;1509
564947;1787410822177;19.8;32;43.7;14.0;611.0;611.8000000000001;1509_direct_carried;;;;723.5;198;611;;0;2;150A
565154;1787410822384;19.8;32;43.7;14.0;611.0;611.8000000000001;1509_direct_carried;;;;723.5;198;611;;0;2;150B
565365;1787410822595;19.8;32;43.7;14.0;611.0;611.8000000000001;1509_direct_carried;;;;723.5;198;611;;0;2;150D
566405;1787410823635;19.8;32;43.7;14.0;611.0;611.8000000000001;1509_direct_carried;;;;723.5;198;611;;0;2;1502
566824;1787410824054;21.2;32;43.7;14.0;611.0;611.8000000000001;1509_direct_carried;;;;723.5;212;611;;0;2;1505
567026;1787410824256;21.2;32;43.7;14.0;611.0;611.8000000000001;1509_direct_carried;;;;723.5;212;611;;0;2;1506
567445;1787410824675;21.2;32;43.7;14.0;611.0;611.8000000000001;1509_direct_carried;;;;723.5;212;611;;0;2;1508
567658;1787410824888;21.2;32;44.5;11.0;489.0;489.5;1509_direct;;;;723.5;212;489;;0;2;1509
567865;1787410825095;21.2;32;44.5;11.0;489.0;489.5;1509_direct_carried;;;;723.5;212;489;;0;2;150A
568076;1787410825306;21.2;32;44.5;11.0;489.0;489.5;1509_direct_carried;;;;723.5;212;489;;0;2;150B
568283;1787410825513;21.2;32;44.5;11.0;489.0;489.5;1509_direct_carried;;;;723.5;212;489;;0;2;150D
569335;1787410826565;21.2;32;44.5;11.0;489.0;489.5;1509_direct_carried;;;;723.5;212;489;;0;2;1502
569744;1787410826974;19.7;32;44.5;11.0;489.0;489.5;1509_direct_carried;;;;723.5;197;489;;0;2;1505
569954;1787410827184;19.7;32;44.5;11.0;489.0;489.5;1509_direct_carried;;;;723.6;197;489;;0;2;1506
570366;1787410827596;19.7;32;44.5;11.0;489.0;489.5;1509_direct_carried;;;;723.6;197;489;;0;2;1508
570574;1787410827804;19.7;32;43.5;16.0;613.0;696.0;1509_direct;;;;723.6;197;613;;0;2;1509
570784;1787410828014;19.7;32;43.5;16.0;613.0;696.0;1509_direct_carried;;;;723.6;197;613;;0;2;150A
570994;1787410828224;19.7;32;43.5;16.0;613.0;696.0;1509_direct_carried;;;;723.6;197;613;;0;2;150B
571204;1787410828434;19.7;32;43.5;16.0;613.0;696.0;1509_direct_carried;;;;723.6;197;613;;0;2;150D
572244;1787410829474;19.7;32;43.5;16.0;613.0;696.0;1509_direct_carried;;;;723.6;197;613;;0;2;1502
572665;1787410829895;20.8;32;43.5;16.0;613.0;696.0;1509_direct_carried;;;;723.6;208;613;;0;2;1505
572875;1787410830105;20.8;32;43.5;16.0;613.0;696.0;1509_direct_carried;;;;723.6;208;613;;0;2;1506
573286;1787410830516;20.8;32;43.5;16.0;613.0;696.0;1509_direct_carried;;;;723.6;208;613;;0;2;1508
573494;1787410830724;20.8;32;44.0;13.0;572.0;572.0;1509_direct;;;;723.6;208;572;;0;2;1509
573704;1787410830934;20.8;32;44.0;13.0;572.0;572.0;1509_direct_carried;;;;723.6;208;572;;0;2;150A
573915;1787410831145;20.8;32;44.0;13.0;572.0;572.0;1509_direct_carried;;;;723.6;208;572;;0;2;150B
574124;1787410831354;20.8;32;44.0;13.0;572.0;572.0;1509_direct_carried;;;;723.6;208;572;;0;2;150D
575167;1787410832397;20.8;32;44.0;13.0;572.0;572.0;1509_direct_carried;;;;723.6;208;572;;0;2;1502
575584;1787410832814;21.2;32;44.0;13.0;572.0;572.0;1509_direct_carried;;;;723.6;212;572;;0;2;1505
575796;1787410833026;21.2;32;44.0;13.0;572.0;572.0;1509_direct_carried;;;;723.6;212;572;;0;2;1506
576204;1787410833434;21.2;32;44.0;13.0;572.0;572.0;1509_direct_carried;;;;723.6;212;572;;0;2;1508
576414;1787410833644;21.2;32;43.8;16.0;700.0;700.8;1509_direct;;;;723.6;212;700;;0;2;1509
576625;1787410833855;21.2;32;43.8;16.0;700.0;700.8;1509_direct_carried;;;;723.6;212;700;;0;2;150A
576835;1787410834065;21.2;32;43.8;16.0;700.0;700.8;1509_direct_carried;;;;723.6;212;700;;0;2;150B
577044;1787410834274;21.2;32;43.8;16.0;700.0;700.8;1509_direct_carried;;;;723.6;212;700;;0;2;150D
578085;1787410835315;21.2;32;43.8;16.0;700.0;700.8;1509_direct_carried;;;;723.6;212;700;;0;2;1502
578504;1787410835734;20.3;32;43.8;16.0;700.0;700.8;1509_direct_carried;;;;723.6;203;700;;0;2;1505
578716;1787410835946;20.3;32;43.8;16.0;700.0;700.8;1509_direct_carried;;;;723.6;203;700;;0;2;1506
579124;1787410836354;20.3;32;43.8;16.0;700.0;700.8;1509_direct_carried;;;;723.6;203;700;;0;2;1508
579335;1787410836565;20.3;32;43.5;13.0;565.0;565.5;1509_direct;;;;723.6;203;565;;0;2;1509
579544;1787410836774;20.3;32;43.5;13.0;565.0;565.5;1509_direct_carried;;;;723.6;203;565;;0;2;150A
579754;1787410836984;20.3;32;43.5;13.0;565.0;565.5;1509_direct_carried;;;;723.6;203;565;;0;2;150B
579964;1787410837194;20.3;32;43.5;13.0;565.0;565.5;1509_direct_carried;;;;723.6;203;565;;0;2;150D
581004;1787410838234;20.3;32;43.5;13.0;565.0;565.5;1509_direct_carried;;;;723.6;203;565;;0;2;1502
581423;1787410838653;20.4;32;43.5;13.0;565.0;565.5;1509_direct_carried;;;;723.6;204;565;;0;2;1505
581635;1787410838865;20.4;32;43.5;13.0;565.0;565.5;1509_direct_carried;;;;723.6;204;565;;0;2;1506
582047;1787410839277;20.4;32;43.5;13.0;565.0;565.5;1509_direct_carried;;;;723.6;204;565;;0;2;1508
582255;1787410839485;20.4;32;43.3;17.0;736.0;736.0999999999999;1509_direct;;;;723.6;204;736;;0;2;1509
582465;1787410839695;20.4;32;43.3;17.0;736.0;736.0999999999999;1509_direct_carried;;;;723.6;204;736;;0;2;150A
582675;1787410839905;20.4;32;43.3;17.0;736.0;736.0999999999999;1509_direct_carried;;;;723.6;204;736;;0;2;150B
582888;1787410840118;20.4;32;43.3;17.0;736.0;736.0999999999999;1509_direct_carried;;;;723.6;204;736;;0;2;150D
583923;1787410841153;20.4;32;43.3;17.0;736.0;736.0999999999999;1509_direct_carried;;;;723.6;204;736;;0;2;1502
584345;1787410841575;21.8;32;43.3;17.0;736.0;736.0999999999999;1509_direct_carried;;;;723.6;218;736;;0;2;1505
584556;1787410841786;21.8;32;43.3;17.0;736.0;736.0999999999999;1509_direct_carried;;;;723.6;218;736;;0;2;1506
584964;1787410842194;21.8;32;43.3;17.0;736.0;736.0999999999999;1509_direct_carried;;;;723.6;218;736;;0;2;1508
585174;1787410842404;21.8;32;44.2;9.0;397.0;397.8;1509_direct;;;;723.6;218;397;;0;2;1509
585385;1787410842615;21.8;32;44.2;9.0;397.0;397.8;1509_direct_carried;;;;723.6;218;397;;0;2;150A
585594;1787410842824;21.8;32;44.2;9.0;397.0;397.8;1509_direct_carried;;;;723.6;218;397;;0;2;150B
585804;1787410843034;21.8;32;44.2;9.0;397.0;397.8;1509_direct_carried;;;;723.6;218;397;;0;2;150D
586847;1787410844077;21.8;32;44.2;9.0;397.0;397.8;1509_direct_carried;;;;723.6;218;397;;0;2;1502
587265;1787410844495;19.1;32;44.2;9.0;397.0;397.8;1509_direct_carried;;;;723.6;191;397;;0;2;1505
587475;1787410844705;19.1;32;44.2;9.0;397.0;397.8;1509_direct_carried;;;;723.7;191;397;;0;2;1506
587885;1787410845115;19.1;32;44.2;9.0;397.0;397.8;1509_direct_carried;;;;723.7;191;397;;0;2;1508
588095;1787410845325;19.1;32;43.2;16.0;691.0;691.2;1509_direct;;;;723.7;191;691;;0;2;1509
588305;1787410845535;19.1;32;43.2;16.0;691.0;691.2;1509_direct_carried;;;;723.7;191;691;;0;2;150A
588513;1787410845743;19.1;32;43.2;16.0;691.0;691.2;1509_direct_carried;;;;723.7;191;691;;0;2;150B
588723;1787410845953;19.1;32;43.2;16.0;691.0;691.2;1509_direct_carried;;;;723.7;191;691;;0;2;150D
589766;1787410846996;19.1;32;43.2;16.0;691.0;691.2;1509_direct_carried;;;;723.7;191;691;;0;2;1502
590186;1787410847416;18.8;32;43.2;16.0;691.0;691.2;1509_direct_carried;;;;723.7;188;691;;0;2;1505
590394;1787410847624;18.8;32;43.2;16.0;691.0;691.2;1509_direct_carried;;;;723.7;188;691;;0;2;1506
590806;1787410848036;18.8;32;43.2;16.0;691.0;691.2;1509_direct_carried;;;;723.7;188;691;;0;2;1508
591015;1787410848245;18.8;32;43.8;14.0;645.0;613.1999999999999;1509_direct;;;;723.7;188;645;;0;2;1509
591224;1787410848454;18.8;32;43.8;14.0;645.0;613.1999999999999;1509_direct_carried;;;;723.7;188;645;;0;2;150A
591435;1787410848665;18.8;32;43.8;14.0;645.0;613.1999999999999;1509_direct_carried;;;;723.7;188;645;;0;2;150B
591644;1787410848874;18.8;32;43.8;14.0;645.0;613.1999999999999;1509_direct_carried;;;;723.7;188;645;;0;2;150D
592685;1787410849915;18.8;32;43.8;14.0;645.0;613.1999999999999;1509_direct_carried;;;;723.7;188;645;;0;2;1502
593315;1787410850545;18.8;32;43.8;14.0;645.0;613.1999999999999;1509_direct_carried;;;;723.7;188;645;;0;2;1506
593735;1787410850965;18.8;32;43.8;14.0;645.0;613.1999999999999;1509_direct_carried;;;;723.7;188;645;;0;2;1508
593935;1787410851165;18.8;32;43.8;10.0;438.0;438.0;1509_direct;;;;723.7;188;438;;0;2;1509
594146;1787410851376;18.8;32;43.8;10.0;438.0;438.0;1509_direct_carried;;;;723.7;188;438;;0;2;150A
594357;1787410851587;18.8;32;43.8;10.0;438.0;438.0;1509_direct_carried;;;;723.7;188;438;;0;2;150B
594565;1787410851795;18.8;32;43.8;10.0;438.0;438.0;1509_direct_carried;;;;723.7;188;438;;0;2;150D
595605;1787410852835;18.8;32;43.8;10.0;438.0;438.0;1509_direct_carried;;;;723.7;188;438;;0;2;1502
596023;1787410853253;16.8;32;43.8;10.0;438.0;438.0;1509_direct_carried;;;;723.7;168;438;;0;2;1505
596235;1787410853465;16.8;32;43.8;10.0;438.0;438.0;1509_direct_carried;;;;723.7;168;438;;0;2;1506
596654;1787410853884;16.8;32;43.8;10.0;438.0;438.0;1509_direct_carried;;;;723.7;168;438;;0;2;1508
596855;1787410854085;16.8;32;43.3;17.0;736.0;736.0999999999999;1509_direct;;;;723.7;168;736;;0;2;1509
597064;1787410854294;16.8;32;43.3;17.0;736.0;736.0999999999999;1509_direct_carried;;;;723.7;168;736;;0;2;150A
597276;1787410854506;16.8;32;43.3;17.0;736.0;736.0999999999999;1509_direct_carried;;;;723.7;168;736;;0;2;150B
597486;1787410854716;16.8;32;43.3;17.0;736.0;736.0999999999999;1509_direct_carried;;;;723.7;168;736;;0;2;150D
598525;1787410855755;16.8;32;43.3;17.0;736.0;736.0999999999999;1509_direct_carried;;;;723.7;168;736;;0;2;1502
598945;1787410856175;16.9;32;43.3;17.0;736.0;736.0999999999999;1509_direct_carried;;;;723.7;169;736;;0;2;1505
599155;1787410856385;16.9;32;43.3;17.0;736.0;736.0999999999999;1509_direct_carried;;;;723.7;169;736;;0;2;1506
599574;1787410856804;16.9;32;43.3;17.0;736.0;736.0999999999999;1509_direct_carried;;;;723.7;169;736;;0;2;1508
599774;1787410857004;16.9;32;43.5;16.0;651.0;696.0;1509_direct;;;;723.7;169;651;;0;2;1509
599984;1787410857214;16.9;32;43.5;16.0;651.0;696.0;1509_direct_carried;;;;723.7;169;651;;0;2;150A
600195;1787410857425;16.9;32;43.5;16.0;651.0;696.0;1509_direct_carried;;;;723.7;169;651;;0;2;150B
600404;1787410857634;16.9;32;43.5;16.0;651.0;696.0;1509_direct_carried;;;;723.7;169;651;;0;2;150D
601445;1787410858675;16.9;32;43.5;16.0;651.0;696.0;1509_direct_carried;;;;723.7;169;651;;0;2;1502
601866;1787410859096;15.6;32;43.5;16.0;651.0;696.0;1509_direct_carried;;;;723.7;156;651;;0;2;1505
602074;1787410859304;15.6;32;43.5;16.0;651.0;696.0;1509_direct_carried;;;;723.7;156;651;;0;2;1506
602494;1787410859724;15.6;32;43.5;16.0;651.0;696.0;1509_direct_carried;;;;723.7;156;651;;0;2;1508
602704;1787410859934;15.6;32;43.7;14.0;611.0;611.8000000000001;1509_direct;;;;723.7;156;611;;0;2;1509
602904;1787410860134;15.6;32;43.7;14.0;611.0;611.8000000000001;1509_direct_carried;;;;723.7;156;611;;0;2;150A
603115;1787410860345;15.6;32;43.7;14.0;611.0;611.8000000000001;1509_direct_carried;;;;723.7;156;611;;0;2;150B
603325;1787410860555;15.6;32;43.7;14.0;611.0;611.8000000000001;1509_direct_carried;;;;723.7;156;611;;0;2;150D
604365;1787410861595;15.6;32;43.7;14.0;611.0;611.8000000000001;1509_direct_carried;;;;723.7;156;611;;0;2;1502
604786;1787410862016;17.0;32;43.7;14.0;611.0;611.8000000000001;1509_direct_carried;;;;723.7;170;611;;0;2;1505
604994;1787410862224;17.0;32;43.7;14.0;611.0;611.8000000000001;1509_direct_carried;;;;723.7;170;611;;0;2;1506
605415;1787410862645;17.0;32;43.7;14.0;611.0;611.8000000000001;1509_direct_carried;;;;723.7;170;611;;0;2;1508
605622;1787410862852;17.0;32;42.9;17.0;729.0;729.3;1509_direct;;;;723.7;170;729;;0;2;1509
605826;1787410863056;17.0;32;42.9;17.0;729.0;729.3;1509_direct_carried;;;;723.7;170;729;;0;2;150A
606035;1787410863265;17.0;32;42.9;17.0;729.0;729.3;1509_direct_carried;;;;723.7;170;729;;0;2;150B
606246;1787410863476;17.0;32;42.9;17.0;729.0;729.3;1509_direct_carried;;;;723.7;170;729;;0;2;150D
607295;1787410864525;17.0;32;42.9;17.0;729.0;729.3;1509_direct_carried;;;;723.7;170;729;;0;2;1502
607706;1787410864936;15.0;32;42.9;17.0;729.0;729.3;1509_direct_carried;;;;723.7;150;729;;0;2;1505
607914;1787410865144;15.0;32;42.9;17.0;729.0;729.3;1509_direct_carried;;;;723.8;150;729;;0;2;1506
608337;1787410865567;15.0;32;42.9;17.0;729.0;729.3;1509_direct_carried;;;;723.8;150;729;;0;2;1508
608548;1787410865778;15.0;32;43.5;16.0;696.0;696.0;1509_direct;;;;723.8;150;696;;0;2;1509
608755;1787410865985;15.0;32;43.5;16.0;696.0;696.0;1509_direct_carried;;;;723.8;150;696;;0;2;150A
608965;1787410866195;15.0;32;43.5;16.0;696.0;696.0;1509_direct_carried;;;;723.8;150;696;;0;2;150B
609165;1787410866395;15.0;32;43.5;16.0;696.0;696.0;1509_direct_carried;;;;723.8;150;696;;0;2;150D
610215;1787410867445;15.0;32;43.5;16.0;696.0;696.0;1509_direct_carried;;;;723.8;150;696;;0;2;1502
610625;1787410867855;18.2;32;43.5;16.0;696.0;696.0;1509_direct_carried;;;;723.8;182;696;;0;2;1505
610836;1787410868066;18.2;32;43.5;16.0;696.0;696.0;1509_direct_carried;;;;723.8;182;696;;0;2;1506
611256;1787410868486;18.2;32;43.5;16.0;696.0;696.0;1509_direct_carried;;;;723.8;182;696;;0;2;1508
611464;1787410868694;18.2;32;43.5;15.0;609.0;652.5;1509_direct;;;;723.8;182;609;;0;2;1509
611675;1787410868905;18.2;32;43.5;15.0;609.0;652.5;1509_direct_carried;;;;723.8;182;609;;0;2;150A
611889;1787410869119;18.2;32;43.5;15.0;609.0;652.5;1509_direct_carried;;;;723.8;182;609;;0;2;150B
612085;1787410869315;18.2;32;43.5;15.0;609.0;652.5;1509_direct_carried;;;;723.8;182;609;;0;2;150D
613135;1787410870365;18.2;32;43.5;15.0;609.0;652.5;1509_direct_carried;;;;723.8;182;609;;0;2;1502
613546;1787410870776;16.6;32;43.5;15.0;609.0;652.5;1509_direct_carried;;;;723.8;166;609;;0;2;1505
613756;1787410870986;16.6;32;43.5;15.0;609.0;652.5;1509_direct_carried;;;;723.8;166;609;;0;2;1506
614177;1787410871407;16.6;32;43.5;15.0;609.0;652.5;1509_direct_carried;;;;723.8;166;609;;0;2;1508
614386;1787410871616;16.6;32;43.2;18.0;777.0;777.6;1509_direct;;;;723.8;166;777;;0;2;1509
614597;1787410871827;16.6;32;43.2;18.0;777.0;777.6;1509_direct_carried;;;;723.8;166;777;;0;2;150A
614805;1787410872035;16.6;32;43.2;18.0;777.0;777.6;1509_direct_carried;;;;723.8;166;777;;0;2;150B
615016;1787410872246;16.6;32;43.2;18.0;777.0;777.6;1509_direct_carried;;;;723.8;166;777;;0;2;150D
616056;1787410873286;16.6;32;43.2;18.0;777.0;777.6;1509_direct_carried;;;;723.8;166;777;;0;2;1502
616475;1787410873705;16.8;32;43.2;18.0;777.0;777.6;1509_direct_carried;;;;723.8;168;777;;0;2;1505
616675;1787410873905;16.8;32;43.2;18.0;777.0;777.6;1509_direct_carried;;;;723.8;168;777;;0;2;1506
617096;1787410874326;16.8;32;43.2;18.0;777.0;777.6;1509_direct_carried;;;;723.8;168;777;;0;2;1508
617307;1787410874537;16.8;32;43.8;13.0;569.0;569.4;1509_direct;;;;723.8;168;569;;0;2;1509
617515;1787410874745;16.8;32;43.8;13.0;569.0;569.4;1509_direct_carried;;;;723.8;168;569;;0;2;150A
617724;1787410874954;16.8;32;43.8;13.0;569.0;569.4;1509_direct_carried;;;;723.8;168;569;;0;2;150B
617934;1787410875164;16.8;32;43.8;13.0;569.0;569.4;1509_direct_carried;;;;723.8;168;569;;0;2;150D
618976;1787410876206;16.8;32;43.8;13.0;569.0;569.4;1509_direct_carried;;;;723.8;168;569;;0;2;1502
619395;1787410876625;18.9;32;43.8;13.0;569.0;569.4;1509_direct_carried;;;;723.8;189;569;;0;2;1505
619595;1787410876825;18.9;32;43.8;13.0;569.0;569.4;1509_direct_carried;;;;723.8;189;569;;0;2;1506
620015;1787410877245;18.9;32;43.8;13.0;569.0;569.4;1509_direct_carried;;;;723.8;189;569;;0;2;1508
620227;1787410877457;18.9;32;44.3;13.0;734.0;575.9;1509_direct;;;;723.8;189;734;;0;2;1509
620435;1787410877665;18.9;32;44.3;13.0;734.0;575.9;1509_direct_carried;;;;723.8;189;734;;0;2;150A
620645;1787410877875;18.9;32;44.3;13.0;734.0;575.9;1509_direct_carried;;;;723.8;189;734;;0;2;150B
620855;1787410878085;18.9;32;44.3;13.0;734.0;575.9;1509_direct_carried;;;;723.8;189;734;;0;2;150D
621895;1787410879125;18.9;32;44.3;13.0;734.0;575.9;1509_direct_carried;;;;723.8;189;734;;0;2;1502
622315;1787410879545;19.5;32;44.3;13.0;734.0;575.9;1509_direct_carried;;;;723.8;195;734;;0;2;1505
622526;1787410879756;19.5;32;44.3;13.0;734.0;575.9;1509_direct_carried;;;;723.8;195;734;;0;2;1506
622935;1787410880165;19.5;32;44.3;13.0;734.0;575.9;1509_direct_carried;;;;723.8;195;734;;0;2;1508
623144;1787410880374;19.5;32;44.1;8.0;352.0;352.8;1509_direct;;;;723.8;195;352;;0;2;1509
623355;1787410880585;19.5;32;44.1;8.0;352.0;352.8;1509_direct_carried;;;;723.8;195;352;;0;2;150A
623566;1787410880796;19.5;32;44.1;8.0;352.0;352.8;1509_direct_carried;;;;723.8;195;352;;0;2;150B
623773;1787410881003;19.5;32;44.1;8.0;352.0;352.8;1509_direct_carried;;;;723.8;195;352;;0;2;150D
624815;1787410882045;19.5;32;44.1;8.0;352.0;352.8;1509_direct_carried;;;;723.8;195;352;;0;2;1502
625236;1787410882466;16.4;32;44.1;8.0;352.0;352.8;1509_direct_carried;;;;723.8;164;352;;0;2;1505
625448;1787410882678;16.4;32;44.1;8.0;352.0;352.8;1509_direct_carried;;;;723.8;164;352;;0;2;1506
625855;1787410883085;16.4;32;44.1;8.0;352.0;352.8;1509_direct_carried;;;;723.8;164;352;;0;2;1508
626066;1787410883296;16.4;32;45.3;1.0;45.0;45.3;1509_direct;;;;723.8;164;45;;0;2;1509
626285;1787410883515;16.4;32;45.3;1.0;45.0;45.3;1509_direct_carried;;;;723.8;164;45;;0;2;150A
626485;1787410883715;16.4;32;45.3;1.0;45.0;45.3;1509_direct_carried;;;;723.8;164;45;;0;2;150B
626695;1787410883925;16.4;32;45.3;1.0;45.0;45.3;1509_direct_carried;;;;723.8;164;45;;0;2;150D
627736;1787410884966;16.4;32;45.3;1.0;45.0;45.3;1509_direct_carried;;;;723.8;164;45;;0;2;1502
628366;1787410885596;16.4;32;45.3;1.0;45.0;45.3;1509_direct_carried;;;;723.9;164;45;;0;2;1506
628776;1787410886006;16.4;32;45.3;1.0;45.0;45.3;1509_direct_carried;;;;723.9;164;45;;0;2;1508
628986;1787410886216;16.4;27;44.2;8.0;353.0;353.6;1509_direct;;;;723.9;164;353;;0;2;1509
629196;1787410886426;16.4;27;44.2;8.0;353.0;353.6;1509_direct_carried;;;;723.9;164;353;;0;2;150A
629406;1787410886636;16.4;27;44.2;8.0;353.0;353.6;1509_direct_carried;;;;723.9;164;353;;0;2;150B
629614;1787410886844;16.4;27;44.2;8.0;353.0;353.6;1509_direct_carried;;;;723.9;164;353;;0;2;150D
630655;1787410887885;16.4;27;44.2;8.0;353.0;353.6;1509_direct_carried;;;;723.9;164;353;;0;2;1502
631075;1787410888305;14.7;27;44.2;8.0;353.0;353.6;1509_direct_carried;;;;723.9;147;353;;0;2;1505
631285;1787410888515;14.7;27;44.2;8.0;353.0;353.6;1509_direct_carried;;;;723.9;147;353;;0;2;1506
631706;1787410888936;14.7;27;44.2;8.0;353.0;353.6;1509_direct_carried;;;;723.9;147;353;;0;2;1508
631906;1787410889136;14.7;27;45.0;5.0;398.0;225.0;1509_direct;;;;723.9;147;398;;0;2;1509
632116;1787410889346;14.7;27;45.0;5.0;398.0;225.0;1509_direct_carried;;;;723.9;147;398;;0;2;150A
632325;1787410889555;14.7;27;45.0;5.0;398.0;225.0;1509_direct_carried;;;;723.9;147;398;;0;2;150B
632535;1787410889765;14.7;27;45.0;5.0;398.0;225.0;1509_direct_carried;;;;723.9;147;398;;0;2;150D
633576;1787410890806;14.7;27;45.0;5.0;398.0;225.0;1509_direct_carried;;;;723.9;147;398;;0;2;1502
633996;1787410891226;13.4;27;45.0;5.0;398.0;225.0;1509_direct_carried;;;;723.9;134;398;;0;2;1505
634204;1787410891434;13.4;27;45.0;5.0;398.0;225.0;1509_direct_carried;;;;723.9;134;398;;0;2;1506
634626;1787410891856;13.4;27;45.0;5.0;398.0;225.0;1509_direct_carried;;;;723.9;134;398;;0;2;1508
634825;1787410892055;13.4;27;44.1;9.0;396.0;396.90000000000003;1509_direct;;;;723.9;134;396;;0;2;1509
635036;1787410892266;13.4;27;44.1;9.0;396.0;396.90000000000003;1509_direct_carried;;;;723.9;134;396;;0;2;150A
635245;1787410892475;13.4;27;44.1;9.0;396.0;396.90000000000003;1509_direct_carried;;;;723.9;134;396;;0;2;150B
635456;1787410892686;13.4;27;44.1;9.0;396.0;396.90000000000003;1509_direct_carried;;;;723.9;134;396;;0;2;150D
636499;1787410893729;13.4;27;44.1;9.0;396.0;396.90000000000003;1509_direct_carried;;;;723.9;134;396;;0;2;1502
636915;1787410894145;11.1;27;44.1;9.0;396.0;396.90000000000003;1509_direct_carried;;;;723.9;111;396;;0;2;1505
637125;1787410894355;11.1;27;44.1;9.0;396.0;396.90000000000003;1509_direct_carried;;;;723.9;111;396;;0;2;1506
637547;1787410894777;11.1;27;44.1;9.0;396.0;396.90000000000003;1509_direct_carried;;;;723.9;111;396;;0;2;1508
637756;1787410894986;11.1;27;45.0;4.0;180.0;180.0;1509_direct;;;;723.9;111;180;;0;2;1509
637955;1787410895185;11.1;27;45.0;4.0;180.0;180.0;1509_direct_carried;;;;723.9;111;180;;0;2;150A
638164;1787410895394;11.1;27;45.0;4.0;180.0;180.0;1509_direct_carried;;;;723.9;111;180;;0;2;150B
638376;1787410895606;11.1;27;45.0;4.0;180.0;180.0;1509_direct_carried;;;;723.9;111;180;;0;2;150D
639412;1787410896642;11.1;27;45.0;4.0;180.0;180.0;1509_direct_carried;;;;723.9;111;180;;0;2;1502
639836;1787410897066;11.5;27;45.0;4.0;180.0;180.0;1509_direct_carried;;;;723.9;115;180;;0;2;1505
640045;1787410897275;11.5;27;45.0;4.0;180.0;180.0;1509_direct_carried;;;;723.9;115;180;;0;2;1506
640466;1787410897696;11.5;27;45.0;4.0;180.0;180.0;1509_direct_carried;;;;723.9;115;180;;0;2;1508
640675;1787410897905;11.5;23;44.5;2.0;0.0;89.0;1509_direct;;;;723.9;115;0;;0;2;1509
640875;1787410898105;11.5;23;44.5;2.0;0.0;89.0;1509_direct_carried;;;;723.9;115;0;;0;2;150A
641085;1787410898315;11.5;23;44.5;2.0;0.0;89.0;1509_direct_carried;;;;723.9;115;0;;0;2;150B
641295;1787410898525;11.5;23;44.5;2.0;0.0;89.0;1509_direct_carried;;;;723.9;115;0;;0;2;150D
642346;1787410899576;11.5;23;44.5;2.0;0.0;89.0;1509_direct_carried;;;;723.9;115;0;;0;2;1502
642755;1787410899985;4.7;23;44.5;2.0;0.0;89.0;1509_direct_carried;;;;723.9;47;0;;0;2;1505
642967;1787410900197;4.7;23;44.5;2.0;0.0;89.0;1509_direct_carried;;;;723.9;47;0;;0;2;1506
643386;1787410900616;4.7;23;44.5;2.0;0.0;89.0;1509_direct_carried;;;;723.9;47;0;;0;2;1508
643595;1787410900825;4.7;21;45.5;0.0;0.0;0.0;1509_direct;;;;723.9;47;0;;0;2;1509
643805;1787410901035;4.7;21;45.5;0.0;0.0;0.0;1509_direct_carried;;;;723.9;47;0;;0;2;150A
644015;1787410901245;4.7;21;45.5;0.0;0.0;0.0;1509_direct_carried;;;;723.9;47;0;;0;2;150B
644215;1787410901445;4.7;21;45.5;0.0;0.0;0.0;1509_direct_carried;;;;723.9;47;0;;0;2;150D
645266;1787410902496;4.7;21;45.5;0.0;0.0;0.0;1509_direct_carried;;;;723.9;47;0;;0;2;1502
645675;1787410902905;0.0;21;45.5;0.0;0.0;0.0;1509_direct_carried;;;;723.9;0;0;;0;2;1505
645886;1787410903116;0.0;21;45.5;0.0;0.0;0.0;1509_direct_carried;;;;723.9;0;0;;0;2;1506
646305;1787410903535;0.0;21;45.5;0.0;0.0;0.0;1509_direct_carried;;;;723.9;0;0;;0;2;1508
646515;1787410903745;0.0;26;45.6;0.0;0.0;0.0;1509_direct;;;;723.9;0;0;;0;2;1509
646726;1787410903956;0.0;26;45.6;0.0;0.0;0.0;1509_direct_carried;;;;723.9;0;0;;0;2;150A
646935;1787410904165;0.0;26;45.6;0.0;0.0;0.0;1509_direct_carried;;;;723.9;0;0;;0;2;150B
647135;1787410904365;0.0;26;45.6;0.0;0.0;0.0;1509_direct_carried;;;;723.9;0;0;;0;2;150D
648186;1787410905416;0.0;26;45.6;0.0;0.0;0.0;1509_direct_carried;;;;723.9;0;0;;0;2;1502
648592;1787410905822;0.0;26;45.6;0.0;0.0;0.0;1509_direct_carried;;;;723.9;0;0;;0;2;1505
648805;1787410906035;0.0;26;45.6;0.0;0.0;0.0;1509_direct_carried;;;;723.9;0;0;;0;2;1506
649222;1787410906452;0.0;26;45.6;0.0;0.0;0.0;1509_direct_carried;;;;723.9;0;0;;0;2;1508
649433;1787410906663;0.0;27;45.6;0.0;0.0;0.0;1509_direct;;;;723.9;0;0;;0;2;1509
649645;1787410906875;0.0;27;45.6;0.0;0.0;0.0;1509_direct_carried;;;;723.9;0;0;;0;2;150A
649852;1787410907082;0.0;27;45.6;0.0;0.0;0.0;1509_direct_carried;;;;723.9;0;0;;0;2;150B
650062;1787410907292;0.0;27;45.6;0.0;0.0;0.0;1509_direct_carried;;;;723.9;0;0;;0;2;150D
651104;1787410908334;0.0;27;45.6;0.0;0.0;0.0;1509_direct_carried;;;;723.9;0;0;;0;2;1502
651526;1787410908756;0.0;27;45.6;0.0;0.0;0.0;1509_direct_carried;;;;723.9;0;0;;0;2;1505
651725;1787410908955;0.0;27;45.6;0.0;0.0;0.0;1509_direct_carried;;;;723.9;0;0;;0;2;1506
652145;1787410909375;0.0;27;45.6;0.0;0.0;0.0;1509_direct_carried;;;;723.9;0;0;;0;2;1508
652356;1787410909586;0.0;27;45.6;0.0;0.0;0.0;1509_direct;;;;723.9;0;0;;0;2;1509
652565;1787410909795;0.0;27;45.6;0.0;0.0;0.0;1509_direct_carried;;;;723.9;0;0;;0;2;150A
652776;1787410910006;0.0;27;45.6;0.0;0.0;0.0;1509_direct_carried;;;;723.9;0;0;;0;2;150B
652986;1787410910216;0.0;27;45.6;0.0;0.0;0.0;1509_direct_carried;;;;723.9;0;0;;0;2;150D
654025;1787410911255;0.0;27;45.6;0.0;0.0;0.0;1509_direct_carried;;;;723.9;0;0;;0;2;1502
654446;1787410911676;1.5;27;45.6;0.0;0.0;0.0;1509_direct_carried;;;;723.9;15;0;;0;2;1505
654645;1787410911875;1.5;27;45.6;0.0;0.0;0.0;1509_direct_carried;;;;723.9;15;0;;0;2;1506
655068;1787410912298;1.5;27;45.6;0.0;0.0;0.0;1509_direct_carried;;;;723.9;15;0;;0;2;1508
655275;1787410912505;1.5;27;45.6;0.0;0.0;0.0;1509_direct;;;;723.9;15;0;;0;2;1509
655485;1787410912715;1.5;27;45.6;0.0;0.0;0.0;1509_direct_carried;;;;723.9;15;0;;0;2;150A
655696;1787410912926;1.5;27;45.6;0.0;0.0;0.0;1509_direct_carried;;;;723.9;15;0;;0;2;150B
655908;1787410913138;1.5;27;45.6;0.0;0.0;0.0;1509_direct_carried;;;;723.9;15;0;;0;2;150D
656946;1787410914176;1.5;27;45.6;0.0;0.0;0.0;1509_direct_carried;;;;723.9;15;0;;0;2;1502
657366;1787410914596;0.0;27;45.6;0.0;0.0;0.0;1509_direct_carried;;;;723.9;0;0;;0;2;1505
657576;1787410914806;0.0;27;45.6;0.0;0.0;0.0;1509_direct_carried;;;;723.9;0;0;;0;2;1506
657985;1787410915215;0.0;27;45.6;0.0;0.0;0.0;1509_direct_carried;;;;723.9;0;0;;0;2;1508
658196;1787410915426;0.0;27;45.7;0.0;0.0;0.0;1509_direct;;;;723.9;0;0;;0;2;1509
658406;1787410915636;0.0;27;45.7;0.0;0.0;0.0;1509_direct_carried;;;;723.9;0;0;;0;2;150A
658616;1787410915846;0.0;27;45.7;0.0;0.0;0.0;1509_direct_carried;;;;723.9;0;0;;0;2;150B
658826;1787410916056;0.0;27;45.7;0.0;0.0;0.0;1509_direct_carried;;;;723.9;0;0;;0;2;150D
659866;1787410917096;0.0;27;45.7;0.0;0.0;0.0;1509_direct_carried;;;;723.9;0;0;;0;2;1502
660286;1787410917516;0.0;27;45.7;0.0;0.0;0.0;1509_direct_carried;;;;723.9;0;0;;0;2;1505
660495;1787410917725;0.0;27;45.7;0.0;0.0;0.0;1509_direct_carried;;;;723.9;0;0;;0;2;1506
660905;1787410918135;0.0;27;45.7;0.0;0.0;0.0;1509_direct_carried;;;;723.9;0;0;;0;2;1508
661115;1787410918345;0.0;27;45.7;0.0;0.0;0.0;1509_direct;;;;723.9;0;0;;0;2;1509
661325;1787410918555;0.0;27;45.7;0.0;0.0;0.0;1509_direct_carried;;;;723.9;0;0;;0;2;150A
661536;1787410918766;0.0;27;45.7;0.0;0.0;0.0;1509_direct_carried;;;;723.9;0;0;;0;2;150B
661746;1787410918976;0.0;27;45.7;0.0;0.0;0.0;1509_direct_carried;;;;723.9;0;0;;0;2;150D
662786;1787410920016;0.0;27;45.7;0.0;0.0;0.0;1509_direct_carried;;;;723.9;0;0;;0;2;1502
663205;1787410920435;0.8;27;45.7;0.0;0.0;0.0;1509_direct_carried;;;;723.9;8;0;;0;2;1505
663416;1787410920646;0.8;27;45.7;0.0;0.0;0.0;1509_direct_carried;;;;723.9;8;0;;0;2;1506
663826;1787410921056;0.8;27;45.7;0.0;0.0;0.0;1509_direct_carried;;;;723.9;8;0;;0;2;1508
664035;1787410921265;0.8;27;45.8;0.0;0.0;0.0;1509_direct;;;;723.9;8;0;;0;2;1509
664246;1787410921476;0.8;27;45.8;0.0;0.0;0.0;1509_direct_carried;;;;723.9;8;0;;0;2;150A
664455;1787410921685;0.8;27;45.8;0.0;0.0;0.0;1509_direct_carried;;;;723.9;8;0;;0;2;150B
664665;1787410921895;0.8;27;45.8;0.0;0.0;0.0;1509_direct_carried;;;;723.9;8;0;;0;2;150D
665706;1787410922936;0.8;27;45.8;0.0;0.0;0.0;1509_direct_carried;;;;723.9;8;0;;0;2;1502
666127;1787410923357;2.4;27;45.8;0.0;0.0;0.0;1509_direct_carried;;;;723.9;24;0;;0;2;1505
666335;1787410923565;2.4;27;45.8;0.0;0.0;0.0;1509_direct_carried;;;;723.9;24;0;;0;2;1506
666756;1787410923986;2.4;27;45.8;0.0;0.0;0.0;1509_direct_carried;;;;723.9;24;0;;0;2;1508
666955;1787410924185;2.4;27;45.8;0.0;0.0;0.0;1509_direct;;;;723.9;24;0;;0;2;1509
667165;1787410924395;2.4;27;45.8;0.0;0.0;0.0;1509_direct_carried;;;;723.9;24;0;;0;2;150A
667374;1787410924604;2.4;27;45.8;0.0;0.0;0.0;1509_direct_carried;;;;723.9;24;0;;0;2;150B
667585;1787410924815;2.4;27;45.8;0.0;0.0;0.0;1509_direct_carried;;;;723.9;24;0;;0;2;150D
668626;1787410925856;2.4;27;45.8;0.0;0.0;0.0;1509_direct_carried;;;;723.9;24;0;;0;2;1502
669045;1787410926275;0.0;27;45.8;0.0;0.0;0.0;1509_direct_carried;;;;723.9;0;0;;0;2;1505
669256;1787410926486;0.0;27;45.8;0.0;0.0;0.0;1509_direct_carried;;;;723.9;0;0;;0;2;1506
669673;1787410926903;0.0;27;45.8;0.0;0.0;0.0;1509_direct_carried;;;;723.9;0;0;;0;2;1508
669875;1787410927105;0.0;27;45.8;0.0;0.0;0.0;1509_direct;;;;723.9;0;0;;0;2;1509
670082;1787410927312;0.0;27;45.8;0.0;0.0;0.0;1509_direct_carried;;;;723.9;0;0;;0;2;150A
670295;1787410927525;0.0;27;45.8;0.0;0.0;0.0;1509_direct_carried;;;;723.9;0;0;;0;2;150B
670505;1787410927735;0.0;27;45.8;0.0;0.0;0.0;1509_direct_carried;;;;723.9;0;0;;0;2;150D
671545;1787410928775;0.0;27;45.8;0.0;0.0;0.0;1509_direct_carried;;;;723.9;0;0;;0;2;1502
671965;1787410929195;0.0;27;45.8;0.0;0.0;0.0;1509_direct_carried;;;;723.9;0;0;;0;2;1505
672181;1787410929411;0.0;27;45.8;0.0;0.0;0.0;1509_direct_carried;;;;723.9;0;0;;0;2;1506
672595;1787410929825;0.0;27;45.8;0.0;0.0;0.0;1509_direct_carried;;;;723.9;0;0;;0;2;1508
672807;1787410930037;0.0;27;45.8;0.0;0.0;0.0;1509_direct;;;;723.9;0;0;;0;2;1509
673005;1787410930235;0.0;27;45.8;0.0;0.0;0.0;1509_direct_carried;;;;723.9;0;0;;0;2;150A
673213;1787410930443;0.0;27;45.8;0.0;0.0;0.0;1509_direct_carried;;;;723.9;0;0;;0;2;150B
673426;1787410930656;0.0;27;45.8;0.0;0.0;0.0;1509_direct_carried;;;;723.9;0;0;;0;2;150D
674467;1787410931697;0.0;27;45.8;0.0;0.0;0.0;1509_direct_carried;;;;723.9;0;0;;0;2;1502
674888;1787410932118;0.0;27;45.8;0.0;0.0;0.0;1509_direct_carried;;;;723.9;0;0;;0;2;1505
675095;1787410932325;0.0;27;45.8;0.0;0.0;0.0;1509_direct_carried;;;;723.9;0;0;;0;2;1506
675517;1787410932747;0.0;27;45.8;0.0;0.0;0.0;1509_direct_carried;;;;723.9;0;0;;0;2;1508
675724;1787410932954;0.0;31;45.8;0.0;0.0;0.0;1509_direct;;;;723.9;0;0;;0;2;1509
675937;1787410933167;0.0;31;45.8;0.0;0.0;0.0;1509_direct_carried;;;;723.9;0;0;;0;2;150A
676135;1787410933365;0.0;31;45.8;0.0;0.0;0.0;1509_direct_carried;;;;723.9;0;0;;0;2;150B
676346;1787410933576;0.0;31;45.8;0.0;0.0;0.0;1509_direct_carried;;;;723.9;0;0;;0;2;150D
677397;1787410934627;0.0;31;45.8;0.0;0.0;0.0;1509_direct_carried;;;;723.9;0;0;;0;2;1502
677805;1787410935035;0.0;31;45.8;0.0;0.0;0.0;1509_direct_carried;;;;723.9;0;0;;0;2;1505
678015;1787410935245;0.0;31;45.8;0.0;0.0;0.0;1509_direct_carried;;;;723.9;0;0;;0;2;1506
678436;1787410935666;0.0;31;45.8;0.0;0.0;0.0;1509_direct_carried;;;;723.9;0;0;;0;2;1508
678646;1787410935876;0.0;31;45.8;0.0;0.0;0.0;1509_direct;;;;723.9;0;0;;0;2;1509
678856;1787410936086;0.0;31;45.8;0.0;0.0;0.0;1509_direct_carried;;;;723.9;0;0;;0;2;150A
679066;1787410936296;0.0;31;45.8;0.0;0.0;0.0;1509_direct_carried;;;;723.9;0;0;;0;2;150B
679263;1787410936493;0.0;31;45.8;0.0;0.0;0.0;1509_direct_carried;;;;723.9;0;0;;0;2;150D
680317;1787410937547;0.0;31;45.8;0.0;0.0;0.0;1509_direct_carried;;;;723.9;0;0;;0;2;1502
680728;1787410937958;0.0;31;45.8;0.0;0.0;0.0;1509_direct_carried;;;;723.9;0;0;;0;2;1505
680939;1787410938169;0.0;31;45.8;0.0;0.0;0.0;1509_direct_carried;;;;723.9;0;0;;0;2;1506
681355;1787410938585;0.0;31;45.8;0.0;0.0;0.0;1509_direct_carried;;;;723.9;0;0;;0;2;1508
681565;1787410938795;0.0;32;45.8;0.0;0.0;0.0;1509_direct;;;;723.9;0;0;;0;2;1509
681785;1787410939015;0.0;32;45.8;0.0;0.0;0.0;1509_direct_carried;;;;723.9;0;0;;0;2;150A
681986;1787410939216;0.0;32;45.8;0.0;0.0;0.0;1509_direct_carried;;;;723.9;0;0;;0;2;150B
682195;1787410939425;0.0;32;45.8;0.0;0.0;0.0;1509_direct_carried;;;;723.9;0;0;;0;2;150D
683235;1787410940465;0.0;32;45.8;0.0;0.0;0.0;1509_direct_carried;;;;723.9;0;0;;0;2;1502
683666;1787410940896;0.0;32;45.8;0.0;0.0;0.0;1509_direct_carried;;;;723.9;0;0;;0;2;1505
683855;1787410941085;0.0;32;45.8;0.0;0.0;0.0;1509_direct_carried;;;;723.9;0;0;;0;2;1506
684275;1787410941505;0.0;32;45.8;0.0;0.0;0.0;1509_direct_carried;;;;723.9;0;0;;0;2;1508
684487;1787410941717;0.0;32;45.8;0.0;0.0;0.0;1509_direct;;;;723.9;0;0;;0;2;1509
684695;1787410941925;0.0;32;45.8;0.0;0.0;0.0;1509_direct_carried;;;;723.9;0;0;;0;2;150A
684906;1787410942136;0.0;32;45.8;0.0;0.0;0.0;1509_direct_carried;;;;723.9;0;0;;0;2;150B
685117;1787410942347;0.0;32;45.8;0.0;0.0;0.0;1509_direct_carried;;;;723.9;0;0;;0;2;150D
686155;1787410943385;0.0;32;45.8;0.0;0.0;0.0;1509_direct_carried;;;;723.9;0;0;;0;2;1502
686577;1787410943807;0.0;32;45.8;0.0;0.0;0.0;1509_direct_carried;;;;723.9;0;0;;0;2;1505
686786;1787410944016;0.0;32;45.8;0.0;0.0;0.0;1509_direct_carried;;;;723.9;0;0;;0;2;1506
687195;1787410944425;0.0;32;45.8;0.0;0.0;0.0;1509_direct_carried;;;;723.9;0;0;;0;2;1508
687406;1787410944636;0.0;32;45.8;0.0;0.0;0.0;1509_direct;;;;723.9;0;0;;0;2;1509
687616;1787410944846;0.0;32;45.8;0.0;0.0;0.0;1509_direct_carried;;;;723.9;0;0;;0;2;150A
687826;1787410945056;0.0;32;45.8;0.0;0.0;0.0;1509_direct_carried;;;;723.9;0;0;;0;2;150B
688036;1787410945266;0.0;32;45.8;0.0;0.0;0.0;1509_direct_carried;;;;723.9;0;0;;0;2;150D
689076;1787410946306;0.0;32;45.8;0.0;0.0;0.0;1509_direct_carried;;;;723.9;0;0;;0;2;1502
689498;1787410946728;0.0;32;45.8;0.0;0.0;0.0;1509_direct_carried;;;;723.9;0;0;;0;2;1505
689705;1787410946935;0.0;32;45.8;0.0;0.0;0.0;1509_direct_carried;;;;723.9;0;0;;0;2;1506
690116;1787410947346;0.0;32;45.8;0.0;0.0;0.0;1509_direct_carried;;;;723.9;0;0;;0;2;1508
690325;1787410947555;0.0;32;45.8;0.0;0.0;0.0;1509_direct;;;;723.9;0;0;;0;2;1509
690537;1787410947767;0.0;32;45.8;0.0;0.0;0.0;1509_direct_carried;;;;723.9;0;0;;0;2;150A
690746;1787410947976;0.0;32;45.8;0.0;0.0;0.0;1509_direct_carried;;;;723.9;0;0;;0;2;150B
690955;1787410948185;0.0;32;45.8;0.0;0.0;0.0;1509_direct_carried;;;;723.9;0;0;;0;2;150D
691995;1787410949225;0.0;32;45.8;0.0;0.0;0.0;1509_direct_carried;;;;723.9;0;0;;0;2;1502
692415;1787410949645;0.0;32;45.8;0.0;0.0;0.0;1509_direct_carried;;;;723.9;0;0;;0;2;1505
692626;1787410949856;0.0;32;45.8;0.0;0.0;0.0;1509_direct_carried;;;;723.9;0;0;;0;2;1506
693036;1787410950266;0.0;32;45.8;0.0;0.0;0.0;1509_direct_carried;;;;723.9;0;0;;0;2;1508
693246;1787410950476;0.0;32;45.9;0.0;0.0;0.0;1509_direct;;;;723.9;0;0;;0;2;1509
693457;1787410950687;0.0;32;45.9;0.0;0.0;0.0;1509_direct_carried;;;;723.9;0;0;;0;2;150A
693667;1787410950897;0.0;32;45.9;0.0;0.0;0.0;1509_direct_carried;;;;723.9;0;0;;0;2;150B
693875;1787410951105;0.0;32;45.9;0.0;0.0;0.0;1509_direct_carried;;;;723.9;0;0;;0;2;150D
694914;1787410952144;0.0;32;45.9;0.0;0.0;0.0;1509_direct_carried;;;;723.9;0;0;;0;2;1502
695336;1787410952566;0.0;32;45.9;0.0;0.0;0.0;1509_direct_carried;;;;723.9;0;0;;0;2;1505
695547;1787410952777;0.0;32;45.9;0.0;0.0;0.0;1509_direct_carried;;;;723.9;0;0;;0;2;1506
695966;1787410953196;0.0;32;45.9;0.0;0.0;0.0;1509_direct_carried;;;;723.9;0;0;;0;2;1508
696166;1787410953396;0.0;32;45.9;0.0;0.0;0.0;1509_direct;;;;723.9;0;0;;0;2;1509
696375;1787410953605;0.0;32;45.9;0.0;0.0;0.0;1509_direct_carried;;;;723.9;0;0;;0;2;150A
696586;1787410953816;0.0;32;45.9;0.0;0.0;0.0;1509_direct_carried;;;;723.9;0;0;;0;2;150B
696795;1787410954025;0.0;32;45.9;0.0;0.0;0.0;1509_direct_carried;;;;723.9;0;0;;0;2;150D
697838;1787410955068;0.0;32;45.9;0.0;0.0;0.0;1509_direct_carried;;;;723.9;0;0;;0;2;1502
698256;1787410955486;4.6;32;45.9;0.0;0.0;0.0;1509_direct_carried;;;;723.9;46;0;;0;2;1505
698466;1787410955696;4.6;32;45.9;0.0;0.0;0.0;1509_direct_carried;;;;723.9;46;0;;0;2;1506
698886;1787410956116;4.6;32;45.9;0.0;0.0;0.0;1509_direct_carried;;;;723.9;46;0;;0;2;1508
699087;1787410956317;4.6;32;45.8;1.0;45.0;45.8;1509_direct;;;;723.9;46;45;;0;2;1509
699296;1787410956526;4.6;32;45.8;1.0;45.0;45.8;1509_direct_carried;;;;723.9;46;45;;0;2;150A
699506;1787410956736;4.6;32;45.8;1.0;45.0;45.8;1509_direct_carried;;;;723.9;46;45;;0;2;150B
699717;1787410956947;4.6;32;45.8;1.0;45.0;45.8;1509_direct_carried;;;;723.9;46;45;;0;2;150D
700756;1787410957986;4.6;32;45.8;1.0;45.0;45.8;1509_direct_carried;;;;723.9;46;45;;0;2;1502
701176;1787410958406;14.7;32;45.8;1.0;45.0;45.8;1509_direct_carried;;;;723.9;147;45;;0;2;1505
701386;1787410958616;14.7;32;45.8;1.0;45.0;45.8;1509_direct_carried;;;;723.9;147;45;;0;2;1506
701806;1787410959036;14.7;32;45.8;1.0;45.0;45.8;1509_direct_carried;;;;723.9;147;45;;0;2;1508
702016;1787410959246;14.7;32;44.9;11.0;614.0;493.9;1509_direct;;;;723.9;147;614;;0;2;1509
702215;1787410959445;14.7;32;44.9;11.0;614.0;493.9;1509_direct_carried;;;;723.9;147;614;;0;2;150A
702426;1787410959656;14.7;32;44.9;11.0;614.0;493.9;1509_direct_carried;;;;723.9;147;614;;0;2;150B
702636;1787410959866;14.7;32;44.9;11.0;614.0;493.9;1509_direct_carried;;;;723.9;147;614;;0;2;150D
703686;1787410960916;14.7;32;44.9;11.0;614.0;493.9;1509_direct_carried;;;;723.9;147;614;;0;2;1502
704096;1787410961326;17.2;32;44.9;11.0;614.0;493.9;1509_direct_carried;;;;723.9;172;614;;0;2;1505
704306;1787410961536;17.2;32;44.9;11.0;614.0;493.9;1509_direct_carried;;;;723.9;172;614;;0;2;1506
704727;1787410961957;17.2;32;44.9;11.0;614.0;493.9;1509_direct_carried;;;;723.9;172;614;;0;2;1508
704936;1787410962166;17.2;32;45.7;1.0;45.0;45.7;1509_direct;;;;723.9;172;45;;0;2;1509
705145;1787410962375;17.2;32;45.7;1.0;45.0;45.7;1509_direct_carried;;;;723.9;172;45;;0;2;150A
705356;1787410962586;17.2;32;45.7;1.0;45.0;45.7;1509_direct_carried;;;;723.9;172;45;;0;2;150B
705557;1787410962787;17.2;32;45.7;1.0;45.0;45.7;1509_direct_carried;;;;723.9;172;45;;0;2;150D
706607;1787410963837;17.2;32;45.7;1.0;45.0;45.7;1509_direct_carried;;;;723.9;172;45;;0;2;1502
707018;1787410964248;14.9;32;45.7;1.0;45.0;45.7;1509_direct_carried;;;;723.9;149;45;;0;2;1505
707228;1787410964458;14.9;32;45.7;1.0;45.0;45.7;1509_direct_carried;;;;723.9;149;45;;0;2;1506
707657;1787410964887;14.9;32;45.7;1.0;45.0;45.7;1509_direct_carried;;;;723.9;149;45;;0;2;1508
707866;1787410965096;14.9;32;45.4;2.0;90.0;90.8;1509_direct;;;;723.9;149;90;;0;2;1509
708076;1787410965306;14.9;32;45.4;2.0;90.0;90.8;1509_direct_carried;;;;723.9;149;90;;0;2;150A
708286;1787410965516;14.9;32;45.4;2.0;90.0;90.8;1509_direct_carried;;;;723.9;149;90;;0;2;150B
708495;1787410965725;14.9;32;45.4;2.0;90.0;90.8;1509_direct_carried;;;;723.9;149;90;;0;2;150D
709535;1787410966765;14.9;32;45.4;2.0;90.0;90.8;1509_direct_carried;;;;723.9;149;90;;0;2;1502
709956;1787410967186;16.5;32;45.4;2.0;90.0;90.8;1509_direct_carried;;;;723.9;165;90;;0;2;1505
710166;1787410967396;16.5;32;45.4;2.0;90.0;90.8;1509_direct_carried;;;;724.0;165;90;;0;2;1506
710575;1787410967805;16.5;32;45.4;2.0;90.0;90.8;1509_direct_carried;;;;724.0;165;90;;0;2;1508
710787;1787410968017;16.5;32;45.3;3.0;135.0;135.89999999999998;1509_direct;;;;724.0;165;135;;0;2;1509
710996;1787410968226;16.5;32;45.3;3.0;135.0;135.89999999999998;1509_direct_carried;;;;724.0;165;135;;0;2;150A
711207;1787410968437;16.5;32;45.3;3.0;135.0;135.89999999999998;1509_direct_carried;;;;724.0;165;135;;0;2;150B
711416;1787410968646;16.5;32;45.3;3.0;135.0;135.89999999999998;1509_direct_carried;;;;724.0;165;135;;0;2;150D
712458;1787410969688;16.5;32;45.3;3.0;135.0;135.89999999999998;1509_direct_carried;;;;724.0;165;135;;0;2;1502
712876;1787410970106;14.0;32;45.3;3.0;135.0;135.89999999999998;1509_direct_carried;;;;724.0;140;135;;0;2;1505
713085;1787410970315;14.0;32;45.3;3.0;135.0;135.89999999999998;1509_direct_carried;;;;724.0;140;135;;0;2;1506
713508;1787410970738;14.0;32;45.3;3.0;135.0;135.89999999999998;1509_direct_carried;;;;724.0;140;135;;0;2;1508
713706;1787410970936;14.0;27;45.3;2.0;90.0;90.6;1509_direct;;;;724.0;140;90;;0;2;1509
713918;1787410971148;14.0;27;45.3;2.0;90.0;90.6;1509_direct_carried;;;;724.0;140;90;;0;2;150A
714127;1787410971357;14.0;27;45.3;2.0;90.0;90.6;1509_direct_carried;;;;724.0;140;90;;0;2;150B
714336;1787410971566;14.0;27;45.3;2.0;90.0;90.6;1509_direct_carried;;;;724.0;140;90;;0;2;150D
715377;1787410972607;14.0;27;45.3;2.0;90.0;90.6;1509_direct_carried;;;;724.0;140;90;;0;2;1502
715796;1787410973026;13.0;27;45.3;2.0;90.0;90.6;1509_direct_carried;;;;724.0;130;90;;0;2;1505
716007;1787410973237;13.0;27;45.3;2.0;90.0;90.6;1509_direct_carried;;;;724.0;130;90;;0;2;1506
716426;1787410973656;13.0;27;45.3;2.0;90.0;90.6;1509_direct_carried;;;;724.0;130;90;;0;2;1508
716625;1787410973855;13.0;27;45.3;4.0;181.0;181.2;1509_direct;;;;724.0;130;181;;0;2;1509
716837;1787410974067;13.0;27;45.3;4.0;181.0;181.2;1509_direct_carried;;;;724.0;130;181;;0;2;150A
717046;1787410974276;13.0;27;45.3;4.0;181.0;181.2;1509_direct_carried;;;;724.0;130;181;;0;2;150B
717256;1787410974486;13.0;27;45.3;4.0;181.0;181.2;1509_direct_carried;;;;724.0;130;181;;0;2;150D
718293;1787410975523;13.0;27;45.3;4.0;181.0;181.2;1509_direct_carried;;;;724.0;130;181;;0;2;1502
718715;1787410975945;13.0;27;45.3;4.0;181.0;181.2;1509_direct_carried;;;;724.0;130;181;;0;2;1505
718923;1787410976153;13.0;27;45.3;4.0;181.0;181.2;1509_direct_carried;;;;724.0;130;181;;0;2;1506
719347;1787410976577;13.0;27;45.3;4.0;181.0;181.2;1509_direct_carried;;;;724.0;130;181;;0;1;1508
719554;1787410976784;13.0;27;45.8;0.0;0.0;0.0;1509_direct;;;;724.0;130;0;;0;1;1509
719753;1787410976983;13.0;27;45.8;0.0;0.0;0.0;1509_direct_carried;;;;724.0;130;0;;0;1;150A
719965;1787410977195;13.0;27;45.8;0.0;0.0;0.0;1509_direct_carried;;;;724.0;130;0;;0;1;150B
720173;1787410977403;13.0;27;45.8;0.0;0.0;0.0;1509_direct_carried;;;;724.0;130;0;;0;1;150D
721216;1787410978446;13.0;27;45.8;0.0;0.0;0.0;1509_direct_carried;;;;724.0;130;0;;0;1;1502
721637;1787410978867;10.2;27;45.8;0.0;0.0;0.0;1509_direct_carried;;;;724.0;102;0;;0;1;1505
721846;1787410979076;10.2;27;45.8;0.0;0.0;0.0;1509_direct_carried;;;;724.0;102;0;;0;1;1506
722266;1787410979496;10.2;27;45.8;0.0;0.0;0.0;1509_direct_carried;;;;724.0;102;0;;0;1;1508
722476;1787410979706;10.2;27;45.8;0.0;0.0;0.0;1509_direct;;;;724.0;102;0;;0;1;1509
722677;1787410979907;10.2;27;45.8;0.0;0.0;0.0;1509_direct_carried;;;;724.0;102;0;;0;1;150A
722886;1787410980116;10.2;27;45.8;0.0;0.0;0.0;1509_direct_carried;;;;724.0;102;0;;0;1;150B
723097;1787410980327;10.2;27;45.8;0.0;0.0;0.0;1509_direct_carried;;;;724.0;102;0;;0;1;150D
724156;1787410981386;10.2;27;45.8;0.0;0.0;0.0;1509_direct_carried;;;;724.0;102;0;;0;1;1502
724554;1787410981784;9.0;27;45.8;0.0;0.0;0.0;1509_direct_carried;;;;724.0;90;0;;0;1;1505
724769;1787410981999;9.0;27;45.8;0.0;0.0;0.0;1509_direct_carried;;;;724.0;90;0;;0;1;1506
725187;1787410982417;9.0;27;45.8;0.0;0.0;0.0;1509_direct_carried;;;;724.0;90;0;;0;1;1508
725396;1787410982626;9.0;31;45.8;0.0;0.0;0.0;1509_direct;;;;724.0;90;0;;0;1;1509
725607;1787410982837;9.0;31;45.8;0.0;0.0;0.0;1509_direct_carried;;;;724.0;90;0;;0;1;150A
725816;1787410983046;9.0;31;45.8;0.0;0.0;0.0;1509_direct_carried;;;;724.0;90;0;;0;1;150B
726017;1787410983247;9.0;31;45.8;0.0;0.0;0.0;1509_direct_carried;;;;724.0;90;0;;0;1;150D
727069;1787410984299;9.0;31;45.8;0.0;0.0;0.0;1509_direct_carried;;;;724.0;90;0;;0;1;1502
727477;1787410984707;7.2;31;45.8;0.0;0.0;0.0;1509_direct_carried;;;;724.0;72;0;;0;1;1505
727687;1787410984917;7.2;31;45.8;0.0;0.0;0.0;1509_direct_carried;;;;724.0;72;0;;0;1;1506
728103;1787410985333;7.2;31;45.8;0.0;0.0;0.0;1509_direct_carried;;;;724.0;72;0;;0;1;1508
728317;1787410985547;7.2;32;45.7;1.0;45.0;45.7;1509_direct;;;;724.0;72;45;;0;1;1509
728526;1787410985756;7.2;32;45.7;1.0;45.0;45.7;1509_direct_carried;;;;724.0;72;45;;0;1;150A
728736;1787410985966;7.2;32;45.7;1.0;45.0;45.7;1509_direct_carried;;;;724.0;72;45;;0;1;150B
728937;1787410986167;7.2;32;45.7;1.0;45.0;45.7;1509_direct_carried;;;;724.0;72;45;;0;1;150D
729987;1787410987217;7.2;32;45.7;1.0;45.0;45.7;1509_direct_carried;;;;724.0;72;45;;0;1;1502
730397;1787410987627;3.6;32;45.7;1.0;45.0;45.7;1509_direct_carried;;;;724.0;36;45;;0;1;1505
730610;1787410987840;3.6;32;45.7;1.0;45.0;45.7;1509_direct_carried;;;;724.0;36;45;;0;1;1506
731026;1787410988256;3.6;32;45.7;1.0;45.0;45.7;1509_direct_carried;;;;724.0;36;45;;0;1;1508
731239;1787410988469;3.6;31;45.8;0.0;0.0;0.0;1509_direct;;;;724.0;36;0;;0;1;1509
731444;1787410988674;3.6;31;45.8;0.0;0.0;0.0;1509_direct_carried;;;;724.0;36;0;;0;1;150A
731657;1787410988887;3.6;31;45.8;0.0;0.0;0.0;1509_direct_carried;;;;724.0;36;0;;0;1;150B
731867;1787410989097;3.6;31;45.8;0.0;0.0;0.0;1509_direct_carried;;;;724.0;36;0;;0;1;150D
732907;1787410990137;3.6;31;45.8;0.0;0.0;0.0;1509_direct_carried;;;;724.0;36;0;;0;1;1502
733327;1787410990557;5.1;31;45.8;0.0;0.0;0.0;1509_direct_carried;;;;724.0;51;0;;0;1;1505
733529;1787410990759;5.1;31;45.8;0.0;0.0;0.0;1509_direct_carried;;;;724.0;51;0;;0;1;1506
733946;1787410991176;5.1;31;45.8;0.0;0.0;0.0;1509_direct_carried;;;;724.0;51;0;;0;1;1508
734155;1787410991385;5.1;32;45.8;0.0;0.0;0.0;1509_direct;;;;724.0;51;0;;0;1;1509
734366;1787410991596;5.1;32;45.8;0.0;0.0;0.0;1509_direct_carried;;;;724.0;51;0;;0;1;150A
734576;1787410991806;5.1;32;45.8;0.0;0.0;0.0;1509_direct_carried;;;;724.0;51;0;;0;1;150B
734787;1787410992017;5.1;32;45.8;0.0;0.0;0.0;1509_direct_carried;;;;724.0;51;0;;0;1;150D
735827;1787410993057;5.1;32;45.8;0.0;0.0;0.0;1509_direct_carried;;;;724.0;51;0;;0;1;1502
736249;1787410993479;4.9;32;45.8;0.0;0.0;0.0;1509_direct_carried;;;;724.0;49;0;;0;1;1505
736456;1787410993686;4.9;32;45.8;0.0;0.0;0.0;1509_direct_carried;;;;724.0;49;0;;0;1;1506
736867;1787410994097;4.9;32;45.8;0.0;0.0;0.0;1509_direct_carried;;;;724.0;49;0;;0;1;1508
737076;1787410994306;4.9;32;45.9;0.0;0.0;0.0;1509_direct;;;;724.0;49;0;;0;1;1509
737287;1787410994517;4.9;32;45.9;0.0;0.0;0.0;1509_direct_carried;;;;724.0;49;0;;0;1;150A
737496;1787410994726;4.9;32;45.9;0.0;0.0;0.0;1509_direct_carried;;;;724.0;49;0;;0;1;150B
737708;1787410994938;4.9;32;45.9;0.0;0.0;0.0;1509_direct_carried;;;;724.0;49;0;;0;1;150D
738747;1787410995977;4.9;32;45.9;0.0;0.0;0.0;1509_direct_carried;;;;724.0;49;0;;0;1;1502
739168;1787410996398;4.6;32;45.9;0.0;0.0;0.0;1509_direct_carried;;;;724.0;46;0;;0;1;1505
739378;1787410996608;4.6;32;45.9;0.0;0.0;0.0;1509_direct_carried;;;;724.0;46;0;;0;1;1506
739787;1787410997017;4.6;32;45.9;0.0;0.0;0.0;1509_direct_carried;;;;724.0;46;0;;0;1;1508
739996;1787410997226;4.6;32;45.9;0.0;0.0;0.0;1509_direct;;;;724.0;46;0;;0;1;1509
740204;1787410997434;4.6;32;45.9;0.0;0.0;0.0;1509_direct_carried;;;;724.0;46;0;;0;1;150A
740417;1787410997647;4.6;32;45.9;0.0;0.0;0.0;1509_direct_carried;;;;724.0;46;0;;0;1;150B
740627;1787410997857;4.6;32;45.9;0.0;0.0;0.0;1509_direct_carried;;;;724.0;46;0;;0;1;150D
741667;1787410998897;4.6;32;45.9;0.0;0.0;0.0;1509_direct_carried;;;;724.0;46;0;;0;1;1502
742087;1787410999317;4.7;32;45.9;0.0;0.0;0.0;1509_direct_carried;;;;724.0;47;0;;0;1;1505
742298;1787410999528;4.7;32;45.9;0.0;0.0;0.0;1509_direct_carried;;;;724.0;47;0;;0;1;1506
742707;1787410999937;4.7;32;45.9;0.0;0.0;0.0;1509_direct_carried;;;;724.0;47;0;;0;1;1508
742917;1787411000147;4.7;32;45.9;0.0;0.0;0.0;1509_direct;;;;724.0;47;0;;0;1;1509
743127;1787411000357;4.7;32;45.9;0.0;0.0;0.0;1509_direct_carried;;;;724.0;47;0;;0;1;150A
743337;1787411000567;4.7;32;45.9;0.0;0.0;0.0;1509_direct_carried;;;;724.0;47;0;;0;1;150B
743546;1787411000776;4.7;32;45.9;0.0;0.0;0.0;1509_direct_carried;;;;724.0;47;0;;0;1;150D
744587;1787411001817;4.7;32;45.9;0.0;0.0;0.0;1509_direct_carried;;;;724.0;47;0;;0;1;1502
745003;1787411002233;3.7;32;45.9;0.0;0.0;0.0;1509_direct_carried;;;;724.0;37;0;;0;1;1505
745213;1787411002443;3.7;32;45.9;0.0;0.0;0.0;1509_direct_carried;;;;724.0;37;0;;0;1;1506
745621;1787411002851;3.7;32;45.9;0.0;0.0;0.0;1509_direct_carried;;;;724.0;37;0;;0;1;1508
745833;1787411003063;3.7;32;45.9;0.0;0.0;0.0;1509_direct;;;;724.0;37;0;;0;1;1509
746043;1787411003273;3.7;32;45.9;0.0;0.0;0.0;1509_direct_carried;;;;724.0;37;0;;0;1;150A
746253;1787411003483;3.7;32;45.9;0.0;0.0;0.0;1509_direct_carried;;;;724.0;37;0;;0;1;150B
746464;1787411003694;3.7;32;45.9;0.0;0.0;0.0;1509_direct_carried;;;;724.0;37;0;;0;1;150D
747507;1787411004737;3.7;32;45.9;0.0;0.0;0.0;1509_direct_carried;;;;724.0;37;0;;0;1;1502
747927;1787411005157;3.8;32;45.9;0.0;0.0;0.0;1509_direct_carried;;;;724.0;38;0;;0;1;1505
748136;1787411005366;3.8;32;45.9;0.0;0.0;0.0;1509_direct_carried;;;;724.0;38;0;;0;1;1506
748556;1787411005786;3.8;32;45.9;0.0;0.0;0.0;1509_direct_carried;;;;724.0;38;0;;0;1;1508
748758;1787411005988;3.8;32;45.9;0.0;0.0;0.0;1509_direct;;;;724.0;38;0;;0;1;1509
748968;1787411006198;3.8;32;45.9;0.0;0.0;0.0;1509_direct_carried;;;;724.0;38;0;;0;1;150A
749176;1787411006406;3.8;32;45.9;0.0;0.0;0.0;1509_direct_carried;;;;724.0;38;0;;0;1;150B
749390;1787411006620;3.8;32;45.9;0.0;0.0;0.0;1509_direct_carried;;;;724.0;38;0;;0;1;150D
750427;1787411007657;3.8;32;45.9;0.0;0.0;0.0;1509_direct_carried;;;;724.0;38;0;;0;1;1502
750847;1787411008077;2.1;32;45.9;0.0;0.0;0.0;1509_direct_carried;;;;724.0;21;0;;0;1;1505
751056;1787411008286;2.1;32;45.9;0.0;0.0;0.0;1509_direct_carried;;;;724.0;21;0;;0;1;1506
751474;1787411008704;2.1;32;45.9;0.0;0.0;0.0;1509_direct_carried;;;;724.0;21;0;;0;1;1508
751677;1787411008907;2.1;32;45.9;0.0;0.0;0.0;1509_direct;;;;724.0;21;0;;0;1;1509
751887;1787411009117;2.1;32;45.9;0.0;0.0;0.0;1509_direct_carried;;;;724.0;21;0;;0;1;150A
752096;1787411009326;2.1;32;45.9;0.0;0.0;0.0;1509_direct_carried;;;;724.0;21;0;;0;1;150B
752306;1787411009536;2.1;32;45.9;0.0;0.0;0.0;1509_direct_carried;;;;724.0;21;0;;0;1;150D
753347;1787411010577;2.1;32;45.9;0.0;0.0;0.0;1509_direct_carried;;;;724.0;21;0;;0;1;1502
753767;1787411010997;0.5;32;45.9;0.0;0.0;0.0;1509_direct_carried;;;;724.0;5;0;;0;1;1505
753976;1787411011206;0.5;32;45.9;0.0;0.0;0.0;1509_direct_carried;;;;724.0;5;0;;0;1;1506
754398;1787411011628;0.5;32;45.9;0.0;0.0;0.0;1509_direct_carried;;;;724.0;5;0;;0;1;1508
754596;1787411011826;0.5;32;45.9;0.0;0.0;0.0;1509_direct;;;;724.0;5;0;;0;1;1509
754806;1787411012036;0.5;32;45.9;0.0;0.0;0.0;1509_direct_carried;;;;724.0;5;0;;0;1;150A
755016;1787411012246;0.5;32;45.9;0.0;0.0;0.0;1509_direct_carried;;;;724.0;5;0;;0;1;150B
755227;1787411012457;0.5;32;45.9;0.0;0.0;0.0;1509_direct_carried;;;;724.0;5;0;;0;1;150D
756266;1787411013496;0.5;32;45.9;0.0;0.0;0.0;1509_direct_carried;;;;724.0;5;0;;0;1;1502
756687;1787411013917;0.5;32;45.9;0.0;0.0;0.0;1509_direct_carried;;;;724.0;5;0;;0;1;1505
756896;1787411014126;0.5;32;45.9;0.0;0.0;0.0;1509_direct_carried;;;;724.0;5;0;;0;1;1506
757317;1787411014547;0.5;32;45.9;0.0;0.0;0.0;1509_direct_carried;;;;724.0;5;0;;0;1;1508
757526;1787411014756;0.5;32;46.0;0.0;0.0;0.0;1509_direct;;;;724.0;5;0;;0;1;1509
757726;1787411014956;0.5;32;46.0;0.0;0.0;0.0;1509_direct_carried;;;;724.0;5;0;;0;1;150A
757936;1787411015166;0.5;32;46.0;0.0;0.0;0.0;1509_direct_carried;;;;724.0;5;0;;0;1;150B
758146;1787411015376;0.5;32;46.0;0.0;0.0;0.0;1509_direct_carried;;;;724.0;5;0;;0;1;150D
759187;1787411016417;0.5;32;46.0;0.0;0.0;0.0;1509_direct_carried;;;;724.0;5;0;;0;1;1502
759607;1787411016837;0.0;32;46.0;0.0;0.0;0.0;1509_direct_carried;;;;724.0;0;0;;0;1;1505
759817;1787411017047;0.0;32;46.0;0.0;0.0;0.0;1509_direct_carried;;;;724.0;0;0;;0;1;1506
760236;1787411017466;0.0;32;46.0;0.0;0.0;0.0;1509_direct_carried;;;;724.0;0;0;;0;1;1508
760447;1787411017677;0.0;32;46.0;0.0;0.0;0.0;1509_direct;;;;724.0;0;0;;0;1;1509
760648;1787411017878;0.0;32;46.0;0.0;0.0;0.0;1509_direct_carried;;;;724.0;0;0;;0;1;150A
760858;1787411018088;0.0;32;46.0;0.0;0.0;0.0;1509_direct_carried;;;;724.0;0;0;;0;1;150B
761066;1787411018296;0.0;32;46.0;0.0;0.0;0.0;1509_direct_carried;;;;724.0;0;0;;0;1;150D
762117;1787411019347;0.0;32;46.0;0.0;0.0;0.0;1509_direct_carried;;;;724.0;0;0;;0;1;1502
762527;1787411019757;0.0;32;46.0;0.0;0.0;0.0;1509_direct_carried;;;;724.0;0;0;;0;1;1505
762736;1787411019966;0.0;32;46.0;0.0;0.0;0.0;1509_direct_carried;;;;724.0;0;0;;0;1;1506
763155;1787411020385;0.0;32;46.0;0.0;0.0;0.0;1509_direct_carried;;;;724.0;0;0;;0;1;1508
763369;1787411020599;0.0;32;45.9;0.0;0.0;0.0;1509_direct;;;;724.0;0;0;;0;1;1509
763576;1787411020806;0.0;32;45.9;0.0;0.0;0.0;1509_direct_carried;;;;724.0;0;0;;0;1;150A
763785;1787411021015;0.0;32;45.9;0.0;0.0;0.0;1509_direct_carried;;;;724.0;0;0;;0;1;150B
763987;1787411021217;0.0;32;45.9;0.0;0.0;0.0;1509_direct_carried;;;;724.0;0;0;;0;1;150D
765036;1787411022266;0.0;32;45.9;0.0;0.0;0.0;1509_direct_carried;;;;724.0;0;0;;0;1;1502
765447;1787411022677;0.0;32;45.9;0.0;0.0;0.0;1509_direct_carried;;;;724.0;0;0;;0;1;1505
765656;1787411022886;0.0;32;45.9;0.0;0.0;0.0;1509_direct_carried;;;;724.0;0;0;;0;1;1506
766077;1787411023307;0.0;32;45.9;0.0;0.0;0.0;1509_direct_carried;;;;724.0;0;0;;0;1;1508
766286;1787411023516;0.0;32;46.0;0.0;0.0;0.0;1509_direct;;;;724.0;0;0;;0;1;1509
766500;1787411023730;0.0;32;46.0;0.0;0.0;0.0;1509_direct_carried;;;;724.0;0;0;;0;1;150A
766707;1787411023937;0.0;32;46.0;0.0;0.0;0.0;1509_direct_carried;;;;724.0;0;0;;0;1;150B
766907;1787411024137;0.0;32;46.0;0.0;0.0;0.0;1509_direct_carried;;;;724.0;0;0;;0;1;150D
767953;1787411025183;0.0;32;46.0;0.0;0.0;0.0;1509_direct_carried;;;;724.0;0;0;;0;1;1502
768362;1787411025592;0.0;32;46.0;0.0;0.0;0.0;1509_direct_carried;;;;724.0;0;0;;0;1;1505
768574;1787411025804;0.0;32;46.0;0.0;0.0;0.0;1509_direct_carried;;;;724.0;0;0;;0;1;1506
768993;1787411026223;0.0;32;46.0;0.0;0.0;0.0;1509_direct_carried;;;;724.0;0;0;;0;1;1508
769204;1787411026434;0.0;32;46.0;0.0;0.0;0.0;1509_direct;;;;724.0;0;0;;0;1;1509
769414;1787411026644;0.0;32;46.0;0.0;0.0;0.0;1509_direct_carried;;;;724.0;0;0;;0;1;150A
769624;1787411026854;0.0;32;46.0;0.0;0.0;0.0;1509_direct_carried;;;;724.0;0;0;;0;1;150B
769846;1787411027076;0.0;32;46.0;0.0;0.0;0.0;1509_direct_carried;;;;724.0;0;0;;0;1;150D
770875;1787411028105;0.0;32;46.0;0.0;0.0;0.0;1509_direct_carried;;;;724.0;0;0;;0;1;1502
771295;1787411028525;0.0;32;46.0;0.0;0.0;0.0;1509_direct_carried;;;;724.0;0;0;;0;1;1505
771494;1787411028724;0.0;32;46.0;0.0;0.0;0.0;1509_direct_carried;;;;724.0;0;0;;0;1;1506
771914;1787411029144;0.0;32;46.0;0.0;0.0;0.0;1509_direct_carried;;;;724.0;0;0;;0;1;1508
772125;1787411029355;0.0;32;46.0;0.0;0.0;0.0;1509_direct;;;;724.0;0;0;;0;1;1509
772334;1787411029564;0.0;32;46.0;0.0;0.0;0.0;1509_direct_carried;;;;724.0;0;0;;0;1;150A
772544;1787411029774;0.0;32;46.0;0.0;0.0;0.0;1509_direct_carried;;;;724.0;0;0;;0;1;150B
772760;1787411029990;0.0;32;46.0;0.0;0.0;0.0;1509_direct_carried;;;;724.0;0;0;;0;1;150D
773797;1787411031027;0.0;32;46.0;0.0;0.0;0.0;1509_direct_carried;;;;724.0;0;0;;0;1;1502
774214;1787411031444;0.0;32;46.0;0.0;0.0;0.0;1509_direct_carried;;;;724.0;0;0;;0;1;1505
774422;1787411031652;0.0;32;46.0;0.0;0.0;0.0;1509_direct_carried;;;;724.0;0;0;;0;1;1506
774835;1787411032065;0.0;32;46.0;0.0;0.0;0.0;1509_direct_carried;;;;724.0;0;0;;0;1;1508
775046;1787411032276;0.0;32;46.0;0.0;0.0;0.0;1509_direct;;;;724.0;0;0;;0;1;1509
775254;1787411032484;0.0;32;46.0;0.0;0.0;0.0;1509_direct_carried;;;;724.0;0;0;;0;1;150A
775466;1787411032696;0.0;32;46.0;0.0;0.0;0.0;1509_direct_carried;;;;724.0;0;0;;0;1;150B
775678;1787411032908;0.0;32;46.0;0.0;0.0;0.0;1509_direct_carried;;;;724.0;0;0;;0;1;150D
776716;1787411033946;0.0;32;46.0;0.0;0.0;0.0;1509_direct_carried;;;;724.0;0;0;;0;1;1502
777134;1787411034364;0.0;32;46.0;0.0;0.0;0.0;1509_direct_carried;;;;724.0;0;0;;0;1;1505
777348;1787411034578;0.0;32;46.0;0.0;0.0;0.0;1509_direct_carried;;;;724.0;0;0;;0;1;1506
777757;1787411034987;0.0;32;46.0;0.0;0.0;0.0;1509_direct_carried;;;;724.0;0;0;;0;1;1508
777967;1787411035197;0.0;32;46.0;0.0;0.0;0.0;1509_direct;;;;724.0;0;0;;0;1;1509
778178;1787411035408;0.0;32;46.0;0.0;0.0;0.0;1509_direct_carried;;;;724.0;0;0;;0;1;150A
778385;1787411035615;0.0;32;46.0;0.0;0.0;0.0;1509_direct_carried;;;;724.0;0;0;;0;1;150B
778596;1787411035826;0.0;32;46.0;0.0;0.0;0.0;1509_direct_carried;;;;724.0;0;0;;0;1;150D
779634;1787411036864;0.0;32;46.0;0.0;0.0;0.0;1509_direct_carried;;;;724.0;0;0;;0;1;1502
780055;1787411037285;0.0;32;46.0;0.0;0.0;0.0;1509_direct_carried;;;;724.0;0;0;;0;1;1505
780265;1787411037495;0.0;32;46.0;0.0;0.0;0.0;1509_direct_carried;;;;724.0;0;0;;0;1;1506
780677;1787411037907;0.0;32;46.0;0.0;0.0;0.0;1509_direct_carried;;;;724.0;0;0;;0;1;1508
780887;1787411038117;0.0;32;46.0;0.0;0.0;0.0;1509_direct;;;;724.0;0;0;;0;1;1509
781094;1787411038324;0.0;32;46.0;0.0;0.0;0.0;1509_direct_carried;;;;724.0;0;0;;0;1;150A
781307;1787411038537;0.0;32;46.0;0.0;0.0;0.0;1509_direct_carried;;;;724.0;0;0;;0;1;150B
781518;1787411038748;0.0;32;46.0;0.0;0.0;0.0;1509_direct_carried;;;;724.0;0;0;;0;1;150D
782556;1787411039786;0.0;32;46.0;0.0;0.0;0.0;1509_direct_carried;;;;724.0;0;0;;0;1;1502
782981;1787411040211;0.0;32;46.0;0.0;0.0;0.0;1509_direct_carried;;;;724.0;0;0;;0;1;1505
783187;1787411040417;0.0;32;46.0;0.0;0.0;0.0;1509_direct_carried;;;;724.0;0;0;;0;1;1506
783605;1787411040835;0.0;32;46.0;0.0;0.0;0.0;1509_direct_carried;;;;724.0;0;0;;0;1;1508
783806;1787411041036;0.0;32;46.0;0.0;0.0;0.0;1509_direct;;;;724.0;0;0;;0;1;1509
784018;1787411041248;0.0;32;46.0;0.0;0.0;0.0;1509_direct_carried;;;;724.0;0;0;;0;1;150A
784227;1787411041457;0.0;32;46.0;0.0;0.0;0.0;1509_direct_carried;;;;724.0;0;0;;0;1;150B
784438;1787411041668;0.0;32;46.0;0.0;0.0;0.0;1509_direct_carried;;;;724.0;0;0;;0;1;150D
785477;1787411042707;0.0;32;46.0;0.0;0.0;0.0;1509_direct_carried;;;;724.0;0;0;;0;1;1502
785895;1787411043125;0.0;32;46.0;0.0;0.0;0.0;1509_direct_carried;;;;724.0;0;0;;0;1;1505
786105;1787411043335;0.0;32;46.0;0.0;0.0;0.0;1509_direct_carried;;;;724.0;0;0;;0;1;1506
786524;1787411043754;0.0;32;46.0;0.0;0.0;0.0;1509_direct_carried;;;;724.0;0;0;;0;1;1508
786747;1787411043977;0.0;32;46.0;0.0;0.0;0.0;1509_direct;;;;724.0;0;0;;0;1;1509
786934;1787411044164;0.0;32;46.0;0.0;0.0;0.0;1509_direct_carried;;;;724.0;0;0;;0;1;150A
787144;1787411044374;0.0;32;46.0;0.0;0.0;0.0;1509_direct_carried;;;;724.0;0;0;;0;1;150B
787358;1787411044588;0.0;32;46.0;0.0;0.0;0.0;1509_direct_carried;;;;724.0;0;0;;0;1;150D
788392;1787411045622;0.0;32;46.0;0.0;0.0;0.0;1509_direct_carried;;;;724.0;0;0;;0;1;1502
788815;1787411046045;0.0;32;46.0;0.0;0.0;0.0;1509_direct_carried;;;;724.0;0;0;;0;1;1505
789027;1787411046257;0.0;32;46.0;0.0;0.0;0.0;1509_direct_carried;;;;724.0;0;0;;0;1;1506
789445;1787411046675;0.0;32;46.0;0.0;0.0;0.0;1509_direct_carried;;;;724.0;0;0;;0;1;1508
789656;1787411046886;0.0;32;46.0;0.0;0.0;0.0;1509_direct;;;;724.0;0;0;;0;1;1509
789857;1787411047087;0.0;32;46.0;0.0;0.0;0.0;1509_direct_carried;;;;724.0;0;0;;0;1;150A
790077;1787411047307;0.0;32;46.0;0.0;0.0;0.0;1509_direct_carried;;;;724.0;0;0;;0;1;150B
790278;1787411047508;0.0;32;46.0;0.0;0.0;0.0;1509_direct_carried;;;;724.0;0;0;;0;1;150D
791325;1787411048555;0.0;32;46.0;0.0;0.0;0.0;1509_direct_carried;;;;724.0;0;0;;0;1;1502
791737;1787411048967;0.0;32;46.0;0.0;0.0;0.0;1509_direct_carried;;;;724.0;0;0;;0;1;1505
791944;1787411049174;0.0;32;46.0;0.0;0.0;0.0;1509_direct_carried;;;;724.0;0;0;;0;1;1506
792367;1787411049597;0.0;32;46.0;0.0;0.0;0.0;1509_direct_carried;;;;724.0;0;0;;0;1;1508
792573;1787411049803;0.0;32;46.0;0.0;0.0;0.0;1509_direct;;;;724.0;0;0;;0;1;1509
792784;1787411050014;0.0;32;46.0;0.0;0.0;0.0;1509_direct_carried;;;;724.0;0;0;;0;1;150A
792996;1787411050226;0.0;32;46.0;0.0;0.0;0.0;1509_direct_carried;;;;724.0;0;0;;0;1;150B
793197;1787411050427;0.0;32;46.0;0.0;0.0;0.0;1509_direct_carried;;;;724.0;0;0;;0;1;150D
794246;1787411051476;0.0;32;46.0;0.0;0.0;0.0;1509_direct_carried;;;;724.0;0;0;;0;1;1502
794655;1787411051885;0.0;32;46.0;0.0;0.0;0.0;1509_direct_carried;;;;724.0;0;0;;0;1;1505
794865;1787411052095;0.0;32;46.0;0.0;0.0;0.0;1509_direct_carried;;;;724.0;0;0;;0;1;1506
795287;1787411052517;0.0;32;46.0;0.0;0.0;0.0;1509_direct_carried;;;;724.0;0;0;;0;1;1508
795505;1787411052735;0.0;32;46.0;0.0;0.0;0.0;1509_direct;;;;724.0;0;0;;0;1;1509
795704;1787411052934;0.0;32;46.0;0.0;0.0;0.0;1509_direct_carried;;;;724.0;0;0;;0;1;150A
795914;1787411053144;0.0;32;46.0;0.0;0.0;0.0;1509_direct_carried;;;;724.0;0;0;;0;1;150B
796123;1787411053353;0.0;32;46.0;0.0;0.0;0.0;1509_direct_carried;;;;724.0;0;0;;0;1;150D
797170;1787411054400;0.0;32;46.0;0.0;0.0;0.0;1509_direct_carried;;;;724.0;0;0;;0;1;1502
797586;1787411054816;0.0;32;46.0;0.0;0.0;0.0;1509_direct_carried;;;;724.0;0;0;;0;1;1505
797787;1787411055017;0.0;32;46.0;0.0;0.0;0.0;1509_direct_carried;;;;724.0;0;0;;0;1;1506
798206;1787411055436;0.0;32;46.0;0.0;0.0;0.0;1509_direct_carried;;;;724.0;0;0;;0;1;1508
798416;1787411055646;0.0;32;46.0;0.0;0.0;0.0;1509_direct;;;;724.0;0;0;;0;1;1509
798624;1787411055854;0.0;32;46.0;0.0;0.0;0.0;1509_direct_carried;;;;724.0;0;0;;0;1;150A
798833;1787411056063;0.0;32;46.0;0.0;0.0;0.0;1509_direct_carried;;;;724.0;0;0;;0;1;150B
799045;1787411056275;0.0;32;46.0;0.0;0.0;0.0;1509_direct_carried;;;;724.0;0;0;;0;1;150D
800085;1787411057315;0.0;32;46.0;0.0;0.0;0.0;1509_direct_carried;;;;724.0;0;0;;0;1;1502
800506;1787411057736;0.0;32;46.0;0.0;0.0;0.0;1509_direct_carried;;;;724.0;0;0;;0;1;1505
800714;1787411057944;0.0;32;46.0;0.0;0.0;0.0;1509_direct_carried;;;;724.0;0;0;;0;1;1506
801125;1787411058355;0.0;32;46.0;0.0;0.0;0.0;1509_direct_carried;;;;724.0;0;0;;0;1;1508
801335;1787411058565;0.0;32;46.0;0.0;0.0;0.0;1509_direct;;;;724.0;0;0;;0;1;1509
801545;1787411058775;0.0;32;46.0;0.0;0.0;0.0;1509_direct_carried;;;;724.0;0;0;;0;1;150A
801759;1787411058989;0.0;32;46.0;0.0;0.0;0.0;1509_direct_carried;;;;724.0;0;0;;0;1;150B
801966;1787411059196;0.0;32;46.0;0.0;0.0;0.0;1509_direct_carried;;;;724.0;0;0;;0;1;150D
803216;1787411060446;0.0;32;46.0;0.0;0.0;0.0;1509_direct_carried;;;;724.0;0;0;;0;1;1502
803635;1787411060865;0.0;32;46.0;0.0;0.0;0.0;1509_direct_carried;;;;724.0;0;0;;0;1;1505
803835;1787411061065;0.0;32;46.0;0.0;0.0;0.0;1509_direct_carried;;;;724.0;0;0;;0;1;1506
804255;1787411061485;0.0;32;46.0;0.0;0.0;0.0;1509_direct_carried;;;;724.0;0;0;;0;1;1508
804464;1787411061694;0.0;32;46.0;0.0;0.0;0.0;1509_direct;;;;724.0;0;0;;0;1;1509
804675;1787411061905;0.0;32;46.0;0.0;0.0;0.0;1509_direct_carried;;;;724.0;0;0;;0;1;150A
804884;1787411062114;0.0;32;46.0;0.0;0.0;0.0;1509_direct_carried;;;;724.0;0;0;;0;1;150B
805094;1787411062324;0.0;32;46.0;0.0;0.0;0.0;1509_direct_carried;;;;724.0;0;0;;0;1;150D
806137;1787411063367;0.0;32;46.0;0.0;0.0;0.0;1509_direct_carried;;;;724.0;0;0;;0;1;1502
806555;1787411063785;0.0;32;46.0;0.0;0.0;0.0;1509_direct_carried;;;;724.0;0;0;;0;1;1505
806768;1787411063998;0.0;32;46.0;0.0;0.0;0.0;1509_direct_carried;;;;724.0;0;0;;0;1;1506
807178;1787411064408;0.0;32;46.0;0.0;0.0;0.0;1509_direct_carried;;;;724.0;0;0;;0;1;1508
807387;1787411064617;0.0;32;46.0;0.0;0.0;0.0;1509_direct;;;;724.0;0;0;;0;1;1509
807599;1787411064829;0.0;32;46.0;0.0;0.0;0.0;1509_direct_carried;;;;724.0;0;0;;0;1;150A
807808;1787411065038;0.0;32;46.0;0.0;0.0;0.0;1509_direct_carried;;;;724.0;0;0;;0;1;150B
808019;1787411065249;0.0;32;46.0;0.0;0.0;0.0;1509_direct_carried;;;;724.0;0;0;;0;1;150D
809059;1787411066289;0.0;32;46.0;0.0;0.0;0.0;1509_direct_carried;;;;724.0;0;0;;0;1;1502
809475;1787411066705;0.0;32;46.0;0.0;0.0;0.0;1509_direct_carried;;;;724.0;0;0;;0;1;1505
809687;1787411066917;0.0;32;46.0;0.0;0.0;0.0;1509_direct_carried;;;;724.0;0;0;;0;1;1506
810097;1787411067327;0.0;32;46.0;0.0;0.0;0.0;1509_direct_carried;;;;724.0;0;0;;0;1;1508
810308;1787411067538;0.0;32;46.0;0.0;0.0;0.0;1509_direct;;;;724.0;0;0;;0;1;1509
810517;1787411067747;0.0;32;46.0;0.0;0.0;0.0;1509_direct_carried;;;;724.0;0;0;;0;1;150A
810728;1787411067958;0.0;32;46.0;0.0;0.0;0.0;1509_direct_carried;;;;724.0;0;0;;0;1;150B
810941;1787411068171;0.0;32;46.0;0.0;0.0;0.0;1509_direct_carried;;;;724.0;0;0;;0;1;150D
811978;1787411069208;0.0;32;46.0;0.0;0.0;0.0;1509_direct_carried;;;;724.0;0;0;;0;1;1502
812399;1787411069629;0.0;32;46.0;0.0;0.0;0.0;1509_direct_carried;;;;724.0;0;0;;0;1;1505
812608;1787411069838;0.0;32;46.0;0.0;0.0;0.0;1509_direct_carried;;;;724.0;0;0;;0;1;1506
813028;1787411070258;0.0;32;46.0;0.0;0.0;0.0;1509_direct_carried;;;;724.0;0;0;;0;1;1508
813228;1787411070458;0.0;32;46.0;0.0;0.0;0.0;1509_direct;;;;724.0;0;0;;0;1;1509
813439;1787411070669;0.0;32;46.0;0.0;0.0;0.0;1509_direct_carried;;;;724.0;0;0;;0;1;150A
813648;1787411070878;0.0;32;46.0;0.0;0.0;0.0;1509_direct_carried;;;;724.0;0;0;;0;1;150B
813860;1787411071090;0.0;32;46.0;0.0;0.0;0.0;1509_direct_carried;;;;724.0;0;0;;0;1;150D
814899;1787411072129;0.0;32;46.0;0.0;0.0;0.0;1509_direct_carried;;;;724.0;0;0;;0;1;1502
815316;1787411072546;0.0;32;46.0;0.0;0.0;0.0;1509_direct_carried;;;;724.0;0;0;;0;1;1505
815528;1787411072758;0.0;32;46.0;0.0;0.0;0.0;1509_direct_carried;;;;724.0;0;0;;0;1;1506
815950;1787411073180;0.0;32;46.0;0.0;0.0;0.0;1509_direct_carried;;;;724.0;0;0;;0;1;1508
816147;1787411073377;0.0;32;46.0;0.0;0.0;0.0;1509_direct;;;;724.0;0;0;;0;1;1509
816359;1787411073589;0.0;32;46.0;0.0;0.0;0.0;1509_direct_carried;;;;724.0;0;0;;0;1;150A
816566;1787411073796;0.0;32;46.0;0.0;0.0;0.0;1509_direct_carried;;;;724.0;0;0;;0;1;150B
816778;1787411074008;0.0;32;46.0;0.0;0.0;0.0;1509_direct_carried;;;;724.0;0;0;;0;1;150D
817818;1787411075048;0.0;32;46.0;0.0;0.0;0.0;1509_direct_carried;;;;724.0;0;0;;0;1;1502
818238;1787411075468;0.0;32;46.0;0.0;0.0;0.0;1509_direct_carried;;;;724.0;0;0;;0;1;1505
818450;1787411075680;0.0;32;46.0;0.0;0.0;0.0;1509_direct_carried;;;;724.0;0;0;;0;1;1506
818878;1787411076108;0.0;32;46.0;0.0;0.0;0.0;1509_direct_carried;;;;724.0;0;0;;0;1;1508
819079;1787411076309;0.0;32;46.0;0.0;0.0;0.0;1509_direct;;;;724.0;0;0;;0;1;1509
819276;1787411076506;0.0;32;46.0;0.0;0.0;0.0;1509_direct_carried;;;;724.0;0;0;;0;1;150A
819485;1787411076715;0.0;32;46.0;0.0;0.0;0.0;1509_direct_carried;;;;724.0;0;0;;0;1;150B
819696;1787411076926;0.0;32;46.0;0.0;0.0;0.0;1509_direct_carried;;;;724.0;0;0;;0;1;150D
820735;1787411077965;0.0;32;46.0;0.0;0.0;0.0;1509_direct_carried;;;;724.0;0;0;;0;1;1502
821158;1787411078388;0.0;32;46.0;0.0;0.0;0.0;1509_direct_carried;;;;724.0;0;0;;0;1;1505
821368;1787411078598;0.0;32;46.0;0.0;0.0;0.0;1509_direct_carried;;;;724.0;0;0;;0;1;1506
821788;1787411079018;0.0;32;46.0;0.0;0.0;0.0;1509_direct_carried;;;;724.0;0;0;;0;1;1508
821996;1787411079226;0.0;32;46.0;0.0;0.0;0.0;1509_direct;;;;724.0;0;0;;0;1;1509
822195;1787411079425;0.0;32;46.0;0.0;0.0;0.0;1509_direct_carried;;;;724.0;0;0;;0;1;150A
822407;1787411079637;0.0;32;46.0;0.0;0.0;0.0;1509_direct_carried;;;;724.0;0;0;;0;1;150B
822617;1787411079847;0.0;32;46.0;0.0;0.0;0.0;1509_direct_carried;;;;724.0;0;0;;0;1;150D
823670;1787411080900;0.0;32;46.0;0.0;0.0;0.0;1509_direct_carried;;;;724.0;0;0;;0;1;1502