relative_ms;timestamp_ms;channel;meaning;length;packet_no;changed_bytes;hex;payload_sha256;public_redaction
8666;1786641442689;2A00;Unbekannter Kanal;24;1;0,1,2,3,4,5,6,7,8,9,10,11,12,13,14,15,16,17,18,19,20,21,22,23;;76e372406e5a71538c6e4894bba3797f594705e594733a2bb81339ed5e7403a8;identity_or_free_form
9330;1786641443353;2A01;Unbekannter Kanal;2;1;0,1;00-00;;
9984;1786641444007;2A02;Unbekannter Kanal;2;1;0,1;00-00;;
10622;1786641444645;2A04;Unbekannter Kanal;8;1;0,1,2,3,4,5,6,7;14-00-28-00-00-00-E8-03;;
10646;1786641444669;1502;Akkuinformationen;16;1;0,1,2,3,4,5,6,7,8,9,10,11,12,13,14,15;47-18-FF-FF-FF-FF-47-18-FF-FF-FF-FF-FF-FF-00-00;;
11065;1786641445088;1505;BikePerformance / Fahrleistung;18;1;0,1,2,3,4,5,6,7,8,9,10,11,12,13,14,15,16,17;00-00-00-00-FF-FF-00-00-FF-FF-FF-FF-FF-00-00-00-00-00;;
11264;1786641445287;1506;Trip / Kilometer & Betriebszähler;16;1;0,1,2,3,4,5,6,7,8,9,10,11,12,13,14,15;00-00-1B-55-00-02-1F-62-00-00-02-BB-00-00-00-00;;
11275;1786641445298;2A28;Unbekannter Kanal;10;1;0,1,2,3,4,5,6,7,8,9;;065d10ab6f3c497c3209251b654ac005a7f67238063fbfcf96d99fbc93d910b5;identity_or_free_form
11694;1786641445717;1508;Settings / Licht & Fahrstufe;17;1;0,1,2,3,4,5,6,7,8,9,10,11,12,13,14,15,16;00-00-00-01-FF-FF-FF-FF-FF-FF-FF-00-00-00-00-00-00;;
11897;1786641445920;1509;BatteryChange / Akku-Livestand;11;1;0,1,2,3,4,5,6,7,8,9,10;00-00-FF-FF-64-CF-D0-00-00-00-00;;
11941;1786641445964;1501;Fahrzeuginformationen;18;1;0,1,2,3,4,5,6,7,8,9,10,11,12,13,14,15,16,17;01-02-FF-FF-FF-FF-00-FF-FF-0A-00-00-00-03-00-00-00-00;;
12110;1786641446133;150A;MotorUpdate / Motor-Livestand;10;1;0,1,2,3,4,5,6,7,8,9;00-00-FF-FF-FF-FF-FF-FF-FF-FF;;
12312;1786641446335;150B;Motor-/Controllerblock;20;1;0,1,2,3,4,5,6,7,8,9,10,11,12,13,14,15,16,17,18,19;FF-FF-FF-FF-FF-FF-FF-FF-FF-FF-FF-FF-FF-FF-FF-FF-FF-FF-FF-FF;;
12541;1786641446564;150D;Zweite Fahrstatistik;20;1;0,1,2,3,4,5,6,7,8,9,10,11,12,13,14,15,16,17,18,19;00-00-00-00-FF-FF-FF-FF-47-18-FF-FF-FF-FF-FF-FF-FF-FF-00-00;;
12591;1786641446614;1502;Akkuinformationen;16;2;–;47-18-FF-FF-FF-FF-47-18-FF-FF-FF-FF-FF-FF-00-00;;
13244;1786641447267;1503;Motor-/Controllerinformationen;2;1;0,1;00-00;;
13571;1786641447594;1502;Akkuinformationen;16;3;–;47-18-FF-FF-FF-FF-47-18-FF-FF-FF-FF-FF-FF-00-00;;
13912;1786641447935;1504;Firmware-ID;19;1;0,1,2,3,4,5,6,7,8,9,10,11,12,13,14,15,16,17,18;;4e07d6e11ce50a4fe1ae8e5a809265a5f7ec456e886854ff5619eaccd09e46ac;identity_or_free_form
13977;1786641448000;1505;BikePerformance / Fahrleistung;18;2;–;00-00-00-00-FF-FF-00-00-FF-FF-FF-FF-FF-00-00-00-00-00;;
14191;1786641448214;1506;Trip / Kilometer & Betriebszähler;16;2;–;00-00-1B-55-00-02-1F-62-00-00-02-BB-00-00-00-00;;
14560;1786641448583;1505;BikePerformance / Fahrleistung;18;3;–;00-00-00-00-FF-FF-00-00-FF-FF-FF-FF-FF-00-00-00-00-00;;
14606;1786641448629;1508;Settings / Licht & Fahrstufe;17;2;–;00-00-00-01-FF-FF-FF-FF-FF-FF-FF-00-00-00-00-00-00;;
14821;1786641448844;1509;BatteryChange / Akku-Livestand;11;2;–;00-00-FF-FF-64-CF-D0-00-00-00-00;;
15033;1786641449056;150A;MotorUpdate / Motor-Livestand;10;2;–;00-00-FF-FF-FF-FF-FF-FF-FF-FF;;
15201;1786641449224;1506;Trip / Kilometer & Betriebszähler;16;3;–;00-00-1B-55-00-02-1F-62-00-00-02-BB-00-00-00-00;;
15235;1786641449258;150B;Motor-/Controllerblock;20;2;–;FF-FF-FF-FF-FF-FF-FF-FF-FF-FF-FF-FF-FF-FF-FF-FF-FF-FF-FF-FF;;
15447;1786641449470;150D;Zweite Fahrstatistik;20;2;–;00-00-00-00-FF-FF-FF-FF-47-18-FF-FF-FF-FF-FF-FF-FF-FF-00-00;;
15889;1786641449912;1507;Stats / Gesamtfahrdaten;8;1;0,1,2,3,4,5,6,7;FF-FF-FF-FF-00-00-00-00;;
16507;1786641450530;1502;Akkuinformationen;16;4;–;47-18-FF-FF-FF-FF-47-18-FF-FF-FF-FF-FF-FF-00-00;;
16518;1786641450541;1508;Settings / Licht & Fahrstufe;16;3;16;00-00-00-01-FF-FF-FF-FF-FF-FF-FF-00-00-00-00-00;;
16904;1786641450927;1505;BikePerformance / Fahrleistung;18;4;–;00-00-00-00-FF-FF-00-00-FF-FF-FF-FF-FF-00-00-00-00-00;;
17118;1786641451141;1506;Trip / Kilometer & Betriebszähler;16;4;–;00-00-1B-55-00-02-1F-62-00-00-02-BB-00-00-00-00;;
17159;1786641451182;1509;BatteryChange / Akku-Livestand;11;3;–;00-00-FF-FF-64-CF-D0-00-00-00-00;;
17534;1786641451557;1508;Settings / Licht & Fahrstufe;17;4;16;00-00-00-01-FF-FF-FF-FF-FF-FF-FF-00-00-00-00-00-00;;
17736;1786641451759;1509;BatteryChange / Akku-Livestand;11;4;–;00-00-FF-FF-64-CF-D0-00-00-00-00;;
17813;1786641451836;150A;MotorUpdate / Motor-Livestand;10;3;–;00-00-FF-FF-FF-FF-FF-FF-FF-FF;;
17954;1786641451977;150A;MotorUpdate / Motor-Livestand;10;4;–;00-00-FF-FF-FF-FF-FF-FF-FF-FF;;
18151;1786641452174;150B;Motor-/Controllerblock;20;3;–;FF-FF-FF-FF-FF-FF-FF-FF-FF-FF-FF-FF-FF-FF-FF-FF-FF-FF-FF-FF;;
18367;1786641452390;150D;Zweite Fahrstatistik;20;3;–;00-00-00-00-FF-FF-FF-FF-47-18-FF-FF-FF-FF-FF-FF-FF-FF-00-00;;
18475;1786641452498;150B;Motor-/Controllerblock;20;4;–;FF-FF-FF-FF-FF-FF-FF-FF-FF-FF-FF-FF-FF-FF-FF-FF-FF-FF-FF-FF;;
19152;1786641453175;150C;BatteryCellUpdate / Zell- & Temperaturdaten;13;1;0,1,2,3,4,5,6,7,8,9,10,11,12;FF-FF-FF-80-00-80-00-80-00-00-00-00-00;;
19414;1786641453437;1502;Akkuinformationen;16;5;–;47-18-FF-FF-FF-FF-47-18-FF-FF-FF-FF-FF-FF-00-00;;
19781;1786641453804;150D;Zweite Fahrstatistik;20;4;–;00-00-00-00-FF-FF-FF-FF-47-18-FF-FF-FF-FF-FF-FF-FF-FF-00-00;;
19826;1786641453849;1505;BikePerformance / Fahrleistung;18;5;–;00-00-00-00-FF-FF-00-00-FF-FF-FF-FF-FF-00-00-00-00-00;;
20031;1786641454054;1506;Trip / Kilometer & Betriebszähler;16;5;–;00-00-1B-55-00-02-1F-62-00-00-02-BB-00-00-00-00;;
20433;1786641454456;150E;Unbekannter Kanal;20;1;0,1,2,3,4,5,6,7,8,9,10,11,12,13,14,15,16,17,18,19;FF-00-00-00-00-00-00-00-00-00-00-00-00-00-00-00-00-00-00-00;;
20444;1786641454467;1508;Settings / Licht & Fahrstufe;17;5;–;00-00-00-01-FF-FF-FF-FF-FF-FF-FF-00-00-00-00-00-00;;
20660;1786641454683;1509;BatteryChange / Akku-Livestand;11;5;–;00-00-FF-FF-64-CF-D0-00-00-00-00;;
20866;1786641454889;150A;MotorUpdate / Motor-Livestand;10;5;–;00-00-FF-FF-FF-FF-FF-FF-FF-FF;;
21076;1786641455099;150B;Motor-/Controllerblock;20;5;–;FF-FF-FF-FF-FF-FF-FF-FF-FF-FF-FF-FF-FF-FF-FF-FF-FF-FF-FF-FF;;
21085;1786641455108;150F;Unbekannter Kanal;20;1;0,1,2,3,4,5,6,7,8,9,10,11,12,13,14,15,16,17,18,19;FF-00-00-00-00-00-00-00-00-00-00-00-00-00-00-00-00-00-00-00;;
21289;1786641455312;150D;Zweite Fahrstatistik;20;5;–;00-00-00-00-FF-FF-FF-FF-47-18-FF-FF-FF-FF-FF-FF-FF-FF-00-00;;
21738;1786641455761;1510;Unbekannter Kanal;20;1;0,1,2,3,4,5,6,7,8,9,10,11,12,13,14,15,16,17,18,19;FF-00-00-00-00-00-00-00-00-00-00-00-00-00-00-00-00-00-00-00;;
22325;1786641456348;1502;Akkuinformationen;16;6;–;47-18-FF-FF-FF-FF-47-18-FF-FF-FF-FF-FF-FF-00-00;;
22402;1786641456425;1511;Unbekannter Kanal;20;1;0,1,2,3,4,5,6,7,8,9,10,11,12,13,14,15,16,17,18,19;;ddbb9244acf8127793a84541964b8caae120eaef045f4f997bbdaa6a2295bb67;identity_or_free_form
22743;1786641456766;1505;BikePerformance / Fahrleistung;18;6;–;00-00-00-00-FF-FF-00-00-FF-FF-FF-FF-FF-00-00-00-00-00;;
22955;1786641456978;1506;Trip / Kilometer & Betriebszähler;16;6;–;00-00-1B-55-00-02-1F-62-00-00-02-BB-00-00-00-00;;
23054;1786641457077;1512;Unbekannter Kanal;20;1;0,1,2,3,4,5,6,7,8,9,10,11,12,13,14,15,16,17,18,19;FF-00-00-00-00-00-00-00-00-00-00-00-00-00-00-00-00-00-00-00;;
23372;1786641457395;1508;Settings / Licht & Fahrstufe;17;6;–;00-00-00-01-FF-FF-FF-FF-FF-FF-FF-00-00-00-00-00-00;;
23586;1786641457609;1509;BatteryChange / Akku-Livestand;11;6;–;00-00-FF-FF-64-CF-D0-00-00-00-00;;
23741;1786641457764;1513;Unbekannter Kanal;20;1;0,1,2,3,4,5,6,7,8,9,10,11,12,13,14,15,16,17,18,19;;ddbb9244acf8127793a84541964b8caae120eaef045f4f997bbdaa6a2295bb67;identity_or_free_form
23786;1786641457809;150A;MotorUpdate / Motor-Livestand;10;6;–;00-00-FF-FF-FF-FF-FF-FF-FF-FF;;
24002;1786641458025;150B;Motor-/Controllerblock;20;6;–;FF-FF-FF-FF-FF-FF-FF-FF-FF-FF-FF-FF-FF-FF-FF-FF-FF-FF-FF-FF;;
24206;1786641458229;150D;Zweite Fahrstatistik;20;6;–;00-00-00-00-FF-FF-FF-FF-47-18-FF-FF-FF-FF-FF-FF-FF-FF-00-00;;
24372;1786641458395;151C;Unbekannter Kanal;10;1;0,1,2,3,4,5,6,7,8,9;FF-00-00-00-00-00-00-00-00-00;;
25034;1786641459057;1802;Unbekannter Kanal;20;1;0,1,2,3,4,5,6,7,8,9,10,11,12,13,14,15,16,17,18,19;;161660a64e88a397a33d90c876888717a0e1f7735754b0fbec20ad3d762038ba;identity_or_free_form
25465;1786641459488;1502;Akkuinformationen;16;7;–;47-18-FF-FF-FF-FF-47-18-FF-FF-FF-FF-FF-FF-00-00;;
25664;1786641459687;0203;Unbekannter Kanal;1;1;0;00;;
25880;1786641459903;1505;BikePerformance / Fahrleistung;18;7;–;00-00-00-00-FF-FF-00-00-FF-FF-FF-FF-FF-00-00-00-00-00;;
26082;1786641460105;1506;Trip / Kilometer & Betriebszähler;16;7;–;00-00-1B-55-00-02-1F-62-00-00-02-BB-00-00-00-00;;
26499;1786641460522;1508;Settings / Licht & Fahrstufe;17;7;–;00-00-00-01-FF-FF-FF-FF-FF-FF-FF-00-00-00-00-00-00;;
26711;1786641460734;1509;BatteryChange / Akku-Livestand;11;7;–;00-00-FF-FF-64-CF-D0-00-00-00-00;;
26914;1786641460937;150A;MotorUpdate / Motor-Livestand;10;7;–;00-00-FF-FF-FF-FF-FF-FF-FF-FF;;
27126;1786641461149;150B;Motor-/Controllerblock;20;7;–;FF-FF-FF-FF-FF-FF-FF-FF-FF-FF-FF-FF-FF-FF-FF-FF-FF-FF-FF-FF;;
27341;1786641461364;150D;Zweite Fahrstatistik;20;7;–;00-00-00-00-FF-FF-FF-FF-47-18-FF-FF-FF-FF-FF-FF-FF-FF-00-00;;
28377;1786641462400;1502;Akkuinformationen;16;8;–;47-18-FF-FF-FF-FF-47-18-FF-FF-FF-FF-FF-FF-00-00;;
28795;1786641462818;1505;BikePerformance / Fahrleistung;18;8;–;00-00-00-00-FF-FF-00-00-FF-FF-FF-FF-FF-00-00-00-00-00;;
29007;1786641463030;1506;Trip / Kilometer & Betriebszähler;16;8;–;00-00-1B-55-00-02-1F-62-00-00-02-BB-00-00-00-00;;
29427;1786641463450;1508;Settings / Licht & Fahrstufe;17;8;–;00-00-00-01-FF-FF-FF-FF-FF-FF-FF-00-00-00-00-00-00;;
29642;1786641463665;1509;BatteryChange / Akku-Livestand;11;8;–;00-00-FF-FF-64-CF-D0-00-00-00-00;;
29840;1786641463863;150A;MotorUpdate / Motor-Livestand;10;8;–;00-00-FF-FF-FF-FF-FF-FF-FF-FF;;
30056;1786641464079;150B;Motor-/Controllerblock;20;8;–;FF-FF-FF-FF-FF-FF-FF-FF-FF-FF-FF-FF-FF-FF-FF-FF-FF-FF-FF-FF;;
30259;1786641464282;150D;Zweite Fahrstatistik;20;8;–;00-00-00-00-FF-FF-FF-FF-47-18-FF-FF-FF-FF-FF-FF-FF-FF-00-00;;
31301;1786641465324;1502;Akkuinformationen;16;9;–;47-18-FF-FF-FF-FF-47-18-FF-FF-FF-FF-FF-FF-00-00;;
31717;1786641465740;1505;BikePerformance / Fahrleistung;18;9;–;00-00-00-00-FF-FF-00-00-FF-FF-FF-FF-FF-00-00-00-00-00;;
31931;1786641465954;1506;Trip / Kilometer & Betriebszähler;16;9;–;00-00-1B-55-00-02-1F-62-00-00-02-BB-00-00-00-00;;
32348;1786641466371;1508;Settings / Licht & Fahrstufe;17;9;–;00-00-00-01-FF-FF-FF-FF-FF-FF-FF-00-00-00-00-00-00;;
32550;1786641466573;1509;BatteryChange / Akku-Livestand;11;9;–;00-00-FF-FF-64-CF-D0-00-00-00-00;;
32765;1786641466788;150A;MotorUpdate / Motor-Livestand;10;9;–;00-00-FF-FF-FF-FF-FF-FF-FF-FF;;
32966;1786641466989;150B;Motor-/Controllerblock;20;9;–;FF-FF-FF-FF-FF-FF-FF-FF-FF-FF-FF-FF-FF-FF-FF-FF-FF-FF-FF-FF;;
33181;1786641467204;150D;Zweite Fahrstatistik;20;9;–;00-00-00-00-FF-FF-FF-FF-47-18-FF-FF-FF-FF-FF-FF-FF-FF-00-00;;
34226;1786641468249;1502;Akkuinformationen;16;10;–;47-18-FF-FF-FF-FF-47-18-FF-FF-FF-FF-FF-FF-00-00;;
34647;1786641468670;1505;BikePerformance / Fahrleistung;18;10;–;00-00-00-00-FF-FF-00-00-FF-FF-FF-FF-FF-00-00-00-00-00;;
34846;1786641468869;1506;Trip / Kilometer & Betriebszähler;16;10;–;00-00-1B-55-00-02-1F-62-00-00-02-BB-00-00-00-00;;
35261;1786641469284;1508;Settings / Licht & Fahrstufe;17;10;–;00-00-00-01-FF-FF-FF-FF-FF-FF-FF-00-00-00-00-00-00;;
35477;1786641469500;1509;BatteryChange / Akku-Livestand;11;10;–;00-00-FF-FF-64-CF-D0-00-00-00-00;;
35679;1786641469702;150A;MotorUpdate / Motor-Livestand;10;10;–;00-00-FF-FF-FF-FF-FF-FF-FF-FF;;
35893;1786641469916;150B;Motor-/Controllerblock;20;10;–;FF-FF-FF-FF-FF-FF-FF-FF-FF-FF-FF-FF-FF-FF-FF-FF-FF-FF-FF-FF;;
36108;1786641470131;150D;Zweite Fahrstatistik;20;10;–;00-00-00-00-FF-FF-FF-FF-47-18-FF-FF-FF-FF-FF-FF-FF-FF-00-00;;
37141;1786641471164;1502;Akkuinformationen;16;11;–;47-18-FF-FF-FF-FF-47-18-FF-FF-FF-FF-FF-FF-00-00;;
37558;1786641471581;1505;BikePerformance / Fahrleistung;18;11;–;00-00-00-00-FF-FF-00-00-FF-FF-FF-FF-FF-00-00-00-00-00;;
37770;1786641471793;1506;Trip / Kilometer & Betriebszähler;16;11;–;00-00-1B-55-00-02-1F-62-00-00-02-BB-00-00-00-00;;
38185;1786641472208;1508;Settings / Licht & Fahrstufe;17;11;–;00-00-00-01-FF-FF-FF-FF-FF-FF-FF-00-00-00-00-00-00;;
38414;1786641472437;1509;BatteryChange / Akku-Livestand;11;11;–;00-00-FF-FF-64-CF-D0-00-00-00-00;;
38614;1786641472637;150A;MotorUpdate / Motor-Livestand;10;11;–;00-00-FF-FF-FF-FF-FF-FF-FF-FF;;
38818;1786641472841;150B;Motor-/Controllerblock;20;11;–;FF-FF-FF-FF-FF-FF-FF-FF-FF-FF-FF-FF-FF-FF-FF-FF-FF-FF-FF-FF;;
39020;1786641473043;150D;Zweite Fahrstatistik;20;11;–;00-00-00-00-FF-FF-FF-FF-47-18-FF-FF-FF-FF-FF-FF-FF-FF-00-00;;
40067;1786641474090;1502;Akkuinformationen;16;12;–;47-18-FF-FF-FF-FF-47-18-FF-FF-FF-FF-FF-FF-00-00;;
40482;1786641474505;1505;BikePerformance / Fahrleistung;18;12;–;00-00-00-00-FF-FF-00-00-FF-FF-FF-FF-FF-00-00-00-00-00;;
40700;1786641474723;1506;Trip / Kilometer & Betriebszähler;16;12;–;00-00-1B-55-00-02-1F-62-00-00-02-BB-00-00-00-00;;
41115;1786641475138;1508;Settings / Licht & Fahrstufe;17;12;3;00-00-00-02-FF-FF-FF-FF-FF-FF-FF-00-00-00-00-00-00;;
41326;1786641475349;1509;BatteryChange / Akku-Livestand;11;12;–;00-00-FF-FF-64-CF-D0-00-00-00-00;;
41529;1786641475552;150A;MotorUpdate / Motor-Livestand;10;12;–;00-00-FF-FF-FF-FF-FF-FF-FF-FF;;
41767;1786641475790;150B;Motor-/Controllerblock;20;12;–;FF-FF-FF-FF-FF-FF-FF-FF-FF-FF-FF-FF-FF-FF-FF-FF-FF-FF-FF-FF;;
41945;1786641475968;150D;Zweite Fahrstatistik;20;12;–;00-00-00-00-FF-FF-FF-FF-47-18-FF-FF-FF-FF-FF-FF-FF-FF-00-00;;
42993;1786641477016;1502;Akkuinformationen;16;13;–;47-18-FF-FF-FF-FF-47-18-FF-FF-FF-FF-FF-FF-00-00;;
43478;1786641477501;1505;BikePerformance / Fahrleistung;18;13;–;00-00-00-00-FF-FF-00-00-FF-FF-FF-FF-FF-00-00-00-00-00;;
43611;1786641477634;1506;Trip / Kilometer & Betriebszähler;16;13;–;00-00-1B-55-00-02-1F-62-00-00-02-BB-00-00-00-00;;
44041;1786641478064;1508;Settings / Licht & Fahrstufe;17;13;3;00-00-00-01-FF-FF-FF-FF-FF-FF-FF-00-00-00-00-00-00;;
44241;1786641478264;1509;BatteryChange / Akku-Livestand;11;13;–;00-00-FF-FF-64-CF-D0-00-00-00-00;;
44443;1786641478466;150A;MotorUpdate / Motor-Livestand;10;13;–;00-00-FF-FF-FF-FF-FF-FF-FF-FF;;
44658;1786641478681;150B;Motor-/Controllerblock;20;13;–;FF-FF-FF-FF-FF-FF-FF-FF-FF-FF-FF-FF-FF-FF-FF-FF-FF-FF-FF-FF;;
44871;1786641478894;150D;Zweite Fahrstatistik;20;13;–;00-00-00-00-FF-FF-FF-FF-47-18-FF-FF-FF-FF-FF-FF-FF-FF-00-00;;
45917;1786641479940;1502;Akkuinformationen;16;14;–;47-18-FF-FF-FF-FF-47-18-FF-FF-FF-FF-FF-FF-00-00;;
46344;1786641480367;1505;BikePerformance / Fahrleistung;18;14;–;00-00-00-00-FF-FF-00-00-FF-FF-FF-FF-FF-00-00-00-00-00;;
46537;1786641480560;1506;Trip / Kilometer & Betriebszähler;16;14;–;00-00-1B-55-00-02-1F-62-00-00-02-BB-00-00-00-00;;
46952;1786641480975;1508;Settings / Licht & Fahrstufe;17;14;–;00-00-00-01-FF-FF-FF-FF-FF-FF-FF-00-00-00-00-00-00;;
47176;1786641481199;1509;BatteryChange / Akku-Livestand;11;14;–;00-00-FF-FF-64-CF-D0-00-00-00-00;;
47368;1786641481391;150A;MotorUpdate / Motor-Livestand;10;14;–;00-00-FF-FF-FF-FF-FF-FF-FF-FF;;
47594;1786641481617;150B;Motor-/Controllerblock;20;14;–;FF-FF-FF-FF-FF-FF-FF-FF-FF-FF-FF-FF-FF-FF-FF-FF-FF-FF-FF-FF;;
47782;1786641481805;150D;Zweite Fahrstatistik;20;14;–;00-00-00-00-FF-FF-FF-FF-47-18-FF-FF-FF-FF-FF-FF-FF-FF-00-00;;
48829;1786641482852;1502;Akkuinformationen;16;15;–;47-18-FF-FF-FF-FF-47-18-FF-FF-FF-FF-FF-FF-00-00;;
49259;1786641483282;1505;BikePerformance / Fahrleistung;18;15;–;00-00-00-00-FF-FF-00-00-FF-FF-FF-FF-FF-00-00-00-00-00;;
49460;1786641483483;1506;Trip / Kilometer & Betriebszähler;16;15;–;00-00-1B-55-00-02-1F-62-00-00-02-BB-00-00-00-00;;
49878;1786641483901;1508;Settings / Licht & Fahrstufe;17;15;3;00-00-00-02-FF-FF-FF-FF-FF-FF-FF-00-00-00-00-00-00;;
50080;1786641484103;1509;BatteryChange / Akku-Livestand;11;15;–;00-00-FF-FF-64-CF-D0-00-00-00-00;;
50293;1786641484316;150A;MotorUpdate / Motor-Livestand;10;15;–;00-00-FF-FF-FF-FF-FF-FF-FF-FF;;
50508;1786641484531;150B;Motor-/Controllerblock;20;15;–;FF-FF-FF-FF-FF-FF-FF-FF-FF-FF-FF-FF-FF-FF-FF-FF-FF-FF-FF-FF;;
50710;1786641484733;150D;Zweite Fahrstatistik;20;15;–;00-00-00-00-FF-FF-FF-FF-47-18-FF-FF-FF-FF-FF-FF-FF-FF-00-00;;
51756;1786641485779;1502;Akkuinformationen;16;16;–;47-18-FF-FF-FF-FF-47-18-FF-FF-FF-FF-FF-FF-00-00;;
52174;1786641486197;1505;BikePerformance / Fahrleistung;18;16;–;00-00-00-00-FF-FF-00-00-FF-FF-FF-FF-FF-00-00-00-00-00;;
52397;1786641486420;1506;Trip / Kilometer & Betriebszähler;16;16;–;00-00-1B-55-00-02-1F-62-00-00-02-BB-00-00-00-00;;
52815;1786641486838;1508;Settings / Licht & Fahrstufe;17;16;–;00-00-00-02-FF-FF-FF-FF-FF-FF-FF-00-00-00-00-00-00;;
53004;1786641487027;1509;BatteryChange / Akku-Livestand;11;16;–;00-00-FF-FF-64-CF-D0-00-00-00-00;;
53228;1786641487251;150A;MotorUpdate / Motor-Livestand;10;16;–;00-00-FF-FF-FF-FF-FF-FF-FF-FF;;
53420;1786641487443;150B;Motor-/Controllerblock;20;16;–;FF-FF-FF-FF-FF-FF-FF-FF-FF-FF-FF-FF-FF-FF-FF-FF-FF-FF-FF-FF;;
53647;1786641487670;150D;Zweite Fahrstatistik;20;16;–;00-00-00-00-FF-FF-FF-FF-47-18-FF-FF-FF-FF-FF-FF-FF-FF-00-00;;
54714;1786641488737;1502;Akkuinformationen;16;17;–;47-18-FF-FF-FF-FF-47-18-FF-FF-FF-FF-FF-FF-00-00;;
55110;1786641489133;1505;BikePerformance / Fahrleistung;18;17;–;00-00-00-00-FF-FF-00-00-FF-FF-FF-FF-FF-00-00-00-00-00;;
55321;1786641489344;1506;Trip / Kilometer & Betriebszähler;16;17;–;00-00-1B-55-00-02-1F-62-00-00-02-BB-00-00-00-00;;
55716;1786641489739;1508;Settings / Licht & Fahrstufe;17;17;–;00-00-00-02-FF-FF-FF-FF-FF-FF-FF-00-00-00-00-00-00;;
55940;1786641489963;1509;BatteryChange / Akku-Livestand;11;17;–;00-00-FF-FF-64-CF-D0-00-00-00-00;;
56133;1786641490156;150A;MotorUpdate / Motor-Livestand;10;17;–;00-00-FF-FF-FF-FF-FF-FF-FF-FF;;
56357;1786641490380;150B;Motor-/Controllerblock;20;17;–;FF-FF-FF-FF-FF-FF-FF-FF-FF-FF-FF-FF-FF-FF-FF-FF-FF-FF-FF-FF;;
56562;1786641490585;150D;Zweite Fahrstatistik;20;17;–;00-00-00-00-FF-FF-FF-FF-47-18-FF-FF-FF-FF-FF-FF-FF-FF-00-00;;
57606;1786641491629;1502;Akkuinformationen;16;18;–;47-18-FF-FF-FF-FF-47-18-FF-FF-FF-FF-FF-FF-00-00;;
58022;1786641492045;1505;BikePerformance / Fahrleistung;18;18;–;00-00-00-00-FF-FF-00-00-FF-FF-FF-FF-FF-00-00-00-00-00;;
58269;1786641492292;1506;Trip / Kilometer & Betriebszähler;16;18;–;00-00-1B-55-00-02-1F-62-00-00-02-BB-00-00-00-00;;
58640;1786641492663;1508;Settings / Licht & Fahrstufe;17;18;–;00-00-00-02-FF-FF-FF-FF-FF-FF-FF-00-00-00-00-00-00;;
58854;1786641492877;1509;BatteryChange / Akku-Livestand;11;18;–;00-00-FF-FF-64-CF-D0-00-00-00-00;;
59056;1786641493079;150A;MotorUpdate / Motor-Livestand;10;18;–;00-00-FF-FF-FF-FF-FF-FF-FF-FF;;
59282;1786641493305;150B;Motor-/Controllerblock;20;18;–;FF-FF-FF-FF-FF-FF-FF-FF-FF-FF-FF-FF-FF-FF-FF-FF-FF-FF-FF-FF;;
59497;1786641493520;150D;Zweite Fahrstatistik;20;18;–;00-00-00-00-FF-FF-FF-FF-47-18-FF-FF-FF-FF-FF-FF-FF-FF-00-00;;
60517;1786641494540;1502;Akkuinformationen;16;19;–;47-18-FF-FF-FF-FF-47-18-FF-FF-FF-FF-FF-FF-00-00;;
60934;1786641494957;1505;BikePerformance / Fahrleistung;18;19;–;00-00-00-00-FF-FF-00-00-FF-FF-FF-FF-FF-00-00-00-00-00;;
61162;1786641495185;1506;Trip / Kilometer & Betriebszähler;16;19;–;00-00-1B-55-00-02-1F-62-00-00-02-BB-00-00-00-00;;
61586;1786641495609;1508;Settings / Licht & Fahrstufe;17;19;–;00-00-00-02-FF-FF-FF-FF-FF-FF-FF-00-00-00-00-00-00;;
61767;1786641495790;1509;BatteryChange / Akku-Livestand;11;19;–;00-00-FF-FF-64-CF-D0-00-00-00-00;;
61995;1786641496018;150A;MotorUpdate / Motor-Livestand;10;19;–;00-00-FF-FF-FF-FF-FF-FF-FF-FF;;
62196;1786641496219;150B;Motor-/Controllerblock;20;19;–;FF-FF-FF-FF-FF-FF-FF-FF-FF-FF-FF-FF-FF-FF-FF-FF-FF-FF-FF-FF;;
62397;1786641496420;150D;Zweite Fahrstatistik;20;19;–;00-00-00-00-FF-FF-FF-FF-47-18-FF-FF-FF-FF-FF-FF-FF-FF-00-00;;
63457;1786641497480;1502;Akkuinformationen;16;20;–;47-18-FF-FF-FF-FF-47-18-FF-FF-FF-FF-FF-FF-00-00;;
63882;1786641497905;1505;BikePerformance / Fahrleistung;18;20;–;00-00-00-00-FF-FF-00-00-FF-FF-FF-FF-FF-00-00-00-00-00;;
64063;1786641498086;1506;Trip / Kilometer & Betriebszähler;16;20;–;00-00-1B-55-00-02-1F-62-00-00-02-BB-00-00-00-00;;
64490;1786641498513;1508;Settings / Licht & Fahrstufe;17;20;–;00-00-00-02-FF-FF-FF-FF-FF-FF-FF-00-00-00-00-00-00;;
64692;1786641498715;1509;BatteryChange / Akku-Livestand;11;20;–;00-00-FF-FF-64-CF-D0-00-00-00-00;;
64908;1786641498931;150A;MotorUpdate / Motor-Livestand;10;20;–;00-00-FF-FF-FF-FF-FF-FF-FF-FF;;
65111;1786641499134;150B;Motor-/Controllerblock;20;20;–;FF-FF-FF-FF-FF-FF-FF-FF-FF-FF-FF-FF-FF-FF-FF-FF-FF-FF-FF-FF;;
65324;1786641499347;150D;Zweite Fahrstatistik;20;20;–;00-00-00-00-FF-FF-FF-FF-47-18-FF-FF-FF-FF-FF-FF-FF-FF-00-00;;
66360;1786641500383;1502;Akkuinformationen;16;21;–;47-18-FF-FF-FF-FF-47-18-FF-FF-FF-FF-FF-FF-00-00;;
66776;1786641500799;1505;BikePerformance / Fahrleistung;18;21;–;00-00-00-00-FF-FF-00-00-FF-FF-FF-FF-FF-00-00-00-00-00;;
66989;1786641501012;1506;Trip / Kilometer & Betriebszähler;16;21;–;00-00-1B-55-00-02-1F-62-00-00-02-BB-00-00-00-00;;
67403;1786641501426;1508;Settings / Licht & Fahrstufe;17;21;–;00-00-00-02-FF-FF-FF-FF-FF-FF-FF-00-00-00-00-00-00;;
67641;1786641501664;1509;BatteryChange / Akku-Livestand;11;21;–;00-00-FF-FF-64-CF-D0-00-00-00-00;;
67820;1786641501843;150A;MotorUpdate / Motor-Livestand;10;21;–;00-00-FF-FF-FF-FF-FF-FF-FF-FF;;
68035;1786641502058;150B;Motor-/Controllerblock;20;21;–;FF-FF-FF-FF-FF-FF-FF-FF-FF-FF-FF-FF-FF-FF-FF-FF-FF-FF-FF-FF;;
68261;1786641502284;150D;Zweite Fahrstatistik;20;21;–;00-00-00-00-FF-FF-FF-FF-47-18-FF-FF-FF-FF-FF-FF-FF-FF-00-00;;
69296;1786641503319;1502;Akkuinformationen;16;22;–;47-18-FF-FF-FF-FF-47-18-FF-FF-FF-FF-FF-FF-00-00;;
69712;1786641503735;1505;BikePerformance / Fahrleistung;18;22;–;00-00-00-00-FF-FF-00-00-FF-FF-FF-FF-FF-00-00-00-00-00;;
69912;1786641503935;1506;Trip / Kilometer & Betriebszähler;16;22;–;00-00-1B-55-00-02-1F-62-00-00-02-BB-00-00-00-00;;
70330;1786641504353;1508;Settings / Licht & Fahrstufe;17;22;–;00-00-00-02-FF-FF-FF-FF-FF-FF-FF-00-00-00-00-00-00;;
70543;1786641504566;1509;BatteryChange / Akku-Livestand;11;22;–;00-00-FF-FF-64-CF-D0-00-00-00-00;;
70744;1786641504767;150A;MotorUpdate / Motor-Livestand;10;22;–;00-00-FF-FF-FF-FF-FF-FF-FF-FF;;
70960;1786641504983;150B;Motor-/Controllerblock;20;22;–;FF-FF-FF-FF-FF-FF-FF-FF-FF-FF-FF-FF-FF-FF-FF-FF-FF-FF-FF-FF;;
71162;1786641505185;150D;Zweite Fahrstatistik;20;22;–;00-00-00-00-FF-FF-FF-FF-47-18-FF-FF-FF-FF-FF-FF-FF-FF-00-00;;
72208;1786641506231;1502;Akkuinformationen;16;23;–;47-18-FF-FF-FF-FF-47-18-FF-FF-FF-FF-FF-FF-00-00;;
72625;1786641506648;1505;BikePerformance / Fahrleistung;18;23;–;00-00-00-00-FF-FF-00-00-FF-FF-FF-FF-FF-00-00-00-00-00;;
72829;1786641506852;1506;Trip / Kilometer & Betriebszähler;16;23;–;00-00-1B-55-00-02-1F-62-00-00-02-BB-00-00-00-00;;
73255;1786641507278;1508;Settings / Licht & Fahrstufe;17;23;–;00-00-00-02-FF-FF-FF-FF-FF-FF-FF-00-00-00-00-00-00;;
73457;1786641507480;1509;BatteryChange / Akku-Livestand;11;23;–;00-00-FF-FF-64-CF-D0-00-00-00-00;;
73672;1786641507695;150A;MotorUpdate / Motor-Livestand;10;23;–;00-00-FF-FF-FF-FF-FF-FF-FF-FF;;
73873;1786641507896;150B;Motor-/Controllerblock;20;23;–;FF-FF-FF-FF-FF-FF-FF-FF-FF-FF-FF-FF-FF-FF-FF-FF-FF-FF-FF-FF;;
74109;1786641508132;150D;Zweite Fahrstatistik;20;23;–;00-00-00-00-FF-FF-FF-FF-47-18-FF-FF-FF-FF-FF-FF-FF-FF-00-00;;
75133;1786641509156;1502;Akkuinformationen;16;24;–;47-18-FF-FF-FF-FF-47-18-FF-FF-FF-FF-FF-FF-00-00;;
75559;1786641509582;1505;BikePerformance / Fahrleistung;18;24;–;00-00-00-00-FF-FF-00-00-FF-FF-FF-FF-FF-00-00-00-00-00;;
75761;1786641509784;1506;Trip / Kilometer & Betriebszähler;16;24;–;00-00-1B-55-00-02-1F-62-00-00-02-BB-00-00-00-00;;
76193;1786641510216;1508;Settings / Licht & Fahrstufe;17;24;–;00-00-00-02-FF-FF-FF-FF-FF-FF-FF-00-00-00-00-00-00;;
76381;1786641510404;1509;BatteryChange / Akku-Livestand;11;24;–;00-00-FF-FF-64-CF-D0-00-00-00-00;;
76583;1786641510606;150A;MotorUpdate / Motor-Livestand;10;24;–;00-00-FF-FF-FF-FF-FF-FF-FF-FF;;
76798;1786641510821;150B;Motor-/Controllerblock;20;24;–;FF-FF-FF-FF-FF-FF-FF-FF-FF-FF-FF-FF-FF-FF-FF-FF-FF-FF-FF-FF;;
77022;1786641511045;150D;Zweite Fahrstatistik;20;24;–;00-00-00-00-FF-FF-FF-FF-47-18-FF-FF-FF-FF-FF-FF-FF-FF-00-00;;
78047;1786641512070;1502;Akkuinformationen;16;25;–;47-18-FF-FF-FF-FF-47-18-FF-FF-FF-FF-FF-FF-00-00;;
78464;1786641512487;1505;BikePerformance / Fahrleistung;18;25;–;00-00-00-00-FF-FF-00-00-FF-FF-FF-FF-FF-00-00-00-00-00;;
78690;1786641512713;1506;Trip / Kilometer & Betriebszähler;16;25;–;00-00-1B-55-00-02-1F-62-00-00-02-BB-00-00-00-00;;
79105;1786641513128;1508;Settings / Licht & Fahrstufe;17;25;–;00-00-00-02-FF-FF-FF-FF-FF-FF-FF-00-00-00-00-00-00;;
79296;1786641513319;1509;BatteryChange / Akku-Livestand;11;25;–;00-00-FF-FF-64-CF-D0-00-00-00-00;;
79521;1786641513544;150A;MotorUpdate / Motor-Livestand;10;25;–;00-00-FF-FF-FF-FF-FF-FF-FF-FF;;
79746;1786641513769;150B;Motor-/Controllerblock;20;25;–;FF-FF-FF-FF-FF-FF-FF-FF-FF-FF-FF-FF-FF-FF-FF-FF-FF-FF-FF-FF;;
79924;1786641513947;150D;Zweite Fahrstatistik;20;25;–;00-00-00-00-FF-FF-FF-FF-47-18-FF-FF-FF-FF-FF-FF-FF-FF-00-00;;
80982;1786641515005;1502;Akkuinformationen;16;26;–;47-18-FF-FF-FF-FF-47-18-FF-FF-FF-FF-FF-FF-00-00;;
81387;1786641515410;1505;BikePerformance / Fahrleistung;18;26;–;00-00-00-00-FF-FF-00-00-FF-FF-FF-FF-FF-00-00-00-00-00;;
81634;1786641515657;1506;Trip / Kilometer & Betriebszähler;16;26;–;00-00-1B-55-00-02-1F-62-00-00-02-BB-00-00-00-00;;
82018;1786641516041;1508;Settings / Licht & Fahrstufe;17;26;–;00-00-00-02-FF-FF-FF-FF-FF-FF-FF-00-00-00-00-00-00;;
82220;1786641516243;1509;BatteryChange / Akku-Livestand;11;26;–;00-00-FF-FF-64-CF-D0-00-00-00-00;;
82434;1786641516457;150A;MotorUpdate / Motor-Livestand;10;26;–;00-00-FF-FF-FF-FF-FF-FF-FF-FF;;
82638;1786641516661;150B;Motor-/Controllerblock;20;26;–;FF-FF-FF-FF-FF-FF-FF-FF-FF-FF-FF-FF-FF-FF-FF-FF-FF-FF-FF-FF;;
82852;1786641516875;150D;Zweite Fahrstatistik;20;26;–;00-00-00-00-FF-FF-FF-FF-47-18-FF-FF-FF-FF-FF-FF-FF-FF-00-00;;
83898;1786641517921;1502;Akkuinformationen;16;27;–;47-18-FF-FF-FF-FF-47-18-FF-FF-FF-FF-FF-FF-00-00;;
84316;1786641518339;1505;BikePerformance / Fahrleistung;18;27;–;00-00-00-00-FF-FF-00-00-FF-FF-FF-FF-FF-00-00-00-00-00;;
84549;1786641518572;1506;Trip / Kilometer & Betriebszähler;16;27;–;00-00-1B-55-00-02-1F-62-00-00-02-BB-00-00-00-00;;
84967;1786641518990;1508;Settings / Licht & Fahrstufe;17;27;–;00-00-00-02-FF-FF-FF-FF-FF-FF-FF-00-00-00-00-00-00;;
85145;1786641519168;1509;BatteryChange / Akku-Livestand;11;27;–;00-00-FF-FF-64-CF-D0-00-00-00-00;;
85362;1786641519385;150A;MotorUpdate / Motor-Livestand;10;27;–;00-00-FF-FF-FF-FF-FF-FF-FF-FF;;
85562;1786641519585;150B;Motor-/Controllerblock;20;27;–;FF-FF-FF-FF-FF-FF-FF-FF-FF-FF-FF-FF-FF-FF-FF-FF-FF-FF-FF-FF;;
85776;1786641519799;150D;Zweite Fahrstatistik;20;27;–;00-00-00-00-FF-FF-FF-FF-47-18-FF-FF-FF-FF-FF-FF-FF-FF-00-00;;
86812;1786641520835;1502;Akkuinformationen;16;28;–;47-18-FF-FF-FF-FF-47-18-FF-FF-FF-FF-FF-FF-00-00;;
87237;1786641521260;1505;BikePerformance / Fahrleistung;18;28;–;00-00-00-00-FF-FF-00-00-FF-FF-FF-FF-FF-00-00-00-00-00;;
87465;1786641521488;1506;Trip / Kilometer & Betriebszähler;16;28;–;00-00-1B-55-00-02-1F-62-00-00-02-BB-00-00-00-00;;
87857;1786641521880;1508;Settings / Licht & Fahrstufe;17;28;–;00-00-00-02-FF-FF-FF-FF-FF-FF-FF-00-00-00-00-00-00;;
88082;1786641522105;1509;BatteryChange / Akku-Livestand;11;28;–;00-00-FF-FF-64-CF-D0-00-00-00-00;;
88273;1786641522296;150A;MotorUpdate / Motor-Livestand;10;28;–;00-00-FF-FF-FF-FF-FF-FF-FF-FF;;
88485;1786641522508;150B;Motor-/Controllerblock;20;28;–;FF-FF-FF-FF-FF-FF-FF-FF-FF-FF-FF-FF-FF-FF-FF-FF-FF-FF-FF-FF;;
88710;1786641522733;150D;Zweite Fahrstatistik;20;28;–;00-00-00-00-FF-FF-FF-FF-47-18-FF-FF-FF-FF-FF-FF-FF-FF-00-00;;
89736;1786641523759;1502;Akkuinformationen;16;29;–;47-18-FF-FF-FF-FF-47-18-FF-FF-FF-FF-FF-FF-00-00;;
90150;1786641524173;1505;BikePerformance / Fahrleistung;18;29;–;00-00-00-00-FF-FF-00-00-FF-FF-FF-FF-FF-00-00-00-00-00;;
90365;1786641524388;1506;Trip / Kilometer & Betriebszähler;16;29;–;00-00-1B-55-00-02-1F-62-00-00-02-BB-00-00-00-00;;
90792;1786641524815;1508;Settings / Licht & Fahrstufe;17;29;–;00-00-00-02-FF-FF-FF-FF-FF-FF-FF-00-00-00-00-00-00;;
90983;1786641525006;1509;BatteryChange / Akku-Livestand;11;29;–;00-00-FF-FF-64-CF-D0-00-00-00-00;;
91228;1786641525251;150A;MotorUpdate / Motor-Livestand;10;29;–;00-00-FF-FF-FF-FF-FF-FF-FF-FF;;
91410;1786641525433;150B;Motor-/Controllerblock;20;29;–;FF-FF-FF-FF-FF-FF-FF-FF-FF-FF-FF-FF-FF-FF-FF-FF-FF-FF-FF-FF;;
91625;1786641525648;150D;Zweite Fahrstatistik;20;29;–;00-00-00-00-FF-FF-FF-FF-47-18-FF-FF-FF-FF-FF-FF-FF-FF-00-00;;
92659;1786641526682;1502;Akkuinformationen;16;30;–;47-18-FF-FF-FF-FF-47-18-FF-FF-FF-FF-FF-FF-00-00;;
93076;1786641527099;1505;BikePerformance / Fahrleistung;18;30;–;00-00-00-00-FF-FF-00-00-FF-FF-FF-FF-FF-00-00-00-00-00;;
93290;1786641527313;1506;Trip / Kilometer & Betriebszähler;16;30;–;00-00-1B-55-00-02-1F-62-00-00-02-BB-00-00-00-00;;
93707;1786641527730;1508;Settings / Licht & Fahrstufe;17;30;–;00-00-00-02-FF-FF-FF-FF-FF-FF-FF-00-00-00-00-00-00;;
93919;1786641527942;1509;BatteryChange / Akku-Livestand;11;30;–;00-00-FF-FF-64-CF-D0-00-00-00-00;;
94131;1786641528154;150A;MotorUpdate / Motor-Livestand;10;30;–;00-00-FF-FF-FF-FF-FF-FF-FF-FF;;
94324;1786641528347;150B;Motor-/Controllerblock;20;30;–;FF-FF-FF-FF-FF-FF-FF-FF-FF-FF-FF-FF-FF-FF-FF-FF-FF-FF-FF-FF;;
94539;1786641528562;150D;Zweite Fahrstatistik;20;30;–;00-00-00-00-FF-FF-FF-FF-47-18-FF-FF-FF-FF-FF-FF-FF-FF-00-00;;
95585;1786641529608;1502;Akkuinformationen;16;31;–;47-18-FF-FF-FF-FF-47-18-FF-FF-FF-FF-FF-FF-00-00;;
96012;1786641530035;1505;BikePerformance / Fahrleistung;18;31;–;00-00-00-00-FF-FF-00-00-FF-FF-FF-FF-FF-00-00-00-00-00;;
96214;1786641530237;1506;Trip / Kilometer & Betriebszähler;16;31;–;00-00-1B-55-00-02-1F-62-00-00-02-BB-00-00-00-00;;
96632;1786641530655;1508;Settings / Licht & Fahrstufe;17;31;–;00-00-00-02-FF-FF-FF-FF-FF-FF-FF-00-00-00-00-00-00;;
96845;1786641530868;1509;BatteryChange / Akku-Livestand;11;31;–;00-00-FF-FF-64-CF-D0-00-00-00-00;;
97050;1786641531073;150A;MotorUpdate / Motor-Livestand;10;31;–;00-00-FF-FF-FF-FF-FF-FF-FF-FF;;
97250;1786641531273;150B;Motor-/Controllerblock;20;31;–;FF-FF-FF-FF-FF-FF-FF-FF-FF-FF-FF-FF-FF-FF-FF-FF-FF-FF-FF-FF;;
97466;1786641531489;150D;Zweite Fahrstatistik;20;31;–;00-00-00-00-FF-FF-FF-FF-47-18-FF-FF-FF-FF-FF-FF-FF-FF-00-00;;
98531;1786641532554;1502;Akkuinformationen;16;32;–;47-18-FF-FF-FF-FF-47-18-FF-FF-FF-FF-FF-FF-00-00;;
98941;1786641532964;1505;BikePerformance / Fahrleistung;18;32;–;00-00-00-00-FF-FF-00-00-FF-FF-FF-FF-FF-00-00-00-00-00;;
99128;1786641533151;1506;Trip / Kilometer & Betriebszähler;16;32;–;00-00-1B-55-00-02-1F-62-00-00-02-BB-00-00-00-00;;
99556;1786641533579;1508;Settings / Licht & Fahrstufe;17;32;–;00-00-00-02-FF-FF-FF-FF-FF-FF-FF-00-00-00-00-00-00;;
99772;1786641533795;1509;BatteryChange / Akku-Livestand;11;32;–;00-00-FF-FF-64-CF-D0-00-00-00-00;;
99963;1786641533986;150A;MotorUpdate / Motor-Livestand;10;32;–;00-00-FF-FF-FF-FF-FF-FF-FF-FF;;
100187;1786641534210;150B;Motor-/Controllerblock;20;32;–;FF-FF-FF-FF-FF-FF-FF-FF-FF-FF-FF-FF-FF-FF-FF-FF-FF-FF-FF-FF;;
100376;1786641534399;150D;Zweite Fahrstatistik;20;32;–;00-00-00-00-FF-FF-FF-FF-47-18-FF-FF-FF-FF-FF-FF-FF-FF-00-00;;
101424;1786641535447;1502;Akkuinformationen;16;33;–;47-18-FF-FF-FF-FF-47-18-FF-FF-FF-FF-FF-FF-00-00;;
101852;1786641535875;1505;BikePerformance / Fahrleistung;18;33;–;00-00-00-00-FF-FF-00-00-FF-FF-FF-FF-FF-00-00-00-00-00;;
102054;1786641536077;1506;Trip / Kilometer & Betriebszähler;16;33;–;00-00-1B-55-00-02-1F-62-00-00-02-BB-00-00-00-00;;
102469;1786641536492;1508;Settings / Licht & Fahrstufe;17;33;–;00-00-00-02-FF-FF-FF-FF-FF-FF-FF-00-00-00-00-00-00;;
102672;1786641536695;1509;BatteryChange / Akku-Livestand;11;33;–;00-00-FF-FF-64-CF-D0-00-00-00-00;;
102886;1786641536909;150A;MotorUpdate / Motor-Livestand;10;33;–;00-00-FF-FF-FF-FF-FF-FF-FF-FF;;
103113;1786641537136;150B;Motor-/Controllerblock;20;33;–;FF-FF-FF-FF-FF-FF-FF-FF-FF-FF-FF-FF-FF-FF-FF-FF-FF-FF-FF-FF;;
103303;1786641537326;150D;Zweite Fahrstatistik;20;33;–;00-00-00-00-FF-FF-FF-FF-47-18-FF-FF-FF-FF-FF-FF-FF-FF-00-00;;
104349;1786641538372;1502;Akkuinformationen;16;34;–;47-18-FF-FF-FF-FF-47-18-FF-FF-FF-FF-FF-FF-00-00;;
104763;1786641538786;1505;BikePerformance / Fahrleistung;18;34;–;00-00-00-00-FF-FF-00-00-FF-FF-FF-FF-FF-00-00-00-00-00;;
104979;1786641539002;1506;Trip / Kilometer & Betriebszähler;16;34;–;00-00-1B-55-00-02-1F-62-00-00-02-BB-00-00-00-00;;
105406;1786641539429;1508;Settings / Licht & Fahrstufe;17;34;–;00-00-00-02-FF-FF-FF-FF-FF-FF-FF-00-00-00-00-00-00;;
105600;1786641539623;1509;BatteryChange / Akku-Livestand;11;34;–;00-00-FF-FF-64-CF-D0-00-00-00-00;;
105813;1786641539836;150A;MotorUpdate / Motor-Livestand;10;34;–;00-00-FF-FF-FF-FF-FF-FF-FF-FF;;
106036;1786641540059;150B;Motor-/Controllerblock;20;34;–;FF-FF-FF-FF-FF-FF-FF-FF-FF-FF-FF-FF-FF-FF-FF-FF-FF-FF-FF-FF;;
106230;1786641540253;150D;Zweite Fahrstatistik;20;34;–;00-00-00-00-FF-FF-FF-FF-47-18-FF-FF-FF-FF-FF-FF-FF-FF-00-00;;
107273;1786641541296;1502;Akkuinformationen;16;35;–;47-18-FF-FF-FF-FF-47-18-FF-FF-FF-FF-FF-FF-00-00;;
107691;1786641541714;1505;BikePerformance / Fahrleistung;18;35;–;00-00-00-00-FF-FF-00-00-FF-FF-FF-FF-FF-00-00-00-00-00;;
107893;1786641541916;1506;Trip / Kilometer & Betriebszähler;16;35;–;00-00-1B-55-00-02-1F-62-00-00-02-BB-00-00-00-00;;
108321;1786641542344;1508;Settings / Licht & Fahrstufe;17;35;–;00-00-00-02-FF-FF-FF-FF-FF-FF-FF-00-00-00-00-00-00;;
108523;1786641542546;1509;BatteryChange / Akku-Livestand;11;35;–;00-00-FF-FF-64-CF-D0-00-00-00-00;;
108748;1786641542771;150A;MotorUpdate / Motor-Livestand;10;35;–;00-00-FF-FF-FF-FF-FF-FF-FF-FF;;
108940;1786641542963;150B;Motor-/Controllerblock;20;35;–;FF-FF-FF-FF-FF-FF-FF-FF-FF-FF-FF-FF-FF-FF-FF-FF-FF-FF-FF-FF;;
109154;1786641543177;150D;Zweite Fahrstatistik;20;35;–;00-00-00-00-FF-FF-FF-FF-47-18-FF-FF-FF-FF-FF-FF-FF-FF-00-00;;
110188;1786641544211;1502;Akkuinformationen;16;36;–;47-18-FF-FF-FF-FF-47-18-FF-FF-FF-FF-FF-FF-00-00;;
110617;1786641544640;1505;BikePerformance / Fahrleistung;18;36;–;00-00-00-00-FF-FF-00-00-FF-FF-FF-FF-FF-00-00-00-00-00;;
110842;1786641544865;1506;Trip / Kilometer & Betriebszähler;16;36;–;00-00-1B-55-00-02-1F-62-00-00-02-BB-00-00-00-00;;
111246;1786641545269;1508;Settings / Licht & Fahrstufe;17;36;–;00-00-00-02-FF-FF-FF-FF-FF-FF-FF-00-00-00-00-00-00;;
111448;1786641545471;1509;BatteryChange / Akku-Livestand;11;36;–;00-00-FF-FF-64-CF-D0-00-00-00-00;;
111650;1786641545673;150A;MotorUpdate / Motor-Livestand;10;36;–;00-00-FF-FF-FF-FF-FF-FF-FF-FF;;
111863;1786641545886;150B;Motor-/Controllerblock;20;36;–;FF-FF-FF-FF-FF-FF-FF-FF-FF-FF-FF-FF-FF-FF-FF-FF-FF-FF-FF-FF;;
112077;1786641546100;150D;Zweite Fahrstatistik;20;36;–;00-00-00-00-FF-FF-FF-FF-47-18-FF-FF-FF-FF-FF-FF-FF-FF-00-00;;
113114;1786641547137;1502;Akkuinformationen;16;37;–;47-18-FF-FF-FF-FF-47-18-FF-FF-FF-FF-FF-FF-00-00;;
113530;1786641547553;1505;BikePerformance / Fahrleistung;18;37;–;00-00-00-00-FF-FF-00-00-FF-FF-FF-FF-FF-00-00-00-00-00;;
113744;1786641547767;1506;Trip / Kilometer & Betriebszähler;16;37;–;00-00-1B-55-00-02-1F-62-00-00-02-BB-00-00-00-00;;
114160;1786641548183;1508;Settings / Licht & Fahrstufe;17;37;–;00-00-00-02-FF-FF-FF-FF-FF-FF-FF-00-00-00-00-00-00;;
114361;1786641548384;1509;BatteryChange / Akku-Livestand;11;37;–;00-00-FF-FF-64-CF-D0-00-00-00-00;;
114575;1786641548598;150A;MotorUpdate / Motor-Livestand;10;37;–;00-00-FF-FF-FF-FF-FF-FF-FF-FF;;
114788;1786641548811;150B;Motor-/Controllerblock;20;37;–;FF-FF-FF-FF-FF-FF-FF-FF-FF-FF-FF-FF-FF-FF-FF-FF-FF-FF-FF-FF;;
114993;1786641549016;150D;Zweite Fahrstatistik;20;37;–;00-00-00-00-FF-FF-FF-FF-47-18-FF-FF-FF-FF-FF-FF-FF-FF-00-00;;
116038;1786641550061;1502;Akkuinformationen;16;38;–;47-18-FF-FF-FF-FF-47-18-FF-FF-FF-FF-FF-FF-00-00;;
116459;1786641550482;1505;BikePerformance / Fahrleistung;18;38;–;00-00-00-00-FF-FF-00-00-FF-FF-FF-FF-FF-00-00-00-00-00;;
116670;1786641550693;1506;Trip / Kilometer & Betriebszähler;16;38;–;00-00-1B-55-00-02-1F-62-00-00-02-BB-00-00-00-00;;
117082;1786641551105;1508;Settings / Licht & Fahrstufe;17;38;–;00-00-00-02-FF-FF-FF-FF-FF-FF-FF-00-00-00-00-00-00;;
117297;1786641551320;1509;BatteryChange / Akku-Livestand;11;38;–;00-00-FF-FF-64-CF-D0-00-00-00-00;;
117502;1786641551525;150A;MotorUpdate / Motor-Livestand;10;38;–;00-00-FF-FF-FF-FF-FF-FF-FF-FF;;
117701;1786641551724;150B;Motor-/Controllerblock;20;38;–;FF-FF-FF-FF-FF-FF-FF-FF-FF-FF-FF-FF-FF-FF-FF-FF-FF-FF-FF-FF;;
117914;1786641551937;150D;Zweite Fahrstatistik;20;38;–;00-00-00-00-FF-FF-FF-FF-47-18-FF-FF-FF-FF-FF-FF-FF-FF-00-00;;
118963;1786641552986;1502;Akkuinformationen;16;39;–;47-18-FF-FF-FF-FF-47-18-FF-FF-FF-FF-FF-FF-00-00;;
119383;1786641553406;1505;BikePerformance / Fahrleistung;18;39;–;00-00-00-00-FF-FF-00-00-FF-FF-FF-FF-FF-00-00-00-00-00;;
119580;1786641553603;1506;Trip / Kilometer & Betriebszähler;16;39;–;00-00-1B-55-00-02-1F-62-00-00-02-BB-00-00-00-00;;
120022;1786641554045;1508;Settings / Licht & Fahrstufe;17;39;–;00-00-00-02-FF-FF-FF-FF-FF-FF-FF-00-00-00-00-00-00;;
120212;1786641554235;1509;BatteryChange / Akku-Livestand;11;39;–;00-00-FF-FF-64-CF-D0-00-00-00-00;;
120414;1786641554437;150A;MotorUpdate / Motor-Livestand;10;39;–;00-00-FF-FF-FF-FF-FF-FF-FF-FF;;
120627;1786641554650;150B;Motor-/Controllerblock;20;39;–;FF-FF-FF-FF-FF-FF-FF-FF-FF-FF-FF-FF-FF-FF-FF-FF-FF-FF-FF-FF;;
120853;1786641554876;150D;Zweite Fahrstatistik;20;39;–;00-00-00-00-FF-FF-FF-FF-47-18-FF-FF-FF-FF-FF-FF-FF-FF-00-00;;
121879;1786641555902;1502;Akkuinformationen;16;40;–;47-18-FF-FF-FF-FF-47-18-FF-FF-FF-FF-FF-FF-00-00;;
122326;1786641556349;1505;BikePerformance / Fahrleistung;18;40;–;00-00-00-00-FF-FF-00-00-FF-FF-FF-FF-FF-00-00-00-00-00;;
122517;1786641556540;1506;Trip / Kilometer & Betriebszähler;16;40;–;00-00-1B-55-00-02-1F-62-00-00-02-BB-00-00-00-00;;
122933;1786641556956;1508;Settings / Licht & Fahrstufe;17;40;–;00-00-00-02-FF-FF-FF-FF-FF-FF-FF-00-00-00-00-00-00;;
123137;1786641557160;1509;BatteryChange / Akku-Livestand;11;40;–;00-00-FF-FF-64-CF-D0-00-00-00-00;;
123351;1786641557374;150A;MotorUpdate / Motor-Livestand;10;40;–;00-00-FF-FF-FF-FF-FF-FF-FF-FF;;
123551;1786641557574;150B;Motor-/Controllerblock;20;40;–;FF-FF-FF-FF-FF-FF-FF-FF-FF-FF-FF-FF-FF-FF-FF-FF-FF-FF-FF-FF;;
123766;1786641557789;150D;Zweite Fahrstatistik;20;40;–;00-00-00-00-FF-FF-FF-FF-47-18-FF-FF-FF-FF-FF-FF-FF-FF-00-00;;
124800;1786641558823;1502;Akkuinformationen;16;41;–;47-18-FF-FF-FF-FF-47-18-FF-FF-FF-FF-FF-FF-00-00;;
125218;1786641559241;1505;BikePerformance / Fahrleistung;18;41;–;00-00-00-00-FF-FF-00-00-FF-FF-FF-FF-FF-00-00-00-00-00;;
125431;1786641559454;1506;Trip / Kilometer & Betriebszähler;16;41;–;00-00-1B-55-00-02-1F-62-00-00-02-BB-00-00-00-00;;
125846;1786641559869;1508;Settings / Licht & Fahrstufe;17;41;–;00-00-00-02-FF-FF-FF-FF-FF-FF-FF-00-00-00-00-00-00;;
126049;1786641560072;1509;BatteryChange / Akku-Livestand;11;41;–;00-00-FF-FF-64-CF-D0-00-00-00-00;;
126264;1786641560287;150A;MotorUpdate / Motor-Livestand;10;41;–;00-00-FF-FF-FF-FF-FF-FF-FF-FF;;
126486;1786641560509;150B;Motor-/Controllerblock;20;41;–;FF-FF-FF-FF-FF-FF-FF-FF-FF-FF-FF-FF-FF-FF-FF-FF-FF-FF-FF-FF;;
126678;1786641560701;150D;Zweite Fahrstatistik;20;41;–;00-00-00-00-FF-FF-FF-FF-47-18-FF-FF-FF-FF-FF-FF-FF-FF-00-00;;
127726;1786641561749;1502;Akkuinformationen;16;42;–;47-18-FF-FF-FF-FF-47-18-FF-FF-FF-FF-FF-FF-00-00;;
128154;1786641562177;1505;BikePerformance / Fahrleistung;18;42;–;00-00-00-00-FF-FF-00-00-FF-FF-FF-FF-FF-00-00-00-00-00;;
128366;1786641562389;1506;Trip / Kilometer & Betriebszähler;16;42;–;00-00-1B-55-00-02-1F-62-00-00-02-BB-00-00-00-00;;
128784;1786641562807;1508;Settings / Licht & Fahrstufe;17;42;–;00-00-00-02-FF-FF-FF-FF-FF-FF-FF-00-00-00-00-00-00;;
128975;1786641562998;1509;BatteryChange / Akku-Livestand;11;42;–;00-00-FF-FF-64-CF-D0-00-00-00-00;;
129211;1786641563234;150A;MotorUpdate / Motor-Livestand;10;42;–;00-00-FF-FF-FF-FF-FF-FF-FF-FF;;
129389;1786641563412;150B;Motor-/Controllerblock;20;42;–;FF-FF-FF-FF-FF-FF-FF-FF-FF-FF-FF-FF-FF-FF-FF-FF-FF-FF-FF-FF;;
129606;1786641563629;150D;Zweite Fahrstatistik;20;42;–;00-00-00-00-FF-FF-FF-FF-47-18-FF-FF-FF-FF-FF-FF-FF-FF-00-00;;
130649;1786641564672;1502;Akkuinformationen;16;43;–;47-18-FF-FF-FF-FF-47-18-FF-FF-FF-FF-FF-FF-00-00;;
131074;1786641565097;1505;BikePerformance / Fahrleistung;18;43;–;00-00-00-00-FF-FF-00-00-FF-FF-FF-FF-FF-00-00-00-00-00;;
131271;1786641565294;1506;Trip / Kilometer & Betriebszähler;16;43;–;00-00-1B-55-00-02-1F-62-00-00-02-BB-00-00-00-00;;
131699;1786641565722;1508;Settings / Licht & Fahrstufe;17;43;–;00-00-00-02-FF-FF-FF-FF-FF-FF-FF-00-00-00-00-00-00;;
131901;1786641565924;1509;BatteryChange / Akku-Livestand;11;43;–;00-00-FF-FF-64-CF-D0-00-00-00-00;;
132116;1786641566139;150A;MotorUpdate / Motor-Livestand;10;43;–;00-00-FF-FF-FF-FF-FF-FF-FF-FF;;
132316;1786641566339;150B;Motor-/Controllerblock;20;43;–;FF-FF-FF-FF-FF-FF-FF-FF-FF-FF-FF-FF-FF-FF-FF-FF-FF-FF-FF-FF;;
132530;1786641566553;150D;Zweite Fahrstatistik;20;43;–;00-00-00-00-FF-FF-FF-FF-47-18-FF-FF-FF-FF-FF-FF-FF-FF-00-00;;
133585;1786641567608;1502;Akkuinformationen;16;44;–;47-18-FF-FF-FF-FF-47-18-FF-FF-FF-FF-FF-FF-00-00;;
134017;1786641568040;1505;BikePerformance / Fahrleistung;18;44;–;00-00-00-00-FF-FF-00-00-FF-FF-FF-FF-FF-00-00-00-00-00;;
134194;1786641568217;1506;Trip / Kilometer & Betriebszähler;16;44;–;00-00-1B-55-00-02-1F-62-00-00-02-BB-00-00-00-00;;
134611;1786641568634;1508;Settings / Licht & Fahrstufe;17;44;–;00-00-00-02-FF-FF-FF-FF-FF-FF-FF-00-00-00-00-00-00;;
134824;1786641568847;1509;BatteryChange / Akku-Livestand;11;44;–;00-00-FF-FF-64-CF-D0-00-00-00-00;;
135025;1786641569048;150A;MotorUpdate / Motor-Livestand;10;44;–;00-00-FF-FF-FF-FF-FF-FF-FF-FF;;
135252;1786641569275;150B;Motor-/Controllerblock;20;44;–;FF-FF-FF-FF-FF-FF-FF-FF-FF-FF-FF-FF-FF-FF-FF-FF-FF-FF-FF-FF;;
135454;1786641569477;150D;Zweite Fahrstatistik;20;44;–;00-00-00-00-FF-FF-FF-FF-47-18-FF-FF-FF-FF-FF-FF-FF-FF-00-00;;
136488;1786641570511;1502;Akkuinformationen;16;45;–;47-18-FF-FF-FF-FF-47-18-FF-FF-FF-FF-FF-FF-00-00;;
136919;1786641570942;1505;BikePerformance / Fahrleistung;18;45;–;00-00-00-00-FF-FF-00-00-FF-FF-FF-FF-FF-00-00-00-00-00;;
137120;1786641571143;1506;Trip / Kilometer & Betriebszähler;16;45;–;00-00-1B-55-00-02-1F-62-00-00-02-BB-00-00-00-00;;
137537;1786641571560;1508;Settings / Licht & Fahrstufe;17;45;–;00-00-00-02-FF-FF-FF-FF-FF-FF-FF-00-00-00-00-00-00;;
137751;1786641571774;1509;BatteryChange / Akku-Livestand;11;45;–;00-00-FF-FF-64-CF-D0-00-00-00-00;;
137952;1786641571975;150A;MotorUpdate / Motor-Livestand;10;45;–;00-00-FF-FF-FF-FF-FF-FF-FF-FF;;
138168;1786641572191;150B;Motor-/Controllerblock;20;45;–;FF-FF-FF-FF-FF-FF-FF-FF-FF-FF-FF-FF-FF-FF-FF-FF-FF-FF-FF-FF;;
138380;1786641572403;150D;Zweite Fahrstatistik;20;45;–;00-00-00-00-FF-FF-FF-FF-47-18-FF-FF-FF-FF-FF-FF-FF-FF-00-00;;
138894;1786641572917;2A05;Unbekannter Kanal;4;1;0,1,2,3;00-00-00-00;;
139414;1786641573437;1502;Akkuinformationen;16;46;–;47-18-FF-FF-FF-FF-47-18-FF-FF-FF-FF-FF-FF-00-00;;
139548;1786641573571;2A00;Unbekannter Kanal;24;2;–;;76e372406e5a71538c6e4894bba3797f594705e594733a2bb81339ed5e7403a8;identity_or_free_form
139831;1786641573854;1505;BikePerformance / Fahrleistung;18;46;–;00-00-00-00-FF-FF-00-00-FF-FF-FF-FF-FF-00-00-00-00-00;;
140046;1786641574069;1506;Trip / Kilometer & Betriebszähler;16;46;–;00-00-1B-55-00-02-1F-62-00-00-02-BB-00-00-00-00;;
140200;1786641574223;2A01;Unbekannter Kanal;2;2;–;00-00;;
140460;1786641574483;1508;Settings / Licht & Fahrstufe;17;46;–;00-00-00-02-FF-FF-FF-FF-FF-FF-FF-00-00-00-00-00-00;;
140664;1786641574687;1509;BatteryChange / Akku-Livestand;11;46;–;00-00-FF-FF-64-CF-D0-00-00-00-00;;
140852;1786641574875;2A02;Unbekannter Kanal;2;2;–;00-00;;
140887;1786641574910;150A;MotorUpdate / Motor-Livestand;10;46;–;00-00-FF-FF-FF-FF-FF-FF-FF-FF;;
141092;1786641575115;150B;Motor-/Controllerblock;20;46;–;FF-FF-FF-FF-FF-FF-FF-FF-FF-FF-FF-FF-FF-FF-FF-FF-FF-FF-FF-FF;;
141294;1786641575317;150D;Zweite Fahrstatistik;20;46;–;00-00-00-00-FF-FF-FF-FF-47-18-FF-FF-FF-FF-FF-FF-FF-FF-00-00;;
141516;1786641575539;2A04;Unbekannter Kanal;8;2;–;14-00-28-00-00-00-E8-03;;
142169;1786641576192;2A28;Unbekannter Kanal;10;2;–;;065d10ab6f3c497c3209251b654ac005a7f67238063fbfcf96d99fbc93d910b5;identity_or_free_form
142342;1786641576365;1502;Akkuinformationen;16;47;–;47-18-FF-FF-FF-FF-47-18-FF-FF-FF-FF-FF-FF-00-00;;
142755;1786641576778;1505;BikePerformance / Fahrleistung;18;47;–;00-00-00-00-FF-FF-00-00-FF-FF-FF-FF-FF-00-00-00-00-00;;
142811;1786641576834;1501;Fahrzeuginformationen;18;2;–;01-02-FF-FF-FF-FF-00-FF-FF-0A-00-00-00-03-00-00-00-00;;
142972;1786641576995;1506;Trip / Kilometer & Betriebszähler;16;47;–;00-00-1B-55-00-02-1F-62-00-00-02-BB-00-00-00-00;;
143397;1786641577420;1508;Settings / Licht & Fahrstufe;17;47;–;00-00-00-02-FF-FF-FF-FF-FF-FF-FF-00-00-00-00-00-00;;
143474;1786641577497;1502;Akkuinformationen;16;48;–;47-18-FF-FF-FF-FF-47-18-FF-FF-FF-FF-FF-FF-00-00;;
143588;1786641577611;1509;BatteryChange / Akku-Livestand;11;47;–;00-00-FF-FF-64-CF-D0-00-00-00-00;;
143804;1786641577827;150A;MotorUpdate / Motor-Livestand;10;47;–;00-00-FF-FF-FF-FF-FF-FF-FF-FF;;
144005;1786641578028;150B;Motor-/Controllerblock;20;47;–;FF-FF-FF-FF-FF-FF-FF-FF-FF-FF-FF-FF-FF-FF-FF-FF-FF-FF-FF-FF;;
144128;1786641578151;1503;Motor-/Controllerinformationen;2;2;–;00-00;;
144220;1786641578243;150D;Zweite Fahrstatistik;20;47;–;00-00-00-00-FF-FF-FF-FF-47-18-FF-FF-FF-FF-FF-FF-FF-FF-00-00;;
144790;1786641578813;1504;Firmware-ID;19;2;–;;4e07d6e11ce50a4fe1ae8e5a809265a5f7ec456e886854ff5619eaccd09e46ac;identity_or_free_form
145268;1786641579291;1502;Akkuinformationen;16;49;–;47-18-FF-FF-FF-FF-47-18-FF-FF-FF-FF-FF-FF-00-00;;
145443;1786641579466;1505;BikePerformance / Fahrleistung;18;48;–;00-00-00-00-FF-FF-00-00-FF-FF-FF-FF-FF-00-00-00-00-00;;
145682;1786641579705;1505;BikePerformance / Fahrleistung;18;49;–;00-00-00-00-FF-FF-00-00-FF-FF-FF-FF-FF-00-00-00-00-00;;
145882;1786641579905;1506;Trip / Kilometer & Betriebszähler;16;48;–;00-00-1B-55-00-02-1F-62-00-00-02-BB-00-00-00-00;;
146095;1786641580118;1506;Trip / Kilometer & Betriebszähler;16;49;–;00-00-1B-55-00-02-1F-62-00-00-02-BB-00-00-00-00;;
146297;1786641580320;1508;Settings / Licht & Fahrstufe;17;48;–;00-00-00-02-FF-FF-FF-FF-FF-FF-FF-00-00-00-00-00-00;;
146514;1786641580537;1509;BatteryChange / Akku-Livestand;11;48;–;00-00-FF-FF-64-CF-D0-00-00-00-00;;
146717;1786641580740;150A;MotorUpdate / Motor-Livestand;10;48;–;00-00-FF-FF-FF-FF-FF-FF-FF-FF;;
146758;1786641580781;1507;Stats / Gesamtfahrdaten;8;2;–;FF-FF-FF-FF-00-00-00-00;;
146930;1786641580953;150B;Motor-/Controllerblock;20;48;–;FF-FF-FF-FF-FF-FF-FF-FF-FF-FF-FF-FF-FF-FF-FF-FF-FF-FF-FF-FF;;
147143;1786641581166;150D;Zweite Fahrstatistik;20;48;–;00-00-00-00-FF-FF-FF-FF-47-18-FF-FF-FF-FF-FF-FF-FF-FF-00-00;;
147410;1786641581433;1508;Settings / Licht & Fahrstufe;16;49;16;00-00-00-02-FF-FF-FF-FF-FF-FF-FF-00-00-00-00-00;;
148064;1786641582087;1509;BatteryChange / Akku-Livestand;11;49;–;00-00-FF-FF-64-CF-D0-00-00-00-00;;
148180;1786641582203;1502;Akkuinformationen;16;50;–;47-18-FF-FF-FF-FF-47-18-FF-FF-FF-FF-FF-FF-00-00;;
148615;1786641582638;1505;BikePerformance / Fahrleistung;18;50;–;00-00-00-00-FF-FF-00-00-FF-FF-FF-FF-FF-00-00-00-00-00;;
148717;1786641582740;150A;MotorUpdate / Motor-Livestand;10;49;–;00-00-FF-FF-FF-FF-FF-FF-FF-FF;;
148810;1786641582833;1506;Trip / Kilometer & Betriebszähler;16;50;–;00-00-1B-55-00-02-1F-62-00-00-02-BB-00-00-00-00;;
149226;1786641583249;1508;Settings / Licht & Fahrstufe;17;50;16;00-00-00-02-FF-FF-FF-FF-FF-FF-FF-00-00-00-00-00-00;;
149380;1786641583403;150B;Motor-/Controllerblock;20;49;–;FF-FF-FF-FF-FF-FF-FF-FF-FF-FF-FF-FF-FF-FF-FF-FF-FF-FF-FF-FF;;
149451;1786641583474;1509;BatteryChange / Akku-Livestand;11;50;–;00-00-FF-FF-64-CF-D0-00-00-00-00;;
149642;1786641583665;150A;MotorUpdate / Motor-Livestand;10;50;–;00-00-FF-FF-FF-FF-FF-FF-FF-FF;;
149857;1786641583880;150B;Motor-/Controllerblock;20;50;–;FF-FF-FF-FF-FF-FF-FF-FF-FF-FF-FF-FF-FF-FF-FF-FF-FF-FF-FF-FF;;
150022;1786641584045;150C;BatteryCellUpdate / Zell- & Temperaturdaten;13;2;–;FF-FF-FF-80-00-80-00-80-00-00-00-00-00;;
150060;1786641584083;150D;Zweite Fahrstatistik;20;49;–;00-00-00-00-FF-FF-FF-FF-47-18-FF-FF-FF-FF-FF-FF-FF-FF-00-00;;
150688;1786641584711;150D;Zweite Fahrstatistik;20;50;–;00-00-00-00-FF-FF-FF-FF-47-18-FF-FF-FF-FF-FF-FF-FF-FF-00-00;;
151118;1786641585141;1502;Akkuinformationen;16;51;–;47-18-FF-FF-FF-FF-47-18-FF-FF-FF-FF-FF-FF-00-00;;
151384;1786641585407;150E;Unbekannter Kanal;20;2;–;FF-00-00-00-00-00-00-00-00-00-00-00-00-00-00-00-00-00-00-00;;
151521;1786641585544;1505;BikePerformance / Fahrleistung;18;51;–;00-00-00-00-FF-FF-00-00-FF-FF-FF-FF-FF-00-00-00-00-00;;
151737;1786641585760;1506;Trip / Kilometer & Betriebszähler;16;51;–;00-00-1B-55-00-02-1F-62-00-00-02-BB-00-00-00-00;;
151990;1786641586013;150F;Unbekannter Kanal;20;2;–;FF-00-00-00-00-00-00-00-00-00-00-00-00-00-00-00-00-00-00-00;;
152151;1786641586174;1508;Settings / Licht & Fahrstufe;17;51;–;00-00-00-02-FF-FF-FF-FF-FF-FF-FF-00-00-00-00-00-00;;
152363;1786641586386;1509;BatteryChange / Akku-Livestand;11;51;–;00-00-FF-FF-64-CF-D0-00-00-00-00;;
152563;1786641586586;150A;MotorUpdate / Motor-Livestand;10;51;–;00-00-FF-FF-FF-FF-FF-FF-FF-FF;;
152642;1786641586665;1510;Unbekannter Kanal;20;2;–;FF-00-00-00-00-00-00-00-00-00-00-00-00-00-00-00-00-00-00-00;;
152780;1786641586803;150B;Motor-/Controllerblock;20;51;–;FF-FF-FF-FF-FF-FF-FF-FF-FF-FF-FF-FF-FF-FF-FF-FF-FF-FF-FF-FF;;
152984;1786641587007;150D;Zweite Fahrstatistik;20;51;–;00-00-00-00-FF-FF-FF-FF-47-18-FF-FF-FF-FF-FF-FF-FF-FF-00-00;;
153295;1786641587318;1511;Unbekannter Kanal;20;2;–;;ddbb9244acf8127793a84541964b8caae120eaef045f4f997bbdaa6a2295bb67;identity_or_free_form
153959;1786641587982;1512;Unbekannter Kanal;20;2;–;FF-00-00-00-00-00-00-00-00-00-00-00-00-00-00-00-00-00-00-00;;
154030;1786641588053;1502;Akkuinformationen;16;52;–;47-18-FF-FF-FF-FF-47-18-FF-FF-FF-FF-FF-FF-00-00;;
154445;1786641588468;1505;BikePerformance / Fahrleistung;18;52;–;00-00-00-00-FF-FF-00-00-FF-FF-FF-FF-FF-00-00-00-00-00;;
154645;1786641588668;1513;Unbekannter Kanal;20;2;–;;ddbb9244acf8127793a84541964b8caae120eaef045f4f997bbdaa6a2295bb67;identity_or_free_form
154656;1786641588679;1506;Trip / Kilometer & Betriebszähler;16;52;–;00-00-1B-55-00-02-1F-62-00-00-02-BB-00-00-00-00;;
155075;1786641589098;1508;Settings / Licht & Fahrstufe;17;52;–;00-00-00-02-FF-FF-FF-FF-FF-FF-FF-00-00-00-00-00-00;;
155275;1786641589298;1509;BatteryChange / Akku-Livestand;11;52;–;00-00-FF-FF-64-CF-D0-00-00-00-00;;
155311;1786641589334;151C;Unbekannter Kanal;10;2;–;FF-00-00-00-00-00-00-00-00-00;;
155491;1786641589514;150A;MotorUpdate / Motor-Livestand;10;52;–;00-00-FF-FF-FF-FF-FF-FF-FF-FF;;
155716;1786641589739;150B;Motor-/Controllerblock;20;52;–;FF-FF-FF-FF-FF-FF-FF-FF-FF-FF-FF-FF-FF-FF-FF-FF-FF-FF-FF-FF;;
155909;1786641589932;150D;Zweite Fahrstatistik;20;52;–;00-00-00-00-FF-FF-FF-FF-47-18-FF-FF-FF-FF-FF-FF-FF-FF-00-00;;
155929;1786641589952;1802;Unbekannter Kanal;20;2;–;;161660a64e88a397a33d90c876888717a0e1f7735754b0fbec20ad3d762038ba;identity_or_free_form
156581;1786641590604;0203;Unbekannter Kanal;1;2;–;00;;
157157;1786641591180;1502;Akkuinformationen;16;53;–;47-18-FF-FF-FF-FF-47-18-FF-FF-FF-FF-FF-FF-00-00;;
157574;1786641591597;1505;BikePerformance / Fahrleistung;18;53;–;00-00-00-00-FF-FF-00-00-FF-FF-FF-FF-FF-00-00-00-00-00;;
157788;1786641591811;1506;Trip / Kilometer & Betriebszähler;16;53;–;00-00-1B-55-00-02-1F-62-00-00-02-BB-00-00-00-00;;
158224;1786641592247;1508;Settings / Licht & Fahrstufe;17;53;–;00-00-00-02-FF-FF-FF-FF-FF-FF-FF-00-00-00-00-00-00;;
158415;1786641592438;1509;BatteryChange / Akku-Livestand;11;53;–;00-00-FF-FF-64-CF-D0-00-00-00-00;;
158618;1786641592641;150A;MotorUpdate / Motor-Livestand;10;53;–;00-00-FF-FF-FF-FF-FF-FF-FF-FF;;
158832;1786641592855;150B;Motor-/Controllerblock;20;53;–;FF-FF-FF-FF-FF-FF-FF-FF-FF-FF-FF-FF-FF-FF-FF-FF-FF-FF-FF-FF;;
159036;1786641593059;150D;Zweite Fahrstatistik;20;53;–;00-00-00-00-FF-FF-FF-FF-47-18-FF-FF-FF-FF-FF-FF-FF-FF-00-00;;
160103;1786641594126;1502;Akkuinformationen;16;54;–;47-18-FF-FF-FF-FF-47-18-FF-FF-FF-FF-FF-FF-00-00;;
160520;1786641594543;1505;BikePerformance / Fahrleistung;18;54;–;00-00-00-00-FF-FF-00-00-FF-FF-FF-FF-FF-00-00-00-00-00;;
160733;1786641594756;1506;Trip / Kilometer & Betriebszähler;16;54;–;00-00-1B-55-00-02-1F-62-00-00-02-BB-00-00-00-00;;
161128;1786641595151;1508;Settings / Licht & Fahrstufe;17;54;–;00-00-00-02-FF-FF-FF-FF-FF-FF-FF-00-00-00-00-00-00;;
161328;1786641595351;1509;BatteryChange / Akku-Livestand;11;54;–;00-00-FF-FF-64-CF-D0-00-00-00-00;;
161553;1786641595576;150A;MotorUpdate / Motor-Livestand;10;54;–;00-00-FF-FF-FF-FF-FF-FF-FF-FF;;
161766;1786641595789;150B;Motor-/Controllerblock;20;54;–;FF-FF-FF-FF-FF-FF-FF-FF-FF-FF-FF-FF-FF-FF-FF-FF-FF-FF-FF-FF;;
161971;1786641595994;150D;Zweite Fahrstatistik;20;54;–;00-00-00-00-FF-FF-FF-FF-47-18-FF-FF-FF-FF-FF-FF-FF-FF-00-00;;
163017;1786641597040;1502;Akkuinformationen;16;55;–;47-18-FF-FF-FF-FF-47-18-FF-FF-FF-FF-FF-FF-00-00;;
163454;1786641597477;1505;BikePerformance / Fahrleistung;18;55;–;00-00-00-00-FF-FF-00-00-FF-FF-FF-FF-FF-00-00-00-00-00;;
163637;1786641597660;1506;Trip / Kilometer & Betriebszähler;16;55;–;00-00-1B-55-00-02-1F-62-00-00-02-BB-00-00-00-00;;
164064;1786641598087;1508;Settings / Licht & Fahrstufe;17;55;–;00-00-00-02-FF-FF-FF-FF-FF-FF-FF-00-00-00-00-00-00;;
164267;1786641598290;1509;BatteryChange / Akku-Livestand;11;55;–;00-00-FF-FF-64-CF-D0-00-00-00-00;;
164480;1786641598503;150A;MotorUpdate / Motor-Livestand;10;55;–;00-00-FF-FF-FF-FF-FF-FF-FF-FF;;
164673;1786641598696;150B;Motor-/Controllerblock;20;55;–;FF-FF-FF-FF-FF-FF-FF-FF-FF-FF-FF-FF-FF-FF-FF-FF-FF-FF-FF-FF;;
164884;1786641598907;150D;Zweite Fahrstatistik;20;55;–;00-00-00-00-FF-FF-FF-FF-47-18-FF-FF-FF-FF-FF-FF-FF-FF-00-00;;
165943;1786641599966;1502;Akkuinformationen;16;56;–;47-18-FF-FF-FF-FF-47-18-FF-FF-FF-FF-FF-FF-00-00;;
166351;1786641600374;1505;BikePerformance / Fahrleistung;18;56;–;00-00-00-00-FF-FF-00-00-FF-FF-FF-FF-FF-00-00-00-00-00;;
166550;1786641600573;1506;Trip / Kilometer & Betriebszähler;16;56;–;00-00-1B-55-00-02-1F-62-00-00-02-BB-00-00-00-00;;
166989;1786641601012;1508;Settings / Licht & Fahrstufe;17;56;–;00-00-00-02-FF-FF-FF-FF-FF-FF-FF-00-00-00-00-00-00;;
167180;1786641601203;1509;BatteryChange / Akku-Livestand;11;56;–;00-00-FF-FF-64-CF-D0-00-00-00-00;;
167394;1786641601417;150A;MotorUpdate / Motor-Livestand;10;56;–;00-00-FF-FF-FF-FF-FF-FF-FF-FF;;
167608;1786641601631;150B;Motor-/Controllerblock;20;56;–;FF-FF-FF-FF-FF-FF-FF-FF-FF-FF-FF-FF-FF-FF-FF-FF-FF-FF-FF-FF;;
167811;1786641601834;150D;Zweite Fahrstatistik;20;56;–;00-00-00-00-FF-FF-FF-FF-47-18-FF-FF-FF-FF-FF-FF-FF-FF-00-00;;
168857;1786641602880;1502;Akkuinformationen;16;57;–;47-18-FF-FF-FF-FF-47-18-FF-FF-FF-FF-FF-FF-00-00;;
169272;1786641603295;1505;BikePerformance / Fahrleistung;18;57;–;00-00-00-00-FF-FF-00-00-FF-FF-FF-FF-FF-00-00-00-00-00;;
169475;1786641603498;1506;Trip / Kilometer & Betriebszähler;16;57;–;00-00-1B-55-00-02-1F-62-00-00-02-BB-00-00-00-00;;
169902;1786641603925;1508;Settings / Licht & Fahrstufe;17;57;–;00-00-00-02-FF-FF-FF-FF-FF-FF-FF-00-00-00-00-00-00;;
170116;1786641604139;1509;BatteryChange / Akku-Livestand;11;57;–;00-00-FF-FF-64-CF-D0-00-00-00-00;;
170307;1786641604330;150A;MotorUpdate / Motor-Livestand;10;57;–;00-00-FF-FF-FF-FF-FF-FF-FF-FF;;
170533;1786641604556;150B;Motor-/Controllerblock;20;57;–;FF-FF-FF-FF-FF-FF-FF-FF-FF-FF-FF-FF-FF-FF-FF-FF-FF-FF-FF-FF;;
170735;1786641604758;150D;Zweite Fahrstatistik;20;57;–;00-00-00-00-FF-FF-FF-FF-47-18-FF-FF-FF-FF-FF-FF-FF-FF-00-00;;
171771;1786641605794;1502;Akkuinformationen;16;58;–;47-18-FF-FF-FF-FF-47-18-FF-FF-FF-FF-FF-FF-00-00;;
172196;1786641606219;1505;BikePerformance / Fahrleistung;18;58;–;00-00-00-00-FF-FF-00-00-FF-FF-FF-FF-FF-00-00-00-00-00;;
172399;1786641606422;1506;Trip / Kilometer & Betriebszähler;16;58;–;00-00-1B-55-00-02-1F-62-00-00-02-BB-00-00-00-00;;
172814;1786641606837;1508;Settings / Licht & Fahrstufe;17;58;–;00-00-00-02-FF-FF-FF-FF-FF-FF-FF-00-00-00-00-00-00;;
173032;1786641607055;1509;BatteryChange / Akku-Livestand;11;58;–;00-00-FF-FF-64-CF-D0-00-00-00-00;;
173231;1786641607254;150A;MotorUpdate / Motor-Livestand;10;58;–;00-00-FF-FF-FF-FF-FF-FF-FF-FF;;
173457;1786641607480;150B;Motor-/Controllerblock;20;58;–;FF-FF-FF-FF-FF-FF-FF-FF-FF-FF-FF-FF-FF-FF-FF-FF-FF-FF-FF-FF;;
173648;1786641607671;150D;Zweite Fahrstatistik;20;58;–;00-00-00-00-FF-FF-FF-FF-47-18-FF-FF-FF-FF-FF-FF-FF-FF-00-00;;
174708;1786641608731;1502;Akkuinformationen;16;59;–;47-18-FF-FF-FF-FF-47-18-FF-FF-FF-FF-FF-FF-00-00;;
175113;1786641609136;1505;BikePerformance / Fahrleistung;18;59;–;00-00-00-00-FF-FF-00-00-FF-FF-FF-FF-FF-00-00-00-00-00;;
175337;1786641609360;1506;Trip / Kilometer & Betriebszähler;16;59;–;00-00-1B-55-00-02-1F-62-00-00-02-BB-00-00-00-00;;
175744;1786641609767;1508;Settings / Licht & Fahrstufe;17;59;–;00-00-00-02-FF-FF-FF-FF-FF-FF-FF-00-00-00-00-00-00;;
175944;1786641609967;1509;BatteryChange / Akku-Livestand;11;59;–;00-00-FF-FF-64-CF-D0-00-00-00-00;;
176158;1786641610181;150A;MotorUpdate / Motor-Livestand;10;59;–;00-00-FF-FF-FF-FF-FF-FF-FF-FF;;
176384;1786641610407;150B;Motor-/Controllerblock;20;59;–;FF-FF-FF-FF-FF-FF-FF-FF-FF-FF-FF-FF-FF-FF-FF-FF-FF-FF-FF-FF;;
176574;1786641610597;150D;Zweite Fahrstatistik;20;59;–;00-00-00-00-FF-FF-FF-FF-47-18-FF-FF-FF-FF-FF-FF-FF-FF-00-00;;
177622;1786641611645;1502;Akkuinformationen;16;60;–;47-18-FF-FF-FF-FF-47-18-FF-FF-FF-FF-FF-FF-00-00;;
178038;1786641612061;1505;BikePerformance / Fahrleistung;18;60;–;00-00-00-00-FF-FF-00-00-FF-FF-FF-FF-FF-00-00-00-00-00;;
178251;1786641612274;1506;Trip / Kilometer & Betriebszähler;16;60;–;00-00-1B-55-00-02-1F-62-00-00-02-BB-00-00-00-00;;
178667;1786641612690;1508;Settings / Licht & Fahrstufe;17;60;–;00-00-00-02-FF-FF-FF-FF-FF-FF-FF-00-00-00-00-00-00;;
178870;1786641612893;1509;BatteryChange / Akku-Livestand;11;60;–;00-00-FF-FF-64-CF-D0-00-00-00-00;;
179082;1786641613105;150A;MotorUpdate / Motor-Livestand;10;60;–;00-00-FF-FF-FF-FF-FF-FF-FF-FF;;
179285;1786641613308;150B;Motor-/Controllerblock;20;60;–;FF-FF-FF-FF-FF-FF-FF-FF-FF-FF-FF-FF-FF-FF-FF-FF-FF-FF-FF-FF;;
179519;1786641613542;150D;Zweite Fahrstatistik;20;60;–;00-00-00-00-FF-FF-FF-FF-47-18-FF-FF-FF-FF-FF-FF-FF-FF-00-00;;
180548;1786641614571;1502;Akkuinformationen;16;61;–;47-18-FF-FF-FF-FF-47-18-FF-FF-FF-FF-FF-FF-00-00;;
180971;1786641614994;1505;BikePerformance / Fahrleistung;18;61;–;00-00-00-00-FF-FF-00-00-FF-FF-FF-FF-FF-00-00-00-00-00;;
181175;1786641615198;1506;Trip / Kilometer & Betriebszähler;16;61;–;00-00-1B-55-00-02-1F-62-00-00-02-BB-00-00-00-00;;
181603;1786641615626;1508;Settings / Licht & Fahrstufe;17;61;–;00-00-00-02-FF-FF-FF-FF-FF-FF-FF-00-00-00-00-00-00;;
181794;1786641615817;1509;BatteryChange / Akku-Livestand;11;61;–;00-00-FF-FF-64-CF-D0-00-00-00-00;;
182008;1786641616031;150A;MotorUpdate / Motor-Livestand;10;61;–;00-00-FF-FF-FF-FF-FF-FF-FF-FF;;
182210;1786641616233;150B;Motor-/Controllerblock;20;61;–;FF-FF-FF-FF-FF-FF-FF-FF-FF-FF-FF-FF-FF-FF-FF-FF-FF-FF-FF-FF;;
182424;1786641616447;150D;Zweite Fahrstatistik;20;61;–;00-00-00-00-FF-FF-FF-FF-47-18-FF-FF-FF-FF-FF-FF-FF-FF-00-00;;
183470;1786641617493;1502;Akkuinformationen;16;62;–;47-18-FF-FF-FF-FF-47-18-FF-FF-FF-FF-FF-FF-00-00;;
183888;1786641617911;1505;BikePerformance / Fahrleistung;18;62;–;00-00-00-00-FF-FF-00-00-FF-FF-FF-FF-FF-00-00-00-00-00;;
184098;1786641618121;1506;Trip / Kilometer & Betriebszähler;16;62;–;00-00-1B-55-00-02-1F-62-00-00-02-BB-00-00-00-00;;
184517;1786641618540;1508;Settings / Licht & Fahrstufe;17;62;–;00-00-00-02-FF-FF-FF-FF-FF-FF-FF-00-00-00-00-00-00;;
184719;1786641618742;1509;BatteryChange / Akku-Livestand;11;62;–;00-00-FF-FF-64-CF-D0-00-00-00-00;;
184923;1786641618946;150A;MotorUpdate / Motor-Livestand;10;62;–;00-00-FF-FF-FF-FF-FF-FF-FF-FF;;
185136;1786641619159;150B;Motor-/Controllerblock;20;62;–;FF-FF-FF-FF-FF-FF-FF-FF-FF-FF-FF-FF-FF-FF-FF-FF-FF-FF-FF-FF;;
185337;1786641619360;150D;Zweite Fahrstatistik;20;62;–;00-00-00-00-FF-FF-FF-FF-47-18-FF-FF-FF-FF-FF-FF-FF-FF-00-00;;
186385;1786641620408;1502;Akkuinformationen;16;63;–;47-18-FF-FF-FF-FF-47-18-FF-FF-FF-FF-FF-FF-00-00;;
186800;1786641620823;1505;BikePerformance / Fahrleistung;18;63;–;00-00-00-00-FF-FF-00-00-FF-FF-FF-FF-FF-00-00-00-00-00;;
187014;1786641621037;1506;Trip / Kilometer & Betriebszähler;16;63;–;00-00-1B-55-00-02-1F-62-00-00-02-BB-00-00-00-00;;
187463;1786641621486;1508;Settings / Licht & Fahrstufe;17;63;–;00-00-00-02-FF-FF-FF-FF-FF-FF-FF-00-00-00-00-00-00;;
187648;1786641621671;1509;BatteryChange / Akku-Livestand;11;63;–;00-00-FF-FF-64-CF-D0-00-00-00-00;;
187844;1786641621867;150A;MotorUpdate / Motor-Livestand;10;63;–;00-00-FF-FF-FF-FF-FF-FF-FF-FF;;
188059;1786641622082;150B;Motor-/Controllerblock;20;63;–;FF-FF-FF-FF-FF-FF-FF-FF-FF-FF-FF-FF-FF-FF-FF-FF-FF-FF-FF-FF;;
188263;1786641622286;150D;Zweite Fahrstatistik;20;63;–;00-00-00-00-FF-FF-FF-FF-47-18-FF-FF-FF-FF-FF-FF-FF-FF-00-00;;
189310;1786641623333;1502;Akkuinformationen;16;64;–;47-18-FF-FF-FF-FF-47-18-FF-FF-FF-FF-FF-FF-00-00;;
189726;1786641623749;1505;BikePerformance / Fahrleistung;18;64;–;00-00-00-00-FF-FF-00-00-FF-FF-FF-FF-FF-00-00-00-00-00;;
189939;1786641623962;1506;Trip / Kilometer & Betriebszähler;16;64;–;00-00-1B-55-00-02-1F-62-00-00-02-BB-00-00-00-00;;
190404;1786641624427;1508;Settings / Licht & Fahrstufe;17;64;–;00-00-00-02-FF-FF-FF-FF-FF-FF-FF-00-00-00-00-00-00;;
190557;1786641624580;1509;BatteryChange / Akku-Livestand;11;64;–;00-00-FF-FF-64-CF-D0-00-00-00-00;;
190784;1786641624807;150A;MotorUpdate / Motor-Livestand;10;64;–;00-00-FF-FF-FF-FF-FF-FF-FF-FF;;
190984;1786641625007;150B;Motor-/Controllerblock;20;64;–;FF-FF-FF-FF-FF-FF-FF-FF-FF-FF-FF-FF-FF-FF-FF-FF-FF-FF-FF-FF;;
191201;1786641625224;150D;Zweite Fahrstatistik;20;64;–;00-00-00-00-FF-FF-FF-FF-47-18-FF-FF-FF-FF-FF-FF-FF-FF-00-00;;
192234;1786641626257;1502;Akkuinformationen;16;65;–;47-18-FF-FF-FF-FF-47-18-FF-FF-FF-FF-FF-FF-00-00;;
192651;1786641626674;1505;BikePerformance / Fahrleistung;18;65;7;00-00-00-00-FF-FF-00-04-FF-FF-FF-FF-FF-00-00-00-00-00;;
192852;1786641626875;1506;Trip / Kilometer & Betriebszähler;16;65;7;00-00-1B-55-00-02-1F-63-00-00-02-BB-00-00-00-00;;
193280;1786641627303;1508;Settings / Licht & Fahrstufe;17;65;–;00-00-00-02-FF-FF-FF-FF-FF-FF-FF-00-00-00-00-00-00;;
193485;1786641627508;1509;BatteryChange / Akku-Livestand;11;65;–;00-00-FF-FF-64-CF-D0-00-00-00-00;;
193696;1786641627719;150A;MotorUpdate / Motor-Livestand;10;65;–;00-00-FF-FF-FF-FF-FF-FF-FF-FF;;
193899;1786641627922;150B;Motor-/Controllerblock;20;65;–;FF-FF-FF-FF-FF-FF-FF-FF-FF-FF-FF-FF-FF-FF-FF-FF-FF-FF-FF-FF;;
194113;1786641628136;150D;Zweite Fahrstatistik;20;65;1;00-15-00-00-FF-FF-FF-FF-47-18-FF-FF-FF-FF-FF-FF-FF-FF-00-00;;
195159;1786641629182;1502;Akkuinformationen;16;66;–;47-18-FF-FF-FF-FF-47-18-FF-FF-FF-FF-FF-FF-00-00;;
195586;1786641629609;1505;BikePerformance / Fahrleistung;18;66;7;00-00-00-00-FF-FF-00-19-FF-FF-FF-FF-FF-00-00-00-00-00;;
195779;1786641629802;1506;Trip / Kilometer & Betriebszähler;16;66;7;00-00-1B-55-00-02-1F-66-00-00-02-BB-00-00-00-00;;
196194;1786641630217;1508;Settings / Licht & Fahrstufe;17;66;–;00-00-00-02-FF-FF-FF-FF-FF-FF-FF-00-00-00-00-00-00;;
196419;1786641630442;1509;BatteryChange / Akku-Livestand;11;66;–;00-00-FF-FF-64-CF-D0-00-00-00-00;;
196612;1786641630635;150A;MotorUpdate / Motor-Livestand;10;66;–;00-00-FF-FF-FF-FF-FF-FF-FF-FF;;
196825;1786641630848;150B;Motor-/Controllerblock;20;66;–;FF-FF-FF-FF-FF-FF-FF-FF-FF-FF-FF-FF-FF-FF-FF-FF-FF-FF-FF-FF;;
197048;1786641631071;150D;Zweite Fahrstatistik;20;66;1;00-1B-00-00-FF-FF-FF-FF-47-18-FF-FF-FF-FF-FF-FF-FF-FF-00-00;;
198071;1786641632094;1502;Akkuinformationen;16;67;–;47-18-FF-FF-FF-FF-47-18-FF-FF-FF-FF-FF-FF-00-00;;
198499;1786641632522;1505;BikePerformance / Fahrleistung;18;67;7;00-00-00-00-FF-FF-00-18-FF-FF-FF-FF-FF-00-00-00-00-00;;
198714;1786641632737;1506;Trip / Kilometer & Betriebszähler;16;67;7;00-00-1B-55-00-02-1F-69-00-00-02-BB-00-00-00-00;;
199120;1786641633143;1508;Settings / Licht & Fahrstufe;17;67;–;00-00-00-02-FF-FF-FF-FF-FF-FF-FF-00-00-00-00-00-00;;
199331;1786641633354;1509;BatteryChange / Akku-Livestand;11;67;–;00-00-FF-FF-64-CF-D0-00-00-00-00;;
199546;1786641633569;150A;MotorUpdate / Motor-Livestand;10;67;–;00-00-FF-FF-FF-FF-FF-FF-FF-FF;;
199750;1786641633773;150B;Motor-/Controllerblock;20;67;–;FF-FF-FF-FF-FF-FF-FF-FF-FF-FF-FF-FF-FF-FF-FF-FF-FF-FF-FF-FF;;
199950;1786641633973;150D;Zweite Fahrstatistik;20;67;1;00-1C-00-00-FF-FF-FF-FF-47-18-FF-FF-FF-FF-FF-FF-FF-FF-00-00;;
200999;1786641635022;1502;Akkuinformationen;16;68;–;47-18-FF-FF-FF-FF-47-18-FF-FF-FF-FF-FF-FF-00-00;;
201417;1786641635440;1505;BikePerformance / Fahrleistung;18;68;7;00-00-00-00-FF-FF-00-15-FF-FF-FF-FF-FF-00-00-00-00-00;;
201627;1786641635650;1506;Trip / Kilometer & Betriebszähler;16;68;7;00-00-1B-55-00-02-1F-6C-00-00-02-BB-00-00-00-00;;
202044;1786641636067;1508;Settings / Licht & Fahrstufe;17;68;–;00-00-00-02-FF-FF-FF-FF-FF-FF-FF-00-00-00-00-00-00;;
202246;1786641636269;1509;BatteryChange / Akku-Livestand;11;68;–;00-00-FF-FF-64-CF-D0-00-00-00-00;;
202463;1786641636486;150A;MotorUpdate / Motor-Livestand;10;68;–;00-00-FF-FF-FF-FF-FF-FF-FF-FF;;
202684;1786641636707;150B;Motor-/Controllerblock;20;68;–;FF-FF-FF-FF-FF-FF-FF-FF-FF-FF-FF-FF-FF-FF-FF-FF-FF-FF-FF-FF;;
202892;1786641636915;150D;Zweite Fahrstatistik;20;68;–;00-1C-00-00-FF-FF-FF-FF-47-18-FF-FF-FF-FF-FF-FF-FF-FF-00-00;;
203923;1786641637946;1502;Akkuinformationen;16;69;–;47-18-FF-FF-FF-FF-47-18-FF-FF-FF-FF-FF-FF-00-00;;
204353;1786641638376;1505;BikePerformance / Fahrleistung;18;69;7;00-00-00-00-FF-FF-00-14-FF-FF-FF-FF-FF-00-00-00-00-00;;
204554;1786641638577;1506;Trip / Kilometer & Betriebszähler;16;69;7;00-00-1B-55-00-02-1F-6F-00-00-02-BB-00-00-00-00;;
204969;1786641638992;1508;Settings / Licht & Fahrstufe;17;69;–;00-00-00-02-FF-FF-FF-FF-FF-FF-FF-00-00-00-00-00-00;;
205186;1786641639209;1509;BatteryChange / Akku-Livestand;11;69;–;00-00-FF-FF-64-CF-D0-00-00-00-00;;
205385;1786641639408;150A;MotorUpdate / Motor-Livestand;10;69;–;00-00-FF-FF-FF-FF-FF-FF-FF-FF;;
205612;1786641639635;150B;Motor-/Controllerblock;20;69;–;FF-FF-FF-FF-FF-FF-FF-FF-FF-FF-FF-FF-FF-FF-FF-FF-FF-FF-FF-FF;;
205803;1786641639826;150D;Zweite Fahrstatistik;20;69;–;00-1C-00-00-FF-FF-FF-FF-47-18-FF-FF-FF-FF-FF-FF-FF-FF-00-00;;
206849;1786641640872;1502;Akkuinformationen;16;70;–;47-18-FF-FF-FF-FF-47-18-FF-FF-FF-FF-FF-FF-00-00;;
207265;1786641641288;1505;BikePerformance / Fahrleistung;18;70;7;00-00-00-00-FF-FF-00-0C-FF-FF-FF-FF-FF-00-00-00-00-00;;
207470;1786641641493;1506;Trip / Kilometer & Betriebszähler;16;70;7;00-00-1B-55-00-02-1F-72-00-00-02-BB-00-00-00-00;;
207884;1786641641907;1508;Settings / Licht & Fahrstufe;17;70;–;00-00-00-02-FF-FF-FF-FF-FF-FF-FF-00-00-00-00-00-00;;
208097;1786641642120;1509;BatteryChange / Akku-Livestand;11;70;–;00-00-FF-FF-64-CF-D0-00-00-00-00;;
208314;1786641642337;150A;MotorUpdate / Motor-Livestand;10;70;–;00-00-FF-FF-FF-FF-FF-FF-FF-FF;;
208521;1786641642544;150B;Motor-/Controllerblock;20;70;–;FF-FF-FF-FF-FF-FF-FF-FF-FF-FF-FF-FF-FF-FF-FF-FF-FF-FF-FF-FF;;
208725;1786641642748;150D;Zweite Fahrstatistik;20;70;–;00-1C-00-00-FF-FF-FF-FF-47-18-FF-FF-FF-FF-FF-FF-FF-FF-00-00;;
209763;1786641643786;1502;Akkuinformationen;16;71;–;47-18-FF-FF-FF-FF-47-18-FF-FF-FF-FF-FF-FF-00-00;;
210189;1786641644212;1505;BikePerformance / Fahrleistung;18;71;7;00-00-00-00-FF-FF-00-00-FF-FF-FF-FF-FF-00-00-00-00-00;;
210393;1786641644416;1506;Trip / Kilometer & Betriebszähler;16;71;7;00-00-1B-55-00-02-1F-74-00-00-02-BB-00-00-00-00;;
210807;1786641644830;1508;Settings / Licht & Fahrstufe;17;71;–;00-00-00-02-FF-FF-FF-FF-FF-FF-FF-00-00-00-00-00-00;;
211021;1786641645044;1509;BatteryChange / Akku-Livestand;11;71;–;00-00-FF-FF-64-CF-D0-00-00-00-00;;
211225;1786641645248;150A;MotorUpdate / Motor-Livestand;10;71;–;00-00-FF-FF-FF-FF-FF-FF-FF-FF;;
211439;1786641645462;150B;Motor-/Controllerblock;20;71;–;FF-FF-FF-FF-FF-FF-FF-FF-FF-FF-FF-FF-FF-FF-FF-FF-FF-FF-FF-FF;;
211641;1786641645664;150D;Zweite Fahrstatistik;20;71;–;00-1C-00-00-FF-FF-FF-FF-47-18-FF-FF-FF-FF-FF-FF-FF-FF-00-00;;
212687;1786641646710;1502;Akkuinformationen;16;72;–;47-18-FF-FF-FF-FF-47-18-FF-FF-FF-FF-FF-FF-00-00;;
213104;1786641647127;1505;BikePerformance / Fahrleistung;18;72;–;00-00-00-00-FF-FF-00-00-FF-FF-FF-FF-FF-00-00-00-00-00;;
213316;1786641647339;1506;Trip / Kilometer & Betriebszähler;16;72;–;00-00-1B-55-00-02-1F-74-00-00-02-BB-00-00-00-00;;
213733;1786641647756;1508;Settings / Licht & Fahrstufe;17;72;–;00-00-00-02-FF-FF-FF-FF-FF-FF-FF-00-00-00-00-00-00;;
213934;1786641647957;1509;BatteryChange / Akku-Livestand;11;72;–;00-00-FF-FF-64-CF-D0-00-00-00-00;;
214149;1786641648172;150A;MotorUpdate / Motor-Livestand;10;72;–;00-00-FF-FF-FF-FF-FF-FF-FF-FF;;
214362;1786641648385;150B;Motor-/Controllerblock;20;72;–;FF-FF-FF-FF-FF-FF-FF-FF-FF-FF-FF-FF-FF-FF-FF-FF-FF-FF-FF-FF;;
214564;1786641648587;150D;Zweite Fahrstatistik;20;72;–;00-1C-00-00-FF-FF-FF-FF-47-18-FF-FF-FF-FF-FF-FF-FF-FF-00-00;;
215610;1786641649633;1502;Akkuinformationen;16;73;–;47-18-FF-FF-FF-FF-47-18-FF-FF-FF-FF-FF-FF-00-00;;
216027;1786641650050;1505;BikePerformance / Fahrleistung;18;73;–;00-00-00-00-FF-FF-00-00-FF-FF-FF-FF-FF-00-00-00-00-00;;
216245;1786641650268;1506;Trip / Kilometer & Betriebszähler;16;73;–;00-00-1B-55-00-02-1F-74-00-00-02-BB-00-00-00-00;;
216658;1786641650681;1508;Settings / Licht & Fahrstufe;17;73;–;00-00-00-02-FF-FF-FF-FF-FF-FF-FF-00-00-00-00-00-00;;
216859;1786641650882;1509;BatteryChange / Akku-Livestand;11;73;–;00-00-FF-FF-64-CF-D0-00-00-00-00;;
217073;1786641651096;150A;MotorUpdate / Motor-Livestand;10;73;–;00-00-FF-FF-FF-FF-FF-FF-FF-FF;;
217276;1786641651299;150B;Motor-/Controllerblock;20;73;–;FF-FF-FF-FF-FF-FF-FF-FF-FF-FF-FF-FF-FF-FF-FF-FF-FF-FF-FF-FF;;
217490;1786641651513;150D;Zweite Fahrstatistik;20;73;–;00-1C-00-00-FF-FF-FF-FF-47-18-FF-FF-FF-FF-FF-FF-FF-FF-00-00;;
218535;1786641652558;1502;Akkuinformationen;16;74;–;47-18-FF-FF-FF-FF-47-18-FF-FF-FF-FF-FF-FF-00-00;;
218951;1786641652974;1505;BikePerformance / Fahrleistung;18;74;–;00-00-00-00-FF-FF-00-00-FF-FF-FF-FF-FF-00-00-00-00-00;;
219154;1786641653177;1506;Trip / Kilometer & Betriebszähler;16;74;–;00-00-1B-55-00-02-1F-74-00-00-02-BB-00-00-00-00;;
219582;1786641653605;1508;Settings / Licht & Fahrstufe;17;74;–;00-00-00-02-FF-FF-FF-FF-FF-FF-FF-00-00-00-00-00-00;;
219784;1786641653807;1509;BatteryChange / Akku-Livestand;11;74;–;00-00-FF-FF-64-CF-D0-00-00-00-00;;
220002;1786641654025;150A;MotorUpdate / Motor-Livestand;10;74;–;00-00-FF-FF-FF-FF-FF-FF-FF-FF;;
220201;1786641654224;150B;Motor-/Controllerblock;20;74;–;FF-FF-FF-FF-FF-FF-FF-FF-FF-FF-FF-FF-FF-FF-FF-FF-FF-FF-FF-FF;;
220416;1786641654439;150D;Zweite Fahrstatistik;20;74;–;00-1C-00-00-FF-FF-FF-FF-47-18-FF-FF-FF-FF-FF-FF-FF-FF-00-00;;
221461;1786641655484;1502;Akkuinformationen;16;75;–;47-18-FF-FF-FF-FF-47-18-FF-FF-FF-FF-FF-FF-00-00;;
221880;1786641655903;1505;BikePerformance / Fahrleistung;18;75;–;00-00-00-00-FF-FF-00-00-FF-FF-FF-FF-FF-00-00-00-00-00;;
222078;1786641656101;1506;Trip / Kilometer & Betriebszähler;16;75;–;00-00-1B-55-00-02-1F-74-00-00-02-BB-00-00-00-00;;
222496;1786641656519;1508;Settings / Licht & Fahrstufe;17;75;–;00-00-00-02-FF-FF-FF-FF-FF-FF-FF-00-00-00-00-00-00;;
222715;1786641656738;1509;BatteryChange / Akku-Livestand;11;75;–;00-00-FF-FF-64-CF-D0-00-00-00-00;;
222912;1786641656935;150A;MotorUpdate / Motor-Livestand;10;75;–;00-00-FF-FF-FF-FF-FF-FF-FF-FF;;
223128;1786641657151;150B;Motor-/Controllerblock;20;75;–;FF-FF-FF-FF-FF-FF-FF-FF-FF-FF-FF-FF-FF-FF-FF-FF-FF-FF-FF-FF;;
223342;1786641657365;150D;Zweite Fahrstatistik;20;75;–;00-1C-00-00-FF-FF-FF-FF-47-18-FF-FF-FF-FF-FF-FF-FF-FF-00-00;;
224377;1786641658400;1502;Akkuinformationen;16;76;–;47-18-FF-FF-FF-FF-47-18-FF-FF-FF-FF-FF-FF-00-00;;
224790;1786641658813;1505;BikePerformance / Fahrleistung;18;76;–;00-00-00-00-FF-FF-00-00-FF-FF-FF-FF-FF-00-00-00-00-00;;
225004;1786641659027;1506;Trip / Kilometer & Betriebszähler;16;76;–;00-00-1B-55-00-02-1F-74-00-00-02-BB-00-00-00-00;;
225433;1786641659456;1508;Settings / Licht & Fahrstufe;17;76;–;00-00-00-02-FF-FF-FF-FF-FF-FF-FF-00-00-00-00-00-00;;
225635;1786641659658;1509;BatteryChange / Akku-Livestand;11;76;–;00-00-FF-FF-64-CF-D0-00-00-00-00;;
225847;1786641659870;150A;MotorUpdate / Motor-Livestand;10;76;–;00-00-FF-FF-FF-FF-FF-FF-FF-FF;;
226050;1786641660073;150B;Motor-/Controllerblock;20;76;–;FF-FF-FF-FF-FF-FF-FF-FF-FF-FF-FF-FF-FF-FF-FF-FF-FF-FF-FF-FF;;
226257;1786641660280;150D;Zweite Fahrstatistik;20;76;–;00-1C-00-00-FF-FF-FF-FF-47-18-FF-FF-FF-FF-FF-FF-FF-FF-00-00;;
227300;1786641661323;1502;Akkuinformationen;16;77;–;47-18-FF-FF-FF-FF-47-18-FF-FF-FF-FF-FF-FF-00-00;;
227719;1786641661742;1505;BikePerformance / Fahrleistung;18;77;–;00-00-00-00-FF-FF-00-00-FF-FF-FF-FF-FF-00-00-00-00-00;;
227930;1786641661953;1506;Trip / Kilometer & Betriebszähler;16;77;–;00-00-1B-55-00-02-1F-74-00-00-02-BB-00-00-00-00;;
228347;1786641662370;1508;Settings / Licht & Fahrstufe;17;77;–;00-00-00-02-FF-FF-FF-FF-FF-FF-FF-00-00-00-00-00-00;;
228550;1786641662573;1509;BatteryChange / Akku-Livestand;11;77;–;00-00-FF-FF-64-CF-D0-00-00-00-00;;
228762;1786641662785;150A;MotorUpdate / Motor-Livestand;10;77;–;00-00-FF-FF-FF-FF-FF-FF-FF-FF;;
228979;1786641663002;150B;Motor-/Controllerblock;20;77;–;FF-FF-FF-FF-FF-FF-FF-FF-FF-FF-FF-FF-FF-FF-FF-FF-FF-FF-FF-FF;;
229179;1786641663202;150D;Zweite Fahrstatistik;20;77;–;00-1C-00-00-FF-FF-FF-FF-47-18-FF-FF-FF-FF-FF-FF-FF-FF-00-00;;
230236;1786641664259;1502;Akkuinformationen;16;78;–;47-18-FF-FF-FF-FF-47-18-FF-FF-FF-FF-FF-FF-00-00;;
230646;1786641664669;1505;BikePerformance / Fahrleistung;18;78;–;00-00-00-00-FF-FF-00-00-FF-FF-FF-FF-FF-00-00-00-00-00;;
230855;1786641664878;1506;Trip / Kilometer & Betriebszähler;16;78;–;00-00-1B-55-00-02-1F-74-00-00-02-BB-00-00-00-00;;
231283;1786641665306;1508;Settings / Licht & Fahrstufe;17;78;–;00-00-00-02-FF-FF-FF-FF-FF-FF-FF-00-00-00-00-00-00;;
231475;1786641665498;1509;BatteryChange / Akku-Livestand;11;78;–;00-00-FF-FF-64-CF-D0-00-00-00-00;;
231701;1786641665724;150A;MotorUpdate / Motor-Livestand;10;78;–;00-00-FF-FF-FF-FF-FF-FF-FF-FF;;
231891;1786641665914;150B;Motor-/Controllerblock;20;78;–;FF-FF-FF-FF-FF-FF-FF-FF-FF-FF-FF-FF-FF-FF-FF-FF-FF-FF-FF-FF;;
232104;1786641666127;150D;Zweite Fahrstatistik;20;78;–;00-1C-00-00-FF-FF-FF-FF-47-18-FF-FF-FF-FF-FF-FF-FF-FF-00-00;;
233151;1786641667174;1502;Akkuinformationen;16;79;–;47-18-FF-FF-FF-FF-47-18-FF-FF-FF-FF-FF-FF-00-00;;
233567;1786641667590;1505;BikePerformance / Fahrleistung;18;79;–;00-00-00-00-FF-FF-00-00-FF-FF-FF-FF-FF-00-00-00-00-00;;
233782;1786641667805;1506;Trip / Kilometer & Betriebszähler;16;79;–;00-00-1B-55-00-02-1F-74-00-00-02-BB-00-00-00-00;;
234186;1786641668209;1508;Settings / Licht & Fahrstufe;17;79;–;00-00-00-02-FF-FF-FF-FF-FF-FF-FF-00-00-00-00-00-00;;
234401;1786641668424;1509;BatteryChange / Akku-Livestand;11;79;–;00-00-FF-FF-64-CF-D0-00-00-00-00;;
234625;1786641668648;150A;MotorUpdate / Motor-Livestand;10;79;–;00-00-FF-FF-FF-FF-FF-FF-FF-FF;;
234816;1786641668839;150B;Motor-/Controllerblock;20;79;–;FF-FF-FF-FF-FF-FF-FF-FF-FF-FF-FF-FF-FF-FF-FF-FF-FF-FF-FF-FF;;
235029;1786641669052;150D;Zweite Fahrstatistik;20;79;–;00-1C-00-00-FF-FF-FF-FF-47-18-FF-FF-FF-FF-FF-FF-FF-FF-00-00;;
236076;1786641670099;1502;Akkuinformationen;16;80;–;47-18-FF-FF-FF-FF-47-18-FF-FF-FF-FF-FF-FF-00-00;;
236493;1786641670516;1505;BikePerformance / Fahrleistung;18;80;–;00-00-00-00-FF-FF-00-00-FF-FF-FF-FF-FF-00-00-00-00-00;;
236695;1786641670718;1506;Trip / Kilometer & Betriebszähler;16;80;–;00-00-1B-55-00-02-1F-74-00-00-02-BB-00-00-00-00;;
237112;1786641671135;1508;Settings / Licht & Fahrstufe;17;80;–;00-00-00-02-FF-FF-FF-FF-FF-FF-FF-00-00-00-00-00-00;;
237337;1786641671360;1509;BatteryChange / Akku-Livestand;11;80;–;00-00-FF-FF-64-CF-D0-00-00-00-00;;
237529;1786641671552;150A;MotorUpdate / Motor-Livestand;10;80;–;00-00-FF-FF-FF-FF-FF-FF-FF-FF;;
237743;1786641671766;150B;Motor-/Controllerblock;20;80;–;FF-FF-FF-FF-FF-FF-FF-FF-FF-FF-FF-FF-FF-FF-FF-FF-FF-FF-FF-FF;;
237944;1786641671967;150D;Zweite Fahrstatistik;20;80;–;00-1C-00-00-FF-FF-FF-FF-47-18-FF-FF-FF-FF-FF-FF-FF-FF-00-00;;
238988;1786641673011;1502;Akkuinformationen;16;81;–;47-18-FF-FF-FF-FF-47-18-FF-FF-FF-FF-FF-FF-00-00;;
239411;1786641673434;1505;BikePerformance / Fahrleistung;18;81;–;00-00-00-00-FF-FF-00-00-FF-FF-FF-FF-FF-00-00-00-00-00;;
239631;1786641673654;1506;Trip / Kilometer & Betriebszähler;16;81;–;00-00-1B-55-00-02-1F-74-00-00-02-BB-00-00-00-00;;
240036;1786641674059;1508;Settings / Licht & Fahrstufe;17;81;–;00-00-00-02-FF-FF-FF-FF-FF-FF-FF-00-00-00-00-00-00;;
240248;1786641674271;1509;BatteryChange / Akku-Livestand;11;81;–;00-00-FF-FF-64-CF-D0-00-00-00-00;;
240451;1786641674474;150A;MotorUpdate / Motor-Livestand;10;81;–;00-00-FF-FF-FF-FF-FF-FF-FF-FF;;
240665;1786641674688;150B;Motor-/Controllerblock;20;81;–;FF-FF-FF-FF-FF-FF-FF-FF-FF-FF-FF-FF-FF-FF-FF-FF-FF-FF-FF-FF;;
240870;1786641674893;150D;Zweite Fahrstatistik;20;81;–;00-1C-00-00-FF-FF-FF-FF-47-18-FF-FF-FF-FF-FF-FF-FF-FF-00-00;;
241914;1786641675937;1502;Akkuinformationen;16;82;–;47-18-FF-FF-FF-FF-47-18-FF-FF-FF-FF-FF-FF-00-00;;
242331;1786641676354;1505;BikePerformance / Fahrleistung;18;82;–;00-00-00-00-FF-FF-00-00-FF-FF-FF-FF-FF-00-00-00-00-00;;
242557;1786641676580;1506;Trip / Kilometer & Betriebszähler;16;82;–;00-00-1B-55-00-02-1F-74-00-00-02-BB-00-00-00-00;;
242962;1786641676985;1508;Settings / Licht & Fahrstufe;17;82;–;00-00-00-02-FF-FF-FF-FF-FF-FF-FF-00-00-00-00-00-00;;
243164;1786641677187;1509;BatteryChange / Akku-Livestand;11;82;–;00-00-FF-FF-64-CF-D0-00-00-00-00;;
243377;1786641677400;150A;MotorUpdate / Motor-Livestand;10;82;–;00-00-FF-FF-FF-FF-FF-FF-FF-FF;;
243590;1786641677613;150B;Motor-/Controllerblock;20;82;–;FF-FF-FF-FF-FF-FF-FF-FF-FF-FF-FF-FF-FF-FF-FF-FF-FF-FF-FF-FF;;
243794;1786641677817;150D;Zweite Fahrstatistik;20;82;–;00-1C-00-00-FF-FF-FF-FF-47-18-FF-FF-FF-FF-FF-FF-FF-FF-00-00;;
244838;1786641678861;1502;Akkuinformationen;16;83;–;47-18-FF-FF-FF-FF-47-18-FF-FF-FF-FF-FF-FF-00-00;;
245256;1786641679279;1505;BikePerformance / Fahrleistung;18;83;–;00-00-00-00-FF-FF-00-00-FF-FF-FF-FF-FF-00-00-00-00-00;;
245469;1786641679492;1506;Trip / Kilometer & Betriebszähler;16;83;–;00-00-1B-55-00-02-1F-74-00-00-02-BB-00-00-00-00;;
245896;1786641679919;1508;Settings / Licht & Fahrstufe;17;83;–;00-00-00-02-FF-FF-FF-FF-FF-FF-FF-00-00-00-00-00-00;;
246102;1786641680125;1509;BatteryChange / Akku-Livestand;11;83;–;00-00-FF-FF-64-CF-D0-00-00-00-00;;
246317;1786641680340;150A;MotorUpdate / Motor-Livestand;10;83;–;00-00-FF-FF-FF-FF-FF-FF-FF-FF;;
246506;1786641680529;150B;Motor-/Controllerblock;20;83;–;FF-FF-FF-FF-FF-FF-FF-FF-FF-FF-FF-FF-FF-FF-FF-FF-FF-FF-FF-FF;;
246721;1786641680744;150D;Zweite Fahrstatistik;20;83;–;00-1C-00-00-FF-FF-FF-FF-47-18-FF-FF-FF-FF-FF-FF-FF-FF-00-00;;
247788;1786641681811;1502;Akkuinformationen;16;84;–;47-18-FF-FF-FF-FF-47-18-FF-FF-FF-FF-FF-FF-00-00;;
248182;1786641682205;1505;BikePerformance / Fahrleistung;18;84;–;00-00-00-00-FF-FF-00-00-FF-FF-FF-FF-FF-00-00-00-00-00;;
248383;1786641682406;1506;Trip / Kilometer & Betriebszähler;16;84;–;00-00-1B-55-00-02-1F-74-00-00-02-BB-00-00-00-00;;
248801;1786641682824;1508;Settings / Licht & Fahrstufe;17;84;–;00-00-00-02-FF-FF-FF-FF-FF-FF-FF-00-00-00-00-00-00;;
249025;1786641683048;1509;BatteryChange / Akku-Livestand;11;84;–;00-00-FF-FF-64-CF-D0-00-00-00-00;;
249227;1786641683250;150A;MotorUpdate / Motor-Livestand;10;84;–;00-00-FF-FF-FF-FF-FF-FF-FF-FF;;
249442;1786641683465;150B;Motor-/Controllerblock;20;84;–;FF-FF-FF-FF-FF-FF-FF-FF-FF-FF-FF-FF-FF-FF-FF-FF-FF-FF-FF-FF;;
249646;1786641683669;150D;Zweite Fahrstatistik;20;84;–;00-1C-00-00-FF-FF-FF-FF-47-18-FF-FF-FF-FF-FF-FF-FF-FF-00-00;;
250690;1786641684713;1502;Akkuinformationen;16;85;–;47-18-FF-FF-FF-FF-47-18-FF-FF-FF-FF-FF-FF-00-00;;
251105;1786641685128;1505;BikePerformance / Fahrleistung;18;85;–;00-00-00-00-FF-FF-00-00-FF-FF-FF-FF-FF-00-00-00-00-00;;
251310;1786641685333;1506;Trip / Kilometer & Betriebszähler;16;85;–;00-00-1B-55-00-02-1F-74-00-00-02-BB-00-00-00-00;;
251726;1786641685749;1508;Settings / Licht & Fahrstufe;17;85;–;00-00-00-02-FF-FF-FF-FF-FF-FF-FF-00-00-00-00-00-00;;
251940;1786641685963;1509;BatteryChange / Akku-Livestand;11;85;–;00-00-FF-FF-64-CF-D0-00-00-00-00;;
252141;1786641686164;150A;MotorUpdate / Motor-Livestand;10;85;–;00-00-FF-FF-FF-FF-FF-FF-FF-FF;;
252367;1786641686390;150B;Motor-/Controllerblock;20;85;–;FF-FF-FF-FF-FF-FF-FF-FF-FF-FF-FF-FF-FF-FF-FF-FF-FF-FF-FF-FF;;
252568;1786641686591;150D;Zweite Fahrstatistik;20;85;–;00-1C-00-00-FF-FF-FF-FF-47-18-FF-FF-FF-FF-FF-FF-FF-FF-00-00;;
253605;1786641687628;1502;Akkuinformationen;16;86;–;47-18-FF-FF-FF-FF-47-18-FF-FF-FF-FF-FF-FF-00-00;;
254021;1786641688044;1505;BikePerformance / Fahrleistung;18;86;7;00-00-00-00-FF-FF-00-06-FF-FF-FF-FF-FF-00-00-00-00-00;;
254234;1786641688257;1506;Trip / Kilometer & Betriebszähler;16;86;7;00-00-1B-55-00-02-1F-75-00-00-02-BB-00-00-00-00;;
254653;1786641688676;1508;Settings / Licht & Fahrstufe;17;86;–;00-00-00-02-FF-FF-FF-FF-FF-FF-FF-00-00-00-00-00-00;;
254854;1786641688877;1509;BatteryChange / Akku-Livestand;11;86;–;00-00-FF-FF-64-CF-D0-00-00-00-00;;
255079;1786641689102;150A;MotorUpdate / Motor-Livestand;10;86;–;00-00-FF-FF-FF-FF-FF-FF-FF-FF;;
255280;1786641689303;150B;Motor-/Controllerblock;20;86;–;FF-FF-FF-FF-FF-FF-FF-FF-FF-FF-FF-FF-FF-FF-FF-FF-FF-FF-FF-FF;;
255484;1786641689507;150D;Zweite Fahrstatistik;20;86;1;00-2F-00-00-FF-FF-FF-FF-47-18-FF-FF-FF-FF-FF-FF-FF-FF-00-00;;
256530;1786641690553;1502;Akkuinformationen;16;87;–;47-18-FF-FF-FF-FF-47-18-FF-FF-FF-FF-FF-FF-00-00;;
256945;1786641690968;1505;BikePerformance / Fahrleistung;18;87;7;00-00-00-00-FF-FF-00-59-FF-FF-FF-FF-FF-00-00-00-00-00;;
257159;1786641691182;1506;Trip / Kilometer & Betriebszähler;16;87;7;00-00-1B-55-00-02-1F-78-00-00-02-BB-00-00-00-00;;
257579;1786641691602;1508;Settings / Licht & Fahrstufe;17;87;–;00-00-00-02-FF-FF-FF-FF-FF-FF-FF-00-00-00-00-00-00;;
257778;1786641691801;1509;BatteryChange / Akku-Livestand;11;87;–;00-00-FF-FF-64-CF-D0-00-00-00-00;;
257991;1786641692014;150A;MotorUpdate / Motor-Livestand;10;87;–;00-00-FF-FF-FF-FF-FF-FF-FF-FF;;
258195;1786641692218;150B;Motor-/Controllerblock;20;87;–;FF-FF-FF-FF-FF-FF-FF-FF-FF-FF-FF-FF-FF-FF-FF-FF-FF-FF-FF-FF;;
258410;1786641692433;150D;Zweite Fahrstatistik;20;87;1;00-59-00-00-FF-FF-FF-FF-47-18-FF-FF-FF-FF-FF-FF-FF-FF-00-00;;
259453;1786641693476;1502;Akkuinformationen;16;88;–;47-18-FF-FF-FF-FF-47-18-FF-FF-FF-FF-FF-FF-00-00;;
259883;1786641693906;1505;BikePerformance / Fahrleistung;18;88;0,1,2,3,7;1C-0C-1C-0C-FF-FF-00-93-FF-FF-FF-FF-FF-00-00-00-00-00;;
260074;1786641694097;1506;Trip / Kilometer & Betriebszähler;16;88;7;00-00-1B-55-00-02-1F-7B-00-00-02-BB-00-00-00-00;;
260491;1786641694514;1508;Settings / Licht & Fahrstufe;17;88;–;00-00-00-02-FF-FF-FF-FF-FF-FF-FF-00-00-00-00-00-00;;
260714;1786641694737;1509;BatteryChange / Akku-Livestand;11;88;0,1,5,6,9,10;27-10-FF-FF-64-C9-90-00-00-02-04;;
260918;1786641694941;150A;MotorUpdate / Motor-Livestand;10;88;0,1;2E-E0-FF-FF-FF-FF-FF-FF-FF-FF;;
261130;1786641695153;150B;Motor-/Controllerblock;20;88;–;FF-FF-FF-FF-FF-FF-FF-FF-FF-FF-FF-FF-FF-FF-FF-FF-FF-FF-FF-FF;;
261335;1786641695358;150D;Zweite Fahrstatistik;20;88;1;00-B3-00-00-FF-FF-FF-FF-47-18-FF-FF-FF-FF-FF-FF-FF-FF-00-00;;
262382;1786641696405;1502;Akkuinformationen;16;89;–;47-18-FF-FF-FF-FF-47-18-FF-FF-FF-FF-FF-FF-00-00;;
262797;1786641696820;1505;BikePerformance / Fahrleistung;18;89;0,1,2,3,7;00-00-00-00-FF-FF-00-9F-FF-FF-FF-FF-FF-00-00-00-00-00;;
262998;1786641697021;1506;Trip / Kilometer & Betriebszähler;16;89;7;00-00-1B-55-00-02-1F-7E-00-00-02-BB-00-00-00-00;;
263418;1786641697441;1508;Settings / Licht & Fahrstufe;17;89;–;00-00-00-02-FF-FF-FF-FF-FF-FF-FF-00-00-00-00-00-00;;
263629;1786641697652;1509;BatteryChange / Akku-Livestand;11;89;0,1,5,6,9,10;13-88-FF-FF-64-CC-B0-00-00-01-06;;
263833;1786641697856;150A;MotorUpdate / Motor-Livestand;10;89;0,1;13-88-FF-FF-FF-FF-FF-FF-FF-FF;;
264047;1786641698070;150B;Motor-/Controllerblock;20;89;–;FF-FF-FF-FF-FF-FF-FF-FF-FF-FF-FF-FF-FF-FF-FF-FF-FF-FF-FF-FF;;
264260;1786641698283;150D;Zweite Fahrstatistik;20;89;–;00-B3-00-00-FF-FF-FF-FF-47-18-FF-FF-FF-FF-FF-FF-FF-FF-00-00;;
265296;1786641699319;1502;Akkuinformationen;16;90;–;47-18-FF-FF-FF-FF-47-18-FF-FF-FF-FF-FF-FF-00-00;;
265710;1786641699733;1505;BikePerformance / Fahrleistung;18;90;7;00-00-00-00-FF-FF-00-A4-FF-FF-FF-FF-FF-00-00-00-00-00;;
265932;1786641699955;1506;Trip / Kilometer & Betriebszähler;16;90;7;00-00-1B-55-00-02-1F-81-00-00-02-BB-00-00-00-00;;
266339;1786641700362;1508;Settings / Licht & Fahrstufe;17;90;–;00-00-00-02-FF-FF-FF-FF-FF-FF-FF-00-00-00-00-00-00;;
266557;1786641700580;1509;BatteryChange / Akku-Livestand;11;90;0,1,5,6,9,10;00-00-FF-FF-64-CF-6C-00-00-00-00;;
266756;1786641700779;150A;MotorUpdate / Motor-Livestand;10;90;0,1;00-00-FF-FF-FF-FF-FF-FF-FF-FF;;
266970;1786641700993;150B;Motor-/Controllerblock;20;90;–;FF-FF-FF-FF-FF-FF-FF-FF-FF-FF-FF-FF-FF-FF-FF-FF-FF-FF-FF-FF;;
267172;1786641701195;150D;Zweite Fahrstatistik;20;90;–;00-B3-00-00-FF-FF-FF-FF-47-18-FF-FF-FF-FF-FF-FF-FF-FF-00-00;;
268220;1786641702243;1502;Akkuinformationen;16;91;–;47-18-FF-FF-FF-FF-47-18-FF-FF-FF-FF-FF-FF-00-00;;
268636;1786641702659;1505;BikePerformance / Fahrleistung;18;91;7;00-00-00-00-FF-FF-00-76-FF-FF-FF-FF-FF-00-00-00-00-00;;
268848;1786641702871;1506;Trip / Kilometer & Betriebszähler;16;91;7;00-00-1B-55-00-02-1F-84-00-00-02-BB-00-00-00-00;;
269264;1786641703287;1508;Settings / Licht & Fahrstufe;17;91;–;00-00-00-02-FF-FF-FF-FF-FF-FF-FF-00-00-00-00-00-00;;
269469;1786641703492;1509;BatteryChange / Akku-Livestand;11;91;0,1,5,6,10;07-D0-FF-FF-64-CD-DC-00-00-00-69;;
269681;1786641703704;150A;MotorUpdate / Motor-Livestand;10;91;0,1;0B-B8-FF-FF-FF-FF-FF-FF-FF-FF;;
269897;1786641703920;150B;Motor-/Controllerblock;20;91;–;FF-FF-FF-FF-FF-FF-FF-FF-FF-FF-FF-FF-FF-FF-FF-FF-FF-FF-FF-FF;;
270099;1786641704122;150D;Zweite Fahrstatistik;20;91;–;00-B3-00-00-FF-FF-FF-FF-47-18-FF-FF-FF-FF-FF-FF-FF-FF-00-00;;
271143;1786641705166;1502;Akkuinformationen;16;92;–;47-18-FF-FF-FF-FF-47-18-FF-FF-FF-FF-FF-FF-00-00;;
271561;1786641705584;1505;BikePerformance / Fahrleistung;18;92;0,1,2,3,7;0C-30-0C-30-FF-FF-00-97-FF-FF-FF-FF-FF-00-00-00-00-00;;
271771;1786641705794;1506;Trip / Kilometer & Betriebszähler;16;92;7;00-00-1B-55-00-02-1F-87-00-00-02-BB-00-00-00-00;;
272193;1786641706216;1508;Settings / Licht & Fahrstufe;17;92;–;00-00-00-02-FF-FF-FF-FF-FF-FF-FF-00-00-00-00-00-00;;
272394;1786641706417;1509;BatteryChange / Akku-Livestand;11;92;0,1,5,6,9,10;3A-98-FF-FF-64-C7-9C-00-00-02-FE;;
272608;1786641706631;150A;MotorUpdate / Motor-Livestand;10;92;0,1;36-B0-FF-FF-FF-FF-FF-FF-FF-FF;;
272812;1786641706835;150B;Motor-/Controllerblock;20;92;–;FF-FF-FF-FF-FF-FF-FF-FF-FF-FF-FF-FF-FF-FF-FF-FF-FF-FF-FF-FF;;
273023;1786641707046;150D;Zweite Fahrstatistik;20;92;1;00-DA-00-00-FF-FF-FF-FF-47-18-FF-FF-FF-FF-FF-FF-FF-FF-00-00;;
274070;1786641708093;1502;Akkuinformationen;16;93;–;47-18-FF-FF-FF-FF-47-18-FF-FF-FF-FF-FF-FF-00-00;;
274487;1786641708510;1505;BikePerformance / Fahrleistung;18;93;0,1,2,3,7;00-00-00-00-FF-FF-00-DA-FF-FF-FF-FF-FF-00-00-00-00-00;;
274686;1786641708709;1506;Trip / Kilometer & Betriebszähler;16;93;7;00-00-1B-55-00-02-1F-8A-00-00-02-BB-00-00-00-00;;
275104;1786641709127;1508;Settings / Licht & Fahrstufe;17;93;–;00-00-00-02-FF-FF-FF-FF-FF-FF-FF-00-00-00-00-00-00;;
275318;1786641709341;1509;BatteryChange / Akku-Livestand;11;93;0,1,5,6,9,10;0B-B8-FF-FF-64-CC-4C-00-00-00-9C;;
275533;1786641709556;150A;MotorUpdate / Motor-Livestand;10;93;0,1;0B-B8-FF-FF-FF-FF-FF-FF-FF-FF;;
275737;1786641709760;150B;Motor-/Controllerblock;20;93;–;FF-FF-FF-FF-FF-FF-FF-FF-FF-FF-FF-FF-FF-FF-FF-FF-FF-FF-FF-FF;;
275948;1786641709971;150D;Zweite Fahrstatistik;20;93;–;00-DA-00-00-FF-FF-FF-FF-47-18-FF-FF-FF-FF-FF-FF-FF-FF-00-00;;
276995;1786641711018;1502;Akkuinformationen;16;94;–;47-18-FF-FF-FF-FF-47-18-FF-FF-FF-FF-FF-FF-00-00;;
277412;1786641711435;1505;BikePerformance / Fahrleistung;18;94;–;00-00-00-00-FF-FF-00-DA-FF-FF-FF-FF-FF-00-00-00-00-00;;
277613;1786641711636;1506;Trip / Kilometer & Betriebszähler;16;94;3,7;00-00-1B-56-00-02-1F-8C-00-00-02-BB-00-00-00-00;;
278044;1786641712067;1508;Settings / Licht & Fahrstufe;17;94;–;00-00-00-02-FF-FF-FF-FF-FF-FF-FF-00-00-00-00-00-00;;
278246;1786641712269;1509;BatteryChange / Akku-Livestand;11;94;0,1,4,5,6,10;00-00-FF-FF-63-CE-A4-00-00-00-00;;
278457;1786641712480;150A;MotorUpdate / Motor-Livestand;10;94;0,1;00-00-FF-FF-FF-FF-FF-FF-FF-FF;;
278660;1786641712683;150B;Motor-/Controllerblock;20;94;–;FF-FF-FF-FF-FF-FF-FF-FF-FF-FF-FF-FF-FF-FF-FF-FF-FF-FF-FF-FF;;
278872;1786641712895;150D;Zweite Fahrstatistik;20;94;3;00-DA-00-55-FF-FF-FF-FF-47-18-FF-FF-FF-FF-FF-FF-FF-FF-00-00;;
279918;1786641713941;1502;Akkuinformationen;16;95;–;47-18-FF-FF-FF-FF-47-18-FF-FF-FF-FF-FF-FF-00-00;;
280337;1786641714360;1505;BikePerformance / Fahrleistung;18;95;0,1,2,3,7;06-18-06-18-FF-FF-00-D4-FF-FF-FF-FF-FF-00-00-00-00-00;;
280539;1786641714562;1506;Trip / Kilometer & Betriebszähler;16;95;7;00-00-1B-56-00-02-1F-8F-00-00-02-BB-00-00-00-00;;
280954;1786641714977;1508;Settings / Licht & Fahrstufe;17;95;–;00-00-00-02-FF-FF-FF-FF-FF-FF-FF-00-00-00-00-00-00;;
281167;1786641715190;1509;BatteryChange / Akku-Livestand;11;95;0,1,5,6,10;0B-B8-FF-FF-63-CC-4C-00-00-00-69;;
281371;1786641715394;150A;MotorUpdate / Motor-Livestand;10;95;0,1;0B-B8-FF-FF-FF-FF-FF-FF-FF-FF;;
281585;1786641715608;150B;Motor-/Controllerblock;20;95;–;FF-FF-FF-FF-FF-FF-FF-FF-FF-FF-FF-FF-FF-FF-FF-FF-FF-FF-FF-FF;;
281798;1786641715821;150D;Zweite Fahrstatistik;20;95;–;00-DA-00-55-FF-FF-FF-FF-47-18-FF-FF-FF-FF-FF-FF-FF-FF-00-00;;
282834;1786641716857;1502;Akkuinformationen;16;96;–;47-18-FF-FF-FF-FF-47-18-FF-FF-FF-FF-FF-FF-00-00;;
283250;1786641717273;1505;BikePerformance / Fahrleistung;18;96;7;06-18-06-18-FF-FF-00-DA-FF-FF-FF-FF-FF-00-00-00-00-00;;
283463;1786641717486;1506;Trip / Kilometer & Betriebszähler;16;96;7;00-00-1B-56-00-02-1F-92-00-00-02-BB-00-00-00-00;;
283880;1786641717903;1508;Settings / Licht & Fahrstufe;17;96;–;00-00-00-02-FF-FF-FF-FF-FF-FF-FF-00-00-00-00-00-00;;
284095;1786641718118;1509;BatteryChange / Akku-Livestand;11;96;0,1,4,9,10;0F-A0-FF-FF-61-CC-4C-00-00-01-04;;
284296;1786641718319;150A;MotorUpdate / Motor-Livestand;10;96;0,1;13-88-FF-FF-FF-FF-FF-FF-FF-FF;;
284511;1786641718534;150B;Motor-/Controllerblock;20;96;–;FF-FF-FF-FF-FF-FF-FF-FF-FF-FF-FF-FF-FF-FF-FF-FF-FF-FF-FF-FF;;
284712;1786641718735;150D;Zweite Fahrstatistik;20;96;–;00-DA-00-55-FF-FF-FF-FF-47-18-FF-FF-FF-FF-FF-FF-FF-FF-00-00;;
285758;1786641719781;1502;Akkuinformationen;16;97;–;47-18-FF-FF-FF-FF-47-18-FF-FF-FF-FF-FF-FF-00-00;;
286175;1786641720198;1505;BikePerformance / Fahrleistung;18;97;0,1,2,3;08-2A-08-2A-FF-FF-00-DA-FF-FF-FF-FF-FF-00-00-00-00-00;;
286389;1786641720412;1506;Trip / Kilometer & Betriebszähler;16;97;7;00-00-1B-56-00-02-1F-95-00-00-02-BB-00-00-00-00;;
286806;1786641720829;1508;Settings / Licht & Fahrstufe;17;97;–;00-00-00-02-FF-FF-FF-FF-FF-FF-FF-00-00-00-00-00-00;;
287007;1786641721030;1509;BatteryChange / Akku-Livestand;11;97;0,1,4,5,6,9,10;0B-B8-FF-FF-62-CB-E8-00-00-00-9C;;
287232;1786641721255;150A;MotorUpdate / Motor-Livestand;10;97;0,1;07-D0-FF-FF-FF-FF-FF-FF-FF-FF;;
287434;1786641721457;150B;Motor-/Controllerblock;20;97;–;FF-FF-FF-FF-FF-FF-FF-FF-FF-FF-FF-FF-FF-FF-FF-FF-FF-FF-FF-FF;;
287649;1786641721672;150D;Zweite Fahrstatistik;20;97;–;00-DA-00-55-FF-FF-FF-FF-47-18-FF-FF-FF-FF-FF-FF-FF-FF-00-00;;
288684;1786641722707;1502;Akkuinformationen;16;98;–;47-18-FF-FF-FF-FF-47-18-FF-FF-FF-FF-FF-FF-00-00;;
289100;1786641723123;1505;BikePerformance / Fahrleistung;18;98;0,1,2,3;00-00-00-00-FF-FF-00-DA-FF-FF-FF-FF-FF-00-00-00-00-00;;
289315;1786641723338;1506;Trip / Kilometer & Betriebszähler;16;98;7;00-00-1B-56-00-02-1F-98-00-00-02-BB-00-00-00-00;;
289730;1786641723753;1508;Settings / Licht & Fahrstufe;17;98;–;00-00-00-02-FF-FF-FF-FF-FF-FF-FF-00-00-00-00-00-00;;
289934;1786641723957;1509;BatteryChange / Akku-Livestand;11;98;0,1,4,5,6,10;00-00-FF-FF-64-CE-A4-00-00-00-00;;
290146;1786641724169;150A;MotorUpdate / Motor-Livestand;10;98;0,1;00-00-FF-FF-FF-FF-FF-FF-FF-FF;;
290348;1786641724371;150B;Motor-/Controllerblock;20;98;–;FF-FF-FF-FF-FF-FF-FF-FF-FF-FF-FF-FF-FF-FF-FF-FF-FF-FF-FF-FF;;
290563;1786641724586;150D;Zweite Fahrstatistik;20;98;–;00-DA-00-55-FF-FF-FF-FF-47-18-FF-FF-FF-FF-FF-FF-FF-FF-00-00;;
291610;1786641725633;1502;Akkuinformationen;16;99;–;47-18-FF-FF-FF-FF-47-18-FF-FF-FF-FF-FF-FF-00-00;;
292025;1786641726048;1505;BikePerformance / Fahrleistung;18;99;7;00-00-00-00-FF-FF-00-AD-FF-FF-FF-FF-FF-00-00-00-00-00;;
292229;1786641726252;1506;Trip / Kilometer & Betriebszähler;16;99;7;00-00-1B-56-00-02-1F-9B-00-00-02-BB-00-00-00-00;;
292643;1786641726666;1508;Settings / Licht & Fahrstufe;17;99;–;00-00-00-02-FF-FF-FF-FF-FF-FF-FF-00-00-00-00-00-00;;
292857;1786641726880;1509;BatteryChange / Akku-Livestand;11;99;4;00-00-FF-FF-61-CE-A4-00-00-00-00;;
293073;1786641727096;150A;MotorUpdate / Motor-Livestand;10;99;–;00-00-FF-FF-FF-FF-FF-FF-FF-FF;;
293275;1786641727298;150B;Motor-/Controllerblock;20;99;–;FF-FF-FF-FF-FF-FF-FF-FF-FF-FF-FF-FF-FF-FF-FF-FF-FF-FF-FF-FF;;
293490;1786641727513;150D;Zweite Fahrstatistik;20;99;–;00-DA-00-55-FF-FF-FF-FF-47-18-FF-FF-FF-FF-FF-FF-FF-FF-00-00;;
294536;1786641728559;1502;Akkuinformationen;16;100;–;47-18-FF-FF-FF-FF-47-18-FF-FF-FF-FF-FF-FF-00-00;;
294951;1786641728974;1505;BikePerformance / Fahrleistung;18;100;0,1,2,3,7;04-1A-04-1A-FF-FF-00-9A-FF-FF-FF-FF-FF-00-00-00-00-00;;
295153;1786641729176;1506;Trip / Kilometer & Betriebszähler;16;100;3,7;00-00-1B-57-00-02-1F-9E-00-00-02-BB-00-00-00-00;;
295572;1786641729595;1508;Settings / Licht & Fahrstufe;17;100;–;00-00-00-02-FF-FF-FF-FF-FF-FF-FF-00-00-00-00-00-00;;
295783;1786641729806;1509;BatteryChange / Akku-Livestand;11;100;0,1,5,6,10;0B-B8-FF-FF-61-CC-B0-00-00-00-9D;;
295985;1786641730008;150A;MotorUpdate / Motor-Livestand;10;100;0,1;0B-B8-FF-FF-FF-FF-FF-FF-FF-FF;;
296198;1786641730221;150B;Motor-/Controllerblock;20;100;–;FF-FF-FF-FF-FF-FF-FF-FF-FF-FF-FF-FF-FF-FF-FF-FF-FF-FF-FF-FF;;
296412;1786641730435;150D;Zweite Fahrstatistik;20;100;3;00-DA-00-77-FF-FF-FF-FF-47-18-FF-FF-FF-FF-FF-FF-FF-FF-00-00;;
297448;1786641731471;1502;Akkuinformationen;16;101;–;47-18-FF-FF-FF-FF-47-18-FF-FF-FF-FF-FF-FF-00-00;;
297865;1786641731888;1505;BikePerformance / Fahrleistung;18;101;0,1,2,3,7;08-2A-08-2A-FF-FF-00-A5-FF-FF-FF-FF-FF-00-00-00-00-00;;
298083;1786641732106;1506;Trip / Kilometer & Betriebszähler;16;101;7;00-00-1B-57-00-02-1F-A1-00-00-02-BB-00-00-00-00;;
298496;1786641732519;1508;Settings / Licht & Fahrstufe;17;101;–;00-00-00-02-FF-FF-FF-FF-FF-FF-FF-00-00-00-00-00-00;;
298708;1786641732731;1509;BatteryChange / Akku-Livestand;11;101;–;0B-B8-FF-FF-61-CC-B0-00-00-00-9D;;
298911;1786641732934;150A;MotorUpdate / Motor-Livestand;10;101;0,1;07-D0-FF-FF-FF-FF-FF-FF-FF-FF;;
299126;1786641733149;150B;Motor-/Controllerblock;20;101;–;FF-FF-FF-FF-FF-FF-FF-FF-FF-FF-FF-FF-FF-FF-FF-FF-FF-FF-FF-FF;;
299327;1786641733350;150D;Zweite Fahrstatistik;20;101;–;00-DA-00-77-FF-FF-FF-FF-47-18-FF-FF-FF-FF-FF-FF-FF-FF-00-00;;
300373;1786641734396;1502;Akkuinformationen;16;102;–;47-18-FF-FF-FF-FF-47-18-FF-FF-FF-FF-FF-FF-00-00;;
300788;1786641734811;1505;BikePerformance / Fahrleistung;18;102;1,3,7;08-20-08-20-FF-FF-00-C3-FF-FF-FF-FF-FF-00-00-00-00-00;;
301003;1786641735026;1506;Trip / Kilometer & Betriebszähler;16;102;7;00-00-1B-57-00-02-1F-A4-00-00-02-BB-00-00-00-00;;
301417;1786641735440;1508;Settings / Licht & Fahrstufe;17;102;–;00-00-00-02-FF-FF-FF-FF-FF-FF-FF-00-00-00-00-00-00;;
301620;1786641735643;1509;BatteryChange / Akku-Livestand;11;102;0,1,5,6,10;03-E8-FF-FF-61-CE-40-00-00-00-34;;
301836;1786641735859;150A;MotorUpdate / Motor-Livestand;10;102;0,1;00-00-FF-FF-FF-FF-FF-FF-FF-FF;;
302049;1786641736072;150B;Motor-/Controllerblock;20;102;–;FF-FF-FF-FF-FF-FF-FF-FF-FF-FF-FF-FF-FF-FF-FF-FF-FF-FF-FF-FF;;
302253;1786641736276;150D;Zweite Fahrstatistik;20;102;–;00-DA-00-77-FF-FF-FF-FF-47-18-FF-FF-FF-FF-FF-FF-FF-FF-00-00;;
303298;1786641737321;1502;Akkuinformationen;16;103;–;47-18-FF-FF-FF-FF-47-18-FF-FF-FF-FF-FF-FF-00-00;;
303714;1786641737737;1505;BikePerformance / Fahrleistung;18;103;0,1,2,3,7;00-00-00-00-FF-FF-00-AD-FF-FF-FF-FF-FF-00-00-00-00-00;;
303930;1786641737953;1506;Trip / Kilometer & Betriebszähler;16;103;7;00-00-1B-57-00-02-1F-A7-00-00-02-BB-00-00-00-00;;
304345;1786641738368;1508;Settings / Licht & Fahrstufe;17;103;–;00-00-00-02-FF-FF-FF-FF-FF-FF-FF-00-00-00-00-00-00;;
304547;1786641738570;1509;BatteryChange / Akku-Livestand;11;103;0,1,10;00-00-FF-FF-61-CE-40-00-00-00-00;;
304760;1786641738783;150A;MotorUpdate / Motor-Livestand;10;103;–;00-00-FF-FF-FF-FF-FF-FF-FF-FF;;
304963;1786641738986;150B;Motor-/Controllerblock;20;103;–;FF-FF-FF-FF-FF-FF-FF-FF-FF-FF-FF-FF-FF-FF-FF-FF-FF-FF-FF-FF;;
305177;1786641739200;150D;Zweite Fahrstatistik;20;103;–;00-DA-00-77-FF-FF-FF-FF-47-18-FF-FF-FF-FF-FF-FF-FF-FF-00-00;;
306225;1786641740248;1502;Akkuinformationen;16;104;–;47-18-FF-FF-FF-FF-47-18-FF-FF-FF-FF-FF-FF-00-00;;
306640;1786641740663;1505;BikePerformance / Fahrleistung;18;104;7;00-00-00-00-FF-FF-00-75-FF-FF-FF-FF-FF-00-00-00-00-00;;
306841;1786641740864;1506;Trip / Kilometer & Betriebszähler;16;104;7;00-00-1B-57-00-02-1F-AA-00-00-02-BB-00-00-00-00;;
307271;1786641741294;1508;Settings / Licht & Fahrstufe;17;104;–;00-00-00-02-FF-FF-FF-FF-FF-FF-FF-00-00-00-00-00-00;;
307495;1786641741518;1509;BatteryChange / Akku-Livestand;11;104;6;00-00-FF-FF-61-CE-A4-00-00-00-00;;
307686;1786641741709;150A;MotorUpdate / Motor-Livestand;10;104;–;00-00-FF-FF-FF-FF-FF-FF-FF-FF;;
307888;1786641741911;150B;Motor-/Controllerblock;20;104;–;FF-FF-FF-FF-FF-FF-FF-FF-FF-FF-FF-FF-FF-FF-FF-FF-FF-FF-FF-FF;;
308102;1786641742125;150D;Zweite Fahrstatistik;20;104;–;00-DA-00-77-FF-FF-FF-FF-47-18-FF-FF-FF-FF-FF-FF-FF-FF-00-00;;
309150;1786641743173;1502;Akkuinformationen;16;105;–;47-18-FF-FF-FF-FF-47-18-FF-FF-FF-FF-FF-FF-00-00;;
309564;1786641743587;1505;BikePerformance / Fahrleistung;18;105;0,1,2,3,7;04-1A-04-1A-FF-FF-00-52-FF-FF-FF-FF-FF-00-00-00-00-00;;
309767;1786641743790;1506;Trip / Kilometer & Betriebszähler;16;105;7;00-00-1B-57-00-02-1F-AD-00-00-02-BB-00-00-00-00;;
310184;1786641744207;1508;Settings / Licht & Fahrstufe;17;105;–;00-00-00-02-FF-FF-FF-FF-FF-FF-FF-00-00-00-00-00-00;;
310396;1786641744419;1509;BatteryChange / Akku-Livestand;11;105;0,1,5,6,9,10;2A-F8-FF-FF-61-C9-2C-00-00-02-36;;
310600;1786641744623;150A;MotorUpdate / Motor-Livestand;10;105;0,1;2A-F8-FF-FF-FF-FF-FF-FF-FF-FF;;
310813;1786641744836;150B;Motor-/Controllerblock;20;105;–;FF-FF-FF-FF-FF-FF-FF-FF-FF-FF-FF-FF-FF-FF-FF-FF-FF-FF-FF-FF;;
311027;1786641745050;150D;Zweite Fahrstatistik;20;105;–;00-DA-00-77-FF-FF-FF-FF-47-18-FF-FF-FF-FF-FF-FF-FF-FF-00-00;;
312063;1786641746086;1502;Akkuinformationen;16;106;–;47-18-FF-FF-FF-FF-47-18-FF-FF-FF-FF-FF-FF-00-00;;
312478;1786641746501;1505;BikePerformance / Fahrleistung;18;106;0,1,2,3,7;10-22-10-22-FF-FF-00-D0-FF-FF-FF-FF-FF-00-00-00-00-00;;
312692;1786641746715;1506;Trip / Kilometer & Betriebszähler;16;106;7;00-00-1B-57-00-02-1F-B0-00-00-02-BB-00-00-00-00;;
313110;1786641747133;1508;Settings / Licht & Fahrstufe;17;106;–;00-00-00-02-FF-FF-FF-FF-FF-FF-FF-00-00-00-00-00-00;;
313321;1786641747344;1509;BatteryChange / Akku-Livestand;11;106;0,1,5,6,9,10;17-70-FF-FF-61-CA-58-00-00-01-04;;
313525;1786641747548;150A;MotorUpdate / Motor-Livestand;10;106;0,1;13-88-FF-FF-FF-FF-FF-FF-FF-FF;;
313738;1786641747761;150B;Motor-/Controllerblock;20;106;–;FF-FF-FF-FF-FF-FF-FF-FF-FF-FF-FF-FF-FF-FF-FF-FF-FF-FF-FF-FF;;
313942;1786641747965;150D;Zweite Fahrstatistik;20;106;–;00-DA-00-77-FF-FF-FF-FF-47-18-FF-FF-FF-FF-FF-FF-FF-FF-00-00;;
314987;1786641749010;1502;Akkuinformationen;16;107;–;47-18-FF-FF-FF-FF-47-18-FF-FF-FF-FF-FF-FF-00-00;;
315405;1786641749428;1505;BikePerformance / Fahrleistung;18;107;0,1,2,3,7;06-18-06-18-FF-FF-00-DA-FF-FF-FF-FF-FF-00-00-00-00-00;;
315618;1786641749641;1506;Trip / Kilometer & Betriebszähler;16;107;7;00-00-1B-57-00-02-1F-B3-00-00-02-BB-00-00-00-00;;
316034;1786641750057;1508;Settings / Licht & Fahrstufe;17;107;–;00-00-00-02-FF-FF-FF-FF-FF-FF-FF-00-00-00-00-00-00;;
316235;1786641750258;1509;BatteryChange / Akku-Livestand;11;107;0,1,5,6,9,10;07-D0-FF-FF-61-CD-78-00-00-00-69;;
316451;1786641750474;150A;MotorUpdate / Motor-Livestand;10;107;0,1;0B-B8-FF-FF-FF-FF-FF-FF-FF-FF;;
316664;1786641750687;150B;Motor-/Controllerblock;20;107;–;FF-FF-FF-FF-FF-FF-FF-FF-FF-FF-FF-FF-FF-FF-FF-FF-FF-FF-FF-FF;;
316869;1786641750892;150D;Zweite Fahrstatistik;20;107;–;00-DA-00-77-FF-FF-FF-FF-47-18-FF-FF-FF-FF-FF-FF-FF-FF-00-00;;
317912;1786641751935;1502;Akkuinformationen;16;108;–;47-18-FF-FF-FF-FF-47-18-FF-FF-FF-FF-FF-FF-00-00;;
318329;1786641752352;1505;BikePerformance / Fahrleistung;18;108;–;06-18-06-18-FF-FF-00-DA-FF-FF-FF-FF-FF-00-00-00-00-00;;
318543;1786641752566;1506;Trip / Kilometer & Betriebszähler;16;108;7;00-00-1B-57-00-02-1F-B6-00-00-02-BB-00-00-00-00;;
318959;1786641752982;1508;Settings / Licht & Fahrstufe;17;108;–;00-00-00-02-FF-FF-FF-FF-FF-FF-FF-00-00-00-00-00-00;;
319161;1786641753184;1509;BatteryChange / Akku-Livestand;11;108;0,1,5,6,10;0F-A0-FF-FF-61-CB-84-00-00-00-D0;;
319375;1786641753398;150A;MotorUpdate / Motor-Livestand;10;108;–;0B-B8-FF-FF-FF-FF-FF-FF-FF-FF;;
319587;1786641753610;150B;Motor-/Controllerblock;20;108;–;FF-FF-FF-FF-FF-FF-FF-FF-FF-FF-FF-FF-FF-FF-FF-FF-FF-FF-FF-FF;;
319793;1786641753816;150D;Zweite Fahrstatistik;20;108;3;00-DA-00-80-FF-FF-FF-FF-47-18-FF-FF-FF-FF-FF-FF-FF-FF-00-00;;
320836;1786641754859;1502;Akkuinformationen;16;109;–;47-18-FF-FF-FF-FF-47-18-FF-FF-FF-FF-FF-FF-00-00;;
321255;1786641755278;1505;BikePerformance / Fahrleistung;18;109;0,1,2,3;04-10-04-10-FF-FF-00-DA-FF-FF-FF-FF-FF-00-00-00-00-00;;
321470;1786641755493;1506;Trip / Kilometer & Betriebszähler;16;109;3,7,11;00-00-1B-58-00-02-1F-B9-00-00-02-BC-00-00-00-00;;
321884;1786641755907;1508;Settings / Licht & Fahrstufe;17;109;–;00-00-00-02-FF-FF-FF-FF-FF-FF-FF-00-00-00-00-00-00;;
322087;1786641756110;1509;BatteryChange / Akku-Livestand;11;109;0,1,5,6,10;0B-B8-FF-FF-61-CC-4C-00-00-00-9C;;
322300;1786641756323;150A;MotorUpdate / Motor-Livestand;10;109;–;0B-B8-FF-FF-FF-FF-FF-FF-FF-FF;;
322502;1786641756525;150B;Motor-/Controllerblock;20;109;–;FF-FF-FF-FF-FF-FF-FF-FF-FF-FF-FF-FF-FF-FF-FF-FF-FF-FF-FF-FF;;
322716;1786641756739;150D;Zweite Fahrstatistik;20;109;–;00-DA-00-80-FF-FF-FF-FF-47-18-FF-FF-FF-FF-FF-FF-FF-FF-00-00;;
323765;1786641757788;1502;Akkuinformationen;16;110;–;47-18-FF-FF-FF-FF-47-18-FF-FF-FF-FF-FF-FF-00-00;;
324180;1786641758203;1505;BikePerformance / Fahrleistung;18;110;–;04-10-04-10-FF-FF-00-DA-FF-FF-FF-FF-FF-00-00-00-00-00;;
324383;1786641758406;1506;Trip / Kilometer & Betriebszähler;16;110;7;00-00-1B-58-00-02-1F-BC-00-00-02-BC-00-00-00-00;;
324799;1786641758822;1508;Settings / Licht & Fahrstufe;17;110;–;00-00-00-02-FF-FF-FF-FF-FF-FF-FF-00-00-00-00-00-00;;
325012;1786641759035;1509;BatteryChange / Akku-Livestand;11;110;0,1,6,10;03-E8-FF-FF-61-CC-B0-00-00-00-68;;
325225;1786641759248;150A;MotorUpdate / Motor-Livestand;10;110;–;0B-B8-FF-FF-FF-FF-FF-FF-FF-FF;;
325428;1786641759451;150B;Motor-/Controllerblock;20;110;–;FF-FF-FF-FF-FF-FF-FF-FF-FF-FF-FF-FF-FF-FF-FF-FF-FF-FF-FF-FF;;
325641;1786641759664;150D;Zweite Fahrstatistik;20;110;–;00-DA-00-80-FF-FF-FF-FF-47-18-FF-FF-FF-FF-FF-FF-FF-FF-00-00;;
326678;1786641760701;1502;Akkuinformationen;16;111;–;47-18-FF-FF-FF-FF-47-18-FF-FF-FF-FF-FF-FF-00-00;;
327125;1786641761148;1505;BikePerformance / Fahrleistung;18;111;0,1,2,3;06-18-06-18-FF-FF-00-DA-FF-FF-FF-FF-FF-00-00-00-00-00;;
327320;1786641761343;1506;Trip / Kilometer & Betriebszähler;16;111;7;00-00-1B-58-00-02-1F-BE-00-00-02-BC-00-00-00-00;;
327732;1786641761755;1508;Settings / Licht & Fahrstufe;17;111;–;00-00-00-02-FF-FF-FF-FF-FF-FF-FF-00-00-00-00-00-00;;
327935;1786641761958;1509;BatteryChange / Akku-Livestand;11;111;0,1,5,6,10;0B-B8-FF-FF-61-CA-BC-00-00-00-9B;;
328141;1786641762164;150A;MotorUpdate / Motor-Livestand;10;111;–;0B-B8-FF-FF-FF-FF-FF-FF-FF-FF;;
328353;1786641762376;150B;Motor-/Controllerblock;20;111;–;FF-FF-FF-FF-FF-FF-FF-FF-FF-FF-FF-FF-FF-FF-FF-FF-FF-FF-FF-FF;;
328554;1786641762577;150D;Zweite Fahrstatistik;20;111;–;00-DA-00-80-FF-FF-FF-FF-47-18-FF-FF-FF-FF-FF-FF-FF-FF-00-00;;
329602;1786641763625;1502;Akkuinformationen;16;112;–;47-18-FF-FF-FF-FF-47-18-FF-FF-FF-FF-FF-FF-00-00;;
330017;1786641764040;1505;BikePerformance / Fahrleistung;18;112;0,1,2,3;04-10-04-10-FF-FF-00-DA-FF-FF-FF-FF-FF-00-00-00-00-00;;
330232;1786641764255;1506;Trip / Kilometer & Betriebszähler;16;112;7;00-00-1B-58-00-02-1F-C1-00-00-02-BC-00-00-00-00;;
330651;1786641764674;1508;Settings / Licht & Fahrstufe;17;112;–;00-00-00-02-FF-FF-FF-FF-FF-FF-FF-00-00-00-00-00-00;;
330861;1786641764884;1509;BatteryChange / Akku-Livestand;11;112;0,1,5,6,10;0F-A0-FF-FF-61-CB-20-00-00-00-D0;;
331066;1786641765089;150A;MotorUpdate / Motor-Livestand;10;112;–;0B-B8-FF-FF-FF-FF-FF-FF-FF-FF;;
331279;1786641765302;150B;Motor-/Controllerblock;20;112;–;FF-FF-FF-FF-FF-FF-FF-FF-FF-FF-FF-FF-FF-FF-FF-FF-FF-FF-FF-FF;;
331481;1786641765504;150D;Zweite Fahrstatistik;20;112;–;00-DA-00-80-FF-FF-FF-FF-47-18-FF-FF-FF-FF-FF-FF-FF-FF-00-00;;
332527;1786641766550;1502;Akkuinformationen;16;113;–;47-18-FF-FF-FF-FF-47-18-FF-FF-FF-FF-FF-FF-00-00;;
332945;1786641766968;1505;BikePerformance / Fahrleistung;18;113;0,1,2,3;06-18-06-18-FF-FF-00-DA-FF-FF-FF-FF-FF-00-00-00-00-00;;
333158;1786641767181;1506;Trip / Kilometer & Betriebszähler;16;113;7;00-00-1B-58-00-02-1F-C4-00-00-02-BC-00-00-00-00;;
333573;1786641767596;1508;Settings / Licht & Fahrstufe;17;113;–;00-00-00-02-FF-FF-FF-FF-FF-FF-FF-00-00-00-00-00-00;;
333777;1786641767800;1509;BatteryChange / Akku-Livestand;11;113;0,1,6,10;0B-B8-FF-FF-61-CB-E8-00-00-00-9C;;
333989;1786641768012;150A;MotorUpdate / Motor-Livestand;10;113;–;0B-B8-FF-FF-FF-FF-FF-FF-FF-FF;;
334205;1786641768228;150B;Motor-/Controllerblock;20;113;–;FF-FF-FF-FF-FF-FF-FF-FF-FF-FF-FF-FF-FF-FF-FF-FF-FF-FF-FF-FF;;
334407;1786641768430;150D;Zweite Fahrstatistik;20;113;3;00-DA-00-91-FF-FF-FF-FF-47-18-FF-FF-FF-FF-FF-FF-FF-FF-00-00;;
335454;1786641769477;1502;Akkuinformationen;16;114;–;47-18-FF-FF-FF-FF-47-18-FF-FF-FF-FF-FF-FF-00-00;;
335869;1786641769892;1505;BikePerformance / Fahrleistung;18;114;0,1,2,3;04-10-04-10-FF-FF-00-DA-FF-FF-FF-FF-FF-00-00-00-00-00;;
336081;1786641770104;1506;Trip / Kilometer & Betriebszähler;16;114;3,7;00-00-1B-59-00-02-1F-C7-00-00-02-BC-00-00-00-00;;
336499;1786641770522;1508;Settings / Licht & Fahrstufe;17;114;–;00-00-00-02-FF-FF-FF-FF-FF-FF-FF-00-00-00-00-00-00;;
336701;1786641770724;1509;BatteryChange / Akku-Livestand;11;114;0,1,5,6,10;00-00-FF-FF-61-CD-14-00-00-00-00;;
336915;1786641770938;150A;MotorUpdate / Motor-Livestand;10;114;0,1;00-00-FF-FF-FF-FF-FF-FF-FF-FF;;
337116;1786641771139;150B;Motor-/Controllerblock;20;114;–;FF-FF-FF-FF-FF-FF-FF-FF-FF-FF-FF-FF-FF-FF-FF-FF-FF-FF-FF-FF;;
337332;1786641771355;150D;Zweite Fahrstatistik;20;114;–;00-DA-00-91-FF-FF-FF-FF-47-18-FF-FF-FF-FF-FF-FF-FF-FF-00-00;;
338376;1786641772399;1502;Akkuinformationen;16;115;–;47-18-FF-FF-FF-FF-47-18-FF-FF-FF-FF-FF-FF-00-00;;
338792;1786641772815;1505;BikePerformance / Fahrleistung;18;115;0,1,2,3;00-00-00-00-FF-FF-00-DA-FF-FF-FF-FF-FF-00-00-00-00-00;;
338997;1786641773020;1506;Trip / Kilometer & Betriebszähler;16;115;7;00-00-1B-59-00-02-1F-CA-00-00-02-BC-00-00-00-00;;
339410;1786641773433;1508;Settings / Licht & Fahrstufe;17;115;–;00-00-00-02-FF-FF-FF-FF-FF-FF-FF-00-00-00-00-00-00;;
339626;1786641773649;1509;BatteryChange / Akku-Livestand;11;115;6;00-00-FF-FF-61-CD-DC-00-00-00-00;;
339840;1786641773863;150A;MotorUpdate / Motor-Livestand;10;115;–;00-00-FF-FF-FF-FF-FF-FF-FF-FF;;
340042;1786641774065;150B;Motor-/Controllerblock;20;115;–;FF-FF-FF-FF-FF-FF-FF-FF-FF-FF-FF-FF-FF-FF-FF-FF-FF-FF-FF-FF;;
340256;1786641774279;150D;Zweite Fahrstatistik;20;115;–;00-DA-00-91-FF-FF-FF-FF-47-18-FF-FF-FF-FF-FF-FF-FF-FF-00-00;;
341292;1786641775315;1502;Akkuinformationen;16;116;–;47-18-FF-FF-FF-FF-47-18-FF-FF-FF-FF-FF-FF-00-00;;
341718;1786641775741;1505;BikePerformance / Fahrleistung;18;116;7;00-00-00-00-FF-FF-00-AB-FF-FF-FF-FF-FF-00-00-00-00-00;;
341920;1786641775943;1506;Trip / Kilometer & Betriebszähler;16;116;7;00-00-1B-59-00-02-1F-CD-00-00-02-BC-00-00-00-00;;
342337;1786641776360;1508;Settings / Licht & Fahrstufe;17;116;–;00-00-00-02-FF-FF-FF-FF-FF-FF-FF-00-00-00-00-00-00;;
342551;1786641776574;1509;BatteryChange / Akku-Livestand;11;116;5,6;00-00-FF-FF-61-CE-40-00-00-00-00;;
342754;1786641776777;150A;MotorUpdate / Motor-Livestand;10;116;–;00-00-FF-FF-FF-FF-FF-FF-FF-FF;;
342966;1786641776989;150B;Motor-/Controllerblock;20;116;–;FF-FF-FF-FF-FF-FF-FF-FF-FF-FF-FF-FF-FF-FF-FF-FF-FF-FF-FF-FF;;
343180;1786641777203;150D;Zweite Fahrstatistik;20;116;–;00-DA-00-91-FF-FF-FF-FF-47-18-FF-FF-FF-FF-FF-FF-FF-FF-00-00;;
344215;1786641778238;1502;Akkuinformationen;16;117;–;47-18-FF-FF-FF-FF-47-18-FF-FF-FF-FF-FF-FF-00-00;;
344631;1786641778654;1505;BikePerformance / Fahrleistung;18;117;7;00-00-00-00-FF-FF-00-88-FF-FF-FF-FF-FF-00-00-00-00-00;;
344844;1786641778867;1506;Trip / Kilometer & Betriebszähler;16;117;7;00-00-1B-59-00-02-1F-D0-00-00-02-BC-00-00-00-00;;
345263;1786641779286;1508;Settings / Licht & Fahrstufe;17;117;–;00-00-00-02-FF-FF-FF-FF-FF-FF-FF-00-00-00-00-00-00;;
345477;1786641779500;1509;BatteryChange / Akku-Livestand;11;117;0,1,5,6,10;03-E8-FF-FF-61-CD-78-00-00-00-34;;
345679;1786641779702;150A;MotorUpdate / Motor-Livestand;10;117;0,1;07-D0-FF-FF-FF-FF-FF-FF-FF-FF;;
345892;1786641779915;150B;Motor-/Controllerblock;20;117;–;FF-FF-FF-FF-FF-FF-FF-FF-FF-FF-FF-FF-FF-FF-FF-FF-FF-FF-FF-FF;;
346095;1786641780118;150D;Zweite Fahrstatistik;20;117;–;00-DA-00-91-FF-FF-FF-FF-47-18-FF-FF-FF-FF-FF-FF-FF-FF-00-00;;
347142;1786641781165;1502;Akkuinformationen;16;118;–;47-18-FF-FF-FF-FF-47-18-FF-FF-FF-FF-FF-FF-00-00;;
347557;1786641781580;1505;BikePerformance / Fahrleistung;18;118;0,1,2,3,7;04-10-04-10-FF-FF-00-8B-FF-FF-FF-FF-FF-00-00-00-00-00;;
347783;1786641781806;1506;Trip / Kilometer & Betriebszähler;16;118;7;00-00-1B-59-00-02-1F-D3-00-00-02-BC-00-00-00-00;;
348186;1786641782209;1508;Settings / Licht & Fahrstufe;17;118;–;00-00-00-02-FF-FF-FF-FF-FF-FF-FF-00-00-00-00-00-00;;
348392;1786641782415;1509;BatteryChange / Akku-Livestand;11;118;0,1,5,6,10;07-D0-FF-FF-61-CC-B0-00-00-00-68;;
348602;1786641782625;150A;MotorUpdate / Motor-Livestand;10;118;–;07-D0-FF-FF-FF-FF-FF-FF-FF-FF;;
348816;1786641782839;150B;Motor-/Controllerblock;20;118;–;FF-FF-FF-FF-FF-FF-FF-FF-FF-FF-FF-FF-FF-FF-FF-FF-FF-FF-FF-FF;;
349020;1786641783043;150D;Zweite Fahrstatistik;20;118;–;00-DA-00-91-FF-FF-FF-FF-47-18-FF-FF-FF-FF-FF-FF-FF-FF-00-00;;
350069;1786641784092;1502;Akkuinformationen;16;119;–;47-18-FF-FF-FF-FF-47-18-FF-FF-FF-FF-FF-FF-00-00;;
350480;1786641784503;1505;BikePerformance / Fahrleistung;18;119;7;04-10-04-10-FF-FF-00-91-FF-FF-FF-FF-FF-00-00-00-00-00;;
350694;1786641784717;1506;Trip / Kilometer & Betriebszähler;16;119;7;00-00-1B-59-00-02-1F-D6-00-00-02-BC-00-00-00-00;;
351111;1786641785134;1508;Settings / Licht & Fahrstufe;17;119;–;00-00-00-02-FF-FF-FF-FF-FF-FF-FF-00-00-00-00-00-00;;
351314;1786641785337;1509;BatteryChange / Akku-Livestand;11;119;6;07-D0-FF-FF-61-CC-4C-00-00-00-68;;
351527;1786641785550;150A;MotorUpdate / Motor-Livestand;10;119;–;07-D0-FF-FF-FF-FF-FF-FF-FF-FF;;
351730;1786641785753;150B;Motor-/Controllerblock;20;119;–;FF-FF-FF-FF-FF-FF-FF-FF-FF-FF-FF-FF-FF-FF-FF-FF-FF-FF-FF-FF;;
351946;1786641785969;150D;Zweite Fahrstatistik;20;119;–;00-DA-00-91-FF-FF-FF-FF-47-18-FF-FF-FF-FF-FF-FF-FF-FF-00-00;;
352990;1786641787013;1502;Akkuinformationen;16;120;–;47-18-FF-FF-FF-FF-47-18-FF-FF-FF-FF-FF-FF-00-00;;
353407;1786641787430;1505;BikePerformance / Fahrleistung;18;120;7;04-10-04-10-FF-FF-00-95-FF-FF-FF-FF-FF-00-00-00-00-00;;
353610;1786641787633;1506;Trip / Kilometer & Betriebszähler;16;120;7;00-00-1B-59-00-02-1F-D9-00-00-02-BC-00-00-00-00;;
354036;1786641788059;1508;Settings / Licht & Fahrstufe;17;120;–;00-00-00-02-FF-FF-FF-FF-FF-FF-FF-00-00-00-00-00-00;;
354241;1786641788264;1509;BatteryChange / Akku-Livestand;11;120;6;07-D0-FF-FF-61-CC-B0-00-00-00-68;;
354453;1786641788476;150A;MotorUpdate / Motor-Livestand;10;120;–;07-D0-FF-FF-FF-FF-FF-FF-FF-FF;;
354658;1786641788681;150B;Motor-/Controllerblock;20;120;–;FF-FF-FF-FF-FF-FF-FF-FF-FF-FF-FF-FF-FF-FF-FF-FF-FF-FF-FF-FF;;
354871;1786641788894;150D;Zweite Fahrstatistik;20;120;3;00-DA-00-95-FF-FF-FF-FF-47-18-FF-FF-FF-FF-FF-FF-FF-FF-00-00;;
355915;1786641789938;1502;Akkuinformationen;16;121;–;47-18-FF-FF-FF-FF-47-18-FF-FF-FF-FF-FF-FF-00-00;;
356332;1786641790355;1505;BikePerformance / Fahrleistung;18;121;0,1,2,3,7;06-18-06-18-FF-FF-00-8D-FF-FF-FF-FF-FF-00-00-00-00-00;;
356537;1786641790560;1506;Trip / Kilometer & Betriebszähler;16;121;3,7;00-00-1B-5A-00-02-1F-DC-00-00-02-BC-00-00-00-00;;
356953;1786641790976;1508;Settings / Licht & Fahrstufe;17;121;–;00-00-00-02-FF-FF-FF-FF-FF-FF-FF-00-00-00-00-00-00;;
357165;1786641791188;1509;BatteryChange / Akku-Livestand;11;121;–;07-D0-FF-FF-61-CC-B0-00-00-00-68;;
357369;1786641791392;150A;MotorUpdate / Motor-Livestand;10;121;–;07-D0-FF-FF-FF-FF-FF-FF-FF-FF;;
357580;1786641791603;150B;Motor-/Controllerblock;20;121;–;FF-FF-FF-FF-FF-FF-FF-FF-FF-FF-FF-FF-FF-FF-FF-FF-FF-FF-FF-FF;;
357796;1786641791819;150D;Zweite Fahrstatistik;20;121;–;00-DA-00-95-FF-FF-FF-FF-47-18-FF-FF-FF-FF-FF-FF-FF-FF-00-00;;
358830;1786641792853;1502;Akkuinformationen;16;122;–;47-18-FF-FF-FF-FF-47-18-FF-FF-FF-FF-FF-FF-00-00;;
359247;1786641793270;1505;BikePerformance / Fahrleistung;18;122;0,1,2,3,7;04-10-04-10-FF-FF-00-94-FF-FF-FF-FF-FF-00-00-00-00-00;;
359458;1786641793481;1506;Trip / Kilometer & Betriebszähler;16;122;7;00-00-1B-5A-00-02-1F-DF-00-00-02-BC-00-00-00-00;;
359879;1786641793902;1508;Settings / Licht & Fahrstufe;17;122;–;00-00-00-02-FF-FF-FF-FF-FF-FF-FF-00-00-00-00-00-00;;
360091;1786641794114;1509;BatteryChange / Akku-Livestand;11;122;0,1,5,6,10;03-E8-FF-FF-61-CD-78-00-00-00-34;;
360292;1786641794315;150A;MotorUpdate / Motor-Livestand;10;122;0,1;03-E8-FF-FF-FF-FF-FF-FF-FF-FF;;
360506;1786641794529;150B;Motor-/Controllerblock;20;122;–;FF-FF-FF-FF-FF-FF-FF-FF-FF-FF-FF-FF-FF-FF-FF-FF-FF-FF-FF-FF;;
360709;1786641794732;150D;Zweite Fahrstatistik;20;122;–;00-DA-00-95-FF-FF-FF-FF-47-18-FF-FF-FF-FF-FF-FF-FF-FF-00-00;;
361756;1786641795779;1502;Akkuinformationen;16;123;–;47-18-FF-FF-FF-FF-47-18-FF-FF-FF-FF-FF-FF-00-00;;
362171;1786641796194;1505;BikePerformance / Fahrleistung;18;123;0,1,2,3,7;00-00-00-00-FF-FF-00-A6-FF-FF-FF-FF-FF-00-00-00-00-00;;
362384;1786641796407;1506;Trip / Kilometer & Betriebszähler;16;123;7;00-00-1B-5A-00-02-1F-E2-00-00-02-BC-00-00-00-00;;
362801;1786641796824;1508;Settings / Licht & Fahrstufe;17;123;–;00-00-00-02-FF-FF-FF-FF-FF-FF-FF-00-00-00-00-00-00;;
363005;1786641797028;1509;BatteryChange / Akku-Livestand;11;123;0,1,6,10;00-00-FF-FF-61-CD-DC-00-00-00-00;;
363218;1786641797241;150A;MotorUpdate / Motor-Livestand;10;123;0,1;00-00-FF-FF-FF-FF-FF-FF-FF-FF;;
363434;1786641797457;150B;Motor-/Controllerblock;20;123;–;FF-FF-FF-FF-FF-FF-FF-FF-FF-FF-FF-FF-FF-FF-FF-FF-FF-FF-FF-FF;;
363634;1786641797657;150D;Zweite Fahrstatistik;20;123;–;00-DA-00-95-FF-FF-FF-FF-47-18-FF-FF-FF-FF-FF-FF-FF-FF-00-00;;
364680;1786641798703;1502;Akkuinformationen;16;124;–;47-18-FF-FF-FF-FF-47-18-FF-FF-FF-FF-FF-FF-00-00;;
365098;1786641799121;1505;BikePerformance / Fahrleistung;18;124;7;00-00-00-00-FF-FF-00-AA-FF-FF-FF-FF-FF-00-00-00-00-00;;
365313;1786641799336;1506;Trip / Kilometer & Betriebszähler;16;124;7;00-00-1B-5A-00-02-1F-E5-00-00-02-BC-00-00-00-00;;
365730;1786641799753;1508;Settings / Licht & Fahrstufe;17;124;–;00-00-00-02-FF-FF-FF-FF-FF-FF-FF-00-00-00-00-00-00;;
365928;1786641799951;1509;BatteryChange / Akku-Livestand;11;124;–;00-00-FF-FF-61-CD-DC-00-00-00-00;;
366143;1786641800166;150A;MotorUpdate / Motor-Livestand;10;124;–;00-00-FF-FF-FF-FF-FF-FF-FF-FF;;
366368;1786641800391;150B;Motor-/Controllerblock;20;124;–;FF-FF-FF-FF-FF-FF-FF-FF-FF-FF-FF-FF-FF-FF-FF-FF-FF-FF-FF-FF;;
366559;1786641800582;150D;Zweite Fahrstatistik;20;124;–;00-DA-00-95-FF-FF-FF-FF-47-18-FF-FF-FF-FF-FF-FF-FF-FF-00-00;;
367628;1786641801651;1502;Akkuinformationen;16;125;–;47-18-FF-FF-FF-FF-47-18-FF-FF-FF-FF-FF-FF-00-00;;
368022;1786641802045;1505;BikePerformance / Fahrleistung;18;125;7;00-00-00-00-FF-FF-00-A9-FF-FF-FF-FF-FF-00-00-00-00-00;;
368224;1786641802247;1506;Trip / Kilometer & Betriebszähler;16;125;7;00-00-1B-5A-00-02-1F-E8-00-00-02-BC-00-00-00-00;;
368652;1786641802675;1508;Settings / Licht & Fahrstufe;17;125;–;00-00-00-02-FF-FF-FF-FF-FF-FF-FF-00-00-00-00-00-00;;
368854;1786641802877;1509;BatteryChange / Akku-Livestand;11;125;5,6;00-00-FF-FF-61-CE-40-00-00-00-00;;
369067;1786641803090;150A;MotorUpdate / Motor-Livestand;10;125;–;00-00-FF-FF-FF-FF-FF-FF-FF-FF;;
369270;1786641803293;150B;Motor-/Controllerblock;20;125;–;FF-FF-FF-FF-FF-FF-FF-FF-FF-FF-FF-FF-FF-FF-FF-FF-FF-FF-FF-FF;;
369483;1786641803506;150D;Zweite Fahrstatistik;20;125;–;00-DA-00-95-FF-FF-FF-FF-47-18-FF-FF-FF-FF-FF-FF-FF-FF-00-00;;
370531;1786641804554;1502;Akkuinformationen;16;126;–;47-18-FF-FF-FF-FF-47-18-FF-FF-FF-FF-FF-FF-00-00;;
370946;1786641804969;1505;BikePerformance / Fahrleistung;18;126;7;00-00-00-00-FF-FF-00-B3-FF-FF-FF-FF-FF-00-00-00-00-00;;
371148;1786641805171;1506;Trip / Kilometer & Betriebszähler;16;126;7;00-00-1B-5A-00-02-1F-EB-00-00-02-BC-00-00-00-00;;
371565;1786641805588;1508;Settings / Licht & Fahrstufe;17;126;–;00-00-00-02-FF-FF-FF-FF-FF-FF-FF-00-00-00-00-00-00;;
371779;1786641805802;1509;BatteryChange / Akku-Livestand;11;126;5,6;00-00-FF-FF-61-CD-DC-00-00-00-00;;
371984;1786641806007;150A;MotorUpdate / Motor-Livestand;10;126;–;00-00-FF-FF-FF-FF-FF-FF-FF-FF;;
372195;1786641806218;150B;Motor-/Controllerblock;20;126;–;FF-FF-FF-FF-FF-FF-FF-FF-FF-FF-FF-FF-FF-FF-FF-FF-FF-FF-FF-FF;;
372412;1786641806435;150D;Zweite Fahrstatistik;20;126;–;00-DA-00-95-FF-FF-FF-FF-47-18-FF-FF-FF-FF-FF-FF-FF-FF-00-00;;
373445;1786641807468;1502;Akkuinformationen;16;127;–;47-18-FF-FF-FF-FF-47-18-FF-FF-FF-FF-FF-FF-00-00;;
373874;1786641807897;1505;BikePerformance / Fahrleistung;18;127;7;00-00-00-00-FF-FF-00-B2-FF-FF-FF-FF-FF-00-00-00-00-00;;
374074;1786641808097;1506;Trip / Kilometer & Betriebszähler;16;127;7;00-00-1B-5A-00-02-1F-ED-00-00-02-BC-00-00-00-00;;
374491;1786641808514;1508;Settings / Licht & Fahrstufe;17;127;–;00-00-00-02-FF-FF-FF-FF-FF-FF-FF-00-00-00-00-00-00;;
374705;1786641808728;1509;BatteryChange / Akku-Livestand;11;127;6;00-00-FF-FF-61-CD-78-00-00-00-00;;
374906;1786641808929;150A;MotorUpdate / Motor-Livestand;10;127;0,1;03-E8-FF-FF-FF-FF-FF-FF-FF-FF;;
375120;1786641809143;150B;Motor-/Controllerblock;20;127;–;FF-FF-FF-FF-FF-FF-FF-FF-FF-FF-FF-FF-FF-FF-FF-FF-FF-FF-FF-FF;;
375323;1786641809346;150D;Zweite Fahrstatistik;20;127;3;00-DA-00-99-FF-FF-FF-FF-47-18-FF-FF-FF-FF-FF-FF-FF-FF-00-00;;
376371;1786641810394;1502;Akkuinformationen;16;128;–;47-18-FF-FF-FF-FF-47-18-FF-FF-FF-FF-FF-FF-00-00;;
376785;1786641810808;1505;BikePerformance / Fahrleistung;18;128;0,1,2,3,7;0A-1E-0A-1E-FF-FF-00-BB-FF-FF-FF-FF-FF-00-00-00-00-00;;
377001;1786641811024;1506;Trip / Kilometer & Betriebszähler;16;128;3,7;00-00-1B-5B-00-02-1F-F0-00-00-02-BC-00-00-00-00;;
377416;1786641811439;1508;Settings / Licht & Fahrstufe;17;128;–;00-00-00-02-FF-FF-FF-FF-FF-FF-FF-00-00-00-00-00-00;;
377630;1786641811653;1509;BatteryChange / Akku-Livestand;11;128;0,1,5,6,10;0F-A0-FF-FF-61-CB-84-00-00-00-D0;;
377832;1786641811855;150A;MotorUpdate / Motor-Livestand;10;128;0,1;0F-A0-FF-FF-FF-FF-FF-FF-FF-FF;;
378048;1786641812071;150B;Motor-/Controllerblock;20;128;–;FF-FF-FF-FF-FF-FF-FF-FF-FF-FF-FF-FF-FF-FF-FF-FF-FF-FF-FF-FF;;
378249;1786641812272;150D;Zweite Fahrstatistik;20;128;–;00-DA-00-99-FF-FF-FF-FF-47-18-FF-FF-FF-FF-FF-FF-FF-FF-00-00;;
379295;1786641813318;1502;Akkuinformationen;16;129;–;47-18-FF-FF-FF-FF-47-18-FF-FF-FF-FF-FF-FF-00-00;;
379712;1786641813735;1505;BikePerformance / Fahrleistung;18;129;0,1,2,3,7;06-22-06-22-FF-FF-00-DA-FF-FF-FF-FF-FF-00-00-00-00-00;;
379926;1786641813949;1506;Trip / Kilometer & Betriebszähler;16;129;7;00-00-1B-5B-00-02-1F-F3-00-00-02-BC-00-00-00-00;;
380343;1786641814366;1508;Settings / Licht & Fahrstufe;17;129;–;00-00-00-02-FF-FF-FF-FF-FF-FF-FF-00-00-00-00-00-00;;
380545;1786641814568;1509;BatteryChange / Akku-Livestand;11;129;0,1,5,6,10;0B-B8-FF-FF-61-CA-58-00-00-00-9B;;
380759;1786641814782;150A;MotorUpdate / Motor-Livestand;10;129;0,1;0B-B8-FF-FF-FF-FF-FF-FF-FF-FF;;
380972;1786641814995;150B;Motor-/Controllerblock;20;129;–;FF-FF-FF-FF-FF-FF-FF-FF-FF-FF-FF-FF-FF-FF-FF-FF-FF-FF-FF-FF;;
381174;1786641815197;150D;Zweite Fahrstatistik;20;129;–;00-DA-00-99-FF-FF-FF-FF-47-18-FF-FF-FF-FF-FF-FF-FF-FF-00-00;;
382218;1786641816241;1502;Akkuinformationen;16;130;–;47-18-FF-FF-FF-FF-47-18-FF-FF-FF-FF-FF-FF-00-00;;
382638;1786641816661;1505;BikePerformance / Fahrleistung;18;130;1,3;06-18-06-18-FF-FF-00-DA-FF-FF-FF-FF-FF-00-00-00-00-00;;
382852;1786641816875;1506;Trip / Kilometer & Betriebszähler;16;130;7;00-00-1B-5B-00-02-1F-F6-00-00-02-BC-00-00-00-00;;
383268;1786641817291;1508;Settings / Licht & Fahrstufe;17;130;–;00-00-00-02-FF-FF-FF-FF-FF-FF-FF-00-00-00-00-00-00;;
383470;1786641817493;1509;BatteryChange / Akku-Livestand;11;130;5,6,10;0B-B8-FF-FF-61-CB-E8-00-00-00-9C;;
383684;1786641817707;150A;MotorUpdate / Motor-Livestand;10;130;–;0B-B8-FF-FF-FF-FF-FF-FF-FF-FF;;
383885;1786641817908;150B;Motor-/Controllerblock;20;130;–;FF-FF-FF-FF-FF-FF-FF-FF-FF-FF-FF-FF-FF-FF-FF-FF-FF-FF-FF-FF;;
384100;1786641818123;150D;Zweite Fahrstatistik;20;130;–;00-DA-00-99-FF-FF-FF-FF-47-18-FF-FF-FF-FF-FF-FF-FF-FF-00-00;;
385145;1786641819168;1502;Akkuinformationen;16;131;–;47-18-FF-FF-FF-FF-47-18-FF-FF-FF-FF-FF-FF-00-00;;
385562;1786641819585;1505;BikePerformance / Fahrleistung;18;131;–;06-18-06-18-FF-FF-00-DA-FF-FF-FF-FF-FF-00-00-00-00-00;;
385765;1786641819788;1506;Trip / Kilometer & Betriebszähler;16;131;7;00-00-1B-5B-00-02-1F-F9-00-00-02-BC-00-00-00-00;;
386192;1786641820215;1508;Settings / Licht & Fahrstufe;17;131;–;00-00-00-02-FF-FF-FF-FF-FF-FF-FF-00-00-00-00-00-00;;
386394;1786641820417;1509;BatteryChange / Akku-Livestand;11;131;6;0B-B8-FF-FF-61-CB-84-00-00-00-9C;;
386610;1786641820633;150A;MotorUpdate / Motor-Livestand;10;131;–;0B-B8-FF-FF-FF-FF-FF-FF-FF-FF;;
386810;1786641820833;150B;Motor-/Controllerblock;20;131;–;FF-FF-FF-FF-FF-FF-FF-FF-FF-FF-FF-FF-FF-FF-FF-FF-FF-FF-FF-FF;;
387035;1786641821058;150D;Zweite Fahrstatistik;20;131;–;00-DA-00-99-FF-FF-FF-FF-47-18-FF-FF-FF-FF-FF-FF-FF-FF-00-00;;
388061;1786641822084;1502;Akkuinformationen;16;132;–;47-18-FF-FF-FF-FF-47-18-FF-FF-FF-FF-FF-FF-00-00;;
388488;1786641822511;1505;BikePerformance / Fahrleistung;18;132;0,1,2,3;08-16-08-16-FF-FF-00-DA-FF-FF-FF-FF-FF-00-00-00-00-00;;
388690;1786641822713;1506;Trip / Kilometer & Betriebszähler;16;132;7;00-00-1B-5B-00-02-1F-FC-00-00-02-BC-00-00-00-00;;
389107;1786641823130;1508;Settings / Licht & Fahrstufe;17;132;–;00-00-00-02-FF-FF-FF-FF-FF-FF-FF-00-00-00-00-00-00;;
389318;1786641823341;1509;BatteryChange / Akku-Livestand;11;132;5,6,10;0B-B8-FF-FF-61-CA-BC-00-00-00-9B;;
389522;1786641823545;150A;MotorUpdate / Motor-Livestand;10;132;0,1;0F-A0-FF-FF-FF-FF-FF-FF-FF-FF;;
389736;1786641823759;150B;Motor-/Controllerblock;20;132;–;FF-FF-FF-FF-FF-FF-FF-FF-FF-FF-FF-FF-FF-FF-FF-FF-FF-FF-FF-FF;;
389937;1786641823960;150D;Zweite Fahrstatistik;20;132;–;00-DA-00-99-FF-FF-FF-FF-47-18-FF-FF-FF-FF-FF-FF-FF-FF-00-00;;
390986;1786641825009;1502;Akkuinformationen;16;133;–;47-18-FF-FF-FF-FF-47-18-FF-FF-FF-FF-FF-FF-00-00;;
391400;1786641825423;1505;BikePerformance / Fahrleistung;18;133;0,1,2,3;06-22-06-22-FF-FF-00-DA-FF-FF-FF-FF-FF-00-00-00-00-00;;
391615;1786641825638;1506;Trip / Kilometer & Betriebszähler;16;133;7;00-00-1B-5B-00-02-1F-FF-00-00-02-BC-00-00-00-00;;
392030;1786641826053;1508;Settings / Licht & Fahrstufe;17;133;–;00-00-00-02-FF-FF-FF-FF-FF-FF-FF-00-00-00-00-00-00;;
392257;1786641826280;1509;BatteryChange / Akku-Livestand;11;133;0,1,10;0F-A0-FF-FF-61-CA-BC-00-00-00-CF;;
392448;1786641826471;150A;MotorUpdate / Motor-Livestand;10;133;–;0F-A0-FF-FF-FF-FF-FF-FF-FF-FF;;
392662;1786641826685;150B;Motor-/Controllerblock;20;133;–;FF-FF-FF-FF-FF-FF-FF-FF-FF-FF-FF-FF-FF-FF-FF-FF-FF-FF-FF-FF;;
392865;1786641826888;150D;Zweite Fahrstatistik;20;133;–;00-DA-00-99-FF-FF-FF-FF-47-18-FF-FF-FF-FF-FF-FF-FF-FF-00-00;;
393921;1786641827944;1502;Akkuinformationen;16;134;–;47-18-FF-FF-FF-FF-47-18-FF-FF-FF-FF-FF-FF-00-00;;
394327;1786641828350;1505;BikePerformance / Fahrleistung;18;134;0,1,2,3;08-20-08-20-FF-FF-00-DA-FF-FF-FF-FF-FF-00-00-00-00-00;;
394539;1786641828562;1506;Trip / Kilometer & Betriebszähler;16;134;3,6,7;00-00-1B-5C-00-02-20-02-00-00-02-BC-00-00-00-00;;
394957;1786641828980;1508;Settings / Licht & Fahrstufe;17;134;–;00-00-00-02-FF-FF-FF-FF-FF-FF-FF-00-00-00-00-00-00;;
395169;1786641829192;1509;BatteryChange / Akku-Livestand;11;134;0,1,5,6,10;07-D0-FF-FF-61-CC-4C-00-00-00-68;;
395385;1786641829408;150A;MotorUpdate / Motor-Livestand;10;134;0,1;07-D0-FF-FF-FF-FF-FF-FF-FF-FF;;
395590;1786641829613;150B;Motor-/Controllerblock;20;134;–;FF-FF-FF-FF-FF-FF-FF-FF-FF-FF-FF-FF-FF-FF-FF-FF-FF-FF-FF-FF;;
395789;1786641829812;150D;Zweite Fahrstatistik;20;134;3;00-DA-00-9E-FF-FF-FF-FF-47-18-FF-FF-FF-FF-FF-FF-FF-FF-00-00;;
396835;1786641830858;1502;Akkuinformationen;16;135;–;47-18-FF-FF-FF-FF-47-18-FF-FF-FF-FF-FF-FF-00-00;;
397254;1786641831277;1505;BikePerformance / Fahrleistung;18;135;0,1,2,3;06-18-06-18-FF-FF-00-DA-FF-FF-FF-FF-FF-00-00-00-00-00;;
397466;1786641831489;1506;Trip / Kilometer & Betriebszähler;16;135;7;00-00-1B-5C-00-02-20-05-00-00-02-BC-00-00-00-00;;
397892;1786641831915;1508;Settings / Licht & Fahrstufe;17;135;–;00-00-00-02-FF-FF-FF-FF-FF-FF-FF-00-00-00-00-00-00;;
398084;1786641832107;1509;BatteryChange / Akku-Livestand;11;135;0,1,5,6,10;0F-A0-FF-FF-61-CA-58-00-00-00-CF;;
398296;1786641832319;150A;MotorUpdate / Motor-Livestand;10;135;0,1;0F-A0-FF-FF-FF-FF-FF-FF-FF-FF;;
398502;1786641832525;150B;Motor-/Controllerblock;20;135;–;FF-FF-FF-FF-FF-FF-FF-FF-FF-FF-FF-FF-FF-FF-FF-FF-FF-FF-FF-FF;;
398714;1786641832737;150D;Zweite Fahrstatistik;20;135;–;00-DA-00-9E-FF-FF-FF-FF-47-18-FF-FF-FF-FF-FF-FF-FF-FF-00-00;;
399762;1786641833785;1502;Akkuinformationen;16;136;–;47-18-FF-FF-FF-FF-47-18-FF-FF-FF-FF-FF-FF-00-00;;
400179;1786641834202;1505;BikePerformance / Fahrleistung;18;136;0,1,2,3;0A-14-0A-14-FF-FF-00-DA-FF-FF-FF-FF-FF-00-00-00-00-00;;
400379;1786641834402;1506;Trip / Kilometer & Betriebszähler;16;136;7;00-00-1B-5C-00-02-20-08-00-00-02-BC-00-00-00-00;;
400808;1786641834831;1508;Settings / Licht & Fahrstufe;17;136;–;00-00-00-02-FF-FF-FF-FF-FF-FF-FF-00-00-00-00-00-00;;
401010;1786641835033;1509;BatteryChange / Akku-Livestand;11;136;0,1,9,10;13-88-FF-FF-61-CA-58-00-00-01-03;;
401223;1786641835246;150A;MotorUpdate / Motor-Livestand;10;136;0,1;13-88-FF-FF-FF-FF-FF-FF-FF-FF;;
401424;1786641835447;150B;Motor-/Controllerblock;20;136;–;FF-FF-FF-FF-FF-FF-FF-FF-FF-FF-FF-FF-FF-FF-FF-FF-FF-FF-FF-FF;;
401638;1786641835661;150D;Zweite Fahrstatistik;20;136;–;00-DA-00-9E-FF-FF-FF-FF-47-18-FF-FF-FF-FF-FF-FF-FF-FF-00-00;;
402685;1786641836708;1502;Akkuinformationen;16;137;–;47-18-FF-FF-FF-FF-47-18-FF-FF-FF-FF-FF-FF-00-00;;
403112;1786641837135;1505;BikePerformance / Fahrleistung;18;137;0,1,2,3;0C-12-0C-12-FF-FF-00-DA-FF-FF-FF-FF-FF-00-00-00-00-00;;
403304;1786641837327;1506;Trip / Kilometer & Betriebszähler;16;137;7;00-00-1B-5C-00-02-20-0B-00-00-02-BC-00-00-00-00;;
403722;1786641837745;1508;Settings / Licht & Fahrstufe;17;137;–;00-00-00-02-FF-FF-FF-FF-FF-FF-FF-00-00-00-00-00-00;;
403935;1786641837958;1509;BatteryChange / Akku-Livestand;11;137;0,1,5,6,10;17-70-FF-FF-61-C9-90-00-00-01-35;;
404148;1786641838171;150A;MotorUpdate / Motor-Livestand;10;137;–;13-88-FF-FF-FF-FF-FF-FF-FF-FF;;
404350;1786641838373;150B;Motor-/Controllerblock;20;137;–;FF-FF-FF-FF-FF-FF-FF-FF-FF-FF-FF-FF-FF-FF-FF-FF-FF-FF-FF-FF;;
404565;1786641838588;150D;Zweite Fahrstatistik;20;137;–;00-DA-00-9E-FF-FF-FF-FF-47-18-FF-FF-FF-FF-FF-FF-FF-FF-00-00;;
405598;1786641839621;1502;Akkuinformationen;16;138;–;47-18-FF-FF-FF-FF-47-18-FF-FF-FF-FF-FF-FF-00-00;;
406027;1786641840050;1505;BikePerformance / Fahrleistung;18;138;–;0C-12-0C-12-FF-FF-00-DA-FF-FF-FF-FF-FF-00-00-00-00-00;;
406229;1786641840252;1506;Trip / Kilometer & Betriebszähler;16;138;7;00-00-1B-5C-00-02-20-0E-00-00-02-BC-00-00-00-00;;
406646;1786641840669;1508;Settings / Licht & Fahrstufe;17;138;–;00-00-00-02-FF-FF-FF-FF-FF-FF-FF-00-00-00-00-00-00;;
406861;1786641840884;1509;BatteryChange / Akku-Livestand;11;138;5,6,10;17-70-FF-FF-61-CA-BC-00-00-01-37;;
407063;1786641841086;150A;MotorUpdate / Motor-Livestand;10;138;0,1;17-70-FF-FF-FF-FF-FF-FF-FF-FF;;
407280;1786641841303;150B;Motor-/Controllerblock;20;138;–;FF-FF-FF-FF-FF-FF-FF-FF-FF-FF-FF-FF-FF-FF-FF-FF-FF-FF-FF-FF;;
407510;1786641841533;150D;Zweite Fahrstatistik;20;138;–;00-DA-00-9E-FF-FF-FF-FF-47-18-FF-FF-FF-FF-FF-FF-FF-FF-00-00;;
408525;1786641842548;1502;Akkuinformationen;16;139;–;47-18-FF-FF-FF-FF-47-18-FF-FF-FF-FF-FF-FF-00-00;;
408941;1786641842964;1505;BikePerformance / Fahrleistung;18;139;–;0C-12-0C-12-FF-FF-00-DA-FF-FF-FF-FF-FF-00-00-00-00-00;;
409160;1786641843183;1506;Trip / Kilometer & Betriebszähler;16;139;3,7;00-00-1B-5D-00-02-20-11-00-00-02-BC-00-00-00-00;;
409569;1786641843592;1508;Settings / Licht & Fahrstufe;17;139;–;00-00-00-02-FF-FF-FF-FF-FF-FF-FF-00-00-00-00-00-00;;
409781;1786641843804;1509;BatteryChange / Akku-Livestand;11;139;5,6,10;17-70-FF-FF-61-C9-90-00-00-01-35;;
409986;1786641844009;150A;MotorUpdate / Motor-Livestand;10;139;–;17-70-FF-FF-FF-FF-FF-FF-FF-FF;;
410200;1786641844223;150B;Motor-/Controllerblock;20;139;–;FF-FF-FF-FF-FF-FF-FF-FF-FF-FF-FF-FF-FF-FF-FF-FF-FF-FF-FF-FF;;
410402;1786641844425;150D;Zweite Fahrstatistik;20;139;3;00-DA-00-A5-FF-FF-FF-FF-47-18-FF-FF-FF-FF-FF-FF-FF-FF-00-00;;
411449;1786641845472;1502;Akkuinformationen;16;140;–;47-18-FF-FF-FF-FF-47-18-FF-FF-FF-FF-FF-FF-00-00;;
411864;1786641845887;1505;BikePerformance / Fahrleistung;18;140;0,1,2,3;0A-1E-0A-1E-FF-FF-00-DA-FF-FF-FF-FF-FF-00-00-00-00-00;;
412077;1786641846100;1506;Trip / Kilometer & Betriebszähler;16;140;7;00-00-1B-5D-00-02-20-14-00-00-02-BC-00-00-00-00;;
412497;1786641846520;1508;Settings / Licht & Fahrstufe;17;140;–;00-00-00-02-FF-FF-FF-FF-FF-FF-FF-00-00-00-00-00-00;;
412700;1786641846723;1509;BatteryChange / Akku-Livestand;11;140;0,1,10;13-88-FF-FF-61-C9-90-00-00-01-02;;
412916;1786641846939;150A;MotorUpdate / Motor-Livestand;10;140;–;17-70-FF-FF-FF-FF-FF-FF-FF-FF;;
413128;1786641847151;150B;Motor-/Controllerblock;20;140;–;FF-FF-FF-FF-FF-FF-FF-FF-FF-FF-FF-FF-FF-FF-FF-FF-FF-FF-FF-FF;;
413329;1786641847352;150D;Zweite Fahrstatistik;20;140;–;00-DA-00-A5-FF-FF-FF-FF-47-18-FF-FF-FF-FF-FF-FF-FF-FF-00-00;;
414374;1786641848397;1502;Akkuinformationen;16;141;–;47-18-FF-FF-FF-FF-47-18-FF-FF-FF-FF-FF-FF-00-00;;
414792;1786641848815;1505;BikePerformance / Fahrleistung;18;141;–;0A-1E-0A-1E-FF-FF-00-DA-FF-FF-FF-FF-FF-00-00-00-00-00;;
415004;1786641849027;1506;Trip / Kilometer & Betriebszähler;16;141;7;00-00-1B-5D-00-02-20-17-00-00-02-BC-00-00-00-00;;
415421;1786641849444;1508;Settings / Licht & Fahrstufe;17;141;–;00-00-00-02-FF-FF-FF-FF-FF-FF-FF-00-00-00-00-00-00;;
415622;1786641849645;1509;BatteryChange / Akku-Livestand;11;141;6;13-88-FF-FF-61-C9-F4-00-00-01-02;;
415836;1786641849859;150A;MotorUpdate / Motor-Livestand;10;141;0,1;13-88-FF-FF-FF-FF-FF-FF-FF-FF;;
416050;1786641850073;150B;Motor-/Controllerblock;20;141;–;FF-FF-FF-FF-FF-FF-FF-FF-FF-FF-FF-FF-FF-FF-FF-FF-FF-FF-FF-FF;;
416252;1786641850275;150D;Zweite Fahrstatistik;20;141;–;00-DA-00-A5-FF-FF-FF-FF-47-18-FF-FF-FF-FF-FF-FF-FF-FF-00-00;;
417301;1786641851324;1502;Akkuinformationen;16;142;–;47-18-FF-FF-FF-FF-47-18-FF-FF-FF-FF-FF-FF-00-00;;
417715;1786641851738;1505;BikePerformance / Fahrleistung;18;142;1,3;0A-14-0A-14-FF-FF-00-DA-FF-FF-FF-FF-FF-00-00-00-00-00;;
417929;1786641851952;1506;Trip / Kilometer & Betriebszähler;16;142;7;00-00-1B-5D-00-02-20-1A-00-00-02-BC-00-00-00-00;;
418346;1786641852369;1508;Settings / Licht & Fahrstufe;17;142;–;00-00-00-02-FF-FF-FF-FF-FF-FF-FF-00-00-00-00-00-00;;
418547;1786641852570;1509;BatteryChange / Akku-Livestand;11;142;5,6,10;13-88-FF-FF-61-CA-58-00-00-01-03;;
418762;1786641852785;150A;MotorUpdate / Motor-Livestand;10;142;–;13-88-FF-FF-FF-FF-FF-FF-FF-FF;;
418964;1786641852987;150B;Motor-/Controllerblock;20;142;–;FF-FF-FF-FF-FF-FF-FF-FF-FF-FF-FF-FF-FF-FF-FF-FF-FF-FF-FF-FF;;
419179;1786641853202;150D;Zweite Fahrstatistik;20;142;–;00-DA-00-A5-FF-FF-FF-FF-47-18-FF-FF-FF-FF-FF-FF-FF-FF-00-00;;
420223;1786641854246;1502;Akkuinformationen;16;143;–;47-18-FF-FF-FF-FF-47-18-FF-FF-FF-FF-FF-FF-00-00;;
420641;1786641854664;1505;BikePerformance / Fahrleistung;18;143;0,1,2,3;08-16-08-16-FF-FF-00-DA-FF-FF-FF-FF-FF-00-00-00-00-00;;
420853;1786641854876;1506;Trip / Kilometer & Betriebszähler;16;143;7;00-00-1B-5D-00-02-20-1D-00-00-02-BC-00-00-00-00;;
421272;1786641855295;1508;Settings / Licht & Fahrstufe;17;143;–;00-00-00-02-FF-FF-FF-FF-FF-FF-FF-00-00-00-00-00-00;;
421473;1786641855496;1509;BatteryChange / Akku-Livestand;11;143;0,1,5,6,9,10;0F-A0-FF-FF-61-C9-F4-00-00-00-CE;;
421686;1786641855709;150A;MotorUpdate / Motor-Livestand;10;143;0,1;0B-B8-FF-FF-FF-FF-FF-FF-FF-FF;;
421889;1786641855912;150B;Motor-/Controllerblock;20;143;–;FF-FF-FF-FF-FF-FF-FF-FF-FF-FF-FF-FF-FF-FF-FF-FF-FF-FF-FF-FF;;
422104;1786641856127;150D;Zweite Fahrstatistik;20;143;–;00-DA-00-A5-FF-FF-FF-FF-47-18-FF-FF-FF-FF-FF-FF-FF-FF-00-00;;
423149;1786641857172;1502;Akkuinformationen;16;144;–;47-18-FF-FF-FF-FF-47-18-FF-FF-FF-FF-FF-FF-00-00;;
423565;1786641857588;1505;BikePerformance / Fahrleistung;18;144;–;08-16-08-16-FF-FF-00-DA-FF-FF-FF-FF-FF-00-00-00-00-00;;
423769;1786641857792;1506;Trip / Kilometer & Betriebszähler;16;144;7;00-00-1B-5D-00-02-20-1F-00-00-02-BC-00-00-00-00;;
424184;1786641858207;1508;Settings / Licht & Fahrstufe;17;144;–;00-00-00-02-FF-FF-FF-FF-FF-FF-FF-00-00-00-00-00-00;;
424397;1786641858420;1509;BatteryChange / Akku-Livestand;11;144;0,1,4,5,6,10;0B-B8-FF-FF-5F-CA-BC-00-00-00-9B;;
424603;1786641858626;150A;MotorUpdate / Motor-Livestand;10;144;–;0B-B8-FF-FF-FF-FF-FF-FF-FF-FF;;
424814;1786641858837;150B;Motor-/Controllerblock;20;144;–;FF-FF-FF-FF-FF-FF-FF-FF-FF-FF-FF-FF-FF-FF-FF-FF-FF-FF-FF-FF;;
425029;1786641859052;150D;Zweite Fahrstatistik;20;144;–;00-DA-00-A5-FF-FF-FF-FF-47-18-FF-FF-FF-FF-FF-FF-FF-FF-00-00;;
426075;1786641860098;1502;Akkuinformationen;16;145;–;47-18-FF-FF-FF-FF-47-18-FF-FF-FF-FF-FF-FF-00-00;;
426491;1786641860514;1505;BikePerformance / Fahrleistung;18;145;0,1,2,3;04-06-04-06-FF-FF-00-DA-FF-FF-FF-FF-FF-00-00-00-00-00;;
426705;1786641860728;1506;Trip / Kilometer & Betriebszähler;16;145;3,7;00-00-1B-5E-00-02-20-22-00-00-02-BC-00-00-00-00;;
427130;1786641861153;1508;Settings / Licht & Fahrstufe;17;145;–;00-00-00-02-FF-FF-FF-FF-FF-FF-FF-00-00-00-00-00-00;;
427323;1786641861346;1509;BatteryChange / Akku-Livestand;11;145;0,1,4,5,6,10;07-D0-FF-FF-5D-CB-84-00-00-00-68;;
427549;1786641861572;150A;MotorUpdate / Motor-Livestand;10;145;0,1;07-D0-FF-FF-FF-FF-FF-FF-FF-FF;;
427751;1786641861774;150B;Motor-/Controllerblock;20;145;–;FF-FF-FF-FF-FF-FF-FF-FF-FF-FF-FF-FF-FF-FF-FF-FF-FF-FF-FF-FF;;
427965;1786641861988;150D;Zweite Fahrstatistik;20;145;3;00-DA-00-A8-FF-FF-FF-FF-47-18-FF-FF-FF-FF-FF-FF-FF-FF-00-00;;
428999;1786641863022;1502;Akkuinformationen;16;146;–;47-18-FF-FF-FF-FF-47-18-FF-FF-FF-FF-FF-FF-00-00;;
429416;1786641863439;1505;BikePerformance / Fahrleistung;18;146;0,1,2,3,7;00-00-00-00-FF-FF-00-C9-FF-FF-FF-FF-FF-00-00-00-00-00;;
429629;1786641863652;1506;Trip / Kilometer & Betriebszähler;16;146;7;00-00-1B-5E-00-02-20-25-00-00-02-BC-00-00-00-00;;
430045;1786641864068;1508;Settings / Licht & Fahrstufe;17;146;–;00-00-00-02-FF-FF-FF-FF-FF-FF-FF-00-00-00-00-00-00;;
430249;1786641864272;1509;BatteryChange / Akku-Livestand;11;146;0,1,4,5,6,10;00-00-FF-FF-5B-CC-B0-00-00-00-00;;
430461;1786641864484;150A;MotorUpdate / Motor-Livestand;10;146;0,1;00-00-FF-FF-FF-FF-FF-FF-FF-FF;;
430665;1786641864688;150B;Motor-/Controllerblock;20;146;–;FF-FF-FF-FF-FF-FF-FF-FF-FF-FF-FF-FF-FF-FF-FF-FF-FF-FF-FF-FF;;
430879;1786641864902;150D;Zweite Fahrstatistik;20;146;–;00-DA-00-A8-FF-FF-FF-FF-47-18-FF-FF-FF-FF-FF-FF-FF-FF-00-00;;
431926;1786641865949;1502;Akkuinformationen;16;147;–;47-18-FF-FF-FF-FF-47-18-FF-FF-FF-FF-FF-FF-00-00;;
432342;1786641866365;1505;BikePerformance / Fahrleistung;18;147;7;00-00-00-00-FF-FF-00-B5-FF-FF-FF-FF-FF-00-00-00-00-00;;
432544;1786641866567;1506;Trip / Kilometer & Betriebszähler;16;147;7;00-00-1B-5E-00-02-20-28-00-00-02-BC-00-00-00-00;;
432971;1786641866994;1508;Settings / Licht & Fahrstufe;17;147;–;00-00-00-02-FF-FF-FF-FF-FF-FF-FF-00-00-00-00-00-00;;
433173;1786641867196;1509;BatteryChange / Akku-Livestand;11;147;0,1,5,6,9,10;17-70-FF-FF-5B-C9-F4-00-00-01-36;;
433387;1786641867410;150A;MotorUpdate / Motor-Livestand;10;147;0,1;17-70-FF-FF-FF-FF-FF-FF-FF-FF;;
433591;1786641867614;150B;Motor-/Controllerblock;20;147;–;FF-FF-FF-FF-FF-FF-FF-FF-FF-FF-FF-FF-FF-FF-FF-FF-FF-FF-FF-FF;;
433803;1786641867826;150D;Zweite Fahrstatistik;20;147;–;00-DA-00-A8-FF-FF-FF-FF-47-18-FF-FF-FF-FF-FF-FF-FF-FF-00-00;;
434849;1786641868872;1502;Akkuinformationen;16;148;–;47-18-FF-FF-FF-FF-47-18-FF-FF-FF-FF-FF-FF-00-00;;
435269;1786641869292;1505;BikePerformance / Fahrleistung;18;148;0,1,2,3,7;06-18-06-18-FF-FF-00-DA-FF-FF-FF-FF-FF-00-00-00-00-00;;
435469;1786641869492;1506;Trip / Kilometer & Betriebszähler;16;148;7;00-00-1B-5E-00-02-20-2B-00-00-02-BC-00-00-00-00;;
435884;1786641869907;1508;Settings / Licht & Fahrstufe;17;148;–;00-00-00-02-FF-FF-FF-FF-FF-FF-FF-00-00-00-00-00-00;;
436098;1786641870121;1509;BatteryChange / Akku-Livestand;11;148;0,1,5,6,9,10;0B-B8-FF-FF-5B-CB-20-00-00-00-68;;
436302;1786641870325;150A;MotorUpdate / Motor-Livestand;10;148;0,1;07-D0-FF-FF-FF-FF-FF-FF-FF-FF;;
436515;1786641870538;150B;Motor-/Controllerblock;20;148;–;FF-FF-FF-FF-FF-FF-FF-FF-FF-FF-FF-FF-FF-FF-FF-FF-FF-FF-FF-FF;;
436729;1786641870752;150D;Zweite Fahrstatistik;20;148;–;00-DA-00-A8-FF-FF-FF-FF-47-18-FF-FF-FF-FF-FF-FF-FF-FF-00-00;;
437764;1786641871787;1502;Akkuinformationen;16;149;–;47-18-FF-FF-FF-FF-47-18-FF-FF-FF-FF-FF-FF-00-00;;
438193;1786641872216;1505;BikePerformance / Fahrleistung;18;149;0,1,2,3;04-10-04-10-FF-FF-00-DA-FF-FF-FF-FF-FF-00-00-00-00-00;;
438394;1786641872417;1506;Trip / Kilometer & Betriebszähler;16;149;7;00-00-1B-5E-00-02-20-2E-00-00-02-BC-00-00-00-00;;
438813;1786641872836;1508;Settings / Licht & Fahrstufe;17;149;–;00-00-00-02-FF-FF-FF-FF-FF-FF-FF-00-00-00-00-00-00;;
439025;1786641873048;1509;BatteryChange / Akku-Livestand;11;149;0,1;07-D0-FF-FF-5B-CB-20-00-00-00-68;;
439228;1786641873251;150A;MotorUpdate / Motor-Livestand;10;149;–;07-D0-FF-FF-FF-FF-FF-FF-FF-FF;;
439440;1786641873463;150B;Motor-/Controllerblock;20;149;–;FF-FF-FF-FF-FF-FF-FF-FF-FF-FF-FF-FF-FF-FF-FF-FF-FF-FF-FF-FF;;
439646;1786641873669;150D;Zweite Fahrstatistik;20;149;–;00-DA-00-A8-FF-FF-FF-FF-47-18-FF-FF-FF-FF-FF-FF-FF-FF-00-00;;
440692;1786641874715;1502;Akkuinformationen;16;150;–;47-18-FF-FF-FF-FF-47-18-FF-FF-FF-FF-FF-FF-00-00;;
441106;1786641875129;1505;BikePerformance / Fahrleistung;18;150;0,1,2,3;02-08-02-08-FF-FF-00-DA-FF-FF-FF-FF-FF-00-00-00-00-00;;
441320;1786641875343;1506;Trip / Kilometer & Betriebszähler;16;150;7;00-00-1B-5E-00-02-20-31-00-00-02-BC-00-00-00-00;;
441736;1786641875759;1508;Settings / Licht & Fahrstufe;17;150;–;00-00-00-02-FF-FF-FF-FF-FF-FF-FF-00-00-00-00-00-00;;
441948;1786641875971;1509;BatteryChange / Akku-Livestand;11;150;0,1,6,10;03-E8-FF-FF-5B-CB-84-00-00-00-34;;
442151;1786641876174;150A;MotorUpdate / Motor-Livestand;10;150;–;07-D0-FF-FF-FF-FF-FF-FF-FF-FF;;
442365;1786641876388;150B;Motor-/Controllerblock;20;150;–;FF-FF-FF-FF-FF-FF-FF-FF-FF-FF-FF-FF-FF-FF-FF-FF-FF-FF-FF-FF;;
442568;1786641876591;150D;Zweite Fahrstatistik;20;150;–;00-DA-00-A8-FF-FF-FF-FF-47-18-FF-FF-FF-FF-FF-FF-FF-FF-00-00;;
443613;1786641877636;1502;Akkuinformationen;16;151;–;47-18-FF-FF-FF-FF-47-18-FF-FF-FF-FF-FF-FF-00-00;;
444030;1786641878053;1505;BikePerformance / Fahrleistung;18;151;0,1,2,3;04-06-04-06-FF-FF-00-DA-FF-FF-FF-FF-FF-00-00-00-00-00;;
444244;1786641878267;1506;Trip / Kilometer & Betriebszähler;16;151;3,7;00-00-1B-5F-00-02-20-34-00-00-02-BC-00-00-00-00;;
444660;1786641878683;1508;Settings / Licht & Fahrstufe;17;151;–;00-00-00-02-FF-FF-FF-FF-FF-FF-FF-00-00-00-00-00-00;;
444865;1786641878888;1509;BatteryChange / Akku-Livestand;11;151;–;03-E8-FF-FF-5B-CB-84-00-00-00-34;;
445077;1786641879100;150A;MotorUpdate / Motor-Livestand;10;151;–;07-D0-FF-FF-FF-FF-FF-FF-FF-FF;;
445291;1786641879314;150B;Motor-/Controllerblock;20;151;–;FF-FF-FF-FF-FF-FF-FF-FF-FF-FF-FF-FF-FF-FF-FF-FF-FF-FF-FF-FF;;
445493;1786641879516;150D;Zweite Fahrstatistik;20;151;3;00-DA-00-AB-FF-FF-FF-FF-47-18-FF-FF-FF-FF-FF-FF-FF-FF-00-00;;
446540;1786641880563;1502;Akkuinformationen;16;152;–;47-18-FF-FF-FF-FF-47-18-FF-FF-FF-FF-FF-FF-00-00;;
446968;1786641880991;1505;BikePerformance / Fahrleistung;18;152;1,3;04-10-04-10-FF-FF-00-DA-FF-FF-FF-FF-FF-00-00-00-00-00;;
447171;1786641881194;1506;Trip / Kilometer & Betriebszähler;16;152;7;00-00-1B-5F-00-02-20-37-00-00-02-BC-00-00-00-00;;
447585;1786641881608;1508;Settings / Licht & Fahrstufe;17;152;–;00-00-00-02-FF-FF-FF-FF-FF-FF-FF-00-00-00-00-00-00;;
447800;1786641881823;1509;BatteryChange / Akku-Livestand;11;152;0,1,5,6,10;07-D0-FF-FF-5B-CC-4C-00-00-00-68;;
448004;1786641882027;150A;MotorUpdate / Motor-Livestand;10;152;0,1;03-E8-FF-FF-FF-FF-FF-FF-FF-FF;;
448206;1786641882229;150B;Motor-/Controllerblock;20;152;–;FF-FF-FF-FF-FF-FF-FF-FF-FF-FF-FF-FF-FF-FF-FF-FF-FF-FF-FF-FF;;
448418;1786641882441;150D;Zweite Fahrstatistik;20;152;–;00-DA-00-AB-FF-FF-FF-FF-47-18-FF-FF-FF-FF-FF-FF-FF-FF-00-00;;
449467;1786641883490;1502;Akkuinformationen;16;153;–;47-18-FF-FF-FF-FF-47-18-FF-FF-FF-FF-FF-FF-00-00;;
449881;1786641883904;1505;BikePerformance / Fahrleistung;18;153;–;04-10-04-10-FF-FF-00-DA-FF-FF-FF-FF-FF-00-00-00-00-00;;
450084;1786641884107;1506;Trip / Kilometer & Betriebszähler;16;153;7;00-00-1B-5F-00-02-20-3A-00-00-02-BC-00-00-00-00;;
450510;1786641884533;1508;Settings / Licht & Fahrstufe;17;153;–;00-00-00-02-FF-FF-FF-FF-FF-FF-FF-00-00-00-00-00-00;;
450714;1786641884737;1509;BatteryChange / Akku-Livestand;11;153;5,6,10;07-D0-FF-FF-5B-CA-BC-00-00-00-67;;
450928;1786641884951;150A;MotorUpdate / Motor-Livestand;10;153;0,1;07-D0-FF-FF-FF-FF-FF-FF-FF-FF;;
451132;1786641885155;150B;Motor-/Controllerblock;20;153;–;FF-FF-FF-FF-FF-FF-FF-FF-FF-FF-FF-FF-FF-FF-FF-FF-FF-FF-FF-FF;;
451342;1786641885365;150D;Zweite Fahrstatistik;20;153;–;00-DA-00-AB-FF-FF-FF-FF-47-18-FF-FF-FF-FF-FF-FF-FF-FF-00-00;;
452390;1786641886413;1502;Akkuinformationen;16;154;–;47-18-FF-FF-FF-FF-47-18-FF-FF-FF-FF-FF-FF-00-00;;
452808;1786641886831;1505;BikePerformance / Fahrleistung;18;154;7;04-10-04-10-FF-FF-00-CD-FF-FF-FF-FF-FF-00-00-00-00-00;;
453009;1786641887032;1506;Trip / Kilometer & Betriebszähler;16;154;7;00-00-1B-5F-00-02-20-3D-00-00-02-BC-00-00-00-00;;
453425;1786641887448;1508;Settings / Licht & Fahrstufe;17;154;–;00-00-00-02-FF-FF-FF-FF-FF-FF-FF-00-00-00-00-00-00;;
453640;1786641887663;1509;BatteryChange / Akku-Livestand;11;154;0,1,6,10;0F-A0-FF-FF-5B-CA-58-00-00-00-CF;;
453842;1786641887865;150A;MotorUpdate / Motor-Livestand;10;154;0,1;0F-A0-FF-FF-FF-FF-FF-FF-FF-FF;;
454054;1786641888077;150B;Motor-/Controllerblock;20;154;–;FF-FF-FF-FF-FF-FF-FF-FF-FF-FF-FF-FF-FF-FF-FF-FF-FF-FF-FF-FF;;
454268;1786641888291;150D;Zweite Fahrstatistik;20;154;–;00-DA-00-AB-FF-FF-FF-FF-47-18-FF-FF-FF-FF-FF-FF-FF-FF-00-00;;
455304;1786641889327;1502;Akkuinformationen;16;155;–;47-18-FF-FF-FF-FF-47-18-FF-FF-FF-FF-FF-FF-00-00;;
455732;1786641889755;1505;BikePerformance / Fahrleistung;18;155;0,1,2,3,7;08-16-08-16-FF-FF-00-DA-FF-FF-FF-FF-FF-00-00-00-00-00;;
455934;1786641889957;1506;Trip / Kilometer & Betriebszähler;16;155;7;00-00-1B-5F-00-02-20-40-00-00-02-BC-00-00-00-00;;
456350;1786641890373;1508;Settings / Licht & Fahrstufe;17;155;–;00-00-00-02-FF-FF-FF-FF-FF-FF-FF-00-00-00-00-00-00;;
456564;1786641890587;1509;BatteryChange / Akku-Livestand;11;155;5,6,10;0F-A0-FF-FF-5B-CB-84-00-00-00-D0;;
456766;1786641890789;150A;MotorUpdate / Motor-Livestand;10;155;–;0F-A0-FF-FF-FF-FF-FF-FF-FF-FF;;
456981;1786641891004;150B;Motor-/Controllerblock;20;155;–;FF-FF-FF-FF-FF-FF-FF-FF-FF-FF-FF-FF-FF-FF-FF-FF-FF-FF-FF-FF;;
457196;1786641891219;150D;Zweite Fahrstatistik;20;155;–;00-DA-00-AB-FF-FF-FF-FF-47-18-FF-FF-FF-FF-FF-FF-FF-FF-00-00;;
458229;1786641892252;1502;Akkuinformationen;16;156;–;47-18-FF-FF-FF-FF-47-18-FF-FF-FF-FF-FF-FF-00-00;;
458646;1786641892669;1505;BikePerformance / Fahrleistung;18;156;1,3;08-0C-08-0C-FF-FF-00-DA-FF-FF-FF-FF-FF-00-00-00-00-00;;
458859;1786641892882;1506;Trip / Kilometer & Betriebszähler;16;156;3,7;00-00-1B-60-00-02-20-43-00-00-02-BC-00-00-00-00;;
459278;1786641893301;1508;Settings / Licht & Fahrstufe;17;156;–;00-00-00-02-FF-FF-FF-FF-FF-FF-FF-00-00-00-00-00-00;;
459489;1786641893512;1509;BatteryChange / Akku-Livestand;11;156;5,6,10;0F-A0-FF-FF-5B-CA-58-00-00-00-CF;;
459692;1786641893715;150A;MotorUpdate / Motor-Livestand;10;156;–;0F-A0-FF-FF-FF-FF-FF-FF-FF-FF;;
459905;1786641893928;150B;Motor-/Controllerblock;20;156;–;FF-FF-FF-FF-FF-FF-FF-FF-FF-FF-FF-FF-FF-FF-FF-FF-FF-FF-FF-FF;;
460111;1786641894134;150D;Zweite Fahrstatistik;20;156;3;00-DA-00-B0-FF-FF-FF-FF-47-18-FF-FF-FF-FF-FF-FF-FF-FF-00-00;;
461153;1786641895176;1502;Akkuinformationen;16;157;–;47-18-FF-FF-FF-FF-47-18-FF-FF-FF-FF-FF-FF-00-00;;
461571;1786641895594;1505;BikePerformance / Fahrleistung;18;157;0,1,2,3;06-0E-06-0E-FF-FF-00-DA-FF-FF-FF-FF-FF-00-00-00-00-00;;
461785;1786641895808;1506;Trip / Kilometer & Betriebszähler;16;157;7;00-00-1B-60-00-02-20-46-00-00-02-BC-00-00-00-00;;
462202;1786641896225;1508;Settings / Licht & Fahrstufe;17;157;–;00-00-00-02-FF-FF-FF-FF-FF-FF-FF-00-00-00-00-00-00;;
462404;1786641896427;1509;BatteryChange / Akku-Livestand;11;157;0,1,6,10;0B-B8-FF-FF-5B-CA-BC-00-00-00-9B;;
462617;1786641896640;150A;MotorUpdate / Motor-Livestand;10;157;0,1;0B-B8-FF-FF-FF-FF-FF-FF-FF-FF;;
462831;1786641896854;150B;Motor-/Controllerblock;20;157;–;FF-FF-FF-FF-FF-FF-FF-FF-FF-FF-FF-FF-FF-FF-FF-FF-FF-FF-FF-FF;;
463033;1786641897056;150D;Zweite Fahrstatistik;20;157;–;00-DA-00-B0-FF-FF-FF-FF-47-18-FF-FF-FF-FF-FF-FF-FF-FF-00-00;;
464081;1786641898104;1502;Akkuinformationen;16;158;–;47-18-FF-FF-FF-FF-47-18-FF-FF-FF-FF-FF-FF-00-00;;
464497;1786641898520;1505;BikePerformance / Fahrleistung;18;158;0,1,2,3;08-0C-08-0C-FF-FF-00-DA-FF-FF-FF-FF-FF-00-00-00-00-00;;
464711;1786641898734;1506;Trip / Kilometer & Betriebszähler;16;158;7;00-00-1B-60-00-02-20-49-00-00-02-BC-00-00-00-00;;
465139;1786641899162;1508;Settings / Licht & Fahrstufe;17;158;–;00-00-00-02-FF-FF-FF-FF-FF-FF-FF-00-00-00-00-00-00;;
465328;1786641899351;1509;BatteryChange / Akku-Livestand;11;158;0,1,5,6,10;07-D0-FF-FF-5B-CB-20-00-00-00-68;;
465543;1786641899566;150A;MotorUpdate / Motor-Livestand;10;158;0,1;07-D0-FF-FF-FF-FF-FF-FF-FF-FF;;
465756;1786641899779;150B;Motor-/Controllerblock;20;158;–;FF-FF-FF-FF-FF-FF-FF-FF-FF-FF-FF-FF-FF-FF-FF-FF-FF-FF-FF-FF;;
465958;1786641899981;150D;Zweite Fahrstatistik;20;158;–;00-DA-00-B0-FF-FF-FF-FF-47-18-FF-FF-FF-FF-FF-FF-FF-FF-00-00;;
467005;1786641901028;1502;Akkuinformationen;16;159;–;47-18-FF-FF-FF-FF-47-18-FF-FF-FF-FF-FF-FF-00-00;;
467422;1786641901445;1505;BikePerformance / Fahrleistung;18;159;1,3;08-16-08-16-FF-FF-00-DA-FF-FF-FF-FF-FF-00-00-00-00-00;;
467634;1786641901657;1506;Trip / Kilometer & Betriebszähler;16;159;7;00-00-1B-60-00-02-20-4C-00-00-02-BC-00-00-00-00;;
468051;1786641902074;1508;Settings / Licht & Fahrstufe;17;159;–;00-00-00-02-FF-FF-FF-FF-FF-FF-FF-00-00-00-00-00-00;;
468254;1786641902277;1509;BatteryChange / Akku-Livestand;11;159;0,1,5,6,9,10;13-88-FF-FF-5B-C9-F4-00-00-01-02;;
468465;1786641902488;150A;MotorUpdate / Motor-Livestand;10;159;0,1;0F-A0-FF-FF-FF-FF-FF-FF-FF-FF;;
468669;1786641902692;150B;Motor-/Controllerblock;20;159;–;FF-FF-FF-FF-FF-FF-FF-FF-FF-FF-FF-FF-FF-FF-FF-FF-FF-FF-FF-FF;;
468883;1786641902906;150D;Zweite Fahrstatistik;20;159;–;00-DA-00-B0-FF-FF-FF-FF-47-18-FF-FF-FF-FF-FF-FF-FF-FF-00-00;;
469929;1786641903952;1502;Akkuinformationen;16;160;–;47-18-FF-FF-FF-FF-47-18-FF-FF-FF-FF-FF-FF-00-00;;
470346;1786641904369;1505;BikePerformance / Fahrleistung;18;160;1,3;08-20-08-20-FF-FF-00-DA-FF-FF-FF-FF-FF-00-00-00-00-00;;
470547;1786641904570;1506;Trip / Kilometer & Betriebszähler;16;160;7;00-00-1B-60-00-02-20-4F-00-00-02-BC-00-00-00-00;;
470975;1786641904998;1508;Settings / Licht & Fahrstufe;17;160;–;00-00-00-02-FF-FF-FF-FF-FF-FF-FF-00-00-00-00-00-00;;
471179;1786641905202;1509;BatteryChange / Akku-Livestand;11;160;0,1,6,10;0F-A0-FF-FF-5B-C9-90-00-00-01-01;;
471394;1786641905417;150A;MotorUpdate / Motor-Livestand;10;160;–;0F-A0-FF-FF-FF-FF-FF-FF-FF-FF;;
471595;1786641905618;150B;Motor-/Controllerblock;20;160;–;FF-FF-FF-FF-FF-FF-FF-FF-FF-FF-FF-FF-FF-FF-FF-FF-FF-FF-FF-FF;;
471810;1786641905833;150D;Zweite Fahrstatistik;20;160;–;00-DA-00-B0-FF-FF-FF-FF-47-18-FF-FF-FF-FF-FF-FF-FF-FF-00-00;;
472852;1786641906875;1502;Akkuinformationen;16;161;–;47-18-FF-FF-FF-FF-47-18-FF-FF-FF-FF-FF-FF-00-00;;
473273;1786641907296;1505;BikePerformance / Fahrleistung;18;161;1,3;08-0C-08-0C-FF-FF-00-DA-FF-FF-FF-FF-FF-00-00-00-00-00;;
473470;1786641907493;1506;Trip / Kilometer & Betriebszähler;16;161;7;00-00-1B-60-00-02-20-51-00-00-02-BC-00-00-00-00;;
473889;1786641907912;1508;Settings / Licht & Fahrstufe;17;161;–;00-00-00-02-FF-FF-FF-FF-FF-FF-FF-00-00-00-00-00-00;;
474104;1786641908127;1509;BatteryChange / Akku-Livestand;11;161;9,10;0F-A0-FF-FF-5B-C9-90-00-00-00-CE;;
474308;1786641908331;150A;MotorUpdate / Motor-Livestand;10;161;–;0F-A0-FF-FF-FF-FF-FF-FF-FF-FF;;
474522;1786641908545;150B;Motor-/Controllerblock;20;161;–;FF-FF-FF-FF-FF-FF-FF-FF-FF-FF-FF-FF-FF-FF-FF-FF-FF-FF-FF-FF;;
474734;1786641908757;150D;Zweite Fahrstatistik;20;161;–;00-DA-00-B0-FF-FF-FF-FF-47-18-FF-FF-FF-FF-FF-FF-FF-FF-00-00;;
475767;1786641909790;1502;Akkuinformationen;16;162;–;47-18-FF-FF-FF-FF-47-18-FF-FF-FF-FF-FF-FF-00-00;;
476197;1786641910220;1505;BikePerformance / Fahrleistung;18;162;–;08-0C-08-0C-FF-FF-00-DA-FF-FF-FF-FF-FF-00-00-00-00-00;;
476400;1786641910423;1506;Trip / Kilometer & Betriebszähler;16;162;7;00-00-1B-60-00-02-20-54-00-00-02-BC-00-00-00-00;;
476816;1786641910839;1508;Settings / Licht & Fahrstufe;17;162;–;00-00-00-02-FF-FF-FF-FF-FF-FF-FF-00-00-00-00-00-00;;
477028;1786641911051;1509;BatteryChange / Akku-Livestand;11;162;6;0F-A0-FF-FF-5B-C9-F4-00-00-00-CE;;
477231;1786641911254;150A;MotorUpdate / Motor-Livestand;10;162;0,1;13-88-FF-FF-FF-FF-FF-FF-FF-FF;;
477445;1786641911468;150B;Motor-/Controllerblock;20;162;–;FF-FF-FF-FF-FF-FF-FF-FF-FF-FF-FF-FF-FF-FF-FF-FF-FF-FF-FF-FF;;
477661;1786641911684;150D;Zweite Fahrstatistik;20;162;3;00-DA-00-B1-FF-FF-FF-FF-47-18-FF-FF-FF-FF-FF-FF-FF-FF-00-00;;
478692;1786641912715;1502;Akkuinformationen;16;163;–;47-18-FF-FF-FF-FF-47-18-FF-FF-FF-FF-FF-FF-00-00;;
479110;1786641913133;1505;BikePerformance / Fahrleistung;18;163;–;08-0C-08-0C-FF-FF-00-DA-FF-FF-FF-FF-FF-00-00-00-00-00;;
479326;1786641913349;1506;Trip / Kilometer & Betriebszähler;16;163;3,7;00-00-1B-61-00-02-20-57-00-00-02-BC-00-00-00-00;;
479740;1786641913763;1508;Settings / Licht & Fahrstufe;17;163;–;00-00-00-02-FF-FF-FF-FF-FF-FF-FF-00-00-00-00-00-00;;
479954;1786641913977;1509;BatteryChange / Akku-Livestand;11;163;0,1,5,6,10;0B-B8-FF-FF-5B-CA-BC-00-00-00-9B;;
480155;1786641914178;150A;MotorUpdate / Motor-Livestand;10;163;0,1;0F-A0-FF-FF-FF-FF-FF-FF-FF-FF;;
480370;1786641914393;150B;Motor-/Controllerblock;20;163;–;FF-FF-FF-FF-FF-FF-FF-FF-FF-FF-FF-FF-FF-FF-FF-FF-FF-FF-FF-FF;;
480573;1786641914596;150D;Zweite Fahrstatistik;20;163;–;00-DA-00-B1-FF-FF-FF-FF-47-18-FF-FF-FF-FF-FF-FF-FF-FF-00-00;;
481618;1786641915641;1502;Akkuinformationen;16;164;–;47-18-FF-FF-FF-FF-47-18-FF-FF-FF-FF-FF-FF-00-00;;
482034;1786641916057;1505;BikePerformance / Fahrleistung;18;164;0,1,2,3;06-0E-06-0E-FF-FF-00-DA-FF-FF-FF-FF-FF-00-00-00-00-00;;
482249;1786641916272;1506;Trip / Kilometer & Betriebszähler;16;164;7;00-00-1B-61-00-02-20-5A-00-00-02-BC-00-00-00-00;;
482666;1786641916689;1508;Settings / Licht & Fahrstufe;17;164;–;00-00-00-02-FF-FF-FF-FF-FF-FF-FF-00-00-00-00-00-00;;
482869;1786641916892;1509;BatteryChange / Akku-Livestand;11;164;0,1,6,10;0F-A0-FF-FF-5B-CA-58-00-00-00-CF;;
483079;1786641917102;150A;MotorUpdate / Motor-Livestand;10;164;–;0F-A0-FF-FF-FF-FF-FF-FF-FF-FF;;
483293;1786641917316;150B;Motor-/Controllerblock;20;164;–;FF-FF-FF-FF-FF-FF-FF-FF-FF-FF-FF-FF-FF-FF-FF-FF-FF-FF-FF-FF;;
483496;1786641917519;150D;Zweite Fahrstatistik;20;164;–;00-DA-00-B1-FF-FF-FF-FF-47-18-FF-FF-FF-FF-FF-FF-FF-FF-00-00;;
484544;1786641918567;1502;Akkuinformationen;16;165;–;47-18-FF-FF-FF-FF-47-18-FF-FF-FF-FF-FF-FF-00-00;;
484959;1786641918982;1505;BikePerformance / Fahrleistung;18;165;0,1,2,3;08-0C-08-0C-FF-FF-00-DA-FF-FF-FF-FF-FF-00-00-00-00-00;;
485173;1786641919196;1506;Trip / Kilometer & Betriebszähler;16;165;7;00-00-1B-61-00-02-20-5D-00-00-02-BC-00-00-00-00;;
485591;1786641919614;1508;Settings / Licht & Fahrstufe;17;165;–;00-00-00-02-FF-FF-FF-FF-FF-FF-FF-00-00-00-00-00-00;;
485793;1786641919816;1509;BatteryChange / Akku-Livestand;11;165;5,6,9,10;0F-A0-FF-FF-5B-C9-90-00-00-01-02;;
486006;1786641920029;150A;MotorUpdate / Motor-Livestand;10;165;–;0F-A0-FF-FF-FF-FF-FF-FF-FF-FF;;
486219;1786641920242;150B;Motor-/Controllerblock;20;165;–;FF-FF-FF-FF-FF-FF-FF-FF-FF-FF-FF-FF-FF-FF-FF-FF-FF-FF-FF-FF;;
486434;1786641920457;150D;Zweite Fahrstatistik;20;165;–;00-DA-00-B1-FF-FF-FF-FF-47-18-FF-FF-FF-FF-FF-FF-FF-FF-00-00;;
487469;1786641921492;1502;Akkuinformationen;16;166;–;47-18-FF-FF-FF-FF-47-18-FF-FF-FF-FF-FF-FF-00-00;;
487885;1786641921908;1505;BikePerformance / Fahrleistung;18;166;0,1,2,3;0A-14-0A-14-FF-FF-00-DA-FF-FF-FF-FF-FF-00-00-00-00-00;;
488110;1786641922133;1506;Trip / Kilometer & Betriebszähler;16;166;7;00-00-1B-61-00-02-20-60-00-00-02-BC-00-00-00-00;;
488516;1786641922539;1508;Settings / Licht & Fahrstufe;17;166;–;00-00-00-02-FF-FF-FF-FF-FF-FF-FF-00-00-00-00-00-00;;
488718;1786641922741;1509;BatteryChange / Akku-Livestand;11;166;0,1,5,6,9,10;0B-B8-FF-FF-5B-CA-58-00-00-00-9B;;
488942;1786641922965;150A;MotorUpdate / Motor-Livestand;10;166;–;0F-A0-FF-FF-FF-FF-FF-FF-FF-FF;;
489133;1786641923156;150B;Motor-/Controllerblock;20;166;–;FF-FF-FF-FF-FF-FF-FF-FF-FF-FF-FF-FF-FF-FF-FF-FF-FF-FF-FF-FF;;
489349;1786641923372;150D;Zweite Fahrstatistik;20;166;–;00-DA-00-B1-FF-FF-FF-FF-47-18-FF-FF-FF-FF-FF-FF-FF-FF-00-00;;
490395;1786641924418;1502;Akkuinformationen;16;167;–;47-18-FF-FF-FF-FF-47-18-FF-FF-FF-FF-FF-FF-00-00;;
490811;1786641924834;1505;BikePerformance / Fahrleistung;18;167;0,1,2,3;08-16-08-16-FF-FF-00-DA-FF-FF-FF-FF-FF-00-00-00-00-00;;
491013;1786641925036;1506;Trip / Kilometer & Betriebszähler;16;167;7;00-00-1B-61-00-02-20-63-00-00-02-BC-00-00-00-00;;
491443;1786641925466;1508;Settings / Licht & Fahrstufe;17;167;–;00-00-00-02-FF-FF-FF-FF-FF-FF-FF-00-00-00-00-00-00;;
491644;1786641925667;1509;BatteryChange / Akku-Livestand;11;167;0,1,5,6,9,10;0F-A0-FF-FF-5B-C9-F4-00-00-01-03;;
491857;1786641925880;150A;MotorUpdate / Motor-Livestand;10;167;0,1;13-88-FF-FF-FF-FF-FF-FF-FF-FF;;
492061;1786641926084;150B;Motor-/Controllerblock;20;167;–;FF-FF-FF-FF-FF-FF-FF-FF-FF-FF-FF-FF-FF-FF-FF-FF-FF-FF-FF-FF;;
492273;1786641926296;150D;Zweite Fahrstatistik;20;167;3;00-DA-00-B5-FF-FF-FF-FF-47-18-FF-FF-FF-FF-FF-FF-FF-FF-00-00;;
493320;1786641927343;1502;Akkuinformationen;16;168;–;47-18-FF-FF-FF-FF-47-18-FF-FF-FF-FF-FF-FF-00-00;;
493735;1786641927758;1505;BikePerformance / Fahrleistung;18;168;1,3;08-0C-08-0C-FF-FF-00-DA-FF-FF-FF-FF-FF-00-00-00-00-00;;
493939;1786641927962;1506;Trip / Kilometer & Betriebszähler;16;168;3,7,11;00-00-1B-62-00-02-20-66-00-00-02-BD-00-00-00-00;;
494354;1786641928377;1508;Settings / Licht & Fahrstufe;17;168;–;00-00-00-02-FF-FF-FF-FF-FF-FF-FF-00-00-00-00-00-00;;
494569;1786641928592;1509;BatteryChange / Akku-Livestand;11;168;9,10;0F-A0-FF-FF-5B-C9-F4-00-00-00-CE;;
494774;1786641928797;150A;MotorUpdate / Motor-Livestand;10;168;0,1;0B-B8-FF-FF-FF-FF-FF-FF-FF-FF;;
494985;1786641929008;150B;Motor-/Controllerblock;20;168;–;FF-FF-FF-FF-FF-FF-FF-FF-FF-FF-FF-FF-FF-FF-FF-FF-FF-FF-FF-FF;;
495199;1786641929222;150D;Zweite Fahrstatistik;20;168;–;00-DA-00-B5-FF-FF-FF-FF-47-18-FF-FF-FF-FF-FF-FF-FF-FF-00-00;;
496232;1786641930255;1502;Akkuinformationen;16;169;–;47-18-FF-FF-FF-FF-47-18-FF-FF-FF-FF-FF-FF-00-00;;
496648;1786641930671;1505;BikePerformance / Fahrleistung;18;169;0,1,2,3;0A-14-0A-14-FF-FF-00-DA-FF-FF-FF-FF-FF-00-00-00-00-00;;
496864;1786641930887;1506;Trip / Kilometer & Betriebszähler;16;169;7;00-00-1B-62-00-02-20-69-00-00-02-BD-00-00-00-00;;
497281;1786641931304;1508;Settings / Licht & Fahrstufe;17;169;–;00-00-00-02-FF-FF-FF-FF-FF-FF-FF-00-00-00-00-00-00;;
497496;1786641931519;1509;BatteryChange / Akku-Livestand;11;169;–;0F-A0-FF-FF-5B-C9-F4-00-00-00-CE;;
497697;1786641931720;150A;MotorUpdate / Motor-Livestand;10;169;–;0B-B8-FF-FF-FF-FF-FF-FF-FF-FF;;
497910;1786641931933;150B;Motor-/Controllerblock;20;169;–;FF-FF-FF-FF-FF-FF-FF-FF-FF-FF-FF-FF-FF-FF-FF-FF-FF-FF-FF-FF;;
498113;1786641932136;150D;Zweite Fahrstatistik;20;169;–;00-DA-00-B5-FF-FF-FF-FF-47-18-FF-FF-FF-FF-FF-FF-FF-FF-00-00;;
499159;1786641933182;1502;Akkuinformationen;16;170;–;47-18-FF-FF-FF-FF-47-18-FF-FF-FF-FF-FF-FF-00-00;;
499575;1786641933598;1505;BikePerformance / Fahrleistung;18;170;0,1,2,3;08-0C-08-0C-FF-FF-00-DA-FF-FF-FF-FF-FF-00-00-00-00-00;;
499789;1786641933812;1506;Trip / Kilometer & Betriebszähler;16;170;7;00-00-1B-62-00-02-20-6C-00-00-02-BD-00-00-00-00;;
500206;1786641934229;1508;Settings / Licht & Fahrstufe;17;170;–;00-00-00-02-FF-FF-FF-FF-FF-FF-FF-00-00-00-00-00-00;;
500420;1786641934443;1509;BatteryChange / Akku-Livestand;11;170;0,1,5,6,9,10;13-88-FF-FF-5B-C8-64-00-00-01-00;;
500625;1786641934648;150A;MotorUpdate / Motor-Livestand;10;170;0,1;0F-A0-FF-FF-FF-FF-FF-FF-FF-FF;;
500836;1786641934859;150B;Motor-/Controllerblock;20;170;–;FF-FF-FF-FF-FF-FF-FF-FF-FF-FF-FF-FF-FF-FF-FF-FF-FF-FF-FF-FF;;
501037;1786641935060;150D;Zweite Fahrstatistik;20;170;–;00-DA-00-B5-FF-FF-FF-FF-47-18-FF-FF-FF-FF-FF-FF-FF-FF-00-00;;
502084;1786641936107;1502;Akkuinformationen;16;171;–;47-18-FF-FF-FF-FF-47-18-FF-FF-FF-FF-FF-FF-00-00;;
502501;1786641936524;1505;BikePerformance / Fahrleistung;18;171;–;08-0C-08-0C-FF-FF-00-DA-FF-FF-FF-FF-FF-00-00-00-00-00;;
502714;1786641936737;1506;Trip / Kilometer & Betriebszähler;16;171;7;00-00-1B-62-00-02-20-6F-00-00-02-BD-00-00-00-00;;
503131;1786641937154;1508;Settings / Licht & Fahrstufe;17;171;–;00-00-00-02-FF-FF-FF-FF-FF-FF-FF-00-00-00-00-00-00;;
503334;1786641937357;1509;BatteryChange / Akku-Livestand;11;171;5,6,10;13-88-FF-FF-5B-C9-90-00-00-01-02;;
503547;1786641937570;150A;MotorUpdate / Motor-Livestand;10;171;0,1;13-88-FF-FF-FF-FF-FF-FF-FF-FF;;
503759;1786641937782;150B;Motor-/Controllerblock;20;171;–;FF-FF-FF-FF-FF-FF-FF-FF-FF-FF-FF-FF-FF-FF-FF-FF-FF-FF-FF-FF;;
503963;1786641937986;150D;Zweite Fahrstatistik;20;171;–;00-DA-00-B5-FF-FF-FF-FF-47-18-FF-FF-FF-FF-FF-FF-FF-FF-00-00;;
505011;1786641939034;1502;Akkuinformationen;16;172;–;47-18-FF-FF-FF-FF-47-18-FF-FF-FF-FF-FF-FF-00-00;;
505425;1786641939448;1505;BikePerformance / Fahrleistung;18;172;–;08-0C-08-0C-FF-FF-00-DA-FF-FF-FF-FF-FF-00-00-00-00-00;;
505640;1786641939663;1506;Trip / Kilometer & Betriebszähler;16;172;7;00-00-1B-62-00-02-20-72-00-00-02-BD-00-00-00-00;;
506056;1786641940079;1508;Settings / Licht & Fahrstufe;17;172;–;00-00-00-02-FF-FF-FF-FF-FF-FF-FF-00-00-00-00-00-00;;
506257;1786641940280;1509;BatteryChange / Akku-Livestand;11;172;0,1,6,9,10;0F-A0-FF-FF-5B-C9-2C-00-00-00-CE;;
506471;1786641940494;150A;MotorUpdate / Motor-Livestand;10;172;0,1;0F-A0-FF-FF-FF-FF-FF-FF-FF-FF;;
506672;1786641940695;150B;Motor-/Controllerblock;20;172;–;FF-FF-FF-FF-FF-FF-FF-FF-FF-FF-FF-FF-FF-FF-FF-FF-FF-FF-FF-FF;;
506887;1786641940910;150D;Zweite Fahrstatistik;20;172;–;00-DA-00-B5-FF-FF-FF-FF-47-18-FF-FF-FF-FF-FF-FF-FF-FF-00-00;;
507932;1786641941955;1502;Akkuinformationen;16;173;–;47-18-FF-FF-FF-FF-47-18-FF-FF-FF-FF-FF-FF-00-00;;
508349;1786641942372;1505;BikePerformance / Fahrleistung;18;173;0,1,2,3;06-04-06-04-FF-FF-00-DA-FF-FF-FF-FF-FF-00-00-00-00-00;;
508552;1786641942575;1506;Trip / Kilometer & Betriebszähler;16;173;7;00-00-1B-62-00-02-20-75-00-00-02-BD-00-00-00-00;;
508967;1786641942990;1508;Settings / Licht & Fahrstufe;17;173;–;00-00-00-02-FF-FF-FF-FF-FF-FF-FF-00-00-00-00-00-00;;
509181;1786641943204;1509;BatteryChange / Akku-Livestand;11;173;6;0F-A0-FF-FF-5B-C9-F4-00-00-00-CE;;
509395;1786641943418;150A;MotorUpdate / Motor-Livestand;10;173;–;0F-A0-FF-FF-FF-FF-FF-FF-FF-FF;;
509598;1786641943621;150B;Motor-/Controllerblock;20;173;–;FF-FF-FF-FF-FF-FF-FF-FF-FF-FF-FF-FF-FF-FF-FF-FF-FF-FF-FF-FF;;
509812;1786641943835;150D;Zweite Fahrstatistik;20;173;3;00-DA-00-B6-FF-FF-FF-FF-47-18-FF-FF-FF-FF-FF-FF-FF-FF-00-00;;
510859;1786641944882;1502;Akkuinformationen;16;174;–;47-18-FF-FF-FF-FF-47-18-FF-FF-FF-FF-FF-FF-00-00;;
511274;1786641945297;1505;BikePerformance / Fahrleistung;18;174;–;06-04-06-04-FF-FF-00-DA-FF-FF-FF-FF-FF-00-00-00-00-00;;
511476;1786641945499;1506;Trip / Kilometer & Betriebszähler;16;174;3,7;00-00-1B-63-00-02-20-78-00-00-02-BD-00-00-00-00;;
511893;1786641945916;1508;Settings / Licht & Fahrstufe;17;174;–;00-00-00-02-FF-FF-FF-FF-FF-FF-FF-00-00-00-00-00-00;;
512108;1786641946131;1509;BatteryChange / Akku-Livestand;11;174;0,1,6,9,10;13-88-FF-FF-5B-C9-90-00-00-01-00;;
512310;1786641946333;150A;MotorUpdate / Motor-Livestand;10;174;0,1;13-88-FF-FF-FF-FF-FF-FF-FF-FF;;
512522;1786641946545;150B;Motor-/Controllerblock;20;174;–;FF-FF-FF-FF-FF-FF-FF-FF-FF-FF-FF-FF-FF-FF-FF-FF-FF-FF-FF-FF;;
512739;1786641946762;150D;Zweite Fahrstatistik;20;174;–;00-DA-00-B6-FF-FF-FF-FF-47-18-FF-FF-FF-FF-FF-FF-FF-FF-00-00;;
513775;1786641947798;1502;Akkuinformationen;16;175;–;47-18-FF-FF-FF-FF-47-18-FF-FF-FF-FF-FF-FF-00-00;;
514190;1786641948213;1505;BikePerformance / Fahrleistung;18;175;0,1,2,3;0C-08-0C-08-FF-FF-00-DA-FF-FF-FF-FF-FF-00-00-00-00-00;;
514404;1786641948427;1506;Trip / Kilometer & Betriebszähler;16;175;7;00-00-1B-63-00-02-20-7B-00-00-02-BD-00-00-00-00;;
514820;1786641948843;1508;Settings / Licht & Fahrstufe;17;175;–;00-00-00-02-FF-FF-FF-FF-FF-FF-FF-00-00-00-00-00-00;;
515033;1786641949056;1509;BatteryChange / Akku-Livestand;11;175;10;13-88-FF-FF-5B-C9-90-00-00-01-02;;
515235;1786641949258;150A;MotorUpdate / Motor-Livestand;10;175;0,1;17-70-FF-FF-FF-FF-FF-FF-FF-FF;;
515448;1786641949471;150B;Motor-/Controllerblock;20;175;–;FF-FF-FF-FF-FF-FF-FF-FF-FF-FF-FF-FF-FF-FF-FF-FF-FF-FF-FF-FF;;
515652;1786641949675;150D;Zweite Fahrstatistik;20;175;–;00-DA-00-B6-FF-FF-FF-FF-47-18-FF-FF-FF-FF-FF-FF-FF-FF-00-00;;
516698;1786641950721;1502;Akkuinformationen;16;176;–;47-18-FF-FF-FF-FF-47-18-FF-FF-FF-FF-FF-FF-00-00;;
517113;1786641951136;1505;BikePerformance / Fahrleistung;18;176;0,1,2,3;0A-0A-0A-0A-FF-FF-00-DA-FF-FF-FF-FF-FF-00-00-00-00-00;;
517326;1786641951349;1506;Trip / Kilometer & Betriebszähler;16;176;7;00-00-1B-63-00-02-20-7E-00-00-02-BD-00-00-00-00;;
517745;1786641951768;1508;Settings / Licht & Fahrstufe;17;176;–;00-00-00-02-FF-FF-FF-FF-FF-FF-FF-00-00-00-00-00-00;;
517947;1786641951970;1509;BatteryChange / Akku-Livestand;11;176;0,1,5,6,9,10;0F-A0-FF-FF-5B-C8-C8-00-00-00-CD;;
518161;1786641952184;150A;MotorUpdate / Motor-Livestand;10;176;0,1;13-88-FF-FF-FF-FF-FF-FF-FF-FF;;
518375;1786641952398;150B;Motor-/Controllerblock;20;176;–;FF-FF-FF-FF-FF-FF-FF-FF-FF-FF-FF-FF-FF-FF-FF-FF-FF-FF-FF-FF;;
518577;1786641952600;150D;Zweite Fahrstatistik;20;176;–;00-DA-00-B6-FF-FF-FF-FF-47-18-FF-FF-FF-FF-FF-FF-FF-FF-00-00;;
519622;1786641953645;1502;Akkuinformationen;16;177;–;47-18-FF-FF-FF-FF-47-18-FF-FF-FF-FF-FF-FF-00-00;;
520039;1786641954062;1505;BikePerformance / Fahrleistung;18;177;0,1,2,3;0C-08-0C-08-FF-FF-00-DA-FF-FF-FF-FF-FF-00-00-00-00-00;;
520257;1786641954280;1506;Trip / Kilometer & Betriebszähler;16;177;7;00-00-1B-63-00-02-20-81-00-00-02-BD-00-00-00-00;;
520669;1786641954692;1508;Settings / Licht & Fahrstufe;17;177;–;00-00-00-02-FF-FF-FF-FF-FF-FF-FF-00-00-00-00-00-00;;
520871;1786641954894;1509;BatteryChange / Akku-Livestand;11;177;0,1,9,10;13-88-FF-FF-5B-C8-C8-00-00-01-01;;
521087;1786641955110;150A;MotorUpdate / Motor-Livestand;10;177;–;13-88-FF-FF-FF-FF-FF-FF-FF-FF;;
521289;1786641955312;150B;Motor-/Controllerblock;20;177;–;FF-FF-FF-FF-FF-FF-FF-FF-FF-FF-FF-FF-FF-FF-FF-FF-FF-FF-FF-FF;;
521505;1786641955528;150D;Zweite Fahrstatistik;20;177;–;00-DA-00-B6-FF-FF-FF-FF-47-18-FF-FF-FF-FF-FF-FF-FF-FF-00-00;;
522549;1786641956572;1502;Akkuinformationen;16;178;–;47-18-FF-FF-FF-FF-47-18-FF-FF-FF-FF-FF-FF-00-00;;
522965;1786641956988;1505;BikePerformance / Fahrleistung;18;178;0,1,2,3;0B-FE-0B-FE-FF-FF-00-DA-FF-FF-FF-FF-FF-00-00-00-00-00;;
523166;1786641957189;1506;Trip / Kilometer & Betriebszähler;16;178;7;00-00-1B-63-00-02-20-83-00-00-02-BD-00-00-00-00;;
523595;1786641957618;1508;Settings / Licht & Fahrstufe;17;178;–;00-00-00-02-FF-FF-FF-FF-FF-FF-FF-00-00-00-00-00-00;;
523797;1786641957820;1509;BatteryChange / Akku-Livestand;11;178;0,1,5,6,9,10;0F-A0-FF-FF-5B-C9-F4-00-00-00-CE;;
524015;1786641958038;150A;MotorUpdate / Motor-Livestand;10;178;0,1;0F-A0-FF-FF-FF-FF-FF-FF-FF-FF;;
524213;1786641958236;150B;Motor-/Controllerblock;20;178;–;FF-FF-FF-FF-FF-FF-FF-FF-FF-FF-FF-FF-FF-FF-FF-FF-FF-FF-FF-FF;;
524427;1786641958450;150D;Zweite Fahrstatistik;20;178;3;00-DA-00-B9-FF-FF-FF-FF-47-18-FF-FF-FF-FF-FF-FF-FF-FF-00-00;;
525473;1786641959496;1502;Akkuinformationen;16;179;–;47-18-FF-FF-FF-FF-47-18-FF-FF-FF-FF-FF-FF-00-00;;
525890;1786641959913;1505;BikePerformance / Fahrleistung;18;179;0,1,2,3;08-16-08-16-FF-FF-00-DA-FF-FF-FF-FF-FF-00-00-00-00-00;;
526104;1786641960127;1506;Trip / Kilometer & Betriebszähler;16;179;3,7;00-00-1B-64-00-02-20-86-00-00-02-BD-00-00-00-00;;
526521;1786641960544;1508;Settings / Licht & Fahrstufe;17;179;–;00-00-00-02-FF-FF-FF-FF-FF-FF-FF-00-00-00-00-00-00;;
526722;1786641960745;1509;BatteryChange / Akku-Livestand;11;179;5,6;0F-A0-FF-FF-5B-C8-C8-00-00-00-CE;;
526934;1786641960957;150A;MotorUpdate / Motor-Livestand;10;179;0,1;13-88-FF-FF-FF-FF-FF-FF-FF-FF;;
527140;1786641961163;150B;Motor-/Controllerblock;20;179;–;FF-FF-FF-FF-FF-FF-FF-FF-FF-FF-FF-FF-FF-FF-FF-FF-FF-FF-FF-FF;;
527353;1786641961376;150D;Zweite Fahrstatistik;20;179;–;00-DA-00-B9-FF-FF-FF-FF-47-18-FF-FF-FF-FF-FF-FF-FF-FF-00-00;;
528386;1786641962409;1502;Akkuinformationen;16;180;–;47-18-FF-FF-FF-FF-47-18-FF-FF-FF-FF-FF-FF-00-00;;
528826;1786641962849;1505;BikePerformance / Fahrleistung;18;180;0,1,2,3;06-0E-06-0E-FF-FF-00-DA-FF-FF-FF-FF-FF-00-00-00-00-00;;
529018;1786641963041;1506;Trip / Kilometer & Betriebszähler;16;180;7;00-00-1B-64-00-02-20-89-00-00-02-BD-00-00-00-00;;
529436;1786641963459;1508;Settings / Licht & Fahrstufe;17;180;–;00-00-00-02-FF-FF-FF-FF-FF-FF-FF-00-00-00-00-00-00;;
529647;1786641963670;1509;BatteryChange / Akku-Livestand;11;180;5,6;0F-A0-FF-FF-5B-C9-90-00-00-00-CE;;
529847;1786641963870;150A;MotorUpdate / Motor-Livestand;10;180;0,1;0F-A0-FF-FF-FF-FF-FF-FF-FF-FF;;
530064;1786641964087;150B;Motor-/Controllerblock;20;180;–;FF-FF-FF-FF-FF-FF-FF-FF-FF-FF-FF-FF-FF-FF-FF-FF-FF-FF-FF-FF;;
530266;1786641964289;150D;Zweite Fahrstatistik;20;180;–;00-DA-00-B9-FF-FF-FF-FF-47-18-FF-FF-FF-FF-FF-FF-FF-FF-00-00;;
531315;1786641965338;1502;Akkuinformationen;16;181;–;47-18-FF-FF-FF-FF-47-18-FF-FF-FF-FF-FF-FF-00-00;;
531730;1786641965753;1505;BikePerformance / Fahrleistung;18;181;0,1,2,3;08-0C-08-0C-FF-FF-00-DA-FF-FF-FF-FF-FF-00-00-00-00-00;;
531942;1786641965965;1506;Trip / Kilometer & Betriebszähler;16;181;7;00-00-1B-64-00-02-20-8C-00-00-02-BD-00-00-00-00;;
532359;1786641966382;1508;Settings / Licht & Fahrstufe;17;181;–;00-00-00-02-FF-FF-FF-FF-FF-FF-FF-00-00-00-00-00-00;;
532572;1786641966595;1509;BatteryChange / Akku-Livestand;11;181;0,1,6,9,10;13-88-FF-FF-5B-C9-2C-00-00-01-01;;
532775;1786641966798;150A;MotorUpdate / Motor-Livestand;10;181;0,1;13-88-FF-FF-FF-FF-FF-FF-FF-FF;;
532988;1786641967011;150B;Motor-/Controllerblock;20;181;–;FF-FF-FF-FF-FF-FF-FF-FF-FF-FF-FF-FF-FF-FF-FF-FF-FF-FF-FF-FF;;
533192;1786641967215;150D;Zweite Fahrstatistik;20;181;–;00-DA-00-B9-FF-FF-FF-FF-47-18-FF-FF-FF-FF-FF-FF-FF-FF-00-00;;
534237;1786641968260;1502;Akkuinformationen;16;182;–;47-18-FF-FF-FF-FF-47-18-FF-FF-FF-FF-FF-FF-00-00;;
534653;1786641968676;1505;BikePerformance / Fahrleistung;18;182;0,1,2,3;0A-14-0A-14-FF-FF-00-DA-FF-FF-FF-FF-FF-00-00-00-00-00;;
534869;1786641968892;1506;Trip / Kilometer & Betriebszähler;16;182;7;00-00-1B-64-00-02-20-8F-00-00-02-BD-00-00-00-00;;
535285;1786641969308;1508;Settings / Licht & Fahrstufe;17;182;–;00-00-00-02-FF-FF-FF-FF-FF-FF-FF-00-00-00-00-00-00;;
535487;1786641969510;1509;BatteryChange / Akku-Livestand;11;182;0,1,6,9,10;0F-A0-FF-FF-5B-C9-90-00-00-00-CE;;
535700;1786641969723;150A;MotorUpdate / Motor-Livestand;10;182;0,1;0F-A0-FF-FF-FF-FF-FF-FF-FF-FF;;
535914;1786641969937;150B;Motor-/Controllerblock;20;182;–;FF-FF-FF-FF-FF-FF-FF-FF-FF-FF-FF-FF-FF-FF-FF-FF-FF-FF-FF-FF;;
536118;1786641970141;150D;Zweite Fahrstatistik;20;182;–;00-DA-00-B9-FF-FF-FF-FF-47-18-FF-FF-FF-FF-FF-FF-FF-FF-00-00;;
537163;1786641971186;1502;Akkuinformationen;16;183;–;47-18-FF-FF-FF-FF-47-18-FF-FF-FF-FF-FF-FF-00-00;;
537579;1786641971602;1505;BikePerformance / Fahrleistung;18;183;0,1,2,3,7;00-00-00-00-FF-FF-00-D1-FF-FF-FF-FF-FF-00-00-00-00-00;;
537795;1786641971818;1506;Trip / Kilometer & Betriebszähler;16;183;7;00-00-1B-64-00-02-20-92-00-00-02-BD-00-00-00-00;;
538209;1786641972232;1508;Settings / Licht & Fahrstufe;17;183;3;00-00-00-01-FF-FF-FF-FF-FF-FF-FF-00-00-00-00-00-00;;
538414;1786641972437;1509;BatteryChange / Akku-Livestand;11;183;0,1,5,6,10;00-00-FF-FF-5B-CB-84-00-00-00-00;;
538626;1786641972649;150A;MotorUpdate / Motor-Livestand;10;183;0,1;03-E8-FF-FF-FF-FF-FF-FF-FF-FF;;
538828;1786641972851;150B;Motor-/Controllerblock;20;183;–;FF-FF-FF-FF-FF-FF-FF-FF-FF-FF-FF-FF-FF-FF-FF-FF-FF-FF-FF-FF;;
539042;1786641973065;150D;Zweite Fahrstatistik;20;183;–;00-DA-00-B9-FF-FF-FF-FF-47-18-FF-FF-FF-FF-FF-FF-FF-FF-00-00;;
540088;1786641974111;1502;Akkuinformationen;16;184;–;47-18-FF-FF-FF-FF-47-18-FF-FF-FF-FF-FF-FF-00-00;;
540504;1786641974527;1505;BikePerformance / Fahrleistung;18;184;0,1,2,3,7;02-08-02-08-FF-FF-00-C1-FF-FF-FF-FF-FF-00-00-00-00-00;;
540706;1786641974729;1506;Trip / Kilometer & Betriebszähler;16;184;7;00-00-1B-64-00-02-20-95-00-00-02-BD-00-00-00-00;;
541122;1786641975145;1508;Settings / Licht & Fahrstufe;17;184;–;00-00-00-01-FF-FF-FF-FF-FF-FF-FF-00-00-00-00-00-00;;
541338;1786641975361;1509;BatteryChange / Akku-Livestand;11;184;0,1,5,6,10;0B-B8-FF-FF-5B-CA-BC-00-00-00-9B;;
541551;1786641975574;150A;MotorUpdate / Motor-Livestand;10;184;0,1;07-D0-FF-FF-FF-FF-FF-FF-FF-FF;;
541753;1786641975776;150B;Motor-/Controllerblock;20;184;–;FF-FF-FF-FF-FF-FF-FF-FF-FF-FF-FF-FF-FF-FF-FF-FF-FF-FF-FF-FF;;
541967;1786641975990;150D;Zweite Fahrstatistik;20;184;–;00-DA-00-B9-FF-FF-FF-FF-47-18-FF-FF-FF-FF-FF-FF-FF-FF-00-00;;
543014;1786641977037;1502;Akkuinformationen;16;185;–;47-18-FF-FF-FF-FF-47-18-FF-FF-FF-FF-FF-FF-00-00;;
543429;1786641977452;1505;BikePerformance / Fahrleistung;18;185;0,1,2,3,4,5,6,7,8,9,10,11,12,13,14,15,16,17;;c731f922c864db5014403d5303b06371032ae39c2dc3f73725b4e84b64c756e5;identity_or_free_form
543646;1786641977669;1506;Trip / Kilometer & Betriebszähler;16;185;3,7;00-00-1B-65-00-02-20-98-00-00-02-BD-00-00-00-00;;
544060;1786641978083;1508;Settings / Licht & Fahrstufe;17;185;–;00-00-00-01-FF-FF-FF-FF-FF-FF-FF-00-00-00-00-00-00;;
544273;1786641978296;1509;BatteryChange / Akku-Livestand;11;185;0,1,5,6,9,10;17-70-FF-FF-5B-C8-00-00-00-01-33;;
544475;1786641978498;150A;MotorUpdate / Motor-Livestand;10;185;0,1;1B-58-FF-FF-FF-FF-FF-FF-FF-FF;;
544690;1786641978713;150B;Motor-/Controllerblock;20;185;–;FF-FF-FF-FF-FF-FF-FF-FF-FF-FF-FF-FF-FF-FF-FF-FF-FF-FF-FF-FF;;
544893;1786641978916;150D;Zweite Fahrstatistik;20;185;3;00-DA-00-BA-FF-FF-FF-FF-47-18-FF-FF-FF-FF-FF-FF-FF-FF-00-00;;
545938;1786641979961;1502;Akkuinformationen;16;186;–;47-18-FF-FF-FF-FF-47-18-FF-FF-FF-FF-FF-FF-00-00;;
546355;1786641980378;1505;BikePerformance / Fahrleistung;18;186;0,1,2,3,4,5,6,7,8,9,10,11,12,13,14,15,16,17;0C-12-0C-12-FF-FF-00-DA-FF-FF-FF-FF-FF-00-00-00-00-00;;
546569;1786641980592;1506;Trip / Kilometer & Betriebszähler;16;186;7;00-00-1B-65-00-02-20-9B-00-00-02-BD-00-00-00-00;;
546984;1786641981007;1508;Settings / Licht & Fahrstufe;17;186;–;00-00-00-01-FF-FF-FF-FF-FF-FF-FF-00-00-00-00-00-00;;
547189;1786641981212;1509;BatteryChange / Akku-Livestand;11;186;0,1,5,6,10;13-88-FF-FF-5B-C9-2C-00-00-01-01;;
547402;1786641981425;150A;MotorUpdate / Motor-Livestand;10;186;0,1;13-88-FF-FF-FF-FF-FF-FF-FF-FF;;
547603;1786641981626;150B;Motor-/Controllerblock;20;186;–;FF-FF-FF-FF-FF-FF-FF-FF-FF-FF-FF-FF-FF-FF-FF-FF-FF-FF-FF-FF;;
547818;1786641981841;150D;Zweite Fahrstatistik;20;186;–;00-DA-00-BA-FF-FF-FF-FF-47-18-FF-FF-FF-FF-FF-FF-FF-FF-00-00;;
548864;1786641982887;1502;Akkuinformationen;16;187;–;47-18-FF-FF-FF-FF-47-18-FF-FF-FF-FF-FF-FF-00-00;;
549279;1786641983302;1505;BikePerformance / Fahrleistung;18;187;0,1,2,3;0A-0A-0A-0A-FF-FF-00-DA-FF-FF-FF-FF-FF-00-00-00-00-00;;
549481;1786641983504;1506;Trip / Kilometer & Betriebszähler;16;187;7;00-00-1B-65-00-02-20-9E-00-00-02-BD-00-00-00-00;;
549913;1786641983936;1508;Settings / Licht & Fahrstufe;17;187;–;00-00-00-01-FF-FF-FF-FF-FF-FF-FF-00-00-00-00-00-00;;
550113;1786641984136;1509;BatteryChange / Akku-Livestand;11;187;0,1,6,9,10;07-D0-FF-FF-5B-C9-F4-00-00-00-67;;
550326;1786641984349;150A;MotorUpdate / Motor-Livestand;10;187;0,1;07-D0-FF-FF-FF-FF-FF-FF-FF-FF;;
550528;1786641984551;150B;Motor-/Controllerblock;20;187;–;FF-FF-FF-FF-FF-FF-FF-FF-FF-FF-FF-FF-FF-FF-FF-FF-FF-FF-FF-FF;;
550741;1786641984764;150D;Zweite Fahrstatistik;20;187;–;00-DA-00-BA-FF-FF-FF-FF-47-18-FF-FF-FF-FF-FF-FF-FF-FF-00-00;;
551791;1786641985814;1502;Akkuinformationen;16;188;–;47-18-FF-FF-FF-FF-47-18-FF-FF-FF-FF-FF-FF-00-00;;
552207;1786641986230;1505;BikePerformance / Fahrleistung;18;188;–;0A-0A-0A-0A-FF-FF-00-DA-FF-FF-FF-FF-FF-00-00-00-00-00;;
552409;1786641986432;1506;Trip / Kilometer & Betriebszähler;16;188;7;00-00-1B-65-00-02-20-A1-00-00-02-BD-00-00-00-00;;
552822;1786641986845;1508;Settings / Licht & Fahrstufe;17;188;–;00-00-00-01-FF-FF-FF-FF-FF-FF-FF-00-00-00-00-00-00;;
553038;1786641987061;1509;BatteryChange / Akku-Livestand;11;188;0,1,6,10;0F-A0-FF-FF-5B-C9-90-00-00-00-CE;;
553242;1786641987265;150A;MotorUpdate / Motor-Livestand;10;188;0,1;13-88-FF-FF-FF-FF-FF-FF-FF-FF;;
553454;1786641987477;150B;Motor-/Controllerblock;20;188;–;FF-FF-FF-FF-FF-FF-FF-FF-FF-FF-FF-FF-FF-FF-FF-FF-FF-FF-FF-FF;;
553668;1786641987691;150D;Zweite Fahrstatistik;20;188;–;00-DA-00-BA-FF-FF-FF-FF-47-18-FF-FF-FF-FF-FF-FF-FF-FF-00-00;;
554702;1786641988725;1502;Akkuinformationen;16;189;–;47-18-FF-FF-FF-FF-47-18-FF-FF-FF-FF-FF-FF-00-00;;
555131;1786641989154;1505;BikePerformance / Fahrleistung;18;189;0,1,2,3;08-0C-08-0C-FF-FF-00-DA-FF-FF-FF-FF-FF-00-00-00-00-00;;
555335;1786641989358;1506;Trip / Kilometer & Betriebszähler;16;189;7;00-00-1B-65-00-02-20-A4-00-00-02-BD-00-00-00-00;;
555751;1786641989774;1508;Settings / Licht & Fahrstufe;17;189;–;00-00-00-01-FF-FF-FF-FF-FF-FF-FF-00-00-00-00-00-00;;
555962;1786641989985;1509;BatteryChange / Akku-Livestand;11;189;–;0F-A0-FF-FF-5B-C9-90-00-00-00-CE;;
556166;1786641990189;150A;MotorUpdate / Motor-Livestand;10;189;0,1;0F-A0-FF-FF-FF-FF-FF-FF-FF-FF;;
556379;1786641990402;150B;Motor-/Controllerblock;20;189;–;FF-FF-FF-FF-FF-FF-FF-FF-FF-FF-FF-FF-FF-FF-FF-FF-FF-FF-FF-FF;;
556581;1786641990604;150D;Zweite Fahrstatistik;20;189;–;00-DA-00-BA-FF-FF-FF-FF-47-18-FF-FF-FF-FF-FF-FF-FF-FF-00-00;;
557627;1786641991650;1502;Akkuinformationen;16;190;–;47-18-FF-FF-FF-FF-47-18-FF-FF-FF-FF-FF-FF-00-00;;
558046;1786641992069;1505;BikePerformance / Fahrleistung;18;190;0,1,2,3;0A-0A-0A-0A-FF-FF-00-DA-FF-FF-FF-FF-FF-00-00-00-00-00;;
558258;1786641992281;1506;Trip / Kilometer & Betriebszähler;16;190;7;00-00-1B-65-00-02-20-A7-00-00-02-BD-00-00-00-00;;
558675;1786641992698;1508;Settings / Licht & Fahrstufe;17;190;–;00-00-00-01-FF-FF-FF-FF-FF-FF-FF-00-00-00-00-00-00;;
558887;1786641992910;1509;BatteryChange / Akku-Livestand;11;190;0,1,5,6,9,10;13-88-FF-FF-5B-C8-C8-00-00-01-01;;
559092;1786641993115;150A;MotorUpdate / Motor-Livestand;10;190;0,1;13-88-FF-FF-FF-FF-FF-FF-FF-FF;;
559303;1786641993326;150B;Motor-/Controllerblock;20;190;–;FF-FF-FF-FF-FF-FF-FF-FF-FF-FF-FF-FF-FF-FF-FF-FF-FF-FF-FF-FF;;
559507;1786641993530;150D;Zweite Fahrstatistik;20;190;–;00-DA-00-BA-FF-FF-FF-FF-47-18-FF-FF-FF-FF-FF-FF-FF-FF-00-00;;
560551;1786641994574;1502;Akkuinformationen;16;191;–;47-18-FF-FF-FF-FF-47-18-FF-FF-FF-FF-FF-FF-00-00;;
560969;1786641994992;1505;BikePerformance / Fahrleistung;18;191;–;0A-0A-0A-0A-FF-FF-00-DA-FF-FF-FF-FF-FF-00-00-00-00-00;;
561184;1786641995207;1506;Trip / Kilometer & Betriebszähler;16;191;3,7;00-00-1B-66-00-02-20-AA-00-00-02-BD-00-00-00-00;;
561599;1786641995622;1508;Settings / Licht & Fahrstufe;17;191;–;00-00-00-01-FF-FF-FF-FF-FF-FF-FF-00-00-00-00-00-00;;
561813;1786641995836;1509;BatteryChange / Akku-Livestand;11;191;–;13-88-FF-FF-5B-C8-C8-00-00-01-01;;
562017;1786641996040;150A;MotorUpdate / Motor-Livestand;10;191;–;13-88-FF-FF-FF-FF-FF-FF-FF-FF;;
562230;1786641996253;150B;Motor-/Controllerblock;20;191;–;FF-FF-FF-FF-FF-FF-FF-FF-FF-FF-FF-FF-FF-FF-FF-FF-FF-FF-FF-FF;;
562433;1786641996456;150D;Zweite Fahrstatistik;20;191;3;00-DA-00-BB-FF-FF-FF-FF-47-18-FF-FF-FF-FF-FF-FF-FF-FF-00-00;;
563478;1786641997501;1502;Akkuinformationen;16;192;–;47-18-FF-FF-FF-FF-47-18-FF-FF-FF-FF-FF-FF-00-00;;
563894;1786641997917;1505;BikePerformance / Fahrleistung;18;192;–;0A-0A-0A-0A-FF-FF-00-DA-FF-FF-FF-FF-FF-00-00-00-00-00;;
564109;1786641998132;1506;Trip / Kilometer & Betriebszähler;16;192;7;00-00-1B-66-00-02-20-AD-00-00-02-BD-00-00-00-00;;
564524;1786641998547;1508;Settings / Licht & Fahrstufe;17;192;–;00-00-00-01-FF-FF-FF-FF-FF-FF-FF-00-00-00-00-00-00;;
564726;1786641998749;1509;BatteryChange / Akku-Livestand;11;192;0,1,5,6,9,10;0F-A0-FF-FF-5B-C9-90-00-00-00-CE;;
564941;1786641998964;150A;MotorUpdate / Motor-Livestand;10;192;0,1;0F-A0-FF-FF-FF-FF-FF-FF-FF-FF;;
565143;1786641999166;150B;Motor-/Controllerblock;20;192;–;FF-FF-FF-FF-FF-FF-FF-FF-FF-FF-FF-FF-FF-FF-FF-FF-FF-FF-FF-FF;;
565356;1786641999379;150D;Zweite Fahrstatistik;20;192;–;00-DA-00-BB-FF-FF-FF-FF-47-18-FF-FF-FF-FF-FF-FF-FF-FF-00-00;;
566404;1786642000427;1502;Akkuinformationen;16;193;–;47-18-FF-FF-FF-FF-47-18-FF-FF-FF-FF-FF-FF-00-00;;
566820;1786642000843;1505;BikePerformance / Fahrleistung;18;193;0,1,2,3;08-02-08-02-FF-FF-00-DA-FF-FF-FF-FF-FF-00-00-00-00-00;;
567021;1786642001044;1506;Trip / Kilometer & Betriebszähler;16;193;7;00-00-1B-66-00-02-20-B0-00-00-02-BD-00-00-00-00;;
567438;1786642001461;1508;Settings / Licht & Fahrstufe;17;193;–;00-00-00-01-FF-FF-FF-FF-FF-FF-FF-00-00-00-00-00-00;;
567664;1786642001687;1509;BatteryChange / Akku-Livestand;11;193;6,9,10;0F-A0-FF-FF-5B-C9-2C-00-00-01-01;;
567866;1786642001889;150A;MotorUpdate / Motor-Livestand;10;193;–;0F-A0-FF-FF-FF-FF-FF-FF-FF-FF;;
568070;1786642002093;150B;Motor-/Controllerblock;20;193;–;FF-FF-FF-FF-FF-FF-FF-FF-FF-FF-FF-FF-FF-FF-FF-FF-FF-FF-FF-FF;;
568280;1786642002303;150D;Zweite Fahrstatistik;20;193;–;00-DA-00-BB-FF-FF-FF-FF-47-18-FF-FF-FF-FF-FF-FF-FF-FF-00-00;;
569329;1786642003352;1502;Akkuinformationen;16;194;–;47-18-FF-FF-FF-FF-47-18-FF-FF-FF-FF-FF-FF-00-00;;
569747;1786642003770;1505;BikePerformance / Fahrleistung;18;194;–;08-02-08-02-FF-FF-00-DA-FF-FF-FF-FF-FF-00-00-00-00-00;;
569946;1786642003969;1506;Trip / Kilometer & Betriebszähler;16;194;7;00-00-1B-66-00-02-20-B2-00-00-02-BD-00-00-00-00;;
570363;1786642004386;1508;Settings / Licht & Fahrstufe;17;194;3;00-00-00-02-FF-FF-FF-FF-FF-FF-FF-00-00-00-00-00-00;;
570577;1786642004600;1509;BatteryChange / Akku-Livestand;11;194;9,10;0F-A0-FF-FF-5B-C9-2C-00-00-00-CE;;
570779;1786642004802;150A;MotorUpdate / Motor-Livestand;10;194;–;0F-A0-FF-FF-FF-FF-FF-FF-FF-FF;;
570993;1786642005016;150B;Motor-/Controllerblock;20;194;–;FF-FF-FF-FF-FF-FF-FF-FF-FF-FF-FF-FF-FF-FF-FF-FF-FF-FF-FF-FF;;
571208;1786642005231;150D;Zweite Fahrstatistik;20;194;–;00-DA-00-BB-FF-FF-FF-FF-47-18-FF-FF-FF-FF-FF-FF-FF-FF-00-00;;
572243;1786642006266;1502;Akkuinformationen;16;195;–;47-18-FF-FF-FF-FF-47-18-FF-FF-FF-FF-FF-FF-00-00;;
572669;1786642006692;1505;BikePerformance / Fahrleistung;18;195;0,1,2,3;0A-00-0A-00-FF-FF-00-DA-FF-FF-FF-FF-FF-00-00-00-00-00;;
572872;1786642006895;1506;Trip / Kilometer & Betriebszähler;16;195;7;00-00-1B-66-00-02-20-B5-00-00-02-BD-00-00-00-00;;
573290;1786642007313;1508;Settings / Licht & Fahrstufe;17;195;–;00-00-00-02-FF-FF-FF-FF-FF-FF-FF-00-00-00-00-00-00;;
573502;1786642007525;1509;BatteryChange / Akku-Livestand;11;195;–;0F-A0-FF-FF-5B-C9-2C-00-00-00-CE;;
573705;1786642007728;150A;MotorUpdate / Motor-Livestand;10;195;0,1;13-88-FF-FF-FF-FF-FF-FF-FF-FF;;
573919;1786642007942;150B;Motor-/Controllerblock;20;195;–;FF-FF-FF-FF-FF-FF-FF-FF-FF-FF-FF-FF-FF-FF-FF-FF-FF-FF-FF-FF;;
574121;1786642008144;150D;Zweite Fahrstatistik;20;195;–;00-DA-00-BB-FF-FF-FF-FF-47-18-FF-FF-FF-FF-FF-FF-FF-FF-00-00;;
575168;1786642009191;1502;Akkuinformationen;16;196;–;47-18-FF-FF-FF-FF-47-18-FF-FF-FF-FF-FF-FF-00-00;;
575582;1786642009605;1505;BikePerformance / Fahrleistung;18;196;1,3;0A-0A-0A-0A-FF-FF-00-DA-FF-FF-FF-FF-FF-00-00-00-00-00;;
575797;1786642009820;1506;Trip / Kilometer & Betriebszähler;16;196;3,7;00-00-1B-67-00-02-20-B8-00-00-02-BD-00-00-00-00;;
576213;1786642010236;1508;Settings / Licht & Fahrstufe;17;196;–;00-00-00-02-FF-FF-FF-FF-FF-FF-FF-00-00-00-00-00-00;;
576427;1786642010450;1509;BatteryChange / Akku-Livestand;11;196;0,1,5,6,9,10;17-70-FF-FF-5B-C8-64-00-00-01-33;;
576629;1786642010652;150A;MotorUpdate / Motor-Livestand;10;196;0,1;17-70-FF-FF-FF-FF-FF-FF-FF-FF;;
576843;1786642010866;150B;Motor-/Controllerblock;20;196;–;FF-FF-FF-FF-FF-FF-FF-FF-FF-FF-FF-FF-FF-FF-FF-FF-FF-FF-FF-FF;;
577046;1786642011069;150D;Zweite Fahrstatistik;20;196;3;00-DA-00-BD-FF-FF-FF-FF-47-18-FF-FF-FF-FF-FF-FF-FF-FF-00-00;;
578093;1786642012116;1502;Akkuinformationen;16;197;–;47-18-FF-FF-FF-FF-47-18-FF-FF-FF-FF-FF-FF-00-00;;
578508;1786642012531;1505;BikePerformance / Fahrleistung;18;197;1,3;0A-00-0A-00-FF-FF-00-DA-FF-FF-FF-FF-FF-00-00-00-00-00;;
578723;1786642012746;1506;Trip / Kilometer & Betriebszähler;16;197;7;00-00-1B-67-00-02-20-BB-00-00-02-BD-00-00-00-00;;
579140;1786642013163;1508;Settings / Licht & Fahrstufe;17;197;–;00-00-00-02-FF-FF-FF-FF-FF-FF-FF-00-00-00-00-00-00;;
579342;1786642013365;1509;BatteryChange / Akku-Livestand;11;197;0,1,6,10;13-88-FF-FF-5B-C8-C8-00-00-01-01;;
579556;1786642013579;150A;MotorUpdate / Motor-Livestand;10;197;0,1;13-88-FF-FF-FF-FF-FF-FF-FF-FF;;
579769;1786642013792;150B;Motor-/Controllerblock;20;197;–;FF-FF-FF-FF-FF-FF-FF-FF-FF-FF-FF-FF-FF-FF-FF-FF-FF-FF-FF-FF;;
579971;1786642013994;150D;Zweite Fahrstatistik;20;197;–;00-DA-00-BD-FF-FF-FF-FF-47-18-FF-FF-FF-FF-FF-FF-FF-FF-00-00;;
581017;1786642015040;1502;Akkuinformationen;16;198;–;47-18-FF-FF-FF-FF-47-18-FF-FF-FF-FF-FF-FF-00-00;;
581434;1786642015457;1505;BikePerformance / Fahrleistung;18;198;1,3;0A-0A-0A-0A-FF-FF-00-DA-FF-FF-FF-FF-FF-00-00-00-00-00;;
581649;1786642015672;1506;Trip / Kilometer & Betriebszähler;16;198;7;00-00-1B-67-00-02-20-BE-00-00-02-BD-00-00-00-00;;
582064;1786642016087;1508;Settings / Licht & Fahrstufe;17;198;–;00-00-00-02-FF-FF-FF-FF-FF-FF-FF-00-00-00-00-00-00;;
582267;1786642016290;1509;BatteryChange / Akku-Livestand;11;198;0,1,6,10;17-70-FF-FF-5B-C8-64-00-00-01-33;;
582479;1786642016502;150A;MotorUpdate / Motor-Livestand;10;198;0,1;17-70-FF-FF-FF-FF-FF-FF-FF-FF;;
582682;1786642016705;150B;Motor-/Controllerblock;20;198;–;FF-FF-FF-FF-FF-FF-FF-FF-FF-FF-FF-FF-FF-FF-FF-FF-FF-FF-FF-FF;;
582896;1786642016919;150D;Zweite Fahrstatistik;20;198;–;00-DA-00-BD-FF-FF-FF-FF-47-18-FF-FF-FF-FF-FF-FF-FF-FF-00-00;;
583941;1786642017964;1502;Akkuinformationen;16;199;–;47-18-FF-FF-FF-FF-47-18-FF-FF-FF-FF-FF-FF-00-00;;
584357;1786642018380;1505;BikePerformance / Fahrleistung;18;199;–;0A-0A-0A-0A-FF-FF-00-DA-FF-FF-FF-FF-FF-00-00-00-00-00;;
584560;1786642018583;1506;Trip / Kilometer & Betriebszähler;16;199;7;00-00-1B-67-00-02-20-C1-00-00-02-BD-00-00-00-00;;
584976;1786642018999;1508;Settings / Licht & Fahrstufe;17;199;–;00-00-00-02-FF-FF-FF-FF-FF-FF-FF-00-00-00-00-00-00;;
585190;1786642019213;1509;BatteryChange / Akku-Livestand;11;199;6;17-70-FF-FF-5B-C8-00-00-00-01-33;;
585394;1786642019417;150A;MotorUpdate / Motor-Livestand;10;199;–;17-70-FF-FF-FF-FF-FF-FF-FF-FF;;
585610;1786642019633;150B;Motor-/Controllerblock;20;199;–;FF-FF-FF-FF-FF-FF-FF-FF-FF-FF-FF-FF-FF-FF-FF-FF-FF-FF-FF-FF;;
585820;1786642019843;150D;Zweite Fahrstatistik;20;199;–;00-DA-00-BD-FF-FF-FF-FF-47-18-FF-FF-FF-FF-FF-FF-FF-FF-00-00;;
586877;1786642020900;1502;Akkuinformationen;16;200;–;47-18-FF-FF-FF-FF-47-18-FF-FF-FF-FF-FF-FF-00-00;;
587294;1786642021317;1505;BikePerformance / Fahrleistung;18;200;1,3;0A-00-0A-00-FF-FF-00-DA-FF-FF-FF-FF-FF-00-00-00-00-00;;
587486;1786642021509;1506;Trip / Kilometer & Betriebszähler;16;200;7;00-00-1B-67-00-02-20-C4-00-00-02-BD-00-00-00-00;;
587902;1786642021925;1508;Settings / Licht & Fahrstufe;17;200;–;00-00-00-02-FF-FF-FF-FF-FF-FF-FF-00-00-00-00-00-00;;
588114;1786642022137;1509;BatteryChange / Akku-Livestand;11;200;0,1,6,9,10;0F-A0-FF-FF-5B-C8-C8-00-00-00-CD;;
588329;1786642022352;150A;MotorUpdate / Motor-Livestand;10;200;0,1;0F-A0-FF-FF-FF-FF-FF-FF-FF-FF;;
588542;1786642022565;150B;Motor-/Controllerblock;20;200;–;FF-FF-FF-FF-FF-FF-FF-FF-FF-FF-FF-FF-FF-FF-FF-FF-FF-FF-FF-FF;;
588746;1786642022769;150D;Zweite Fahrstatistik;20;200;–;00-DA-00-BD-FF-FF-FF-FF-47-18-FF-FF-FF-FF-FF-FF-FF-FF-00-00;;
589782;1786642023805;1502;Akkuinformationen;16;201;–;47-18-FF-FF-FF-FF-47-18-FF-FF-FF-FF-FF-FF-00-00;;
590196;1786642024219;1505;BikePerformance / Fahrleistung;18;201;0,1,2,3;0B-FE-0B-FE-FF-FF-00-DA-FF-FF-FF-FF-FF-00-00-00-00-00;;
590410;1786642024433;1506;Trip / Kilometer & Betriebszähler;16;201;7;00-00-1B-67-00-02-20-C7-00-00-02-BD-00-00-00-00;;
590829;1786642024852;1508;Settings / Licht & Fahrstufe;17;201;–;00-00-00-02-FF-FF-FF-FF-FF-FF-FF-00-00-00-00-00-00;;
591044;1786642025067;1509;BatteryChange / Akku-Livestand;11;201;0,1,5,6,9,10;17-70-FF-FF-5B-C7-9C-00-00-01-32;;
591246;1786642025269;150A;MotorUpdate / Motor-Livestand;10;201;0,1;17-70-FF-FF-FF-FF-FF-FF-FF-FF;;
591458;1786642025481;150B;Motor-/Controllerblock;20;201;–;FF-FF-FF-FF-FF-FF-FF-FF-FF-FF-FF-FF-FF-FF-FF-FF-FF-FF-FF-FF;;
591662;1786642025685;150D;Zweite Fahrstatistik;20;201;–;00-DA-00-BD-FF-FF-FF-FF-47-18-FF-FF-FF-FF-FF-FF-FF-FF-00-00;;
592710;1786642026733;1502;Akkuinformationen;16;202;–;47-18-FF-FF-FF-FF-47-18-FF-FF-FF-FF-FF-FF-00-00;;
593125;1786642027148;1505;BikePerformance / Fahrleistung;18;202;–;0B-FE-0B-FE-FF-FF-00-DA-FF-FF-FF-FF-FF-00-00-00-00-00;;
593337;1786642027360;1506;Trip / Kilometer & Betriebszähler;16;202;3,7;00-00-1B-68-00-02-20-CA-00-00-02-BD-00-00-00-00;;
593755;1786642027778;1508;Settings / Licht & Fahrstufe;17;202;–;00-00-00-02-FF-FF-FF-FF-FF-FF-FF-00-00-00-00-00-00;;
593956;1786642027979;1509;BatteryChange / Akku-Livestand;11;202;0,1,5,6,10;13-88-FF-FF-5B-C8-64-00-00-01-00;;
594170;1786642028193;150A;MotorUpdate / Motor-Livestand;10;202;0,1;13-88-FF-FF-FF-FF-FF-FF-FF-FF;;
594386;1786642028409;150B;Motor-/Controllerblock;20;202;–;FF-FF-FF-FF-FF-FF-FF-FF-FF-FF-FF-FF-FF-FF-FF-FF-FF-FF-FF-FF;;
594588;1786642028611;150D;Zweite Fahrstatistik;20;202;3;00-DA-00-BE-FF-FF-FF-FF-47-18-FF-FF-FF-FF-FF-FF-FF-FF-00-00;;
595631;1786642029654;1502;Akkuinformationen;16;203;–;47-18-FF-FF-FF-FF-47-18-FF-FF-FF-FF-FF-FF-00-00;;
596049;1786642030072;1505;BikePerformance / Fahrleistung;18;203;0,1,2,3;0A-00-0A-00-FF-FF-00-DA-FF-FF-FF-FF-FF-00-00-00-00-00;;
596261;1786642030284;1506;Trip / Kilometer & Betriebszähler;16;203;7;00-00-1B-68-00-02-20-CD-00-00-02-BD-00-00-00-00;;
596679;1786642030702;1508;Settings / Licht & Fahrstufe;17;203;3;00-00-00-01-FF-FF-FF-FF-FF-FF-FF-00-00-00-00-00-00;;
596883;1786642030906;1509;BatteryChange / Akku-Livestand;11;203;–;13-88-FF-FF-5B-C8-64-00-00-01-00;;
597095;1786642031118;150A;MotorUpdate / Motor-Livestand;10;203;–;13-88-FF-FF-FF-FF-FF-FF-FF-FF;;
597298;1786642031321;150B;Motor-/Controllerblock;20;203;–;FF-FF-FF-FF-FF-FF-FF-FF-FF-FF-FF-FF-FF-FF-FF-FF-FF-FF-FF-FF;;
597512;1786642031535;150D;Zweite Fahrstatistik;20;203;–;00-DA-00-BE-FF-FF-FF-FF-47-18-FF-FF-FF-FF-FF-FF-FF-FF-00-00;;
598556;1786642032579;1502;Akkuinformationen;16;204;–;47-18-FF-FF-FF-FF-47-18-FF-FF-FF-FF-FF-FF-00-00;;
598973;1786642032996;1505;BikePerformance / Fahrleistung;18;204;–;0A-00-0A-00-FF-FF-00-DA-FF-FF-FF-FF-FF-00-00-00-00-00;;
599177;1786642033200;1506;Trip / Kilometer & Betriebszähler;16;204;7;00-00-1B-68-00-02-20-D0-00-00-02-BD-00-00-00-00;;
599592;1786642033615;1508;Settings / Licht & Fahrstufe;17;204;–;00-00-00-01-FF-FF-FF-FF-FF-FF-FF-00-00-00-00-00-00;;
599806;1786642033829;1509;BatteryChange / Akku-Livestand;11;204;6,10;13-88-FF-FF-5B-C8-C8-00-00-01-01;;
600020;1786642034043;150A;MotorUpdate / Motor-Livestand;10;204;–;13-88-FF-FF-FF-FF-FF-FF-FF-FF;;
600223;1786642034246;150B;Motor-/Controllerblock;20;204;–;FF-FF-FF-FF-FF-FF-FF-FF-FF-FF-FF-FF-FF-FF-FF-FF-FF-FF-FF-FF;;
600437;1786642034460;150D;Zweite Fahrstatistik;20;204;–;00-DA-00-BE-FF-FF-FF-FF-47-18-FF-FF-FF-FF-FF-FF-FF-FF-00-00;;
601483;1786642035506;1502;Akkuinformationen;16;205;–;47-18-FF-FF-FF-FF-47-18-FF-FF-FF-FF-FF-FF-00-00;;
601899;1786642035922;1505;BikePerformance / Fahrleistung;18;205;0,1,2,3;09-F6-09-F6-FF-FF-00-DA-FF-FF-FF-FF-FF-00-00-00-00-00;;
602101;1786642036124;1506;Trip / Kilometer & Betriebszähler;16;205;7;00-00-1B-68-00-02-20-D3-00-00-02-BD-00-00-00-00;;
602517;1786642036540;1508;Settings / Licht & Fahrstufe;17;205;3;00-00-00-02-FF-FF-FF-FF-FF-FF-FF-00-00-00-00-00-00;;
602731;1786642036754;1509;BatteryChange / Akku-Livestand;11;205;6,10;13-88-FF-FF-5B-C8-64-00-00-01-00;;
602932;1786642036955;150A;MotorUpdate / Motor-Livestand;10;205;–;13-88-FF-FF-FF-FF-FF-FF-FF-FF;;
603147;1786642037170;150B;Motor-/Controllerblock;20;205;–;FF-FF-FF-FF-FF-FF-FF-FF-FF-FF-FF-FF-FF-FF-FF-FF-FF-FF-FF-FF;;
603362;1786642037385;150D;Zweite Fahrstatistik;20;205;–;00-DA-00-BE-FF-FF-FF-FF-47-18-FF-FF-FF-FF-FF-FF-FF-FF-00-00;;
604397;1786642038420;1502;Akkuinformationen;16;206;–;47-18-FF-FF-FF-FF-47-18-FF-FF-FF-FF-FF-FF-00-00;;
604812;1786642038835;1505;BikePerformance / Fahrleistung;18;206;–;09-F6-09-F6-FF-FF-00-DA-FF-FF-FF-FF-FF-00-00-00-00-00;;
605026;1786642039049;1506;Trip / Kilometer & Betriebszähler;16;206;7;00-00-1B-68-00-02-20-D6-00-00-02-BD-00-00-00-00;;
605441;1786642039464;1508;Settings / Licht & Fahrstufe;17;206;–;00-00-00-02-FF-FF-FF-FF-FF-FF-FF-00-00-00-00-00-00;;
605655;1786642039678;1509;BatteryChange / Akku-Livestand;11;206;0,1,5,6;0B-B8-FF-FF-5B-C9-F4-00-00-01-00;;
605858;1786642039881;150A;MotorUpdate / Motor-Livestand;10;206;0,1;0F-A0-FF-FF-FF-FF-FF-FF-FF-FF;;
606072;1786642040095;150B;Motor-/Controllerblock;20;206;–;FF-FF-FF-FF-FF-FF-FF-FF-FF-FF-FF-FF-FF-FF-FF-FF-FF-FF-FF-FF;;
606276;1786642040299;150D;Zweite Fahrstatistik;20;206;–;00-DA-00-BE-FF-FF-FF-FF-47-18-FF-FF-FF-FF-FF-FF-FF-FF-00-00;;
607321;1786642041344;1502;Akkuinformationen;16;207;–;47-18-FF-FF-FF-FF-47-18-FF-FF-FF-FF-FF-FF-00-00;;
607737;1786642041760;1505;BikePerformance / Fahrleistung;18;207;0,1,2,3;0A-00-0A-00-FF-FF-00-DA-FF-FF-FF-FF-FF-00-00-00-00-00;;
607952;1786642041975;1506;Trip / Kilometer & Betriebszähler;16;207;3,7;00-00-1B-69-00-02-20-D9-00-00-02-BD-00-00-00-00;;
608368;1786642042391;1508;Settings / Licht & Fahrstufe;17;207;–;00-00-00-02-FF-FF-FF-FF-FF-FF-FF-00-00-00-00-00-00;;
608571;1786642042594;1509;BatteryChange / Akku-Livestand;11;207;0,1,5,6;13-88-FF-FF-5B-C8-00-00-00-01-00;;
608785;1786642042808;150A;MotorUpdate / Motor-Livestand;10;207;–;0F-A0-FF-FF-FF-FF-FF-FF-FF-FF;;
608999;1786642043022;150B;Motor-/Controllerblock;20;207;–;FF-FF-FF-FF-FF-FF-FF-FF-FF-FF-FF-FF-FF-FF-FF-FF-FF-FF-FF-FF;;
609200;1786642043223;150D;Zweite Fahrstatistik;20;207;3;00-DA-00-C0-FF-FF-FF-FF-47-18-FF-FF-FF-FF-FF-FF-FF-FF-00-00;;
610246;1786642044269;1502;Akkuinformationen;16;208;–;47-18-FF-FF-FF-FF-47-18-FF-FF-FF-FF-FF-FF-00-00;;
610662;1786642044685;1505;BikePerformance / Fahrleistung;18;208;0,1,2,3;0B-FE-0B-FE-FF-FF-00-DA-FF-FF-FF-FF-FF-00-00-00-00-00;;
610878;1786642044901;1506;Trip / Kilometer & Betriebszähler;16;208;7;00-00-1B-69-00-02-20-DC-00-00-02-BD-00-00-00-00;;
611292;1786642045315;1508;Settings / Licht & Fahrstufe;17;208;–;00-00-00-02-FF-FF-FF-FF-FF-FF-FF-00-00-00-00-00-00;;
611495;1786642045518;1509;BatteryChange / Akku-Livestand;11;208;6;13-88-FF-FF-5B-C8-64-00-00-01-00;;
611709;1786642045732;150A;MotorUpdate / Motor-Livestand;10;208;0,1;13-88-FF-FF-FF-FF-FF-FF-FF-FF;;
611913;1786642045936;150B;Motor-/Controllerblock;20;208;–;FF-FF-FF-FF-FF-FF-FF-FF-FF-FF-FF-FF-FF-FF-FF-FF-FF-FF-FF-FF;;
612125;1786642046148;150D;Zweite Fahrstatistik;20;208;–;00-DA-00-C0-FF-FF-FF-FF-47-18-FF-FF-FF-FF-FF-FF-FF-FF-00-00;;
613174;1786642047197;1502;Akkuinformationen;16;209;–;47-18-FF-FF-FF-FF-47-18-FF-FF-FF-FF-FF-FF-00-00;;
613588;1786642047611;1505;BikePerformance / Fahrleistung;18;209;0,1,2,3;0A-00-0A-00-FF-FF-00-DA-FF-FF-FF-FF-FF-00-00-00-00-00;;
613790;1786642047813;1506;Trip / Kilometer & Betriebszähler;16;209;7;00-00-1B-69-00-02-20-DF-00-00-02-BD-00-00-00-00;;
614217;1786642048240;1508;Settings / Licht & Fahrstufe;17;209;–;00-00-00-02-FF-FF-FF-FF-FF-FF-FF-00-00-00-00-00-00;;
614421;1786642048444;1509;BatteryChange / Akku-Livestand;11;209;6;13-88-FF-FF-5B-C8-00-00-00-01-00;;
614633;1786642048656;150A;MotorUpdate / Motor-Livestand;10;209;0,1;17-70-FF-FF-FF-FF-FF-FF-FF-FF;;
614837;1786642048860;150B;Motor-/Controllerblock;20;209;–;FF-FF-FF-FF-FF-FF-FF-FF-FF-FF-FF-FF-FF-FF-FF-FF-FF-FF-FF-FF;;
615050;1786642049073;150D;Zweite Fahrstatistik;20;209;–;00-DA-00-C0-FF-FF-FF-FF-47-18-FF-FF-FF-FF-FF-FF-FF-FF-00-00;;
616095;1786642050118;1502;Akkuinformationen;16;210;–;47-18-FF-FF-FF-FF-47-18-FF-FF-FF-FF-FF-FF-00-00;;
616512;1786642050535;1505;BikePerformance / Fahrleistung;18;210;–;0A-00-0A-00-FF-FF-00-DA-FF-FF-FF-FF-FF-00-00-00-00-00;;
616714;1786642050737;1506;Trip / Kilometer & Betriebszähler;16;210;7;00-00-1B-69-00-02-20-E2-00-00-02-BD-00-00-00-00;;
617132;1786642051155;1508;Settings / Licht & Fahrstufe;17;210;–;00-00-00-02-FF-FF-FF-FF-FF-FF-FF-00-00-00-00-00-00;;
617343;1786642051366;1509;BatteryChange / Akku-Livestand;11;210;–;13-88-FF-FF-5B-C8-00-00-00-01-00;;
617546;1786642051569;150A;MotorUpdate / Motor-Livestand;10;210;0,1;13-88-FF-FF-FF-FF-FF-FF-FF-FF;;
617760;1786642051783;150B;Motor-/Controllerblock;20;210;–;FF-FF-FF-FF-FF-FF-FF-FF-FF-FF-FF-FF-FF-FF-FF-FF-FF-FF-FF-FF;;
617977;1786642052000;150D;Zweite Fahrstatistik;20;210;–;00-DA-00-C0-FF-FF-FF-FF-47-18-FF-FF-FF-FF-FF-FF-FF-FF-00-00;;
619011;1786642053034;1502;Akkuinformationen;16;211;–;47-18-FF-FF-FF-FF-47-18-FF-FF-FF-FF-FF-FF-00-00;;
619437;1786642053460;1505;BikePerformance / Fahrleistung;18;211;–;0A-00-0A-00-FF-FF-00-DA-FF-FF-FF-FF-FF-00-00-00-00-00;;
619640;1786642053663;1506;Trip / Kilometer & Betriebszähler;16;211;7;00-00-1B-69-00-02-20-E4-00-00-02-BD-00-00-00-00;;
620055;1786642054078;1508;Settings / Licht & Fahrstufe;17;211;–;00-00-00-02-FF-FF-FF-FF-FF-FF-FF-00-00-00-00-00-00;;
620273;1786642054296;1509;BatteryChange / Akku-Livestand;11;211;0,1,10;17-70-FF-FF-5B-C8-00-00-00-01-33;;
620472;1786642054495;150A;MotorUpdate / Motor-Livestand;10;211;–;13-88-FF-FF-FF-FF-FF-FF-FF-FF;;
620686;1786642054709;150B;Motor-/Controllerblock;20;211;–;FF-FF-FF-FF-FF-FF-FF-FF-FF-FF-FF-FF-FF-FF-FF-FF-FF-FF-FF-FF;;
620900;1786642054923;150D;Zweite Fahrstatistik;20;211;–;00-DA-00-C0-FF-FF-FF-FF-47-18-FF-FF-FF-FF-FF-FF-FF-FF-00-00;;
621935;1786642055958;1502;Akkuinformationen;16;212;–;47-18-FF-FF-FF-FF-47-18-FF-FF-FF-FF-FF-FF-00-00;;
622351;1786642056374;1505;BikePerformance / Fahrleistung;18;212;–;0A-00-0A-00-FF-FF-00-DA-FF-FF-FF-FF-FF-00-00-00-00-00;;
622565;1786642056588;1506;Trip / Kilometer & Betriebszähler;16;212;7;00-00-1B-69-00-02-20-E7-00-00-02-BD-00-00-00-00;;
622981;1786642057004;1508;Settings / Licht & Fahrstufe;17;212;–;00-00-00-02-FF-FF-FF-FF-FF-FF-FF-00-00-00-00-00-00;;
623193;1786642057216;1509;BatteryChange / Akku-Livestand;11;212;0,1,6,10;13-88-FF-FF-5B-C8-64-00-00-01-00;;
623397;1786642057420;150A;MotorUpdate / Motor-Livestand;10;212;–;13-88-FF-FF-FF-FF-FF-FF-FF-FF;;
623610;1786642057633;150B;Motor-/Controllerblock;20;212;–;FF-FF-FF-FF-FF-FF-FF-FF-FF-FF-FF-FF-FF-FF-FF-FF-FF-FF-FF-FF;;
623813;1786642057836;150D;Zweite Fahrstatistik;20;212;–;00-DA-00-C0-FF-FF-FF-FF-47-18-FF-FF-FF-FF-FF-FF-FF-FF-00-00;;
624861;1786642058884;1502;Akkuinformationen;16;213;–;47-18-FF-FF-FF-FF-47-18-FF-FF-FF-FF-FF-FF-00-00;;
625276;1786642059299;1505;BikePerformance / Fahrleistung;18;213;0,1,2,3;08-02-08-02-FF-FF-00-DA-FF-FF-FF-FF-FF-00-00-00-00-00;;
625490;1786642059513;1506;Trip / Kilometer & Betriebszähler;16;213;7;00-00-1B-69-00-02-20-EA-00-00-02-BD-00-00-00-00;;
625906;1786642059929;1508;Settings / Licht & Fahrstufe;17;213;–;00-00-00-02-FF-FF-FF-FF-FF-FF-FF-00-00-00-00-00-00;;
626110;1786642060133;1509;BatteryChange / Akku-Livestand;11;213;0,1,9,10;0B-B8-FF-FF-5B-C8-64-00-00-00-9A;;
626322;1786642060345;150A;MotorUpdate / Motor-Livestand;10;213;0,1;0F-A0-FF-FF-FF-FF-FF-FF-FF-FF;;
626537;1786642060560;150B;Motor-/Controllerblock;20;213;–;FF-FF-FF-FF-FF-FF-FF-FF-FF-FF-FF-FF-FF-FF-FF-FF-FF-FF-FF-FF;;
626740;1786642060763;150D;Zweite Fahrstatistik;20;213;–;00-DA-00-C0-FF-FF-FF-FF-47-18-FF-FF-FF-FF-FF-FF-FF-FF-00-00;;
627785;1786642061808;1502;Akkuinformationen;16;214;–;47-18-FF-FF-FF-FF-47-18-FF-FF-FF-FF-FF-FF-00-00;;
628202;1786642062225;1505;BikePerformance / Fahrleistung;18;214;–;08-02-08-02-FF-FF-00-DA-FF-FF-FF-FF-FF-00-00-00-00-00;;
628415;1786642062438;1506;Trip / Kilometer & Betriebszähler;16;214;3,7;00-00-1B-6A-00-02-20-ED-00-00-02-BD-00-00-00-00;;
628834;1786642062857;1508;Settings / Licht & Fahrstufe;17;214;–;00-00-00-02-FF-FF-FF-FF-FF-FF-FF-00-00-00-00-00-00;;
629034;1786642063057;1509;BatteryChange / Akku-Livestand;11;214;0,1,10;0F-A0-FF-FF-5B-C8-64-00-00-00-CD;;
629248;1786642063271;150A;MotorUpdate / Motor-Livestand;10;214;–;0F-A0-FF-FF-FF-FF-FF-FF-FF-FF;;
629450;1786642063473;150B;Motor-/Controllerblock;20;214;–;FF-FF-FF-FF-FF-FF-FF-FF-FF-FF-FF-FF-FF-FF-FF-FF-FF-FF-FF-FF;;
629665;1786642063688;150D;Zweite Fahrstatistik;20;214;–;00-DA-00-C0-FF-FF-FF-FF-47-18-FF-FF-FF-FF-FF-FF-FF-FF-00-00;;
630712;1786642064735;1502;Akkuinformationen;16;215;–;47-18-FF-FF-FF-FF-47-18-FF-FF-FF-FF-FF-FF-00-00;;
631127;1786642065150;1505;BikePerformance / Fahrleistung;18;215;–;08-02-08-02-FF-FF-00-DA-FF-FF-FF-FF-FF-00-00-00-00-00;;
631328;1786642065351;1506;Trip / Kilometer & Betriebszähler;16;215;7;00-00-1B-6A-00-02-20-F0-00-00-02-BD-00-00-00-00;;
631756;1786642065779;1508;Settings / Licht & Fahrstufe;17;215;–;00-00-00-02-FF-FF-FF-FF-FF-FF-FF-00-00-00-00-00-00;;
631960;1786642065983;1509;BatteryChange / Akku-Livestand;11;215;0,1,6,10;0B-B8-FF-FF-5B-C8-C8-00-00-00-9A;;
632173;1786642066196;150A;MotorUpdate / Motor-Livestand;10;215;0,1;0B-B8-FF-FF-FF-FF-FF-FF-FF-FF;;
632377;1786642066400;150B;Motor-/Controllerblock;20;215;–;FF-FF-FF-FF-FF-FF-FF-FF-FF-FF-FF-FF-FF-FF-FF-FF-FF-FF-FF-FF;;
632589;1786642066612;150D;Zweite Fahrstatistik;20;215;–;00-DA-00-C0-FF-FF-FF-FF-47-18-FF-FF-FF-FF-FF-FF-FF-FF-00-00;;
633636;1786642067659;1502;Akkuinformationen;16;216;–;47-18-FF-FF-FF-FF-47-18-FF-FF-FF-FF-FF-FF-00-00;;
634051;1786642068074;1505;BikePerformance / Fahrleistung;18;216;–;08-02-08-02-FF-FF-00-DA-FF-FF-FF-FF-FF-00-00-00-00-00;;
634257;1786642068280;1506;Trip / Kilometer & Betriebszähler;16;216;7;00-00-1B-6A-00-02-20-F3-00-00-02-BD-00-00-00-00;;
634673;1786642068696;1508;Settings / Licht & Fahrstufe;17;216;–;00-00-00-02-FF-FF-FF-FF-FF-FF-FF-00-00-00-00-00-00;;
634885;1786642068908;1509;BatteryChange / Akku-Livestand;11;216;0,1,6,10;0F-A0-FF-FF-5B-C8-64-00-00-00-CD;;
635087;1786642069110;150A;MotorUpdate / Motor-Livestand;10;216;0,1;0F-A0-FF-FF-FF-FF-FF-FF-FF-FF;;
635301;1786642069324;150B;Motor-/Controllerblock;20;216;–;FF-FF-FF-FF-FF-FF-FF-FF-FF-FF-FF-FF-FF-FF-FF-FF-FF-FF-FF-FF;;
635516;1786642069539;150D;Zweite Fahrstatistik;20;216;–;00-DA-00-C0-FF-FF-FF-FF-47-18-FF-FF-FF-FF-FF-FF-FF-FF-00-00;;
636551;1786642070574;1502;Akkuinformationen;16;217;–;47-18-FF-FF-FF-FF-47-18-FF-FF-FF-FF-FF-FF-00-00;;
636979;1786642071002;1505;BikePerformance / Fahrleistung;18;217;–;08-02-08-02-FF-FF-00-DA-FF-FF-FF-FF-FF-00-00-00-00-00;;
637180;1786642071203;1506;Trip / Kilometer & Betriebszähler;16;217;7;00-00-1B-6A-00-02-20-F6-00-00-02-BD-00-00-00-00;;
637599;1786642071622;1508;Settings / Licht & Fahrstufe;17;217;–;00-00-00-02-FF-FF-FF-FF-FF-FF-FF-00-00-00-00-00-00;;
637811;1786642071834;1509;BatteryChange / Akku-Livestand;11;217;–;0F-A0-FF-FF-5B-C8-64-00-00-00-CD;;
638012;1786642072035;150A;MotorUpdate / Motor-Livestand;10;217;–;0F-A0-FF-FF-FF-FF-FF-FF-FF-FF;;
638227;1786642072250;150B;Motor-/Controllerblock;20;217;–;FF-FF-FF-FF-FF-FF-FF-FF-FF-FF-FF-FF-FF-FF-FF-FF-FF-FF-FF-FF;;
638429;1786642072452;150D;Zweite Fahrstatistik;20;217;–;00-DA-00-C0-FF-FF-FF-FF-47-18-FF-FF-FF-FF-FF-FF-FF-FF-00-00;;
639476;1786642073499;1502;Akkuinformationen;16;218;–;47-18-FF-FF-FF-FF-47-18-FF-FF-FF-FF-FF-FF-00-00;;
639891;1786642073914;1505;BikePerformance / Fahrleistung;18;218;0,1,2,3;06-04-06-04-FF-FF-00-DA-FF-FF-FF-FF-FF-00-00-00-00-00;;
640106;1786642074129;1506;Trip / Kilometer & Betriebszähler;16;218;7;00-00-1B-6A-00-02-20-F9-00-00-02-BD-00-00-00-00;;
640522;1786642074545;1508;Settings / Licht & Fahrstufe;17;218;–;00-00-00-02-FF-FF-FF-FF-FF-FF-FF-00-00-00-00-00-00;;
640736;1786642074759;1509;BatteryChange / Akku-Livestand;11;218;0,1,6,10;0B-B8-FF-FF-5B-C8-C8-00-00-00-9A;;
640936;1786642074959;150A;MotorUpdate / Motor-Livestand;10;218;0,1;0B-B8-FF-FF-FF-FF-FF-FF-FF-FF;;
641152;1786642075175;150B;Motor-/Controllerblock;20;218;–;FF-FF-FF-FF-FF-FF-FF-FF-FF-FF-FF-FF-FF-FF-FF-FF-FF-FF-FF-FF;;
641354;1786642075377;150D;Zweite Fahrstatistik;20;218;3;00-DA-00-C2-FF-FF-FF-FF-47-18-FF-FF-FF-FF-FF-FF-FF-FF-00-00;;
642401;1786642076424;1502;Akkuinformationen;16;219;–;47-18-FF-FF-FF-FF-47-18-FF-FF-FF-FF-FF-FF-00-00;;
642816;1786642076839;1505;BikePerformance / Fahrleistung;18;219;–;06-04-06-04-FF-FF-00-DA-FF-FF-FF-FF-FF-00-00-00-00-00;;
643030;1786642077053;1506;Trip / Kilometer & Betriebszähler;16;219;3,7;00-00-1B-6B-00-02-20-FC-00-00-02-BD-00-00-00-00;;
643458;1786642077481;1508;Settings / Licht & Fahrstufe;17;219;–;00-00-00-02-FF-FF-FF-FF-FF-FF-FF-00-00-00-00-00-00;;
643650;1786642077673;1509;BatteryChange / Akku-Livestand;11;219;0,1,5,6,10;0F-A0-FF-FF-5B-C9-2C-00-00-00-CE;;
643862;1786642077885;150A;MotorUpdate / Motor-Livestand;10;219;–;0B-B8-FF-FF-FF-FF-FF-FF-FF-FF;;
644076;1786642078099;150B;Motor-/Controllerblock;20;219;–;FF-FF-FF-FF-FF-FF-FF-FF-FF-FF-FF-FF-FF-FF-FF-FF-FF-FF-FF-FF;;
644278;1786642078301;150D;Zweite Fahrstatistik;20;219;–;00-DA-00-C2-FF-FF-FF-FF-47-18-FF-FF-FF-FF-FF-FF-FF-FF-00-00;;
645327;1786642079350;1502;Akkuinformationen;16;220;–;47-18-FF-FF-FF-FF-47-18-FF-FF-FF-FF-FF-FF-00-00;;
645744;1786642079767;1505;BikePerformance / Fahrleistung;18;220;–;06-04-06-04-FF-FF-00-DA-FF-FF-FF-FF-FF-00-00-00-00-00;;
645956;1786642079979;1506;Trip / Kilometer & Betriebszähler;16;220;7;00-00-1B-6B-00-02-20-FF-00-00-02-BD-00-00-00-00;;
646374;1786642080397;1508;Settings / Licht & Fahrstufe;17;220;–;00-00-00-02-FF-FF-FF-FF-FF-FF-FF-00-00-00-00-00-00;;
646598;1786642080621;1509;BatteryChange / Akku-Livestand;11;220;0,1,6,10;0B-B8-FF-FF-5B-C9-90-00-00-00-9A;;
646789;1786642080812;150A;MotorUpdate / Motor-Livestand;10;220;–;0B-B8-FF-FF-FF-FF-FF-FF-FF-FF;;
647014;1786642081037;150B;Motor-/Controllerblock;20;220;–;FF-FF-FF-FF-FF-FF-FF-FF-FF-FF-FF-FF-FF-FF-FF-FF-FF-FF-FF-FF;;
647204;1786642081227;150D;Zweite Fahrstatistik;20;220;–;00-DA-00-C2-FF-FF-FF-FF-47-18-FF-FF-FF-FF-FF-FF-FF-FF-00-00;;
648264;1786642082287;1502;Akkuinformationen;16;221;–;47-18-FF-FF-FF-FF-47-18-FF-FF-FF-FF-FF-FF-00-00;;
648677;1786642082700;1505;BikePerformance / Fahrleistung;18;221;–;06-04-06-04-FF-FF-00-DA-FF-FF-FF-FF-FF-00-00-00-00-00;;
648868;1786642082891;1506;Trip / Kilometer & Betriebszähler;16;221;6,7;00-00-1B-6B-00-02-21-02-00-00-02-BD-00-00-00-00;;
649286;1786642083309;1508;Settings / Licht & Fahrstufe;17;221;–;00-00-00-02-FF-FF-FF-FF-FF-FF-FF-00-00-00-00-00-00;;
649501;1786642083524;1509;BatteryChange / Akku-Livestand;11;221;–;0B-B8-FF-FF-5B-C9-90-00-00-00-9A;;
649712;1786642083735;150A;MotorUpdate / Motor-Livestand;10;221;–;0B-B8-FF-FF-FF-FF-FF-FF-FF-FF;;
649924;1786642083947;150B;Motor-/Controllerblock;20;221;–;FF-FF-FF-FF-FF-FF-FF-FF-FF-FF-FF-FF-FF-FF-FF-FF-FF-FF-FF-FF;;
650131;1786642084154;150D;Zweite Fahrstatistik;20;221;–;00-DA-00-C2-FF-FF-FF-FF-47-18-FF-FF-FF-FF-FF-FF-FF-FF-00-00;;
651164;1786642085187;1502;Akkuinformationen;16;222;–;47-18-FF-FF-FF-FF-47-18-FF-FF-FF-FF-FF-FF-00-00;;
651594;1786642085617;1505;BikePerformance / Fahrleistung;18;222;0,1,2,3;08-02-08-02-FF-FF-00-DA-FF-FF-FF-FF-FF-00-00-00-00-00;;
651794;1786642085817;1506;Trip / Kilometer & Betriebszähler;16;222;7;00-00-1B-6B-00-02-21-05-00-00-02-BD-00-00-00-00;;
652212;1786642086235;1508;Settings / Licht & Fahrstufe;17;222;–;00-00-00-02-FF-FF-FF-FF-FF-FF-FF-00-00-00-00-00-00;;
652425;1786642086448;1509;BatteryChange / Akku-Livestand;11;222;6;0B-B8-FF-FF-5B-C9-2C-00-00-00-9A;;
652628;1786642086651;150A;MotorUpdate / Motor-Livestand;10;222;0,1;0F-A0-FF-FF-FF-FF-FF-FF-FF-FF;;
652840;1786642086863;150B;Motor-/Controllerblock;20;222;–;FF-FF-FF-FF-FF-FF-FF-FF-FF-FF-FF-FF-FF-FF-FF-FF-FF-FF-FF-FF;;
653053;1786642087076;150D;Zweite Fahrstatistik;20;222;–;00-DA-00-C2-FF-FF-FF-FF-47-18-FF-FF-FF-FF-FF-FF-FF-FF-00-00;;
654090;1786642088113;1502;Akkuinformationen;16;223;–;47-18-FF-FF-FF-FF-47-18-FF-FF-FF-FF-FF-FF-00-00;;
654506;1786642088529;1505;BikePerformance / Fahrleistung;18;223;0,1,2,3;05-FA-05-FA-FF-FF-00-DA-FF-FF-FF-FF-FF-00-00-00-00-00;;
654721;1786642088744;1506;Trip / Kilometer & Betriebszähler;16;223;7;00-00-1B-6B-00-02-21-08-00-00-02-BD-00-00-00-00;;
655136;1786642089159;1508;Settings / Licht & Fahrstufe;17;223;–;00-00-00-02-FF-FF-FF-FF-FF-FF-FF-00-00-00-00-00-00;;
655349;1786642089372;1509;BatteryChange / Akku-Livestand;11;223;0,1,10;0F-A0-FF-FF-5B-C9-2C-00-00-00-CD;;
655553;1786642089576;150A;MotorUpdate / Motor-Livestand;10;223;0,1;0B-B8-FF-FF-FF-FF-FF-FF-FF-FF;;
655768;1786642089791;150B;Motor-/Controllerblock;20;223;–;FF-FF-FF-FF-FF-FF-FF-FF-FF-FF-FF-FF-FF-FF-FF-FF-FF-FF-FF-FF;;
655969;1786642089992;150D;Zweite Fahrstatistik;20;223;–;00-DA-00-C2-FF-FF-FF-FF-47-18-FF-FF-FF-FF-FF-FF-FF-FF-00-00;;
657015;1786642091038;1502;Akkuinformationen;16;224;–;47-18-FF-FF-FF-FF-47-18-FF-FF-FF-FF-FF-FF-00-00;;
657431;1786642091454;1505;BikePerformance / Fahrleistung;18;224;0,1,2,3;06-04-06-04-FF-FF-00-DA-FF-FF-FF-FF-FF-00-00-00-00-00;;
657646;1786642091669;1506;Trip / Kilometer & Betriebszähler;16;224;7;00-00-1B-6B-00-02-21-0B-00-00-02-BD-00-00-00-00;;
658061;1786642092084;1508;Settings / Licht & Fahrstufe;17;224;–;00-00-00-02-FF-FF-FF-FF-FF-FF-FF-00-00-00-00-00-00;;
658263;1786642092286;1509;BatteryChange / Akku-Livestand;11;224;10;0F-A0-FF-FF-5B-C9-2C-00-00-00-CE;;
658479;1786642092502;150A;MotorUpdate / Motor-Livestand;10;224;–;0B-B8-FF-FF-FF-FF-FF-FF-FF-FF;;
658703;1786642092726;150B;Motor-/Controllerblock;20;224;–;FF-FF-FF-FF-FF-FF-FF-FF-FF-FF-FF-FF-FF-FF-FF-FF-FF-FF-FF-FF;;
658893;1786642092916;150D;Zweite Fahrstatistik;20;224;–;00-DA-00-C2-FF-FF-FF-FF-47-18-FF-FF-FF-FF-FF-FF-FF-FF-00-00;;
659940;1786642093963;1502;Akkuinformationen;16;225;–;47-18-FF-FF-FF-FF-47-18-FF-FF-FF-FF-FF-FF-00-00;;
660356;1786642094379;1505;BikePerformance / Fahrleistung;18;225;0,1,2,3;08-0C-08-0C-FF-FF-00-DA-FF-FF-FF-FF-FF-00-00-00-00-00;;
660569;1786642094592;1506;Trip / Kilometer & Betriebszähler;16;225;3,7,11;00-00-1B-6C-00-02-21-0E-00-00-02-BE-00-00-00-00;;
660985;1786642095008;1508;Settings / Licht & Fahrstufe;17;225;–;00-00-00-02-FF-FF-FF-FF-FF-FF-FF-00-00-00-00-00-00;;
661191;1786642095214;1509;BatteryChange / Akku-Livestand;11;225;0,1,5,6,10;0B-B8-FF-FF-5B-C8-C8-00-00-00-9A;;
661403;1786642095426;150A;MotorUpdate / Motor-Livestand;10;225;–;0B-B8-FF-FF-FF-FF-FF-FF-FF-FF;;
661606;1786642095629;150B;Motor-/Controllerblock;20;225;–;FF-FF-FF-FF-FF-FF-FF-FF-FF-FF-FF-FF-FF-FF-FF-FF-FF-FF-FF-FF;;
661818;1786642095841;150D;Zweite Fahrstatistik;20;225;–;00-DA-00-C2-FF-FF-FF-FF-47-18-FF-FF-FF-FF-FF-FF-FF-FF-00-00;;
662865;1786642096888;1502;Akkuinformationen;16;226;–;47-18-FF-FF-FF-FF-47-18-FF-FF-FF-FF-FF-FF-00-00;;
663282;1786642097305;1505;BikePerformance / Fahrleistung;18;226;0,1,2,3;06-04-06-04-FF-FF-00-DA-FF-FF-FF-FF-FF-00-00-00-00-00;;
663485;1786642097508;1506;Trip / Kilometer & Betriebszähler;16;226;7;00-00-1B-6C-00-02-21-11-00-00-02-BE-00-00-00-00;;
663911;1786642097934;1508;Settings / Licht & Fahrstufe;17;226;–;00-00-00-02-FF-FF-FF-FF-FF-FF-FF-00-00-00-00-00-00;;
664115;1786642098138;1509;BatteryChange / Akku-Livestand;11;226;0,1,5,6,10;07-D0-FF-FF-5B-C9-2C-00-00-00-67;;
664327;1786642098350;150A;MotorUpdate / Motor-Livestand;10;226;0,1;07-D0-FF-FF-FF-FF-FF-FF-FF-FF;;
664529;1786642098552;150B;Motor-/Controllerblock;20;226;–;FF-FF-FF-FF-FF-FF-FF-FF-FF-FF-FF-FF-FF-FF-FF-FF-FF-FF-FF-FF;;
664743;1786642098766;150D;Zweite Fahrstatistik;20;226;–;00-DA-00-C2-FF-FF-FF-FF-47-18-FF-FF-FF-FF-FF-FF-FF-FF-00-00;;
665790;1786642099813;1502;Akkuinformationen;16;227;–;47-18-FF-FF-FF-FF-47-18-FF-FF-FF-FF-FF-FF-00-00;;
666206;1786642100229;1505;BikePerformance / Fahrleistung;18;227;0,1,2,3;03-FC-03-FC-FF-FF-00-DA-FF-FF-FF-FF-FF-00-00-00-00-00;;
666409;1786642100432;1506;Trip / Kilometer & Betriebszähler;16;227;7;00-00-1B-6C-00-02-21-14-00-00-02-BE-00-00-00-00;;
666827;1786642100850;1508;Settings / Licht & Fahrstufe;17;227;–;00-00-00-02-FF-FF-FF-FF-FF-FF-FF-00-00-00-00-00-00;;
667038;1786642101061;1509;BatteryChange / Akku-Livestand;11;227;0,1;0B-B8-FF-FF-5B-C9-2C-00-00-00-67;;
667241;1786642101264;150A;MotorUpdate / Motor-Livestand;10;227;0,1;0B-B8-FF-FF-FF-FF-FF-FF-FF-FF;;
667455;1786642101478;150B;Motor-/Controllerblock;20;227;–;FF-FF-FF-FF-FF-FF-FF-FF-FF-FF-FF-FF-FF-FF-FF-FF-FF-FF-FF-FF;;
667669;1786642101692;150D;Zweite Fahrstatistik;20;227;–;00-DA-00-C2-FF-FF-FF-FF-47-18-FF-FF-FF-FF-FF-FF-FF-FF-00-00;;
668704;1786642102727;1502;Akkuinformationen;16;228;–;47-18-FF-FF-FF-FF-47-18-FF-FF-FF-FF-FF-FF-00-00;;
669121;1786642103144;1505;BikePerformance / Fahrleistung;18;228;0,1,2,3;04-06-04-06-FF-FF-00-DA-FF-FF-FF-FF-FF-00-00-00-00-00;;
669337;1786642103360;1506;Trip / Kilometer & Betriebszähler;16;228;7;00-00-1B-6C-00-02-21-16-00-00-02-BE-00-00-00-00;;
669749;1786642103772;1508;Settings / Licht & Fahrstufe;17;228;–;00-00-00-02-FF-FF-FF-FF-FF-FF-FF-00-00-00-00-00-00;;
669965;1786642103988;1509;BatteryChange / Akku-Livestand;11;228;10;0B-B8-FF-FF-5B-C9-2C-00-00-00-9A;;
670166;1786642104189;150A;MotorUpdate / Motor-Livestand;10;228;–;0B-B8-FF-FF-FF-FF-FF-FF-FF-FF;;
670384;1786642104407;150B;Motor-/Controllerblock;20;228;–;FF-FF-FF-FF-FF-FF-FF-FF-FF-FF-FF-FF-FF-FF-FF-FF-FF-FF-FF-FF;;
670583;1786642104606;150D;Zweite Fahrstatistik;20;228;–;00-DA-00-C2-FF-FF-FF-FF-47-18-FF-FF-FF-FF-FF-FF-FF-FF-00-00;;
671629;1786642105652;1502;Akkuinformationen;16;229;–;47-18-FF-FF-FF-FF-47-18-FF-FF-FF-FF-FF-FF-00-00;;
672044;1786642106067;1505;BikePerformance / Fahrleistung;18;229;–;04-06-04-06-FF-FF-00-DA-FF-FF-FF-FF-FF-00-00-00-00-00;;
672258;1786642106281;1506;Trip / Kilometer & Betriebszähler;16;229;7;00-00-1B-6C-00-02-21-19-00-00-02-BE-00-00-00-00;;
672676;1786642106699;1508;Settings / Licht & Fahrstufe;17;229;–;00-00-00-02-FF-FF-FF-FF-FF-FF-FF-00-00-00-00-00-00;;
672883;1786642106906;1509;BatteryChange / Akku-Livestand;11;229;0,1,6,10;07-D0-FF-FF-5B-C9-90-00-00-00-67;;
673091;1786642107114;150A;MotorUpdate / Motor-Livestand;10;229;0,1;07-D0-FF-FF-FF-FF-FF-FF-FF-FF;;
673306;1786642107329;150B;Motor-/Controllerblock;20;229;–;FF-FF-FF-FF-FF-FF-FF-FF-FF-FF-FF-FF-FF-FF-FF-FF-FF-FF-FF-FF;;
673510;1786642107533;150D;Zweite Fahrstatistik;20;229;3;00-DA-00-C3-FF-FF-FF-FF-47-18-FF-FF-FF-FF-FF-FF-FF-FF-00-00;;
674554;1786642108577;1502;Akkuinformationen;16;230;–;47-18-FF-FF-FF-FF-47-18-FF-FF-FF-FF-FF-FF-00-00;;
674971;1786642108994;1505;BikePerformance / Fahrleistung;18;230;–;04-06-04-06-FF-FF-00-DA-FF-FF-FF-FF-FF-00-00-00-00-00;;
675185;1786642109208;1506;Trip / Kilometer & Betriebszähler;16;230;3,7;00-00-1B-6D-00-02-21-1C-00-00-02-BE-00-00-00-00;;
675601;1786642109624;1508;Settings / Licht & Fahrstufe;17;230;–;00-00-00-02-FF-FF-FF-FF-FF-FF-FF-00-00-00-00-00-00;;
675804;1786642109827;1509;BatteryChange / Akku-Livestand;11;230;6;07-D0-FF-FF-5B-C9-2C-00-00-00-67;;
676017;1786642110040;150A;MotorUpdate / Motor-Livestand;10;230;–;07-D0-FF-FF-FF-FF-FF-FF-FF-FF;;
676220;1786642110243;150B;Motor-/Controllerblock;20;230;–;FF-FF-FF-FF-FF-FF-FF-FF-FF-FF-FF-FF-FF-FF-FF-FF-FF-FF-FF-FF;;
676433;1786642110456;150D;Zweite Fahrstatistik;20;230;–;00-DA-00-C3-FF-FF-FF-FF-47-18-FF-FF-FF-FF-FF-FF-FF-FF-00-00;;
677481;1786642111504;1502;Akkuinformationen;16;231;–;47-18-FF-FF-FF-FF-47-18-FF-FF-FF-FF-FF-FF-00-00;;
677896;1786642111919;1505;BikePerformance / Fahrleistung;18;231;–;04-06-04-06-FF-FF-00-DA-FF-FF-FF-FF-FF-00-00-00-00-00;;
678098;1786642112121;1506;Trip / Kilometer & Betriebszähler;16;231;7;00-00-1B-6D-00-02-21-1F-00-00-02-BE-00-00-00-00;;
678526;1786642112549;1508;Settings / Licht & Fahrstufe;17;231;–;00-00-00-02-FF-FF-FF-FF-FF-FF-FF-00-00-00-00-00-00;;
678728;1786642112751;1509;BatteryChange / Akku-Livestand;11;231;–;07-D0-FF-FF-5B-C9-2C-00-00-00-67;;
678945;1786642112968;150A;MotorUpdate / Motor-Livestand;10;231;–;07-D0-FF-FF-FF-FF-FF-FF-FF-FF;;
679145;1786642113168;150B;Motor-/Controllerblock;20;231;–;FF-FF-FF-FF-FF-FF-FF-FF-FF-FF-FF-FF-FF-FF-FF-FF-FF-FF-FF-FF;;
679358;1786642113381;150D;Zweite Fahrstatistik;20;231;–;00-DA-00-C3-FF-FF-FF-FF-47-18-FF-FF-FF-FF-FF-FF-FF-FF-00-00;;
680406;1786642114429;1502;Akkuinformationen;16;232;–;47-18-FF-FF-FF-FF-47-18-FF-FF-FF-FF-FF-FF-00-00;;
680821;1786642114844;1505;BikePerformance / Fahrleistung;18;232;–;04-06-04-06-FF-FF-00-DA-FF-FF-FF-FF-FF-00-00-00-00-00;;
681024;1786642115047;1506;Trip / Kilometer & Betriebszähler;16;232;7;00-00-1B-6D-00-02-21-22-00-00-02-BE-00-00-00-00;;
681440;1786642115463;1508;Settings / Licht & Fahrstufe;17;232;–;00-00-00-02-FF-FF-FF-FF-FF-FF-FF-00-00-00-00-00-00;;
681654;1786642115677;1509;BatteryChange / Akku-Livestand;11;232;0,1,6,10;03-E8-FF-FF-5B-C9-F4-00-00-00-33;;
681858;1786642115881;150A;MotorUpdate / Motor-Livestand;10;232;–;07-D0-FF-FF-FF-FF-FF-FF-FF-FF;;
682070;1786642116093;150B;Motor-/Controllerblock;20;232;–;FF-FF-FF-FF-FF-FF-FF-FF-FF-FF-FF-FF-FF-FF-FF-FF-FF-FF-FF-FF;;
682283;1786642116306;150D;Zweite Fahrstatistik;20;232;–;00-DA-00-C3-FF-FF-FF-FF-47-18-FF-FF-FF-FF-FF-FF-FF-FF-00-00;;
683318;1786642117341;1502;Akkuinformationen;16;233;–;47-18-FF-FF-FF-FF-47-18-FF-FF-FF-FF-FF-FF-00-00;;
683746;1786642117769;1505;BikePerformance / Fahrleistung;18;233;0,1,2,3;01-FE-01-FE-FF-FF-00-DA-FF-FF-FF-FF-FF-00-00-00-00-00;;
683949;1786642117972;1506;Trip / Kilometer & Betriebszähler;16;233;7;00-00-1B-6D-00-02-21-25-00-00-02-BE-00-00-00-00;;
684365;1786642118388;1508;Settings / Licht & Fahrstufe;17;233;–;00-00-00-02-FF-FF-FF-FF-FF-FF-FF-00-00-00-00-00-00;;
684579;1786642118602;1509;BatteryChange / Akku-Livestand;11;233;4,6;03-E8-FF-FF-57-C9-90-00-00-00-33;;
684783;1786642118806;150A;MotorUpdate / Motor-Livestand;10;233;0,1;03-E8-FF-FF-FF-FF-FF-FF-FF-FF;;
684995;1786642119018;150B;Motor-/Controllerblock;20;233;–;FF-FF-FF-FF-FF-FF-FF-FF-FF-FF-FF-FF-FF-FF-FF-FF-FF-FF-FF-FF;;
685197;1786642119220;150D;Zweite Fahrstatistik;20;233;–;00-DA-00-C3-FF-FF-FF-FF-47-18-FF-FF-FF-FF-FF-FF-FF-FF-00-00;;
686245;1786642120268;1502;Akkuinformationen;16;234;–;47-18-FF-FF-FF-FF-47-18-FF-FF-FF-FF-FF-FF-00-00;;
686662;1786642120685;1505;BikePerformance / Fahrleistung;18;234;0,1,2,3;04-06-04-06-FF-FF-00-DA-FF-FF-FF-FF-FF-00-00-00-00-00;;
686876;1786642120899;1506;Trip / Kilometer & Betriebszähler;16;234;7;00-00-1B-6D-00-02-21-28-00-00-02-BE-00-00-00-00;;
687302;1786642121325;1508;Settings / Licht & Fahrstufe;17;234;–;00-00-00-02-FF-FF-FF-FF-FF-FF-FF-00-00-00-00-00-00;;
687493;1786642121516;1509;BatteryChange / Akku-Livestand;11;234;4,10;03-E8-FF-FF-56-C9-90-00-00-00-67;;
687717;1786642121740;150A;MotorUpdate / Motor-Livestand;10;234;0,1;07-D0-FF-FF-FF-FF-FF-FF-FF-FF;;
687918;1786642121941;150B;Motor-/Controllerblock;20;234;–;FF-FF-FF-FF-FF-FF-FF-FF-FF-FF-FF-FF-FF-FF-FF-FF-FF-FF-FF-FF;;
688134;1786642122157;150D;Zweite Fahrstatistik;20;234;–;00-DA-00-C3-FF-FF-FF-FF-47-18-FF-FF-FF-FF-FF-FF-FF-FF-00-00;;
689170;1786642123193;1502;Akkuinformationen;16;235;–;47-18-FF-FF-FF-FF-47-18-FF-FF-FF-FF-FF-FF-00-00;;
689585;1786642123608;1505;BikePerformance / Fahrleistung;18;235;0,1,2,3;00-00-00-00-FF-FF-00-DA-FF-FF-FF-FF-FF-00-00-00-00-00;;
689800;1786642123823;1506;Trip / Kilometer & Betriebszähler;16;235;7;00-00-1B-6D-00-02-21-2B-00-00-02-BE-00-00-00-00;;
690215;1786642124238;1508;Settings / Licht & Fahrstufe;17;235;–;00-00-00-02-FF-FF-FF-FF-FF-FF-FF-00-00-00-00-00-00;;
690419;1786642124442;1509;BatteryChange / Akku-Livestand;11;235;0,1,5,6,10;00-00-FF-FF-56-CA-58-00-00-00-00;;
690632;1786642124655;150A;MotorUpdate / Motor-Livestand;10;235;0,1;00-00-FF-FF-FF-FF-FF-FF-FF-FF;;
690833;1786642124856;150B;Motor-/Controllerblock;20;235;–;FF-FF-FF-FF-FF-FF-FF-FF-FF-FF-FF-FF-FF-FF-FF-FF-FF-FF-FF-FF;;
691047;1786642125070;150D;Zweite Fahrstatistik;20;235;–;00-DA-00-C3-FF-FF-FF-FF-47-18-FF-FF-FF-FF-FF-FF-FF-FF-00-00;;
692094;1786642126117;1502;Akkuinformationen;16;236;–;47-18-FF-FF-FF-FF-47-18-FF-FF-FF-FF-FF-FF-00-00;;
692512;1786642126535;1505;BikePerformance / Fahrleistung;18;236;–;00-00-00-00-FF-FF-00-DA-FF-FF-FF-FF-FF-00-00-00-00-00;;
692713;1786642126736;1506;Trip / Kilometer & Betriebszähler;16;236;3,7;00-00-1B-6E-00-02-21-2E-00-00-02-BE-00-00-00-00;;
693142;1786642127165;1508;Settings / Licht & Fahrstufe;17;236;–;00-00-00-02-FF-FF-FF-FF-FF-FF-FF-00-00-00-00-00-00;;
693345;1786642127368;1509;BatteryChange / Akku-Livestand;11;236;6;00-00-FF-FF-56-CA-BC-00-00-00-00;;
693556;1786642127579;150A;MotorUpdate / Motor-Livestand;10;236;–;00-00-FF-FF-FF-FF-FF-FF-FF-FF;;
693760;1786642127783;150B;Motor-/Controllerblock;20;236;–;FF-FF-FF-FF-FF-FF-FF-FF-FF-FF-FF-FF-FF-FF-FF-FF-FF-FF-FF-FF;;
693972;1786642127995;150D;Zweite Fahrstatistik;20;236;3;00-DA-00-C4-FF-FF-FF-FF-47-18-FF-FF-FF-FF-FF-FF-FF-FF-00-00;;
695020;1786642129043;1502;Akkuinformationen;16;237;–;47-18-FF-FF-FF-FF-47-18-FF-FF-FF-FF-FF-FF-00-00;;
695436;1786642129459;1505;BikePerformance / Fahrleistung;18;237;–;00-00-00-00-FF-FF-00-DA-FF-FF-FF-FF-FF-00-00-00-00-00;;
695639;1786642129662;1506;Trip / Kilometer & Betriebszähler;16;237;7;00-00-1B-6E-00-02-21-31-00-00-02-BE-00-00-00-00;;
696053;1786642130076;1508;Settings / Licht & Fahrstufe;17;237;–;00-00-00-02-FF-FF-FF-FF-FF-FF-FF-00-00-00-00-00-00;;
696266;1786642130289;1509;BatteryChange / Akku-Livestand;11;237;–;00-00-FF-FF-56-CA-BC-00-00-00-00;;
696469;1786642130492;150A;MotorUpdate / Motor-Livestand;10;237;–;00-00-FF-FF-FF-FF-FF-FF-FF-FF;;
696686;1786642130709;150B;Motor-/Controllerblock;20;237;–;FF-FF-FF-FF-FF-FF-FF-FF-FF-FF-FF-FF-FF-FF-FF-FF-FF-FF-FF-FF;;
696901;1786642130924;150D;Zweite Fahrstatistik;20;237;–;00-DA-00-C4-FF-FF-FF-FF-47-18-FF-FF-FF-FF-FF-FF-FF-FF-00-00;;
697933;1786642131956;1502;Akkuinformationen;16;238;–;47-18-FF-FF-FF-FF-47-18-FF-FF-FF-FF-FF-FF-00-00;;
698359;1786642132382;1505;BikePerformance / Fahrleistung;18;238;–;00-00-00-00-FF-FF-00-DA-FF-FF-FF-FF-FF-00-00-00-00-00;;
698563;1786642132586;1506;Trip / Kilometer & Betriebszähler;16;238;7;00-00-1B-6E-00-02-21-34-00-00-02-BE-00-00-00-00;;
698980;1786642133003;1508;Settings / Licht & Fahrstufe;17;238;–;00-00-00-02-FF-FF-FF-FF-FF-FF-FF-00-00-00-00-00-00;;
699196;1786642133219;1509;BatteryChange / Akku-Livestand;11;238;–;00-00-FF-FF-56-CA-BC-00-00-00-00;;
699395;1786642133418;150A;MotorUpdate / Motor-Livestand;10;238;–;00-00-FF-FF-FF-FF-FF-FF-FF-FF;;
699611;1786642133634;150B;Motor-/Controllerblock;20;238;–;FF-FF-FF-FF-FF-FF-FF-FF-FF-FF-FF-FF-FF-FF-FF-FF-FF-FF-FF-FF;;
699814;1786642133837;150D;Zweite Fahrstatistik;20;238;–;00-DA-00-C4-FF-FF-FF-FF-47-18-FF-FF-FF-FF-FF-FF-FF-FF-00-00;;
700858;1786642134881;1502;Akkuinformationen;16;239;–;47-18-FF-FF-FF-FF-47-18-FF-FF-FF-FF-FF-FF-00-00;;
701274;1786642135297;1505;BikePerformance / Fahrleistung;18;239;–;00-00-00-00-FF-FF-00-DA-FF-FF-FF-FF-FF-00-00-00-00-00;;
701488;1786642135511;1506;Trip / Kilometer & Betriebszähler;16;239;7;00-00-1B-6E-00-02-21-37-00-00-02-BE-00-00-00-00;;
701904;1786642135927;1508;Settings / Licht & Fahrstufe;17;239;–;00-00-00-02-FF-FF-FF-FF-FF-FF-FF-00-00-00-00-00-00;;
702119;1786642136142;1509;BatteryChange / Akku-Livestand;11;239;–;00-00-FF-FF-56-CA-BC-00-00-00-00;;
702321;1786642136344;150A;MotorUpdate / Motor-Livestand;10;239;–;00-00-FF-FF-FF-FF-FF-FF-FF-FF;;
702536;1786642136559;150B;Motor-/Controllerblock;20;239;–;FF-FF-FF-FF-FF-FF-FF-FF-FF-FF-FF-FF-FF-FF-FF-FF-FF-FF-FF-FF;;
702736;1786642136759;150D;Zweite Fahrstatistik;20;239;–;00-DA-00-C4-FF-FF-FF-FF-47-18-FF-FF-FF-FF-FF-FF-FF-FF-00-00;;
703783;1786642137806;1502;Akkuinformationen;16;240;–;47-18-FF-FF-FF-FF-47-18-FF-FF-FF-FF-FF-FF-00-00;;
704200;1786642138223;1505;BikePerformance / Fahrleistung;18;240;–;00-00-00-00-FF-FF-00-DA-FF-FF-FF-FF-FF-00-00-00-00-00;;
704414;1786642138437;1506;Trip / Kilometer & Betriebszähler;16;240;7;00-00-1B-6E-00-02-21-3A-00-00-02-BE-00-00-00-00;;
704829;1786642138852;1508;Settings / Licht & Fahrstufe;17;240;–;00-00-00-02-FF-FF-FF-FF-FF-FF-FF-00-00-00-00-00-00;;
705033;1786642139056;1509;BatteryChange / Akku-Livestand;11;240;–;00-00-FF-FF-56-CA-BC-00-00-00-00;;
705245;1786642139268;150A;MotorUpdate / Motor-Livestand;10;240;–;00-00-FF-FF-FF-FF-FF-FF-FF-FF;;
705460;1786642139483;150B;Motor-/Controllerblock;20;240;–;FF-FF-FF-FF-FF-FF-FF-FF-FF-FF-FF-FF-FF-FF-FF-FF-FF-FF-FF-FF;;
705662;1786642139685;150D;Zweite Fahrstatistik;20;240;–;00-DA-00-C4-FF-FF-FF-FF-47-18-FF-FF-FF-FF-FF-FF-FF-FF-00-00;;
706709;1786642140732;1502;Akkuinformationen;16;241;–;47-18-FF-FF-FF-FF-47-18-FF-FF-FF-FF-FF-FF-00-00;;
707137;1786642141160;1505;BikePerformance / Fahrleistung;18;241;–;00-00-00-00-FF-FF-00-DA-FF-FF-FF-FF-FF-00-00-00-00-00;;
707338;1786642141361;1506;Trip / Kilometer & Betriebszähler;16;241;3,7;00-00-1B-6F-00-02-21-3D-00-00-02-BE-00-00-00-00;;
707754;1786642141777;1508;Settings / Licht & Fahrstufe;17;241;–;00-00-00-02-FF-FF-FF-FF-FF-FF-FF-00-00-00-00-00-00;;
707968;1786642141991;1509;BatteryChange / Akku-Livestand;11;241;–;00-00-FF-FF-56-CA-BC-00-00-00-00;;
708172;1786642142195;150A;MotorUpdate / Motor-Livestand;10;241;–;00-00-FF-FF-FF-FF-FF-FF-FF-FF;;
708397;1786642142420;150B;Motor-/Controllerblock;20;241;–;FF-FF-FF-FF-FF-FF-FF-FF-FF-FF-FF-FF-FF-FF-FF-FF-FF-FF-FF-FF;;
708587;1786642142610;150D;Zweite Fahrstatistik;20;241;3;00-DA-00-C5-FF-FF-FF-FF-47-18-FF-FF-FF-FF-FF-FF-FF-FF-00-00;;
709635;1786642143658;1502;Akkuinformationen;16;242;–;47-18-FF-FF-FF-FF-47-18-FF-FF-FF-FF-FF-FF-00-00;;
710059;1786642144082;1505;BikePerformance / Fahrleistung;18;242;–;00-00-00-00-FF-FF-00-DA-FF-FF-FF-FF-FF-00-00-00-00-00;;
710253;1786642144276;1506;Trip / Kilometer & Betriebszähler;16;242;7;00-00-1B-6F-00-02-21-40-00-00-02-BE-00-00-00-00;;
710683;1786642144706;1508;Settings / Licht & Fahrstufe;17;242;–;00-00-00-02-FF-FF-FF-FF-FF-FF-FF-00-00-00-00-00-00;;
710883;1786642144906;1509;BatteryChange / Akku-Livestand;11;242;5,6;00-00-FF-FF-56-CB-20-00-00-00-00;;
711096;1786642145119;150A;MotorUpdate / Motor-Livestand;10;242;–;00-00-FF-FF-FF-FF-FF-FF-FF-FF;;
711300;1786642145323;150B;Motor-/Controllerblock;20;242;–;FF-FF-FF-FF-FF-FF-FF-FF-FF-FF-FF-FF-FF-FF-FF-FF-FF-FF-FF-FF;;
711512;1786642145535;150D;Zweite Fahrstatistik;20;242;–;00-DA-00-C5-FF-FF-FF-FF-47-18-FF-FF-FF-FF-FF-FF-FF-FF-00-00;;
712563;1786642146586;1502;Akkuinformationen;16;243;–;47-18-FF-FF-FF-FF-47-18-FF-FF-FF-FF-FF-FF-00-00;;
712976;1786642146999;1505;BikePerformance / Fahrleistung;18;243;–;00-00-00-00-FF-FF-00-DA-FF-FF-FF-FF-FF-00-00-00-00-00;;
713178;1786642147201;1506;Trip / Kilometer & Betriebszähler;16;243;7;00-00-1B-6F-00-02-21-43-00-00-02-BE-00-00-00-00;;
713595;1786642147618;1508;Settings / Licht & Fahrstufe;17;243;–;00-00-00-02-FF-FF-FF-FF-FF-FF-FF-00-00-00-00-00-00;;
713808;1786642147831;1509;BatteryChange / Akku-Livestand;11;243;5,6;00-00-FF-FF-56-CA-BC-00-00-00-00;;
714020;1786642148043;150A;MotorUpdate / Motor-Livestand;10;243;–;00-00-FF-FF-FF-FF-FF-FF-FF-FF;;
714224;1786642148247;150B;Motor-/Controllerblock;20;243;–;FF-FF-FF-FF-FF-FF-FF-FF-FF-FF-FF-FF-FF-FF-FF-FF-FF-FF-FF-FF;;
714438;1786642148461;150D;Zweite Fahrstatistik;20;243;–;00-DA-00-C5-FF-FF-FF-FF-47-18-FF-FF-FF-FF-FF-FF-FF-FF-00-00;;
715473;1786642149496;1502;Akkuinformationen;16;244;–;47-18-FF-FF-FF-FF-47-18-FF-FF-FF-FF-FF-FF-00-00;;
715889;1786642149912;1505;BikePerformance / Fahrleistung;18;244;–;00-00-00-00-FF-FF-00-DA-FF-FF-FF-FF-FF-00-00-00-00-00;;
716114;1786642150137;1506;Trip / Kilometer & Betriebszähler;16;244;7;00-00-1B-6F-00-02-21-45-00-00-02-BE-00-00-00-00;;
716520;1786642150543;1508;Settings / Licht & Fahrstufe;17;244;–;00-00-00-02-FF-FF-FF-FF-FF-FF-FF-00-00-00-00-00-00;;
716735;1786642150758;1509;BatteryChange / Akku-Livestand;11;244;5,6;00-00-FF-FF-56-CB-20-00-00-00-00;;
716936;1786642150959;150A;MotorUpdate / Motor-Livestand;10;244;–;00-00-FF-FF-FF-FF-FF-FF-FF-FF;;
717149;1786642151172;150B;Motor-/Controllerblock;20;244;–;FF-FF-FF-FF-FF-FF-FF-FF-FF-FF-FF-FF-FF-FF-FF-FF-FF-FF-FF-FF;;
717353;1786642151376;150D;Zweite Fahrstatistik;20;244;–;00-DA-00-C5-FF-FF-FF-FF-47-18-FF-FF-FF-FF-FF-FF-FF-FF-00-00;;
718398;1786642152421;1502;Akkuinformationen;16;245;–;47-18-FF-FF-FF-FF-47-18-FF-FF-FF-FF-FF-FF-00-00;;
718813;1786642152836;1505;BikePerformance / Fahrleistung;18;245;–;00-00-00-00-FF-FF-00-DA-FF-FF-FF-FF-FF-00-00-00-00-00;;
719028;1786642153051;1506;Trip / Kilometer & Betriebszähler;16;245;7;00-00-1B-6F-00-02-21-48-00-00-02-BE-00-00-00-00;;
719445;1786642153468;1508;Settings / Licht & Fahrstufe;17;245;–;00-00-00-02-FF-FF-FF-FF-FF-FF-FF-00-00-00-00-00-00;;
719647;1786642153670;1509;BatteryChange / Akku-Livestand;11;245;5,6;00-00-FF-FF-56-CA-BC-00-00-00-00;;
719859;1786642153882;150A;MotorUpdate / Motor-Livestand;10;245;–;00-00-FF-FF-FF-FF-FF-FF-FF-FF;;
720074;1786642154097;150B;Motor-/Controllerblock;20;245;–;FF-FF-FF-FF-FF-FF-FF-FF-FF-FF-FF-FF-FF-FF-FF-FF-FF-FF-FF-FF;;
720280;1786642154303;150D;Zweite Fahrstatistik;20;245;–;00-DA-00-C5-FF-FF-FF-FF-47-18-FF-FF-FF-FF-FF-FF-FF-FF-00-00;;
721324;1786642155347;1502;Akkuinformationen;16;246;–;47-18-FF-FF-FF-FF-47-18-FF-FF-FF-FF-FF-FF-00-00;;
721741;1786642155764;1505;BikePerformance / Fahrleistung;18;246;–;00-00-00-00-FF-FF-00-DA-FF-FF-FF-FF-FF-00-00-00-00-00;;
721953;1786642155976;1506;Trip / Kilometer & Betriebszähler;16;246;7;00-00-1B-6F-00-02-21-4B-00-00-02-BE-00-00-00-00;;
722370;1786642156393;1508;Settings / Licht & Fahrstufe;17;246;–;00-00-00-02-FF-FF-FF-FF-FF-FF-FF-00-00-00-00-00-00;;
722571;1786642156594;1509;BatteryChange / Akku-Livestand;11;246;5,6;00-00-FF-FF-56-CB-20-00-00-00-00;;
722786;1786642156809;150A;MotorUpdate / Motor-Livestand;10;246;–;00-00-FF-FF-FF-FF-FF-FF-FF-FF;;
722988;1786642157011;150B;Motor-/Controllerblock;20;246;–;FF-FF-FF-FF-FF-FF-FF-FF-FF-FF-FF-FF-FF-FF-FF-FF-FF-FF-FF-FF;;
723203;1786642157226;150D;Zweite Fahrstatistik;20;246;–;00-DA-00-C5-FF-FF-FF-FF-47-18-FF-FF-FF-FF-FF-FF-FF-FF-00-00;;
724247;1786642158270;1502;Akkuinformationen;16;247;–;47-18-FF-FF-FF-FF-47-18-FF-FF-FF-FF-FF-FF-00-00;;
724664;1786642158687;1505;BikePerformance / Fahrleistung;18;247;–;00-00-00-00-FF-FF-00-DA-FF-FF-FF-FF-FF-00-00-00-00-00;;
724868;1786642158891;1506;Trip / Kilometer & Betriebszähler;16;247;3,7;00-00-1B-70-00-02-21-4E-00-00-02-BE-00-00-00-00;;
725306;1786642159329;1508;Settings / Licht & Fahrstufe;17;247;–;00-00-00-02-FF-FF-FF-FF-FF-FF-FF-00-00-00-00-00-00;;
725497;1786642159520;1509;BatteryChange / Akku-Livestand;11;247;–;00-00-FF-FF-56-CB-20-00-00-00-00;;
725710;1786642159733;150A;MotorUpdate / Motor-Livestand;10;247;–;00-00-FF-FF-FF-FF-FF-FF-FF-FF;;
725912;1786642159935;150B;Motor-/Controllerblock;20;247;–;FF-FF-FF-FF-FF-FF-FF-FF-FF-FF-FF-FF-FF-FF-FF-FF-FF-FF-FF-FF;;
726127;1786642160150;150D;Zweite Fahrstatistik;20;247;–;00-DA-00-C5-FF-FF-FF-FF-47-18-FF-FF-FF-FF-FF-FF-FF-FF-00-00;;
727174;1786642161197;1502;Akkuinformationen;16;248;–;47-18-FF-FF-FF-FF-47-18-FF-FF-FF-FF-FF-FF-00-00;;
727589;1786642161612;1505;BikePerformance / Fahrleistung;18;248;–;00-00-00-00-FF-FF-00-DA-FF-FF-FF-FF-FF-00-00-00-00-00;;
727802;1786642161825;1506;Trip / Kilometer & Betriebszähler;16;248;7;00-00-1B-70-00-02-21-51-00-00-02-BE-00-00-00-00;;
728210;1786642162233;1508;Settings / Licht & Fahrstufe;17;248;–;00-00-00-02-FF-FF-FF-FF-FF-FF-FF-00-00-00-00-00-00;;
728421;1786642162444;1509;BatteryChange / Akku-Livestand;11;248;–;00-00-FF-FF-56-CB-20-00-00-00-00;;
728636;1786642162659;150A;MotorUpdate / Motor-Livestand;10;248;–;00-00-FF-FF-FF-FF-FF-FF-FF-FF;;
728840;1786642162863;150B;Motor-/Controllerblock;20;248;–;FF-FF-FF-FF-FF-FF-FF-FF-FF-FF-FF-FF-FF-FF-FF-FF-FF-FF-FF-FF;;
729054;1786642163077;150D;Zweite Fahrstatistik;20;248;–;00-DA-00-C5-FF-FF-FF-FF-47-18-FF-FF-FF-FF-FF-FF-FF-FF-00-00;;
730090;1786642164113;1502;Akkuinformationen;16;249;–;47-18-FF-FF-FF-FF-47-18-FF-FF-FF-FF-FF-FF-00-00;;
730516;1786642164539;1505;BikePerformance / Fahrleistung;18;249;7;00-00-00-00-FF-FF-00-DF-FF-FF-FF-FF-FF-00-00-00-00-00;;
730719;1786642164742;1506;Trip / Kilometer & Betriebszähler;16;249;7;00-00-1B-70-00-02-21-54-00-00-02-BE-00-00-00-00;;
731135;1786642165158;1508;Settings / Licht & Fahrstufe;17;249;–;00-00-00-02-FF-FF-FF-FF-FF-FF-FF-00-00-00-00-00-00;;
731347;1786642165370;1509;BatteryChange / Akku-Livestand;11;249;–;00-00-FF-FF-56-CB-20-00-00-00-00;;
731550;1786642165573;150A;MotorUpdate / Motor-Livestand;10;249;–;00-00-FF-FF-FF-FF-FF-FF-FF-FF;;
731763;1786642165786;150B;Motor-/Controllerblock;20;249;–;FF-FF-FF-FF-FF-FF-FF-FF-FF-FF-FF-FF-FF-FF-FF-FF-FF-FF-FF-FF;;
731977;1786642166000;150D;Zweite Fahrstatistik;20;249;1;00-E9-00-C5-FF-FF-FF-FF-47-18-FF-FF-FF-FF-FF-FF-FF-FF-00-00;;
733012;1786642167035;1502;Akkuinformationen;16;250;–;47-18-FF-FF-FF-FF-47-18-FF-FF-FF-FF-FF-FF-00-00;;
733430;1786642167453;1505;BikePerformance / Fahrleistung;18;250;7;00-00-00-00-FF-FF-00-EC-FF-FF-FF-FF-FF-00-00-00-00-00;;
733645;1786642167668;1506;Trip / Kilometer & Betriebszähler;16;250;7;00-00-1B-70-00-02-21-57-00-00-02-BE-00-00-00-00;;
734059;1786642168082;1508;Settings / Licht & Fahrstufe;17;250;–;00-00-00-02-FF-FF-FF-FF-FF-FF-FF-00-00-00-00-00-00;;
734272;1786642168295;1509;BatteryChange / Akku-Livestand;11;250;–;00-00-FF-FF-56-CB-20-00-00-00-00;;
734476;1786642168499;150A;MotorUpdate / Motor-Livestand;10;250;–;00-00-FF-FF-FF-FF-FF-FF-FF-FF;;
734690;1786642168713;150B;Motor-/Controllerblock;20;250;–;FF-FF-FF-FF-FF-FF-FF-FF-FF-FF-FF-FF-FF-FF-FF-FF-FF-FF-FF-FF;;
734893;1786642168916;150D;Zweite Fahrstatistik;20;250;1;00-F0-00-C5-FF-FF-FF-FF-47-18-FF-FF-FF-FF-FF-FF-FF-FF-00-00;;
735937;1786642169960;1502;Akkuinformationen;16;251;–;47-18-FF-FF-FF-FF-47-18-FF-FF-FF-FF-FF-FF-00-00;;
736354;1786642170377;1505;BikePerformance / Fahrleistung;18;251;7;00-00-00-00-FF-FF-00-F5-FF-FF-FF-FF-FF-00-00-00-00-00;;
736569;1786642170592;1506;Trip / Kilometer & Betriebszähler;16;251;7;00-00-1B-70-00-02-21-5A-00-00-02-BE-00-00-00-00;;
736982;1786642171005;1508;Settings / Licht & Fahrstufe;17;251;–;00-00-00-02-FF-FF-FF-FF-FF-FF-FF-00-00-00-00-00-00;;
737186;1786642171209;1509;BatteryChange / Akku-Livestand;11;251;–;00-00-FF-FF-56-CB-20-00-00-00-00;;
737400;1786642171423;150A;MotorUpdate / Motor-Livestand;10;251;–;00-00-FF-FF-FF-FF-FF-FF-FF-FF;;
737614;1786642171637;150B;Motor-/Controllerblock;20;251;–;FF-FF-FF-FF-FF-FF-FF-FF-FF-FF-FF-FF-FF-FF-FF-FF-FF-FF-FF-FF;;
737817;1786642171840;150D;Zweite Fahrstatistik;20;251;1;00-F8-00-C5-FF-FF-FF-FF-47-18-FF-FF-FF-FF-FF-FF-FF-FF-00-00;;
738862;1786642172885;1502;Akkuinformationen;16;252;–;47-18-FF-FF-FF-FF-47-18-FF-FF-FF-FF-FF-FF-00-00;;
739277;1786642173300;1505;BikePerformance / Fahrleistung;18;252;7;00-00-00-00-FF-FF-00-FB-FF-FF-FF-FF-FF-00-00-00-00-00;;
739493;1786642173516;1506;Trip / Kilometer & Betriebszähler;16;252;3,7;00-00-1B-71-00-02-21-5D-00-00-02-BE-00-00-00-00;;
739913;1786642173936;1508;Settings / Licht & Fahrstufe;17;252;–;00-00-00-02-FF-FF-FF-FF-FF-FF-FF-00-00-00-00-00-00;;
740112;1786642174135;1509;BatteryChange / Akku-Livestand;11;252;–;00-00-FF-FF-56-CB-20-00-00-00-00;;
740325;1786642174348;150A;MotorUpdate / Motor-Livestand;10;252;–;00-00-FF-FF-FF-FF-FF-FF-FF-FF;;
740527;1786642174550;150B;Motor-/Controllerblock;20;252;–;FF-FF-FF-FF-FF-FF-FF-FF-FF-FF-FF-FF-FF-FF-FF-FF-FF-FF-FF-FF;;
740743;1786642174766;150D;Zweite Fahrstatistik;20;252;1,3;00-FF-00-C6-FF-FF-FF-FF-47-18-FF-FF-FF-FF-FF-FF-FF-FF-00-00;;
741789;1786642175812;1502;Akkuinformationen;16;253;–;47-18-FF-FF-FF-FF-47-18-FF-FF-FF-FF-FF-FF-00-00;;
742217;1786642176240;1505;BikePerformance / Fahrleistung;18;253;6,7;00-00-00-00-FF-FF-01-02-FF-FF-FF-FF-FF-00-00-00-00-00;;
742409;1786642176432;1506;Trip / Kilometer & Betriebszähler;16;253;7;00-00-1B-71-00-02-21-60-00-00-02-BE-00-00-00-00;;
742833;1786642176856;1508;Settings / Licht & Fahrstufe;17;253;–;00-00-00-02-FF-FF-FF-FF-FF-FF-FF-00-00-00-00-00-00;;
743035;1786642177058;1509;BatteryChange / Akku-Livestand;11;253;–;00-00-FF-FF-56-CB-20-00-00-00-00;;
743251;1786642177274;150A;MotorUpdate / Motor-Livestand;10;253;–;00-00-FF-FF-FF-FF-FF-FF-FF-FF;;
743453;1786642177476;150B;Motor-/Controllerblock;20;253;–;FF-FF-FF-FF-FF-FF-FF-FF-FF-FF-FF-FF-FF-FF-FF-FF-FF-FF-FF-FF;;
743667;1786642177690;150D;Zweite Fahrstatistik;20;253;0,1;01-04-00-C6-FF-FF-FF-FF-47-18-FF-FF-FF-FF-FF-FF-FF-FF-00-00;;
744712;1786642178735;1502;Akkuinformationen;16;254;–;47-18-FF-FF-FF-FF-47-18-FF-FF-FF-FF-FF-FF-00-00;;
745129;1786642179152;1505;BikePerformance / Fahrleistung;18;254;7;00-00-00-00-FF-FF-01-05-FF-FF-FF-FF-FF-00-00-00-00-00;;
745333;1786642179356;1506;Trip / Kilometer & Betriebszähler;16;254;7;00-00-1B-71-00-02-21-63-00-00-02-BE-00-00-00-00;;
745746;1786642179769;1508;Settings / Licht & Fahrstufe;17;254;–;00-00-00-02-FF-FF-FF-FF-FF-FF-FF-00-00-00-00-00-00;;
745962;1786642179985;1509;BatteryChange / Akku-Livestand;11;254;–;00-00-FF-FF-56-CB-20-00-00-00-00;;
746188;1786642180211;150A;MotorUpdate / Motor-Livestand;10;254;–;00-00-FF-FF-FF-FF-FF-FF-FF-FF;;
746380;1786642180403;150B;Motor-/Controllerblock;20;254;–;FF-FF-FF-FF-FF-FF-FF-FF-FF-FF-FF-FF-FF-FF-FF-FF-FF-FF-FF-FF;;
746592;1786642180615;150D;Zweite Fahrstatistik;20;254;1;01-08-00-C6-FF-FF-FF-FF-47-18-FF-FF-FF-FF-FF-FF-FF-FF-00-00;;
747637;1786642181660;1502;Akkuinformationen;16;255;–;47-18-FF-FF-FF-FF-47-18-FF-FF-FF-FF-FF-FF-00-00;;
748056;1786642182079;1505;BikePerformance / Fahrleistung;18;255;7;00-00-00-00-FF-FF-01-0B-FF-FF-FF-FF-FF-00-00-00-00-00;;
748256;1786642182279;1506;Trip / Kilometer & Betriebszähler;16;255;7;00-00-1B-71-00-02-21-66-00-00-02-BE-00-00-00-00;;
748673;1786642182696;1508;Settings / Licht & Fahrstufe;17;255;–;00-00-00-02-FF-FF-FF-FF-FF-FF-FF-00-00-00-00-00-00;;
748885;1786642182908;1509;BatteryChange / Akku-Livestand;11;255;–;00-00-FF-FF-56-CB-20-00-00-00-00;;
749091;1786642183114;150A;MotorUpdate / Motor-Livestand;10;255;–;00-00-FF-FF-FF-FF-FF-FF-FF-FF;;
749303;1786642183326;150B;Motor-/Controllerblock;20;255;–;FF-FF-FF-FF-FF-FF-FF-FF-FF-FF-FF-FF-FF-FF-FF-FF-FF-FF-FF-FF;;
749509;1786642183532;150D;Zweite Fahrstatistik;20;255;1;01-0C-00-C6-FF-FF-FF-FF-47-18-FF-FF-FF-FF-FF-FF-FF-FF-00-00;;
750549;1786642184572;1502;Akkuinformationen;16;256;–;47-18-FF-FF-FF-FF-47-18-FF-FF-FF-FF-FF-FF-00-00;;
750968;1786642184991;1505;BikePerformance / Fahrleistung;18;256;7;00-00-00-00-FF-FF-01-0A-FF-FF-FF-FF-FF-00-00-00-00-00;;
751181;1786642185204;1506;Trip / Kilometer & Betriebszähler;16;256;7;00-00-1B-71-00-02-21-69-00-00-02-BE-00-00-00-00;;
751599;1786642185622;1508;Settings / Licht & Fahrstufe;17;256;–;00-00-00-02-FF-FF-FF-FF-FF-FF-FF-00-00-00-00-00-00;;
751812;1786642185835;1509;BatteryChange / Akku-Livestand;11;256;–;00-00-FF-FF-56-CB-20-00-00-00-00;;
752015;1786642186038;150A;MotorUpdate / Motor-Livestand;10;256;–;00-00-FF-FF-FF-FF-FF-FF-FF-FF;;
752228;1786642186251;150B;Motor-/Controllerblock;20;256;–;FF-FF-FF-FF-FF-FF-FF-FF-FF-FF-FF-FF-FF-FF-FF-FF-FF-FF-FF-FF;;
752430;1786642186453;150D;Zweite Fahrstatistik;20;256;–;01-0C-00-C6-FF-FF-FF-FF-47-18-FF-FF-FF-FF-FF-FF-FF-FF-00-00;;
753481;1786642187504;1502;Akkuinformationen;16;257;–;47-18-FF-FF-FF-FF-47-18-FF-FF-FF-FF-FF-FF-00-00;;
753893;1786642187916;1505;BikePerformance / Fahrleistung;18;257;7;00-00-00-00-FF-FF-01-0E-FF-FF-FF-FF-FF-00-00-00-00-00;;
754120;1786642188143;1506;Trip / Kilometer & Betriebszähler;16;257;3,7;00-00-1B-72-00-02-21-6C-00-00-02-BE-00-00-00-00;;
754535;1786642188558;1508;Settings / Licht & Fahrstufe;17;257;0;01-00-00-02-FF-FF-FF-FF-FF-FF-FF-00-00-00-00-00-00;;
754749;1786642188772;1509;BatteryChange / Akku-Livestand;11;257;–;00-00-FF-FF-56-CB-20-00-00-00-00;;
754950;1786642188973;150A;MotorUpdate / Motor-Livestand;10;257;–;00-00-FF-FF-FF-FF-FF-FF-FF-FF;;
755163;1786642189186;150B;Motor-/Controllerblock;20;257;–;FF-FF-FF-FF-FF-FF-FF-FF-FF-FF-FF-FF-FF-FF-FF-FF-FF-FF-FF-FF;;
755367;1786642189390;150D;Zweite Fahrstatistik;20;257;1,3;01-0F-00-C8-FF-FF-FF-FF-47-18-FF-FF-FF-FF-FF-FF-FF-FF-00-00;;
756415;1786642190438;1502;Akkuinformationen;16;258;–;47-18-FF-FF-FF-FF-47-18-FF-FF-FF-FF-FF-FF-00-00;;
756829;1786642190852;1505;BikePerformance / Fahrleistung;18;258;7;00-00-00-00-FF-FF-01-11-FF-FF-FF-FF-FF-00-00-00-00-00;;
757044;1786642191067;1506;Trip / Kilometer & Betriebszähler;16;258;7;00-00-1B-72-00-02-21-6F-00-00-02-BE-00-00-00-00;;
757461;1786642191484;1508;Settings / Licht & Fahrstufe;17;258;–;01-00-00-02-FF-FF-FF-FF-FF-FF-FF-00-00-00-00-00-00;;
757673;1786642191696;1509;BatteryChange / Akku-Livestand;11;258;5,6;00-00-FF-FF-56-CA-BC-00-00-00-00;;
757876;1786642191899;150A;MotorUpdate / Motor-Livestand;10;258;–;00-00-FF-FF-FF-FF-FF-FF-FF-FF;;
758090;1786642192113;150B;Motor-/Controllerblock;20;258;–;FF-FF-FF-FF-FF-FF-FF-FF-FF-FF-FF-FF-FF-FF-FF-FF-FF-FF-FF-FF;;
758293;1786642192316;150D;Zweite Fahrstatistik;20;258;1;01-14-00-C8-FF-FF-FF-FF-47-18-FF-FF-FF-FF-FF-FF-FF-FF-00-00;;
759338;1786642193361;1502;Akkuinformationen;16;259;–;47-18-FF-FF-FF-FF-47-18-FF-FF-FF-FF-FF-FF-00-00;;
759754;1786642193777;1505;BikePerformance / Fahrleistung;18;259;7;00-00-00-00-FF-FF-01-16-FF-FF-FF-FF-FF-00-00-00-00-00;;
759969;1786642193992;1506;Trip / Kilometer & Betriebszähler;16;259;7;00-00-1B-72-00-02-21-72-00-00-02-BE-00-00-00-00;;
760386;1786642194409;1508;Settings / Licht & Fahrstufe;17;259;–;01-00-00-02-FF-FF-FF-FF-FF-FF-FF-00-00-00-00-00-00;;
760588;1786642194611;1509;BatteryChange / Akku-Livestand;11;259;5,6;00-00-FF-FF-56-C9-F4-00-00-00-00;;
760801;1786642194824;150A;MotorUpdate / Motor-Livestand;10;259;–;00-00-FF-FF-FF-FF-FF-FF-FF-FF;;
761015;1786642195038;150B;Motor-/Controllerblock;20;259;–;FF-FF-FF-FF-FF-FF-FF-FF-FF-FF-FF-FF-FF-FF-FF-FF-FF-FF-FF-FF;;
761217;1786642195240;150D;Zweite Fahrstatistik;20;259;1;01-17-00-C8-FF-FF-FF-FF-47-18-FF-FF-FF-FF-FF-FF-FF-FF-00-00;;
762263;1786642196286;1502;Akkuinformationen;16;260;–;47-18-FF-FF-FF-FF-47-18-FF-FF-FF-FF-FF-FF-00-00;;
762680;1786642196703;1505;BikePerformance / Fahrleistung;18;260;7;00-00-00-00-FF-FF-01-17-FF-FF-FF-FF-FF-00-00-00-00-00;;
762893;1786642196916;1506;Trip / Kilometer & Betriebszähler;16;260;7;00-00-1B-72-00-02-21-75-00-00-02-BE-00-00-00-00;;
763311;1786642197334;1508;Settings / Licht & Fahrstufe;17;260;–;01-00-00-02-FF-FF-FF-FF-FF-FF-FF-00-00-00-00-00-00;;
763513;1786642197536;1509;BatteryChange / Akku-Livestand;11;260;5,6;00-00-FF-FF-56-CB-84-00-00-00-00;;
763727;1786642197750;150A;MotorUpdate / Motor-Livestand;10;260;–;00-00-FF-FF-FF-FF-FF-FF-FF-FF;;
763928;1786642197951;150B;Motor-/Controllerblock;20;260;–;FF-FF-FF-FF-FF-FF-FF-FF-FF-FF-FF-FF-FF-FF-FF-FF-FF-FF-FF-FF;;
764142;1786642198165;150D;Zweite Fahrstatistik;20;260;1;01-18-00-C8-FF-FF-FF-FF-47-18-FF-FF-FF-FF-FF-FF-FF-FF-00-00;;
765188;1786642199211;1502;Akkuinformationen;16;261;–;47-18-FF-FF-FF-FF-47-18-FF-FF-FF-FF-FF-FF-00-00;;
765606;1786642199629;1505;BikePerformance / Fahrleistung;18;261;–;00-00-00-00-FF-FF-01-17-FF-FF-FF-FF-FF-00-00-00-00-00;;
765808;1786642199831;1506;Trip / Kilometer & Betriebszähler;16;261;7;00-00-1B-72-00-02-21-77-00-00-02-BE-00-00-00-00;;
766224;1786642200247;1508;Settings / Licht & Fahrstufe;17;261;–;01-00-00-02-FF-FF-FF-FF-FF-FF-FF-00-00-00-00-00-00;;
766438;1786642200461;1509;BatteryChange / Akku-Livestand;11;261;5,6;00-00-FF-FF-56-CA-BC-00-00-00-00;;
766656;1786642200679;150A;MotorUpdate / Motor-Livestand;10;261;–;00-00-FF-FF-FF-FF-FF-FF-FF-FF;;
766865;1786642200888;150B;Motor-/Controllerblock;20;261;–;FF-FF-FF-FF-FF-FF-FF-FF-FF-FF-FF-FF-FF-FF-FF-FF-FF-FF-FF-FF;;
767076;1786642201099;150D;Zweite Fahrstatistik;20;261;3;01-18-00-CA-FF-FF-FF-FF-47-18-FF-FF-FF-FF-FF-FF-FF-FF-00-00;;
768115;1786642202138;1502;Akkuinformationen;16;262;–;47-18-FF-FF-FF-FF-47-18-FF-FF-FF-FF-FF-FF-00-00;;
768528;1786642202551;1505;BikePerformance / Fahrleistung;18;262;–;00-00-00-00-FF-FF-01-17-FF-FF-FF-FF-FF-00-00-00-00-00;;
768732;1786642202755;1506;Trip / Kilometer & Betriebszähler;16;262;3,7;00-00-1B-73-00-02-21-7A-00-00-02-BE-00-00-00-00;;
769148;1786642203171;1508;Settings / Licht & Fahrstufe;17;262;–;01-00-00-02-FF-FF-FF-FF-FF-FF-FF-00-00-00-00-00-00;;
769361;1786642203384;1509;BatteryChange / Akku-Livestand;11;262;–;00-00-FF-FF-56-CA-BC-00-00-00-00;;
769565;1786642203588;150A;MotorUpdate / Motor-Livestand;10;262;–;00-00-FF-FF-FF-FF-FF-FF-FF-FF;;
769780;1786642203803;150B;Motor-/Controllerblock;20;262;–;FF-FF-FF-FF-FF-FF-FF-FF-FF-FF-FF-FF-FF-FF-FF-FF-FF-FF-FF-FF;;
769989;1786642204012;150D;Zweite Fahrstatistik;20;262;–;01-18-00-CA-FF-FF-FF-FF-47-18-FF-FF-FF-FF-FF-FF-FF-FF-00-00;;
771027;1786642205050;1502;Akkuinformationen;16;263;–;47-18-FF-FF-FF-FF-47-18-FF-FF-FF-FF-FF-FF-00-00;;
771443;1786642205466;1505;BikePerformance / Fahrleistung;18;263;7;00-00-00-00-FF-FF-01-0F-FF-FF-FF-FF-FF-00-00-00-00-00;;
771658;1786642205681;1506;Trip / Kilometer & Betriebszähler;16;263;7;00-00-1B-73-00-02-21-7D-00-00-02-BE-00-00-00-00;;
772074;1786642206097;1508;Settings / Licht & Fahrstufe;17;263;–;01-00-00-02-FF-FF-FF-FF-FF-FF-FF-00-00-00-00-00-00;;
772290;1786642206313;1509;BatteryChange / Akku-Livestand;11;263;5,6;00-00-FF-FF-56-CB-20-00-00-00-00;;
772491;1786642206514;150A;MotorUpdate / Motor-Livestand;10;263;–;00-00-FF-FF-FF-FF-FF-FF-FF-FF;;
772706;1786642206729;150B;Motor-/Controllerblock;20;263;–;FF-FF-FF-FF-FF-FF-FF-FF-FF-FF-FF-FF-FF-FF-FF-FF-FF-FF-FF-FF;;
772907;1786642206930;150D;Zweite Fahrstatistik;20;263;–;01-18-00-CA-FF-FF-FF-FF-47-18-FF-FF-FF-FF-FF-FF-FF-FF-00-00;;
773954;1786642207977;1502;Akkuinformationen;16;264;–;47-18-FF-FF-FF-FF-47-18-FF-FF-FF-FF-FF-FF-00-00;;
774369;1786642208392;1505;BikePerformance / Fahrleistung;18;264;7;00-00-00-00-FF-FF-01-07-FF-FF-FF-FF-FF-00-00-00-00-00;;
774583;1786642208606;1506;Trip / Kilometer & Betriebszähler;16;264;7;00-00-1B-73-00-02-21-80-00-00-02-BE-00-00-00-00;;
775001;1786642209024;1508;Settings / Licht & Fahrstufe;17;264;–;01-00-00-02-FF-FF-FF-FF-FF-FF-FF-00-00-00-00-00-00;;
775202;1786642209225;1509;BatteryChange / Akku-Livestand;11;264;–;00-00-FF-FF-56-CB-20-00-00-00-00;;
775415;1786642209438;150A;MotorUpdate / Motor-Livestand;10;264;–;00-00-FF-FF-FF-FF-FF-FF-FF-FF;;
775631;1786642209654;150B;Motor-/Controllerblock;20;264;–;FF-FF-FF-FF-FF-FF-FF-FF-FF-FF-FF-FF-FF-FF-FF-FF-FF-FF-FF-FF;;
775832;1786642209855;150D;Zweite Fahrstatistik;20;264;–;01-18-00-CA-FF-FF-FF-FF-47-18-FF-FF-FF-FF-FF-FF-FF-FF-00-00;;
776878;1786642210901;1502;Akkuinformationen;16;265;–;47-18-FF-FF-FF-FF-47-18-FF-FF-FF-FF-FF-FF-00-00;;
777295;1786642211318;1505;BikePerformance / Fahrleistung;18;265;6,7;00-00-00-00-FF-FF-00-F8-FF-FF-FF-FF-FF-00-00-00-00-00;;
777507;1786642211530;1506;Trip / Kilometer & Betriebszähler;16;265;7;00-00-1B-73-00-02-21-83-00-00-02-BE-00-00-00-00;;
777922;1786642211945;1508;Settings / Licht & Fahrstufe;17;265;0;00-00-00-02-FF-FF-FF-FF-FF-FF-FF-00-00-00-00-00-00;;
778130;1786642212153;1509;BatteryChange / Akku-Livestand;11;265;–;00-00-FF-FF-56-CB-20-00-00-00-00;;
778342;1786642212365;150A;MotorUpdate / Motor-Livestand;10;265;–;00-00-FF-FF-FF-FF-FF-FF-FF-FF;;
778553;1786642212576;150B;Motor-/Controllerblock;20;265;–;FF-FF-FF-FF-FF-FF-FF-FF-FF-FF-FF-FF-FF-FF-FF-FF-FF-FF-FF-FF;;
778756;1786642212779;150D;Zweite Fahrstatistik;20;265;3;01-18-00-CC-FF-FF-FF-FF-47-18-FF-FF-FF-FF-FF-FF-FF-FF-00-00;;
779806;1786642213829;1502;Akkuinformationen;16;266;–;47-18-FF-FF-FF-FF-47-18-FF-FF-FF-FF-FF-FF-00-00;;
780219;1786642214242;1505;BikePerformance / Fahrleistung;18;266;7;00-00-00-00-FF-FF-00-EA-FF-FF-FF-FF-FF-00-00-00-00-00;;
780422;1786642214445;1506;Trip / Kilometer & Betriebszähler;16;266;3,7;00-00-1B-74-00-02-21-86-00-00-02-BE-00-00-00-00;;
780849;1786642214872;1508;Settings / Licht & Fahrstufe;17;266;–;00-00-00-02-FF-FF-FF-FF-FF-FF-FF-00-00-00-00-00-00;;
781052;1786642215075;1509;BatteryChange / Akku-Livestand;11;266;6;00-00-FF-FF-56-CB-84-00-00-00-00;;
781265;1786642215288;150A;MotorUpdate / Motor-Livestand;10;266;–;00-00-FF-FF-FF-FF-FF-FF-FF-FF;;
781469;1786642215492;150B;Motor-/Controllerblock;20;266;–;FF-FF-FF-FF-FF-FF-FF-FF-FF-FF-FF-FF-FF-FF-FF-FF-FF-FF-FF-FF;;
781682;1786642215705;150D;Zweite Fahrstatistik;20;266;–;01-18-00-CC-FF-FF-FF-FF-47-18-FF-FF-FF-FF-FF-FF-FF-FF-00-00;;
782728;1786642216751;1502;Akkuinformationen;16;267;–;47-18-FF-FF-FF-FF-47-18-FF-FF-FF-FF-FF-FF-00-00;;
783144;1786642217167;1505;BikePerformance / Fahrleistung;18;267;7;00-00-00-00-FF-FF-00-DA-FF-FF-FF-FF-FF-00-00-00-00-00;;
783347;1786642217370;1506;Trip / Kilometer & Betriebszähler;16;267;7;00-00-1B-74-00-02-21-89-00-00-02-BE-00-00-00-00;;
783767;1786642217790;1508;Settings / Licht & Fahrstufe;17;267;–;00-00-00-02-FF-FF-FF-FF-FF-FF-FF-00-00-00-00-00-00;;
783978;1786642218001;1509;BatteryChange / Akku-Livestand;11;267;6;00-00-FF-FF-56-CB-20-00-00-00-00;;
784182;1786642218205;150A;MotorUpdate / Motor-Livestand;10;267;–;00-00-FF-FF-FF-FF-FF-FF-FF-FF;;
784394;1786642218417;150B;Motor-/Controllerblock;20;267;–;FF-FF-FF-FF-FF-FF-FF-FF-FF-FF-FF-FF-FF-FF-FF-FF-FF-FF-FF-FF;;
784609;1786642218632;150D;Zweite Fahrstatistik;20;267;–;01-18-00-CC-FF-FF-FF-FF-47-18-FF-FF-FF-FF-FF-FF-FF-FF-00-00;;
785643;1786642219666;1502;Akkuinformationen;16;268;–;47-18-FF-FF-FF-FF-47-18-FF-FF-FF-FF-FF-FF-00-00;;
786058;1786642220081;1505;BikePerformance / Fahrleistung;18;268;–;00-00-00-00-FF-FF-00-DA-FF-FF-FF-FF-FF-00-00-00-00-00;;
786273;1786642220296;1506;Trip / Kilometer & Betriebszähler;16;268;7;00-00-1B-74-00-02-21-8C-00-00-02-BE-00-00-00-00;;
786688;1786642220711;1508;Settings / Licht & Fahrstufe;17;268;–;00-00-00-02-FF-FF-FF-FF-FF-FF-FF-00-00-00-00-00-00;;
786903;1786642220926;1509;BatteryChange / Akku-Livestand;11;268;–;00-00-FF-FF-56-CB-20-00-00-00-00;;
787104;1786642221127;150A;MotorUpdate / Motor-Livestand;10;268;–;00-00-FF-FF-FF-FF-FF-FF-FF-FF;;
787318;1786642221341;150B;Motor-/Controllerblock;20;268;–;FF-FF-FF-FF-FF-FF-FF-FF-FF-FF-FF-FF-FF-FF-FF-FF-FF-FF-FF-FF;;
787522;1786642221545;150D;Zweite Fahrstatistik;20;268;–;01-18-00-CC-FF-FF-FF-FF-47-18-FF-FF-FF-FF-FF-FF-FF-FF-00-00;;
788566;1786642222589;1502;Akkuinformationen;16;269;–;47-18-FF-FF-FF-FF-47-18-FF-FF-FF-FF-FF-FF-00-00;;
788984;1786642223007;1505;BikePerformance / Fahrleistung;18;269;7;00-00-00-00-FF-FF-00-C3-FF-FF-FF-FF-FF-00-00-00-00-00;;
789197;1786642223220;1506;Trip / Kilometer & Betriebszähler;16;269;7;00-00-1B-74-00-02-21-8F-00-00-02-BE-00-00-00-00;;
789614;1786642223637;1508;Settings / Licht & Fahrstufe;17;269;–;00-00-00-02-FF-FF-FF-FF-FF-FF-FF-00-00-00-00-00-00;;
789817;1786642223840;1509;BatteryChange / Akku-Livestand;11;269;–;00-00-FF-FF-56-CB-20-00-00-00-00;;
790030;1786642224053;150A;MotorUpdate / Motor-Livestand;10;269;–;00-00-FF-FF-FF-FF-FF-FF-FF-FF;;
790245;1786642224268;150B;Motor-/Controllerblock;20;269;–;FF-FF-FF-FF-FF-FF-FF-FF-FF-FF-FF-FF-FF-FF-FF-FF-FF-FF-FF-FF;;
790448;1786642224471;150D;Zweite Fahrstatistik;20;269;–;01-18-00-CC-FF-FF-FF-FF-47-18-FF-FF-FF-FF-FF-FF-FF-FF-00-00;;
791494;1786642225517;1502;Akkuinformationen;16;270;–;47-18-FF-FF-FF-FF-47-18-FF-FF-FF-FF-FF-FF-00-00;;
791909;1786642225932;1505;BikePerformance / Fahrleistung;18;270;7;00-00-00-00-FF-FF-00-B9-FF-FF-FF-FF-FF-00-00-00-00-00;;
792121;1786642226144;1506;Trip / Kilometer & Betriebszähler;16;270;7;00-00-1B-74-00-02-21-92-00-00-02-BE-00-00-00-00;;
792538;1786642226561;1508;Settings / Licht & Fahrstufe;17;270;–;00-00-00-02-FF-FF-FF-FF-FF-FF-FF-00-00-00-00-00-00;;
792740;1786642226763;1509;BatteryChange / Akku-Livestand;11;270;–;00-00-FF-FF-56-CB-20-00-00-00-00;;
792954;1786642226977;150A;MotorUpdate / Motor-Livestand;10;270;–;00-00-FF-FF-FF-FF-FF-FF-FF-FF;;
793158;1786642227181;150B;Motor-/Controllerblock;20;270;–;FF-FF-FF-FF-FF-FF-FF-FF-FF-FF-FF-FF-FF-FF-FF-FF-FF-FF-FF-FF;;
793370;1786642227393;150D;Zweite Fahrstatistik;20;270;–;01-18-00-CC-FF-FF-FF-FF-47-18-FF-FF-FF-FF-FF-FF-FF-FF-00-00;;
794415;1786642228438;1502;Akkuinformationen;16;271;–;47-18-FF-FF-FF-FF-47-18-FF-FF-FF-FF-FF-FF-00-00;;
794834;1786642228857;1505;BikePerformance / Fahrleistung;18;271;7;00-00-00-00-FF-FF-00-B2-FF-FF-FF-FF-FF-00-00-00-00-00;;
795036;1786642229059;1506;Trip / Kilometer & Betriebszähler;16;271;7;00-00-1B-74-00-02-21-95-00-00-02-BE-00-00-00-00;;
795463;1786642229486;1508;Settings / Licht & Fahrstufe;17;271;–;00-00-00-02-FF-FF-FF-FF-FF-FF-FF-00-00-00-00-00-00;;
795667;1786642229690;1509;BatteryChange / Akku-Livestand;11;271;–;00-00-FF-FF-56-CB-20-00-00-00-00;;
795880;1786642229903;150A;MotorUpdate / Motor-Livestand;10;271;–;00-00-FF-FF-FF-FF-FF-FF-FF-FF;;
796083;1786642230106;150B;Motor-/Controllerblock;20;271;–;FF-FF-FF-FF-FF-FF-FF-FF-FF-FF-FF-FF-FF-FF-FF-FF-FF-FF-FF-FF;;
796297;1786642230320;150D;Zweite Fahrstatistik;20;271;–;01-18-00-CC-FF-FF-FF-FF-47-18-FF-FF-FF-FF-FF-FF-FF-FF-00-00;;
797344;1786642231367;1502;Akkuinformationen;16;272;–;47-18-FF-FF-FF-FF-47-18-FF-FF-FF-FF-FF-FF-00-00;;
797759;1786642231782;1505;BikePerformance / Fahrleistung;18;272;7;00-00-00-00-FF-FF-00-AC-FF-FF-FF-FF-FF-00-00-00-00-00;;
797960;1786642231983;1506;Trip / Kilometer & Betriebszähler;16;272;3,7;00-00-1B-75-00-02-21-98-00-00-02-BE-00-00-00-00;;
798377;1786642232400;1508;Settings / Licht & Fahrstufe;17;272;–;00-00-00-02-FF-FF-FF-FF-FF-FF-FF-00-00-00-00-00-00;;
798591;1786642232614;1509;BatteryChange / Akku-Livestand;11;272;–;00-00-FF-FF-56-CB-20-00-00-00-00;;
798794;1786642232817;150A;MotorUpdate / Motor-Livestand;10;272;–;00-00-FF-FF-FF-FF-FF-FF-FF-FF;;
799007;1786642233030;150B;Motor-/Controllerblock;20;272;–;FF-FF-FF-FF-FF-FF-FF-FF-FF-FF-FF-FF-FF-FF-FF-FF-FF-FF-FF-FF;;
799222;1786642233245;150D;Zweite Fahrstatistik;20;272;–;01-18-00-CC-FF-FF-FF-FF-47-18-FF-FF-FF-FF-FF-FF-FF-FF-00-00;;
800258;1786642234281;1502;Akkuinformationen;16;273;–;47-18-FF-FF-FF-FF-47-18-FF-FF-FF-FF-FF-FF-00-00;;
800683;1786642234706;1505;BikePerformance / Fahrleistung;18;273;7;00-00-00-00-FF-FF-00-A5-FF-FF-FF-FF-FF-00-00-00-00-00;;
800887;1786642234910;1506;Trip / Kilometer & Betriebszähler;16;273;7;00-00-1B-75-00-02-21-9B-00-00-02-BE-00-00-00-00;;
801304;1786642235327;1508;Settings / Licht & Fahrstufe;17;273;–;00-00-00-02-FF-FF-FF-FF-FF-FF-FF-00-00-00-00-00-00;;
801518;1786642235541;1509;BatteryChange / Akku-Livestand;11;273;6;00-00-FF-FF-56-CB-84-00-00-00-00;;
801719;1786642235742;150A;MotorUpdate / Motor-Livestand;10;273;–;00-00-FF-FF-FF-FF-FF-FF-FF-FF;;
801933;1786642235956;150B;Motor-/Controllerblock;20;273;–;FF-FF-FF-FF-FF-FF-FF-FF-FF-FF-FF-FF-FF-FF-FF-FF-FF-FF-FF-FF;;
802136;1786642236159;150D;Zweite Fahrstatistik;20;273;–;01-18-00-CC-FF-FF-FF-FF-47-18-FF-FF-FF-FF-FF-FF-FF-FF-00-00;;
803184;1786642237207;1502;Akkuinformationen;16;274;–;47-18-FF-FF-FF-FF-47-18-FF-FF-FF-FF-FF-FF-00-00;;
803599;1786642237622;1505;BikePerformance / Fahrleistung;18;274;7;00-00-00-00-FF-FF-00-9A-FF-FF-FF-FF-FF-00-00-00-00-00;;
803813;1786642237836;1506;Trip / Kilometer & Betriebszähler;16;274;7;00-00-1B-75-00-02-21-9E-00-00-02-BE-00-00-00-00;;
804228;1786642238251;1508;Settings / Licht & Fahrstufe;17;274;–;00-00-00-02-FF-FF-FF-FF-FF-FF-FF-00-00-00-00-00-00;;
804443;1786642238466;1509;BatteryChange / Akku-Livestand;11;274;6;00-00-FF-FF-56-CB-20-00-00-00-00;;
804644;1786642238667;150A;MotorUpdate / Motor-Livestand;10;274;–;00-00-FF-FF-FF-FF-FF-FF-FF-FF;;
804859;1786642238882;150B;Motor-/Controllerblock;20;274;–;FF-FF-FF-FF-FF-FF-FF-FF-FF-FF-FF-FF-FF-FF-FF-FF-FF-FF-FF-FF;;
805060;1786642239083;150D;Zweite Fahrstatistik;20;274;–;01-18-00-CC-FF-FF-FF-FF-47-18-FF-FF-FF-FF-FF-FF-FF-FF-00-00;;
806107;1786642240130;1502;Akkuinformationen;16;275;–;47-18-FF-FF-FF-FF-47-18-FF-FF-FF-FF-FF-FF-00-00;;
806524;1786642240547;1505;BikePerformance / Fahrleistung;18;275;0,1,2,3,7;06-04-06-04-FF-FF-00-B0-FF-FF-FF-FF-FF-00-00-00-00-00;;
806738;1786642240761;1506;Trip / Kilometer & Betriebszähler;16;275;7;00-00-1B-75-00-02-21-A1-00-00-02-BE-00-00-00-00;;
807153;1786642241176;1508;Settings / Licht & Fahrstufe;17;275;–;00-00-00-02-FF-FF-FF-FF-FF-FF-FF-00-00-00-00-00-00;;
807356;1786642241379;1509;BatteryChange / Akku-Livestand;11;275;0,1,5,6,9,10;1F-40-FF-FF-56-C7-9C-00-00-01-98;;
807571;1786642241594;150A;MotorUpdate / Motor-Livestand;10;275;0,1;1B-58-FF-FF-FF-FF-FF-FF-FF-FF;;
807783;1786642241806;150B;Motor-/Controllerblock;20;275;–;FF-FF-FF-FF-FF-FF-FF-FF-FF-FF-FF-FF-FF-FF-FF-FF-FF-FF-FF-FF;;
807984;1786642242007;150D;Zweite Fahrstatistik;20;275;–;01-18-00-CC-FF-FF-FF-FF-47-18-FF-FF-FF-FF-FF-FF-FF-FF-00-00;;
809033;1786642243056;1502;Akkuinformationen;16;276;–;47-18-FF-FF-FF-FF-47-18-FF-FF-FF-FF-FF-FF-00-00;;
809451;1786642243474;1505;BikePerformance / Fahrleistung;18;276;7;06-04-06-04-FF-FF-00-DA-FF-FF-FF-FF-FF-00-00-00-00-00;;
809672;1786642243695;1506;Trip / Kilometer & Betriebszähler;16;276;7;00-00-1B-75-00-02-21-A4-00-00-02-BE-00-00-00-00;;
810080;1786642244103;1508;Settings / Licht & Fahrstufe;17;276;–;00-00-00-02-FF-FF-FF-FF-FF-FF-FF-00-00-00-00-00-00;;
810280;1786642244303;1509;BatteryChange / Akku-Livestand;11;276;0,1,5,6,9,10;03-E8-FF-FF-56-C9-F4-00-00-00-67;;
810494;1786642244517;150A;MotorUpdate / Motor-Livestand;10;276;0,1;03-E8-FF-FF-FF-FF-FF-FF-FF-FF;;
810696;1786642244719;150B;Motor-/Controllerblock;20;276;–;FF-FF-FF-FF-FF-FF-FF-FF-FF-FF-FF-FF-FF-FF-FF-FF-FF-FF-FF-FF;;
810912;1786642244935;150D;Zweite Fahrstatistik;20;276;–;01-18-00-CC-FF-FF-FF-FF-47-18-FF-FF-FF-FF-FF-FF-FF-FF-00-00;;
811957;1786642245980;1502;Akkuinformationen;16;277;–;47-18-FF-FF-FF-FF-47-18-FF-FF-FF-FF-FF-FF-00-00;;
812373;1786642246396;1505;BikePerformance / Fahrleistung;18;277;0,1,2,3;00-00-00-00-FF-FF-00-DA-FF-FF-FF-FF-FF-00-00-00-00-00;;
812574;1786642246597;1506;Trip / Kilometer & Betriebszähler;16;277;7;00-00-1B-75-00-02-21-A7-00-00-02-BE-00-00-00-00;;
813003;1786642247026;1508;Settings / Licht & Fahrstufe;17;277;–;00-00-00-02-FF-FF-FF-FF-FF-FF-FF-00-00-00-00-00-00;;
813206;1786642247229;1509;BatteryChange / Akku-Livestand;11;277;0,1,5,6,10;00-00-FF-FF-56-CB-20-00-00-00-00;;
813421;1786642247444;150A;MotorUpdate / Motor-Livestand;10;277;0,1;00-00-FF-FF-FF-FF-FF-FF-FF-FF;;
813622;1786642247645;150B;Motor-/Controllerblock;20;277;–;FF-FF-FF-FF-FF-FF-FF-FF-FF-FF-FF-FF-FF-FF-FF-FF-FF-FF-FF-FF;;
813834;1786642247857;150D;Zweite Fahrstatistik;20;277;–;01-18-00-CC-FF-FF-FF-FF-47-18-FF-FF-FF-FF-FF-FF-FF-FF-00-00;;
814882;1786642248905;1502;Akkuinformationen;16;278;–;47-18-FF-FF-FF-FF-47-18-FF-FF-FF-FF-FF-FF-00-00;;
815302;1786642249325;1505;BikePerformance / Fahrleistung;18;278;0,1,2,3;06-04-06-04-FF-FF-00-DA-FF-FF-FF-FF-FF-00-00-00-00-00;;
815500;1786642249523;1506;Trip / Kilometer & Betriebszähler;16;278;7;00-00-1B-75-00-02-21-A9-00-00-02-BE-00-00-00-00;;
815918;1786642249941;1508;Settings / Licht & Fahrstufe;17;278;–;00-00-00-02-FF-FF-FF-FF-FF-FF-FF-00-00-00-00-00-00;;
816131;1786642250154;1509;BatteryChange / Akku-Livestand;11;278;0,1,5,6,10;03-E8-FF-FF-56-CA-BC-00-00-00-33;;
816333;1786642250356;150A;MotorUpdate / Motor-Livestand;10;278;–;00-00-FF-FF-FF-FF-FF-FF-FF-FF;;
816547;1786642250570;150B;Motor-/Controllerblock;20;278;–;FF-FF-FF-FF-FF-FF-FF-FF-FF-FF-FF-FF-FF-FF-FF-FF-FF-FF-FF-FF;;
816762;1786642250785;150D;Zweite Fahrstatistik;20;278;3;01-18-00-CB-FF-FF-FF-FF-47-18-FF-FF-FF-FF-FF-FF-FF-FF-00-00;;
817796;1786642251819;1502;Akkuinformationen;16;279;–;47-18-FF-FF-FF-FF-47-18-FF-FF-FF-FF-FF-FF-00-00;;
818224;1786642252247;1505;BikePerformance / Fahrleistung;18;279;0,1,2,3;04-06-04-06-FF-FF-00-DA-FF-FF-FF-FF-FF-00-00-00-00-00;;
818427;1786642252450;1506;Trip / Kilometer & Betriebszähler;16;279;3,7,11;00-00-1B-76-00-02-21-AC-00-00-02-BF-00-00-00-00;;
818841;1786642252864;1508;Settings / Licht & Fahrstufe;17;279;–;00-00-00-02-FF-FF-FF-FF-FF-FF-FF-00-00-00-00-00-00;;
819057;1786642253080;1509;BatteryChange / Akku-Livestand;11;279;0,1,6,10;07-D0-FF-FF-56-CA-58-00-00-00-67;;
819258;1786642253281;150A;MotorUpdate / Motor-Livestand;10;279;–;00-00-FF-FF-FF-FF-FF-FF-FF-FF;;
819473;1786642253496;150B;Motor-/Controllerblock;20;279;–;FF-FF-FF-FF-FF-FF-FF-FF-FF-FF-FF-FF-FF-FF-FF-FF-FF-FF-FF-FF;;
819677;1786642253700;150D;Zweite Fahrstatistik;20;279;–;01-18-00-CB-FF-FF-FF-FF-47-18-FF-FF-FF-FF-FF-FF-FF-FF-00-00;;
820721;1786642254744;1502;Akkuinformationen;16;280;–;47-18-FF-FF-FF-FF-47-18-FF-FF-FF-FF-FF-FF-00-00;;
821137;1786642255160;1505;BikePerformance / Fahrleistung;18;280;0,1,2,3,7;00-00-00-00-FF-FF-00-C8-FF-FF-FF-FF-FF-00-00-00-00-00;;
821352;1786642255375;1506;Trip / Kilometer & Betriebszähler;16;280;7;00-00-1B-76-00-02-21-AF-00-00-02-BF-00-00-00-00;;
821767;1786642255790;1508;Settings / Licht & Fahrstufe;17;280;–;00-00-00-02-FF-FF-FF-FF-FF-FF-FF-00-00-00-00-00-00;;
821969;1786642255992;1509;BatteryChange / Akku-Livestand;11;280;5,6;07-D0-FF-FF-56-C9-2C-00-00-00-67;;
822183;1786642256206;150A;MotorUpdate / Motor-Livestand;10;280;0,1;0B-B8-FF-FF-FF-FF-FF-FF-FF-FF;;
822397;1786642256420;150B;Motor-/Controllerblock;20;280;–;FF-FF-FF-FF-FF-FF-FF-FF-FF-FF-FF-FF-FF-FF-FF-FF-FF-FF-FF-FF;;
822600;1786642256623;150D;Zweite Fahrstatistik;20;280;–;01-18-00-CB-FF-FF-FF-FF-47-18-FF-FF-FF-FF-FF-FF-FF-FF-00-00;;
823647;1786642257670;1502;Akkuinformationen;16;281;–;47-18-FF-FF-FF-FF-47-18-FF-FF-FF-FF-FF-FF-00-00;;
824064;1786642258087;1505;BikePerformance / Fahrleistung;18;281;7;00-00-00-00-FF-FF-00-CC-FF-FF-FF-FF-FF-00-00-00-00-00;;
824277;1786642258300;1506;Trip / Kilometer & Betriebszähler;16;281;7;00-00-1B-76-00-02-21-B2-00-00-02-BF-00-00-00-00;;
824693;1786642258716;1508;Settings / Licht & Fahrstufe;17;281;–;00-00-00-02-FF-FF-FF-FF-FF-FF-FF-00-00-00-00-00-00;;
824896;1786642258919;1509;BatteryChange / Akku-Livestand;11;281;0,1,10;0B-B8-FF-FF-56-C9-2C-00-00-00-9A;;
825109;1786642259132;150A;MotorUpdate / Motor-Livestand;10;281;–;0B-B8-FF-FF-FF-FF-FF-FF-FF-FF;;
825325;1786642259348;150B;Motor-/Controllerblock;20;281;–;FF-FF-FF-FF-FF-FF-FF-FF-FF-FF-FF-FF-FF-FF-FF-FF-FF-FF-FF-FF;;
825526;1786642259549;150D;Zweite Fahrstatistik;20;281;–;01-18-00-CB-FF-FF-FF-FF-47-18-FF-FF-FF-FF-FF-FF-FF-FF-00-00;;
826582;1786642260605;1502;Akkuinformationen;16;282;–;47-18-FF-FF-FF-FF-47-18-FF-FF-FF-FF-FF-FF-00-00;;
826998;1786642261021;1505;BikePerformance / Fahrleistung;18;282;7;00-00-00-00-FF-FF-00-DA-FF-FF-FF-FF-FF-00-00-00-00-00;;
827190;1786642261213;1506;Trip / Kilometer & Betriebszähler;16;282;7;00-00-1B-76-00-02-21-B5-00-00-02-BF-00-00-00-00;;
827617;1786642261640;1508;Settings / Licht & Fahrstufe;17;282;–;00-00-00-02-FF-FF-FF-FF-FF-FF-FF-00-00-00-00-00-00;;
827819;1786642261842;1509;BatteryChange / Akku-Livestand;11;282;0,1,6,10;07-D0-FF-FF-56-C9-90-00-00-00-67;;
828033;1786642262056;150A;MotorUpdate / Motor-Livestand;10;282;0,1;07-D0-FF-FF-FF-FF-FF-FF-FF-FF;;
828236;1786642262259;150B;Motor-/Controllerblock;20;282;–;FF-FF-FF-FF-FF-FF-FF-FF-FF-FF-FF-FF-FF-FF-FF-FF-FF-FF-FF-FF;;
828450;1786642262473;150D;Zweite Fahrstatistik;20;282;–;01-18-00-CB-FF-FF-FF-FF-47-18-FF-FF-FF-FF-FF-FF-FF-FF-00-00;;
829495;1786642263518;1502;Akkuinformationen;16;283;–;47-18-FF-FF-FF-FF-47-18-FF-FF-FF-FF-FF-FF-00-00;;
829914;1786642263937;1505;BikePerformance / Fahrleistung;18;283;–;00-00-00-00-FF-FF-00-DA-FF-FF-FF-FF-FF-00-00-00-00-00;;
830113;1786642264136;1506;Trip / Kilometer & Betriebszähler;16;283;7;00-00-1B-76-00-02-21-B8-00-00-02-BF-00-00-00-00;;
830532;1786642264555;1508;Settings / Licht & Fahrstufe;17;283;–;00-00-00-02-FF-FF-FF-FF-FF-FF-FF-00-00-00-00-00-00;;
830745;1786642264768;1509;BatteryChange / Akku-Livestand;11;283;0,1,6,10;0B-B8-FF-FF-56-C9-2C-00-00-00-9A;;
830947;1786642264970;150A;MotorUpdate / Motor-Livestand;10;283;0,1;0B-B8-FF-FF-FF-FF-FF-FF-FF-FF;;
831162;1786642265185;150B;Motor-/Controllerblock;20;283;–;FF-FF-FF-FF-FF-FF-FF-FF-FF-FF-FF-FF-FF-FF-FF-FF-FF-FF-FF-FF;;
831377;1786642265400;150D;Zweite Fahrstatistik;20;283;–;01-18-00-CB-FF-FF-FF-FF-47-18-FF-FF-FF-FF-FF-FF-FF-FF-00-00;;
832410;1786642266433;1502;Akkuinformationen;16;284;–;47-18-FF-FF-FF-FF-47-18-FF-FF-FF-FF-FF-FF-00-00;;
832838;1786642266861;1505;BikePerformance / Fahrleistung;18;284;0,1,2,3;04-06-04-06-FF-FF-00-DA-FF-FF-FF-FF-FF-00-00-00-00-00;;
833039;1786642267062;1506;Trip / Kilometer & Betriebszähler;16;284;3,7;00-00-1B-77-00-02-21-BB-00-00-02-BF-00-00-00-00;;
833457;1786642267480;1508;Settings / Licht & Fahrstufe;17;284;–;00-00-00-02-FF-FF-FF-FF-FF-FF-FF-00-00-00-00-00-00;;
833670;1786642267693;1509;BatteryChange / Akku-Livestand;11;284;0,1,6,10;07-D0-FF-FF-56-C9-90-00-00-00-67;;
833874;1786642267897;150A;MotorUpdate / Motor-Livestand;10;284;–;0B-B8-FF-FF-FF-FF-FF-FF-FF-FF;;
834087;1786642268110;150B;Motor-/Controllerblock;20;284;–;FF-FF-FF-FF-FF-FF-FF-FF-FF-FF-FF-FF-FF-FF-FF-FF-FF-FF-FF-FF;;
834301;1786642268324;150D;Zweite Fahrstatistik;20;284;3;01-18-00-CC-FF-FF-FF-FF-47-18-FF-FF-FF-FF-FF-FF-FF-FF-00-00;;
835336;1786642269359;1502;Akkuinformationen;16;285;–;47-18-FF-FF-FF-FF-47-18-FF-FF-FF-FF-FF-FF-00-00;;
835751;1786642269774;1505;BikePerformance / Fahrleistung;18;285;0,1,2,3;06-04-06-04-FF-FF-00-DA-FF-FF-FF-FF-FF-00-00-00-00-00;;
835966;1786642269989;1506;Trip / Kilometer & Betriebszähler;16;285;7;00-00-1B-77-00-02-21-BE-00-00-02-BF-00-00-00-00;;
836383;1786642270406;1508;Settings / Licht & Fahrstufe;17;285;–;00-00-00-02-FF-FF-FF-FF-FF-FF-FF-00-00-00-00-00-00;;
836597;1786642270620;1509;BatteryChange / Akku-Livestand;11;285;0,1,6,10;0B-B8-FF-FF-56-C9-2C-00-00-00-9A;;
836798;1786642270821;150A;MotorUpdate / Motor-Livestand;10;285;–;0B-B8-FF-FF-FF-FF-FF-FF-FF-FF;;
837013;1786642271036;150B;Motor-/Controllerblock;20;285;–;FF-FF-FF-FF-FF-FF-FF-FF-FF-FF-FF-FF-FF-FF-FF-FF-FF-FF-FF-FF;;
837215;1786642271238;150D;Zweite Fahrstatistik;20;285;–;01-18-00-CC-FF-FF-FF-FF-47-18-FF-FF-FF-FF-FF-FF-FF-FF-00-00;;
838272;1786642272295;1502;Akkuinformationen;16;286;–;47-18-FF-FF-FF-FF-47-18-FF-FF-FF-FF-FF-FF-00-00;;
838679;1786642272702;1505;BikePerformance / Fahrleistung;18;286;–;06-04-06-04-FF-FF-00-DA-FF-FF-FF-FF-FF-00-00-00-00-00;;
838890;1786642272913;1506;Trip / Kilometer & Betriebszähler;16;286;7;00-00-1B-77-00-02-21-C1-00-00-02-BF-00-00-00-00;;
839306;1786642273329;1508;Settings / Licht & Fahrstufe;17;286;–;00-00-00-02-FF-FF-FF-FF-FF-FF-FF-00-00-00-00-00-00;;
839509;1786642273532;1509;BatteryChange / Akku-Livestand;11;286;0,1,5,6,10;00-00-FF-FF-56-CA-58-00-00-00-67;;
839723;1786642273746;150A;MotorUpdate / Motor-Livestand;10;286;0,1;00-00-FF-FF-FF-FF-FF-FF-FF-FF;;
839935;1786642273958;150B;Motor-/Controllerblock;20;286;–;FF-FF-FF-FF-FF-FF-FF-FF-FF-FF-FF-FF-FF-FF-FF-FF-FF-FF-FF-FF;;
840138;1786642274161;150D;Zweite Fahrstatistik;20;286;–;01-18-00-CC-FF-FF-FF-FF-47-18-FF-FF-FF-FF-FF-FF-FF-FF-00-00;;
841186;1786642275209;1502;Akkuinformationen;16;287;–;47-18-FF-FF-FF-FF-47-18-FF-FF-FF-FF-FF-FF-00-00;;
841602;1786642275625;1505;BikePerformance / Fahrleistung;18;287;–;06-04-06-04-FF-FF-00-DA-FF-FF-FF-FF-FF-00-00-00-00-00;;
841817;1786642275840;1506;Trip / Kilometer & Betriebszähler;16;287;7;00-00-1B-77-00-02-21-C4-00-00-02-BF-00-00-00-00;;
842232;1786642276255;1508;Settings / Licht & Fahrstufe;17;287;–;00-00-00-02-FF-FF-FF-FF-FF-FF-FF-00-00-00-00-00-00;;
842435;1786642276458;1509;BatteryChange / Akku-Livestand;11;287;0,1,5,6;07-D0-FF-FF-56-C9-90-00-00-00-67;;
842648;1786642276671;150A;MotorUpdate / Motor-Livestand;10;287;0,1;07-D0-FF-FF-FF-FF-FF-FF-FF-FF;;
842851;1786642276874;150B;Motor-/Controllerblock;20;287;–;FF-FF-FF-FF-FF-FF-FF-FF-FF-FF-FF-FF-FF-FF-FF-FF-FF-FF-FF-FF;;
843066;1786642277089;150D;Zweite Fahrstatistik;20;287;–;01-18-00-CC-FF-FF-FF-FF-47-18-FF-FF-FF-FF-FF-FF-FF-FF-00-00;;
844112;1786642278135;1502;Akkuinformationen;16;288;–;47-18-FF-FF-FF-FF-47-18-FF-FF-FF-FF-FF-FF-00-00;;
844526;1786642278549;1505;BikePerformance / Fahrleistung;18;288;0,1,2,3;04-06-04-06-FF-FF-00-DA-FF-FF-FF-FF-FF-00-00-00-00-00;;
844744;1786642278767;1506;Trip / Kilometer & Betriebszähler;16;288;7;00-00-1B-77-00-02-21-C7-00-00-02-BF-00-00-00-00;;
845146;1786642279169;1508;Settings / Licht & Fahrstufe;17;288;–;00-00-00-02-FF-FF-FF-FF-FF-FF-FF-00-00-00-00-00-00;;
845360;1786642279383;1509;BatteryChange / Akku-Livestand;11;288;6;07-D0-FF-FF-56-C9-2C-00-00-00-67;;
845574;1786642279597;150A;MotorUpdate / Motor-Livestand;10;288;–;07-D0-FF-FF-FF-FF-FF-FF-FF-FF;;
845789;1786642279812;150B;Motor-/Controllerblock;20;288;–;FF-FF-FF-FF-FF-FF-FF-FF-FF-FF-FF-FF-FF-FF-FF-FF-FF-FF-FF-FF;;
845989;1786642280012;150D;Zweite Fahrstatistik;20;288;–;01-18-00-CC-FF-FF-FF-FF-47-18-FF-FF-FF-FF-FF-FF-FF-FF-00-00;;
847049;1786642281072;1502;Akkuinformationen;16;289;–;47-18-FF-FF-FF-FF-47-18-FF-FF-FF-FF-FF-FF-00-00;;
847454;1786642281477;1505;BikePerformance / Fahrleistung;18;289;–;04-06-04-06-FF-FF-00-DA-FF-FF-FF-FF-FF-00-00-00-00-00;;
847654;1786642281677;1506;Trip / Kilometer & Betriebszähler;16;289;7;00-00-1B-77-00-02-21-CA-00-00-02-BF-00-00-00-00;;
848071;1786642282094;1508;Settings / Licht & Fahrstufe;17;289;–;00-00-00-02-FF-FF-FF-FF-FF-FF-FF-00-00-00-00-00-00;;
848286;1786642282309;1509;BatteryChange / Akku-Livestand;11;289;–;07-D0-FF-FF-56-C9-2C-00-00-00-67;;
848485;1786642282508;150A;MotorUpdate / Motor-Livestand;10;289;–;07-D0-FF-FF-FF-FF-FF-FF-FF-FF;;
848702;1786642282725;150B;Motor-/Controllerblock;20;289;–;FF-FF-FF-FF-FF-FF-FF-FF-FF-FF-FF-FF-FF-FF-FF-FF-FF-FF-FF-FF;;
848915;1786642282938;150D;Zweite Fahrstatistik;20;289;–;01-18-00-CC-FF-FF-FF-FF-47-18-FF-FF-FF-FF-FF-FF-FF-FF-00-00;;
849951;1786642283974;1502;Akkuinformationen;16;290;–;47-18-FF-FF-FF-FF-47-18-FF-FF-FF-FF-FF-FF-00-00;;
850367;1786642284390;1505;BikePerformance / Fahrleistung;18;290;–;04-06-04-06-FF-FF-00-DA-FF-FF-FF-FF-FF-00-00-00-00-00;;
850580;1786642284603;1506;Trip / Kilometer & Betriebszähler;16;290;3,7;00-00-1B-78-00-02-21-CD-00-00-02-BF-00-00-00-00;;
850995;1786642285018;1508;Settings / Licht & Fahrstufe;17;290;11;00-00-00-02-FF-FF-FF-FF-FF-FF-FF-01-00-00-00-00-00;;
851211;1786642285234;1509;BatteryChange / Akku-Livestand;11;290;–;07-D0-FF-FF-56-C9-2C-00-00-00-67;;
851411;1786642285434;150A;MotorUpdate / Motor-Livestand;10;290;–;07-D0-FF-FF-FF-FF-FF-FF-FF-FF;;
851627;1786642285650;150B;Motor-/Controllerblock;20;290;–;FF-FF-FF-FF-FF-FF-FF-FF-FF-FF-FF-FF-FF-FF-FF-FF-FF-FF-FF-FF;;
851829;1786642285852;150D;Zweite Fahrstatistik;20;290;3;01-18-00-CB-FF-FF-FF-FF-47-18-FF-FF-FF-FF-FF-FF-FF-FF-00-00;;
852877;1786642286900;1502;Akkuinformationen;16;291;–;47-18-FF-FF-FF-FF-47-18-FF-FF-FF-FF-FF-FF-00-00;;
853292;1786642287315;1505;BikePerformance / Fahrleistung;18;291;0,1,2,3;06-04-06-04-FF-FF-00-DA-FF-FF-FF-FF-FF-00-00-00-00-00;;
853505;1786642287528;1506;Trip / Kilometer & Betriebszähler;16;291;7;00-00-1B-78-00-02-21-D0-00-00-02-BF-00-00-00-00;;
853932;1786642287955;1508;Settings / Licht & Fahrstufe;17;291;–;00-00-00-02-FF-FF-FF-FF-FF-FF-FF-01-00-00-00-00-00;;
854124;1786642288147;1509;BatteryChange / Akku-Livestand;11;291;0,1,5,6,10;0B-B8-FF-FF-56-C8-C8-00-00-00-9A;;
854338;1786642288361;150A;MotorUpdate / Motor-Livestand;10;291;–;07-D0-FF-FF-FF-FF-FF-FF-FF-FF;;
854551;1786642288574;150B;Motor-/Controllerblock;20;291;–;FF-FF-FF-FF-FF-FF-FF-FF-FF-FF-FF-FF-FF-FF-FF-FF-FF-FF-FF-FF;;
854755;1786642288778;150D;Zweite Fahrstatistik;20;291;–;01-18-00-CB-FF-FF-FF-FF-47-18-FF-FF-FF-FF-FF-FF-FF-FF-00-00;;
855800;1786642289823;1502;Akkuinformationen;16;292;–;47-18-FF-FF-FF-FF-47-18-FF-FF-FF-FF-FF-FF-00-00;;
856218;1786642290241;1505;BikePerformance / Fahrleistung;18;292;0,1,2,3;00-00-00-00-FF-FF-00-DA-FF-FF-FF-FF-FF-00-00-00-00-00;;
856430;1786642290453;1506;Trip / Kilometer & Betriebszähler;16;292;7;00-00-1B-78-00-02-21-D3-00-00-02-BF-00-00-00-00;;
856848;1786642290871;1508;Settings / Licht & Fahrstufe;17;292;–;00-00-00-02-FF-FF-FF-FF-FF-FF-FF-01-00-00-00-00-00;;
857050;1786642291073;1509;BatteryChange / Akku-Livestand;11;292;5,6;0B-B8-FF-FF-56-C9-2C-00-00-00-9A;;
857262;1786642291285;150A;MotorUpdate / Motor-Livestand;10;292;0,1;0B-B8-FF-FF-FF-FF-FF-FF-FF-FF;;
857465;1786642291488;150B;Motor-/Controllerblock;20;292;–;FF-FF-FF-FF-FF-FF-FF-FF-FF-FF-FF-FF-FF-FF-FF-FF-FF-FF-FF-FF;;
857681;1786642291704;150D;Zweite Fahrstatistik;20;292;–;01-18-00-CB-FF-FF-FF-FF-47-18-FF-FF-FF-FF-FF-FF-FF-FF-00-00;;
858727;1786642292750;1502;Akkuinformationen;16;293;–;47-18-FF-FF-FF-FF-47-18-FF-FF-FF-FF-FF-FF-00-00;;
859142;1786642293165;1505;BikePerformance / Fahrleistung;18;293;–;00-00-00-00-FF-FF-00-DA-FF-FF-FF-FF-FF-00-00-00-00-00;;
859344;1786642293367;1506;Trip / Kilometer & Betriebszähler;16;293;7;00-00-1B-78-00-02-21-D6-00-00-02-BF-00-00-00-00;;
859775;1786642293798;1508;Settings / Licht & Fahrstufe;17;293;–;00-00-00-02-FF-FF-FF-FF-FF-FF-FF-01-00-00-00-00-00;;
859975;1786642293998;1509;BatteryChange / Akku-Livestand;11;293;–;0B-B8-FF-FF-56-C9-2C-00-00-00-9A;;
860189;1786642294212;150A;MotorUpdate / Motor-Livestand;10;293;–;0B-B8-FF-FF-FF-FF-FF-FF-FF-FF;;
860391;1786642294414;150B;Motor-/Controllerblock;20;293;–;FF-FF-FF-FF-FF-FF-FF-FF-FF-FF-FF-FF-FF-FF-FF-FF-FF-FF-FF-FF;;
860604;1786642294627;150D;Zweite Fahrstatistik;20;293;–;01-18-00-CB-FF-FF-FF-FF-47-18-FF-FF-FF-FF-FF-FF-FF-FF-00-00;;
861650;1786642295673;1502;Akkuinformationen;16;294;–;47-18-FF-FF-FF-FF-47-18-FF-FF-FF-FF-FF-FF-00-00;;
862066;1786642296089;1505;BikePerformance / Fahrleistung;18;294;0,1,2,3;06-04-06-04-FF-FF-00-DA-FF-FF-FF-FF-FF-00-00-00-00-00;;
862269;1786642296292;1506;Trip / Kilometer & Betriebszähler;16;294;7;00-00-1B-78-00-02-21-D9-00-00-02-BF-00-00-00-00;;
862687;1786642296710;1508;Settings / Licht & Fahrstufe;17;294;–;00-00-00-02-FF-FF-FF-FF-FF-FF-FF-01-00-00-00-00-00;;
862900;1786642296923;1509;BatteryChange / Akku-Livestand;11;294;5,6;0B-B8-FF-FF-56-C8-C8-00-00-00-9A;;
863103;1786642297126;150A;MotorUpdate / Motor-Livestand;10;294;–;0B-B8-FF-FF-FF-FF-FF-FF-FF-FF;;
863319;1786642297342;150B;Motor-/Controllerblock;20;294;–;FF-FF-FF-FF-FF-FF-FF-FF-FF-FF-FF-FF-FF-FF-FF-FF-FF-FF-FF-FF;;
863530;1786642297553;150D;Zweite Fahrstatistik;20;294;–;01-18-00-CB-FF-FF-FF-FF-47-18-FF-FF-FF-FF-FF-FF-FF-FF-00-00;;
864565;1786642298588;1502;Akkuinformationen;16;295;–;47-18-FF-FF-FF-FF-47-18-FF-FF-FF-FF-FF-FF-00-00;;
864991;1786642299014;1505;BikePerformance / Fahrleistung;18;295;0,1,2,3;00-00-00-00-FF-FF-00-DA-FF-FF-FF-FF-FF-00-00-00-00-00;;
865194;1786642299217;1506;Trip / Kilometer & Betriebszähler;16;295;3,7;00-00-1B-79-00-02-21-DB-00-00-02-BF-00-00-00-00;;
865611;1786642299634;1508;Settings / Licht & Fahrstufe;17;295;–;00-00-00-02-FF-FF-FF-FF-FF-FF-FF-01-00-00-00-00-00;;
865825;1786642299848;1509;BatteryChange / Akku-Livestand;11;295;6;0B-B8-FF-FF-56-C8-64-00-00-00-9A;;
866027;1786642300050;150A;MotorUpdate / Motor-Livestand;10;295;–;0B-B8-FF-FF-FF-FF-FF-FF-FF-FF;;
866242;1786642300265;150B;Motor-/Controllerblock;20;295;–;FF-FF-FF-FF-FF-FF-FF-FF-FF-FF-FF-FF-FF-FF-FF-FF-FF-FF-FF-FF;;
866444;1786642300467;150D;Zweite Fahrstatistik;20;295;3;01-18-00-CC-FF-FF-FF-FF-47-18-FF-FF-FF-FF-FF-FF-FF-FF-00-00;;
867489;1786642301512;1502;Akkuinformationen;16;296;–;47-18-FF-FF-FF-FF-47-18-FF-FF-FF-FF-FF-FF-00-00;;
867910;1786642301933;1505;BikePerformance / Fahrleistung;18;296;0,1,2,3;04-06-04-06-FF-FF-00-DA-FF-FF-FF-FF-FF-00-00-00-00-00;;
868121;1786642302144;1506;Trip / Kilometer & Betriebszähler;16;296;7;00-00-1B-79-00-02-21-DE-00-00-02-BF-00-00-00-00;;
868536;1786642302559;1508;Settings / Licht & Fahrstufe;17;296;–;00-00-00-02-FF-FF-FF-FF-FF-FF-FF-01-00-00-00-00-00;;
868749;1786642302772;1509;BatteryChange / Akku-Livestand;11;296;0,1,5,6,10;07-D0-FF-FF-56-C9-2C-00-00-00-67;;
868952;1786642302975;150A;MotorUpdate / Motor-Livestand;10;296;0,1;07-D0-FF-FF-FF-FF-FF-FF-FF-FF;;
869165;1786642303188;150B;Motor-/Controllerblock;20;296;–;FF-FF-FF-FF-FF-FF-FF-FF-FF-FF-FF-FF-FF-FF-FF-FF-FF-FF-FF-FF;;
869367;1786642303390;150D;Zweite Fahrstatistik;20;296;–;01-18-00-CC-FF-FF-FF-FF-47-18-FF-FF-FF-FF-FF-FF-FF-FF-00-00;;
870414;1786642304437;1502;Akkuinformationen;16;297;–;47-18-FF-FF-FF-FF-47-18-FF-FF-FF-FF-FF-FF-00-00;;
870833;1786642304856;1505;BikePerformance / Fahrleistung;18;297;–;04-06-04-06-FF-FF-00-DA-FF-FF-FF-FF-FF-00-00-00-00-00;;
871045;1786642305068;1506;Trip / Kilometer & Betriebszähler;16;297;7;00-00-1B-79-00-02-21-E1-00-00-02-BF-00-00-00-00;;
871460;1786642305483;1508;Settings / Licht & Fahrstufe;17;297;–;00-00-00-02-FF-FF-FF-FF-FF-FF-FF-01-00-00-00-00-00;;
871664;1786642305687;1509;BatteryChange / Akku-Livestand;11;297;0,1,6,10;00-00-FF-FF-56-C9-F4-00-00-00-00;;
871879;1786642305902;150A;MotorUpdate / Motor-Livestand;10;297;0,1;00-00-FF-FF-FF-FF-FF-FF-FF-FF;;
872092;1786642306115;150B;Motor-/Controllerblock;20;297;–;FF-FF-FF-FF-FF-FF-FF-FF-FF-FF-FF-FF-FF-FF-FF-FF-FF-FF-FF-FF;;
872295;1786642306318;150D;Zweite Fahrstatistik;20;297;–;01-18-00-CC-FF-FF-FF-FF-47-18-FF-FF-FF-FF-FF-FF-FF-FF-00-00;;
873341;1786642307364;1502;Akkuinformationen;16;298;–;47-18-FF-FF-FF-FF-47-18-FF-FF-FF-FF-FF-FF-00-00;;
873756;1786642307779;1505;BikePerformance / Fahrleistung;18;298;–;04-06-04-06-FF-FF-00-DA-FF-FF-FF-FF-FF-00-00-00-00-00;;
873972;1786642307995;1506;Trip / Kilometer & Betriebszähler;16;298;7;00-00-1B-79-00-02-21-E4-00-00-02-BF-00-00-00-00;;
874387;1786642308410;1508;Settings / Licht & Fahrstufe;17;298;–;00-00-00-02-FF-FF-FF-FF-FF-FF-FF-01-00-00-00-00-00;;
874589;1786642308612;1509;BatteryChange / Akku-Livestand;11;298;0,1,6,10;07-D0-FF-FF-56-C9-2C-00-00-00-67;;
874813;1786642308836;150A;MotorUpdate / Motor-Livestand;10;298;0,1;07-D0-FF-FF-FF-FF-FF-FF-FF-FF;;
875005;1786642309028;150B;Motor-/Controllerblock;20;298;–;FF-FF-FF-FF-FF-FF-FF-FF-FF-FF-FF-FF-FF-FF-FF-FF-FF-FF-FF-FF;;
875218;1786642309241;150D;Zweite Fahrstatistik;20;298;–;01-18-00-CC-FF-FF-FF-FF-47-18-FF-FF-FF-FF-FF-FF-FF-FF-00-00;;
876268;1786642310291;1502;Akkuinformationen;16;299;–;47-18-FF-FF-FF-FF-47-18-FF-FF-FF-FF-FF-FF-00-00;;
876682;1786642310705;1505;BikePerformance / Fahrleistung;18;299;0,1,2,3;01-FE-01-FE-FF-FF-00-DA-FF-FF-FF-FF-FF-00-00-00-00-00;;
876884;1786642310907;1506;Trip / Kilometer & Betriebszähler;16;299;7;00-00-1B-79-00-02-21-E7-00-00-02-BF-00-00-00-00;;
877300;1786642311323;1508;Settings / Licht & Fahrstufe;17;299;–;00-00-00-02-FF-FF-FF-FF-FF-FF-FF-01-00-00-00-00-00;;
877513;1786642311536;1509;BatteryChange / Akku-Livestand;11;299;0,1,5,6,10;03-E8-FF-FF-56-CB-20-00-00-00-34;;
877728;1786642311751;150A;MotorUpdate / Motor-Livestand;10;299;0,1;03-E8-FF-FF-FF-FF-FF-FF-FF-FF;;
877931;1786642311954;150B;Motor-/Controllerblock;20;299;–;FF-FF-FF-FF-FF-FF-FF-FF-FF-FF-FF-FF-FF-FF-FF-FF-FF-FF-FF-FF;;
878143;1786642312166;150D;Zweite Fahrstatistik;20;299;–;01-18-00-CC-FF-FF-FF-FF-47-18-FF-FF-FF-FF-FF-FF-FF-FF-00-00;;
879179;1786642313202;1502;Akkuinformationen;16;300;–;47-18-FF-FF-FF-FF-47-18-FF-FF-FF-FF-FF-FF-00-00;;
879608;1786642313631;1505;BikePerformance / Fahrleistung;18;300;0,1,2,3;03-FC-03-FC-FF-FF-00-DA-FF-FF-FF-FF-FF-00-00-00-00-00;;
879810;1786642313833;1506;Trip / Kilometer & Betriebszähler;16;300;7;00-00-1B-79-00-02-21-EA-00-00-02-BF-00-00-00-00;;
880225;1786642314248;1508;Settings / Licht & Fahrstufe;17;300;–;00-00-00-02-FF-FF-FF-FF-FF-FF-FF-01-00-00-00-00-00;;
880440;1786642314463;1509;BatteryChange / Akku-Livestand;11;300;0,1,5,6,10;07-D0-FF-FF-56-C9-90-00-00-00-67;;
880642;1786642314665;150A;MotorUpdate / Motor-Livestand;10;300;0,1;07-D0-FF-FF-FF-FF-FF-FF-FF-FF;;
880856;1786642314879;150B;Motor-/Controllerblock;20;300;–;FF-FF-FF-FF-FF-FF-FF-FF-FF-FF-FF-FF-FF-FF-FF-FF-FF-FF-FF-FF;;
881071;1786642315094;150D;Zweite Fahrstatistik;20;300;–;01-18-00-CC-FF-FF-FF-FF-47-18-FF-FF-FF-FF-FF-FF-FF-FF-00-00;;
882105;1786642316128;1502;Akkuinformationen;16;301;–;47-18-FF-FF-FF-FF-47-18-FF-FF-FF-FF-FF-FF-00-00;;
882522;1786642316545;1505;BikePerformance / Fahrleistung;18;301;0,1,2,3;01-FE-01-FE-FF-FF-00-DA-FF-FF-FF-FF-FF-00-00-00-00-00;;
882736;1786642316759;1506;Trip / Kilometer & Betriebszähler;16;301;3,7;00-00-1B-7A-00-02-21-ED-00-00-02-BF-00-00-00-00;;
883149;1786642317172;1508;Settings / Licht & Fahrstufe;17;301;–;00-00-00-02-FF-FF-FF-FF-FF-FF-FF-01-00-00-00-00-00;;
883364;1786642317387;1509;BatteryChange / Akku-Livestand;11;301;0,1,6,10;00-00-FF-FF-56-C9-F4-00-00-00-00;;
883566;1786642317589;150A;MotorUpdate / Motor-Livestand;10;301;0,1;03-E8-FF-FF-FF-FF-FF-FF-FF-FF;;
883780;1786642317803;150B;Motor-/Controllerblock;20;301;–;FF-FF-FF-FF-FF-FF-FF-FF-FF-FF-FF-FF-FF-FF-FF-FF-FF-FF-FF-FF;;
883982;1786642318005;150D;Zweite Fahrstatistik;20;301;–;01-18-00-CC-FF-FF-FF-FF-47-18-FF-FF-FF-FF-FF-FF-FF-FF-00-00;;
885029;1786642319052;1502;Akkuinformationen;16;302;–;47-18-FF-FF-FF-FF-47-18-FF-FF-FF-FF-FF-FF-00-00;;
885446;1786642319469;1505;BikePerformance / Fahrleistung;18;302;0,1,2,3;05-FA-05-FA-FF-FF-00-DA-FF-FF-FF-FF-FF-00-00-00-00-00;;
885658;1786642319681;1506;Trip / Kilometer & Betriebszähler;16;302;7;00-00-1B-7A-00-02-21-F0-00-00-02-BF-00-00-00-00;;
886076;1786642320099;1508;Settings / Licht & Fahrstufe;17;302;–;00-00-00-02-FF-FF-FF-FF-FF-FF-FF-01-00-00-00-00-00;;
886281;1786642320304;1509;BatteryChange / Akku-Livestand;11;302;0,1,5,6,10;0F-A0-FF-FF-56-C8-64-00-00-00-99;;
886492;1786642320515;150A;MotorUpdate / Motor-Livestand;10;302;0,1;0B-B8-FF-FF-FF-FF-FF-FF-FF-FF;;
886706;1786642320729;150B;Motor-/Controllerblock;20;302;–;FF-FF-FF-FF-FF-FF-FF-FF-FF-FF-FF-FF-FF-FF-FF-FF-FF-FF-FF-FF;;
886907;1786642320930;150D;Zweite Fahrstatistik;20;302;–;01-18-00-CC-FF-FF-FF-FF-47-18-FF-FF-FF-FF-FF-FF-FF-FF-00-00;;
887954;1786642321977;1502;Akkuinformationen;16;303;–;47-18-FF-FF-FF-FF-47-18-FF-FF-FF-FF-FF-FF-00-00;;
888372;1786642322395;1505;BikePerformance / Fahrleistung;18;303;0,1,2,3;03-FC-03-FC-FF-FF-00-DA-FF-FF-FF-FF-FF-00-00-00-00-00;;
888583;1786642322606;1506;Trip / Kilometer & Betriebszähler;16;303;7;00-00-1B-7A-00-02-21-F3-00-00-02-BF-00-00-00-00;;
889002;1786642323025;1508;Settings / Licht & Fahrstufe;17;303;–;00-00-00-02-FF-FF-FF-FF-FF-FF-FF-01-00-00-00-00-00;;
889203;1786642323226;1509;BatteryChange / Akku-Livestand;11;303;0,1,5,6,10;07-D0-FF-FF-56-C9-90-00-00-00-67;;
889416;1786642323439;150A;MotorUpdate / Motor-Livestand;10;303;0,1;03-E8-FF-FF-FF-FF-FF-FF-FF-FF;;
889620;1786642323643;150B;Motor-/Controllerblock;20;303;–;FF-FF-FF-FF-FF-FF-FF-FF-FF-FF-FF-FF-FF-FF-FF-FF-FF-FF-FF-FF;;
889833;1786642323856;150D;Zweite Fahrstatistik;20;303;–;01-18-00-CC-FF-FF-FF-FF-47-18-FF-FF-FF-FF-FF-FF-FF-FF-00-00;;
890880;1786642324903;1502;Akkuinformationen;16;304;–;47-18-FF-FF-FF-FF-47-18-FF-FF-FF-FF-FF-FF-00-00;;
891295;1786642325318;1505;BikePerformance / Fahrleistung;18;304;0,1,2,3;01-FE-01-FE-FF-FF-00-DA-FF-FF-FF-FF-FF-00-00-00-00-00;;
891499;1786642325522;1506;Trip / Kilometer & Betriebszähler;16;304;7;00-00-1B-7A-00-02-21-F6-00-00-02-BF-00-00-00-00;;
891928;1786642325951;1508;Settings / Licht & Fahrstufe;17;304;–;00-00-00-02-FF-FF-FF-FF-FF-FF-FF-01-00-00-00-00-00;;
892128;1786642326151;1509;BatteryChange / Akku-Livestand;11;304;0,1,5,6,10;03-E8-FF-FF-56-C8-C8-00-00-00-33;;
892341;1786642326364;150A;MotorUpdate / Motor-Livestand;10;304;0,1;07-D0-FF-FF-FF-FF-FF-FF-FF-FF;;
892545;1786642326568;150B;Motor-/Controllerblock;20;304;–;FF-FF-FF-FF-FF-FF-FF-FF-FF-FF-FF-FF-FF-FF-FF-FF-FF-FF-FF-FF;;
892757;1786642326780;150D;Zweite Fahrstatistik;20;304;–;01-18-00-CC-FF-FF-FF-FF-47-18-FF-FF-FF-FF-FF-FF-FF-FF-00-00;;
893803;1786642327826;1502;Akkuinformationen;16;305;–;47-18-FF-FF-FF-FF-47-18-FF-FF-FF-FF-FF-FF-00-00;;
894221;1786642328244;1505;BikePerformance / Fahrleistung;18;305;0,1,2,3;06-04-06-04-FF-FF-00-DA-FF-FF-FF-FF-FF-00-00-00-00-00;;
894425;1786642328448;1506;Trip / Kilometer & Betriebszähler;16;305;7;00-00-1B-7A-00-02-21-F9-00-00-02-BF-00-00-00-00;;
894839;1786642328862;1508;Settings / Licht & Fahrstufe;17;305;–;00-00-00-02-FF-FF-FF-FF-FF-FF-FF-01-00-00-00-00-00;;
895052;1786642329075;1509;BatteryChange / Akku-Livestand;11;305;0,1,6,10;0B-B8-FF-FF-56-C8-64-00-00-00-99;;
895256;1786642329279;150A;MotorUpdate / Motor-Livestand;10;305;0,1;0B-B8-FF-FF-FF-FF-FF-FF-FF-FF;;
895472;1786642329495;150B;Motor-/Controllerblock;20;305;–;FF-FF-FF-FF-FF-FF-FF-FF-FF-FF-FF-FF-FF-FF-FF-FF-FF-FF-FF-FF;;
895685;1786642329708;150D;Zweite Fahrstatistik;20;305;–;01-18-00-CC-FF-FF-FF-FF-47-18-FF-FF-FF-FF-FF-FF-FF-FF-00-00;;
896731;1786642330754;1502;Akkuinformationen;16;306;–;47-18-FF-FF-FF-FF-47-18-FF-FF-FF-FF-FF-FF-00-00;;
897147;1786642331170;1505;BikePerformance / Fahrleistung;18;306;0,1,2,3;03-FC-03-FC-FF-FF-00-DA-FF-FF-FF-FF-FF-00-00-00-00-00;;
897349;1786642331372;1506;Trip / Kilometer & Betriebszähler;16;306;3,7;00-00-1B-7B-00-02-21-FC-00-00-02-BF-00-00-00-00;;
897766;1786642331789;1508;Settings / Licht & Fahrstufe;17;306;–;00-00-00-02-FF-FF-FF-FF-FF-FF-FF-01-00-00-00-00-00;;
897978;1786642332001;1509;BatteryChange / Akku-Livestand;11;306;0,1,5,6,10;07-D0-FF-FF-56-C9-2C-00-00-00-66;;
898181;1786642332204;150A;MotorUpdate / Motor-Livestand;10;306;0,1;07-D0-FF-FF-FF-FF-FF-FF-FF-FF;;
898396;1786642332419;150B;Motor-/Controllerblock;20;306;–;FF-FF-FF-FF-FF-FF-FF-FF-FF-FF-FF-FF-FF-FF-FF-FF-FF-FF-FF-FF;;
898597;1786642332620;150D;Zweite Fahrstatistik;20;306;3;01-18-00-CD-FF-FF-FF-FF-47-18-FF-FF-FF-FF-FF-FF-FF-FF-00-00;;
899646;1786642333669;1502;Akkuinformationen;16;307;–;47-18-FF-FF-FF-FF-47-18-FF-FF-FF-FF-FF-FF-00-00;;
900060;1786642334083;1505;BikePerformance / Fahrleistung;18;307;–;03-FC-03-FC-FF-FF-00-DA-FF-FF-FF-FF-FF-00-00-00-00-00;;
900271;1786642334294;1506;Trip / Kilometer & Betriebszähler;16;307;7;00-00-1B-7B-00-02-21-FF-00-00-02-BF-00-00-00-00;;
900690;1786642334713;1508;Settings / Licht & Fahrstufe;17;307;–;00-00-00-02-FF-FF-FF-FF-FF-FF-FF-01-00-00-00-00-00;;
900895;1786642334918;1509;BatteryChange / Akku-Livestand;11;307;0,1,10;0B-B8-FF-FF-56-C9-2C-00-00-00-9A;;
901111;1786642335134;150A;MotorUpdate / Motor-Livestand;10;307;0,1;0B-B8-FF-FF-FF-FF-FF-FF-FF-FF;;
901322;1786642335345;150B;Motor-/Controllerblock;20;307;–;FF-FF-FF-FF-FF-FF-FF-FF-FF-FF-FF-FF-FF-FF-FF-FF-FF-FF-FF-FF;;
901524;1786642335547;150D;Zweite Fahrstatistik;20;307;–;01-18-00-CD-FF-FF-FF-FF-47-18-FF-FF-FF-FF-FF-FF-FF-FF-00-00;;
902569;1786642336592;1502;Akkuinformationen;16;308;–;47-18-FF-FF-FF-FF-47-18-FF-FF-FF-FF-FF-FF-00-00;;
902985;1786642337008;1505;BikePerformance / Fahrleistung;18;308;0,1,2,3;04-06-04-06-FF-FF-00-DA-FF-FF-FF-FF-FF-00-00-00-00-00;;
903200;1786642337223;1506;Trip / Kilometer & Betriebszähler;16;308;6,7;00-00-1B-7B-00-02-22-02-00-00-02-BF-00-00-00-00;;
903617;1786642337640;1508;Settings / Licht & Fahrstufe;17;308;–;00-00-00-02-FF-FF-FF-FF-FF-FF-FF-01-00-00-00-00-00;;
903817;1786642337840;1509;BatteryChange / Akku-Livestand;11;308;0,1,5,6,10;07-D0-FF-FF-56-C8-C8-00-00-00-66;;
904031;1786642338054;150A;MotorUpdate / Motor-Livestand;10;308;0,1;07-D0-FF-FF-FF-FF-FF-FF-FF-FF;;
904234;1786642338257;150B;Motor-/Controllerblock;20;308;–;FF-FF-FF-FF-FF-FF-FF-FF-FF-FF-FF-FF-FF-FF-FF-FF-FF-FF-FF-FF;;
904448;1786642338471;150D;Zweite Fahrstatistik;20;308;–;01-18-00-CD-FF-FF-FF-FF-47-18-FF-FF-FF-FF-FF-FF-FF-FF-00-00;;
905493;1786642339516;1502;Akkuinformationen;16;309;–;47-18-FF-FF-FF-FF-47-18-FF-FF-FF-FF-FF-FF-00-00;;
905913;1786642339936;1505;BikePerformance / Fahrleistung;18;309;0,1,2,3;03-FC-03-FC-FF-FF-00-DA-FF-FF-FF-FF-FF-00-00-00-00-00;;
906113;1786642340136;1506;Trip / Kilometer & Betriebszähler;16;309;7;00-00-1B-7B-00-02-22-05-00-00-02-BF-00-00-00-00;;
906540;1786642340563;1508;Settings / Licht & Fahrstufe;17;309;–;00-00-00-02-FF-FF-FF-FF-FF-FF-FF-01-00-00-00-00-00;;
906744;1786642340767;1509;BatteryChange / Akku-Livestand;11;309;0,1,5,6,10;00-00-FF-FF-56-C9-F4-00-00-00-00;;
906955;1786642340978;150A;MotorUpdate / Motor-Livestand;10;309;0,1;00-00-FF-FF-FF-FF-FF-FF-FF-FF;;
907162;1786642341185;150B;Motor-/Controllerblock;20;309;–;FF-FF-FF-FF-FF-FF-FF-FF-FF-FF-FF-FF-FF-FF-FF-FF-FF-FF-FF-FF;;
907375;1786642341398;150D;Zweite Fahrstatistik;20;309;–;01-18-00-CD-FF-FF-FF-FF-47-18-FF-FF-FF-FF-FF-FF-FF-FF-00-00;;
908420;1786642342443;1502;Akkuinformationen;16;310;–;47-18-FF-FF-FF-FF-47-18-FF-FF-FF-FF-FF-FF-00-00;;
908847;1786642342870;1505;BikePerformance / Fahrleistung;18;310;0,1,2,3,7;00-00-00-00-FF-FF-00-C3-FF-FF-FF-FF-FF-00-00-00-00-00;;
909039;1786642343062;1506;Trip / Kilometer & Betriebszähler;16;310;7;00-00-1B-7B-00-02-22-08-00-00-02-BF-00-00-00-00;;
909453;1786642343476;1508;Settings / Licht & Fahrstufe;17;310;–;00-00-00-02-FF-FF-FF-FF-FF-FF-FF-01-00-00-00-00-00;;
909681;1786642343704;1509;BatteryChange / Akku-Livestand;11;310;5,6;00-00-FF-FF-56-CA-58-00-00-00-00;;
909870;1786642343893;150A;MotorUpdate / Motor-Livestand;10;310;–;00-00-FF-FF-FF-FF-FF-FF-FF-FF;;
910085;1786642344108;150B;Motor-/Controllerblock;20;310;–;FF-FF-FF-FF-FF-FF-FF-FF-FF-FF-FF-FF-FF-FF-FF-FF-FF-FF-FF-FF;;
910299;1786642344322;150D;Zweite Fahrstatistik;20;310;–;01-18-00-CD-FF-FF-FF-FF-47-18-FF-FF-FF-FF-FF-FF-FF-FF-00-00;;
911333;1786642345356;1502;Akkuinformationen;16;311;–;47-18-FF-FF-FF-FF-47-18-FF-FF-FF-FF-FF-FF-00-00;;
911761;1786642345784;1505;BikePerformance / Fahrleistung;18;311;7;00-00-00-00-FF-FF-00-94-FF-FF-FF-FF-FF-00-00-00-00-00;;
911964;1786642345987;1506;Trip / Kilometer & Betriebszähler;16;311;7;00-00-1B-7B-00-02-22-0A-00-00-02-BF-00-00-00-00;;
912380;1786642346403;1508;Settings / Licht & Fahrstufe;17;311;–;00-00-00-02-FF-FF-FF-FF-FF-FF-FF-01-00-00-00-00-00;;
912593;1786642346616;1509;BatteryChange / Akku-Livestand;11;311;5,6;00-00-FF-FF-56-CC-4C-00-00-00-00;;
912798;1786642346821;150A;MotorUpdate / Motor-Livestand;10;311;–;00-00-FF-FF-FF-FF-FF-FF-FF-FF;;
913012;1786642347035;150B;Motor-/Controllerblock;20;311;–;FF-FF-FF-FF-FF-FF-FF-FF-FF-FF-FF-FF-FF-FF-FF-FF-FF-FF-FF-FF;;
913212;1786642347235;150D;Zweite Fahrstatistik;20;311;–;01-18-00-CD-FF-FF-FF-FF-47-18-FF-FF-FF-FF-FF-FF-FF-FF-00-00;;
914258;1786642348281;1502;Akkuinformationen;16;312;–;47-18-FF-FF-FF-FF-47-18-FF-FF-FF-FF-FF-FF-00-00;;
914677;1786642348700;1505;BikePerformance / Fahrleistung;18;312;0,1,2,3,7;01-FE-01-FE-FF-FF-00-4E-FF-FF-FF-FF-FF-00-00-00-00-00;;
914889;1786642348912;1506;Trip / Kilometer & Betriebszähler;16;312;7,8,9,10,11,12;00-00-1B-7B-00-02-22-00-FF-FF-FF-FF-FF-00-00-00;;
915305;1786642349328;1508;Settings / Licht & Fahrstufe;17;312;–;00-00-00-02-FF-FF-FF-FF-FF-FF-FF-01-00-00-00-00-00;;
915519;1786642349542;1509;BatteryChange / Akku-Livestand;11;312;0,1,5,6,9;13-88-FF-FF-56-C8-64-00-00-01-00;;
915720;1786642349743;150A;MotorUpdate / Motor-Livestand;10;312;0,1;13-88-FF-FF-FF-FF-FF-FF-FF-FF;;
915934;1786642349957;150B;Motor-/Controllerblock;20;312;–;FF-FF-FF-FF-FF-FF-FF-FF-FF-FF-FF-FF-FF-FF-FF-FF-FF-FF-FF-FF;;
916138;1786642350161;150D;Zweite Fahrstatistik;20;312;–;01-18-00-CD-FF-FF-FF-FF-47-18-FF-FF-FF-FF-FF-FF-FF-FF-00-00;;
917184;1786642351207;1502;Akkuinformationen;16;313;–;47-18-FF-FF-FF-FF-47-18-FF-FF-FF-FF-FF-FF-00-00;;
917600;1786642351623;1505;BikePerformance / Fahrleistung;18;313;0,1,2,3,7;08-0C-08-0C-FF-FF-00-91-FF-FF-FF-FF-FF-00-00-00-00-00;;
917813;1786642351836;1506;Trip / Kilometer & Betriebszähler;16;313;7,8,9,10,11,12;00-00-1B-7B-00-02-22-10-00-00-02-BF-00-00-00-00;;
918229;1786642352252;1508;Settings / Licht & Fahrstufe;17;313;–;00-00-00-02-FF-FF-FF-FF-FF-FF-FF-01-00-00-00-00-00;;
918434;1786642352457;1509;BatteryChange / Akku-Livestand;11;313;0,1,6,9,10;0F-A0-FF-FF-56-C8-C8-00-00-00-CE;;
918648;1786642352671;150A;MotorUpdate / Motor-Livestand;10;313;0,1;0F-A0-FF-FF-FF-FF-FF-FF-FF-FF;;
918860;1786642352883;150B;Motor-/Controllerblock;20;313;–;FF-FF-FF-FF-FF-FF-FF-FF-FF-FF-FF-FF-FF-FF-FF-FF-FF-FF-FF-FF;;
919063;1786642353086;150D;Zweite Fahrstatistik;20;313;3;01-18-00-CC-FF-FF-FF-FF-47-18-FF-FF-FF-FF-FF-FF-FF-FF-00-00;;
920109;1786642354132;1502;Akkuinformationen;16;314;–;47-18-FF-FF-FF-FF-47-18-FF-FF-FF-FF-FF-FF-00-00;;
920524;1786642354547;1505;BikePerformance / Fahrleistung;18;314;0,1,2,3,7;06-04-06-04-FF-FF-00-AE-FF-FF-FF-FF-FF-00-00-00-00-00;;
920739;1786642354762;1506;Trip / Kilometer & Betriebszähler;16;314;3,7;00-00-1B-7C-00-02-22-13-00-00-02-BF-00-00-00-00;;
921158;1786642355181;1508;Settings / Licht & Fahrstufe;17;314;–;00-00-00-02-FF-FF-FF-FF-FF-FF-FF-01-00-00-00-00-00;;
921357;1786642355380;1509;BatteryChange / Akku-Livestand;11;314;0,1,6,10;0B-B8-FF-FF-56-C8-64-00-00-00-99;;
921572;1786642355595;150A;MotorUpdate / Motor-Livestand;10;314;0,1;0B-B8-FF-FF-FF-FF-FF-FF-FF-FF;;
921787;1786642355810;150B;Motor-/Controllerblock;20;314;–;FF-FF-FF-FF-FF-FF-FF-FF-FF-FF-FF-FF-FF-FF-FF-FF-FF-FF-FF-FF;;
921987;1786642356010;150D;Zweite Fahrstatistik;20;314;–;01-18-00-CC-FF-FF-FF-FF-47-18-FF-FF-FF-FF-FF-FF-FF-FF-00-00;;
923036;1786642357059;1502;Akkuinformationen;16;315;–;47-18-FF-FF-FF-FF-47-18-FF-FF-FF-FF-FF-FF-00-00;;
923451;1786642357474;1505;BikePerformance / Fahrleistung;18;315;0,1,2,3,7;08-02-08-02-FF-FF-00-B1-FF-FF-FF-FF-FF-00-00-00-00-00;;
923653;1786642357676;1506;Trip / Kilometer & Betriebszähler;16;315;7;00-00-1B-7C-00-02-22-16-00-00-02-BF-00-00-00-00;;
924068;1786642358091;1508;Settings / Licht & Fahrstufe;17;315;–;00-00-00-02-FF-FF-FF-FF-FF-FF-FF-01-00-00-00-00-00;;
924282;1786642358305;1509;BatteryChange / Akku-Livestand;11;315;0,1,10;07-D0-FF-FF-56-C8-64-00-00-00-66;;
924495;1786642358518;150A;MotorUpdate / Motor-Livestand;10;315;0,1;07-D0-FF-FF-FF-FF-FF-FF-FF-FF;;
924700;1786642358723;150B;Motor-/Controllerblock;20;315;–;FF-FF-FF-FF-FF-FF-FF-FF-FF-FF-FF-FF-FF-FF-FF-FF-FF-FF-FF-FF;;
924912;1786642358935;150D;Zweite Fahrstatistik;20;315;–;01-18-00-CC-FF-FF-FF-FF-47-18-FF-FF-FF-FF-FF-FF-FF-FF-00-00;;
925949;1786642359972;1502;Akkuinformationen;16;316;–;47-18-FF-FF-FF-FF-47-18-FF-FF-FF-FF-FF-FF-00-00;;
926375;1786642360398;1505;BikePerformance / Fahrleistung;18;316;0,1,2,3,7;05-FA-05-FA-FF-FF-00-A9-FF-FF-FF-FF-FF-00-00-00-00-00;;
926579;1786642360602;1506;Trip / Kilometer & Betriebszähler;16;316;7;00-00-1B-7C-00-02-22-19-00-00-02-BF-00-00-00-00;;
926995;1786642361018;1508;Settings / Licht & Fahrstufe;17;316;–;00-00-00-02-FF-FF-FF-FF-FF-FF-FF-01-00-00-00-00-00;;
927210;1786642361233;1509;BatteryChange / Akku-Livestand;11;316;5,6,10;07-D0-FF-FF-56-C9-2C-00-00-00-9A;;
927411;1786642361434;150A;MotorUpdate / Motor-Livestand;10;316;0,1;0B-B8-FF-FF-FF-FF-FF-FF-FF-FF;;
927625;1786642361648;150B;Motor-/Controllerblock;20;316;–;FF-FF-FF-FF-FF-FF-FF-FF-FF-FF-FF-FF-FF-FF-FF-FF-FF-FF-FF-FF;;
927838;1786642361861;150D;Zweite Fahrstatistik;20;316;–;01-18-00-CC-FF-FF-FF-FF-47-18-FF-FF-FF-FF-FF-FF-FF-FF-00-00;;
928873;1786642362896;1502;Akkuinformationen;16;317;–;47-18-FF-FF-FF-FF-47-18-FF-FF-FF-FF-FF-FF-00-00;;
929290;1786642363313;1505;BikePerformance / Fahrleistung;18;317;0,1,2,3,7;04-06-04-06-FF-FF-00-B0-FF-FF-FF-FF-FF-00-00-00-00-00;;
929504;1786642363527;1506;Trip / Kilometer & Betriebszähler;16;317;7;00-00-1B-7C-00-02-22-1C-00-00-02-BF-00-00-00-00;;
929920;1786642363943;1508;Settings / Licht & Fahrstufe;17;317;–;00-00-00-02-FF-FF-FF-FF-FF-FF-FF-01-00-00-00-00-00;;
930133;1786642364156;1509;BatteryChange / Akku-Livestand;11;317;0,1,10;03-E8-FF-FF-56-C9-2C-00-00-00-67;;
930347;1786642364370;150A;MotorUpdate / Motor-Livestand;10;317;0,1;07-D0-FF-FF-FF-FF-FF-FF-FF-FF;;
930548;1786642364571;150B;Motor-/Controllerblock;20;317;–;FF-FF-FF-FF-FF-FF-FF-FF-FF-FF-FF-FF-FF-FF-FF-FF-FF-FF-FF-FF;;
930752;1786642364775;150D;Zweite Fahrstatistik;20;317;–;01-18-00-CC-FF-FF-FF-FF-47-18-FF-FF-FF-FF-FF-FF-FF-FF-00-00;;
931798;1786642365821;1502;Akkuinformationen;16;318;–;47-18-FF-FF-FF-FF-47-18-FF-FF-FF-FF-FF-FF-00-00;;
932214;1786642366237;1505;BikePerformance / Fahrleistung;18;318;7;04-06-04-06-FF-FF-00-AA-FF-FF-FF-FF-FF-00-00-00-00-00;;
932428;1786642366451;1506;Trip / Kilometer & Betriebszähler;16;318;7;00-00-1B-7C-00-02-22-1F-00-00-02-BF-00-00-00-00;;
932845;1786642366868;1508;Settings / Licht & Fahrstufe;17;318;–;00-00-00-02-FF-FF-FF-FF-FF-FF-FF-01-00-00-00-00-00;;
933048;1786642367071;1509;BatteryChange / Akku-Livestand;11;318;0,1;07-D0-FF-FF-56-C9-2C-00-00-00-67;;
933262;1786642367285;150A;MotorUpdate / Motor-Livestand;10;318;–;07-D0-FF-FF-FF-FF-FF-FF-FF-FF;;
933473;1786642367496;150B;Motor-/Controllerblock;20;318;–;FF-FF-FF-FF-FF-FF-FF-FF-FF-FF-FF-FF-FF-FF-FF-FF-FF-FF-FF-FF;;
933677;1786642367700;150D;Zweite Fahrstatistik;20;318;–;01-18-00-CC-FF-FF-FF-FF-47-18-FF-FF-FF-FF-FF-FF-FF-FF-00-00;;
934722;1786642368745;1502;Akkuinformationen;16;319;–;47-18-FF-FF-FF-FF-47-18-FF-FF-FF-FF-FF-FF-00-00;;
935138;1786642369161;1505;BikePerformance / Fahrleistung;18;319;0,1,2,3,7;01-FE-01-FE-FF-FF-00-A3-FF-FF-FF-FF-FF-00-00-00-00-00;;
935353;1786642369376;1506;Trip / Kilometer & Betriebszähler;16;319;7;00-00-1B-7C-00-02-22-22-00-00-02-BF-00-00-00-00;;
935769;1786642369792;1508;Settings / Licht & Fahrstufe;17;319;–;00-00-00-02-FF-FF-FF-FF-FF-FF-FF-01-00-00-00-00-00;;
935971;1786642369994;1509;BatteryChange / Akku-Livestand;11;319;0,1,10;03-E8-FF-FF-56-C9-2C-00-00-00-33;;
936184;1786642370207;150A;MotorUpdate / Motor-Livestand;10;319;–;07-D0-FF-FF-FF-FF-FF-FF-FF-FF;;
936400;1786642370423;150B;Motor-/Controllerblock;20;319;–;FF-FF-FF-FF-FF-FF-FF-FF-FF-FF-FF-FF-FF-FF-FF-FF-FF-FF-FF-FF;;
936606;1786642370629;150D;Zweite Fahrstatistik;20;319;–;01-18-00-CC-FF-FF-FF-FF-47-18-FF-FF-FF-FF-FF-FF-FF-FF-00-00;;
937648;1786642371671;1502;Akkuinformationen;16;320;–;47-18-FF-FF-FF-FF-47-18-FF-FF-FF-FF-FF-FF-00-00;;
938065;1786642372088;1505;BikePerformance / Fahrleistung;18;320;0,1,2,3,7;05-FA-05-FA-FF-FF-00-8F-FF-FF-FF-FF-FF-00-00-00-00-00;;
938267;1786642372290;1506;Trip / Kilometer & Betriebszähler;16;320;7;00-00-1B-7C-00-02-22-25-00-00-02-BF-00-00-00-00;;
938695;1786642372718;1508;Settings / Licht & Fahrstufe;17;320;–;00-00-00-02-FF-FF-FF-FF-FF-FF-FF-01-00-00-00-00-00;;
938897;1786642372920;1509;BatteryChange / Akku-Livestand;11;320;0,1,5,6,10;0B-B8-FF-FF-56-C8-64-00-00-00-99;;
939111;1786642373134;150A;MotorUpdate / Motor-Livestand;10;320;–;07-D0-FF-FF-FF-FF-FF-FF-FF-FF;;
939312;1786642373335;150B;Motor-/Controllerblock;20;320;–;FF-FF-FF-FF-FF-FF-FF-FF-FF-FF-FF-FF-FF-FF-FF-FF-FF-FF-FF-FF;;
939527;1786642373550;150D;Zweite Fahrstatistik;20;320;3;01-18-00-CB-FF-FF-FF-FF-47-18-FF-FF-FF-FF-FF-FF-FF-FF-00-00;;
940576;1786642374599;1502;Akkuinformationen;16;321;–;47-18-FF-FF-FF-FF-47-18-FF-FF-FF-FF-FF-FF-00-00;;
940989;1786642375012;1505;BikePerformance / Fahrleistung;18;321;0,1,2,3,7;00-00-00-00-FF-FF-00-84-FF-FF-FF-FF-FF-00-00-00-00-00;;
941195;1786642375218;1506;Trip / Kilometer & Betriebszähler;16;321;3,7;00-00-1B-7D-00-02-22-28-00-00-02-BF-00-00-00-00;;
941609;1786642375632;1508;Settings / Licht & Fahrstufe;17;321;–;00-00-00-02-FF-FF-FF-FF-FF-FF-FF-01-00-00-00-00-00;;
941822;1786642375845;1509;BatteryChange / Akku-Livestand;11;321;0,1,5,6,10;00-00-FF-FF-56-C9-F4-00-00-00-00;;
942026;1786642376049;150A;MotorUpdate / Motor-Livestand;10;321;0,1;00-00-FF-FF-FF-FF-FF-FF-FF-FF;;
942238;1786642376261;150B;Motor-/Controllerblock;20;321;–;FF-FF-FF-FF-FF-FF-FF-FF-FF-FF-FF-FF-FF-FF-FF-FF-FF-FF-FF-FF;;
942452;1786642376475;150D;Zweite Fahrstatistik;20;321;–;01-18-00-CB-FF-FF-FF-FF-47-18-FF-FF-FF-FF-FF-FF-FF-FF-00-00;;
943487;1786642377510;1502;Akkuinformationen;16;322;–;47-18-FF-FF-FF-FF-47-18-FF-FF-FF-FF-FF-FF-00-00;;
943914;1786642377937;1505;BikePerformance / Fahrleistung;18;322;7;00-00-00-00-FF-FF-00-55-FF-FF-FF-FF-FF-00-00-00-00-00;;
944117;1786642378140;1506;Trip / Kilometer & Betriebszähler;16;322;7;00-00-1B-7D-00-02-22-2B-00-00-02-BF-00-00-00-00;;
944535;1786642378558;1508;Settings / Licht & Fahrstufe;17;322;–;00-00-00-02-FF-FF-FF-FF-FF-FF-FF-01-00-00-00-00-00;;
944748;1786642378771;1509;BatteryChange / Akku-Livestand;11;322;0,1,6,10;03-E8-FF-FF-56-C9-90-00-00-00-33;;
944949;1786642378972;150A;MotorUpdate / Motor-Livestand;10;322;0,1;03-E8-FF-FF-FF-FF-FF-FF-FF-FF;;
945164;1786642379187;150B;Motor-/Controllerblock;20;322;–;FF-FF-FF-FF-FF-FF-FF-FF-FF-FF-FF-FF-FF-FF-FF-FF-FF-FF-FF-FF;;
945366;1786642379389;150D;Zweite Fahrstatistik;20;322;–;01-18-00-CB-FF-FF-FF-FF-47-18-FF-FF-FF-FF-FF-FF-FF-FF-00-00;;
946413;1786642380436;1502;Akkuinformationen;16;323;–;47-18-FF-FF-FF-FF-47-18-FF-FF-FF-FF-FF-FF-00-00;;
946830;1786642380853;1505;BikePerformance / Fahrleistung;18;323;0,1,2,3,7;04-06-04-06-FF-FF-00-57-FF-FF-FF-FF-FF-00-00-00-00-00;;
947056;1786642381079;1506;Trip / Kilometer & Betriebszähler;16;323;7;00-00-1B-7D-00-02-22-2E-00-00-02-BF-00-00-00-00;;
947470;1786642381493;1508;Settings / Licht & Fahrstufe;17;323;–;00-00-00-02-FF-FF-FF-FF-FF-FF-FF-01-00-00-00-00-00;;
947674;1786642381697;1509;BatteryChange / Akku-Livestand;11;323;0,1,6,10;07-D0-FF-FF-56-C9-2C-00-00-00-67;;
947885;1786642381908;150A;MotorUpdate / Motor-Livestand;10;323;–;03-E8-FF-FF-FF-FF-FF-FF-FF-FF;;
948088;1786642382111;150B;Motor-/Controllerblock;20;323;–;FF-FF-FF-FF-FF-FF-FF-FF-FF-FF-FF-FF-FF-FF-FF-FF-FF-FF-FF-FF;;
948293;1786642382316;150D;Zweite Fahrstatistik;20;323;–;01-18-00-CB-FF-FF-FF-FF-47-18-FF-FF-FF-FF-FF-FF-FF-FF-00-00;;
949336;1786642383359;1502;Akkuinformationen;16;324;–;47-18-FF-FF-FF-FF-47-18-FF-FF-FF-FF-FF-FF-00-00;;
949753;1786642383776;1505;BikePerformance / Fahrleistung;18;324;0,1,2,3,7;00-00-00-00-FF-FF-00-45-FF-FF-FF-FF-FF-00-00-00-00-00;;
949967;1786642383990;1506;Trip / Kilometer & Betriebszähler;16;324;7;00-00-1B-7D-00-02-22-31-00-00-02-BF-00-00-00-00;;
950383;1786642384406;1508;Settings / Licht & Fahrstufe;17;324;3;00-00-00-01-FF-FF-FF-FF-FF-FF-FF-01-00-00-00-00-00;;
950587;1786642384610;1509;BatteryChange / Akku-Livestand;11;324;0,1,5,6,10;00-00-FF-FF-56-CA-58-00-00-00-00;;
950800;1786642384823;150A;MotorUpdate / Motor-Livestand;10;324;0,1;00-00-FF-FF-FF-FF-FF-FF-FF-FF;;
951014;1786642385037;150B;Motor-/Controllerblock;20;324;–;FF-FF-FF-FF-FF-FF-FF-FF-FF-FF-FF-FF-FF-FF-FF-FF-FF-FF-FF-FF;;
951216;1786642385239;150D;Zweite Fahrstatistik;20;324;–;01-18-00-CB-FF-FF-FF-FF-47-18-FF-FF-FF-FF-FF-FF-FF-FF-00-00;;
952263;1786642386286;1502;Akkuinformationen;16;325;–;47-18-FF-FF-FF-FF-47-18-FF-FF-FF-FF-FF-FF-00-00;;
952680;1786642386703;1505;BikePerformance / Fahrleistung;18;325;0,1,2,3,7;01-FE-01-FE-FF-FF-00-34-FF-FF-FF-FF-FF-00-00-00-00-00;;
952893;1786642386916;1506;Trip / Kilometer & Betriebszähler;16;325;7;00-00-1B-7D-00-02-22-34-00-00-02-BF-00-00-00-00;;
953310;1786642387333;1508;Settings / Licht & Fahrstufe;17;325;–;00-00-00-01-FF-FF-FF-FF-FF-FF-FF-01-00-00-00-00-00;;
953523;1786642387546;1509;BatteryChange / Akku-Livestand;11;325;–;00-00-FF-FF-56-CA-58-00-00-00-00;;
953725;1786642387748;150A;MotorUpdate / Motor-Livestand;10;325;–;00-00-FF-FF-FF-FF-FF-FF-FF-FF;;
953928;1786642387951;150B;Motor-/Controllerblock;20;325;–;FF-FF-FF-FF-FF-FF-FF-FF-FF-FF-FF-FF-FF-FF-FF-FF-FF-FF-FF-FF;;
954144;1786642388167;150D;Zweite Fahrstatistik;20;325;–;01-18-00-CB-FF-FF-FF-FF-47-18-FF-FF-FF-FF-FF-FF-FF-FF-00-00;;
955188;1786642389211;1502;Akkuinformationen;16;326;–;47-18-FF-FF-FF-FF-47-18-FF-FF-FF-FF-FF-FF-00-00;;
955604;1786642389627;1505;BikePerformance / Fahrleistung;18;326;0,1,2,3,7;00-00-00-00-FF-FF-00-01-FF-FF-FF-FF-FF-00-00-00-00-00;;
955807;1786642389830;1506;Trip / Kilometer & Betriebszähler;16;326;7;00-00-1B-7D-00-02-22-37-00-00-02-BF-00-00-00-00;;
956221;1786642390244;1508;Settings / Licht & Fahrstufe;17;326;–;00-00-00-01-FF-FF-FF-FF-FF-FF-FF-01-00-00-00-00-00;;
956438;1786642390461;1509;BatteryChange / Akku-Livestand;11;326;6;00-00-FF-FF-56-CA-BC-00-00-00-00;;
956650;1786642390673;150A;MotorUpdate / Motor-Livestand;10;326;–;00-00-FF-FF-FF-FF-FF-FF-FF-FF;;
956855;1786642390878;150B;Motor-/Controllerblock;20;326;–;FF-FF-FF-FF-FF-FF-FF-FF-FF-FF-FF-FF-FF-FF-FF-FF-FF-FF-FF-FF;;
957066;1786642391089;150D;Zweite Fahrstatistik;20;326;–;01-18-00-CB-FF-FF-FF-FF-47-18-FF-FF-FF-FF-FF-FF-FF-FF-00-00;;
958101;1786642392124;1502;Akkuinformationen;16;327;–;47-18-FF-FF-FF-FF-47-18-FF-FF-FF-FF-FF-FF-00-00;;
958530;1786642392553;1505;BikePerformance / Fahrleistung;18;327;7;00-00-00-00-FF-FF-00-00-FF-FF-FF-FF-FF-00-00-00-00-00;;
958732;1786642392755;1506;Trip / Kilometer & Betriebszähler;16;327;–;00-00-1B-7D-00-02-22-37-00-00-02-BF-00-00-00-00;;
959147;1786642393170;1508;Settings / Licht & Fahrstufe;17;327;–;00-00-00-01-FF-FF-FF-FF-FF-FF-FF-01-00-00-00-00-00;;
959361;1786642393384;1509;BatteryChange / Akku-Livestand;11;327;–;00-00-FF-FF-56-CA-BC-00-00-00-00;;
959563;1786642393586;150A;MotorUpdate / Motor-Livestand;10;327;–;00-00-FF-FF-FF-FF-FF-FF-FF-FF;;
959777;1786642393800;150B;Motor-/Controllerblock;20;327;–;FF-FF-FF-FF-FF-FF-FF-FF-FF-FF-FF-FF-FF-FF-FF-FF-FF-FF-FF-FF;;
959990;1786642394013;150D;Zweite Fahrstatistik;20;327;–;01-18-00-CB-FF-FF-FF-FF-47-18-FF-FF-FF-FF-FF-FF-FF-FF-00-00;;
961029;1786642395052;1502;Akkuinformationen;16;328;–;47-18-FF-FF-FF-FF-47-18-FF-FF-FF-FF-FF-FF-00-00;;
961442;1786642395465;1505;BikePerformance / Fahrleistung;18;328;–;00-00-00-00-FF-FF-00-00-FF-FF-FF-FF-FF-00-00-00-00-00;;
961656;1786642395679;1506;Trip / Kilometer & Betriebszähler;16;328;–;00-00-1B-7D-00-02-22-37-00-00-02-BF-00-00-00-00;;
962072;1786642396095;1508;Settings / Licht & Fahrstufe;17;328;–;00-00-00-01-FF-FF-FF-FF-FF-FF-FF-01-00-00-00-00-00;;
962289;1786642396312;1509;BatteryChange / Akku-Livestand;11;328;–;00-00-FF-FF-56-CA-BC-00-00-00-00;;
962490;1786642396513;150A;MotorUpdate / Motor-Livestand;10;328;–;00-00-FF-FF-FF-FF-FF-FF-FF-FF;;
962704;1786642396727;150B;Motor-/Controllerblock;20;328;–;FF-FF-FF-FF-FF-FF-FF-FF-FF-FF-FF-FF-FF-FF-FF-FF-FF-FF-FF-FF;;
962907;1786642396930;150D;Zweite Fahrstatistik;20;328;–;01-18-00-CB-FF-FF-FF-FF-47-18-FF-FF-FF-FF-FF-FF-FF-FF-00-00;;
963952;1786642397975;1502;Akkuinformationen;16;329;–;47-18-FF-FF-FF-FF-47-18-FF-FF-FF-FF-FF-FF-00-00;;
964369;1786642398392;1505;BikePerformance / Fahrleistung;18;329;–;00-00-00-00-FF-FF-00-00-FF-FF-FF-FF-FF-00-00-00-00-00;;
964583;1786642398606;1506;Trip / Kilometer & Betriebszähler;16;329;–;00-00-1B-7D-00-02-22-37-00-00-02-BF-00-00-00-00;;
964999;1786642399022;1508;Settings / Licht & Fahrstufe;17;329;–;00-00-00-01-FF-FF-FF-FF-FF-FF-FF-01-00-00-00-00-00;;
965201;1786642399224;1509;BatteryChange / Akku-Livestand;11;329;–;00-00-FF-FF-56-CA-BC-00-00-00-00;;
965414;1786642399437;150A;MotorUpdate / Motor-Livestand;10;329;–;00-00-FF-FF-FF-FF-FF-FF-FF-FF;;
965629;1786642399652;150B;Motor-/Controllerblock;20;329;–;FF-FF-FF-FF-FF-FF-FF-FF-FF-FF-FF-FF-FF-FF-FF-FF-FF-FF-FF-FF;;
965831;1786642399854;150D;Zweite Fahrstatistik;20;329;–;01-18-00-CB-FF-FF-FF-FF-47-18-FF-FF-FF-FF-FF-FF-FF-FF-00-00;;
966877;1786642400900;1502;Akkuinformationen;16;330;–;47-18-FF-FF-FF-FF-47-18-FF-FF-FF-FF-FF-FF-00-00;;
967306;1786642401329;1505;BikePerformance / Fahrleistung;18;330;7;00-00-00-00-FF-FF-00-13-FF-FF-FF-FF-FF-00-00-00-00-00;;
967508;1786642401531;1506;Trip / Kilometer & Betriebszähler;16;330;7;00-00-1B-7D-00-02-22-39-00-00-02-BF-00-00-00-00;;
967925;1786642401948;1508;Settings / Licht & Fahrstufe;17;330;–;00-00-00-01-FF-FF-FF-FF-FF-FF-FF-01-00-00-00-00-00;;
968129;1786642402152;1509;BatteryChange / Akku-Livestand;11;330;–;00-00-FF-FF-56-CA-BC-00-00-00-00;;
968338;1786642402361;150A;MotorUpdate / Motor-Livestand;10;330;–;00-00-FF-FF-FF-FF-FF-FF-FF-FF;;
968541;1786642402564;150B;Motor-/Controllerblock;20;330;–;FF-FF-FF-FF-FF-FF-FF-FF-FF-FF-FF-FF-FF-FF-FF-FF-FF-FF-FF-FF;;
968754;1786642402777;150D;Zweite Fahrstatistik;20;330;–;01-18-00-CB-FF-FF-FF-FF-47-18-FF-FF-FF-FF-FF-FF-FF-FF-00-00;;
969803;1786642403826;1502;Akkuinformationen;16;331;–;47-18-FF-FF-FF-FF-47-18-FF-FF-FF-FF-FF-FF-00-00;;
970219;1786642404242;1505;BikePerformance / Fahrleistung;18;331;7;00-00-00-00-FF-FF-00-00-FF-FF-FF-FF-FF-00-00-00-00-00;;
970420;1786642404443;1506;Trip / Kilometer & Betriebszähler;16;331;7;00-00-1B-7D-00-02-22-3C-00-00-02-BF-00-00-00-00;;
970849;1786642404872;1508;Settings / Licht & Fahrstufe;17;331;–;00-00-00-01-FF-FF-FF-FF-FF-FF-FF-01-00-00-00-00-00;;
971050;1786642405073;1509;BatteryChange / Akku-Livestand;11;331;–;00-00-FF-FF-56-CA-BC-00-00-00-00;;
971265;1786642405288;150A;MotorUpdate / Motor-Livestand;10;331;–;00-00-FF-FF-FF-FF-FF-FF-FF-FF;;
971466;1786642405489;150B;Motor-/Controllerblock;20;331;–;FF-FF-FF-FF-FF-FF-FF-FF-FF-FF-FF-FF-FF-FF-FF-FF-FF-FF-FF-FF;;
971680;1786642405703;150D;Zweite Fahrstatistik;20;331;–;01-18-00-CB-FF-FF-FF-FF-47-18-FF-FF-FF-FF-FF-FF-FF-FF-00-00;;
972728;1786642406751;1502;Akkuinformationen;16;332;–;47-18-FF-FF-FF-FF-47-18-FF-FF-FF-FF-FF-FF-00-00;;
973144;1786642407167;1505;BikePerformance / Fahrleistung;18;332;–;00-00-00-00-FF-FF-00-00-FF-FF-FF-FF-FF-00-00-00-00-00;;
973345;1786642407368;1506;Trip / Kilometer & Betriebszähler;16;332;–;00-00-1B-7D-00-02-22-3C-00-00-02-BF-00-00-00-00;;
973766;1786642407789;1508;Settings / Licht & Fahrstufe;17;332;–;00-00-00-01-FF-FF-FF-FF-FF-FF-FF-01-00-00-00-00-00;;
973976;1786642407999;1509;BatteryChange / Akku-Livestand;11;332;–;00-00-FF-FF-56-CA-BC-00-00-00-00;;
974180;1786642408203;150A;MotorUpdate / Motor-Livestand;10;332;–;00-00-FF-FF-FF-FF-FF-FF-FF-FF;;
974394;1786642408417;150B;Motor-/Controllerblock;20;332;–;FF-FF-FF-FF-FF-FF-FF-FF-FF-FF-FF-FF-FF-FF-FF-FF-FF-FF-FF-FF;;
974609;1786642408632;150D;Zweite Fahrstatistik;20;332;–;01-18-00-CB-FF-FF-FF-FF-47-18-FF-FF-FF-FF-FF-FF-FF-FF-00-00;;
975643;1786642409666;1502;Akkuinformationen;16;333;–;47-18-FF-FF-FF-FF-47-18-FF-FF-FF-FF-FF-FF-00-00;;
976070;1786642410093;1505;BikePerformance / Fahrleistung;18;333;7;00-00-00-00-FF-FF-00-0F-FF-FF-FF-FF-FF-00-00-00-00-00;;
976274;1786642410297;1506;Trip / Kilometer & Betriebszähler;16;333;7;00-00-1B-7D-00-02-22-3E-00-00-02-BF-00-00-00-00;;
976686;1786642410709;1508;Settings / Licht & Fahrstufe;17;333;–;00-00-00-01-FF-FF-FF-FF-FF-FF-FF-01-00-00-00-00-00;;
976901;1786642410924;1509;BatteryChange / Akku-Livestand;11;333;–;00-00-FF-FF-56-CA-BC-00-00-00-00;;
977102;1786642411125;150A;MotorUpdate / Motor-Livestand;10;333;–;00-00-FF-FF-FF-FF-FF-FF-FF-FF;;
977317;1786642411340;150B;Motor-/Controllerblock;20;333;–;FF-FF-FF-FF-FF-FF-FF-FF-FF-FF-FF-FF-FF-FF-FF-FF-FF-FF-FF-FF;;
977518;1786642411541;150D;Zweite Fahrstatistik;20;333;–;01-18-00-CB-FF-FF-FF-FF-47-18-FF-FF-FF-FF-FF-FF-FF-FF-00-00;;
978565;1786642412588;1502;Akkuinformationen;16;334;–;47-18-FF-FF-FF-FF-47-18-FF-FF-FF-FF-FF-FF-00-00;;
978982;1786642413005;1505;BikePerformance / Fahrleistung;18;334;7;00-00-00-00-FF-FF-00-22-FF-FF-FF-FF-FF-00-00-00-00-00;;
979195;1786642413218;1506;Trip / Kilometer & Betriebszähler;16;334;7;00-00-1B-7D-00-02-22-41-00-00-02-BF-00-00-00-00;;
979613;1786642413636;1508;Settings / Licht & Fahrstufe;17;334;–;00-00-00-01-FF-FF-FF-FF-FF-FF-FF-01-00-00-00-00-00;;
979825;1786642413848;1509;BatteryChange / Akku-Livestand;11;334;–;00-00-FF-FF-56-CA-BC-00-00-00-00;;
980031;1786642414054;150A;MotorUpdate / Motor-Livestand;10;334;–;00-00-FF-FF-FF-FF-FF-FF-FF-FF;;
980245;1786642414268;150B;Motor-/Controllerblock;20;334;–;FF-FF-FF-FF-FF-FF-FF-FF-FF-FF-FF-FF-FF-FF-FF-FF-FF-FF-FF-FF;;
980444;1786642414467;150D;Zweite Fahrstatistik;20;334;–;01-18-00-CB-FF-FF-FF-FF-47-18-FF-FF-FF-FF-FF-FF-FF-FF-00-00;;
981493;1786642415516;1502;Akkuinformationen;16;335;–;47-18-FF-FF-FF-FF-47-18-FF-FF-FF-FF-FF-FF-00-00;;
981910;1786642415933;1505;BikePerformance / Fahrleistung;18;335;7;00-00-00-00-FF-FF-00-00-FF-FF-FF-FF-FF-00-00-00-00-00;;
982124;1786642416147;1506;Trip / Kilometer & Betriebszähler;16;335;7;00-00-1B-7D-00-02-22-43-00-00-02-BF-00-00-00-00;;
982536;1786642416559;1508;Settings / Licht & Fahrstufe;17;335;–;00-00-00-01-FF-FF-FF-FF-FF-FF-FF-01-00-00-00-00-00;;
982741;1786642416764;1509;BatteryChange / Akku-Livestand;11;335;–;00-00-FF-FF-56-CA-BC-00-00-00-00;;
982954;1786642416977;150A;MotorUpdate / Motor-Livestand;10;335;–;00-00-FF-FF-FF-FF-FF-FF-FF-FF;;
983169;1786642417192;150B;Motor-/Controllerblock;20;335;–;FF-FF-FF-FF-FF-FF-FF-FF-FF-FF-FF-FF-FF-FF-FF-FF-FF-FF-FF-FF;;
983369;1786642417392;150D;Zweite Fahrstatistik;20;335;–;01-18-00-CB-FF-FF-FF-FF-47-18-FF-FF-FF-FF-FF-FF-FF-FF-00-00;;
984417;1786642418440;1502;Akkuinformationen;16;336;–;47-18-FF-FF-FF-FF-47-18-FF-FF-FF-FF-FF-FF-00-00;;
984832;1786642418855;1505;BikePerformance / Fahrleistung;18;336;–;00-00-00-00-FF-FF-00-00-FF-FF-FF-FF-FF-00-00-00-00-00;;
985046;1786642419069;1506;Trip / Kilometer & Betriebszähler;16;336;–;00-00-1B-7D-00-02-22-43-00-00-02-BF-00-00-00-00;;
985463;1786642419486;1508;Settings / Licht & Fahrstufe;17;336;–;00-00-00-01-FF-FF-FF-FF-FF-FF-FF-01-00-00-00-00-00;;
985666;1786642419689;1509;BatteryChange / Akku-Livestand;11;336;–;00-00-FF-FF-56-CA-BC-00-00-00-00;;
985881;1786642419904;150A;MotorUpdate / Motor-Livestand;10;336;–;00-00-FF-FF-FF-FF-FF-FF-FF-FF;;
986094;1786642420117;150B;Motor-/Controllerblock;20;336;–;FF-FF-FF-FF-FF-FF-FF-FF-FF-FF-FF-FF-FF-FF-FF-FF-FF-FF-FF-FF;;
986297;1786642420320;150D;Zweite Fahrstatistik;20;336;–;01-18-00-CB-FF-FF-FF-FF-47-18-FF-FF-FF-FF-FF-FF-FF-FF-00-00;;
987343;1786642421366;1502;Akkuinformationen;16;337;–;47-18-FF-FF-FF-FF-47-18-FF-FF-FF-FF-FF-FF-00-00;;
987759;1786642421782;1505;BikePerformance / Fahrleistung;18;337;–;00-00-00-00-FF-FF-00-00-FF-FF-FF-FF-FF-00-00-00-00-00;;
987973;1786642421996;1506;Trip / Kilometer & Betriebszähler;16;337;–;00-00-1B-7D-00-02-22-43-00-00-02-BF-00-00-00-00;;
988388;1786642422411;1508;Settings / Licht & Fahrstufe;17;337;–;00-00-00-01-FF-FF-FF-FF-FF-FF-FF-01-00-00-00-00-00;;
988593;1786642422616;1509;BatteryChange / Akku-Livestand;11;337;–;00-00-FF-FF-56-CA-BC-00-00-00-00;;
988804;1786642422827;150A;MotorUpdate / Motor-Livestand;10;337;–;00-00-FF-FF-FF-FF-FF-FF-FF-FF;;
989007;1786642423030;150B;Motor-/Controllerblock;20;337;–;FF-FF-FF-FF-FF-FF-FF-FF-FF-FF-FF-FF-FF-FF-FF-FF-FF-FF-FF-FF;;
989220;1786642423243;150D;Zweite Fahrstatistik;20;337;–;01-18-00-CB-FF-FF-FF-FF-47-18-FF-FF-FF-FF-FF-FF-FF-FF-00-00;;
990266;1786642424289;1502;Akkuinformationen;16;338;–;47-18-FF-FF-FF-FF-47-18-FF-FF-FF-FF-FF-FF-00-00;;
990682;1786642424705;1505;BikePerformance / Fahrleistung;18;338;–;00-00-00-00-FF-FF-00-00-FF-FF-FF-FF-FF-00-00-00-00-00;;
990885;1786642424908;1506;Trip / Kilometer & Betriebszähler;16;338;–;00-00-1B-7D-00-02-22-43-00-00-02-BF-00-00-00-00;;
991301;1786642425324;1508;Settings / Licht & Fahrstufe;17;338;–;00-00-00-01-FF-FF-FF-FF-FF-FF-FF-01-00-00-00-00-00;;
991517;1786642425540;1509;BatteryChange / Akku-Livestand;11;338;–;00-00-FF-FF-56-CA-BC-00-00-00-00;;
991729;1786642425752;150A;MotorUpdate / Motor-Livestand;10;338;–;00-00-FF-FF-FF-FF-FF-FF-FF-FF;;
991933;1786642425956;150B;Motor-/Controllerblock;20;338;–;FF-FF-FF-FF-FF-FF-FF-FF-FF-FF-FF-FF-FF-FF-FF-FF-FF-FF-FF-FF;;
992145;1786642426168;150D;Zweite Fahrstatistik;20;338;–;01-18-00-CB-FF-FF-FF-FF-47-18-FF-FF-FF-FF-FF-FF-FF-FF-00-00;;
993182;1786642427205;1502;Akkuinformationen;16;339;–;47-18-FF-FF-FF-FF-47-18-FF-FF-FF-FF-FF-FF-00-00;;
993607;1786642427630;1505;BikePerformance / Fahrleistung;18;339;–;00-00-00-00-FF-FF-00-00-FF-FF-FF-FF-FF-00-00-00-00-00;;
993811;1786642427834;1506;Trip / Kilometer & Betriebszähler;16;339;–;00-00-1B-7D-00-02-22-43-00-00-02-BF-00-00-00-00;;
994225;1786642428248;1508;Settings / Licht & Fahrstufe;17;339;–;00-00-00-01-FF-FF-FF-FF-FF-FF-FF-01-00-00-00-00-00;;
994440;1786642428463;1509;BatteryChange / Akku-Livestand;11;339;5,6;00-00-FF-FF-56-CB-20-00-00-00-00;;
994643;1786642428666;150A;MotorUpdate / Motor-Livestand;10;339;–;00-00-FF-FF-FF-FF-FF-FF-FF-FF;;
994859;1786642428882;150B;Motor-/Controllerblock;20;339;–;FF-FF-FF-FF-FF-FF-FF-FF-FF-FF-FF-FF-FF-FF-FF-FF-FF-FF-FF-FF;;
995073;1786642429096;150D;Zweite Fahrstatistik;20;339;–;01-18-00-CB-FF-FF-FF-FF-47-18-FF-FF-FF-FF-FF-FF-FF-FF-00-00;;
996106;1786642430129;1502;Akkuinformationen;16;340;–;47-18-FF-FF-FF-FF-47-18-FF-FF-FF-FF-FF-FF-00-00;;
996534;1786642430557;1505;BikePerformance / Fahrleistung;18;340;–;00-00-00-00-FF-FF-00-00-FF-FF-FF-FF-FF-00-00-00-00-00;;
996736;1786642430759;1506;Trip / Kilometer & Betriebszähler;16;340;–;00-00-1B-7D-00-02-22-43-00-00-02-BF-00-00-00-00;;
997155;1786642431178;1508;Settings / Licht & Fahrstufe;17;340;–;00-00-00-01-FF-FF-FF-FF-FF-FF-FF-01-00-00-00-00-00;;
997366;1786642431389;1509;BatteryChange / Akku-Livestand;11;340;–;00-00-FF-FF-56-CB-20-00-00-00-00;;
997567;1786642431590;150A;MotorUpdate / Motor-Livestand;10;340;–;00-00-FF-FF-FF-FF-FF-FF-FF-FF;;
997781;1786642431804;150B;Motor-/Controllerblock;20;340;–;FF-FF-FF-FF-FF-FF-FF-FF-FF-FF-FF-FF-FF-FF-FF-FF-FF-FF-FF-FF;;
997982;1786642432005;150D;Zweite Fahrstatistik;20;340;–;01-18-00-CB-FF-FF-FF-FF-47-18-FF-FF-FF-FF-FF-FF-FF-FF-00-00;;
999029;1786642433052;1502;Akkuinformationen;16;341;–;47-18-FF-FF-FF-FF-47-18-FF-FF-FF-FF-FF-FF-00-00;;
999445;1786642433468;1505;BikePerformance / Fahrleistung;18;341;–;00-00-00-00-FF-FF-00-00-FF-FF-FF-FF-FF-00-00-00-00-00;;
999663;1786642433686;1506;Trip / Kilometer & Betriebszähler;16;341;–;00-00-1B-7D-00-02-22-43-00-00-02-BF-00-00-00-00;;
1000076;1786642434099;1508;Settings / Licht & Fahrstufe;17;341;–;00-00-00-01-FF-FF-FF-FF-FF-FF-FF-01-00-00-00-00-00;;
1000306;1786642434329;1509;BatteryChange / Akku-Livestand;11;341;5,6;00-00-FF-FF-56-CA-BC-00-00-00-00;;
1000495;1786642434518;150A;MotorUpdate / Motor-Livestand;10;341;–;00-00-FF-FF-FF-FF-FF-FF-FF-FF;;
1000708;1786642434731;150B;Motor-/Controllerblock;20;341;–;FF-FF-FF-FF-FF-FF-FF-FF-FF-FF-FF-FF-FF-FF-FF-FF-FF-FF-FF-FF;;
1000909;1786642434932;150D;Zweite Fahrstatistik;20;341;–;01-18-00-CB-FF-FF-FF-FF-47-18-FF-FF-FF-FF-FF-FF-FF-FF-00-00;;
1001955;1786642435978;1502;Akkuinformationen;16;342;–;47-18-FF-FF-FF-FF-47-18-FF-FF-FF-FF-FF-FF-00-00;;
1002372;1786642436395;1505;BikePerformance / Fahrleistung;18;342;–;00-00-00-00-FF-FF-00-00-FF-FF-FF-FF-FF-00-00-00-00-00;;
1002584;1786642436607;1506;Trip / Kilometer & Betriebszähler;16;342;–;00-00-1B-7D-00-02-22-43-00-00-02-BF-00-00-00-00;;
1003004;1786642437027;1508;Settings / Licht & Fahrstufe;17;342;–;00-00-00-01-FF-FF-FF-FF-FF-FF-FF-01-00-00-00-00-00;;
1003209;1786642437232;1509;BatteryChange / Akku-Livestand;11;342;5,6;00-00-FF-FF-56-CB-20-00-00-00-00;;
1003420;1786642437443;150A;MotorUpdate / Motor-Livestand;10;342;–;00-00-FF-FF-FF-FF-FF-FF-FF-FF;;
1003633;1786642437656;150B;Motor-/Controllerblock;20;342;–;FF-FF-FF-FF-FF-FF-FF-FF-FF-FF-FF-FF-FF-FF-FF-FF-FF-FF-FF-FF;;
1003835;1786642437858;150D;Zweite Fahrstatistik;20;342;–;01-18-00-CB-FF-FF-FF-FF-47-18-FF-FF-FF-FF-FF-FF-FF-FF-00-00;;
1004882;1786642438905;1502;Akkuinformationen;16;343;–;47-18-FF-FF-FF-FF-47-18-FF-FF-FF-FF-FF-FF-00-00;;
1005298;1786642439321;1505;BikePerformance / Fahrleistung;18;343;7;00-00-00-00-FF-FF-00-0B-FF-FF-FF-FF-FF-00-00-00-00-00;;
1005511;1786642439534;1506;Trip / Kilometer & Betriebszähler;16;343;7;00-00-1B-7D-00-02-22-45-00-00-02-BF-00-00-00-00;;
1005928;1786642439951;1508;Settings / Licht & Fahrstufe;17;343;–;00-00-00-01-FF-FF-FF-FF-FF-FF-FF-01-00-00-00-00-00;;
1006141;1786642440164;1509;BatteryChange / Akku-Livestand;11;343;–;00-00-FF-FF-56-CB-20-00-00-00-00;;
1006345;1786642440368;150A;MotorUpdate / Motor-Livestand;10;343;–;00-00-FF-FF-FF-FF-FF-FF-FF-FF;;
1006547;1786642440570;150B;Motor-/Controllerblock;20;343;–;FF-FF-FF-FF-FF-FF-FF-FF-FF-FF-FF-FF-FF-FF-FF-FF-FF-FF-FF-FF;;
1006762;1786642440785;150D;Zweite Fahrstatistik;20;343;–;01-18-00-CB-FF-FF-FF-FF-47-18-FF-FF-FF-FF-FF-FF-FF-FF-00-00;;
1007807;1786642441830;1502;Akkuinformationen;16;344;–;47-18-FF-FF-FF-FF-47-18-FF-FF-FF-FF-FF-FF-00-00;;
1008224;1786642442247;1505;BikePerformance / Fahrleistung;18;344;7;00-00-00-00-FF-FF-00-2C-FF-FF-FF-FF-FF-00-00-00-00-00;;
1008436;1786642442459;1506;Trip / Kilometer & Betriebszähler;16;344;7;00-00-1B-7D-00-02-22-48-00-00-02-BF-00-00-00-00;;
1008853;1786642442876;1508;Settings / Licht & Fahrstufe;17;344;–;00-00-00-01-FF-FF-FF-FF-FF-FF-FF-01-00-00-00-00-00;;
1009056;1786642443079;1509;BatteryChange / Akku-Livestand;11;344;–;00-00-FF-FF-56-CB-20-00-00-00-00;;
1009268;1786642443291;150A;MotorUpdate / Motor-Livestand;10;344;–;00-00-FF-FF-FF-FF-FF-FF-FF-FF;;
1009474;1786642443497;150B;Motor-/Controllerblock;20;344;–;FF-FF-FF-FF-FF-FF-FF-FF-FF-FF-FF-FF-FF-FF-FF-FF-FF-FF-FF-FF;;
1009685;1786642443708;150D;Zweite Fahrstatistik;20;344;–;01-18-00-CB-FF-FF-FF-FF-47-18-FF-FF-FF-FF-FF-FF-FF-FF-00-00;;
1010732;1786642444755;1502;Akkuinformationen;16;345;–;47-18-FF-FF-FF-FF-47-18-FF-FF-FF-FF-FF-FF-00-00;;
1011149;1786642445172;1505;BikePerformance / Fahrleistung;18;345;7;00-00-00-00-FF-FF-00-28-FF-FF-FF-FF-FF-00-00-00-00-00;;
1011351;1786642445374;1506;Trip / Kilometer & Betriebszähler;16;345;7;00-00-1B-7D-00-02-22-4A-00-00-02-BF-00-00-00-00;;
1011766;1786642445789;1508;Settings / Licht & Fahrstufe;17;345;–;00-00-00-01-FF-FF-FF-FF-FF-FF-FF-01-00-00-00-00-00;;
1011980;1786642446003;1509;BatteryChange / Akku-Livestand;11;345;–;00-00-FF-FF-56-CB-20-00-00-00-00;;
1012182;1786642446205;150A;MotorUpdate / Motor-Livestand;10;345;–;00-00-FF-FF-FF-FF-FF-FF-FF-FF;;
1012395;1786642446418;150B;Motor-/Controllerblock;20;345;–;FF-FF-FF-FF-FF-FF-FF-FF-FF-FF-FF-FF-FF-FF-FF-FF-FF-FF-FF-FF;;
1012622;1786642446645;150D;Zweite Fahrstatistik;20;345;–;01-18-00-CB-FF-FF-FF-FF-47-18-FF-FF-FF-FF-FF-FF-FF-FF-00-00;;
1013643;1786642447666;1502;Akkuinformationen;16;346;–;47-18-FF-FF-FF-FF-47-18-FF-FF-FF-FF-FF-FF-00-00;;
1014074;1786642448097;1505;BikePerformance / Fahrleistung;18;346;7;00-00-00-00-FF-FF-00-25-FF-FF-FF-FF-FF-00-00-00-00-00;;
1014275;1786642448298;1506;Trip / Kilometer & Betriebszähler;16;346;7;00-00-1B-7D-00-02-22-4D-00-00-02-BF-00-00-00-00;;
1014690;1786642448713;1508;Settings / Licht & Fahrstufe;17;346;–;00-00-00-01-FF-FF-FF-FF-FF-FF-FF-01-00-00-00-00-00;;
1014907;1786642448930;1509;BatteryChange / Akku-Livestand;11;346;–;00-00-FF-FF-56-CB-20-00-00-00-00;;
1015109;1786642449132;150A;MotorUpdate / Motor-Livestand;10;346;–;00-00-FF-FF-FF-FF-FF-FF-FF-FF;;
1015321;1786642449344;150B;Motor-/Controllerblock;20;346;–;FF-FF-FF-FF-FF-FF-FF-FF-FF-FF-FF-FF-FF-FF-FF-FF-FF-FF-FF-FF;;
1015523;1786642449546;150D;Zweite Fahrstatistik;20;346;–;01-18-00-CB-FF-FF-FF-FF-47-18-FF-FF-FF-FF-FF-FF-FF-FF-00-00;;
1016569;1786642450592;1502;Akkuinformationen;16;347;–;47-18-FF-FF-FF-FF-47-18-FF-FF-FF-FF-FF-FF-00-00;;
1016986;1786642451009;1505;BikePerformance / Fahrleistung;18;347;7;00-00-00-00-FF-FF-00-21-FF-FF-FF-FF-FF-00-00-00-00-00;;
1017200;1786642451223;1506;Trip / Kilometer & Betriebszähler;16;347;7;00-00-1B-7D-00-02-22-50-00-00-02-BF-00-00-00-00;;
1017627;1786642451650;1508;Settings / Licht & Fahrstufe;17;347;–;00-00-00-01-FF-FF-FF-FF-FF-FF-FF-01-00-00-00-00-00;;
1017829;1786642451852;1509;BatteryChange / Akku-Livestand;11;347;–;00-00-FF-FF-56-CB-20-00-00-00-00;;
1018033;1786642452056;150A;MotorUpdate / Motor-Livestand;10;347;–;00-00-FF-FF-FF-FF-FF-FF-FF-FF;;
1018247;1786642452270;150B;Motor-/Controllerblock;20;347;–;FF-FF-FF-FF-FF-FF-FF-FF-FF-FF-FF-FF-FF-FF-FF-FF-FF-FF-FF-FF;;
1018450;1786642452473;150D;Zweite Fahrstatistik;20;347;–;01-18-00-CB-FF-FF-FF-FF-47-18-FF-FF-FF-FF-FF-FF-FF-FF-00-00;;
1019497;1786642453520;1502;Akkuinformationen;16;348;–;47-18-FF-FF-FF-FF-47-18-FF-FF-FF-FF-FF-FF-00-00;;
1019912;1786642453935;1505;BikePerformance / Fahrleistung;18;348;7;00-00-00-00-FF-FF-00-28-FF-FF-FF-FF-FF-00-00-00-00-00;;
1020126;1786642454149;1506;Trip / Kilometer & Betriebszähler;16;348;7;00-00-1B-7D-00-02-22-53-00-00-02-BF-00-00-00-00;;
1020544;1786642454567;1508;Settings / Licht & Fahrstufe;17;348;–;00-00-00-01-FF-FF-FF-FF-FF-FF-FF-01-00-00-00-00-00;;
1020747;1786642454770;1509;BatteryChange / Akku-Livestand;11;348;–;00-00-FF-FF-56-CB-20-00-00-00-00;;
1020957;1786642454980;150A;MotorUpdate / Motor-Livestand;10;348;–;00-00-FF-FF-FF-FF-FF-FF-FF-FF;;
1021171;1786642455194;150B;Motor-/Controllerblock;20;348;–;FF-FF-FF-FF-FF-FF-FF-FF-FF-FF-FF-FF-FF-FF-FF-FF-FF-FF-FF-FF;;
1021375;1786642455398;150D;Zweite Fahrstatistik;20;348;–;01-18-00-CB-FF-FF-FF-FF-47-18-FF-FF-FF-FF-FF-FF-FF-FF-00-00;;
1022420;1786642456443;1502;Akkuinformationen;16;349;–;47-18-FF-FF-FF-FF-47-18-FF-FF-FF-FF-FF-FF-00-00;;
1022836;1786642456859;1505;BikePerformance / Fahrleistung;18;349;7;00-00-00-00-FF-FF-00-2C-FF-FF-FF-FF-FF-00-00-00-00-00;;
1023050;1786642457073;1506;Trip / Kilometer & Betriebszähler;16;349;7;00-00-1B-7D-00-02-22-56-00-00-02-BF-00-00-00-00;;
1023467;1786642457490;1508;Settings / Licht & Fahrstufe;17;349;–;00-00-00-01-FF-FF-FF-FF-FF-FF-FF-01-00-00-00-00-00;;
1023671;1786642457694;1509;BatteryChange / Akku-Livestand;11;349;–;00-00-FF-FF-56-CB-20-00-00-00-00;;
1023882;1786642457905;150A;MotorUpdate / Motor-Livestand;10;349;–;00-00-FF-FF-FF-FF-FF-FF-FF-FF;;
1024087;1786642458110;150B;Motor-/Controllerblock;20;349;–;FF-FF-FF-FF-FF-FF-FF-FF-FF-FF-FF-FF-FF-FF-FF-FF-FF-FF-FF-FF;;
1024300;1786642458323;150D;Zweite Fahrstatistik;20;349;–;01-18-00-CB-FF-FF-FF-FF-47-18-FF-FF-FF-FF-FF-FF-FF-FF-00-00;;
1025345;1786642459368;1502;Akkuinformationen;16;350;–;47-18-FF-FF-FF-FF-47-18-FF-FF-FF-FF-FF-FF-00-00;;
1025761;1786642459784;1505;BikePerformance / Fahrleistung;18;350;7;00-00-00-00-FF-FF-00-22-FF-FF-FF-FF-FF-00-00-00-00-00;;
1025966;1786642459989;1506;Trip / Kilometer & Betriebszähler;16;350;7;00-00-1B-7D-00-02-22-59-00-00-02-BF-00-00-00-00;;
1026392;1786642460415;1508;Settings / Licht & Fahrstufe;17;350;–;00-00-00-01-FF-FF-FF-FF-FF-FF-FF-01-00-00-00-00-00;;
1026595;1786642460618;1509;BatteryChange / Akku-Livestand;11;350;–;00-00-FF-FF-56-CB-20-00-00-00-00;;
1026809;1786642460832;150A;MotorUpdate / Motor-Livestand;10;350;–;00-00-FF-FF-FF-FF-FF-FF-FF-FF;;
1027010;1786642461033;150B;Motor-/Controllerblock;20;350;–;FF-FF-FF-FF-FF-FF-FF-FF-FF-FF-FF-FF-FF-FF-FF-FF-FF-FF-FF-FF;;
1027222;1786642461245;150D;Zweite Fahrstatistik;20;350;–;01-18-00-CB-FF-FF-FF-FF-47-18-FF-FF-FF-FF-FF-FF-FF-FF-00-00;;
1028269;1786642462292;1502;Akkuinformationen;16;351;–;47-18-FF-FF-FF-FF-47-18-FF-FF-FF-FF-FF-FF-00-00;;
1028686;1786642462709;1505;BikePerformance / Fahrleistung;18;351;7;00-00-00-00-FF-FF-00-25-FF-FF-FF-FF-FF-00-00-00-00-00;;
1028890;1786642462913;1506;Trip / Kilometer & Betriebszähler;16;351;7;00-00-1B-7D-00-02-22-5C-00-00-02-BF-00-00-00-00;;
1029307;1786642463330;1508;Settings / Licht & Fahrstufe;17;351;–;00-00-00-01-FF-FF-FF-FF-FF-FF-FF-01-00-00-00-00-00;;
1029519;1786642463542;1509;BatteryChange / Akku-Livestand;11;351;–;00-00-FF-FF-56-CB-20-00-00-00-00;;
1029722;1786642463745;150A;MotorUpdate / Motor-Livestand;10;351;–;00-00-FF-FF-FF-FF-FF-FF-FF-FF;;
1029936;1786642463959;150B;Motor-/Controllerblock;20;351;–;FF-FF-FF-FF-FF-FF-FF-FF-FF-FF-FF-FF-FF-FF-FF-FF-FF-FF-FF-FF;;
1030149;1786642464172;150D;Zweite Fahrstatistik;20;351;–;01-18-00-CB-FF-FF-FF-FF-47-18-FF-FF-FF-FF-FF-FF-FF-FF-00-00;;
1031185;1786642465208;1502;Akkuinformationen;16;352;–;47-18-FF-FF-FF-FF-47-18-FF-FF-FF-FF-FF-FF-00-00;;
1031613;1786642465636;1505;BikePerformance / Fahrleistung;18;352;7;00-00-00-00-FF-FF-00-26-FF-FF-FF-FF-FF-00-00-00-00-00;;
1031815;1786642465838;1506;Trip / Kilometer & Betriebszähler;16;352;7;00-00-1B-7D-00-02-22-5F-00-00-02-BF-00-00-00-00;;
1032232;1786642466255;1508;Settings / Licht & Fahrstufe;17;352;–;00-00-00-01-FF-FF-FF-FF-FF-FF-FF-01-00-00-00-00-00;;
1032446;1786642466469;1509;BatteryChange / Akku-Livestand;11;352;–;00-00-FF-FF-56-CB-20-00-00-00-00;;
1032648;1786642466671;150A;MotorUpdate / Motor-Livestand;10;352;–;00-00-FF-FF-FF-FF-FF-FF-FF-FF;;
1032862;1786642466885;150B;Motor-/Controllerblock;20;352;–;FF-FF-FF-FF-FF-FF-FF-FF-FF-FF-FF-FF-FF-FF-FF-FF-FF-FF-FF-FF;;
1033063;1786642467086;150D;Zweite Fahrstatistik;20;352;–;01-18-00-CB-FF-FF-FF-FF-47-18-FF-FF-FF-FF-FF-FF-FF-FF-00-00;;
1034111;1786642468134;1502;Akkuinformationen;16;353;–;47-18-FF-FF-FF-FF-47-18-FF-FF-FF-FF-FF-FF-00-00;;
1034527;1786642468550;1505;BikePerformance / Fahrleistung;18;353;7;00-00-00-00-FF-FF-00-1D-FF-FF-FF-FF-FF-00-00-00-00-00;;
1034741;1786642468764;1506;Trip / Kilometer & Betriebszähler;16;353;7;00-00-1B-7D-00-02-22-62-00-00-02-BF-00-00-00-00;;
1035157;1786642469180;1508;Settings / Licht & Fahrstufe;17;353;–;00-00-00-01-FF-FF-FF-FF-FF-FF-FF-01-00-00-00-00-00;;
1035369;1786642469392;1509;BatteryChange / Akku-Livestand;11;353;–;00-00-FF-FF-56-CB-20-00-00-00-00;;
1035573;1786642469596;150A;MotorUpdate / Motor-Livestand;10;353;–;00-00-FF-FF-FF-FF-FF-FF-FF-FF;;
1035786;1786642469809;150B;Motor-/Controllerblock;20;353;–;FF-FF-FF-FF-FF-FF-FF-FF-FF-FF-FF-FF-FF-FF-FF-FF-FF-FF-FF-FF;;
1035987;1786642470010;150D;Zweite Fahrstatistik;20;353;–;01-18-00-CB-FF-FF-FF-FF-47-18-FF-FF-FF-FF-FF-FF-FF-FF-00-00;;
1037035;1786642471058;1502;Akkuinformationen;16;354;–;47-18-FF-FF-FF-FF-47-18-FF-FF-FF-FF-FF-FF-00-00;;
1037451;1786642471474;1505;BikePerformance / Fahrleistung;18;354;7;00-00-00-00-FF-FF-00-0B-FF-FF-FF-FF-FF-00-00-00-00-00;;
1037668;1786642471691;1506;Trip / Kilometer & Betriebszähler;16;354;7;00-00-1B-7D-00-02-22-65-00-00-02-BF-00-00-00-00;;
1038082;1786642472105;1508;Settings / Licht & Fahrstufe;17;354;–;00-00-00-01-FF-FF-FF-FF-FF-FF-FF-01-00-00-00-00-00;;
1038283;1786642472306;1509;BatteryChange / Akku-Livestand;11;354;–;00-00-FF-FF-56-CB-20-00-00-00-00;;
1038496;1786642472519;150A;MotorUpdate / Motor-Livestand;10;354;–;00-00-FF-FF-FF-FF-FF-FF-FF-FF;;
1038711;1786642472734;150B;Motor-/Controllerblock;20;354;–;FF-FF-FF-FF-FF-FF-FF-FF-FF-FF-FF-FF-FF-FF-FF-FF-FF-FF-FF-FF;;
1038916;1786642472939;150D;Zweite Fahrstatistik;20;354;–;01-18-00-CB-FF-FF-FF-FF-47-18-FF-FF-FF-FF-FF-FF-FF-FF-00-00;;
1039959;1786642473982;1502;Akkuinformationen;16;355;–;47-18-FF-FF-FF-FF-47-18-FF-FF-FF-FF-FF-FF-00-00;;
1040377;1786642474400;1505;BikePerformance / Fahrleistung;18;355;7;00-00-00-00-FF-FF-00-00-FF-FF-FF-FF-FF-00-00-00-00-00;;
1040590;1786642474613;1506;Trip / Kilometer & Betriebszähler;16;355;7;00-00-1B-7D-00-02-22-66-00-00-02-BF-00-00-00-00;;
1041017;1786642475040;1508;Settings / Licht & Fahrstufe;17;355;0;01-00-00-01-FF-FF-FF-FF-FF-FF-FF-01-00-00-00-00-00;;
1041210;1786642475233;1509;BatteryChange / Akku-Livestand;11;355;5,6;00-00-FF-FF-56-CA-BC-00-00-00-00;;
1041423;1786642475446;150A;MotorUpdate / Motor-Livestand;10;355;–;00-00-FF-FF-FF-FF-FF-FF-FF-FF;;
1041627;1786642475650;150B;Motor-/Controllerblock;20;355;–;FF-FF-FF-FF-FF-FF-FF-FF-FF-FF-FF-FF-FF-FF-FF-FF-FF-FF-FF-FF;;
1041840;1786642475863;150D;Zweite Fahrstatistik;20;355;–;01-18-00-CB-FF-FF-FF-FF-47-18-FF-FF-FF-FF-FF-FF-FF-FF-00-00;;
1042888;1786642476911;1502;Akkuinformationen;16;356;–;47-18-FF-FF-FF-FF-47-18-FF-FF-FF-FF-FF-FF-00-00;;
1043302;1786642477325;1505;BikePerformance / Fahrleistung;18;356;–;00-00-00-00-FF-FF-00-00-FF-FF-FF-FF-FF-00-00-00-00-00;;
1043505;1786642477528;1506;Trip / Kilometer & Betriebszähler;16;356;–;00-00-1B-7D-00-02-22-66-00-00-02-BF-00-00-00-00;;
1043932;1786642477955;1508;Settings / Licht & Fahrstufe;17;356;0;00-00-00-01-FF-FF-FF-FF-FF-FF-FF-01-00-00-00-00-00;;
1044135;1786642478158;1509;BatteryChange / Akku-Livestand;11;356;5,6;00-00-FF-FF-56-CB-20-00-00-00-00;;
1044349;1786642478372;150A;MotorUpdate / Motor-Livestand;10;356;–;00-00-FF-FF-FF-FF-FF-FF-FF-FF;;
1044551;1786642478574;150B;Motor-/Controllerblock;20;356;–;FF-FF-FF-FF-FF-FF-FF-FF-FF-FF-FF-FF-FF-FF-FF-FF-FF-FF-FF-FF;;
1044766;1786642478789;150D;Zweite Fahrstatistik;20;356;–;01-18-00-CB-FF-FF-FF-FF-47-18-FF-FF-FF-FF-FF-FF-FF-FF-00-00;;
1045811;1786642479834;1502;Akkuinformationen;16;357;–;47-18-FF-FF-FF-FF-47-18-FF-FF-FF-FF-FF-FF-00-00;;
1046229;1786642480252;1505;BikePerformance / Fahrleistung;18;357;7;00-00-00-00-FF-FF-00-0B-FF-FF-FF-FF-FF-00-00-00-00-00;;
1046441;1786642480464;1506;Trip / Kilometer & Betriebszähler;16;357;7;00-00-1B-7D-00-02-22-67-00-00-02-BF-00-00-00-00;;
1046846;1786642480869;1508;Settings / Licht & Fahrstufe;17;357;–;00-00-00-01-FF-FF-FF-FF-FF-FF-FF-01-00-00-00-00-00;;
1047059;1786642481082;1509;BatteryChange / Akku-Livestand;11;357;–;00-00-FF-FF-56-CB-20-00-00-00-00;;
1047264;1786642481287;150A;MotorUpdate / Motor-Livestand;10;357;–;00-00-FF-FF-FF-FF-FF-FF-FF-FF;;
1047476;1786642481499;150B;Motor-/Controllerblock;20;357;–;FF-FF-FF-FF-FF-FF-FF-FF-FF-FF-FF-FF-FF-FF-FF-FF-FF-FF-FF-FF;;
1047701;1786642481724;150D;Zweite Fahrstatistik;20;357;–;01-18-00-CB-FF-FF-FF-FF-47-18-FF-FF-FF-FF-FF-FF-FF-FF-00-00;;
1048741;1786642482764;1502;Akkuinformationen;16;358;–;47-18-FF-FF-FF-FF-47-18-FF-FF-FF-FF-FF-FF-00-00;;
1049152;1786642483175;1505;BikePerformance / Fahrleistung;18;358;7;00-00-00-00-FF-FF-00-00-FF-FF-FF-FF-FF-00-00-00-00-00;;
1049352;1786642483375;1506;Trip / Kilometer & Betriebszähler;16;358;7;00-00-1B-7D-00-02-22-68-00-00-02-BF-00-00-00-00;;
1049768;1786642483791;1508;Settings / Licht & Fahrstufe;17;358;–;00-00-00-01-FF-FF-FF-FF-FF-FF-FF-01-00-00-00-00-00;;
1049982;1786642484005;1509;BatteryChange / Akku-Livestand;11;358;5,6;00-00-FF-FF-56-CA-BC-00-00-00-00;;
1050186;1786642484209;150A;MotorUpdate / Motor-Livestand;10;358;–;00-00-FF-FF-FF-FF-FF-FF-FF-FF;;
1050399;1786642484422;150B;Motor-/Controllerblock;20;358;–;FF-FF-FF-FF-FF-FF-FF-FF-FF-FF-FF-FF-FF-FF-FF-FF-FF-FF-FF-FF;;
1050613;1786642484636;150D;Zweite Fahrstatistik;20;358;–;01-18-00-CB-FF-FF-FF-FF-47-18-FF-FF-FF-FF-FF-FF-FF-FF-00-00;;
1051650;1786642485673;1502;Akkuinformationen;16;359;–;47-18-FF-FF-FF-FF-47-18-FF-FF-FF-FF-FF-FF-00-00;;
1052078;1786642486101;1505;BikePerformance / Fahrleistung;18;359;–;00-00-00-00-FF-FF-00-00-FF-FF-FF-FF-FF-00-00-00-00-00;;
1052283;1786642486306;1506;Trip / Kilometer & Betriebszähler;16;359;–;00-00-1B-7D-00-02-22-68-00-00-02-BF-00-00-00-00;;
1052697;1786642486720;1508;Settings / Licht & Fahrstufe;17;359;–;00-00-00-01-FF-FF-FF-FF-FF-FF-FF-01-00-00-00-00-00;;
1052911;1786642486934;1509;BatteryChange / Akku-Livestand;11;359;5,6;00-00-FF-FF-56-CB-20-00-00-00-00;;
1053113;1786642487136;150A;MotorUpdate / Motor-Livestand;10;359;–;00-00-FF-FF-FF-FF-FF-FF-FF-FF;;
1053327;1786642487350;150B;Motor-/Controllerblock;20;359;–;FF-FF-FF-FF-FF-FF-FF-FF-FF-FF-FF-FF-FF-FF-FF-FF-FF-FF-FF-FF;;
1053531;1786642487554;150D;Zweite Fahrstatistik;20;359;–;01-18-00-CB-FF-FF-FF-FF-47-18-FF-FF-FF-FF-FF-FF-FF-FF-00-00;;
1054574;1786642488597;1502;Akkuinformationen;16;360;–;47-18-FF-FF-FF-FF-47-18-FF-FF-FF-FF-FF-FF-00-00;;
1054994;1786642489017;1505;BikePerformance / Fahrleistung;18;360;–;00-00-00-00-FF-FF-00-00-FF-FF-FF-FF-FF-00-00-00-00-00;;
1055205;1786642489228;1506;Trip / Kilometer & Betriebszähler;16;360;–;00-00-1B-7D-00-02-22-68-00-00-02-BF-00-00-00-00;;
1055621;1786642489644;1508;Settings / Licht & Fahrstufe;17;360;–;00-00-00-01-FF-FF-FF-FF-FF-FF-FF-01-00-00-00-00-00;;
1055835;1786642489858;1509;BatteryChange / Akku-Livestand;11;360;–;00-00-FF-FF-56-CB-20-00-00-00-00;;
1056038;1786642490061;150A;MotorUpdate / Motor-Livestand;10;360;–;00-00-FF-FF-FF-FF-FF-FF-FF-FF;;
1056253;1786642490276;150B;Motor-/Controllerblock;20;360;–;FF-FF-FF-FF-FF-FF-FF-FF-FF-FF-FF-FF-FF-FF-FF-FF-FF-FF-FF-FF;;
1056455;1786642490478;150D;Zweite Fahrstatistik;20;360;–;01-18-00-CB-FF-FF-FF-FF-47-18-FF-FF-FF-FF-FF-FF-FF-FF-00-00;;
1057497;1786642491520;1502;Akkuinformationen;16;361;–;47-18-FF-FF-FF-FF-47-18-FF-FF-FF-FF-FF-FF-00-00;;
1057917;1786642491940;1505;BikePerformance / Fahrleistung;18;361;–;00-00-00-00-FF-FF-00-00-FF-FF-FF-FF-FF-00-00-00-00-00;;
1058128;1786642492151;1506;Trip / Kilometer & Betriebszähler;16;361;–;00-00-1B-7D-00-02-22-68-00-00-02-BF-00-00-00-00;;
1058545;1786642492568;1508;Settings / Licht & Fahrstufe;17;361;–;00-00-00-01-FF-FF-FF-FF-FF-FF-FF-01-00-00-00-00-00;;
1058752;1786642492775;1509;BatteryChange / Akku-Livestand;11;361;–;00-00-FF-FF-56-CB-20-00-00-00-00;;
1058964;1786642492987;150A;MotorUpdate / Motor-Livestand;10;361;–;00-00-FF-FF-FF-FF-FF-FF-FF-FF;;
1059175;1786642493198;150B;Motor-/Controllerblock;20;361;–;FF-FF-FF-FF-FF-FF-FF-FF-FF-FF-FF-FF-FF-FF-FF-FF-FF-FF-FF-FF;;
1059379;1786642493402;150D;Zweite Fahrstatistik;20;361;–;01-18-00-CB-FF-FF-FF-FF-47-18-FF-FF-FF-FF-FF-FF-FF-FF-00-00;;
1060429;1786642494452;1502;Akkuinformationen;16;362;–;47-18-FF-FF-FF-FF-47-18-FF-FF-FF-FF-FF-FF-00-00;;
1060900;1786642494923;1505;BikePerformance / Fahrleistung;18;362;–;00-00-00-00-FF-FF-00-00-FF-FF-FF-FF-FF-00-00-00-00-00;;
1061057;1786642495080;1506;Trip / Kilometer & Betriebszähler;16;362;–;00-00-1B-7D-00-02-22-68-00-00-02-BF-00-00-00-00;;
1061476;1786642495499;1508;Settings / Licht & Fahrstufe;17;362;–;00-00-00-01-FF-FF-FF-FF-FF-FF-FF-01-00-00-00-00-00;;
1061674;1786642495697;1509;BatteryChange / Akku-Livestand;11;362;–;00-00-FF-FF-56-CB-20-00-00-00-00;;
1061892;1786642495915;150A;MotorUpdate / Motor-Livestand;10;362;–;00-00-FF-FF-FF-FF-FF-FF-FF-FF;;
1062093;1786642496116;150B;Motor-/Controllerblock;20;362;–;FF-FF-FF-FF-FF-FF-FF-FF-FF-FF-FF-FF-FF-FF-FF-FF-FF-FF-FF-FF;;
1062305;1786642496328;150D;Zweite Fahrstatistik;20;362;–;01-18-00-CB-FF-FF-FF-FF-47-18-FF-FF-FF-FF-FF-FF-FF-FF-00-00;;
1063354;1786642497377;1502;Akkuinformationen;16;363;–;47-18-FF-FF-FF-FF-47-18-FF-FF-FF-FF-FF-FF-00-00;;
1063770;1786642497793;1505;BikePerformance / Fahrleistung;18;363;7;00-00-00-00-FF-FF-00-02-FF-FF-FF-FF-FF-00-00-00-00-00;;
1063974;1786642497997;1506;Trip / Kilometer & Betriebszähler;16;363;7;00-00-1B-7D-00-02-22-69-00-00-02-BF-00-00-00-00;;
1064420;1786642498443;1508;Settings / Licht & Fahrstufe;17;363;–;00-00-00-01-FF-FF-FF-FF-FF-FF-FF-01-00-00-00-00-00;;
1064612;1786642498635;1509;BatteryChange / Akku-Livestand;11;363;–;00-00-FF-FF-56-CB-20-00-00-00-00;;
1064828;1786642498851;150A;MotorUpdate / Motor-Livestand;10;363;–;00-00-FF-FF-FF-FF-FF-FF-FF-FF;;
1065016;1786642499039;150B;Motor-/Controllerblock;20;363;–;FF-FF-FF-FF-FF-FF-FF-FF-FF-FF-FF-FF-FF-FF-FF-FF-FF-FF-FF-FF;;
1065231;1786642499254;150D;Zweite Fahrstatistik;20;363;–;01-18-00-CB-FF-FF-FF-FF-47-18-FF-FF-FF-FF-FF-FF-FF-FF-00-00;;
1066278;1786642500301;1502;Akkuinformationen;16;364;–;47-18-FF-FF-FF-FF-47-18-FF-FF-FF-FF-FF-FF-00-00;;
1066693;1786642500716;1505;BikePerformance / Fahrleistung;18;364;–;00-00-00-00-FF-FF-00-02-FF-FF-FF-FF-FF-00-00-00-00-00;;
1066952;1786642500975;1506;Trip / Kilometer & Betriebszähler;16;364;7;00-00-1B-7D-00-02-22-6A-00-00-02-BF-00-00-00-00;;
1067313;1786642501336;1508;Settings / Licht & Fahrstufe;17;364;–;00-00-00-01-FF-FF-FF-FF-FF-FF-FF-01-00-00-00-00-00;;
1067529;1786642501552;1509;BatteryChange / Akku-Livestand;11;364;–;00-00-FF-FF-56-CB-20-00-00-00-00;;
1067790;1786642501813;150A;MotorUpdate / Motor-Livestand;10;364;–;00-00-FF-FF-FF-FF-FF-FF-FF-FF;;
1067945;1786642501968;150B;Motor-/Controllerblock;20;364;–;FF-FF-FF-FF-FF-FF-FF-FF-FF-FF-FF-FF-FF-FF-FF-FF-FF-FF-FF-FF;;
1068157;1786642502180;150D;Zweite Fahrstatistik;20;364;–;01-18-00-CB-FF-FF-FF-FF-47-18-FF-FF-FF-FF-FF-FF-FF-FF-00-00;;
1069192;1786642503215;1502;Akkuinformationen;16;365;–;47-18-FF-FF-FF-FF-47-18-FF-FF-FF-FF-FF-FF-00-00;;
1069607;1786642503630;1505;BikePerformance / Fahrleistung;18;365;7;00-00-00-00-FF-FF-00-00-FF-FF-FF-FF-FF-00-00-00-00-00;;
1069819;1786642503842;1506;Trip / Kilometer & Betriebszähler;16;365;7;00-00-1B-7D-00-02-22-6D-00-00-02-BF-00-00-00-00;;
1070241;1786642504264;1508;Settings / Licht & Fahrstufe;17;365;–;00-00-00-01-FF-FF-FF-FF-FF-FF-FF-01-00-00-00-00-00;;
1070454;1786642504477;1509;BatteryChange / Akku-Livestand;11;365;–;00-00-FF-FF-56-CB-20-00-00-00-00;;
1070669;1786642504692;150A;MotorUpdate / Motor-Livestand;10;365;–;00-00-FF-FF-FF-FF-FF-FF-FF-FF;;
1070981;1786642505004;150B;Motor-/Controllerblock;20;365;–;FF-FF-FF-FF-FF-FF-FF-FF-FF-FF-FF-FF-FF-FF-FF-FF-FF-FF-FF-FF;;
1071067;1786642505090;150D;Zweite Fahrstatistik;20;365;–;01-18-00-CB-FF-FF-FF-FF-47-18-FF-FF-FF-FF-FF-FF-FF-FF-00-00;;
1072117;1786642506140;1502;Akkuinformationen;16;366;–;47-18-FF-FF-FF-FF-47-18-FF-FF-FF-FF-FF-FF-00-00;;
1072536;1786642506559;1505;BikePerformance / Fahrleistung;18;366;7;00-00-00-00-FF-FF-00-06-FF-FF-FF-FF-FF-00-00-00-00-00;;
1072747;1786642506770;1506;Trip / Kilometer & Betriebszähler;16;366;7;00-00-1B-7D-00-02-22-70-00-00-02-BF-00-00-00-00;;
1073160;1786642507183;1508;Settings / Licht & Fahrstufe;17;366;–;00-00-00-01-FF-FF-FF-FF-FF-FF-FF-01-00-00-00-00-00;;
1073366;1786642507389;1509;BatteryChange / Akku-Livestand;11;366;–;00-00-FF-FF-56-CB-20-00-00-00-00;;
1073577;1786642507600;150A;MotorUpdate / Motor-Livestand;10;366;–;00-00-FF-FF-FF-FF-FF-FF-FF-FF;;
1073803;1786642507826;150B;Motor-/Controllerblock;20;366;–;FF-FF-FF-FF-FF-FF-FF-FF-FF-FF-FF-FF-FF-FF-FF-FF-FF-FF-FF-FF;;
1074007;1786642508030;150D;Zweite Fahrstatistik;20;366;–;01-18-00-CB-FF-FF-FF-FF-47-18-FF-FF-FF-FF-FF-FF-FF-FF-00-00;;
1075046;1786642509069;1502;Akkuinformationen;16;367;–;47-18-FF-FF-FF-FF-47-18-FF-FF-FF-FF-FF-FF-00-00;;
1075458;1786642509481;1505;BikePerformance / Fahrleistung;18;367;7;00-00-00-00-FF-FF-00-00-FF-FF-FF-FF-FF-00-00-00-00-00;;
1075668;1786642509691;1506;Trip / Kilometer & Betriebszähler;16;367;7;00-00-1B-7D-00-02-22-73-00-00-02-BF-00-00-00-00;;
1076087;1786642510110;1508;Settings / Licht & Fahrstufe;17;367;–;00-00-00-01-FF-FF-FF-FF-FF-FF-FF-01-00-00-00-00-00;;
1076290;1786642510313;1509;BatteryChange / Akku-Livestand;11;367;–;00-00-FF-FF-56-CB-20-00-00-00-00;;
1076507;1786642510530;150A;MotorUpdate / Motor-Livestand;10;367;–;00-00-FF-FF-FF-FF-FF-FF-FF-FF;;
1076706;1786642510729;150B;Motor-/Controllerblock;20;367;–;FF-FF-FF-FF-FF-FF-FF-FF-FF-FF-FF-FF-FF-FF-FF-FF-FF-FF-FF-FF;;
1076921;1786642510944;150D;Zweite Fahrstatistik;20;367;–;01-18-00-CB-FF-FF-FF-FF-47-18-FF-FF-FF-FF-FF-FF-FF-FF-00-00;;
1077966;1786642511989;1502;Akkuinformationen;16;368;–;47-18-FF-FF-FF-FF-47-18-FF-FF-FF-FF-FF-FF-00-00;;
1078384;1786642512407;1505;BikePerformance / Fahrleistung;18;368;–;00-00-00-00-FF-FF-00-00-FF-FF-FF-FF-FF-00-00-00-00-00;;
1078596;1786642512619;1506;Trip / Kilometer & Betriebszähler;16;368;7;00-00-1B-7D-00-02-22-74-00-00-02-BF-00-00-00-00;;
1079016;1786642513039;1508;Settings / Licht & Fahrstufe;17;368;–;00-00-00-01-FF-FF-FF-FF-FF-FF-FF-01-00-00-00-00-00;;
1079214;1786642513237;1509;BatteryChange / Akku-Livestand;11;368;–;00-00-FF-FF-56-CB-20-00-00-00-00;;
1079429;1786642513452;150A;MotorUpdate / Motor-Livestand;10;368;–;00-00-FF-FF-FF-FF-FF-FF-FF-FF;;
1079633;1786642513656;150B;Motor-/Controllerblock;20;368;–;FF-FF-FF-FF-FF-FF-FF-FF-FF-FF-FF-FF-FF-FF-FF-FF-FF-FF-FF-FF;;
1079850;1786642513873;150D;Zweite Fahrstatistik;20;368;–;01-18-00-CB-FF-FF-FF-FF-47-18-FF-FF-FF-FF-FF-FF-FF-FF-00-00;;
1080913;1786642514936;1502;Akkuinformationen;16;369;–;47-18-FF-FF-FF-FF-47-18-FF-FF-FF-FF-FF-FF-00-00;;
1081306;1786642515329;1505;BikePerformance / Fahrleistung;18;369;–;00-00-00-00-FF-FF-00-00-FF-FF-FF-FF-FF-00-00-00-00-00;;
1081509;1786642515532;1506;Trip / Kilometer & Betriebszähler;16;369;–;00-00-1B-7D-00-02-22-74-00-00-02-BF-00-00-00-00;;
1081937;1786642515960;1508;Settings / Licht & Fahrstufe;17;369;–;00-00-00-01-FF-FF-FF-FF-FF-FF-FF-01-00-00-00-00-00;;
1082142;1786642516165;1509;BatteryChange / Akku-Livestand;11;369;–;00-00-FF-FF-56-CB-20-00-00-00-00;;
1082366;1786642516389;150A;MotorUpdate / Motor-Livestand;10;369;–;00-00-FF-FF-FF-FF-FF-FF-FF-FF;;
1082566;1786642516589;150B;Motor-/Controllerblock;20;369;–;FF-FF-FF-FF-FF-FF-FF-FF-FF-FF-FF-FF-FF-FF-FF-FF-FF-FF-FF-FF;;
1082773;1786642516796;150D;Zweite Fahrstatistik;20;369;–;01-18-00-CB-FF-FF-FF-FF-47-18-FF-FF-FF-FF-FF-FF-FF-FF-00-00;;
1083816;1786642517839;1502;Akkuinformationen;16;370;–;47-18-FF-FF-FF-FF-47-18-FF-FF-FF-FF-FF-FF-00-00;;
1084312;1786642518335;1505;BikePerformance / Fahrleistung;18;370;7;00-00-00-00-FF-FF-00-05-FF-FF-FF-FF-FF-00-00-00-00-00;;
1084434;1786642518457;1506;Trip / Kilometer & Betriebszähler;16;370;7;00-00-1B-7D-00-02-22-75-00-00-02-BF-00-00-00-00;;
1084953;1786642518976;1508;Settings / Licht & Fahrstufe;17;370;–;00-00-00-01-FF-FF-FF-FF-FF-FF-FF-01-00-00-00-00-00;;
1085076;1786642519099;1509;BatteryChange / Akku-Livestand;11;370;–;00-00-FF-FF-56-CB-20-00-00-00-00;;
1085326;1786642519349;150A;MotorUpdate / Motor-Livestand;10;370;–;00-00-FF-FF-FF-FF-FF-FF-FF-FF;;
1085481;1786642519504;150B;Motor-/Controllerblock;20;370;–;FF-FF-FF-FF-FF-FF-FF-FF-FF-FF-FF-FF-FF-FF-FF-FF-FF-FF-FF-FF;;
1085745;1786642519768;150D;Zweite Fahrstatistik;20;370;–;01-18-00-CB-FF-FF-FF-FF-47-18-FF-FF-FF-FF-FF-FF-FF-FF-00-00;;
1086733;1786642520756;1502;Akkuinformationen;16;371;–;47-18-FF-FF-FF-FF-47-18-FF-FF-FF-FF-FF-FF-00-00;;
1087147;1786642521170;1505;BikePerformance / Fahrleistung;18;371;7;00-00-00-00-FF-FF-00-15-FF-FF-FF-FF-FF-00-00-00-00-00;;
1087430;1786642521453;1506;Trip / Kilometer & Betriebszähler;16;371;7;00-00-1B-7D-00-02-22-78-00-00-02-BF-00-00-00-00;;
1087776;1786642521799;1508;Settings / Licht & Fahrstufe;17;371;–;00-00-00-01-FF-FF-FF-FF-FF-FF-FF-01-00-00-00-00-00;;
1087989;1786642522012;1509;BatteryChange / Akku-Livestand;11;371;–;00-00-FF-FF-56-CB-20-00-00-00-00;;
1088191;1786642522214;150A;MotorUpdate / Motor-Livestand;10;371;–;00-00-FF-FF-FF-FF-FF-FF-FF-FF;;
1088406;1786642522429;150B;Motor-/Controllerblock;20;371;–;FF-FF-FF-FF-FF-FF-FF-FF-FF-FF-FF-FF-FF-FF-FF-FF-FF-FF-FF-FF;;
1088608;1786642522631;150D;Zweite Fahrstatistik;20;371;–;01-18-00-CB-FF-FF-FF-FF-47-18-FF-FF-FF-FF-FF-FF-FF-FF-00-00;;
1089656;1786642523679;1502;Akkuinformationen;16;372;–;47-18-FF-FF-FF-FF-47-18-FF-FF-FF-FF-FF-FF-00-00;;
1090073;1786642524096;1505;BikePerformance / Fahrleistung;18;372;7;00-00-00-00-FF-FF-00-23-FF-FF-FF-FF-FF-00-00-00-00-00;;
1090290;1786642524313;1506;Trip / Kilometer & Betriebszähler;16;372;7;00-00-1B-7D-00-02-22-7B-00-00-02-BF-00-00-00-00;;
1090706;1786642524729;1508;Settings / Licht & Fahrstufe;17;372;–;00-00-00-01-FF-FF-FF-FF-FF-FF-FF-01-00-00-00-00-00;;
1090903;1786642524926;1509;BatteryChange / Akku-Livestand;11;372;–;00-00-FF-FF-56-CB-20-00-00-00-00;;
1091116;1786642525139;150A;MotorUpdate / Motor-Livestand;10;372;–;00-00-FF-FF-FF-FF-FF-FF-FF-FF;;
1091334;1786642525357;150B;Motor-/Controllerblock;20;372;–;FF-FF-FF-FF-FF-FF-FF-FF-FF-FF-FF-FF-FF-FF-FF-FF-FF-FF-FF-FF;;
1091536;1786642525559;150D;Zweite Fahrstatistik;20;372;–;01-18-00-CB-FF-FF-FF-FF-47-18-FF-FF-FF-FF-FF-FF-FF-FF-00-00;;
1092583;1786642526606;1502;Akkuinformationen;16;373;–;47-18-FF-FF-FF-FF-47-18-FF-FF-FF-FF-FF-FF-00-00;;
1092997;1786642527020;1505;BikePerformance / Fahrleistung;18;373;7;00-00-00-00-FF-FF-00-24-FF-FF-FF-FF-FF-00-00-00-00-00;;
1093211;1786642527234;1506;Trip / Kilometer & Betriebszähler;16;373;7;00-00-1B-7D-00-02-22-7E-00-00-02-BF-00-00-00-00;;
1093650;1786642527673;1508;Settings / Licht & Fahrstufe;17;373;–;00-00-00-01-FF-FF-FF-FF-FF-FF-FF-01-00-00-00-00-00;;
1093829;1786642527852;1509;BatteryChange / Akku-Livestand;11;373;–;00-00-FF-FF-56-CB-20-00-00-00-00;;
1094043;1786642528066;150A;MotorUpdate / Motor-Livestand;10;373;–;00-00-FF-FF-FF-FF-FF-FF-FF-FF;;
1094256;1786642528279;150B;Motor-/Controllerblock;20;373;–;FF-FF-FF-FF-FF-FF-FF-FF-FF-FF-FF-FF-FF-FF-FF-FF-FF-FF-FF-FF;;
1094458;1786642528481;150D;Zweite Fahrstatistik;20;373;–;01-18-00-CB-FF-FF-FF-FF-47-18-FF-FF-FF-FF-FF-FF-FF-FF-00-00;;
1095560;1786642529583;1502;Akkuinformationen;16;374;–;47-18-FF-FF-FF-FF-47-18-FF-FF-FF-FF-FF-FF-00-00;;
1095925;1786642529948;1505;BikePerformance / Fahrleistung;18;374;7;00-00-00-00-FF-FF-00-2A-FF-FF-FF-FF-FF-00-00-00-00-00;;
1096136;1786642530159;1506;Trip / Kilometer & Betriebszähler;16;374;7;00-00-1B-7D-00-02-22-81-00-00-02-BF-00-00-00-00;;
1096551;1786642530574;1508;Settings / Licht & Fahrstufe;17;374;–;00-00-00-01-FF-FF-FF-FF-FF-FF-FF-01-00-00-00-00-00;;
1096759;1786642530782;1509;BatteryChange / Akku-Livestand;11;374;–;00-00-FF-FF-56-CB-20-00-00-00-00;;
1096969;1786642530992;150A;MotorUpdate / Motor-Livestand;10;374;–;00-00-FF-FF-FF-FF-FF-FF-FF-FF;;
1097173;1786642531196;150B;Motor-/Controllerblock;20;374;–;FF-FF-FF-FF-FF-FF-FF-FF-FF-FF-FF-FF-FF-FF-FF-FF-FF-FF-FF-FF;;
1097389;1786642531412;150D;Zweite Fahrstatistik;20;374;–;01-18-00-CB-FF-FF-FF-FF-47-18-FF-FF-FF-FF-FF-FF-FF-FF-00-00;;
1098431;1786642532454;1502;Akkuinformationen;16;375;–;47-18-FF-FF-FF-FF-47-18-FF-FF-FF-FF-FF-FF-00-00;;
1098846;1786642532869;1505;BikePerformance / Fahrleistung;18;375;7;00-00-00-00-FF-FF-00-22-FF-FF-FF-FF-FF-00-00-00-00-00;;
1099047;1786642533070;1506;Trip / Kilometer & Betriebszähler;16;375;7;00-00-1B-7D-00-02-22-84-00-00-02-BF-00-00-00-00;;
1099478;1786642533501;1508;Settings / Licht & Fahrstufe;17;375;–;00-00-00-01-FF-FF-FF-FF-FF-FF-FF-01-00-00-00-00-00;;
1099682;1786642533705;1509;BatteryChange / Akku-Livestand;11;375;–;00-00-FF-FF-56-CB-20-00-00-00-00;;
1099900;1786642533923;150A;MotorUpdate / Motor-Livestand;10;375;–;00-00-FF-FF-FF-FF-FF-FF-FF-FF;;
1100099;1786642534122;150B;Motor-/Controllerblock;20;375;–;FF-FF-FF-FF-FF-FF-FF-FF-FF-FF-FF-FF-FF-FF-FF-FF-FF-FF-FF-FF;;
1100310;1786642534333;150D;Zweite Fahrstatistik;20;375;–;01-18-00-CB-FF-FF-FF-FF-47-18-FF-FF-FF-FF-FF-FF-FF-FF-00-00;;
1101355;1786642535378;1502;Akkuinformationen;16;376;–;47-18-FF-FF-FF-FF-47-18-FF-FF-FF-FF-FF-FF-00-00;;
1101778;1786642535801;1505;BikePerformance / Fahrleistung;18;376;7;00-00-00-00-FF-FF-00-21-FF-FF-FF-FF-FF-00-00-00-00-00;;
1101978;1786642536001;1506;Trip / Kilometer & Betriebszähler;16;376;7;00-00-1B-7D-00-02-22-87-00-00-02-BF-00-00-00-00;;
1102402;1786642536425;1508;Settings / Licht & Fahrstufe;17;376;–;00-00-00-01-FF-FF-FF-FF-FF-FF-FF-01-00-00-00-00-00;;
1102610;1786642536633;1509;BatteryChange / Akku-Livestand;11;376;–;00-00-FF-FF-56-CB-20-00-00-00-00;;
1102813;1786642536836;150A;MotorUpdate / Motor-Livestand;10;376;–;00-00-FF-FF-FF-FF-FF-FF-FF-FF;;
1103021;1786642537044;150B;Motor-/Controllerblock;20;376;–;FF-FF-FF-FF-FF-FF-FF-FF-FF-FF-FF-FF-FF-FF-FF-FF-FF-FF-FF-FF;;
1103241;1786642537264;150D;Zweite Fahrstatistik;20;376;–;01-18-00-CB-FF-FF-FF-FF-47-18-FF-FF-FF-FF-FF-FF-FF-FF-00-00;;
1104280;1786642538303;1502;Akkuinformationen;16;377;–;47-18-FF-FF-FF-FF-47-18-FF-FF-FF-FF-FF-FF-00-00;;
1104701;1786642538724;1505;BikePerformance / Fahrleistung;18;377;7;00-00-00-00-FF-FF-00-00-FF-FF-FF-FF-FF-00-00-00-00-00;;
1104900;1786642538923;1506;Trip / Kilometer & Betriebszähler;16;377;7;00-00-1B-7D-00-02-22-8A-00-00-02-BF-00-00-00-00;;
1105327;1786642539350;1508;Settings / Licht & Fahrstufe;17;377;–;00-00-00-01-FF-FF-FF-FF-FF-FF-FF-01-00-00-00-00-00;;
1105636;1786642539659;1509;BatteryChange / Akku-Livestand;11;377;–;00-00-FF-FF-56-CB-20-00-00-00-00;;
1105728;1786642539751;150A;MotorUpdate / Motor-Livestand;10;377;–;00-00-FF-FF-FF-FF-FF-FF-FF-FF;;
1105946;1786642539969;150B;Motor-/Controllerblock;20;377;–;FF-FF-FF-FF-FF-FF-FF-FF-FF-FF-FF-FF-FF-FF-FF-FF-FF-FF-FF-FF;;
1106160;1786642540183;150D;Zweite Fahrstatistik;20;377;–;01-18-00-CB-FF-FF-FF-FF-47-18-FF-FF-FF-FF-FF-FF-FF-FF-00-00;;
1107196;1786642541219;1502;Akkuinformationen;16;378;–;47-18-FF-FF-FF-FF-47-18-FF-FF-FF-FF-FF-FF-00-00;;
1107611;1786642541634;1505;BikePerformance / Fahrleistung;18;378;–;00-00-00-00-FF-FF-00-00-FF-FF-FF-FF-FF-00-00-00-00-00;;
1107828;1786642541851;1506;Trip / Kilometer & Betriebszähler;16;378;7;00-00-1B-7D-00-02-22-8B-00-00-02-BF-00-00-00-00;;
1108245;1786642542268;1508;Settings / Licht & Fahrstufe;17;378;–;00-00-00-01-FF-FF-FF-FF-FF-FF-FF-01-00-00-00-00-00;;
1108454;1786642542477;1509;BatteryChange / Akku-Livestand;11;378;–;00-00-FF-FF-56-CB-20-00-00-00-00;;
1108658;1786642542681;150A;MotorUpdate / Motor-Livestand;10;378;–;00-00-FF-FF-FF-FF-FF-FF-FF-FF;;
1108869;1786642542892;150B;Motor-/Controllerblock;20;378;–;FF-FF-FF-FF-FF-FF-FF-FF-FF-FF-FF-FF-FF-FF-FF-FF-FF-FF-FF-FF;;
1109074;1786642543097;150D;Zweite Fahrstatistik;20;378;–;01-18-00-CB-FF-FF-FF-FF-47-18-FF-FF-FF-FF-FF-FF-FF-FF-00-00;;
1110125;1786642544148;1502;Akkuinformationen;16;379;–;47-18-FF-FF-FF-FF-47-18-FF-FF-FF-FF-FF-FF-00-00;;
1110535;1786642544558;1505;BikePerformance / Fahrleistung;18;379;–;00-00-00-00-FF-FF-00-00-FF-FF-FF-FF-FF-00-00-00-00-00;;
1110748;1786642544771;1506;Trip / Kilometer & Betriebszähler;16;379;–;00-00-1B-7D-00-02-22-8B-00-00-02-BF-00-00-00-00;;
1111161;1786642545184;1508;Settings / Licht & Fahrstufe;17;379;–;00-00-00-01-FF-FF-FF-FF-FF-FF-FF-01-00-00-00-00-00;;
1111381;1786642545404;1509;BatteryChange / Akku-Livestand;11;379;–;00-00-FF-FF-56-CB-20-00-00-00-00;;
1111576;1786642545599;150A;MotorUpdate / Motor-Livestand;10;379;–;00-00-FF-FF-FF-FF-FF-FF-FF-FF;;
1111791;1786642545814;150B;Motor-/Controllerblock;20;379;–;FF-FF-FF-FF-FF-FF-FF-FF-FF-FF-FF-FF-FF-FF-FF-FF-FF-FF-FF-FF;;
1111995;1786642546018;150D;Zweite Fahrstatistik;20;379;–;01-18-00-CB-FF-FF-FF-FF-47-18-FF-FF-FF-FF-FF-FF-FF-FF-00-00;;
1113043;1786642547066;1502;Akkuinformationen;16;380;–;47-18-FF-FF-FF-FF-47-18-FF-FF-FF-FF-FF-FF-00-00;;
1113457;1786642547480;1505;BikePerformance / Fahrleistung;18;380;–;00-00-00-00-FF-FF-00-00-FF-FF-FF-FF-FF-00-00-00-00-00;;
1113684;1786642547707;1506;Trip / Kilometer & Betriebszähler;16;380;–;00-00-1B-7D-00-02-22-8B-00-00-02-BF-00-00-00-00;;
1114100;1786642548123;1508;Settings / Licht & Fahrstufe;17;380;–;00-00-00-01-FF-FF-FF-FF-FF-FF-FF-01-00-00-00-00-00;;
1114302;1786642548325;1509;BatteryChange / Akku-Livestand;11;380;–;00-00-FF-FF-56-CB-20-00-00-00-00;;
1114515;1786642548538;150A;MotorUpdate / Motor-Livestand;10;380;–;00-00-FF-FF-FF-FF-FF-FF-FF-FF;;
1114720;1786642548743;150B;Motor-/Controllerblock;20;380;–;FF-FF-FF-FF-FF-FF-FF-FF-FF-FF-FF-FF-FF-FF-FF-FF-FF-FF-FF-FF;;
1114922;1786642548945;150D;Zweite Fahrstatistik;20;380;–;01-18-00-CB-FF-FF-FF-FF-47-18-FF-FF-FF-FF-FF-FF-FF-FF-00-00;;
1115968;1786642549991;1502;Akkuinformationen;16;381;–;47-18-FF-FF-FF-FF-47-18-FF-FF-FF-FF-FF-FF-00-00;;
1116382;1786642550405;1505;BikePerformance / Fahrleistung;18;381;–;00-00-00-00-FF-FF-00-00-FF-FF-FF-FF-FF-00-00-00-00-00;;
1116598;1786642550621;1506;Trip / Kilometer & Betriebszähler;16;381;–;00-00-1B-7D-00-02-22-8B-00-00-02-BF-00-00-00-00;;
1117012;1786642551035;1508;Settings / Licht & Fahrstufe;17;381;–;00-00-00-01-FF-FF-FF-FF-FF-FF-FF-01-00-00-00-00-00;;
1117216;1786642551239;1509;BatteryChange / Akku-Livestand;11;381;–;00-00-FF-FF-56-CB-20-00-00-00-00;;
1117430;1786642551453;150A;MotorUpdate / Motor-Livestand;10;381;–;00-00-FF-FF-FF-FF-FF-FF-FF-FF;;
1117643;1786642551666;150B;Motor-/Controllerblock;20;381;–;FF-FF-FF-FF-FF-FF-FF-FF-FF-FF-FF-FF-FF-FF-FF-FF-FF-FF-FF-FF;;
1117857;1786642551880;150D;Zweite Fahrstatistik;20;381;–;01-18-00-CB-FF-FF-FF-FF-47-18-FF-FF-FF-FF-FF-FF-FF-FF-00-00;;
1118905;1786642552928;1502;Akkuinformationen;16;382;–;47-18-FF-FF-FF-FF-47-18-FF-FF-FF-FF-FF-FF-00-00;;
1119331;1786642553354;1505;BikePerformance / Fahrleistung;18;382;–;00-00-00-00-FF-FF-00-00-FF-FF-FF-FF-FF-00-00-00-00-00;;
1119521;1786642553544;1506;Trip / Kilometer & Betriebszähler;16;382;–;00-00-1B-7D-00-02-22-8B-00-00-02-BF-00-00-00-00;;
1119937;1786642553960;1508;Settings / Licht & Fahrstufe;17;382;–;00-00-00-01-FF-FF-FF-FF-FF-FF-FF-01-00-00-00-00-00;;
1120142;1786642554165;1509;BatteryChange / Akku-Livestand;11;382;–;00-00-FF-FF-56-CB-20-00-00-00-00;;
1120356;1786642554379;150A;MotorUpdate / Motor-Livestand;10;382;–;00-00-FF-FF-FF-FF-FF-FF-FF-FF;;
1120561;1786642554584;150B;Motor-/Controllerblock;20;382;–;FF-FF-FF-FF-FF-FF-FF-FF-FF-FF-FF-FF-FF-FF-FF-FF-FF-FF-FF-FF;;
1120771;1786642554794;150D;Zweite Fahrstatistik;20;382;–;01-18-00-CB-FF-FF-FF-FF-47-18-FF-FF-FF-FF-FF-FF-FF-FF-00-00;;
1121817;1786642555840;1502;Akkuinformationen;16;383;–;47-18-FF-FF-FF-FF-47-18-FF-FF-FF-FF-FF-FF-00-00;;
1122234;1786642556257;1505;BikePerformance / Fahrleistung;18;383;–;00-00-00-00-FF-FF-00-00-FF-FF-FF-FF-FF-00-00-00-00-00;;
1122435;1786642556458;1506;Trip / Kilometer & Betriebszähler;16;383;–;00-00-1B-7D-00-02-22-8B-00-00-02-BF-00-00-00-00;;
1122865;1786642556888;1508;Settings / Licht & Fahrstufe;17;383;–;00-00-00-01-FF-FF-FF-FF-FF-FF-FF-01-00-00-00-00-00;;
1123067;1786642557090;1509;BatteryChange / Akku-Livestand;11;383;–;00-00-FF-FF-56-CB-20-00-00-00-00;;
1123280;1786642557303;150A;MotorUpdate / Motor-Livestand;10;383;–;00-00-FF-FF-FF-FF-FF-FF-FF-FF;;
1123482;1786642557505;150B;Motor-/Controllerblock;20;383;–;FF-FF-FF-FF-FF-FF-FF-FF-FF-FF-FF-FF-FF-FF-FF-FF-FF-FF-FF-FF;;
1123696;1786642557719;150D;Zweite Fahrstatistik;20;383;–;01-18-00-CB-FF-FF-FF-FF-47-18-FF-FF-FF-FF-FF-FF-FF-FF-00-00;;
1124744;1786642558767;1502;Akkuinformationen;16;384;–;47-18-FF-FF-FF-FF-47-18-FF-FF-FF-FF-FF-FF-00-00;;
1125159;1786642559182;1505;BikePerformance / Fahrleistung;18;384;–;00-00-00-00-FF-FF-00-00-FF-FF-FF-FF-FF-00-00-00-00-00;;
1125365;1786642559388;1506;Trip / Kilometer & Betriebszähler;16;384;–;00-00-1B-7D-00-02-22-8B-00-00-02-BF-00-00-00-00;;
1125788;1786642559811;1508;Settings / Licht & Fahrstufe;17;384;–;00-00-00-01-FF-FF-FF-FF-FF-FF-FF-01-00-00-00-00-00;;
1125992;1786642560015;1509;BatteryChange / Akku-Livestand;11;384;–;00-00-FF-FF-56-CB-20-00-00-00-00;;
1126204;1786642560227;150A;MotorUpdate / Motor-Livestand;10;384;–;00-00-FF-FF-FF-FF-FF-FF-FF-FF;;
1126408;1786642560431;150B;Motor-/Controllerblock;20;384;–;FF-FF-FF-FF-FF-FF-FF-FF-FF-FF-FF-FF-FF-FF-FF-FF-FF-FF-FF-FF;;
1126625;1786642560648;150D;Zweite Fahrstatistik;20;384;–;01-18-00-CB-FF-FF-FF-FF-47-18-FF-FF-FF-FF-FF-FF-FF-FF-00-00;;
1127668;1786642561691;1502;Akkuinformationen;16;385;–;47-18-FF-FF-FF-FF-47-18-FF-FF-FF-FF-FF-FF-00-00;;
1128095;1786642562118;1505;BikePerformance / Fahrleistung;18;385;–;00-00-00-00-FF-FF-00-00-FF-FF-FF-FF-FF-00-00-00-00-00;;
1128286;1786642562309;1506;Trip / Kilometer & Betriebszähler;16;385;–;00-00-1B-7D-00-02-22-8B-00-00-02-BF-00-00-00-00;;
1128702;1786642562725;1508;Settings / Licht & Fahrstufe;17;385;–;00-00-00-01-FF-FF-FF-FF-FF-FF-FF-01-00-00-00-00-00;;
1128915;1786642562938;1509;BatteryChange / Akku-Livestand;11;385;–;00-00-FF-FF-56-CB-20-00-00-00-00;;
1129121;1786642563144;150A;MotorUpdate / Motor-Livestand;10;385;–;00-00-FF-FF-FF-FF-FF-FF-FF-FF;;
1129345;1786642563368;150B;Motor-/Controllerblock;20;385;–;FF-FF-FF-FF-FF-FF-FF-FF-FF-FF-FF-FF-FF-FF-FF-FF-FF-FF-FF-FF;;
1129420;1786642563443;2A05;Unbekannter Kanal;4;2;–;00-00-00-00;;
1129545;1786642563568;150D;Zweite Fahrstatistik;20;385;–;01-18-00-CB-FF-FF-FF-FF-47-18-FF-FF-FF-FF-FF-FF-FF-FF-00-00;;
1130073;1786642564096;2A00;Unbekannter Kanal;24;3;–;;76e372406e5a71538c6e4894bba3797f594705e594733a2bb81339ed5e7403a8;identity_or_free_form
1130592;1786642564615;1502;Akkuinformationen;16;386;–;47-18-FF-FF-FF-FF-47-18-FF-FF-FF-FF-FF-FF-00-00;;
1130726;1786642564749;2A01;Unbekannter Kanal;2;3;–;00-00;;
1131012;1786642565035;1505;BikePerformance / Fahrleistung;18;386;–;00-00-00-00-FF-FF-00-00-FF-FF-FF-FF-FF-00-00-00-00-00;;
1131213;1786642565236;1506;Trip / Kilometer & Betriebszähler;16;386;–;00-00-1B-7D-00-02-22-8B-00-00-02-BF-00-00-00-00;;
1131390;1786642565413;2A02;Unbekannter Kanal;2;3;–;00-00;;
1131629;1786642565652;1508;Settings / Licht & Fahrstufe;17;386;–;00-00-00-01-FF-FF-FF-FF-FF-FF-FF-01-00-00-00-00-00;;
1131842;1786642565865;1509;BatteryChange / Akku-Livestand;11;386;–;00-00-FF-FF-56-CB-20-00-00-00-00;;
1132030;1786642566053;2A04;Unbekannter Kanal;8;3;–;14-00-28-00-00-00-E8-03;;
1132042;1786642566065;150A;MotorUpdate / Motor-Livestand;10;386;–;00-00-FF-FF-FF-FF-FF-FF-FF-FF;;
1132257;1786642566280;150B;Motor-/Controllerblock;20;386;–;FF-FF-FF-FF-FF-FF-FF-FF-FF-FF-FF-FF-FF-FF-FF-FF-FF-FF-FF-FF;;
1132470;1786642566493;150D;Zweite Fahrstatistik;20;386;–;01-18-00-CB-FF-FF-FF-FF-47-18-FF-FF-FF-FF-FF-FF-FF-FF-00-00;;
1132685;1786642566708;2A28;Unbekannter Kanal;10;3;–;;065d10ab6f3c497c3209251b654ac005a7f67238063fbfcf96d99fbc93d910b5;identity_or_free_form
1133346;1786642567369;1501;Fahrzeuginformationen;18;3;–;01-02-FF-FF-FF-FF-00-FF-FF-0A-00-00-00-03-00-00-00-00;;
1133507;1786642567530;1502;Akkuinformationen;16;387;–;47-18-FF-FF-FF-FF-47-18-FF-FF-FF-FF-FF-FF-00-00;;
1133933;1786642567956;1505;BikePerformance / Fahrleistung;18;387;–;00-00-00-00-FF-FF-00-00-FF-FF-FF-FF-FF-00-00-00-00-00;;
1133999;1786642568022;1502;Akkuinformationen;16;388;–;47-18-FF-FF-FF-FF-47-18-FF-FF-FF-FF-FF-FF-00-00;;
1134136;1786642568159;1506;Trip / Kilometer & Betriebszähler;16;387;–;00-00-1B-7D-00-02-22-8B-00-00-02-BF-00-00-00-00;;
1134551;1786642568574;1508;Settings / Licht & Fahrstufe;17;387;–;00-00-00-01-FF-FF-FF-FF-FF-FF-FF-01-00-00-00-00-00;;
1134652;1786642568675;1503;Motor-/Controllerinformationen;2;3;–;00-00;;
1134766;1786642568789;1509;BatteryChange / Akku-Livestand;11;387;–;00-00-FF-FF-56-CB-20-00-00-00-00;;
1134970;1786642568993;150A;MotorUpdate / Motor-Livestand;10;387;–;00-00-FF-FF-FF-FF-FF-FF-FF-FF;;
1135184;1786642569207;150B;Motor-/Controllerblock;20;387;–;FF-FF-FF-FF-FF-FF-FF-FF-FF-FF-FF-FF-FF-FF-FF-FF-FF-FF-FF-FF;;
1135315;1786642569338;1504;Firmware-ID;19;3;–;;4e07d6e11ce50a4fe1ae8e5a809265a5f7ec456e886854ff5619eaccd09e46ac;identity_or_free_form
1135398;1786642569421;150D;Zweite Fahrstatistik;20;387;–;01-18-00-CB-FF-FF-FF-FF-47-18-FF-FF-FF-FF-FF-FF-FF-FF-00-00;;
1135979;1786642570002;1505;BikePerformance / Fahrleistung;18;388;–;00-00-00-00-FF-FF-00-00-FF-FF-FF-FF-FF-00-00-00-00-00;;
1136432;1786642570455;1502;Akkuinformationen;16;389;–;47-18-FF-FF-FF-FF-47-18-FF-FF-FF-FF-FF-FF-00-00;;
1136622;1786642570645;1506;Trip / Kilometer & Betriebszähler;16;388;–;00-00-1B-7D-00-02-22-8B-00-00-02-BF-00-00-00-00;;
1136850;1786642570873;1505;BikePerformance / Fahrleistung;18;389;–;00-00-00-00-FF-FF-00-00-FF-FF-FF-FF-FF-00-00-00-00-00;;
1137065;1786642571088;1506;Trip / Kilometer & Betriebszähler;16;389;–;00-00-1B-7D-00-02-22-8B-00-00-02-BF-00-00-00-00;;
1137274;1786642571297;1507;Stats / Gesamtfahrdaten;8;3;4,5,7;FF-FF-FF-FF-01-18-00-CB;;
1137479;1786642571502;1508;Settings / Licht & Fahrstufe;17;388;–;00-00-00-01-FF-FF-FF-FF-FF-FF-FF-01-00-00-00-00-00;;
1137703;1786642571726;1509;BatteryChange / Akku-Livestand;11;388;–;00-00-FF-FF-56-CB-20-00-00-00-00;;
1137893;1786642571916;150A;MotorUpdate / Motor-Livestand;10;388;–;00-00-FF-FF-FF-FF-FF-FF-FF-FF;;
1137937;1786642571960;1508;Settings / Licht & Fahrstufe;16;389;16;00-00-00-01-FF-FF-FF-FF-FF-FF-FF-01-00-00-00-00;;
1138110;1786642572133;150B;Motor-/Controllerblock;20;388;–;FF-FF-FF-FF-FF-FF-FF-FF-FF-FF-FF-FF-FF-FF-FF-FF-FF-FF-FF-FF;;
1138313;1786642572336;150D;Zweite Fahrstatistik;20;388;–;01-18-00-CB-FF-FF-FF-FF-47-18-FF-FF-FF-FF-FF-FF-FF-FF-00-00;;
1138600;1786642572623;1509;BatteryChange / Akku-Livestand;11;389;–;00-00-FF-FF-56-CB-20-00-00-00-00;;
1139241;1786642573264;150A;MotorUpdate / Motor-Livestand;10;389;–;00-00-FF-FF-FF-FF-FF-FF-FF-FF;;
1139368;1786642573391;1502;Akkuinformationen;16;390;–;47-18-FF-FF-FF-FF-47-18-FF-FF-FF-FF-FF-FF-00-00;;
1139773;1786642573796;1505;BikePerformance / Fahrleistung;18;390;–;00-00-00-00-FF-FF-00-00-FF-FF-FF-FF-FF-00-00-00-00-00;;
1139894;1786642573917;150B;Motor-/Controllerblock;20;389;–;FF-FF-FF-FF-FF-FF-FF-FF-FF-FF-FF-FF-FF-FF-FF-FF-FF-FF-FF-FF;;
1139986;1786642574009;1506;Trip / Kilometer & Betriebszähler;16;390;–;00-00-1B-7D-00-02-22-8B-00-00-02-BF-00-00-00-00;;
1140403;1786642574426;1508;Settings / Licht & Fahrstufe;17;390;16;00-00-00-01-FF-FF-FF-FF-FF-FF-FF-01-00-00-00-00-00;;
1140558;1786642574581;150C;BatteryCellUpdate / Zell- & Temperaturdaten;13;3;–;FF-FF-FF-80-00-80-00-80-00-00-00-00-00;;
1140615;1786642574638;1509;BatteryChange / Akku-Livestand;11;390;–;00-00-FF-FF-56-CB-20-00-00-00-00;;
1140819;1786642574842;150A;MotorUpdate / Motor-Livestand;10;390;–;00-00-FF-FF-FF-FF-FF-FF-FF-FF;;
1141033;1786642575056;150B;Motor-/Controllerblock;20;390;–;FF-FF-FF-FF-FF-FF-FF-FF-FF-FF-FF-FF-FF-FF-FF-FF-FF-FF-FF-FF;;
1141222;1786642575245;150D;Zweite Fahrstatistik;20;389;–;01-18-00-CB-FF-FF-FF-FF-47-18-FF-FF-FF-FF-FF-FF-FF-FF-00-00;;
1141233;1786642575256;150D;Zweite Fahrstatistik;20;390;–;01-18-00-CB-FF-FF-FF-FF-47-18-FF-FF-FF-FF-FF-FF-FF-FF-00-00;;
1141874;1786642575897;150E;Unbekannter Kanal;20;3;–;FF-00-00-00-00-00-00-00-00-00-00-00-00-00-00-00-00-00-00-00;;
1142295;1786642576318;1502;Akkuinformationen;16;391;–;47-18-FF-FF-FF-FF-47-18-FF-FF-FF-FF-FF-FF-00-00;;
1142538;1786642576561;150F;Unbekannter Kanal;20;3;–;FF-00-00-00-00-00-00-00-00-00-00-00-00-00-00-00-00-00-00-00;;
1142698;1786642576721;1505;BikePerformance / Fahrleistung;18;391;–;00-00-00-00-FF-FF-00-00-FF-FF-FF-FF-FF-00-00-00-00-00;;
1142911;1786642576934;1506;Trip / Kilometer & Betriebszähler;16;391;–;00-00-1B-7D-00-02-22-8B-00-00-02-BF-00-00-00-00;;
1143180;1786642577203;1510;Unbekannter Kanal;20;3;–;FF-00-00-00-00-00-00-00-00-00-00-00-00-00-00-00-00-00-00-00;;
1143328;1786642577351;1508;Settings / Licht & Fahrstufe;17;391;–;00-00-00-01-FF-FF-FF-FF-FF-FF-FF-01-00-00-00-00-00;;
1143551;1786642577574;1509;BatteryChange / Akku-Livestand;11;391;–;00-00-FF-FF-56-CB-20-00-00-00-00;;
1143744;1786642577767;150A;MotorUpdate / Motor-Livestand;10;391;–;00-00-FF-FF-FF-FF-FF-FF-FF-FF;;
1143820;1786642577843;1511;Unbekannter Kanal;20;3;–;;ddbb9244acf8127793a84541964b8caae120eaef045f4f997bbdaa6a2295bb67;identity_or_free_form
1143958;1786642577981;150B;Motor-/Controllerblock;20;391;–;FF-FF-FF-FF-FF-FF-FF-FF-FF-FF-FF-FF-FF-FF-FF-FF-FF-FF-FF-FF;;
1144160;1786642578183;150D;Zweite Fahrstatistik;20;391;–;01-18-00-CB-FF-FF-FF-FF-47-18-FF-FF-FF-FF-FF-FF-FF-FF-00-00;;
1144496;1786642578519;1512;Unbekannter Kanal;20;3;–;FF-00-00-00-00-00-00-00-00-00-00-00-00-00-00-00-00-00-00-00;;
1145125;1786642579148;1513;Unbekannter Kanal;20;3;–;;ddbb9244acf8127793a84541964b8caae120eaef045f4f997bbdaa6a2295bb67;identity_or_free_form
1145206;1786642579229;1502;Akkuinformationen;16;392;–;47-18-FF-FF-FF-FF-47-18-FF-FF-FF-FF-FF-FF-00-00;;
1145623;1786642579646;1505;BikePerformance / Fahrleistung;18;392;–;00-00-00-00-FF-FF-00-00-FF-FF-FF-FF-FF-00-00-00-00-00;;
1145789;1786642579812;151C;Unbekannter Kanal;10;3;–;FF-00-00-00-00-00-00-00-00-00;;
1145834;1786642579857;1506;Trip / Kilometer & Betriebszähler;16;392;–;00-00-1B-7D-00-02-22-8B-00-00-02-BF-00-00-00-00;;
1146252;1786642580275;1508;Settings / Licht & Fahrstufe;17;392;–;00-00-00-01-FF-FF-FF-FF-FF-FF-FF-01-00-00-00-00-00;;
1146454;1786642580477;1802;Unbekannter Kanal;20;3;1,2,3,4,5,6,7,8,9;0F-02-31-2E-30-2E-32-00-00-00-00-00-00-00-00-00-00-00-00-00;;
1146454;1786642580477;1509;BatteryChange / Akku-Livestand;11;392;–;00-00-FF-FF-56-CB-20-00-00-00-00;;
1146874;1786642580897;150A;MotorUpdate / Motor-Livestand;10;392;–;00-00-FF-FF-FF-FF-FF-FF-FF-FF;;
1147083;1786642581106;150B;Motor-/Controllerblock;20;392;–;FF-FF-FF-FF-FF-FF-FF-FF-FF-FF-FF-FF-FF-FF-FF-FF-FF-FF-FF-FF;;
1147095;1786642581118;0203;Unbekannter Kanal;1;3;–;00;;
1147299;1786642581322;150D;Zweite Fahrstatistik;20;392;–;01-18-00-CB-FF-FF-FF-FF-47-18-FF-FF-FF-FF-FF-FF-FF-FF-00-00;;
1148356;1786642582379;1502;Akkuinformationen;16;393;–;47-18-FF-FF-FF-FF-47-18-FF-FF-FF-FF-FF-FF-00-00;;
1148772;1786642582795;1505;BikePerformance / Fahrleistung;18;393;–;00-00-00-00-FF-FF-00-00-FF-FF-FF-FF-FF-00-00-00-00-00;;
1148966;1786642582989;1506;Trip / Kilometer & Betriebszähler;16;393;–;00-00-1B-7D-00-02-22-8B-00-00-02-BF-00-00-00-00;;
1149380;1786642583403;1508;Settings / Licht & Fahrstufe;17;393;–;00-00-00-01-FF-FF-FF-FF-FF-FF-FF-01-00-00-00-00-00;;
1149596;1786642583619;1509;BatteryChange / Akku-Livestand;11;393;–;00-00-FF-FF-56-CB-20-00-00-00-00;;
1149797;1786642583820;150A;MotorUpdate / Motor-Livestand;10;393;–;00-00-FF-FF-FF-FF-FF-FF-FF-FF;;
1150022;1786642584045;150B;Motor-/Controllerblock;20;393;–;FF-FF-FF-FF-FF-FF-FF-FF-FF-FF-FF-FF-FF-FF-FF-FF-FF-FF-FF-FF;;
1150225;1786642584248;150D;Zweite Fahrstatistik;20;393;–;01-18-00-CB-FF-FF-FF-FF-47-18-FF-FF-FF-FF-FF-FF-FF-FF-00-00;;
1151284;1786642585307;1502;Akkuinformationen;16;394;–;47-18-FF-FF-FF-FF-47-18-FF-FF-FF-FF-FF-FF-00-00;;
1151686;1786642585709;1505;BikePerformance / Fahrleistung;18;394;–;00-00-00-00-FF-FF-00-00-FF-FF-FF-FF-FF-00-00-00-00-00;;
1151890;1786642585913;1506;Trip / Kilometer & Betriebszähler;16;394;–;00-00-1B-7D-00-02-22-8B-00-00-02-BF-00-00-00-00;;
1152310;1786642586333;1508;Settings / Licht & Fahrstufe;17;394;–;00-00-00-01-FF-FF-FF-FF-FF-FF-FF-01-00-00-00-00-00;;
1152522;1786642586545;1509;BatteryChange / Akku-Livestand;11;394;–;00-00-FF-FF-56-CB-20-00-00-00-00;;
1152724;1786642586747;150A;MotorUpdate / Motor-Livestand;10;394;–;00-00-FF-FF-FF-FF-FF-FF-FF-FF;;
1152937;1786642586960;150B;Motor-/Controllerblock;20;394;–;FF-FF-FF-FF-FF-FF-FF-FF-FF-FF-FF-FF-FF-FF-FF-FF-FF-FF-FF-FF;;
1153140;1786642587163;150D;Zweite Fahrstatistik;20;394;–;01-18-00-CB-FF-FF-FF-FF-47-18-FF-FF-FF-FF-FF-FF-FF-FF-00-00;;
1154188;1786642588211;1502;Akkuinformationen;16;395;–;47-18-FF-FF-FF-FF-47-18-FF-FF-FF-FF-FF-FF-00-00;;
1154602;1786642588625;1505;BikePerformance / Fahrleistung;18;395;–;00-00-00-00-FF-FF-00-00-FF-FF-FF-FF-FF-00-00-00-00-00;;
1154815;1786642588838;1506;Trip / Kilometer & Betriebszähler;16;395;–;00-00-1B-7D-00-02-22-8B-00-00-02-BF-00-00-00-00;;
1155230;1786642589253;1508;Settings / Licht & Fahrstufe;17;395;–;00-00-00-01-FF-FF-FF-FF-FF-FF-FF-01-00-00-00-00-00;;
1155446;1786642589469;1509;BatteryChange / Akku-Livestand;11;395;–;00-00-FF-FF-56-CB-20-00-00-00-00;;
1155647;1786642589670;150A;MotorUpdate / Motor-Livestand;10;395;–;00-00-FF-FF-FF-FF-FF-FF-FF-FF;;
1155864;1786642589887;150B;Motor-/Controllerblock;20;395;–;FF-FF-FF-FF-FF-FF-FF-FF-FF-FF-FF-FF-FF-FF-FF-FF-FF-FF-FF-FF;;
1156090;1786642590113;150D;Zweite Fahrstatistik;20;395;–;01-18-00-CB-FF-FF-FF-FF-47-18-FF-FF-FF-FF-FF-FF-FF-FF-00-00;;
1157109;1786642591132;1502;Akkuinformationen;16;396;–;47-18-FF-FF-FF-FF-47-18-FF-FF-FF-FF-FF-FF-00-00;;
1157525;1786642591548;1505;BikePerformance / Fahrleistung;18;396;–;00-00-00-00-FF-FF-00-00-FF-FF-FF-FF-FF-00-00-00-00-00;;
1157740;1786642591763;1506;Trip / Kilometer & Betriebszähler;16;396;–;00-00-1B-7D-00-02-22-8B-00-00-02-BF-00-00-00-00;;
1158155;1786642592178;1508;Settings / Licht & Fahrstufe;17;396;–;00-00-00-01-FF-FF-FF-FF-FF-FF-FF-01-00-00-00-00-00;;
1158357;1786642592380;1509;BatteryChange / Akku-Livestand;11;396;–;00-00-FF-FF-56-CB-20-00-00-00-00;;
1158573;1786642592596;150A;MotorUpdate / Motor-Livestand;10;396;–;00-00-FF-FF-FF-FF-FF-FF-FF-FF;;
1158783;1786642592806;150B;Motor-/Controllerblock;20;396;–;FF-FF-FF-FF-FF-FF-FF-FF-FF-FF-FF-FF-FF-FF-FF-FF-FF-FF-FF-FF;;
1158991;1786642593014;150D;Zweite Fahrstatistik;20;396;–;01-18-00-CB-FF-FF-FF-FF-47-18-FF-FF-FF-FF-FF-FF-FF-FF-00-00;;
1160035;1786642594058;1502;Akkuinformationen;16;397;–;47-18-FF-FF-FF-FF-47-18-FF-FF-FF-FF-FF-FF-00-00;;
1160450;1786642594473;1505;BikePerformance / Fahrleistung;18;397;–;00-00-00-00-FF-FF-00-00-FF-FF-FF-FF-FF-00-00-00-00-00;;
1160666;1786642594689;1506;Trip / Kilometer & Betriebszähler;16;397;–;00-00-1B-7D-00-02-22-8B-00-00-02-BF-00-00-00-00;;
1161080;1786642595103;1508;Settings / Licht & Fahrstufe;17;397;–;00-00-00-01-FF-FF-FF-FF-FF-FF-FF-01-00-00-00-00-00;;
1161286;1786642595309;1509;BatteryChange / Akku-Livestand;11;397;–;00-00-FF-FF-56-CB-20-00-00-00-00;;
1161502;1786642595525;150A;MotorUpdate / Motor-Livestand;10;397;–;00-00-FF-FF-FF-FF-FF-FF-FF-FF;;
1161712;1786642595735;150B;Motor-/Controllerblock;20;397;–;FF-FF-FF-FF-FF-FF-FF-FF-FF-FF-FF-FF-FF-FF-FF-FF-FF-FF-FF-FF;;
1161913;1786642595936;150D;Zweite Fahrstatistik;20;397;–;01-18-00-CB-FF-FF-FF-FF-47-18-FF-FF-FF-FF-FF-FF-FF-FF-00-00;;
