relative_ms;timestamp_ms;channel;meaning;length;packet_no;changed_bytes;hex;origin;connection_epoch;service_uuid;characteristic_uuid;properties_raw;payload_sha256;public_redaction
4936;1788057901858;1502;Akkuinformationen;16;1;0,1,2,3,4,5,6,7,8,9,10,11,12,13,14,15;47-18-FF-FF-FF-FF-47-18-FF-FF-FF-FF-FF-FF-00-00;NOTIFICATION;0;da1a1500-d532-4285-be94-b07a3e11a098;da1a1502-d532-4285-be94-b07a3e11a098;18;;
5557;1788057902479;1505;BikePerformance / Fahrleistung;18;1;0,1,2,3,4,5,6,7,8,9,10,11,12,13,14,15,16,17;00-00-00-00-FF-FF-00-00-FF-FF-FF-FF-FF-00-00-00-00-00;NOTIFICATION;0;da1a1500-d532-4285-be94-b07a3e11a098;da1a1505-d532-4285-be94-b07a3e11a098;18;;
5765;1788057902687;1506;Trip / Kilometer & Betriebszähler;16;1;0,1,2,3,4,5,6,7,8,9,10,11,12,13,14,15;00-00-1E-7B-00-02-66-45-00-00-03-0C-00-00-00-00;NOTIFICATION;0;da1a1500-d532-4285-be94-b07a3e11a098;da1a1506-d532-4285-be94-b07a3e11a098;18;;
6190;1788057903112;1508;Settings / Licht & Fahrstufe;17;1;0,1,2,3,4,5,6,7,8,9,10,11,12,13,14,15,16;01-00-00-02-FF-FF-FF-FF-FF-FF-FF-00-00-00-00-00-00;NOTIFICATION;0;da1a1500-d532-4285-be94-b07a3e11a098;da1a1508-d532-4285-be94-b07a3e11a098;18;;
6399;1788057903321;1509;BatteryChange / Akku-Livestand;11;1;0,1,2,3,4,5,6,7,8,9,10;00-00-FF-FF-00-A8-C0-00-00-00-00;NOTIFICATION;0;da1a1500-d532-4285-be94-b07a3e11a098;da1a1509-d532-4285-be94-b07a3e11a098;18;;
6606;1788057903528;150A;MotorUpdate / Motor-Livestand;10;1;0,1,2,3,4,5,6,7,8,9;00-00-FF-FF-FF-FF-FF-FF-FF-FF;NOTIFICATION;0;da1a1500-d532-4285-be94-b07a3e11a098;da1a150a-d532-4285-be94-b07a3e11a098;18;;
6815;1788057903737;150B;Motor-/Controllerblock;20;1;0,1,2,3,4,5,6,7,8,9,10,11,12,13,14,15,16,17,18,19;FF-FF-FF-FF-FF-FF-FF-FF-FF-FF-FF-FF-FF-FF-FF-FF-FF-FF-FF-FF;NOTIFICATION;0;da1a1500-d532-4285-be94-b07a3e11a098;da1a150b-d532-4285-be94-b07a3e11a098;18;;
7016;1788057903938;150D;Fahrstatistik Max/Ø;20;1;0,1,2,3,4,5,6,7,8,9,10,11,12,13,14,15,16,17,18,19;00-DA-00-59-FF-FF-FF-FF-47-18-FF-FF-FF-FF-FF-FF-FF-FF-00-00;NOTIFICATION;0;da1a1500-d532-4285-be94-b07a3e11a098;da1a150d-d532-4285-be94-b07a3e11a098;18;;
8069;1788057904991;1502;Akkuinformationen;16;2;–;47-18-FF-FF-FF-FF-47-18-FF-FF-FF-FF-FF-FF-00-00;NOTIFICATION;0;da1a1500-d532-4285-be94-b07a3e11a098;da1a1502-d532-4285-be94-b07a3e11a098;18;;
8479;1788057905401;1505;BikePerformance / Fahrleistung;18;2;–;00-00-00-00-FF-FF-00-00-FF-FF-FF-FF-FF-00-00-00-00-00;NOTIFICATION;0;da1a1500-d532-4285-be94-b07a3e11a098;da1a1505-d532-4285-be94-b07a3e11a098;18;;
8689;1788057905611;1506;Trip / Kilometer & Betriebszähler;16;2;–;00-00-1E-7B-00-02-66-45-00-00-03-0C-00-00-00-00;NOTIFICATION;0;da1a1500-d532-4285-be94-b07a3e11a098;da1a1506-d532-4285-be94-b07a3e11a098;18;;
9109;1788057906031;1508;Settings / Licht & Fahrstufe;17;2;–;01-00-00-02-FF-FF-FF-FF-FF-FF-FF-00-00-00-00-00-00;NOTIFICATION;0;da1a1500-d532-4285-be94-b07a3e11a098;da1a1508-d532-4285-be94-b07a3e11a098;18;;
9322;1788057906244;1509;BatteryChange / Akku-Livestand;11;2;–;00-00-FF-FF-00-A8-C0-00-00-00-00;NOTIFICATION;0;da1a1500-d532-4285-be94-b07a3e11a098;da1a1509-d532-4285-be94-b07a3e11a098;18;;
9529;1788057906451;150A;MotorUpdate / Motor-Livestand;10;2;–;00-00-FF-FF-FF-FF-FF-FF-FF-FF;NOTIFICATION;0;da1a1500-d532-4285-be94-b07a3e11a098;da1a150a-d532-4285-be94-b07a3e11a098;18;;
9736;1788057906658;150B;Motor-/Controllerblock;20;2;–;FF-FF-FF-FF-FF-FF-FF-FF-FF-FF-FF-FF-FF-FF-FF-FF-FF-FF-FF-FF;NOTIFICATION;0;da1a1500-d532-4285-be94-b07a3e11a098;da1a150b-d532-4285-be94-b07a3e11a098;18;;
9939;1788057906861;150D;Fahrstatistik Max/Ø;20;2;–;00-DA-00-59-FF-FF-FF-FF-47-18-FF-FF-FF-FF-FF-FF-FF-FF-00-00;NOTIFICATION;0;da1a1500-d532-4285-be94-b07a3e11a098;da1a150d-d532-4285-be94-b07a3e11a098;18;;
10986;1788057907908;1502;Akkuinformationen;16;3;–;47-18-FF-FF-FF-FF-47-18-FF-FF-FF-FF-FF-FF-00-00;NOTIFICATION;0;da1a1500-d532-4285-be94-b07a3e11a098;da1a1502-d532-4285-be94-b07a3e11a098;18;;
11411;1788057908333;1505;BikePerformance / Fahrleistung;18;3;–;00-00-00-00-FF-FF-00-00-FF-FF-FF-FF-FF-00-00-00-00-00;NOTIFICATION;0;da1a1500-d532-4285-be94-b07a3e11a098;da1a1505-d532-4285-be94-b07a3e11a098;18;;
11604;1788057908526;1506;Trip / Kilometer & Betriebszähler;16;3;–;00-00-1E-7B-00-02-66-45-00-00-03-0C-00-00-00-00;NOTIFICATION;0;da1a1500-d532-4285-be94-b07a3e11a098;da1a1506-d532-4285-be94-b07a3e11a098;18;;
12025;1788057908947;1508;Settings / Licht & Fahrstufe;17;3;–;01-00-00-02-FF-FF-FF-FF-FF-FF-FF-00-00-00-00-00-00;NOTIFICATION;0;da1a1500-d532-4285-be94-b07a3e11a098;da1a1508-d532-4285-be94-b07a3e11a098;18;;
12235;1788057909157;1509;BatteryChange / Akku-Livestand;11;3;–;00-00-FF-FF-00-A8-C0-00-00-00-00;NOTIFICATION;0;da1a1500-d532-4285-be94-b07a3e11a098;da1a1509-d532-4285-be94-b07a3e11a098;18;;
12446;1788057909368;150A;MotorUpdate / Motor-Livestand;10;3;–;00-00-FF-FF-FF-FF-FF-FF-FF-FF;NOTIFICATION;0;da1a1500-d532-4285-be94-b07a3e11a098;da1a150a-d532-4285-be94-b07a3e11a098;18;;
12655;1788057909577;150B;Motor-/Controllerblock;20;3;–;FF-FF-FF-FF-FF-FF-FF-FF-FF-FF-FF-FF-FF-FF-FF-FF-FF-FF-FF-FF;NOTIFICATION;0;da1a1500-d532-4285-be94-b07a3e11a098;da1a150b-d532-4285-be94-b07a3e11a098;18;;
12866;1788057909788;150D;Fahrstatistik Max/Ø;20;3;–;00-DA-00-59-FF-FF-FF-FF-47-18-FF-FF-FF-FF-FF-FF-FF-FF-00-00;NOTIFICATION;0;da1a1500-d532-4285-be94-b07a3e11a098;da1a150d-d532-4285-be94-b07a3e11a098;18;;
13910;1788057910832;1502;Akkuinformationen;16;4;–;47-18-FF-FF-FF-FF-47-18-FF-FF-FF-FF-FF-FF-00-00;NOTIFICATION;0;da1a1500-d532-4285-be94-b07a3e11a098;da1a1502-d532-4285-be94-b07a3e11a098;18;;
14329;1788057911251;1505;BikePerformance / Fahrleistung;18;4;–;00-00-00-00-FF-FF-00-00-FF-FF-FF-FF-FF-00-00-00-00-00;NOTIFICATION;0;da1a1500-d532-4285-be94-b07a3e11a098;da1a1505-d532-4285-be94-b07a3e11a098;18;;
14527;1788057911449;1506;Trip / Kilometer & Betriebszähler;16;4;–;00-00-1E-7B-00-02-66-45-00-00-03-0C-00-00-00-00;NOTIFICATION;0;da1a1500-d532-4285-be94-b07a3e11a098;da1a1506-d532-4285-be94-b07a3e11a098;18;;
14950;1788057911872;1508;Settings / Licht & Fahrstufe;17;4;–;01-00-00-02-FF-FF-FF-FF-FF-FF-FF-00-00-00-00-00-00;NOTIFICATION;0;da1a1500-d532-4285-be94-b07a3e11a098;da1a1508-d532-4285-be94-b07a3e11a098;18;;
15155;1788057912077;1509;BatteryChange / Akku-Livestand;11;4;–;00-00-FF-FF-00-A8-C0-00-00-00-00;NOTIFICATION;0;da1a1500-d532-4285-be94-b07a3e11a098;da1a1509-d532-4285-be94-b07a3e11a098;18;;
15364;1788057912286;150A;MotorUpdate / Motor-Livestand;10;4;–;00-00-FF-FF-FF-FF-FF-FF-FF-FF;NOTIFICATION;0;da1a1500-d532-4285-be94-b07a3e11a098;da1a150a-d532-4285-be94-b07a3e11a098;18;;
15574;1788057912496;150B;Motor-/Controllerblock;20;4;–;FF-FF-FF-FF-FF-FF-FF-FF-FF-FF-FF-FF-FF-FF-FF-FF-FF-FF-FF-FF;NOTIFICATION;0;da1a1500-d532-4285-be94-b07a3e11a098;da1a150b-d532-4285-be94-b07a3e11a098;18;;
15785;1788057912707;150D;Fahrstatistik Max/Ø;20;4;–;00-DA-00-59-FF-FF-FF-FF-47-18-FF-FF-FF-FF-FF-FF-FF-FF-00-00;NOTIFICATION;0;da1a1500-d532-4285-be94-b07a3e11a098;da1a150d-d532-4285-be94-b07a3e11a098;18;;
16825;1788057913747;1502;Akkuinformationen;16;5;–;47-18-FF-FF-FF-FF-47-18-FF-FF-FF-FF-FF-FF-00-00;NOTIFICATION;0;da1a1500-d532-4285-be94-b07a3e11a098;da1a1502-d532-4285-be94-b07a3e11a098;18;;
17246;1788057914168;1505;BikePerformance / Fahrleistung;18;5;–;00-00-00-00-FF-FF-00-00-FF-FF-FF-FF-FF-00-00-00-00-00;NOTIFICATION;0;da1a1500-d532-4285-be94-b07a3e11a098;da1a1505-d532-4285-be94-b07a3e11a098;18;;
17444;1788057914366;1506;Trip / Kilometer & Betriebszähler;16;5;–;00-00-1E-7B-00-02-66-45-00-00-03-0C-00-00-00-00;NOTIFICATION;0;da1a1500-d532-4285-be94-b07a3e11a098;da1a1506-d532-4285-be94-b07a3e11a098;18;;
17864;1788057914786;1508;Settings / Licht & Fahrstufe;17;5;–;01-00-00-02-FF-FF-FF-FF-FF-FF-FF-00-00-00-00-00-00;NOTIFICATION;0;da1a1500-d532-4285-be94-b07a3e11a098;da1a1508-d532-4285-be94-b07a3e11a098;18;;
18075;1788057914997;1509;BatteryChange / Akku-Livestand;11;5;–;00-00-FF-FF-00-A8-C0-00-00-00-00;NOTIFICATION;0;da1a1500-d532-4285-be94-b07a3e11a098;da1a1509-d532-4285-be94-b07a3e11a098;18;;
18284;1788057915206;150A;MotorUpdate / Motor-Livestand;10;5;–;00-00-FF-FF-FF-FF-FF-FF-FF-FF;NOTIFICATION;0;da1a1500-d532-4285-be94-b07a3e11a098;da1a150a-d532-4285-be94-b07a3e11a098;18;;
18494;1788057915416;150B;Motor-/Controllerblock;20;5;–;FF-FF-FF-FF-FF-FF-FF-FF-FF-FF-FF-FF-FF-FF-FF-FF-FF-FF-FF-FF;NOTIFICATION;0;da1a1500-d532-4285-be94-b07a3e11a098;da1a150b-d532-4285-be94-b07a3e11a098;18;;
18704;1788057915626;150D;Fahrstatistik Max/Ø;20;5;–;00-DA-00-59-FF-FF-FF-FF-47-18-FF-FF-FF-FF-FF-FF-FF-FF-00-00;NOTIFICATION;0;da1a1500-d532-4285-be94-b07a3e11a098;da1a150d-d532-4285-be94-b07a3e11a098;18;;
19746;1788057916668;1502;Akkuinformationen;16;6;–;47-18-FF-FF-FF-FF-47-18-FF-FF-FF-FF-FF-FF-00-00;NOTIFICATION;0;da1a1500-d532-4285-be94-b07a3e11a098;da1a1502-d532-4285-be94-b07a3e11a098;18;;
20164;1788057917086;1505;BikePerformance / Fahrleistung;18;6;–;00-00-00-00-FF-FF-00-00-FF-FF-FF-FF-FF-00-00-00-00-00;NOTIFICATION;0;da1a1500-d532-4285-be94-b07a3e11a098;da1a1505-d532-4285-be94-b07a3e11a098;18;;
20375;1788057917297;1506;Trip / Kilometer & Betriebszähler;16;6;–;00-00-1E-7B-00-02-66-45-00-00-03-0C-00-00-00-00;NOTIFICATION;0;da1a1500-d532-4285-be94-b07a3e11a098;da1a1506-d532-4285-be94-b07a3e11a098;18;;
20787;1788057917709;1508;Settings / Licht & Fahrstufe;17;6;–;01-00-00-02-FF-FF-FF-FF-FF-FF-FF-00-00-00-00-00-00;NOTIFICATION;0;da1a1500-d532-4285-be94-b07a3e11a098;da1a1508-d532-4285-be94-b07a3e11a098;18;;
20993;1788057917915;1509;BatteryChange / Akku-Livestand;11;6;–;00-00-FF-FF-00-A8-C0-00-00-00-00;NOTIFICATION;0;da1a1500-d532-4285-be94-b07a3e11a098;da1a1509-d532-4285-be94-b07a3e11a098;18;;
21204;1788057918126;150A;MotorUpdate / Motor-Livestand;10;6;–;00-00-FF-FF-FF-FF-FF-FF-FF-FF;NOTIFICATION;0;da1a1500-d532-4285-be94-b07a3e11a098;da1a150a-d532-4285-be94-b07a3e11a098;18;;
21415;1788057918337;150B;Motor-/Controllerblock;20;6;–;FF-FF-FF-FF-FF-FF-FF-FF-FF-FF-FF-FF-FF-FF-FF-FF-FF-FF-FF-FF;NOTIFICATION;0;da1a1500-d532-4285-be94-b07a3e11a098;da1a150b-d532-4285-be94-b07a3e11a098;18;;
21625;1788057918547;150D;Fahrstatistik Max/Ø;20;6;–;00-DA-00-59-FF-FF-FF-FF-47-18-FF-FF-FF-FF-FF-FF-FF-FF-00-00;NOTIFICATION;0;da1a1500-d532-4285-be94-b07a3e11a098;da1a150d-d532-4285-be94-b07a3e11a098;18;;
22669;1788057919591;1502;Akkuinformationen;16;7;–;47-18-FF-FF-FF-FF-47-18-FF-FF-FF-FF-FF-FF-00-00;NOTIFICATION;0;da1a1500-d532-4285-be94-b07a3e11a098;da1a1502-d532-4285-be94-b07a3e11a098;18;;
23089;1788057920011;1505;BikePerformance / Fahrleistung;18;7;–;00-00-00-00-FF-FF-00-00-FF-FF-FF-FF-FF-00-00-00-00-00;NOTIFICATION;0;da1a1500-d532-4285-be94-b07a3e11a098;da1a1505-d532-4285-be94-b07a3e11a098;18;;
23300;1788057920222;1506;Trip / Kilometer & Betriebszähler;16;7;–;00-00-1E-7B-00-02-66-45-00-00-03-0C-00-00-00-00;NOTIFICATION;0;da1a1500-d532-4285-be94-b07a3e11a098;da1a1506-d532-4285-be94-b07a3e11a098;18;;
23710;1788057920632;1508;Settings / Licht & Fahrstufe;17;7;–;01-00-00-02-FF-FF-FF-FF-FF-FF-FF-00-00-00-00-00-00;NOTIFICATION;0;da1a1500-d532-4285-be94-b07a3e11a098;da1a1508-d532-4285-be94-b07a3e11a098;18;;
23918;1788057920840;1509;BatteryChange / Akku-Livestand;11;7;–;00-00-FF-FF-00-A8-C0-00-00-00-00;NOTIFICATION;0;da1a1500-d532-4285-be94-b07a3e11a098;da1a1509-d532-4285-be94-b07a3e11a098;18;;
24130;1788057921052;150A;MotorUpdate / Motor-Livestand;10;7;–;00-00-FF-FF-FF-FF-FF-FF-FF-FF;NOTIFICATION;0;da1a1500-d532-4285-be94-b07a3e11a098;da1a150a-d532-4285-be94-b07a3e11a098;18;;
24339;1788057921261;150B;Motor-/Controllerblock;20;7;–;FF-FF-FF-FF-FF-FF-FF-FF-FF-FF-FF-FF-FF-FF-FF-FF-FF-FF-FF-FF;NOTIFICATION;0;da1a1500-d532-4285-be94-b07a3e11a098;da1a150b-d532-4285-be94-b07a3e11a098;18;;
24550;1788057921472;150D;Fahrstatistik Max/Ø;20;7;–;00-DA-00-59-FF-FF-FF-FF-47-18-FF-FF-FF-FF-FF-FF-FF-FF-00-00;NOTIFICATION;0;da1a1500-d532-4285-be94-b07a3e11a098;da1a150d-d532-4285-be94-b07a3e11a098;18;;
25589;1788057922511;1502;Akkuinformationen;16;8;–;47-18-FF-FF-FF-FF-47-18-FF-FF-FF-FF-FF-FF-00-00;NOTIFICATION;0;da1a1500-d532-4285-be94-b07a3e11a098;da1a1502-d532-4285-be94-b07a3e11a098;18;;
26010;1788057922932;1505;BikePerformance / Fahrleistung;18;8;–;00-00-00-00-FF-FF-00-00-FF-FF-FF-FF-FF-00-00-00-00-00;NOTIFICATION;0;da1a1500-d532-4285-be94-b07a3e11a098;da1a1505-d532-4285-be94-b07a3e11a098;18;;
26221;1788057923143;1506;Trip / Kilometer & Betriebszähler;16;8;–;00-00-1E-7B-00-02-66-45-00-00-03-0C-00-00-00-00;NOTIFICATION;0;da1a1500-d532-4285-be94-b07a3e11a098;da1a1506-d532-4285-be94-b07a3e11a098;18;;
26630;1788057923552;1508;Settings / Licht & Fahrstufe;17;8;–;01-00-00-02-FF-FF-FF-FF-FF-FF-FF-00-00-00-00-00-00;NOTIFICATION;0;da1a1500-d532-4285-be94-b07a3e11a098;da1a1508-d532-4285-be94-b07a3e11a098;18;;
26839;1788057923761;1509;BatteryChange / Akku-Livestand;11;8;–;00-00-FF-FF-00-A8-C0-00-00-00-00;NOTIFICATION;0;da1a1500-d532-4285-be94-b07a3e11a098;da1a1509-d532-4285-be94-b07a3e11a098;18;;
27045;1788057923967;150A;MotorUpdate / Motor-Livestand;10;8;–;00-00-FF-FF-FF-FF-FF-FF-FF-FF;NOTIFICATION;0;da1a1500-d532-4285-be94-b07a3e11a098;da1a150a-d532-4285-be94-b07a3e11a098;18;;
27259;1788057924181;150B;Motor-/Controllerblock;20;8;–;FF-FF-FF-FF-FF-FF-FF-FF-FF-FF-FF-FF-FF-FF-FF-FF-FF-FF-FF-FF;NOTIFICATION;0;da1a1500-d532-4285-be94-b07a3e11a098;da1a150b-d532-4285-be94-b07a3e11a098;18;;
27472;1788057924394;150D;Fahrstatistik Max/Ø;20;8;–;00-DA-00-59-FF-FF-FF-FF-47-18-FF-FF-FF-FF-FF-FF-FF-FF-00-00;NOTIFICATION;0;da1a1500-d532-4285-be94-b07a3e11a098;da1a150d-d532-4285-be94-b07a3e11a098;18;;
28598;1788057925520;1502;Akkuinformationen;16;9;–;47-18-FF-FF-FF-FF-47-18-FF-FF-FF-FF-FF-FF-00-00;NOTIFICATION;0;da1a1500-d532-4285-be94-b07a3e11a098;da1a1502-d532-4285-be94-b07a3e11a098;18;;
28929;1788057925851;1505;BikePerformance / Fahrleistung;18;9;–;00-00-00-00-FF-FF-00-00-FF-FF-FF-FF-FF-00-00-00-00-00;NOTIFICATION;0;da1a1500-d532-4285-be94-b07a3e11a098;da1a1505-d532-4285-be94-b07a3e11a098;18;;
29211;1788057926133;1506;Trip / Kilometer & Betriebszähler;16;9;–;00-00-1E-7B-00-02-66-45-00-00-03-0C-00-00-00-00;NOTIFICATION;0;da1a1500-d532-4285-be94-b07a3e11a098;da1a1506-d532-4285-be94-b07a3e11a098;18;;
29580;1788057926502;1508;Settings / Licht & Fahrstufe;17;9;–;01-00-00-02-FF-FF-FF-FF-FF-FF-FF-00-00-00-00-00-00;NOTIFICATION;0;da1a1500-d532-4285-be94-b07a3e11a098;da1a1508-d532-4285-be94-b07a3e11a098;18;;
29763;1788057926685;1509;BatteryChange / Akku-Livestand;11;9;–;00-00-FF-FF-00-A8-C0-00-00-00-00;NOTIFICATION;0;da1a1500-d532-4285-be94-b07a3e11a098;da1a1509-d532-4285-be94-b07a3e11a098;18;;
29971;1788057926893;150A;MotorUpdate / Motor-Livestand;10;9;–;00-00-FF-FF-FF-FF-FF-FF-FF-FF;NOTIFICATION;0;da1a1500-d532-4285-be94-b07a3e11a098;da1a150a-d532-4285-be94-b07a3e11a098;18;;
30186;1788057927108;150B;Motor-/Controllerblock;20;9;–;FF-FF-FF-FF-FF-FF-FF-FF-FF-FF-FF-FF-FF-FF-FF-FF-FF-FF-FF-FF;NOTIFICATION;0;da1a1500-d532-4285-be94-b07a3e11a098;da1a150b-d532-4285-be94-b07a3e11a098;18;;
30389;1788057927311;150D;Fahrstatistik Max/Ø;20;9;–;00-DA-00-59-FF-FF-FF-FF-47-18-FF-FF-FF-FF-FF-FF-FF-FF-00-00;NOTIFICATION;0;da1a1500-d532-4285-be94-b07a3e11a098;da1a150d-d532-4285-be94-b07a3e11a098;18;;
31428;1788057928350;1502;Akkuinformationen;16;10;–;47-18-FF-FF-FF-FF-47-18-FF-FF-FF-FF-FF-FF-00-00;NOTIFICATION;0;da1a1500-d532-4285-be94-b07a3e11a098;da1a1502-d532-4285-be94-b07a3e11a098;18;;
31849;1788057928771;1505;BikePerformance / Fahrleistung;18;10;–;00-00-00-00-FF-FF-00-00-FF-FF-FF-FF-FF-00-00-00-00-00;NOTIFICATION;0;da1a1500-d532-4285-be94-b07a3e11a098;da1a1505-d532-4285-be94-b07a3e11a098;18;;
32059;1788057928981;1506;Trip / Kilometer & Betriebszähler;16;10;–;00-00-1E-7B-00-02-66-45-00-00-03-0C-00-00-00-00;NOTIFICATION;0;da1a1500-d532-4285-be94-b07a3e11a098;da1a1506-d532-4285-be94-b07a3e11a098;18;;
32481;1788057929403;1508;Settings / Licht & Fahrstufe;17;10;–;01-00-00-02-FF-FF-FF-FF-FF-FF-FF-00-00-00-00-00-00;NOTIFICATION;0;da1a1500-d532-4285-be94-b07a3e11a098;da1a1508-d532-4285-be94-b07a3e11a098;18;;
32680;1788057929602;1509;BatteryChange / Akku-Livestand;11;10;–;00-00-FF-FF-00-A8-C0-00-00-00-00;NOTIFICATION;0;da1a1500-d532-4285-be94-b07a3e11a098;da1a1509-d532-4285-be94-b07a3e11a098;18;;
32893;1788057929815;150A;MotorUpdate / Motor-Livestand;10;10;–;00-00-FF-FF-FF-FF-FF-FF-FF-FF;NOTIFICATION;0;da1a1500-d532-4285-be94-b07a3e11a098;da1a150a-d532-4285-be94-b07a3e11a098;18;;
33099;1788057930021;150B;Motor-/Controllerblock;20;10;–;FF-FF-FF-FF-FF-FF-FF-FF-FF-FF-FF-FF-FF-FF-FF-FF-FF-FF-FF-FF;NOTIFICATION;0;da1a1500-d532-4285-be94-b07a3e11a098;da1a150b-d532-4285-be94-b07a3e11a098;18;;
33309;1788057930231;150D;Fahrstatistik Max/Ø;20;10;–;00-DA-00-59-FF-FF-FF-FF-47-18-FF-FF-FF-FF-FF-FF-FF-FF-00-00;NOTIFICATION;0;da1a1500-d532-4285-be94-b07a3e11a098;da1a150d-d532-4285-be94-b07a3e11a098;18;;
34351;1788057931273;1502;Akkuinformationen;16;11;–;47-18-FF-FF-FF-FF-47-18-FF-FF-FF-FF-FF-FF-00-00;NOTIFICATION;0;da1a1500-d532-4285-be94-b07a3e11a098;da1a1502-d532-4285-be94-b07a3e11a098;18;;
34769;1788057931691;1505;BikePerformance / Fahrleistung;18;11;7;00-00-00-00-FF-FF-00-0C-FF-FF-FF-FF-FF-00-00-00-00-00;NOTIFICATION;0;da1a1500-d532-4285-be94-b07a3e11a098;da1a1505-d532-4285-be94-b07a3e11a098;18;;
35035;1788057931957;1506;Trip / Kilometer & Betriebszähler;16;11;7;00-00-1E-7B-00-02-66-46-00-00-03-0C-00-00-00-00;NOTIFICATION;0;da1a1500-d532-4285-be94-b07a3e11a098;da1a1506-d532-4285-be94-b07a3e11a098;18;;
35400;1788057932322;1508;Settings / Licht & Fahrstufe;17;11;–;01-00-00-02-FF-FF-FF-FF-FF-FF-FF-00-00-00-00-00-00;NOTIFICATION;0;da1a1500-d532-4285-be94-b07a3e11a098;da1a1508-d532-4285-be94-b07a3e11a098;18;;
35600;1788057932522;1509;BatteryChange / Akku-Livestand;11;11;–;00-00-FF-FF-00-A8-C0-00-00-00-00;NOTIFICATION;0;da1a1500-d532-4285-be94-b07a3e11a098;da1a1509-d532-4285-be94-b07a3e11a098;18;;
35809;1788057932731;150A;MotorUpdate / Motor-Livestand;10;11;–;00-00-FF-FF-FF-FF-FF-FF-FF-FF;NOTIFICATION;0;da1a1500-d532-4285-be94-b07a3e11a098;da1a150a-d532-4285-be94-b07a3e11a098;18;;
36021;1788057932943;150B;Motor-/Controllerblock;20;11;–;FF-FF-FF-FF-FF-FF-FF-FF-FF-FF-FF-FF-FF-FF-FF-FF-FF-FF-FF-FF;NOTIFICATION;0;da1a1500-d532-4285-be94-b07a3e11a098;da1a150b-d532-4285-be94-b07a3e11a098;18;;
36230;1788057933152;150D;Fahrstatistik Max/Ø;20;11;–;00-DA-00-59-FF-FF-FF-FF-47-18-FF-FF-FF-FF-FF-FF-FF-FF-00-00;NOTIFICATION;0;da1a1500-d532-4285-be94-b07a3e11a098;da1a150d-d532-4285-be94-b07a3e11a098;18;;
37326;1788057934248;1502;Akkuinformationen;16;12;–;47-18-FF-FF-FF-FF-47-18-FF-FF-FF-FF-FF-FF-00-00;NOTIFICATION;0;da1a1500-d532-4285-be94-b07a3e11a098;da1a1502-d532-4285-be94-b07a3e11a098;18;;
37750;1788057934672;1505;BikePerformance / Fahrleistung;18;12;7;00-00-00-00-FF-FF-00-0B-FF-FF-FF-FF-FF-00-00-00-00-00;NOTIFICATION;0;da1a1500-d532-4285-be94-b07a3e11a098;da1a1505-d532-4285-be94-b07a3e11a098;18;;
37898;1788057934820;1506;Trip / Kilometer & Betriebszähler;16;12;7;00-00-1E-7B-00-02-66-49-00-00-03-0C-00-00-00-00;NOTIFICATION;0;da1a1500-d532-4285-be94-b07a3e11a098;da1a1506-d532-4285-be94-b07a3e11a098;18;;
38332;1788057935254;1508;Settings / Licht & Fahrstufe;17;12;–;01-00-00-02-FF-FF-FF-FF-FF-FF-FF-00-00-00-00-00-00;NOTIFICATION;0;da1a1500-d532-4285-be94-b07a3e11a098;da1a1508-d532-4285-be94-b07a3e11a098;18;;
38524;1788057935446;1509;BatteryChange / Akku-Livestand;11;12;5,6;00-00-FF-FF-00-A9-24-00-00-00-00;NOTIFICATION;0;da1a1500-d532-4285-be94-b07a3e11a098;da1a1509-d532-4285-be94-b07a3e11a098;18;;
38731;1788057935653;150A;MotorUpdate / Motor-Livestand;10;12;–;00-00-FF-FF-FF-FF-FF-FF-FF-FF;NOTIFICATION;0;da1a1500-d532-4285-be94-b07a3e11a098;da1a150a-d532-4285-be94-b07a3e11a098;18;;
38978;1788057935900;150B;Motor-/Controllerblock;20;12;–;FF-FF-FF-FF-FF-FF-FF-FF-FF-FF-FF-FF-FF-FF-FF-FF-FF-FF-FF-FF;NOTIFICATION;0;da1a1500-d532-4285-be94-b07a3e11a098;da1a150b-d532-4285-be94-b07a3e11a098;18;;
39152;1788057936074;150D;Fahrstatistik Max/Ø;20;12;–;00-DA-00-59-FF-FF-FF-FF-47-18-FF-FF-FF-FF-FF-FF-FF-FF-00-00;NOTIFICATION;0;da1a1500-d532-4285-be94-b07a3e11a098;da1a150d-d532-4285-be94-b07a3e11a098;18;;
40242;1788057937164;1502;Akkuinformationen;16;13;–;47-18-FF-FF-FF-FF-47-18-FF-FF-FF-FF-FF-FF-00-00;NOTIFICATION;0;da1a1500-d532-4285-be94-b07a3e11a098;da1a1502-d532-4285-be94-b07a3e11a098;18;;
40695;1788057937617;1505;BikePerformance / Fahrleistung;18;13;7;00-00-00-00-FF-FF-00-00-FF-FF-FF-FF-FF-00-00-00-00-00;NOTIFICATION;0;da1a1500-d532-4285-be94-b07a3e11a098;da1a1505-d532-4285-be94-b07a3e11a098;18;;
40831;1788057937753;1506;Trip / Kilometer & Betriebszähler;16;13;7;00-00-1E-7B-00-02-66-4A-00-00-03-0C-00-00-00-00;NOTIFICATION;0;da1a1500-d532-4285-be94-b07a3e11a098;da1a1506-d532-4285-be94-b07a3e11a098;18;;
41292;1788057938214;1508;Settings / Licht & Fahrstufe;17;13;–;01-00-00-02-FF-FF-FF-FF-FF-FF-FF-00-00-00-00-00-00;NOTIFICATION;0;da1a1500-d532-4285-be94-b07a3e11a098;da1a1508-d532-4285-be94-b07a3e11a098;18;;
41439;1788057938361;1509;BatteryChange / Akku-Livestand;11;13;–;00-00-FF-FF-00-A9-24-00-00-00-00;NOTIFICATION;0;da1a1500-d532-4285-be94-b07a3e11a098;da1a1509-d532-4285-be94-b07a3e11a098;18;;
41684;1788057938606;150A;MotorUpdate / Motor-Livestand;10;13;–;00-00-FF-FF-FF-FF-FF-FF-FF-FF;NOTIFICATION;0;da1a1500-d532-4285-be94-b07a3e11a098;da1a150a-d532-4285-be94-b07a3e11a098;18;;
41860;1788057938782;150B;Motor-/Controllerblock;20;13;–;FF-FF-FF-FF-FF-FF-FF-FF-FF-FF-FF-FF-FF-FF-FF-FF-FF-FF-FF-FF;NOTIFICATION;0;da1a1500-d532-4285-be94-b07a3e11a098;da1a150b-d532-4285-be94-b07a3e11a098;18;;
42106;1788057939028;150D;Fahrstatistik Max/Ø;20;13;–;00-DA-00-59-FF-FF-FF-FF-47-18-FF-FF-FF-FF-FF-FF-FF-FF-00-00;NOTIFICATION;0;da1a1500-d532-4285-be94-b07a3e11a098;da1a150d-d532-4285-be94-b07a3e11a098;18;;
43192;1788057940114;1502;Akkuinformationen;16;14;–;47-18-FF-FF-FF-FF-47-18-FF-FF-FF-FF-FF-FF-00-00;NOTIFICATION;0;da1a1500-d532-4285-be94-b07a3e11a098;da1a1502-d532-4285-be94-b07a3e11a098;18;;
43584;1788057940506;1505;BikePerformance / Fahrleistung;18;14;–;00-00-00-00-FF-FF-00-00-FF-FF-FF-FF-FF-00-00-00-00-00;NOTIFICATION;0;da1a1500-d532-4285-be94-b07a3e11a098;da1a1505-d532-4285-be94-b07a3e11a098;18;;
43739;1788057940661;1506;Trip / Kilometer & Betriebszähler;16;14;7;00-00-1E-7B-00-02-66-4C-00-00-03-0C-00-00-00-00;NOTIFICATION;0;da1a1500-d532-4285-be94-b07a3e11a098;da1a1506-d532-4285-be94-b07a3e11a098;18;;
44222;1788057941144;1508;Settings / Licht & Fahrstufe;17;14;–;01-00-00-02-FF-FF-FF-FF-FF-FF-FF-00-00-00-00-00-00;NOTIFICATION;0;da1a1500-d532-4285-be94-b07a3e11a098;da1a1508-d532-4285-be94-b07a3e11a098;18;;
44369;1788057941291;1509;BatteryChange / Akku-Livestand;11;14;5,6;00-00-FF-FF-00-A8-C0-00-00-00-00;NOTIFICATION;0;da1a1500-d532-4285-be94-b07a3e11a098;da1a1509-d532-4285-be94-b07a3e11a098;18;;
44611;1788057941533;150A;MotorUpdate / Motor-Livestand;10;14;–;00-00-FF-FF-FF-FF-FF-FF-FF-FF;NOTIFICATION;0;da1a1500-d532-4285-be94-b07a3e11a098;da1a150a-d532-4285-be94-b07a3e11a098;18;;
44781;1788057941703;150B;Motor-/Controllerblock;20;14;–;FF-FF-FF-FF-FF-FF-FF-FF-FF-FF-FF-FF-FF-FF-FF-FF-FF-FF-FF-FF;NOTIFICATION;0;da1a1500-d532-4285-be94-b07a3e11a098;da1a150b-d532-4285-be94-b07a3e11a098;18;;
45021;1788057941943;150D;Fahrstatistik Max/Ø;20;14;–;00-DA-00-59-FF-FF-FF-FF-47-18-FF-FF-FF-FF-FF-FF-FF-FF-00-00;NOTIFICATION;0;da1a1500-d532-4285-be94-b07a3e11a098;da1a150d-d532-4285-be94-b07a3e11a098;18;;
46116;1788057943038;1502;Akkuinformationen;16;15;–;47-18-FF-FF-FF-FF-47-18-FF-FF-FF-FF-FF-FF-00-00;NOTIFICATION;0;da1a1500-d532-4285-be94-b07a3e11a098;da1a1502-d532-4285-be94-b07a3e11a098;18;;
46503;1788057943425;1505;BikePerformance / Fahrleistung;18;15;–;00-00-00-00-FF-FF-00-00-FF-FF-FF-FF-FF-00-00-00-00-00;NOTIFICATION;0;da1a1500-d532-4285-be94-b07a3e11a098;da1a1505-d532-4285-be94-b07a3e11a098;18;;
46660;1788057943582;1506;Trip / Kilometer & Betriebszähler;16;15;–;00-00-1E-7B-00-02-66-4C-00-00-03-0C-00-00-00-00;NOTIFICATION;0;da1a1500-d532-4285-be94-b07a3e11a098;da1a1506-d532-4285-be94-b07a3e11a098;18;;
47146;1788057944068;1508;Settings / Licht & Fahrstufe;17;15;–;01-00-00-02-FF-FF-FF-FF-FF-FF-FF-00-00-00-00-00-00;NOTIFICATION;0;da1a1500-d532-4285-be94-b07a3e11a098;da1a1508-d532-4285-be94-b07a3e11a098;18;;
47294;1788057944216;1509;BatteryChange / Akku-Livestand;11;15;–;00-00-FF-FF-00-A8-C0-00-00-00-00;NOTIFICATION;0;da1a1500-d532-4285-be94-b07a3e11a098;da1a1509-d532-4285-be94-b07a3e11a098;18;;
47526;1788057944448;150A;MotorUpdate / Motor-Livestand;10;15;–;00-00-FF-FF-FF-FF-FF-FF-FF-FF;NOTIFICATION;0;da1a1500-d532-4285-be94-b07a3e11a098;da1a150a-d532-4285-be94-b07a3e11a098;18;;
47702;1788057944624;150B;Motor-/Controllerblock;20;15;–;FF-FF-FF-FF-FF-FF-FF-FF-FF-FF-FF-FF-FF-FF-FF-FF-FF-FF-FF-FF;NOTIFICATION;0;da1a1500-d532-4285-be94-b07a3e11a098;da1a150b-d532-4285-be94-b07a3e11a098;18;;
47947;1788057944869;150D;Fahrstatistik Max/Ø;20;15;–;00-DA-00-59-FF-FF-FF-FF-47-18-FF-FF-FF-FF-FF-FF-FF-FF-00-00;NOTIFICATION;0;da1a1500-d532-4285-be94-b07a3e11a098;da1a150d-d532-4285-be94-b07a3e11a098;18;;
48962;1788057945884;1502;Akkuinformationen;16;16;–;47-18-FF-FF-FF-FF-47-18-FF-FF-FF-FF-FF-FF-00-00;NOTIFICATION;0;da1a1500-d532-4285-be94-b07a3e11a098;da1a1502-d532-4285-be94-b07a3e11a098;18;;
49370;1788057946292;1505;BikePerformance / Fahrleistung;18;16;–;00-00-00-00-FF-FF-00-00-FF-FF-FF-FF-FF-00-00-00-00-00;NOTIFICATION;0;da1a1500-d532-4285-be94-b07a3e11a098;da1a1505-d532-4285-be94-b07a3e11a098;18;;
49582;1788057946504;1506;Trip / Kilometer & Betriebszähler;16;16;–;00-00-1E-7B-00-02-66-4C-00-00-03-0C-00-00-00-00;NOTIFICATION;0;da1a1500-d532-4285-be94-b07a3e11a098;da1a1506-d532-4285-be94-b07a3e11a098;18;;
50001;1788057946923;1508;Settings / Licht & Fahrstufe;17;16;–;01-00-00-02-FF-FF-FF-FF-FF-FF-FF-00-00-00-00-00-00;NOTIFICATION;0;da1a1500-d532-4285-be94-b07a3e11a098;da1a1508-d532-4285-be94-b07a3e11a098;18;;
50212;1788057947134;1509;BatteryChange / Akku-Livestand;11;16;5,6;00-00-FF-FF-00-A9-24-00-00-00-00;NOTIFICATION;0;da1a1500-d532-4285-be94-b07a3e11a098;da1a1509-d532-4285-be94-b07a3e11a098;18;;
50419;1788057947341;150A;MotorUpdate / Motor-Livestand;10;16;–;00-00-FF-FF-FF-FF-FF-FF-FF-FF;NOTIFICATION;0;da1a1500-d532-4285-be94-b07a3e11a098;da1a150a-d532-4285-be94-b07a3e11a098;18;;
50630;1788057947552;150B;Motor-/Controllerblock;20;16;–;FF-FF-FF-FF-FF-FF-FF-FF-FF-FF-FF-FF-FF-FF-FF-FF-FF-FF-FF-FF;NOTIFICATION;0;da1a1500-d532-4285-be94-b07a3e11a098;da1a150b-d532-4285-be94-b07a3e11a098;18;;
50832;1788057947754;150D;Fahrstatistik Max/Ø;20;16;–;00-DA-00-59-FF-FF-FF-FF-47-18-FF-FF-FF-FF-FF-FF-FF-FF-00-00;NOTIFICATION;0;da1a1500-d532-4285-be94-b07a3e11a098;da1a150d-d532-4285-be94-b07a3e11a098;18;;
51883;1788057948805;1502;Akkuinformationen;16;17;–;47-18-FF-FF-FF-FF-47-18-FF-FF-FF-FF-FF-FF-00-00;NOTIFICATION;0;da1a1500-d532-4285-be94-b07a3e11a098;da1a1502-d532-4285-be94-b07a3e11a098;18;;
52292;1788057949214;1505;BikePerformance / Fahrleistung;18;17;–;00-00-00-00-FF-FF-00-00-FF-FF-FF-FF-FF-00-00-00-00-00;NOTIFICATION;0;da1a1500-d532-4285-be94-b07a3e11a098;da1a1505-d532-4285-be94-b07a3e11a098;18;;
52498;1788057949420;1506;Trip / Kilometer & Betriebszähler;16;17;–;00-00-1E-7B-00-02-66-4C-00-00-03-0C-00-00-00-00;NOTIFICATION;0;da1a1500-d532-4285-be94-b07a3e11a098;da1a1506-d532-4285-be94-b07a3e11a098;18;;
53001;1788057949923;1508;Settings / Licht & Fahrstufe;17;17;–;01-00-00-02-FF-FF-FF-FF-FF-FF-FF-00-00-00-00-00-00;NOTIFICATION;0;da1a1500-d532-4285-be94-b07a3e11a098;da1a1508-d532-4285-be94-b07a3e11a098;18;;
53130;1788057950052;1509;BatteryChange / Akku-Livestand;11;17;–;00-00-FF-FF-00-A9-24-00-00-00-00;NOTIFICATION;0;da1a1500-d532-4285-be94-b07a3e11a098;da1a1509-d532-4285-be94-b07a3e11a098;18;;
53370;1788057950292;150A;MotorUpdate / Motor-Livestand;10;17;–;00-00-FF-FF-FF-FF-FF-FF-FF-FF;NOTIFICATION;0;da1a1500-d532-4285-be94-b07a3e11a098;da1a150a-d532-4285-be94-b07a3e11a098;18;;
53552;1788057950474;150B;Motor-/Controllerblock;20;17;–;FF-FF-FF-FF-FF-FF-FF-FF-FF-FF-FF-FF-FF-FF-FF-FF-FF-FF-FF-FF;NOTIFICATION;0;da1a1500-d532-4285-be94-b07a3e11a098;da1a150b-d532-4285-be94-b07a3e11a098;18;;
53773;1788057950695;150D;Fahrstatistik Max/Ø;20;17;–;00-DA-00-59-FF-FF-FF-FF-47-18-FF-FF-FF-FF-FF-FF-FF-FF-00-00;NOTIFICATION;0;da1a1500-d532-4285-be94-b07a3e11a098;da1a150d-d532-4285-be94-b07a3e11a098;18;;
54803;1788057951725;1502;Akkuinformationen;16;18;–;47-18-FF-FF-FF-FF-47-18-FF-FF-FF-FF-FF-FF-00-00;NOTIFICATION;0;da1a1500-d532-4285-be94-b07a3e11a098;da1a1502-d532-4285-be94-b07a3e11a098;18;;
55285;1788057952207;1505;BikePerformance / Fahrleistung;18;18;–;00-00-00-00-FF-FF-00-00-FF-FF-FF-FF-FF-00-00-00-00-00;NOTIFICATION;0;da1a1500-d532-4285-be94-b07a3e11a098;da1a1505-d532-4285-be94-b07a3e11a098;18;;
55420;1788057952342;1506;Trip / Kilometer & Betriebszähler;16;18;–;00-00-1E-7B-00-02-66-4C-00-00-03-0C-00-00-00-00;NOTIFICATION;0;da1a1500-d532-4285-be94-b07a3e11a098;da1a1506-d532-4285-be94-b07a3e11a098;18;;
55919;1788057952841;1508;Settings / Licht & Fahrstufe;17;18;–;01-00-00-02-FF-FF-FF-FF-FF-FF-FF-00-00-00-00-00-00;NOTIFICATION;0;da1a1500-d532-4285-be94-b07a3e11a098;da1a1508-d532-4285-be94-b07a3e11a098;18;;
56049;1788057952971;1509;BatteryChange / Akku-Livestand;11;18;–;00-00-FF-FF-00-A9-24-00-00-00-00;NOTIFICATION;0;da1a1500-d532-4285-be94-b07a3e11a098;da1a1509-d532-4285-be94-b07a3e11a098;18;;
56301;1788057953223;150A;MotorUpdate / Motor-Livestand;10;18;–;00-00-FF-FF-FF-FF-FF-FF-FF-FF;NOTIFICATION;0;da1a1500-d532-4285-be94-b07a3e11a098;da1a150a-d532-4285-be94-b07a3e11a098;18;;
56472;1788057953394;150B;Motor-/Controllerblock;20;18;–;FF-FF-FF-FF-FF-FF-FF-FF-FF-FF-FF-FF-FF-FF-FF-FF-FF-FF-FF-FF;NOTIFICATION;0;da1a1500-d532-4285-be94-b07a3e11a098;da1a150b-d532-4285-be94-b07a3e11a098;18;;
56710;1788057953632;150D;Fahrstatistik Max/Ø;20;18;–;00-DA-00-59-FF-FF-FF-FF-47-18-FF-FF-FF-FF-FF-FF-FF-FF-00-00;NOTIFICATION;0;da1a1500-d532-4285-be94-b07a3e11a098;da1a150d-d532-4285-be94-b07a3e11a098;18;;
57813;1788057954735;1502;Akkuinformationen;16;19;–;47-18-FF-FF-FF-FF-47-18-FF-FF-FF-FF-FF-FF-00-00;NOTIFICATION;0;da1a1500-d532-4285-be94-b07a3e11a098;da1a1502-d532-4285-be94-b07a3e11a098;18;;
58185;1788057955107;1505;BikePerformance / Fahrleistung;18;19;–;00-00-00-00-FF-FF-00-00-FF-FF-FF-FF-FF-00-00-00-00-00;NOTIFICATION;0;da1a1500-d532-4285-be94-b07a3e11a098;da1a1505-d532-4285-be94-b07a3e11a098;18;;
58339;1788057955261;1506;Trip / Kilometer & Betriebszähler;16;19;–;00-00-1E-7B-00-02-66-4C-00-00-03-0C-00-00-00-00;NOTIFICATION;0;da1a1500-d532-4285-be94-b07a3e11a098;da1a1506-d532-4285-be94-b07a3e11a098;18;;
58821;1788057955743;1508;Settings / Licht & Fahrstufe;17;19;–;01-00-00-02-FF-FF-FF-FF-FF-FF-FF-00-00-00-00-00-00;NOTIFICATION;0;da1a1500-d532-4285-be94-b07a3e11a098;da1a1508-d532-4285-be94-b07a3e11a098;18;;
58973;1788057955895;1509;BatteryChange / Akku-Livestand;11;19;–;00-00-FF-FF-00-A9-24-00-00-00-00;NOTIFICATION;0;da1a1500-d532-4285-be94-b07a3e11a098;da1a1509-d532-4285-be94-b07a3e11a098;18;;
59215;1788057956137;150A;MotorUpdate / Motor-Livestand;10;19;–;00-00-FF-FF-FF-FF-FF-FF-FF-FF;NOTIFICATION;0;da1a1500-d532-4285-be94-b07a3e11a098;da1a150a-d532-4285-be94-b07a3e11a098;18;;
59390;1788057956312;150B;Motor-/Controllerblock;20;19;–;FF-FF-FF-FF-FF-FF-FF-FF-FF-FF-FF-FF-FF-FF-FF-FF-FF-FF-FF-FF;NOTIFICATION;0;da1a1500-d532-4285-be94-b07a3e11a098;da1a150b-d532-4285-be94-b07a3e11a098;18;;
59603;1788057956525;150D;Fahrstatistik Max/Ø;20;19;–;00-DA-00-59-FF-FF-FF-FF-47-18-FF-FF-FF-FF-FF-FF-FF-FF-00-00;NOTIFICATION;0;da1a1500-d532-4285-be94-b07a3e11a098;da1a150d-d532-4285-be94-b07a3e11a098;18;;
60699;1788057957621;1502;Akkuinformationen;16;20;–;47-18-FF-FF-FF-FF-47-18-FF-FF-FF-FF-FF-FF-00-00;NOTIFICATION;0;da1a1500-d532-4285-be94-b07a3e11a098;da1a1502-d532-4285-be94-b07a3e11a098;18;;
61115;1788057958037;1505;BikePerformance / Fahrleistung;18;20;–;00-00-00-00-FF-FF-00-00-FF-FF-FF-FF-FF-00-00-00-00-00;NOTIFICATION;0;da1a1500-d532-4285-be94-b07a3e11a098;da1a1505-d532-4285-be94-b07a3e11a098;18;;
61260;1788057958182;1506;Trip / Kilometer & Betriebszähler;16;20;–;00-00-1E-7B-00-02-66-4C-00-00-03-0C-00-00-00-00;NOTIFICATION;0;da1a1500-d532-4285-be94-b07a3e11a098;da1a1506-d532-4285-be94-b07a3e11a098;18;;
61674;1788057958596;1508;Settings / Licht & Fahrstufe;17;20;–;01-00-00-02-FF-FF-FF-FF-FF-FF-FF-00-00-00-00-00-00;NOTIFICATION;0;da1a1500-d532-4285-be94-b07a3e11a098;da1a1508-d532-4285-be94-b07a3e11a098;18;;
61884;1788057958806;1509;BatteryChange / Akku-Livestand;11;20;–;00-00-FF-FF-00-A9-24-00-00-00-00;NOTIFICATION;0;da1a1500-d532-4285-be94-b07a3e11a098;da1a1509-d532-4285-be94-b07a3e11a098;18;;
62095;1788057959017;150A;MotorUpdate / Motor-Livestand;10;20;–;00-00-FF-FF-FF-FF-FF-FF-FF-FF;NOTIFICATION;0;da1a1500-d532-4285-be94-b07a3e11a098;da1a150a-d532-4285-be94-b07a3e11a098;18;;
62304;1788057959226;150B;Motor-/Controllerblock;20;20;–;FF-FF-FF-FF-FF-FF-FF-FF-FF-FF-FF-FF-FF-FF-FF-FF-FF-FF-FF-FF;NOTIFICATION;0;da1a1500-d532-4285-be94-b07a3e11a098;da1a150b-d532-4285-be94-b07a3e11a098;18;;
62515;1788057959437;150D;Fahrstatistik Max/Ø;20;20;–;00-DA-00-59-FF-FF-FF-FF-47-18-FF-FF-FF-FF-FF-FF-FF-FF-00-00;NOTIFICATION;0;da1a1500-d532-4285-be94-b07a3e11a098;da1a150d-d532-4285-be94-b07a3e11a098;18;;
63558;1788057960480;1502;Akkuinformationen;16;21;–;47-18-FF-FF-FF-FF-47-18-FF-FF-FF-FF-FF-FF-00-00;NOTIFICATION;0;da1a1500-d532-4285-be94-b07a3e11a098;da1a1502-d532-4285-be94-b07a3e11a098;18;;
63977;1788057960899;1505;BikePerformance / Fahrleistung;18;21;–;00-00-00-00-FF-FF-00-00-FF-FF-FF-FF-FF-00-00-00-00-00;NOTIFICATION;0;da1a1500-d532-4285-be94-b07a3e11a098;da1a1505-d532-4285-be94-b07a3e11a098;18;;
64180;1788057961102;1506;Trip / Kilometer & Betriebszähler;16;21;–;00-00-1E-7B-00-02-66-4C-00-00-03-0C-00-00-00-00;NOTIFICATION;0;da1a1500-d532-4285-be94-b07a3e11a098;da1a1506-d532-4285-be94-b07a3e11a098;18;;
64600;1788057961522;1508;Settings / Licht & Fahrstufe;17;21;–;01-00-00-02-FF-FF-FF-FF-FF-FF-FF-00-00-00-00-00-00;NOTIFICATION;0;da1a1500-d532-4285-be94-b07a3e11a098;da1a1508-d532-4285-be94-b07a3e11a098;18;;
64809;1788057961731;1509;BatteryChange / Akku-Livestand;11;21;–;00-00-FF-FF-00-A9-24-00-00-00-00;NOTIFICATION;0;da1a1500-d532-4285-be94-b07a3e11a098;da1a1509-d532-4285-be94-b07a3e11a098;18;;
65019;1788057961941;150A;MotorUpdate / Motor-Livestand;10;21;–;00-00-FF-FF-FF-FF-FF-FF-FF-FF;NOTIFICATION;0;da1a1500-d532-4285-be94-b07a3e11a098;da1a150a-d532-4285-be94-b07a3e11a098;18;;
65228;1788057962150;150B;Motor-/Controllerblock;20;21;–;FF-FF-FF-FF-FF-FF-FF-FF-FF-FF-FF-FF-FF-FF-FF-FF-FF-FF-FF-FF;NOTIFICATION;0;da1a1500-d532-4285-be94-b07a3e11a098;da1a150b-d532-4285-be94-b07a3e11a098;18;;
65436;1788057962358;150D;Fahrstatistik Max/Ø;20;21;–;00-DA-00-59-FF-FF-FF-FF-47-18-FF-FF-FF-FF-FF-FF-FF-FF-00-00;NOTIFICATION;0;da1a1500-d532-4285-be94-b07a3e11a098;da1a150d-d532-4285-be94-b07a3e11a098;18;;
66478;1788057963400;1502;Akkuinformationen;16;22;–;47-18-FF-FF-FF-FF-47-18-FF-FF-FF-FF-FF-FF-00-00;NOTIFICATION;0;da1a1500-d532-4285-be94-b07a3e11a098;da1a1502-d532-4285-be94-b07a3e11a098;18;;
66894;1788057963816;1505;BikePerformance / Fahrleistung;18;22;–;00-00-00-00-FF-FF-00-00-FF-FF-FF-FF-FF-00-00-00-00-00;NOTIFICATION;0;da1a1500-d532-4285-be94-b07a3e11a098;da1a1505-d532-4285-be94-b07a3e11a098;18;;
67094;1788057964016;1506;Trip / Kilometer & Betriebszähler;16;22;–;00-00-1E-7B-00-02-66-4C-00-00-03-0C-00-00-00-00;NOTIFICATION;0;da1a1500-d532-4285-be94-b07a3e11a098;da1a1506-d532-4285-be94-b07a3e11a098;18;;
67518;1788057964440;1508;Settings / Licht & Fahrstufe;17;22;–;01-00-00-02-FF-FF-FF-FF-FF-FF-FF-00-00-00-00-00-00;NOTIFICATION;0;da1a1500-d532-4285-be94-b07a3e11a098;da1a1508-d532-4285-be94-b07a3e11a098;18;;
67725;1788057964647;1509;BatteryChange / Akku-Livestand;11;22;–;00-00-FF-FF-00-A9-24-00-00-00-00;NOTIFICATION;0;da1a1500-d532-4285-be94-b07a3e11a098;da1a1509-d532-4285-be94-b07a3e11a098;18;;
67938;1788057964860;150A;MotorUpdate / Motor-Livestand;10;22;–;00-00-FF-FF-FF-FF-FF-FF-FF-FF;NOTIFICATION;0;da1a1500-d532-4285-be94-b07a3e11a098;da1a150a-d532-4285-be94-b07a3e11a098;18;;
68148;1788057965070;150B;Motor-/Controllerblock;20;22;–;FF-FF-FF-FF-FF-FF-FF-FF-FF-FF-FF-FF-FF-FF-FF-FF-FF-FF-FF-FF;NOTIFICATION;0;da1a1500-d532-4285-be94-b07a3e11a098;da1a150b-d532-4285-be94-b07a3e11a098;18;;
68360;1788057965282;150D;Fahrstatistik Max/Ø;20;22;–;00-DA-00-59-FF-FF-FF-FF-47-18-FF-FF-FF-FF-FF-FF-FF-FF-00-00;NOTIFICATION;0;da1a1500-d532-4285-be94-b07a3e11a098;da1a150d-d532-4285-be94-b07a3e11a098;18;;
69399;1788057966321;1502;Akkuinformationen;16;23;–;47-18-FF-FF-FF-FF-47-18-FF-FF-FF-FF-FF-FF-00-00;NOTIFICATION;0;da1a1500-d532-4285-be94-b07a3e11a098;da1a1502-d532-4285-be94-b07a3e11a098;18;;
69818;1788057966740;1505;BikePerformance / Fahrleistung;18;23;–;00-00-00-00-FF-FF-00-00-FF-FF-FF-FF-FF-00-00-00-00-00;NOTIFICATION;0;da1a1500-d532-4285-be94-b07a3e11a098;da1a1505-d532-4285-be94-b07a3e11a098;18;;
70028;1788057966950;1506;Trip / Kilometer & Betriebszähler;16;23;–;00-00-1E-7B-00-02-66-4C-00-00-03-0C-00-00-00-00;NOTIFICATION;0;da1a1500-d532-4285-be94-b07a3e11a098;da1a1506-d532-4285-be94-b07a3e11a098;18;;
70439;1788057967361;1508;Settings / Licht & Fahrstufe;17;23;–;01-00-00-02-FF-FF-FF-FF-FF-FF-FF-00-00-00-00-00-00;NOTIFICATION;0;da1a1500-d532-4285-be94-b07a3e11a098;da1a1508-d532-4285-be94-b07a3e11a098;18;;
70648;1788057967570;1509;BatteryChange / Akku-Livestand;11;23;–;00-00-FF-FF-00-A9-24-00-00-00-00;NOTIFICATION;0;da1a1500-d532-4285-be94-b07a3e11a098;da1a1509-d532-4285-be94-b07a3e11a098;18;;
70858;1788057967780;150A;MotorUpdate / Motor-Livestand;10;23;–;00-00-FF-FF-FF-FF-FF-FF-FF-FF;NOTIFICATION;0;da1a1500-d532-4285-be94-b07a3e11a098;da1a150a-d532-4285-be94-b07a3e11a098;18;;
71067;1788057967989;150B;Motor-/Controllerblock;20;23;–;FF-FF-FF-FF-FF-FF-FF-FF-FF-FF-FF-FF-FF-FF-FF-FF-FF-FF-FF-FF;NOTIFICATION;0;da1a1500-d532-4285-be94-b07a3e11a098;da1a150b-d532-4285-be94-b07a3e11a098;18;;
71279;1788057968201;150D;Fahrstatistik Max/Ø;20;23;–;00-DA-00-59-FF-FF-FF-FF-47-18-FF-FF-FF-FF-FF-FF-FF-FF-00-00;NOTIFICATION;0;da1a1500-d532-4285-be94-b07a3e11a098;da1a150d-d532-4285-be94-b07a3e11a098;18;;
72318;1788057969240;1502;Akkuinformationen;16;24;–;47-18-FF-FF-FF-FF-47-18-FF-FF-FF-FF-FF-FF-00-00;NOTIFICATION;0;da1a1500-d532-4285-be94-b07a3e11a098;da1a1502-d532-4285-be94-b07a3e11a098;18;;
72738;1788057969660;1505;BikePerformance / Fahrleistung;18;24;7;00-00-00-00-FF-FF-00-0F-FF-FF-FF-FF-FF-00-00-00-00-00;NOTIFICATION;0;da1a1500-d532-4285-be94-b07a3e11a098;da1a1505-d532-4285-be94-b07a3e11a098;18;;
72946;1788057969868;1506;Trip / Kilometer & Betriebszähler;16;24;7;00-00-1E-7B-00-02-66-4E-00-00-03-0C-00-00-00-00;NOTIFICATION;0;da1a1500-d532-4285-be94-b07a3e11a098;da1a1506-d532-4285-be94-b07a3e11a098;18;;
73358;1788057970280;1508;Settings / Licht & Fahrstufe;17;24;–;01-00-00-02-FF-FF-FF-FF-FF-FF-FF-00-00-00-00-00-00;NOTIFICATION;0;da1a1500-d532-4285-be94-b07a3e11a098;da1a1508-d532-4285-be94-b07a3e11a098;18;;
73568;1788057970490;1509;BatteryChange / Akku-Livestand;11;24;–;00-00-FF-FF-00-A9-24-00-00-00-00;NOTIFICATION;0;da1a1500-d532-4285-be94-b07a3e11a098;da1a1509-d532-4285-be94-b07a3e11a098;18;;
73777;1788057970699;150A;MotorUpdate / Motor-Livestand;10;24;–;00-00-FF-FF-FF-FF-FF-FF-FF-FF;NOTIFICATION;0;da1a1500-d532-4285-be94-b07a3e11a098;da1a150a-d532-4285-be94-b07a3e11a098;18;;
73987;1788057970909;150B;Motor-/Controllerblock;20;24;–;FF-FF-FF-FF-FF-FF-FF-FF-FF-FF-FF-FF-FF-FF-FF-FF-FF-FF-FF-FF;NOTIFICATION;0;da1a1500-d532-4285-be94-b07a3e11a098;da1a150b-d532-4285-be94-b07a3e11a098;18;;
74197;1788057971119;150D;Fahrstatistik Max/Ø;20;24;–;00-DA-00-59-FF-FF-FF-FF-47-18-FF-FF-FF-FF-FF-FF-FF-FF-00-00;NOTIFICATION;0;da1a1500-d532-4285-be94-b07a3e11a098;da1a150d-d532-4285-be94-b07a3e11a098;18;;
75237;1788057972159;1502;Akkuinformationen;16;25;–;47-18-FF-FF-FF-FF-47-18-FF-FF-FF-FF-FF-FF-00-00;NOTIFICATION;0;da1a1500-d532-4285-be94-b07a3e11a098;da1a1502-d532-4285-be94-b07a3e11a098;18;;
75659;1788057972581;1505;BikePerformance / Fahrleistung;18;25;7;00-00-00-00-FF-FF-00-1D-FF-FF-FF-FF-FF-00-00-00-00-00;NOTIFICATION;0;da1a1500-d532-4285-be94-b07a3e11a098;da1a1505-d532-4285-be94-b07a3e11a098;18;;
75867;1788057972789;1506;Trip / Kilometer & Betriebszähler;16;25;7;00-00-1E-7B-00-02-66-51-00-00-03-0C-00-00-00-00;NOTIFICATION;0;da1a1500-d532-4285-be94-b07a3e11a098;da1a1506-d532-4285-be94-b07a3e11a098;18;;
76277;1788057973199;1508;Settings / Licht & Fahrstufe;17;25;–;01-00-00-02-FF-FF-FF-FF-FF-FF-FF-00-00-00-00-00-00;NOTIFICATION;0;da1a1500-d532-4285-be94-b07a3e11a098;da1a1508-d532-4285-be94-b07a3e11a098;18;;
76487;1788057973409;1509;BatteryChange / Akku-Livestand;11;25;0,1,5,6,10;03-E8-FF-FF-00-A7-F8-00-00-00-2B;NOTIFICATION;0;da1a1500-d532-4285-be94-b07a3e11a098;da1a1509-d532-4285-be94-b07a3e11a098;18;;
76699;1788057973621;150A;MotorUpdate / Motor-Livestand;10;25;0,1;07-D0-FF-FF-FF-FF-FF-FF-FF-FF;NOTIFICATION;0;da1a1500-d532-4285-be94-b07a3e11a098;da1a150a-d532-4285-be94-b07a3e11a098;18;;
76908;1788057973830;150B;Motor-/Controllerblock;20;25;–;FF-FF-FF-FF-FF-FF-FF-FF-FF-FF-FF-FF-FF-FF-FF-FF-FF-FF-FF-FF;NOTIFICATION;0;da1a1500-d532-4285-be94-b07a3e11a098;da1a150b-d532-4285-be94-b07a3e11a098;18;;
77117;1788057974039;150D;Fahrstatistik Max/Ø;20;25;–;00-DA-00-59-FF-FF-FF-FF-47-18-FF-FF-FF-FF-FF-FF-FF-FF-00-00;NOTIFICATION;0;da1a1500-d532-4285-be94-b07a3e11a098;da1a150d-d532-4285-be94-b07a3e11a098;18;;
78159;1788057975081;1502;Akkuinformationen;16;26;–;47-18-FF-FF-FF-FF-47-18-FF-FF-FF-FF-FF-FF-00-00;NOTIFICATION;0;da1a1500-d532-4285-be94-b07a3e11a098;da1a1502-d532-4285-be94-b07a3e11a098;18;;
78578;1788057975500;1505;BikePerformance / Fahrleistung;18;26;0,1,2,3,7;01-A4-01-A4-FF-FF-00-60-FF-FF-FF-FF-FF-00-00-00-00-00;NOTIFICATION;0;da1a1500-d532-4285-be94-b07a3e11a098;da1a1505-d532-4285-be94-b07a3e11a098;18;;
78787;1788057975709;1506;Trip / Kilometer & Betriebszähler;16;26;7;00-00-1E-7B-00-02-66-54-00-00-03-0C-00-00-00-00;NOTIFICATION;0;da1a1500-d532-4285-be94-b07a3e11a098;da1a1506-d532-4285-be94-b07a3e11a098;18;;
79197;1788057976119;1508;Settings / Licht & Fahrstufe;17;26;–;01-00-00-02-FF-FF-FF-FF-FF-FF-FF-00-00-00-00-00-00;NOTIFICATION;0;da1a1500-d532-4285-be94-b07a3e11a098;da1a1508-d532-4285-be94-b07a3e11a098;18;;
79407;1788057976329;1509;BatteryChange / Akku-Livestand;11;26;0,1,5,6,10;07-D0-FF-FF-00-A4-10-00-00-00-2A;NOTIFICATION;0;da1a1500-d532-4285-be94-b07a3e11a098;da1a1509-d532-4285-be94-b07a3e11a098;18;;
79618;1788057976540;150A;MotorUpdate / Motor-Livestand;10;26;0,1;0B-B8-FF-FF-FF-FF-FF-FF-FF-FF;NOTIFICATION;0;da1a1500-d532-4285-be94-b07a3e11a098;da1a150a-d532-4285-be94-b07a3e11a098;18;;
79827;1788057976749;150B;Motor-/Controllerblock;20;26;–;FF-FF-FF-FF-FF-FF-FF-FF-FF-FF-FF-FF-FF-FF-FF-FF-FF-FF-FF-FF;NOTIFICATION;0;da1a1500-d532-4285-be94-b07a3e11a098;da1a150b-d532-4285-be94-b07a3e11a098;18;;
80039;1788057976961;150D;Fahrstatistik Max/Ø;20;26;–;00-DA-00-59-FF-FF-FF-FF-47-18-FF-FF-FF-FF-FF-FF-FF-FF-00-00;NOTIFICATION;0;da1a1500-d532-4285-be94-b07a3e11a098;da1a150d-d532-4285-be94-b07a3e11a098;18;;
81078;1788057978000;1502;Akkuinformationen;16;27;–;47-18-FF-FF-FF-FF-47-18-FF-FF-FF-FF-FF-FF-00-00;NOTIFICATION;0;da1a1500-d532-4285-be94-b07a3e11a098;da1a1502-d532-4285-be94-b07a3e11a098;18;;
81498;1788057978420;1505;BikePerformance / Fahrleistung;18;27;0,1,2,3,7;04-E2-04-E2-FF-FF-00-6D-FF-FF-FF-FF-FF-00-00-00-00-00;NOTIFICATION;0;da1a1500-d532-4285-be94-b07a3e11a098;da1a1505-d532-4285-be94-b07a3e11a098;18;;
81708;1788057978630;1506;Trip / Kilometer & Betriebszähler;16;27;7;00-00-1E-7B-00-02-66-57-00-00-03-0C-00-00-00-00;NOTIFICATION;0;da1a1500-d532-4285-be94-b07a3e11a098;da1a1506-d532-4285-be94-b07a3e11a098;18;;
82128;1788057979050;1508;Settings / Licht & Fahrstufe;17;27;–;01-00-00-02-FF-FF-FF-FF-FF-FF-FF-00-00-00-00-00-00;NOTIFICATION;0;da1a1500-d532-4285-be94-b07a3e11a098;da1a1508-d532-4285-be94-b07a3e11a098;18;;
82327;1788057979249;1509;BatteryChange / Akku-Livestand;11;27;0,1,5,6,10;0B-B8-FF-FF-00-A3-48-00-00-00-7D;NOTIFICATION;0;da1a1500-d532-4285-be94-b07a3e11a098;da1a1509-d532-4285-be94-b07a3e11a098;18;;
82538;1788057979460;150A;MotorUpdate / Motor-Livestand;10;27;–;0B-B8-FF-FF-FF-FF-FF-FF-FF-FF;NOTIFICATION;0;da1a1500-d532-4285-be94-b07a3e11a098;da1a150a-d532-4285-be94-b07a3e11a098;18;;
82748;1788057979670;150B;Motor-/Controllerblock;20;27;–;FF-FF-FF-FF-FF-FF-FF-FF-FF-FF-FF-FF-FF-FF-FF-FF-FF-FF-FF-FF;NOTIFICATION;0;da1a1500-d532-4285-be94-b07a3e11a098;da1a150b-d532-4285-be94-b07a3e11a098;18;;
82958;1788057979880;150D;Fahrstatistik Max/Ø;20;27;–;00-DA-00-59-FF-FF-FF-FF-47-18-FF-FF-FF-FF-FF-FF-FF-FF-00-00;NOTIFICATION;0;da1a1500-d532-4285-be94-b07a3e11a098;da1a150d-d532-4285-be94-b07a3e11a098;18;;
83997;1788057980919;1502;Akkuinformationen;16;28;–;47-18-FF-FF-FF-FF-47-18-FF-FF-FF-FF-FF-FF-00-00;NOTIFICATION;0;da1a1500-d532-4285-be94-b07a3e11a098;da1a1502-d532-4285-be94-b07a3e11a098;18;;
84420;1788057981342;1505;BikePerformance / Fahrleistung;18;28;0,1,2,3,7;08-02-08-02-FF-FF-00-7C-FF-FF-FF-FF-FF-00-00-00-00-00;NOTIFICATION;0;da1a1500-d532-4285-be94-b07a3e11a098;da1a1505-d532-4285-be94-b07a3e11a098;18;;
84626;1788057981548;1506;Trip / Kilometer & Betriebszähler;16;28;7;00-00-1E-7B-00-02-66-5A-00-00-03-0C-00-00-00-00;NOTIFICATION;0;da1a1500-d532-4285-be94-b07a3e11a098;da1a1506-d532-4285-be94-b07a3e11a098;18;;
85047;1788057981969;1508;Settings / Licht & Fahrstufe;17;28;–;01-00-00-02-FF-FF-FF-FF-FF-FF-FF-00-00-00-00-00-00;NOTIFICATION;0;da1a1500-d532-4285-be94-b07a3e11a098;da1a1508-d532-4285-be94-b07a3e11a098;18;;
85248;1788057982170;1509;BatteryChange / Akku-Livestand;11;28;0,1,5,6,9,10;1B-58-FF-FF-00-9D-D0-00-00-01-1A;NOTIFICATION;0;da1a1500-d532-4285-be94-b07a3e11a098;da1a1509-d532-4285-be94-b07a3e11a098;18;;
85460;1788057982382;150A;MotorUpdate / Motor-Livestand;10;28;0,1;23-28-FF-FF-FF-FF-FF-FF-FF-FF;NOTIFICATION;0;da1a1500-d532-4285-be94-b07a3e11a098;da1a150a-d532-4285-be94-b07a3e11a098;18;;
85670;1788057982592;150B;Motor-/Controllerblock;20;28;–;FF-FF-FF-FF-FF-FF-FF-FF-FF-FF-FF-FF-FF-FF-FF-FF-FF-FF-FF-FF;NOTIFICATION;0;da1a1500-d532-4285-be94-b07a3e11a098;da1a150b-d532-4285-be94-b07a3e11a098;18;;
85880;1788057982802;150D;Fahrstatistik Max/Ø;20;28;–;00-DA-00-59-FF-FF-FF-FF-47-18-FF-FF-FF-FF-FF-FF-FF-FF-00-00;NOTIFICATION;0;da1a1500-d532-4285-be94-b07a3e11a098;da1a150d-d532-4285-be94-b07a3e11a098;18;;
86920;1788057983842;1502;Akkuinformationen;16;29;–;47-18-FF-FF-FF-FF-47-18-FF-FF-FF-FF-FF-FF-00-00;NOTIFICATION;0;da1a1500-d532-4285-be94-b07a3e11a098;da1a1502-d532-4285-be94-b07a3e11a098;18;;
87342;1788057984264;1505;BikePerformance / Fahrleistung;18;29;0,1,2,3,7;06-5E-06-5E-FF-FF-00-88-FF-FF-FF-FF-FF-00-00-00-00-00;NOTIFICATION;0;da1a1500-d532-4285-be94-b07a3e11a098;da1a1505-d532-4285-be94-b07a3e11a098;18;;
87582;1788057984504;1506;Trip / Kilometer & Betriebszähler;16;29;7;00-00-1E-7B-00-02-66-5D-00-00-03-0C-00-00-00-00;NOTIFICATION;0;da1a1500-d532-4285-be94-b07a3e11a098;da1a1506-d532-4285-be94-b07a3e11a098;18;;
87985;1788057984907;1508;Settings / Licht & Fahrstufe;17;29;–;01-00-00-02-FF-FF-FF-FF-FF-FF-FF-00-00-00-00-00-00;NOTIFICATION;0;da1a1500-d532-4285-be94-b07a3e11a098;da1a1508-d532-4285-be94-b07a3e11a098;18;;
88170;1788057985092;1509;BatteryChange / Akku-Livestand;11;29;0,1,5,6,9,10;0F-A0-FF-FF-00-A0-28-00-00-00-A3;NOTIFICATION;0;da1a1500-d532-4285-be94-b07a3e11a098;da1a1509-d532-4285-be94-b07a3e11a098;18;;
88381;1788057985303;150A;MotorUpdate / Motor-Livestand;10;29;0,1;0F-A0-FF-FF-FF-FF-FF-FF-FF-FF;NOTIFICATION;0;da1a1500-d532-4285-be94-b07a3e11a098;da1a150a-d532-4285-be94-b07a3e11a098;18;;
88589;1788057985511;150B;Motor-/Controllerblock;20;29;–;FF-FF-FF-FF-FF-FF-FF-FF-FF-FF-FF-FF-FF-FF-FF-FF-FF-FF-FF-FF;NOTIFICATION;0;da1a1500-d532-4285-be94-b07a3e11a098;da1a150b-d532-4285-be94-b07a3e11a098;18;;
88800;1788057985722;150D;Fahrstatistik Max/Ø;20;29;3;00-DA-00-55-FF-FF-FF-FF-47-18-FF-FF-FF-FF-FF-FF-FF-FF-00-00;NOTIFICATION;0;da1a1500-d532-4285-be94-b07a3e11a098;da1a150d-d532-4285-be94-b07a3e11a098;18;;
89840;1788057986762;1502;Akkuinformationen;16;30;–;47-18-FF-FF-FF-FF-47-18-FF-FF-FF-FF-FF-FF-00-00;NOTIFICATION;0;da1a1500-d532-4285-be94-b07a3e11a098;da1a1502-d532-4285-be94-b07a3e11a098;18;;
90341;1788057987263;1505;BikePerformance / Fahrleistung;18;30;1,3,7;06-54-06-54-FF-FF-00-8F-FF-FF-FF-FF-FF-00-00-00-00-00;NOTIFICATION;0;da1a1500-d532-4285-be94-b07a3e11a098;da1a1505-d532-4285-be94-b07a3e11a098;18;;
90470;1788057987392;1506;Trip / Kilometer & Betriebszähler;16;30;3,7;00-00-1E-7C-00-02-66-60-00-00-03-0C-00-00-00-00;NOTIFICATION;0;da1a1500-d532-4285-be94-b07a3e11a098;da1a1506-d532-4285-be94-b07a3e11a098;18;;
90940;1788057987862;1508;Settings / Licht & Fahrstufe;17;30;–;01-00-00-02-FF-FF-FF-FF-FF-FF-FF-00-00-00-00-00-00;NOTIFICATION;0;da1a1500-d532-4285-be94-b07a3e11a098;da1a1508-d532-4285-be94-b07a3e11a098;18;;
91090;1788057988012;1509;BatteryChange / Akku-Livestand;11;30;0,1,5,6,10;13-88-FF-FF-00-9D-D0-00-00-00-CA;NOTIFICATION;0;da1a1500-d532-4285-be94-b07a3e11a098;da1a1509-d532-4285-be94-b07a3e11a098;18;;
91331;1788057988253;150A;MotorUpdate / Motor-Livestand;10;30;0,1;13-88-FF-FF-FF-FF-FF-FF-FF-FF;NOTIFICATION;0;da1a1500-d532-4285-be94-b07a3e11a098;da1a150a-d532-4285-be94-b07a3e11a098;18;;
91511;1788057988433;150B;Motor-/Controllerblock;20;30;–;FF-FF-FF-FF-FF-FF-FF-FF-FF-FF-FF-FF-FF-FF-FF-FF-FF-FF-FF-FF;NOTIFICATION;0;da1a1500-d532-4285-be94-b07a3e11a098;da1a150b-d532-4285-be94-b07a3e11a098;18;;
91753;1788057988675;150D;Fahrstatistik Max/Ø;20;30;–;00-DA-00-55-FF-FF-FF-FF-47-18-FF-FF-FF-FF-FF-FF-FF-FF-00-00;NOTIFICATION;0;da1a1500-d532-4285-be94-b07a3e11a098;da1a150d-d532-4285-be94-b07a3e11a098;18;;
92814;1788057989736;1502;Akkuinformationen;16;31;–;47-18-FF-FF-FF-FF-47-18-FF-FF-FF-FF-FF-FF-00-00;NOTIFICATION;0;da1a1500-d532-4285-be94-b07a3e11a098;da1a1502-d532-4285-be94-b07a3e11a098;18;;
93178;1788057990100;1505;BikePerformance / Fahrleistung;18;31;1,3,7;06-4A-06-4A-FF-FF-00-8D-FF-FF-FF-FF-FF-00-00-00-00-00;NOTIFICATION;0;da1a1500-d532-4285-be94-b07a3e11a098;da1a1505-d532-4285-be94-b07a3e11a098;18;;
93391;1788057990313;1506;Trip / Kilometer & Betriebszähler;16;31;7;00-00-1E-7C-00-02-66-63-00-00-03-0C-00-00-00-00;NOTIFICATION;0;da1a1500-d532-4285-be94-b07a3e11a098;da1a1506-d532-4285-be94-b07a3e11a098;18;;
93814;1788057990736;1508;Settings / Licht & Fahrstufe;17;31;–;01-00-00-02-FF-FF-FF-FF-FF-FF-FF-00-00-00-00-00-00;NOTIFICATION;0;da1a1500-d532-4285-be94-b07a3e11a098;da1a1508-d532-4285-be94-b07a3e11a098;18;;
94012;1788057990934;1509;BatteryChange / Akku-Livestand;11;31;5,6,10;13-88-FF-FF-00-9C-40-00-00-00-C8;NOTIFICATION;0;da1a1500-d532-4285-be94-b07a3e11a098;da1a1509-d532-4285-be94-b07a3e11a098;18;;
94222;1788057991144;150A;MotorUpdate / Motor-Livestand;10;31;–;13-88-FF-FF-FF-FF-FF-FF-FF-FF;NOTIFICATION;0;da1a1500-d532-4285-be94-b07a3e11a098;da1a150a-d532-4285-be94-b07a3e11a098;18;;
94432;1788057991354;150B;Motor-/Controllerblock;20;31;–;FF-FF-FF-FF-FF-FF-FF-FF-FF-FF-FF-FF-FF-FF-FF-FF-FF-FF-FF-FF;NOTIFICATION;0;da1a1500-d532-4285-be94-b07a3e11a098;da1a150b-d532-4285-be94-b07a3e11a098;18;;
94641;1788057991563;150D;Fahrstatistik Max/Ø;20;31;–;00-DA-00-55-FF-FF-FF-FF-47-18-FF-FF-FF-FF-FF-FF-FF-FF-00-00;NOTIFICATION;0;da1a1500-d532-4285-be94-b07a3e11a098;da1a150d-d532-4285-be94-b07a3e11a098;18;;
95721;1788057992643;1502;Akkuinformationen;16;32;–;47-18-FF-FF-FF-FF-47-18-FF-FF-FF-FF-FF-FF-00-00;NOTIFICATION;0;da1a1500-d532-4285-be94-b07a3e11a098;da1a1502-d532-4285-be94-b07a3e11a098;18;;
96159;1788057993081;1505;BikePerformance / Fahrleistung;18;32;0,1,2,3,7;03-2A-03-2A-FF-FF-00-84-FF-FF-FF-FF-FF-00-00-00-00-00;NOTIFICATION;0;da1a1500-d532-4285-be94-b07a3e11a098;da1a1505-d532-4285-be94-b07a3e11a098;18;;
96311;1788057993233;1506;Trip / Kilometer & Betriebszähler;16;32;7;00-00-1E-7C-00-02-66-66-00-00-03-0C-00-00-00-00;NOTIFICATION;0;da1a1500-d532-4285-be94-b07a3e11a098;da1a1506-d532-4285-be94-b07a3e11a098;18;;
96791;1788057993713;1508;Settings / Licht & Fahrstufe;17;32;–;01-00-00-02-FF-FF-FF-FF-FF-FF-FF-00-00-00-00-00-00;NOTIFICATION;0;da1a1500-d532-4285-be94-b07a3e11a098;da1a1508-d532-4285-be94-b07a3e11a098;18;;
96943;1788057993865;1509;BatteryChange / Akku-Livestand;11;32;0,1,5,6,10;07-D0-FF-FF-00-A0-28-00-00-00-52;NOTIFICATION;0;da1a1500-d532-4285-be94-b07a3e11a098;da1a1509-d532-4285-be94-b07a3e11a098;18;;
97173;1788057994095;150A;MotorUpdate / Motor-Livestand;10;32;0,1;07-D0-FF-FF-FF-FF-FF-FF-FF-FF;NOTIFICATION;0;da1a1500-d532-4285-be94-b07a3e11a098;da1a150a-d532-4285-be94-b07a3e11a098;18;;
97350;1788057994272;150B;Motor-/Controllerblock;20;32;–;FF-FF-FF-FF-FF-FF-FF-FF-FF-FF-FF-FF-FF-FF-FF-FF-FF-FF-FF-FF;NOTIFICATION;0;da1a1500-d532-4285-be94-b07a3e11a098;da1a150b-d532-4285-be94-b07a3e11a098;18;;
97593;1788057994515;150D;Fahrstatistik Max/Ø;20;32;–;00-DA-00-55-FF-FF-FF-FF-47-18-FF-FF-FF-FF-FF-FF-FF-FF-00-00;NOTIFICATION;0;da1a1500-d532-4285-be94-b07a3e11a098;da1a150d-d532-4285-be94-b07a3e11a098;18;;
98693;1788057995615;1502;Akkuinformationen;16;33;–;47-18-FF-FF-FF-FF-47-18-FF-FF-FF-FF-FF-FF-00-00;NOTIFICATION;0;da1a1500-d532-4285-be94-b07a3e11a098;da1a1502-d532-4285-be94-b07a3e11a098;18;;
99078;1788057996000;1505;BikePerformance / Fahrleistung;18;33;0,1,2,3,7;06-40-06-40-FF-FF-00-7C-FF-FF-FF-FF-FF-00-00-00-00-00;NOTIFICATION;0;da1a1500-d532-4285-be94-b07a3e11a098;da1a1505-d532-4285-be94-b07a3e11a098;18;;
99231;1788057996153;1506;Trip / Kilometer & Betriebszähler;16;33;7;00-00-1E-7C-00-02-66-68-00-00-03-0C-00-00-00-00;NOTIFICATION;0;da1a1500-d532-4285-be94-b07a3e11a098;da1a1506-d532-4285-be94-b07a3e11a098;18;;
99734;1788057996656;1508;Settings / Licht & Fahrstufe;17;33;–;01-00-00-02-FF-FF-FF-FF-FF-FF-FF-00-00-00-00-00-00;NOTIFICATION;0;da1a1500-d532-4285-be94-b07a3e11a098;da1a1508-d532-4285-be94-b07a3e11a098;18;;
99861;1788057996783;1509;BatteryChange / Akku-Livestand;11;33;0,1,5,6,10;13-88-FF-FF-00-9B-DC-00-00-00-C7;NOTIFICATION;0;da1a1500-d532-4285-be94-b07a3e11a098;da1a1509-d532-4285-be94-b07a3e11a098;18;;
100097;1788057997019;150A;MotorUpdate / Motor-Livestand;10;33;0,1;13-88-FF-FF-FF-FF-FF-FF-FF-FF;NOTIFICATION;0;da1a1500-d532-4285-be94-b07a3e11a098;da1a150a-d532-4285-be94-b07a3e11a098;18;;
100273;1788057997195;150B;Motor-/Controllerblock;20;33;–;FF-FF-FF-FF-FF-FF-FF-FF-FF-FF-FF-FF-FF-FF-FF-FF-FF-FF-FF-FF;NOTIFICATION;0;da1a1500-d532-4285-be94-b07a3e11a098;da1a150b-d532-4285-be94-b07a3e11a098;18;;
100518;1788057997440;150D;Fahrstatistik Max/Ø;20;33;–;00-DA-00-55-FF-FF-FF-FF-47-18-FF-FF-FF-FF-FF-FF-FF-FF-00-00;NOTIFICATION;0;da1a1500-d532-4285-be94-b07a3e11a098;da1a150d-d532-4285-be94-b07a3e11a098;18;;
101587;1788057998509;1502;Akkuinformationen;16;34;–;47-18-FF-FF-FF-FF-47-18-FF-FF-FF-FF-FF-FF-00-00;NOTIFICATION;0;da1a1500-d532-4285-be94-b07a3e11a098;da1a1502-d532-4285-be94-b07a3e11a098;18;;
102000;1788057998922;1505;BikePerformance / Fahrleistung;18;34;7;06-40-06-40-FF-FF-00-87-FF-FF-FF-FF-FF-00-00-00-00-00;NOTIFICATION;0;da1a1500-d532-4285-be94-b07a3e11a098;da1a1505-d532-4285-be94-b07a3e11a098;18;;
102152;1788057999074;1506;Trip / Kilometer & Betriebszähler;16;34;7;00-00-1E-7C-00-02-66-6B-00-00-03-0C-00-00-00-00;NOTIFICATION;0;da1a1500-d532-4285-be94-b07a3e11a098;da1a1506-d532-4285-be94-b07a3e11a098;18;;
102634;1788057999556;1508;Settings / Licht & Fahrstufe;17;34;–;01-00-00-02-FF-FF-FF-FF-FF-FF-FF-00-00-00-00-00-00;NOTIFICATION;0;da1a1500-d532-4285-be94-b07a3e11a098;da1a1508-d532-4285-be94-b07a3e11a098;18;;
102782;1788057999704;1509;BatteryChange / Akku-Livestand;11;34;0,1,6,10;17-70-FF-FF-00-9B-14-00-00-00-EE;NOTIFICATION;0;da1a1500-d532-4285-be94-b07a3e11a098;da1a1509-d532-4285-be94-b07a3e11a098;18;;
103024;1788057999946;150A;MotorUpdate / Motor-Livestand;10;34;0,1;0B-B8-FF-FF-FF-FF-FF-FF-FF-FF;NOTIFICATION;0;da1a1500-d532-4285-be94-b07a3e11a098;da1a150a-d532-4285-be94-b07a3e11a098;18;;
103204;1788058000126;150B;Motor-/Controllerblock;20;34;–;FF-FF-FF-FF-FF-FF-FF-FF-FF-FF-FF-FF-FF-FF-FF-FF-FF-FF-FF-FF;NOTIFICATION;0;da1a1500-d532-4285-be94-b07a3e11a098;da1a150b-d532-4285-be94-b07a3e11a098;18;;
103432;1788058000354;150D;Fahrstatistik Max/Ø;20;34;–;00-DA-00-55-FF-FF-FF-FF-47-18-FF-FF-FF-FF-FF-FF-FF-FF-00-00;NOTIFICATION;0;da1a1500-d532-4285-be94-b07a3e11a098;da1a150d-d532-4285-be94-b07a3e11a098;18;;
104449;1788058001371;1502;Akkuinformationen;16;35;–;47-18-FF-FF-FF-FF-47-18-FF-FF-FF-FF-FF-FF-00-00;NOTIFICATION;0;da1a1500-d532-4285-be94-b07a3e11a098;da1a1502-d532-4285-be94-b07a3e11a098;18;;
104863;1788058001785;1505;BikePerformance / Fahrleistung;18;35;0,1,2,3,7;04-C4-04-C4-FF-FF-00-79-FF-FF-FF-FF-FF-00-00-00-00-00;NOTIFICATION;0;da1a1500-d532-4285-be94-b07a3e11a098;da1a1505-d532-4285-be94-b07a3e11a098;18;;
105072;1788058001994;1506;Trip / Kilometer & Betriebszähler;16;35;7;00-00-1E-7C-00-02-66-6E-00-00-03-0C-00-00-00-00;NOTIFICATION;0;da1a1500-d532-4285-be94-b07a3e11a098;da1a1506-d532-4285-be94-b07a3e11a098;18;;
105491;1788058002413;1508;Settings / Licht & Fahrstufe;17;35;–;01-00-00-02-FF-FF-FF-FF-FF-FF-FF-00-00-00-00-00-00;NOTIFICATION;0;da1a1500-d532-4285-be94-b07a3e11a098;da1a1508-d532-4285-be94-b07a3e11a098;18;;
105703;1788058002625;1509;BatteryChange / Akku-Livestand;11;35;0,1,5,6,10;0B-B8-FF-FF-00-9E-98-00-00-00-79;NOTIFICATION;0;da1a1500-d532-4285-be94-b07a3e11a098;da1a1509-d532-4285-be94-b07a3e11a098;18;;
105913;1788058002835;150A;MotorUpdate / Motor-Livestand;10;35;–;0B-B8-FF-FF-FF-FF-FF-FF-FF-FF;NOTIFICATION;0;da1a1500-d532-4285-be94-b07a3e11a098;da1a150a-d532-4285-be94-b07a3e11a098;18;;
106122;1788058003044;150B;Motor-/Controllerblock;20;35;–;FF-FF-FF-FF-FF-FF-FF-FF-FF-FF-FF-FF-FF-FF-FF-FF-FF-FF-FF-FF;NOTIFICATION;0;da1a1500-d532-4285-be94-b07a3e11a098;da1a150b-d532-4285-be94-b07a3e11a098;18;;
106321;1788058003243;150D;Fahrstatistik Max/Ø;20;35;–;00-DA-00-55-FF-FF-FF-FF-47-18-FF-FF-FF-FF-FF-FF-FF-FF-00-00;NOTIFICATION;0;da1a1500-d532-4285-be94-b07a3e11a098;da1a150d-d532-4285-be94-b07a3e11a098;18;;
107426;1788058004348;1502;Akkuinformationen;16;36;–;47-18-FF-FF-FF-FF-47-18-FF-FF-FF-FF-FF-FF-00-00;NOTIFICATION;0;da1a1500-d532-4285-be94-b07a3e11a098;da1a1502-d532-4285-be94-b07a3e11a098;18;;
107841;1788058004763;1505;BikePerformance / Fahrleistung;18;36;0,1,2,3,7;06-36-06-36-FF-FF-00-7F-FF-FF-FF-FF-FF-00-00-00-00-00;NOTIFICATION;0;da1a1500-d532-4285-be94-b07a3e11a098;da1a1505-d532-4285-be94-b07a3e11a098;18;;
107990;1788058004912;1506;Trip / Kilometer & Betriebszähler;16;36;7;00-00-1E-7C-00-02-66-71-00-00-03-0C-00-00-00-00;NOTIFICATION;0;da1a1500-d532-4285-be94-b07a3e11a098;da1a1506-d532-4285-be94-b07a3e11a098;18;;
108469;1788058005391;1508;Settings / Licht & Fahrstufe;17;36;–;01-00-00-02-FF-FF-FF-FF-FF-FF-FF-00-00-00-00-00-00;NOTIFICATION;0;da1a1500-d532-4285-be94-b07a3e11a098;da1a1508-d532-4285-be94-b07a3e11a098;18;;
108623;1788058005545;1509;BatteryChange / Akku-Livestand;11;36;0,1,5,6,10;0F-A0-FF-FF-00-9B-DC-00-00-00-9F;NOTIFICATION;0;da1a1500-d532-4285-be94-b07a3e11a098;da1a1509-d532-4285-be94-b07a3e11a098;18;;
108868;1788058005790;150A;MotorUpdate / Motor-Livestand;10;36;–;0B-B8-FF-FF-FF-FF-FF-FF-FF-FF;NOTIFICATION;0;da1a1500-d532-4285-be94-b07a3e11a098;da1a150a-d532-4285-be94-b07a3e11a098;18;;
109040;1788058005962;150B;Motor-/Controllerblock;20;36;–;FF-FF-FF-FF-FF-FF-FF-FF-FF-FF-FF-FF-FF-FF-FF-FF-FF-FF-FF-FF;NOTIFICATION;0;da1a1500-d532-4285-be94-b07a3e11a098;da1a150b-d532-4285-be94-b07a3e11a098;18;;
109287;1788058006209;150D;Fahrstatistik Max/Ø;20;36;–;00-DA-00-55-FF-FF-FF-FF-47-18-FF-FF-FF-FF-FF-FF-FF-FF-00-00;NOTIFICATION;0;da1a1500-d532-4285-be94-b07a3e11a098;da1a150d-d532-4285-be94-b07a3e11a098;18;;
110379;1788058007301;1502;Akkuinformationen;16;37;–;47-18-FF-FF-FF-FF-47-18-FF-FF-FF-FF-FF-FF-00-00;NOTIFICATION;0;da1a1500-d532-4285-be94-b07a3e11a098;da1a1502-d532-4285-be94-b07a3e11a098;18;;
110773;1788058007695;1505;BikePerformance / Fahrleistung;18;37;0,1,2,3,7;04-B0-04-B0-FF-FF-00-9C-FF-FF-FF-FF-FF-00-00-00-00-00;NOTIFICATION;0;da1a1500-d532-4285-be94-b07a3e11a098;da1a1505-d532-4285-be94-b07a3e11a098;18;;
110914;1788058007836;1506;Trip / Kilometer & Betriebszähler;16;37;7;00-00-1E-7C-00-02-66-74-00-00-03-0C-00-00-00-00;NOTIFICATION;0;da1a1500-d532-4285-be94-b07a3e11a098;da1a1506-d532-4285-be94-b07a3e11a098;18;;
111386;1788058008308;1508;Settings / Licht & Fahrstufe;17;37;–;01-00-00-02-FF-FF-FF-FF-FF-FF-FF-00-00-00-00-00-00;NOTIFICATION;0;da1a1500-d532-4285-be94-b07a3e11a098;da1a1508-d532-4285-be94-b07a3e11a098;18;;
111540;1788058008462;1509;BatteryChange / Akku-Livestand;11;37;0,1,5,6,10;07-D0-FF-FF-00-9C-A4-00-00-00-50;NOTIFICATION;0;da1a1500-d532-4285-be94-b07a3e11a098;da1a1509-d532-4285-be94-b07a3e11a098;18;;
111790;1788058008712;150A;MotorUpdate / Motor-Livestand;10;37;–;0B-B8-FF-FF-FF-FF-FF-FF-FF-FF;NOTIFICATION;0;da1a1500-d532-4285-be94-b07a3e11a098;da1a150a-d532-4285-be94-b07a3e11a098;18;;
111962;1788058008884;150B;Motor-/Controllerblock;20;37;–;FF-FF-FF-FF-FF-FF-FF-FF-FF-FF-FF-FF-FF-FF-FF-FF-FF-FF-FF-FF;NOTIFICATION;0;da1a1500-d532-4285-be94-b07a3e11a098;da1a150b-d532-4285-be94-b07a3e11a098;18;;
112216;1788058009138;150D;Fahrstatistik Max/Ø;20;37;–;00-DA-00-55-FF-FF-FF-FF-47-18-FF-FF-FF-FF-FF-FF-FF-FF-00-00;NOTIFICATION;0;da1a1500-d532-4285-be94-b07a3e11a098;da1a150d-d532-4285-be94-b07a3e11a098;18;;
113267;1788058010189;1502;Akkuinformationen;16;38;–;47-18-FF-FF-FF-FF-47-18-FF-FF-FF-FF-FF-FF-00-00;NOTIFICATION;0;da1a1500-d532-4285-be94-b07a3e11a098;da1a1502-d532-4285-be94-b07a3e11a098;18;;
113680;1788058010602;1505;BikePerformance / Fahrleistung;18;38;7;04-B0-04-B0-FF-FF-00-A1-FF-FF-FF-FF-FF-00-00-00-00-00;NOTIFICATION;0;da1a1500-d532-4285-be94-b07a3e11a098;da1a1505-d532-4285-be94-b07a3e11a098;18;;
113833;1788058010755;1506;Trip / Kilometer & Betriebszähler;16;38;7;00-00-1E-7C-00-02-66-77-00-00-03-0C-00-00-00-00;NOTIFICATION;0;da1a1500-d532-4285-be94-b07a3e11a098;da1a1506-d532-4285-be94-b07a3e11a098;18;;
114306;1788058011228;1508;Settings / Licht & Fahrstufe;17;38;–;01-00-00-02-FF-FF-FF-FF-FF-FF-FF-00-00-00-00-00-00;NOTIFICATION;0;da1a1500-d532-4285-be94-b07a3e11a098;da1a1508-d532-4285-be94-b07a3e11a098;18;;
114463;1788058011385;1509;BatteryChange / Akku-Livestand;11;38;0,1,6,10;0B-B8-FF-FF-00-9C-40-00-00-00-78;NOTIFICATION;0;da1a1500-d532-4285-be94-b07a3e11a098;da1a1509-d532-4285-be94-b07a3e11a098;18;;
114711;1788058011633;150A;MotorUpdate / Motor-Livestand;10;38;–;0B-B8-FF-FF-FF-FF-FF-FF-FF-FF;NOTIFICATION;0;da1a1500-d532-4285-be94-b07a3e11a098;da1a150a-d532-4285-be94-b07a3e11a098;18;;
114882;1788058011804;150B;Motor-/Controllerblock;20;38;–;FF-FF-FF-FF-FF-FF-FF-FF-FF-FF-FF-FF-FF-FF-FF-FF-FF-FF-FF-FF;NOTIFICATION;0;da1a1500-d532-4285-be94-b07a3e11a098;da1a150b-d532-4285-be94-b07a3e11a098;18;;
115134;1788058012056;150D;Fahrstatistik Max/Ø;20;38;–;00-DA-00-55-FF-FF-FF-FF-47-18-FF-FF-FF-FF-FF-FF-FF-FF-00-00;NOTIFICATION;0;da1a1500-d532-4285-be94-b07a3e11a098;da1a150d-d532-4285-be94-b07a3e11a098;18;;
116190;1788058013112;1502;Akkuinformationen;16;39;–;47-18-FF-FF-FF-FF-47-18-FF-FF-FF-FF-FF-FF-00-00;NOTIFICATION;0;da1a1500-d532-4285-be94-b07a3e11a098;da1a1502-d532-4285-be94-b07a3e11a098;18;;
116610;1788058013532;1505;BikePerformance / Fahrleistung;18;39;7;04-B0-04-B0-FF-FF-00-9C-FF-FF-FF-FF-FF-00-00-00-00-00;NOTIFICATION;0;da1a1500-d532-4285-be94-b07a3e11a098;da1a1505-d532-4285-be94-b07a3e11a098;18;;
116753;1788058013675;1506;Trip / Kilometer & Betriebszähler;16;39;3,7;00-00-1E-7D-00-02-66-7A-00-00-03-0C-00-00-00-00;NOTIFICATION;0;da1a1500-d532-4285-be94-b07a3e11a098;da1a1506-d532-4285-be94-b07a3e11a098;18;;
117260;1788058014182;1508;Settings / Licht & Fahrstufe;17;39;–;01-00-00-02-FF-FF-FF-FF-FF-FF-FF-00-00-00-00-00-00;NOTIFICATION;0;da1a1500-d532-4285-be94-b07a3e11a098;da1a1508-d532-4285-be94-b07a3e11a098;18;;
117379;1788058014301;1509;BatteryChange / Akku-Livestand;11;39;6;0B-B8-FF-FF-00-9C-A4-00-00-00-78;NOTIFICATION;0;da1a1500-d532-4285-be94-b07a3e11a098;da1a1509-d532-4285-be94-b07a3e11a098;18;;
117592;1788058014514;150A;MotorUpdate / Motor-Livestand;10;39;–;0B-B8-FF-FF-FF-FF-FF-FF-FF-FF;NOTIFICATION;0;da1a1500-d532-4285-be94-b07a3e11a098;da1a150a-d532-4285-be94-b07a3e11a098;18;;
117864;1788058014786;150B;Motor-/Controllerblock;20;39;–;FF-FF-FF-FF-FF-FF-FF-FF-FF-FF-FF-FF-FF-FF-FF-FF-FF-FF-FF-FF;NOTIFICATION;0;da1a1500-d532-4285-be94-b07a3e11a098;da1a150b-d532-4285-be94-b07a3e11a098;18;;
118011;1788058014933;150D;Fahrstatistik Max/Ø;20;39;3;00-DA-00-57-FF-FF-FF-FF-47-18-FF-FF-FF-FF-FF-FF-FF-FF-00-00;NOTIFICATION;0;da1a1500-d532-4285-be94-b07a3e11a098;da1a150d-d532-4285-be94-b07a3e11a098;18;;
119112;1788058016034;1502;Akkuinformationen;16;40;–;47-18-FF-FF-FF-FF-47-18-FF-FF-FF-FF-FF-FF-00-00;NOTIFICATION;0;da1a1500-d532-4285-be94-b07a3e11a098;da1a1502-d532-4285-be94-b07a3e11a098;18;;
119534;1788058016456;1505;BikePerformance / Fahrleistung;18;40;0,1,2,3,7;03-20-03-20-FF-FF-00-9D-FF-FF-FF-FF-FF-00-00-00-00-00;NOTIFICATION;0;da1a1500-d532-4285-be94-b07a3e11a098;da1a1505-d532-4285-be94-b07a3e11a098;18;;
119682;1788058016604;1506;Trip / Kilometer & Betriebszähler;16;40;7;00-00-1E-7D-00-02-66-7D-00-00-03-0C-00-00-00-00;NOTIFICATION;0;da1a1500-d532-4285-be94-b07a3e11a098;da1a1506-d532-4285-be94-b07a3e11a098;18;;
120152;1788058017074;1508;Settings / Licht & Fahrstufe;17;40;–;01-00-00-02-FF-FF-FF-FF-FF-FF-FF-00-00-00-00-00-00;NOTIFICATION;0;da1a1500-d532-4285-be94-b07a3e11a098;da1a1508-d532-4285-be94-b07a3e11a098;18;;
120301;1788058017223;1509;BatteryChange / Akku-Livestand;11;40;0,1,6,10;07-D0-FF-FF-00-9C-40-00-00-00-50;NOTIFICATION;0;da1a1500-d532-4285-be94-b07a3e11a098;da1a1509-d532-4285-be94-b07a3e11a098;18;;
120542;1788058017464;150A;MotorUpdate / Motor-Livestand;10;40;0,1;07-D0-FF-FF-FF-FF-FF-FF-FF-FF;NOTIFICATION;0;da1a1500-d532-4285-be94-b07a3e11a098;da1a150a-d532-4285-be94-b07a3e11a098;18;;
120721;1788058017643;150B;Motor-/Controllerblock;20;40;–;FF-FF-FF-FF-FF-FF-FF-FF-FF-FF-FF-FF-FF-FF-FF-FF-FF-FF-FF-FF;NOTIFICATION;0;da1a1500-d532-4285-be94-b07a3e11a098;da1a150b-d532-4285-be94-b07a3e11a098;18;;
120928;1788058017850;150D;Fahrstatistik Max/Ø;20;40;–;00-DA-00-57-FF-FF-FF-FF-47-18-FF-FF-FF-FF-FF-FF-FF-FF-00-00;NOTIFICATION;0;da1a1500-d532-4285-be94-b07a3e11a098;da1a150d-d532-4285-be94-b07a3e11a098;18;;
121974;1788058018896;1502;Akkuinformationen;16;41;–;47-18-FF-FF-FF-FF-47-18-FF-FF-FF-FF-FF-FF-00-00;NOTIFICATION;0;da1a1500-d532-4285-be94-b07a3e11a098;da1a1502-d532-4285-be94-b07a3e11a098;18;;
122395;1788058019317;1505;BikePerformance / Fahrleistung;18;41;7;03-20-03-20-FF-FF-00-9E-FF-FF-FF-FF-FF-00-00-00-00-00;NOTIFICATION;0;da1a1500-d532-4285-be94-b07a3e11a098;da1a1505-d532-4285-be94-b07a3e11a098;18;;
122604;1788058019526;1506;Trip / Kilometer & Betriebszähler;16;41;7;00-00-1E-7D-00-02-66-80-00-00-03-0C-00-00-00-00;NOTIFICATION;0;da1a1500-d532-4285-be94-b07a3e11a098;da1a1506-d532-4285-be94-b07a3e11a098;18;;
123014;1788058019936;1508;Settings / Licht & Fahrstufe;17;41;–;01-00-00-02-FF-FF-FF-FF-FF-FF-FF-00-00-00-00-00-00;NOTIFICATION;0;da1a1500-d532-4285-be94-b07a3e11a098;da1a1508-d532-4285-be94-b07a3e11a098;18;;
123225;1788058020147;1509;BatteryChange / Akku-Livestand;11;41;0,1,5,6,10;0B-B8-FF-FF-00-9B-DC-00-00-00-77;NOTIFICATION;0;da1a1500-d532-4285-be94-b07a3e11a098;da1a1509-d532-4285-be94-b07a3e11a098;18;;
123507;1788058020429;150A;MotorUpdate / Motor-Livestand;10;41;–;07-D0-FF-FF-FF-FF-FF-FF-FF-FF;NOTIFICATION;0;da1a1500-d532-4285-be94-b07a3e11a098;da1a150a-d532-4285-be94-b07a3e11a098;18;;
123641;1788058020563;150B;Motor-/Controllerblock;20;41;–;FF-FF-FF-FF-FF-FF-FF-FF-FF-FF-FF-FF-FF-FF-FF-FF-FF-FF-FF-FF;NOTIFICATION;0;da1a1500-d532-4285-be94-b07a3e11a098;da1a150b-d532-4285-be94-b07a3e11a098;18;;
123852;1788058020774;150D;Fahrstatistik Max/Ø;20;41;–;00-DA-00-57-FF-FF-FF-FF-47-18-FF-FF-FF-FF-FF-FF-FF-FF-00-00;NOTIFICATION;0;da1a1500-d532-4285-be94-b07a3e11a098;da1a150d-d532-4285-be94-b07a3e11a098;18;;
124946;1788058021868;1502;Akkuinformationen;16;42;–;47-18-FF-FF-FF-FF-47-18-FF-FF-FF-FF-FF-FF-00-00;NOTIFICATION;0;da1a1500-d532-4285-be94-b07a3e11a098;da1a1502-d532-4285-be94-b07a3e11a098;18;;
125314;1788058022236;1505;BikePerformance / Fahrleistung;18;42;0,1,2,3,7;04-A6-04-A6-FF-FF-00-A1-FF-FF-FF-FF-FF-00-00-00-00-00;NOTIFICATION;0;da1a1500-d532-4285-be94-b07a3e11a098;da1a1505-d532-4285-be94-b07a3e11a098;18;;
125524;1788058022446;1506;Trip / Kilometer & Betriebszähler;16;42;7;00-00-1E-7D-00-02-66-83-00-00-03-0C-00-00-00-00;NOTIFICATION;0;da1a1500-d532-4285-be94-b07a3e11a098;da1a1506-d532-4285-be94-b07a3e11a098;18;;
125933;1788058022855;1508;Settings / Licht & Fahrstufe;17;42;–;01-00-00-02-FF-FF-FF-FF-FF-FF-FF-00-00-00-00-00-00;NOTIFICATION;0;da1a1500-d532-4285-be94-b07a3e11a098;da1a1508-d532-4285-be94-b07a3e11a098;18;;
126171;1788058023093;1509;BatteryChange / Akku-Livestand;11;42;0,1,5,6,10;07-D0-FF-FF-00-9C-40-00-00-00-50;NOTIFICATION;0;da1a1500-d532-4285-be94-b07a3e11a098;da1a1509-d532-4285-be94-b07a3e11a098;18;;
126353;1788058023275;150A;MotorUpdate / Motor-Livestand;10;42;–;07-D0-FF-FF-FF-FF-FF-FF-FF-FF;NOTIFICATION;0;da1a1500-d532-4285-be94-b07a3e11a098;da1a150a-d532-4285-be94-b07a3e11a098;18;;
126600;1788058023522;150B;Motor-/Controllerblock;20;42;–;FF-FF-FF-FF-FF-FF-FF-FF-FF-FF-FF-FF-FF-FF-FF-FF-FF-FF-FF-FF;NOTIFICATION;0;da1a1500-d532-4285-be94-b07a3e11a098;da1a150b-d532-4285-be94-b07a3e11a098;18;;
126772;1788058023694;150D;Fahrstatistik Max/Ø;20;42;–;00-DA-00-57-FF-FF-FF-FF-47-18-FF-FF-FF-FF-FF-FF-FF-FF-00-00;NOTIFICATION;0;da1a1500-d532-4285-be94-b07a3e11a098;da1a150d-d532-4285-be94-b07a3e11a098;18;;
127891;1788058024813;1502;Akkuinformationen;16;43;–;47-18-FF-FF-FF-FF-47-18-FF-FF-FF-FF-FF-FF-00-00;NOTIFICATION;0;da1a1500-d532-4285-be94-b07a3e11a098;da1a1502-d532-4285-be94-b07a3e11a098;18;;
128283;1788058025205;1505;BikePerformance / Fahrleistung;18;43;0,1,2,3,7;03-20-03-20-FF-FF-00-9C-FF-FF-FF-FF-FF-00-00-00-00-00;NOTIFICATION;0;da1a1500-d532-4285-be94-b07a3e11a098;da1a1505-d532-4285-be94-b07a3e11a098;18;;
128440;1788058025362;1506;Trip / Kilometer & Betriebszähler;16;43;7;00-00-1E-7D-00-02-66-86-00-00-03-0C-00-00-00-00;NOTIFICATION;0;da1a1500-d532-4285-be94-b07a3e11a098;da1a1506-d532-4285-be94-b07a3e11a098;18;;
128920;1788058025842;1508;Settings / Licht & Fahrstufe;17;43;–;01-00-00-02-FF-FF-FF-FF-FF-FF-FF-00-00-00-00-00-00;NOTIFICATION;0;da1a1500-d532-4285-be94-b07a3e11a098;da1a1508-d532-4285-be94-b07a3e11a098;18;;
129061;1788058025983;1509;BatteryChange / Akku-Livestand;11;43;6;07-D0-FF-FF-00-9C-A4-00-00-00-50;NOTIFICATION;0;da1a1500-d532-4285-be94-b07a3e11a098;da1a1509-d532-4285-be94-b07a3e11a098;18;;
129302;1788058026224;150A;MotorUpdate / Motor-Livestand;10;43;–;07-D0-FF-FF-FF-FF-FF-FF-FF-FF;NOTIFICATION;0;da1a1500-d532-4285-be94-b07a3e11a098;da1a150a-d532-4285-be94-b07a3e11a098;18;;
129481;1788058026403;150B;Motor-/Controllerblock;20;43;–;FF-FF-FF-FF-FF-FF-FF-FF-FF-FF-FF-FF-FF-FF-FF-FF-FF-FF-FF-FF;NOTIFICATION;0;da1a1500-d532-4285-be94-b07a3e11a098;da1a150b-d532-4285-be94-b07a3e11a098;18;;
129723;1788058026645;150D;Fahrstatistik Max/Ø;20;43;–;00-DA-00-57-FF-FF-FF-FF-47-18-FF-FF-FF-FF-FF-FF-FF-FF-00-00;NOTIFICATION;0;da1a1500-d532-4285-be94-b07a3e11a098;da1a150d-d532-4285-be94-b07a3e11a098;18;;
130790;1788058027712;1502;Akkuinformationen;16;44;–;47-18-FF-FF-FF-FF-47-18-FF-FF-FF-FF-FF-FF-00-00;NOTIFICATION;0;da1a1500-d532-4285-be94-b07a3e11a098;da1a1502-d532-4285-be94-b07a3e11a098;18;;
131207;1788058028129;1505;BikePerformance / Fahrleistung;18;44;7;03-20-03-20-FF-FF-00-99-FF-FF-FF-FF-FF-00-00-00-00-00;NOTIFICATION;0;da1a1500-d532-4285-be94-b07a3e11a098;da1a1505-d532-4285-be94-b07a3e11a098;18;;
131363;1788058028285;1506;Trip / Kilometer & Betriebszähler;16;44;7;00-00-1E-7D-00-02-66-89-00-00-03-0C-00-00-00-00;NOTIFICATION;0;da1a1500-d532-4285-be94-b07a3e11a098;da1a1506-d532-4285-be94-b07a3e11a098;18;;
131839;1788058028761;1508;Settings / Licht & Fahrstufe;17;44;–;01-00-00-02-FF-FF-FF-FF-FF-FF-FF-00-00-00-00-00-00;NOTIFICATION;0;da1a1500-d532-4285-be94-b07a3e11a098;da1a1508-d532-4285-be94-b07a3e11a098;18;;
131993;1788058028915;1509;BatteryChange / Akku-Livestand;11;44;–;07-D0-FF-FF-00-9C-A4-00-00-00-50;NOTIFICATION;0;da1a1500-d532-4285-be94-b07a3e11a098;da1a1509-d532-4285-be94-b07a3e11a098;18;;
132229;1788058029151;150A;MotorUpdate / Motor-Livestand;10;44;–;07-D0-FF-FF-FF-FF-FF-FF-FF-FF;NOTIFICATION;0;da1a1500-d532-4285-be94-b07a3e11a098;da1a150a-d532-4285-be94-b07a3e11a098;18;;
132401;1788058029323;150B;Motor-/Controllerblock;20;44;–;FF-FF-FF-FF-FF-FF-FF-FF-FF-FF-FF-FF-FF-FF-FF-FF-FF-FF-FF-FF;NOTIFICATION;0;da1a1500-d532-4285-be94-b07a3e11a098;da1a150b-d532-4285-be94-b07a3e11a098;18;;
132651;1788058029573;150D;Fahrstatistik Max/Ø;20;44;–;00-DA-00-57-FF-FF-FF-FF-47-18-FF-FF-FF-FF-FF-FF-FF-FF-00-00;NOTIFICATION;0;da1a1500-d532-4285-be94-b07a3e11a098;da1a150d-d532-4285-be94-b07a3e11a098;18;;
133651;1788058030573;1502;Akkuinformationen;16;45;–;47-18-FF-FF-FF-FF-47-18-FF-FF-FF-FF-FF-FF-00-00;NOTIFICATION;0;da1a1500-d532-4285-be94-b07a3e11a098;da1a1502-d532-4285-be94-b07a3e11a098;18;;
134107;1788058031029;1505;BikePerformance / Fahrleistung;18;45;7;03-20-03-20-FF-FF-00-9B-FF-FF-FF-FF-FF-00-00-00-00-00;NOTIFICATION;0;da1a1500-d532-4285-be94-b07a3e11a098;da1a1505-d532-4285-be94-b07a3e11a098;18;;
134283;1788058031205;1506;Trip / Kilometer & Betriebszähler;16;45;7;00-00-1E-7D-00-02-66-8C-00-00-03-0C-00-00-00-00;NOTIFICATION;0;da1a1500-d532-4285-be94-b07a3e11a098;da1a1506-d532-4285-be94-b07a3e11a098;18;;
134704;1788058031626;1508;Settings / Licht & Fahrstufe;17;45;–;01-00-00-02-FF-FF-FF-FF-FF-FF-FF-00-00-00-00-00-00;NOTIFICATION;0;da1a1500-d532-4285-be94-b07a3e11a098;da1a1508-d532-4285-be94-b07a3e11a098;18;;
134909;1788058031831;1509;BatteryChange / Akku-Livestand;11;45;5,6,10;07-D0-FF-FF-00-9B-DC-00-00-00-4F;NOTIFICATION;0;da1a1500-d532-4285-be94-b07a3e11a098;da1a1509-d532-4285-be94-b07a3e11a098;18;;
135146;1788058032068;150A;MotorUpdate / Motor-Livestand;10;45;–;07-D0-FF-FF-FF-FF-FF-FF-FF-FF;NOTIFICATION;0;da1a1500-d532-4285-be94-b07a3e11a098;da1a150a-d532-4285-be94-b07a3e11a098;18;;
135324;1788058032246;150B;Motor-/Controllerblock;20;45;–;FF-FF-FF-FF-FF-FF-FF-FF-FF-FF-FF-FF-FF-FF-FF-FF-FF-FF-FF-FF;NOTIFICATION;0;da1a1500-d532-4285-be94-b07a3e11a098;da1a150b-d532-4285-be94-b07a3e11a098;18;;
135532;1788058032454;150D;Fahrstatistik Max/Ø;20;45;–;00-DA-00-57-FF-FF-FF-FF-47-18-FF-FF-FF-FF-FF-FF-FF-FF-00-00;NOTIFICATION;0;da1a1500-d532-4285-be94-b07a3e11a098;da1a150d-d532-4285-be94-b07a3e11a098;18;;
136585;1788058033507;1502;Akkuinformationen;16;46;–;47-18-FF-FF-FF-FF-47-18-FF-FF-FF-FF-FF-FF-00-00;NOTIFICATION;0;da1a1500-d532-4285-be94-b07a3e11a098;da1a1502-d532-4285-be94-b07a3e11a098;18;;
137043;1788058033965;1505;BikePerformance / Fahrleistung;18;46;1,3,7;03-16-03-16-FF-FF-00-9D-FF-FF-FF-FF-FF-00-00-00-00-00;NOTIFICATION;0;da1a1500-d532-4285-be94-b07a3e11a098;da1a1505-d532-4285-be94-b07a3e11a098;18;;
137201;1788058034123;1506;Trip / Kilometer & Betriebszähler;16;46;7;00-00-1E-7D-00-02-66-8F-00-00-03-0C-00-00-00-00;NOTIFICATION;0;da1a1500-d532-4285-be94-b07a3e11a098;da1a1506-d532-4285-be94-b07a3e11a098;18;;
137683;1788058034605;1508;Settings / Licht & Fahrstufe;17;46;–;01-00-00-02-FF-FF-FF-FF-FF-FF-FF-00-00-00-00-00-00;NOTIFICATION;0;da1a1500-d532-4285-be94-b07a3e11a098;da1a1508-d532-4285-be94-b07a3e11a098;18;;
137832;1788058034754;1509;BatteryChange / Akku-Livestand;11;46;5,6,10;07-D0-FF-FF-00-9C-40-00-00-00-50;NOTIFICATION;0;da1a1500-d532-4285-be94-b07a3e11a098;da1a1509-d532-4285-be94-b07a3e11a098;18;;
138064;1788058034986;150A;MotorUpdate / Motor-Livestand;10;46;–;07-D0-FF-FF-FF-FF-FF-FF-FF-FF;NOTIFICATION;0;da1a1500-d532-4285-be94-b07a3e11a098;da1a150a-d532-4285-be94-b07a3e11a098;18;;
138244;1788058035166;150B;Motor-/Controllerblock;20;46;–;FF-FF-FF-FF-FF-FF-FF-FF-FF-FF-FF-FF-FF-FF-FF-FF-FF-FF-FF-FF;NOTIFICATION;0;da1a1500-d532-4285-be94-b07a3e11a098;da1a150b-d532-4285-be94-b07a3e11a098;18;;
138490;1788058035412;150D;Fahrstatistik Max/Ø;20;46;–;00-DA-00-57-FF-FF-FF-FF-47-18-FF-FF-FF-FF-FF-FF-FF-FF-00-00;NOTIFICATION;0;da1a1500-d532-4285-be94-b07a3e11a098;da1a150d-d532-4285-be94-b07a3e11a098;18;;
139557;1788058036479;1502;Akkuinformationen;16;47;–;47-18-FF-FF-FF-FF-47-18-FF-FF-FF-FF-FF-FF-00-00;NOTIFICATION;0;da1a1500-d532-4285-be94-b07a3e11a098;da1a1502-d532-4285-be94-b07a3e11a098;18;;
139963;1788058036885;1505;BikePerformance / Fahrleistung;18;47;0,1,2,3,7;01-90-01-90-FF-FF-00-9F-FF-FF-FF-FF-FF-00-00-00-00-00;NOTIFICATION;0;da1a1500-d532-4285-be94-b07a3e11a098;da1a1505-d532-4285-be94-b07a3e11a098;18;;
140122;1788058037044;1506;Trip / Kilometer & Betriebszähler;16;47;3,7;00-00-1E-7E-00-02-66-92-00-00-03-0C-00-00-00-00;NOTIFICATION;0;da1a1500-d532-4285-be94-b07a3e11a098;da1a1506-d532-4285-be94-b07a3e11a098;18;;
140596;1788058037518;1508;Settings / Licht & Fahrstufe;17;47;–;01-00-00-02-FF-FF-FF-FF-FF-FF-FF-00-00-00-00-00-00;NOTIFICATION;0;da1a1500-d532-4285-be94-b07a3e11a098;da1a1508-d532-4285-be94-b07a3e11a098;18;;
140749;1788058037671;1509;BatteryChange / Akku-Livestand;11;47;10;07-D0-FF-FF-00-9C-40-00-00-00-4F;NOTIFICATION;0;da1a1500-d532-4285-be94-b07a3e11a098;da1a1509-d532-4285-be94-b07a3e11a098;18;;
140998;1788058037920;150A;MotorUpdate / Motor-Livestand;10;47;–;07-D0-FF-FF-FF-FF-FF-FF-FF-FF;NOTIFICATION;0;da1a1500-d532-4285-be94-b07a3e11a098;da1a150a-d532-4285-be94-b07a3e11a098;18;;
141162;1788058038084;150B;Motor-/Controllerblock;20;47;–;FF-FF-FF-FF-FF-FF-FF-FF-FF-FF-FF-FF-FF-FF-FF-FF-FF-FF-FF-FF;NOTIFICATION;0;da1a1500-d532-4285-be94-b07a3e11a098;da1a150b-d532-4285-be94-b07a3e11a098;18;;
141402;1788058038324;150D;Fahrstatistik Max/Ø;20;47;3;00-DA-00-58-FF-FF-FF-FF-47-18-FF-FF-FF-FF-FF-FF-FF-FF-00-00;NOTIFICATION;0;da1a1500-d532-4285-be94-b07a3e11a098;da1a150d-d532-4285-be94-b07a3e11a098;18;;
142476;1788058039398;1502;Akkuinformationen;16;48;–;47-18-FF-FF-FF-FF-47-18-FF-FF-FF-FF-FF-FF-00-00;NOTIFICATION;0;da1a1500-d532-4285-be94-b07a3e11a098;da1a1502-d532-4285-be94-b07a3e11a098;18;;
142902;1788058039824;1505;BikePerformance / Fahrleistung;18;48;0,1,2,3,7;03-20-03-20-FF-FF-00-9A-FF-FF-FF-FF-FF-00-00-00-00-00;NOTIFICATION;0;da1a1500-d532-4285-be94-b07a3e11a098;da1a1505-d532-4285-be94-b07a3e11a098;18;;
143042;1788058039964;1506;Trip / Kilometer & Betriebszähler;16;48;7;00-00-1E-7E-00-02-66-95-00-00-03-0C-00-00-00-00;NOTIFICATION;0;da1a1500-d532-4285-be94-b07a3e11a098;da1a1506-d532-4285-be94-b07a3e11a098;18;;
143516;1788058040438;1508;Settings / Licht & Fahrstufe;17;48;–;01-00-00-02-FF-FF-FF-FF-FF-FF-FF-00-00-00-00-00-00;NOTIFICATION;0;da1a1500-d532-4285-be94-b07a3e11a098;da1a1508-d532-4285-be94-b07a3e11a098;18;;
143674;1788058040596;1509;BatteryChange / Akku-Livestand;11;48;5,6;07-D0-FF-FF-00-9B-DC-00-00-00-4F;NOTIFICATION;0;da1a1500-d532-4285-be94-b07a3e11a098;da1a1509-d532-4285-be94-b07a3e11a098;18;;
143914;1788058040836;150A;MotorUpdate / Motor-Livestand;10;48;0,1;03-E8-FF-FF-FF-FF-FF-FF-FF-FF;NOTIFICATION;0;da1a1500-d532-4285-be94-b07a3e11a098;da1a150a-d532-4285-be94-b07a3e11a098;18;;
144091;1788058041013;150B;Motor-/Controllerblock;20;48;–;FF-FF-FF-FF-FF-FF-FF-FF-FF-FF-FF-FF-FF-FF-FF-FF-FF-FF-FF-FF;NOTIFICATION;0;da1a1500-d532-4285-be94-b07a3e11a098;da1a150b-d532-4285-be94-b07a3e11a098;18;;
144324;1788058041246;150D;Fahrstatistik Max/Ø;20;48;–;00-DA-00-58-FF-FF-FF-FF-47-18-FF-FF-FF-FF-FF-FF-FF-FF-00-00;NOTIFICATION;0;da1a1500-d532-4285-be94-b07a3e11a098;da1a150d-d532-4285-be94-b07a3e11a098;18;;
145341;1788058042263;1502;Akkuinformationen;16;49;–;47-18-FF-FF-FF-FF-47-18-FF-FF-FF-FF-FF-FF-00-00;NOTIFICATION;0;da1a1500-d532-4285-be94-b07a3e11a098;da1a1502-d532-4285-be94-b07a3e11a098;18;;
145817;1788058042739;1505;BikePerformance / Fahrleistung;18;49;0,1,2,3;01-86-01-86-FF-FF-00-9A-FF-FF-FF-FF-FF-00-00-00-00-00;NOTIFICATION;0;da1a1500-d532-4285-be94-b07a3e11a098;da1a1505-d532-4285-be94-b07a3e11a098;18;;
145962;1788058042884;1506;Trip / Kilometer & Betriebszähler;16;49;7;00-00-1E-7E-00-02-66-97-00-00-03-0C-00-00-00-00;NOTIFICATION;0;da1a1500-d532-4285-be94-b07a3e11a098;da1a1506-d532-4285-be94-b07a3e11a098;18;;
146442;1788058043364;1508;Settings / Licht & Fahrstufe;17;49;–;01-00-00-02-FF-FF-FF-FF-FF-FF-FF-00-00-00-00-00-00;NOTIFICATION;0;da1a1500-d532-4285-be94-b07a3e11a098;da1a1508-d532-4285-be94-b07a3e11a098;18;;
146594;1788058043516;1509;BatteryChange / Akku-Livestand;11;49;0,1,5,6,10;03-E8-FF-FF-00-9C-40-00-00-00-28;NOTIFICATION;0;da1a1500-d532-4285-be94-b07a3e11a098;da1a1509-d532-4285-be94-b07a3e11a098;18;;
146836;1788058043758;150A;MotorUpdate / Motor-Livestand;10;49;–;03-E8-FF-FF-FF-FF-FF-FF-FF-FF;NOTIFICATION;0;da1a1500-d532-4285-be94-b07a3e11a098;da1a150a-d532-4285-be94-b07a3e11a098;18;;
147009;1788058043931;150B;Motor-/Controllerblock;20;49;–;FF-FF-FF-FF-FF-FF-FF-FF-FF-FF-FF-FF-FF-FF-FF-FF-FF-FF-FF-FF;NOTIFICATION;0;da1a1500-d532-4285-be94-b07a3e11a098;da1a150b-d532-4285-be94-b07a3e11a098;18;;
147254;1788058044176;150D;Fahrstatistik Max/Ø;20;49;–;00-DA-00-58-FF-FF-FF-FF-47-18-FF-FF-FF-FF-FF-FF-FF-FF-00-00;NOTIFICATION;0;da1a1500-d532-4285-be94-b07a3e11a098;da1a150d-d532-4285-be94-b07a3e11a098;18;;
148323;1788058045245;1502;Akkuinformationen;16;50;–;47-18-FF-FF-FF-FF-47-18-FF-FF-FF-FF-FF-FF-00-00;NOTIFICATION;0;da1a1500-d532-4285-be94-b07a3e11a098;da1a1502-d532-4285-be94-b07a3e11a098;18;;
148681;1788058045603;1505;BikePerformance / Fahrleistung;18;50;0,1,2,3,7;03-20-03-20-FF-FF-00-9B-FF-FF-FF-FF-FF-00-00-00-00-00;NOTIFICATION;0;da1a1500-d532-4285-be94-b07a3e11a098;da1a1505-d532-4285-be94-b07a3e11a098;18;;
148885;1788058045807;1506;Trip / Kilometer & Betriebszähler;16;50;7;00-00-1E-7E-00-02-66-9A-00-00-03-0C-00-00-00-00;NOTIFICATION;0;da1a1500-d532-4285-be94-b07a3e11a098;da1a1506-d532-4285-be94-b07a3e11a098;18;;
149357;1788058046279;1508;Settings / Licht & Fahrstufe;17;50;–;01-00-00-02-FF-FF-FF-FF-FF-FF-FF-00-00-00-00-00-00;NOTIFICATION;0;da1a1500-d532-4285-be94-b07a3e11a098;da1a1508-d532-4285-be94-b07a3e11a098;18;;
149511;1788058046433;1509;BatteryChange / Akku-Livestand;11;50;0,1,10;07-D0-FF-FF-00-9C-40-00-00-00-50;NOTIFICATION;0;da1a1500-d532-4285-be94-b07a3e11a098;da1a1509-d532-4285-be94-b07a3e11a098;18;;
149753;1788058046675;150A;MotorUpdate / Motor-Livestand;10;50;0,1;07-D0-FF-FF-FF-FF-FF-FF-FF-FF;NOTIFICATION;0;da1a1500-d532-4285-be94-b07a3e11a098;da1a150a-d532-4285-be94-b07a3e11a098;18;;
149934;1788058046856;150B;Motor-/Controllerblock;20;50;–;FF-FF-FF-FF-FF-FF-FF-FF-FF-FF-FF-FF-FF-FF-FF-FF-FF-FF-FF-FF;NOTIFICATION;0;da1a1500-d532-4285-be94-b07a3e11a098;da1a150b-d532-4285-be94-b07a3e11a098;18;;
150179;1788058047101;150D;Fahrstatistik Max/Ø;20;50;–;00-DA-00-58-FF-FF-FF-FF-47-18-FF-FF-FF-FF-FF-FF-FF-FF-00-00;NOTIFICATION;0;da1a1500-d532-4285-be94-b07a3e11a098;da1a150d-d532-4285-be94-b07a3e11a098;18;;
151240;1788058048162;1502;Akkuinformationen;16;51;–;47-18-FF-FF-FF-FF-47-18-FF-FF-FF-FF-FF-FF-00-00;NOTIFICATION;0;da1a1500-d532-4285-be94-b07a3e11a098;da1a1502-d532-4285-be94-b07a3e11a098;18;;
151683;1788058048605;1505;BikePerformance / Fahrleistung;18;51;0,1,2,3,7;01-90-01-90-FF-FF-00-93-FF-FF-FF-FF-FF-00-00-00-00-00;NOTIFICATION;0;da1a1500-d532-4285-be94-b07a3e11a098;da1a1505-d532-4285-be94-b07a3e11a098;18;;
151803;1788058048725;1506;Trip / Kilometer & Betriebszähler;16;51;7;00-00-1E-7E-00-02-66-9D-00-00-03-0C-00-00-00-00;NOTIFICATION;0;da1a1500-d532-4285-be94-b07a3e11a098;da1a1506-d532-4285-be94-b07a3e11a098;18;;
152279;1788058049201;1508;Settings / Licht & Fahrstufe;17;51;–;01-00-00-02-FF-FF-FF-FF-FF-FF-FF-00-00-00-00-00-00;NOTIFICATION;0;da1a1500-d532-4285-be94-b07a3e11a098;da1a1508-d532-4285-be94-b07a3e11a098;18;;
152430;1788058049352;1509;BatteryChange / Akku-Livestand;11;51;0,1,10;03-E8-FF-FF-00-9C-40-00-00-00-28;NOTIFICATION;0;da1a1500-d532-4285-be94-b07a3e11a098;da1a1509-d532-4285-be94-b07a3e11a098;18;;
152670;1788058049592;150A;MotorUpdate / Motor-Livestand;10;51;0,1;03-E8-FF-FF-FF-FF-FF-FF-FF-FF;NOTIFICATION;0;da1a1500-d532-4285-be94-b07a3e11a098;da1a150a-d532-4285-be94-b07a3e11a098;18;;
152852;1788058049774;150B;Motor-/Controllerblock;20;51;–;FF-FF-FF-FF-FF-FF-FF-FF-FF-FF-FF-FF-FF-FF-FF-FF-FF-FF-FF-FF;NOTIFICATION;0;da1a1500-d532-4285-be94-b07a3e11a098;da1a150b-d532-4285-be94-b07a3e11a098;18;;
153102;1788058050024;150D;Fahrstatistik Max/Ø;20;51;–;00-DA-00-58-FF-FF-FF-FF-47-18-FF-FF-FF-FF-FF-FF-FF-FF-00-00;NOTIFICATION;0;da1a1500-d532-4285-be94-b07a3e11a098;da1a150d-d532-4285-be94-b07a3e11a098;18;;
154164;1788058051086;1502;Akkuinformationen;16;52;–;47-18-FF-FF-FF-FF-47-18-FF-FF-FF-FF-FF-FF-00-00;NOTIFICATION;0;da1a1500-d532-4285-be94-b07a3e11a098;da1a1502-d532-4285-be94-b07a3e11a098;18;;
154643;1788058051565;1505;BikePerformance / Fahrleistung;18;52;0,1,2,3,7;03-16-03-16-FF-FF-00-99-FF-FF-FF-FF-FF-00-00-00-00-00;NOTIFICATION;0;da1a1500-d532-4285-be94-b07a3e11a098;da1a1505-d532-4285-be94-b07a3e11a098;18;;
154718;1788058051640;1506;Trip / Kilometer & Betriebszähler;16;52;7;00-00-1E-7E-00-02-66-A0-00-00-03-0C-00-00-00-00;NOTIFICATION;0;da1a1500-d532-4285-be94-b07a3e11a098;da1a1506-d532-4285-be94-b07a3e11a098;18;;
155203;1788058052125;1508;Settings / Licht & Fahrstufe;17;52;–;01-00-00-02-FF-FF-FF-FF-FF-FF-FF-00-00-00-00-00-00;NOTIFICATION;0;da1a1500-d532-4285-be94-b07a3e11a098;da1a1508-d532-4285-be94-b07a3e11a098;18;;
155354;1788058052276;1509;BatteryChange / Akku-Livestand;11;52;0,1,10;07-D0-FF-FF-00-9C-40-00-00-00-50;NOTIFICATION;0;da1a1500-d532-4285-be94-b07a3e11a098;da1a1509-d532-4285-be94-b07a3e11a098;18;;
155596;1788058052518;150A;MotorUpdate / Motor-Livestand;10;52;–;03-E8-FF-FF-FF-FF-FF-FF-FF-FF;NOTIFICATION;0;da1a1500-d532-4285-be94-b07a3e11a098;da1a150a-d532-4285-be94-b07a3e11a098;18;;
155774;1788058052696;150B;Motor-/Controllerblock;20;52;–;FF-FF-FF-FF-FF-FF-FF-FF-FF-FF-FF-FF-FF-FF-FF-FF-FF-FF-FF-FF;NOTIFICATION;0;da1a1500-d532-4285-be94-b07a3e11a098;da1a150b-d532-4285-be94-b07a3e11a098;18;;
156015;1788058052937;150D;Fahrstatistik Max/Ø;20;52;–;00-DA-00-58-FF-FF-FF-FF-47-18-FF-FF-FF-FF-FF-FF-FF-FF-00-00;NOTIFICATION;0;da1a1500-d532-4285-be94-b07a3e11a098;da1a150d-d532-4285-be94-b07a3e11a098;18;;
157076;1788058053998;1502;Akkuinformationen;16;53;–;47-18-FF-FF-FF-FF-47-18-FF-FF-FF-FF-FF-FF-00-00;NOTIFICATION;0;da1a1500-d532-4285-be94-b07a3e11a098;da1a1502-d532-4285-be94-b07a3e11a098;18;;
157501;1788058054423;1505;BikePerformance / Fahrleistung;18;53;0,1,2,3,7;04-A6-04-A6-FF-FF-00-98-FF-FF-FF-FF-FF-00-00-00-00-00;NOTIFICATION;0;da1a1500-d532-4285-be94-b07a3e11a098;da1a1505-d532-4285-be94-b07a3e11a098;18;;
157651;1788058054573;1506;Trip / Kilometer & Betriebszähler;16;53;7;00-00-1E-7E-00-02-66-A3-00-00-03-0C-00-00-00-00;NOTIFICATION;0;da1a1500-d532-4285-be94-b07a3e11a098;da1a1506-d532-4285-be94-b07a3e11a098;18;;
158123;1788058055045;1508;Settings / Licht & Fahrstufe;17;53;–;01-00-00-02-FF-FF-FF-FF-FF-FF-FF-00-00-00-00-00-00;NOTIFICATION;0;da1a1500-d532-4285-be94-b07a3e11a098;da1a1508-d532-4285-be94-b07a3e11a098;18;;
158271;1788058055193;1509;BatteryChange / Akku-Livestand;11;53;0,1,10;03-E8-FF-FF-00-9C-40-00-00-00-28;NOTIFICATION;0;da1a1500-d532-4285-be94-b07a3e11a098;da1a1509-d532-4285-be94-b07a3e11a098;18;;
158512;1788058055434;150A;MotorUpdate / Motor-Livestand;10;53;–;03-E8-FF-FF-FF-FF-FF-FF-FF-FF;NOTIFICATION;0;da1a1500-d532-4285-be94-b07a3e11a098;da1a150a-d532-4285-be94-b07a3e11a098;18;;
158693;1788058055615;150B;Motor-/Controllerblock;20;53;–;FF-FF-FF-FF-FF-FF-FF-FF-FF-FF-FF-FF-FF-FF-FF-FF-FF-FF-FF-FF;NOTIFICATION;0;da1a1500-d532-4285-be94-b07a3e11a098;da1a150b-d532-4285-be94-b07a3e11a098;18;;
158936;1788058055858;150D;Fahrstatistik Max/Ø;20;53;–;00-DA-00-58-FF-FF-FF-FF-47-18-FF-FF-FF-FF-FF-FF-FF-FF-00-00;NOTIFICATION;0;da1a1500-d532-4285-be94-b07a3e11a098;da1a150d-d532-4285-be94-b07a3e11a098;18;;
160032;1788058056954;1502;Akkuinformationen;16;54;–;47-18-FF-FF-FF-FF-47-18-FF-FF-FF-FF-FF-FF-00-00;NOTIFICATION;0;da1a1500-d532-4285-be94-b07a3e11a098;da1a1502-d532-4285-be94-b07a3e11a098;18;;
160426;1788058057348;1505;BikePerformance / Fahrleistung;18;54;0,1,2,3,7;01-90-01-90-FF-FF-00-92-FF-FF-FF-FF-FF-00-00-00-00-00;NOTIFICATION;0;da1a1500-d532-4285-be94-b07a3e11a098;da1a1505-d532-4285-be94-b07a3e11a098;18;;
160572;1788058057494;1506;Trip / Kilometer & Betriebszähler;16;54;3,7;00-00-1E-7F-00-02-66-A6-00-00-03-0C-00-00-00-00;NOTIFICATION;0;da1a1500-d532-4285-be94-b07a3e11a098;da1a1506-d532-4285-be94-b07a3e11a098;18;;
161047;1788058057969;1508;Settings / Licht & Fahrstufe;17;54;–;01-00-00-02-FF-FF-FF-FF-FF-FF-FF-00-00-00-00-00-00;NOTIFICATION;0;da1a1500-d532-4285-be94-b07a3e11a098;da1a1508-d532-4285-be94-b07a3e11a098;18;;
161192;1788058058114;1509;BatteryChange / Akku-Livestand;11;54;10;03-E8-FF-FF-00-9C-40-00-00-00-50;NOTIFICATION;0;da1a1500-d532-4285-be94-b07a3e11a098;da1a1509-d532-4285-be94-b07a3e11a098;18;;
161435;1788058058357;150A;MotorUpdate / Motor-Livestand;10;54;–;03-E8-FF-FF-FF-FF-FF-FF-FF-FF;NOTIFICATION;0;da1a1500-d532-4285-be94-b07a3e11a098;da1a150a-d532-4285-be94-b07a3e11a098;18;;
161616;1788058058538;150B;Motor-/Controllerblock;20;54;–;FF-FF-FF-FF-FF-FF-FF-FF-FF-FF-FF-FF-FF-FF-FF-FF-FF-FF-FF-FF;NOTIFICATION;0;da1a1500-d532-4285-be94-b07a3e11a098;da1a150b-d532-4285-be94-b07a3e11a098;18;;
161851;1788058058773;150D;Fahrstatistik Max/Ø;20;54;3;00-DA-00-5A-FF-FF-FF-FF-47-18-FF-FF-FF-FF-FF-FF-FF-FF-00-00;NOTIFICATION;0;da1a1500-d532-4285-be94-b07a3e11a098;da1a150d-d532-4285-be94-b07a3e11a098;18;;
162964;1788058059886;1502;Akkuinformationen;16;55;–;47-18-FF-FF-FF-FF-47-18-FF-FF-FF-FF-FF-FF-00-00;NOTIFICATION;0;da1a1500-d532-4285-be94-b07a3e11a098;da1a1502-d532-4285-be94-b07a3e11a098;18;;
163277;1788058060199;1505;BikePerformance / Fahrleistung;18;55;7;01-90-01-90-FF-FF-00-89-FF-FF-FF-FF-FF-00-00-00-00-00;NOTIFICATION;0;da1a1500-d532-4285-be94-b07a3e11a098;da1a1505-d532-4285-be94-b07a3e11a098;18;;
163492;1788058060414;1506;Trip / Kilometer & Betriebszähler;16;55;7;00-00-1E-7F-00-02-66-A9-00-00-03-0C-00-00-00-00;NOTIFICATION;0;da1a1500-d532-4285-be94-b07a3e11a098;da1a1506-d532-4285-be94-b07a3e11a098;18;;
163914;1788058060836;1508;Settings / Licht & Fahrstufe;17;55;–;01-00-00-02-FF-FF-FF-FF-FF-FF-FF-00-00-00-00-00-00;NOTIFICATION;0;da1a1500-d532-4285-be94-b07a3e11a098;da1a1508-d532-4285-be94-b07a3e11a098;18;;
164116;1788058061038;1509;BatteryChange / Akku-Livestand;11;55;0,1;07-D0-FF-FF-00-9C-40-00-00-00-50;NOTIFICATION;0;da1a1500-d532-4285-be94-b07a3e11a098;da1a1509-d532-4285-be94-b07a3e11a098;18;;
164324;1788058061246;150A;MotorUpdate / Motor-Livestand;10;55;–;03-E8-FF-FF-FF-FF-FF-FF-FF-FF;NOTIFICATION;0;da1a1500-d532-4285-be94-b07a3e11a098;da1a150a-d532-4285-be94-b07a3e11a098;18;;
164569;1788058061491;150B;Motor-/Controllerblock;20;55;–;FF-FF-FF-FF-FF-FF-FF-FF-FF-FF-FF-FF-FF-FF-FF-FF-FF-FF-FF-FF;NOTIFICATION;0;da1a1500-d532-4285-be94-b07a3e11a098;da1a150b-d532-4285-be94-b07a3e11a098;18;;
164742;1788058061664;150D;Fahrstatistik Max/Ø;20;55;–;00-DA-00-5A-FF-FF-FF-FF-47-18-FF-FF-FF-FF-FF-FF-FF-FF-00-00;NOTIFICATION;0;da1a1500-d532-4285-be94-b07a3e11a098;da1a150d-d532-4285-be94-b07a3e11a098;18;;
165839;1788058062761;1502;Akkuinformationen;16;56;–;47-18-FF-FF-FF-FF-47-18-FF-FF-FF-FF-FF-FF-00-00;NOTIFICATION;0;da1a1500-d532-4285-be94-b07a3e11a098;da1a1502-d532-4285-be94-b07a3e11a098;18;;
166256;1788058063178;1505;BikePerformance / Fahrleistung;18;56;7;01-90-01-90-FF-FF-00-84-FF-FF-FF-FF-FF-00-00-00-00-00;NOTIFICATION;0;da1a1500-d532-4285-be94-b07a3e11a098;da1a1505-d532-4285-be94-b07a3e11a098;18;;
166412;1788058063334;1506;Trip / Kilometer & Betriebszähler;16;56;7;00-00-1E-7F-00-02-66-AC-00-00-03-0C-00-00-00-00;NOTIFICATION;0;da1a1500-d532-4285-be94-b07a3e11a098;da1a1506-d532-4285-be94-b07a3e11a098;18;;
166900;1788058063822;1508;Settings / Licht & Fahrstufe;17;56;–;01-00-00-02-FF-FF-FF-FF-FF-FF-FF-00-00-00-00-00-00;NOTIFICATION;0;da1a1500-d532-4285-be94-b07a3e11a098;da1a1508-d532-4285-be94-b07a3e11a098;18;;
167044;1788058063966;1509;BatteryChange / Akku-Livestand;11;56;0,1,5,6,10;03-E8-FF-FF-00-9B-DC-00-00-00-27;NOTIFICATION;0;da1a1500-d532-4285-be94-b07a3e11a098;da1a1509-d532-4285-be94-b07a3e11a098;18;;
167282;1788058064204;150A;MotorUpdate / Motor-Livestand;10;56;–;03-E8-FF-FF-FF-FF-FF-FF-FF-FF;NOTIFICATION;0;da1a1500-d532-4285-be94-b07a3e11a098;da1a150a-d532-4285-be94-b07a3e11a098;18;;
167451;1788058064373;150B;Motor-/Controllerblock;20;56;–;FF-FF-FF-FF-FF-FF-FF-FF-FF-FF-FF-FF-FF-FF-FF-FF-FF-FF-FF-FF;NOTIFICATION;0;da1a1500-d532-4285-be94-b07a3e11a098;da1a150b-d532-4285-be94-b07a3e11a098;18;;
167705;1788058064627;150D;Fahrstatistik Max/Ø;20;56;–;00-DA-00-5A-FF-FF-FF-FF-47-18-FF-FF-FF-FF-FF-FF-FF-FF-00-00;NOTIFICATION;0;da1a1500-d532-4285-be94-b07a3e11a098;da1a150d-d532-4285-be94-b07a3e11a098;18;;
168760;1788058065682;1502;Akkuinformationen;16;57;–;47-18-FF-FF-FF-FF-47-18-FF-FF-FF-FF-FF-FF-00-00;NOTIFICATION;0;da1a1500-d532-4285-be94-b07a3e11a098;da1a1502-d532-4285-be94-b07a3e11a098;18;;
169186;1788058066108;1505;BikePerformance / Fahrleistung;18;57;1,3,7;01-86-01-86-FF-FF-00-79-FF-FF-FF-FF-FF-00-00-00-00-00;NOTIFICATION;0;da1a1500-d532-4285-be94-b07a3e11a098;da1a1505-d532-4285-be94-b07a3e11a098;18;;
169332;1788058066254;1506;Trip / Kilometer & Betriebszähler;16;57;7;00-00-1E-7F-00-02-66-AF-00-00-03-0C-00-00-00-00;NOTIFICATION;0;da1a1500-d532-4285-be94-b07a3e11a098;da1a1506-d532-4285-be94-b07a3e11a098;18;;
169816;1788058066738;1508;Settings / Licht & Fahrstufe;17;57;–;01-00-00-02-FF-FF-FF-FF-FF-FF-FF-00-00-00-00-00-00;NOTIFICATION;0;da1a1500-d532-4285-be94-b07a3e11a098;da1a1508-d532-4285-be94-b07a3e11a098;18;;
169972;1788058066894;1509;BatteryChange / Akku-Livestand;11;57;5,6,10;03-E8-FF-FF-00-9C-40-00-00-00-28;NOTIFICATION;0;da1a1500-d532-4285-be94-b07a3e11a098;da1a1509-d532-4285-be94-b07a3e11a098;18;;
170188;1788058067110;150A;MotorUpdate / Motor-Livestand;10;57;–;03-E8-FF-FF-FF-FF-FF-FF-FF-FF;NOTIFICATION;0;da1a1500-d532-4285-be94-b07a3e11a098;da1a150a-d532-4285-be94-b07a3e11a098;18;;
170374;1788058067296;150B;Motor-/Controllerblock;20;57;–;FF-FF-FF-FF-FF-FF-FF-FF-FF-FF-FF-FF-FF-FF-FF-FF-FF-FF-FF-FF;NOTIFICATION;0;da1a1500-d532-4285-be94-b07a3e11a098;da1a150b-d532-4285-be94-b07a3e11a098;18;;
170623;1788058067545;150D;Fahrstatistik Max/Ø;20;57;–;00-DA-00-5A-FF-FF-FF-FF-47-18-FF-FF-FF-FF-FF-FF-FF-FF-00-00;NOTIFICATION;0;da1a1500-d532-4285-be94-b07a3e11a098;da1a150d-d532-4285-be94-b07a3e11a098;18;;
171634;1788058068556;1502;Akkuinformationen;16;58;–;47-18-FF-FF-FF-FF-47-18-FF-FF-FF-FF-FF-FF-00-00;NOTIFICATION;0;da1a1500-d532-4285-be94-b07a3e11a098;da1a1502-d532-4285-be94-b07a3e11a098;18;;
172044;1788058068966;1505;BikePerformance / Fahrleistung;18;58;1,3,7;01-90-01-90-FF-FF-00-66-FF-FF-FF-FF-FF-00-00-00-00-00;NOTIFICATION;0;da1a1500-d532-4285-be94-b07a3e11a098;da1a1505-d532-4285-be94-b07a3e11a098;18;;
172291;1788058069213;1506;Trip / Kilometer & Betriebszähler;16;58;7;00-00-1E-7F-00-02-66-B2-00-00-03-0C-00-00-00-00;NOTIFICATION;0;da1a1500-d532-4285-be94-b07a3e11a098;da1a1506-d532-4285-be94-b07a3e11a098;18;;
172674;1788058069596;1508;Settings / Licht & Fahrstufe;17;58;–;01-00-00-02-FF-FF-FF-FF-FF-FF-FF-00-00-00-00-00-00;NOTIFICATION;0;da1a1500-d532-4285-be94-b07a3e11a098;da1a1508-d532-4285-be94-b07a3e11a098;18;;
172894;1788058069816;1509;BatteryChange / Akku-Livestand;11;58;0,1,10;07-D0-FF-FF-00-9C-40-00-00-00-50;NOTIFICATION;0;da1a1500-d532-4285-be94-b07a3e11a098;da1a1509-d532-4285-be94-b07a3e11a098;18;;
173092;1788058070014;150A;MotorUpdate / Motor-Livestand;10;58;0,1;07-D0-FF-FF-FF-FF-FF-FF-FF-FF;NOTIFICATION;0;da1a1500-d532-4285-be94-b07a3e11a098;da1a150a-d532-4285-be94-b07a3e11a098;18;;
173292;1788058070214;150B;Motor-/Controllerblock;20;58;–;FF-FF-FF-FF-FF-FF-FF-FF-FF-FF-FF-FF-FF-FF-FF-FF-FF-FF-FF-FF;NOTIFICATION;0;da1a1500-d532-4285-be94-b07a3e11a098;da1a150b-d532-4285-be94-b07a3e11a098;18;;
173503;1788058070425;150D;Fahrstatistik Max/Ø;20;58;–;00-DA-00-5A-FF-FF-FF-FF-47-18-FF-FF-FF-FF-FF-FF-FF-FF-00-00;NOTIFICATION;0;da1a1500-d532-4285-be94-b07a3e11a098;da1a150d-d532-4285-be94-b07a3e11a098;18;;
174551;1788058071473;1502;Akkuinformationen;16;59;–;47-18-FF-FF-FF-FF-47-18-FF-FF-FF-FF-FF-FF-00-00;NOTIFICATION;0;da1a1500-d532-4285-be94-b07a3e11a098;da1a1502-d532-4285-be94-b07a3e11a098;18;;
175008;1788058071930;1505;BikePerformance / Fahrleistung;18;59;0,1,2,3,7;03-20-03-20-FF-FF-00-62-FF-FF-FF-FF-FF-00-00-00-00-00;NOTIFICATION;0;da1a1500-d532-4285-be94-b07a3e11a098;da1a1505-d532-4285-be94-b07a3e11a098;18;;
175174;1788058072096;1506;Trip / Kilometer & Betriebszähler;16;59;7;00-00-1E-7F-00-02-66-B5-00-00-03-0C-00-00-00-00;NOTIFICATION;0;da1a1500-d532-4285-be94-b07a3e11a098;da1a1506-d532-4285-be94-b07a3e11a098;18;;
175648;1788058072570;1508;Settings / Licht & Fahrstufe;17;59;–;01-00-00-02-FF-FF-FF-FF-FF-FF-FF-00-00-00-00-00-00;NOTIFICATION;0;da1a1500-d532-4285-be94-b07a3e11a098;da1a1508-d532-4285-be94-b07a3e11a098;18;;
175804;1788058072726;1509;BatteryChange / Akku-Livestand;11;59;0,1,10;03-E8-FF-FF-00-9C-40-00-00-00-28;NOTIFICATION;0;da1a1500-d532-4285-be94-b07a3e11a098;da1a1509-d532-4285-be94-b07a3e11a098;18;;
176045;1788058072967;150A;MotorUpdate / Motor-Livestand;10;59;0,1;03-E8-FF-FF-FF-FF-FF-FF-FF-FF;NOTIFICATION;0;da1a1500-d532-4285-be94-b07a3e11a098;da1a150a-d532-4285-be94-b07a3e11a098;18;;
176224;1788058073146;150B;Motor-/Controllerblock;20;59;–;FF-FF-FF-FF-FF-FF-FF-FF-FF-FF-FF-FF-FF-FF-FF-FF-FF-FF-FF-FF;NOTIFICATION;0;da1a1500-d532-4285-be94-b07a3e11a098;da1a150b-d532-4285-be94-b07a3e11a098;18;;
176454;1788058073376;150D;Fahrstatistik Max/Ø;20;59;–;00-DA-00-5A-FF-FF-FF-FF-47-18-FF-FF-FF-FF-FF-FF-FF-FF-00-00;NOTIFICATION;0;da1a1500-d532-4285-be94-b07a3e11a098;da1a150d-d532-4285-be94-b07a3e11a098;18;;
177529;1788058074451;1502;Akkuinformationen;16;60;–;47-18-FF-FF-FF-FF-47-18-FF-FF-FF-FF-FF-FF-00-00;NOTIFICATION;0;da1a1500-d532-4285-be94-b07a3e11a098;da1a1502-d532-4285-be94-b07a3e11a098;18;;
177979;1788058074901;1505;BikePerformance / Fahrleistung;18;60;0,1,2,3,7;01-90-01-90-FF-FF-00-61-FF-FF-FF-FF-FF-00-00-00-00-00;NOTIFICATION;0;da1a1500-d532-4285-be94-b07a3e11a098;da1a1505-d532-4285-be94-b07a3e11a098;18;;
178090;1788058075012;1506;Trip / Kilometer & Betriebszähler;16;60;7;00-00-1E-7F-00-02-66-B8-00-00-03-0C-00-00-00-00;NOTIFICATION;0;da1a1500-d532-4285-be94-b07a3e11a098;da1a1506-d532-4285-be94-b07a3e11a098;18;;
178584;1788058075506;1508;Settings / Licht & Fahrstufe;17;60;–;01-00-00-02-FF-FF-FF-FF-FF-FF-FF-00-00-00-00-00-00;NOTIFICATION;0;da1a1500-d532-4285-be94-b07a3e11a098;da1a1508-d532-4285-be94-b07a3e11a098;18;;
178723;1788058075645;1509;BatteryChange / Akku-Livestand;11;60;0,1;07-D0-FF-FF-00-9C-40-00-00-00-28;NOTIFICATION;0;da1a1500-d532-4285-be94-b07a3e11a098;da1a1509-d532-4285-be94-b07a3e11a098;18;;
178964;1788058075886;150A;MotorUpdate / Motor-Livestand;10;60;–;03-E8-FF-FF-FF-FF-FF-FF-FF-FF;NOTIFICATION;0;da1a1500-d532-4285-be94-b07a3e11a098;da1a150a-d532-4285-be94-b07a3e11a098;18;;
179147;1788058076069;150B;Motor-/Controllerblock;20;60;–;FF-FF-FF-FF-FF-FF-FF-FF-FF-FF-FF-FF-FF-FF-FF-FF-FF-FF-FF-FF;NOTIFICATION;0;da1a1500-d532-4285-be94-b07a3e11a098;da1a150b-d532-4285-be94-b07a3e11a098;18;;
179346;1788058076268;150D;Fahrstatistik Max/Ø;20;60;–;00-DA-00-5A-FF-FF-FF-FF-47-18-FF-FF-FF-FF-FF-FF-FF-FF-00-00;NOTIFICATION;0;da1a1500-d532-4285-be94-b07a3e11a098;da1a150d-d532-4285-be94-b07a3e11a098;18;;
180455;1788058077377;1502;Akkuinformationen;16;61;–;47-18-FF-FF-FF-FF-47-18-FF-FF-FF-FF-FF-FF-00-00;NOTIFICATION;0;da1a1500-d532-4285-be94-b07a3e11a098;da1a1502-d532-4285-be94-b07a3e11a098;18;;
180859;1788058077781;1505;BikePerformance / Fahrleistung;18;61;7;01-90-01-90-FF-FF-00-58-FF-FF-FF-FF-FF-00-00-00-00-00;NOTIFICATION;0;da1a1500-d532-4285-be94-b07a3e11a098;da1a1505-d532-4285-be94-b07a3e11a098;18;;
181012;1788058077934;1506;Trip / Kilometer & Betriebszähler;16;61;7;00-00-1E-7F-00-02-66-BB-00-00-03-0C-00-00-00-00;NOTIFICATION;0;da1a1500-d532-4285-be94-b07a3e11a098;da1a1506-d532-4285-be94-b07a3e11a098;18;;
181484;1788058078406;1508;Settings / Licht & Fahrstufe;17;61;–;01-00-00-02-FF-FF-FF-FF-FF-FF-FF-00-00-00-00-00-00;NOTIFICATION;0;da1a1500-d532-4285-be94-b07a3e11a098;da1a1508-d532-4285-be94-b07a3e11a098;18;;
181641;1788058078563;1509;BatteryChange / Akku-Livestand;11;61;0,1;03-E8-FF-FF-00-9C-40-00-00-00-28;NOTIFICATION;0;da1a1500-d532-4285-be94-b07a3e11a098;da1a1509-d532-4285-be94-b07a3e11a098;18;;
181890;1788058078812;150A;MotorUpdate / Motor-Livestand;10;61;–;03-E8-FF-FF-FF-FF-FF-FF-FF-FF;NOTIFICATION;0;da1a1500-d532-4285-be94-b07a3e11a098;da1a150a-d532-4285-be94-b07a3e11a098;18;;
182063;1788058078985;150B;Motor-/Controllerblock;20;61;–;FF-FF-FF-FF-FF-FF-FF-FF-FF-FF-FF-FF-FF-FF-FF-FF-FF-FF-FF-FF;NOTIFICATION;0;da1a1500-d532-4285-be94-b07a3e11a098;da1a150b-d532-4285-be94-b07a3e11a098;18;;
182268;1788058079190;150D;Fahrstatistik Max/Ø;20;61;–;00-DA-00-5A-FF-FF-FF-FF-47-18-FF-FF-FF-FF-FF-FF-FF-FF-00-00;NOTIFICATION;0;da1a1500-d532-4285-be94-b07a3e11a098;da1a150d-d532-4285-be94-b07a3e11a098;18;;
183377;1788058080299;1502;Akkuinformationen;16;62;–;47-18-FF-FF-FF-FF-47-18-FF-FF-FF-FF-FF-FF-00-00;NOTIFICATION;0;da1a1500-d532-4285-be94-b07a3e11a098;da1a1502-d532-4285-be94-b07a3e11a098;18;;
183791;1788058080713;1505;BikePerformance / Fahrleistung;18;62;7;01-90-01-90-FF-FF-00-5B-FF-FF-FF-FF-FF-00-00-00-00-00;NOTIFICATION;0;da1a1500-d532-4285-be94-b07a3e11a098;da1a1505-d532-4285-be94-b07a3e11a098;18;;
183933;1788058080855;1506;Trip / Kilometer & Betriebszähler;16;62;7;00-00-1E-7F-00-02-66-BE-00-00-03-0C-00-00-00-00;NOTIFICATION;0;da1a1500-d532-4285-be94-b07a3e11a098;da1a1506-d532-4285-be94-b07a3e11a098;18;;
184411;1788058081333;1508;Settings / Licht & Fahrstufe;17;62;–;01-00-00-02-FF-FF-FF-FF-FF-FF-FF-00-00-00-00-00-00;NOTIFICATION;0;da1a1500-d532-4285-be94-b07a3e11a098;da1a1508-d532-4285-be94-b07a3e11a098;18;;
184563;1788058081485;1509;BatteryChange / Akku-Livestand;11;62;–;03-E8-FF-FF-00-9C-40-00-00-00-28;NOTIFICATION;0;da1a1500-d532-4285-be94-b07a3e11a098;da1a1509-d532-4285-be94-b07a3e11a098;18;;
184800;1788058081722;150A;MotorUpdate / Motor-Livestand;10;62;–;03-E8-FF-FF-FF-FF-FF-FF-FF-FF;NOTIFICATION;0;da1a1500-d532-4285-be94-b07a3e11a098;da1a150a-d532-4285-be94-b07a3e11a098;18;;
184982;1788058081904;150B;Motor-/Controllerblock;20;62;–;FF-FF-FF-FF-FF-FF-FF-FF-FF-FF-FF-FF-FF-FF-FF-FF-FF-FF-FF-FF;NOTIFICATION;0;da1a1500-d532-4285-be94-b07a3e11a098;da1a150b-d532-4285-be94-b07a3e11a098;18;;
185222;1788058082144;150D;Fahrstatistik Max/Ø;20;62;–;00-DA-00-5A-FF-FF-FF-FF-47-18-FF-FF-FF-FF-FF-FF-FF-FF-00-00;NOTIFICATION;0;da1a1500-d532-4285-be94-b07a3e11a098;da1a150d-d532-4285-be94-b07a3e11a098;18;;
186312;1788058083234;1502;Akkuinformationen;16;63;–;47-18-FF-FF-FF-FF-47-18-FF-FF-FF-FF-FF-FF-00-00;NOTIFICATION;0;da1a1500-d532-4285-be94-b07a3e11a098;da1a1502-d532-4285-be94-b07a3e11a098;18;;
186715;1788058083637;1505;BikePerformance / Fahrleistung;18;63;7;01-90-01-90-FF-FF-00-5E-FF-FF-FF-FF-FF-00-00-00-00-00;NOTIFICATION;0;da1a1500-d532-4285-be94-b07a3e11a098;da1a1505-d532-4285-be94-b07a3e11a098;18;;
186856;1788058083778;1506;Trip / Kilometer & Betriebszähler;16;63;7;00-00-1E-7F-00-02-66-C1-00-00-03-0C-00-00-00-00;NOTIFICATION;0;da1a1500-d532-4285-be94-b07a3e11a098;da1a1506-d532-4285-be94-b07a3e11a098;18;;
187336;1788058084258;1508;Settings / Licht & Fahrstufe;17;63;–;01-00-00-02-FF-FF-FF-FF-FF-FF-FF-00-00-00-00-00-00;NOTIFICATION;0;da1a1500-d532-4285-be94-b07a3e11a098;da1a1508-d532-4285-be94-b07a3e11a098;18;;
187485;1788058084407;1509;BatteryChange / Akku-Livestand;11;63;–;03-E8-FF-FF-00-9C-40-00-00-00-28;NOTIFICATION;0;da1a1500-d532-4285-be94-b07a3e11a098;da1a1509-d532-4285-be94-b07a3e11a098;18;;
187724;1788058084646;150A;MotorUpdate / Motor-Livestand;10;63;–;03-E8-FF-FF-FF-FF-FF-FF-FF-FF;NOTIFICATION;0;da1a1500-d532-4285-be94-b07a3e11a098;da1a150a-d532-4285-be94-b07a3e11a098;18;;
187901;1788058084823;150B;Motor-/Controllerblock;20;63;–;FF-FF-FF-FF-FF-FF-FF-FF-FF-FF-FF-FF-FF-FF-FF-FF-FF-FF-FF-FF;NOTIFICATION;0;da1a1500-d532-4285-be94-b07a3e11a098;da1a150b-d532-4285-be94-b07a3e11a098;18;;
188126;1788058085048;150D;Fahrstatistik Max/Ø;20;63;–;00-DA-00-5A-FF-FF-FF-FF-47-18-FF-FF-FF-FF-FF-FF-FF-FF-00-00;NOTIFICATION;0;da1a1500-d532-4285-be94-b07a3e11a098;da1a150d-d532-4285-be94-b07a3e11a098;18;;
189211;1788058086133;1502;Akkuinformationen;16;64;–;47-18-FF-FF-FF-FF-47-18-FF-FF-FF-FF-FF-FF-00-00;NOTIFICATION;0;da1a1500-d532-4285-be94-b07a3e11a098;da1a1502-d532-4285-be94-b07a3e11a098;18;;
189635;1788058086557;1505;BikePerformance / Fahrleistung;18;64;7;01-90-01-90-FF-FF-00-5C-FF-FF-FF-FF-FF-00-00-00-00-00;NOTIFICATION;0;da1a1500-d532-4285-be94-b07a3e11a098;da1a1505-d532-4285-be94-b07a3e11a098;18;;
189771;1788058086693;1506;Trip / Kilometer & Betriebszähler;16;64;7;00-00-1E-7F-00-02-66-C4-00-00-03-0C-00-00-00-00;NOTIFICATION;0;da1a1500-d532-4285-be94-b07a3e11a098;da1a1506-d532-4285-be94-b07a3e11a098;18;;
190285;1788058087207;1508;Settings / Licht & Fahrstufe;17;64;–;01-00-00-02-FF-FF-FF-FF-FF-FF-FF-00-00-00-00-00-00;NOTIFICATION;0;da1a1500-d532-4285-be94-b07a3e11a098;da1a1508-d532-4285-be94-b07a3e11a098;18;;
190400;1788058087322;1509;BatteryChange / Akku-Livestand;11;64;–;03-E8-FF-FF-00-9C-40-00-00-00-28;NOTIFICATION;0;da1a1500-d532-4285-be94-b07a3e11a098;da1a1509-d532-4285-be94-b07a3e11a098;18;;
190651;1788058087573;150A;MotorUpdate / Motor-Livestand;10;64;–;03-E8-FF-FF-FF-FF-FF-FF-FF-FF;NOTIFICATION;0;da1a1500-d532-4285-be94-b07a3e11a098;da1a150a-d532-4285-be94-b07a3e11a098;18;;
190823;1788058087745;150B;Motor-/Controllerblock;20;64;–;FF-FF-FF-FF-FF-FF-FF-FF-FF-FF-FF-FF-FF-FF-FF-FF-FF-FF-FF-FF;NOTIFICATION;0;da1a1500-d532-4285-be94-b07a3e11a098;da1a150b-d532-4285-be94-b07a3e11a098;18;;
191062;1788058087984;150D;Fahrstatistik Max/Ø;20;64;–;00-DA-00-5A-FF-FF-FF-FF-47-18-FF-FF-FF-FF-FF-FF-FF-FF-00-00;NOTIFICATION;0;da1a1500-d532-4285-be94-b07a3e11a098;da1a150d-d532-4285-be94-b07a3e11a098;18;;
192145;1788058089067;1502;Akkuinformationen;16;65;–;47-18-FF-FF-FF-FF-47-18-FF-FF-FF-FF-FF-FF-00-00;NOTIFICATION;0;da1a1500-d532-4285-be94-b07a3e11a098;da1a1502-d532-4285-be94-b07a3e11a098;18;;
192564;1788058089486;1505;BikePerformance / Fahrleistung;18;65;7;01-90-01-90-FF-FF-00-5A-FF-FF-FF-FF-FF-00-00-00-00-00;NOTIFICATION;0;da1a1500-d532-4285-be94-b07a3e11a098;da1a1505-d532-4285-be94-b07a3e11a098;18;;
192706;1788058089628;1506;Trip / Kilometer & Betriebszähler;16;65;7;00-00-1E-7F-00-02-66-C7-00-00-03-0C-00-00-00-00;NOTIFICATION;0;da1a1500-d532-4285-be94-b07a3e11a098;da1a1506-d532-4285-be94-b07a3e11a098;18;;
193168;1788058090090;1508;Settings / Licht & Fahrstufe;17;65;–;01-00-00-02-FF-FF-FF-FF-FF-FF-FF-00-00-00-00-00-00;NOTIFICATION;0;da1a1500-d532-4285-be94-b07a3e11a098;da1a1508-d532-4285-be94-b07a3e11a098;18;;
193325;1788058090247;1509;BatteryChange / Akku-Livestand;11;65;5,6,10;03-E8-FF-FF-00-9B-DC-00-00-00-27;NOTIFICATION;0;da1a1500-d532-4285-be94-b07a3e11a098;da1a1509-d532-4285-be94-b07a3e11a098;18;;
193566;1788058090488;150A;MotorUpdate / Motor-Livestand;10;65;–;03-E8-FF-FF-FF-FF-FF-FF-FF-FF;NOTIFICATION;0;da1a1500-d532-4285-be94-b07a3e11a098;da1a150a-d532-4285-be94-b07a3e11a098;18;;
193742;1788058090664;150B;Motor-/Controllerblock;20;65;–;FF-FF-FF-FF-FF-FF-FF-FF-FF-FF-FF-FF-FF-FF-FF-FF-FF-FF-FF-FF;NOTIFICATION;0;da1a1500-d532-4285-be94-b07a3e11a098;da1a150b-d532-4285-be94-b07a3e11a098;18;;
193970;1788058090892;150D;Fahrstatistik Max/Ø;20;65;–;00-DA-00-5A-FF-FF-FF-FF-47-18-FF-FF-FF-FF-FF-FF-FF-FF-00-00;NOTIFICATION;0;da1a1500-d532-4285-be94-b07a3e11a098;da1a150d-d532-4285-be94-b07a3e11a098;18;;
194993;1788058091915;1502;Akkuinformationen;16;66;–;47-18-FF-FF-FF-FF-47-18-FF-FF-FF-FF-FF-FF-00-00;NOTIFICATION;0;da1a1500-d532-4285-be94-b07a3e11a098;da1a1502-d532-4285-be94-b07a3e11a098;18;;
195466;1788058092388;1505;BikePerformance / Fahrleistung;18;66;7;01-90-01-90-FF-FF-00-64-FF-FF-FF-FF-FF-00-00-00-00-00;NOTIFICATION;0;da1a1500-d532-4285-be94-b07a3e11a098;da1a1505-d532-4285-be94-b07a3e11a098;18;;
195623;1788058092545;1506;Trip / Kilometer & Betriebszähler;16;66;7;00-00-1E-7F-00-02-66-C9-00-00-03-0C-00-00-00-00;NOTIFICATION;0;da1a1500-d532-4285-be94-b07a3e11a098;da1a1506-d532-4285-be94-b07a3e11a098;18;;
196090;1788058093012;1508;Settings / Licht & Fahrstufe;17;66;–;01-00-00-02-FF-FF-FF-FF-FF-FF-FF-00-00-00-00-00-00;NOTIFICATION;0;da1a1500-d532-4285-be94-b07a3e11a098;da1a1508-d532-4285-be94-b07a3e11a098;18;;
196242;1788058093164;1509;BatteryChange / Akku-Livestand;11;66;5,6,10;03-E8-FF-FF-00-9C-40-00-00-00-28;NOTIFICATION;0;da1a1500-d532-4285-be94-b07a3e11a098;da1a1509-d532-4285-be94-b07a3e11a098;18;;
196525;1788058093447;150A;MotorUpdate / Motor-Livestand;10;66;–;03-E8-FF-FF-FF-FF-FF-FF-FF-FF;NOTIFICATION;0;da1a1500-d532-4285-be94-b07a3e11a098;da1a150a-d532-4285-be94-b07a3e11a098;18;;
196663;1788058093585;150B;Motor-/Controllerblock;20;66;–;FF-FF-FF-FF-FF-FF-FF-FF-FF-FF-FF-FF-FF-FF-FF-FF-FF-FF-FF-FF;NOTIFICATION;0;da1a1500-d532-4285-be94-b07a3e11a098;da1a150b-d532-4285-be94-b07a3e11a098;18;;
196875;1788058093797;150D;Fahrstatistik Max/Ø;20;66;3;00-DA-00-5B-FF-FF-FF-FF-47-18-FF-FF-FF-FF-FF-FF-FF-FF-00-00;NOTIFICATION;0;da1a1500-d532-4285-be94-b07a3e11a098;da1a150d-d532-4285-be94-b07a3e11a098;18;;
197973;1788058094895;1502;Akkuinformationen;16;67;–;47-18-FF-FF-FF-FF-47-18-FF-FF-FF-FF-FF-FF-00-00;NOTIFICATION;0;da1a1500-d532-4285-be94-b07a3e11a098;da1a1502-d532-4285-be94-b07a3e11a098;18;;
198383;1788058095305;1505;BikePerformance / Fahrleistung;18;67;7;01-90-01-90-FF-FF-00-5E-FF-FF-FF-FF-FF-00-00-00-00-00;NOTIFICATION;0;da1a1500-d532-4285-be94-b07a3e11a098;da1a1505-d532-4285-be94-b07a3e11a098;18;;
198542;1788058095464;1506;Trip / Kilometer & Betriebszähler;16;67;3,7;00-00-1E-80-00-02-66-CC-00-00-03-0C-00-00-00-00;NOTIFICATION;0;da1a1500-d532-4285-be94-b07a3e11a098;da1a1506-d532-4285-be94-b07a3e11a098;18;;
198957;1788058095879;1508;Settings / Licht & Fahrstufe;17;67;–;01-00-00-02-FF-FF-FF-FF-FF-FF-FF-00-00-00-00-00-00;NOTIFICATION;0;da1a1500-d532-4285-be94-b07a3e11a098;da1a1508-d532-4285-be94-b07a3e11a098;18;;
199166;1788058096088;1509;BatteryChange / Akku-Livestand;11;67;10;03-E8-FF-FF-00-9C-40-00-00-00-27;NOTIFICATION;0;da1a1500-d532-4285-be94-b07a3e11a098;da1a1509-d532-4285-be94-b07a3e11a098;18;;
199374;1788058096296;150A;MotorUpdate / Motor-Livestand;10;67;–;03-E8-FF-FF-FF-FF-FF-FF-FF-FF;NOTIFICATION;0;da1a1500-d532-4285-be94-b07a3e11a098;da1a150a-d532-4285-be94-b07a3e11a098;18;;
199584;1788058096506;150B;Motor-/Controllerblock;20;67;–;FF-FF-FF-FF-FF-FF-FF-FF-FF-FF-FF-FF-FF-FF-FF-FF-FF-FF-FF-FF;NOTIFICATION;0;da1a1500-d532-4285-be94-b07a3e11a098;da1a150b-d532-4285-be94-b07a3e11a098;18;;
199794;1788058096716;150D;Fahrstatistik Max/Ø;20;67;–;00-DA-00-5B-FF-FF-FF-FF-47-18-FF-FF-FF-FF-FF-FF-FF-FF-00-00;NOTIFICATION;0;da1a1500-d532-4285-be94-b07a3e11a098;da1a150d-d532-4285-be94-b07a3e11a098;18;;
200888;1788058097810;1502;Akkuinformationen;16;68;–;47-18-FF-FF-FF-FF-47-18-FF-FF-FF-FF-FF-FF-00-00;NOTIFICATION;0;da1a1500-d532-4285-be94-b07a3e11a098;da1a1502-d532-4285-be94-b07a3e11a098;18;;
201338;1788058098260;1505;BikePerformance / Fahrleistung;18;68;7;01-90-01-90-FF-FF-00-5D-FF-FF-FF-FF-FF-00-00-00-00-00;NOTIFICATION;0;da1a1500-d532-4285-be94-b07a3e11a098;da1a1505-d532-4285-be94-b07a3e11a098;18;;
201461;1788058098383;1506;Trip / Kilometer & Betriebszähler;16;68;7;00-00-1E-80-00-02-66-CF-00-00-03-0C-00-00-00-00;NOTIFICATION;0;da1a1500-d532-4285-be94-b07a3e11a098;da1a1506-d532-4285-be94-b07a3e11a098;18;;
201931;1788058098853;1508;Settings / Licht & Fahrstufe;17;68;–;01-00-00-02-FF-FF-FF-FF-FF-FF-FF-00-00-00-00-00-00;NOTIFICATION;0;da1a1500-d532-4285-be94-b07a3e11a098;da1a1508-d532-4285-be94-b07a3e11a098;18;;
202082;1788058099004;1509;BatteryChange / Akku-Livestand;11;68;10;03-E8-FF-FF-00-9C-40-00-00-00-28;NOTIFICATION;0;da1a1500-d532-4285-be94-b07a3e11a098;da1a1509-d532-4285-be94-b07a3e11a098;18;;
202351;1788058099273;150A;MotorUpdate / Motor-Livestand;10;68;–;03-E8-FF-FF-FF-FF-FF-FF-FF-FF;NOTIFICATION;0;da1a1500-d532-4285-be94-b07a3e11a098;da1a150a-d532-4285-be94-b07a3e11a098;18;;
202504;1788058099426;150B;Motor-/Controllerblock;20;68;–;FF-FF-FF-FF-FF-FF-FF-FF-FF-FF-FF-FF-FF-FF-FF-FF-FF-FF-FF-FF;NOTIFICATION;0;da1a1500-d532-4285-be94-b07a3e11a098;da1a150b-d532-4285-be94-b07a3e11a098;18;;
202744;1788058099666;150D;Fahrstatistik Max/Ø;20;68;–;00-DA-00-5B-FF-FF-FF-FF-47-18-FF-FF-FF-FF-FF-FF-FF-FF-00-00;NOTIFICATION;0;da1a1500-d532-4285-be94-b07a3e11a098;da1a150d-d532-4285-be94-b07a3e11a098;18;;
203805;1788058100727;1502;Akkuinformationen;16;69;–;47-18-FF-FF-FF-FF-47-18-FF-FF-FF-FF-FF-FF-00-00;NOTIFICATION;0;da1a1500-d532-4285-be94-b07a3e11a098;da1a1502-d532-4285-be94-b07a3e11a098;18;;
204226;1788058101148;1505;BikePerformance / Fahrleistung;18;69;7;01-90-01-90-FF-FF-00-62-FF-FF-FF-FF-FF-00-00-00-00-00;NOTIFICATION;0;da1a1500-d532-4285-be94-b07a3e11a098;da1a1505-d532-4285-be94-b07a3e11a098;18;;
204383;1788058101305;1506;Trip / Kilometer & Betriebszähler;16;69;7;00-00-1E-80-00-02-66-D2-00-00-03-0C-00-00-00-00;NOTIFICATION;0;da1a1500-d532-4285-be94-b07a3e11a098;da1a1506-d532-4285-be94-b07a3e11a098;18;;
204856;1788058101778;1508;Settings / Licht & Fahrstufe;17;69;–;01-00-00-02-FF-FF-FF-FF-FF-FF-FF-00-00-00-00-00-00;NOTIFICATION;0;da1a1500-d532-4285-be94-b07a3e11a098;da1a1508-d532-4285-be94-b07a3e11a098;18;;
205000;1788058101922;1509;BatteryChange / Akku-Livestand;11;69;–;03-E8-FF-FF-00-9C-40-00-00-00-28;NOTIFICATION;0;da1a1500-d532-4285-be94-b07a3e11a098;da1a1509-d532-4285-be94-b07a3e11a098;18;;
205250;1788058102172;150A;MotorUpdate / Motor-Livestand;10;69;–;03-E8-FF-FF-FF-FF-FF-FF-FF-FF;NOTIFICATION;0;da1a1500-d532-4285-be94-b07a3e11a098;da1a150a-d532-4285-be94-b07a3e11a098;18;;
205423;1788058102345;150B;Motor-/Controllerblock;20;69;–;FF-FF-FF-FF-FF-FF-FF-FF-FF-FF-FF-FF-FF-FF-FF-FF-FF-FF-FF-FF;NOTIFICATION;0;da1a1500-d532-4285-be94-b07a3e11a098;da1a150b-d532-4285-be94-b07a3e11a098;18;;
205668;1788058102590;150D;Fahrstatistik Max/Ø;20;69;–;00-DA-00-5B-FF-FF-FF-FF-47-18-FF-FF-FF-FF-FF-FF-FF-FF-00-00;NOTIFICATION;0;da1a1500-d532-4285-be94-b07a3e11a098;da1a150d-d532-4285-be94-b07a3e11a098;18;;
206759;1788058103681;1502;Akkuinformationen;16;70;–;47-18-FF-FF-FF-FF-47-18-FF-FF-FF-FF-FF-FF-00-00;NOTIFICATION;0;da1a1500-d532-4285-be94-b07a3e11a098;da1a1502-d532-4285-be94-b07a3e11a098;18;;
207145;1788058104067;1505;BikePerformance / Fahrleistung;18;70;7;01-90-01-90-FF-FF-00-64-FF-FF-FF-FF-FF-00-00-00-00-00;NOTIFICATION;0;da1a1500-d532-4285-be94-b07a3e11a098;da1a1505-d532-4285-be94-b07a3e11a098;18;;
207300;1788058104222;1506;Trip / Kilometer & Betriebszähler;16;70;7;00-00-1E-80-00-02-66-D5-00-00-03-0C-00-00-00-00;NOTIFICATION;0;da1a1500-d532-4285-be94-b07a3e11a098;da1a1506-d532-4285-be94-b07a3e11a098;18;;
207720;1788058104642;1508;Settings / Licht & Fahrstufe;17;70;–;01-00-00-02-FF-FF-FF-FF-FF-FF-FF-00-00-00-00-00-00;NOTIFICATION;0;da1a1500-d532-4285-be94-b07a3e11a098;da1a1508-d532-4285-be94-b07a3e11a098;18;;
207920;1788058104842;1509;BatteryChange / Akku-Livestand;11;70;5,6,10;03-E8-FF-FF-00-9B-DC-00-00-00-27;NOTIFICATION;0;da1a1500-d532-4285-be94-b07a3e11a098;da1a1509-d532-4285-be94-b07a3e11a098;18;;
208134;1788058105056;150A;MotorUpdate / Motor-Livestand;10;70;–;03-E8-FF-FF-FF-FF-FF-FF-FF-FF;NOTIFICATION;0;da1a1500-d532-4285-be94-b07a3e11a098;da1a150a-d532-4285-be94-b07a3e11a098;18;;
208342;1788058105264;150B;Motor-/Controllerblock;20;70;–;FF-FF-FF-FF-FF-FF-FF-FF-FF-FF-FF-FF-FF-FF-FF-FF-FF-FF-FF-FF;NOTIFICATION;0;da1a1500-d532-4285-be94-b07a3e11a098;da1a150b-d532-4285-be94-b07a3e11a098;18;;
208554;1788058105476;150D;Fahrstatistik Max/Ø;20;70;–;00-DA-00-5B-FF-FF-FF-FF-47-18-FF-FF-FF-FF-FF-FF-FF-FF-00-00;NOTIFICATION;0;da1a1500-d532-4285-be94-b07a3e11a098;da1a150d-d532-4285-be94-b07a3e11a098;18;;
209649;1788058106571;1502;Akkuinformationen;16;71;–;47-18-FF-FF-FF-FF-47-18-FF-FF-FF-FF-FF-FF-00-00;NOTIFICATION;0;da1a1500-d532-4285-be94-b07a3e11a098;da1a1502-d532-4285-be94-b07a3e11a098;18;;
210072;1788058106994;1505;BikePerformance / Fahrleistung;18;71;7;01-90-01-90-FF-FF-00-62-FF-FF-FF-FF-FF-00-00-00-00-00;NOTIFICATION;0;da1a1500-d532-4285-be94-b07a3e11a098;da1a1505-d532-4285-be94-b07a3e11a098;18;;
210221;1788058107143;1506;Trip / Kilometer & Betriebszähler;16;71;7;00-00-1E-80-00-02-66-D8-00-00-03-0C-00-00-00-00;NOTIFICATION;0;da1a1500-d532-4285-be94-b07a3e11a098;da1a1506-d532-4285-be94-b07a3e11a098;18;;
210736;1788058107658;1508;Settings / Licht & Fahrstufe;17;71;–;01-00-00-02-FF-FF-FF-FF-FF-FF-FF-00-00-00-00-00-00;NOTIFICATION;0;da1a1500-d532-4285-be94-b07a3e11a098;da1a1508-d532-4285-be94-b07a3e11a098;18;;
210840;1788058107762;1509;BatteryChange / Akku-Livestand;11;71;5,6,10;03-E8-FF-FF-00-9C-40-00-00-00-28;NOTIFICATION;0;da1a1500-d532-4285-be94-b07a3e11a098;da1a1509-d532-4285-be94-b07a3e11a098;18;;
211093;1788058108015;150A;MotorUpdate / Motor-Livestand;10;71;–;03-E8-FF-FF-FF-FF-FF-FF-FF-FF;NOTIFICATION;0;da1a1500-d532-4285-be94-b07a3e11a098;da1a150a-d532-4285-be94-b07a3e11a098;18;;
211261;1788058108183;150B;Motor-/Controllerblock;20;71;–;FF-FF-FF-FF-FF-FF-FF-FF-FF-FF-FF-FF-FF-FF-FF-FF-FF-FF-FF-FF;NOTIFICATION;0;da1a1500-d532-4285-be94-b07a3e11a098;da1a150b-d532-4285-be94-b07a3e11a098;18;;
211507;1788058108429;150D;Fahrstatistik Max/Ø;20;71;–;00-DA-00-5B-FF-FF-FF-FF-47-18-FF-FF-FF-FF-FF-FF-FF-FF-00-00;NOTIFICATION;0;da1a1500-d532-4285-be94-b07a3e11a098;da1a150d-d532-4285-be94-b07a3e11a098;18;;
212569;1788058109491;1502;Akkuinformationen;16;72;–;47-18-FF-FF-FF-FF-47-18-FF-FF-FF-FF-FF-FF-00-00;NOTIFICATION;0;da1a1500-d532-4285-be94-b07a3e11a098;da1a1502-d532-4285-be94-b07a3e11a098;18;;
212986;1788058109908;1505;BikePerformance / Fahrleistung;18;72;–;01-90-01-90-FF-FF-00-62-FF-FF-FF-FF-FF-00-00-00-00-00;NOTIFICATION;0;da1a1500-d532-4285-be94-b07a3e11a098;da1a1505-d532-4285-be94-b07a3e11a098;18;;
213145;1788058110067;1506;Trip / Kilometer & Betriebszähler;16;72;7;00-00-1E-80-00-02-66-DB-00-00-03-0C-00-00-00-00;NOTIFICATION;0;da1a1500-d532-4285-be94-b07a3e11a098;da1a1506-d532-4285-be94-b07a3e11a098;18;;
213627;1788058110549;1508;Settings / Licht & Fahrstufe;17;72;–;01-00-00-02-FF-FF-FF-FF-FF-FF-FF-00-00-00-00-00-00;NOTIFICATION;0;da1a1500-d532-4285-be94-b07a3e11a098;da1a1508-d532-4285-be94-b07a3e11a098;18;;
213761;1788058110683;1509;BatteryChange / Akku-Livestand;11;72;–;03-E8-FF-FF-00-9C-40-00-00-00-28;NOTIFICATION;0;da1a1500-d532-4285-be94-b07a3e11a098;da1a1509-d532-4285-be94-b07a3e11a098;18;;
214003;1788058110925;150A;MotorUpdate / Motor-Livestand;10;72;–;03-E8-FF-FF-FF-FF-FF-FF-FF-FF;NOTIFICATION;0;da1a1500-d532-4285-be94-b07a3e11a098;da1a150a-d532-4285-be94-b07a3e11a098;18;;
214181;1788058111103;150B;Motor-/Controllerblock;20;72;–;FF-FF-FF-FF-FF-FF-FF-FF-FF-FF-FF-FF-FF-FF-FF-FF-FF-FF-FF-FF;NOTIFICATION;0;da1a1500-d532-4285-be94-b07a3e11a098;da1a150b-d532-4285-be94-b07a3e11a098;18;;
214427;1788058111349;150D;Fahrstatistik Max/Ø;20;72;–;00-DA-00-5B-FF-FF-FF-FF-47-18-FF-FF-FF-FF-FF-FF-FF-FF-00-00;NOTIFICATION;0;da1a1500-d532-4285-be94-b07a3e11a098;da1a150d-d532-4285-be94-b07a3e11a098;18;;
215496;1788058112418;1502;Akkuinformationen;16;73;–;47-18-FF-FF-FF-FF-47-18-FF-FF-FF-FF-FF-FF-00-00;NOTIFICATION;0;da1a1500-d532-4285-be94-b07a3e11a098;da1a1502-d532-4285-be94-b07a3e11a098;18;;
215906;1788058112828;1505;BikePerformance / Fahrleistung;18;73;0,1,2,3,7;00-00-00-00-FF-FF-00-76-FF-FF-FF-FF-FF-00-00-00-00-00;NOTIFICATION;0;da1a1500-d532-4285-be94-b07a3e11a098;da1a1505-d532-4285-be94-b07a3e11a098;18;;
216062;1788058112984;1506;Trip / Kilometer & Betriebszähler;16;73;7;00-00-1E-80-00-02-66-DE-00-00-03-0C-00-00-00-00;NOTIFICATION;0;da1a1500-d532-4285-be94-b07a3e11a098;da1a1506-d532-4285-be94-b07a3e11a098;18;;
216532;1788058113454;1508;Settings / Licht & Fahrstufe;17;73;–;01-00-00-02-FF-FF-FF-FF-FF-FF-FF-00-00-00-00-00-00;NOTIFICATION;0;da1a1500-d532-4285-be94-b07a3e11a098;da1a1508-d532-4285-be94-b07a3e11a098;18;;
216691;1788058113613;1509;BatteryChange / Akku-Livestand;11;73;0,1,5,6,10;00-00-FF-FF-00-9E-98-00-00-00-00;NOTIFICATION;0;da1a1500-d532-4285-be94-b07a3e11a098;da1a1509-d532-4285-be94-b07a3e11a098;18;;
216889;1788058113811;150A;MotorUpdate / Motor-Livestand;10;73;0,1;00-00-FF-FF-FF-FF-FF-FF-FF-FF;NOTIFICATION;0;da1a1500-d532-4285-be94-b07a3e11a098;da1a150a-d532-4285-be94-b07a3e11a098;18;;
217157;1788058114079;150B;Motor-/Controllerblock;20;73;–;FF-FF-FF-FF-FF-FF-FF-FF-FF-FF-FF-FF-FF-FF-FF-FF-FF-FF-FF-FF;NOTIFICATION;0;da1a1500-d532-4285-be94-b07a3e11a098;da1a150b-d532-4285-be94-b07a3e11a098;18;;
217315;1788058114237;150D;Fahrstatistik Max/Ø;20;73;–;00-DA-00-5B-FF-FF-FF-FF-47-18-FF-FF-FF-FF-FF-FF-FF-FF-00-00;NOTIFICATION;0;da1a1500-d532-4285-be94-b07a3e11a098;da1a150d-d532-4285-be94-b07a3e11a098;18;;
218415;1788058115337;1502;Akkuinformationen;16;74;–;47-18-FF-FF-FF-FF-47-18-FF-FF-FF-FF-FF-FF-00-00;NOTIFICATION;0;da1a1500-d532-4285-be94-b07a3e11a098;da1a1502-d532-4285-be94-b07a3e11a098;18;;
218831;1788058115753;1505;BikePerformance / Fahrleistung;18;74;7;00-00-00-00-FF-FF-00-67-FF-FF-FF-FF-FF-00-00-00-00-00;NOTIFICATION;0;da1a1500-d532-4285-be94-b07a3e11a098;da1a1505-d532-4285-be94-b07a3e11a098;18;;
218982;1788058115904;1506;Trip / Kilometer & Betriebszähler;16;74;7;00-00-1E-80-00-02-66-E1-00-00-03-0C-00-00-00-00;NOTIFICATION;0;da1a1500-d532-4285-be94-b07a3e11a098;da1a1506-d532-4285-be94-b07a3e11a098;18;;
219404;1788058116326;1508;Settings / Licht & Fahrstufe;17;74;–;01-00-00-02-FF-FF-FF-FF-FF-FF-FF-00-00-00-00-00-00;NOTIFICATION;0;da1a1500-d532-4285-be94-b07a3e11a098;da1a1508-d532-4285-be94-b07a3e11a098;18;;
219611;1788058116533;1509;BatteryChange / Akku-Livestand;11;74;5,6;00-00-FF-FF-00-9F-C4-00-00-00-00;NOTIFICATION;0;da1a1500-d532-4285-be94-b07a3e11a098;da1a1509-d532-4285-be94-b07a3e11a098;18;;
219810;1788058116732;150A;MotorUpdate / Motor-Livestand;10;74;–;00-00-FF-FF-FF-FF-FF-FF-FF-FF;NOTIFICATION;0;da1a1500-d532-4285-be94-b07a3e11a098;da1a150a-d532-4285-be94-b07a3e11a098;18;;
220076;1788058116998;150B;Motor-/Controllerblock;20;74;–;FF-FF-FF-FF-FF-FF-FF-FF-FF-FF-FF-FF-FF-FF-FF-FF-FF-FF-FF-FF;NOTIFICATION;0;da1a1500-d532-4285-be94-b07a3e11a098;da1a150b-d532-4285-be94-b07a3e11a098;18;;
220233;1788058117155;150D;Fahrstatistik Max/Ø;20;74;–;00-DA-00-5B-FF-FF-FF-FF-47-18-FF-FF-FF-FF-FF-FF-FF-FF-00-00;NOTIFICATION;0;da1a1500-d532-4285-be94-b07a3e11a098;da1a150d-d532-4285-be94-b07a3e11a098;18;;
221349;1788058118271;1502;Akkuinformationen;16;75;–;47-18-FF-FF-FF-FF-47-18-FF-FF-FF-FF-FF-FF-00-00;NOTIFICATION;0;da1a1500-d532-4285-be94-b07a3e11a098;da1a1502-d532-4285-be94-b07a3e11a098;18;;
221750;1788058118672;1505;BikePerformance / Fahrleistung;18;75;0,1,2,3,7;04-A6-04-A6-FF-FF-00-7A-FF-FF-FF-FF-FF-00-00-00-00-00;NOTIFICATION;0;da1a1500-d532-4285-be94-b07a3e11a098;da1a1505-d532-4285-be94-b07a3e11a098;18;;
221902;1788058118824;1506;Trip / Kilometer & Betriebszähler;16;75;7;00-00-1E-80-00-02-66-E4-00-00-03-0C-00-00-00-00;NOTIFICATION;0;da1a1500-d532-4285-be94-b07a3e11a098;da1a1506-d532-4285-be94-b07a3e11a098;18;;
222376;1788058119298;1508;Settings / Licht & Fahrstufe;17;75;–;01-00-00-02-FF-FF-FF-FF-FF-FF-FF-00-00-00-00-00-00;NOTIFICATION;0;da1a1500-d532-4285-be94-b07a3e11a098;da1a1508-d532-4285-be94-b07a3e11a098;18;;
222534;1788058119456;1509;BatteryChange / Akku-Livestand;11;75;0,1,5,6,10;03-E8-FF-FF-00-9C-40-00-00-00-28;NOTIFICATION;0;da1a1500-d532-4285-be94-b07a3e11a098;da1a1509-d532-4285-be94-b07a3e11a098;18;;
222744;1788058119666;150A;MotorUpdate / Motor-Livestand;10;75;0,1;03-E8-FF-FF-FF-FF-FF-FF-FF-FF;NOTIFICATION;0;da1a1500-d532-4285-be94-b07a3e11a098;da1a150a-d532-4285-be94-b07a3e11a098;18;;
222942;1788058119864;150B;Motor-/Controllerblock;20;75;–;FF-FF-FF-FF-FF-FF-FF-FF-FF-FF-FF-FF-FF-FF-FF-FF-FF-FF-FF-FF;NOTIFICATION;0;da1a1500-d532-4285-be94-b07a3e11a098;da1a150b-d532-4285-be94-b07a3e11a098;18;;
223157;1788058120079;150D;Fahrstatistik Max/Ø;20;75;–;00-DA-00-5B-FF-FF-FF-FF-47-18-FF-FF-FF-FF-FF-FF-FF-FF-00-00;NOTIFICATION;0;da1a1500-d532-4285-be94-b07a3e11a098;da1a150d-d532-4285-be94-b07a3e11a098;18;;
224263;1788058121185;1502;Akkuinformationen;16;76;–;47-18-FF-FF-FF-FF-47-18-FF-FF-FF-FF-FF-FF-00-00;NOTIFICATION;0;da1a1500-d532-4285-be94-b07a3e11a098;da1a1502-d532-4285-be94-b07a3e11a098;18;;
224615;1788058121537;1505;BikePerformance / Fahrleistung;18;76;0,1,2,3,7;00-00-00-00-FF-FF-00-69-FF-FF-FF-FF-FF-00-00-00-00-00;NOTIFICATION;0;da1a1500-d532-4285-be94-b07a3e11a098;da1a1505-d532-4285-be94-b07a3e11a098;18;;
224871;1788058121793;1506;Trip / Kilometer & Betriebszähler;16;76;7;00-00-1E-80-00-02-66-E7-00-00-03-0C-00-00-00-00;NOTIFICATION;0;da1a1500-d532-4285-be94-b07a3e11a098;da1a1506-d532-4285-be94-b07a3e11a098;18;;
225282;1788058122204;1508;Settings / Licht & Fahrstufe;17;76;–;01-00-00-02-FF-FF-FF-FF-FF-FF-FF-00-00-00-00-00-00;NOTIFICATION;0;da1a1500-d532-4285-be94-b07a3e11a098;da1a1508-d532-4285-be94-b07a3e11a098;18;;
225457;1788058122379;1509;BatteryChange / Akku-Livestand;11;76;0,1,5,6,10;00-00-FF-FF-00-9E-FC-00-00-00-00;NOTIFICATION;0;da1a1500-d532-4285-be94-b07a3e11a098;da1a1509-d532-4285-be94-b07a3e11a098;18;;
225667;1788058122589;150A;MotorUpdate / Motor-Livestand;10;76;0,1;00-00-FF-FF-FF-FF-FF-FF-FF-FF;NOTIFICATION;0;da1a1500-d532-4285-be94-b07a3e11a098;da1a150a-d532-4285-be94-b07a3e11a098;18;;
225902;1788058122824;150B;Motor-/Controllerblock;20;76;–;FF-FF-FF-FF-FF-FF-FF-FF-FF-FF-FF-FF-FF-FF-FF-FF-FF-FF-FF-FF;NOTIFICATION;0;da1a1500-d532-4285-be94-b07a3e11a098;da1a150b-d532-4285-be94-b07a3e11a098;18;;
226075;1788058122997;150D;Fahrstatistik Max/Ø;20;76;–;00-DA-00-5B-FF-FF-FF-FF-47-18-FF-FF-FF-FF-FF-FF-FF-FF-00-00;NOTIFICATION;0;da1a1500-d532-4285-be94-b07a3e11a098;da1a150d-d532-4285-be94-b07a3e11a098;18;;
227190;1788058124112;1502;Akkuinformationen;16;77;–;47-18-FF-FF-FF-FF-47-18-FF-FF-FF-FF-FF-FF-00-00;NOTIFICATION;0;da1a1500-d532-4285-be94-b07a3e11a098;da1a1502-d532-4285-be94-b07a3e11a098;18;;
227568;1788058124490;1505;BikePerformance / Fahrleistung;18;77;–;00-00-00-00-FF-FF-00-69-FF-FF-FF-FF-FF-00-00-00-00-00;NOTIFICATION;0;da1a1500-d532-4285-be94-b07a3e11a098;da1a1505-d532-4285-be94-b07a3e11a098;18;;
227740;1788058124662;1506;Trip / Kilometer & Betriebszähler;16;77;7;00-00-1E-80-00-02-66-EA-00-00-03-0C-00-00-00-00;NOTIFICATION;0;da1a1500-d532-4285-be94-b07a3e11a098;da1a1506-d532-4285-be94-b07a3e11a098;18;;
228194;1788058125116;1508;Settings / Licht & Fahrstufe;17;77;–;01-00-00-02-FF-FF-FF-FF-FF-FF-FF-00-00-00-00-00-00;NOTIFICATION;0;da1a1500-d532-4285-be94-b07a3e11a098;da1a1508-d532-4285-be94-b07a3e11a098;18;;
228376;1788058125298;1509;BatteryChange / Akku-Livestand;11;77;5,6;00-00-FF-FF-00-9F-C4-00-00-00-00;NOTIFICATION;0;da1a1500-d532-4285-be94-b07a3e11a098;da1a1509-d532-4285-be94-b07a3e11a098;18;;
228584;1788058125506;150A;MotorUpdate / Motor-Livestand;10;77;–;00-00-FF-FF-FF-FF-FF-FF-FF-FF;NOTIFICATION;0;da1a1500-d532-4285-be94-b07a3e11a098;da1a150a-d532-4285-be94-b07a3e11a098;18;;
228823;1788058125745;150B;Motor-/Controllerblock;20;77;–;FF-FF-FF-FF-FF-FF-FF-FF-FF-FF-FF-FF-FF-FF-FF-FF-FF-FF-FF-FF;NOTIFICATION;0;da1a1500-d532-4285-be94-b07a3e11a098;da1a150b-d532-4285-be94-b07a3e11a098;18;;
228993;1788058125915;150D;Fahrstatistik Max/Ø;20;77;–;00-DA-00-5B-FF-FF-FF-FF-47-18-FF-FF-FF-FF-FF-FF-FF-FF-00-00;NOTIFICATION;0;da1a1500-d532-4285-be94-b07a3e11a098;da1a150d-d532-4285-be94-b07a3e11a098;18;;
230106;1788058127028;1502;Akkuinformationen;16;78;–;47-18-FF-FF-FF-FF-47-18-FF-FF-FF-FF-FF-FF-00-00;NOTIFICATION;0;da1a1500-d532-4285-be94-b07a3e11a098;da1a1502-d532-4285-be94-b07a3e11a098;18;;
230512;1788058127434;1505;BikePerformance / Fahrleistung;18;78;7;00-00-00-00-FF-FF-00-63-FF-FF-FF-FF-FF-00-00-00-00-00;NOTIFICATION;0;da1a1500-d532-4285-be94-b07a3e11a098;da1a1505-d532-4285-be94-b07a3e11a098;18;;
230664;1788058127586;1506;Trip / Kilometer & Betriebszähler;16;78;3,7;00-00-1E-81-00-02-66-ED-00-00-03-0C-00-00-00-00;NOTIFICATION;0;da1a1500-d532-4285-be94-b07a3e11a098;da1a1506-d532-4285-be94-b07a3e11a098;18;;
231142;1788058128064;1508;Settings / Licht & Fahrstufe;17;78;–;01-00-00-02-FF-FF-FF-FF-FF-FF-FF-00-00-00-00-00-00;NOTIFICATION;0;da1a1500-d532-4285-be94-b07a3e11a098;da1a1508-d532-4285-be94-b07a3e11a098;18;;
231293;1788058128215;1509;BatteryChange / Akku-Livestand;11;78;5,6;00-00-FF-FF-00-A0-28-00-00-00-00;NOTIFICATION;0;da1a1500-d532-4285-be94-b07a3e11a098;da1a1509-d532-4285-be94-b07a3e11a098;18;;
231533;1788058128455;150A;MotorUpdate / Motor-Livestand;10;78;–;00-00-FF-FF-FF-FF-FF-FF-FF-FF;NOTIFICATION;0;da1a1500-d532-4285-be94-b07a3e11a098;da1a150a-d532-4285-be94-b07a3e11a098;18;;
231717;1788058128639;150B;Motor-/Controllerblock;20;78;–;FF-FF-FF-FF-FF-FF-FF-FF-FF-FF-FF-FF-FF-FF-FF-FF-FF-FF-FF-FF;NOTIFICATION;0;da1a1500-d532-4285-be94-b07a3e11a098;da1a150b-d532-4285-be94-b07a3e11a098;18;;
231951;1788058128873;150D;Fahrstatistik Max/Ø;20;78;–;00-DA-00-5B-FF-FF-FF-FF-47-18-FF-FF-FF-FF-FF-FF-FF-FF-00-00;NOTIFICATION;0;da1a1500-d532-4285-be94-b07a3e11a098;da1a150d-d532-4285-be94-b07a3e11a098;18;;
233028;1788058129950;1502;Akkuinformationen;16;79;–;47-18-FF-FF-FF-FF-47-18-FF-FF-FF-FF-FF-FF-00-00;NOTIFICATION;0;da1a1500-d532-4285-be94-b07a3e11a098;da1a1502-d532-4285-be94-b07a3e11a098;18;;
233447;1788058130369;1505;BikePerformance / Fahrleistung;18;79;7;00-00-00-00-FF-FF-00-6B-FF-FF-FF-FF-FF-00-00-00-00-00;NOTIFICATION;0;da1a1500-d532-4285-be94-b07a3e11a098;da1a1505-d532-4285-be94-b07a3e11a098;18;;
233587;1788058130509;1506;Trip / Kilometer & Betriebszähler;16;79;7;00-00-1E-81-00-02-66-F0-00-00-03-0C-00-00-00-00;NOTIFICATION;0;da1a1500-d532-4285-be94-b07a3e11a098;da1a1506-d532-4285-be94-b07a3e11a098;18;;
234058;1788058130980;1508;Settings / Licht & Fahrstufe;17;79;–;01-00-00-02-FF-FF-FF-FF-FF-FF-FF-00-00-00-00-00-00;NOTIFICATION;0;da1a1500-d532-4285-be94-b07a3e11a098;da1a1508-d532-4285-be94-b07a3e11a098;18;;
234215;1788058131137;1509;BatteryChange / Akku-Livestand;11;79;6;00-00-FF-FF-00-A0-8C-00-00-00-00;NOTIFICATION;0;da1a1500-d532-4285-be94-b07a3e11a098;da1a1509-d532-4285-be94-b07a3e11a098;18;;
234450;1788058131372;150A;MotorUpdate / Motor-Livestand;10;79;–;00-00-FF-FF-FF-FF-FF-FF-FF-FF;NOTIFICATION;0;da1a1500-d532-4285-be94-b07a3e11a098;da1a150a-d532-4285-be94-b07a3e11a098;18;;
234635;1788058131557;150B;Motor-/Controllerblock;20;79;–;FF-FF-FF-FF-FF-FF-FF-FF-FF-FF-FF-FF-FF-FF-FF-FF-FF-FF-FF-FF;NOTIFICATION;0;da1a1500-d532-4285-be94-b07a3e11a098;da1a150b-d532-4285-be94-b07a3e11a098;18;;
234870;1788058131792;150D;Fahrstatistik Max/Ø;20;79;–;00-DA-00-5B-FF-FF-FF-FF-47-18-FF-FF-FF-FF-FF-FF-FF-FF-00-00;NOTIFICATION;0;da1a1500-d532-4285-be94-b07a3e11a098;da1a150d-d532-4285-be94-b07a3e11a098;18;;
235962;1788058132884;1502;Akkuinformationen;16;80;–;47-18-FF-FF-FF-FF-47-18-FF-FF-FF-FF-FF-FF-00-00;NOTIFICATION;0;da1a1500-d532-4285-be94-b07a3e11a098;da1a1502-d532-4285-be94-b07a3e11a098;18;;
236361;1788058133283;1505;BikePerformance / Fahrleistung;18;80;7;00-00-00-00-FF-FF-00-6A-FF-FF-FF-FF-FF-00-00-00-00-00;NOTIFICATION;0;da1a1500-d532-4285-be94-b07a3e11a098;da1a1505-d532-4285-be94-b07a3e11a098;18;;
236506;1788058133428;1506;Trip / Kilometer & Betriebszähler;16;80;7;00-00-1E-81-00-02-66-F3-00-00-03-0C-00-00-00-00;NOTIFICATION;0;da1a1500-d532-4285-be94-b07a3e11a098;da1a1506-d532-4285-be94-b07a3e11a098;18;;
236991;1788058133913;1508;Settings / Licht & Fahrstufe;17;80;–;01-00-00-02-FF-FF-FF-FF-FF-FF-FF-00-00-00-00-00-00;NOTIFICATION;0;da1a1500-d532-4285-be94-b07a3e11a098;da1a1508-d532-4285-be94-b07a3e11a098;18;;
237132;1788058134054;1509;BatteryChange / Akku-Livestand;11;80;–;00-00-FF-FF-00-A0-8C-00-00-00-00;NOTIFICATION;0;da1a1500-d532-4285-be94-b07a3e11a098;da1a1509-d532-4285-be94-b07a3e11a098;18;;
237382;1788058134304;150A;MotorUpdate / Motor-Livestand;10;80;–;00-00-FF-FF-FF-FF-FF-FF-FF-FF;NOTIFICATION;0;da1a1500-d532-4285-be94-b07a3e11a098;da1a150a-d532-4285-be94-b07a3e11a098;18;;
237553;1788058134475;150B;Motor-/Controllerblock;20;80;–;FF-FF-FF-FF-FF-FF-FF-FF-FF-FF-FF-FF-FF-FF-FF-FF-FF-FF-FF-FF;NOTIFICATION;0;da1a1500-d532-4285-be94-b07a3e11a098;da1a150b-d532-4285-be94-b07a3e11a098;18;;
237798;1788058134720;150D;Fahrstatistik Max/Ø;20;80;–;00-DA-00-5B-FF-FF-FF-FF-47-18-FF-FF-FF-FF-FF-FF-FF-FF-00-00;NOTIFICATION;0;da1a1500-d532-4285-be94-b07a3e11a098;da1a150d-d532-4285-be94-b07a3e11a098;18;;
238804;1788058135726;1502;Akkuinformationen;16;81;–;47-18-FF-FF-FF-FF-47-18-FF-FF-FF-FF-FF-FF-00-00;NOTIFICATION;0;da1a1500-d532-4285-be94-b07a3e11a098;da1a1502-d532-4285-be94-b07a3e11a098;18;;
239225;1788058136147;1505;BikePerformance / Fahrleistung;18;81;7;00-00-00-00-FF-FF-00-6B-FF-FF-FF-FF-FF-00-00-00-00-00;NOTIFICATION;0;da1a1500-d532-4285-be94-b07a3e11a098;da1a1505-d532-4285-be94-b07a3e11a098;18;;
239475;1788058136397;1506;Trip / Kilometer & Betriebszähler;16;81;7;00-00-1E-81-00-02-66-F6-00-00-03-0C-00-00-00-00;NOTIFICATION;0;da1a1500-d532-4285-be94-b07a3e11a098;da1a1506-d532-4285-be94-b07a3e11a098;18;;
239846;1788058136768;1508;Settings / Licht & Fahrstufe;17;81;–;01-00-00-02-FF-FF-FF-FF-FF-FF-FF-00-00-00-00-00-00;NOTIFICATION;0;da1a1500-d532-4285-be94-b07a3e11a098;da1a1508-d532-4285-be94-b07a3e11a098;18;;
240056;1788058136978;1509;BatteryChange / Akku-Livestand;11;81;–;00-00-FF-FF-00-A0-8C-00-00-00-00;NOTIFICATION;0;da1a1500-d532-4285-be94-b07a3e11a098;da1a1509-d532-4285-be94-b07a3e11a098;18;;
240265;1788058137187;150A;MotorUpdate / Motor-Livestand;10;81;–;00-00-FF-FF-FF-FF-FF-FF-FF-FF;NOTIFICATION;0;da1a1500-d532-4285-be94-b07a3e11a098;da1a150a-d532-4285-be94-b07a3e11a098;18;;
240509;1788058137431;150B;Motor-/Controllerblock;20;81;–;FF-FF-FF-FF-FF-FF-FF-FF-FF-FF-FF-FF-FF-FF-FF-FF-FF-FF-FF-FF;NOTIFICATION;0;da1a1500-d532-4285-be94-b07a3e11a098;da1a150b-d532-4285-be94-b07a3e11a098;18;;
240682;1788058137604;150D;Fahrstatistik Max/Ø;20;81;–;00-DA-00-5B-FF-FF-FF-FF-47-18-FF-FF-FF-FF-FF-FF-FF-FF-00-00;NOTIFICATION;0;da1a1500-d532-4285-be94-b07a3e11a098;da1a150d-d532-4285-be94-b07a3e11a098;18;;
241724;1788058138646;1502;Akkuinformationen;16;82;–;47-18-FF-FF-FF-FF-47-18-FF-FF-FF-FF-FF-FF-00-00;NOTIFICATION;0;da1a1500-d532-4285-be94-b07a3e11a098;da1a1502-d532-4285-be94-b07a3e11a098;18;;
242145;1788058139067;1505;BikePerformance / Fahrleistung;18;82;7;00-00-00-00-FF-FF-00-69-FF-FF-FF-FF-FF-00-00-00-00-00;NOTIFICATION;0;da1a1500-d532-4285-be94-b07a3e11a098;da1a1505-d532-4285-be94-b07a3e11a098;18;;
242385;1788058139307;1506;Trip / Kilometer & Betriebszähler;16;82;7;00-00-1E-81-00-02-66-F9-00-00-03-0C-00-00-00-00;NOTIFICATION;0;da1a1500-d532-4285-be94-b07a3e11a098;da1a1506-d532-4285-be94-b07a3e11a098;18;;
242765;1788058139687;1508;Settings / Licht & Fahrstufe;17;82;–;01-00-00-02-FF-FF-FF-FF-FF-FF-FF-00-00-00-00-00-00;NOTIFICATION;0;da1a1500-d532-4285-be94-b07a3e11a098;da1a1508-d532-4285-be94-b07a3e11a098;18;;
242975;1788058139897;1509;BatteryChange / Akku-Livestand;11;82;6;00-00-FF-FF-00-A0-F0-00-00-00-00;NOTIFICATION;0;da1a1500-d532-4285-be94-b07a3e11a098;da1a1509-d532-4285-be94-b07a3e11a098;18;;
243184;1788058140106;150A;MotorUpdate / Motor-Livestand;10;82;–;00-00-FF-FF-FF-FF-FF-FF-FF-FF;NOTIFICATION;0;da1a1500-d532-4285-be94-b07a3e11a098;da1a150a-d532-4285-be94-b07a3e11a098;18;;
243395;1788058140317;150B;Motor-/Controllerblock;20;82;–;FF-FF-FF-FF-FF-FF-FF-FF-FF-FF-FF-FF-FF-FF-FF-FF-FF-FF-FF-FF;NOTIFICATION;0;da1a1500-d532-4285-be94-b07a3e11a098;da1a150b-d532-4285-be94-b07a3e11a098;18;;
243604;1788058140526;150D;Fahrstatistik Max/Ø;20;82;–;00-DA-00-5B-FF-FF-FF-FF-47-18-FF-FF-FF-FF-FF-FF-FF-FF-00-00;NOTIFICATION;0;da1a1500-d532-4285-be94-b07a3e11a098;da1a150d-d532-4285-be94-b07a3e11a098;18;;
244646;1788058141568;1502;Akkuinformationen;16;83;–;47-18-FF-FF-FF-FF-47-18-FF-FF-FF-FF-FF-FF-00-00;NOTIFICATION;0;da1a1500-d532-4285-be94-b07a3e11a098;da1a1502-d532-4285-be94-b07a3e11a098;18;;
245063;1788058141985;1505;BikePerformance / Fahrleistung;18;83;7;00-00-00-00-FF-FF-00-6B-FF-FF-FF-FF-FF-00-00-00-00-00;NOTIFICATION;0;da1a1500-d532-4285-be94-b07a3e11a098;da1a1505-d532-4285-be94-b07a3e11a098;18;;
245275;1788058142197;1506;Trip / Kilometer & Betriebszähler;16;83;7;00-00-1E-81-00-02-66-FB-00-00-03-0C-00-00-00-00;NOTIFICATION;0;da1a1500-d532-4285-be94-b07a3e11a098;da1a1506-d532-4285-be94-b07a3e11a098;18;;
245681;1788058142603;1508;Settings / Licht & Fahrstufe;17;83;–;01-00-00-02-FF-FF-FF-FF-FF-FF-FF-00-00-00-00-00-00;NOTIFICATION;0;da1a1500-d532-4285-be94-b07a3e11a098;da1a1508-d532-4285-be94-b07a3e11a098;18;;
245891;1788058142813;1509;BatteryChange / Akku-Livestand;11;83;5,6;00-00-FF-FF-00-A1-54-00-00-00-00;NOTIFICATION;0;da1a1500-d532-4285-be94-b07a3e11a098;da1a1509-d532-4285-be94-b07a3e11a098;18;;
246105;1788058143027;150A;MotorUpdate / Motor-Livestand;10;83;–;00-00-FF-FF-FF-FF-FF-FF-FF-FF;NOTIFICATION;0;da1a1500-d532-4285-be94-b07a3e11a098;da1a150a-d532-4285-be94-b07a3e11a098;18;;
246313;1788058143235;150B;Motor-/Controllerblock;20;83;–;FF-FF-FF-FF-FF-FF-FF-FF-FF-FF-FF-FF-FF-FF-FF-FF-FF-FF-FF-FF;NOTIFICATION;0;da1a1500-d532-4285-be94-b07a3e11a098;da1a150b-d532-4285-be94-b07a3e11a098;18;;
246524;1788058143446;150D;Fahrstatistik Max/Ø;20;83;–;00-DA-00-5B-FF-FF-FF-FF-47-18-FF-FF-FF-FF-FF-FF-FF-FF-00-00;NOTIFICATION;0;da1a1500-d532-4285-be94-b07a3e11a098;da1a150d-d532-4285-be94-b07a3e11a098;18;;
247565;1788058144487;1502;Akkuinformationen;16;84;–;47-18-FF-FF-FF-FF-47-18-FF-FF-FF-FF-FF-FF-00-00;NOTIFICATION;0;da1a1500-d532-4285-be94-b07a3e11a098;da1a1502-d532-4285-be94-b07a3e11a098;18;;
247982;1788058144904;1505;BikePerformance / Fahrleistung;18;84;–;00-00-00-00-FF-FF-00-6B-FF-FF-FF-FF-FF-00-00-00-00-00;NOTIFICATION;0;da1a1500-d532-4285-be94-b07a3e11a098;da1a1505-d532-4285-be94-b07a3e11a098;18;;
248192;1788058145114;1506;Trip / Kilometer & Betriebszähler;16;84;7;00-00-1E-81-00-02-66-FE-00-00-03-0C-00-00-00-00;NOTIFICATION;0;da1a1500-d532-4285-be94-b07a3e11a098;da1a1506-d532-4285-be94-b07a3e11a098;18;;
248606;1788058145528;1508;Settings / Licht & Fahrstufe;17;84;–;01-00-00-02-FF-FF-FF-FF-FF-FF-FF-00-00-00-00-00-00;NOTIFICATION;0;da1a1500-d532-4285-be94-b07a3e11a098;da1a1508-d532-4285-be94-b07a3e11a098;18;;
248815;1788058145737;1509;BatteryChange / Akku-Livestand;11;84;–;00-00-FF-FF-00-A1-54-00-00-00-00;NOTIFICATION;0;da1a1500-d532-4285-be94-b07a3e11a098;da1a1509-d532-4285-be94-b07a3e11a098;18;;
249025;1788058145947;150A;MotorUpdate / Motor-Livestand;10;84;–;00-00-FF-FF-FF-FF-FF-FF-FF-FF;NOTIFICATION;0;da1a1500-d532-4285-be94-b07a3e11a098;da1a150a-d532-4285-be94-b07a3e11a098;18;;
249235;1788058146157;150B;Motor-/Controllerblock;20;84;–;FF-FF-FF-FF-FF-FF-FF-FF-FF-FF-FF-FF-FF-FF-FF-FF-FF-FF-FF-FF;NOTIFICATION;0;da1a1500-d532-4285-be94-b07a3e11a098;da1a150b-d532-4285-be94-b07a3e11a098;18;;
249447;1788058146369;150D;Fahrstatistik Max/Ø;20;84;–;00-DA-00-5B-FF-FF-FF-FF-47-18-FF-FF-FF-FF-FF-FF-FF-FF-00-00;NOTIFICATION;0;da1a1500-d532-4285-be94-b07a3e11a098;da1a150d-d532-4285-be94-b07a3e11a098;18;;
250484;1788058147406;1502;Akkuinformationen;16;85;–;47-18-FF-FF-FF-FF-47-18-FF-FF-FF-FF-FF-FF-00-00;NOTIFICATION;0;da1a1500-d532-4285-be94-b07a3e11a098;da1a1502-d532-4285-be94-b07a3e11a098;18;;
250907;1788058147829;1505;BikePerformance / Fahrleistung;18;85;7;00-00-00-00-FF-FF-00-6E-FF-FF-FF-FF-FF-00-00-00-00-00;NOTIFICATION;0;da1a1500-d532-4285-be94-b07a3e11a098;da1a1505-d532-4285-be94-b07a3e11a098;18;;
251115;1788058148037;1506;Trip / Kilometer & Betriebszähler;16;85;6,7;00-00-1E-81-00-02-67-01-00-00-03-0C-00-00-00-00;NOTIFICATION;0;da1a1500-d532-4285-be94-b07a3e11a098;da1a1506-d532-4285-be94-b07a3e11a098;18;;
251535;1788058148457;1508;Settings / Licht & Fahrstufe;17;85;–;01-00-00-02-FF-FF-FF-FF-FF-FF-FF-00-00-00-00-00-00;NOTIFICATION;0;da1a1500-d532-4285-be94-b07a3e11a098;da1a1508-d532-4285-be94-b07a3e11a098;18;;
251736;1788058148658;1509;BatteryChange / Akku-Livestand;11;85;–;00-00-FF-FF-00-A1-54-00-00-00-00;NOTIFICATION;0;da1a1500-d532-4285-be94-b07a3e11a098;da1a1509-d532-4285-be94-b07a3e11a098;18;;
251945;1788058148867;150A;MotorUpdate / Motor-Livestand;10;85;–;00-00-FF-FF-FF-FF-FF-FF-FF-FF;NOTIFICATION;0;da1a1500-d532-4285-be94-b07a3e11a098;da1a150a-d532-4285-be94-b07a3e11a098;18;;
252157;1788058149079;150B;Motor-/Controllerblock;20;85;–;FF-FF-FF-FF-FF-FF-FF-FF-FF-FF-FF-FF-FF-FF-FF-FF-FF-FF-FF-FF;NOTIFICATION;0;da1a1500-d532-4285-be94-b07a3e11a098;da1a150b-d532-4285-be94-b07a3e11a098;18;;
252386;1788058149308;150D;Fahrstatistik Max/Ø;20;85;–;00-DA-00-5B-FF-FF-FF-FF-47-18-FF-FF-FF-FF-FF-FF-FF-FF-00-00;NOTIFICATION;0;da1a1500-d532-4285-be94-b07a3e11a098;da1a150d-d532-4285-be94-b07a3e11a098;18;;
253407;1788058150329;1502;Akkuinformationen;16;86;–;47-18-FF-FF-FF-FF-47-18-FF-FF-FF-FF-FF-FF-00-00;NOTIFICATION;0;da1a1500-d532-4285-be94-b07a3e11a098;da1a1502-d532-4285-be94-b07a3e11a098;18;;
253827;1788058150749;1505;BikePerformance / Fahrleistung;18;86;7;00-00-00-00-FF-FF-00-6F-FF-FF-FF-FF-FF-00-00-00-00-00;NOTIFICATION;0;da1a1500-d532-4285-be94-b07a3e11a098;da1a1505-d532-4285-be94-b07a3e11a098;18;;
254032;1788058150954;1506;Trip / Kilometer & Betriebszähler;16;86;7;00-00-1E-81-00-02-67-04-00-00-03-0C-00-00-00-00;NOTIFICATION;0;da1a1500-d532-4285-be94-b07a3e11a098;da1a1506-d532-4285-be94-b07a3e11a098;18;;
254458;1788058151380;1508;Settings / Licht & Fahrstufe;17;86;–;01-00-00-02-FF-FF-FF-FF-FF-FF-FF-00-00-00-00-00-00;NOTIFICATION;0;da1a1500-d532-4285-be94-b07a3e11a098;da1a1508-d532-4285-be94-b07a3e11a098;18;;
254656;1788058151578;1509;BatteryChange / Akku-Livestand;11;86;–;00-00-FF-FF-00-A1-54-00-00-00-00;NOTIFICATION;0;da1a1500-d532-4285-be94-b07a3e11a098;da1a1509-d532-4285-be94-b07a3e11a098;18;;
254863;1788058151785;150A;MotorUpdate / Motor-Livestand;10;86;–;00-00-FF-FF-FF-FF-FF-FF-FF-FF;NOTIFICATION;0;da1a1500-d532-4285-be94-b07a3e11a098;da1a150a-d532-4285-be94-b07a3e11a098;18;;
255073;1788058151995;150B;Motor-/Controllerblock;20;86;–;FF-FF-FF-FF-FF-FF-FF-FF-FF-FF-FF-FF-FF-FF-FF-FF-FF-FF-FF-FF;NOTIFICATION;0;da1a1500-d532-4285-be94-b07a3e11a098;da1a150b-d532-4285-be94-b07a3e11a098;18;;
255283;1788058152205;150D;Fahrstatistik Max/Ø;20;86;–;00-DA-00-5B-FF-FF-FF-FF-47-18-FF-FF-FF-FF-FF-FF-FF-FF-00-00;NOTIFICATION;0;da1a1500-d532-4285-be94-b07a3e11a098;da1a150d-d532-4285-be94-b07a3e11a098;18;;
256329;1788058153251;1502;Akkuinformationen;16;87;–;47-18-FF-FF-FF-FF-47-18-FF-FF-FF-FF-FF-FF-00-00;NOTIFICATION;0;da1a1500-d532-4285-be94-b07a3e11a098;da1a1502-d532-4285-be94-b07a3e11a098;18;;
256747;1788058153669;1505;BikePerformance / Fahrleistung;18;87;7;00-00-00-00-FF-FF-00-70-FF-FF-FF-FF-FF-00-00-00-00-00;NOTIFICATION;0;da1a1500-d532-4285-be94-b07a3e11a098;da1a1505-d532-4285-be94-b07a3e11a098;18;;
256957;1788058153879;1506;Trip / Kilometer & Betriebszähler;16;87;7;00-00-1E-81-00-02-67-07-00-00-03-0C-00-00-00-00;NOTIFICATION;0;da1a1500-d532-4285-be94-b07a3e11a098;da1a1506-d532-4285-be94-b07a3e11a098;18;;
257379;1788058154301;1508;Settings / Licht & Fahrstufe;17;87;–;01-00-00-02-FF-FF-FF-FF-FF-FF-FF-00-00-00-00-00-00;NOTIFICATION;0;da1a1500-d532-4285-be94-b07a3e11a098;da1a1508-d532-4285-be94-b07a3e11a098;18;;
257583;1788058154505;1509;BatteryChange / Akku-Livestand;11;87;–;00-00-FF-FF-00-A1-54-00-00-00-00;NOTIFICATION;0;da1a1500-d532-4285-be94-b07a3e11a098;da1a1509-d532-4285-be94-b07a3e11a098;18;;
257782;1788058154704;150A;MotorUpdate / Motor-Livestand;10;87;–;00-00-FF-FF-FF-FF-FF-FF-FF-FF;NOTIFICATION;0;da1a1500-d532-4285-be94-b07a3e11a098;da1a150a-d532-4285-be94-b07a3e11a098;18;;
257995;1788058154917;150B;Motor-/Controllerblock;20;87;–;FF-FF-FF-FF-FF-FF-FF-FF-FF-FF-FF-FF-FF-FF-FF-FF-FF-FF-FF-FF;NOTIFICATION;0;da1a1500-d532-4285-be94-b07a3e11a098;da1a150b-d532-4285-be94-b07a3e11a098;18;;
258207;1788058155129;150D;Fahrstatistik Max/Ø;20;87;–;00-DA-00-5B-FF-FF-FF-FF-47-18-FF-FF-FF-FF-FF-FF-FF-FF-00-00;NOTIFICATION;0;da1a1500-d532-4285-be94-b07a3e11a098;da1a150d-d532-4285-be94-b07a3e11a098;18;;
259245;1788058156167;1502;Akkuinformationen;16;88;–;47-18-FF-FF-FF-FF-47-18-FF-FF-FF-FF-FF-FF-00-00;NOTIFICATION;0;da1a1500-d532-4285-be94-b07a3e11a098;da1a1502-d532-4285-be94-b07a3e11a098;18;;
259667;1788058156589;1505;BikePerformance / Fahrleistung;18;88;7;00-00-00-00-FF-FF-00-6E-FF-FF-FF-FF-FF-00-00-00-00-00;NOTIFICATION;0;da1a1500-d532-4285-be94-b07a3e11a098;da1a1505-d532-4285-be94-b07a3e11a098;18;;
259874;1788058156796;1506;Trip / Kilometer & Betriebszähler;16;88;7;00-00-1E-81-00-02-67-0A-00-00-03-0C-00-00-00-00;NOTIFICATION;0;da1a1500-d532-4285-be94-b07a3e11a098;da1a1506-d532-4285-be94-b07a3e11a098;18;;
260294;1788058157216;1508;Settings / Licht & Fahrstufe;17;88;–;01-00-00-02-FF-FF-FF-FF-FF-FF-FF-00-00-00-00-00-00;NOTIFICATION;0;da1a1500-d532-4285-be94-b07a3e11a098;da1a1508-d532-4285-be94-b07a3e11a098;18;;
260507;1788058157429;1509;BatteryChange / Akku-Livestand;11;88;–;00-00-FF-FF-00-A1-54-00-00-00-00;NOTIFICATION;0;da1a1500-d532-4285-be94-b07a3e11a098;da1a1509-d532-4285-be94-b07a3e11a098;18;;
260707;1788058157629;150A;MotorUpdate / Motor-Livestand;10;88;–;00-00-FF-FF-FF-FF-FF-FF-FF-FF;NOTIFICATION;0;da1a1500-d532-4285-be94-b07a3e11a098;da1a150a-d532-4285-be94-b07a3e11a098;18;;
260917;1788058157839;150B;Motor-/Controllerblock;20;88;–;FF-FF-FF-FF-FF-FF-FF-FF-FF-FF-FF-FF-FF-FF-FF-FF-FF-FF-FF-FF;NOTIFICATION;0;da1a1500-d532-4285-be94-b07a3e11a098;da1a150b-d532-4285-be94-b07a3e11a098;18;;
261127;1788058158049;150D;Fahrstatistik Max/Ø;20;88;–;00-DA-00-5B-FF-FF-FF-FF-47-18-FF-FF-FF-FF-FF-FF-FF-FF-00-00;NOTIFICATION;0;da1a1500-d532-4285-be94-b07a3e11a098;da1a150d-d532-4285-be94-b07a3e11a098;18;;
262177;1788058159099;1502;Akkuinformationen;16;89;–;47-18-FF-FF-FF-FF-47-18-FF-FF-FF-FF-FF-FF-00-00;NOTIFICATION;0;da1a1500-d532-4285-be94-b07a3e11a098;da1a1502-d532-4285-be94-b07a3e11a098;18;;
262585;1788058159507;1505;BikePerformance / Fahrleistung;18;89;7;00-00-00-00-FF-FF-00-77-FF-FF-FF-FF-FF-00-00-00-00-00;NOTIFICATION;0;da1a1500-d532-4285-be94-b07a3e11a098;da1a1505-d532-4285-be94-b07a3e11a098;18;;
262797;1788058159719;1506;Trip / Kilometer & Betriebszähler;16;89;7,8,9,10,11,12;00-00-1E-81-00-02-67-00-FF-FF-FF-FF-FF-00-00-00;NOTIFICATION;0;da1a1500-d532-4285-be94-b07a3e11a098;da1a1506-d532-4285-be94-b07a3e11a098;18;;
263217;1788058160139;1508;Settings / Licht & Fahrstufe;17;89;–;01-00-00-02-FF-FF-FF-FF-FF-FF-FF-00-00-00-00-00-00;NOTIFICATION;0;da1a1500-d532-4285-be94-b07a3e11a098;da1a1508-d532-4285-be94-b07a3e11a098;18;;
263428;1788058160350;1509;BatteryChange / Akku-Livestand;11;89;–;00-00-FF-FF-00-A1-54-00-00-00-00;NOTIFICATION;0;da1a1500-d532-4285-be94-b07a3e11a098;da1a1509-d532-4285-be94-b07a3e11a098;18;;
263629;1788058160551;150A;MotorUpdate / Motor-Livestand;10;89;–;00-00-FF-FF-FF-FF-FF-FF-FF-FF;NOTIFICATION;0;da1a1500-d532-4285-be94-b07a3e11a098;da1a150a-d532-4285-be94-b07a3e11a098;18;;
263837;1788058160759;150B;Motor-/Controllerblock;20;89;–;FF-FF-FF-FF-FF-FF-FF-FF-FF-FF-FF-FF-FF-FF-FF-FF-FF-FF-FF-FF;NOTIFICATION;0;da1a1500-d532-4285-be94-b07a3e11a098;da1a150b-d532-4285-be94-b07a3e11a098;18;;
264047;1788058160969;150D;Fahrstatistik Max/Ø;20;89;–;00-DA-00-5B-FF-FF-FF-FF-47-18-FF-FF-FF-FF-FF-FF-FF-FF-00-00;NOTIFICATION;0;da1a1500-d532-4285-be94-b07a3e11a098;da1a150d-d532-4285-be94-b07a3e11a098;18;;
265094;1788058162016;1502;Akkuinformationen;16;90;–;47-18-FF-FF-FF-FF-47-18-FF-FF-FF-FF-FF-FF-00-00;NOTIFICATION;0;da1a1500-d532-4285-be94-b07a3e11a098;da1a1502-d532-4285-be94-b07a3e11a098;18;;
265587;1788058162509;1505;BikePerformance / Fahrleistung;18;90;7;00-00-00-00-FF-FF-00-7A-FF-FF-FF-FF-FF-00-00-00-00-00;NOTIFICATION;0;da1a1500-d532-4285-be94-b07a3e11a098;da1a1505-d532-4285-be94-b07a3e11a098;18;;
265712;1788058162634;1506;Trip / Kilometer & Betriebszähler;16;90;3,7,8,9,10,11;00-00-1E-82-00-02-67-10-00-00-03-00-FF-00-00-00;NOTIFICATION;0;da1a1500-d532-4285-be94-b07a3e11a098;da1a1506-d532-4285-be94-b07a3e11a098;18;;
266132;1788058163054;1508;Settings / Licht & Fahrstufe;17;90;–;01-00-00-02-FF-FF-FF-FF-FF-FF-FF-00-00-00-00-00-00;NOTIFICATION;0;da1a1500-d532-4285-be94-b07a3e11a098;da1a1508-d532-4285-be94-b07a3e11a098;18;;
266343;1788058163265;1509;BatteryChange / Akku-Livestand;11;90;–;00-00-FF-FF-00-A1-54-00-00-00-00;NOTIFICATION;0;da1a1500-d532-4285-be94-b07a3e11a098;da1a1509-d532-4285-be94-b07a3e11a098;18;;
266556;1788058163478;150A;MotorUpdate / Motor-Livestand;10;90;–;00-00-FF-FF-FF-FF-FF-FF-FF-FF;NOTIFICATION;0;da1a1500-d532-4285-be94-b07a3e11a098;da1a150a-d532-4285-be94-b07a3e11a098;18;;
266756;1788058163678;150B;Motor-/Controllerblock;20;90;–;FF-FF-FF-FF-FF-FF-FF-FF-FF-FF-FF-FF-FF-FF-FF-FF-FF-FF-FF-FF;NOTIFICATION;0;da1a1500-d532-4285-be94-b07a3e11a098;da1a150b-d532-4285-be94-b07a3e11a098;18;;
266966;1788058163888;150D;Fahrstatistik Max/Ø;20;90;3;00-DA-00-5C-FF-FF-FF-FF-47-18-FF-FF-FF-FF-FF-FF-FF-FF-00-00;NOTIFICATION;0;da1a1500-d532-4285-be94-b07a3e11a098;da1a150d-d532-4285-be94-b07a3e11a098;18;;
268069;1788058164991;1502;Akkuinformationen;16;91;–;47-18-FF-FF-FF-FF-47-18-FF-FF-FF-FF-FF-FF-00-00;NOTIFICATION;0;da1a1500-d532-4285-be94-b07a3e11a098;da1a1502-d532-4285-be94-b07a3e11a098;18;;
268495;1788058165417;1505;BikePerformance / Fahrleistung;18;91;7;00-00-00-00-FF-FF-00-77-FF-FF-FF-FF-FF-00-00-00-00-00;NOTIFICATION;0;da1a1500-d532-4285-be94-b07a3e11a098;da1a1505-d532-4285-be94-b07a3e11a098;18;;
268632;1788058165554;1506;Trip / Kilometer & Betriebszähler;16;91;7;00-00-1E-82-00-02-67-13-00-00-03-00-FF-00-00-00;NOTIFICATION;0;da1a1500-d532-4285-be94-b07a3e11a098;da1a1506-d532-4285-be94-b07a3e11a098;18;;
269108;1788058166030;1508;Settings / Licht & Fahrstufe;17;91;–;01-00-00-02-FF-FF-FF-FF-FF-FF-FF-00-00-00-00-00-00;NOTIFICATION;0;da1a1500-d532-4285-be94-b07a3e11a098;da1a1508-d532-4285-be94-b07a3e11a098;18;;
269264;1788058166186;1509;BatteryChange / Akku-Livestand;11;91;5,6;00-00-FF-FF-00-A2-1C-00-00-00-00;NOTIFICATION;0;da1a1500-d532-4285-be94-b07a3e11a098;da1a1509-d532-4285-be94-b07a3e11a098;18;;
269516;1788058166438;150A;MotorUpdate / Motor-Livestand;10;91;–;00-00-FF-FF-FF-FF-FF-FF-FF-FF;NOTIFICATION;0;da1a1500-d532-4285-be94-b07a3e11a098;da1a150a-d532-4285-be94-b07a3e11a098;18;;
269683;1788058166605;150B;Motor-/Controllerblock;20;91;–;FF-FF-FF-FF-FF-FF-FF-FF-FF-FF-FF-FF-FF-FF-FF-FF-FF-FF-FF-FF;NOTIFICATION;0;da1a1500-d532-4285-be94-b07a3e11a098;da1a150b-d532-4285-be94-b07a3e11a098;18;;
269918;1788058166840;150D;Fahrstatistik Max/Ø;20;91;–;00-DA-00-5C-FF-FF-FF-FF-47-18-FF-FF-FF-FF-FF-FF-FF-FF-00-00;NOTIFICATION;0;da1a1500-d532-4285-be94-b07a3e11a098;da1a150d-d532-4285-be94-b07a3e11a098;18;;
270995;1788058167917;1502;Akkuinformationen;16;92;–;47-18-FF-FF-FF-FF-47-18-FF-FF-FF-FF-FF-FF-00-00;NOTIFICATION;0;da1a1500-d532-4285-be94-b07a3e11a098;da1a1502-d532-4285-be94-b07a3e11a098;18;;
271400;1788058168322;1505;BikePerformance / Fahrleistung;18;92;7;00-00-00-00-FF-FF-00-80-FF-FF-FF-FF-FF-00-00-00-00-00;NOTIFICATION;0;da1a1500-d532-4285-be94-b07a3e11a098;da1a1505-d532-4285-be94-b07a3e11a098;18;;
271554;1788058168476;1506;Trip / Kilometer & Betriebszähler;16;92;7;00-00-1E-82-00-02-67-16-00-00-03-00-FF-00-00-00;NOTIFICATION;0;da1a1500-d532-4285-be94-b07a3e11a098;da1a1506-d532-4285-be94-b07a3e11a098;18;;
272035;1788058168957;1508;Settings / Licht & Fahrstufe;17;92;–;01-00-00-02-FF-FF-FF-FF-FF-FF-FF-00-00-00-00-00-00;NOTIFICATION;0;da1a1500-d532-4285-be94-b07a3e11a098;da1a1508-d532-4285-be94-b07a3e11a098;18;;
272183;1788058169105;1509;BatteryChange / Akku-Livestand;11;92;–;00-00-FF-FF-00-A2-1C-00-00-00-00;NOTIFICATION;0;da1a1500-d532-4285-be94-b07a3e11a098;da1a1509-d532-4285-be94-b07a3e11a098;18;;
272430;1788058169352;150A;MotorUpdate / Motor-Livestand;10;92;–;00-00-FF-FF-FF-FF-FF-FF-FF-FF;NOTIFICATION;0;da1a1500-d532-4285-be94-b07a3e11a098;da1a150a-d532-4285-be94-b07a3e11a098;18;;
272603;1788058169525;150B;Motor-/Controllerblock;20;92;–;FF-FF-FF-FF-FF-FF-FF-FF-FF-FF-FF-FF-FF-FF-FF-FF-FF-FF-FF-FF;NOTIFICATION;0;da1a1500-d532-4285-be94-b07a3e11a098;da1a150b-d532-4285-be94-b07a3e11a098;18;;
272842;1788058169764;150D;Fahrstatistik Max/Ø;20;92;–;00-DA-00-5C-FF-FF-FF-FF-47-18-FF-FF-FF-FF-FF-FF-FF-FF-00-00;NOTIFICATION;0;da1a1500-d532-4285-be94-b07a3e11a098;da1a150d-d532-4285-be94-b07a3e11a098;18;;
273907;1788058170829;1502;Akkuinformationen;16;93;–;47-18-FF-FF-FF-FF-47-18-FF-FF-FF-FF-FF-FF-00-00;NOTIFICATION;0;da1a1500-d532-4285-be94-b07a3e11a098;da1a1502-d532-4285-be94-b07a3e11a098;18;;
274320;1788058171242;1505;BikePerformance / Fahrleistung;18;93;–;00-00-00-00-FF-FF-00-80-FF-FF-FF-FF-FF-00-00-00-00-00;NOTIFICATION;0;da1a1500-d532-4285-be94-b07a3e11a098;da1a1505-d532-4285-be94-b07a3e11a098;18;;
274475;1788058171397;1506;Trip / Kilometer & Betriebszähler;16;93;7;00-00-1E-82-00-02-67-19-00-00-03-00-FF-00-00-00;NOTIFICATION;0;da1a1500-d532-4285-be94-b07a3e11a098;da1a1506-d532-4285-be94-b07a3e11a098;18;;
274944;1788058171866;1508;Settings / Licht & Fahrstufe;17;93;–;01-00-00-02-FF-FF-FF-FF-FF-FF-FF-00-00-00-00-00-00;NOTIFICATION;0;da1a1500-d532-4285-be94-b07a3e11a098;da1a1508-d532-4285-be94-b07a3e11a098;18;;
275103;1788058172025;1509;BatteryChange / Akku-Livestand;11;93;–;00-00-FF-FF-00-A2-1C-00-00-00-00;NOTIFICATION;0;da1a1500-d532-4285-be94-b07a3e11a098;da1a1509-d532-4285-be94-b07a3e11a098;18;;
275354;1788058172276;150A;MotorUpdate / Motor-Livestand;10;93;–;00-00-FF-FF-FF-FF-FF-FF-FF-FF;NOTIFICATION;0;da1a1500-d532-4285-be94-b07a3e11a098;da1a150a-d532-4285-be94-b07a3e11a098;18;;
275524;1788058172446;150B;Motor-/Controllerblock;20;93;–;FF-FF-FF-FF-FF-FF-FF-FF-FF-FF-FF-FF-FF-FF-FF-FF-FF-FF-FF-FF;NOTIFICATION;0;da1a1500-d532-4285-be94-b07a3e11a098;da1a150b-d532-4285-be94-b07a3e11a098;18;;
275756;1788058172678;150D;Fahrstatistik Max/Ø;20;93;–;00-DA-00-5C-FF-FF-FF-FF-47-18-FF-FF-FF-FF-FF-FF-FF-FF-00-00;NOTIFICATION;0;da1a1500-d532-4285-be94-b07a3e11a098;da1a150d-d532-4285-be94-b07a3e11a098;18;;
276849;1788058173771;1502;Akkuinformationen;16;94;–;47-18-FF-FF-FF-FF-47-18-FF-FF-FF-FF-FF-FF-00-00;NOTIFICATION;0;da1a1500-d532-4285-be94-b07a3e11a098;da1a1502-d532-4285-be94-b07a3e11a098;18;;
277188;1788058174110;1505;BikePerformance / Fahrleistung;18;94;7;00-00-00-00-FF-FF-00-82-FF-FF-FF-FF-FF-00-00-00-00-00;NOTIFICATION;0;da1a1500-d532-4285-be94-b07a3e11a098;da1a1505-d532-4285-be94-b07a3e11a098;18;;
277393;1788058174315;1506;Trip / Kilometer & Betriebszähler;16;94;7;00-00-1E-82-00-02-67-1C-00-00-03-00-FF-00-00-00;NOTIFICATION;0;da1a1500-d532-4285-be94-b07a3e11a098;da1a1506-d532-4285-be94-b07a3e11a098;18;;
277816;1788058174738;1508;Settings / Licht & Fahrstufe;17;94;–;01-00-00-02-FF-FF-FF-FF-FF-FF-FF-00-00-00-00-00-00;NOTIFICATION;0;da1a1500-d532-4285-be94-b07a3e11a098;da1a1508-d532-4285-be94-b07a3e11a098;18;;
278026;1788058174948;1509;BatteryChange / Akku-Livestand;11;94;5,6;00-00-FF-FF-00-A1-54-00-00-00-00;NOTIFICATION;0;da1a1500-d532-4285-be94-b07a3e11a098;da1a1509-d532-4285-be94-b07a3e11a098;18;;
278235;1788058175157;150A;MotorUpdate / Motor-Livestand;10;94;–;00-00-FF-FF-FF-FF-FF-FF-FF-FF;NOTIFICATION;0;da1a1500-d532-4285-be94-b07a3e11a098;da1a150a-d532-4285-be94-b07a3e11a098;18;;
278443;1788058175365;150B;Motor-/Controllerblock;20;94;–;FF-FF-FF-FF-FF-FF-FF-FF-FF-FF-FF-FF-FF-FF-FF-FF-FF-FF-FF-FF;NOTIFICATION;0;da1a1500-d532-4285-be94-b07a3e11a098;da1a150b-d532-4285-be94-b07a3e11a098;18;;
278655;1788058175577;150D;Fahrstatistik Max/Ø;20;94;–;00-DA-00-5C-FF-FF-FF-FF-47-18-FF-FF-FF-FF-FF-FF-FF-FF-00-00;NOTIFICATION;0;da1a1500-d532-4285-be94-b07a3e11a098;da1a150d-d532-4285-be94-b07a3e11a098;18;;
279746;1788058176668;1502;Akkuinformationen;16;95;–;47-18-FF-FF-FF-FF-47-18-FF-FF-FF-FF-FF-FF-00-00;NOTIFICATION;0;da1a1500-d532-4285-be94-b07a3e11a098;da1a1502-d532-4285-be94-b07a3e11a098;18;;
280184;1788058177106;1505;BikePerformance / Fahrleistung;18;95;7;00-00-00-00-FF-FF-00-84-FF-FF-FF-FF-FF-00-00-00-00-00;NOTIFICATION;0;da1a1500-d532-4285-be94-b07a3e11a098;da1a1505-d532-4285-be94-b07a3e11a098;18;;
280312;1788058177234;1506;Trip / Kilometer & Betriebszähler;16;95;7;00-00-1E-82-00-02-67-1F-00-00-03-00-FF-00-00-00;NOTIFICATION;0;da1a1500-d532-4285-be94-b07a3e11a098;da1a1506-d532-4285-be94-b07a3e11a098;18;;
280789;1788058177711;1508;Settings / Licht & Fahrstufe;17;95;–;01-00-00-02-FF-FF-FF-FF-FF-FF-FF-00-00-00-00-00-00;NOTIFICATION;0;da1a1500-d532-4285-be94-b07a3e11a098;da1a1508-d532-4285-be94-b07a3e11a098;18;;
280941;1788058177863;1509;BatteryChange / Akku-Livestand;11;95;5,6;00-00-FF-FF-00-A2-1C-00-00-00-00;NOTIFICATION;0;da1a1500-d532-4285-be94-b07a3e11a098;da1a1509-d532-4285-be94-b07a3e11a098;18;;
281154;1788058178076;150A;MotorUpdate / Motor-Livestand;10;95;–;00-00-FF-FF-FF-FF-FF-FF-FF-FF;NOTIFICATION;0;da1a1500-d532-4285-be94-b07a3e11a098;da1a150a-d532-4285-be94-b07a3e11a098;18;;
281366;1788058178288;150B;Motor-/Controllerblock;20;95;–;FF-FF-FF-FF-FF-FF-FF-FF-FF-FF-FF-FF-FF-FF-FF-FF-FF-FF-FF-FF;NOTIFICATION;0;da1a1500-d532-4285-be94-b07a3e11a098;da1a150b-d532-4285-be94-b07a3e11a098;18;;
281573;1788058178495;150D;Fahrstatistik Max/Ø;20;95;–;00-DA-00-5C-FF-FF-FF-FF-47-18-FF-FF-FF-FF-FF-FF-FF-FF-00-00;NOTIFICATION;0;da1a1500-d532-4285-be94-b07a3e11a098;da1a150d-d532-4285-be94-b07a3e11a098;18;;
282691;1788058179613;1502;Akkuinformationen;16;96;–;47-18-FF-FF-FF-FF-47-18-FF-FF-FF-FF-FF-FF-00-00;NOTIFICATION;0;da1a1500-d532-4285-be94-b07a3e11a098;da1a1502-d532-4285-be94-b07a3e11a098;18;;
283126;1788058180048;1505;BikePerformance / Fahrleistung;18;96;7;00-00-00-00-FF-FF-00-83-FF-FF-FF-FF-FF-00-00-00-00-00;NOTIFICATION;0;da1a1500-d532-4285-be94-b07a3e11a098;da1a1505-d532-4285-be94-b07a3e11a098;18;;
283230;1788058180152;1506;Trip / Kilometer & Betriebszähler;16;96;7;00-00-1E-82-00-02-67-22-00-00-03-00-FF-00-00-00;NOTIFICATION;0;da1a1500-d532-4285-be94-b07a3e11a098;da1a1506-d532-4285-be94-b07a3e11a098;18;;
283712;1788058180634;1508;Settings / Licht & Fahrstufe;17;96;–;01-00-00-02-FF-FF-FF-FF-FF-FF-FF-00-00-00-00-00-00;NOTIFICATION;0;da1a1500-d532-4285-be94-b07a3e11a098;da1a1508-d532-4285-be94-b07a3e11a098;18;;
283863;1788058180785;1509;BatteryChange / Akku-Livestand;11;96;–;00-00-FF-FF-00-A2-1C-00-00-00-00;NOTIFICATION;0;da1a1500-d532-4285-be94-b07a3e11a098;da1a1509-d532-4285-be94-b07a3e11a098;18;;
284109;1788058181031;150A;MotorUpdate / Motor-Livestand;10;96;–;00-00-FF-FF-FF-FF-FF-FF-FF-FF;NOTIFICATION;0;da1a1500-d532-4285-be94-b07a3e11a098;da1a150a-d532-4285-be94-b07a3e11a098;18;;
284283;1788058181205;150B;Motor-/Controllerblock;20;96;–;FF-FF-FF-FF-FF-FF-FF-FF-FF-FF-FF-FF-FF-FF-FF-FF-FF-FF-FF-FF;NOTIFICATION;0;da1a1500-d532-4285-be94-b07a3e11a098;da1a150b-d532-4285-be94-b07a3e11a098;18;;
284528;1788058181450;150D;Fahrstatistik Max/Ø;20;96;–;00-DA-00-5C-FF-FF-FF-FF-47-18-FF-FF-FF-FF-FF-FF-FF-FF-00-00;NOTIFICATION;0;da1a1500-d532-4285-be94-b07a3e11a098;da1a150d-d532-4285-be94-b07a3e11a098;18;;
285595;1788058182517;1502;Akkuinformationen;16;97;–;47-18-FF-FF-FF-FF-47-18-FF-FF-FF-FF-FF-FF-00-00;NOTIFICATION;0;da1a1500-d532-4285-be94-b07a3e11a098;da1a1502-d532-4285-be94-b07a3e11a098;18;;
286008;1788058182930;1505;BikePerformance / Fahrleistung;18;97;7;00-00-00-00-FF-FF-00-86-FF-FF-FF-FF-FF-00-00-00-00-00;NOTIFICATION;0;da1a1500-d532-4285-be94-b07a3e11a098;da1a1505-d532-4285-be94-b07a3e11a098;18;;
286164;1788058183086;1506;Trip / Kilometer & Betriebszähler;16;97;7;00-00-1E-82-00-02-67-25-00-00-03-00-FF-00-00-00;NOTIFICATION;0;da1a1500-d532-4285-be94-b07a3e11a098;da1a1506-d532-4285-be94-b07a3e11a098;18;;
286637;1788058183559;1508;Settings / Licht & Fahrstufe;17;97;–;01-00-00-02-FF-FF-FF-FF-FF-FF-FF-00-00-00-00-00-00;NOTIFICATION;0;da1a1500-d532-4285-be94-b07a3e11a098;da1a1508-d532-4285-be94-b07a3e11a098;18;;
286785;1788058183707;1509;BatteryChange / Akku-Livestand;11;97;5,6;00-00-FF-FF-00-A1-54-00-00-00-00;NOTIFICATION;0;da1a1500-d532-4285-be94-b07a3e11a098;da1a1509-d532-4285-be94-b07a3e11a098;18;;
287026;1788058183948;150A;MotorUpdate / Motor-Livestand;10;97;–;00-00-FF-FF-FF-FF-FF-FF-FF-FF;NOTIFICATION;0;da1a1500-d532-4285-be94-b07a3e11a098;da1a150a-d532-4285-be94-b07a3e11a098;18;;
287203;1788058184125;150B;Motor-/Controllerblock;20;97;–;FF-FF-FF-FF-FF-FF-FF-FF-FF-FF-FF-FF-FF-FF-FF-FF-FF-FF-FF-FF;NOTIFICATION;0;da1a1500-d532-4285-be94-b07a3e11a098;da1a150b-d532-4285-be94-b07a3e11a098;18;;
287445;1788058184367;150D;Fahrstatistik Max/Ø;20;97;–;00-DA-00-5C-FF-FF-FF-FF-47-18-FF-FF-FF-FF-FF-FF-FF-FF-00-00;NOTIFICATION;0;da1a1500-d532-4285-be94-b07a3e11a098;da1a150d-d532-4285-be94-b07a3e11a098;18;;
288512;1788058185434;1502;Akkuinformationen;16;98;–;47-18-FF-FF-FF-FF-47-18-FF-FF-FF-FF-FF-FF-00-00;NOTIFICATION;0;da1a1500-d532-4285-be94-b07a3e11a098;da1a1502-d532-4285-be94-b07a3e11a098;18;;
288929;1788058185851;1505;BikePerformance / Fahrleistung;18;98;7;00-00-00-00-FF-FF-00-8D-FF-FF-FF-FF-FF-00-00-00-00-00;NOTIFICATION;0;da1a1500-d532-4285-be94-b07a3e11a098;da1a1505-d532-4285-be94-b07a3e11a098;18;;
289081;1788058186003;1506;Trip / Kilometer & Betriebszähler;16;98;7;00-00-1E-82-00-02-67-28-00-00-03-00-FF-00-00-00;NOTIFICATION;0;da1a1500-d532-4285-be94-b07a3e11a098;da1a1506-d532-4285-be94-b07a3e11a098;18;;
289551;1788058186473;1508;Settings / Licht & Fahrstufe;17;98;–;01-00-00-02-FF-FF-FF-FF-FF-FF-FF-00-00-00-00-00-00;NOTIFICATION;0;da1a1500-d532-4285-be94-b07a3e11a098;da1a1508-d532-4285-be94-b07a3e11a098;18;;
289698;1788058186620;1509;BatteryChange / Akku-Livestand;11;98;–;00-00-FF-FF-00-A1-54-00-00-00-00;NOTIFICATION;0;da1a1500-d532-4285-be94-b07a3e11a098;da1a1509-d532-4285-be94-b07a3e11a098;18;;
289911;1788058186833;150A;MotorUpdate / Motor-Livestand;10;98;–;00-00-FF-FF-FF-FF-FF-FF-FF-FF;NOTIFICATION;0;da1a1500-d532-4285-be94-b07a3e11a098;da1a150a-d532-4285-be94-b07a3e11a098;18;;
290118;1788058187040;150B;Motor-/Controllerblock;20;98;–;FF-FF-FF-FF-FF-FF-FF-FF-FF-FF-FF-FF-FF-FF-FF-FF-FF-FF-FF-FF;NOTIFICATION;0;da1a1500-d532-4285-be94-b07a3e11a098;da1a150b-d532-4285-be94-b07a3e11a098;18;;
290332;1788058187254;150D;Fahrstatistik Max/Ø;20;98;–;00-DA-00-5C-FF-FF-FF-FF-47-18-FF-FF-FF-FF-FF-FF-FF-FF-00-00;NOTIFICATION;0;da1a1500-d532-4285-be94-b07a3e11a098;da1a150d-d532-4285-be94-b07a3e11a098;18;;
291436;1788058188358;1502;Akkuinformationen;16;99;–;47-18-FF-FF-FF-FF-47-18-FF-FF-FF-FF-FF-FF-00-00;NOTIFICATION;0;da1a1500-d532-4285-be94-b07a3e11a098;da1a1502-d532-4285-be94-b07a3e11a098;18;;
291849;1788058188771;1505;BikePerformance / Fahrleistung;18;99;7;00-00-00-00-FF-FF-00-8E-FF-FF-FF-FF-FF-00-00-00-00-00;NOTIFICATION;0;da1a1500-d532-4285-be94-b07a3e11a098;da1a1505-d532-4285-be94-b07a3e11a098;18;;
292004;1788058188926;1506;Trip / Kilometer & Betriebszähler;16;99;3,7;00-00-1E-83-00-02-67-2A-00-00-03-00-FF-00-00-00;NOTIFICATION;0;da1a1500-d532-4285-be94-b07a3e11a098;da1a1506-d532-4285-be94-b07a3e11a098;18;;
292453;1788058189375;1508;Settings / Licht & Fahrstufe;17;99;–;01-00-00-02-FF-FF-FF-FF-FF-FF-FF-00-00-00-00-00-00;NOTIFICATION;0;da1a1500-d532-4285-be94-b07a3e11a098;da1a1508-d532-4285-be94-b07a3e11a098;18;;
292624;1788058189546;1509;BatteryChange / Akku-Livestand;11;99;–;00-00-FF-FF-00-A1-54-00-00-00-00;NOTIFICATION;0;da1a1500-d532-4285-be94-b07a3e11a098;da1a1509-d532-4285-be94-b07a3e11a098;18;;
292834;1788058189756;150A;MotorUpdate / Motor-Livestand;10;99;–;00-00-FF-FF-FF-FF-FF-FF-FF-FF;NOTIFICATION;0;da1a1500-d532-4285-be94-b07a3e11a098;da1a150a-d532-4285-be94-b07a3e11a098;18;;
293070;1788058189992;150B;Motor-/Controllerblock;20;99;–;FF-FF-FF-FF-FF-FF-FF-FF-FF-FF-FF-FF-FF-FF-FF-FF-FF-FF-FF-FF;NOTIFICATION;0;da1a1500-d532-4285-be94-b07a3e11a098;da1a150b-d532-4285-be94-b07a3e11a098;18;;
293255;1788058190177;150D;Fahrstatistik Max/Ø;20;99;3;00-DA-00-5D-FF-FF-FF-FF-47-18-FF-FF-FF-FF-FF-FF-FF-FF-00-00;NOTIFICATION;0;da1a1500-d532-4285-be94-b07a3e11a098;da1a150d-d532-4285-be94-b07a3e11a098;18;;
294348;1788058191270;1502;Akkuinformationen;16;100;–;47-18-FF-FF-FF-FF-47-18-FF-FF-FF-FF-FF-FF-00-00;NOTIFICATION;0;da1a1500-d532-4285-be94-b07a3e11a098;da1a1502-d532-4285-be94-b07a3e11a098;18;;
294774;1788058191696;1505;BikePerformance / Fahrleistung;18;100;7;00-00-00-00-FF-FF-00-8F-FF-FF-FF-FF-FF-00-00-00-00-00;NOTIFICATION;0;da1a1500-d532-4285-be94-b07a3e11a098;da1a1505-d532-4285-be94-b07a3e11a098;18;;
294927;1788058191849;1506;Trip / Kilometer & Betriebszähler;16;100;7;00-00-1E-83-00-02-67-2D-00-00-03-00-FF-00-00-00;NOTIFICATION;0;da1a1500-d532-4285-be94-b07a3e11a098;da1a1506-d532-4285-be94-b07a3e11a098;18;;
295394;1788058192316;1508;Settings / Licht & Fahrstufe;17;100;–;01-00-00-02-FF-FF-FF-FF-FF-FF-FF-00-00-00-00-00-00;NOTIFICATION;0;da1a1500-d532-4285-be94-b07a3e11a098;da1a1508-d532-4285-be94-b07a3e11a098;18;;
295543;1788058192465;1509;BatteryChange / Akku-Livestand;11;100;5,6;00-00-FF-FF-00-A2-1C-00-00-00-00;NOTIFICATION;0;da1a1500-d532-4285-be94-b07a3e11a098;da1a1509-d532-4285-be94-b07a3e11a098;18;;
295788;1788058192710;150A;MotorUpdate / Motor-Livestand;10;100;–;00-00-FF-FF-FF-FF-FF-FF-FF-FF;NOTIFICATION;0;da1a1500-d532-4285-be94-b07a3e11a098;da1a150a-d532-4285-be94-b07a3e11a098;18;;
295962;1788058192884;150B;Motor-/Controllerblock;20;100;–;FF-FF-FF-FF-FF-FF-FF-FF-FF-FF-FF-FF-FF-FF-FF-FF-FF-FF-FF-FF;NOTIFICATION;0;da1a1500-d532-4285-be94-b07a3e11a098;da1a150b-d532-4285-be94-b07a3e11a098;18;;
296168;1788058193090;150D;Fahrstatistik Max/Ø;20;100;–;00-DA-00-5D-FF-FF-FF-FF-47-18-FF-FF-FF-FF-FF-FF-FF-FF-00-00;NOTIFICATION;0;da1a1500-d532-4285-be94-b07a3e11a098;da1a150d-d532-4285-be94-b07a3e11a098;18;;
297214;1788058194136;1502;Akkuinformationen;16;101;–;47-18-FF-FF-FF-FF-47-18-FF-FF-FF-FF-FF-FF-00-00;NOTIFICATION;0;da1a1500-d532-4285-be94-b07a3e11a098;da1a1502-d532-4285-be94-b07a3e11a098;18;;
297632;1788058194554;1505;BikePerformance / Fahrleistung;18;101;7;00-00-00-00-FF-FF-00-92-FF-FF-FF-FF-FF-00-00-00-00-00;NOTIFICATION;0;da1a1500-d532-4285-be94-b07a3e11a098;da1a1505-d532-4285-be94-b07a3e11a098;18;;
297841;1788058194763;1506;Trip / Kilometer & Betriebszähler;16;101;7;00-00-1E-83-00-02-67-30-00-00-03-00-FF-00-00-00;NOTIFICATION;0;da1a1500-d532-4285-be94-b07a3e11a098;da1a1506-d532-4285-be94-b07a3e11a098;18;;
298324;1788058195246;1508;Settings / Licht & Fahrstufe;17;101;–;01-00-00-02-FF-FF-FF-FF-FF-FF-FF-00-00-00-00-00-00;NOTIFICATION;0;da1a1500-d532-4285-be94-b07a3e11a098;da1a1508-d532-4285-be94-b07a3e11a098;18;;
298463;1788058195385;1509;BatteryChange / Akku-Livestand;11;101;–;00-00-FF-FF-00-A2-1C-00-00-00-00;NOTIFICATION;0;da1a1500-d532-4285-be94-b07a3e11a098;da1a1509-d532-4285-be94-b07a3e11a098;18;;
298677;1788058195599;150A;MotorUpdate / Motor-Livestand;10;101;–;00-00-FF-FF-FF-FF-FF-FF-FF-FF;NOTIFICATION;0;da1a1500-d532-4285-be94-b07a3e11a098;da1a150a-d532-4285-be94-b07a3e11a098;18;;
298885;1788058195807;150B;Motor-/Controllerblock;20;101;–;FF-FF-FF-FF-FF-FF-FF-FF-FF-FF-FF-FF-FF-FF-FF-FF-FF-FF-FF-FF;NOTIFICATION;0;da1a1500-d532-4285-be94-b07a3e11a098;da1a150b-d532-4285-be94-b07a3e11a098;18;;
299094;1788058196016;150D;Fahrstatistik Max/Ø;20;101;–;00-DA-00-5D-FF-FF-FF-FF-47-18-FF-FF-FF-FF-FF-FF-FF-FF-00-00;NOTIFICATION;0;da1a1500-d532-4285-be94-b07a3e11a098;da1a150d-d532-4285-be94-b07a3e11a098;18;;
300134;1788058197056;1502;Akkuinformationen;16;102;–;47-18-FF-FF-FF-FF-47-18-FF-FF-FF-FF-FF-FF-00-00;NOTIFICATION;0;da1a1500-d532-4285-be94-b07a3e11a098;da1a1502-d532-4285-be94-b07a3e11a098;18;;
300552;1788058197474;1505;BikePerformance / Fahrleistung;18;102;7;00-00-00-00-FF-FF-00-93-FF-FF-FF-FF-FF-00-00-00-00-00;NOTIFICATION;0;da1a1500-d532-4285-be94-b07a3e11a098;da1a1505-d532-4285-be94-b07a3e11a098;18;;
300763;1788058197685;1506;Trip / Kilometer & Betriebszähler;16;102;7;00-00-1E-83-00-02-67-33-00-00-03-00-FF-00-00-00;NOTIFICATION;0;da1a1500-d532-4285-be94-b07a3e11a098;da1a1506-d532-4285-be94-b07a3e11a098;18;;
301172;1788058198094;1508;Settings / Licht & Fahrstufe;17;102;–;01-00-00-02-FF-FF-FF-FF-FF-FF-FF-00-00-00-00-00-00;NOTIFICATION;0;da1a1500-d532-4285-be94-b07a3e11a098;da1a1508-d532-4285-be94-b07a3e11a098;18;;
301381;1788058198303;1509;BatteryChange / Akku-Livestand;11;102;5,6;00-00-FF-FF-00-A1-54-00-00-00-00;NOTIFICATION;0;da1a1500-d532-4285-be94-b07a3e11a098;da1a1509-d532-4285-be94-b07a3e11a098;18;;
301592;1788058198514;150A;MotorUpdate / Motor-Livestand;10;102;–;00-00-FF-FF-FF-FF-FF-FF-FF-FF;NOTIFICATION;0;da1a1500-d532-4285-be94-b07a3e11a098;da1a150a-d532-4285-be94-b07a3e11a098;18;;
301803;1788058198725;150B;Motor-/Controllerblock;20;102;–;FF-FF-FF-FF-FF-FF-FF-FF-FF-FF-FF-FF-FF-FF-FF-FF-FF-FF-FF-FF;NOTIFICATION;0;da1a1500-d532-4285-be94-b07a3e11a098;da1a150b-d532-4285-be94-b07a3e11a098;18;;
302011;1788058198933;150D;Fahrstatistik Max/Ø;20;102;–;00-DA-00-5D-FF-FF-FF-FF-47-18-FF-FF-FF-FF-FF-FF-FF-FF-00-00;NOTIFICATION;0;da1a1500-d532-4285-be94-b07a3e11a098;da1a150d-d532-4285-be94-b07a3e11a098;18;;
303055;1788058199977;1502;Akkuinformationen;16;103;–;47-18-FF-FF-FF-FF-47-18-FF-FF-FF-FF-FF-FF-00-00;NOTIFICATION;0;da1a1500-d532-4285-be94-b07a3e11a098;da1a1502-d532-4285-be94-b07a3e11a098;18;;
303472;1788058200394;1505;BikePerformance / Fahrleistung;18;103;7;00-00-00-00-FF-FF-00-91-FF-FF-FF-FF-FF-00-00-00-00-00;NOTIFICATION;0;da1a1500-d532-4285-be94-b07a3e11a098;da1a1505-d532-4285-be94-b07a3e11a098;18;;
303683;1788058200605;1506;Trip / Kilometer & Betriebszähler;16;103;7;00-00-1E-83-00-02-67-36-00-00-03-00-FF-00-00-00;NOTIFICATION;0;da1a1500-d532-4285-be94-b07a3e11a098;da1a1506-d532-4285-be94-b07a3e11a098;18;;
304100;1788058201022;1508;Settings / Licht & Fahrstufe;17;103;–;01-00-00-02-FF-FF-FF-FF-FF-FF-FF-00-00-00-00-00-00;NOTIFICATION;0;da1a1500-d532-4285-be94-b07a3e11a098;da1a1508-d532-4285-be94-b07a3e11a098;18;;
304303;1788058201225;1509;BatteryChange / Akku-Livestand;11;103;5,6;00-00-FF-FF-00-A2-1C-00-00-00-00;NOTIFICATION;0;da1a1500-d532-4285-be94-b07a3e11a098;da1a1509-d532-4285-be94-b07a3e11a098;18;;
304513;1788058201435;150A;MotorUpdate / Motor-Livestand;10;103;–;00-00-FF-FF-FF-FF-FF-FF-FF-FF;NOTIFICATION;0;da1a1500-d532-4285-be94-b07a3e11a098;da1a150a-d532-4285-be94-b07a3e11a098;18;;
304726;1788058201648;150B;Motor-/Controllerblock;20;103;–;FF-FF-FF-FF-FF-FF-FF-FF-FF-FF-FF-FF-FF-FF-FF-FF-FF-FF-FF-FF;NOTIFICATION;0;da1a1500-d532-4285-be94-b07a3e11a098;da1a150b-d532-4285-be94-b07a3e11a098;18;;
304937;1788058201859;150D;Fahrstatistik Max/Ø;20;103;–;00-DA-00-5D-FF-FF-FF-FF-47-18-FF-FF-FF-FF-FF-FF-FF-FF-00-00;NOTIFICATION;0;da1a1500-d532-4285-be94-b07a3e11a098;da1a150d-d532-4285-be94-b07a3e11a098;18;;
305975;1788058202897;1502;Akkuinformationen;16;104;–;47-18-FF-FF-FF-FF-47-18-FF-FF-FF-FF-FF-FF-00-00;NOTIFICATION;0;da1a1500-d532-4285-be94-b07a3e11a098;da1a1502-d532-4285-be94-b07a3e11a098;18;;
306396;1788058203318;1505;BikePerformance / Fahrleistung;18;104;–;00-00-00-00-FF-FF-00-91-FF-FF-FF-FF-FF-00-00-00-00-00;NOTIFICATION;0;da1a1500-d532-4285-be94-b07a3e11a098;da1a1505-d532-4285-be94-b07a3e11a098;18;;
306603;1788058203525;1506;Trip / Kilometer & Betriebszähler;16;104;7;00-00-1E-83-00-02-67-39-00-00-03-00-FF-00-00-00;NOTIFICATION;0;da1a1500-d532-4285-be94-b07a3e11a098;da1a1506-d532-4285-be94-b07a3e11a098;18;;
307024;1788058203946;1508;Settings / Licht & Fahrstufe;17;104;–;01-00-00-02-FF-FF-FF-FF-FF-FF-FF-00-00-00-00-00-00;NOTIFICATION;0;da1a1500-d532-4285-be94-b07a3e11a098;da1a1508-d532-4285-be94-b07a3e11a098;18;;
307227;1788058204149;1509;BatteryChange / Akku-Livestand;11;104;–;00-00-FF-FF-00-A2-1C-00-00-00-00;NOTIFICATION;0;da1a1500-d532-4285-be94-b07a3e11a098;da1a1509-d532-4285-be94-b07a3e11a098;18;;
307464;1788058204386;150A;MotorUpdate / Motor-Livestand;10;104;–;00-00-FF-FF-FF-FF-FF-FF-FF-FF;NOTIFICATION;0;da1a1500-d532-4285-be94-b07a3e11a098;da1a150a-d532-4285-be94-b07a3e11a098;18;;
307644;1788058204566;150B;Motor-/Controllerblock;20;104;–;FF-FF-FF-FF-FF-FF-FF-FF-FF-FF-FF-FF-FF-FF-FF-FF-FF-FF-FF-FF;NOTIFICATION;0;da1a1500-d532-4285-be94-b07a3e11a098;da1a150b-d532-4285-be94-b07a3e11a098;18;;
307854;1788058204776;150D;Fahrstatistik Max/Ø;20;104;–;00-DA-00-5D-FF-FF-FF-FF-47-18-FF-FF-FF-FF-FF-FF-FF-FF-00-00;NOTIFICATION;0;da1a1500-d532-4285-be94-b07a3e11a098;da1a150d-d532-4285-be94-b07a3e11a098;18;;
308895;1788058205817;1502;Akkuinformationen;16;105;–;47-18-FF-FF-FF-FF-47-18-FF-FF-FF-FF-FF-FF-00-00;NOTIFICATION;0;da1a1500-d532-4285-be94-b07a3e11a098;da1a1502-d532-4285-be94-b07a3e11a098;18;;
309313;1788058206235;1505;BikePerformance / Fahrleistung;18;105;7;00-00-00-00-FF-FF-00-95-FF-FF-FF-FF-FF-00-00-00-00-00;NOTIFICATION;0;da1a1500-d532-4285-be94-b07a3e11a098;da1a1505-d532-4285-be94-b07a3e11a098;18;;
309524;1788058206446;1506;Trip / Kilometer & Betriebszähler;16;105;7;00-00-1E-83-00-02-67-3C-00-00-03-00-FF-00-00-00;NOTIFICATION;0;da1a1500-d532-4285-be94-b07a3e11a098;da1a1506-d532-4285-be94-b07a3e11a098;18;;
309943;1788058206865;1508;Settings / Licht & Fahrstufe;17;105;–;01-00-00-02-FF-FF-FF-FF-FF-FF-FF-00-00-00-00-00-00;NOTIFICATION;0;da1a1500-d532-4285-be94-b07a3e11a098;da1a1508-d532-4285-be94-b07a3e11a098;18;;
310143;1788058207065;1509;BatteryChange / Akku-Livestand;11;105;5,6;00-00-FF-FF-00-A1-54-00-00-00-00;NOTIFICATION;0;da1a1500-d532-4285-be94-b07a3e11a098;da1a1509-d532-4285-be94-b07a3e11a098;18;;
310352;1788058207274;150A;MotorUpdate / Motor-Livestand;10;105;–;00-00-FF-FF-FF-FF-FF-FF-FF-FF;NOTIFICATION;0;da1a1500-d532-4285-be94-b07a3e11a098;da1a150a-d532-4285-be94-b07a3e11a098;18;;
310562;1788058207484;150B;Motor-/Controllerblock;20;105;–;FF-FF-FF-FF-FF-FF-FF-FF-FF-FF-FF-FF-FF-FF-FF-FF-FF-FF-FF-FF;NOTIFICATION;0;da1a1500-d532-4285-be94-b07a3e11a098;da1a150b-d532-4285-be94-b07a3e11a098;18;;
310773;1788058207695;150D;Fahrstatistik Max/Ø;20;105;–;00-DA-00-5D-FF-FF-FF-FF-47-18-FF-FF-FF-FF-FF-FF-FF-FF-00-00;NOTIFICATION;0;da1a1500-d532-4285-be94-b07a3e11a098;da1a150d-d532-4285-be94-b07a3e11a098;18;;
311814;1788058208736;1502;Akkuinformationen;16;106;–;47-18-FF-FF-FF-FF-47-18-FF-FF-FF-FF-FF-FF-00-00;NOTIFICATION;0;da1a1500-d532-4285-be94-b07a3e11a098;da1a1502-d532-4285-be94-b07a3e11a098;18;;
312234;1788058209156;1505;BikePerformance / Fahrleistung;18;106;7;00-00-00-00-FF-FF-00-96-FF-FF-FF-FF-FF-00-00-00-00-00;NOTIFICATION;0;da1a1500-d532-4285-be94-b07a3e11a098;da1a1505-d532-4285-be94-b07a3e11a098;18;;
312441;1788058209363;1506;Trip / Kilometer & Betriebszähler;16;106;7;00-00-1E-83-00-02-67-3F-00-00-03-00-FF-00-00-00;NOTIFICATION;0;da1a1500-d532-4285-be94-b07a3e11a098;da1a1506-d532-4285-be94-b07a3e11a098;18;;
312867;1788058209789;1508;Settings / Licht & Fahrstufe;17;106;–;01-00-00-02-FF-FF-FF-FF-FF-FF-FF-00-00-00-00-00-00;NOTIFICATION;0;da1a1500-d532-4285-be94-b07a3e11a098;da1a1508-d532-4285-be94-b07a3e11a098;18;;
313066;1788058209988;1509;BatteryChange / Akku-Livestand;11;106;–;00-00-FF-FF-00-A1-54-00-00-00-00;NOTIFICATION;0;da1a1500-d532-4285-be94-b07a3e11a098;da1a1509-d532-4285-be94-b07a3e11a098;18;;
313276;1788058210198;150A;MotorUpdate / Motor-Livestand;10;106;–;00-00-FF-FF-FF-FF-FF-FF-FF-FF;NOTIFICATION;0;da1a1500-d532-4285-be94-b07a3e11a098;da1a150a-d532-4285-be94-b07a3e11a098;18;;
313483;1788058210405;150B;Motor-/Controllerblock;20;106;–;FF-FF-FF-FF-FF-FF-FF-FF-FF-FF-FF-FF-FF-FF-FF-FF-FF-FF-FF-FF;NOTIFICATION;0;da1a1500-d532-4285-be94-b07a3e11a098;da1a150b-d532-4285-be94-b07a3e11a098;18;;
313696;1788058210618;150D;Fahrstatistik Max/Ø;20;106;–;00-DA-00-5D-FF-FF-FF-FF-47-18-FF-FF-FF-FF-FF-FF-FF-FF-00-00;NOTIFICATION;0;da1a1500-d532-4285-be94-b07a3e11a098;da1a150d-d532-4285-be94-b07a3e11a098;18;;
314817;1788058211739;1502;Akkuinformationen;16;107;–;47-18-FF-FF-FF-FF-47-18-FF-FF-FF-FF-FF-FF-00-00;NOTIFICATION;0;da1a1500-d532-4285-be94-b07a3e11a098;da1a1502-d532-4285-be94-b07a3e11a098;18;;
315213;1788058212135;1505;BikePerformance / Fahrleistung;18;107;7;00-00-00-00-FF-FF-00-9B-FF-FF-FF-FF-FF-00-00-00-00-00;NOTIFICATION;0;da1a1500-d532-4285-be94-b07a3e11a098;da1a1505-d532-4285-be94-b07a3e11a098;18;;
315365;1788058212287;1506;Trip / Kilometer & Betriebszähler;16;107;3,7;00-00-1E-84-00-02-67-42-00-00-03-00-FF-00-00-00;NOTIFICATION;0;da1a1500-d532-4285-be94-b07a3e11a098;da1a1506-d532-4285-be94-b07a3e11a098;18;;
315784;1788058212706;1508;Settings / Licht & Fahrstufe;17;107;–;01-00-00-02-FF-FF-FF-FF-FF-FF-FF-00-00-00-00-00-00;NOTIFICATION;0;da1a1500-d532-4285-be94-b07a3e11a098;da1a1508-d532-4285-be94-b07a3e11a098;18;;
315993;1788058212915;1509;BatteryChange / Akku-Livestand;11;107;–;00-00-FF-FF-00-A1-54-00-00-00-00;NOTIFICATION;0;da1a1500-d532-4285-be94-b07a3e11a098;da1a1509-d532-4285-be94-b07a3e11a098;18;;
316195;1788058213117;150A;MotorUpdate / Motor-Livestand;10;107;–;00-00-FF-FF-FF-FF-FF-FF-FF-FF;NOTIFICATION;0;da1a1500-d532-4285-be94-b07a3e11a098;da1a150a-d532-4285-be94-b07a3e11a098;18;;
316403;1788058213325;150B;Motor-/Controllerblock;20;107;–;FF-FF-FF-FF-FF-FF-FF-FF-FF-FF-FF-FF-FF-FF-FF-FF-FF-FF-FF-FF;NOTIFICATION;0;da1a1500-d532-4285-be94-b07a3e11a098;da1a150b-d532-4285-be94-b07a3e11a098;18;;
316615;1788058213537;150D;Fahrstatistik Max/Ø;20;107;3;00-DA-00-5E-FF-FF-FF-FF-47-18-FF-FF-FF-FF-FF-FF-FF-FF-00-00;NOTIFICATION;0;da1a1500-d532-4285-be94-b07a3e11a098;da1a150d-d532-4285-be94-b07a3e11a098;18;;
317654;1788058214576;1502;Akkuinformationen;16;108;–;47-18-FF-FF-FF-FF-47-18-FF-FF-FF-FF-FF-FF-00-00;NOTIFICATION;0;da1a1500-d532-4285-be94-b07a3e11a098;da1a1502-d532-4285-be94-b07a3e11a098;18;;
318074;1788058214996;1505;BikePerformance / Fahrleistung;18;108;7;00-00-00-00-FF-FF-00-95-FF-FF-FF-FF-FF-00-00-00-00-00;NOTIFICATION;0;da1a1500-d532-4285-be94-b07a3e11a098;da1a1505-d532-4285-be94-b07a3e11a098;18;;
318281;1788058215203;1506;Trip / Kilometer & Betriebszähler;16;108;7;00-00-1E-84-00-02-67-45-00-00-03-00-FF-00-00-00;NOTIFICATION;0;da1a1500-d532-4285-be94-b07a3e11a098;da1a1506-d532-4285-be94-b07a3e11a098;18;;
318702;1788058215624;1508;Settings / Licht & Fahrstufe;17;108;–;01-00-00-02-FF-FF-FF-FF-FF-FF-FF-00-00-00-00-00-00;NOTIFICATION;0;da1a1500-d532-4285-be94-b07a3e11a098;da1a1508-d532-4285-be94-b07a3e11a098;18;;
318912;1788058215834;1509;BatteryChange / Akku-Livestand;11;108;5,6;00-00-FF-FF-00-A2-1C-00-00-00-00;NOTIFICATION;0;da1a1500-d532-4285-be94-b07a3e11a098;da1a1509-d532-4285-be94-b07a3e11a098;18;;
319112;1788058216034;150A;MotorUpdate / Motor-Livestand;10;108;–;00-00-FF-FF-FF-FF-FF-FF-FF-FF;NOTIFICATION;0;da1a1500-d532-4285-be94-b07a3e11a098;da1a150a-d532-4285-be94-b07a3e11a098;18;;
319332;1788058216254;150B;Motor-/Controllerblock;20;108;–;FF-FF-FF-FF-FF-FF-FF-FF-FF-FF-FF-FF-FF-FF-FF-FF-FF-FF-FF-FF;NOTIFICATION;0;da1a1500-d532-4285-be94-b07a3e11a098;da1a150b-d532-4285-be94-b07a3e11a098;18;;
319533;1788058216455;150D;Fahrstatistik Max/Ø;20;108;–;00-DA-00-5E-FF-FF-FF-FF-47-18-FF-FF-FF-FF-FF-FF-FF-FF-00-00;NOTIFICATION;0;da1a1500-d532-4285-be94-b07a3e11a098;da1a150d-d532-4285-be94-b07a3e11a098;18;;
320583;1788058217505;1502;Akkuinformationen;16;109;–;47-18-FF-FF-FF-FF-47-18-FF-FF-FF-FF-FF-FF-00-00;NOTIFICATION;0;da1a1500-d532-4285-be94-b07a3e11a098;da1a1502-d532-4285-be94-b07a3e11a098;18;;
320990;1788058217912;1505;BikePerformance / Fahrleistung;18;109;7;00-00-00-00-FF-FF-00-9A-FF-FF-FF-FF-FF-00-00-00-00-00;NOTIFICATION;0;da1a1500-d532-4285-be94-b07a3e11a098;da1a1505-d532-4285-be94-b07a3e11a098;18;;
321203;1788058218125;1506;Trip / Kilometer & Betriebszähler;16;109;7;00-00-1E-84-00-02-67-48-00-00-03-00-FF-00-00-00;NOTIFICATION;0;da1a1500-d532-4285-be94-b07a3e11a098;da1a1506-d532-4285-be94-b07a3e11a098;18;;
321681;1788058218603;1508;Settings / Licht & Fahrstufe;17;109;–;01-00-00-02-FF-FF-FF-FF-FF-FF-FF-00-00-00-00-00-00;NOTIFICATION;0;da1a1500-d532-4285-be94-b07a3e11a098;da1a1508-d532-4285-be94-b07a3e11a098;18;;
321834;1788058218756;1509;BatteryChange / Akku-Livestand;11;109;5,6;00-00-FF-FF-00-A1-54-00-00-00-00;NOTIFICATION;0;da1a1500-d532-4285-be94-b07a3e11a098;da1a1509-d532-4285-be94-b07a3e11a098;18;;
322077;1788058218999;150A;MotorUpdate / Motor-Livestand;10;109;–;00-00-FF-FF-FF-FF-FF-FF-FF-FF;NOTIFICATION;0;da1a1500-d532-4285-be94-b07a3e11a098;da1a150a-d532-4285-be94-b07a3e11a098;18;;
322243;1788058219165;150B;Motor-/Controllerblock;20;109;–;FF-FF-FF-FF-FF-FF-FF-FF-FF-FF-FF-FF-FF-FF-FF-FF-FF-FF-FF-FF;NOTIFICATION;0;da1a1500-d532-4285-be94-b07a3e11a098;da1a150b-d532-4285-be94-b07a3e11a098;18;;
322482;1788058219404;150D;Fahrstatistik Max/Ø;20;109;–;00-DA-00-5E-FF-FF-FF-FF-47-18-FF-FF-FF-FF-FF-FF-FF-FF-00-00;NOTIFICATION;0;da1a1500-d532-4285-be94-b07a3e11a098;da1a150d-d532-4285-be94-b07a3e11a098;18;;
323498;1788058220420;1502;Akkuinformationen;16;110;–;47-18-FF-FF-FF-FF-47-18-FF-FF-FF-FF-FF-FF-00-00;NOTIFICATION;0;da1a1500-d532-4285-be94-b07a3e11a098;da1a1502-d532-4285-be94-b07a3e11a098;18;;
323918;1788058220840;1505;BikePerformance / Fahrleistung;18;110;–;00-00-00-00-FF-FF-00-9A-FF-FF-FF-FF-FF-00-00-00-00-00;NOTIFICATION;0;da1a1500-d532-4285-be94-b07a3e11a098;da1a1505-d532-4285-be94-b07a3e11a098;18;;
324128;1788058221050;1506;Trip / Kilometer & Betriebszähler;16;110;7;00-00-1E-84-00-02-67-4B-00-00-03-00-FF-00-00-00;NOTIFICATION;0;da1a1500-d532-4285-be94-b07a3e11a098;da1a1506-d532-4285-be94-b07a3e11a098;18;;
324600;1788058221522;1508;Settings / Licht & Fahrstufe;17;110;–;01-00-00-02-FF-FF-FF-FF-FF-FF-FF-00-00-00-00-00-00;NOTIFICATION;0;da1a1500-d532-4285-be94-b07a3e11a098;da1a1508-d532-4285-be94-b07a3e11a098;18;;
324755;1788058221677;1509;BatteryChange / Akku-Livestand;11;110;–;00-00-FF-FF-00-A1-54-00-00-00-00;NOTIFICATION;0;da1a1500-d532-4285-be94-b07a3e11a098;da1a1509-d532-4285-be94-b07a3e11a098;18;;
324963;1788058221885;150A;MotorUpdate / Motor-Livestand;10;110;–;00-00-FF-FF-FF-FF-FF-FF-FF-FF;NOTIFICATION;0;da1a1500-d532-4285-be94-b07a3e11a098;da1a150a-d532-4285-be94-b07a3e11a098;18;;
325185;1788058222107;150B;Motor-/Controllerblock;20;110;–;FF-FF-FF-FF-FF-FF-FF-FF-FF-FF-FF-FF-FF-FF-FF-FF-FF-FF-FF-FF;NOTIFICATION;0;da1a1500-d532-4285-be94-b07a3e11a098;da1a150b-d532-4285-be94-b07a3e11a098;18;;
325377;1788058222299;150D;Fahrstatistik Max/Ø;20;110;–;00-DA-00-5E-FF-FF-FF-FF-47-18-FF-FF-FF-FF-FF-FF-FF-FF-00-00;NOTIFICATION;0;da1a1500-d532-4285-be94-b07a3e11a098;da1a150d-d532-4285-be94-b07a3e11a098;18;;
326482;1788058223404;1502;Akkuinformationen;16;111;–;47-18-FF-FF-FF-FF-47-18-FF-FF-FF-FF-FF-FF-00-00;NOTIFICATION;0;da1a1500-d532-4285-be94-b07a3e11a098;da1a1502-d532-4285-be94-b07a3e11a098;18;;
326911;1788058223833;1505;BikePerformance / Fahrleistung;18;111;7;00-00-00-00-FF-FF-00-94-FF-FF-FF-FF-FF-00-00-00-00-00;NOTIFICATION;0;da1a1500-d532-4285-be94-b07a3e11a098;da1a1505-d532-4285-be94-b07a3e11a098;18;;
327043;1788058223965;1506;Trip / Kilometer & Betriebszähler;16;111;7;00-00-1E-84-00-02-67-4E-00-00-03-00-FF-00-00-00;NOTIFICATION;0;da1a1500-d532-4285-be94-b07a3e11a098;da1a1506-d532-4285-be94-b07a3e11a098;18;;
327520;1788058224442;1508;Settings / Licht & Fahrstufe;17;111;–;01-00-00-02-FF-FF-FF-FF-FF-FF-FF-00-00-00-00-00-00;NOTIFICATION;0;da1a1500-d532-4285-be94-b07a3e11a098;da1a1508-d532-4285-be94-b07a3e11a098;18;;
327673;1788058224595;1509;BatteryChange / Akku-Livestand;11;111;–;00-00-FF-FF-00-A1-54-00-00-00-00;NOTIFICATION;0;da1a1500-d532-4285-be94-b07a3e11a098;da1a1509-d532-4285-be94-b07a3e11a098;18;;
327891;1788058224813;150A;MotorUpdate / Motor-Livestand;10;111;–;00-00-FF-FF-FF-FF-FF-FF-FF-FF;NOTIFICATION;0;da1a1500-d532-4285-be94-b07a3e11a098;da1a150a-d532-4285-be94-b07a3e11a098;18;;
328096;1788058225018;150B;Motor-/Controllerblock;20;111;–;FF-FF-FF-FF-FF-FF-FF-FF-FF-FF-FF-FF-FF-FF-FF-FF-FF-FF-FF-FF;NOTIFICATION;0;da1a1500-d532-4285-be94-b07a3e11a098;da1a150b-d532-4285-be94-b07a3e11a098;18;;
328294;1788058225216;150D;Fahrstatistik Max/Ø;20;111;–;00-DA-00-5E-FF-FF-FF-FF-47-18-FF-FF-FF-FF-FF-FF-FF-FF-00-00;NOTIFICATION;0;da1a1500-d532-4285-be94-b07a3e11a098;da1a150d-d532-4285-be94-b07a3e11a098;18;;
329346;1788058226268;1502;Akkuinformationen;16;112;–;47-18-FF-FF-FF-FF-47-18-FF-FF-FF-FF-FF-FF-00-00;NOTIFICATION;0;da1a1500-d532-4285-be94-b07a3e11a098;da1a1502-d532-4285-be94-b07a3e11a098;18;;
329753;1788058226675;1505;BikePerformance / Fahrleistung;18;112;–;00-00-00-00-FF-FF-00-94-FF-FF-FF-FF-FF-00-00-00-00-00;NOTIFICATION;0;da1a1500-d532-4285-be94-b07a3e11a098;da1a1505-d532-4285-be94-b07a3e11a098;18;;
329962;1788058226884;1506;Trip / Kilometer & Betriebszähler;16;112;7;00-00-1E-84-00-02-67-51-00-00-03-00-FF-00-00-00;NOTIFICATION;0;da1a1500-d532-4285-be94-b07a3e11a098;da1a1506-d532-4285-be94-b07a3e11a098;18;;
330381;1788058227303;1508;Settings / Licht & Fahrstufe;17;112;–;01-00-00-02-FF-FF-FF-FF-FF-FF-FF-00-00-00-00-00-00;NOTIFICATION;0;da1a1500-d532-4285-be94-b07a3e11a098;da1a1508-d532-4285-be94-b07a3e11a098;18;;
330590;1788058227512;1509;BatteryChange / Akku-Livestand;11;112;–;00-00-FF-FF-00-A1-54-00-00-00-00;NOTIFICATION;0;da1a1500-d532-4285-be94-b07a3e11a098;da1a1509-d532-4285-be94-b07a3e11a098;18;;
330803;1788058227725;150A;MotorUpdate / Motor-Livestand;10;112;–;00-00-FF-FF-FF-FF-FF-FF-FF-FF;NOTIFICATION;0;da1a1500-d532-4285-be94-b07a3e11a098;da1a150a-d532-4285-be94-b07a3e11a098;18;;
331044;1788058227966;150B;Motor-/Controllerblock;20;112;–;FF-FF-FF-FF-FF-FF-FF-FF-FF-FF-FF-FF-FF-FF-FF-FF-FF-FF-FF-FF;NOTIFICATION;0;da1a1500-d532-4285-be94-b07a3e11a098;da1a150b-d532-4285-be94-b07a3e11a098;18;;
331225;1788058228147;150D;Fahrstatistik Max/Ø;20;112;–;00-DA-00-5E-FF-FF-FF-FF-47-18-FF-FF-FF-FF-FF-FF-FF-FF-00-00;NOTIFICATION;0;da1a1500-d532-4285-be94-b07a3e11a098;da1a150d-d532-4285-be94-b07a3e11a098;18;;
332319;1788058229241;1502;Akkuinformationen;16;113;–;47-18-FF-FF-FF-FF-47-18-FF-FF-FF-FF-FF-FF-00-00;NOTIFICATION;0;da1a1500-d532-4285-be94-b07a3e11a098;da1a1502-d532-4285-be94-b07a3e11a098;18;;
332744;1788058229666;1505;BikePerformance / Fahrleistung;18;113;7;00-00-00-00-FF-FF-00-95-FF-FF-FF-FF-FF-00-00-00-00-00;NOTIFICATION;0;da1a1500-d532-4285-be94-b07a3e11a098;da1a1505-d532-4285-be94-b07a3e11a098;18;;
332883;1788058229805;1506;Trip / Kilometer & Betriebszähler;16;113;7;00-00-1E-84-00-02-67-54-00-00-03-00-FF-00-00-00;NOTIFICATION;0;da1a1500-d532-4285-be94-b07a3e11a098;da1a1506-d532-4285-be94-b07a3e11a098;18;;
333357;1788058230279;1508;Settings / Licht & Fahrstufe;17;113;–;01-00-00-02-FF-FF-FF-FF-FF-FF-FF-00-00-00-00-00-00;NOTIFICATION;0;da1a1500-d532-4285-be94-b07a3e11a098;da1a1508-d532-4285-be94-b07a3e11a098;18;;
333514;1788058230436;1509;BatteryChange / Akku-Livestand;11;113;–;00-00-FF-FF-00-A1-54-00-00-00-00;NOTIFICATION;0;da1a1500-d532-4285-be94-b07a3e11a098;da1a1509-d532-4285-be94-b07a3e11a098;18;;
333722;1788058230644;150A;MotorUpdate / Motor-Livestand;10;113;–;00-00-FF-FF-FF-FF-FF-FF-FF-FF;NOTIFICATION;0;da1a1500-d532-4285-be94-b07a3e11a098;da1a150a-d532-4285-be94-b07a3e11a098;18;;
333933;1788058230855;150B;Motor-/Controllerblock;20;113;–;FF-FF-FF-FF-FF-FF-FF-FF-FF-FF-FF-FF-FF-FF-FF-FF-FF-FF-FF-FF;NOTIFICATION;0;da1a1500-d532-4285-be94-b07a3e11a098;da1a150b-d532-4285-be94-b07a3e11a098;18;;
334145;1788058231067;150D;Fahrstatistik Max/Ø;20;113;–;00-DA-00-5E-FF-FF-FF-FF-47-18-FF-FF-FF-FF-FF-FF-FF-FF-00-00;NOTIFICATION;0;da1a1500-d532-4285-be94-b07a3e11a098;da1a150d-d532-4285-be94-b07a3e11a098;18;;
335237;1788058232159;1502;Akkuinformationen;16;114;–;47-18-FF-FF-FF-FF-47-18-FF-FF-FF-FF-FF-FF-00-00;NOTIFICATION;0;da1a1500-d532-4285-be94-b07a3e11a098;da1a1502-d532-4285-be94-b07a3e11a098;18;;
335663;1788058232585;1505;BikePerformance / Fahrleistung;18;114;7;00-00-00-00-FF-FF-00-97-FF-FF-FF-FF-FF-00-00-00-00-00;NOTIFICATION;0;da1a1500-d532-4285-be94-b07a3e11a098;da1a1505-d532-4285-be94-b07a3e11a098;18;;
335804;1788058232726;1506;Trip / Kilometer & Betriebszähler;16;114;7;00-00-1E-84-00-02-67-57-00-00-03-00-FF-00-00-00;NOTIFICATION;0;da1a1500-d532-4285-be94-b07a3e11a098;da1a1506-d532-4285-be94-b07a3e11a098;18;;
336226;1788058233148;1508;Settings / Licht & Fahrstufe;17;114;–;01-00-00-02-FF-FF-FF-FF-FF-FF-FF-00-00-00-00-00-00;NOTIFICATION;0;da1a1500-d532-4285-be94-b07a3e11a098;da1a1508-d532-4285-be94-b07a3e11a098;18;;
336433;1788058233355;1509;BatteryChange / Akku-Livestand;11;114;5,6;00-00-FF-FF-00-A2-1C-00-00-00-00;NOTIFICATION;0;da1a1500-d532-4285-be94-b07a3e11a098;da1a1509-d532-4285-be94-b07a3e11a098;18;;
336643;1788058233565;150A;MotorUpdate / Motor-Livestand;10;114;–;00-00-FF-FF-FF-FF-FF-FF-FF-FF;NOTIFICATION;0;da1a1500-d532-4285-be94-b07a3e11a098;da1a150a-d532-4285-be94-b07a3e11a098;18;;
336851;1788058233773;150B;Motor-/Controllerblock;20;114;–;FF-FF-FF-FF-FF-FF-FF-FF-FF-FF-FF-FF-FF-FF-FF-FF-FF-FF-FF-FF;NOTIFICATION;0;da1a1500-d532-4285-be94-b07a3e11a098;da1a150b-d532-4285-be94-b07a3e11a098;18;;
337062;1788058233984;150D;Fahrstatistik Max/Ø;20;114;–;00-DA-00-5E-FF-FF-FF-FF-47-18-FF-FF-FF-FF-FF-FF-FF-FF-00-00;NOTIFICATION;0;da1a1500-d532-4285-be94-b07a3e11a098;da1a150d-d532-4285-be94-b07a3e11a098;18;;
338187;1788058235109;1502;Akkuinformationen;16;115;–;47-18-FF-FF-FF-FF-47-18-FF-FF-FF-FF-FF-FF-00-00;NOTIFICATION;0;da1a1500-d532-4285-be94-b07a3e11a098;da1a1502-d532-4285-be94-b07a3e11a098;18;;
338576;1788058235498;1505;BikePerformance / Fahrleistung;18;115;–;00-00-00-00-FF-FF-00-97-FF-FF-FF-FF-FF-00-00-00-00-00;NOTIFICATION;0;da1a1500-d532-4285-be94-b07a3e11a098;da1a1505-d532-4285-be94-b07a3e11a098;18;;
338724;1788058235646;1506;Trip / Kilometer & Betriebszähler;16;115;7;00-00-1E-84-00-02-67-5A-00-00-03-00-FF-00-00-00;NOTIFICATION;0;da1a1500-d532-4285-be94-b07a3e11a098;da1a1506-d532-4285-be94-b07a3e11a098;18;;
339235;1788058236157;1508;Settings / Licht & Fahrstufe;17;115;–;01-00-00-02-FF-FF-FF-FF-FF-FF-FF-00-00-00-00-00-00;NOTIFICATION;0;da1a1500-d532-4285-be94-b07a3e11a098;da1a1508-d532-4285-be94-b07a3e11a098;18;;
339373;1788058236295;1509;BatteryChange / Akku-Livestand;11;115;5,6;00-00-FF-FF-00-A1-54-00-00-00-00;NOTIFICATION;0;da1a1500-d532-4285-be94-b07a3e11a098;da1a1509-d532-4285-be94-b07a3e11a098;18;;
339610;1788058236532;150A;MotorUpdate / Motor-Livestand;10;115;–;00-00-FF-FF-FF-FF-FF-FF-FF-FF;NOTIFICATION;0;da1a1500-d532-4285-be94-b07a3e11a098;da1a150a-d532-4285-be94-b07a3e11a098;18;;
339774;1788058236696;150B;Motor-/Controllerblock;20;115;–;FF-FF-FF-FF-FF-FF-FF-FF-FF-FF-FF-FF-FF-FF-FF-FF-FF-FF-FF-FF;NOTIFICATION;0;da1a1500-d532-4285-be94-b07a3e11a098;da1a150b-d532-4285-be94-b07a3e11a098;18;;
340016;1788058236938;150D;Fahrstatistik Max/Ø;20;115;3;00-DA-00-5F-FF-FF-FF-FF-47-18-FF-FF-FF-FF-FF-FF-FF-FF-00-00;NOTIFICATION;0;da1a1500-d532-4285-be94-b07a3e11a098;da1a150d-d532-4285-be94-b07a3e11a098;18;;
341096;1788058238018;1502;Akkuinformationen;16;116;–;47-18-FF-FF-FF-FF-47-18-FF-FF-FF-FF-FF-FF-00-00;NOTIFICATION;0;da1a1500-d532-4285-be94-b07a3e11a098;da1a1502-d532-4285-be94-b07a3e11a098;18;;
341495;1788058238417;1505;BikePerformance / Fahrleistung;18;116;7;00-00-00-00-FF-FF-00-99-FF-FF-FF-FF-FF-00-00-00-00-00;NOTIFICATION;0;da1a1500-d532-4285-be94-b07a3e11a098;da1a1505-d532-4285-be94-b07a3e11a098;18;;
341656;1788058238578;1506;Trip / Kilometer & Betriebszähler;16;116;3,7;00-00-1E-85-00-02-67-5C-00-00-03-00-FF-00-00-00;NOTIFICATION;0;da1a1500-d532-4285-be94-b07a3e11a098;da1a1506-d532-4285-be94-b07a3e11a098;18;;
342141;1788058239063;1508;Settings / Licht & Fahrstufe;17;116;–;01-00-00-02-FF-FF-FF-FF-FF-FF-FF-00-00-00-00-00-00;NOTIFICATION;0;da1a1500-d532-4285-be94-b07a3e11a098;da1a1508-d532-4285-be94-b07a3e11a098;18;;
342282;1788058239204;1509;BatteryChange / Akku-Livestand;11;116;–;00-00-FF-FF-00-A1-54-00-00-00-00;NOTIFICATION;0;da1a1500-d532-4285-be94-b07a3e11a098;da1a1509-d532-4285-be94-b07a3e11a098;18;;
342524;1788058239446;150A;MotorUpdate / Motor-Livestand;10;116;–;00-00-FF-FF-FF-FF-FF-FF-FF-FF;NOTIFICATION;0;da1a1500-d532-4285-be94-b07a3e11a098;da1a150a-d532-4285-be94-b07a3e11a098;18;;
342704;1788058239626;150B;Motor-/Controllerblock;20;116;–;FF-FF-FF-FF-FF-FF-FF-FF-FF-FF-FF-FF-FF-FF-FF-FF-FF-FF-FF-FF;NOTIFICATION;0;da1a1500-d532-4285-be94-b07a3e11a098;da1a150b-d532-4285-be94-b07a3e11a098;18;;
342935;1788058239857;150D;Fahrstatistik Max/Ø;20;116;–;00-DA-00-5F-FF-FF-FF-FF-47-18-FF-FF-FF-FF-FF-FF-FF-FF-00-00;NOTIFICATION;0;da1a1500-d532-4285-be94-b07a3e11a098;da1a150d-d532-4285-be94-b07a3e11a098;18;;
344008;1788058240930;1502;Akkuinformationen;16;117;–;47-18-FF-FF-FF-FF-47-18-FF-FF-FF-FF-FF-FF-00-00;NOTIFICATION;0;da1a1500-d532-4285-be94-b07a3e11a098;da1a1502-d532-4285-be94-b07a3e11a098;18;;
344402;1788058241324;1505;BikePerformance / Fahrleistung;18;117;–;00-00-00-00-FF-FF-00-99-FF-FF-FF-FF-FF-00-00-00-00-00;NOTIFICATION;0;da1a1500-d532-4285-be94-b07a3e11a098;da1a1505-d532-4285-be94-b07a3e11a098;18;;
344572;1788058241494;1506;Trip / Kilometer & Betriebszähler;16;117;7;00-00-1E-85-00-02-67-5F-00-00-03-00-FF-00-00-00;NOTIFICATION;0;da1a1500-d532-4285-be94-b07a3e11a098;da1a1506-d532-4285-be94-b07a3e11a098;18;;
344994;1788058241916;1508;Settings / Licht & Fahrstufe;17;117;–;01-00-00-02-FF-FF-FF-FF-FF-FF-FF-00-00-00-00-00-00;NOTIFICATION;0;da1a1500-d532-4285-be94-b07a3e11a098;da1a1508-d532-4285-be94-b07a3e11a098;18;;
345206;1788058242128;1509;BatteryChange / Akku-Livestand;11;117;–;00-00-FF-FF-00-A1-54-00-00-00-00;NOTIFICATION;0;da1a1500-d532-4285-be94-b07a3e11a098;da1a1509-d532-4285-be94-b07a3e11a098;18;;
345464;1788058242386;150A;MotorUpdate / Motor-Livestand;10;117;–;00-00-FF-FF-FF-FF-FF-FF-FF-FF;NOTIFICATION;0;da1a1500-d532-4285-be94-b07a3e11a098;da1a150a-d532-4285-be94-b07a3e11a098;18;;
345627;1788058242549;150B;Motor-/Controllerblock;20;117;–;FF-FF-FF-FF-FF-FF-FF-FF-FF-FF-FF-FF-FF-FF-FF-FF-FF-FF-FF-FF;NOTIFICATION;0;da1a1500-d532-4285-be94-b07a3e11a098;da1a150b-d532-4285-be94-b07a3e11a098;18;;
345852;1788058242774;150D;Fahrstatistik Max/Ø;20;117;–;00-DA-00-5F-FF-FF-FF-FF-47-18-FF-FF-FF-FF-FF-FF-FF-FF-00-00;NOTIFICATION;0;da1a1500-d532-4285-be94-b07a3e11a098;da1a150d-d532-4285-be94-b07a3e11a098;18;;
346942;1788058243864;1502;Akkuinformationen;16;118;–;47-18-FF-FF-FF-FF-47-18-FF-FF-FF-FF-FF-FF-00-00;NOTIFICATION;0;da1a1500-d532-4285-be94-b07a3e11a098;da1a1502-d532-4285-be94-b07a3e11a098;18;;
347334;1788058244256;1505;BikePerformance / Fahrleistung;18;118;7;00-00-00-00-FF-FF-00-9C-FF-FF-FF-FF-FF-00-00-00-00-00;NOTIFICATION;0;da1a1500-d532-4285-be94-b07a3e11a098;da1a1505-d532-4285-be94-b07a3e11a098;18;;
347494;1788058244416;1506;Trip / Kilometer & Betriebszähler;16;118;7;00-00-1E-85-00-02-67-62-00-00-03-00-FF-00-00-00;NOTIFICATION;0;da1a1500-d532-4285-be94-b07a3e11a098;da1a1506-d532-4285-be94-b07a3e11a098;18;;
347913;1788058244835;1508;Settings / Licht & Fahrstufe;17;118;–;01-00-00-02-FF-FF-FF-FF-FF-FF-FF-00-00-00-00-00-00;NOTIFICATION;0;da1a1500-d532-4285-be94-b07a3e11a098;da1a1508-d532-4285-be94-b07a3e11a098;18;;
348124;1788058245046;1509;BatteryChange / Akku-Livestand;11;118;–;00-00-FF-FF-00-A1-54-00-00-00-00;NOTIFICATION;0;da1a1500-d532-4285-be94-b07a3e11a098;da1a1509-d532-4285-be94-b07a3e11a098;18;;
348335;1788058245257;150A;MotorUpdate / Motor-Livestand;10;118;–;00-00-FF-FF-FF-FF-FF-FF-FF-FF;NOTIFICATION;0;da1a1500-d532-4285-be94-b07a3e11a098;da1a150a-d532-4285-be94-b07a3e11a098;18;;
348544;1788058245466;150B;Motor-/Controllerblock;20;118;–;FF-FF-FF-FF-FF-FF-FF-FF-FF-FF-FF-FF-FF-FF-FF-FF-FF-FF-FF-FF;NOTIFICATION;0;da1a1500-d532-4285-be94-b07a3e11a098;da1a150b-d532-4285-be94-b07a3e11a098;18;;
348758;1788058245680;150D;Fahrstatistik Max/Ø;20;118;–;00-DA-00-5F-FF-FF-FF-FF-47-18-FF-FF-FF-FF-FF-FF-FF-FF-00-00;NOTIFICATION;0;da1a1500-d532-4285-be94-b07a3e11a098;da1a150d-d532-4285-be94-b07a3e11a098;18;;
349847;1788058246769;1502;Akkuinformationen;16;119;–;47-18-FF-FF-FF-FF-47-18-FF-FF-FF-FF-FF-FF-00-00;NOTIFICATION;0;da1a1500-d532-4285-be94-b07a3e11a098;da1a1502-d532-4285-be94-b07a3e11a098;18;;
350267;1788058247189;1505;BikePerformance / Fahrleistung;18;119;7;00-00-00-00-FF-FF-00-9A-FF-FF-FF-FF-FF-00-00-00-00-00;NOTIFICATION;0;da1a1500-d532-4285-be94-b07a3e11a098;da1a1505-d532-4285-be94-b07a3e11a098;18;;
350413;1788058247335;1506;Trip / Kilometer & Betriebszähler;16;119;7;00-00-1E-85-00-02-67-65-00-00-03-00-FF-00-00-00;NOTIFICATION;0;da1a1500-d532-4285-be94-b07a3e11a098;da1a1506-d532-4285-be94-b07a3e11a098;18;;
350889;1788058247811;1508;Settings / Licht & Fahrstufe;17;119;–;01-00-00-02-FF-FF-FF-FF-FF-FF-FF-00-00-00-00-00-00;NOTIFICATION;0;da1a1500-d532-4285-be94-b07a3e11a098;da1a1508-d532-4285-be94-b07a3e11a098;18;;
351043;1788058247965;1509;BatteryChange / Akku-Livestand;11;119;–;00-00-FF-FF-00-A1-54-00-00-00-00;NOTIFICATION;0;da1a1500-d532-4285-be94-b07a3e11a098;da1a1509-d532-4285-be94-b07a3e11a098;18;;
351288;1788058248210;150A;MotorUpdate / Motor-Livestand;10;119;–;00-00-FF-FF-FF-FF-FF-FF-FF-FF;NOTIFICATION;0;da1a1500-d532-4285-be94-b07a3e11a098;da1a150a-d532-4285-be94-b07a3e11a098;18;;
351463;1788058248385;150B;Motor-/Controllerblock;20;119;–;FF-FF-FF-FF-FF-FF-FF-FF-FF-FF-FF-FF-FF-FF-FF-FF-FF-FF-FF-FF;NOTIFICATION;0;da1a1500-d532-4285-be94-b07a3e11a098;da1a150b-d532-4285-be94-b07a3e11a098;18;;
351715;1788058248637;150D;Fahrstatistik Max/Ø;20;119;–;00-DA-00-5F-FF-FF-FF-FF-47-18-FF-FF-FF-FF-FF-FF-FF-FF-00-00;NOTIFICATION;0;da1a1500-d532-4285-be94-b07a3e11a098;da1a150d-d532-4285-be94-b07a3e11a098;18;;
352772;1788058249694;1502;Akkuinformationen;16;120;–;47-18-FF-FF-FF-FF-47-18-FF-FF-FF-FF-FF-FF-00-00;NOTIFICATION;0;da1a1500-d532-4285-be94-b07a3e11a098;da1a1502-d532-4285-be94-b07a3e11a098;18;;
353185;1788058250107;1505;BikePerformance / Fahrleistung;18;120;7;00-00-00-00-FF-FF-00-98-FF-FF-FF-FF-FF-00-00-00-00-00;NOTIFICATION;0;da1a1500-d532-4285-be94-b07a3e11a098;da1a1505-d532-4285-be94-b07a3e11a098;18;;
353334;1788058250256;1506;Trip / Kilometer & Betriebszähler;16;120;7;00-00-1E-85-00-02-67-68-00-00-03-00-FF-00-00-00;NOTIFICATION;0;da1a1500-d532-4285-be94-b07a3e11a098;da1a1506-d532-4285-be94-b07a3e11a098;18;;
353811;1788058250733;1508;Settings / Licht & Fahrstufe;17;120;–;01-00-00-02-FF-FF-FF-FF-FF-FF-FF-00-00-00-00-00-00;NOTIFICATION;0;da1a1500-d532-4285-be94-b07a3e11a098;da1a1508-d532-4285-be94-b07a3e11a098;18;;
353962;1788058250884;1509;BatteryChange / Akku-Livestand;11;120;5,6;00-00-FF-FF-00-A2-1C-00-00-00-00;NOTIFICATION;0;da1a1500-d532-4285-be94-b07a3e11a098;da1a1509-d532-4285-be94-b07a3e11a098;18;;
354212;1788058251134;150A;MotorUpdate / Motor-Livestand;10;120;–;00-00-FF-FF-FF-FF-FF-FF-FF-FF;NOTIFICATION;0;da1a1500-d532-4285-be94-b07a3e11a098;da1a150a-d532-4285-be94-b07a3e11a098;18;;
354383;1788058251305;150B;Motor-/Controllerblock;20;120;–;FF-FF-FF-FF-FF-FF-FF-FF-FF-FF-FF-FF-FF-FF-FF-FF-FF-FF-FF-FF;NOTIFICATION;0;da1a1500-d532-4285-be94-b07a3e11a098;da1a150b-d532-4285-be94-b07a3e11a098;18;;
354631;1788058251553;150D;Fahrstatistik Max/Ø;20;120;–;00-DA-00-5F-FF-FF-FF-FF-47-18-FF-FF-FF-FF-FF-FF-FF-FF-00-00;NOTIFICATION;0;da1a1500-d532-4285-be94-b07a3e11a098;da1a150d-d532-4285-be94-b07a3e11a098;18;;
355685;1788058252607;1502;Akkuinformationen;16;121;–;47-18-FF-FF-FF-FF-47-18-FF-FF-FF-FF-FF-FF-00-00;NOTIFICATION;0;da1a1500-d532-4285-be94-b07a3e11a098;da1a1502-d532-4285-be94-b07a3e11a098;18;;
356109;1788058253031;1505;BikePerformance / Fahrleistung;18;121;7;00-00-00-00-FF-FF-00-95-FF-FF-FF-FF-FF-00-00-00-00-00;NOTIFICATION;0;da1a1500-d532-4285-be94-b07a3e11a098;da1a1505-d532-4285-be94-b07a3e11a098;18;;
356255;1788058253177;1506;Trip / Kilometer & Betriebszähler;16;121;7;00-00-1E-85-00-02-67-6B-00-00-03-00-FF-00-00-00;NOTIFICATION;0;da1a1500-d532-4285-be94-b07a3e11a098;da1a1506-d532-4285-be94-b07a3e11a098;18;;
356732;1788058253654;1508;Settings / Licht & Fahrstufe;17;121;–;01-00-00-02-FF-FF-FF-FF-FF-FF-FF-00-00-00-00-00-00;NOTIFICATION;0;da1a1500-d532-4285-be94-b07a3e11a098;da1a1508-d532-4285-be94-b07a3e11a098;18;;
356883;1788058253805;1509;BatteryChange / Akku-Livestand;11;121;5,6;00-00-FF-FF-00-A1-54-00-00-00-00;NOTIFICATION;0;da1a1500-d532-4285-be94-b07a3e11a098;da1a1509-d532-4285-be94-b07a3e11a098;18;;
357135;1788058254057;150A;MotorUpdate / Motor-Livestand;10;121;–;00-00-FF-FF-FF-FF-FF-FF-FF-FF;NOTIFICATION;0;da1a1500-d532-4285-be94-b07a3e11a098;da1a150a-d532-4285-be94-b07a3e11a098;18;;
357304;1788058254226;150B;Motor-/Controllerblock;20;121;–;FF-FF-FF-FF-FF-FF-FF-FF-FF-FF-FF-FF-FF-FF-FF-FF-FF-FF-FF-FF;NOTIFICATION;0;da1a1500-d532-4285-be94-b07a3e11a098;da1a150b-d532-4285-be94-b07a3e11a098;18;;
357542;1788058254464;150D;Fahrstatistik Max/Ø;20;121;–;00-DA-00-5F-FF-FF-FF-FF-47-18-FF-FF-FF-FF-FF-FF-FF-FF-00-00;NOTIFICATION;0;da1a1500-d532-4285-be94-b07a3e11a098;da1a150d-d532-4285-be94-b07a3e11a098;18;;
358609;1788058255531;1502;Akkuinformationen;16;122;–;47-18-FF-FF-FF-FF-47-18-FF-FF-FF-FF-FF-FF-00-00;NOTIFICATION;0;da1a1500-d532-4285-be94-b07a3e11a098;da1a1502-d532-4285-be94-b07a3e11a098;18;;
359029;1788058255951;1505;BikePerformance / Fahrleistung;18;122;7;00-00-00-00-FF-FF-00-93-FF-FF-FF-FF-FF-00-00-00-00-00;NOTIFICATION;0;da1a1500-d532-4285-be94-b07a3e11a098;da1a1505-d532-4285-be94-b07a3e11a098;18;;
359173;1788058256095;1506;Trip / Kilometer & Betriebszähler;16;122;7;00-00-1E-85-00-02-67-6E-00-00-03-00-FF-00-00-00;NOTIFICATION;0;da1a1500-d532-4285-be94-b07a3e11a098;da1a1506-d532-4285-be94-b07a3e11a098;18;;
359633;1788058256555;1508;Settings / Licht & Fahrstufe;17;122;–;01-00-00-02-FF-FF-FF-FF-FF-FF-FF-00-00-00-00-00-00;NOTIFICATION;0;da1a1500-d532-4285-be94-b07a3e11a098;da1a1508-d532-4285-be94-b07a3e11a098;18;;
359806;1788058256728;1509;BatteryChange / Akku-Livestand;11;122;–;00-00-FF-FF-00-A1-54-00-00-00-00;NOTIFICATION;0;da1a1500-d532-4285-be94-b07a3e11a098;da1a1509-d532-4285-be94-b07a3e11a098;18;;
360012;1788058256934;150A;MotorUpdate / Motor-Livestand;10;122;–;00-00-FF-FF-FF-FF-FF-FF-FF-FF;NOTIFICATION;0;da1a1500-d532-4285-be94-b07a3e11a098;da1a150a-d532-4285-be94-b07a3e11a098;18;;
360227;1788058257149;150B;Motor-/Controllerblock;20;122;–;FF-FF-FF-FF-FF-FF-FF-FF-FF-FF-FF-FF-FF-FF-FF-FF-FF-FF-FF-FF;NOTIFICATION;0;da1a1500-d532-4285-be94-b07a3e11a098;da1a150b-d532-4285-be94-b07a3e11a098;18;;
360435;1788058257357;150D;Fahrstatistik Max/Ø;20;122;–;00-DA-00-5F-FF-FF-FF-FF-47-18-FF-FF-FF-FF-FF-FF-FF-FF-00-00;NOTIFICATION;0;da1a1500-d532-4285-be94-b07a3e11a098;da1a150d-d532-4285-be94-b07a3e11a098;18;;
361525;1788058258447;1502;Akkuinformationen;16;123;–;47-18-FF-FF-FF-FF-47-18-FF-FF-FF-FF-FF-FF-00-00;NOTIFICATION;0;da1a1500-d532-4285-be94-b07a3e11a098;da1a1502-d532-4285-be94-b07a3e11a098;18;;
361956;1788058258878;1505;BikePerformance / Fahrleistung;18;123;7;00-00-00-00-FF-FF-00-8F-FF-FF-FF-FF-FF-00-00-00-00-00;NOTIFICATION;0;da1a1500-d532-4285-be94-b07a3e11a098;da1a1505-d532-4285-be94-b07a3e11a098;18;;
362106;1788058259028;1506;Trip / Kilometer & Betriebszähler;16;123;7;00-00-1E-85-00-02-67-71-00-00-03-00-FF-00-00-00;NOTIFICATION;0;da1a1500-d532-4285-be94-b07a3e11a098;da1a1506-d532-4285-be94-b07a3e11a098;18;;
362566;1788058259488;1508;Settings / Licht & Fahrstufe;17;123;–;01-00-00-02-FF-FF-FF-FF-FF-FF-FF-00-00-00-00-00-00;NOTIFICATION;0;da1a1500-d532-4285-be94-b07a3e11a098;da1a1508-d532-4285-be94-b07a3e11a098;18;;
362728;1788058259650;1509;BatteryChange / Akku-Livestand;11;123;–;00-00-FF-FF-00-A1-54-00-00-00-00;NOTIFICATION;0;da1a1500-d532-4285-be94-b07a3e11a098;da1a1509-d532-4285-be94-b07a3e11a098;18;;
362960;1788058259882;150A;MotorUpdate / Motor-Livestand;10;123;–;00-00-FF-FF-FF-FF-FF-FF-FF-FF;NOTIFICATION;0;da1a1500-d532-4285-be94-b07a3e11a098;da1a150a-d532-4285-be94-b07a3e11a098;18;;
363143;1788058260065;150B;Motor-/Controllerblock;20;123;–;FF-FF-FF-FF-FF-FF-FF-FF-FF-FF-FF-FF-FF-FF-FF-FF-FF-FF-FF-FF;NOTIFICATION;0;da1a1500-d532-4285-be94-b07a3e11a098;da1a150b-d532-4285-be94-b07a3e11a098;18;;
363387;1788058260309;150D;Fahrstatistik Max/Ø;20;123;3;00-DA-00-60-FF-FF-FF-FF-47-18-FF-FF-FF-FF-FF-FF-FF-FF-00-00;NOTIFICATION;0;da1a1500-d532-4285-be94-b07a3e11a098;da1a150d-d532-4285-be94-b07a3e11a098;18;;
364448;1788058261370;1502;Akkuinformationen;16;124;–;47-18-FF-FF-FF-FF-47-18-FF-FF-FF-FF-FF-FF-00-00;NOTIFICATION;0;da1a1500-d532-4285-be94-b07a3e11a098;da1a1502-d532-4285-be94-b07a3e11a098;18;;
364871;1788058261793;1505;BikePerformance / Fahrleistung;18;124;–;00-00-00-00-FF-FF-00-8F-FF-FF-FF-FF-FF-00-00-00-00-00;NOTIFICATION;0;da1a1500-d532-4285-be94-b07a3e11a098;da1a1505-d532-4285-be94-b07a3e11a098;18;;
365026;1788058261948;1506;Trip / Kilometer & Betriebszähler;16;124;3,7;00-00-1E-86-00-02-67-74-00-00-03-00-FF-00-00-00;NOTIFICATION;0;da1a1500-d532-4285-be94-b07a3e11a098;da1a1506-d532-4285-be94-b07a3e11a098;18;;
365433;1788058262355;1508;Settings / Licht & Fahrstufe;17;124;–;01-00-00-02-FF-FF-FF-FF-FF-FF-FF-00-00-00-00-00-00;NOTIFICATION;0;da1a1500-d532-4285-be94-b07a3e11a098;da1a1508-d532-4285-be94-b07a3e11a098;18;;
365644;1788058262566;1509;BatteryChange / Akku-Livestand;11;124;–;00-00-FF-FF-00-A1-54-00-00-00-00;NOTIFICATION;0;da1a1500-d532-4285-be94-b07a3e11a098;da1a1509-d532-4285-be94-b07a3e11a098;18;;
365858;1788058262780;150A;MotorUpdate / Motor-Livestand;10;124;–;00-00-FF-FF-FF-FF-FF-FF-FF-FF;NOTIFICATION;0;da1a1500-d532-4285-be94-b07a3e11a098;da1a150a-d532-4285-be94-b07a3e11a098;18;;
366066;1788058262988;150B;Motor-/Controllerblock;20;124;–;FF-FF-FF-FF-FF-FF-FF-FF-FF-FF-FF-FF-FF-FF-FF-FF-FF-FF-FF-FF;NOTIFICATION;0;da1a1500-d532-4285-be94-b07a3e11a098;da1a150b-d532-4285-be94-b07a3e11a098;18;;
366314;1788058263236;150D;Fahrstatistik Max/Ø;20;124;–;00-DA-00-60-FF-FF-FF-FF-47-18-FF-FF-FF-FF-FF-FF-FF-FF-00-00;NOTIFICATION;0;da1a1500-d532-4285-be94-b07a3e11a098;da1a150d-d532-4285-be94-b07a3e11a098;18;;
367368;1788058264290;1502;Akkuinformationen;16;125;–;47-18-FF-FF-FF-FF-47-18-FF-FF-FF-FF-FF-FF-00-00;NOTIFICATION;0;da1a1500-d532-4285-be94-b07a3e11a098;da1a1502-d532-4285-be94-b07a3e11a098;18;;
367738;1788058264660;1505;BikePerformance / Fahrleistung;18;125;7;00-00-00-00-FF-FF-00-92-FF-FF-FF-FF-FF-00-00-00-00-00;NOTIFICATION;0;da1a1500-d532-4285-be94-b07a3e11a098;da1a1505-d532-4285-be94-b07a3e11a098;18;;
367947;1788058264869;1506;Trip / Kilometer & Betriebszähler;16;125;7;00-00-1E-86-00-02-67-77-00-00-03-00-FF-00-00-00;NOTIFICATION;0;da1a1500-d532-4285-be94-b07a3e11a098;da1a1506-d532-4285-be94-b07a3e11a098;18;;
368425;1788058265347;1508;Settings / Licht & Fahrstufe;17;125;–;01-00-00-02-FF-FF-FF-FF-FF-FF-FF-00-00-00-00-00-00;NOTIFICATION;0;da1a1500-d532-4285-be94-b07a3e11a098;da1a1508-d532-4285-be94-b07a3e11a098;18;;
368565;1788058265487;1509;BatteryChange / Akku-Livestand;11;125;–;00-00-FF-FF-00-A1-54-00-00-00-00;NOTIFICATION;0;da1a1500-d532-4285-be94-b07a3e11a098;da1a1509-d532-4285-be94-b07a3e11a098;18;;
368804;1788058265726;150A;MotorUpdate / Motor-Livestand;10;125;–;00-00-FF-FF-FF-FF-FF-FF-FF-FF;NOTIFICATION;0;da1a1500-d532-4285-be94-b07a3e11a098;da1a150a-d532-4285-be94-b07a3e11a098;18;;
368988;1788058265910;150B;Motor-/Controllerblock;20;125;–;FF-FF-FF-FF-FF-FF-FF-FF-FF-FF-FF-FF-FF-FF-FF-FF-FF-FF-FF-FF;NOTIFICATION;0;da1a1500-d532-4285-be94-b07a3e11a098;da1a150b-d532-4285-be94-b07a3e11a098;18;;
369228;1788058266150;150D;Fahrstatistik Max/Ø;20;125;–;00-DA-00-60-FF-FF-FF-FF-47-18-FF-FF-FF-FF-FF-FF-FF-FF-00-00;NOTIFICATION;0;da1a1500-d532-4285-be94-b07a3e11a098;da1a150d-d532-4285-be94-b07a3e11a098;18;;
370293;1788058267215;1502;Akkuinformationen;16;126;–;47-18-FF-FF-FF-FF-47-18-FF-FF-FF-FF-FF-FF-00-00;NOTIFICATION;0;da1a1500-d532-4285-be94-b07a3e11a098;da1a1502-d532-4285-be94-b07a3e11a098;18;;
370714;1788058267636;1505;BikePerformance / Fahrleistung;18;126;7;00-00-00-00-FF-FF-00-8E-FF-FF-FF-FF-FF-00-00-00-00-00;NOTIFICATION;0;da1a1500-d532-4285-be94-b07a3e11a098;da1a1505-d532-4285-be94-b07a3e11a098;18;;
370865;1788058267787;1506;Trip / Kilometer & Betriebszähler;16;126;7;00-00-1E-86-00-02-67-7A-00-00-03-00-FF-00-00-00;NOTIFICATION;0;da1a1500-d532-4285-be94-b07a3e11a098;da1a1506-d532-4285-be94-b07a3e11a098;18;;
371343;1788058268265;1508;Settings / Licht & Fahrstufe;17;126;–;01-00-00-02-FF-FF-FF-FF-FF-FF-FF-00-00-00-00-00-00;NOTIFICATION;0;da1a1500-d532-4285-be94-b07a3e11a098;da1a1508-d532-4285-be94-b07a3e11a098;18;;
371484;1788058268406;1509;BatteryChange / Akku-Livestand;11;126;0,1,5,6,10;0B-B8-FF-FF-00-9B-DC-00-00-00-77;NOTIFICATION;0;da1a1500-d532-4285-be94-b07a3e11a098;da1a1509-d532-4285-be94-b07a3e11a098;18;;
371730;1788058268652;150A;MotorUpdate / Motor-Livestand;10;126;0,1;13-88-FF-FF-FF-FF-FF-FF-FF-FF;NOTIFICATION;0;da1a1500-d532-4285-be94-b07a3e11a098;da1a150a-d532-4285-be94-b07a3e11a098;18;;
371905;1788058268827;150B;Motor-/Controllerblock;20;126;–;FF-FF-FF-FF-FF-FF-FF-FF-FF-FF-FF-FF-FF-FF-FF-FF-FF-FF-FF-FF;NOTIFICATION;0;da1a1500-d532-4285-be94-b07a3e11a098;da1a150b-d532-4285-be94-b07a3e11a098;18;;
372141;1788058269063;150D;Fahrstatistik Max/Ø;20;126;–;00-DA-00-60-FF-FF-FF-FF-47-18-FF-FF-FF-FF-FF-FF-FF-FF-00-00;NOTIFICATION;0;da1a1500-d532-4285-be94-b07a3e11a098;da1a150d-d532-4285-be94-b07a3e11a098;18;;
373209;1788058270131;1502;Akkuinformationen;16;127;–;47-18-FF-FF-FF-FF-47-18-FF-FF-FF-FF-FF-FF-00-00;NOTIFICATION;0;da1a1500-d532-4285-be94-b07a3e11a098;da1a1502-d532-4285-be94-b07a3e11a098;18;;
373639;1788058270561;1505;BikePerformance / Fahrleistung;18;127;0,1,2,3,7;03-20-03-20-FF-FF-00-9B-FF-FF-FF-FF-FF-00-00-00-00-00;NOTIFICATION;0;da1a1500-d532-4285-be94-b07a3e11a098;da1a1505-d532-4285-be94-b07a3e11a098;18;;
373783;1788058270705;1506;Trip / Kilometer & Betriebszähler;16;127;7;00-00-1E-86-00-02-67-7D-00-00-03-00-FF-00-00-00;NOTIFICATION;0;da1a1500-d532-4285-be94-b07a3e11a098;da1a1506-d532-4285-be94-b07a3e11a098;18;;
374263;1788058271185;1508;Settings / Licht & Fahrstufe;17;127;–;01-00-00-02-FF-FF-FF-FF-FF-FF-FF-00-00-00-00-00-00;NOTIFICATION;0;da1a1500-d532-4285-be94-b07a3e11a098;da1a1508-d532-4285-be94-b07a3e11a098;18;;
374403;1788058271325;1509;BatteryChange / Akku-Livestand;11;127;0,1,5,6,10;00-00-FF-FF-00-9E-98-00-00-00-00;NOTIFICATION;0;da1a1500-d532-4285-be94-b07a3e11a098;da1a1509-d532-4285-be94-b07a3e11a098;18;;
374643;1788058271565;150A;MotorUpdate / Motor-Livestand;10;127;0,1;00-00-FF-FF-FF-FF-FF-FF-FF-FF;NOTIFICATION;0;da1a1500-d532-4285-be94-b07a3e11a098;da1a150a-d532-4285-be94-b07a3e11a098;18;;
374828;1788058271750;150B;Motor-/Controllerblock;20;127;–;FF-FF-FF-FF-FF-FF-FF-FF-FF-FF-FF-FF-FF-FF-FF-FF-FF-FF-FF-FF;NOTIFICATION;0;da1a1500-d532-4285-be94-b07a3e11a098;da1a150b-d532-4285-be94-b07a3e11a098;18;;
375063;1788058271985;150D;Fahrstatistik Max/Ø;20;127;–;00-DA-00-60-FF-FF-FF-FF-47-18-FF-FF-FF-FF-FF-FF-FF-FF-00-00;NOTIFICATION;0;da1a1500-d532-4285-be94-b07a3e11a098;da1a150d-d532-4285-be94-b07a3e11a098;18;;
376136;1788058273058;1502;Akkuinformationen;16;128;–;47-18-FF-FF-FF-FF-47-18-FF-FF-FF-FF-FF-FF-00-00;NOTIFICATION;0;da1a1500-d532-4285-be94-b07a3e11a098;da1a1502-d532-4285-be94-b07a3e11a098;18;;
376554;1788058273476;1505;BikePerformance / Fahrleistung;18;128;0,1,2,3,7;01-90-01-90-FF-FF-00-8A-FF-FF-FF-FF-FF-00-00-00-00-00;NOTIFICATION;0;da1a1500-d532-4285-be94-b07a3e11a098;da1a1505-d532-4285-be94-b07a3e11a098;18;;
376707;1788058273629;1506;Trip / Kilometer & Betriebszähler;16;128;7;00-00-1E-86-00-02-67-80-00-00-03-00-FF-00-00-00;NOTIFICATION;0;da1a1500-d532-4285-be94-b07a3e11a098;da1a1506-d532-4285-be94-b07a3e11a098;18;;
377184;1788058274106;1508;Settings / Licht & Fahrstufe;17;128;–;01-00-00-02-FF-FF-FF-FF-FF-FF-FF-00-00-00-00-00-00;NOTIFICATION;0;da1a1500-d532-4285-be94-b07a3e11a098;da1a1508-d532-4285-be94-b07a3e11a098;18;;
377321;1788058274243;1509;BatteryChange / Akku-Livestand;11;128;6;00-00-FF-FF-00-9E-FC-00-00-00-00;NOTIFICATION;0;da1a1500-d532-4285-be94-b07a3e11a098;da1a1509-d532-4285-be94-b07a3e11a098;18;;
377568;1788058274490;150A;MotorUpdate / Motor-Livestand;10;128;0,1;0B-B8-FF-FF-FF-FF-FF-FF-FF-FF;NOTIFICATION;0;da1a1500-d532-4285-be94-b07a3e11a098;da1a150a-d532-4285-be94-b07a3e11a098;18;;
377741;1788058274663;150B;Motor-/Controllerblock;20;128;–;FF-FF-FF-FF-FF-FF-FF-FF-FF-FF-FF-FF-FF-FF-FF-FF-FF-FF-FF-FF;NOTIFICATION;0;da1a1500-d532-4285-be94-b07a3e11a098;da1a150b-d532-4285-be94-b07a3e11a098;18;;
377948;1788058274870;150D;Fahrstatistik Max/Ø;20;128;–;00-DA-00-60-FF-FF-FF-FF-47-18-FF-FF-FF-FF-FF-FF-FF-FF-00-00;NOTIFICATION;0;da1a1500-d532-4285-be94-b07a3e11a098;da1a150d-d532-4285-be94-b07a3e11a098;18;;
378997;1788058275919;1502;Akkuinformationen;16;129;–;47-18-FF-FF-FF-FF-47-18-FF-FF-FF-FF-FF-FF-00-00;NOTIFICATION;0;da1a1500-d532-4285-be94-b07a3e11a098;da1a1502-d532-4285-be94-b07a3e11a098;18;;
379408;1788058276330;1505;BikePerformance / Fahrleistung;18;129;7;01-90-01-90-FF-FF-00-8E-FF-FF-FF-FF-FF-00-00-00-00-00;NOTIFICATION;0;da1a1500-d532-4285-be94-b07a3e11a098;da1a1505-d532-4285-be94-b07a3e11a098;18;;
379621;1788058276543;1506;Trip / Kilometer & Betriebszähler;16;129;7;00-00-1E-86-00-02-67-83-00-00-03-00-FF-00-00-00;NOTIFICATION;0;da1a1500-d532-4285-be94-b07a3e11a098;da1a1506-d532-4285-be94-b07a3e11a098;18;;
380044;1788058276966;1508;Settings / Licht & Fahrstufe;17;129;–;01-00-00-02-FF-FF-FF-FF-FF-FF-FF-00-00-00-00-00-00;NOTIFICATION;0;da1a1500-d532-4285-be94-b07a3e11a098;da1a1508-d532-4285-be94-b07a3e11a098;18;;
380243;1788058277165;1509;BatteryChange / Akku-Livestand;11;129;0,1,5,6,10;03-E8-FF-FF-00-9C-40-00-00-00-28;NOTIFICATION;0;da1a1500-d532-4285-be94-b07a3e11a098;da1a1509-d532-4285-be94-b07a3e11a098;18;;
380457;1788058277379;150A;MotorUpdate / Motor-Livestand;10;129;0,1;03-E8-FF-FF-FF-FF-FF-FF-FF-FF;NOTIFICATION;0;da1a1500-d532-4285-be94-b07a3e11a098;da1a150a-d532-4285-be94-b07a3e11a098;18;;
380668;1788058277590;150B;Motor-/Controllerblock;20;129;–;FF-FF-FF-FF-FF-FF-FF-FF-FF-FF-FF-FF-FF-FF-FF-FF-FF-FF-FF-FF;NOTIFICATION;0;da1a1500-d532-4285-be94-b07a3e11a098;da1a150b-d532-4285-be94-b07a3e11a098;18;;
380878;1788058277800;150D;Fahrstatistik Max/Ø;20;129;–;00-DA-00-60-FF-FF-FF-FF-47-18-FF-FF-FF-FF-FF-FF-FF-FF-00-00;NOTIFICATION;0;da1a1500-d532-4285-be94-b07a3e11a098;da1a150d-d532-4285-be94-b07a3e11a098;18;;
381969;1788058278891;1502;Akkuinformationen;16;130;–;47-18-FF-FF-FF-FF-47-18-FF-FF-FF-FF-FF-FF-00-00;NOTIFICATION;0;da1a1500-d532-4285-be94-b07a3e11a098;da1a1502-d532-4285-be94-b07a3e11a098;18;;
382388;1788058279310;1505;BikePerformance / Fahrleistung;18;130;7;01-90-01-90-FF-FF-00-8A-FF-FF-FF-FF-FF-00-00-00-00-00;NOTIFICATION;0;da1a1500-d532-4285-be94-b07a3e11a098;da1a1505-d532-4285-be94-b07a3e11a098;18;;
382545;1788058279467;1506;Trip / Kilometer & Betriebszähler;16;130;7;00-00-1E-86-00-02-67-86-00-00-03-00-FF-00-00-00;NOTIFICATION;0;da1a1500-d532-4285-be94-b07a3e11a098;da1a1506-d532-4285-be94-b07a3e11a098;18;;
382967;1788058279889;1508;Settings / Licht & Fahrstufe;17;130;–;01-00-00-02-FF-FF-FF-FF-FF-FF-FF-00-00-00-00-00-00;NOTIFICATION;0;da1a1500-d532-4285-be94-b07a3e11a098;da1a1508-d532-4285-be94-b07a3e11a098;18;;
383165;1788058280087;1509;BatteryChange / Akku-Livestand;11;130;0,1,5,6,10;07-D0-FF-FF-00-99-84-00-00-00-00;NOTIFICATION;0;da1a1500-d532-4285-be94-b07a3e11a098;da1a1509-d532-4285-be94-b07a3e11a098;18;;
383376;1788058280298;150A;MotorUpdate / Motor-Livestand;10;130;0,1;0F-A0-FF-FF-FF-FF-FF-FF-FF-FF;NOTIFICATION;0;da1a1500-d532-4285-be94-b07a3e11a098;da1a150a-d532-4285-be94-b07a3e11a098;18;;
383587;1788058280509;150B;Motor-/Controllerblock;20;130;–;FF-FF-FF-FF-FF-FF-FF-FF-FF-FF-FF-FF-FF-FF-FF-FF-FF-FF-FF-FF;NOTIFICATION;0;da1a1500-d532-4285-be94-b07a3e11a098;da1a150b-d532-4285-be94-b07a3e11a098;18;;
383794;1788058280716;150D;Fahrstatistik Max/Ø;20;130;–;00-DA-00-60-FF-FF-FF-FF-47-18-FF-FF-FF-FF-FF-FF-FF-FF-00-00;NOTIFICATION;0;da1a1500-d532-4285-be94-b07a3e11a098;da1a150d-d532-4285-be94-b07a3e11a098;18;;
384860;1788058281782;1502;Akkuinformationen;16;131;–;47-18-FF-FF-FF-FF-47-18-FF-FF-FF-FF-FF-FF-00-00;NOTIFICATION;0;da1a1500-d532-4285-be94-b07a3e11a098;da1a1502-d532-4285-be94-b07a3e11a098;18;;
385256;1788058282178;1505;BikePerformance / Fahrleistung;18;131;0,1,2,3,7;00-00-00-00-FF-FF-00-83-FF-FF-FF-FF-FF-00-00-00-00-00;NOTIFICATION;0;da1a1500-d532-4285-be94-b07a3e11a098;da1a1505-d532-4285-be94-b07a3e11a098;18;;
385496;1788058282418;1506;Trip / Kilometer & Betriebszähler;16;131;7;00-00-1E-86-00-02-67-89-00-00-03-00-FF-00-00-00;NOTIFICATION;0;da1a1500-d532-4285-be94-b07a3e11a098;da1a1506-d532-4285-be94-b07a3e11a098;18;;
385884;1788058282806;1508;Settings / Licht & Fahrstufe;17;131;–;01-00-00-02-FF-FF-FF-FF-FF-FF-FF-00-00-00-00-00-00;NOTIFICATION;0;da1a1500-d532-4285-be94-b07a3e11a098;da1a1508-d532-4285-be94-b07a3e11a098;18;;
386096;1788058283018;1509;BatteryChange / Akku-Livestand;11;131;0,1,5,6;00-00-FF-FF-00-9F-C4-00-00-00-00;NOTIFICATION;0;da1a1500-d532-4285-be94-b07a3e11a098;da1a1509-d532-4285-be94-b07a3e11a098;18;;
386297;1788058283219;150A;MotorUpdate / Motor-Livestand;10;131;0,1;00-00-FF-FF-FF-FF-FF-FF-FF-FF;NOTIFICATION;0;da1a1500-d532-4285-be94-b07a3e11a098;da1a150a-d532-4285-be94-b07a3e11a098;18;;
386536;1788058283458;150B;Motor-/Controllerblock;20;131;–;FF-FF-FF-FF-FF-FF-FF-FF-FF-FF-FF-FF-FF-FF-FF-FF-FF-FF-FF-FF;NOTIFICATION;0;da1a1500-d532-4285-be94-b07a3e11a098;da1a150b-d532-4285-be94-b07a3e11a098;18;;
386716;1788058283638;150D;Fahrstatistik Max/Ø;20;131;3;00-DA-00-61-FF-FF-FF-FF-47-18-FF-FF-FF-FF-FF-FF-FF-FF-00-00;NOTIFICATION;0;da1a1500-d532-4285-be94-b07a3e11a098;da1a150d-d532-4285-be94-b07a3e11a098;18;;
387756;1788058284678;1502;Akkuinformationen;16;132;–;47-18-FF-FF-FF-FF-47-18-FF-FF-FF-FF-FF-FF-00-00;NOTIFICATION;0;da1a1500-d532-4285-be94-b07a3e11a098;da1a1502-d532-4285-be94-b07a3e11a098;18;;
388175;1788058285097;1505;BikePerformance / Fahrleistung;18;132;7;00-00-00-00-FF-FF-00-8C-FF-FF-FF-FF-FF-00-00-00-00-00;NOTIFICATION;0;da1a1500-d532-4285-be94-b07a3e11a098;da1a1505-d532-4285-be94-b07a3e11a098;18;;
388413;1788058285335;1506;Trip / Kilometer & Betriebszähler;16;132;3,7;00-00-1E-87-00-02-67-8C-00-00-03-00-FF-00-00-00;NOTIFICATION;0;da1a1500-d532-4285-be94-b07a3e11a098;da1a1506-d532-4285-be94-b07a3e11a098;18;;
388806;1788058285728;1508;Settings / Licht & Fahrstufe;17;132;–;01-00-00-02-FF-FF-FF-FF-FF-FF-FF-00-00-00-00-00-00;NOTIFICATION;0;da1a1500-d532-4285-be94-b07a3e11a098;da1a1508-d532-4285-be94-b07a3e11a098;18;;
389016;1788058285938;1509;BatteryChange / Akku-Livestand;11;132;–;00-00-FF-FF-00-9F-C4-00-00-00-00;NOTIFICATION;0;da1a1500-d532-4285-be94-b07a3e11a098;da1a1509-d532-4285-be94-b07a3e11a098;18;;
389217;1788058286139;150A;MotorUpdate / Motor-Livestand;10;132;–;00-00-FF-FF-FF-FF-FF-FF-FF-FF;NOTIFICATION;0;da1a1500-d532-4285-be94-b07a3e11a098;da1a150a-d532-4285-be94-b07a3e11a098;18;;
389423;1788058286345;150B;Motor-/Controllerblock;20;132;–;FF-FF-FF-FF-FF-FF-FF-FF-FF-FF-FF-FF-FF-FF-FF-FF-FF-FF-FF-FF;NOTIFICATION;0;da1a1500-d532-4285-be94-b07a3e11a098;da1a150b-d532-4285-be94-b07a3e11a098;18;;
389636;1788058286558;150D;Fahrstatistik Max/Ø;20;132;–;00-DA-00-61-FF-FF-FF-FF-47-18-FF-FF-FF-FF-FF-FF-FF-FF-00-00;NOTIFICATION;0;da1a1500-d532-4285-be94-b07a3e11a098;da1a150d-d532-4285-be94-b07a3e11a098;18;;
390687;1788058287609;1502;Akkuinformationen;16;133;–;47-18-FF-FF-FF-FF-47-18-FF-FF-FF-FF-FF-FF-00-00;NOTIFICATION;0;da1a1500-d532-4285-be94-b07a3e11a098;da1a1502-d532-4285-be94-b07a3e11a098;18;;
391094;1788058288016;1505;BikePerformance / Fahrleistung;18;133;0,1,2,3,7;01-90-01-90-FF-FF-00-94-FF-FF-FF-FF-FF-00-00-00-00-00;NOTIFICATION;0;da1a1500-d532-4285-be94-b07a3e11a098;da1a1505-d532-4285-be94-b07a3e11a098;18;;
391307;1788058288229;1506;Trip / Kilometer & Betriebszähler;16;133;7;00-00-1E-87-00-02-67-8E-00-00-03-00-FF-00-00-00;NOTIFICATION;0;da1a1500-d532-4285-be94-b07a3e11a098;da1a1506-d532-4285-be94-b07a3e11a098;18;;
391775;1788058288697;1508;Settings / Licht & Fahrstufe;17;133;–;01-00-00-02-FF-FF-FF-FF-FF-FF-FF-00-00-00-00-00-00;NOTIFICATION;0;da1a1500-d532-4285-be94-b07a3e11a098;da1a1508-d532-4285-be94-b07a3e11a098;18;;
391935;1788058288857;1509;BatteryChange / Akku-Livestand;11;133;5,6;00-00-FF-FF-00-9D-6C-00-00-00-00;NOTIFICATION;0;da1a1500-d532-4285-be94-b07a3e11a098;da1a1509-d532-4285-be94-b07a3e11a098;18;;
392135;1788058289057;150A;MotorUpdate / Motor-Livestand;10;133;–;00-00-FF-FF-FF-FF-FF-FF-FF-FF;NOTIFICATION;0;da1a1500-d532-4285-be94-b07a3e11a098;da1a150a-d532-4285-be94-b07a3e11a098;18;;
392346;1788058289268;150B;Motor-/Controllerblock;20;133;–;FF-FF-FF-FF-FF-FF-FF-FF-FF-FF-FF-FF-FF-FF-FF-FF-FF-FF-FF-FF;NOTIFICATION;0;da1a1500-d532-4285-be94-b07a3e11a098;da1a150b-d532-4285-be94-b07a3e11a098;18;;
392557;1788058289479;150D;Fahrstatistik Max/Ø;20;133;–;00-DA-00-61-FF-FF-FF-FF-47-18-FF-FF-FF-FF-FF-FF-FF-FF-00-00;NOTIFICATION;0;da1a1500-d532-4285-be94-b07a3e11a098;da1a150d-d532-4285-be94-b07a3e11a098;18;;
393608;1788058290530;1502;Akkuinformationen;16;134;–;47-18-FF-FF-FF-FF-47-18-FF-FF-FF-FF-FF-FF-00-00;NOTIFICATION;0;da1a1500-d532-4285-be94-b07a3e11a098;da1a1502-d532-4285-be94-b07a3e11a098;18;;
394018;1788058290940;1505;BikePerformance / Fahrleistung;18;134;0,1,2,3,7;00-00-00-00-FF-FF-00-8D-FF-FF-FF-FF-FF-00-00-00-00-00;NOTIFICATION;0;da1a1500-d532-4285-be94-b07a3e11a098;da1a1505-d532-4285-be94-b07a3e11a098;18;;
394225;1788058291147;1506;Trip / Kilometer & Betriebszähler;16;134;7;00-00-1E-87-00-02-67-91-00-00-03-00-FF-00-00-00;NOTIFICATION;0;da1a1500-d532-4285-be94-b07a3e11a098;da1a1506-d532-4285-be94-b07a3e11a098;18;;
394644;1788058291566;1508;Settings / Licht & Fahrstufe;17;134;–;01-00-00-02-FF-FF-FF-FF-FF-FF-FF-00-00-00-00-00-00;NOTIFICATION;0;da1a1500-d532-4285-be94-b07a3e11a098;da1a1508-d532-4285-be94-b07a3e11a098;18;;
394860;1788058291782;1509;BatteryChange / Akku-Livestand;11;134;5,6;00-00-FF-FF-00-9E-98-00-00-00-00;NOTIFICATION;0;da1a1500-d532-4285-be94-b07a3e11a098;da1a1509-d532-4285-be94-b07a3e11a098;18;;
395065;1788058291987;150A;MotorUpdate / Motor-Livestand;10;134;–;00-00-FF-FF-FF-FF-FF-FF-FF-FF;NOTIFICATION;0;da1a1500-d532-4285-be94-b07a3e11a098;da1a150a-d532-4285-be94-b07a3e11a098;18;;
395268;1788058292190;150B;Motor-/Controllerblock;20;134;–;FF-FF-FF-FF-FF-FF-FF-FF-FF-FF-FF-FF-FF-FF-FF-FF-FF-FF-FF-FF;NOTIFICATION;0;da1a1500-d532-4285-be94-b07a3e11a098;da1a150b-d532-4285-be94-b07a3e11a098;18;;
395477;1788058292399;150D;Fahrstatistik Max/Ø;20;134;–;00-DA-00-61-FF-FF-FF-FF-47-18-FF-FF-FF-FF-FF-FF-FF-FF-00-00;NOTIFICATION;0;da1a1500-d532-4285-be94-b07a3e11a098;da1a150d-d532-4285-be94-b07a3e11a098;18;;
396528;1788058293450;1502;Akkuinformationen;16;135;–;47-18-FF-FF-FF-FF-47-18-FF-FF-FF-FF-FF-FF-00-00;NOTIFICATION;0;da1a1500-d532-4285-be94-b07a3e11a098;da1a1502-d532-4285-be94-b07a3e11a098;18;;
396939;1788058293861;1505;BikePerformance / Fahrleistung;18;135;0,1,2,3,7;01-90-01-90-FF-FF-00-8F-FF-FF-FF-FF-FF-00-00-00-00-00;NOTIFICATION;0;da1a1500-d532-4285-be94-b07a3e11a098;da1a1505-d532-4285-be94-b07a3e11a098;18;;
397144;1788058294066;1506;Trip / Kilometer & Betriebszähler;16;135;7;00-00-1E-87-00-02-67-94-00-00-03-00-FF-00-00-00;NOTIFICATION;0;da1a1500-d532-4285-be94-b07a3e11a098;da1a1506-d532-4285-be94-b07a3e11a098;18;;
397564;1788058294486;1508;Settings / Licht & Fahrstufe;17;135;–;01-00-00-02-FF-FF-FF-FF-FF-FF-FF-00-00-00-00-00-00;NOTIFICATION;0;da1a1500-d532-4285-be94-b07a3e11a098;da1a1508-d532-4285-be94-b07a3e11a098;18;;
397776;1788058294698;1509;BatteryChange / Akku-Livestand;11;135;0,1,5,6,10;03-E8-FF-FF-00-9C-A4-00-00-00-28;NOTIFICATION;0;da1a1500-d532-4285-be94-b07a3e11a098;da1a1509-d532-4285-be94-b07a3e11a098;18;;
397984;1788058294906;150A;MotorUpdate / Motor-Livestand;10;135;0,1;03-E8-FF-FF-FF-FF-FF-FF-FF-FF;NOTIFICATION;0;da1a1500-d532-4285-be94-b07a3e11a098;da1a150a-d532-4285-be94-b07a3e11a098;18;;
398188;1788058295110;150B;Motor-/Controllerblock;20;135;–;FF-FF-FF-FF-FF-FF-FF-FF-FF-FF-FF-FF-FF-FF-FF-FF-FF-FF-FF-FF;NOTIFICATION;0;da1a1500-d532-4285-be94-b07a3e11a098;da1a150b-d532-4285-be94-b07a3e11a098;18;;
398427;1788058295349;150D;Fahrstatistik Max/Ø;20;135;–;00-DA-00-61-FF-FF-FF-FF-47-18-FF-FF-FF-FF-FF-FF-FF-FF-00-00;NOTIFICATION;0;da1a1500-d532-4285-be94-b07a3e11a098;da1a150d-d532-4285-be94-b07a3e11a098;18;;
399448;1788058296370;1502;Akkuinformationen;16;136;–;47-18-FF-FF-FF-FF-47-18-FF-FF-FF-FF-FF-FF-00-00;NOTIFICATION;0;da1a1500-d532-4285-be94-b07a3e11a098;da1a1502-d532-4285-be94-b07a3e11a098;18;;
399855;1788058296777;1505;BikePerformance / Fahrleistung;18;136;7;01-90-01-90-FF-FF-00-90-FF-FF-FF-FF-FF-00-00-00-00-00;NOTIFICATION;0;da1a1500-d532-4285-be94-b07a3e11a098;da1a1505-d532-4285-be94-b07a3e11a098;18;;
400064;1788058296986;1506;Trip / Kilometer & Betriebszähler;16;136;7;00-00-1E-87-00-02-67-97-00-00-03-00-FF-00-00-00;NOTIFICATION;0;da1a1500-d532-4285-be94-b07a3e11a098;da1a1506-d532-4285-be94-b07a3e11a098;18;;
400487;1788058297409;1508;Settings / Licht & Fahrstufe;17;136;–;01-00-00-02-FF-FF-FF-FF-FF-FF-FF-00-00-00-00-00-00;NOTIFICATION;0;da1a1500-d532-4285-be94-b07a3e11a098;da1a1508-d532-4285-be94-b07a3e11a098;18;;
400697;1788058297619;1509;BatteryChange / Akku-Livestand;11;136;6;03-E8-FF-FF-00-9C-40-00-00-00-28;NOTIFICATION;0;da1a1500-d532-4285-be94-b07a3e11a098;da1a1509-d532-4285-be94-b07a3e11a098;18;;
400903;1788058297825;150A;MotorUpdate / Motor-Livestand;10;136;–;03-E8-FF-FF-FF-FF-FF-FF-FF-FF;NOTIFICATION;0;da1a1500-d532-4285-be94-b07a3e11a098;da1a150a-d532-4285-be94-b07a3e11a098;18;;
401119;1788058298041;150B;Motor-/Controllerblock;20;136;–;FF-FF-FF-FF-FF-FF-FF-FF-FF-FF-FF-FF-FF-FF-FF-FF-FF-FF-FF-FF;NOTIFICATION;0;da1a1500-d532-4285-be94-b07a3e11a098;da1a150b-d532-4285-be94-b07a3e11a098;18;;
401317;1788058298239;150D;Fahrstatistik Max/Ø;20;136;–;00-DA-00-61-FF-FF-FF-FF-47-18-FF-FF-FF-FF-FF-FF-FF-FF-00-00;NOTIFICATION;0;da1a1500-d532-4285-be94-b07a3e11a098;da1a150d-d532-4285-be94-b07a3e11a098;18;;
402370;1788058299292;1502;Akkuinformationen;16;137;–;47-18-FF-FF-FF-FF-47-18-FF-FF-FF-FF-FF-FF-00-00;NOTIFICATION;0;da1a1500-d532-4285-be94-b07a3e11a098;da1a1502-d532-4285-be94-b07a3e11a098;18;;
402776;1788058299698;1505;BikePerformance / Fahrleistung;18;137;7;01-90-01-90-FF-FF-00-92-FF-FF-FF-FF-FF-00-00-00-00-00;NOTIFICATION;0;da1a1500-d532-4285-be94-b07a3e11a098;da1a1505-d532-4285-be94-b07a3e11a098;18;;
402984;1788058299906;1506;Trip / Kilometer & Betriebszähler;16;137;7;00-00-1E-87-00-02-67-9A-00-00-03-00-FF-00-00-00;NOTIFICATION;0;da1a1500-d532-4285-be94-b07a3e11a098;da1a1506-d532-4285-be94-b07a3e11a098;18;;
403404;1788058300326;1508;Settings / Licht & Fahrstufe;17;137;–;01-00-00-02-FF-FF-FF-FF-FF-FF-FF-00-00-00-00-00-00;NOTIFICATION;0;da1a1500-d532-4285-be94-b07a3e11a098;da1a1508-d532-4285-be94-b07a3e11a098;18;;
403618;1788058300540;1509;BatteryChange / Akku-Livestand;11;137;5,6;03-E8-FF-FF-00-9B-DC-00-00-00-28;NOTIFICATION;0;da1a1500-d532-4285-be94-b07a3e11a098;da1a1509-d532-4285-be94-b07a3e11a098;18;;
403828;1788058300750;150A;MotorUpdate / Motor-Livestand;10;137;–;03-E8-FF-FF-FF-FF-FF-FF-FF-FF;NOTIFICATION;0;da1a1500-d532-4285-be94-b07a3e11a098;da1a150a-d532-4285-be94-b07a3e11a098;18;;
404036;1788058300958;150B;Motor-/Controllerblock;20;137;–;FF-FF-FF-FF-FF-FF-FF-FF-FF-FF-FF-FF-FF-FF-FF-FF-FF-FF-FF-FF;NOTIFICATION;0;da1a1500-d532-4285-be94-b07a3e11a098;da1a150b-d532-4285-be94-b07a3e11a098;18;;
404239;1788058301161;150D;Fahrstatistik Max/Ø;20;137;–;00-DA-00-61-FF-FF-FF-FF-47-18-FF-FF-FF-FF-FF-FF-FF-FF-00-00;NOTIFICATION;0;da1a1500-d532-4285-be94-b07a3e11a098;da1a150d-d532-4285-be94-b07a3e11a098;18;;
405285;1788058302207;1502;Akkuinformationen;16;138;–;47-18-FF-FF-FF-FF-47-18-FF-FF-FF-FF-FF-FF-00-00;NOTIFICATION;0;da1a1500-d532-4285-be94-b07a3e11a098;da1a1502-d532-4285-be94-b07a3e11a098;18;;
405697;1788058302619;1505;BikePerformance / Fahrleistung;18;138;1,3,7;01-86-01-86-FF-FF-00-94-FF-FF-FF-FF-FF-00-00-00-00-00;NOTIFICATION;0;da1a1500-d532-4285-be94-b07a3e11a098;da1a1505-d532-4285-be94-b07a3e11a098;18;;
405904;1788058302826;1506;Trip / Kilometer & Betriebszähler;16;138;7;00-00-1E-87-00-02-67-9D-00-00-03-00-FF-00-00-00;NOTIFICATION;0;da1a1500-d532-4285-be94-b07a3e11a098;da1a1506-d532-4285-be94-b07a3e11a098;18;;
406327;1788058303249;1508;Settings / Licht & Fahrstufe;17;138;–;01-00-00-02-FF-FF-FF-FF-FF-FF-FF-00-00-00-00-00-00;NOTIFICATION;0;da1a1500-d532-4285-be94-b07a3e11a098;da1a1508-d532-4285-be94-b07a3e11a098;18;;
406536;1788058303458;1509;BatteryChange / Akku-Livestand;11;138;5,6;03-E8-FF-FF-00-9C-40-00-00-00-28;NOTIFICATION;0;da1a1500-d532-4285-be94-b07a3e11a098;da1a1509-d532-4285-be94-b07a3e11a098;18;;
406745;1788058303667;150A;MotorUpdate / Motor-Livestand;10;138;0,1;00-00-FF-FF-FF-FF-FF-FF-FF-FF;NOTIFICATION;0;da1a1500-d532-4285-be94-b07a3e11a098;da1a150a-d532-4285-be94-b07a3e11a098;18;;
406954;1788058303876;150B;Motor-/Controllerblock;20;138;–;FF-FF-FF-FF-FF-FF-FF-FF-FF-FF-FF-FF-FF-FF-FF-FF-FF-FF-FF-FF;NOTIFICATION;0;da1a1500-d532-4285-be94-b07a3e11a098;da1a150b-d532-4285-be94-b07a3e11a098;18;;
407156;1788058304078;150D;Fahrstatistik Max/Ø;20;138;–;00-DA-00-61-FF-FF-FF-FF-47-18-FF-FF-FF-FF-FF-FF-FF-FF-00-00;NOTIFICATION;0;da1a1500-d532-4285-be94-b07a3e11a098;da1a150d-d532-4285-be94-b07a3e11a098;18;;
408203;1788058305125;1502;Akkuinformationen;16;139;–;47-18-FF-FF-FF-FF-47-18-FF-FF-FF-FF-FF-FF-00-00;NOTIFICATION;0;da1a1500-d532-4285-be94-b07a3e11a098;da1a1502-d532-4285-be94-b07a3e11a098;18;;
408616;1788058305538;1505;BikePerformance / Fahrleistung;18;139;1,3,7;01-90-01-90-FF-FF-00-98-FF-FF-FF-FF-FF-00-00-00-00-00;NOTIFICATION;0;da1a1500-d532-4285-be94-b07a3e11a098;da1a1505-d532-4285-be94-b07a3e11a098;18;;
408826;1788058305748;1506;Trip / Kilometer & Betriebszähler;16;139;7;00-00-1E-87-00-02-67-A0-00-00-03-00-FF-00-00-00;NOTIFICATION;0;da1a1500-d532-4285-be94-b07a3e11a098;da1a1506-d532-4285-be94-b07a3e11a098;18;;
409247;1788058306169;1508;Settings / Licht & Fahrstufe;17;139;–;01-00-00-02-FF-FF-FF-FF-FF-FF-FF-00-00-00-00-00-00;NOTIFICATION;0;da1a1500-d532-4285-be94-b07a3e11a098;da1a1508-d532-4285-be94-b07a3e11a098;18;;
409457;1788058306379;1509;BatteryChange / Akku-Livestand;11;139;0,1;00-00-FF-FF-00-9C-40-00-00-00-28;NOTIFICATION;0;da1a1500-d532-4285-be94-b07a3e11a098;da1a1509-d532-4285-be94-b07a3e11a098;18;;
409665;1788058306587;150A;MotorUpdate / Motor-Livestand;10;139;–;00-00-FF-FF-FF-FF-FF-FF-FF-FF;NOTIFICATION;0;da1a1500-d532-4285-be94-b07a3e11a098;da1a150a-d532-4285-be94-b07a3e11a098;18;;
409876;1788058306798;150B;Motor-/Controllerblock;20;139;–;FF-FF-FF-FF-FF-FF-FF-FF-FF-FF-FF-FF-FF-FF-FF-FF-FF-FF-FF-FF;NOTIFICATION;0;da1a1500-d532-4285-be94-b07a3e11a098;da1a150b-d532-4285-be94-b07a3e11a098;18;;
410087;1788058307009;150D;Fahrstatistik Max/Ø;20;139;–;00-DA-00-61-FF-FF-FF-FF-47-18-FF-FF-FF-FF-FF-FF-FF-FF-00-00;NOTIFICATION;0;da1a1500-d532-4285-be94-b07a3e11a098;da1a150d-d532-4285-be94-b07a3e11a098;18;;
411127;1788058308049;1502;Akkuinformationen;16;140;–;47-18-FF-FF-FF-FF-47-18-FF-FF-FF-FF-FF-FF-00-00;NOTIFICATION;0;da1a1500-d532-4285-be94-b07a3e11a098;da1a1502-d532-4285-be94-b07a3e11a098;18;;
411593;1788058308515;1505;BikePerformance / Fahrleistung;18;140;0,1,2,3,7;00-00-00-00-FF-FF-00-92-FF-FF-FF-FF-FF-00-00-00-00-00;NOTIFICATION;0;da1a1500-d532-4285-be94-b07a3e11a098;da1a1505-d532-4285-be94-b07a3e11a098;18;;
411746;1788058308668;1506;Trip / Kilometer & Betriebszähler;16;140;7;00-00-1E-87-00-02-67-A3-00-00-03-00-FF-00-00-00;NOTIFICATION;0;da1a1500-d532-4285-be94-b07a3e11a098;da1a1506-d532-4285-be94-b07a3e11a098;18;;
412221;1788058309143;1508;Settings / Licht & Fahrstufe;17;140;–;01-00-00-02-FF-FF-FF-FF-FF-FF-FF-00-00-00-00-00-00;NOTIFICATION;0;da1a1500-d532-4285-be94-b07a3e11a098;da1a1508-d532-4285-be94-b07a3e11a098;18;;
412375;1788058309297;1509;BatteryChange / Akku-Livestand;11;140;5,6,10;00-00-FF-FF-00-9D-08-00-00-00-00;NOTIFICATION;0;da1a1500-d532-4285-be94-b07a3e11a098;da1a1509-d532-4285-be94-b07a3e11a098;18;;
412623;1788058309545;150A;MotorUpdate / Motor-Livestand;10;140;–;00-00-FF-FF-FF-FF-FF-FF-FF-FF;NOTIFICATION;0;da1a1500-d532-4285-be94-b07a3e11a098;da1a150a-d532-4285-be94-b07a3e11a098;18;;
412795;1788058309717;150B;Motor-/Controllerblock;20;140;–;FF-FF-FF-FF-FF-FF-FF-FF-FF-FF-FF-FF-FF-FF-FF-FF-FF-FF-FF-FF;NOTIFICATION;0;da1a1500-d532-4285-be94-b07a3e11a098;da1a150b-d532-4285-be94-b07a3e11a098;18;;
413036;1788058309958;150D;Fahrstatistik Max/Ø;20;140;–;00-DA-00-61-FF-FF-FF-FF-47-18-FF-FF-FF-FF-FF-FF-FF-FF-00-00;NOTIFICATION;0;da1a1500-d532-4285-be94-b07a3e11a098;da1a150d-d532-4285-be94-b07a3e11a098;18;;
414103;1788058311025;1502;Akkuinformationen;16;141;–;47-18-FF-FF-FF-FF-47-18-FF-FF-FF-FF-FF-FF-00-00;NOTIFICATION;0;da1a1500-d532-4285-be94-b07a3e11a098;da1a1502-d532-4285-be94-b07a3e11a098;18;;
414514;1788058311436;1505;BikePerformance / Fahrleistung;18;141;0,1,2,3,7;01-86-01-86-FF-FF-00-9D-FF-FF-FF-FF-FF-00-00-00-00-00;NOTIFICATION;0;da1a1500-d532-4285-be94-b07a3e11a098;da1a1505-d532-4285-be94-b07a3e11a098;18;;
414665;1788058311587;1506;Trip / Kilometer & Betriebszähler;16;141;3,7;00-00-1E-88-00-02-67-A6-00-00-03-00-FF-00-00-00;NOTIFICATION;0;da1a1500-d532-4285-be94-b07a3e11a098;da1a1506-d532-4285-be94-b07a3e11a098;18;;
415136;1788058312058;1508;Settings / Licht & Fahrstufe;17;141;–;01-00-00-02-FF-FF-FF-FF-FF-FF-FF-00-00-00-00-00-00;NOTIFICATION;0;da1a1500-d532-4285-be94-b07a3e11a098;da1a1508-d532-4285-be94-b07a3e11a098;18;;
415294;1788058312216;1509;BatteryChange / Akku-Livestand;11;141;0,1,5,6,10;03-E8-FF-FF-00-9B-DC-00-00-00-27;NOTIFICATION;0;da1a1500-d532-4285-be94-b07a3e11a098;da1a1509-d532-4285-be94-b07a3e11a098;18;;
415542;1788058312464;150A;MotorUpdate / Motor-Livestand;10;141;0,1;03-E8-FF-FF-FF-FF-FF-FF-FF-FF;NOTIFICATION;0;da1a1500-d532-4285-be94-b07a3e11a098;da1a150a-d532-4285-be94-b07a3e11a098;18;;
415717;1788058312639;150B;Motor-/Controllerblock;20;141;–;FF-FF-FF-FF-FF-FF-FF-FF-FF-FF-FF-FF-FF-FF-FF-FF-FF-FF-FF-FF;NOTIFICATION;0;da1a1500-d532-4285-be94-b07a3e11a098;da1a150b-d532-4285-be94-b07a3e11a098;18;;
415927;1788058312849;150D;Fahrstatistik Max/Ø;20;141;3;00-DA-00-62-FF-FF-FF-FF-47-18-FF-FF-FF-FF-FF-FF-FF-FF-00-00;NOTIFICATION;0;da1a1500-d532-4285-be94-b07a3e11a098;da1a150d-d532-4285-be94-b07a3e11a098;18;;
416966;1788058313888;1502;Akkuinformationen;16;142;–;47-18-FF-FF-FF-FF-47-18-FF-FF-FF-FF-FF-FF-00-00;NOTIFICATION;0;da1a1500-d532-4285-be94-b07a3e11a098;da1a1502-d532-4285-be94-b07a3e11a098;18;;
417440;1788058314362;1505;BikePerformance / Fahrleistung;18;142;0,1,2,3,7;00-00-00-00-FF-FF-00-9C-FF-FF-FF-FF-FF-00-00-00-00-00;NOTIFICATION;0;da1a1500-d532-4285-be94-b07a3e11a098;da1a1505-d532-4285-be94-b07a3e11a098;18;;
417584;1788058314506;1506;Trip / Kilometer & Betriebszähler;16;142;7;00-00-1E-88-00-02-67-A9-00-00-03-00-FF-00-00-00;NOTIFICATION;0;da1a1500-d532-4285-be94-b07a3e11a098;da1a1506-d532-4285-be94-b07a3e11a098;18;;
418054;1788058314976;1508;Settings / Licht & Fahrstufe;17;142;–;01-00-00-02-FF-FF-FF-FF-FF-FF-FF-00-00-00-00-00-00;NOTIFICATION;0;da1a1500-d532-4285-be94-b07a3e11a098;da1a1508-d532-4285-be94-b07a3e11a098;18;;
418214;1788058315136;1509;BatteryChange / Akku-Livestand;11;142;0,1,5,6,10;00-00-FF-FF-00-9C-A4-00-00-00-00;NOTIFICATION;0;da1a1500-d532-4285-be94-b07a3e11a098;da1a1509-d532-4285-be94-b07a3e11a098;18;;
418453;1788058315375;150A;MotorUpdate / Motor-Livestand;10;142;0,1;00-00-FF-FF-FF-FF-FF-FF-FF-FF;NOTIFICATION;0;da1a1500-d532-4285-be94-b07a3e11a098;da1a150a-d532-4285-be94-b07a3e11a098;18;;
418635;1788058315557;150B;Motor-/Controllerblock;20;142;–;FF-FF-FF-FF-FF-FF-FF-FF-FF-FF-FF-FF-FF-FF-FF-FF-FF-FF-FF-FF;NOTIFICATION;0;da1a1500-d532-4285-be94-b07a3e11a098;da1a150b-d532-4285-be94-b07a3e11a098;18;;
418871;1788058315793;150D;Fahrstatistik Max/Ø;20;142;–;00-DA-00-62-FF-FF-FF-FF-47-18-FF-FF-FF-FF-FF-FF-FF-FF-00-00;NOTIFICATION;0;da1a1500-d532-4285-be94-b07a3e11a098;da1a150d-d532-4285-be94-b07a3e11a098;18;;
419941;1788058316863;1502;Akkuinformationen;16;143;–;47-18-FF-FF-FF-FF-47-18-FF-FF-FF-FF-FF-FF-00-00;NOTIFICATION;0;da1a1500-d532-4285-be94-b07a3e11a098;da1a1502-d532-4285-be94-b07a3e11a098;18;;
420400;1788058317322;1505;BikePerformance / Fahrleistung;18;143;7;00-00-00-00-FF-FF-00-9F-FF-FF-FF-FF-FF-00-00-00-00-00;NOTIFICATION;0;da1a1500-d532-4285-be94-b07a3e11a098;da1a1505-d532-4285-be94-b07a3e11a098;18;;
420526;1788058317448;1506;Trip / Kilometer & Betriebszähler;16;143;7;00-00-1E-88-00-02-67-AC-00-00-03-00-FF-00-00-00;NOTIFICATION;0;da1a1500-d532-4285-be94-b07a3e11a098;da1a1506-d532-4285-be94-b07a3e11a098;18;;
420976;1788058317898;1508;Settings / Licht & Fahrstufe;17;143;–;01-00-00-02-FF-FF-FF-FF-FF-FF-FF-00-00-00-00-00-00;NOTIFICATION;0;da1a1500-d532-4285-be94-b07a3e11a098;da1a1508-d532-4285-be94-b07a3e11a098;18;;
421133;1788058318055;1509;BatteryChange / Akku-Livestand;11;143;–;00-00-FF-FF-00-9C-A4-00-00-00-00;NOTIFICATION;0;da1a1500-d532-4285-be94-b07a3e11a098;da1a1509-d532-4285-be94-b07a3e11a098;18;;
421384;1788058318306;150A;MotorUpdate / Motor-Livestand;10;143;–;00-00-FF-FF-FF-FF-FF-FF-FF-FF;NOTIFICATION;0;da1a1500-d532-4285-be94-b07a3e11a098;da1a150a-d532-4285-be94-b07a3e11a098;18;;
421564;1788058318486;150B;Motor-/Controllerblock;20;143;–;FF-FF-FF-FF-FF-FF-FF-FF-FF-FF-FF-FF-FF-FF-FF-FF-FF-FF-FF-FF;NOTIFICATION;0;da1a1500-d532-4285-be94-b07a3e11a098;da1a150b-d532-4285-be94-b07a3e11a098;18;;
421796;1788058318718;150D;Fahrstatistik Max/Ø;20;143;–;00-DA-00-62-FF-FF-FF-FF-47-18-FF-FF-FF-FF-FF-FF-FF-FF-00-00;NOTIFICATION;0;da1a1500-d532-4285-be94-b07a3e11a098;da1a150d-d532-4285-be94-b07a3e11a098;18;;
422891;1788058319813;1502;Akkuinformationen;16;144;–;47-18-FF-FF-FF-FF-47-18-FF-FF-FF-FF-FF-FF-00-00;NOTIFICATION;0;da1a1500-d532-4285-be94-b07a3e11a098;da1a1502-d532-4285-be94-b07a3e11a098;18;;
423221;1788058320143;1505;BikePerformance / Fahrleistung;18;144;7;00-00-00-00-FF-FF-00-9E-FF-FF-FF-FF-FF-00-00-00-00-00;NOTIFICATION;0;da1a1500-d532-4285-be94-b07a3e11a098;da1a1505-d532-4285-be94-b07a3e11a098;18;;
423432;1788058320354;1506;Trip / Kilometer & Betriebszähler;16;144;7;00-00-1E-88-00-02-67-AF-00-00-03-00-FF-00-00-00;NOTIFICATION;0;da1a1500-d532-4285-be94-b07a3e11a098;da1a1506-d532-4285-be94-b07a3e11a098;18;;
423847;1788058320769;1508;Settings / Licht & Fahrstufe;17;144;–;01-00-00-02-FF-FF-FF-FF-FF-FF-FF-00-00-00-00-00-00;NOTIFICATION;0;da1a1500-d532-4285-be94-b07a3e11a098;da1a1508-d532-4285-be94-b07a3e11a098;18;;
424080;1788058321002;1509;BatteryChange / Akku-Livestand;11;144;5,6;00-00-FF-FF-00-9D-D0-00-00-00-00;NOTIFICATION;0;da1a1500-d532-4285-be94-b07a3e11a098;da1a1509-d532-4285-be94-b07a3e11a098;18;;
424266;1788058321188;150A;MotorUpdate / Motor-Livestand;10;144;–;00-00-FF-FF-FF-FF-FF-FF-FF-FF;NOTIFICATION;0;da1a1500-d532-4285-be94-b07a3e11a098;da1a150a-d532-4285-be94-b07a3e11a098;18;;
424475;1788058321397;150B;Motor-/Controllerblock;20;144;–;FF-FF-FF-FF-FF-FF-FF-FF-FF-FF-FF-FF-FF-FF-FF-FF-FF-FF-FF-FF;NOTIFICATION;0;da1a1500-d532-4285-be94-b07a3e11a098;da1a150b-d532-4285-be94-b07a3e11a098;18;;
424685;1788058321607;150D;Fahrstatistik Max/Ø;20;144;–;00-DA-00-62-FF-FF-FF-FF-47-18-FF-FF-FF-FF-FF-FF-FF-FF-00-00;NOTIFICATION;0;da1a1500-d532-4285-be94-b07a3e11a098;da1a150d-d532-4285-be94-b07a3e11a098;18;;
425773;1788058322695;1502;Akkuinformationen;16;145;–;47-18-FF-FF-FF-FF-47-18-FF-FF-FF-FF-FF-FF-00-00;NOTIFICATION;0;da1a1500-d532-4285-be94-b07a3e11a098;da1a1502-d532-4285-be94-b07a3e11a098;18;;
426193;1788058323115;1505;BikePerformance / Fahrleistung;18;145;7;00-00-00-00-FF-FF-00-8C-FF-FF-FF-FF-FF-00-00-00-00-00;NOTIFICATION;0;da1a1500-d532-4285-be94-b07a3e11a098;da1a1505-d532-4285-be94-b07a3e11a098;18;;
426354;1788058323276;1506;Trip / Kilometer & Betriebszähler;16;145;7;00-00-1E-88-00-02-67-B2-00-00-03-00-FF-00-00-00;NOTIFICATION;0;da1a1500-d532-4285-be94-b07a3e11a098;da1a1506-d532-4285-be94-b07a3e11a098;18;;
426823;1788058323745;1508;Settings / Licht & Fahrstufe;17;145;–;01-00-00-02-FF-FF-FF-FF-FF-FF-FF-00-00-00-00-00-00;NOTIFICATION;0;da1a1500-d532-4285-be94-b07a3e11a098;da1a1508-d532-4285-be94-b07a3e11a098;18;;
426976;1788058323898;1509;BatteryChange / Akku-Livestand;11;145;0,1,5,6,10;03-E8-FF-FF-00-9C-A4-00-00-00-28;NOTIFICATION;0;da1a1500-d532-4285-be94-b07a3e11a098;da1a1509-d532-4285-be94-b07a3e11a098;18;;
427214;1788058324136;150A;MotorUpdate / Motor-Livestand;10;145;0,1;03-E8-FF-FF-FF-FF-FF-FF-FF-FF;NOTIFICATION;0;da1a1500-d532-4285-be94-b07a3e11a098;da1a150a-d532-4285-be94-b07a3e11a098;18;;
427394;1788058324316;150B;Motor-/Controllerblock;20;145;–;FF-FF-FF-FF-FF-FF-FF-FF-FF-FF-FF-FF-FF-FF-FF-FF-FF-FF-FF-FF;NOTIFICATION;0;da1a1500-d532-4285-be94-b07a3e11a098;da1a150b-d532-4285-be94-b07a3e11a098;18;;
427605;1788058324527;150D;Fahrstatistik Max/Ø;20;145;–;00-DA-00-62-FF-FF-FF-FF-47-18-FF-FF-FF-FF-FF-FF-FF-FF-00-00;NOTIFICATION;0;da1a1500-d532-4285-be94-b07a3e11a098;da1a150d-d532-4285-be94-b07a3e11a098;18;;
428702;1788058325624;1502;Akkuinformationen;16;146;–;47-18-FF-FF-FF-FF-47-18-FF-FF-FF-FF-FF-FF-00-00;NOTIFICATION;0;da1a1500-d532-4285-be94-b07a3e11a098;da1a1502-d532-4285-be94-b07a3e11a098;18;;
429120;1788058326042;1505;BikePerformance / Fahrleistung;18;146;7;00-00-00-00-FF-FF-00-91-FF-FF-FF-FF-FF-00-00-00-00-00;NOTIFICATION;0;da1a1500-d532-4285-be94-b07a3e11a098;da1a1505-d532-4285-be94-b07a3e11a098;18;;
429278;1788058326200;1506;Trip / Kilometer & Betriebszähler;16;146;7;00-00-1E-88-00-02-67-B5-00-00-03-00-FF-00-00-00;NOTIFICATION;0;da1a1500-d532-4285-be94-b07a3e11a098;da1a1506-d532-4285-be94-b07a3e11a098;18;;
429743;1788058326665;1508;Settings / Licht & Fahrstufe;17;146;–;01-00-00-02-FF-FF-FF-FF-FF-FF-FF-00-00-00-00-00-00;NOTIFICATION;0;da1a1500-d532-4285-be94-b07a3e11a098;da1a1508-d532-4285-be94-b07a3e11a098;18;;
429895;1788058326817;1509;BatteryChange / Akku-Livestand;11;146;5,6,10;03-E8-FF-FF-00-9B-DC-00-00-00-27;NOTIFICATION;0;da1a1500-d532-4285-be94-b07a3e11a098;da1a1509-d532-4285-be94-b07a3e11a098;18;;
430137;1788058327059;150A;MotorUpdate / Motor-Livestand;10;146;–;03-E8-FF-FF-FF-FF-FF-FF-FF-FF;NOTIFICATION;0;da1a1500-d532-4285-be94-b07a3e11a098;da1a150a-d532-4285-be94-b07a3e11a098;18;;
430316;1788058327238;150B;Motor-/Controllerblock;20;146;–;FF-FF-FF-FF-FF-FF-FF-FF-FF-FF-FF-FF-FF-FF-FF-FF-FF-FF-FF-FF;NOTIFICATION;0;da1a1500-d532-4285-be94-b07a3e11a098;da1a150b-d532-4285-be94-b07a3e11a098;18;;
430560;1788058327482;150D;Fahrstatistik Max/Ø;20;146;–;00-DA-00-62-FF-FF-FF-FF-47-18-FF-FF-FF-FF-FF-FF-FF-FF-00-00;NOTIFICATION;0;da1a1500-d532-4285-be94-b07a3e11a098;da1a150d-d532-4285-be94-b07a3e11a098;18;;
431631;1788058328553;1502;Akkuinformationen;16;147;–;47-18-FF-FF-FF-FF-47-18-FF-FF-FF-FF-FF-FF-00-00;NOTIFICATION;0;da1a1500-d532-4285-be94-b07a3e11a098;da1a1502-d532-4285-be94-b07a3e11a098;18;;
432042;1788058328964;1505;BikePerformance / Fahrleistung;18;147;7;00-00-00-00-FF-FF-00-8C-FF-FF-FF-FF-FF-00-00-00-00-00;NOTIFICATION;0;da1a1500-d532-4285-be94-b07a3e11a098;da1a1505-d532-4285-be94-b07a3e11a098;18;;
432195;1788058329117;1506;Trip / Kilometer & Betriebszähler;16;147;7;00-00-1E-88-00-02-67-B8-00-00-03-00-FF-00-00-00;NOTIFICATION;0;da1a1500-d532-4285-be94-b07a3e11a098;da1a1506-d532-4285-be94-b07a3e11a098;18;;
432662;1788058329584;1508;Settings / Licht & Fahrstufe;17;147;–;01-00-00-02-FF-FF-FF-FF-FF-FF-FF-00-00-00-00-00-00;NOTIFICATION;0;da1a1500-d532-4285-be94-b07a3e11a098;da1a1508-d532-4285-be94-b07a3e11a098;18;;
432817;1788058329739;1509;BatteryChange / Akku-Livestand;11;147;0,1,5,6,10;00-00-FF-FF-00-9C-40-00-00-00-00;NOTIFICATION;0;da1a1500-d532-4285-be94-b07a3e11a098;da1a1509-d532-4285-be94-b07a3e11a098;18;;
433058;1788058329980;150A;MotorUpdate / Motor-Livestand;10;147;0,1;00-00-FF-FF-FF-FF-FF-FF-FF-FF;NOTIFICATION;0;da1a1500-d532-4285-be94-b07a3e11a098;da1a150a-d532-4285-be94-b07a3e11a098;18;;
433233;1788058330155;150B;Motor-/Controllerblock;20;147;–;FF-FF-FF-FF-FF-FF-FF-FF-FF-FF-FF-FF-FF-FF-FF-FF-FF-FF-FF-FF;NOTIFICATION;0;da1a1500-d532-4285-be94-b07a3e11a098;da1a150b-d532-4285-be94-b07a3e11a098;18;;
433474;1788058330396;150D;Fahrstatistik Max/Ø;20;147;–;00-DA-00-62-FF-FF-FF-FF-47-18-FF-FF-FF-FF-FF-FF-FF-FF-00-00;NOTIFICATION;0;da1a1500-d532-4285-be94-b07a3e11a098;da1a150d-d532-4285-be94-b07a3e11a098;18;;
434537;1788058331459;1502;Akkuinformationen;16;148;–;47-18-FF-FF-FF-FF-47-18-FF-FF-FF-FF-FF-FF-00-00;NOTIFICATION;0;da1a1500-d532-4285-be94-b07a3e11a098;da1a1502-d532-4285-be94-b07a3e11a098;18;;
434962;1788058331884;1505;BikePerformance / Fahrleistung;18;148;7;00-00-00-00-FF-FF-00-A2-FF-FF-FF-FF-FF-00-00-00-00-00;NOTIFICATION;0;da1a1500-d532-4285-be94-b07a3e11a098;da1a1505-d532-4285-be94-b07a3e11a098;18;;
435117;1788058332039;1506;Trip / Kilometer & Betriebszähler;16;148;7;00-00-1E-88-00-02-67-BB-00-00-03-00-FF-00-00-00;NOTIFICATION;0;da1a1500-d532-4285-be94-b07a3e11a098;da1a1506-d532-4285-be94-b07a3e11a098;18;;
435606;1788058332528;1508;Settings / Licht & Fahrstufe;17;148;–;01-00-00-02-FF-FF-FF-FF-FF-FF-FF-00-00-00-00-00-00;NOTIFICATION;0;da1a1500-d532-4285-be94-b07a3e11a098;da1a1508-d532-4285-be94-b07a3e11a098;18;;
435734;1788058332656;1509;BatteryChange / Akku-Livestand;11;148;5,6;00-00-FF-FF-00-9D-08-00-00-00-00;NOTIFICATION;0;da1a1500-d532-4285-be94-b07a3e11a098;da1a1509-d532-4285-be94-b07a3e11a098;18;;
435966;1788058332888;150A;MotorUpdate / Motor-Livestand;10;148;0,1;07-D0-FF-FF-FF-FF-FF-FF-FF-FF;NOTIFICATION;0;da1a1500-d532-4285-be94-b07a3e11a098;da1a150a-d532-4285-be94-b07a3e11a098;18;;
436155;1788058333077;150B;Motor-/Controllerblock;20;148;–;FF-FF-FF-FF-FF-FF-FF-FF-FF-FF-FF-FF-FF-FF-FF-FF-FF-FF-FF-FF;NOTIFICATION;0;da1a1500-d532-4285-be94-b07a3e11a098;da1a150b-d532-4285-be94-b07a3e11a098;18;;
436395;1788058333317;150D;Fahrstatistik Max/Ø;20;148;–;00-DA-00-62-FF-FF-FF-FF-47-18-FF-FF-FF-FF-FF-FF-FF-FF-00-00;NOTIFICATION;0;da1a1500-d532-4285-be94-b07a3e11a098;da1a150d-d532-4285-be94-b07a3e11a098;18;;
437458;1788058334380;1502;Akkuinformationen;16;149;–;47-18-FF-FF-FF-FF-47-18-FF-FF-FF-FF-FF-FF-00-00;NOTIFICATION;0;da1a1500-d532-4285-be94-b07a3e11a098;da1a1502-d532-4285-be94-b07a3e11a098;18;;
437887;1788058334809;1505;BikePerformance / Fahrleistung;18;149;7;00-00-00-00-FF-FF-00-9F-FF-FF-FF-FF-FF-00-00-00-00-00;NOTIFICATION;0;da1a1500-d532-4285-be94-b07a3e11a098;da1a1505-d532-4285-be94-b07a3e11a098;18;;
438035;1788058334957;1506;Trip / Kilometer & Betriebszähler;16;149;3,7;00-00-1E-89-00-02-67-BE-00-00-03-00-FF-00-00-00;NOTIFICATION;0;da1a1500-d532-4285-be94-b07a3e11a098;da1a1506-d532-4285-be94-b07a3e11a098;18;;
438533;1788058335455;1508;Settings / Licht & Fahrstufe;17;149;–;01-00-00-02-FF-FF-FF-FF-FF-FF-FF-00-00-00-00-00-00;NOTIFICATION;0;da1a1500-d532-4285-be94-b07a3e11a098;da1a1508-d532-4285-be94-b07a3e11a098;18;;
438664;1788058335586;1509;BatteryChange / Akku-Livestand;11;149;5,6;00-00-FF-FF-00-9C-40-00-00-00-00;NOTIFICATION;0;da1a1500-d532-4285-be94-b07a3e11a098;da1a1509-d532-4285-be94-b07a3e11a098;18;;
438899;1788058335821;150A;MotorUpdate / Motor-Livestand;10;149;0,1;00-00-FF-FF-FF-FF-FF-FF-FF-FF;NOTIFICATION;0;da1a1500-d532-4285-be94-b07a3e11a098;da1a150a-d532-4285-be94-b07a3e11a098;18;;
439079;1788058336001;150B;Motor-/Controllerblock;20;149;–;FF-FF-FF-FF-FF-FF-FF-FF-FF-FF-FF-FF-FF-FF-FF-FF-FF-FF-FF-FF;NOTIFICATION;0;da1a1500-d532-4285-be94-b07a3e11a098;da1a150b-d532-4285-be94-b07a3e11a098;18;;
439322;1788058336244;150D;Fahrstatistik Max/Ø;20;149;3;00-DA-00-63-FF-FF-FF-FF-47-18-FF-FF-FF-FF-FF-FF-FF-FF-00-00;NOTIFICATION;0;da1a1500-d532-4285-be94-b07a3e11a098;da1a150d-d532-4285-be94-b07a3e11a098;18;;
440385;1788058337307;1502;Akkuinformationen;16;150;–;47-18-FF-FF-FF-FF-47-18-FF-FF-FF-FF-FF-FF-00-00;NOTIFICATION;0;da1a1500-d532-4285-be94-b07a3e11a098;da1a1502-d532-4285-be94-b07a3e11a098;18;;
440809;1788058337731;1505;BikePerformance / Fahrleistung;18;150;7;00-00-00-00-FF-FF-00-A3-FF-FF-FF-FF-FF-00-00-00-00-00;NOTIFICATION;0;da1a1500-d532-4285-be94-b07a3e11a098;da1a1505-d532-4285-be94-b07a3e11a098;18;;
440958;1788058337880;1506;Trip / Kilometer & Betriebszähler;16;150;7;00-00-1E-89-00-02-67-C0-00-00-03-00-FF-00-00-00;NOTIFICATION;0;da1a1500-d532-4285-be94-b07a3e11a098;da1a1506-d532-4285-be94-b07a3e11a098;18;;
441441;1788058338363;1508;Settings / Licht & Fahrstufe;17;150;–;01-00-00-02-FF-FF-FF-FF-FF-FF-FF-00-00-00-00-00-00;NOTIFICATION;0;da1a1500-d532-4285-be94-b07a3e11a098;da1a1508-d532-4285-be94-b07a3e11a098;18;;
441575;1788058338497;1509;BatteryChange / Akku-Livestand;11;150;–;00-00-FF-FF-00-9C-40-00-00-00-00;NOTIFICATION;0;da1a1500-d532-4285-be94-b07a3e11a098;da1a1509-d532-4285-be94-b07a3e11a098;18;;
441820;1788058338742;150A;MotorUpdate / Motor-Livestand;10;150;–;00-00-FF-FF-FF-FF-FF-FF-FF-FF;NOTIFICATION;0;da1a1500-d532-4285-be94-b07a3e11a098;da1a150a-d532-4285-be94-b07a3e11a098;18;;
441995;1788058338917;150B;Motor-/Controllerblock;20;150;–;FF-FF-FF-FF-FF-FF-FF-FF-FF-FF-FF-FF-FF-FF-FF-FF-FF-FF-FF-FF;NOTIFICATION;0;da1a1500-d532-4285-be94-b07a3e11a098;da1a150b-d532-4285-be94-b07a3e11a098;18;;
442240;1788058339162;150D;Fahrstatistik Max/Ø;20;150;–;00-DA-00-63-FF-FF-FF-FF-47-18-FF-FF-FF-FF-FF-FF-FF-FF-00-00;NOTIFICATION;0;da1a1500-d532-4285-be94-b07a3e11a098;da1a150d-d532-4285-be94-b07a3e11a098;18;;
443312;1788058340234;1502;Akkuinformationen;16;151;–;47-18-FF-FF-FF-FF-47-18-FF-FF-FF-FF-FF-FF-00-00;NOTIFICATION;0;da1a1500-d532-4285-be94-b07a3e11a098;da1a1502-d532-4285-be94-b07a3e11a098;18;;
443729;1788058340651;1505;BikePerformance / Fahrleistung;18;151;7;00-00-00-00-FF-FF-00-A2-FF-FF-FF-FF-FF-00-00-00-00-00;NOTIFICATION;0;da1a1500-d532-4285-be94-b07a3e11a098;da1a1505-d532-4285-be94-b07a3e11a098;18;;
443874;1788058340796;1506;Trip / Kilometer & Betriebszähler;16;151;7;00-00-1E-89-00-02-67-C3-00-00-03-00-FF-00-00-00;NOTIFICATION;0;da1a1500-d532-4285-be94-b07a3e11a098;da1a1506-d532-4285-be94-b07a3e11a098;18;;
444353;1788058341275;1508;Settings / Licht & Fahrstufe;17;151;–;01-00-00-02-FF-FF-FF-FF-FF-FF-FF-00-00-00-00-00-00;NOTIFICATION;0;da1a1500-d532-4285-be94-b07a3e11a098;da1a1508-d532-4285-be94-b07a3e11a098;18;;
444499;1788058341421;1509;BatteryChange / Akku-Livestand;11;151;–;00-00-FF-FF-00-9C-40-00-00-00-00;NOTIFICATION;0;da1a1500-d532-4285-be94-b07a3e11a098;da1a1509-d532-4285-be94-b07a3e11a098;18;;
444740;1788058341662;150A;MotorUpdate / Motor-Livestand;10;151;–;00-00-FF-FF-FF-FF-FF-FF-FF-FF;NOTIFICATION;0;da1a1500-d532-4285-be94-b07a3e11a098;da1a150a-d532-4285-be94-b07a3e11a098;18;;
444915;1788058341837;150B;Motor-/Controllerblock;20;151;–;FF-FF-FF-FF-FF-FF-FF-FF-FF-FF-FF-FF-FF-FF-FF-FF-FF-FF-FF-FF;NOTIFICATION;0;da1a1500-d532-4285-be94-b07a3e11a098;da1a150b-d532-4285-be94-b07a3e11a098;18;;
445164;1788058342086;150D;Fahrstatistik Max/Ø;20;151;–;00-DA-00-63-FF-FF-FF-FF-47-18-FF-FF-FF-FF-FF-FF-FF-FF-00-00;NOTIFICATION;0;da1a1500-d532-4285-be94-b07a3e11a098;da1a150d-d532-4285-be94-b07a3e11a098;18;;
446224;1788058343146;1502;Akkuinformationen;16;152;–;47-18-FF-FF-FF-FF-47-18-FF-FF-FF-FF-FF-FF-00-00;NOTIFICATION;0;da1a1500-d532-4285-be94-b07a3e11a098;da1a1502-d532-4285-be94-b07a3e11a098;18;;
446582;1788058343504;1505;BikePerformance / Fahrleistung;18;152;7;00-00-00-00-FF-FF-00-BF-FF-FF-FF-FF-FF-00-00-00-00-00;NOTIFICATION;0;da1a1500-d532-4285-be94-b07a3e11a098;da1a1505-d532-4285-be94-b07a3e11a098;18;;
446796;1788058343718;1506;Trip / Kilometer & Betriebszähler;16;152;7;00-00-1E-89-00-02-67-C6-00-00-03-00-FF-00-00-00;NOTIFICATION;0;da1a1500-d532-4285-be94-b07a3e11a098;da1a1506-d532-4285-be94-b07a3e11a098;18;;
447217;1788058344139;1508;Settings / Licht & Fahrstufe;17;152;–;01-00-00-02-FF-FF-FF-FF-FF-FF-FF-00-00-00-00-00-00;NOTIFICATION;0;da1a1500-d532-4285-be94-b07a3e11a098;da1a1508-d532-4285-be94-b07a3e11a098;18;;
447424;1788058344346;1509;BatteryChange / Akku-Livestand;11;152;–;00-00-FF-FF-00-9C-40-00-00-00-00;NOTIFICATION;0;da1a1500-d532-4285-be94-b07a3e11a098;da1a1509-d532-4285-be94-b07a3e11a098;18;;
447671;1788058344593;150A;MotorUpdate / Motor-Livestand;10;152;–;00-00-FF-FF-FF-FF-FF-FF-FF-FF;NOTIFICATION;0;da1a1500-d532-4285-be94-b07a3e11a098;da1a150a-d532-4285-be94-b07a3e11a098;18;;
447834;1788058344756;150B;Motor-/Controllerblock;20;152;–;FF-FF-FF-FF-FF-FF-FF-FF-FF-FF-FF-FF-FF-FF-FF-FF-FF-FF-FF-FF;NOTIFICATION;0;da1a1500-d532-4285-be94-b07a3e11a098;da1a150b-d532-4285-be94-b07a3e11a098;18;;
448048;1788058344970;150D;Fahrstatistik Max/Ø;20;152;–;00-DA-00-63-FF-FF-FF-FF-47-18-FF-FF-FF-FF-FF-FF-FF-FF-00-00;NOTIFICATION;0;da1a1500-d532-4285-be94-b07a3e11a098;da1a150d-d532-4285-be94-b07a3e11a098;18;;
449152;1788058346074;1502;Akkuinformationen;16;153;–;47-18-FF-FF-FF-FF-47-18-FF-FF-FF-FF-FF-FF-00-00;NOTIFICATION;0;da1a1500-d532-4285-be94-b07a3e11a098;da1a1502-d532-4285-be94-b07a3e11a098;18;;
449555;1788058346477;1505;BikePerformance / Fahrleistung;18;153;7;00-00-00-00-FF-FF-00-B6-FF-FF-FF-FF-FF-00-00-00-00-00;NOTIFICATION;0;da1a1500-d532-4285-be94-b07a3e11a098;da1a1505-d532-4285-be94-b07a3e11a098;18;;
449714;1788058346636;1506;Trip / Kilometer & Betriebszähler;16;153;7;00-00-1E-89-00-02-67-C9-00-00-03-00-FF-00-00-00;NOTIFICATION;0;da1a1500-d532-4285-be94-b07a3e11a098;da1a1506-d532-4285-be94-b07a3e11a098;18;;
450134;1788058347056;1508;Settings / Licht & Fahrstufe;17;153;–;01-00-00-02-FF-FF-FF-FF-FF-FF-FF-00-00-00-00-00-00;NOTIFICATION;0;da1a1500-d532-4285-be94-b07a3e11a098;da1a1508-d532-4285-be94-b07a3e11a098;18;;
450370;1788058347292;1509;BatteryChange / Akku-Livestand;11;153;0,1,5,6;07-D0-FF-FF-00-99-20-00-00-00-00;NOTIFICATION;0;da1a1500-d532-4285-be94-b07a3e11a098;da1a1509-d532-4285-be94-b07a3e11a098;18;;
450542;1788058347464;150A;MotorUpdate / Motor-Livestand;10;153;0,1;0B-B8-FF-FF-FF-FF-FF-FF-FF-FF;NOTIFICATION;0;da1a1500-d532-4285-be94-b07a3e11a098;da1a150a-d532-4285-be94-b07a3e11a098;18;;
450753;1788058347675;150B;Motor-/Controllerblock;20;153;–;FF-FF-FF-FF-FF-FF-FF-FF-FF-FF-FF-FF-FF-FF-FF-FF-FF-FF-FF-FF;NOTIFICATION;0;da1a1500-d532-4285-be94-b07a3e11a098;da1a150b-d532-4285-be94-b07a3e11a098;18;;
451001;1788058347923;150D;Fahrstatistik Max/Ø;20;153;–;00-DA-00-63-FF-FF-FF-FF-47-18-FF-FF-FF-FF-FF-FF-FF-FF-00-00;NOTIFICATION;0;da1a1500-d532-4285-be94-b07a3e11a098;da1a150d-d532-4285-be94-b07a3e11a098;18;;
452073;1788058348995;1502;Akkuinformationen;16;154;–;47-18-FF-FF-FF-FF-47-18-FF-FF-FF-FF-FF-FF-00-00;NOTIFICATION;0;da1a1500-d532-4285-be94-b07a3e11a098;da1a1502-d532-4285-be94-b07a3e11a098;18;;
452478;1788058349400;1505;BikePerformance / Fahrleistung;18;154;7;00-00-00-00-FF-FF-00-AD-FF-FF-FF-FF-FF-00-00-00-00-00;NOTIFICATION;0;da1a1500-d532-4285-be94-b07a3e11a098;da1a1505-d532-4285-be94-b07a3e11a098;18;;
452636;1788058349558;1506;Trip / Kilometer & Betriebszähler;16;154;7;00-00-1E-89-00-02-67-CC-00-00-03-00-FF-00-00-00;NOTIFICATION;0;da1a1500-d532-4285-be94-b07a3e11a098;da1a1506-d532-4285-be94-b07a3e11a098;18;;
453115;1788058350037;1508;Settings / Licht & Fahrstufe;17;154;–;01-00-00-02-FF-FF-FF-FF-FF-FF-FF-00-00-00-00-00-00;NOTIFICATION;0;da1a1500-d532-4285-be94-b07a3e11a098;da1a1508-d532-4285-be94-b07a3e11a098;18;;
453266;1788058350188;1509;BatteryChange / Akku-Livestand;11;154;0,1,5,6;00-00-FF-FF-00-9C-40-00-00-00-00;NOTIFICATION;0;da1a1500-d532-4285-be94-b07a3e11a098;da1a1509-d532-4285-be94-b07a3e11a098;18;;
453465;1788058350387;150A;MotorUpdate / Motor-Livestand;10;154;0,1;00-00-FF-FF-FF-FF-FF-FF-FF-FF;NOTIFICATION;0;da1a1500-d532-4285-be94-b07a3e11a098;da1a150a-d532-4285-be94-b07a3e11a098;18;;
453677;1788058350599;150B;Motor-/Controllerblock;20;154;–;FF-FF-FF-FF-FF-FF-FF-FF-FF-FF-FF-FF-FF-FF-FF-FF-FF-FF-FF-FF;NOTIFICATION;0;da1a1500-d532-4285-be94-b07a3e11a098;da1a150b-d532-4285-be94-b07a3e11a098;18;;
453887;1788058350809;150D;Fahrstatistik Max/Ø;20;154;–;00-DA-00-63-FF-FF-FF-FF-47-18-FF-FF-FF-FF-FF-FF-FF-FF-00-00;NOTIFICATION;0;da1a1500-d532-4285-be94-b07a3e11a098;da1a150d-d532-4285-be94-b07a3e11a098;18;;
454994;1788058351916;1502;Akkuinformationen;16;155;–;47-18-FF-FF-FF-FF-47-18-FF-FF-FF-FF-FF-FF-00-00;NOTIFICATION;0;da1a1500-d532-4285-be94-b07a3e11a098;da1a1502-d532-4285-be94-b07a3e11a098;18;;
455432;1788058352354;1505;BikePerformance / Fahrleistung;18;155;7;00-00-00-00-FF-FF-00-BB-FF-FF-FF-FF-FF-00-00-00-00-00;NOTIFICATION;0;da1a1500-d532-4285-be94-b07a3e11a098;da1a1505-d532-4285-be94-b07a3e11a098;18;;
455553;1788058352475;1506;Trip / Kilometer & Betriebszähler;16;155;7;00-00-1E-89-00-02-67-CF-00-00-03-00-FF-00-00-00;NOTIFICATION;0;da1a1500-d532-4285-be94-b07a3e11a098;da1a1506-d532-4285-be94-b07a3e11a098;18;;
456025;1788058352947;1508;Settings / Licht & Fahrstufe;17;155;–;01-00-00-02-FF-FF-FF-FF-FF-FF-FF-00-00-00-00-00-00;NOTIFICATION;0;da1a1500-d532-4285-be94-b07a3e11a098;da1a1508-d532-4285-be94-b07a3e11a098;18;;
456183;1788058353105;1509;BatteryChange / Akku-Livestand;11;155;–;00-00-FF-FF-00-9C-40-00-00-00-00;NOTIFICATION;0;da1a1500-d532-4285-be94-b07a3e11a098;da1a1509-d532-4285-be94-b07a3e11a098;18;;
456430;1788058353352;150A;MotorUpdate / Motor-Livestand;10;155;–;00-00-FF-FF-FF-FF-FF-FF-FF-FF;NOTIFICATION;0;da1a1500-d532-4285-be94-b07a3e11a098;da1a150a-d532-4285-be94-b07a3e11a098;18;;
456595;1788058353517;150B;Motor-/Controllerblock;20;155;–;FF-FF-FF-FF-FF-FF-FF-FF-FF-FF-FF-FF-FF-FF-FF-FF-FF-FF-FF-FF;NOTIFICATION;0;da1a1500-d532-4285-be94-b07a3e11a098;da1a150b-d532-4285-be94-b07a3e11a098;18;;
456848;1788058353770;150D;Fahrstatistik Max/Ø;20;155;–;00-DA-00-63-FF-FF-FF-FF-47-18-FF-FF-FF-FF-FF-FF-FF-FF-00-00;NOTIFICATION;0;da1a1500-d532-4285-be94-b07a3e11a098;da1a150d-d532-4285-be94-b07a3e11a098;18;;
457856;1788058354778;1502;Akkuinformationen;16;156;–;47-18-FF-FF-FF-FF-47-18-FF-FF-FF-FF-FF-FF-00-00;NOTIFICATION;0;da1a1500-d532-4285-be94-b07a3e11a098;da1a1502-d532-4285-be94-b07a3e11a098;18;;
458318;1788058355240;1505;BikePerformance / Fahrleistung;18;156;7;00-00-00-00-FF-FF-00-B8-FF-FF-FF-FF-FF-00-00-00-00-00;NOTIFICATION;0;da1a1500-d532-4285-be94-b07a3e11a098;da1a1505-d532-4285-be94-b07a3e11a098;18;;
458474;1788058355396;1506;Trip / Kilometer & Betriebszähler;16;156;3,7;00-00-1E-8A-00-02-67-D2-00-00-03-00-FF-00-00-00;NOTIFICATION;0;da1a1500-d532-4285-be94-b07a3e11a098;da1a1506-d532-4285-be94-b07a3e11a098;18;;
458960;1788058355882;1508;Settings / Licht & Fahrstufe;17;156;–;01-00-00-02-FF-FF-FF-FF-FF-FF-FF-00-00-00-00-00-00;NOTIFICATION;0;da1a1500-d532-4285-be94-b07a3e11a098;da1a1508-d532-4285-be94-b07a3e11a098;18;;
459105;1788058356027;1509;BatteryChange / Akku-Livestand;11;156;–;00-00-FF-FF-00-9C-40-00-00-00-00;NOTIFICATION;0;da1a1500-d532-4285-be94-b07a3e11a098;da1a1509-d532-4285-be94-b07a3e11a098;18;;
459351;1788058356273;150A;MotorUpdate / Motor-Livestand;10;156;–;00-00-FF-FF-FF-FF-FF-FF-FF-FF;NOTIFICATION;0;da1a1500-d532-4285-be94-b07a3e11a098;da1a150a-d532-4285-be94-b07a3e11a098;18;;
459525;1788058356447;150B;Motor-/Controllerblock;20;156;–;FF-FF-FF-FF-FF-FF-FF-FF-FF-FF-FF-FF-FF-FF-FF-FF-FF-FF-FF-FF;NOTIFICATION;0;da1a1500-d532-4285-be94-b07a3e11a098;da1a150b-d532-4285-be94-b07a3e11a098;18;;
459758;1788058356680;150D;Fahrstatistik Max/Ø;20;156;3;00-DA-00-64-FF-FF-FF-FF-47-18-FF-FF-FF-FF-FF-FF-FF-FF-00-00;NOTIFICATION;0;da1a1500-d532-4285-be94-b07a3e11a098;da1a150d-d532-4285-be94-b07a3e11a098;18;;
460778;1788058357700;1502;Akkuinformationen;16;157;–;47-18-FF-FF-FF-FF-47-18-FF-FF-FF-FF-FF-FF-00-00;NOTIFICATION;0;da1a1500-d532-4285-be94-b07a3e11a098;da1a1502-d532-4285-be94-b07a3e11a098;18;;
461186;1788058358108;1505;BikePerformance / Fahrleistung;18;157;–;00-00-00-00-FF-FF-00-B8-FF-FF-FF-FF-FF-00-00-00-00-00;NOTIFICATION;0;da1a1500-d532-4285-be94-b07a3e11a098;da1a1505-d532-4285-be94-b07a3e11a098;18;;
461456;1788058358378;1506;Trip / Kilometer & Betriebszähler;16;157;7;00-00-1E-8A-00-02-67-D5-00-00-03-00-FF-00-00-00;NOTIFICATION;0;da1a1500-d532-4285-be94-b07a3e11a098;da1a1506-d532-4285-be94-b07a3e11a098;18;;
461815;1788058358737;1508;Settings / Licht & Fahrstufe;17;157;–;01-00-00-02-FF-FF-FF-FF-FF-FF-FF-00-00-00-00-00-00;NOTIFICATION;0;da1a1500-d532-4285-be94-b07a3e11a098;da1a1508-d532-4285-be94-b07a3e11a098;18;;
462025;1788058358947;1509;BatteryChange / Akku-Livestand;11;157;–;00-00-FF-FF-00-9C-40-00-00-00-00;NOTIFICATION;0;da1a1500-d532-4285-be94-b07a3e11a098;da1a1509-d532-4285-be94-b07a3e11a098;18;;
462235;1788058359157;150A;MotorUpdate / Motor-Livestand;10;157;–;00-00-FF-FF-FF-FF-FF-FF-FF-FF;NOTIFICATION;0;da1a1500-d532-4285-be94-b07a3e11a098;da1a150a-d532-4285-be94-b07a3e11a098;18;;
462444;1788058359366;150B;Motor-/Controllerblock;20;157;–;FF-FF-FF-FF-FF-FF-FF-FF-FF-FF-FF-FF-FF-FF-FF-FF-FF-FF-FF-FF;NOTIFICATION;0;da1a1500-d532-4285-be94-b07a3e11a098;da1a150b-d532-4285-be94-b07a3e11a098;18;;
462645;1788058359567;150D;Fahrstatistik Max/Ø;20;157;–;00-DA-00-64-FF-FF-FF-FF-47-18-FF-FF-FF-FF-FF-FF-FF-FF-00-00;NOTIFICATION;0;da1a1500-d532-4285-be94-b07a3e11a098;da1a150d-d532-4285-be94-b07a3e11a098;18;;
463747;1788058360669;1502;Akkuinformationen;16;158;–;47-18-FF-FF-FF-FF-47-18-FF-FF-FF-FF-FF-FF-00-00;NOTIFICATION;0;da1a1500-d532-4285-be94-b07a3e11a098;da1a1502-d532-4285-be94-b07a3e11a098;18;;
464159;1788058361081;1505;BikePerformance / Fahrleistung;18;158;7;00-00-00-00-FF-FF-00-BA-FF-FF-FF-FF-FF-00-00-00-00-00;NOTIFICATION;0;da1a1500-d532-4285-be94-b07a3e11a098;da1a1505-d532-4285-be94-b07a3e11a098;18;;
464315;1788058361237;1506;Trip / Kilometer & Betriebszähler;16;158;7;00-00-1E-8A-00-02-67-D8-00-00-03-00-FF-00-00-00;NOTIFICATION;0;da1a1500-d532-4285-be94-b07a3e11a098;da1a1506-d532-4285-be94-b07a3e11a098;18;;
464792;1788058361714;1508;Settings / Licht & Fahrstufe;17;158;–;01-00-00-02-FF-FF-FF-FF-FF-FF-FF-00-00-00-00-00-00;NOTIFICATION;0;da1a1500-d532-4285-be94-b07a3e11a098;da1a1508-d532-4285-be94-b07a3e11a098;18;;
464947;1788058361869;1509;BatteryChange / Akku-Livestand;11;158;–;00-00-FF-FF-00-9C-40-00-00-00-00;NOTIFICATION;0;da1a1500-d532-4285-be94-b07a3e11a098;da1a1509-d532-4285-be94-b07a3e11a098;18;;
465186;1788058362108;150A;MotorUpdate / Motor-Livestand;10;158;–;00-00-FF-FF-FF-FF-FF-FF-FF-FF;NOTIFICATION;0;da1a1500-d532-4285-be94-b07a3e11a098;da1a150a-d532-4285-be94-b07a3e11a098;18;;
465368;1788058362290;150B;Motor-/Controllerblock;20;158;–;FF-FF-FF-FF-FF-FF-FF-FF-FF-FF-FF-FF-FF-FF-FF-FF-FF-FF-FF-FF;NOTIFICATION;0;da1a1500-d532-4285-be94-b07a3e11a098;da1a150b-d532-4285-be94-b07a3e11a098;18;;
465609;1788058362531;150D;Fahrstatistik Max/Ø;20;158;–;00-DA-00-64-FF-FF-FF-FF-47-18-FF-FF-FF-FF-FF-FF-FF-FF-00-00;NOTIFICATION;0;da1a1500-d532-4285-be94-b07a3e11a098;da1a150d-d532-4285-be94-b07a3e11a098;18;;
466665;1788058363587;1502;Akkuinformationen;16;159;–;47-18-FF-FF-FF-FF-47-18-FF-FF-FF-FF-FF-FF-00-00;NOTIFICATION;0;da1a1500-d532-4285-be94-b07a3e11a098;da1a1502-d532-4285-be94-b07a3e11a098;18;;
467107;1788058364029;1505;BikePerformance / Fahrleistung;18;159;7;00-00-00-00-FF-FF-00-BB-FF-FF-FF-FF-FF-00-00-00-00-00;NOTIFICATION;0;da1a1500-d532-4285-be94-b07a3e11a098;da1a1505-d532-4285-be94-b07a3e11a098;18;;
467234;1788058364156;1506;Trip / Kilometer & Betriebszähler;16;159;7;00-00-1E-8A-00-02-67-DB-00-00-03-00-FF-00-00-00;NOTIFICATION;0;da1a1500-d532-4285-be94-b07a3e11a098;da1a1506-d532-4285-be94-b07a3e11a098;18;;
467732;1788058364654;1508;Settings / Licht & Fahrstufe;17;159;–;01-00-00-02-FF-FF-FF-FF-FF-FF-FF-00-00-00-00-00-00;NOTIFICATION;0;da1a1500-d532-4285-be94-b07a3e11a098;da1a1508-d532-4285-be94-b07a3e11a098;18;;
467865;1788058364787;1509;BatteryChange / Akku-Livestand;11;159;–;00-00-FF-FF-00-9C-40-00-00-00-00;NOTIFICATION;0;da1a1500-d532-4285-be94-b07a3e11a098;da1a1509-d532-4285-be94-b07a3e11a098;18;;
468107;1788058365029;150A;MotorUpdate / Motor-Livestand;10;159;–;00-00-FF-FF-FF-FF-FF-FF-FF-FF;NOTIFICATION;0;da1a1500-d532-4285-be94-b07a3e11a098;da1a150a-d532-4285-be94-b07a3e11a098;18;;
468285;1788058365207;150B;Motor-/Controllerblock;20;159;–;FF-FF-FF-FF-FF-FF-FF-FF-FF-FF-FF-FF-FF-FF-FF-FF-FF-FF-FF-FF;NOTIFICATION;0;da1a1500-d532-4285-be94-b07a3e11a098;da1a150b-d532-4285-be94-b07a3e11a098;18;;
468524;1788058365446;150D;Fahrstatistik Max/Ø;20;159;–;00-DA-00-64-FF-FF-FF-FF-47-18-FF-FF-FF-FF-FF-FF-FF-FF-00-00;NOTIFICATION;0;da1a1500-d532-4285-be94-b07a3e11a098;da1a150d-d532-4285-be94-b07a3e11a098;18;;
469535;1788058366457;1502;Akkuinformationen;16;160;–;47-18-FF-FF-FF-FF-47-18-FF-FF-FF-FF-FF-FF-00-00;NOTIFICATION;0;da1a1500-d532-4285-be94-b07a3e11a098;da1a1502-d532-4285-be94-b07a3e11a098;18;;
469957;1788058366879;1505;BikePerformance / Fahrleistung;18;160;7;00-00-00-00-FF-FF-00-C5-FF-FF-FF-FF-FF-00-00-00-00-00;NOTIFICATION;0;da1a1500-d532-4285-be94-b07a3e11a098;da1a1505-d532-4285-be94-b07a3e11a098;18;;
470155;1788058367077;1506;Trip / Kilometer & Betriebszähler;16;160;7;00-00-1E-8A-00-02-67-DE-00-00-03-00-FF-00-00-00;NOTIFICATION;0;da1a1500-d532-4285-be94-b07a3e11a098;da1a1506-d532-4285-be94-b07a3e11a098;18;;
470577;1788058367499;1508;Settings / Licht & Fahrstufe;17;160;–;01-00-00-02-FF-FF-FF-FF-FF-FF-FF-00-00-00-00-00-00;NOTIFICATION;0;da1a1500-d532-4285-be94-b07a3e11a098;da1a1508-d532-4285-be94-b07a3e11a098;18;;
470787;1788058367709;1509;BatteryChange / Akku-Livestand;11;160;6;00-00-FF-FF-00-9C-A4-00-00-00-00;NOTIFICATION;0;da1a1500-d532-4285-be94-b07a3e11a098;da1a1509-d532-4285-be94-b07a3e11a098;18;;
470995;1788058367917;150A;MotorUpdate / Motor-Livestand;10;160;–;00-00-FF-FF-FF-FF-FF-FF-FF-FF;NOTIFICATION;0;da1a1500-d532-4285-be94-b07a3e11a098;da1a150a-d532-4285-be94-b07a3e11a098;18;;
471208;1788058368130;150B;Motor-/Controllerblock;20;160;–;FF-FF-FF-FF-FF-FF-FF-FF-FF-FF-FF-FF-FF-FF-FF-FF-FF-FF-FF-FF;NOTIFICATION;0;da1a1500-d532-4285-be94-b07a3e11a098;da1a150b-d532-4285-be94-b07a3e11a098;18;;
471419;1788058368341;150D;Fahrstatistik Max/Ø;20;160;–;00-DA-00-64-FF-FF-FF-FF-47-18-FF-FF-FF-FF-FF-FF-FF-FF-00-00;NOTIFICATION;0;da1a1500-d532-4285-be94-b07a3e11a098;da1a150d-d532-4285-be94-b07a3e11a098;18;;
472461;1788058369383;1502;Akkuinformationen;16;161;–;47-18-FF-FF-FF-FF-47-18-FF-FF-FF-FF-FF-FF-00-00;NOTIFICATION;0;da1a1500-d532-4285-be94-b07a3e11a098;da1a1502-d532-4285-be94-b07a3e11a098;18;;
472877;1788058369799;1505;BikePerformance / Fahrleistung;18;161;7;00-00-00-00-FF-FF-00-CC-FF-FF-FF-FF-FF-00-00-00-00-00;NOTIFICATION;0;da1a1500-d532-4285-be94-b07a3e11a098;da1a1505-d532-4285-be94-b07a3e11a098;18;;
473086;1788058370008;1506;Trip / Kilometer & Betriebszähler;16;161;7;00-00-1E-8A-00-02-67-E1-00-00-03-00-FF-00-00-00;NOTIFICATION;0;da1a1500-d532-4285-be94-b07a3e11a098;da1a1506-d532-4285-be94-b07a3e11a098;18;;
473495;1788058370417;1508;Settings / Licht & Fahrstufe;17;161;–;01-00-00-02-FF-FF-FF-FF-FF-FF-FF-00-00-00-00-00-00;NOTIFICATION;0;da1a1500-d532-4285-be94-b07a3e11a098;da1a1508-d532-4285-be94-b07a3e11a098;18;;
473711;1788058370633;1509;BatteryChange / Akku-Livestand;11;161;5,6;00-00-FF-FF-00-9D-08-00-00-00-00;NOTIFICATION;0;da1a1500-d532-4285-be94-b07a3e11a098;da1a1509-d532-4285-be94-b07a3e11a098;18;;
473916;1788058370838;150A;MotorUpdate / Motor-Livestand;10;161;–;00-00-FF-FF-FF-FF-FF-FF-FF-FF;NOTIFICATION;0;da1a1500-d532-4285-be94-b07a3e11a098;da1a150a-d532-4285-be94-b07a3e11a098;18;;
474130;1788058371052;150B;Motor-/Controllerblock;20;161;–;FF-FF-FF-FF-FF-FF-FF-FF-FF-FF-FF-FF-FF-FF-FF-FF-FF-FF-FF-FF;NOTIFICATION;0;da1a1500-d532-4285-be94-b07a3e11a098;da1a150b-d532-4285-be94-b07a3e11a098;18;;
474335;1788058371257;150D;Fahrstatistik Max/Ø;20;161;–;00-DA-00-64-FF-FF-FF-FF-47-18-FF-FF-FF-FF-FF-FF-FF-FF-00-00;NOTIFICATION;0;da1a1500-d532-4285-be94-b07a3e11a098;da1a150d-d532-4285-be94-b07a3e11a098;18;;
475381;1788058372303;1502;Akkuinformationen;16;162;–;47-18-FF-FF-FF-FF-47-18-FF-FF-FF-FF-FF-FF-00-00;NOTIFICATION;0;da1a1500-d532-4285-be94-b07a3e11a098;da1a1502-d532-4285-be94-b07a3e11a098;18;;
475797;1788058372719;1505;BikePerformance / Fahrleistung;18;162;7;00-00-00-00-FF-FF-00-CB-FF-FF-FF-FF-FF-00-00-00-00-00;NOTIFICATION;0;da1a1500-d532-4285-be94-b07a3e11a098;da1a1505-d532-4285-be94-b07a3e11a098;18;;
476009;1788058372931;1506;Trip / Kilometer & Betriebszähler;16;162;3,7;00-00-1E-8B-00-02-67-E4-00-00-03-00-FF-00-00-00;NOTIFICATION;0;da1a1500-d532-4285-be94-b07a3e11a098;da1a1506-d532-4285-be94-b07a3e11a098;18;;
476431;1788058373353;1508;Settings / Licht & Fahrstufe;17;162;–;01-00-00-02-FF-FF-FF-FF-FF-FF-FF-00-00-00-00-00-00;NOTIFICATION;0;da1a1500-d532-4285-be94-b07a3e11a098;da1a1508-d532-4285-be94-b07a3e11a098;18;;
476624;1788058373546;1509;BatteryChange / Akku-Livestand;11;162;–;00-00-FF-FF-00-9D-08-00-00-00-00;NOTIFICATION;0;da1a1500-d532-4285-be94-b07a3e11a098;da1a1509-d532-4285-be94-b07a3e11a098;18;;
476837;1788058373759;150A;MotorUpdate / Motor-Livestand;10;162;–;00-00-FF-FF-FF-FF-FF-FF-FF-FF;NOTIFICATION;0;da1a1500-d532-4285-be94-b07a3e11a098;da1a150a-d532-4285-be94-b07a3e11a098;18;;
477045;1788058373967;150B;Motor-/Controllerblock;20;162;–;FF-FF-FF-FF-FF-FF-FF-FF-FF-FF-FF-FF-FF-FF-FF-FF-FF-FF-FF-FF;NOTIFICATION;0;da1a1500-d532-4285-be94-b07a3e11a098;da1a150b-d532-4285-be94-b07a3e11a098;18;;
477257;1788058374179;150D;Fahrstatistik Max/Ø;20;162;3;00-DA-00-66-FF-FF-FF-FF-47-18-FF-FF-FF-FF-FF-FF-FF-FF-00-00;NOTIFICATION;0;da1a1500-d532-4285-be94-b07a3e11a098;da1a150d-d532-4285-be94-b07a3e11a098;18;;
478297;1788058375219;1502;Akkuinformationen;16;163;–;47-18-FF-FF-FF-FF-47-18-FF-FF-FF-FF-FF-FF-00-00;NOTIFICATION;0;da1a1500-d532-4285-be94-b07a3e11a098;da1a1502-d532-4285-be94-b07a3e11a098;18;;
478717;1788058375639;1505;BikePerformance / Fahrleistung;18;163;7;00-00-00-00-FF-FF-00-D6-FF-FF-FF-FF-FF-00-00-00-00-00;NOTIFICATION;0;da1a1500-d532-4285-be94-b07a3e11a098;da1a1505-d532-4285-be94-b07a3e11a098;18;;
478928;1788058375850;1506;Trip / Kilometer & Betriebszähler;16;163;7;00-00-1E-8B-00-02-67-E7-00-00-03-00-FF-00-00-00;NOTIFICATION;0;da1a1500-d532-4285-be94-b07a3e11a098;da1a1506-d532-4285-be94-b07a3e11a098;18;;
479346;1788058376268;1508;Settings / Licht & Fahrstufe;17;163;–;01-00-00-02-FF-FF-FF-FF-FF-FF-FF-00-00-00-00-00-00;NOTIFICATION;0;da1a1500-d532-4285-be94-b07a3e11a098;da1a1508-d532-4285-be94-b07a3e11a098;18;;
479545;1788058376467;1509;BatteryChange / Akku-Livestand;11;163;5,6;00-00-FF-FF-00-9C-A4-00-00-00-00;NOTIFICATION;0;da1a1500-d532-4285-be94-b07a3e11a098;da1a1509-d532-4285-be94-b07a3e11a098;18;;
479754;1788058376676;150A;MotorUpdate / Motor-Livestand;10;163;–;00-00-FF-FF-FF-FF-FF-FF-FF-FF;NOTIFICATION;0;da1a1500-d532-4285-be94-b07a3e11a098;da1a150a-d532-4285-be94-b07a3e11a098;18;;
479967;1788058376889;150B;Motor-/Controllerblock;20;163;–;FF-FF-FF-FF-FF-FF-FF-FF-FF-FF-FF-FF-FF-FF-FF-FF-FF-FF-FF-FF;NOTIFICATION;0;da1a1500-d532-4285-be94-b07a3e11a098;da1a150b-d532-4285-be94-b07a3e11a098;18;;
480175;1788058377097;150D;Fahrstatistik Max/Ø;20;163;–;00-DA-00-66-FF-FF-FF-FF-47-18-FF-FF-FF-FF-FF-FF-FF-FF-00-00;NOTIFICATION;0;da1a1500-d532-4285-be94-b07a3e11a098;da1a150d-d532-4285-be94-b07a3e11a098;18;;
481282;1788058378204;1502;Akkuinformationen;16;164;–;47-18-FF-FF-FF-FF-47-18-FF-FF-FF-FF-FF-FF-00-00;NOTIFICATION;0;da1a1500-d532-4285-be94-b07a3e11a098;da1a1502-d532-4285-be94-b07a3e11a098;18;;
481694;1788058378616;1505;BikePerformance / Fahrleistung;18;164;7;00-00-00-00-FF-FF-00-DA-FF-FF-FF-FF-FF-00-00-00-00-00;NOTIFICATION;0;da1a1500-d532-4285-be94-b07a3e11a098;da1a1505-d532-4285-be94-b07a3e11a098;18;;
481845;1788058378767;1506;Trip / Kilometer & Betriebszähler;16;164;7;00-00-1E-8B-00-02-67-EA-00-00-03-00-FF-00-00-00;NOTIFICATION;0;da1a1500-d532-4285-be94-b07a3e11a098;da1a1506-d532-4285-be94-b07a3e11a098;18;;
482317;1788058379239;1508;Settings / Licht & Fahrstufe;17;164;–;01-00-00-02-FF-FF-FF-FF-FF-FF-FF-00-00-00-00-00-00;NOTIFICATION;0;da1a1500-d532-4285-be94-b07a3e11a098;da1a1508-d532-4285-be94-b07a3e11a098;18;;
482467;1788058379389;1509;BatteryChange / Akku-Livestand;11;164;–;00-00-FF-FF-00-9C-A4-00-00-00-00;NOTIFICATION;0;da1a1500-d532-4285-be94-b07a3e11a098;da1a1509-d532-4285-be94-b07a3e11a098;18;;
482709;1788058379631;150A;MotorUpdate / Motor-Livestand;10;164;–;00-00-FF-FF-FF-FF-FF-FF-FF-FF;NOTIFICATION;0;da1a1500-d532-4285-be94-b07a3e11a098;da1a150a-d532-4285-be94-b07a3e11a098;18;;
482885;1788058379807;150B;Motor-/Controllerblock;20;164;–;FF-FF-FF-FF-FF-FF-FF-FF-FF-FF-FF-FF-FF-FF-FF-FF-FF-FF-FF-FF;NOTIFICATION;0;da1a1500-d532-4285-be94-b07a3e11a098;da1a150b-d532-4285-be94-b07a3e11a098;18;;
483119;1788058380041;150D;Fahrstatistik Max/Ø;20;164;–;00-DA-00-66-FF-FF-FF-FF-47-18-FF-FF-FF-FF-FF-FF-FF-FF-00-00;NOTIFICATION;0;da1a1500-d532-4285-be94-b07a3e11a098;da1a150d-d532-4285-be94-b07a3e11a098;18;;
484191;1788058381113;1502;Akkuinformationen;16;165;–;47-18-FF-FF-FF-FF-47-18-FF-FF-FF-FF-FF-FF-00-00;NOTIFICATION;0;da1a1500-d532-4285-be94-b07a3e11a098;da1a1502-d532-4285-be94-b07a3e11a098;18;;
484619;1788058381541;1505;BikePerformance / Fahrleistung;18;165;–;00-00-00-00-FF-FF-00-DA-FF-FF-FF-FF-FF-00-00-00-00-00;NOTIFICATION;0;da1a1500-d532-4285-be94-b07a3e11a098;da1a1505-d532-4285-be94-b07a3e11a098;18;;
484765;1788058381687;1506;Trip / Kilometer & Betriebszähler;16;165;7;00-00-1E-8B-00-02-67-ED-00-00-03-00-FF-00-00-00;NOTIFICATION;0;da1a1500-d532-4285-be94-b07a3e11a098;da1a1506-d532-4285-be94-b07a3e11a098;18;;
485265;1788058382187;1508;Settings / Licht & Fahrstufe;17;165;–;01-00-00-02-FF-FF-FF-FF-FF-FF-FF-00-00-00-00-00-00;NOTIFICATION;0;da1a1500-d532-4285-be94-b07a3e11a098;da1a1508-d532-4285-be94-b07a3e11a098;18;;
485382;1788058382304;1509;BatteryChange / Akku-Livestand;11;165;5,6;00-00-FF-FF-00-9D-08-00-00-00-00;NOTIFICATION;0;da1a1500-d532-4285-be94-b07a3e11a098;da1a1509-d532-4285-be94-b07a3e11a098;18;;
485626;1788058382548;150A;MotorUpdate / Motor-Livestand;10;165;–;00-00-FF-FF-FF-FF-FF-FF-FF-FF;NOTIFICATION;0;da1a1500-d532-4285-be94-b07a3e11a098;da1a150a-d532-4285-be94-b07a3e11a098;18;;
485806;1788058382728;150B;Motor-/Controllerblock;20;165;–;FF-FF-FF-FF-FF-FF-FF-FF-FF-FF-FF-FF-FF-FF-FF-FF-FF-FF-FF-FF;NOTIFICATION;0;da1a1500-d532-4285-be94-b07a3e11a098;da1a150b-d532-4285-be94-b07a3e11a098;18;;
486053;1788058382975;150D;Fahrstatistik Max/Ø;20;165;–;00-DA-00-66-FF-FF-FF-FF-47-18-FF-FF-FF-FF-FF-FF-FF-FF-00-00;NOTIFICATION;0;da1a1500-d532-4285-be94-b07a3e11a098;da1a150d-d532-4285-be94-b07a3e11a098;18;;
487125;1788058384047;1502;Akkuinformationen;16;166;–;47-18-FF-FF-FF-FF-47-18-FF-FF-FF-FF-FF-FF-00-00;NOTIFICATION;0;da1a1500-d532-4285-be94-b07a3e11a098;da1a1502-d532-4285-be94-b07a3e11a098;18;;
487537;1788058384459;1505;BikePerformance / Fahrleistung;18;166;7;00-00-00-00-FF-FF-00-CD-FF-FF-FF-FF-FF-00-00-00-00-00;NOTIFICATION;0;da1a1500-d532-4285-be94-b07a3e11a098;da1a1505-d532-4285-be94-b07a3e11a098;18;;
487684;1788058384606;1506;Trip / Kilometer & Betriebszähler;16;166;7;00-00-1E-8B-00-02-67-EF-00-00-03-00-FF-00-00-00;NOTIFICATION;0;da1a1500-d532-4285-be94-b07a3e11a098;da1a1506-d532-4285-be94-b07a3e11a098;18;;
488107;1788058385029;1508;Settings / Licht & Fahrstufe;17;166;–;01-00-00-02-FF-FF-FF-FF-FF-FF-FF-00-00-00-00-00-00;NOTIFICATION;0;da1a1500-d532-4285-be94-b07a3e11a098;da1a1508-d532-4285-be94-b07a3e11a098;18;;
488318;1788058385240;1509;BatteryChange / Akku-Livestand;11;166;5,6;00-00-FF-FF-00-9C-A4-00-00-00-00;NOTIFICATION;0;da1a1500-d532-4285-be94-b07a3e11a098;da1a1509-d532-4285-be94-b07a3e11a098;18;;
488555;1788058385477;150A;MotorUpdate / Motor-Livestand;10;166;–;00-00-FF-FF-FF-FF-FF-FF-FF-FF;NOTIFICATION;0;da1a1500-d532-4285-be94-b07a3e11a098;da1a150a-d532-4285-be94-b07a3e11a098;18;;
488726;1788058385648;150B;Motor-/Controllerblock;20;166;–;FF-FF-FF-FF-FF-FF-FF-FF-FF-FF-FF-FF-FF-FF-FF-FF-FF-FF-FF-FF;NOTIFICATION;0;da1a1500-d532-4285-be94-b07a3e11a098;da1a150b-d532-4285-be94-b07a3e11a098;18;;
488935;1788058385857;150D;Fahrstatistik Max/Ø;20;166;–;00-DA-00-66-FF-FF-FF-FF-47-18-FF-FF-FF-FF-FF-FF-FF-FF-00-00;NOTIFICATION;0;da1a1500-d532-4285-be94-b07a3e11a098;da1a150d-d532-4285-be94-b07a3e11a098;18;;
490063;1788058386985;1502;Akkuinformationen;16;167;–;47-18-FF-FF-FF-FF-47-18-FF-FF-FF-FF-FF-FF-00-00;NOTIFICATION;0;da1a1500-d532-4285-be94-b07a3e11a098;da1a1502-d532-4285-be94-b07a3e11a098;18;;
490455;1788058387377;1505;BikePerformance / Fahrleistung;18;167;7;00-00-00-00-FF-FF-00-BC-FF-FF-FF-FF-FF-00-00-00-00-00;NOTIFICATION;0;da1a1500-d532-4285-be94-b07a3e11a098;da1a1505-d532-4285-be94-b07a3e11a098;18;;
490607;1788058387529;1506;Trip / Kilometer & Betriebszähler;16;167;7;00-00-1E-8B-00-02-67-F2-00-00-03-00-FF-00-00-00;NOTIFICATION;0;da1a1500-d532-4285-be94-b07a3e11a098;da1a1506-d532-4285-be94-b07a3e11a098;18;;
491074;1788058387996;1508;Settings / Licht & Fahrstufe;17;167;–;01-00-00-02-FF-FF-FF-FF-FF-FF-FF-00-00-00-00-00-00;NOTIFICATION;0;da1a1500-d532-4285-be94-b07a3e11a098;da1a1508-d532-4285-be94-b07a3e11a098;18;;
491235;1788058388157;1509;BatteryChange / Akku-Livestand;11;167;5,6;00-00-FF-FF-00-9D-08-00-00-00-00;NOTIFICATION;0;da1a1500-d532-4285-be94-b07a3e11a098;da1a1509-d532-4285-be94-b07a3e11a098;18;;
491433;1788058388355;150A;MotorUpdate / Motor-Livestand;10;167;–;00-00-FF-FF-FF-FF-FF-FF-FF-FF;NOTIFICATION;0;da1a1500-d532-4285-be94-b07a3e11a098;da1a150a-d532-4285-be94-b07a3e11a098;18;;
491690;1788058388612;150B;Motor-/Controllerblock;20;167;–;FF-FF-FF-FF-FF-FF-FF-FF-FF-FF-FF-FF-FF-FF-FF-FF-FF-FF-FF-FF;NOTIFICATION;0;da1a1500-d532-4285-be94-b07a3e11a098;da1a150b-d532-4285-be94-b07a3e11a098;18;;
491856;1788058388778;150D;Fahrstatistik Max/Ø;20;167;–;00-DA-00-66-FF-FF-FF-FF-47-18-FF-FF-FF-FF-FF-FF-FF-FF-00-00;NOTIFICATION;0;da1a1500-d532-4285-be94-b07a3e11a098;da1a150d-d532-4285-be94-b07a3e11a098;18;;
492988;1788058389910;1502;Akkuinformationen;16;168;–;47-18-FF-FF-FF-FF-47-18-FF-FF-FF-FF-FF-FF-00-00;NOTIFICATION;0;da1a1500-d532-4285-be94-b07a3e11a098;da1a1502-d532-4285-be94-b07a3e11a098;18;;
493366;1788058390288;1505;BikePerformance / Fahrleistung;18;168;7;00-00-00-00-FF-FF-00-B5-FF-FF-FF-FF-FF-00-00-00-00-00;NOTIFICATION;0;da1a1500-d532-4285-be94-b07a3e11a098;da1a1505-d532-4285-be94-b07a3e11a098;18;;
493524;1788058390446;1506;Trip / Kilometer & Betriebszähler;16;168;7;00-00-1E-8B-00-02-67-F5-00-00-03-00-FF-00-00-00;NOTIFICATION;0;da1a1500-d532-4285-be94-b07a3e11a098;da1a1506-d532-4285-be94-b07a3e11a098;18;;
493945;1788058390867;1508;Settings / Licht & Fahrstufe;17;168;–;01-00-00-02-FF-FF-FF-FF-FF-FF-FF-00-00-00-00-00-00;NOTIFICATION;0;da1a1500-d532-4285-be94-b07a3e11a098;da1a1508-d532-4285-be94-b07a3e11a098;18;;
494158;1788058391080;1509;BatteryChange / Akku-Livestand;11;168;5,6;00-00-FF-FF-00-9B-78-00-00-00-00;NOTIFICATION;0;da1a1500-d532-4285-be94-b07a3e11a098;da1a1509-d532-4285-be94-b07a3e11a098;18;;
494357;1788058391279;150A;MotorUpdate / Motor-Livestand;10;168;–;00-00-FF-FF-FF-FF-FF-FF-FF-FF;NOTIFICATION;0;da1a1500-d532-4285-be94-b07a3e11a098;da1a150a-d532-4285-be94-b07a3e11a098;18;;
494567;1788058391489;150B;Motor-/Controllerblock;20;168;–;FF-FF-FF-FF-FF-FF-FF-FF-FF-FF-FF-FF-FF-FF-FF-FF-FF-FF-FF-FF;NOTIFICATION;0;da1a1500-d532-4285-be94-b07a3e11a098;da1a150b-d532-4285-be94-b07a3e11a098;18;;
494778;1788058391700;150D;Fahrstatistik Max/Ø;20;168;3;00-DA-00-67-FF-FF-FF-FF-47-18-FF-FF-FF-FF-FF-FF-FF-FF-00-00;NOTIFICATION;0;da1a1500-d532-4285-be94-b07a3e11a098;da1a150d-d532-4285-be94-b07a3e11a098;18;;
495920;1788058392842;1502;Akkuinformationen;16;169;–;47-18-FF-FF-FF-FF-47-18-FF-FF-FF-FF-FF-FF-00-00;NOTIFICATION;0;da1a1500-d532-4285-be94-b07a3e11a098;da1a1502-d532-4285-be94-b07a3e11a098;18;;
496285;1788058393207;1505;BikePerformance / Fahrleistung;18;169;7;00-00-00-00-FF-FF-00-B4-FF-FF-FF-FF-FF-00-00-00-00-00;NOTIFICATION;0;da1a1500-d532-4285-be94-b07a3e11a098;da1a1505-d532-4285-be94-b07a3e11a098;18;;
496443;1788058393365;1506;Trip / Kilometer & Betriebszähler;16;169;3,7,11,12;00-00-1E-8C-00-02-67-F8-00-00-03-0E-00-00-00-00;NOTIFICATION;0;da1a1500-d532-4285-be94-b07a3e11a098;da1a1506-d532-4285-be94-b07a3e11a098;18;;
496927;1788058393849;1508;Settings / Licht & Fahrstufe;17;169;–;01-00-00-02-FF-FF-FF-FF-FF-FF-FF-00-00-00-00-00-00;NOTIFICATION;0;da1a1500-d532-4285-be94-b07a3e11a098;da1a1508-d532-4285-be94-b07a3e11a098;18;;
497075;1788058393997;1509;BatteryChange / Akku-Livestand;11;169;6;00-00-FF-FF-00-9B-DC-00-00-00-00;NOTIFICATION;0;da1a1500-d532-4285-be94-b07a3e11a098;da1a1509-d532-4285-be94-b07a3e11a098;18;;
497312;1788058394234;150A;MotorUpdate / Motor-Livestand;10;169;–;00-00-FF-FF-FF-FF-FF-FF-FF-FF;NOTIFICATION;0;da1a1500-d532-4285-be94-b07a3e11a098;da1a150a-d532-4285-be94-b07a3e11a098;18;;
497485;1788058394407;150B;Motor-/Controllerblock;20;169;–;FF-FF-FF-FF-FF-FF-FF-FF-FF-FF-FF-FF-FF-FF-FF-FF-FF-FF-FF-FF;NOTIFICATION;0;da1a1500-d532-4285-be94-b07a3e11a098;da1a150b-d532-4285-be94-b07a3e11a098;18;;
497730;1788058394652;150D;Fahrstatistik Max/Ø;20;169;–;00-DA-00-67-FF-FF-FF-FF-47-18-FF-FF-FF-FF-FF-FF-FF-FF-00-00;NOTIFICATION;0;da1a1500-d532-4285-be94-b07a3e11a098;da1a150d-d532-4285-be94-b07a3e11a098;18;;
498842;1788058395764;1502;Akkuinformationen;16;170;–;47-18-FF-FF-FF-FF-47-18-FF-FF-FF-FF-FF-FF-00-00;NOTIFICATION;0;da1a1500-d532-4285-be94-b07a3e11a098;da1a1502-d532-4285-be94-b07a3e11a098;18;;
499205;1788058396127;1505;BikePerformance / Fahrleistung;18;170;7;00-00-00-00-FF-FF-00-B0-FF-FF-FF-FF-FF-00-00-00-00-00;NOTIFICATION;0;da1a1500-d532-4285-be94-b07a3e11a098;da1a1505-d532-4285-be94-b07a3e11a098;18;;
499363;1788058396285;1506;Trip / Kilometer & Betriebszähler;16;170;7;00-00-1E-8C-00-02-67-FB-00-00-03-0E-00-00-00-00;NOTIFICATION;0;da1a1500-d532-4285-be94-b07a3e11a098;da1a1506-d532-4285-be94-b07a3e11a098;18;;
499810;1788058396732;1508;Settings / Licht & Fahrstufe;17;170;–;01-00-00-02-FF-FF-FF-FF-FF-FF-FF-00-00-00-00-00-00;NOTIFICATION;0;da1a1500-d532-4285-be94-b07a3e11a098;da1a1508-d532-4285-be94-b07a3e11a098;18;;
499995;1788058396917;1509;BatteryChange / Akku-Livestand;11;170;5,6;00-00-FF-FF-00-9C-40-00-00-00-00;NOTIFICATION;0;da1a1500-d532-4285-be94-b07a3e11a098;da1a1509-d532-4285-be94-b07a3e11a098;18;;
500208;1788058397130;150A;MotorUpdate / Motor-Livestand;10;170;–;00-00-FF-FF-FF-FF-FF-FF-FF-FF;NOTIFICATION;0;da1a1500-d532-4285-be94-b07a3e11a098;da1a150a-d532-4285-be94-b07a3e11a098;18;;
500444;1788058397366;150B;Motor-/Controllerblock;20;170;–;FF-FF-FF-FF-FF-FF-FF-FF-FF-FF-FF-FF-FF-FF-FF-FF-FF-FF-FF-FF;NOTIFICATION;0;da1a1500-d532-4285-be94-b07a3e11a098;da1a150b-d532-4285-be94-b07a3e11a098;18;;
500615;1788058397537;150D;Fahrstatistik Max/Ø;20;170;–;00-DA-00-67-FF-FF-FF-FF-47-18-FF-FF-FF-FF-FF-FF-FF-FF-00-00;NOTIFICATION;0;da1a1500-d532-4285-be94-b07a3e11a098;da1a150d-d532-4285-be94-b07a3e11a098;18;;
501740;1788058398662;1502;Akkuinformationen;16;171;–;47-18-FF-FF-FF-FF-47-18-FF-FF-FF-FF-FF-FF-00-00;NOTIFICATION;0;da1a1500-d532-4285-be94-b07a3e11a098;da1a1502-d532-4285-be94-b07a3e11a098;18;;
502132;1788058399054;1505;BikePerformance / Fahrleistung;18;171;7;00-00-00-00-FF-FF-00-AC-FF-FF-FF-FF-FF-00-00-00-00-00;NOTIFICATION;0;da1a1500-d532-4285-be94-b07a3e11a098;da1a1505-d532-4285-be94-b07a3e11a098;18;;
502287;1788058399209;1506;Trip / Kilometer & Betriebszähler;16;171;7;00-00-1E-8C-00-02-67-FE-00-00-03-0E-00-00-00-00;NOTIFICATION;0;da1a1500-d532-4285-be94-b07a3e11a098;da1a1506-d532-4285-be94-b07a3e11a098;18;;
502704;1788058399626;1508;Settings / Licht & Fahrstufe;17;171;–;01-00-00-02-FF-FF-FF-FF-FF-FF-FF-00-00-00-00-00-00;NOTIFICATION;0;da1a1500-d532-4285-be94-b07a3e11a098;da1a1508-d532-4285-be94-b07a3e11a098;18;;
502953;1788058399875;1509;BatteryChange / Akku-Livestand;11;171;–;00-00-FF-FF-00-9C-40-00-00-00-00;NOTIFICATION;0;da1a1500-d532-4285-be94-b07a3e11a098;da1a1509-d532-4285-be94-b07a3e11a098;18;;
503124;1788058400046;150A;MotorUpdate / Motor-Livestand;10;171;–;00-00-FF-FF-FF-FF-FF-FF-FF-FF;NOTIFICATION;0;da1a1500-d532-4285-be94-b07a3e11a098;da1a150a-d532-4285-be94-b07a3e11a098;18;;
503368;1788058400290;150B;Motor-/Controllerblock;20;171;–;FF-FF-FF-FF-FF-FF-FF-FF-FF-FF-FF-FF-FF-FF-FF-FF-FF-FF-FF-FF;NOTIFICATION;0;da1a1500-d532-4285-be94-b07a3e11a098;da1a150b-d532-4285-be94-b07a3e11a098;18;;
503537;1788058400459;150D;Fahrstatistik Max/Ø;20;171;–;00-DA-00-67-FF-FF-FF-FF-47-18-FF-FF-FF-FF-FF-FF-FF-FF-00-00;NOTIFICATION;0;da1a1500-d532-4285-be94-b07a3e11a098;da1a150d-d532-4285-be94-b07a3e11a098;18;;
504659;1788058401581;1502;Akkuinformationen;16;172;–;47-18-FF-FF-FF-FF-47-18-FF-FF-FF-FF-FF-FF-00-00;NOTIFICATION;0;da1a1500-d532-4285-be94-b07a3e11a098;da1a1502-d532-4285-be94-b07a3e11a098;18;;
505061;1788058401983;1505;BikePerformance / Fahrleistung;18;172;7;00-00-00-00-FF-FF-00-AF-FF-FF-FF-FF-FF-00-00-00-00-00;NOTIFICATION;0;da1a1500-d532-4285-be94-b07a3e11a098;da1a1505-d532-4285-be94-b07a3e11a098;18;;
505205;1788058402127;1506;Trip / Kilometer & Betriebszähler;16;172;6,7;00-00-1E-8C-00-02-68-01-00-00-03-0E-00-00-00-00;NOTIFICATION;0;da1a1500-d532-4285-be94-b07a3e11a098;da1a1506-d532-4285-be94-b07a3e11a098;18;;
505684;1788058402606;1508;Settings / Licht & Fahrstufe;17;172;–;01-00-00-02-FF-FF-FF-FF-FF-FF-FF-00-00-00-00-00-00;NOTIFICATION;0;da1a1500-d532-4285-be94-b07a3e11a098;da1a1508-d532-4285-be94-b07a3e11a098;18;;
505835;1788058402757;1509;BatteryChange / Akku-Livestand;11;172;–;00-00-FF-FF-00-9C-40-00-00-00-00;NOTIFICATION;0;da1a1500-d532-4285-be94-b07a3e11a098;da1a1509-d532-4285-be94-b07a3e11a098;18;;
506076;1788058402998;150A;MotorUpdate / Motor-Livestand;10;172;–;00-00-FF-FF-FF-FF-FF-FF-FF-FF;NOTIFICATION;0;da1a1500-d532-4285-be94-b07a3e11a098;da1a150a-d532-4285-be94-b07a3e11a098;18;;
506256;1788058403178;150B;Motor-/Controllerblock;20;172;–;FF-FF-FF-FF-FF-FF-FF-FF-FF-FF-FF-FF-FF-FF-FF-FF-FF-FF-FF-FF;NOTIFICATION;0;da1a1500-d532-4285-be94-b07a3e11a098;da1a150b-d532-4285-be94-b07a3e11a098;18;;
506483;1788058403405;150D;Fahrstatistik Max/Ø;20;172;–;00-DA-00-67-FF-FF-FF-FF-47-18-FF-FF-FF-FF-FF-FF-FF-FF-00-00;NOTIFICATION;0;da1a1500-d532-4285-be94-b07a3e11a098;da1a150d-d532-4285-be94-b07a3e11a098;18;;
507584;1788058404506;1502;Akkuinformationen;16;173;–;47-18-FF-FF-FF-FF-47-18-FF-FF-FF-FF-FF-FF-00-00;NOTIFICATION;0;da1a1500-d532-4285-be94-b07a3e11a098;da1a1502-d532-4285-be94-b07a3e11a098;18;;
507970;1788058404892;1505;BikePerformance / Fahrleistung;18;173;7;00-00-00-00-FF-FF-00-B5-FF-FF-FF-FF-FF-00-00-00-00-00;NOTIFICATION;0;da1a1500-d532-4285-be94-b07a3e11a098;da1a1505-d532-4285-be94-b07a3e11a098;18;;
508125;1788058405047;1506;Trip / Kilometer & Betriebszähler;16;173;7;00-00-1E-8C-00-02-68-04-00-00-03-0E-00-00-00-00;NOTIFICATION;0;da1a1500-d532-4285-be94-b07a3e11a098;da1a1506-d532-4285-be94-b07a3e11a098;18;;
508598;1788058405520;1508;Settings / Licht & Fahrstufe;17;173;–;01-00-00-02-FF-FF-FF-FF-FF-FF-FF-00-00-00-00-00-00;NOTIFICATION;0;da1a1500-d532-4285-be94-b07a3e11a098;da1a1508-d532-4285-be94-b07a3e11a098;18;;
508754;1788058405676;1509;BatteryChange / Akku-Livestand;11;173;–;00-00-FF-FF-00-9C-40-00-00-00-00;NOTIFICATION;0;da1a1500-d532-4285-be94-b07a3e11a098;da1a1509-d532-4285-be94-b07a3e11a098;18;;
508968;1788058405890;150A;MotorUpdate / Motor-Livestand;10;173;–;00-00-FF-FF-FF-FF-FF-FF-FF-FF;NOTIFICATION;0;da1a1500-d532-4285-be94-b07a3e11a098;da1a150a-d532-4285-be94-b07a3e11a098;18;;
509176;1788058406098;150B;Motor-/Controllerblock;20;173;–;FF-FF-FF-FF-FF-FF-FF-FF-FF-FF-FF-FF-FF-FF-FF-FF-FF-FF-FF-FF;NOTIFICATION;0;da1a1500-d532-4285-be94-b07a3e11a098;da1a150b-d532-4285-be94-b07a3e11a098;18;;
509387;1788058406309;150D;Fahrstatistik Max/Ø;20;173;–;00-DA-00-67-FF-FF-FF-FF-47-18-FF-FF-FF-FF-FF-FF-FF-FF-00-00;NOTIFICATION;0;da1a1500-d532-4285-be94-b07a3e11a098;da1a150d-d532-4285-be94-b07a3e11a098;18;;
510479;1788058407401;1502;Akkuinformationen;16;174;–;47-18-FF-FF-FF-FF-47-18-FF-FF-FF-FF-FF-FF-00-00;NOTIFICATION;0;da1a1500-d532-4285-be94-b07a3e11a098;da1a1502-d532-4285-be94-b07a3e11a098;18;;
510897;1788058407819;1505;BikePerformance / Fahrleistung;18;174;7;00-00-00-00-FF-FF-00-BC-FF-FF-FF-FF-FF-00-00-00-00-00;NOTIFICATION;0;da1a1500-d532-4285-be94-b07a3e11a098;da1a1505-d532-4285-be94-b07a3e11a098;18;;
511045;1788058407967;1506;Trip / Kilometer & Betriebszähler;16;174;7;00-00-1E-8C-00-02-68-07-00-00-03-0E-00-00-00-00;NOTIFICATION;0;da1a1500-d532-4285-be94-b07a3e11a098;da1a1506-d532-4285-be94-b07a3e11a098;18;;
511546;1788058408468;1508;Settings / Licht & Fahrstufe;17;174;–;01-00-00-02-FF-FF-FF-FF-FF-FF-FF-00-00-00-00-00-00;NOTIFICATION;0;da1a1500-d532-4285-be94-b07a3e11a098;da1a1508-d532-4285-be94-b07a3e11a098;18;;
511676;1788058408598;1509;BatteryChange / Akku-Livestand;11;174;–;00-00-FF-FF-00-9C-40-00-00-00-00;NOTIFICATION;0;da1a1500-d532-4285-be94-b07a3e11a098;da1a1509-d532-4285-be94-b07a3e11a098;18;;
511926;1788058408848;150A;MotorUpdate / Motor-Livestand;10;174;–;00-00-FF-FF-FF-FF-FF-FF-FF-FF;NOTIFICATION;0;da1a1500-d532-4285-be94-b07a3e11a098;da1a150a-d532-4285-be94-b07a3e11a098;18;;
512095;1788058409017;150B;Motor-/Controllerblock;20;174;–;FF-FF-FF-FF-FF-FF-FF-FF-FF-FF-FF-FF-FF-FF-FF-FF-FF-FF-FF-FF;NOTIFICATION;0;da1a1500-d532-4285-be94-b07a3e11a098;da1a150b-d532-4285-be94-b07a3e11a098;18;;
512337;1788058409259;150D;Fahrstatistik Max/Ø;20;174;3;00-DA-00-69-FF-FF-FF-FF-47-18-FF-FF-FF-FF-FF-FF-FF-FF-00-00;NOTIFICATION;0;da1a1500-d532-4285-be94-b07a3e11a098;da1a150d-d532-4285-be94-b07a3e11a098;18;;
513396;1788058410318;1502;Akkuinformationen;16;175;–;47-18-FF-FF-FF-FF-47-18-FF-FF-FF-FF-FF-FF-00-00;NOTIFICATION;0;da1a1500-d532-4285-be94-b07a3e11a098;da1a1502-d532-4285-be94-b07a3e11a098;18;;
513821;1788058410743;1505;BikePerformance / Fahrleistung;18;175;7;00-00-00-00-FF-FF-00-C2-FF-FF-FF-FF-FF-00-00-00-00-00;NOTIFICATION;0;da1a1500-d532-4285-be94-b07a3e11a098;da1a1505-d532-4285-be94-b07a3e11a098;18;;
513976;1788058410898;1506;Trip / Kilometer & Betriebszähler;16;175;3,7;00-00-1E-8D-00-02-68-0A-00-00-03-0E-00-00-00-00;NOTIFICATION;0;da1a1500-d532-4285-be94-b07a3e11a098;da1a1506-d532-4285-be94-b07a3e11a098;18;;
514467;1788058411389;1508;Settings / Licht & Fahrstufe;17;175;–;01-00-00-02-FF-FF-FF-FF-FF-FF-FF-00-00-00-00-00-00;NOTIFICATION;0;da1a1500-d532-4285-be94-b07a3e11a098;da1a1508-d532-4285-be94-b07a3e11a098;18;;
514594;1788058411516;1509;BatteryChange / Akku-Livestand;11;175;5,6;00-00-FF-FF-00-9B-DC-00-00-00-00;NOTIFICATION;0;da1a1500-d532-4285-be94-b07a3e11a098;da1a1509-d532-4285-be94-b07a3e11a098;18;;
514854;1788058411776;150A;MotorUpdate / Motor-Livestand;10;175;–;00-00-FF-FF-FF-FF-FF-FF-FF-FF;NOTIFICATION;0;da1a1500-d532-4285-be94-b07a3e11a098;da1a150a-d532-4285-be94-b07a3e11a098;18;;
515014;1788058411936;150B;Motor-/Controllerblock;20;175;–;FF-FF-FF-FF-FF-FF-FF-FF-FF-FF-FF-FF-FF-FF-FF-FF-FF-FF-FF-FF;NOTIFICATION;0;da1a1500-d532-4285-be94-b07a3e11a098;da1a150b-d532-4285-be94-b07a3e11a098;18;;
515258;1788058412180;150D;Fahrstatistik Max/Ø;20;175;–;00-DA-00-69-FF-FF-FF-FF-47-18-FF-FF-FF-FF-FF-FF-FF-FF-00-00;NOTIFICATION;0;da1a1500-d532-4285-be94-b07a3e11a098;da1a150d-d532-4285-be94-b07a3e11a098;18;;
516323;1788058413245;1502;Akkuinformationen;16;176;–;47-18-FF-FF-FF-FF-47-18-FF-FF-FF-FF-FF-FF-00-00;NOTIFICATION;0;da1a1500-d532-4285-be94-b07a3e11a098;da1a1502-d532-4285-be94-b07a3e11a098;18;;
516772;1788058413694;1505;BikePerformance / Fahrleistung;18;176;7;00-00-00-00-FF-FF-00-BD-FF-FF-FF-FF-FF-00-00-00-00-00;NOTIFICATION;0;da1a1500-d532-4285-be94-b07a3e11a098;da1a1505-d532-4285-be94-b07a3e11a098;18;;
516895;1788058413817;1506;Trip / Kilometer & Betriebszähler;16;176;7,8,9,10,11,12;00-00-1E-8D-00-02-68-00-FF-FF-FF-FF-FF-00-00-00;NOTIFICATION;0;da1a1500-d532-4285-be94-b07a3e11a098;da1a1506-d532-4285-be94-b07a3e11a098;18;;
517367;1788058414289;1508;Settings / Licht & Fahrstufe;17;176;–;01-00-00-02-FF-FF-FF-FF-FF-FF-FF-00-00-00-00-00-00;NOTIFICATION;0;da1a1500-d532-4285-be94-b07a3e11a098;da1a1508-d532-4285-be94-b07a3e11a098;18;;
517517;1788058414439;1509;BatteryChange / Akku-Livestand;11;176;5,6;00-00-FF-FF-00-9C-40-00-00-00-00;NOTIFICATION;0;da1a1500-d532-4285-be94-b07a3e11a098;da1a1509-d532-4285-be94-b07a3e11a098;18;;
517769;1788058414691;150A;MotorUpdate / Motor-Livestand;10;176;–;00-00-FF-FF-FF-FF-FF-FF-FF-FF;NOTIFICATION;0;da1a1500-d532-4285-be94-b07a3e11a098;da1a150a-d532-4285-be94-b07a3e11a098;18;;
517934;1788058414856;150B;Motor-/Controllerblock;20;176;–;FF-FF-FF-FF-FF-FF-FF-FF-FF-FF-FF-FF-FF-FF-FF-FF-FF-FF-FF-FF;NOTIFICATION;0;da1a1500-d532-4285-be94-b07a3e11a098;da1a150b-d532-4285-be94-b07a3e11a098;18;;
518176;1788058415098;150D;Fahrstatistik Max/Ø;20;176;–;00-DA-00-69-FF-FF-FF-FF-47-18-FF-FF-FF-FF-FF-FF-FF-FF-00-00;NOTIFICATION;0;da1a1500-d532-4285-be94-b07a3e11a098;da1a150d-d532-4285-be94-b07a3e11a098;18;;
519244;1788058416166;1502;Akkuinformationen;16;177;–;47-18-FF-FF-FF-FF-47-18-FF-FF-FF-FF-FF-FF-00-00;NOTIFICATION;0;da1a1500-d532-4285-be94-b07a3e11a098;da1a1502-d532-4285-be94-b07a3e11a098;18;;
519657;1788058416579;1505;BikePerformance / Fahrleistung;18;177;7;00-00-00-00-FF-FF-00-BB-FF-FF-FF-FF-FF-00-00-00-00-00;NOTIFICATION;0;da1a1500-d532-4285-be94-b07a3e11a098;da1a1505-d532-4285-be94-b07a3e11a098;18;;
519816;1788058416738;1506;Trip / Kilometer & Betriebszähler;16;177;7,8,9,10,11,12;00-00-1E-8D-00-02-68-10-00-00-03-0E-00-00-00-00;NOTIFICATION;0;da1a1500-d532-4285-be94-b07a3e11a098;da1a1506-d532-4285-be94-b07a3e11a098;18;;
520232;1788058417154;1508;Settings / Licht & Fahrstufe;17;177;–;01-00-00-02-FF-FF-FF-FF-FF-FF-FF-00-00-00-00-00-00;NOTIFICATION;0;da1a1500-d532-4285-be94-b07a3e11a098;da1a1508-d532-4285-be94-b07a3e11a098;18;;
520435;1788058417357;1509;BatteryChange / Akku-Livestand;11;177;–;00-00-FF-FF-00-9C-40-00-00-00-00;NOTIFICATION;0;da1a1500-d532-4285-be94-b07a3e11a098;da1a1509-d532-4285-be94-b07a3e11a098;18;;
520647;1788058417569;150A;MotorUpdate / Motor-Livestand;10;177;–;00-00-FF-FF-FF-FF-FF-FF-FF-FF;NOTIFICATION;0;da1a1500-d532-4285-be94-b07a3e11a098;da1a150a-d532-4285-be94-b07a3e11a098;18;;
520886;1788058417808;150B;Motor-/Controllerblock;20;177;–;FF-FF-FF-FF-FF-FF-FF-FF-FF-FF-FF-FF-FF-FF-FF-FF-FF-FF-FF-FF;NOTIFICATION;0;da1a1500-d532-4285-be94-b07a3e11a098;da1a150b-d532-4285-be94-b07a3e11a098;18;;
521067;1788058417989;150D;Fahrstatistik Max/Ø;20;177;–;00-DA-00-69-FF-FF-FF-FF-47-18-FF-FF-FF-FF-FF-FF-FF-FF-00-00;NOTIFICATION;0;da1a1500-d532-4285-be94-b07a3e11a098;da1a150d-d532-4285-be94-b07a3e11a098;18;;
522162;1788058419084;1502;Akkuinformationen;16;178;–;47-18-FF-FF-FF-FF-47-18-FF-FF-FF-FF-FF-FF-00-00;NOTIFICATION;0;da1a1500-d532-4285-be94-b07a3e11a098;da1a1502-d532-4285-be94-b07a3e11a098;18;;
522592;1788058419514;1505;BikePerformance / Fahrleistung;18;178;7;00-00-00-00-FF-FF-00-B7-FF-FF-FF-FF-FF-00-00-00-00-00;NOTIFICATION;0;da1a1500-d532-4285-be94-b07a3e11a098;da1a1505-d532-4285-be94-b07a3e11a098;18;;
522736;1788058419658;1506;Trip / Kilometer & Betriebszähler;16;178;7;00-00-1E-8D-00-02-68-13-00-00-03-0E-00-00-00-00;NOTIFICATION;0;da1a1500-d532-4285-be94-b07a3e11a098;da1a1506-d532-4285-be94-b07a3e11a098;18;;
523217;1788058420139;1508;Settings / Licht & Fahrstufe;17;178;–;01-00-00-02-FF-FF-FF-FF-FF-FF-FF-00-00-00-00-00-00;NOTIFICATION;0;da1a1500-d532-4285-be94-b07a3e11a098;da1a1508-d532-4285-be94-b07a3e11a098;18;;
523357;1788058420279;1509;BatteryChange / Akku-Livestand;11;178;–;00-00-FF-FF-00-9C-40-00-00-00-00;NOTIFICATION;0;da1a1500-d532-4285-be94-b07a3e11a098;da1a1509-d532-4285-be94-b07a3e11a098;18;;
523561;1788058420483;150A;MotorUpdate / Motor-Livestand;10;178;–;00-00-FF-FF-FF-FF-FF-FF-FF-FF;NOTIFICATION;0;da1a1500-d532-4285-be94-b07a3e11a098;da1a150a-d532-4285-be94-b07a3e11a098;18;;
523777;1788058420699;150B;Motor-/Controllerblock;20;178;–;FF-FF-FF-FF-FF-FF-FF-FF-FF-FF-FF-FF-FF-FF-FF-FF-FF-FF-FF-FF;NOTIFICATION;0;da1a1500-d532-4285-be94-b07a3e11a098;da1a150b-d532-4285-be94-b07a3e11a098;18;;
523987;1788058420909;150D;Fahrstatistik Max/Ø;20;178;–;00-DA-00-69-FF-FF-FF-FF-47-18-FF-FF-FF-FF-FF-FF-FF-FF-00-00;NOTIFICATION;0;da1a1500-d532-4285-be94-b07a3e11a098;da1a150d-d532-4285-be94-b07a3e11a098;18;;
525028;1788058421950;1502;Akkuinformationen;16;179;–;47-18-FF-FF-FF-FF-47-18-FF-FF-FF-FF-FF-FF-00-00;NOTIFICATION;0;da1a1500-d532-4285-be94-b07a3e11a098;da1a1502-d532-4285-be94-b07a3e11a098;18;;
525447;1788058422369;1505;BikePerformance / Fahrleistung;18;179;7;00-00-00-00-FF-FF-00-AE-FF-FF-FF-FF-FF-00-00-00-00-00;NOTIFICATION;0;da1a1500-d532-4285-be94-b07a3e11a098;da1a1505-d532-4285-be94-b07a3e11a098;18;;
525692;1788058422614;1506;Trip / Kilometer & Betriebszähler;16;179;7;00-00-1E-8D-00-02-68-16-00-00-03-0E-00-00-00-00;NOTIFICATION;0;da1a1500-d532-4285-be94-b07a3e11a098;da1a1506-d532-4285-be94-b07a3e11a098;18;;
526077;1788058422999;1508;Settings / Licht & Fahrstufe;17;179;–;01-00-00-02-FF-FF-FF-FF-FF-FF-FF-00-00-00-00-00-00;NOTIFICATION;0;da1a1500-d532-4285-be94-b07a3e11a098;da1a1508-d532-4285-be94-b07a3e11a098;18;;
526286;1788058423208;1509;BatteryChange / Akku-Livestand;11;179;–;00-00-FF-FF-00-9C-40-00-00-00-00;NOTIFICATION;0;da1a1500-d532-4285-be94-b07a3e11a098;da1a1509-d532-4285-be94-b07a3e11a098;18;;
526485;1788058423407;150A;MotorUpdate / Motor-Livestand;10;179;–;00-00-FF-FF-FF-FF-FF-FF-FF-FF;NOTIFICATION;0;da1a1500-d532-4285-be94-b07a3e11a098;da1a150a-d532-4285-be94-b07a3e11a098;18;;
526732;1788058423654;150B;Motor-/Controllerblock;20;179;–;FF-FF-FF-FF-FF-FF-FF-FF-FF-FF-FF-FF-FF-FF-FF-FF-FF-FF-FF-FF;NOTIFICATION;0;da1a1500-d532-4285-be94-b07a3e11a098;da1a150b-d532-4285-be94-b07a3e11a098;18;;
526907;1788058423829;150D;Fahrstatistik Max/Ø;20;179;–;00-DA-00-69-FF-FF-FF-FF-47-18-FF-FF-FF-FF-FF-FF-FF-FF-00-00;NOTIFICATION;0;da1a1500-d532-4285-be94-b07a3e11a098;da1a150d-d532-4285-be94-b07a3e11a098;18;;
527946;1788058424868;1502;Akkuinformationen;16;180;–;47-18-FF-FF-FF-FF-47-18-FF-FF-FF-FF-FF-FF-00-00;NOTIFICATION;0;da1a1500-d532-4285-be94-b07a3e11a098;da1a1502-d532-4285-be94-b07a3e11a098;18;;
528368;1788058425290;1505;BikePerformance / Fahrleistung;18;180;7;00-00-00-00-FF-FF-00-AB-FF-FF-FF-FF-FF-00-00-00-00-00;NOTIFICATION;0;da1a1500-d532-4285-be94-b07a3e11a098;da1a1505-d532-4285-be94-b07a3e11a098;18;;
528605;1788058425527;1506;Trip / Kilometer & Betriebszähler;16;180;7;00-00-1E-8D-00-02-68-19-00-00-03-0E-00-00-00-00;NOTIFICATION;0;da1a1500-d532-4285-be94-b07a3e11a098;da1a1506-d532-4285-be94-b07a3e11a098;18;;
528997;1788058425919;1508;Settings / Licht & Fahrstufe;17;180;–;01-00-00-02-FF-FF-FF-FF-FF-FF-FF-00-00-00-00-00-00;NOTIFICATION;0;da1a1500-d532-4285-be94-b07a3e11a098;da1a1508-d532-4285-be94-b07a3e11a098;18;;
529209;1788058426131;1509;BatteryChange / Akku-Livestand;11;180;–;00-00-FF-FF-00-9C-40-00-00-00-00;NOTIFICATION;0;da1a1500-d532-4285-be94-b07a3e11a098;da1a1509-d532-4285-be94-b07a3e11a098;18;;
529409;1788058426331;150A;MotorUpdate / Motor-Livestand;10;180;–;00-00-FF-FF-FF-FF-FF-FF-FF-FF;NOTIFICATION;0;da1a1500-d532-4285-be94-b07a3e11a098;da1a150a-d532-4285-be94-b07a3e11a098;18;;
529618;1788058426540;150B;Motor-/Controllerblock;20;180;–;FF-FF-FF-FF-FF-FF-FF-FF-FF-FF-FF-FF-FF-FF-FF-FF-FF-FF-FF-FF;NOTIFICATION;0;da1a1500-d532-4285-be94-b07a3e11a098;da1a150b-d532-4285-be94-b07a3e11a098;18;;
529829;1788058426751;150D;Fahrstatistik Max/Ø;20;180;–;00-DA-00-69-FF-FF-FF-FF-47-18-FF-FF-FF-FF-FF-FF-FF-FF-00-00;NOTIFICATION;0;da1a1500-d532-4285-be94-b07a3e11a098;da1a150d-d532-4285-be94-b07a3e11a098;18;;
530876;1788058427798;1502;Akkuinformationen;16;181;–;47-18-FF-FF-FF-FF-47-18-FF-FF-FF-FF-FF-FF-00-00;NOTIFICATION;0;da1a1500-d532-4285-be94-b07a3e11a098;da1a1502-d532-4285-be94-b07a3e11a098;18;;
531287;1788058428209;1505;BikePerformance / Fahrleistung;18;181;7;00-00-00-00-FF-FF-00-B1-FF-FF-FF-FF-FF-00-00-00-00-00;NOTIFICATION;0;da1a1500-d532-4285-be94-b07a3e11a098;da1a1505-d532-4285-be94-b07a3e11a098;18;;
531495;1788058428417;1506;Trip / Kilometer & Betriebszähler;16;181;7;00-00-1E-8D-00-02-68-1C-00-00-03-0E-00-00-00-00;NOTIFICATION;0;da1a1500-d532-4285-be94-b07a3e11a098;da1a1506-d532-4285-be94-b07a3e11a098;18;;
531985;1788058428907;1508;Settings / Licht & Fahrstufe;17;181;–;01-00-00-02-FF-FF-FF-FF-FF-FF-FF-00-00-00-00-00-00;NOTIFICATION;0;da1a1500-d532-4285-be94-b07a3e11a098;da1a1508-d532-4285-be94-b07a3e11a098;18;;
532126;1788058429048;1509;BatteryChange / Akku-Livestand;11;181;–;00-00-FF-FF-00-9C-40-00-00-00-00;NOTIFICATION;0;da1a1500-d532-4285-be94-b07a3e11a098;da1a1509-d532-4285-be94-b07a3e11a098;18;;
532327;1788058429249;150A;MotorUpdate / Motor-Livestand;10;181;–;00-00-FF-FF-FF-FF-FF-FF-FF-FF;NOTIFICATION;0;da1a1500-d532-4285-be94-b07a3e11a098;da1a150a-d532-4285-be94-b07a3e11a098;18;;
532537;1788058429459;150B;Motor-/Controllerblock;20;181;–;FF-FF-FF-FF-FF-FF-FF-FF-FF-FF-FF-FF-FF-FF-FF-FF-FF-FF-FF-FF;NOTIFICATION;0;da1a1500-d532-4285-be94-b07a3e11a098;da1a150b-d532-4285-be94-b07a3e11a098;18;;
532746;1788058429668;150D;Fahrstatistik Max/Ø;20;181;3;00-DA-00-6A-FF-FF-FF-FF-47-18-FF-FF-FF-FF-FF-FF-FF-FF-00-00;NOTIFICATION;0;da1a1500-d532-4285-be94-b07a3e11a098;da1a150d-d532-4285-be94-b07a3e11a098;18;;
533797;1788058430719;1502;Akkuinformationen;16;182;–;47-18-FF-FF-FF-FF-47-18-FF-FF-FF-FF-FF-FF-00-00;NOTIFICATION;0;da1a1500-d532-4285-be94-b07a3e11a098;da1a1502-d532-4285-be94-b07a3e11a098;18;;
534209;1788058431131;1505;BikePerformance / Fahrleistung;18;182;7;00-00-00-00-FF-FF-00-B5-FF-FF-FF-FF-FF-00-00-00-00-00;NOTIFICATION;0;da1a1500-d532-4285-be94-b07a3e11a098;da1a1505-d532-4285-be94-b07a3e11a098;18;;
534417;1788058431339;1506;Trip / Kilometer & Betriebszähler;16;182;3,7;00-00-1E-8E-00-02-68-1F-00-00-03-0E-00-00-00-00;NOTIFICATION;0;da1a1500-d532-4285-be94-b07a3e11a098;da1a1506-d532-4285-be94-b07a3e11a098;18;;
534837;1788058431759;1508;Settings / Licht & Fahrstufe;17;182;–;01-00-00-02-FF-FF-FF-FF-FF-FF-FF-00-00-00-00-00-00;NOTIFICATION;0;da1a1500-d532-4285-be94-b07a3e11a098;da1a1508-d532-4285-be94-b07a3e11a098;18;;
535049;1788058431971;1509;BatteryChange / Akku-Livestand;11;182;–;00-00-FF-FF-00-9C-40-00-00-00-00;NOTIFICATION;0;da1a1500-d532-4285-be94-b07a3e11a098;da1a1509-d532-4285-be94-b07a3e11a098;18;;
535258;1788058432180;150A;MotorUpdate / Motor-Livestand;10;182;–;00-00-FF-FF-FF-FF-FF-FF-FF-FF;NOTIFICATION;0;da1a1500-d532-4285-be94-b07a3e11a098;da1a150a-d532-4285-be94-b07a3e11a098;18;;
535460;1788058432382;150B;Motor-/Controllerblock;20;182;–;FF-FF-FF-FF-FF-FF-FF-FF-FF-FF-FF-FF-FF-FF-FF-FF-FF-FF-FF-FF;NOTIFICATION;0;da1a1500-d532-4285-be94-b07a3e11a098;da1a150b-d532-4285-be94-b07a3e11a098;18;;
535665;1788058432587;150D;Fahrstatistik Max/Ø;20;182;–;00-DA-00-6A-FF-FF-FF-FF-47-18-FF-FF-FF-FF-FF-FF-FF-FF-00-00;NOTIFICATION;0;da1a1500-d532-4285-be94-b07a3e11a098;da1a150d-d532-4285-be94-b07a3e11a098;18;;
536722;1788058433644;1502;Akkuinformationen;16;183;–;47-18-FF-FF-FF-FF-47-18-FF-FF-FF-FF-FF-FF-00-00;NOTIFICATION;0;da1a1500-d532-4285-be94-b07a3e11a098;da1a1502-d532-4285-be94-b07a3e11a098;18;;
537126;1788058434048;1505;BikePerformance / Fahrleistung;18;183;7;00-00-00-00-FF-FF-00-B3-FF-FF-FF-FF-FF-00-00-00-00-00;NOTIFICATION;0;da1a1500-d532-4285-be94-b07a3e11a098;da1a1505-d532-4285-be94-b07a3e11a098;18;;
537340;1788058434262;1506;Trip / Kilometer & Betriebszähler;16;183;7;00-00-1E-8E-00-02-68-21-00-00-03-0E-00-00-00-00;NOTIFICATION;0;da1a1500-d532-4285-be94-b07a3e11a098;da1a1506-d532-4285-be94-b07a3e11a098;18;;
537760;1788058434682;1508;Settings / Licht & Fahrstufe;17;183;–;01-00-00-02-FF-FF-FF-FF-FF-FF-FF-00-00-00-00-00-00;NOTIFICATION;0;da1a1500-d532-4285-be94-b07a3e11a098;da1a1508-d532-4285-be94-b07a3e11a098;18;;
537970;1788058434892;1509;BatteryChange / Akku-Livestand;11;183;–;00-00-FF-FF-00-9C-40-00-00-00-00;NOTIFICATION;0;da1a1500-d532-4285-be94-b07a3e11a098;da1a1509-d532-4285-be94-b07a3e11a098;18;;
538179;1788058435101;150A;MotorUpdate / Motor-Livestand;10;183;–;00-00-FF-FF-FF-FF-FF-FF-FF-FF;NOTIFICATION;0;da1a1500-d532-4285-be94-b07a3e11a098;da1a150a-d532-4285-be94-b07a3e11a098;18;;
538390;1788058435312;150B;Motor-/Controllerblock;20;183;–;FF-FF-FF-FF-FF-FF-FF-FF-FF-FF-FF-FF-FF-FF-FF-FF-FF-FF-FF-FF;NOTIFICATION;0;da1a1500-d532-4285-be94-b07a3e11a098;da1a150b-d532-4285-be94-b07a3e11a098;18;;
538619;1788058435541;150D;Fahrstatistik Max/Ø;20;183;–;00-DA-00-6A-FF-FF-FF-FF-47-18-FF-FF-FF-FF-FF-FF-FF-FF-00-00;NOTIFICATION;0;da1a1500-d532-4285-be94-b07a3e11a098;da1a150d-d532-4285-be94-b07a3e11a098;18;;
539638;1788058436560;1502;Akkuinformationen;16;184;–;47-18-FF-FF-FF-FF-47-18-FF-FF-FF-FF-FF-FF-00-00;NOTIFICATION;0;da1a1500-d532-4285-be94-b07a3e11a098;da1a1502-d532-4285-be94-b07a3e11a098;18;;
540045;1788058436967;1505;BikePerformance / Fahrleistung;18;184;7;00-00-00-00-FF-FF-00-B4-FF-FF-FF-FF-FF-00-00-00-00-00;NOTIFICATION;0;da1a1500-d532-4285-be94-b07a3e11a098;da1a1505-d532-4285-be94-b07a3e11a098;18;;
540261;1788058437183;1506;Trip / Kilometer & Betriebszähler;16;184;7;00-00-1E-8E-00-02-68-24-00-00-03-0E-00-00-00-00;NOTIFICATION;0;da1a1500-d532-4285-be94-b07a3e11a098;da1a1506-d532-4285-be94-b07a3e11a098;18;;
540679;1788058437601;1508;Settings / Licht & Fahrstufe;17;184;–;01-00-00-02-FF-FF-FF-FF-FF-FF-FF-00-00-00-00-00-00;NOTIFICATION;0;da1a1500-d532-4285-be94-b07a3e11a098;da1a1508-d532-4285-be94-b07a3e11a098;18;;
540885;1788058437807;1509;BatteryChange / Akku-Livestand;11;184;–;00-00-FF-FF-00-9C-40-00-00-00-00;NOTIFICATION;0;da1a1500-d532-4285-be94-b07a3e11a098;da1a1509-d532-4285-be94-b07a3e11a098;18;;
541101;1788058438023;150A;MotorUpdate / Motor-Livestand;10;184;–;00-00-FF-FF-FF-FF-FF-FF-FF-FF;NOTIFICATION;0;da1a1500-d532-4285-be94-b07a3e11a098;da1a150a-d532-4285-be94-b07a3e11a098;18;;
541308;1788058438230;150B;Motor-/Controllerblock;20;184;–;FF-FF-FF-FF-FF-FF-FF-FF-FF-FF-FF-FF-FF-FF-FF-FF-FF-FF-FF-FF;NOTIFICATION;0;da1a1500-d532-4285-be94-b07a3e11a098;da1a150b-d532-4285-be94-b07a3e11a098;18;;
541507;1788058438429;150D;Fahrstatistik Max/Ø;20;184;–;00-DA-00-6A-FF-FF-FF-FF-47-18-FF-FF-FF-FF-FF-FF-FF-FF-00-00;NOTIFICATION;0;da1a1500-d532-4285-be94-b07a3e11a098;da1a150d-d532-4285-be94-b07a3e11a098;18;;
542557;1788058439479;1502;Akkuinformationen;16;185;–;47-18-FF-FF-FF-FF-47-18-FF-FF-FF-FF-FF-FF-00-00;NOTIFICATION;0;da1a1500-d532-4285-be94-b07a3e11a098;da1a1502-d532-4285-be94-b07a3e11a098;18;;
542969;1788058439891;1505;BikePerformance / Fahrleistung;18;185;7;00-00-00-00-FF-FF-00-AB-FF-FF-FF-FF-FF-00-00-00-00-00;NOTIFICATION;0;da1a1500-d532-4285-be94-b07a3e11a098;da1a1505-d532-4285-be94-b07a3e11a098;18;;
543180;1788058440102;1506;Trip / Kilometer & Betriebszähler;16;185;7;00-00-1E-8E-00-02-68-27-00-00-03-0E-00-00-00-00;NOTIFICATION;0;da1a1500-d532-4285-be94-b07a3e11a098;da1a1506-d532-4285-be94-b07a3e11a098;18;;
543596;1788058440518;1508;Settings / Licht & Fahrstufe;17;185;–;01-00-00-02-FF-FF-FF-FF-FF-FF-FF-00-00-00-00-00-00;NOTIFICATION;0;da1a1500-d532-4285-be94-b07a3e11a098;da1a1508-d532-4285-be94-b07a3e11a098;18;;
543809;1788058440731;1509;BatteryChange / Akku-Livestand;11;185;5,6;00-00-FF-FF-00-9B-DC-00-00-00-00;NOTIFICATION;0;da1a1500-d532-4285-be94-b07a3e11a098;da1a1509-d532-4285-be94-b07a3e11a098;18;;
544019;1788058440941;150A;MotorUpdate / Motor-Livestand;10;185;–;00-00-FF-FF-FF-FF-FF-FF-FF-FF;NOTIFICATION;0;da1a1500-d532-4285-be94-b07a3e11a098;da1a150a-d532-4285-be94-b07a3e11a098;18;;
544229;1788058441151;150B;Motor-/Controllerblock;20;185;–;FF-FF-FF-FF-FF-FF-FF-FF-FF-FF-FF-FF-FF-FF-FF-FF-FF-FF-FF-FF;NOTIFICATION;0;da1a1500-d532-4285-be94-b07a3e11a098;da1a150b-d532-4285-be94-b07a3e11a098;18;;
544440;1788058441362;150D;Fahrstatistik Max/Ø;20;185;–;00-DA-00-6A-FF-FF-FF-FF-47-18-FF-FF-FF-FF-FF-FF-FF-FF-00-00;NOTIFICATION;0;da1a1500-d532-4285-be94-b07a3e11a098;da1a150d-d532-4285-be94-b07a3e11a098;18;;
545479;1788058442401;1502;Akkuinformationen;16;186;–;47-18-FF-FF-FF-FF-47-18-FF-FF-FF-FF-FF-FF-00-00;NOTIFICATION;0;da1a1500-d532-4285-be94-b07a3e11a098;da1a1502-d532-4285-be94-b07a3e11a098;18;;
545900;1788058442822;1505;BikePerformance / Fahrleistung;18;186;7;00-00-00-00-FF-FF-00-AE-FF-FF-FF-FF-FF-00-00-00-00-00;NOTIFICATION;0;da1a1500-d532-4285-be94-b07a3e11a098;da1a1505-d532-4285-be94-b07a3e11a098;18;;
546096;1788058443018;1506;Trip / Kilometer & Betriebszähler;16;186;7;00-00-1E-8E-00-02-68-2A-00-00-03-0E-00-00-00-00;NOTIFICATION;0;da1a1500-d532-4285-be94-b07a3e11a098;da1a1506-d532-4285-be94-b07a3e11a098;18;;
546521;1788058443443;1508;Settings / Licht & Fahrstufe;17;186;–;01-00-00-02-FF-FF-FF-FF-FF-FF-FF-00-00-00-00-00-00;NOTIFICATION;0;da1a1500-d532-4285-be94-b07a3e11a098;da1a1508-d532-4285-be94-b07a3e11a098;18;;
546727;1788058443649;1509;BatteryChange / Akku-Livestand;11;186;–;00-00-FF-FF-00-9B-DC-00-00-00-00;NOTIFICATION;0;da1a1500-d532-4285-be94-b07a3e11a098;da1a1509-d532-4285-be94-b07a3e11a098;18;;
546936;1788058443858;150A;MotorUpdate / Motor-Livestand;10;186;–;00-00-FF-FF-FF-FF-FF-FF-FF-FF;NOTIFICATION;0;da1a1500-d532-4285-be94-b07a3e11a098;da1a150a-d532-4285-be94-b07a3e11a098;18;;
547147;1788058444069;150B;Motor-/Controllerblock;20;186;–;FF-FF-FF-FF-FF-FF-FF-FF-FF-FF-FF-FF-FF-FF-FF-FF-FF-FF-FF-FF;NOTIFICATION;0;da1a1500-d532-4285-be94-b07a3e11a098;da1a150b-d532-4285-be94-b07a3e11a098;18;;
547356;1788058444278;150D;Fahrstatistik Max/Ø;20;186;–;00-DA-00-6A-FF-FF-FF-FF-47-18-FF-FF-FF-FF-FF-FF-FF-FF-00-00;NOTIFICATION;0;da1a1500-d532-4285-be94-b07a3e11a098;da1a150d-d532-4285-be94-b07a3e11a098;18;;
548398;1788058445320;1502;Akkuinformationen;16;187;–;47-18-FF-FF-FF-FF-47-18-FF-FF-FF-FF-FF-FF-00-00;NOTIFICATION;0;da1a1500-d532-4285-be94-b07a3e11a098;da1a1502-d532-4285-be94-b07a3e11a098;18;;
548818;1788058445740;1505;BikePerformance / Fahrleistung;18;187;7;00-00-00-00-FF-FF-00-B6-FF-FF-FF-FF-FF-00-00-00-00-00;NOTIFICATION;0;da1a1500-d532-4285-be94-b07a3e11a098;da1a1505-d532-4285-be94-b07a3e11a098;18;;
549029;1788058445951;1506;Trip / Kilometer & Betriebszähler;16;187;7;00-00-1E-8E-00-02-68-2D-00-00-03-0E-00-00-00-00;NOTIFICATION;0;da1a1500-d532-4285-be94-b07a3e11a098;da1a1506-d532-4285-be94-b07a3e11a098;18;;
549436;1788058446358;1508;Settings / Licht & Fahrstufe;17;187;–;01-00-00-02-FF-FF-FF-FF-FF-FF-FF-00-00-00-00-00-00;NOTIFICATION;0;da1a1500-d532-4285-be94-b07a3e11a098;da1a1508-d532-4285-be94-b07a3e11a098;18;;
549648;1788058446570;1509;BatteryChange / Akku-Livestand;11;187;–;00-00-FF-FF-00-9B-DC-00-00-00-00;NOTIFICATION;0;da1a1500-d532-4285-be94-b07a3e11a098;da1a1509-d532-4285-be94-b07a3e11a098;18;;
549858;1788058446780;150A;MotorUpdate / Motor-Livestand;10;187;–;00-00-FF-FF-FF-FF-FF-FF-FF-FF;NOTIFICATION;0;da1a1500-d532-4285-be94-b07a3e11a098;da1a150a-d532-4285-be94-b07a3e11a098;18;;
550069;1788058446991;150B;Motor-/Controllerblock;20;187;–;FF-FF-FF-FF-FF-FF-FF-FF-FF-FF-FF-FF-FF-FF-FF-FF-FF-FF-FF-FF;NOTIFICATION;0;da1a1500-d532-4285-be94-b07a3e11a098;da1a150b-d532-4285-be94-b07a3e11a098;18;;
550277;1788058447199;150D;Fahrstatistik Max/Ø;20;187;–;00-DA-00-6A-FF-FF-FF-FF-47-18-FF-FF-FF-FF-FF-FF-FF-FF-00-00;NOTIFICATION;0;da1a1500-d532-4285-be94-b07a3e11a098;da1a150d-d532-4285-be94-b07a3e11a098;18;;
551318;1788058448240;1502;Akkuinformationen;16;188;–;47-18-FF-FF-FF-FF-47-18-FF-FF-FF-FF-FF-FF-00-00;NOTIFICATION;0;da1a1500-d532-4285-be94-b07a3e11a098;da1a1502-d532-4285-be94-b07a3e11a098;18;;
551789;1788058448711;1505;BikePerformance / Fahrleistung;18;188;7;00-00-00-00-FF-FF-00-B4-FF-FF-FF-FF-FF-00-00-00-00-00;NOTIFICATION;0;da1a1500-d532-4285-be94-b07a3e11a098;da1a1505-d532-4285-be94-b07a3e11a098;18;;
551947;1788058448869;1506;Trip / Kilometer & Betriebszähler;16;188;7;00-00-1E-8E-00-02-68-30-00-00-03-0E-00-00-00-00;NOTIFICATION;0;da1a1500-d532-4285-be94-b07a3e11a098;da1a1506-d532-4285-be94-b07a3e11a098;18;;
552418;1788058449340;1508;Settings / Licht & Fahrstufe;17;188;–;01-00-00-02-FF-FF-FF-FF-FF-FF-FF-00-00-00-00-00-00;NOTIFICATION;0;da1a1500-d532-4285-be94-b07a3e11a098;da1a1508-d532-4285-be94-b07a3e11a098;18;;
552566;1788058449488;1509;BatteryChange / Akku-Livestand;11;188;–;00-00-FF-FF-00-9B-DC-00-00-00-00;NOTIFICATION;0;da1a1500-d532-4285-be94-b07a3e11a098;da1a1509-d532-4285-be94-b07a3e11a098;18;;
552815;1788058449737;150A;MotorUpdate / Motor-Livestand;10;188;–;00-00-FF-FF-FF-FF-FF-FF-FF-FF;NOTIFICATION;0;da1a1500-d532-4285-be94-b07a3e11a098;da1a150a-d532-4285-be94-b07a3e11a098;18;;
552985;1788058449907;150B;Motor-/Controllerblock;20;188;–;FF-FF-FF-FF-FF-FF-FF-FF-FF-FF-FF-FF-FF-FF-FF-FF-FF-FF-FF-FF;NOTIFICATION;0;da1a1500-d532-4285-be94-b07a3e11a098;da1a150b-d532-4285-be94-b07a3e11a098;18;;
553233;1788058450155;150D;Fahrstatistik Max/Ø;20;188;–;00-DA-00-6A-FF-FF-FF-FF-47-18-FF-FF-FF-FF-FF-FF-FF-FF-00-00;NOTIFICATION;0;da1a1500-d532-4285-be94-b07a3e11a098;da1a150d-d532-4285-be94-b07a3e11a098;18;;
554326;1788058451248;1502;Akkuinformationen;16;189;–;47-18-FF-FF-FF-FF-47-18-FF-FF-FF-FF-FF-FF-00-00;NOTIFICATION;0;da1a1500-d532-4285-be94-b07a3e11a098;da1a1502-d532-4285-be94-b07a3e11a098;18;;
554651;1788058451573;1505;BikePerformance / Fahrleistung;18;189;7;00-00-00-00-FF-FF-00-B7-FF-FF-FF-FF-FF-00-00-00-00-00;NOTIFICATION;0;da1a1500-d532-4285-be94-b07a3e11a098;da1a1505-d532-4285-be94-b07a3e11a098;18;;
554867;1788058451789;1506;Trip / Kilometer & Betriebszähler;16;189;3,7;00-00-1E-8F-00-02-68-33-00-00-03-0E-00-00-00-00;NOTIFICATION;0;da1a1500-d532-4285-be94-b07a3e11a098;da1a1506-d532-4285-be94-b07a3e11a098;18;;
555279;1788058452201;1508;Settings / Licht & Fahrstufe;17;189;–;01-00-00-02-FF-FF-FF-FF-FF-FF-FF-00-00-00-00-00-00;NOTIFICATION;0;da1a1500-d532-4285-be94-b07a3e11a098;da1a1508-d532-4285-be94-b07a3e11a098;18;;
555488;1788058452410;1509;BatteryChange / Akku-Livestand;11;189;5,6;00-00-FF-FF-00-9C-40-00-00-00-00;NOTIFICATION;0;da1a1500-d532-4285-be94-b07a3e11a098;da1a1509-d532-4285-be94-b07a3e11a098;18;;
555695;1788058452617;150A;MotorUpdate / Motor-Livestand;10;189;–;00-00-FF-FF-FF-FF-FF-FF-FF-FF;NOTIFICATION;0;da1a1500-d532-4285-be94-b07a3e11a098;da1a150a-d532-4285-be94-b07a3e11a098;18;;
555908;1788058452830;150B;Motor-/Controllerblock;20;189;–;FF-FF-FF-FF-FF-FF-FF-FF-FF-FF-FF-FF-FF-FF-FF-FF-FF-FF-FF-FF;NOTIFICATION;0;da1a1500-d532-4285-be94-b07a3e11a098;da1a150b-d532-4285-be94-b07a3e11a098;18;;
556117;1788058453039;150D;Fahrstatistik Max/Ø;20;189;3;00-DA-00-6B-FF-FF-FF-FF-47-18-FF-FF-FF-FF-FF-FF-FF-FF-00-00;NOTIFICATION;0;da1a1500-d532-4285-be94-b07a3e11a098;da1a150d-d532-4285-be94-b07a3e11a098;18;;
557230;1788058454152;1502;Akkuinformationen;16;190;–;47-18-FF-FF-FF-FF-47-18-FF-FF-FF-FF-FF-FF-00-00;NOTIFICATION;0;da1a1500-d532-4285-be94-b07a3e11a098;da1a1502-d532-4285-be94-b07a3e11a098;18;;
557629;1788058454551;1505;BikePerformance / Fahrleistung;18;190;7;00-00-00-00-FF-FF-00-B5-FF-FF-FF-FF-FF-00-00-00-00-00;NOTIFICATION;0;da1a1500-d532-4285-be94-b07a3e11a098;da1a1505-d532-4285-be94-b07a3e11a098;18;;
557786;1788058454708;1506;Trip / Kilometer & Betriebszähler;16;190;7;00-00-1E-8F-00-02-68-36-00-00-03-0E-00-00-00-00;NOTIFICATION;0;da1a1500-d532-4285-be94-b07a3e11a098;da1a1506-d532-4285-be94-b07a3e11a098;18;;
558287;1788058455209;1508;Settings / Licht & Fahrstufe;17;190;–;01-00-00-02-FF-FF-FF-FF-FF-FF-FF-00-00-00-00-00-00;NOTIFICATION;0;da1a1500-d532-4285-be94-b07a3e11a098;da1a1508-d532-4285-be94-b07a3e11a098;18;;
558406;1788058455328;1509;BatteryChange / Akku-Livestand;11;190;5,6;00-00-FF-FF-00-9B-DC-00-00-00-00;NOTIFICATION;0;da1a1500-d532-4285-be94-b07a3e11a098;da1a1509-d532-4285-be94-b07a3e11a098;18;;
558618;1788058455540;150A;MotorUpdate / Motor-Livestand;10;190;–;00-00-FF-FF-FF-FF-FF-FF-FF-FF;NOTIFICATION;0;da1a1500-d532-4285-be94-b07a3e11a098;da1a150a-d532-4285-be94-b07a3e11a098;18;;
558824;1788058455746;150B;Motor-/Controllerblock;20;190;–;FF-FF-FF-FF-FF-FF-FF-FF-FF-FF-FF-FF-FF-FF-FF-FF-FF-FF-FF-FF;NOTIFICATION;0;da1a1500-d532-4285-be94-b07a3e11a098;da1a150b-d532-4285-be94-b07a3e11a098;18;;
559034;1788058455956;150D;Fahrstatistik Max/Ø;20;190;–;00-DA-00-6B-FF-FF-FF-FF-47-18-FF-FF-FF-FF-FF-FF-FF-FF-00-00;NOTIFICATION;0;da1a1500-d532-4285-be94-b07a3e11a098;da1a150d-d532-4285-be94-b07a3e11a098;18;;
560128;1788058457050;1502;Akkuinformationen;16;191;–;47-18-FF-FF-FF-FF-47-18-FF-FF-FF-FF-FF-FF-00-00;NOTIFICATION;0;da1a1500-d532-4285-be94-b07a3e11a098;da1a1502-d532-4285-be94-b07a3e11a098;18;;
560552;1788058457474;1505;BikePerformance / Fahrleistung;18;191;–;00-00-00-00-FF-FF-00-B5-FF-FF-FF-FF-FF-00-00-00-00-00;NOTIFICATION;0;da1a1500-d532-4285-be94-b07a3e11a098;da1a1505-d532-4285-be94-b07a3e11a098;18;;
560706;1788058457628;1506;Trip / Kilometer & Betriebszähler;16;191;7;00-00-1E-8F-00-02-68-39-00-00-03-0E-00-00-00-00;NOTIFICATION;0;da1a1500-d532-4285-be94-b07a3e11a098;da1a1506-d532-4285-be94-b07a3e11a098;18;;
561183;1788058458105;1508;Settings / Licht & Fahrstufe;17;191;–;01-00-00-02-FF-FF-FF-FF-FF-FF-FF-00-00-00-00-00-00;NOTIFICATION;0;da1a1500-d532-4285-be94-b07a3e11a098;da1a1508-d532-4285-be94-b07a3e11a098;18;;
561327;1788058458249;1509;BatteryChange / Akku-Livestand;11;191;–;00-00-FF-FF-00-9B-DC-00-00-00-00;NOTIFICATION;0;da1a1500-d532-4285-be94-b07a3e11a098;da1a1509-d532-4285-be94-b07a3e11a098;18;;
561569;1788058458491;150A;MotorUpdate / Motor-Livestand;10;191;–;00-00-FF-FF-FF-FF-FF-FF-FF-FF;NOTIFICATION;0;da1a1500-d532-4285-be94-b07a3e11a098;da1a150a-d532-4285-be94-b07a3e11a098;18;;
561747;1788058458669;150B;Motor-/Controllerblock;20;191;–;FF-FF-FF-FF-FF-FF-FF-FF-FF-FF-FF-FF-FF-FF-FF-FF-FF-FF-FF-FF;NOTIFICATION;0;da1a1500-d532-4285-be94-b07a3e11a098;da1a150b-d532-4285-be94-b07a3e11a098;18;;
561951;1788058458873;150D;Fahrstatistik Max/Ø;20;191;–;00-DA-00-6B-FF-FF-FF-FF-47-18-FF-FF-FF-FF-FF-FF-FF-FF-00-00;NOTIFICATION;0;da1a1500-d532-4285-be94-b07a3e11a098;da1a150d-d532-4285-be94-b07a3e11a098;18;;
563098;1788058460020;1502;Akkuinformationen;16;192;–;47-18-FF-FF-FF-FF-47-18-FF-FF-FF-FF-FF-FF-00-00;NOTIFICATION;0;da1a1500-d532-4285-be94-b07a3e11a098;da1a1502-d532-4285-be94-b07a3e11a098;18;;
563473;1788058460395;1505;BikePerformance / Fahrleistung;18;192;–;00-00-00-00-FF-FF-00-B5-FF-FF-FF-FF-FF-00-00-00-00-00;NOTIFICATION;0;da1a1500-d532-4285-be94-b07a3e11a098;da1a1505-d532-4285-be94-b07a3e11a098;18;;
563626;1788058460548;1506;Trip / Kilometer & Betriebszähler;16;192;7;00-00-1E-8F-00-02-68-3C-00-00-03-0E-00-00-00-00;NOTIFICATION;0;da1a1500-d532-4285-be94-b07a3e11a098;da1a1506-d532-4285-be94-b07a3e11a098;18;;
564048;1788058460970;1508;Settings / Licht & Fahrstufe;17;192;–;01-00-00-02-FF-FF-FF-FF-FF-FF-FF-00-00-00-00-00-00;NOTIFICATION;0;da1a1500-d532-4285-be94-b07a3e11a098;da1a1508-d532-4285-be94-b07a3e11a098;18;;
564248;1788058461170;1509;BatteryChange / Akku-Livestand;11;192;5,6;00-00-FF-FF-00-9C-40-00-00-00-00;NOTIFICATION;0;da1a1500-d532-4285-be94-b07a3e11a098;da1a1509-d532-4285-be94-b07a3e11a098;18;;
564458;1788058461380;150A;MotorUpdate / Motor-Livestand;10;192;–;00-00-FF-FF-FF-FF-FF-FF-FF-FF;NOTIFICATION;0;da1a1500-d532-4285-be94-b07a3e11a098;da1a150a-d532-4285-be94-b07a3e11a098;18;;
564668;1788058461590;150B;Motor-/Controllerblock;20;192;–;FF-FF-FF-FF-FF-FF-FF-FF-FF-FF-FF-FF-FF-FF-FF-FF-FF-FF-FF-FF;NOTIFICATION;0;da1a1500-d532-4285-be94-b07a3e11a098;da1a150b-d532-4285-be94-b07a3e11a098;18;;
564878;1788058461800;150D;Fahrstatistik Max/Ø;20;192;–;00-DA-00-6B-FF-FF-FF-FF-47-18-FF-FF-FF-FF-FF-FF-FF-FF-00-00;NOTIFICATION;0;da1a1500-d532-4285-be94-b07a3e11a098;da1a150d-d532-4285-be94-b07a3e11a098;18;;
565966;1788058462888;1502;Akkuinformationen;16;193;–;47-18-FF-FF-FF-FF-47-18-FF-FF-FF-FF-FF-FF-00-00;NOTIFICATION;0;da1a1500-d532-4285-be94-b07a3e11a098;da1a1502-d532-4285-be94-b07a3e11a098;18;;
566388;1788058463310;1505;BikePerformance / Fahrleistung;18;193;7;00-00-00-00-FF-FF-00-B9-FF-FF-FF-FF-FF-00-00-00-00-00;NOTIFICATION;0;da1a1500-d532-4285-be94-b07a3e11a098;da1a1505-d532-4285-be94-b07a3e11a098;18;;
566547;1788058463469;1506;Trip / Kilometer & Betriebszähler;16;193;7;00-00-1E-8F-00-02-68-3F-00-00-03-0E-00-00-00-00;NOTIFICATION;0;da1a1500-d532-4285-be94-b07a3e11a098;da1a1506-d532-4285-be94-b07a3e11a098;18;;
567019;1788058463941;1508;Settings / Licht & Fahrstufe;17;193;–;01-00-00-02-FF-FF-FF-FF-FF-FF-FF-00-00-00-00-00-00;NOTIFICATION;0;da1a1500-d532-4285-be94-b07a3e11a098;da1a1508-d532-4285-be94-b07a3e11a098;18;;
567165;1788058464087;1509;BatteryChange / Akku-Livestand;11;193;5,6;00-00-FF-FF-00-9B-DC-00-00-00-00;NOTIFICATION;0;da1a1500-d532-4285-be94-b07a3e11a098;da1a1509-d532-4285-be94-b07a3e11a098;18;;
567408;1788058464330;150A;MotorUpdate / Motor-Livestand;10;193;–;00-00-FF-FF-FF-FF-FF-FF-FF-FF;NOTIFICATION;0;da1a1500-d532-4285-be94-b07a3e11a098;da1a150a-d532-4285-be94-b07a3e11a098;18;;
567586;1788058464508;150B;Motor-/Controllerblock;20;193;–;FF-FF-FF-FF-FF-FF-FF-FF-FF-FF-FF-FF-FF-FF-FF-FF-FF-FF-FF-FF;NOTIFICATION;0;da1a1500-d532-4285-be94-b07a3e11a098;da1a150b-d532-4285-be94-b07a3e11a098;18;;
567837;1788058464759;150D;Fahrstatistik Max/Ø;20;193;–;00-DA-00-6B-FF-FF-FF-FF-47-18-FF-FF-FF-FF-FF-FF-FF-FF-00-00;NOTIFICATION;0;da1a1500-d532-4285-be94-b07a3e11a098;da1a150d-d532-4285-be94-b07a3e11a098;18;;
568903;1788058465825;1502;Akkuinformationen;16;194;–;47-18-FF-FF-FF-FF-47-18-FF-FF-FF-FF-FF-FF-00-00;NOTIFICATION;0;da1a1500-d532-4285-be94-b07a3e11a098;da1a1502-d532-4285-be94-b07a3e11a098;18;;
569318;1788058466240;1505;BikePerformance / Fahrleistung;18;194;7;00-00-00-00-FF-FF-00-BB-FF-FF-FF-FF-FF-00-00-00-00-00;NOTIFICATION;0;da1a1500-d532-4285-be94-b07a3e11a098;da1a1505-d532-4285-be94-b07a3e11a098;18;;
569468;1788058466390;1506;Trip / Kilometer & Betriebszähler;16;194;7;00-00-1E-8F-00-02-68-42-00-00-03-0E-00-00-00-00;NOTIFICATION;0;da1a1500-d532-4285-be94-b07a3e11a098;da1a1506-d532-4285-be94-b07a3e11a098;18;;
569945;1788058466867;1508;Settings / Licht & Fahrstufe;17;194;–;01-00-00-02-FF-FF-FF-FF-FF-FF-FF-00-00-00-00-00-00;NOTIFICATION;0;da1a1500-d532-4285-be94-b07a3e11a098;da1a1508-d532-4285-be94-b07a3e11a098;18;;
570085;1788058467007;1509;BatteryChange / Akku-Livestand;11;194;–;00-00-FF-FF-00-9B-DC-00-00-00-00;NOTIFICATION;0;da1a1500-d532-4285-be94-b07a3e11a098;da1a1509-d532-4285-be94-b07a3e11a098;18;;
570331;1788058467253;150A;MotorUpdate / Motor-Livestand;10;194;–;00-00-FF-FF-FF-FF-FF-FF-FF-FF;NOTIFICATION;0;da1a1500-d532-4285-be94-b07a3e11a098;da1a150a-d532-4285-be94-b07a3e11a098;18;;
570506;1788058467428;150B;Motor-/Controllerblock;20;194;–;FF-FF-FF-FF-FF-FF-FF-FF-FF-FF-FF-FF-FF-FF-FF-FF-FF-FF-FF-FF;NOTIFICATION;0;da1a1500-d532-4285-be94-b07a3e11a098;da1a150b-d532-4285-be94-b07a3e11a098;18;;
570754;1788058467676;150D;Fahrstatistik Max/Ø;20;194;–;00-DA-00-6B-FF-FF-FF-FF-47-18-FF-FF-FF-FF-FF-FF-FF-FF-00-00;NOTIFICATION;0;da1a1500-d532-4285-be94-b07a3e11a098;da1a150d-d532-4285-be94-b07a3e11a098;18;;
571810;1788058468732;1502;Akkuinformationen;16;195;–;47-18-FF-FF-FF-FF-47-18-FF-FF-FF-FF-FF-FF-00-00;NOTIFICATION;0;da1a1500-d532-4285-be94-b07a3e11a098;da1a1502-d532-4285-be94-b07a3e11a098;18;;
572230;1788058469152;1505;BikePerformance / Fahrleistung;18;195;7;00-00-00-00-FF-FF-00-B9-FF-FF-FF-FF-FF-00-00-00-00-00;NOTIFICATION;0;da1a1500-d532-4285-be94-b07a3e11a098;da1a1505-d532-4285-be94-b07a3e11a098;18;;
572386;1788058469308;1506;Trip / Kilometer & Betriebszähler;16;195;3,7;00-00-1E-90-00-02-68-45-00-00-03-0E-00-00-00-00;NOTIFICATION;0;da1a1500-d532-4285-be94-b07a3e11a098;da1a1506-d532-4285-be94-b07a3e11a098;18;;
572863;1788058469785;1508;Settings / Licht & Fahrstufe;17;195;–;01-00-00-02-FF-FF-FF-FF-FF-FF-FF-00-00-00-00-00-00;NOTIFICATION;0;da1a1500-d532-4285-be94-b07a3e11a098;da1a1508-d532-4285-be94-b07a3e11a098;18;;
573008;1788058469930;1509;BatteryChange / Akku-Livestand;11;195;–;00-00-FF-FF-00-9B-DC-00-00-00-00;NOTIFICATION;0;da1a1500-d532-4285-be94-b07a3e11a098;da1a1509-d532-4285-be94-b07a3e11a098;18;;
573253;1788058470175;150A;MotorUpdate / Motor-Livestand;10;195;–;00-00-FF-FF-FF-FF-FF-FF-FF-FF;NOTIFICATION;0;da1a1500-d532-4285-be94-b07a3e11a098;da1a150a-d532-4285-be94-b07a3e11a098;18;;
573427;1788058470349;150B;Motor-/Controllerblock;20;195;–;FF-FF-FF-FF-FF-FF-FF-FF-FF-FF-FF-FF-FF-FF-FF-FF-FF-FF-FF-FF;NOTIFICATION;0;da1a1500-d532-4285-be94-b07a3e11a098;da1a150b-d532-4285-be94-b07a3e11a098;18;;
573666;1788058470588;150D;Fahrstatistik Max/Ø;20;195;3;00-DA-00-6C-FF-FF-FF-FF-47-18-FF-FF-FF-FF-FF-FF-FF-FF-00-00;NOTIFICATION;0;da1a1500-d532-4285-be94-b07a3e11a098;da1a150d-d532-4285-be94-b07a3e11a098;18;;
574732;1788058471654;1502;Akkuinformationen;16;196;–;47-18-FF-FF-FF-FF-47-18-FF-FF-FF-FF-FF-FF-00-00;NOTIFICATION;0;da1a1500-d532-4285-be94-b07a3e11a098;da1a1502-d532-4285-be94-b07a3e11a098;18;;
575107;1788058472029;1505;BikePerformance / Fahrleistung;18;196;7;00-00-00-00-FF-FF-00-B6-FF-FF-FF-FF-FF-00-00-00-00-00;NOTIFICATION;0;da1a1500-d532-4285-be94-b07a3e11a098;da1a1505-d532-4285-be94-b07a3e11a098;18;;
575306;1788058472228;1506;Trip / Kilometer & Betriebszähler;16;196;7;00-00-1E-90-00-02-68-48-00-00-03-0E-00-00-00-00;NOTIFICATION;0;da1a1500-d532-4285-be94-b07a3e11a098;da1a1506-d532-4285-be94-b07a3e11a098;18;;
575782;1788058472704;1508;Settings / Licht & Fahrstufe;17;196;–;01-00-00-02-FF-FF-FF-FF-FF-FF-FF-00-00-00-00-00-00;NOTIFICATION;0;da1a1500-d532-4285-be94-b07a3e11a098;da1a1508-d532-4285-be94-b07a3e11a098;18;;
575935;1788058472857;1509;BatteryChange / Akku-Livestand;11;196;–;00-00-FF-FF-00-9B-DC-00-00-00-00;NOTIFICATION;0;da1a1500-d532-4285-be94-b07a3e11a098;da1a1509-d532-4285-be94-b07a3e11a098;18;;
576173;1788058473095;150A;MotorUpdate / Motor-Livestand;10;196;–;00-00-FF-FF-FF-FF-FF-FF-FF-FF;NOTIFICATION;0;da1a1500-d532-4285-be94-b07a3e11a098;da1a150a-d532-4285-be94-b07a3e11a098;18;;
576347;1788058473269;150B;Motor-/Controllerblock;20;196;–;FF-FF-FF-FF-FF-FF-FF-FF-FF-FF-FF-FF-FF-FF-FF-FF-FF-FF-FF-FF;NOTIFICATION;0;da1a1500-d532-4285-be94-b07a3e11a098;da1a150b-d532-4285-be94-b07a3e11a098;18;;
576586;1788058473508;150D;Fahrstatistik Max/Ø;20;196;–;00-DA-00-6C-FF-FF-FF-FF-47-18-FF-FF-FF-FF-FF-FF-FF-FF-00-00;NOTIFICATION;0;da1a1500-d532-4285-be94-b07a3e11a098;da1a150d-d532-4285-be94-b07a3e11a098;18;;
577658;1788058474580;1502;Akkuinformationen;16;197;–;47-18-FF-FF-FF-FF-47-18-FF-FF-FF-FF-FF-FF-00-00;NOTIFICATION;0;da1a1500-d532-4285-be94-b07a3e11a098;da1a1502-d532-4285-be94-b07a3e11a098;18;;
578078;1788058475000;1505;BikePerformance / Fahrleistung;18;197;7;00-00-00-00-FF-FF-00-B4-FF-FF-FF-FF-FF-00-00-00-00-00;NOTIFICATION;0;da1a1500-d532-4285-be94-b07a3e11a098;da1a1505-d532-4285-be94-b07a3e11a098;18;;
578229;1788058475151;1506;Trip / Kilometer & Betriebszähler;16;197;7;00-00-1E-90-00-02-68-4B-00-00-03-0E-00-00-00-00;NOTIFICATION;0;da1a1500-d532-4285-be94-b07a3e11a098;da1a1506-d532-4285-be94-b07a3e11a098;18;;
578642;1788058475564;1508;Settings / Licht & Fahrstufe;17;197;–;01-00-00-02-FF-FF-FF-FF-FF-FF-FF-00-00-00-00-00-00;NOTIFICATION;0;da1a1500-d532-4285-be94-b07a3e11a098;da1a1508-d532-4285-be94-b07a3e11a098;18;;
578858;1788058475780;1509;BatteryChange / Akku-Livestand;11;197;–;00-00-FF-FF-00-9B-DC-00-00-00-00;NOTIFICATION;0;da1a1500-d532-4285-be94-b07a3e11a098;da1a1509-d532-4285-be94-b07a3e11a098;18;;
579056;1788058475978;150A;MotorUpdate / Motor-Livestand;10;197;–;00-00-FF-FF-FF-FF-FF-FF-FF-FF;NOTIFICATION;0;da1a1500-d532-4285-be94-b07a3e11a098;da1a150a-d532-4285-be94-b07a3e11a098;18;;
579303;1788058476225;150B;Motor-/Controllerblock;20;197;–;FF-FF-FF-FF-FF-FF-FF-FF-FF-FF-FF-FF-FF-FF-FF-FF-FF-FF-FF-FF;NOTIFICATION;0;da1a1500-d532-4285-be94-b07a3e11a098;da1a150b-d532-4285-be94-b07a3e11a098;18;;
579478;1788058476400;150D;Fahrstatistik Max/Ø;20;197;–;00-DA-00-6C-FF-FF-FF-FF-47-18-FF-FF-FF-FF-FF-FF-FF-FF-00-00;NOTIFICATION;0;da1a1500-d532-4285-be94-b07a3e11a098;da1a150d-d532-4285-be94-b07a3e11a098;18;;
580575;1788058477497;1502;Akkuinformationen;16;198;–;47-18-FF-FF-FF-FF-47-18-FF-FF-FF-FF-FF-FF-00-00;NOTIFICATION;0;da1a1500-d532-4285-be94-b07a3e11a098;da1a1502-d532-4285-be94-b07a3e11a098;18;;
580998;1788058477920;1505;BikePerformance / Fahrleistung;18;198;7;00-00-00-00-FF-FF-00-BC-FF-FF-FF-FF-FF-00-00-00-00-00;NOTIFICATION;0;da1a1500-d532-4285-be94-b07a3e11a098;da1a1505-d532-4285-be94-b07a3e11a098;18;;
581146;1788058478068;1506;Trip / Kilometer & Betriebszähler;16;198;7;00-00-1E-90-00-02-68-4E-00-00-03-0E-00-00-00-00;NOTIFICATION;0;da1a1500-d532-4285-be94-b07a3e11a098;da1a1506-d532-4285-be94-b07a3e11a098;18;;
581627;1788058478549;1508;Settings / Licht & Fahrstufe;17;198;–;01-00-00-02-FF-FF-FF-FF-FF-FF-FF-00-00-00-00-00-00;NOTIFICATION;0;da1a1500-d532-4285-be94-b07a3e11a098;da1a1508-d532-4285-be94-b07a3e11a098;18;;
581777;1788058478699;1509;BatteryChange / Akku-Livestand;11;198;–;00-00-FF-FF-00-9B-DC-00-00-00-00;NOTIFICATION;0;da1a1500-d532-4285-be94-b07a3e11a098;da1a1509-d532-4285-be94-b07a3e11a098;18;;
582010;1788058478932;150A;MotorUpdate / Motor-Livestand;10;198;–;00-00-FF-FF-FF-FF-FF-FF-FF-FF;NOTIFICATION;0;da1a1500-d532-4285-be94-b07a3e11a098;da1a150a-d532-4285-be94-b07a3e11a098;18;;
582187;1788058479109;150B;Motor-/Controllerblock;20;198;–;FF-FF-FF-FF-FF-FF-FF-FF-FF-FF-FF-FF-FF-FF-FF-FF-FF-FF-FF-FF;NOTIFICATION;0;da1a1500-d532-4285-be94-b07a3e11a098;da1a150b-d532-4285-be94-b07a3e11a098;18;;
582421;1788058479343;150D;Fahrstatistik Max/Ø;20;198;–;00-DA-00-6C-FF-FF-FF-FF-47-18-FF-FF-FF-FF-FF-FF-FF-FF-00-00;NOTIFICATION;0;da1a1500-d532-4285-be94-b07a3e11a098;da1a150d-d532-4285-be94-b07a3e11a098;18;;
583512;1788058480434;1502;Akkuinformationen;16;199;–;47-18-FF-FF-FF-FF-47-18-FF-FF-FF-FF-FF-FF-00-00;NOTIFICATION;0;da1a1500-d532-4285-be94-b07a3e11a098;da1a1502-d532-4285-be94-b07a3e11a098;18;;
583916;1788058480838;1505;BikePerformance / Fahrleistung;18;199;7;00-00-00-00-FF-FF-00-B3-FF-FF-FF-FF-FF-00-00-00-00-00;NOTIFICATION;0;da1a1500-d532-4285-be94-b07a3e11a098;da1a1505-d532-4285-be94-b07a3e11a098;18;;
584065;1788058480987;1506;Trip / Kilometer & Betriebszähler;16;199;7;00-00-1E-90-00-02-68-51-00-00-03-0E-00-00-00-00;NOTIFICATION;0;da1a1500-d532-4285-be94-b07a3e11a098;da1a1506-d532-4285-be94-b07a3e11a098;18;;
584543;1788058481465;1508;Settings / Licht & Fahrstufe;17;199;–;01-00-00-02-FF-FF-FF-FF-FF-FF-FF-00-00-00-00-00-00;NOTIFICATION;0;da1a1500-d532-4285-be94-b07a3e11a098;da1a1508-d532-4285-be94-b07a3e11a098;18;;
584700;1788058481622;1509;BatteryChange / Akku-Livestand;11;199;–;00-00-FF-FF-00-9B-DC-00-00-00-00;NOTIFICATION;0;da1a1500-d532-4285-be94-b07a3e11a098;da1a1509-d532-4285-be94-b07a3e11a098;18;;
584919;1788058481841;150A;MotorUpdate / Motor-Livestand;10;199;–;00-00-FF-FF-FF-FF-FF-FF-FF-FF;NOTIFICATION;0;da1a1500-d532-4285-be94-b07a3e11a098;da1a150a-d532-4285-be94-b07a3e11a098;18;;
585108;1788058482030;150B;Motor-/Controllerblock;20;199;–;FF-FF-FF-FF-FF-FF-FF-FF-FF-FF-FF-FF-FF-FF-FF-FF-FF-FF-FF-FF;NOTIFICATION;0;da1a1500-d532-4285-be94-b07a3e11a098;da1a150b-d532-4285-be94-b07a3e11a098;18;;
585321;1788058482243;150D;Fahrstatistik Max/Ø;20;199;–;00-DA-00-6C-FF-FF-FF-FF-47-18-FF-FF-FF-FF-FF-FF-FF-FF-00-00;NOTIFICATION;0;da1a1500-d532-4285-be94-b07a3e11a098;da1a150d-d532-4285-be94-b07a3e11a098;18;;
586372;1788058483294;1502;Akkuinformationen;16;200;–;47-18-FF-FF-FF-FF-47-18-FF-FF-FF-FF-FF-FF-00-00;NOTIFICATION;0;da1a1500-d532-4285-be94-b07a3e11a098;da1a1502-d532-4285-be94-b07a3e11a098;18;;
586781;1788058483703;1505;BikePerformance / Fahrleistung;18;200;7;00-00-00-00-FF-FF-00-B5-FF-FF-FF-FF-FF-00-00-00-00-00;NOTIFICATION;0;da1a1500-d532-4285-be94-b07a3e11a098;da1a1505-d532-4285-be94-b07a3e11a098;18;;
586988;1788058483910;1506;Trip / Kilometer & Betriebszähler;16;200;7;00-00-1E-90-00-02-68-53-00-00-03-0E-00-00-00-00;NOTIFICATION;0;da1a1500-d532-4285-be94-b07a3e11a098;da1a1506-d532-4285-be94-b07a3e11a098;18;;
587406;1788058484328;1508;Settings / Licht & Fahrstufe;17;200;–;01-00-00-02-FF-FF-FF-FF-FF-FF-FF-00-00-00-00-00-00;NOTIFICATION;0;da1a1500-d532-4285-be94-b07a3e11a098;da1a1508-d532-4285-be94-b07a3e11a098;18;;
587616;1788058484538;1509;BatteryChange / Akku-Livestand;11;200;6;00-00-FF-FF-00-9B-78-00-00-00-00;NOTIFICATION;0;da1a1500-d532-4285-be94-b07a3e11a098;da1a1509-d532-4285-be94-b07a3e11a098;18;;
587826;1788058484748;150A;MotorUpdate / Motor-Livestand;10;200;–;00-00-FF-FF-FF-FF-FF-FF-FF-FF;NOTIFICATION;0;da1a1500-d532-4285-be94-b07a3e11a098;da1a150a-d532-4285-be94-b07a3e11a098;18;;
588038;1788058484960;150B;Motor-/Controllerblock;20;200;–;FF-FF-FF-FF-FF-FF-FF-FF-FF-FF-FF-FF-FF-FF-FF-FF-FF-FF-FF-FF;NOTIFICATION;0;da1a1500-d532-4285-be94-b07a3e11a098;da1a150b-d532-4285-be94-b07a3e11a098;18;;
588237;1788058485159;150D;Fahrstatistik Max/Ø;20;200;–;00-DA-00-6C-FF-FF-FF-FF-47-18-FF-FF-FF-FF-FF-FF-FF-FF-00-00;NOTIFICATION;0;da1a1500-d532-4285-be94-b07a3e11a098;da1a150d-d532-4285-be94-b07a3e11a098;18;;
589286;1788058486208;1502;Akkuinformationen;16;201;–;47-18-FF-FF-FF-FF-47-18-FF-FF-FF-FF-FF-FF-00-00;NOTIFICATION;0;da1a1500-d532-4285-be94-b07a3e11a098;da1a1502-d532-4285-be94-b07a3e11a098;18;;
589701;1788058486623;1505;BikePerformance / Fahrleistung;18;201;7;00-00-00-00-FF-FF-00-B4-FF-FF-FF-FF-FF-00-00-00-00-00;NOTIFICATION;0;da1a1500-d532-4285-be94-b07a3e11a098;da1a1505-d532-4285-be94-b07a3e11a098;18;;
589905;1788058486827;1506;Trip / Kilometer & Betriebszähler;16;201;7;00-00-1E-90-00-02-68-56-00-00-03-0E-00-00-00-00;NOTIFICATION;0;da1a1500-d532-4285-be94-b07a3e11a098;da1a1506-d532-4285-be94-b07a3e11a098;18;;
590328;1788058487250;1508;Settings / Licht & Fahrstufe;17;201;–;01-00-00-02-FF-FF-FF-FF-FF-FF-FF-00-00-00-00-00-00;NOTIFICATION;0;da1a1500-d532-4285-be94-b07a3e11a098;da1a1508-d532-4285-be94-b07a3e11a098;18;;
590537;1788058487459;1509;BatteryChange / Akku-Livestand;11;201;6;00-00-FF-FF-00-9B-DC-00-00-00-00;NOTIFICATION;0;da1a1500-d532-4285-be94-b07a3e11a098;da1a1509-d532-4285-be94-b07a3e11a098;18;;
590748;1788058487670;150A;MotorUpdate / Motor-Livestand;10;201;–;00-00-FF-FF-FF-FF-FF-FF-FF-FF;NOTIFICATION;0;da1a1500-d532-4285-be94-b07a3e11a098;da1a150a-d532-4285-be94-b07a3e11a098;18;;
590958;1788058487880;150B;Motor-/Controllerblock;20;201;–;FF-FF-FF-FF-FF-FF-FF-FF-FF-FF-FF-FF-FF-FF-FF-FF-FF-FF-FF-FF;NOTIFICATION;0;da1a1500-d532-4285-be94-b07a3e11a098;da1a150b-d532-4285-be94-b07a3e11a098;18;;
591160;1788058488082;150D;Fahrstatistik Max/Ø;20;201;–;00-DA-00-6C-FF-FF-FF-FF-47-18-FF-FF-FF-FF-FF-FF-FF-FF-00-00;NOTIFICATION;0;da1a1500-d532-4285-be94-b07a3e11a098;da1a150d-d532-4285-be94-b07a3e11a098;18;;
592210;1788058489132;1502;Akkuinformationen;16;202;–;47-18-FF-FF-FF-FF-47-18-FF-FF-FF-FF-FF-FF-00-00;NOTIFICATION;0;da1a1500-d532-4285-be94-b07a3e11a098;da1a1502-d532-4285-be94-b07a3e11a098;18;;
592621;1788058489543;1505;BikePerformance / Fahrleistung;18;202;7;00-00-00-00-FF-FF-00-B7-FF-FF-FF-FF-FF-00-00-00-00-00;NOTIFICATION;0;da1a1500-d532-4285-be94-b07a3e11a098;da1a1505-d532-4285-be94-b07a3e11a098;18;;
592830;1788058489752;1506;Trip / Kilometer & Betriebszähler;16;202;3,7;00-00-1E-91-00-02-68-59-00-00-03-0E-00-00-00-00;NOTIFICATION;0;da1a1500-d532-4285-be94-b07a3e11a098;da1a1506-d532-4285-be94-b07a3e11a098;18;;
593248;1788058490170;1508;Settings / Licht & Fahrstufe;17;202;–;01-00-00-02-FF-FF-FF-FF-FF-FF-FF-00-00-00-00-00-00;NOTIFICATION;0;da1a1500-d532-4285-be94-b07a3e11a098;da1a1508-d532-4285-be94-b07a3e11a098;18;;
593461;1788058490383;1509;BatteryChange / Akku-Livestand;11;202;–;00-00-FF-FF-00-9B-DC-00-00-00-00;NOTIFICATION;0;da1a1500-d532-4285-be94-b07a3e11a098;da1a1509-d532-4285-be94-b07a3e11a098;18;;
593671;1788058490593;150A;MotorUpdate / Motor-Livestand;10;202;–;00-00-FF-FF-FF-FF-FF-FF-FF-FF;NOTIFICATION;0;da1a1500-d532-4285-be94-b07a3e11a098;da1a150a-d532-4285-be94-b07a3e11a098;18;;
593879;1788058490801;150B;Motor-/Controllerblock;20;202;–;FF-FF-FF-FF-FF-FF-FF-FF-FF-FF-FF-FF-FF-FF-FF-FF-FF-FF-FF-FF;NOTIFICATION;0;da1a1500-d532-4285-be94-b07a3e11a098;da1a150b-d532-4285-be94-b07a3e11a098;18;;
594086;1788058491008;150D;Fahrstatistik Max/Ø;20;202;3;00-DA-00-6D-FF-FF-FF-FF-47-18-FF-FF-FF-FF-FF-FF-FF-FF-00-00;NOTIFICATION;0;da1a1500-d532-4285-be94-b07a3e11a098;da1a150d-d532-4285-be94-b07a3e11a098;18;;
595126;1788058492048;1502;Akkuinformationen;16;203;–;47-18-FF-FF-FF-FF-47-18-FF-FF-FF-FF-FF-FF-00-00;NOTIFICATION;0;da1a1500-d532-4285-be94-b07a3e11a098;da1a1502-d532-4285-be94-b07a3e11a098;18;;
595546;1788058492468;1505;BikePerformance / Fahrleistung;18;203;7;00-00-00-00-FF-FF-00-B6-FF-FF-FF-FF-FF-00-00-00-00-00;NOTIFICATION;0;da1a1500-d532-4285-be94-b07a3e11a098;da1a1505-d532-4285-be94-b07a3e11a098;18;;
595747;1788058492669;1506;Trip / Kilometer & Betriebszähler;16;203;7;00-00-1E-91-00-02-68-5C-00-00-03-0E-00-00-00-00;NOTIFICATION;0;da1a1500-d532-4285-be94-b07a3e11a098;da1a1506-d532-4285-be94-b07a3e11a098;18;;
596166;1788058493088;1508;Settings / Licht & Fahrstufe;17;203;–;01-00-00-02-FF-FF-FF-FF-FF-FF-FF-00-00-00-00-00-00;NOTIFICATION;0;da1a1500-d532-4285-be94-b07a3e11a098;da1a1508-d532-4285-be94-b07a3e11a098;18;;
596378;1788058493300;1509;BatteryChange / Akku-Livestand;11;203;–;00-00-FF-FF-00-9B-DC-00-00-00-00;NOTIFICATION;0;da1a1500-d532-4285-be94-b07a3e11a098;da1a1509-d532-4285-be94-b07a3e11a098;18;;
596587;1788058493509;150A;MotorUpdate / Motor-Livestand;10;203;–;00-00-FF-FF-FF-FF-FF-FF-FF-FF;NOTIFICATION;0;da1a1500-d532-4285-be94-b07a3e11a098;da1a150a-d532-4285-be94-b07a3e11a098;18;;
596795;1788058493717;150B;Motor-/Controllerblock;20;203;–;FF-FF-FF-FF-FF-FF-FF-FF-FF-FF-FF-FF-FF-FF-FF-FF-FF-FF-FF-FF;NOTIFICATION;0;da1a1500-d532-4285-be94-b07a3e11a098;da1a150b-d532-4285-be94-b07a3e11a098;18;;
597005;1788058493927;150D;Fahrstatistik Max/Ø;20;203;–;00-DA-00-6D-FF-FF-FF-FF-47-18-FF-FF-FF-FF-FF-FF-FF-FF-00-00;NOTIFICATION;0;da1a1500-d532-4285-be94-b07a3e11a098;da1a150d-d532-4285-be94-b07a3e11a098;18;;
598046;1788058494968;1502;Akkuinformationen;16;204;–;47-18-FF-FF-FF-FF-47-18-FF-FF-FF-FF-FF-FF-00-00;NOTIFICATION;0;da1a1500-d532-4285-be94-b07a3e11a098;da1a1502-d532-4285-be94-b07a3e11a098;18;;
598462;1788058495384;1505;BikePerformance / Fahrleistung;18;204;7;00-00-00-00-FF-FF-00-AE-FF-FF-FF-FF-FF-00-00-00-00-00;NOTIFICATION;0;da1a1500-d532-4285-be94-b07a3e11a098;da1a1505-d532-4285-be94-b07a3e11a098;18;;
598673;1788058495595;1506;Trip / Kilometer & Betriebszähler;16;204;7;00-00-1E-91-00-02-68-5F-00-00-03-0E-00-00-00-00;NOTIFICATION;0;da1a1500-d532-4285-be94-b07a3e11a098;da1a1506-d532-4285-be94-b07a3e11a098;18;;
599141;1788058496063;1508;Settings / Licht & Fahrstufe;17;204;–;01-00-00-02-FF-FF-FF-FF-FF-FF-FF-00-00-00-00-00-00;NOTIFICATION;0;da1a1500-d532-4285-be94-b07a3e11a098;da1a1508-d532-4285-be94-b07a3e11a098;18;;
599296;1788058496218;1509;BatteryChange / Akku-Livestand;11;204;–;00-00-FF-FF-00-9B-DC-00-00-00-00;NOTIFICATION;0;da1a1500-d532-4285-be94-b07a3e11a098;da1a1509-d532-4285-be94-b07a3e11a098;18;;
599537;1788058496459;150A;MotorUpdate / Motor-Livestand;10;204;–;00-00-FF-FF-FF-FF-FF-FF-FF-FF;NOTIFICATION;0;da1a1500-d532-4285-be94-b07a3e11a098;da1a150a-d532-4285-be94-b07a3e11a098;18;;
599716;1788058496638;150B;Motor-/Controllerblock;20;204;–;FF-FF-FF-FF-FF-FF-FF-FF-FF-FF-FF-FF-FF-FF-FF-FF-FF-FF-FF-FF;NOTIFICATION;0;da1a1500-d532-4285-be94-b07a3e11a098;da1a150b-d532-4285-be94-b07a3e11a098;18;;
599965;1788058496887;150D;Fahrstatistik Max/Ø;20;204;–;00-DA-00-6D-FF-FF-FF-FF-47-18-FF-FF-FF-FF-FF-FF-FF-FF-00-00;NOTIFICATION;0;da1a1500-d532-4285-be94-b07a3e11a098;da1a150d-d532-4285-be94-b07a3e11a098;18;;
601022;1788058497944;1502;Akkuinformationen;16;205;–;47-18-FF-FF-FF-FF-47-18-FF-FF-FF-FF-FF-FF-00-00;NOTIFICATION;0;da1a1500-d532-4285-be94-b07a3e11a098;da1a1502-d532-4285-be94-b07a3e11a098;18;;
601445;1788058498367;1505;BikePerformance / Fahrleistung;18;205;7;00-00-00-00-FF-FF-00-A5-FF-FF-FF-FF-FF-00-00-00-00-00;NOTIFICATION;0;da1a1500-d532-4285-be94-b07a3e11a098;da1a1505-d532-4285-be94-b07a3e11a098;18;;
601598;1788058498520;1506;Trip / Kilometer & Betriebszähler;16;205;7;00-00-1E-91-00-02-68-62-00-00-03-0E-00-00-00-00;NOTIFICATION;0;da1a1500-d532-4285-be94-b07a3e11a098;da1a1506-d532-4285-be94-b07a3e11a098;18;;
602009;1788058498931;1508;Settings / Licht & Fahrstufe;17;205;–;01-00-00-02-FF-FF-FF-FF-FF-FF-FF-00-00-00-00-00-00;NOTIFICATION;0;da1a1500-d532-4285-be94-b07a3e11a098;da1a1508-d532-4285-be94-b07a3e11a098;18;;
602218;1788058499140;1509;BatteryChange / Akku-Livestand;11;205;6;00-00-FF-FF-00-9B-78-00-00-00-00;NOTIFICATION;0;da1a1500-d532-4285-be94-b07a3e11a098;da1a1509-d532-4285-be94-b07a3e11a098;18;;
602429;1788058499351;150A;MotorUpdate / Motor-Livestand;10;205;–;00-00-FF-FF-FF-FF-FF-FF-FF-FF;NOTIFICATION;0;da1a1500-d532-4285-be94-b07a3e11a098;da1a150a-d532-4285-be94-b07a3e11a098;18;;
602636;1788058499558;150B;Motor-/Controllerblock;20;205;–;FF-FF-FF-FF-FF-FF-FF-FF-FF-FF-FF-FF-FF-FF-FF-FF-FF-FF-FF-FF;NOTIFICATION;0;da1a1500-d532-4285-be94-b07a3e11a098;da1a150b-d532-4285-be94-b07a3e11a098;18;;
602845;1788058499767;150D;Fahrstatistik Max/Ø;20;205;–;00-DA-00-6D-FF-FF-FF-FF-47-18-FF-FF-FF-FF-FF-FF-FF-FF-00-00;NOTIFICATION;0;da1a1500-d532-4285-be94-b07a3e11a098;da1a150d-d532-4285-be94-b07a3e11a098;18;;
603887;1788058500809;1502;Akkuinformationen;16;206;–;47-18-FF-FF-FF-FF-47-18-FF-FF-FF-FF-FF-FF-00-00;NOTIFICATION;0;da1a1500-d532-4285-be94-b07a3e11a098;da1a1502-d532-4285-be94-b07a3e11a098;18;;
604307;1788058501229;1505;BikePerformance / Fahrleistung;18;206;7;00-00-00-00-FF-FF-00-A3-FF-FF-FF-FF-FF-00-00-00-00-00;NOTIFICATION;0;da1a1500-d532-4285-be94-b07a3e11a098;da1a1505-d532-4285-be94-b07a3e11a098;18;;
604515;1788058501437;1506;Trip / Kilometer & Betriebszähler;16;206;7;00-00-1E-91-00-02-68-65-00-00-03-0E-00-00-00-00;NOTIFICATION;0;da1a1500-d532-4285-be94-b07a3e11a098;da1a1506-d532-4285-be94-b07a3e11a098;18;;
604926;1788058501848;1508;Settings / Licht & Fahrstufe;17;206;–;01-00-00-02-FF-FF-FF-FF-FF-FF-FF-00-00-00-00-00-00;NOTIFICATION;0;da1a1500-d532-4285-be94-b07a3e11a098;da1a1508-d532-4285-be94-b07a3e11a098;18;;
605137;1788058502059;1509;BatteryChange / Akku-Livestand;11;206;–;00-00-FF-FF-00-9B-78-00-00-00-00;NOTIFICATION;0;da1a1500-d532-4285-be94-b07a3e11a098;da1a1509-d532-4285-be94-b07a3e11a098;18;;
605346;1788058502268;150A;MotorUpdate / Motor-Livestand;10;206;–;00-00-FF-FF-FF-FF-FF-FF-FF-FF;NOTIFICATION;0;da1a1500-d532-4285-be94-b07a3e11a098;da1a150a-d532-4285-be94-b07a3e11a098;18;;
605559;1788058502481;150B;Motor-/Controllerblock;20;206;–;FF-FF-FF-FF-FF-FF-FF-FF-FF-FF-FF-FF-FF-FF-FF-FF-FF-FF-FF-FF;NOTIFICATION;0;da1a1500-d532-4285-be94-b07a3e11a098;da1a150b-d532-4285-be94-b07a3e11a098;18;;
605767;1788058502689;150D;Fahrstatistik Max/Ø;20;206;–;00-DA-00-6D-FF-FF-FF-FF-47-18-FF-FF-FF-FF-FF-FF-FF-FF-00-00;NOTIFICATION;0;da1a1500-d532-4285-be94-b07a3e11a098;da1a150d-d532-4285-be94-b07a3e11a098;18;;
606806;1788058503728;1502;Akkuinformationen;16;207;–;47-18-FF-FF-FF-FF-47-18-FF-FF-FF-FF-FF-FF-00-00;NOTIFICATION;0;da1a1500-d532-4285-be94-b07a3e11a098;da1a1502-d532-4285-be94-b07a3e11a098;18;;
607284;1788058504206;1505;BikePerformance / Fahrleistung;18;207;7;00-00-00-00-FF-FF-00-9C-FF-FF-FF-FF-FF-00-00-00-00-00;NOTIFICATION;0;da1a1500-d532-4285-be94-b07a3e11a098;da1a1505-d532-4285-be94-b07a3e11a098;18;;
607435;1788058504357;1506;Trip / Kilometer & Betriebszähler;16;207;7;00-00-1E-91-00-02-68-68-00-00-03-0E-00-00-00-00;NOTIFICATION;0;da1a1500-d532-4285-be94-b07a3e11a098;da1a1506-d532-4285-be94-b07a3e11a098;18;;
607903;1788058504825;1508;Settings / Licht & Fahrstufe;17;207;–;01-00-00-02-FF-FF-FF-FF-FF-FF-FF-00-00-00-00-00-00;NOTIFICATION;0;da1a1500-d532-4285-be94-b07a3e11a098;da1a1508-d532-4285-be94-b07a3e11a098;18;;
608058;1788058504980;1509;BatteryChange / Akku-Livestand;11;207;–;00-00-FF-FF-00-9B-78-00-00-00-00;NOTIFICATION;0;da1a1500-d532-4285-be94-b07a3e11a098;da1a1509-d532-4285-be94-b07a3e11a098;18;;
608303;1788058505225;150A;MotorUpdate / Motor-Livestand;10;207;–;00-00-FF-FF-FF-FF-FF-FF-FF-FF;NOTIFICATION;0;da1a1500-d532-4285-be94-b07a3e11a098;da1a150a-d532-4285-be94-b07a3e11a098;18;;
608477;1788058505399;150B;Motor-/Controllerblock;20;207;–;FF-FF-FF-FF-FF-FF-FF-FF-FF-FF-FF-FF-FF-FF-FF-FF-FF-FF-FF-FF;NOTIFICATION;0;da1a1500-d532-4285-be94-b07a3e11a098;da1a150b-d532-4285-be94-b07a3e11a098;18;;
608717;1788058505639;150D;Fahrstatistik Max/Ø;20;207;–;00-DA-00-6D-FF-FF-FF-FF-47-18-FF-FF-FF-FF-FF-FF-FF-FF-00-00;NOTIFICATION;0;da1a1500-d532-4285-be94-b07a3e11a098;da1a150d-d532-4285-be94-b07a3e11a098;18;;
609784;1788058506706;1502;Akkuinformationen;16;208;–;47-18-FF-FF-FF-FF-47-18-FF-FF-FF-FF-FF-FF-00-00;NOTIFICATION;0;da1a1500-d532-4285-be94-b07a3e11a098;da1a1502-d532-4285-be94-b07a3e11a098;18;;
610199;1788058507121;1505;BikePerformance / Fahrleistung;18;208;–;00-00-00-00-FF-FF-00-9C-FF-FF-FF-FF-FF-00-00-00-00-00;NOTIFICATION;0;da1a1500-d532-4285-be94-b07a3e11a098;da1a1505-d532-4285-be94-b07a3e11a098;18;;
610358;1788058507280;1506;Trip / Kilometer & Betriebszähler;16;208;7;00-00-1E-91-00-02-68-6B-00-00-03-0E-00-00-00-00;NOTIFICATION;0;da1a1500-d532-4285-be94-b07a3e11a098;da1a1506-d532-4285-be94-b07a3e11a098;18;;
610767;1788058507689;1508;Settings / Licht & Fahrstufe;17;208;–;01-00-00-02-FF-FF-FF-FF-FF-FF-FF-00-00-00-00-00-00;NOTIFICATION;0;da1a1500-d532-4285-be94-b07a3e11a098;da1a1508-d532-4285-be94-b07a3e11a098;18;;
611003;1788058507925;1509;BatteryChange / Akku-Livestand;11;208;–;00-00-FF-FF-00-9B-78-00-00-00-00;NOTIFICATION;0;da1a1500-d532-4285-be94-b07a3e11a098;da1a1509-d532-4285-be94-b07a3e11a098;18;;
611187;1788058508109;150A;MotorUpdate / Motor-Livestand;10;208;–;00-00-FF-FF-FF-FF-FF-FF-FF-FF;NOTIFICATION;0;da1a1500-d532-4285-be94-b07a3e11a098;da1a150a-d532-4285-be94-b07a3e11a098;18;;
611425;1788058508347;150B;Motor-/Controllerblock;20;208;–;FF-FF-FF-FF-FF-FF-FF-FF-FF-FF-FF-FF-FF-FF-FF-FF-FF-FF-FF-FF;NOTIFICATION;0;da1a1500-d532-4285-be94-b07a3e11a098;da1a150b-d532-4285-be94-b07a3e11a098;18;;
611608;1788058508530;150D;Fahrstatistik Max/Ø;20;208;–;00-DA-00-6D-FF-FF-FF-FF-47-18-FF-FF-FF-FF-FF-FF-FF-FF-00-00;NOTIFICATION;0;da1a1500-d532-4285-be94-b07a3e11a098;da1a150d-d532-4285-be94-b07a3e11a098;18;;
612717;1788058509639;1502;Akkuinformationen;16;209;–;47-18-FF-FF-FF-FF-47-18-FF-FF-FF-FF-FF-FF-00-00;NOTIFICATION;0;da1a1500-d532-4285-be94-b07a3e11a098;da1a1502-d532-4285-be94-b07a3e11a098;18;;
613129;1788058510051;1505;BikePerformance / Fahrleistung;18;209;7;00-00-00-00-FF-FF-00-98-FF-FF-FF-FF-FF-00-00-00-00-00;NOTIFICATION;0;da1a1500-d532-4285-be94-b07a3e11a098;da1a1505-d532-4285-be94-b07a3e11a098;18;;
613279;1788058510201;1506;Trip / Kilometer & Betriebszähler;16;209;3,7;00-00-1E-92-00-02-68-6E-00-00-03-0E-00-00-00-00;NOTIFICATION;0;da1a1500-d532-4285-be94-b07a3e11a098;da1a1506-d532-4285-be94-b07a3e11a098;18;;
613754;1788058510676;1508;Settings / Licht & Fahrstufe;17;209;–;01-00-00-02-FF-FF-FF-FF-FF-FF-FF-00-00-00-00-00-00;NOTIFICATION;0;da1a1500-d532-4285-be94-b07a3e11a098;da1a1508-d532-4285-be94-b07a3e11a098;18;;
613899;1788058510821;1509;BatteryChange / Akku-Livestand;11;209;–;00-00-FF-FF-00-9B-78-00-00-00-00;NOTIFICATION;0;da1a1500-d532-4285-be94-b07a3e11a098;da1a1509-d532-4285-be94-b07a3e11a098;18;;
614149;1788058511071;150A;MotorUpdate / Motor-Livestand;10;209;–;00-00-FF-FF-FF-FF-FF-FF-FF-FF;NOTIFICATION;0;da1a1500-d532-4285-be94-b07a3e11a098;da1a150a-d532-4285-be94-b07a3e11a098;18;;
614315;1788058511237;150B;Motor-/Controllerblock;20;209;–;FF-FF-FF-FF-FF-FF-FF-FF-FF-FF-FF-FF-FF-FF-FF-FF-FF-FF-FF-FF;NOTIFICATION;0;da1a1500-d532-4285-be94-b07a3e11a098;da1a150b-d532-4285-be94-b07a3e11a098;18;;
614551;1788058511473;150D;Fahrstatistik Max/Ø;20;209;3;00-DA-00-6E-FF-FF-FF-FF-47-18-FF-FF-FF-FF-FF-FF-FF-FF-00-00;NOTIFICATION;0;da1a1500-d532-4285-be94-b07a3e11a098;da1a150d-d532-4285-be94-b07a3e11a098;18;;
615630;1788058512552;1502;Akkuinformationen;16;210;–;47-18-FF-FF-FF-FF-47-18-FF-FF-FF-FF-FF-FF-00-00;NOTIFICATION;0;da1a1500-d532-4285-be94-b07a3e11a098;da1a1502-d532-4285-be94-b07a3e11a098;18;;
616045;1788058512967;1505;BikePerformance / Fahrleistung;18;210;7;00-00-00-00-FF-FF-00-97-FF-FF-FF-FF-FF-00-00-00-00-00;NOTIFICATION;0;da1a1500-d532-4285-be94-b07a3e11a098;da1a1505-d532-4285-be94-b07a3e11a098;18;;
616196;1788058513118;1506;Trip / Kilometer & Betriebszähler;16;210;7;00-00-1E-92-00-02-68-71-00-00-03-0E-00-00-00-00;NOTIFICATION;0;da1a1500-d532-4285-be94-b07a3e11a098;da1a1506-d532-4285-be94-b07a3e11a098;18;;
616663;1788058513585;1508;Settings / Licht & Fahrstufe;17;210;–;01-00-00-02-FF-FF-FF-FF-FF-FF-FF-00-00-00-00-00-00;NOTIFICATION;0;da1a1500-d532-4285-be94-b07a3e11a098;da1a1508-d532-4285-be94-b07a3e11a098;18;;
616817;1788058513739;1509;BatteryChange / Akku-Livestand;11;210;–;00-00-FF-FF-00-9B-78-00-00-00-00;NOTIFICATION;0;da1a1500-d532-4285-be94-b07a3e11a098;da1a1509-d532-4285-be94-b07a3e11a098;18;;
617029;1788058513951;150A;MotorUpdate / Motor-Livestand;10;210;–;00-00-FF-FF-FF-FF-FF-FF-FF-FF;NOTIFICATION;0;da1a1500-d532-4285-be94-b07a3e11a098;da1a150a-d532-4285-be94-b07a3e11a098;18;;
617233;1788058514155;150B;Motor-/Controllerblock;20;210;–;FF-FF-FF-FF-FF-FF-FF-FF-FF-FF-FF-FF-FF-FF-FF-FF-FF-FF-FF-FF;NOTIFICATION;0;da1a1500-d532-4285-be94-b07a3e11a098;da1a150b-d532-4285-be94-b07a3e11a098;18;;
617445;1788058514367;150D;Fahrstatistik Max/Ø;20;210;–;00-DA-00-6E-FF-FF-FF-FF-47-18-FF-FF-FF-FF-FF-FF-FF-FF-00-00;NOTIFICATION;0;da1a1500-d532-4285-be94-b07a3e11a098;da1a150d-d532-4285-be94-b07a3e11a098;18;;
618487;1788058515409;1502;Akkuinformationen;16;211;–;47-18-FF-FF-FF-FF-47-18-FF-FF-FF-FF-FF-FF-00-00;NOTIFICATION;0;da1a1500-d532-4285-be94-b07a3e11a098;da1a1502-d532-4285-be94-b07a3e11a098;18;;
618965;1788058515887;1505;BikePerformance / Fahrleistung;18;211;7;00-00-00-00-FF-FF-00-9D-FF-FF-FF-FF-FF-00-00-00-00-00;NOTIFICATION;0;da1a1500-d532-4285-be94-b07a3e11a098;da1a1505-d532-4285-be94-b07a3e11a098;18;;
619118;1788058516040;1506;Trip / Kilometer & Betriebszähler;16;211;7;00-00-1E-92-00-02-68-74-00-00-03-0E-00-00-00-00;NOTIFICATION;0;da1a1500-d532-4285-be94-b07a3e11a098;da1a1506-d532-4285-be94-b07a3e11a098;18;;
619591;1788058516513;1508;Settings / Licht & Fahrstufe;17;211;–;01-00-00-02-FF-FF-FF-FF-FF-FF-FF-00-00-00-00-00-00;NOTIFICATION;0;da1a1500-d532-4285-be94-b07a3e11a098;da1a1508-d532-4285-be94-b07a3e11a098;18;;
619736;1788058516658;1509;BatteryChange / Akku-Livestand;11;211;–;00-00-FF-FF-00-9B-78-00-00-00-00;NOTIFICATION;0;da1a1500-d532-4285-be94-b07a3e11a098;da1a1509-d532-4285-be94-b07a3e11a098;18;;
619946;1788058516868;150A;MotorUpdate / Motor-Livestand;10;211;–;00-00-FF-FF-FF-FF-FF-FF-FF-FF;NOTIFICATION;0;da1a1500-d532-4285-be94-b07a3e11a098;da1a150a-d532-4285-be94-b07a3e11a098;18;;
620207;1788058517129;150B;Motor-/Controllerblock;20;211;–;FF-FF-FF-FF-FF-FF-FF-FF-FF-FF-FF-FF-FF-FF-FF-FF-FF-FF-FF-FF;NOTIFICATION;0;da1a1500-d532-4285-be94-b07a3e11a098;da1a150b-d532-4285-be94-b07a3e11a098;18;;
620368;1788058517290;150D;Fahrstatistik Max/Ø;20;211;–;00-DA-00-6E-FF-FF-FF-FF-47-18-FF-FF-FF-FF-FF-FF-FF-FF-00-00;NOTIFICATION;0;da1a1500-d532-4285-be94-b07a3e11a098;da1a150d-d532-4285-be94-b07a3e11a098;18;;
621464;1788058518386;1502;Akkuinformationen;16;212;–;47-18-FF-FF-FF-FF-47-18-FF-FF-FF-FF-FF-FF-00-00;NOTIFICATION;0;da1a1500-d532-4285-be94-b07a3e11a098;da1a1502-d532-4285-be94-b07a3e11a098;18;;
621887;1788058518809;1505;BikePerformance / Fahrleistung;18;212;7;00-00-00-00-FF-FF-00-98-FF-FF-FF-FF-FF-00-00-00-00-00;NOTIFICATION;0;da1a1500-d532-4285-be94-b07a3e11a098;da1a1505-d532-4285-be94-b07a3e11a098;18;;
622036;1788058518958;1506;Trip / Kilometer & Betriebszähler;16;212;7;00-00-1E-92-00-02-68-77-00-00-03-0E-00-00-00-00;NOTIFICATION;0;da1a1500-d532-4285-be94-b07a3e11a098;da1a1506-d532-4285-be94-b07a3e11a098;18;;
622515;1788058519437;1508;Settings / Licht & Fahrstufe;17;212;–;01-00-00-02-FF-FF-FF-FF-FF-FF-FF-00-00-00-00-00-00;NOTIFICATION;0;da1a1500-d532-4285-be94-b07a3e11a098;da1a1508-d532-4285-be94-b07a3e11a098;18;;
622658;1788058519580;1509;BatteryChange / Akku-Livestand;11;212;–;00-00-FF-FF-00-9B-78-00-00-00-00;NOTIFICATION;0;da1a1500-d532-4285-be94-b07a3e11a098;da1a1509-d532-4285-be94-b07a3e11a098;18;;
622907;1788058519829;150A;MotorUpdate / Motor-Livestand;10;212;–;00-00-FF-FF-FF-FF-FF-FF-FF-FF;NOTIFICATION;0;da1a1500-d532-4285-be94-b07a3e11a098;da1a150a-d532-4285-be94-b07a3e11a098;18;;
623078;1788058520000;150B;Motor-/Controllerblock;20;212;–;FF-FF-FF-FF-FF-FF-FF-FF-FF-FF-FF-FF-FF-FF-FF-FF-FF-FF-FF-FF;NOTIFICATION;0;da1a1500-d532-4285-be94-b07a3e11a098;da1a150b-d532-4285-be94-b07a3e11a098;18;;
623313;1788058520235;150D;Fahrstatistik Max/Ø;20;212;–;00-DA-00-6E-FF-FF-FF-FF-47-18-FF-FF-FF-FF-FF-FF-FF-FF-00-00;NOTIFICATION;0;da1a1500-d532-4285-be94-b07a3e11a098;da1a150d-d532-4285-be94-b07a3e11a098;18;;
624384;1788058521306;1502;Akkuinformationen;16;213;–;47-18-FF-FF-FF-FF-47-18-FF-FF-FF-FF-FF-FF-00-00;NOTIFICATION;0;da1a1500-d532-4285-be94-b07a3e11a098;da1a1502-d532-4285-be94-b07a3e11a098;18;;
624800;1788058521722;1505;BikePerformance / Fahrleistung;18;213;7;00-00-00-00-FF-FF-00-99-FF-FF-FF-FF-FF-00-00-00-00-00;NOTIFICATION;0;da1a1500-d532-4285-be94-b07a3e11a098;da1a1505-d532-4285-be94-b07a3e11a098;18;;
624958;1788058521880;1506;Trip / Kilometer & Betriebszähler;16;213;7;00-00-1E-92-00-02-68-7A-00-00-03-0E-00-00-00-00;NOTIFICATION;0;da1a1500-d532-4285-be94-b07a3e11a098;da1a1506-d532-4285-be94-b07a3e11a098;18;;
625440;1788058522362;1508;Settings / Licht & Fahrstufe;17;213;–;01-00-00-02-FF-FF-FF-FF-FF-FF-FF-00-00-00-00-00-00;NOTIFICATION;0;da1a1500-d532-4285-be94-b07a3e11a098;da1a1508-d532-4285-be94-b07a3e11a098;18;;
625576;1788058522498;1509;BatteryChange / Akku-Livestand;11;213;–;00-00-FF-FF-00-9B-78-00-00-00-00;NOTIFICATION;0;da1a1500-d532-4285-be94-b07a3e11a098;da1a1509-d532-4285-be94-b07a3e11a098;18;;
625818;1788058522740;150A;MotorUpdate / Motor-Livestand;10;213;–;00-00-FF-FF-FF-FF-FF-FF-FF-FF;NOTIFICATION;0;da1a1500-d532-4285-be94-b07a3e11a098;da1a150a-d532-4285-be94-b07a3e11a098;18;;
625997;1788058522919;150B;Motor-/Controllerblock;20;213;–;FF-FF-FF-FF-FF-FF-FF-FF-FF-FF-FF-FF-FF-FF-FF-FF-FF-FF-FF-FF;NOTIFICATION;0;da1a1500-d532-4285-be94-b07a3e11a098;da1a150b-d532-4285-be94-b07a3e11a098;18;;
626244;1788058523166;150D;Fahrstatistik Max/Ø;20;213;–;00-DA-00-6E-FF-FF-FF-FF-47-18-FF-FF-FF-FF-FF-FF-FF-FF-00-00;NOTIFICATION;0;da1a1500-d532-4285-be94-b07a3e11a098;da1a150d-d532-4285-be94-b07a3e11a098;18;;
627305;1788058524227;1502;Akkuinformationen;16;214;–;47-18-FF-FF-FF-FF-47-18-FF-FF-FF-FF-FF-FF-00-00;NOTIFICATION;0;da1a1500-d532-4285-be94-b07a3e11a098;da1a1502-d532-4285-be94-b07a3e11a098;18;;
627757;1788058524679;1505;BikePerformance / Fahrleistung;18;214;7;00-00-00-00-FF-FF-00-98-FF-FF-FF-FF-FF-00-00-00-00-00;NOTIFICATION;0;da1a1500-d532-4285-be94-b07a3e11a098;da1a1505-d532-4285-be94-b07a3e11a098;18;;
627879;1788058524801;1506;Trip / Kilometer & Betriebszähler;16;214;7;00-00-1E-92-00-02-68-7D-00-00-03-0E-00-00-00-00;NOTIFICATION;0;da1a1500-d532-4285-be94-b07a3e11a098;da1a1506-d532-4285-be94-b07a3e11a098;18;;
628354;1788058525276;1508;Settings / Licht & Fahrstufe;17;214;–;01-00-00-02-FF-FF-FF-FF-FF-FF-FF-00-00-00-00-00-00;NOTIFICATION;0;da1a1500-d532-4285-be94-b07a3e11a098;da1a1508-d532-4285-be94-b07a3e11a098;18;;
628499;1788058525421;1509;BatteryChange / Akku-Livestand;11;214;–;00-00-FF-FF-00-9B-78-00-00-00-00;NOTIFICATION;0;da1a1500-d532-4285-be94-b07a3e11a098;da1a1509-d532-4285-be94-b07a3e11a098;18;;
628702;1788058525624;150A;MotorUpdate / Motor-Livestand;10;214;–;00-00-FF-FF-FF-FF-FF-FF-FF-FF;NOTIFICATION;0;da1a1500-d532-4285-be94-b07a3e11a098;da1a150a-d532-4285-be94-b07a3e11a098;18;;
628919;1788058525841;150B;Motor-/Controllerblock;20;214;–;FF-FF-FF-FF-FF-FF-FF-FF-FF-FF-FF-FF-FF-FF-FF-FF-FF-FF-FF-FF;NOTIFICATION;0;da1a1500-d532-4285-be94-b07a3e11a098;da1a150b-d532-4285-be94-b07a3e11a098;18;;
629126;1788058526048;150D;Fahrstatistik Max/Ø;20;214;–;00-DA-00-6E-FF-FF-FF-FF-47-18-FF-FF-FF-FF-FF-FF-FF-FF-00-00;NOTIFICATION;0;da1a1500-d532-4285-be94-b07a3e11a098;da1a150d-d532-4285-be94-b07a3e11a098;18;;
630230;1788058527152;1502;Akkuinformationen;16;215;–;47-18-FF-FF-FF-FF-47-18-FF-FF-FF-FF-FF-FF-00-00;NOTIFICATION;0;da1a1500-d532-4285-be94-b07a3e11a098;da1a1502-d532-4285-be94-b07a3e11a098;18;;
630643;1788058527565;1505;BikePerformance / Fahrleistung;18;215;7;00-00-00-00-FF-FF-00-91-FF-FF-FF-FF-FF-00-00-00-00-00;NOTIFICATION;0;da1a1500-d532-4285-be94-b07a3e11a098;da1a1505-d532-4285-be94-b07a3e11a098;18;;
630796;1788058527718;1506;Trip / Kilometer & Betriebszähler;16;215;7;00-00-1E-92-00-02-68-80-00-00-03-0E-00-00-00-00;NOTIFICATION;0;da1a1500-d532-4285-be94-b07a3e11a098;da1a1506-d532-4285-be94-b07a3e11a098;18;;
631215;1788058528137;1508;Settings / Licht & Fahrstufe;17;215;–;01-00-00-02-FF-FF-FF-FF-FF-FF-FF-00-00-00-00-00-00;NOTIFICATION;0;da1a1500-d532-4285-be94-b07a3e11a098;da1a1508-d532-4285-be94-b07a3e11a098;18;;
631429;1788058528351;1509;BatteryChange / Akku-Livestand;11;215;–;00-00-FF-FF-00-9B-78-00-00-00-00;NOTIFICATION;0;da1a1500-d532-4285-be94-b07a3e11a098;da1a1509-d532-4285-be94-b07a3e11a098;18;;
631689;1788058528611;150A;MotorUpdate / Motor-Livestand;10;215;–;00-00-FF-FF-FF-FF-FF-FF-FF-FF;NOTIFICATION;0;da1a1500-d532-4285-be94-b07a3e11a098;da1a150a-d532-4285-be94-b07a3e11a098;18;;
631841;1788058528763;150B;Motor-/Controllerblock;20;215;–;FF-FF-FF-FF-FF-FF-FF-FF-FF-FF-FF-FF-FF-FF-FF-FF-FF-FF-FF-FF;NOTIFICATION;0;da1a1500-d532-4285-be94-b07a3e11a098;da1a150b-d532-4285-be94-b07a3e11a098;18;;
632044;1788058528966;150D;Fahrstatistik Max/Ø;20;215;–;00-DA-00-6E-FF-FF-FF-FF-47-18-FF-FF-FF-FF-FF-FF-FF-FF-00-00;NOTIFICATION;0;da1a1500-d532-4285-be94-b07a3e11a098;da1a150d-d532-4285-be94-b07a3e11a098;18;;
633148;1788058530070;1502;Akkuinformationen;16;216;–;47-18-FF-FF-FF-FF-47-18-FF-FF-FF-FF-FF-FF-00-00;NOTIFICATION;0;da1a1500-d532-4285-be94-b07a3e11a098;da1a1502-d532-4285-be94-b07a3e11a098;18;;
633560;1788058530482;1505;BikePerformance / Fahrleistung;18;216;7;00-00-00-00-FF-FF-00-97-FF-FF-FF-FF-FF-00-00-00-00-00;NOTIFICATION;0;da1a1500-d532-4285-be94-b07a3e11a098;da1a1505-d532-4285-be94-b07a3e11a098;18;;
633716;1788058530638;1506;Trip / Kilometer & Betriebszähler;16;216;7;00-00-1E-92-00-02-68-82-00-00-03-0E-00-00-00-00;NOTIFICATION;0;da1a1500-d532-4285-be94-b07a3e11a098;da1a1506-d532-4285-be94-b07a3e11a098;18;;
634167;1788058531089;1508;Settings / Licht & Fahrstufe;17;216;–;01-00-00-02-FF-FF-FF-FF-FF-FF-FF-00-00-00-00-00-00;NOTIFICATION;0;da1a1500-d532-4285-be94-b07a3e11a098;da1a1508-d532-4285-be94-b07a3e11a098;18;;
634346;1788058531268;1509;BatteryChange / Akku-Livestand;11;216;–;00-00-FF-FF-00-9B-78-00-00-00-00;NOTIFICATION;0;da1a1500-d532-4285-be94-b07a3e11a098;da1a1509-d532-4285-be94-b07a3e11a098;18;;
634548;1788058531470;150A;MotorUpdate / Motor-Livestand;10;216;–;00-00-FF-FF-FF-FF-FF-FF-FF-FF;NOTIFICATION;0;da1a1500-d532-4285-be94-b07a3e11a098;da1a150a-d532-4285-be94-b07a3e11a098;18;;
634782;1788058531704;150B;Motor-/Controllerblock;20;216;–;FF-FF-FF-FF-FF-FF-FF-FF-FF-FF-FF-FF-FF-FF-FF-FF-FF-FF-FF-FF;NOTIFICATION;0;da1a1500-d532-4285-be94-b07a3e11a098;da1a150b-d532-4285-be94-b07a3e11a098;18;;
634965;1788058531887;150D;Fahrstatistik Max/Ø;20;216;–;00-DA-00-6E-FF-FF-FF-FF-47-18-FF-FF-FF-FF-FF-FF-FF-FF-00-00;NOTIFICATION;0;da1a1500-d532-4285-be94-b07a3e11a098;da1a150d-d532-4285-be94-b07a3e11a098;18;;
636006;1788058532928;1502;Akkuinformationen;16;217;–;47-18-FF-FF-FF-FF-47-18-FF-FF-FF-FF-FF-FF-00-00;NOTIFICATION;0;da1a1500-d532-4285-be94-b07a3e11a098;da1a1502-d532-4285-be94-b07a3e11a098;18;;
636430;1788058533352;1505;BikePerformance / Fahrleistung;18;217;7;00-00-00-00-FF-FF-00-96-FF-FF-FF-FF-FF-00-00-00-00-00;NOTIFICATION;0;da1a1500-d532-4285-be94-b07a3e11a098;da1a1505-d532-4285-be94-b07a3e11a098;18;;
636639;1788058533561;1506;Trip / Kilometer & Betriebszähler;16;217;7;00-00-1E-92-00-02-68-85-00-00-03-0E-00-00-00-00;NOTIFICATION;0;da1a1500-d532-4285-be94-b07a3e11a098;da1a1506-d532-4285-be94-b07a3e11a098;18;;
637106;1788058534028;1508;Settings / Licht & Fahrstufe;17;217;–;01-00-00-02-FF-FF-FF-FF-FF-FF-FF-00-00-00-00-00-00;NOTIFICATION;0;da1a1500-d532-4285-be94-b07a3e11a098;da1a1508-d532-4285-be94-b07a3e11a098;18;;
637266;1788058534188;1509;BatteryChange / Akku-Livestand;11;217;–;00-00-FF-FF-00-9B-78-00-00-00-00;NOTIFICATION;0;da1a1500-d532-4285-be94-b07a3e11a098;da1a1509-d532-4285-be94-b07a3e11a098;18;;
637502;1788058534424;150A;MotorUpdate / Motor-Livestand;10;217;–;00-00-FF-FF-FF-FF-FF-FF-FF-FF;NOTIFICATION;0;da1a1500-d532-4285-be94-b07a3e11a098;da1a150a-d532-4285-be94-b07a3e11a098;18;;
637679;1788058534601;150B;Motor-/Controllerblock;20;217;–;FF-FF-FF-FF-FF-FF-FF-FF-FF-FF-FF-FF-FF-FF-FF-FF-FF-FF-FF-FF;NOTIFICATION;0;da1a1500-d532-4285-be94-b07a3e11a098;da1a150b-d532-4285-be94-b07a3e11a098;18;;
637912;1788058534834;150D;Fahrstatistik Max/Ø;20;217;3;00-DA-00-6F-FF-FF-FF-FF-47-18-FF-FF-FF-FF-FF-FF-FF-FF-00-00;NOTIFICATION;0;da1a1500-d532-4285-be94-b07a3e11a098;da1a150d-d532-4285-be94-b07a3e11a098;18;;
639008;1788058535930;1502;Akkuinformationen;16;218;–;47-18-FF-FF-FF-FF-47-18-FF-FF-FF-FF-FF-FF-00-00;NOTIFICATION;0;da1a1500-d532-4285-be94-b07a3e11a098;da1a1502-d532-4285-be94-b07a3e11a098;18;;
639400;1788058536322;1505;BikePerformance / Fahrleistung;18;218;–;00-00-00-00-FF-FF-00-96-FF-FF-FF-FF-FF-00-00-00-00-00;NOTIFICATION;0;da1a1500-d532-4285-be94-b07a3e11a098;da1a1505-d532-4285-be94-b07a3e11a098;18;;
639556;1788058536478;1506;Trip / Kilometer & Betriebszähler;16;218;3,7;00-00-1E-93-00-02-68-88-00-00-03-0E-00-00-00-00;NOTIFICATION;0;da1a1500-d532-4285-be94-b07a3e11a098;da1a1506-d532-4285-be94-b07a3e11a098;18;;
640049;1788058536971;1508;Settings / Licht & Fahrstufe;17;218;–;01-00-00-02-FF-FF-FF-FF-FF-FF-FF-00-00-00-00-00-00;NOTIFICATION;0;da1a1500-d532-4285-be94-b07a3e11a098;da1a1508-d532-4285-be94-b07a3e11a098;18;;
640187;1788058537109;1509;BatteryChange / Akku-Livestand;11;218;–;00-00-FF-FF-00-9B-78-00-00-00-00;NOTIFICATION;0;da1a1500-d532-4285-be94-b07a3e11a098;da1a1509-d532-4285-be94-b07a3e11a098;18;;
640424;1788058537346;150A;MotorUpdate / Motor-Livestand;10;218;–;00-00-FF-FF-FF-FF-FF-FF-FF-FF;NOTIFICATION;0;da1a1500-d532-4285-be94-b07a3e11a098;da1a150a-d532-4285-be94-b07a3e11a098;18;;
640597;1788058537519;150B;Motor-/Controllerblock;20;218;–;FF-FF-FF-FF-FF-FF-FF-FF-FF-FF-FF-FF-FF-FF-FF-FF-FF-FF-FF-FF;NOTIFICATION;0;da1a1500-d532-4285-be94-b07a3e11a098;da1a150b-d532-4285-be94-b07a3e11a098;18;;
640847;1788058537769;150D;Fahrstatistik Max/Ø;20;218;–;00-DA-00-6F-FF-FF-FF-FF-47-18-FF-FF-FF-FF-FF-FF-FF-FF-00-00;NOTIFICATION;0;da1a1500-d532-4285-be94-b07a3e11a098;da1a150d-d532-4285-be94-b07a3e11a098;18;;
641932;1788058538854;1502;Akkuinformationen;16;219;–;47-18-FF-FF-FF-FF-47-18-FF-FF-FF-FF-FF-FF-00-00;NOTIFICATION;0;da1a1500-d532-4285-be94-b07a3e11a098;da1a1502-d532-4285-be94-b07a3e11a098;18;;
642330;1788058539252;1505;BikePerformance / Fahrleistung;18;219;7;00-00-00-00-FF-FF-00-8D-FF-FF-FF-FF-FF-00-00-00-00-00;NOTIFICATION;0;da1a1500-d532-4285-be94-b07a3e11a098;da1a1505-d532-4285-be94-b07a3e11a098;18;;
642476;1788058539398;1506;Trip / Kilometer & Betriebszähler;16;219;7;00-00-1E-93-00-02-68-8B-00-00-03-0E-00-00-00-00;NOTIFICATION;0;da1a1500-d532-4285-be94-b07a3e11a098;da1a1506-d532-4285-be94-b07a3e11a098;18;;
642952;1788058539874;1508;Settings / Licht & Fahrstufe;17;219;–;01-00-00-02-FF-FF-FF-FF-FF-FF-FF-00-00-00-00-00-00;NOTIFICATION;0;da1a1500-d532-4285-be94-b07a3e11a098;da1a1508-d532-4285-be94-b07a3e11a098;18;;
643105;1788058540027;1509;BatteryChange / Akku-Livestand;11;219;–;00-00-FF-FF-00-9B-78-00-00-00-00;NOTIFICATION;0;da1a1500-d532-4285-be94-b07a3e11a098;da1a1509-d532-4285-be94-b07a3e11a098;18;;
643333;1788058540255;150A;MotorUpdate / Motor-Livestand;10;219;–;00-00-FF-FF-FF-FF-FF-FF-FF-FF;NOTIFICATION;0;da1a1500-d532-4285-be94-b07a3e11a098;da1a150a-d532-4285-be94-b07a3e11a098;18;;
643517;1788058540439;150B;Motor-/Controllerblock;20;219;–;FF-FF-FF-FF-FF-FF-FF-FF-FF-FF-FF-FF-FF-FF-FF-FF-FF-FF-FF-FF;NOTIFICATION;0;da1a1500-d532-4285-be94-b07a3e11a098;da1a150b-d532-4285-be94-b07a3e11a098;18;;
643760;1788058540682;150D;Fahrstatistik Max/Ø;20;219;–;00-DA-00-6F-FF-FF-FF-FF-47-18-FF-FF-FF-FF-FF-FF-FF-FF-00-00;NOTIFICATION;0;da1a1500-d532-4285-be94-b07a3e11a098;da1a150d-d532-4285-be94-b07a3e11a098;18;;
644836;1788058541758;1502;Akkuinformationen;16;220;–;47-18-FF-FF-FF-FF-47-18-FF-FF-FF-FF-FF-FF-00-00;NOTIFICATION;0;da1a1500-d532-4285-be94-b07a3e11a098;da1a1502-d532-4285-be94-b07a3e11a098;18;;
645274;1788058542196;1505;BikePerformance / Fahrleistung;18;220;7;00-00-00-00-FF-FF-00-8A-FF-FF-FF-FF-FF-00-00-00-00-00;NOTIFICATION;0;da1a1500-d532-4285-be94-b07a3e11a098;da1a1505-d532-4285-be94-b07a3e11a098;18;;
645395;1788058542317;1506;Trip / Kilometer & Betriebszähler;16;220;7;00-00-1E-93-00-02-68-8E-00-00-03-0E-00-00-00-00;NOTIFICATION;0;da1a1500-d532-4285-be94-b07a3e11a098;da1a1506-d532-4285-be94-b07a3e11a098;18;;
645875;1788058542797;1508;Settings / Licht & Fahrstufe;17;220;–;01-00-00-02-FF-FF-FF-FF-FF-FF-FF-00-00-00-00-00-00;NOTIFICATION;0;da1a1500-d532-4285-be94-b07a3e11a098;da1a1508-d532-4285-be94-b07a3e11a098;18;;
646028;1788058542950;1509;BatteryChange / Akku-Livestand;11;220;–;00-00-FF-FF-00-9B-78-00-00-00-00;NOTIFICATION;0;da1a1500-d532-4285-be94-b07a3e11a098;da1a1509-d532-4285-be94-b07a3e11a098;18;;
646258;1788058543180;150A;MotorUpdate / Motor-Livestand;10;220;–;00-00-FF-FF-FF-FF-FF-FF-FF-FF;NOTIFICATION;0;da1a1500-d532-4285-be94-b07a3e11a098;da1a150a-d532-4285-be94-b07a3e11a098;18;;
646437;1788058543359;150B;Motor-/Controllerblock;20;220;–;FF-FF-FF-FF-FF-FF-FF-FF-FF-FF-FF-FF-FF-FF-FF-FF-FF-FF-FF-FF;NOTIFICATION;0;da1a1500-d532-4285-be94-b07a3e11a098;da1a150b-d532-4285-be94-b07a3e11a098;18;;
646650;1788058543572;150D;Fahrstatistik Max/Ø;20;220;–;00-DA-00-6F-FF-FF-FF-FF-47-18-FF-FF-FF-FF-FF-FF-FF-FF-00-00;NOTIFICATION;0;da1a1500-d532-4285-be94-b07a3e11a098;da1a150d-d532-4285-be94-b07a3e11a098;18;;
647754;1788058544676;1502;Akkuinformationen;16;221;–;47-18-FF-FF-FF-FF-47-18-FF-FF-FF-FF-FF-FF-00-00;NOTIFICATION;0;da1a1500-d532-4285-be94-b07a3e11a098;da1a1502-d532-4285-be94-b07a3e11a098;18;;
648166;1788058545088;1505;BikePerformance / Fahrleistung;18;221;7;00-00-00-00-FF-FF-00-8E-FF-FF-FF-FF-FF-00-00-00-00-00;NOTIFICATION;0;da1a1500-d532-4285-be94-b07a3e11a098;da1a1505-d532-4285-be94-b07a3e11a098;18;;
648316;1788058545238;1506;Trip / Kilometer & Betriebszähler;16;221;7;00-00-1E-93-00-02-68-91-00-00-03-0E-00-00-00-00;NOTIFICATION;0;da1a1500-d532-4285-be94-b07a3e11a098;da1a1506-d532-4285-be94-b07a3e11a098;18;;
648797;1788058545719;1508;Settings / Licht & Fahrstufe;17;221;–;01-00-00-02-FF-FF-FF-FF-FF-FF-FF-00-00-00-00-00-00;NOTIFICATION;0;da1a1500-d532-4285-be94-b07a3e11a098;da1a1508-d532-4285-be94-b07a3e11a098;18;;
648946;1788058545868;1509;BatteryChange / Akku-Livestand;11;221;–;00-00-FF-FF-00-9B-78-00-00-00-00;NOTIFICATION;0;da1a1500-d532-4285-be94-b07a3e11a098;da1a1509-d532-4285-be94-b07a3e11a098;18;;
649191;1788058546113;150A;MotorUpdate / Motor-Livestand;10;221;–;00-00-FF-FF-FF-FF-FF-FF-FF-FF;NOTIFICATION;0;da1a1500-d532-4285-be94-b07a3e11a098;da1a150a-d532-4285-be94-b07a3e11a098;18;;
649360;1788058546282;150B;Motor-/Controllerblock;20;221;–;FF-FF-FF-FF-FF-FF-FF-FF-FF-FF-FF-FF-FF-FF-FF-FF-FF-FF-FF-FF;NOTIFICATION;0;da1a1500-d532-4285-be94-b07a3e11a098;da1a150b-d532-4285-be94-b07a3e11a098;18;;
649596;1788058546518;150D;Fahrstatistik Max/Ø;20;221;–;00-DA-00-6F-FF-FF-FF-FF-47-18-FF-FF-FF-FF-FF-FF-FF-FF-00-00;NOTIFICATION;0;da1a1500-d532-4285-be94-b07a3e11a098;da1a150d-d532-4285-be94-b07a3e11a098;18;;
650676;1788058547598;1502;Akkuinformationen;16;222;–;47-18-FF-FF-FF-FF-47-18-FF-FF-FF-FF-FF-FF-00-00;NOTIFICATION;0;da1a1500-d532-4285-be94-b07a3e11a098;da1a1502-d532-4285-be94-b07a3e11a098;18;;
651091;1788058548013;1505;BikePerformance / Fahrleistung;18;222;7;00-00-00-00-FF-FF-00-97-FF-FF-FF-FF-FF-00-00-00-00-00;NOTIFICATION;0;da1a1500-d532-4285-be94-b07a3e11a098;da1a1505-d532-4285-be94-b07a3e11a098;18;;
651236;1788058548158;1506;Trip / Kilometer & Betriebszähler;16;222;7;00-00-1E-93-00-02-68-94-00-00-03-0E-00-00-00-00;NOTIFICATION;0;da1a1500-d532-4285-be94-b07a3e11a098;da1a1506-d532-4285-be94-b07a3e11a098;18;;
651755;1788058548677;1508;Settings / Licht & Fahrstufe;17;222;–;01-00-00-02-FF-FF-FF-FF-FF-FF-FF-00-00-00-00-00-00;NOTIFICATION;0;da1a1500-d532-4285-be94-b07a3e11a098;da1a1508-d532-4285-be94-b07a3e11a098;18;;
651868;1788058548790;1509;BatteryChange / Akku-Livestand;11;222;–;00-00-FF-FF-00-9B-78-00-00-00-00;NOTIFICATION;0;da1a1500-d532-4285-be94-b07a3e11a098;da1a1509-d532-4285-be94-b07a3e11a098;18;;
652113;1788058549035;150A;MotorUpdate / Motor-Livestand;10;222;–;00-00-FF-FF-FF-FF-FF-FF-FF-FF;NOTIFICATION;0;da1a1500-d532-4285-be94-b07a3e11a098;da1a150a-d532-4285-be94-b07a3e11a098;18;;
652277;1788058549199;150B;Motor-/Controllerblock;20;222;–;FF-FF-FF-FF-FF-FF-FF-FF-FF-FF-FF-FF-FF-FF-FF-FF-FF-FF-FF-FF;NOTIFICATION;0;da1a1500-d532-4285-be94-b07a3e11a098;da1a150b-d532-4285-be94-b07a3e11a098;18;;
652517;1788058549439;150D;Fahrstatistik Max/Ø;20;222;–;00-DA-00-6F-FF-FF-FF-FF-47-18-FF-FF-FF-FF-FF-FF-FF-FF-00-00;NOTIFICATION;0;da1a1500-d532-4285-be94-b07a3e11a098;da1a150d-d532-4285-be94-b07a3e11a098;18;;
653597;1788058550519;1502;Akkuinformationen;16;223;–;47-18-FF-FF-FF-FF-47-18-FF-FF-FF-FF-FF-FF-00-00;NOTIFICATION;0;da1a1500-d532-4285-be94-b07a3e11a098;da1a1502-d532-4285-be94-b07a3e11a098;18;;
654026;1788058550948;1505;BikePerformance / Fahrleistung;18;223;7;00-00-00-00-FF-FF-00-AA-FF-FF-FF-FF-FF-00-00-00-00-00;NOTIFICATION;0;da1a1500-d532-4285-be94-b07a3e11a098;da1a1505-d532-4285-be94-b07a3e11a098;18;;
654158;1788058551080;1506;Trip / Kilometer & Betriebszähler;16;223;7;00-00-1E-93-00-02-68-97-00-00-03-0E-00-00-00-00;NOTIFICATION;0;da1a1500-d532-4285-be94-b07a3e11a098;da1a1506-d532-4285-be94-b07a3e11a098;18;;
654635;1788058551557;1508;Settings / Licht & Fahrstufe;17;223;–;01-00-00-02-FF-FF-FF-FF-FF-FF-FF-00-00-00-00-00-00;NOTIFICATION;0;da1a1500-d532-4285-be94-b07a3e11a098;da1a1508-d532-4285-be94-b07a3e11a098;18;;
654786;1788058551708;1509;BatteryChange / Akku-Livestand;11;223;–;00-00-FF-FF-00-9B-78-00-00-00-00;NOTIFICATION;0;da1a1500-d532-4285-be94-b07a3e11a098;da1a1509-d532-4285-be94-b07a3e11a098;18;;
655026;1788058551948;150A;MotorUpdate / Motor-Livestand;10;223;–;00-00-FF-FF-FF-FF-FF-FF-FF-FF;NOTIFICATION;0;da1a1500-d532-4285-be94-b07a3e11a098;da1a150a-d532-4285-be94-b07a3e11a098;18;;
655209;1788058552131;150B;Motor-/Controllerblock;20;223;–;FF-FF-FF-FF-FF-FF-FF-FF-FF-FF-FF-FF-FF-FF-FF-FF-FF-FF-FF-FF;NOTIFICATION;0;da1a1500-d532-4285-be94-b07a3e11a098;da1a150b-d532-4285-be94-b07a3e11a098;18;;
655443;1788058552365;150D;Fahrstatistik Max/Ø;20;223;–;00-DA-00-6F-FF-FF-FF-FF-47-18-FF-FF-FF-FF-FF-FF-FF-FF-00-00;NOTIFICATION;0;da1a1500-d532-4285-be94-b07a3e11a098;da1a150d-d532-4285-be94-b07a3e11a098;18;;
656524;1788058553446;1502;Akkuinformationen;16;224;–;47-18-FF-FF-FF-FF-47-18-FF-FF-FF-FF-FF-FF-00-00;NOTIFICATION;0;da1a1500-d532-4285-be94-b07a3e11a098;da1a1502-d532-4285-be94-b07a3e11a098;18;;
656927;1788058553849;1505;BikePerformance / Fahrleistung;18;224;7;00-00-00-00-FF-FF-00-B4-FF-FF-FF-FF-FF-00-00-00-00-00;NOTIFICATION;0;da1a1500-d532-4285-be94-b07a3e11a098;da1a1505-d532-4285-be94-b07a3e11a098;18;;
657077;1788058553999;1506;Trip / Kilometer & Betriebszähler;16;224;7;00-00-1E-93-00-02-68-9A-00-00-03-0E-00-00-00-00;NOTIFICATION;0;da1a1500-d532-4285-be94-b07a3e11a098;da1a1506-d532-4285-be94-b07a3e11a098;18;;
657565;1788058554487;1508;Settings / Licht & Fahrstufe;17;224;–;01-00-00-02-FF-FF-FF-FF-FF-FF-FF-00-00-00-00-00-00;NOTIFICATION;0;da1a1500-d532-4285-be94-b07a3e11a098;da1a1508-d532-4285-be94-b07a3e11a098;18;;
657708;1788058554630;1509;BatteryChange / Akku-Livestand;11;224;6;00-00-FF-FF-00-9B-14-00-00-00-00;NOTIFICATION;0;da1a1500-d532-4285-be94-b07a3e11a098;da1a1509-d532-4285-be94-b07a3e11a098;18;;
657948;1788058554870;150A;MotorUpdate / Motor-Livestand;10;224;–;00-00-FF-FF-FF-FF-FF-FF-FF-FF;NOTIFICATION;0;da1a1500-d532-4285-be94-b07a3e11a098;da1a150a-d532-4285-be94-b07a3e11a098;18;;
658128;1788058555050;150B;Motor-/Controllerblock;20;224;–;FF-FF-FF-FF-FF-FF-FF-FF-FF-FF-FF-FF-FF-FF-FF-FF-FF-FF-FF-FF;NOTIFICATION;0;da1a1500-d532-4285-be94-b07a3e11a098;da1a150b-d532-4285-be94-b07a3e11a098;18;;
658364;1788058555286;150D;Fahrstatistik Max/Ø;20;224;–;00-DA-00-6F-FF-FF-FF-FF-47-18-FF-FF-FF-FF-FF-FF-FF-FF-00-00;NOTIFICATION;0;da1a1500-d532-4285-be94-b07a3e11a098;da1a150d-d532-4285-be94-b07a3e11a098;18;;
659382;1788058556304;1502;Akkuinformationen;16;225;–;47-18-FF-FF-FF-FF-47-18-FF-FF-FF-FF-FF-FF-00-00;NOTIFICATION;0;da1a1500-d532-4285-be94-b07a3e11a098;da1a1502-d532-4285-be94-b07a3e11a098;18;;
659788;1788058556710;1505;BikePerformance / Fahrleistung;18;225;–;00-00-00-00-FF-FF-00-B4-FF-FF-FF-FF-FF-00-00-00-00-00;NOTIFICATION;0;da1a1500-d532-4285-be94-b07a3e11a098;da1a1505-d532-4285-be94-b07a3e11a098;18;;
660000;1788058556922;1506;Trip / Kilometer & Betriebszähler;16;225;7;00-00-1E-93-00-02-68-9D-00-00-03-0E-00-00-00-00;NOTIFICATION;0;da1a1500-d532-4285-be94-b07a3e11a098;da1a1506-d532-4285-be94-b07a3e11a098;18;;
660422;1788058557344;1508;Settings / Licht & Fahrstufe;17;225;–;01-00-00-02-FF-FF-FF-FF-FF-FF-FF-00-00-00-00-00-00;NOTIFICATION;0;da1a1500-d532-4285-be94-b07a3e11a098;da1a1508-d532-4285-be94-b07a3e11a098;18;;
660626;1788058557548;1509;BatteryChange / Akku-Livestand;11;225;6;00-00-FF-FF-00-9B-78-00-00-00-00;NOTIFICATION;0;da1a1500-d532-4285-be94-b07a3e11a098;da1a1509-d532-4285-be94-b07a3e11a098;18;;
660831;1788058557753;150A;MotorUpdate / Motor-Livestand;10;225;–;00-00-FF-FF-FF-FF-FF-FF-FF-FF;NOTIFICATION;0;da1a1500-d532-4285-be94-b07a3e11a098;da1a150a-d532-4285-be94-b07a3e11a098;18;;
661047;1788058557969;150B;Motor-/Controllerblock;20;225;–;FF-FF-FF-FF-FF-FF-FF-FF-FF-FF-FF-FF-FF-FF-FF-FF-FF-FF-FF-FF;NOTIFICATION;0;da1a1500-d532-4285-be94-b07a3e11a098;da1a150b-d532-4285-be94-b07a3e11a098;18;;
661250;1788058558172;150D;Fahrstatistik Max/Ø;20;225;–;00-DA-00-6F-FF-FF-FF-FF-47-18-FF-FF-FF-FF-FF-FF-FF-FF-00-00;NOTIFICATION;0;da1a1500-d532-4285-be94-b07a3e11a098;da1a150d-d532-4285-be94-b07a3e11a098;18;;
662300;1788058559222;1502;Akkuinformationen;16;226;–;47-18-FF-FF-FF-FF-47-18-FF-FF-FF-FF-FF-FF-00-00;NOTIFICATION;0;da1a1500-d532-4285-be94-b07a3e11a098;da1a1502-d532-4285-be94-b07a3e11a098;18;;
662706;1788058559628;1505;BikePerformance / Fahrleistung;18;226;7;00-00-00-00-FF-FF-00-96-FF-FF-FF-FF-FF-00-00-00-00-00;NOTIFICATION;0;da1a1500-d532-4285-be94-b07a3e11a098;da1a1505-d532-4285-be94-b07a3e11a098;18;;
662915;1788058559837;1506;Trip / Kilometer & Betriebszähler;16;226;3,7;00-00-1E-94-00-02-68-A0-00-00-03-0E-00-00-00-00;NOTIFICATION;0;da1a1500-d532-4285-be94-b07a3e11a098;da1a1506-d532-4285-be94-b07a3e11a098;18;;
663336;1788058560258;1508;Settings / Licht & Fahrstufe;17;226;–;01-00-00-02-FF-FF-FF-FF-FF-FF-FF-00-00-00-00-00-00;NOTIFICATION;0;da1a1500-d532-4285-be94-b07a3e11a098;da1a1508-d532-4285-be94-b07a3e11a098;18;;
663542;1788058560464;1509;BatteryChange / Akku-Livestand;11;226;6;00-00-FF-FF-00-9B-14-00-00-00-00;NOTIFICATION;0;da1a1500-d532-4285-be94-b07a3e11a098;da1a1509-d532-4285-be94-b07a3e11a098;18;;
663752;1788058560674;150A;MotorUpdate / Motor-Livestand;10;226;–;00-00-FF-FF-FF-FF-FF-FF-FF-FF;NOTIFICATION;0;da1a1500-d532-4285-be94-b07a3e11a098;da1a150a-d532-4285-be94-b07a3e11a098;18;;
663961;1788058560883;150B;Motor-/Controllerblock;20;226;–;FF-FF-FF-FF-FF-FF-FF-FF-FF-FF-FF-FF-FF-FF-FF-FF-FF-FF-FF-FF;NOTIFICATION;0;da1a1500-d532-4285-be94-b07a3e11a098;da1a150b-d532-4285-be94-b07a3e11a098;18;;
664172;1788058561094;150D;Fahrstatistik Max/Ø;20;226;–;00-DA-00-6F-FF-FF-FF-FF-47-18-FF-FF-FF-FF-FF-FF-FF-FF-00-00;NOTIFICATION;0;da1a1500-d532-4285-be94-b07a3e11a098;da1a150d-d532-4285-be94-b07a3e11a098;18;;
665211;1788058562133;1502;Akkuinformationen;16;227;–;47-18-FF-FF-FF-FF-47-18-FF-FF-FF-FF-FF-FF-00-00;NOTIFICATION;0;da1a1500-d532-4285-be94-b07a3e11a098;da1a1502-d532-4285-be94-b07a3e11a098;18;;
665634;1788058562556;1505;BikePerformance / Fahrleistung;18;227;7;00-00-00-00-FF-FF-00-A8-FF-FF-FF-FF-FF-00-00-00-00-00;NOTIFICATION;0;da1a1500-d532-4285-be94-b07a3e11a098;da1a1505-d532-4285-be94-b07a3e11a098;18;;
665833;1788058562755;1506;Trip / Kilometer & Betriebszähler;16;227;7;00-00-1E-94-00-02-68-A3-00-00-03-0E-00-00-00-00;NOTIFICATION;0;da1a1500-d532-4285-be94-b07a3e11a098;da1a1506-d532-4285-be94-b07a3e11a098;18;;
666253;1788058563175;1508;Settings / Licht & Fahrstufe;17;227;–;01-00-00-02-FF-FF-FF-FF-FF-FF-FF-00-00-00-00-00-00;NOTIFICATION;0;da1a1500-d532-4285-be94-b07a3e11a098;da1a1508-d532-4285-be94-b07a3e11a098;18;;
666463;1788058563385;1509;BatteryChange / Akku-Livestand;11;227;–;00-00-FF-FF-00-9B-14-00-00-00-00;NOTIFICATION;0;da1a1500-d532-4285-be94-b07a3e11a098;da1a1509-d532-4285-be94-b07a3e11a098;18;;
666678;1788058563600;150A;MotorUpdate / Motor-Livestand;10;227;–;00-00-FF-FF-FF-FF-FF-FF-FF-FF;NOTIFICATION;0;da1a1500-d532-4285-be94-b07a3e11a098;da1a150a-d532-4285-be94-b07a3e11a098;18;;
666886;1788058563808;150B;Motor-/Controllerblock;20;227;–;FF-FF-FF-FF-FF-FF-FF-FF-FF-FF-FF-FF-FF-FF-FF-FF-FF-FF-FF-FF;NOTIFICATION;0;da1a1500-d532-4285-be94-b07a3e11a098;da1a150b-d532-4285-be94-b07a3e11a098;18;;
667093;1788058564015;150D;Fahrstatistik Max/Ø;20;227;–;00-DA-00-6F-FF-FF-FF-FF-47-18-FF-FF-FF-FF-FF-FF-FF-FF-00-00;NOTIFICATION;0;da1a1500-d532-4285-be94-b07a3e11a098;da1a150d-d532-4285-be94-b07a3e11a098;18;;
668133;1788058565055;1502;Akkuinformationen;16;228;–;47-18-FF-FF-FF-FF-47-18-FF-FF-FF-FF-FF-FF-00-00;NOTIFICATION;0;da1a1500-d532-4285-be94-b07a3e11a098;da1a1502-d532-4285-be94-b07a3e11a098;18;;
668552;1788058565474;1505;BikePerformance / Fahrleistung;18;228;7;00-00-00-00-FF-FF-00-B7-FF-FF-FF-FF-FF-00-00-00-00-00;NOTIFICATION;0;da1a1500-d532-4285-be94-b07a3e11a098;da1a1505-d532-4285-be94-b07a3e11a098;18;;
668752;1788058565674;1506;Trip / Kilometer & Betriebszähler;16;228;7;00-00-1E-94-00-02-68-A6-00-00-03-0E-00-00-00-00;NOTIFICATION;0;da1a1500-d532-4285-be94-b07a3e11a098;da1a1506-d532-4285-be94-b07a3e11a098;18;;
669173;1788058566095;1508;Settings / Licht & Fahrstufe;17;228;–;01-00-00-02-FF-FF-FF-FF-FF-FF-FF-00-00-00-00-00-00;NOTIFICATION;0;da1a1500-d532-4285-be94-b07a3e11a098;da1a1508-d532-4285-be94-b07a3e11a098;18;;
669383;1788058566305;1509;BatteryChange / Akku-Livestand;11;228;–;00-00-FF-FF-00-9B-14-00-00-00-00;NOTIFICATION;0;da1a1500-d532-4285-be94-b07a3e11a098;da1a1509-d532-4285-be94-b07a3e11a098;18;;
669592;1788058566514;150A;MotorUpdate / Motor-Livestand;10;228;–;00-00-FF-FF-FF-FF-FF-FF-FF-FF;NOTIFICATION;0;da1a1500-d532-4285-be94-b07a3e11a098;da1a150a-d532-4285-be94-b07a3e11a098;18;;
669803;1788058566725;150B;Motor-/Controllerblock;20;228;–;FF-FF-FF-FF-FF-FF-FF-FF-FF-FF-FF-FF-FF-FF-FF-FF-FF-FF-FF-FF;NOTIFICATION;0;da1a1500-d532-4285-be94-b07a3e11a098;da1a150b-d532-4285-be94-b07a3e11a098;18;;
670013;1788058566935;150D;Fahrstatistik Max/Ø;20;228;–;00-DA-00-6F-FF-FF-FF-FF-47-18-FF-FF-FF-FF-FF-FF-FF-FF-00-00;NOTIFICATION;0;da1a1500-d532-4285-be94-b07a3e11a098;da1a150d-d532-4285-be94-b07a3e11a098;18;;
671053;1788058567975;1502;Akkuinformationen;16;229;–;47-18-FF-FF-FF-FF-47-18-FF-FF-FF-FF-FF-FF-00-00;NOTIFICATION;0;da1a1500-d532-4285-be94-b07a3e11a098;da1a1502-d532-4285-be94-b07a3e11a098;18;;
671473;1788058568395;1505;BikePerformance / Fahrleistung;18;229;7;00-00-00-00-FF-FF-00-C5-FF-FF-FF-FF-FF-00-00-00-00-00;NOTIFICATION;0;da1a1500-d532-4285-be94-b07a3e11a098;da1a1505-d532-4285-be94-b07a3e11a098;18;;
671673;1788058568595;1506;Trip / Kilometer & Betriebszähler;16;229;7;00-00-1E-94-00-02-68-A9-00-00-03-0E-00-00-00-00;NOTIFICATION;0;da1a1500-d532-4285-be94-b07a3e11a098;da1a1506-d532-4285-be94-b07a3e11a098;18;;
672092;1788058569014;1508;Settings / Licht & Fahrstufe;17;229;–;01-00-00-02-FF-FF-FF-FF-FF-FF-FF-00-00-00-00-00-00;NOTIFICATION;0;da1a1500-d532-4285-be94-b07a3e11a098;da1a1508-d532-4285-be94-b07a3e11a098;18;;
672303;1788058569225;1509;BatteryChange / Akku-Livestand;11;229;5,6;00-00-FF-FF-00-9A-B0-00-00-00-00;NOTIFICATION;0;da1a1500-d532-4285-be94-b07a3e11a098;da1a1509-d532-4285-be94-b07a3e11a098;18;;
672513;1788058569435;150A;MotorUpdate / Motor-Livestand;10;229;–;00-00-FF-FF-FF-FF-FF-FF-FF-FF;NOTIFICATION;0;da1a1500-d532-4285-be94-b07a3e11a098;da1a150a-d532-4285-be94-b07a3e11a098;18;;
672723;1788058569645;150B;Motor-/Controllerblock;20;229;–;FF-FF-FF-FF-FF-FF-FF-FF-FF-FF-FF-FF-FF-FF-FF-FF-FF-FF-FF-FF;NOTIFICATION;0;da1a1500-d532-4285-be94-b07a3e11a098;da1a150b-d532-4285-be94-b07a3e11a098;18;;
672933;1788058569855;150D;Fahrstatistik Max/Ø;20;229;–;00-DA-00-6F-FF-FF-FF-FF-47-18-FF-FF-FF-FF-FF-FF-FF-FF-00-00;NOTIFICATION;0;da1a1500-d532-4285-be94-b07a3e11a098;da1a150d-d532-4285-be94-b07a3e11a098;18;;
673973;1788058570895;1502;Akkuinformationen;16;230;–;47-18-FF-FF-FF-FF-47-18-FF-FF-FF-FF-FF-FF-00-00;NOTIFICATION;0;da1a1500-d532-4285-be94-b07a3e11a098;da1a1502-d532-4285-be94-b07a3e11a098;18;;
674398;1788058571320;1505;BikePerformance / Fahrleistung;18;230;7;00-00-00-00-FF-FF-00-C0-FF-FF-FF-FF-FF-00-00-00-00-00;NOTIFICATION;0;da1a1500-d532-4285-be94-b07a3e11a098;da1a1505-d532-4285-be94-b07a3e11a098;18;;
674609;1788058571531;1506;Trip / Kilometer & Betriebszähler;16;230;7;00-00-1E-94-00-02-68-AC-00-00-03-0E-00-00-00-00;NOTIFICATION;0;da1a1500-d532-4285-be94-b07a3e11a098;da1a1506-d532-4285-be94-b07a3e11a098;18;;
675017;1788058571939;1508;Settings / Licht & Fahrstufe;17;230;–;01-00-00-02-FF-FF-FF-FF-FF-FF-FF-00-00-00-00-00-00;NOTIFICATION;0;da1a1500-d532-4285-be94-b07a3e11a098;da1a1508-d532-4285-be94-b07a3e11a098;18;;
675226;1788058572148;1509;BatteryChange / Akku-Livestand;11;230;–;00-00-FF-FF-00-9A-B0-00-00-00-00;NOTIFICATION;0;da1a1500-d532-4285-be94-b07a3e11a098;da1a1509-d532-4285-be94-b07a3e11a098;18;;
675491;1788058572413;150A;MotorUpdate / Motor-Livestand;10;230;–;00-00-FF-FF-FF-FF-FF-FF-FF-FF;NOTIFICATION;0;da1a1500-d532-4285-be94-b07a3e11a098;da1a150a-d532-4285-be94-b07a3e11a098;18;;
675646;1788058572568;150B;Motor-/Controllerblock;20;230;–;FF-FF-FF-FF-FF-FF-FF-FF-FF-FF-FF-FF-FF-FF-FF-FF-FF-FF-FF-FF;NOTIFICATION;0;da1a1500-d532-4285-be94-b07a3e11a098;da1a150b-d532-4285-be94-b07a3e11a098;18;;
675853;1788058572775;150D;Fahrstatistik Max/Ø;20;230;–;00-DA-00-6F-FF-FF-FF-FF-47-18-FF-FF-FF-FF-FF-FF-FF-FF-00-00;NOTIFICATION;0;da1a1500-d532-4285-be94-b07a3e11a098;da1a150d-d532-4285-be94-b07a3e11a098;18;;
676897;1788058573819;1502;Akkuinformationen;16;231;–;47-18-FF-FF-FF-FF-47-18-FF-FF-FF-FF-FF-FF-00-00;NOTIFICATION;0;da1a1500-d532-4285-be94-b07a3e11a098;da1a1502-d532-4285-be94-b07a3e11a098;18;;
677316;1788058574238;1505;BikePerformance / Fahrleistung;18;231;7;00-00-00-00-FF-FF-00-BB-FF-FF-FF-FF-FF-00-00-00-00-00;NOTIFICATION;0;da1a1500-d532-4285-be94-b07a3e11a098;da1a1505-d532-4285-be94-b07a3e11a098;18;;
677526;1788058574448;1506;Trip / Kilometer & Betriebszähler;16;231;7;00-00-1E-94-00-02-68-AF-00-00-03-0E-00-00-00-00;NOTIFICATION;0;da1a1500-d532-4285-be94-b07a3e11a098;da1a1506-d532-4285-be94-b07a3e11a098;18;;
677940;1788058574862;1508;Settings / Licht & Fahrstufe;17;231;–;01-00-00-02-FF-FF-FF-FF-FF-FF-FF-00-00-00-00-00-00;NOTIFICATION;0;da1a1500-d532-4285-be94-b07a3e11a098;da1a1508-d532-4285-be94-b07a3e11a098;18;;
678146;1788058575068;1509;BatteryChange / Akku-Livestand;11;231;–;00-00-FF-FF-00-9A-B0-00-00-00-00;NOTIFICATION;0;da1a1500-d532-4285-be94-b07a3e11a098;da1a1509-d532-4285-be94-b07a3e11a098;18;;
678360;1788058575282;150A;MotorUpdate / Motor-Livestand;10;231;–;00-00-FF-FF-FF-FF-FF-FF-FF-FF;NOTIFICATION;0;da1a1500-d532-4285-be94-b07a3e11a098;da1a150a-d532-4285-be94-b07a3e11a098;18;;
678569;1788058575491;150B;Motor-/Controllerblock;20;231;–;FF-FF-FF-FF-FF-FF-FF-FF-FF-FF-FF-FF-FF-FF-FF-FF-FF-FF-FF-FF;NOTIFICATION;0;da1a1500-d532-4285-be94-b07a3e11a098;da1a150b-d532-4285-be94-b07a3e11a098;18;;
678779;1788058575701;150D;Fahrstatistik Max/Ø;20;231;3;00-DA-00-70-FF-FF-FF-FF-47-18-FF-FF-FF-FF-FF-FF-FF-FF-00-00;NOTIFICATION;0;da1a1500-d532-4285-be94-b07a3e11a098;da1a150d-d532-4285-be94-b07a3e11a098;18;;
679817;1788058576739;1502;Akkuinformationen;16;232;–;47-18-FF-FF-FF-FF-47-18-FF-FF-FF-FF-FF-FF-00-00;NOTIFICATION;0;da1a1500-d532-4285-be94-b07a3e11a098;da1a1502-d532-4285-be94-b07a3e11a098;18;;
680240;1788058577162;1505;BikePerformance / Fahrleistung;18;232;7;00-00-00-00-FF-FF-00-BA-FF-FF-FF-FF-FF-00-00-00-00-00;NOTIFICATION;0;da1a1500-d532-4285-be94-b07a3e11a098;da1a1505-d532-4285-be94-b07a3e11a098;18;;
680445;1788058577367;1506;Trip / Kilometer & Betriebszähler;16;232;3,7;00-00-1E-95-00-02-68-B2-00-00-03-0E-00-00-00-00;NOTIFICATION;0;da1a1500-d532-4285-be94-b07a3e11a098;da1a1506-d532-4285-be94-b07a3e11a098;18;;
680868;1788058577790;1508;Settings / Licht & Fahrstufe;17;232;–;01-00-00-02-FF-FF-FF-FF-FF-FF-FF-00-00-00-00-00-00;NOTIFICATION;0;da1a1500-d532-4285-be94-b07a3e11a098;da1a1508-d532-4285-be94-b07a3e11a098;18;;
681080;1788058578002;1509;BatteryChange / Akku-Livestand;11;232;–;00-00-FF-FF-00-9A-B0-00-00-00-00;NOTIFICATION;0;da1a1500-d532-4285-be94-b07a3e11a098;da1a1509-d532-4285-be94-b07a3e11a098;18;;
681278;1788058578200;150A;MotorUpdate / Motor-Livestand;10;232;–;00-00-FF-FF-FF-FF-FF-FF-FF-FF;NOTIFICATION;0;da1a1500-d532-4285-be94-b07a3e11a098;da1a150a-d532-4285-be94-b07a3e11a098;18;;
681487;1788058578409;150B;Motor-/Controllerblock;20;232;–;FF-FF-FF-FF-FF-FF-FF-FF-FF-FF-FF-FF-FF-FF-FF-FF-FF-FF-FF-FF;NOTIFICATION;0;da1a1500-d532-4285-be94-b07a3e11a098;da1a150b-d532-4285-be94-b07a3e11a098;18;;
681700;1788058578622;150D;Fahrstatistik Max/Ø;20;232;–;00-DA-00-70-FF-FF-FF-FF-47-18-FF-FF-FF-FF-FF-FF-FF-FF-00-00;NOTIFICATION;0;da1a1500-d532-4285-be94-b07a3e11a098;da1a150d-d532-4285-be94-b07a3e11a098;18;;
682737;1788058579659;1502;Akkuinformationen;16;233;–;47-18-FF-FF-FF-FF-47-18-FF-FF-FF-FF-FF-FF-00-00;NOTIFICATION;0;da1a1500-d532-4285-be94-b07a3e11a098;da1a1502-d532-4285-be94-b07a3e11a098;18;;
683160;1788058580082;1505;BikePerformance / Fahrleistung;18;233;7;00-00-00-00-FF-FF-00-BB-FF-FF-FF-FF-FF-00-00-00-00-00;NOTIFICATION;0;da1a1500-d532-4285-be94-b07a3e11a098;da1a1505-d532-4285-be94-b07a3e11a098;18;;
683398;1788058580320;1506;Trip / Kilometer & Betriebszähler;16;233;7;00-00-1E-95-00-02-68-B4-00-00-03-0E-00-00-00-00;NOTIFICATION;0;da1a1500-d532-4285-be94-b07a3e11a098;da1a1506-d532-4285-be94-b07a3e11a098;18;;
683848;1788058580770;1508;Settings / Licht & Fahrstufe;17;233;–;01-00-00-02-FF-FF-FF-FF-FF-FF-FF-00-00-00-00-00-00;NOTIFICATION;0;da1a1500-d532-4285-be94-b07a3e11a098;da1a1508-d532-4285-be94-b07a3e11a098;18;;
683997;1788058580919;1509;BatteryChange / Akku-Livestand;11;233;6;00-00-FF-FF-00-9A-4C-00-00-00-00;NOTIFICATION;0;da1a1500-d532-4285-be94-b07a3e11a098;da1a1509-d532-4285-be94-b07a3e11a098;18;;
684231;1788058581153;150A;MotorUpdate / Motor-Livestand;10;233;–;00-00-FF-FF-FF-FF-FF-FF-FF-FF;NOTIFICATION;0;da1a1500-d532-4285-be94-b07a3e11a098;da1a150a-d532-4285-be94-b07a3e11a098;18;;
684407;1788058581329;150B;Motor-/Controllerblock;20;233;–;FF-FF-FF-FF-FF-FF-FF-FF-FF-FF-FF-FF-FF-FF-FF-FF-FF-FF-FF-FF;NOTIFICATION;0;da1a1500-d532-4285-be94-b07a3e11a098;da1a150b-d532-4285-be94-b07a3e11a098;18;;
684659;1788058581581;150D;Fahrstatistik Max/Ø;20;233;–;00-DA-00-70-FF-FF-FF-FF-47-18-FF-FF-FF-FF-FF-FF-FF-FF-00-00;NOTIFICATION;0;da1a1500-d532-4285-be94-b07a3e11a098;da1a150d-d532-4285-be94-b07a3e11a098;18;;
685717;1788058582639;1502;Akkuinformationen;16;234;–;47-18-FF-FF-FF-FF-47-18-FF-FF-FF-FF-FF-FF-00-00;NOTIFICATION;0;da1a1500-d532-4285-be94-b07a3e11a098;da1a1502-d532-4285-be94-b07a3e11a098;18;;
686140;1788058583062;1505;BikePerformance / Fahrleistung;18;234;7;00-00-00-00-FF-FF-00-B4-FF-FF-FF-FF-FF-00-00-00-00-00;NOTIFICATION;0;da1a1500-d532-4285-be94-b07a3e11a098;da1a1505-d532-4285-be94-b07a3e11a098;18;;
686287;1788058583209;1506;Trip / Kilometer & Betriebszähler;16;234;7;00-00-1E-95-00-02-68-B7-00-00-03-0E-00-00-00-00;NOTIFICATION;0;da1a1500-d532-4285-be94-b07a3e11a098;da1a1506-d532-4285-be94-b07a3e11a098;18;;
686707;1788058583629;1508;Settings / Licht & Fahrstufe;17;234;–;01-00-00-02-FF-FF-FF-FF-FF-FF-FF-00-00-00-00-00-00;NOTIFICATION;0;da1a1500-d532-4285-be94-b07a3e11a098;da1a1508-d532-4285-be94-b07a3e11a098;18;;
686920;1788058583842;1509;BatteryChange / Akku-Livestand;11;234;6;00-00-FF-FF-00-9A-B0-00-00-00-00;NOTIFICATION;0;da1a1500-d532-4285-be94-b07a3e11a098;da1a1509-d532-4285-be94-b07a3e11a098;18;;
687129;1788058584051;150A;MotorUpdate / Motor-Livestand;10;234;–;00-00-FF-FF-FF-FF-FF-FF-FF-FF;NOTIFICATION;0;da1a1500-d532-4285-be94-b07a3e11a098;da1a150a-d532-4285-be94-b07a3e11a098;18;;
687330;1788058584252;150B;Motor-/Controllerblock;20;234;–;FF-FF-FF-FF-FF-FF-FF-FF-FF-FF-FF-FF-FF-FF-FF-FF-FF-FF-FF-FF;NOTIFICATION;0;da1a1500-d532-4285-be94-b07a3e11a098;da1a150b-d532-4285-be94-b07a3e11a098;18;;
687580;1788058584502;150D;Fahrstatistik Max/Ø;20;234;–;00-DA-00-70-FF-FF-FF-FF-47-18-FF-FF-FF-FF-FF-FF-FF-FF-00-00;NOTIFICATION;0;da1a1500-d532-4285-be94-b07a3e11a098;da1a150d-d532-4285-be94-b07a3e11a098;18;;
688643;1788058585565;1502;Akkuinformationen;16;235;–;47-18-FF-FF-FF-FF-47-18-FF-FF-FF-FF-FF-FF-00-00;NOTIFICATION;0;da1a1500-d532-4285-be94-b07a3e11a098;da1a1502-d532-4285-be94-b07a3e11a098;18;;
689052;1788058585974;1505;BikePerformance / Fahrleistung;18;235;7;00-00-00-00-FF-FF-00-B2-FF-FF-FF-FF-FF-00-00-00-00-00;NOTIFICATION;0;da1a1500-d532-4285-be94-b07a3e11a098;da1a1505-d532-4285-be94-b07a3e11a098;18;;
689207;1788058586129;1506;Trip / Kilometer & Betriebszähler;16;235;7;00-00-1E-95-00-02-68-BA-00-00-03-0E-00-00-00-00;NOTIFICATION;0;da1a1500-d532-4285-be94-b07a3e11a098;da1a1506-d532-4285-be94-b07a3e11a098;18;;
689679;1788058586601;1508;Settings / Licht & Fahrstufe;17;235;–;01-00-00-02-FF-FF-FF-FF-FF-FF-FF-00-00-00-00-00-00;NOTIFICATION;0;da1a1500-d532-4285-be94-b07a3e11a098;da1a1508-d532-4285-be94-b07a3e11a098;18;;
689836;1788058586758;1509;BatteryChange / Akku-Livestand;11;235;6;00-00-FF-FF-00-9A-4C-00-00-00-00;NOTIFICATION;0;da1a1500-d532-4285-be94-b07a3e11a098;da1a1509-d532-4285-be94-b07a3e11a098;18;;
690081;1788058587003;150A;MotorUpdate / Motor-Livestand;10;235;–;00-00-FF-FF-FF-FF-FF-FF-FF-FF;NOTIFICATION;0;da1a1500-d532-4285-be94-b07a3e11a098;da1a150a-d532-4285-be94-b07a3e11a098;18;;
690257;1788058587179;150B;Motor-/Controllerblock;20;235;–;FF-FF-FF-FF-FF-FF-FF-FF-FF-FF-FF-FF-FF-FF-FF-FF-FF-FF-FF-FF;NOTIFICATION;0;da1a1500-d532-4285-be94-b07a3e11a098;da1a150b-d532-4285-be94-b07a3e11a098;18;;
690491;1788058587413;150D;Fahrstatistik Max/Ø;20;235;–;00-DA-00-70-FF-FF-FF-FF-47-18-FF-FF-FF-FF-FF-FF-FF-FF-00-00;NOTIFICATION;0;da1a1500-d532-4285-be94-b07a3e11a098;da1a150d-d532-4285-be94-b07a3e11a098;18;;
691562;1788058588484;1502;Akkuinformationen;16;236;–;47-18-FF-FF-FF-FF-47-18-FF-FF-FF-FF-FF-FF-00-00;NOTIFICATION;0;da1a1500-d532-4285-be94-b07a3e11a098;da1a1502-d532-4285-be94-b07a3e11a098;18;;
691969;1788058588891;1505;BikePerformance / Fahrleistung;18;236;7;00-00-00-00-FF-FF-00-C0-FF-FF-FF-FF-FF-00-00-00-00-00;NOTIFICATION;0;da1a1500-d532-4285-be94-b07a3e11a098;da1a1505-d532-4285-be94-b07a3e11a098;18;;
692127;1788058589049;1506;Trip / Kilometer & Betriebszähler;16;236;7;00-00-1E-95-00-02-68-BD-00-00-03-0E-00-00-00-00;NOTIFICATION;0;da1a1500-d532-4285-be94-b07a3e11a098;da1a1506-d532-4285-be94-b07a3e11a098;18;;
692608;1788058589530;1508;Settings / Licht & Fahrstufe;17;236;–;01-00-00-02-FF-FF-FF-FF-FF-FF-FF-00-00-00-00-00-00;NOTIFICATION;0;da1a1500-d532-4285-be94-b07a3e11a098;da1a1508-d532-4285-be94-b07a3e11a098;18;;
692756;1788058589678;1509;BatteryChange / Akku-Livestand;11;236;6;00-00-FF-FF-00-9A-B0-00-00-00-00;NOTIFICATION;0;da1a1500-d532-4285-be94-b07a3e11a098;da1a1509-d532-4285-be94-b07a3e11a098;18;;
692994;1788058589916;150A;MotorUpdate / Motor-Livestand;10;236;–;00-00-FF-FF-FF-FF-FF-FF-FF-FF;NOTIFICATION;0;da1a1500-d532-4285-be94-b07a3e11a098;da1a150a-d532-4285-be94-b07a3e11a098;18;;
693177;1788058590099;150B;Motor-/Controllerblock;20;236;–;FF-FF-FF-FF-FF-FF-FF-FF-FF-FF-FF-FF-FF-FF-FF-FF-FF-FF-FF-FF;NOTIFICATION;0;da1a1500-d532-4285-be94-b07a3e11a098;da1a150b-d532-4285-be94-b07a3e11a098;18;;
693420;1788058590342;150D;Fahrstatistik Max/Ø;20;236;–;00-DA-00-70-FF-FF-FF-FF-47-18-FF-FF-FF-FF-FF-FF-FF-FF-00-00;NOTIFICATION;0;da1a1500-d532-4285-be94-b07a3e11a098;da1a150d-d532-4285-be94-b07a3e11a098;18;;
694481;1788058591403;1502;Akkuinformationen;16;237;–;47-18-FF-FF-FF-FF-47-18-FF-FF-FF-FF-FF-FF-00-00;NOTIFICATION;0;da1a1500-d532-4285-be94-b07a3e11a098;da1a1502-d532-4285-be94-b07a3e11a098;18;;
694893;1788058591815;1505;BikePerformance / Fahrleistung;18;237;7;00-00-00-00-FF-FF-00-C9-FF-FF-FF-FF-FF-00-00-00-00-00;NOTIFICATION;0;da1a1500-d532-4285-be94-b07a3e11a098;da1a1505-d532-4285-be94-b07a3e11a098;18;;
695047;1788058591969;1506;Trip / Kilometer & Betriebszähler;16;237;7;00-00-1E-95-00-02-68-C0-00-00-03-0E-00-00-00-00;NOTIFICATION;0;da1a1500-d532-4285-be94-b07a3e11a098;da1a1506-d532-4285-be94-b07a3e11a098;18;;
695523;1788058592445;1508;Settings / Licht & Fahrstufe;17;237;–;01-00-00-02-FF-FF-FF-FF-FF-FF-FF-00-00-00-00-00-00;NOTIFICATION;0;da1a1500-d532-4285-be94-b07a3e11a098;da1a1508-d532-4285-be94-b07a3e11a098;18;;
695678;1788058592600;1509;BatteryChange / Akku-Livestand;11;237;6;00-00-FF-FF-00-9A-4C-00-00-00-00;NOTIFICATION;0;da1a1500-d532-4285-be94-b07a3e11a098;da1a1509-d532-4285-be94-b07a3e11a098;18;;
695920;1788058592842;150A;MotorUpdate / Motor-Livestand;10;237;–;00-00-FF-FF-FF-FF-FF-FF-FF-FF;NOTIFICATION;0;da1a1500-d532-4285-be94-b07a3e11a098;da1a150a-d532-4285-be94-b07a3e11a098;18;;
696098;1788058593020;150B;Motor-/Controllerblock;20;237;–;FF-FF-FF-FF-FF-FF-FF-FF-FF-FF-FF-FF-FF-FF-FF-FF-FF-FF-FF-FF;NOTIFICATION;0;da1a1500-d532-4285-be94-b07a3e11a098;da1a150b-d532-4285-be94-b07a3e11a098;18;;
696345;1788058593267;150D;Fahrstatistik Max/Ø;20;237;–;00-DA-00-70-FF-FF-FF-FF-47-18-FF-FF-FF-FF-FF-FF-FF-FF-00-00;NOTIFICATION;0;da1a1500-d532-4285-be94-b07a3e11a098;da1a150d-d532-4285-be94-b07a3e11a098;18;;
697347;1788058594269;1502;Akkuinformationen;16;238;–;47-18-FF-FF-FF-FF-47-18-FF-FF-FF-FF-FF-FF-00-00;NOTIFICATION;0;da1a1500-d532-4285-be94-b07a3e11a098;da1a1502-d532-4285-be94-b07a3e11a098;18;;
697769;1788058594691;1505;BikePerformance / Fahrleistung;18;238;7;00-00-00-00-FF-FF-00-C4-FF-FF-FF-FF-FF-00-00-00-00-00;NOTIFICATION;0;da1a1500-d532-4285-be94-b07a3e11a098;da1a1505-d532-4285-be94-b07a3e11a098;18;;
697966;1788058594888;1506;Trip / Kilometer & Betriebszähler;16;238;7;00-00-1E-95-00-02-68-C3-00-00-03-0E-00-00-00-00;NOTIFICATION;0;da1a1500-d532-4285-be94-b07a3e11a098;da1a1506-d532-4285-be94-b07a3e11a098;18;;
698387;1788058595309;1508;Settings / Licht & Fahrstufe;17;238;–;01-00-00-02-FF-FF-FF-FF-FF-FF-FF-00-00-00-00-00-00;NOTIFICATION;0;da1a1500-d532-4285-be94-b07a3e11a098;da1a1508-d532-4285-be94-b07a3e11a098;18;;
698596;1788058595518;1509;BatteryChange / Akku-Livestand;11;238;–;00-00-FF-FF-00-9A-4C-00-00-00-00;NOTIFICATION;0;da1a1500-d532-4285-be94-b07a3e11a098;da1a1509-d532-4285-be94-b07a3e11a098;18;;
698811;1788058595733;150A;MotorUpdate / Motor-Livestand;10;238;–;00-00-FF-FF-FF-FF-FF-FF-FF-FF;NOTIFICATION;0;da1a1500-d532-4285-be94-b07a3e11a098;da1a150a-d532-4285-be94-b07a3e11a098;18;;
699017;1788058595939;150B;Motor-/Controllerblock;20;238;–;FF-FF-FF-FF-FF-FF-FF-FF-FF-FF-FF-FF-FF-FF-FF-FF-FF-FF-FF-FF;NOTIFICATION;0;da1a1500-d532-4285-be94-b07a3e11a098;da1a150b-d532-4285-be94-b07a3e11a098;18;;
699222;1788058596144;150D;Fahrstatistik Max/Ø;20;238;–;00-DA-00-70-FF-FF-FF-FF-47-18-FF-FF-FF-FF-FF-FF-FF-FF-00-00;NOTIFICATION;0;da1a1500-d532-4285-be94-b07a3e11a098;da1a150d-d532-4285-be94-b07a3e11a098;18;;
700271;1788058597193;1502;Akkuinformationen;16;239;–;47-18-FF-FF-FF-FF-47-18-FF-FF-FF-FF-FF-FF-00-00;NOTIFICATION;0;da1a1500-d532-4285-be94-b07a3e11a098;da1a1502-d532-4285-be94-b07a3e11a098;18;;
700689;1788058597611;1505;BikePerformance / Fahrleistung;18;239;7;00-00-00-00-FF-FF-00-CD-FF-FF-FF-FF-FF-00-00-00-00-00;NOTIFICATION;0;da1a1500-d532-4285-be94-b07a3e11a098;da1a1505-d532-4285-be94-b07a3e11a098;18;;
700887;1788058597809;1506;Trip / Kilometer & Betriebszähler;16;239;3,7,11;00-00-1E-96-00-02-68-C6-00-00-03-0F-00-00-00-00;NOTIFICATION;0;da1a1500-d532-4285-be94-b07a3e11a098;da1a1506-d532-4285-be94-b07a3e11a098;18;;
701365;1788058598287;1508;Settings / Licht & Fahrstufe;17;239;–;01-00-00-02-FF-FF-FF-FF-FF-FF-FF-00-00-00-00-00-00;NOTIFICATION;0;da1a1500-d532-4285-be94-b07a3e11a098;da1a1508-d532-4285-be94-b07a3e11a098;18;;
701514;1788058598436;1509;BatteryChange / Akku-Livestand;11;239;–;00-00-FF-FF-00-9A-4C-00-00-00-00;NOTIFICATION;0;da1a1500-d532-4285-be94-b07a3e11a098;da1a1509-d532-4285-be94-b07a3e11a098;18;;
701767;1788058598689;150A;MotorUpdate / Motor-Livestand;10;239;–;00-00-FF-FF-FF-FF-FF-FF-FF-FF;NOTIFICATION;0;da1a1500-d532-4285-be94-b07a3e11a098;da1a150a-d532-4285-be94-b07a3e11a098;18;;
701937;1788058598859;150B;Motor-/Controllerblock;20;239;–;FF-FF-FF-FF-FF-FF-FF-FF-FF-FF-FF-FF-FF-FF-FF-FF-FF-FF-FF-FF;NOTIFICATION;0;da1a1500-d532-4285-be94-b07a3e11a098;da1a150b-d532-4285-be94-b07a3e11a098;18;;
702204;1788058599126;150D;Fahrstatistik Max/Ø;20;239;3;00-DA-00-71-FF-FF-FF-FF-47-18-FF-FF-FF-FF-FF-FF-FF-FF-00-00;NOTIFICATION;0;da1a1500-d532-4285-be94-b07a3e11a098;da1a150d-d532-4285-be94-b07a3e11a098;18;;
703242;1788058600164;1502;Akkuinformationen;16;240;–;47-18-FF-FF-FF-FF-47-18-FF-FF-FF-FF-FF-FF-00-00;NOTIFICATION;0;da1a1500-d532-4285-be94-b07a3e11a098;da1a1502-d532-4285-be94-b07a3e11a098;18;;
703663;1788058600585;1505;BikePerformance / Fahrleistung;18;240;7;00-00-00-00-FF-FF-00-DA-FF-FF-FF-FF-FF-00-00-00-00-00;NOTIFICATION;0;da1a1500-d532-4285-be94-b07a3e11a098;da1a1505-d532-4285-be94-b07a3e11a098;18;;
703806;1788058600728;1506;Trip / Kilometer & Betriebszähler;16;240;7;00-00-1E-96-00-02-68-C9-00-00-03-0F-00-00-00-00;NOTIFICATION;0;da1a1500-d532-4285-be94-b07a3e11a098;da1a1506-d532-4285-be94-b07a3e11a098;18;;
704227;1788058601149;1508;Settings / Licht & Fahrstufe;17;240;–;01-00-00-02-FF-FF-FF-FF-FF-FF-FF-00-00-00-00-00-00;NOTIFICATION;0;da1a1500-d532-4285-be94-b07a3e11a098;da1a1508-d532-4285-be94-b07a3e11a098;18;;
704436;1788058601358;1509;BatteryChange / Akku-Livestand;11;240;5,6;00-00-FF-FF-00-99-E8-00-00-00-00;NOTIFICATION;0;da1a1500-d532-4285-be94-b07a3e11a098;da1a1509-d532-4285-be94-b07a3e11a098;18;;
704645;1788058601567;150A;MotorUpdate / Motor-Livestand;10;240;–;00-00-FF-FF-FF-FF-FF-FF-FF-FF;NOTIFICATION;0;da1a1500-d532-4285-be94-b07a3e11a098;da1a150a-d532-4285-be94-b07a3e11a098;18;;
704858;1788058601780;150B;Motor-/Controllerblock;20;240;–;FF-FF-FF-FF-FF-FF-FF-FF-FF-FF-FF-FF-FF-FF-FF-FF-FF-FF-FF-FF;NOTIFICATION;0;da1a1500-d532-4285-be94-b07a3e11a098;da1a150b-d532-4285-be94-b07a3e11a098;18;;
705070;1788058601992;150D;Fahrstatistik Max/Ø;20;240;–;00-DA-00-71-FF-FF-FF-FF-47-18-FF-FF-FF-FF-FF-FF-FF-FF-00-00;NOTIFICATION;0;da1a1500-d532-4285-be94-b07a3e11a098;da1a150d-d532-4285-be94-b07a3e11a098;18;;
706165;1788058603087;1502;Akkuinformationen;16;241;–;47-18-FF-FF-FF-FF-47-18-FF-FF-FF-FF-FF-FF-00-00;NOTIFICATION;0;da1a1500-d532-4285-be94-b07a3e11a098;da1a1502-d532-4285-be94-b07a3e11a098;18;;
706585;1788058603507;1505;BikePerformance / Fahrleistung;18;241;–;00-00-00-00-FF-FF-00-DA-FF-FF-FF-FF-FF-00-00-00-00-00;NOTIFICATION;0;da1a1500-d532-4285-be94-b07a3e11a098;da1a1505-d532-4285-be94-b07a3e11a098;18;;
706727;1788058603649;1506;Trip / Kilometer & Betriebszähler;16;241;7;00-00-1E-96-00-02-68-CC-00-00-03-0F-00-00-00-00;NOTIFICATION;0;da1a1500-d532-4285-be94-b07a3e11a098;da1a1506-d532-4285-be94-b07a3e11a098;18;;
707205;1788058604127;1508;Settings / Licht & Fahrstufe;17;241;–;01-00-00-02-FF-FF-FF-FF-FF-FF-FF-00-00-00-00-00-00;NOTIFICATION;0;da1a1500-d532-4285-be94-b07a3e11a098;da1a1508-d532-4285-be94-b07a3e11a098;18;;
707360;1788058604282;1509;BatteryChange / Akku-Livestand;11;241;6;00-00-FF-FF-00-99-84-00-00-00-00;NOTIFICATION;0;da1a1500-d532-4285-be94-b07a3e11a098;da1a1509-d532-4285-be94-b07a3e11a098;18;;
707604;1788058604526;150A;MotorUpdate / Motor-Livestand;10;241;–;00-00-FF-FF-FF-FF-FF-FF-FF-FF;NOTIFICATION;0;da1a1500-d532-4285-be94-b07a3e11a098;da1a150a-d532-4285-be94-b07a3e11a098;18;;
707776;1788058604698;150B;Motor-/Controllerblock;20;241;–;FF-FF-FF-FF-FF-FF-FF-FF-FF-FF-FF-FF-FF-FF-FF-FF-FF-FF-FF-FF;NOTIFICATION;0;da1a1500-d532-4285-be94-b07a3e11a098;da1a150b-d532-4285-be94-b07a3e11a098;18;;
708018;1788058604940;150D;Fahrstatistik Max/Ø;20;241;–;00-DA-00-71-FF-FF-FF-FF-47-18-FF-FF-FF-FF-FF-FF-FF-FF-00-00;NOTIFICATION;0;da1a1500-d532-4285-be94-b07a3e11a098;da1a150d-d532-4285-be94-b07a3e11a098;18;;
709083;1788058606005;1502;Akkuinformationen;16;242;–;47-18-FF-FF-FF-FF-47-18-FF-FF-FF-FF-FF-FF-00-00;NOTIFICATION;0;da1a1500-d532-4285-be94-b07a3e11a098;da1a1502-d532-4285-be94-b07a3e11a098;18;;
709506;1788058606428;1505;BikePerformance / Fahrleistung;18;242;–;00-00-00-00-FF-FF-00-DA-FF-FF-FF-FF-FF-00-00-00-00-00;NOTIFICATION;0;da1a1500-d532-4285-be94-b07a3e11a098;da1a1505-d532-4285-be94-b07a3e11a098;18;;
709647;1788058606569;1506;Trip / Kilometer & Betriebszähler;16;242;7;00-00-1E-96-00-02-68-CF-00-00-03-0F-00-00-00-00;NOTIFICATION;0;da1a1500-d532-4285-be94-b07a3e11a098;da1a1506-d532-4285-be94-b07a3e11a098;18;;
710130;1788058607052;1508;Settings / Licht & Fahrstufe;17;242;–;01-00-00-02-FF-FF-FF-FF-FF-FF-FF-00-00-00-00-00-00;NOTIFICATION;0;da1a1500-d532-4285-be94-b07a3e11a098;da1a1508-d532-4285-be94-b07a3e11a098;18;;
710276;1788058607198;1509;BatteryChange / Akku-Livestand;11;242;–;00-00-FF-FF-00-99-84-00-00-00-00;NOTIFICATION;0;da1a1500-d532-4285-be94-b07a3e11a098;da1a1509-d532-4285-be94-b07a3e11a098;18;;
710522;1788058607444;150A;MotorUpdate / Motor-Livestand;10;242;–;00-00-FF-FF-FF-FF-FF-FF-FF-FF;NOTIFICATION;0;da1a1500-d532-4285-be94-b07a3e11a098;da1a150a-d532-4285-be94-b07a3e11a098;18;;
710697;1788058607619;150B;Motor-/Controllerblock;20;242;–;FF-FF-FF-FF-FF-FF-FF-FF-FF-FF-FF-FF-FF-FF-FF-FF-FF-FF-FF-FF;NOTIFICATION;0;da1a1500-d532-4285-be94-b07a3e11a098;da1a150b-d532-4285-be94-b07a3e11a098;18;;
710934;1788058607856;150D;Fahrstatistik Max/Ø;20;242;–;00-DA-00-71-FF-FF-FF-FF-47-18-FF-FF-FF-FF-FF-FF-FF-FF-00-00;NOTIFICATION;0;da1a1500-d532-4285-be94-b07a3e11a098;da1a150d-d532-4285-be94-b07a3e11a098;18;;
712008;1788058608930;1502;Akkuinformationen;16;243;–;47-18-FF-FF-FF-FF-47-18-FF-FF-FF-FF-FF-FF-00-00;NOTIFICATION;0;da1a1500-d532-4285-be94-b07a3e11a098;da1a1502-d532-4285-be94-b07a3e11a098;18;;
712425;1788058609347;1505;BikePerformance / Fahrleistung;18;243;–;00-00-00-00-FF-FF-00-DA-FF-FF-FF-FF-FF-00-00-00-00-00;NOTIFICATION;0;da1a1500-d532-4285-be94-b07a3e11a098;da1a1505-d532-4285-be94-b07a3e11a098;18;;
712566;1788058609488;1506;Trip / Kilometer & Betriebszähler;16;243;7;00-00-1E-96-00-02-68-D2-00-00-03-0F-00-00-00-00;NOTIFICATION;0;da1a1500-d532-4285-be94-b07a3e11a098;da1a1506-d532-4285-be94-b07a3e11a098;18;;
713076;1788058609998;1508;Settings / Licht & Fahrstufe;17;243;–;01-00-00-02-FF-FF-FF-FF-FF-FF-FF-00-00-00-00-00-00;NOTIFICATION;0;da1a1500-d532-4285-be94-b07a3e11a098;da1a1508-d532-4285-be94-b07a3e11a098;18;;
713205;1788058610127;1509;BatteryChange / Akku-Livestand;11;243;–;00-00-FF-FF-00-99-84-00-00-00-00;NOTIFICATION;0;da1a1500-d532-4285-be94-b07a3e11a098;da1a1509-d532-4285-be94-b07a3e11a098;18;;
713411;1788058610333;150A;MotorUpdate / Motor-Livestand;10;243;–;00-00-FF-FF-FF-FF-FF-FF-FF-FF;NOTIFICATION;0;da1a1500-d532-4285-be94-b07a3e11a098;da1a150a-d532-4285-be94-b07a3e11a098;18;;
713621;1788058610543;150B;Motor-/Controllerblock;20;243;–;FF-FF-FF-FF-FF-FF-FF-FF-FF-FF-FF-FF-FF-FF-FF-FF-FF-FF-FF-FF;NOTIFICATION;0;da1a1500-d532-4285-be94-b07a3e11a098;da1a150b-d532-4285-be94-b07a3e11a098;18;;
713864;1788058610786;150D;Fahrstatistik Max/Ø;20;243;–;00-DA-00-71-FF-FF-FF-FF-47-18-FF-FF-FF-FF-FF-FF-FF-FF-00-00;NOTIFICATION;0;da1a1500-d532-4285-be94-b07a3e11a098;da1a150d-d532-4285-be94-b07a3e11a098;18;;
714924;1788058611846;1502;Akkuinformationen;16;244;–;47-18-FF-FF-FF-FF-47-18-FF-FF-FF-FF-FF-FF-00-00;NOTIFICATION;0;da1a1500-d532-4285-be94-b07a3e11a098;da1a1502-d532-4285-be94-b07a3e11a098;18;;
715360;1788058612282;1505;BikePerformance / Fahrleistung;18;244;–;00-00-00-00-FF-FF-00-DA-FF-FF-FF-FF-FF-00-00-00-00-00;NOTIFICATION;0;da1a1500-d532-4285-be94-b07a3e11a098;da1a1505-d532-4285-be94-b07a3e11a098;18;;
715496;1788058612418;1506;Trip / Kilometer & Betriebszähler;16;244;3,7;00-00-1E-97-00-02-68-D5-00-00-03-0F-00-00-00-00;NOTIFICATION;0;da1a1500-d532-4285-be94-b07a3e11a098;da1a1506-d532-4285-be94-b07a3e11a098;18;;
715962;1788058612884;1508;Settings / Licht & Fahrstufe;17;244;–;01-00-00-02-FF-FF-FF-FF-FF-FF-FF-00-00-00-00-00-00;NOTIFICATION;0;da1a1500-d532-4285-be94-b07a3e11a098;da1a1508-d532-4285-be94-b07a3e11a098;18;;
716116;1788058613038;1509;BatteryChange / Akku-Livestand;11;244;–;00-00-FF-FF-00-99-84-00-00-00-00;NOTIFICATION;0;da1a1500-d532-4285-be94-b07a3e11a098;da1a1509-d532-4285-be94-b07a3e11a098;18;;
716331;1788058613253;150A;MotorUpdate / Motor-Livestand;10;244;–;00-00-FF-FF-FF-FF-FF-FF-FF-FF;NOTIFICATION;0;da1a1500-d532-4285-be94-b07a3e11a098;da1a150a-d532-4285-be94-b07a3e11a098;18;;
716540;1788058613462;150B;Motor-/Controllerblock;20;244;–;FF-FF-FF-FF-FF-FF-FF-FF-FF-FF-FF-FF-FF-FF-FF-FF-FF-FF-FF-FF;NOTIFICATION;0;da1a1500-d532-4285-be94-b07a3e11a098;da1a150b-d532-4285-be94-b07a3e11a098;18;;
716791;1788058613713;150D;Fahrstatistik Max/Ø;20;244;3;00-DA-00-73-FF-FF-FF-FF-47-18-FF-FF-FF-FF-FF-FF-FF-FF-00-00;NOTIFICATION;0;da1a1500-d532-4285-be94-b07a3e11a098;da1a150d-d532-4285-be94-b07a3e11a098;18;;
717852;1788058614774;1502;Akkuinformationen;16;245;–;47-18-FF-FF-FF-FF-47-18-FF-FF-FF-FF-FF-FF-00-00;NOTIFICATION;0;da1a1500-d532-4285-be94-b07a3e11a098;da1a1502-d532-4285-be94-b07a3e11a098;18;;
718270;1788058615192;1505;BikePerformance / Fahrleistung;18;245;–;00-00-00-00-FF-FF-00-DA-FF-FF-FF-FF-FF-00-00-00-00-00;NOTIFICATION;0;da1a1500-d532-4285-be94-b07a3e11a098;da1a1505-d532-4285-be94-b07a3e11a098;18;;
718419;1788058615341;1506;Trip / Kilometer & Betriebszähler;16;245;7;00-00-1E-97-00-02-68-D8-00-00-03-0F-00-00-00-00;NOTIFICATION;0;da1a1500-d532-4285-be94-b07a3e11a098;da1a1506-d532-4285-be94-b07a3e11a098;18;;
718886;1788058615808;1508;Settings / Licht & Fahrstufe;17;245;–;01-00-00-02-FF-FF-FF-FF-FF-FF-FF-00-00-00-00-00-00;NOTIFICATION;0;da1a1500-d532-4285-be94-b07a3e11a098;da1a1508-d532-4285-be94-b07a3e11a098;18;;
719039;1788058615961;1509;BatteryChange / Akku-Livestand;11;245;–;00-00-FF-FF-00-99-84-00-00-00-00;NOTIFICATION;0;da1a1500-d532-4285-be94-b07a3e11a098;da1a1509-d532-4285-be94-b07a3e11a098;18;;
719247;1788058616169;150A;MotorUpdate / Motor-Livestand;10;245;–;00-00-FF-FF-FF-FF-FF-FF-FF-FF;NOTIFICATION;0;da1a1500-d532-4285-be94-b07a3e11a098;da1a150a-d532-4285-be94-b07a3e11a098;18;;
719456;1788058616378;150B;Motor-/Controllerblock;20;245;–;FF-FF-FF-FF-FF-FF-FF-FF-FF-FF-FF-FF-FF-FF-FF-FF-FF-FF-FF-FF;NOTIFICATION;0;da1a1500-d532-4285-be94-b07a3e11a098;da1a150b-d532-4285-be94-b07a3e11a098;18;;
719679;1788058616601;150D;Fahrstatistik Max/Ø;20;245;–;00-DA-00-73-FF-FF-FF-FF-47-18-FF-FF-FF-FF-FF-FF-FF-FF-00-00;NOTIFICATION;0;da1a1500-d532-4285-be94-b07a3e11a098;da1a150d-d532-4285-be94-b07a3e11a098;18;;
720751;1788058617673;1502;Akkuinformationen;16;246;–;47-18-FF-FF-FF-FF-47-18-FF-FF-FF-FF-FF-FF-00-00;NOTIFICATION;0;da1a1500-d532-4285-be94-b07a3e11a098;da1a1502-d532-4285-be94-b07a3e11a098;18;;
721130;1788058618052;1505;BikePerformance / Fahrleistung;18;246;–;00-00-00-00-FF-FF-00-DA-FF-FF-FF-FF-FF-00-00-00-00-00;NOTIFICATION;0;da1a1500-d532-4285-be94-b07a3e11a098;da1a1505-d532-4285-be94-b07a3e11a098;18;;
721371;1788058618293;1506;Trip / Kilometer & Betriebszähler;16;246;7;00-00-1E-97-00-02-68-DB-00-00-03-0F-00-00-00-00;NOTIFICATION;0;da1a1500-d532-4285-be94-b07a3e11a098;da1a1506-d532-4285-be94-b07a3e11a098;18;;
721751;1788058618673;1508;Settings / Licht & Fahrstufe;17;246;–;01-00-00-02-FF-FF-FF-FF-FF-FF-FF-00-00-00-00-00-00;NOTIFICATION;0;da1a1500-d532-4285-be94-b07a3e11a098;da1a1508-d532-4285-be94-b07a3e11a098;18;;
721960;1788058618882;1509;BatteryChange / Akku-Livestand;11;246;5,6;00-00-FF-FF-00-98-BC-00-00-00-00;NOTIFICATION;0;da1a1500-d532-4285-be94-b07a3e11a098;da1a1509-d532-4285-be94-b07a3e11a098;18;;
722168;1788058619090;150A;MotorUpdate / Motor-Livestand;10;246;–;00-00-FF-FF-FF-FF-FF-FF-FF-FF;NOTIFICATION;0;da1a1500-d532-4285-be94-b07a3e11a098;da1a150a-d532-4285-be94-b07a3e11a098;18;;
722417;1788058619339;150B;Motor-/Controllerblock;20;246;–;FF-FF-FF-FF-FF-FF-FF-FF-FF-FF-FF-FF-FF-FF-FF-FF-FF-FF-FF-FF;NOTIFICATION;0;da1a1500-d532-4285-be94-b07a3e11a098;da1a150b-d532-4285-be94-b07a3e11a098;18;;
722586;1788058619508;150D;Fahrstatistik Max/Ø;20;246;–;00-DA-00-73-FF-FF-FF-FF-47-18-FF-FF-FF-FF-FF-FF-FF-FF-00-00;NOTIFICATION;0;da1a1500-d532-4285-be94-b07a3e11a098;da1a150d-d532-4285-be94-b07a3e11a098;18;;
723630;1788058620552;1502;Akkuinformationen;16;247;–;47-18-FF-FF-FF-FF-47-18-FF-FF-FF-FF-FF-FF-00-00;NOTIFICATION;0;da1a1500-d532-4285-be94-b07a3e11a098;da1a1502-d532-4285-be94-b07a3e11a098;18;;
724048;1788058620970;1505;BikePerformance / Fahrleistung;18;247;–;00-00-00-00-FF-FF-00-DA-FF-FF-FF-FF-FF-00-00-00-00-00;NOTIFICATION;0;da1a1500-d532-4285-be94-b07a3e11a098;da1a1505-d532-4285-be94-b07a3e11a098;18;;
724292;1788058621214;1506;Trip / Kilometer & Betriebszähler;16;247;7;00-00-1E-97-00-02-68-DE-00-00-03-0F-00-00-00-00;NOTIFICATION;0;da1a1500-d532-4285-be94-b07a3e11a098;da1a1506-d532-4285-be94-b07a3e11a098;18;;
724671;1788058621593;1508;Settings / Licht & Fahrstufe;17;247;–;01-00-00-02-FF-FF-FF-FF-FF-FF-FF-00-00-00-00-00-00;NOTIFICATION;0;da1a1500-d532-4285-be94-b07a3e11a098;da1a1508-d532-4285-be94-b07a3e11a098;18;;
724879;1788058621801;1509;BatteryChange / Akku-Livestand;11;247;5,6;00-00-FF-FF-00-99-84-00-00-00-00;NOTIFICATION;0;da1a1500-d532-4285-be94-b07a3e11a098;da1a1509-d532-4285-be94-b07a3e11a098;18;;
725087;1788058622009;150A;MotorUpdate / Motor-Livestand;10;247;–;00-00-FF-FF-FF-FF-FF-FF-FF-FF;NOTIFICATION;0;da1a1500-d532-4285-be94-b07a3e11a098;da1a150a-d532-4285-be94-b07a3e11a098;18;;
725301;1788058622223;150B;Motor-/Controllerblock;20;247;–;FF-FF-FF-FF-FF-FF-FF-FF-FF-FF-FF-FF-FF-FF-FF-FF-FF-FF-FF-FF;NOTIFICATION;0;da1a1500-d532-4285-be94-b07a3e11a098;da1a150b-d532-4285-be94-b07a3e11a098;18;;
725508;1788058622430;150D;Fahrstatistik Max/Ø;20;247;–;00-DA-00-73-FF-FF-FF-FF-47-18-FF-FF-FF-FF-FF-FF-FF-FF-00-00;NOTIFICATION;0;da1a1500-d532-4285-be94-b07a3e11a098;da1a150d-d532-4285-be94-b07a3e11a098;18;;
726550;1788058623472;1502;Akkuinformationen;16;248;–;47-18-FF-FF-FF-FF-47-18-FF-FF-FF-FF-FF-FF-00-00;NOTIFICATION;0;da1a1500-d532-4285-be94-b07a3e11a098;da1a1502-d532-4285-be94-b07a3e11a098;18;;
726970;1788058623892;1505;BikePerformance / Fahrleistung;18;248;–;00-00-00-00-FF-FF-00-DA-FF-FF-FF-FF-FF-00-00-00-00-00;NOTIFICATION;0;da1a1500-d532-4285-be94-b07a3e11a098;da1a1505-d532-4285-be94-b07a3e11a098;18;;
727178;1788058624100;1506;Trip / Kilometer & Betriebszähler;16;248;7;00-00-1E-97-00-02-68-E1-00-00-03-0F-00-00-00-00;NOTIFICATION;0;da1a1500-d532-4285-be94-b07a3e11a098;da1a1506-d532-4285-be94-b07a3e11a098;18;;
727664;1788058624586;1508;Settings / Licht & Fahrstufe;17;248;–;01-00-00-02-FF-FF-FF-FF-FF-FF-FF-00-00-00-00-00-00;NOTIFICATION;0;da1a1500-d532-4285-be94-b07a3e11a098;da1a1508-d532-4285-be94-b07a3e11a098;18;;
727799;1788058624721;1509;BatteryChange / Akku-Livestand;11;248;6;00-00-FF-FF-00-99-20-00-00-00-00;NOTIFICATION;0;da1a1500-d532-4285-be94-b07a3e11a098;da1a1509-d532-4285-be94-b07a3e11a098;18;;
728007;1788058624929;150A;MotorUpdate / Motor-Livestand;10;248;–;00-00-FF-FF-FF-FF-FF-FF-FF-FF;NOTIFICATION;0;da1a1500-d532-4285-be94-b07a3e11a098;da1a150a-d532-4285-be94-b07a3e11a098;18;;
728217;1788058625139;150B;Motor-/Controllerblock;20;248;–;FF-FF-FF-FF-FF-FF-FF-FF-FF-FF-FF-FF-FF-FF-FF-FF-FF-FF-FF-FF;NOTIFICATION;0;da1a1500-d532-4285-be94-b07a3e11a098;da1a150b-d532-4285-be94-b07a3e11a098;18;;
728429;1788058625351;150D;Fahrstatistik Max/Ø;20;248;–;00-DA-00-73-FF-FF-FF-FF-47-18-FF-FF-FF-FF-FF-FF-FF-FF-00-00;NOTIFICATION;0;da1a1500-d532-4285-be94-b07a3e11a098;da1a150d-d532-4285-be94-b07a3e11a098;18;;
729468;1788058626390;1502;Akkuinformationen;16;249;–;47-18-FF-FF-FF-FF-47-18-FF-FF-FF-FF-FF-FF-00-00;NOTIFICATION;0;da1a1500-d532-4285-be94-b07a3e11a098;da1a1502-d532-4285-be94-b07a3e11a098;18;;
729888;1788058626810;1505;BikePerformance / Fahrleistung;18;249;–;00-00-00-00-FF-FF-00-DA-FF-FF-FF-FF-FF-00-00-00-00-00;NOTIFICATION;0;da1a1500-d532-4285-be94-b07a3e11a098;da1a1505-d532-4285-be94-b07a3e11a098;18;;
730097;1788058627019;1506;Trip / Kilometer & Betriebszähler;16;249;7;00-00-1E-97-00-02-68-E4-00-00-03-0F-00-00-00-00;NOTIFICATION;0;da1a1500-d532-4285-be94-b07a3e11a098;da1a1506-d532-4285-be94-b07a3e11a098;18;;
730505;1788058627427;1508;Settings / Licht & Fahrstufe;17;249;–;01-00-00-02-FF-FF-FF-FF-FF-FF-FF-00-00-00-00-00-00;NOTIFICATION;0;da1a1500-d532-4285-be94-b07a3e11a098;da1a1508-d532-4285-be94-b07a3e11a098;18;;
730722;1788058627644;1509;BatteryChange / Akku-Livestand;11;249;6;00-00-FF-FF-00-99-84-00-00-00-00;NOTIFICATION;0;da1a1500-d532-4285-be94-b07a3e11a098;da1a1509-d532-4285-be94-b07a3e11a098;18;;
730928;1788058627850;150A;MotorUpdate / Motor-Livestand;10;249;–;00-00-FF-FF-FF-FF-FF-FF-FF-FF;NOTIFICATION;0;da1a1500-d532-4285-be94-b07a3e11a098;da1a150a-d532-4285-be94-b07a3e11a098;18;;
731138;1788058628060;150B;Motor-/Controllerblock;20;249;–;FF-FF-FF-FF-FF-FF-FF-FF-FF-FF-FF-FF-FF-FF-FF-FF-FF-FF-FF-FF;NOTIFICATION;0;da1a1500-d532-4285-be94-b07a3e11a098;da1a150b-d532-4285-be94-b07a3e11a098;18;;
731348;1788058628270;150D;Fahrstatistik Max/Ø;20;249;–;00-DA-00-73-FF-FF-FF-FF-47-18-FF-FF-FF-FF-FF-FF-FF-FF-00-00;NOTIFICATION;0;da1a1500-d532-4285-be94-b07a3e11a098;da1a150d-d532-4285-be94-b07a3e11a098;18;;
732390;1788058629312;1502;Akkuinformationen;16;250;–;47-18-FF-FF-FF-FF-47-18-FF-FF-FF-FF-FF-FF-00-00;NOTIFICATION;0;da1a1500-d532-4285-be94-b07a3e11a098;da1a1502-d532-4285-be94-b07a3e11a098;18;;
732811;1788058629733;1505;BikePerformance / Fahrleistung;18;250;–;00-00-00-00-FF-FF-00-DA-FF-FF-FF-FF-FF-00-00-00-00-00;NOTIFICATION;0;da1a1500-d532-4285-be94-b07a3e11a098;da1a1505-d532-4285-be94-b07a3e11a098;18;;
733019;1788058629941;1506;Trip / Kilometer & Betriebszähler;16;250;3,7;00-00-1E-98-00-02-68-E6-00-00-03-0F-00-00-00-00;NOTIFICATION;0;da1a1500-d532-4285-be94-b07a3e11a098;da1a1506-d532-4285-be94-b07a3e11a098;18;;
733437;1788058630359;1508;Settings / Licht & Fahrstufe;17;250;–;01-00-00-02-FF-FF-FF-FF-FF-FF-FF-00-00-00-00-00-00;NOTIFICATION;0;da1a1500-d532-4285-be94-b07a3e11a098;da1a1508-d532-4285-be94-b07a3e11a098;18;;
733639;1788058630561;1509;BatteryChange / Akku-Livestand;11;250;6;00-00-FF-FF-00-99-20-00-00-00-00;NOTIFICATION;0;da1a1500-d532-4285-be94-b07a3e11a098;da1a1509-d532-4285-be94-b07a3e11a098;18;;
733847;1788058630769;150A;MotorUpdate / Motor-Livestand;10;250;–;00-00-FF-FF-FF-FF-FF-FF-FF-FF;NOTIFICATION;0;da1a1500-d532-4285-be94-b07a3e11a098;da1a150a-d532-4285-be94-b07a3e11a098;18;;
734058;1788058630980;150B;Motor-/Controllerblock;20;250;–;FF-FF-FF-FF-FF-FF-FF-FF-FF-FF-FF-FF-FF-FF-FF-FF-FF-FF-FF-FF;NOTIFICATION;0;da1a1500-d532-4285-be94-b07a3e11a098;da1a150b-d532-4285-be94-b07a3e11a098;18;;
734270;1788058631192;150D;Fahrstatistik Max/Ø;20;250;3;00-DA-00-74-FF-FF-FF-FF-47-18-FF-FF-FF-FF-FF-FF-FF-FF-00-00;NOTIFICATION;0;da1a1500-d532-4285-be94-b07a3e11a098;da1a150d-d532-4285-be94-b07a3e11a098;18;;
735310;1788058632232;1502;Akkuinformationen;16;251;–;47-18-FF-FF-FF-FF-47-18-FF-FF-FF-FF-FF-FF-00-00;NOTIFICATION;0;da1a1500-d532-4285-be94-b07a3e11a098;da1a1502-d532-4285-be94-b07a3e11a098;18;;
735730;1788058632652;1505;BikePerformance / Fahrleistung;18;251;–;00-00-00-00-FF-FF-00-DA-FF-FF-FF-FF-FF-00-00-00-00-00;NOTIFICATION;0;da1a1500-d532-4285-be94-b07a3e11a098;da1a1505-d532-4285-be94-b07a3e11a098;18;;
735937;1788058632859;1506;Trip / Kilometer & Betriebszähler;16;251;7;00-00-1E-98-00-02-68-E9-00-00-03-0F-00-00-00-00;NOTIFICATION;0;da1a1500-d532-4285-be94-b07a3e11a098;da1a1506-d532-4285-be94-b07a3e11a098;18;;
736360;1788058633282;1508;Settings / Licht & Fahrstufe;17;251;–;01-00-00-02-FF-FF-FF-FF-FF-FF-FF-00-00-00-00-00-00;NOTIFICATION;0;da1a1500-d532-4285-be94-b07a3e11a098;da1a1508-d532-4285-be94-b07a3e11a098;18;;
736558;1788058633480;1509;BatteryChange / Akku-Livestand;11;251;5,6;00-00-FF-FF-00-98-BC-00-00-00-00;NOTIFICATION;0;da1a1500-d532-4285-be94-b07a3e11a098;da1a1509-d532-4285-be94-b07a3e11a098;18;;
736767;1788058633689;150A;MotorUpdate / Motor-Livestand;10;251;–;00-00-FF-FF-FF-FF-FF-FF-FF-FF;NOTIFICATION;0;da1a1500-d532-4285-be94-b07a3e11a098;da1a150a-d532-4285-be94-b07a3e11a098;18;;
736980;1788058633902;150B;Motor-/Controllerblock;20;251;–;FF-FF-FF-FF-FF-FF-FF-FF-FF-FF-FF-FF-FF-FF-FF-FF-FF-FF-FF-FF;NOTIFICATION;0;da1a1500-d532-4285-be94-b07a3e11a098;da1a150b-d532-4285-be94-b07a3e11a098;18;;
737188;1788058634110;150D;Fahrstatistik Max/Ø;20;251;–;00-DA-00-74-FF-FF-FF-FF-47-18-FF-FF-FF-FF-FF-FF-FF-FF-00-00;NOTIFICATION;0;da1a1500-d532-4285-be94-b07a3e11a098;da1a150d-d532-4285-be94-b07a3e11a098;18;;
738228;1788058635150;1502;Akkuinformationen;16;252;–;47-18-FF-FF-FF-FF-47-18-FF-FF-FF-FF-FF-FF-00-00;NOTIFICATION;0;da1a1500-d532-4285-be94-b07a3e11a098;da1a1502-d532-4285-be94-b07a3e11a098;18;;
738651;1788058635573;1505;BikePerformance / Fahrleistung;18;252;7;00-00-00-00-FF-FF-00-D2-FF-FF-FF-FF-FF-00-00-00-00-00;NOTIFICATION;0;da1a1500-d532-4285-be94-b07a3e11a098;da1a1505-d532-4285-be94-b07a3e11a098;18;;
738859;1788058635781;1506;Trip / Kilometer & Betriebszähler;16;252;7;00-00-1E-98-00-02-68-EC-00-00-03-0F-00-00-00-00;NOTIFICATION;0;da1a1500-d532-4285-be94-b07a3e11a098;da1a1506-d532-4285-be94-b07a3e11a098;18;;
739279;1788058636201;1508;Settings / Licht & Fahrstufe;17;252;–;01-00-00-02-FF-FF-FF-FF-FF-FF-FF-00-00-00-00-00-00;NOTIFICATION;0;da1a1500-d532-4285-be94-b07a3e11a098;da1a1508-d532-4285-be94-b07a3e11a098;18;;
739478;1788058636400;1509;BatteryChange / Akku-Livestand;11;252;–;00-00-FF-FF-00-98-BC-00-00-00-00;NOTIFICATION;0;da1a1500-d532-4285-be94-b07a3e11a098;da1a1509-d532-4285-be94-b07a3e11a098;18;;
739687;1788058636609;150A;MotorUpdate / Motor-Livestand;10;252;–;00-00-FF-FF-FF-FF-FF-FF-FF-FF;NOTIFICATION;0;da1a1500-d532-4285-be94-b07a3e11a098;da1a150a-d532-4285-be94-b07a3e11a098;18;;
739900;1788058636822;150B;Motor-/Controllerblock;20;252;–;FF-FF-FF-FF-FF-FF-FF-FF-FF-FF-FF-FF-FF-FF-FF-FF-FF-FF-FF-FF;NOTIFICATION;0;da1a1500-d532-4285-be94-b07a3e11a098;da1a150b-d532-4285-be94-b07a3e11a098;18;;
740112;1788058637034;150D;Fahrstatistik Max/Ø;20;252;–;00-DA-00-74-FF-FF-FF-FF-47-18-FF-FF-FF-FF-FF-FF-FF-FF-00-00;NOTIFICATION;0;da1a1500-d532-4285-be94-b07a3e11a098;da1a150d-d532-4285-be94-b07a3e11a098;18;;
741148;1788058638070;1502;Akkuinformationen;16;253;–;47-18-FF-FF-FF-FF-47-18-FF-FF-FF-FF-FF-FF-00-00;NOTIFICATION;0;da1a1500-d532-4285-be94-b07a3e11a098;da1a1502-d532-4285-be94-b07a3e11a098;18;;
741571;1788058638493;1505;BikePerformance / Fahrleistung;18;253;7;00-00-00-00-FF-FF-00-D1-FF-FF-FF-FF-FF-00-00-00-00-00;NOTIFICATION;0;da1a1500-d532-4285-be94-b07a3e11a098;da1a1505-d532-4285-be94-b07a3e11a098;18;;
741778;1788058638700;1506;Trip / Kilometer & Betriebszähler;16;253;7;00-00-1E-98-00-02-68-EF-00-00-03-0F-00-00-00-00;NOTIFICATION;0;da1a1500-d532-4285-be94-b07a3e11a098;da1a1506-d532-4285-be94-b07a3e11a098;18;;
742202;1788058639124;1508;Settings / Licht & Fahrstufe;17;253;–;01-00-00-02-FF-FF-FF-FF-FF-FF-FF-00-00-00-00-00-00;NOTIFICATION;0;da1a1500-d532-4285-be94-b07a3e11a098;da1a1508-d532-4285-be94-b07a3e11a098;18;;
742400;1788058639322;1509;BatteryChange / Akku-Livestand;11;253;–;00-00-FF-FF-00-98-BC-00-00-00-00;NOTIFICATION;0;da1a1500-d532-4285-be94-b07a3e11a098;da1a1509-d532-4285-be94-b07a3e11a098;18;;
742611;1788058639533;150A;MotorUpdate / Motor-Livestand;10;253;–;00-00-FF-FF-FF-FF-FF-FF-FF-FF;NOTIFICATION;0;da1a1500-d532-4285-be94-b07a3e11a098;da1a150a-d532-4285-be94-b07a3e11a098;18;;
742820;1788058639742;150B;Motor-/Controllerblock;20;253;–;FF-FF-FF-FF-FF-FF-FF-FF-FF-FF-FF-FF-FF-FF-FF-FF-FF-FF-FF-FF;NOTIFICATION;0;da1a1500-d532-4285-be94-b07a3e11a098;da1a150b-d532-4285-be94-b07a3e11a098;18;;
743029;1788058639951;150D;Fahrstatistik Max/Ø;20;253;–;00-DA-00-74-FF-FF-FF-FF-47-18-FF-FF-FF-FF-FF-FF-FF-FF-00-00;NOTIFICATION;0;da1a1500-d532-4285-be94-b07a3e11a098;da1a150d-d532-4285-be94-b07a3e11a098;18;;
744120;1788058641042;1502;Akkuinformationen;16;254;–;47-18-FF-FF-FF-FF-47-18-FF-FF-FF-FF-FF-FF-00-00;NOTIFICATION;0;da1a1500-d532-4285-be94-b07a3e11a098;da1a1502-d532-4285-be94-b07a3e11a098;18;;
744539;1788058641461;1505;BikePerformance / Fahrleistung;18;254;7;00-00-00-00-FF-FF-00-C6-FF-FF-FF-FF-FF-00-00-00-00-00;NOTIFICATION;0;da1a1500-d532-4285-be94-b07a3e11a098;da1a1505-d532-4285-be94-b07a3e11a098;18;;
744701;1788058641623;1506;Trip / Kilometer & Betriebszähler;16;254;7;00-00-1E-98-00-02-68-F2-00-00-03-0F-00-00-00-00;NOTIFICATION;0;da1a1500-d532-4285-be94-b07a3e11a098;da1a1506-d532-4285-be94-b07a3e11a098;18;;
745168;1788058642090;1508;Settings / Licht & Fahrstufe;17;254;–;01-00-00-02-FF-FF-FF-FF-FF-FF-FF-00-00-00-00-00-00;NOTIFICATION;0;da1a1500-d532-4285-be94-b07a3e11a098;da1a1508-d532-4285-be94-b07a3e11a098;18;;
745329;1788058642251;1509;BatteryChange / Akku-Livestand;11;254;–;00-00-FF-FF-00-98-BC-00-00-00-00;NOTIFICATION;0;da1a1500-d532-4285-be94-b07a3e11a098;da1a1509-d532-4285-be94-b07a3e11a098;18;;
745555;1788058642477;150A;MotorUpdate / Motor-Livestand;10;254;–;00-00-FF-FF-FF-FF-FF-FF-FF-FF;NOTIFICATION;0;da1a1500-d532-4285-be94-b07a3e11a098;da1a150a-d532-4285-be94-b07a3e11a098;18;;
745735;1788058642657;150B;Motor-/Controllerblock;20;254;–;FF-FF-FF-FF-FF-FF-FF-FF-FF-FF-FF-FF-FF-FF-FF-FF-FF-FF-FF-FF;NOTIFICATION;0;da1a1500-d532-4285-be94-b07a3e11a098;da1a150b-d532-4285-be94-b07a3e11a098;18;;
745983;1788058642905;150D;Fahrstatistik Max/Ø;20;254;–;00-DA-00-74-FF-FF-FF-FF-47-18-FF-FF-FF-FF-FF-FF-FF-FF-00-00;NOTIFICATION;0;da1a1500-d532-4285-be94-b07a3e11a098;da1a150d-d532-4285-be94-b07a3e11a098;18;;
747066;1788058643988;1502;Akkuinformationen;16;255;–;47-18-FF-FF-FF-FF-47-18-FF-FF-FF-FF-FF-FF-00-00;NOTIFICATION;0;da1a1500-d532-4285-be94-b07a3e11a098;da1a1502-d532-4285-be94-b07a3e11a098;18;;
747467;1788058644389;1505;BikePerformance / Fahrleistung;18;255;7;00-00-00-00-FF-FF-00-BC-FF-FF-FF-FF-FF-00-00-00-00-00;NOTIFICATION;0;da1a1500-d532-4285-be94-b07a3e11a098;da1a1505-d532-4285-be94-b07a3e11a098;18;;
747620;1788058644542;1506;Trip / Kilometer & Betriebszähler;16;255;7;00-00-1E-98-00-02-68-F5-00-00-03-0F-00-00-00-00;NOTIFICATION;0;da1a1500-d532-4285-be94-b07a3e11a098;da1a1506-d532-4285-be94-b07a3e11a098;18;;
748121;1788058645043;1508;Settings / Licht & Fahrstufe;17;255;–;01-00-00-02-FF-FF-FF-FF-FF-FF-FF-00-00-00-00-00-00;NOTIFICATION;0;da1a1500-d532-4285-be94-b07a3e11a098;da1a1508-d532-4285-be94-b07a3e11a098;18;;
748258;1788058645180;1509;BatteryChange / Akku-Livestand;11;255;–;00-00-FF-FF-00-98-BC-00-00-00-00;NOTIFICATION;0;da1a1500-d532-4285-be94-b07a3e11a098;da1a1509-d532-4285-be94-b07a3e11a098;18;;
748495;1788058645417;150A;MotorUpdate / Motor-Livestand;10;255;–;00-00-FF-FF-FF-FF-FF-FF-FF-FF;NOTIFICATION;0;da1a1500-d532-4285-be94-b07a3e11a098;da1a150a-d532-4285-be94-b07a3e11a098;18;;
748658;1788058645580;150B;Motor-/Controllerblock;20;255;–;FF-FF-FF-FF-FF-FF-FF-FF-FF-FF-FF-FF-FF-FF-FF-FF-FF-FF-FF-FF;NOTIFICATION;0;da1a1500-d532-4285-be94-b07a3e11a098;da1a150b-d532-4285-be94-b07a3e11a098;18;;
748900;1788058645822;150D;Fahrstatistik Max/Ø;20;255;–;00-DA-00-74-FF-FF-FF-FF-47-18-FF-FF-FF-FF-FF-FF-FF-FF-00-00;NOTIFICATION;0;da1a1500-d532-4285-be94-b07a3e11a098;da1a150d-d532-4285-be94-b07a3e11a098;18;;
749964;1788058646886;1502;Akkuinformationen;16;256;–;47-18-FF-FF-FF-FF-47-18-FF-FF-FF-FF-FF-FF-00-00;NOTIFICATION;0;da1a1500-d532-4285-be94-b07a3e11a098;da1a1502-d532-4285-be94-b07a3e11a098;18;;
750380;1788058647302;1505;BikePerformance / Fahrleistung;18;256;7;00-00-00-00-FF-FF-00-B6-FF-FF-FF-FF-FF-00-00-00-00-00;NOTIFICATION;0;da1a1500-d532-4285-be94-b07a3e11a098;da1a1505-d532-4285-be94-b07a3e11a098;18;;
750537;1788058647459;1506;Trip / Kilometer & Betriebszähler;16;256;3,7;00-00-1E-99-00-02-68-F8-00-00-03-0F-00-00-00-00;NOTIFICATION;0;da1a1500-d532-4285-be94-b07a3e11a098;da1a1506-d532-4285-be94-b07a3e11a098;18;;
751014;1788058647936;1508;Settings / Licht & Fahrstufe;17;256;–;01-00-00-02-FF-FF-FF-FF-FF-FF-FF-00-00-00-00-00-00;NOTIFICATION;0;da1a1500-d532-4285-be94-b07a3e11a098;da1a1508-d532-4285-be94-b07a3e11a098;18;;
751169;1788058648091;1509;BatteryChange / Akku-Livestand;11;256;5,6;00-00-FF-FF-00-99-20-00-00-00-00;NOTIFICATION;0;da1a1500-d532-4285-be94-b07a3e11a098;da1a1509-d532-4285-be94-b07a3e11a098;18;;
751394;1788058648316;150A;MotorUpdate / Motor-Livestand;10;256;–;00-00-FF-FF-FF-FF-FF-FF-FF-FF;NOTIFICATION;0;da1a1500-d532-4285-be94-b07a3e11a098;da1a150a-d532-4285-be94-b07a3e11a098;18;;
751578;1788058648500;150B;Motor-/Controllerblock;20;256;–;FF-FF-FF-FF-FF-FF-FF-FF-FF-FF-FF-FF-FF-FF-FF-FF-FF-FF-FF-FF;NOTIFICATION;0;da1a1500-d532-4285-be94-b07a3e11a098;da1a150b-d532-4285-be94-b07a3e11a098;18;;
751816;1788058648738;150D;Fahrstatistik Max/Ø;20;256;3;00-DA-00-75-FF-FF-FF-FF-47-18-FF-FF-FF-FF-FF-FF-FF-FF-00-00;NOTIFICATION;0;da1a1500-d532-4285-be94-b07a3e11a098;da1a150d-d532-4285-be94-b07a3e11a098;18;;
752870;1788058649792;1502;Akkuinformationen;16;257;–;47-18-FF-FF-FF-FF-47-18-FF-FF-FF-FF-FF-FF-00-00;NOTIFICATION;0;da1a1500-d532-4285-be94-b07a3e11a098;da1a1502-d532-4285-be94-b07a3e11a098;18;;
753250;1788058650172;1505;BikePerformance / Fahrleistung;18;257;7;00-00-00-00-FF-FF-00-A9-FF-FF-FF-FF-FF-00-00-00-00-00;NOTIFICATION;0;da1a1500-d532-4285-be94-b07a3e11a098;da1a1505-d532-4285-be94-b07a3e11a098;18;;
753461;1788058650383;1506;Trip / Kilometer & Betriebszähler;16;257;7;00-00-1E-99-00-02-68-FB-00-00-03-0F-00-00-00-00;NOTIFICATION;0;da1a1500-d532-4285-be94-b07a3e11a098;da1a1506-d532-4285-be94-b07a3e11a098;18;;
753980;1788058650902;1508;Settings / Licht & Fahrstufe;17;257;–;01-00-00-02-FF-FF-FF-FF-FF-FF-FF-00-00-00-00-00-00;NOTIFICATION;0;da1a1500-d532-4285-be94-b07a3e11a098;da1a1508-d532-4285-be94-b07a3e11a098;18;;
754085;1788058651007;1509;BatteryChange / Akku-Livestand;11;257;5,6;00-00-FF-FF-00-98-BC-00-00-00-00;NOTIFICATION;0;da1a1500-d532-4285-be94-b07a3e11a098;da1a1509-d532-4285-be94-b07a3e11a098;18;;
754327;1788058651249;150A;MotorUpdate / Motor-Livestand;10;257;–;00-00-FF-FF-FF-FF-FF-FF-FF-FF;NOTIFICATION;0;da1a1500-d532-4285-be94-b07a3e11a098;da1a150a-d532-4285-be94-b07a3e11a098;18;;
754498;1788058651420;150B;Motor-/Controllerblock;20;257;–;FF-FF-FF-FF-FF-FF-FF-FF-FF-FF-FF-FF-FF-FF-FF-FF-FF-FF-FF-FF;NOTIFICATION;0;da1a1500-d532-4285-be94-b07a3e11a098;da1a150b-d532-4285-be94-b07a3e11a098;18;;
754738;1788058651660;150D;Fahrstatistik Max/Ø;20;257;–;00-DA-00-75-FF-FF-FF-FF-47-18-FF-FF-FF-FF-FF-FF-FF-FF-00-00;NOTIFICATION;0;da1a1500-d532-4285-be94-b07a3e11a098;da1a150d-d532-4285-be94-b07a3e11a098;18;;
755814;1788058652736;1502;Akkuinformationen;16;258;–;47-18-FF-FF-FF-FF-47-18-FF-FF-FF-FF-FF-FF-00-00;NOTIFICATION;0;da1a1500-d532-4285-be94-b07a3e11a098;da1a1502-d532-4285-be94-b07a3e11a098;18;;
756167;1788058653089;1505;BikePerformance / Fahrleistung;18;258;7;00-00-00-00-FF-FF-00-A6-FF-FF-FF-FF-FF-00-00-00-00-00;NOTIFICATION;0;da1a1500-d532-4285-be94-b07a3e11a098;da1a1505-d532-4285-be94-b07a3e11a098;18;;
756380;1788058653302;1506;Trip / Kilometer & Betriebszähler;16;258;7;00-00-1E-99-00-02-68-FE-00-00-03-0F-00-00-00-00;NOTIFICATION;0;da1a1500-d532-4285-be94-b07a3e11a098;da1a1506-d532-4285-be94-b07a3e11a098;18;;
756800;1788058653722;1508;Settings / Licht & Fahrstufe;17;258;–;01-00-00-02-FF-FF-FF-FF-FF-FF-FF-00-00-00-00-00-00;NOTIFICATION;0;da1a1500-d532-4285-be94-b07a3e11a098;da1a1508-d532-4285-be94-b07a3e11a098;18;;
757007;1788058653929;1509;BatteryChange / Akku-Livestand;11;258;6;00-00-FF-FF-00-98-58-00-00-00-00;NOTIFICATION;0;da1a1500-d532-4285-be94-b07a3e11a098;da1a1509-d532-4285-be94-b07a3e11a098;18;;
757215;1788058654137;150A;MotorUpdate / Motor-Livestand;10;258;–;00-00-FF-FF-FF-FF-FF-FF-FF-FF;NOTIFICATION;0;da1a1500-d532-4285-be94-b07a3e11a098;da1a150a-d532-4285-be94-b07a3e11a098;18;;
757449;1788058654371;150B;Motor-/Controllerblock;20;258;–;FF-FF-FF-FF-FF-FF-FF-FF-FF-FF-FF-FF-FF-FF-FF-FF-FF-FF-FF-FF;NOTIFICATION;0;da1a1500-d532-4285-be94-b07a3e11a098;da1a150b-d532-4285-be94-b07a3e11a098;18;;
757625;1788058654547;150D;Fahrstatistik Max/Ø;20;258;–;00-DA-00-75-FF-FF-FF-FF-47-18-FF-FF-FF-FF-FF-FF-FF-FF-00-00;NOTIFICATION;0;da1a1500-d532-4285-be94-b07a3e11a098;da1a150d-d532-4285-be94-b07a3e11a098;18;;
758741;1788058655663;1502;Akkuinformationen;16;259;–;47-18-FF-FF-FF-FF-47-18-FF-FF-FF-FF-FF-FF-00-00;NOTIFICATION;0;da1a1500-d532-4285-be94-b07a3e11a098;da1a1502-d532-4285-be94-b07a3e11a098;18;;
759160;1788058656082;1505;BikePerformance / Fahrleistung;18;259;7;00-00-00-00-FF-FF-00-B7-FF-FF-FF-FF-FF-00-00-00-00-00;NOTIFICATION;0;da1a1500-d532-4285-be94-b07a3e11a098;da1a1505-d532-4285-be94-b07a3e11a098;18;;
759297;1788058656219;1506;Trip / Kilometer & Betriebszähler;16;259;6,7;00-00-1E-99-00-02-69-01-00-00-03-0F-00-00-00-00;NOTIFICATION;0;da1a1500-d532-4285-be94-b07a3e11a098;da1a1506-d532-4285-be94-b07a3e11a098;18;;
759777;1788058656699;1508;Settings / Licht & Fahrstufe;17;259;–;01-00-00-02-FF-FF-FF-FF-FF-FF-FF-00-00-00-00-00-00;NOTIFICATION;0;da1a1500-d532-4285-be94-b07a3e11a098;da1a1508-d532-4285-be94-b07a3e11a098;18;;
759927;1788058656849;1509;BatteryChange / Akku-Livestand;11;259;6;00-00-FF-FF-00-98-BC-00-00-00-00;NOTIFICATION;0;da1a1500-d532-4285-be94-b07a3e11a098;da1a1509-d532-4285-be94-b07a3e11a098;18;;
760163;1788058657085;150A;MotorUpdate / Motor-Livestand;10;259;–;00-00-FF-FF-FF-FF-FF-FF-FF-FF;NOTIFICATION;0;da1a1500-d532-4285-be94-b07a3e11a098;da1a150a-d532-4285-be94-b07a3e11a098;18;;
760337;1788058657259;150B;Motor-/Controllerblock;20;259;–;FF-FF-FF-FF-FF-FF-FF-FF-FF-FF-FF-FF-FF-FF-FF-FF-FF-FF-FF-FF;NOTIFICATION;0;da1a1500-d532-4285-be94-b07a3e11a098;da1a150b-d532-4285-be94-b07a3e11a098;18;;
760580;1788058657502;150D;Fahrstatistik Max/Ø;20;259;–;00-DA-00-75-FF-FF-FF-FF-47-18-FF-FF-FF-FF-FF-FF-FF-FF-00-00;NOTIFICATION;0;da1a1500-d532-4285-be94-b07a3e11a098;da1a150d-d532-4285-be94-b07a3e11a098;18;;
761655;1788058658577;1502;Akkuinformationen;16;260;–;47-18-FF-FF-FF-FF-47-18-FF-FF-FF-FF-FF-FF-00-00;NOTIFICATION;0;da1a1500-d532-4285-be94-b07a3e11a098;da1a1502-d532-4285-be94-b07a3e11a098;18;;
762063;1788058658985;1505;BikePerformance / Fahrleistung;18;260;7;00-00-00-00-FF-FF-00-BF-FF-FF-FF-FF-FF-00-00-00-00-00;NOTIFICATION;0;da1a1500-d532-4285-be94-b07a3e11a098;da1a1505-d532-4285-be94-b07a3e11a098;18;;
762218;1788058659140;1506;Trip / Kilometer & Betriebszähler;16;260;7;00-00-1E-99-00-02-69-04-00-00-03-0F-00-00-00-00;NOTIFICATION;0;da1a1500-d532-4285-be94-b07a3e11a098;da1a1506-d532-4285-be94-b07a3e11a098;18;;
762696;1788058659618;1508;Settings / Licht & Fahrstufe;17;260;–;01-00-00-02-FF-FF-FF-FF-FF-FF-FF-00-00-00-00-00-00;NOTIFICATION;0;da1a1500-d532-4285-be94-b07a3e11a098;da1a1508-d532-4285-be94-b07a3e11a098;18;;
762848;1788058659770;1509;BatteryChange / Akku-Livestand;11;260;–;00-00-FF-FF-00-98-BC-00-00-00-00;NOTIFICATION;0;da1a1500-d532-4285-be94-b07a3e11a098;da1a1509-d532-4285-be94-b07a3e11a098;18;;
763097;1788058660019;150A;MotorUpdate / Motor-Livestand;10;260;–;00-00-FF-FF-FF-FF-FF-FF-FF-FF;NOTIFICATION;0;da1a1500-d532-4285-be94-b07a3e11a098;da1a150a-d532-4285-be94-b07a3e11a098;18;;
763269;1788058660191;150B;Motor-/Controllerblock;20;260;–;FF-FF-FF-FF-FF-FF-FF-FF-FF-FF-FF-FF-FF-FF-FF-FF-FF-FF-FF-FF;NOTIFICATION;0;da1a1500-d532-4285-be94-b07a3e11a098;da1a150b-d532-4285-be94-b07a3e11a098;18;;
763510;1788058660432;150D;Fahrstatistik Max/Ø;20;260;–;00-DA-00-75-FF-FF-FF-FF-47-18-FF-FF-FF-FF-FF-FF-FF-FF-00-00;NOTIFICATION;0;da1a1500-d532-4285-be94-b07a3e11a098;da1a150d-d532-4285-be94-b07a3e11a098;18;;
764571;1788058661493;1502;Akkuinformationen;16;261;–;47-18-FF-FF-FF-FF-47-18-FF-FF-FF-FF-FF-FF-00-00;NOTIFICATION;0;da1a1500-d532-4285-be94-b07a3e11a098;da1a1502-d532-4285-be94-b07a3e11a098;18;;
764996;1788058661918;1505;BikePerformance / Fahrleistung;18;261;7;00-00-00-00-FF-FF-00-CC-FF-FF-FF-FF-FF-00-00-00-00-00;NOTIFICATION;0;da1a1500-d532-4285-be94-b07a3e11a098;da1a1505-d532-4285-be94-b07a3e11a098;18;;
765137;1788058662059;1506;Trip / Kilometer & Betriebszähler;16;261;7;00-00-1E-99-00-02-69-07-00-00-03-0F-00-00-00-00;NOTIFICATION;0;da1a1500-d532-4285-be94-b07a3e11a098;da1a1506-d532-4285-be94-b07a3e11a098;18;;
765612;1788058662534;1508;Settings / Licht & Fahrstufe;17;261;–;01-00-00-02-FF-FF-FF-FF-FF-FF-FF-00-00-00-00-00-00;NOTIFICATION;0;da1a1500-d532-4285-be94-b07a3e11a098;da1a1508-d532-4285-be94-b07a3e11a098;18;;
765771;1788058662693;1509;BatteryChange / Akku-Livestand;11;261;6;00-00-FF-FF-00-98-58-00-00-00-00;NOTIFICATION;0;da1a1500-d532-4285-be94-b07a3e11a098;da1a1509-d532-4285-be94-b07a3e11a098;18;;
766017;1788058662939;150A;MotorUpdate / Motor-Livestand;10;261;–;00-00-FF-FF-FF-FF-FF-FF-FF-FF;NOTIFICATION;0;da1a1500-d532-4285-be94-b07a3e11a098;da1a150a-d532-4285-be94-b07a3e11a098;18;;
766187;1788058663109;150B;Motor-/Controllerblock;20;261;–;FF-FF-FF-FF-FF-FF-FF-FF-FF-FF-FF-FF-FF-FF-FF-FF-FF-FF-FF-FF;NOTIFICATION;0;da1a1500-d532-4285-be94-b07a3e11a098;da1a150b-d532-4285-be94-b07a3e11a098;18;;
766417;1788058663339;150D;Fahrstatistik Max/Ø;20;261;–;00-DA-00-75-FF-FF-FF-FF-47-18-FF-FF-FF-FF-FF-FF-FF-FF-00-00;NOTIFICATION;0;da1a1500-d532-4285-be94-b07a3e11a098;da1a150d-d532-4285-be94-b07a3e11a098;18;;
767480;1788058664402;1502;Akkuinformationen;16;262;–;47-18-FF-FF-FF-FF-47-18-FF-FF-FF-FF-FF-FF-00-00;NOTIFICATION;0;da1a1500-d532-4285-be94-b07a3e11a098;da1a1502-d532-4285-be94-b07a3e11a098;18;;
767854;1788058664776;1505;BikePerformance / Fahrleistung;18;262;7;00-00-00-00-FF-FF-00-DA-FF-FF-FF-FF-FF-00-00-00-00-00;NOTIFICATION;0;da1a1500-d532-4285-be94-b07a3e11a098;da1a1505-d532-4285-be94-b07a3e11a098;18;;
768098;1788058665020;1506;Trip / Kilometer & Betriebszähler;16;262;3,7;00-00-1E-9A-00-02-69-0A-00-00-03-0F-00-00-00-00;NOTIFICATION;0;da1a1500-d532-4285-be94-b07a3e11a098;da1a1506-d532-4285-be94-b07a3e11a098;18;;
768513;1788058665435;1508;Settings / Licht & Fahrstufe;17;262;–;01-00-00-02-FF-FF-FF-FF-FF-FF-FF-00-00-00-00-00-00;NOTIFICATION;0;da1a1500-d532-4285-be94-b07a3e11a098;da1a1508-d532-4285-be94-b07a3e11a098;18;;
768690;1788058665612;1509;BatteryChange / Akku-Livestand;11;262;5,6;00-00-FF-FF-00-97-F4-00-00-00-00;NOTIFICATION;0;da1a1500-d532-4285-be94-b07a3e11a098;da1a1509-d532-4285-be94-b07a3e11a098;18;;
768898;1788058665820;150A;MotorUpdate / Motor-Livestand;10;262;–;00-00-FF-FF-FF-FF-FF-FF-FF-FF;NOTIFICATION;0;da1a1500-d532-4285-be94-b07a3e11a098;da1a150a-d532-4285-be94-b07a3e11a098;18;;
769144;1788058666066;150B;Motor-/Controllerblock;20;262;–;FF-FF-FF-FF-FF-FF-FF-FF-FF-FF-FF-FF-FF-FF-FF-FF-FF-FF-FF-FF;NOTIFICATION;0;da1a1500-d532-4285-be94-b07a3e11a098;da1a150b-d532-4285-be94-b07a3e11a098;18;;
769307;1788058666229;150D;Fahrstatistik Max/Ø;20;262;1,3;00-ED-00-76-FF-FF-FF-FF-47-18-FF-FF-FF-FF-FF-FF-FF-FF-00-00;NOTIFICATION;0;da1a1500-d532-4285-be94-b07a3e11a098;da1a150d-d532-4285-be94-b07a3e11a098;18;;
770361;1788058667283;1502;Akkuinformationen;16;263;–;47-18-FF-FF-FF-FF-47-18-FF-FF-FF-FF-FF-FF-00-00;NOTIFICATION;0;da1a1500-d532-4285-be94-b07a3e11a098;da1a1502-d532-4285-be94-b07a3e11a098;18;;
770772;1788058667694;1505;BikePerformance / Fahrleistung;18;263;7;00-00-00-00-FF-FF-00-E3-FF-FF-FF-FF-FF-00-00-00-00-00;NOTIFICATION;0;da1a1500-d532-4285-be94-b07a3e11a098;da1a1505-d532-4285-be94-b07a3e11a098;18;;
771013;1788058667935;1506;Trip / Kilometer & Betriebszähler;16;263;7,8,9,10,11,12;00-00-1E-9A-00-02-69-00-FF-FF-FF-FF-FF-00-00-00;NOTIFICATION;0;da1a1500-d532-4285-be94-b07a3e11a098;da1a1506-d532-4285-be94-b07a3e11a098;18;;
771400;1788058668322;1508;Settings / Licht & Fahrstufe;17;263;–;01-00-00-02-FF-FF-FF-FF-FF-FF-FF-00-00-00-00-00-00;NOTIFICATION;0;da1a1500-d532-4285-be94-b07a3e11a098;da1a1508-d532-4285-be94-b07a3e11a098;18;;
771610;1788058668532;1509;BatteryChange / Akku-Livestand;11;263;5,6;00-00-FF-FF-00-98-58-00-00-00-00;NOTIFICATION;0;da1a1500-d532-4285-be94-b07a3e11a098;da1a1509-d532-4285-be94-b07a3e11a098;18;;
771821;1788058668743;150A;MotorUpdate / Motor-Livestand;10;263;–;00-00-FF-FF-FF-FF-FF-FF-FF-FF;NOTIFICATION;0;da1a1500-d532-4285-be94-b07a3e11a098;da1a150a-d532-4285-be94-b07a3e11a098;18;;
772030;1788058668952;150B;Motor-/Controllerblock;20;263;–;FF-FF-FF-FF-FF-FF-FF-FF-FF-FF-FF-FF-FF-FF-FF-FF-FF-FF-FF-FF;NOTIFICATION;0;da1a1500-d532-4285-be94-b07a3e11a098;da1a150b-d532-4285-be94-b07a3e11a098;18;;
772239;1788058669161;150D;Fahrstatistik Max/Ø;20;263;–;00-ED-00-76-FF-FF-FF-FF-47-18-FF-FF-FF-FF-FF-FF-FF-FF-00-00;NOTIFICATION;0;da1a1500-d532-4285-be94-b07a3e11a098;da1a150d-d532-4285-be94-b07a3e11a098;18;;
773281;1788058670203;1502;Akkuinformationen;16;264;–;47-18-FF-FF-FF-FF-47-18-FF-FF-FF-FF-FF-FF-00-00;NOTIFICATION;0;da1a1500-d532-4285-be94-b07a3e11a098;da1a1502-d532-4285-be94-b07a3e11a098;18;;
773700;1788058670622;1505;BikePerformance / Fahrleistung;18;264;7;00-00-00-00-FF-FF-00-DA-FF-FF-FF-FF-FF-00-00-00-00-00;NOTIFICATION;0;da1a1500-d532-4285-be94-b07a3e11a098;da1a1505-d532-4285-be94-b07a3e11a098;18;;
773900;1788058670822;1506;Trip / Kilometer & Betriebszähler;16;264;7,8,9,10,11,12;00-00-1E-9A-00-02-69-10-00-00-03-0F-00-00-00-00;NOTIFICATION;0;da1a1500-d532-4285-be94-b07a3e11a098;da1a1506-d532-4285-be94-b07a3e11a098;18;;
774320;1788058671242;1508;Settings / Licht & Fahrstufe;17;264;–;01-00-00-02-FF-FF-FF-FF-FF-FF-FF-00-00-00-00-00-00;NOTIFICATION;0;da1a1500-d532-4285-be94-b07a3e11a098;da1a1508-d532-4285-be94-b07a3e11a098;18;;
774530;1788058671452;1509;BatteryChange / Akku-Livestand;11;264;5,6;00-00-FF-FF-00-97-90-00-00-00-00;NOTIFICATION;0;da1a1500-d532-4285-be94-b07a3e11a098;da1a1509-d532-4285-be94-b07a3e11a098;18;;
774739;1788058671661;150A;MotorUpdate / Motor-Livestand;10;264;–;00-00-FF-FF-FF-FF-FF-FF-FF-FF;NOTIFICATION;0;da1a1500-d532-4285-be94-b07a3e11a098;da1a150a-d532-4285-be94-b07a3e11a098;18;;
775015;1788058671937;150B;Motor-/Controllerblock;20;264;–;FF-FF-FF-FF-FF-FF-FF-FF-FF-FF-FF-FF-FF-FF-FF-FF-FF-FF-FF-FF;NOTIFICATION;0;da1a1500-d532-4285-be94-b07a3e11a098;da1a150b-d532-4285-be94-b07a3e11a098;18;;
775159;1788058672081;150D;Fahrstatistik Max/Ø;20;264;–;00-ED-00-76-FF-FF-FF-FF-47-18-FF-FF-FF-FF-FF-FF-FF-FF-00-00;NOTIFICATION;0;da1a1500-d532-4285-be94-b07a3e11a098;da1a150d-d532-4285-be94-b07a3e11a098;18;;
776254;1788058673176;1502;Akkuinformationen;16;265;–;47-18-FF-FF-FF-FF-47-18-FF-FF-FF-FF-FF-FF-00-00;NOTIFICATION;0;da1a1500-d532-4285-be94-b07a3e11a098;da1a1502-d532-4285-be94-b07a3e11a098;18;;
776709;1788058673631;1505;BikePerformance / Fahrleistung;18;265;–;00-00-00-00-FF-FF-00-DA-FF-FF-FF-FF-FF-00-00-00-00-00;NOTIFICATION;0;da1a1500-d532-4285-be94-b07a3e11a098;da1a1505-d532-4285-be94-b07a3e11a098;18;;
776815;1788058673737;1506;Trip / Kilometer & Betriebszähler;16;265;7;00-00-1E-9A-00-02-69-13-00-00-03-0F-00-00-00-00;NOTIFICATION;0;da1a1500-d532-4285-be94-b07a3e11a098;da1a1506-d532-4285-be94-b07a3e11a098;18;;
777299;1788058674221;1508;Settings / Licht & Fahrstufe;17;265;–;01-00-00-02-FF-FF-FF-FF-FF-FF-FF-00-00-00-00-00-00;NOTIFICATION;0;da1a1500-d532-4285-be94-b07a3e11a098;da1a1508-d532-4285-be94-b07a3e11a098;18;;
777447;1788058674369;1509;BatteryChange / Akku-Livestand;11;265;–;00-00-FF-FF-00-97-90-00-00-00-00;NOTIFICATION;0;da1a1500-d532-4285-be94-b07a3e11a098;da1a1509-d532-4285-be94-b07a3e11a098;18;;
777693;1788058674615;150A;MotorUpdate / Motor-Livestand;10;265;–;00-00-FF-FF-FF-FF-FF-FF-FF-FF;NOTIFICATION;0;da1a1500-d532-4285-be94-b07a3e11a098;da1a150a-d532-4285-be94-b07a3e11a098;18;;
777868;1788058674790;150B;Motor-/Controllerblock;20;265;–;FF-FF-FF-FF-FF-FF-FF-FF-FF-FF-FF-FF-FF-FF-FF-FF-FF-FF-FF-FF;NOTIFICATION;0;da1a1500-d532-4285-be94-b07a3e11a098;da1a150b-d532-4285-be94-b07a3e11a098;18;;
778111;1788058675033;150D;Fahrstatistik Max/Ø;20;265;–;00-ED-00-76-FF-FF-FF-FF-47-18-FF-FF-FF-FF-FF-FF-FF-FF-00-00;NOTIFICATION;0;da1a1500-d532-4285-be94-b07a3e11a098;da1a150d-d532-4285-be94-b07a3e11a098;18;;
779198;1788058676120;1502;Akkuinformationen;16;266;–;47-18-FF-FF-FF-FF-47-18-FF-FF-FF-FF-FF-FF-00-00;NOTIFICATION;0;da1a1500-d532-4285-be94-b07a3e11a098;da1a1502-d532-4285-be94-b07a3e11a098;18;;
779578;1788058676500;1505;BikePerformance / Fahrleistung;18;266;–;00-00-00-00-FF-FF-00-DA-FF-FF-FF-FF-FF-00-00-00-00-00;NOTIFICATION;0;da1a1500-d532-4285-be94-b07a3e11a098;da1a1505-d532-4285-be94-b07a3e11a098;18;;
779738;1788058676660;1506;Trip / Kilometer & Betriebszähler;16;266;7;00-00-1E-9A-00-02-69-15-00-00-03-0F-00-00-00-00;NOTIFICATION;0;da1a1500-d532-4285-be94-b07a3e11a098;da1a1506-d532-4285-be94-b07a3e11a098;18;;
780213;1788058677135;1508;Settings / Licht & Fahrstufe;17;266;–;01-00-00-02-FF-FF-FF-FF-FF-FF-FF-00-00-00-00-00-00;NOTIFICATION;0;da1a1500-d532-4285-be94-b07a3e11a098;da1a1508-d532-4285-be94-b07a3e11a098;18;;
780368;1788058677290;1509;BatteryChange / Akku-Livestand;11;266;6;00-00-FF-FF-00-97-F4-00-00-00-00;NOTIFICATION;0;da1a1500-d532-4285-be94-b07a3e11a098;da1a1509-d532-4285-be94-b07a3e11a098;18;;
780610;1788058677532;150A;MotorUpdate / Motor-Livestand;10;266;–;00-00-FF-FF-FF-FF-FF-FF-FF-FF;NOTIFICATION;0;da1a1500-d532-4285-be94-b07a3e11a098;da1a150a-d532-4285-be94-b07a3e11a098;18;;
780787;1788058677709;150B;Motor-/Controllerblock;20;266;–;FF-FF-FF-FF-FF-FF-FF-FF-FF-FF-FF-FF-FF-FF-FF-FF-FF-FF-FF-FF;NOTIFICATION;0;da1a1500-d532-4285-be94-b07a3e11a098;da1a150b-d532-4285-be94-b07a3e11a098;18;;
781037;1788058677959;150D;Fahrstatistik Max/Ø;20;266;–;00-ED-00-76-FF-FF-FF-FF-47-18-FF-FF-FF-FF-FF-FF-FF-FF-00-00;NOTIFICATION;0;da1a1500-d532-4285-be94-b07a3e11a098;da1a150d-d532-4285-be94-b07a3e11a098;18;;
782096;1788058679018;1502;Akkuinformationen;16;267;–;47-18-FF-FF-FF-FF-47-18-FF-FF-FF-FF-FF-FF-00-00;NOTIFICATION;0;da1a1500-d532-4285-be94-b07a3e11a098;da1a1502-d532-4285-be94-b07a3e11a098;18;;
782540;1788058679462;1505;BikePerformance / Fahrleistung;18;267;–;00-00-00-00-FF-FF-00-DA-FF-FF-FF-FF-FF-00-00-00-00-00;NOTIFICATION;0;da1a1500-d532-4285-be94-b07a3e11a098;da1a1505-d532-4285-be94-b07a3e11a098;18;;
782657;1788058679579;1506;Trip / Kilometer & Betriebszähler;16;267;7;00-00-1E-9A-00-02-69-18-00-00-03-0F-00-00-00-00;NOTIFICATION;0;da1a1500-d532-4285-be94-b07a3e11a098;da1a1506-d532-4285-be94-b07a3e11a098;18;;
783135;1788058680057;1508;Settings / Licht & Fahrstufe;17;267;–;01-00-00-02-FF-FF-FF-FF-FF-FF-FF-00-00-00-00-00-00;NOTIFICATION;0;da1a1500-d532-4285-be94-b07a3e11a098;da1a1508-d532-4285-be94-b07a3e11a098;18;;
783290;1788058680212;1509;BatteryChange / Akku-Livestand;11;267;6;00-00-FF-FF-00-97-90-00-00-00-00;NOTIFICATION;0;da1a1500-d532-4285-be94-b07a3e11a098;da1a1509-d532-4285-be94-b07a3e11a098;18;;
783529;1788058680451;150A;MotorUpdate / Motor-Livestand;10;267;–;00-00-FF-FF-FF-FF-FF-FF-FF-FF;NOTIFICATION;0;da1a1500-d532-4285-be94-b07a3e11a098;da1a150a-d532-4285-be94-b07a3e11a098;18;;
783708;1788058680630;150B;Motor-/Controllerblock;20;267;–;FF-FF-FF-FF-FF-FF-FF-FF-FF-FF-FF-FF-FF-FF-FF-FF-FF-FF-FF-FF;NOTIFICATION;0;da1a1500-d532-4285-be94-b07a3e11a098;da1a150b-d532-4285-be94-b07a3e11a098;18;;
783944;1788058680866;150D;Fahrstatistik Max/Ø;20;267;–;00-ED-00-76-FF-FF-FF-FF-47-18-FF-FF-FF-FF-FF-FF-FF-FF-00-00;NOTIFICATION;0;da1a1500-d532-4285-be94-b07a3e11a098;da1a150d-d532-4285-be94-b07a3e11a098;18;;
785011;1788058681933;1502;Akkuinformationen;16;268;–;47-18-FF-FF-FF-FF-47-18-FF-FF-FF-FF-FF-FF-00-00;NOTIFICATION;0;da1a1500-d532-4285-be94-b07a3e11a098;da1a1502-d532-4285-be94-b07a3e11a098;18;;
785435;1788058682357;1505;BikePerformance / Fahrleistung;18;268;–;00-00-00-00-FF-FF-00-DA-FF-FF-FF-FF-FF-00-00-00-00-00;NOTIFICATION;0;da1a1500-d532-4285-be94-b07a3e11a098;da1a1505-d532-4285-be94-b07a3e11a098;18;;
785588;1788058682510;1506;Trip / Kilometer & Betriebszähler;16;268;7;00-00-1E-9A-00-02-69-1B-00-00-03-0F-00-00-00-00;NOTIFICATION;0;da1a1500-d532-4285-be94-b07a3e11a098;da1a1506-d532-4285-be94-b07a3e11a098;18;;
785998;1788058682920;1508;Settings / Licht & Fahrstufe;17;268;–;01-00-00-02-FF-FF-FF-FF-FF-FF-FF-00-00-00-00-00-00;NOTIFICATION;0;da1a1500-d532-4285-be94-b07a3e11a098;da1a1508-d532-4285-be94-b07a3e11a098;18;;
786207;1788058683129;1509;BatteryChange / Akku-Livestand;11;268;–;00-00-FF-FF-00-97-90-00-00-00-00;NOTIFICATION;0;da1a1500-d532-4285-be94-b07a3e11a098;da1a1509-d532-4285-be94-b07a3e11a098;18;;
786419;1788058683341;150A;MotorUpdate / Motor-Livestand;10;268;–;00-00-FF-FF-FF-FF-FF-FF-FF-FF;NOTIFICATION;0;da1a1500-d532-4285-be94-b07a3e11a098;da1a150a-d532-4285-be94-b07a3e11a098;18;;
786709;1788058683631;150B;Motor-/Controllerblock;20;268;–;FF-FF-FF-FF-FF-FF-FF-FF-FF-FF-FF-FF-FF-FF-FF-FF-FF-FF-FF-FF;NOTIFICATION;0;da1a1500-d532-4285-be94-b07a3e11a098;da1a150b-d532-4285-be94-b07a3e11a098;18;;
786838;1788058683760;150D;Fahrstatistik Max/Ø;20;268;3;00-ED-00-77-FF-FF-FF-FF-47-18-FF-FF-FF-FF-FF-FF-FF-FF-00-00;NOTIFICATION;0;da1a1500-d532-4285-be94-b07a3e11a098;da1a150d-d532-4285-be94-b07a3e11a098;18;;
787938;1788058684860;1502;Akkuinformationen;16;269;–;47-18-FF-FF-FF-FF-47-18-FF-FF-FF-FF-FF-FF-00-00;NOTIFICATION;0;da1a1500-d532-4285-be94-b07a3e11a098;da1a1502-d532-4285-be94-b07a3e11a098;18;;
788361;1788058685283;1505;BikePerformance / Fahrleistung;18;269;–;00-00-00-00-FF-FF-00-DA-FF-FF-FF-FF-FF-00-00-00-00-00;NOTIFICATION;0;da1a1500-d532-4285-be94-b07a3e11a098;da1a1505-d532-4285-be94-b07a3e11a098;18;;
788510;1788058685432;1506;Trip / Kilometer & Betriebszähler;16;269;3,7;00-00-1E-9B-00-02-69-1E-00-00-03-0F-00-00-00-00;NOTIFICATION;0;da1a1500-d532-4285-be94-b07a3e11a098;da1a1506-d532-4285-be94-b07a3e11a098;18;;
788921;1788058685843;1508;Settings / Licht & Fahrstufe;17;269;–;01-00-00-02-FF-FF-FF-FF-FF-FF-FF-00-00-00-00-00-00;NOTIFICATION;0;da1a1500-d532-4285-be94-b07a3e11a098;da1a1508-d532-4285-be94-b07a3e11a098;18;;
789128;1788058686050;1509;BatteryChange / Akku-Livestand;11;269;–;00-00-FF-FF-00-97-90-00-00-00-00;NOTIFICATION;0;da1a1500-d532-4285-be94-b07a3e11a098;da1a1509-d532-4285-be94-b07a3e11a098;18;;
789337;1788058686259;150A;MotorUpdate / Motor-Livestand;10;269;–;00-00-FF-FF-FF-FF-FF-FF-FF-FF;NOTIFICATION;0;da1a1500-d532-4285-be94-b07a3e11a098;da1a150a-d532-4285-be94-b07a3e11a098;18;;
789546;1788058686468;150B;Motor-/Controllerblock;20;269;–;FF-FF-FF-FF-FF-FF-FF-FF-FF-FF-FF-FF-FF-FF-FF-FF-FF-FF-FF-FF;NOTIFICATION;0;da1a1500-d532-4285-be94-b07a3e11a098;da1a150b-d532-4285-be94-b07a3e11a098;18;;
789826;1788058686748;150D;Fahrstatistik Max/Ø;20;269;–;00-ED-00-77-FF-FF-FF-FF-47-18-FF-FF-FF-FF-FF-FF-FF-FF-00-00;NOTIFICATION;0;da1a1500-d532-4285-be94-b07a3e11a098;da1a150d-d532-4285-be94-b07a3e11a098;18;;
790849;1788058687771;1502;Akkuinformationen;16;270;–;47-18-FF-FF-FF-FF-47-18-FF-FF-FF-FF-FF-FF-00-00;NOTIFICATION;0;da1a1500-d532-4285-be94-b07a3e11a098;da1a1502-d532-4285-be94-b07a3e11a098;18;;
791270;1788058688192;1505;BikePerformance / Fahrleistung;18;270;–;00-00-00-00-FF-FF-00-DA-FF-FF-FF-FF-FF-00-00-00-00-00;NOTIFICATION;0;da1a1500-d532-4285-be94-b07a3e11a098;da1a1505-d532-4285-be94-b07a3e11a098;18;;
791431;1788058688353;1506;Trip / Kilometer & Betriebszähler;16;270;7;00-00-1E-9B-00-02-69-21-00-00-03-0F-00-00-00-00;NOTIFICATION;0;da1a1500-d532-4285-be94-b07a3e11a098;da1a1506-d532-4285-be94-b07a3e11a098;18;;
791896;1788058688818;1508;Settings / Licht & Fahrstufe;17;270;–;01-00-00-02-FF-FF-FF-FF-FF-FF-FF-00-00-00-00-00-00;NOTIFICATION;0;da1a1500-d532-4285-be94-b07a3e11a098;da1a1508-d532-4285-be94-b07a3e11a098;18;;
792051;1788058688973;1509;BatteryChange / Akku-Livestand;11;270;–;00-00-FF-FF-00-97-90-00-00-00-00;NOTIFICATION;0;da1a1500-d532-4285-be94-b07a3e11a098;da1a1509-d532-4285-be94-b07a3e11a098;18;;
792294;1788058689216;150A;MotorUpdate / Motor-Livestand;10;270;–;00-00-FF-FF-FF-FF-FF-FF-FF-FF;NOTIFICATION;0;da1a1500-d532-4285-be94-b07a3e11a098;da1a150a-d532-4285-be94-b07a3e11a098;18;;
792469;1788058689391;150B;Motor-/Controllerblock;20;270;–;FF-FF-FF-FF-FF-FF-FF-FF-FF-FF-FF-FF-FF-FF-FF-FF-FF-FF-FF-FF;NOTIFICATION;0;da1a1500-d532-4285-be94-b07a3e11a098;da1a150b-d532-4285-be94-b07a3e11a098;18;;
792716;1788058689638;150D;Fahrstatistik Max/Ø;20;270;–;00-ED-00-77-FF-FF-FF-FF-47-18-FF-FF-FF-FF-FF-FF-FF-FF-00-00;NOTIFICATION;0;da1a1500-d532-4285-be94-b07a3e11a098;da1a150d-d532-4285-be94-b07a3e11a098;18;;
793767;1788058690689;1502;Akkuinformationen;16;271;–;47-18-FF-FF-FF-FF-47-18-FF-FF-FF-FF-FF-FF-00-00;NOTIFICATION;0;da1a1500-d532-4285-be94-b07a3e11a098;da1a1502-d532-4285-be94-b07a3e11a098;18;;
794226;1788058691148;1505;BikePerformance / Fahrleistung;18;271;–;00-00-00-00-FF-FF-00-DA-FF-FF-FF-FF-FF-00-00-00-00-00;NOTIFICATION;0;da1a1500-d532-4285-be94-b07a3e11a098;da1a1505-d532-4285-be94-b07a3e11a098;18;;
794352;1788058691274;1506;Trip / Kilometer & Betriebszähler;16;271;7;00-00-1E-9B-00-02-69-24-00-00-03-0F-00-00-00-00;NOTIFICATION;0;da1a1500-d532-4285-be94-b07a3e11a098;da1a1506-d532-4285-be94-b07a3e11a098;18;;
794808;1788058691730;1508;Settings / Licht & Fahrstufe;17;271;–;01-00-00-02-FF-FF-FF-FF-FF-FF-FF-00-00-00-00-00-00;NOTIFICATION;0;da1a1500-d532-4285-be94-b07a3e11a098;da1a1508-d532-4285-be94-b07a3e11a098;18;;
794969;1788058691891;1509;BatteryChange / Akku-Livestand;11;271;6;00-00-FF-FF-00-97-2C-00-00-00-00;NOTIFICATION;0;da1a1500-d532-4285-be94-b07a3e11a098;da1a1509-d532-4285-be94-b07a3e11a098;18;;
795207;1788058692129;150A;MotorUpdate / Motor-Livestand;10;271;–;00-00-FF-FF-FF-FF-FF-FF-FF-FF;NOTIFICATION;0;da1a1500-d532-4285-be94-b07a3e11a098;da1a150a-d532-4285-be94-b07a3e11a098;18;;
795386;1788058692308;150B;Motor-/Controllerblock;20;271;–;FF-FF-FF-FF-FF-FF-FF-FF-FF-FF-FF-FF-FF-FF-FF-FF-FF-FF-FF-FF;NOTIFICATION;0;da1a1500-d532-4285-be94-b07a3e11a098;da1a150b-d532-4285-be94-b07a3e11a098;18;;
795662;1788058692584;150D;Fahrstatistik Max/Ø;20;271;–;00-ED-00-77-FF-FF-FF-FF-47-18-FF-FF-FF-FF-FF-FF-FF-FF-00-00;NOTIFICATION;0;da1a1500-d532-4285-be94-b07a3e11a098;da1a150d-d532-4285-be94-b07a3e11a098;18;;
796687;1788058693609;1502;Akkuinformationen;16;272;–;47-18-FF-FF-FF-FF-47-18-FF-FF-FF-FF-FF-FF-00-00;NOTIFICATION;0;da1a1500-d532-4285-be94-b07a3e11a098;da1a1502-d532-4285-be94-b07a3e11a098;18;;
797105;1788058694027;1505;BikePerformance / Fahrleistung;18;272;7;00-00-00-00-FF-FF-00-CD-FF-FF-FF-FF-FF-00-00-00-00-00;NOTIFICATION;0;da1a1500-d532-4285-be94-b07a3e11a098;da1a1505-d532-4285-be94-b07a3e11a098;18;;
797270;1788058694192;1506;Trip / Kilometer & Betriebszähler;16;272;7;00-00-1E-9B-00-02-69-27-00-00-03-0F-00-00-00-00;NOTIFICATION;0;da1a1500-d532-4285-be94-b07a3e11a098;da1a1506-d532-4285-be94-b07a3e11a098;18;;
797745;1788058694667;1508;Settings / Licht & Fahrstufe;17;272;–;01-00-00-02-FF-FF-FF-FF-FF-FF-FF-00-00-00-00-00-00;NOTIFICATION;0;da1a1500-d532-4285-be94-b07a3e11a098;da1a1508-d532-4285-be94-b07a3e11a098;18;;
797889;1788058694811;1509;BatteryChange / Akku-Livestand;11;272;–;00-00-FF-FF-00-97-2C-00-00-00-00;NOTIFICATION;0;da1a1500-d532-4285-be94-b07a3e11a098;da1a1509-d532-4285-be94-b07a3e11a098;18;;
798102;1788058695024;150A;MotorUpdate / Motor-Livestand;10;272;–;00-00-FF-FF-FF-FF-FF-FF-FF-FF;NOTIFICATION;0;da1a1500-d532-4285-be94-b07a3e11a098;da1a150a-d532-4285-be94-b07a3e11a098;18;;
798347;1788058695269;150B;Motor-/Controllerblock;20;272;–;FF-FF-FF-FF-FF-FF-FF-FF-FF-FF-FF-FF-FF-FF-FF-FF-FF-FF-FF-FF;NOTIFICATION;0;da1a1500-d532-4285-be94-b07a3e11a098;da1a150b-d532-4285-be94-b07a3e11a098;18;;
798518;1788058695440;150D;Fahrstatistik Max/Ø;20;272;–;00-ED-00-77-FF-FF-FF-FF-47-18-FF-FF-FF-FF-FF-FF-FF-FF-00-00;NOTIFICATION;0;da1a1500-d532-4285-be94-b07a3e11a098;da1a150d-d532-4285-be94-b07a3e11a098;18;;
799561;1788058696483;1502;Akkuinformationen;16;273;–;47-18-FF-FF-FF-FF-47-18-FF-FF-FF-FF-FF-FF-00-00;NOTIFICATION;0;da1a1500-d532-4285-be94-b07a3e11a098;da1a1502-d532-4285-be94-b07a3e11a098;18;;
799980;1788058696902;1505;BikePerformance / Fahrleistung;18;273;7;00-00-00-00-FF-FF-00-D6-FF-FF-FF-FF-FF-00-00-00-00-00;NOTIFICATION;0;da1a1500-d532-4285-be94-b07a3e11a098;da1a1505-d532-4285-be94-b07a3e11a098;18;;
800189;1788058697111;1506;Trip / Kilometer & Betriebszähler;16;273;7;00-00-1E-9B-00-02-69-2A-00-00-03-0F-00-00-00-00;NOTIFICATION;0;da1a1500-d532-4285-be94-b07a3e11a098;da1a1506-d532-4285-be94-b07a3e11a098;18;;
800603;1788058697525;1508;Settings / Licht & Fahrstufe;17;273;–;01-00-00-02-FF-FF-FF-FF-FF-FF-FF-00-00-00-00-00-00;NOTIFICATION;0;da1a1500-d532-4285-be94-b07a3e11a098;da1a1508-d532-4285-be94-b07a3e11a098;18;;
800813;1788058697735;1509;BatteryChange / Akku-Livestand;11;273;6;00-00-FF-FF-00-97-90-00-00-00-00;NOTIFICATION;0;da1a1500-d532-4285-be94-b07a3e11a098;da1a1509-d532-4285-be94-b07a3e11a098;18;;
801017;1788058697939;150A;MotorUpdate / Motor-Livestand;10;273;–;00-00-FF-FF-FF-FF-FF-FF-FF-FF;NOTIFICATION;0;da1a1500-d532-4285-be94-b07a3e11a098;da1a150a-d532-4285-be94-b07a3e11a098;18;;
801229;1788058698151;150B;Motor-/Controllerblock;20;273;–;FF-FF-FF-FF-FF-FF-FF-FF-FF-FF-FF-FF-FF-FF-FF-FF-FF-FF-FF-FF;NOTIFICATION;0;da1a1500-d532-4285-be94-b07a3e11a098;da1a150b-d532-4285-be94-b07a3e11a098;18;;
801438;1788058698360;150D;Fahrstatistik Max/Ø;20;273;3;00-ED-00-78-FF-FF-FF-FF-47-18-FF-FF-FF-FF-FF-FF-FF-FF-00-00;NOTIFICATION;0;da1a1500-d532-4285-be94-b07a3e11a098;da1a150d-d532-4285-be94-b07a3e11a098;18;;
802483;1788058699405;1502;Akkuinformationen;16;274;–;47-18-FF-FF-FF-FF-47-18-FF-FF-FF-FF-FF-FF-00-00;NOTIFICATION;0;da1a1500-d532-4285-be94-b07a3e11a098;da1a1502-d532-4285-be94-b07a3e11a098;18;;
802902;1788058699824;1505;BikePerformance / Fahrleistung;18;274;7;00-00-00-00-FF-FF-00-CD-FF-FF-FF-FF-FF-00-00-00-00-00;NOTIFICATION;0;da1a1500-d532-4285-be94-b07a3e11a098;da1a1505-d532-4285-be94-b07a3e11a098;18;;
803109;1788058700031;1506;Trip / Kilometer & Betriebszähler;16;274;3,7;00-00-1E-9C-00-02-69-2D-00-00-03-0F-00-00-00-00;NOTIFICATION;0;da1a1500-d532-4285-be94-b07a3e11a098;da1a1506-d532-4285-be94-b07a3e11a098;18;;
803522;1788058700444;1508;Settings / Licht & Fahrstufe;17;274;–;01-00-00-02-FF-FF-FF-FF-FF-FF-FF-00-00-00-00-00-00;NOTIFICATION;0;da1a1500-d532-4285-be94-b07a3e11a098;da1a1508-d532-4285-be94-b07a3e11a098;18;;
803730;1788058700652;1509;BatteryChange / Akku-Livestand;11;274;6;00-00-FF-FF-00-97-2C-00-00-00-00;NOTIFICATION;0;da1a1500-d532-4285-be94-b07a3e11a098;da1a1509-d532-4285-be94-b07a3e11a098;18;;
803938;1788058700860;150A;MotorUpdate / Motor-Livestand;10;274;–;00-00-FF-FF-FF-FF-FF-FF-FF-FF;NOTIFICATION;0;da1a1500-d532-4285-be94-b07a3e11a098;da1a150a-d532-4285-be94-b07a3e11a098;18;;
804147;1788058701069;150B;Motor-/Controllerblock;20;274;–;FF-FF-FF-FF-FF-FF-FF-FF-FF-FF-FF-FF-FF-FF-FF-FF-FF-FF-FF-FF;NOTIFICATION;0;da1a1500-d532-4285-be94-b07a3e11a098;da1a150b-d532-4285-be94-b07a3e11a098;18;;
804359;1788058701281;150D;Fahrstatistik Max/Ø;20;274;–;00-ED-00-78-FF-FF-FF-FF-47-18-FF-FF-FF-FF-FF-FF-FF-FF-00-00;NOTIFICATION;0;da1a1500-d532-4285-be94-b07a3e11a098;da1a150d-d532-4285-be94-b07a3e11a098;18;;
805470;1788058702392;1502;Akkuinformationen;16;275;–;47-18-FF-FF-FF-FF-47-18-FF-FF-FF-FF-FF-FF-00-00;NOTIFICATION;0;da1a1500-d532-4285-be94-b07a3e11a098;da1a1502-d532-4285-be94-b07a3e11a098;18;;
805815;1788058702737;1505;BikePerformance / Fahrleistung;18;275;7;00-00-00-00-FF-FF-00-C9-FF-FF-FF-FF-FF-00-00-00-00-00;NOTIFICATION;0;da1a1500-d532-4285-be94-b07a3e11a098;da1a1505-d532-4285-be94-b07a3e11a098;18;;
806028;1788058702950;1506;Trip / Kilometer & Betriebszähler;16;275;7;00-00-1E-9C-00-02-69-30-00-00-03-0F-00-00-00-00;NOTIFICATION;0;da1a1500-d532-4285-be94-b07a3e11a098;da1a1506-d532-4285-be94-b07a3e11a098;18;;
806439;1788058703361;1508;Settings / Licht & Fahrstufe;17;275;–;01-00-00-02-FF-FF-FF-FF-FF-FF-FF-00-00-00-00-00-00;NOTIFICATION;0;da1a1500-d532-4285-be94-b07a3e11a098;da1a1508-d532-4285-be94-b07a3e11a098;18;;
806649;1788058703571;1509;BatteryChange / Akku-Livestand;11;275;5,6;00-00-FF-FF-00-96-64-00-00-00-00;NOTIFICATION;0;da1a1500-d532-4285-be94-b07a3e11a098;da1a1509-d532-4285-be94-b07a3e11a098;18;;
806895;1788058703817;150A;MotorUpdate / Motor-Livestand;10;275;–;00-00-FF-FF-FF-FF-FF-FF-FF-FF;NOTIFICATION;0;da1a1500-d532-4285-be94-b07a3e11a098;da1a150a-d532-4285-be94-b07a3e11a098;18;;
807069;1788058703991;150B;Motor-/Controllerblock;20;275;–;FF-FF-FF-FF-FF-FF-FF-FF-FF-FF-FF-FF-FF-FF-FF-FF-FF-FF-FF-FF;NOTIFICATION;0;da1a1500-d532-4285-be94-b07a3e11a098;da1a150b-d532-4285-be94-b07a3e11a098;18;;
807282;1788058704204;150D;Fahrstatistik Max/Ø;20;275;–;00-ED-00-78-FF-FF-FF-FF-47-18-FF-FF-FF-FF-FF-FF-FF-FF-00-00;NOTIFICATION;0;da1a1500-d532-4285-be94-b07a3e11a098;da1a150d-d532-4285-be94-b07a3e11a098;18;;
808377;1788058705299;1502;Akkuinformationen;16;276;–;47-18-FF-FF-FF-FF-47-18-FF-FF-FF-FF-FF-FF-00-00;NOTIFICATION;0;da1a1500-d532-4285-be94-b07a3e11a098;da1a1502-d532-4285-be94-b07a3e11a098;18;;
808791;1788058705713;1505;BikePerformance / Fahrleistung;18;276;7;00-00-00-00-FF-FF-00-C6-FF-FF-FF-FF-FF-00-00-00-00-00;NOTIFICATION;0;da1a1500-d532-4285-be94-b07a3e11a098;da1a1505-d532-4285-be94-b07a3e11a098;18;;
808951;1788058705873;1506;Trip / Kilometer & Betriebszähler;16;276;7;00-00-1E-9C-00-02-69-33-00-00-03-0F-00-00-00-00;NOTIFICATION;0;da1a1500-d532-4285-be94-b07a3e11a098;da1a1506-d532-4285-be94-b07a3e11a098;18;;
809417;1788058706339;1508;Settings / Licht & Fahrstufe;17;276;–;01-00-00-02-FF-FF-FF-FF-FF-FF-FF-00-00-00-00-00-00;NOTIFICATION;0;da1a1500-d532-4285-be94-b07a3e11a098;da1a1508-d532-4285-be94-b07a3e11a098;18;;
809571;1788058706493;1509;BatteryChange / Akku-Livestand;11;276;6;00-00-FF-FF-00-96-C8-00-00-00-00;NOTIFICATION;0;da1a1500-d532-4285-be94-b07a3e11a098;da1a1509-d532-4285-be94-b07a3e11a098;18;;
809812;1788058706734;150A;MotorUpdate / Motor-Livestand;10;276;–;00-00-FF-FF-FF-FF-FF-FF-FF-FF;NOTIFICATION;0;da1a1500-d532-4285-be94-b07a3e11a098;da1a150a-d532-4285-be94-b07a3e11a098;18;;
809988;1788058706910;150B;Motor-/Controllerblock;20;276;–;FF-FF-FF-FF-FF-FF-FF-FF-FF-FF-FF-FF-FF-FF-FF-FF-FF-FF-FF-FF;NOTIFICATION;0;da1a1500-d532-4285-be94-b07a3e11a098;da1a150b-d532-4285-be94-b07a3e11a098;18;;
810234;1788058707156;150D;Fahrstatistik Max/Ø;20;276;–;00-ED-00-78-FF-FF-FF-FF-47-18-FF-FF-FF-FF-FF-FF-FF-FF-00-00;NOTIFICATION;0;da1a1500-d532-4285-be94-b07a3e11a098;da1a150d-d532-4285-be94-b07a3e11a098;18;;
811315;1788058708237;1502;Akkuinformationen;16;277;–;47-18-FF-FF-FF-FF-47-18-FF-FF-FF-FF-FF-FF-00-00;NOTIFICATION;0;da1a1500-d532-4285-be94-b07a3e11a098;da1a1502-d532-4285-be94-b07a3e11a098;18;;
811714;1788058708636;1505;BikePerformance / Fahrleistung;18;277;7;00-00-00-00-FF-FF-00-C7-FF-FF-FF-FF-FF-00-00-00-00-00;NOTIFICATION;0;da1a1500-d532-4285-be94-b07a3e11a098;da1a1505-d532-4285-be94-b07a3e11a098;18;;
811868;1788058708790;1506;Trip / Kilometer & Betriebszähler;16;277;7;00-00-1E-9C-00-02-69-36-00-00-03-0F-00-00-00-00;NOTIFICATION;0;da1a1500-d532-4285-be94-b07a3e11a098;da1a1506-d532-4285-be94-b07a3e11a098;18;;
812351;1788058709273;1508;Settings / Licht & Fahrstufe;17;277;–;01-00-00-02-FF-FF-FF-FF-FF-FF-FF-00-00-00-00-00-00;NOTIFICATION;0;da1a1500-d532-4285-be94-b07a3e11a098;da1a1508-d532-4285-be94-b07a3e11a098;18;;
812488;1788058709410;1509;BatteryChange / Akku-Livestand;11;277;5,6;00-00-FF-FF-00-97-2C-00-00-00-00;NOTIFICATION;0;da1a1500-d532-4285-be94-b07a3e11a098;da1a1509-d532-4285-be94-b07a3e11a098;18;;
812730;1788058709652;150A;MotorUpdate / Motor-Livestand;10;277;–;00-00-FF-FF-FF-FF-FF-FF-FF-FF;NOTIFICATION;0;da1a1500-d532-4285-be94-b07a3e11a098;da1a150a-d532-4285-be94-b07a3e11a098;18;;
812909;1788058709831;150B;Motor-/Controllerblock;20;277;–;FF-FF-FF-FF-FF-FF-FF-FF-FF-FF-FF-FF-FF-FF-FF-FF-FF-FF-FF-FF;NOTIFICATION;0;da1a1500-d532-4285-be94-b07a3e11a098;da1a150b-d532-4285-be94-b07a3e11a098;18;;
813148;1788058710070;150D;Fahrstatistik Max/Ø;20;277;–;00-ED-00-78-FF-FF-FF-FF-47-18-FF-FF-FF-FF-FF-FF-FF-FF-00-00;NOTIFICATION;0;da1a1500-d532-4285-be94-b07a3e11a098;da1a150d-d532-4285-be94-b07a3e11a098;18;;
814214;1788058711136;1502;Akkuinformationen;16;278;–;47-18-FF-FF-FF-FF-47-18-FF-FF-FF-FF-FF-FF-00-00;NOTIFICATION;0;da1a1500-d532-4285-be94-b07a3e11a098;da1a1502-d532-4285-be94-b07a3e11a098;18;;
814631;1788058711553;1505;BikePerformance / Fahrleistung;18;278;7;00-00-00-00-FF-FF-00-C4-FF-FF-FF-FF-FF-00-00-00-00-00;NOTIFICATION;0;da1a1500-d532-4285-be94-b07a3e11a098;da1a1505-d532-4285-be94-b07a3e11a098;18;;
814788;1788058711710;1506;Trip / Kilometer & Betriebszähler;16;278;7;00-00-1E-9C-00-02-69-39-00-00-03-0F-00-00-00-00;NOTIFICATION;0;da1a1500-d532-4285-be94-b07a3e11a098;da1a1506-d532-4285-be94-b07a3e11a098;18;;
815262;1788058712184;1508;Settings / Licht & Fahrstufe;17;278;–;01-00-00-02-FF-FF-FF-FF-FF-FF-FF-00-00-00-00-00-00;NOTIFICATION;0;da1a1500-d532-4285-be94-b07a3e11a098;da1a1508-d532-4285-be94-b07a3e11a098;18;;
815408;1788058712330;1509;BatteryChange / Akku-Livestand;11;278;5,6;00-00-FF-FF-00-96-C8-00-00-00-00;NOTIFICATION;0;da1a1500-d532-4285-be94-b07a3e11a098;da1a1509-d532-4285-be94-b07a3e11a098;18;;
815620;1788058712542;150A;MotorUpdate / Motor-Livestand;10;278;–;00-00-FF-FF-FF-FF-FF-FF-FF-FF;NOTIFICATION;0;da1a1500-d532-4285-be94-b07a3e11a098;da1a150a-d532-4285-be94-b07a3e11a098;18;;
815828;1788058712750;150B;Motor-/Controllerblock;20;278;–;FF-FF-FF-FF-FF-FF-FF-FF-FF-FF-FF-FF-FF-FF-FF-FF-FF-FF-FF-FF;NOTIFICATION;0;da1a1500-d532-4285-be94-b07a3e11a098;da1a150b-d532-4285-be94-b07a3e11a098;18;;
816068;1788058712990;150D;Fahrstatistik Max/Ø;20;278;–;00-ED-00-78-FF-FF-FF-FF-47-18-FF-FF-FF-FF-FF-FF-FF-FF-00-00;NOTIFICATION;0;da1a1500-d532-4285-be94-b07a3e11a098;da1a150d-d532-4285-be94-b07a3e11a098;18;;
817081;1788058714003;1502;Akkuinformationen;16;279;–;47-18-FF-FF-FF-FF-47-18-FF-FF-FF-FF-FF-FF-00-00;NOTIFICATION;0;da1a1500-d532-4285-be94-b07a3e11a098;da1a1502-d532-4285-be94-b07a3e11a098;18;;
817501;1788058714423;1505;BikePerformance / Fahrleistung;18;279;–;00-00-00-00-FF-FF-00-C4-FF-FF-FF-FF-FF-00-00-00-00-00;NOTIFICATION;0;da1a1500-d532-4285-be94-b07a3e11a098;da1a1505-d532-4285-be94-b07a3e11a098;18;;
817712;1788058714634;1506;Trip / Kilometer & Betriebszähler;16;279;7;00-00-1E-9C-00-02-69-3C-00-00-03-0F-00-00-00-00;NOTIFICATION;0;da1a1500-d532-4285-be94-b07a3e11a098;da1a1506-d532-4285-be94-b07a3e11a098;18;;
818127;1788058715049;1508;Settings / Licht & Fahrstufe;17;279;–;01-00-00-02-FF-FF-FF-FF-FF-FF-FF-00-00-00-00-00-00;NOTIFICATION;0;da1a1500-d532-4285-be94-b07a3e11a098;da1a1508-d532-4285-be94-b07a3e11a098;18;;
818324;1788058715246;1509;BatteryChange / Akku-Livestand;11;279;–;00-00-FF-FF-00-96-C8-00-00-00-00;NOTIFICATION;0;da1a1500-d532-4285-be94-b07a3e11a098;da1a1509-d532-4285-be94-b07a3e11a098;18;;
818587;1788058715509;150A;MotorUpdate / Motor-Livestand;10;279;–;00-00-FF-FF-FF-FF-FF-FF-FF-FF;NOTIFICATION;0;da1a1500-d532-4285-be94-b07a3e11a098;da1a150a-d532-4285-be94-b07a3e11a098;18;;
818748;1788058715670;150B;Motor-/Controllerblock;20;279;–;FF-FF-FF-FF-FF-FF-FF-FF-FF-FF-FF-FF-FF-FF-FF-FF-FF-FF-FF-FF;NOTIFICATION;0;da1a1500-d532-4285-be94-b07a3e11a098;da1a150b-d532-4285-be94-b07a3e11a098;18;;
818955;1788058715877;150D;Fahrstatistik Max/Ø;20;279;3;00-ED-00-79-FF-FF-FF-FF-47-18-FF-FF-FF-FF-FF-FF-FF-FF-00-00;NOTIFICATION;0;da1a1500-d532-4285-be94-b07a3e11a098;da1a150d-d532-4285-be94-b07a3e11a098;18;;
820002;1788058716924;1502;Akkuinformationen;16;280;–;47-18-FF-FF-FF-FF-47-18-FF-FF-FF-FF-FF-FF-00-00;NOTIFICATION;0;da1a1500-d532-4285-be94-b07a3e11a098;da1a1502-d532-4285-be94-b07a3e11a098;18;;
820474;1788058717396;1505;BikePerformance / Fahrleistung;18;280;7;00-00-00-00-FF-FF-00-C0-FF-FF-FF-FF-FF-00-00-00-00-00;NOTIFICATION;0;da1a1500-d532-4285-be94-b07a3e11a098;da1a1505-d532-4285-be94-b07a3e11a098;18;;
820630;1788058717552;1506;Trip / Kilometer & Betriebszähler;16;280;3,7;00-00-1E-9D-00-02-69-3F-00-00-03-0F-00-00-00-00;NOTIFICATION;0;da1a1500-d532-4285-be94-b07a3e11a098;da1a1506-d532-4285-be94-b07a3e11a098;18;;
821140;1788058718062;1508;Settings / Licht & Fahrstufe;17;280;–;01-00-00-02-FF-FF-FF-FF-FF-FF-FF-00-00-00-00-00-00;NOTIFICATION;0;da1a1500-d532-4285-be94-b07a3e11a098;da1a1508-d532-4285-be94-b07a3e11a098;18;;
821246;1788058718168;1509;BatteryChange / Akku-Livestand;11;280;–;00-00-FF-FF-00-96-C8-00-00-00-00;NOTIFICATION;0;da1a1500-d532-4285-be94-b07a3e11a098;da1a1509-d532-4285-be94-b07a3e11a098;18;;
821459;1788058718381;150A;MotorUpdate / Motor-Livestand;10;280;–;00-00-FF-FF-FF-FF-FF-FF-FF-FF;NOTIFICATION;0;da1a1500-d532-4285-be94-b07a3e11a098;da1a150a-d532-4285-be94-b07a3e11a098;18;;
821668;1788058718590;150B;Motor-/Controllerblock;20;280;–;FF-FF-FF-FF-FF-FF-FF-FF-FF-FF-FF-FF-FF-FF-FF-FF-FF-FF-FF-FF;NOTIFICATION;0;da1a1500-d532-4285-be94-b07a3e11a098;da1a150b-d532-4285-be94-b07a3e11a098;18;;
821881;1788058718803;150D;Fahrstatistik Max/Ø;20;280;–;00-ED-00-79-FF-FF-FF-FF-47-18-FF-FF-FF-FF-FF-FF-FF-FF-00-00;NOTIFICATION;0;da1a1500-d532-4285-be94-b07a3e11a098;da1a150d-d532-4285-be94-b07a3e11a098;18;;
822985;1788058719907;1502;Akkuinformationen;16;281;–;47-18-FF-FF-FF-FF-47-18-FF-FF-FF-FF-FF-FF-00-00;NOTIFICATION;0;da1a1500-d532-4285-be94-b07a3e11a098;da1a1502-d532-4285-be94-b07a3e11a098;18;;
823333;1788058720255;1505;BikePerformance / Fahrleistung;18;281;7;00-00-00-00-FF-FF-00-BB-FF-FF-FF-FF-FF-00-00-00-00-00;NOTIFICATION;0;da1a1500-d532-4285-be94-b07a3e11a098;da1a1505-d532-4285-be94-b07a3e11a098;18;;
823545;1788058720467;1506;Trip / Kilometer & Betriebszähler;16;281;7;00-00-1E-9D-00-02-69-42-00-00-03-0F-00-00-00-00;NOTIFICATION;0;da1a1500-d532-4285-be94-b07a3e11a098;da1a1506-d532-4285-be94-b07a3e11a098;18;;
823966;1788058720888;1508;Settings / Licht & Fahrstufe;17;281;–;01-00-00-02-FF-FF-FF-FF-FF-FF-FF-00-00-00-00-00-00;NOTIFICATION;0;da1a1500-d532-4285-be94-b07a3e11a098;da1a1508-d532-4285-be94-b07a3e11a098;18;;
824165;1788058721087;1509;BatteryChange / Akku-Livestand;11;281;–;00-00-FF-FF-00-96-C8-00-00-00-00;NOTIFICATION;0;da1a1500-d532-4285-be94-b07a3e11a098;da1a1509-d532-4285-be94-b07a3e11a098;18;;
824396;1788058721318;150A;MotorUpdate / Motor-Livestand;10;281;–;00-00-FF-FF-FF-FF-FF-FF-FF-FF;NOTIFICATION;0;da1a1500-d532-4285-be94-b07a3e11a098;da1a150a-d532-4285-be94-b07a3e11a098;18;;
824585;1788058721507;150B;Motor-/Controllerblock;20;281;–;FF-FF-FF-FF-FF-FF-FF-FF-FF-FF-FF-FF-FF-FF-FF-FF-FF-FF-FF-FF;NOTIFICATION;0;da1a1500-d532-4285-be94-b07a3e11a098;da1a150b-d532-4285-be94-b07a3e11a098;18;;
824794;1788058721716;150D;Fahrstatistik Max/Ø;20;281;–;00-ED-00-79-FF-FF-FF-FF-47-18-FF-FF-FF-FF-FF-FF-FF-FF-00-00;NOTIFICATION;0;da1a1500-d532-4285-be94-b07a3e11a098;da1a150d-d532-4285-be94-b07a3e11a098;18;;
825885;1788058722807;1502;Akkuinformationen;16;282;–;47-18-FF-FF-FF-FF-47-18-FF-FF-FF-FF-FF-FF-00-00;NOTIFICATION;0;da1a1500-d532-4285-be94-b07a3e11a098;da1a1502-d532-4285-be94-b07a3e11a098;18;;
826305;1788058723227;1505;BikePerformance / Fahrleistung;18;282;7;00-00-00-00-FF-FF-00-B7-FF-FF-FF-FF-FF-00-00-00-00-00;NOTIFICATION;0;da1a1500-d532-4285-be94-b07a3e11a098;da1a1505-d532-4285-be94-b07a3e11a098;18;;
826468;1788058723390;1506;Trip / Kilometer & Betriebszähler;16;282;7;00-00-1E-9D-00-02-69-45-00-00-03-0F-00-00-00-00;NOTIFICATION;0;da1a1500-d532-4285-be94-b07a3e11a098;da1a1506-d532-4285-be94-b07a3e11a098;18;;
826937;1788058723859;1508;Settings / Licht & Fahrstufe;17;282;–;01-00-00-02-FF-FF-FF-FF-FF-FF-FF-00-00-00-00-00-00;NOTIFICATION;0;da1a1500-d532-4285-be94-b07a3e11a098;da1a1508-d532-4285-be94-b07a3e11a098;18;;
827089;1788058724011;1509;BatteryChange / Akku-Livestand;11;282;6;00-00-FF-FF-00-96-64-00-00-00-00;NOTIFICATION;0;da1a1500-d532-4285-be94-b07a3e11a098;da1a1509-d532-4285-be94-b07a3e11a098;18;;
827332;1788058724254;150A;MotorUpdate / Motor-Livestand;10;282;–;00-00-FF-FF-FF-FF-FF-FF-FF-FF;NOTIFICATION;0;da1a1500-d532-4285-be94-b07a3e11a098;da1a150a-d532-4285-be94-b07a3e11a098;18;;
827507;1788058724429;150B;Motor-/Controllerblock;20;282;–;FF-FF-FF-FF-FF-FF-FF-FF-FF-FF-FF-FF-FF-FF-FF-FF-FF-FF-FF-FF;NOTIFICATION;0;da1a1500-d532-4285-be94-b07a3e11a098;da1a150b-d532-4285-be94-b07a3e11a098;18;;
827740;1788058724662;150D;Fahrstatistik Max/Ø;20;282;–;00-ED-00-79-FF-FF-FF-FF-47-18-FF-FF-FF-FF-FF-FF-FF-FF-00-00;NOTIFICATION;0;da1a1500-d532-4285-be94-b07a3e11a098;da1a150d-d532-4285-be94-b07a3e11a098;18;;
828758;1788058725680;1502;Akkuinformationen;16;283;–;47-18-FF-FF-FF-FF-47-18-FF-FF-FF-FF-FF-FF-00-00;NOTIFICATION;0;da1a1500-d532-4285-be94-b07a3e11a098;da1a1502-d532-4285-be94-b07a3e11a098;18;;
829183;1788058726105;1505;BikePerformance / Fahrleistung;18;283;7;00-00-00-00-FF-FF-00-AF-FF-FF-FF-FF-FF-00-00-00-00-00;NOTIFICATION;0;da1a1500-d532-4285-be94-b07a3e11a098;da1a1505-d532-4285-be94-b07a3e11a098;18;;
829421;1788058726343;1506;Trip / Kilometer & Betriebszähler;16;283;7;00-00-1E-9D-00-02-69-47-00-00-03-0F-00-00-00-00;NOTIFICATION;0;da1a1500-d532-4285-be94-b07a3e11a098;da1a1506-d532-4285-be94-b07a3e11a098;18;;
829808;1788058726730;1508;Settings / Licht & Fahrstufe;17;283;–;01-00-00-02-FF-FF-FF-FF-FF-FF-FF-00-00-00-00-00-00;NOTIFICATION;0;da1a1500-d532-4285-be94-b07a3e11a098;da1a1508-d532-4285-be94-b07a3e11a098;18;;
830009;1788058726931;1509;BatteryChange / Akku-Livestand;11;283;6;00-00-FF-FF-00-96-C8-00-00-00-00;NOTIFICATION;0;da1a1500-d532-4285-be94-b07a3e11a098;da1a1509-d532-4285-be94-b07a3e11a098;18;;
830218;1788058727140;150A;MotorUpdate / Motor-Livestand;10;283;–;00-00-FF-FF-FF-FF-FF-FF-FF-FF;NOTIFICATION;0;da1a1500-d532-4285-be94-b07a3e11a098;da1a150a-d532-4285-be94-b07a3e11a098;18;;
830461;1788058727383;150B;Motor-/Controllerblock;20;283;–;FF-FF-FF-FF-FF-FF-FF-FF-FF-FF-FF-FF-FF-FF-FF-FF-FF-FF-FF-FF;NOTIFICATION;0;da1a1500-d532-4285-be94-b07a3e11a098;da1a150b-d532-4285-be94-b07a3e11a098;18;;
830635;1788058727557;150D;Fahrstatistik Max/Ø;20;283;–;00-ED-00-79-FF-FF-FF-FF-47-18-FF-FF-FF-FF-FF-FF-FF-FF-00-00;NOTIFICATION;0;da1a1500-d532-4285-be94-b07a3e11a098;da1a150d-d532-4285-be94-b07a3e11a098;18;;
831679;1788058728601;1502;Akkuinformationen;16;284;–;47-18-FF-FF-FF-FF-47-18-FF-FF-FF-FF-FF-FF-00-00;NOTIFICATION;0;da1a1500-d532-4285-be94-b07a3e11a098;da1a1502-d532-4285-be94-b07a3e11a098;18;;
832099;1788058729021;1505;BikePerformance / Fahrleistung;18;284;7;00-00-00-00-FF-FF-00-95-FF-FF-FF-FF-FF-00-00-00-00-00;NOTIFICATION;0;da1a1500-d532-4285-be94-b07a3e11a098;da1a1505-d532-4285-be94-b07a3e11a098;18;;
832330;1788058729252;1506;Trip / Kilometer & Betriebszähler;16;284;7;00-00-1E-9D-00-02-69-4A-00-00-03-0F-00-00-00-00;NOTIFICATION;0;da1a1500-d532-4285-be94-b07a3e11a098;da1a1506-d532-4285-be94-b07a3e11a098;18;;
832729;1788058729651;1508;Settings / Licht & Fahrstufe;17;284;–;01-00-00-02-FF-FF-FF-FF-FF-FF-FF-00-00-00-00-00-00;NOTIFICATION;0;da1a1500-d532-4285-be94-b07a3e11a098;da1a1508-d532-4285-be94-b07a3e11a098;18;;
832927;1788058729849;1509;BatteryChange / Akku-Livestand;11;284;–;00-00-FF-FF-00-96-C8-00-00-00-00;NOTIFICATION;0;da1a1500-d532-4285-be94-b07a3e11a098;da1a1509-d532-4285-be94-b07a3e11a098;18;;
833137;1788058730059;150A;MotorUpdate / Motor-Livestand;10;284;–;00-00-FF-FF-FF-FF-FF-FF-FF-FF;NOTIFICATION;0;da1a1500-d532-4285-be94-b07a3e11a098;da1a150a-d532-4285-be94-b07a3e11a098;18;;
833348;1788058730270;150B;Motor-/Controllerblock;20;284;–;FF-FF-FF-FF-FF-FF-FF-FF-FF-FF-FF-FF-FF-FF-FF-FF-FF-FF-FF-FF;NOTIFICATION;0;da1a1500-d532-4285-be94-b07a3e11a098;da1a150b-d532-4285-be94-b07a3e11a098;18;;
833558;1788058730480;150D;Fahrstatistik Max/Ø;20;284;–;00-ED-00-79-FF-FF-FF-FF-47-18-FF-FF-FF-FF-FF-FF-FF-FF-00-00;NOTIFICATION;0;da1a1500-d532-4285-be94-b07a3e11a098;da1a150d-d532-4285-be94-b07a3e11a098;18;;
834599;1788058731521;1502;Akkuinformationen;16;285;–;47-18-FF-FF-FF-FF-47-18-FF-FF-FF-FF-FF-FF-00-00;NOTIFICATION;0;da1a1500-d532-4285-be94-b07a3e11a098;da1a1502-d532-4285-be94-b07a3e11a098;18;;
835019;1788058731941;1505;BikePerformance / Fahrleistung;18;285;7;00-00-00-00-FF-FF-00-76-FF-FF-FF-FF-FF-00-00-00-00-00;NOTIFICATION;0;da1a1500-d532-4285-be94-b07a3e11a098;da1a1505-d532-4285-be94-b07a3e11a098;18;;
835228;1788058732150;1506;Trip / Kilometer & Betriebszähler;16;285;7;00-00-1E-9D-00-02-69-4D-00-00-03-0F-00-00-00-00;NOTIFICATION;0;da1a1500-d532-4285-be94-b07a3e11a098;da1a1506-d532-4285-be94-b07a3e11a098;18;;
835731;1788058732653;1508;Settings / Licht & Fahrstufe;17;285;–;01-00-00-02-FF-FF-FF-FF-FF-FF-FF-00-00-00-00-00-00;NOTIFICATION;0;da1a1500-d532-4285-be94-b07a3e11a098;da1a1508-d532-4285-be94-b07a3e11a098;18;;
835846;1788058732768;1509;BatteryChange / Akku-Livestand;11;285;5,6;00-00-FF-FF-00-97-2C-00-00-00-00;NOTIFICATION;0;da1a1500-d532-4285-be94-b07a3e11a098;da1a1509-d532-4285-be94-b07a3e11a098;18;;
836058;1788058732980;150A;MotorUpdate / Motor-Livestand;10;285;–;00-00-FF-FF-FF-FF-FF-FF-FF-FF;NOTIFICATION;0;da1a1500-d532-4285-be94-b07a3e11a098;da1a150a-d532-4285-be94-b07a3e11a098;18;;
836268;1788058733190;150B;Motor-/Controllerblock;20;285;–;FF-FF-FF-FF-FF-FF-FF-FF-FF-FF-FF-FF-FF-FF-FF-FF-FF-FF-FF-FF;NOTIFICATION;0;da1a1500-d532-4285-be94-b07a3e11a098;da1a150b-d532-4285-be94-b07a3e11a098;18;;
836478;1788058733400;150D;Fahrstatistik Max/Ø;20;285;–;00-ED-00-79-FF-FF-FF-FF-47-18-FF-FF-FF-FF-FF-FF-FF-FF-00-00;NOTIFICATION;0;da1a1500-d532-4285-be94-b07a3e11a098;da1a150d-d532-4285-be94-b07a3e11a098;18;;
837519;1788058734441;1502;Akkuinformationen;16;286;–;47-18-FF-FF-FF-FF-47-18-FF-FF-FF-FF-FF-FF-00-00;NOTIFICATION;0;da1a1500-d532-4285-be94-b07a3e11a098;da1a1502-d532-4285-be94-b07a3e11a098;18;;
837941;1788058734863;1505;BikePerformance / Fahrleistung;18;286;7;00-00-00-00-FF-FF-00-43-FF-FF-FF-FF-FF-00-00-00-00-00;NOTIFICATION;0;da1a1500-d532-4285-be94-b07a3e11a098;da1a1505-d532-4285-be94-b07a3e11a098;18;;
838150;1788058735072;1506;Trip / Kilometer & Betriebszähler;16;286;7;00-00-1E-9D-00-02-69-50-00-00-03-0F-00-00-00-00;NOTIFICATION;0;da1a1500-d532-4285-be94-b07a3e11a098;da1a1506-d532-4285-be94-b07a3e11a098;18;;
838569;1788058735491;1508;Settings / Licht & Fahrstufe;17;286;–;01-00-00-02-FF-FF-FF-FF-FF-FF-FF-00-00-00-00-00-00;NOTIFICATION;0;da1a1500-d532-4285-be94-b07a3e11a098;da1a1508-d532-4285-be94-b07a3e11a098;18;;
838778;1788058735700;1509;BatteryChange / Akku-Livestand;11;286;6;00-00-FF-FF-00-97-F4-00-00-00-00;NOTIFICATION;0;da1a1500-d532-4285-be94-b07a3e11a098;da1a1509-d532-4285-be94-b07a3e11a098;18;;
838979;1788058735901;150A;MotorUpdate / Motor-Livestand;10;286;–;00-00-FF-FF-FF-FF-FF-FF-FF-FF;NOTIFICATION;0;da1a1500-d532-4285-be94-b07a3e11a098;da1a150a-d532-4285-be94-b07a3e11a098;18;;
839188;1788058736110;150B;Motor-/Controllerblock;20;286;–;FF-FF-FF-FF-FF-FF-FF-FF-FF-FF-FF-FF-FF-FF-FF-FF-FF-FF-FF-FF;NOTIFICATION;0;da1a1500-d532-4285-be94-b07a3e11a098;da1a150b-d532-4285-be94-b07a3e11a098;18;;
839398;1788058736320;150D;Fahrstatistik Max/Ø;20;286;–;00-ED-00-79-FF-FF-FF-FF-47-18-FF-FF-FF-FF-FF-FF-FF-FF-00-00;NOTIFICATION;0;da1a1500-d532-4285-be94-b07a3e11a098;da1a150d-d532-4285-be94-b07a3e11a098;18;;
840443;1788058737365;1502;Akkuinformationen;16;287;–;47-18-FF-FF-FF-FF-47-18-FF-FF-FF-FF-FF-FF-00-00;NOTIFICATION;0;da1a1500-d532-4285-be94-b07a3e11a098;da1a1502-d532-4285-be94-b07a3e11a098;18;;
840861;1788058737783;1505;BikePerformance / Fahrleistung;18;287;–;00-00-00-00-FF-FF-00-43-FF-FF-FF-FF-FF-00-00-00-00-00;NOTIFICATION;0;da1a1500-d532-4285-be94-b07a3e11a098;da1a1505-d532-4285-be94-b07a3e11a098;18;;
841068;1788058737990;1506;Trip / Kilometer & Betriebszähler;16;287;7;00-00-1E-9D-00-02-69-53-00-00-03-0F-00-00-00-00;NOTIFICATION;0;da1a1500-d532-4285-be94-b07a3e11a098;da1a1506-d532-4285-be94-b07a3e11a098;18;;
841489;1788058738411;1508;Settings / Licht & Fahrstufe;17;287;–;01-00-00-02-FF-FF-FF-FF-FF-FF-FF-00-00-00-00-00-00;NOTIFICATION;0;da1a1500-d532-4285-be94-b07a3e11a098;da1a1508-d532-4285-be94-b07a3e11a098;18;;
841701;1788058738623;1509;BatteryChange / Akku-Livestand;11;287;5,6;00-00-FF-FF-00-98-58-00-00-00-00;NOTIFICATION;0;da1a1500-d532-4285-be94-b07a3e11a098;da1a1509-d532-4285-be94-b07a3e11a098;18;;
841901;1788058738823;150A;MotorUpdate / Motor-Livestand;10;287;–;00-00-FF-FF-FF-FF-FF-FF-FF-FF;NOTIFICATION;0;da1a1500-d532-4285-be94-b07a3e11a098;da1a150a-d532-4285-be94-b07a3e11a098;18;;
842112;1788058739034;150B;Motor-/Controllerblock;20;287;–;FF-FF-FF-FF-FF-FF-FF-FF-FF-FF-FF-FF-FF-FF-FF-FF-FF-FF-FF-FF;NOTIFICATION;0;da1a1500-d532-4285-be94-b07a3e11a098;da1a150b-d532-4285-be94-b07a3e11a098;18;;
842355;1788058739277;150D;Fahrstatistik Max/Ø;20;287;–;00-ED-00-79-FF-FF-FF-FF-47-18-FF-FF-FF-FF-FF-FF-FF-FF-00-00;NOTIFICATION;0;da1a1500-d532-4285-be94-b07a3e11a098;da1a150d-d532-4285-be94-b07a3e11a098;18;;
843358;1788058740280;1502;Akkuinformationen;16;288;–;47-18-FF-FF-FF-FF-47-18-FF-FF-FF-FF-FF-FF-00-00;NOTIFICATION;0;da1a1500-d532-4285-be94-b07a3e11a098;da1a1502-d532-4285-be94-b07a3e11a098;18;;
843778;1788058740700;1505;BikePerformance / Fahrleistung;18;288;7;00-00-00-00-FF-FF-00-68-FF-FF-FF-FF-FF-00-00-00-00-00;NOTIFICATION;0;da1a1500-d532-4285-be94-b07a3e11a098;da1a1505-d532-4285-be94-b07a3e11a098;18;;
843990;1788058740912;1506;Trip / Kilometer & Betriebszähler;16;288;3,7;00-00-1E-9E-00-02-69-56-00-00-03-0F-00-00-00-00;NOTIFICATION;0;da1a1500-d532-4285-be94-b07a3e11a098;da1a1506-d532-4285-be94-b07a3e11a098;18;;
844412;1788058741334;1508;Settings / Licht & Fahrstufe;17;288;–;01-00-00-02-FF-FF-FF-FF-FF-FF-FF-00-00-00-00-00-00;NOTIFICATION;0;da1a1500-d532-4285-be94-b07a3e11a098;da1a1508-d532-4285-be94-b07a3e11a098;18;;
844619;1788058741541;1509;BatteryChange / Akku-Livestand;11;288;5,6;00-00-FF-FF-00-97-F4-00-00-00-00;NOTIFICATION;0;da1a1500-d532-4285-be94-b07a3e11a098;da1a1509-d532-4285-be94-b07a3e11a098;18;;
844822;1788058741744;150A;MotorUpdate / Motor-Livestand;10;288;–;00-00-FF-FF-FF-FF-FF-FF-FF-FF;NOTIFICATION;0;da1a1500-d532-4285-be94-b07a3e11a098;da1a150a-d532-4285-be94-b07a3e11a098;18;;
845032;1788058741954;150B;Motor-/Controllerblock;20;288;–;FF-FF-FF-FF-FF-FF-FF-FF-FF-FF-FF-FF-FF-FF-FF-FF-FF-FF-FF-FF;NOTIFICATION;0;da1a1500-d532-4285-be94-b07a3e11a098;da1a150b-d532-4285-be94-b07a3e11a098;18;;
845238;1788058742160;150D;Fahrstatistik Max/Ø;20;288;–;00-ED-00-79-FF-FF-FF-FF-47-18-FF-FF-FF-FF-FF-FF-FF-FF-00-00;NOTIFICATION;0;da1a1500-d532-4285-be94-b07a3e11a098;da1a150d-d532-4285-be94-b07a3e11a098;18;;
846281;1788058743203;1502;Akkuinformationen;16;289;–;47-18-FF-FF-FF-FF-47-18-FF-FF-FF-FF-FF-FF-00-00;NOTIFICATION;0;da1a1500-d532-4285-be94-b07a3e11a098;da1a1502-d532-4285-be94-b07a3e11a098;18;;
846701;1788058743623;1505;BikePerformance / Fahrleistung;18;289;7;00-00-00-00-FF-FF-00-5F-FF-FF-FF-FF-FF-00-00-00-00-00;NOTIFICATION;0;da1a1500-d532-4285-be94-b07a3e11a098;da1a1505-d532-4285-be94-b07a3e11a098;18;;
846912;1788058743834;1506;Trip / Kilometer & Betriebszähler;16;289;7;00-00-1E-9E-00-02-69-59-00-00-03-0F-00-00-00-00;NOTIFICATION;0;da1a1500-d532-4285-be94-b07a3e11a098;da1a1506-d532-4285-be94-b07a3e11a098;18;;
847330;1788058744252;1508;Settings / Licht & Fahrstufe;17;289;–;01-00-00-02-FF-FF-FF-FF-FF-FF-FF-00-00-00-00-00-00;NOTIFICATION;0;da1a1500-d532-4285-be94-b07a3e11a098;da1a1508-d532-4285-be94-b07a3e11a098;18;;
847540;1788058744462;1509;BatteryChange / Akku-Livestand;11;289;5,6;00-00-FF-FF-00-98-58-00-00-00-00;NOTIFICATION;0;da1a1500-d532-4285-be94-b07a3e11a098;da1a1509-d532-4285-be94-b07a3e11a098;18;;
847740;1788058744662;150A;MotorUpdate / Motor-Livestand;10;289;–;00-00-FF-FF-FF-FF-FF-FF-FF-FF;NOTIFICATION;0;da1a1500-d532-4285-be94-b07a3e11a098;da1a150a-d532-4285-be94-b07a3e11a098;18;;
847951;1788058744873;150B;Motor-/Controllerblock;20;289;–;FF-FF-FF-FF-FF-FF-FF-FF-FF-FF-FF-FF-FF-FF-FF-FF-FF-FF-FF-FF;NOTIFICATION;0;da1a1500-d532-4285-be94-b07a3e11a098;da1a150b-d532-4285-be94-b07a3e11a098;18;;
848162;1788058745084;150D;Fahrstatistik Max/Ø;20;289;–;00-ED-00-79-FF-FF-FF-FF-47-18-FF-FF-FF-FF-FF-FF-FF-FF-00-00;NOTIFICATION;0;da1a1500-d532-4285-be94-b07a3e11a098;da1a150d-d532-4285-be94-b07a3e11a098;18;;
849212;1788058746134;1502;Akkuinformationen;16;290;–;47-18-FF-FF-FF-FF-47-18-FF-FF-FF-FF-FF-FF-00-00;NOTIFICATION;0;da1a1500-d532-4285-be94-b07a3e11a098;da1a1502-d532-4285-be94-b07a3e11a098;18;;
849622;1788058746544;1505;BikePerformance / Fahrleistung;18;290;7;00-00-00-00-FF-FF-00-42-FF-FF-FF-FF-FF-00-00-00-00-00;NOTIFICATION;0;da1a1500-d532-4285-be94-b07a3e11a098;da1a1505-d532-4285-be94-b07a3e11a098;18;;
849829;1788058746751;1506;Trip / Kilometer & Betriebszähler;16;290;7;00-00-1E-9E-00-02-69-5C-00-00-03-0F-00-00-00-00;NOTIFICATION;0;da1a1500-d532-4285-be94-b07a3e11a098;da1a1506-d532-4285-be94-b07a3e11a098;18;;
850251;1788058747173;1508;Settings / Licht & Fahrstufe;17;290;–;01-00-00-02-FF-FF-FF-FF-FF-FF-FF-00-00-00-00-00-00;NOTIFICATION;0;da1a1500-d532-4285-be94-b07a3e11a098;da1a1508-d532-4285-be94-b07a3e11a098;18;;
850461;1788058747383;1509;BatteryChange / Akku-Livestand;11;290;–;00-00-FF-FF-00-98-58-00-00-00-00;NOTIFICATION;0;da1a1500-d532-4285-be94-b07a3e11a098;da1a1509-d532-4285-be94-b07a3e11a098;18;;
850662;1788058747584;150A;MotorUpdate / Motor-Livestand;10;290;–;00-00-FF-FF-FF-FF-FF-FF-FF-FF;NOTIFICATION;0;da1a1500-d532-4285-be94-b07a3e11a098;da1a150a-d532-4285-be94-b07a3e11a098;18;;
850880;1788058747802;150B;Motor-/Controllerblock;20;290;–;FF-FF-FF-FF-FF-FF-FF-FF-FF-FF-FF-FF-FF-FF-FF-FF-FF-FF-FF-FF;NOTIFICATION;0;da1a1500-d532-4285-be94-b07a3e11a098;da1a150b-d532-4285-be94-b07a3e11a098;18;;
851081;1788058748003;150D;Fahrstatistik Max/Ø;20;290;–;00-ED-00-79-FF-FF-FF-FF-47-18-FF-FF-FF-FF-FF-FF-FF-FF-00-00;NOTIFICATION;0;da1a1500-d532-4285-be94-b07a3e11a098;da1a150d-d532-4285-be94-b07a3e11a098;18;;
852131;1788058749053;1502;Akkuinformationen;16;291;–;47-18-FF-FF-FF-FF-47-18-FF-FF-FF-FF-FF-FF-00-00;NOTIFICATION;0;da1a1500-d532-4285-be94-b07a3e11a098;da1a1502-d532-4285-be94-b07a3e11a098;18;;
852552;1788058749474;1505;BikePerformance / Fahrleistung;18;291;7;00-00-00-00-FF-FF-00-3E-FF-FF-FF-FF-FF-00-00-00-00-00;NOTIFICATION;0;da1a1500-d532-4285-be94-b07a3e11a098;da1a1505-d532-4285-be94-b07a3e11a098;18;;
852749;1788058749671;1506;Trip / Kilometer & Betriebszähler;16;291;7;00-00-1E-9E-00-02-69-5F-00-00-03-0F-00-00-00-00;NOTIFICATION;0;da1a1500-d532-4285-be94-b07a3e11a098;da1a1506-d532-4285-be94-b07a3e11a098;18;;
853171;1788058750093;1508;Settings / Licht & Fahrstufe;17;291;–;01-00-00-02-FF-FF-FF-FF-FF-FF-FF-00-00-00-00-00-00;NOTIFICATION;0;da1a1500-d532-4285-be94-b07a3e11a098;da1a1508-d532-4285-be94-b07a3e11a098;18;;
853379;1788058750301;1509;BatteryChange / Akku-Livestand;11;291;6;00-00-FF-FF-00-98-BC-00-00-00-00;NOTIFICATION;0;da1a1500-d532-4285-be94-b07a3e11a098;da1a1509-d532-4285-be94-b07a3e11a098;18;;
853593;1788058750515;150A;MotorUpdate / Motor-Livestand;10;291;–;00-00-FF-FF-FF-FF-FF-FF-FF-FF;NOTIFICATION;0;da1a1500-d532-4285-be94-b07a3e11a098;da1a150a-d532-4285-be94-b07a3e11a098;18;;
853790;1788058750712;150B;Motor-/Controllerblock;20;291;–;FF-FF-FF-FF-FF-FF-FF-FF-FF-FF-FF-FF-FF-FF-FF-FF-FF-FF-FF-FF;NOTIFICATION;0;da1a1500-d532-4285-be94-b07a3e11a098;da1a150b-d532-4285-be94-b07a3e11a098;18;;
854002;1788058750924;150D;Fahrstatistik Max/Ø;20;291;–;00-ED-00-79-FF-FF-FF-FF-47-18-FF-FF-FF-FF-FF-FF-FF-FF-00-00;NOTIFICATION;0;da1a1500-d532-4285-be94-b07a3e11a098;da1a150d-d532-4285-be94-b07a3e11a098;18;;
855062;1788058751984;1502;Akkuinformationen;16;292;–;47-18-FF-FF-FF-FF-47-18-FF-FF-FF-FF-FF-FF-00-00;NOTIFICATION;0;da1a1500-d532-4285-be94-b07a3e11a098;da1a1502-d532-4285-be94-b07a3e11a098;18;;
855518;1788058752440;1505;BikePerformance / Fahrleistung;18;292;7;00-00-00-00-FF-FF-00-0E-FF-FF-FF-FF-FF-00-00-00-00-00;NOTIFICATION;0;da1a1500-d532-4285-be94-b07a3e11a098;da1a1505-d532-4285-be94-b07a3e11a098;18;;
855669;1788058752591;1506;Trip / Kilometer & Betriebszähler;16;292;7;00-00-1E-9E-00-02-69-62-00-00-03-0F-00-00-00-00;NOTIFICATION;0;da1a1500-d532-4285-be94-b07a3e11a098;da1a1506-d532-4285-be94-b07a3e11a098;18;;
856171;1788058753093;1508;Settings / Licht & Fahrstufe;17;292;–;01-00-00-02-FF-FF-FF-FF-FF-FF-FF-00-00-00-00-00-00;NOTIFICATION;0;da1a1500-d532-4285-be94-b07a3e11a098;da1a1508-d532-4285-be94-b07a3e11a098;18;;
856299;1788058753221;1509;BatteryChange / Akku-Livestand;11;292;5,6;00-00-FF-FF-00-99-20-00-00-00-00;NOTIFICATION;0;da1a1500-d532-4285-be94-b07a3e11a098;da1a1509-d532-4285-be94-b07a3e11a098;18;;
856539;1788058753461;150A;MotorUpdate / Motor-Livestand;10;292;–;00-00-FF-FF-FF-FF-FF-FF-FF-FF;NOTIFICATION;0;da1a1500-d532-4285-be94-b07a3e11a098;da1a150a-d532-4285-be94-b07a3e11a098;18;;
856722;1788058753644;150B;Motor-/Controllerblock;20;292;–;FF-FF-FF-FF-FF-FF-FF-FF-FF-FF-FF-FF-FF-FF-FF-FF-FF-FF-FF-FF;NOTIFICATION;0;da1a1500-d532-4285-be94-b07a3e11a098;da1a150b-d532-4285-be94-b07a3e11a098;18;;
856958;1788058753880;150D;Fahrstatistik Max/Ø;20;292;–;00-ED-00-79-FF-FF-FF-FF-47-18-FF-FF-FF-FF-FF-FF-FF-FF-00-00;NOTIFICATION;0;da1a1500-d532-4285-be94-b07a3e11a098;da1a150d-d532-4285-be94-b07a3e11a098;18;;
