relative_ms;timestamp_ms;channel;meaning;length;packet_no;changed_bytes;hex;origin;connection_epoch;service_uuid;characteristic_uuid;properties_raw;payload_sha256;public_redaction
9300;1787670261287;1502;Akkuinformationen;16;1;0,1,2,3,4,5,6,7,8,9,10,11,12,13,14,15;47-18-FF-FF-FF-FF-47-18-FF-FF-FF-FF-FF-FF-00-00;NOTIFICATION;1;da1a1500-d532-4285-be94-b07a3e11a098;da1a1502-d532-4285-be94-b07a3e11a098;18;;
9921;1787670261908;1505;BikePerformance / Fahrleistung;18;1;0,1,2,3,4,5,6,7,8,9,10,11,12,13,14,15,16,17;00-00-00-00-FF-FF-00-00-FF-FF-FF-FF-FF-00-00-00-00-00;NOTIFICATION;1;da1a1500-d532-4285-be94-b07a3e11a098;da1a1505-d532-4285-be94-b07a3e11a098;18;;
10134;1787670262121;1506;Trip / Kilometer & Betriebszähler;16;1;0,1,2,3,4,5,6,7,8,9,10,11,12,13,14,15;00-00-1C-5C-00-02-36-A1-00-00-02-D6-00-00-00-00;NOTIFICATION;1;da1a1500-d532-4285-be94-b07a3e11a098;da1a1506-d532-4285-be94-b07a3e11a098;18;;
10542;1787670262529;1508;Settings / Licht & Fahrstufe;17;1;0,1,2,3,4,5,6,7,8,9,10,11,12,13,14,15,16;00-00-00-01-FF-FF-FF-FF-FF-FF-FF-00-00-00-00-00-00;NOTIFICATION;1;da1a1500-d532-4285-be94-b07a3e11a098;da1a1508-d532-4285-be94-b07a3e11a098;18;;
10750;1787670262737;1509;BatteryChange / Akku-Livestand;11;1;0,1,2,3,4,5,6,7,8,9,10;00-00-FF-FF-20-B3-B0-00-00-00-00;NOTIFICATION;1;da1a1500-d532-4285-be94-b07a3e11a098;da1a1509-d532-4285-be94-b07a3e11a098;18;;
10964;1787670262951;150A;MotorUpdate / Motor-Livestand;10;1;0,1,2,3,4,5,6,7,8,9;00-00-FF-FF-FF-FF-FF-FF-FF-FF;NOTIFICATION;1;da1a1500-d532-4285-be94-b07a3e11a098;da1a150a-d532-4285-be94-b07a3e11a098;18;;
11171;1787670263158;150B;Motor-/Controllerblock;20;1;0,1,2,3,4,5,6,7,8,9,10,11,12,13,14,15,16,17,18,19;FF-FF-FF-FF-FF-FF-FF-FF-FF-FF-FF-FF-FF-FF-FF-FF-FF-FF-FF-FF;NOTIFICATION;1;da1a1500-d532-4285-be94-b07a3e11a098;da1a150b-d532-4285-be94-b07a3e11a098;18;;
11382;1787670263369;150D;Fahrstatistik Max/Ø;20;1;0,1,2,3,4,5,6,7,8,9,10,11,12,13,14,15,16,17,18,19;00-00-00-00-FF-FF-FF-FF-47-18-FF-FF-FF-FF-FF-FF-FF-FF-00-00;NOTIFICATION;1;da1a1500-d532-4285-be94-b07a3e11a098;da1a150d-d532-4285-be94-b07a3e11a098;18;;
12420;1787670264407;1502;Akkuinformationen;16;2;–;47-18-FF-FF-FF-FF-47-18-FF-FF-FF-FF-FF-FF-00-00;NOTIFICATION;1;da1a1500-d532-4285-be94-b07a3e11a098;da1a1502-d532-4285-be94-b07a3e11a098;18;;
12843;1787670264830;1505;BikePerformance / Fahrleistung;18;2;–;00-00-00-00-FF-FF-00-00-FF-FF-FF-FF-FF-00-00-00-00-00;NOTIFICATION;1;da1a1500-d532-4285-be94-b07a3e11a098;da1a1505-d532-4285-be94-b07a3e11a098;18;;
13043;1787670265030;1506;Trip / Kilometer & Betriebszähler;16;2;–;00-00-1C-5C-00-02-36-A1-00-00-02-D6-00-00-00-00;NOTIFICATION;1;da1a1500-d532-4285-be94-b07a3e11a098;da1a1506-d532-4285-be94-b07a3e11a098;18;;
13462;1787670265449;1508;Settings / Licht & Fahrstufe;17;2;–;00-00-00-01-FF-FF-FF-FF-FF-FF-FF-00-00-00-00-00-00;NOTIFICATION;1;da1a1500-d532-4285-be94-b07a3e11a098;da1a1508-d532-4285-be94-b07a3e11a098;18;;
13677;1787670265664;1509;BatteryChange / Akku-Livestand;11;2;–;00-00-FF-FF-20-B3-B0-00-00-00-00;NOTIFICATION;1;da1a1500-d532-4285-be94-b07a3e11a098;da1a1509-d532-4285-be94-b07a3e11a098;18;;
13882;1787670265869;150A;MotorUpdate / Motor-Livestand;10;2;–;00-00-FF-FF-FF-FF-FF-FF-FF-FF;NOTIFICATION;1;da1a1500-d532-4285-be94-b07a3e11a098;da1a150a-d532-4285-be94-b07a3e11a098;18;;
14090;1787670266077;150B;Motor-/Controllerblock;20;2;–;FF-FF-FF-FF-FF-FF-FF-FF-FF-FF-FF-FF-FF-FF-FF-FF-FF-FF-FF-FF;NOTIFICATION;1;da1a1500-d532-4285-be94-b07a3e11a098;da1a150b-d532-4285-be94-b07a3e11a098;18;;
14300;1787670266287;150D;Fahrstatistik Max/Ø;20;2;–;00-00-00-00-FF-FF-FF-FF-47-18-FF-FF-FF-FF-FF-FF-FF-FF-00-00;NOTIFICATION;1;da1a1500-d532-4285-be94-b07a3e11a098;da1a150d-d532-4285-be94-b07a3e11a098;18;;
15344;1787670267331;1502;Akkuinformationen;16;3;–;47-18-FF-FF-FF-FF-47-18-FF-FF-FF-FF-FF-FF-00-00;NOTIFICATION;1;da1a1500-d532-4285-be94-b07a3e11a098;da1a1502-d532-4285-be94-b07a3e11a098;18;;
15764;1787670267751;1505;BikePerformance / Fahrleistung;18;3;–;00-00-00-00-FF-FF-00-00-FF-FF-FF-FF-FF-00-00-00-00-00;NOTIFICATION;1;da1a1500-d532-4285-be94-b07a3e11a098;da1a1505-d532-4285-be94-b07a3e11a098;18;;
15964;1787670267951;1506;Trip / Kilometer & Betriebszähler;16;3;–;00-00-1C-5C-00-02-36-A1-00-00-02-D6-00-00-00-00;NOTIFICATION;1;da1a1500-d532-4285-be94-b07a3e11a098;da1a1506-d532-4285-be94-b07a3e11a098;18;;
16382;1787670268369;1508;Settings / Licht & Fahrstufe;17;3;–;00-00-00-01-FF-FF-FF-FF-FF-FF-FF-00-00-00-00-00-00;NOTIFICATION;1;da1a1500-d532-4285-be94-b07a3e11a098;da1a1508-d532-4285-be94-b07a3e11a098;18;;
16592;1787670268579;1509;BatteryChange / Akku-Livestand;11;3;5,6;00-00-FF-FF-20-B4-78-00-00-00-00;NOTIFICATION;1;da1a1500-d532-4285-be94-b07a3e11a098;da1a1509-d532-4285-be94-b07a3e11a098;18;;
16801;1787670268788;150A;MotorUpdate / Motor-Livestand;10;3;–;00-00-FF-FF-FF-FF-FF-FF-FF-FF;NOTIFICATION;1;da1a1500-d532-4285-be94-b07a3e11a098;da1a150a-d532-4285-be94-b07a3e11a098;18;;
17018;1787670269005;150B;Motor-/Controllerblock;20;3;–;FF-FF-FF-FF-FF-FF-FF-FF-FF-FF-FF-FF-FF-FF-FF-FF-FF-FF-FF-FF;NOTIFICATION;1;da1a1500-d532-4285-be94-b07a3e11a098;da1a150b-d532-4285-be94-b07a3e11a098;18;;
17222;1787670269209;150D;Fahrstatistik Max/Ø;20;3;–;00-00-00-00-FF-FF-FF-FF-47-18-FF-FF-FF-FF-FF-FF-FF-FF-00-00;NOTIFICATION;1;da1a1500-d532-4285-be94-b07a3e11a098;da1a150d-d532-4285-be94-b07a3e11a098;18;;
18261;1787670270248;1502;Akkuinformationen;16;4;–;47-18-FF-FF-FF-FF-47-18-FF-FF-FF-FF-FF-FF-00-00;NOTIFICATION;1;da1a1500-d532-4285-be94-b07a3e11a098;da1a1502-d532-4285-be94-b07a3e11a098;18;;
18682;1787670270669;1505;BikePerformance / Fahrleistung;18;4;–;00-00-00-00-FF-FF-00-00-FF-FF-FF-FF-FF-00-00-00-00-00;NOTIFICATION;1;da1a1500-d532-4285-be94-b07a3e11a098;da1a1505-d532-4285-be94-b07a3e11a098;18;;
18882;1787670270869;1506;Trip / Kilometer & Betriebszähler;16;4;–;00-00-1C-5C-00-02-36-A1-00-00-02-D6-00-00-00-00;NOTIFICATION;1;da1a1500-d532-4285-be94-b07a3e11a098;da1a1506-d532-4285-be94-b07a3e11a098;18;;
19302;1787670271289;1508;Settings / Licht & Fahrstufe;17;4;–;00-00-00-01-FF-FF-FF-FF-FF-FF-FF-00-00-00-00-00-00;NOTIFICATION;1;da1a1500-d532-4285-be94-b07a3e11a098;da1a1508-d532-4285-be94-b07a3e11a098;18;;
19513;1787670271500;1509;BatteryChange / Akku-Livestand;11;4;5,6;00-00-FF-FF-20-B3-B0-00-00-00-00;NOTIFICATION;1;da1a1500-d532-4285-be94-b07a3e11a098;da1a1509-d532-4285-be94-b07a3e11a098;18;;
19724;1787670271711;150A;MotorUpdate / Motor-Livestand;10;4;–;00-00-FF-FF-FF-FF-FF-FF-FF-FF;NOTIFICATION;1;da1a1500-d532-4285-be94-b07a3e11a098;da1a150a-d532-4285-be94-b07a3e11a098;18;;
19934;1787670271921;150B;Motor-/Controllerblock;20;4;–;FF-FF-FF-FF-FF-FF-FF-FF-FF-FF-FF-FF-FF-FF-FF-FF-FF-FF-FF-FF;NOTIFICATION;1;da1a1500-d532-4285-be94-b07a3e11a098;da1a150b-d532-4285-be94-b07a3e11a098;18;;
20141;1787670272128;150D;Fahrstatistik Max/Ø;20;4;–;00-00-00-00-FF-FF-FF-FF-47-18-FF-FF-FF-FF-FF-FF-FF-FF-00-00;NOTIFICATION;1;da1a1500-d532-4285-be94-b07a3e11a098;da1a150d-d532-4285-be94-b07a3e11a098;18;;
21184;1787670273171;1502;Akkuinformationen;16;5;–;47-18-FF-FF-FF-FF-47-18-FF-FF-FF-FF-FF-FF-00-00;NOTIFICATION;1;da1a1500-d532-4285-be94-b07a3e11a098;da1a1502-d532-4285-be94-b07a3e11a098;18;;
21603;1787670273590;1505;BikePerformance / Fahrleistung;18;5;–;00-00-00-00-FF-FF-00-00-FF-FF-FF-FF-FF-00-00-00-00-00;NOTIFICATION;1;da1a1500-d532-4285-be94-b07a3e11a098;da1a1505-d532-4285-be94-b07a3e11a098;18;;
21802;1787670273789;1506;Trip / Kilometer & Betriebszähler;16;5;–;00-00-1C-5C-00-02-36-A1-00-00-02-D6-00-00-00-00;NOTIFICATION;1;da1a1500-d532-4285-be94-b07a3e11a098;da1a1506-d532-4285-be94-b07a3e11a098;18;;
22221;1787670274208;1508;Settings / Licht & Fahrstufe;17;5;–;00-00-00-01-FF-FF-FF-FF-FF-FF-FF-00-00-00-00-00-00;NOTIFICATION;1;da1a1500-d532-4285-be94-b07a3e11a098;da1a1508-d532-4285-be94-b07a3e11a098;18;;
22434;1787670274421;1509;BatteryChange / Akku-Livestand;11;5;5,6;00-00-FF-FF-20-B4-78-00-00-00-00;NOTIFICATION;1;da1a1500-d532-4285-be94-b07a3e11a098;da1a1509-d532-4285-be94-b07a3e11a098;18;;
22642;1787670274629;150A;MotorUpdate / Motor-Livestand;10;5;–;00-00-FF-FF-FF-FF-FF-FF-FF-FF;NOTIFICATION;1;da1a1500-d532-4285-be94-b07a3e11a098;da1a150a-d532-4285-be94-b07a3e11a098;18;;
22854;1787670274841;150B;Motor-/Controllerblock;20;5;–;FF-FF-FF-FF-FF-FF-FF-FF-FF-FF-FF-FF-FF-FF-FF-FF-FF-FF-FF-FF;NOTIFICATION;1;da1a1500-d532-4285-be94-b07a3e11a098;da1a150b-d532-4285-be94-b07a3e11a098;18;;
23062;1787670275049;150D;Fahrstatistik Max/Ø;20;5;–;00-00-00-00-FF-FF-FF-FF-47-18-FF-FF-FF-FF-FF-FF-FF-FF-00-00;NOTIFICATION;1;da1a1500-d532-4285-be94-b07a3e11a098;da1a150d-d532-4285-be94-b07a3e11a098;18;;
24101;1787670276088;1502;Akkuinformationen;16;6;–;47-18-FF-FF-FF-FF-47-18-FF-FF-FF-FF-FF-FF-00-00;NOTIFICATION;1;da1a1500-d532-4285-be94-b07a3e11a098;da1a1502-d532-4285-be94-b07a3e11a098;18;;
24521;1787670276508;1505;BikePerformance / Fahrleistung;18;6;–;00-00-00-00-FF-FF-00-00-FF-FF-FF-FF-FF-00-00-00-00-00;NOTIFICATION;1;da1a1500-d532-4285-be94-b07a3e11a098;da1a1505-d532-4285-be94-b07a3e11a098;18;;
24731;1787670276718;1506;Trip / Kilometer & Betriebszähler;16;6;–;00-00-1C-5C-00-02-36-A1-00-00-02-D6-00-00-00-00;NOTIFICATION;1;da1a1500-d532-4285-be94-b07a3e11a098;da1a1506-d532-4285-be94-b07a3e11a098;18;;
25142;1787670277129;1508;Settings / Licht & Fahrstufe;17;6;–;00-00-00-01-FF-FF-FF-FF-FF-FF-FF-00-00-00-00-00-00;NOTIFICATION;1;da1a1500-d532-4285-be94-b07a3e11a098;da1a1508-d532-4285-be94-b07a3e11a098;18;;
25352;1787670277339;1509;BatteryChange / Akku-Livestand;11;6;5,6;00-00-FF-FF-20-B3-B0-00-00-00-00;NOTIFICATION;1;da1a1500-d532-4285-be94-b07a3e11a098;da1a1509-d532-4285-be94-b07a3e11a098;18;;
25561;1787670277548;150A;MotorUpdate / Motor-Livestand;10;6;–;00-00-FF-FF-FF-FF-FF-FF-FF-FF;NOTIFICATION;1;da1a1500-d532-4285-be94-b07a3e11a098;da1a150a-d532-4285-be94-b07a3e11a098;18;;
25771;1787670277758;150B;Motor-/Controllerblock;20;6;–;FF-FF-FF-FF-FF-FF-FF-FF-FF-FF-FF-FF-FF-FF-FF-FF-FF-FF-FF-FF;NOTIFICATION;1;da1a1500-d532-4285-be94-b07a3e11a098;da1a150b-d532-4285-be94-b07a3e11a098;18;;
25984;1787670277971;150D;Fahrstatistik Max/Ø;20;6;–;00-00-00-00-FF-FF-FF-FF-47-18-FF-FF-FF-FF-FF-FF-FF-FF-00-00;NOTIFICATION;1;da1a1500-d532-4285-be94-b07a3e11a098;da1a150d-d532-4285-be94-b07a3e11a098;18;;
27023;1787670279010;1502;Akkuinformationen;16;7;–;47-18-FF-FF-FF-FF-47-18-FF-FF-FF-FF-FF-FF-00-00;NOTIFICATION;1;da1a1500-d532-4285-be94-b07a3e11a098;da1a1502-d532-4285-be94-b07a3e11a098;18;;
27441;1787670279428;1505;BikePerformance / Fahrleistung;18;7;–;00-00-00-00-FF-FF-00-00-FF-FF-FF-FF-FF-00-00-00-00-00;NOTIFICATION;1;da1a1500-d532-4285-be94-b07a3e11a098;da1a1505-d532-4285-be94-b07a3e11a098;18;;
27654;1787670279641;1506;Trip / Kilometer & Betriebszähler;16;7;–;00-00-1C-5C-00-02-36-A1-00-00-02-D6-00-00-00-00;NOTIFICATION;1;da1a1500-d532-4285-be94-b07a3e11a098;da1a1506-d532-4285-be94-b07a3e11a098;18;;
28061;1787670280048;1508;Settings / Licht & Fahrstufe;17;7;–;00-00-00-01-FF-FF-FF-FF-FF-FF-FF-00-00-00-00-00-00;NOTIFICATION;1;da1a1500-d532-4285-be94-b07a3e11a098;da1a1508-d532-4285-be94-b07a3e11a098;18;;
28273;1787670280260;1509;BatteryChange / Akku-Livestand;11;7;–;00-00-FF-FF-20-B3-B0-00-00-00-00;NOTIFICATION;1;da1a1500-d532-4285-be94-b07a3e11a098;da1a1509-d532-4285-be94-b07a3e11a098;18;;
28481;1787670280468;150A;MotorUpdate / Motor-Livestand;10;7;–;00-00-FF-FF-FF-FF-FF-FF-FF-FF;NOTIFICATION;1;da1a1500-d532-4285-be94-b07a3e11a098;da1a150a-d532-4285-be94-b07a3e11a098;18;;
28691;1787670280678;150B;Motor-/Controllerblock;20;7;–;FF-FF-FF-FF-FF-FF-FF-FF-FF-FF-FF-FF-FF-FF-FF-FF-FF-FF-FF-FF;NOTIFICATION;1;da1a1500-d532-4285-be94-b07a3e11a098;da1a150b-d532-4285-be94-b07a3e11a098;18;;
28901;1787670280888;150D;Fahrstatistik Max/Ø;20;7;–;00-00-00-00-FF-FF-FF-FF-47-18-FF-FF-FF-FF-FF-FF-FF-FF-00-00;NOTIFICATION;1;da1a1500-d532-4285-be94-b07a3e11a098;da1a150d-d532-4285-be94-b07a3e11a098;18;;
29949;1787670281936;1502;Akkuinformationen;16;8;–;47-18-FF-FF-FF-FF-47-18-FF-FF-FF-FF-FF-FF-00-00;NOTIFICATION;1;da1a1500-d532-4285-be94-b07a3e11a098;da1a1502-d532-4285-be94-b07a3e11a098;18;;
30362;1787670282349;1505;BikePerformance / Fahrleistung;18;8;–;00-00-00-00-FF-FF-00-00-FF-FF-FF-FF-FF-00-00-00-00-00;NOTIFICATION;1;da1a1500-d532-4285-be94-b07a3e11a098;da1a1505-d532-4285-be94-b07a3e11a098;18;;
30573;1787670282560;1506;Trip / Kilometer & Betriebszähler;16;8;–;00-00-1C-5C-00-02-36-A1-00-00-02-D6-00-00-00-00;NOTIFICATION;1;da1a1500-d532-4285-be94-b07a3e11a098;da1a1506-d532-4285-be94-b07a3e11a098;18;;
30987;1787670282974;1508;Settings / Licht & Fahrstufe;17;8;–;00-00-00-01-FF-FF-FF-FF-FF-FF-FF-00-00-00-00-00-00;NOTIFICATION;1;da1a1500-d532-4285-be94-b07a3e11a098;da1a1508-d532-4285-be94-b07a3e11a098;18;;
31202;1787670283189;1509;BatteryChange / Akku-Livestand;11;8;–;00-00-FF-FF-20-B3-B0-00-00-00-00;NOTIFICATION;1;da1a1500-d532-4285-be94-b07a3e11a098;da1a1509-d532-4285-be94-b07a3e11a098;18;;
31400;1787670283387;150A;MotorUpdate / Motor-Livestand;10;8;–;00-00-FF-FF-FF-FF-FF-FF-FF-FF;NOTIFICATION;1;da1a1500-d532-4285-be94-b07a3e11a098;da1a150a-d532-4285-be94-b07a3e11a098;18;;
31618;1787670283605;150B;Motor-/Controllerblock;20;8;–;FF-FF-FF-FF-FF-FF-FF-FF-FF-FF-FF-FF-FF-FF-FF-FF-FF-FF-FF-FF;NOTIFICATION;1;da1a1500-d532-4285-be94-b07a3e11a098;da1a150b-d532-4285-be94-b07a3e11a098;18;;
31820;1787670283807;150D;Fahrstatistik Max/Ø;20;8;–;00-00-00-00-FF-FF-FF-FF-47-18-FF-FF-FF-FF-FF-FF-FF-FF-00-00;NOTIFICATION;1;da1a1500-d532-4285-be94-b07a3e11a098;da1a150d-d532-4285-be94-b07a3e11a098;18;;
32859;1787670284846;1502;Akkuinformationen;16;9;–;47-18-FF-FF-FF-FF-47-18-FF-FF-FF-FF-FF-FF-00-00;NOTIFICATION;1;da1a1500-d532-4285-be94-b07a3e11a098;da1a1502-d532-4285-be94-b07a3e11a098;18;;
33281;1787670285268;1505;BikePerformance / Fahrleistung;18;9;–;00-00-00-00-FF-FF-00-00-FF-FF-FF-FF-FF-00-00-00-00-00;NOTIFICATION;1;da1a1500-d532-4285-be94-b07a3e11a098;da1a1505-d532-4285-be94-b07a3e11a098;18;;
33493;1787670285480;1506;Trip / Kilometer & Betriebszähler;16;9;–;00-00-1C-5C-00-02-36-A1-00-00-02-D6-00-00-00-00;NOTIFICATION;1;da1a1500-d532-4285-be94-b07a3e11a098;da1a1506-d532-4285-be94-b07a3e11a098;18;;
33903;1787670285890;1508;Settings / Licht & Fahrstufe;17;9;–;00-00-00-01-FF-FF-FF-FF-FF-FF-FF-00-00-00-00-00-00;NOTIFICATION;1;da1a1500-d532-4285-be94-b07a3e11a098;da1a1508-d532-4285-be94-b07a3e11a098;18;;
34114;1787670286101;1509;BatteryChange / Akku-Livestand;11;9;5,6;00-00-FF-FF-20-B4-78-00-00-00-00;NOTIFICATION;1;da1a1500-d532-4285-be94-b07a3e11a098;da1a1509-d532-4285-be94-b07a3e11a098;18;;
34324;1787670286311;150A;MotorUpdate / Motor-Livestand;10;9;–;00-00-FF-FF-FF-FF-FF-FF-FF-FF;NOTIFICATION;1;da1a1500-d532-4285-be94-b07a3e11a098;da1a150a-d532-4285-be94-b07a3e11a098;18;;
34531;1787670286518;150B;Motor-/Controllerblock;20;9;–;FF-FF-FF-FF-FF-FF-FF-FF-FF-FF-FF-FF-FF-FF-FF-FF-FF-FF-FF-FF;NOTIFICATION;1;da1a1500-d532-4285-be94-b07a3e11a098;da1a150b-d532-4285-be94-b07a3e11a098;18;;
34739;1787670286726;150D;Fahrstatistik Max/Ø;20;9;–;00-00-00-00-FF-FF-FF-FF-47-18-FF-FF-FF-FF-FF-FF-FF-FF-00-00;NOTIFICATION;1;da1a1500-d532-4285-be94-b07a3e11a098;da1a150d-d532-4285-be94-b07a3e11a098;18;;
35785;1787670287772;1502;Akkuinformationen;16;10;–;47-18-FF-FF-FF-FF-47-18-FF-FF-FF-FF-FF-FF-00-00;NOTIFICATION;1;da1a1500-d532-4285-be94-b07a3e11a098;da1a1502-d532-4285-be94-b07a3e11a098;18;;
36203;1787670288190;1505;BikePerformance / Fahrleistung;18;10;–;00-00-00-00-FF-FF-00-00-FF-FF-FF-FF-FF-00-00-00-00-00;NOTIFICATION;1;da1a1500-d532-4285-be94-b07a3e11a098;da1a1505-d532-4285-be94-b07a3e11a098;18;;
36412;1787670288399;1506;Trip / Kilometer & Betriebszähler;16;10;–;00-00-1C-5C-00-02-36-A1-00-00-02-D6-00-00-00-00;NOTIFICATION;1;da1a1500-d532-4285-be94-b07a3e11a098;da1a1506-d532-4285-be94-b07a3e11a098;18;;
36822;1787670288809;1508;Settings / Licht & Fahrstufe;17;10;–;00-00-00-01-FF-FF-FF-FF-FF-FF-FF-00-00-00-00-00-00;NOTIFICATION;1;da1a1500-d532-4285-be94-b07a3e11a098;da1a1508-d532-4285-be94-b07a3e11a098;18;;
37034;1787670289021;1509;BatteryChange / Akku-Livestand;11;10;5,6;00-00-FF-FF-20-B3-B0-00-00-00-00;NOTIFICATION;1;da1a1500-d532-4285-be94-b07a3e11a098;da1a1509-d532-4285-be94-b07a3e11a098;18;;
37242;1787670289229;150A;MotorUpdate / Motor-Livestand;10;10;–;00-00-FF-FF-FF-FF-FF-FF-FF-FF;NOTIFICATION;1;da1a1500-d532-4285-be94-b07a3e11a098;da1a150a-d532-4285-be94-b07a3e11a098;18;;
37454;1787670289441;150B;Motor-/Controllerblock;20;10;–;FF-FF-FF-FF-FF-FF-FF-FF-FF-FF-FF-FF-FF-FF-FF-FF-FF-FF-FF-FF;NOTIFICATION;1;da1a1500-d532-4285-be94-b07a3e11a098;da1a150b-d532-4285-be94-b07a3e11a098;18;;
37665;1787670289652;150D;Fahrstatistik Max/Ø;20;10;–;00-00-00-00-FF-FF-FF-FF-47-18-FF-FF-FF-FF-FF-FF-FF-FF-00-00;NOTIFICATION;1;da1a1500-d532-4285-be94-b07a3e11a098;da1a150d-d532-4285-be94-b07a3e11a098;18;;
38706;1787670290693;1502;Akkuinformationen;16;11;–;47-18-FF-FF-FF-FF-47-18-FF-FF-FF-FF-FF-FF-00-00;NOTIFICATION;1;da1a1500-d532-4285-be94-b07a3e11a098;da1a1502-d532-4285-be94-b07a3e11a098;18;;
39125;1787670291112;1505;BikePerformance / Fahrleistung;18;11;–;00-00-00-00-FF-FF-00-00-FF-FF-FF-FF-FF-00-00-00-00-00;NOTIFICATION;1;da1a1500-d532-4285-be94-b07a3e11a098;da1a1505-d532-4285-be94-b07a3e11a098;18;;
39372;1787670291359;1506;Trip / Kilometer & Betriebszähler;16;11;–;00-00-1C-5C-00-02-36-A1-00-00-02-D6-00-00-00-00;NOTIFICATION;1;da1a1500-d532-4285-be94-b07a3e11a098;da1a1506-d532-4285-be94-b07a3e11a098;18;;
39757;1787670291744;1508;Settings / Licht & Fahrstufe;17;11;–;00-00-00-01-FF-FF-FF-FF-FF-FF-FF-00-00-00-00-00-00;NOTIFICATION;1;da1a1500-d532-4285-be94-b07a3e11a098;da1a1508-d532-4285-be94-b07a3e11a098;18;;
40031;1787670292018;1509;BatteryChange / Akku-Livestand;11;11;–;00-00-FF-FF-20-B3-B0-00-00-00-00;NOTIFICATION;1;da1a1500-d532-4285-be94-b07a3e11a098;da1a1509-d532-4285-be94-b07a3e11a098;18;;
40164;1787670292151;150A;MotorUpdate / Motor-Livestand;10;11;–;00-00-FF-FF-FF-FF-FF-FF-FF-FF;NOTIFICATION;1;da1a1500-d532-4285-be94-b07a3e11a098;da1a150a-d532-4285-be94-b07a3e11a098;18;;
40375;1787670292362;150B;Motor-/Controllerblock;20;11;–;FF-FF-FF-FF-FF-FF-FF-FF-FF-FF-FF-FF-FF-FF-FF-FF-FF-FF-FF-FF;NOTIFICATION;1;da1a1500-d532-4285-be94-b07a3e11a098;da1a150b-d532-4285-be94-b07a3e11a098;18;;
40587;1787670292574;150D;Fahrstatistik Max/Ø;20;11;–;00-00-00-00-FF-FF-FF-FF-47-18-FF-FF-FF-FF-FF-FF-FF-FF-00-00;NOTIFICATION;1;da1a1500-d532-4285-be94-b07a3e11a098;da1a150d-d532-4285-be94-b07a3e11a098;18;;
41667;1787670293654;1502;Akkuinformationen;16;12;–;47-18-FF-FF-FF-FF-47-18-FF-FF-FF-FF-FF-FF-00-00;NOTIFICATION;1;da1a1500-d532-4285-be94-b07a3e11a098;da1a1502-d532-4285-be94-b07a3e11a098;18;;
42045;1787670294032;1505;BikePerformance / Fahrleistung;18;12;–;00-00-00-00-FF-FF-00-00-FF-FF-FF-FF-FF-00-00-00-00-00;NOTIFICATION;1;da1a1500-d532-4285-be94-b07a3e11a098;da1a1505-d532-4285-be94-b07a3e11a098;18;;
42254;1787670294241;1506;Trip / Kilometer & Betriebszähler;16;12;–;00-00-1C-5C-00-02-36-A1-00-00-02-D6-00-00-00-00;NOTIFICATION;1;da1a1500-d532-4285-be94-b07a3e11a098;da1a1506-d532-4285-be94-b07a3e11a098;18;;
42675;1787670294662;1508;Settings / Licht & Fahrstufe;17;12;–;00-00-00-01-FF-FF-FF-FF-FF-FF-FF-00-00-00-00-00-00;NOTIFICATION;1;da1a1500-d532-4285-be94-b07a3e11a098;da1a1508-d532-4285-be94-b07a3e11a098;18;;
42874;1787670294861;1509;BatteryChange / Akku-Livestand;11;12;–;00-00-FF-FF-20-B3-B0-00-00-00-00;NOTIFICATION;1;da1a1500-d532-4285-be94-b07a3e11a098;da1a1509-d532-4285-be94-b07a3e11a098;18;;
43087;1787670295074;150A;MotorUpdate / Motor-Livestand;10;12;–;00-00-FF-FF-FF-FF-FF-FF-FF-FF;NOTIFICATION;1;da1a1500-d532-4285-be94-b07a3e11a098;da1a150a-d532-4285-be94-b07a3e11a098;18;;
43291;1787670295278;150B;Motor-/Controllerblock;20;12;–;FF-FF-FF-FF-FF-FF-FF-FF-FF-FF-FF-FF-FF-FF-FF-FF-FF-FF-FF-FF;NOTIFICATION;1;da1a1500-d532-4285-be94-b07a3e11a098;da1a150b-d532-4285-be94-b07a3e11a098;18;;
43558;1787670295545;150D;Fahrstatistik Max/Ø;20;12;–;00-00-00-00-FF-FF-FF-FF-47-18-FF-FF-FF-FF-FF-FF-FF-FF-00-00;NOTIFICATION;1;da1a1500-d532-4285-be94-b07a3e11a098;da1a150d-d532-4285-be94-b07a3e11a098;18;;
44546;1787670296533;1502;Akkuinformationen;16;13;–;47-18-FF-FF-FF-FF-47-18-FF-FF-FF-FF-FF-FF-00-00;NOTIFICATION;1;da1a1500-d532-4285-be94-b07a3e11a098;da1a1502-d532-4285-be94-b07a3e11a098;18;;
44971;1787670296958;1505;BikePerformance / Fahrleistung;18;13;–;00-00-00-00-FF-FF-00-00-FF-FF-FF-FF-FF-00-00-00-00-00;NOTIFICATION;1;da1a1500-d532-4285-be94-b07a3e11a098;da1a1505-d532-4285-be94-b07a3e11a098;18;;
45177;1787670297164;1506;Trip / Kilometer & Betriebszähler;16;13;–;00-00-1C-5C-00-02-36-A1-00-00-02-D6-00-00-00-00;NOTIFICATION;1;da1a1500-d532-4285-be94-b07a3e11a098;da1a1506-d532-4285-be94-b07a3e11a098;18;;
45594;1787670297581;1508;Settings / Licht & Fahrstufe;17;13;–;00-00-00-01-FF-FF-FF-FF-FF-FF-FF-00-00-00-00-00-00;NOTIFICATION;1;da1a1500-d532-4285-be94-b07a3e11a098;da1a1508-d532-4285-be94-b07a3e11a098;18;;
45794;1787670297781;1509;BatteryChange / Akku-Livestand;11;13;–;00-00-FF-FF-20-B3-B0-00-00-00-00;NOTIFICATION;1;da1a1500-d532-4285-be94-b07a3e11a098;da1a1509-d532-4285-be94-b07a3e11a098;18;;
46005;1787670297992;150A;MotorUpdate / Motor-Livestand;10;13;–;00-00-FF-FF-FF-FF-FF-FF-FF-FF;NOTIFICATION;1;da1a1500-d532-4285-be94-b07a3e11a098;da1a150a-d532-4285-be94-b07a3e11a098;18;;
46217;1787670298204;150B;Motor-/Controllerblock;20;13;–;FF-FF-FF-FF-FF-FF-FF-FF-FF-FF-FF-FF-FF-FF-FF-FF-FF-FF-FF-FF;NOTIFICATION;1;da1a1500-d532-4285-be94-b07a3e11a098;da1a150b-d532-4285-be94-b07a3e11a098;18;;
46426;1787670298413;150D;Fahrstatistik Max/Ø;20;13;–;00-00-00-00-FF-FF-FF-FF-47-18-FF-FF-FF-FF-FF-FF-FF-FF-00-00;NOTIFICATION;1;da1a1500-d532-4285-be94-b07a3e11a098;da1a150d-d532-4285-be94-b07a3e11a098;18;;
47471;1787670299458;1502;Akkuinformationen;16;14;–;47-18-FF-FF-FF-FF-47-18-FF-FF-FF-FF-FF-FF-00-00;NOTIFICATION;1;da1a1500-d532-4285-be94-b07a3e11a098;da1a1502-d532-4285-be94-b07a3e11a098;18;;
47885;1787670299872;1505;BikePerformance / Fahrleistung;18;14;–;00-00-00-00-FF-FF-00-00-FF-FF-FF-FF-FF-00-00-00-00-00;NOTIFICATION;1;da1a1500-d532-4285-be94-b07a3e11a098;da1a1505-d532-4285-be94-b07a3e11a098;18;;
48097;1787670300084;1506;Trip / Kilometer & Betriebszähler;16;14;–;00-00-1C-5C-00-02-36-A1-00-00-02-D6-00-00-00-00;NOTIFICATION;1;da1a1500-d532-4285-be94-b07a3e11a098;da1a1506-d532-4285-be94-b07a3e11a098;18;;
48518;1787670300505;1508;Settings / Licht & Fahrstufe;17;14;–;00-00-00-01-FF-FF-FF-FF-FF-FF-FF-00-00-00-00-00-00;NOTIFICATION;1;da1a1500-d532-4285-be94-b07a3e11a098;da1a1508-d532-4285-be94-b07a3e11a098;18;;
48724;1787670300711;1509;BatteryChange / Akku-Livestand;11;14;–;00-00-FF-FF-20-B3-B0-00-00-00-00;NOTIFICATION;1;da1a1500-d532-4285-be94-b07a3e11a098;da1a1509-d532-4285-be94-b07a3e11a098;18;;
48925;1787670300912;150A;MotorUpdate / Motor-Livestand;10;14;–;00-00-FF-FF-FF-FF-FF-FF-FF-FF;NOTIFICATION;1;da1a1500-d532-4285-be94-b07a3e11a098;da1a150a-d532-4285-be94-b07a3e11a098;18;;
49141;1787670301128;150B;Motor-/Controllerblock;20;14;–;FF-FF-FF-FF-FF-FF-FF-FF-FF-FF-FF-FF-FF-FF-FF-FF-FF-FF-FF-FF;NOTIFICATION;1;da1a1500-d532-4285-be94-b07a3e11a098;da1a150b-d532-4285-be94-b07a3e11a098;18;;
49350;1787670301337;150D;Fahrstatistik Max/Ø;20;14;–;00-00-00-00-FF-FF-FF-FF-47-18-FF-FF-FF-FF-FF-FF-FF-FF-00-00;NOTIFICATION;1;da1a1500-d532-4285-be94-b07a3e11a098;da1a150d-d532-4285-be94-b07a3e11a098;18;;
50401;1787670302388;1502;Akkuinformationen;16;15;–;47-18-FF-FF-FF-FF-47-18-FF-FF-FF-FF-FF-FF-00-00;NOTIFICATION;1;da1a1500-d532-4285-be94-b07a3e11a098;da1a1502-d532-4285-be94-b07a3e11a098;18;;
50804;1787670302791;1505;BikePerformance / Fahrleistung;18;15;–;00-00-00-00-FF-FF-00-00-FF-FF-FF-FF-FF-00-00-00-00-00;NOTIFICATION;1;da1a1500-d532-4285-be94-b07a3e11a098;da1a1505-d532-4285-be94-b07a3e11a098;18;;
51019;1787670303006;1506;Trip / Kilometer & Betriebszähler;16;15;–;00-00-1C-5C-00-02-36-A1-00-00-02-D6-00-00-00-00;NOTIFICATION;1;da1a1500-d532-4285-be94-b07a3e11a098;da1a1506-d532-4285-be94-b07a3e11a098;18;;
51438;1787670303425;1508;Settings / Licht & Fahrstufe;17;15;–;00-00-00-01-FF-FF-FF-FF-FF-FF-FF-00-00-00-00-00-00;NOTIFICATION;1;da1a1500-d532-4285-be94-b07a3e11a098;da1a1508-d532-4285-be94-b07a3e11a098;18;;
51643;1787670303630;1509;BatteryChange / Akku-Livestand;11;15;–;00-00-FF-FF-20-B3-B0-00-00-00-00;NOTIFICATION;1;da1a1500-d532-4285-be94-b07a3e11a098;da1a1509-d532-4285-be94-b07a3e11a098;18;;
51843;1787670303830;150A;MotorUpdate / Motor-Livestand;10;15;–;00-00-FF-FF-FF-FF-FF-FF-FF-FF;NOTIFICATION;1;da1a1500-d532-4285-be94-b07a3e11a098;da1a150a-d532-4285-be94-b07a3e11a098;18;;
52054;1787670304041;150B;Motor-/Controllerblock;20;15;–;FF-FF-FF-FF-FF-FF-FF-FF-FF-FF-FF-FF-FF-FF-FF-FF-FF-FF-FF-FF;NOTIFICATION;1;da1a1500-d532-4285-be94-b07a3e11a098;da1a150b-d532-4285-be94-b07a3e11a098;18;;
52266;1787670304253;150D;Fahrstatistik Max/Ø;20;15;–;00-00-00-00-FF-FF-FF-FF-47-18-FF-FF-FF-FF-FF-FF-FF-FF-00-00;NOTIFICATION;1;da1a1500-d532-4285-be94-b07a3e11a098;da1a150d-d532-4285-be94-b07a3e11a098;18;;
53316;1787670305303;1502;Akkuinformationen;16;16;–;47-18-FF-FF-FF-FF-47-18-FF-FF-FF-FF-FF-FF-00-00;NOTIFICATION;1;da1a1500-d532-4285-be94-b07a3e11a098;da1a1502-d532-4285-be94-b07a3e11a098;18;;
53801;1787670305788;1505;BikePerformance / Fahrleistung;18;16;–;00-00-00-00-FF-FF-00-00-FF-FF-FF-FF-FF-00-00-00-00-00;NOTIFICATION;1;da1a1500-d532-4285-be94-b07a3e11a098;da1a1505-d532-4285-be94-b07a3e11a098;18;;
53934;1787670305921;1506;Trip / Kilometer & Betriebszähler;16;16;–;00-00-1C-5C-00-02-36-A1-00-00-02-D6-00-00-00-00;NOTIFICATION;1;da1a1500-d532-4285-be94-b07a3e11a098;da1a1506-d532-4285-be94-b07a3e11a098;18;;
54354;1787670306341;1508;Settings / Licht & Fahrstufe;17;16;–;00-00-00-01-FF-FF-FF-FF-FF-FF-FF-00-00-00-00-00-00;NOTIFICATION;1;da1a1500-d532-4285-be94-b07a3e11a098;da1a1508-d532-4285-be94-b07a3e11a098;18;;
54565;1787670306552;1509;BatteryChange / Akku-Livestand;11;16;5,6;00-00-FF-FF-20-B4-78-00-00-00-00;NOTIFICATION;1;da1a1500-d532-4285-be94-b07a3e11a098;da1a1509-d532-4285-be94-b07a3e11a098;18;;
54777;1787670306764;150A;MotorUpdate / Motor-Livestand;10;16;–;00-00-FF-FF-FF-FF-FF-FF-FF-FF;NOTIFICATION;1;da1a1500-d532-4285-be94-b07a3e11a098;da1a150a-d532-4285-be94-b07a3e11a098;18;;
54974;1787670306961;150B;Motor-/Controllerblock;20;16;–;FF-FF-FF-FF-FF-FF-FF-FF-FF-FF-FF-FF-FF-FF-FF-FF-FF-FF-FF-FF;NOTIFICATION;1;da1a1500-d532-4285-be94-b07a3e11a098;da1a150b-d532-4285-be94-b07a3e11a098;18;;
55185;1787670307172;150D;Fahrstatistik Max/Ø;20;16;–;00-00-00-00-FF-FF-FF-FF-47-18-FF-FF-FF-FF-FF-FF-FF-FF-00-00;NOTIFICATION;1;da1a1500-d532-4285-be94-b07a3e11a098;da1a150d-d532-4285-be94-b07a3e11a098;18;;
56348;1787670308335;1502;Akkuinformationen;16;17;–;47-18-FF-FF-FF-FF-47-18-FF-FF-FF-FF-FF-FF-00-00;NOTIFICATION;1;da1a1500-d532-4285-be94-b07a3e11a098;da1a1502-d532-4285-be94-b07a3e11a098;18;;
56688;1787670308675;1505;BikePerformance / Fahrleistung;18;17;–;00-00-00-00-FF-FF-00-00-FF-FF-FF-FF-FF-00-00-00-00-00;NOTIFICATION;1;da1a1500-d532-4285-be94-b07a3e11a098;da1a1505-d532-4285-be94-b07a3e11a098;18;;
56854;1787670308841;1506;Trip / Kilometer & Betriebszähler;16;17;–;00-00-1C-5C-00-02-36-A1-00-00-02-D6-00-00-00-00;NOTIFICATION;1;da1a1500-d532-4285-be94-b07a3e11a098;da1a1506-d532-4285-be94-b07a3e11a098;18;;
57274;1787670309261;1508;Settings / Licht & Fahrstufe;17;17;–;00-00-00-01-FF-FF-FF-FF-FF-FF-FF-00-00-00-00-00-00;NOTIFICATION;1;da1a1500-d532-4285-be94-b07a3e11a098;da1a1508-d532-4285-be94-b07a3e11a098;18;;
57484;1787670309471;1509;BatteryChange / Akku-Livestand;11;17;5,6;00-00-FF-FF-20-B3-B0-00-00-00-00;NOTIFICATION;1;da1a1500-d532-4285-be94-b07a3e11a098;da1a1509-d532-4285-be94-b07a3e11a098;18;;
57753;1787670309740;150A;MotorUpdate / Motor-Livestand;10;17;–;00-00-FF-FF-FF-FF-FF-FF-FF-FF;NOTIFICATION;1;da1a1500-d532-4285-be94-b07a3e11a098;da1a150a-d532-4285-be94-b07a3e11a098;18;;
57905;1787670309892;150B;Motor-/Controllerblock;20;17;–;FF-FF-FF-FF-FF-FF-FF-FF-FF-FF-FF-FF-FF-FF-FF-FF-FF-FF-FF-FF;NOTIFICATION;1;da1a1500-d532-4285-be94-b07a3e11a098;da1a150b-d532-4285-be94-b07a3e11a098;18;;
58105;1787670310092;150D;Fahrstatistik Max/Ø;20;17;–;00-00-00-00-FF-FF-FF-FF-47-18-FF-FF-FF-FF-FF-FF-FF-FF-00-00;NOTIFICATION;1;da1a1500-d532-4285-be94-b07a3e11a098;da1a150d-d532-4285-be94-b07a3e11a098;18;;
59156;1787670311143;1502;Akkuinformationen;16;18;–;47-18-FF-FF-FF-FF-47-18-FF-FF-FF-FF-FF-FF-00-00;NOTIFICATION;1;da1a1500-d532-4285-be94-b07a3e11a098;da1a1502-d532-4285-be94-b07a3e11a098;18;;
59566;1787670311553;1505;BikePerformance / Fahrleistung;18;18;–;00-00-00-00-FF-FF-00-00-FF-FF-FF-FF-FF-00-00-00-00-00;NOTIFICATION;1;da1a1500-d532-4285-be94-b07a3e11a098;da1a1505-d532-4285-be94-b07a3e11a098;18;;
59777;1787670311764;1506;Trip / Kilometer & Betriebszähler;16;18;–;00-00-1C-5C-00-02-36-A1-00-00-02-D6-00-00-00-00;NOTIFICATION;1;da1a1500-d532-4285-be94-b07a3e11a098;da1a1506-d532-4285-be94-b07a3e11a098;18;;
60197;1787670312184;1508;Settings / Licht & Fahrstufe;17;18;–;00-00-00-01-FF-FF-FF-FF-FF-FF-FF-00-00-00-00-00-00;NOTIFICATION;1;da1a1500-d532-4285-be94-b07a3e11a098;da1a1508-d532-4285-be94-b07a3e11a098;18;;
60405;1787670312392;1509;BatteryChange / Akku-Livestand;11;18;–;00-00-FF-FF-20-B3-B0-00-00-00-00;NOTIFICATION;1;da1a1500-d532-4285-be94-b07a3e11a098;da1a1509-d532-4285-be94-b07a3e11a098;18;;
60670;1787670312657;150A;MotorUpdate / Motor-Livestand;10;18;–;00-00-FF-FF-FF-FF-FF-FF-FF-FF;NOTIFICATION;1;da1a1500-d532-4285-be94-b07a3e11a098;da1a150a-d532-4285-be94-b07a3e11a098;18;;
60827;1787670312814;150B;Motor-/Controllerblock;20;18;–;FF-FF-FF-FF-FF-FF-FF-FF-FF-FF-FF-FF-FF-FF-FF-FF-FF-FF-FF-FF;NOTIFICATION;1;da1a1500-d532-4285-be94-b07a3e11a098;da1a150b-d532-4285-be94-b07a3e11a098;18;;
61037;1787670313024;150D;Fahrstatistik Max/Ø;20;18;–;00-00-00-00-FF-FF-FF-FF-47-18-FF-FF-FF-FF-FF-FF-FF-FF-00-00;NOTIFICATION;1;da1a1500-d532-4285-be94-b07a3e11a098;da1a150d-d532-4285-be94-b07a3e11a098;18;;
62076;1787670314063;1502;Akkuinformationen;16;19;–;47-18-FF-FF-FF-FF-47-18-FF-FF-FF-FF-FF-FF-00-00;NOTIFICATION;1;da1a1500-d532-4285-be94-b07a3e11a098;da1a1502-d532-4285-be94-b07a3e11a098;18;;
62498;1787670314485;1505;BikePerformance / Fahrleistung;18;19;–;00-00-00-00-FF-FF-00-00-FF-FF-FF-FF-FF-00-00-00-00-00;NOTIFICATION;1;da1a1500-d532-4285-be94-b07a3e11a098;da1a1505-d532-4285-be94-b07a3e11a098;18;;
62697;1787670314684;1506;Trip / Kilometer & Betriebszähler;16;19;–;00-00-1C-5C-00-02-36-A1-00-00-02-D6-00-00-00-00;NOTIFICATION;1;da1a1500-d532-4285-be94-b07a3e11a098;da1a1506-d532-4285-be94-b07a3e11a098;18;;
63119;1787670315106;1508;Settings / Licht & Fahrstufe;17;19;–;00-00-00-01-FF-FF-FF-FF-FF-FF-FF-00-00-00-00-00-00;NOTIFICATION;1;da1a1500-d532-4285-be94-b07a3e11a098;da1a1508-d532-4285-be94-b07a3e11a098;18;;
63326;1787670315313;1509;BatteryChange / Akku-Livestand;11;19;–;00-00-FF-FF-20-B3-B0-00-00-00-00;NOTIFICATION;1;da1a1500-d532-4285-be94-b07a3e11a098;da1a1509-d532-4285-be94-b07a3e11a098;18;;
63535;1787670315522;150A;MotorUpdate / Motor-Livestand;10;19;–;00-00-FF-FF-FF-FF-FF-FF-FF-FF;NOTIFICATION;1;da1a1500-d532-4285-be94-b07a3e11a098;da1a150a-d532-4285-be94-b07a3e11a098;18;;
63749;1787670315736;150B;Motor-/Controllerblock;20;19;–;FF-FF-FF-FF-FF-FF-FF-FF-FF-FF-FF-FF-FF-FF-FF-FF-FF-FF-FF-FF;NOTIFICATION;1;da1a1500-d532-4285-be94-b07a3e11a098;da1a150b-d532-4285-be94-b07a3e11a098;18;;
63956;1787670315943;150D;Fahrstatistik Max/Ø;20;19;–;00-00-00-00-FF-FF-FF-FF-47-18-FF-FF-FF-FF-FF-FF-FF-FF-00-00;NOTIFICATION;1;da1a1500-d532-4285-be94-b07a3e11a098;da1a150d-d532-4285-be94-b07a3e11a098;18;;
65000;1787670316987;1502;Akkuinformationen;16;20;–;47-18-FF-FF-FF-FF-47-18-FF-FF-FF-FF-FF-FF-00-00;NOTIFICATION;1;da1a1500-d532-4285-be94-b07a3e11a098;da1a1502-d532-4285-be94-b07a3e11a098;18;;
65428;1787670317415;1505;BikePerformance / Fahrleistung;18;20;–;00-00-00-00-FF-FF-00-00-FF-FF-FF-FF-FF-00-00-00-00-00;NOTIFICATION;1;da1a1500-d532-4285-be94-b07a3e11a098;da1a1505-d532-4285-be94-b07a3e11a098;18;;
65615;1787670317602;1506;Trip / Kilometer & Betriebszähler;16;20;–;00-00-1C-5C-00-02-36-A1-00-00-02-D6-00-00-00-00;NOTIFICATION;1;da1a1500-d532-4285-be94-b07a3e11a098;da1a1506-d532-4285-be94-b07a3e11a098;18;;
66034;1787670318021;1508;Settings / Licht & Fahrstufe;17;20;–;00-00-00-01-FF-FF-FF-FF-FF-FF-FF-00-00-00-00-00-00;NOTIFICATION;1;da1a1500-d532-4285-be94-b07a3e11a098;da1a1508-d532-4285-be94-b07a3e11a098;18;;
66247;1787670318234;1509;BatteryChange / Akku-Livestand;11;20;–;00-00-FF-FF-20-B3-B0-00-00-00-00;NOTIFICATION;1;da1a1500-d532-4285-be94-b07a3e11a098;da1a1509-d532-4285-be94-b07a3e11a098;18;;
66460;1787670318447;150A;MotorUpdate / Motor-Livestand;10;20;–;00-00-FF-FF-FF-FF-FF-FF-FF-FF;NOTIFICATION;1;da1a1500-d532-4285-be94-b07a3e11a098;da1a150a-d532-4285-be94-b07a3e11a098;18;;
66665;1787670318652;150B;Motor-/Controllerblock;20;20;–;FF-FF-FF-FF-FF-FF-FF-FF-FF-FF-FF-FF-FF-FF-FF-FF-FF-FF-FF-FF;NOTIFICATION;1;da1a1500-d532-4285-be94-b07a3e11a098;da1a150b-d532-4285-be94-b07a3e11a098;18;;
66874;1787670318861;150D;Fahrstatistik Max/Ø;20;20;1;00-06-00-00-FF-FF-FF-FF-47-18-FF-FF-FF-FF-FF-FF-FF-FF-00-00;NOTIFICATION;1;da1a1500-d532-4285-be94-b07a3e11a098;da1a150d-d532-4285-be94-b07a3e11a098;18;;
67919;1787670319906;1502;Akkuinformationen;16;21;–;47-18-FF-FF-FF-FF-47-18-FF-FF-FF-FF-FF-FF-00-00;NOTIFICATION;1;da1a1500-d532-4285-be94-b07a3e11a098;da1a1502-d532-4285-be94-b07a3e11a098;18;;
68340;1787670320327;1505;BikePerformance / Fahrleistung;18;21;7;00-00-00-00-FF-FF-00-1F-FF-FF-FF-FF-FF-00-00-00-00-00;NOTIFICATION;1;da1a1500-d532-4285-be94-b07a3e11a098;da1a1505-d532-4285-be94-b07a3e11a098;18;;
68545;1787670320532;1506;Trip / Kilometer & Betriebszähler;16;21;7;00-00-1C-5C-00-02-36-A3-00-00-02-D6-00-00-00-00;NOTIFICATION;1;da1a1500-d532-4285-be94-b07a3e11a098;da1a1506-d532-4285-be94-b07a3e11a098;18;;
68959;1787670320946;1508;Settings / Licht & Fahrstufe;17;21;–;00-00-00-01-FF-FF-FF-FF-FF-FF-FF-00-00-00-00-00-00;NOTIFICATION;1;da1a1500-d532-4285-be94-b07a3e11a098;da1a1508-d532-4285-be94-b07a3e11a098;18;;
69165;1787670321152;1509;BatteryChange / Akku-Livestand;11;21;–;00-00-FF-FF-20-B3-B0-00-00-00-00;NOTIFICATION;1;da1a1500-d532-4285-be94-b07a3e11a098;da1a1509-d532-4285-be94-b07a3e11a098;18;;
69376;1787670321363;150A;MotorUpdate / Motor-Livestand;10;21;–;00-00-FF-FF-FF-FF-FF-FF-FF-FF;NOTIFICATION;1;da1a1500-d532-4285-be94-b07a3e11a098;da1a150a-d532-4285-be94-b07a3e11a098;18;;
69586;1787670321573;150B;Motor-/Controllerblock;20;21;–;FF-FF-FF-FF-FF-FF-FF-FF-FF-FF-FF-FF-FF-FF-FF-FF-FF-FF-FF-FF;NOTIFICATION;1;da1a1500-d532-4285-be94-b07a3e11a098;da1a150b-d532-4285-be94-b07a3e11a098;18;;
69796;1787670321783;150D;Fahrstatistik Max/Ø;20;21;1;00-45-00-00-FF-FF-FF-FF-47-18-FF-FF-FF-FF-FF-FF-FF-FF-00-00;NOTIFICATION;1;da1a1500-d532-4285-be94-b07a3e11a098;da1a150d-d532-4285-be94-b07a3e11a098;18;;
70829;1787670322816;1502;Akkuinformationen;16;22;–;47-18-FF-FF-FF-FF-47-18-FF-FF-FF-FF-FF-FF-00-00;NOTIFICATION;1;da1a1500-d532-4285-be94-b07a3e11a098;da1a1502-d532-4285-be94-b07a3e11a098;18;;
71261;1787670323248;1505;BikePerformance / Fahrleistung;18;22;7;00-00-00-00-FF-FF-00-43-FF-FF-FF-FF-FF-00-00-00-00-00;NOTIFICATION;1;da1a1500-d532-4285-be94-b07a3e11a098;da1a1505-d532-4285-be94-b07a3e11a098;18;;
71467;1787670323454;1506;Trip / Kilometer & Betriebszähler;16;22;7;00-00-1C-5C-00-02-36-A5-00-00-02-D6-00-00-00-00;NOTIFICATION;1;da1a1500-d532-4285-be94-b07a3e11a098;da1a1506-d532-4285-be94-b07a3e11a098;18;;
71877;1787670323864;1508;Settings / Licht & Fahrstufe;17;22;–;00-00-00-01-FF-FF-FF-FF-FF-FF-FF-00-00-00-00-00-00;NOTIFICATION;1;da1a1500-d532-4285-be94-b07a3e11a098;da1a1508-d532-4285-be94-b07a3e11a098;18;;
72085;1787670324072;1509;BatteryChange / Akku-Livestand;11;22;–;00-00-FF-FF-20-B3-B0-00-00-00-00;NOTIFICATION;1;da1a1500-d532-4285-be94-b07a3e11a098;da1a1509-d532-4285-be94-b07a3e11a098;18;;
72298;1787670324285;150A;MotorUpdate / Motor-Livestand;10;22;–;00-00-FF-FF-FF-FF-FF-FF-FF-FF;NOTIFICATION;1;da1a1500-d532-4285-be94-b07a3e11a098;da1a150a-d532-4285-be94-b07a3e11a098;18;;
72506;1787670324493;150B;Motor-/Controllerblock;20;22;–;FF-FF-FF-FF-FF-FF-FF-FF-FF-FF-FF-FF-FF-FF-FF-FF-FF-FF-FF-FF;NOTIFICATION;1;da1a1500-d532-4285-be94-b07a3e11a098;da1a150b-d532-4285-be94-b07a3e11a098;18;;
72718;1787670324705;150D;Fahrstatistik Max/Ø;20;22;1;00-47-00-00-FF-FF-FF-FF-47-18-FF-FF-FF-FF-FF-FF-FF-FF-00-00;NOTIFICATION;1;da1a1500-d532-4285-be94-b07a3e11a098;da1a150d-d532-4285-be94-b07a3e11a098;18;;
73757;1787670325744;1502;Akkuinformationen;16;23;–;47-18-FF-FF-FF-FF-47-18-FF-FF-FF-FF-FF-FF-00-00;NOTIFICATION;1;da1a1500-d532-4285-be94-b07a3e11a098;da1a1502-d532-4285-be94-b07a3e11a098;18;;
74172;1787670326159;1505;BikePerformance / Fahrleistung;18;23;7;00-00-00-00-FF-FF-00-32-FF-FF-FF-FF-FF-00-00-00-00-00;NOTIFICATION;1;da1a1500-d532-4285-be94-b07a3e11a098;da1a1505-d532-4285-be94-b07a3e11a098;18;;
74381;1787670326368;1506;Trip / Kilometer & Betriebszähler;16;23;7;00-00-1C-5C-00-02-36-A8-00-00-02-D6-00-00-00-00;NOTIFICATION;1;da1a1500-d532-4285-be94-b07a3e11a098;da1a1506-d532-4285-be94-b07a3e11a098;18;;
74791;1787670326778;1508;Settings / Licht & Fahrstufe;17;23;–;00-00-00-01-FF-FF-FF-FF-FF-FF-FF-00-00-00-00-00-00;NOTIFICATION;1;da1a1500-d532-4285-be94-b07a3e11a098;da1a1508-d532-4285-be94-b07a3e11a098;18;;
75001;1787670326988;1509;BatteryChange / Akku-Livestand;11;23;5,6;00-00-FF-FF-20-B4-78-00-00-00-00;NOTIFICATION;1;da1a1500-d532-4285-be94-b07a3e11a098;da1a1509-d532-4285-be94-b07a3e11a098;18;;
75220;1787670327207;150A;MotorUpdate / Motor-Livestand;10;23;–;00-00-FF-FF-FF-FF-FF-FF-FF-FF;NOTIFICATION;1;da1a1500-d532-4285-be94-b07a3e11a098;da1a150a-d532-4285-be94-b07a3e11a098;18;;
75426;1787670327413;150B;Motor-/Controllerblock;20;23;–;FF-FF-FF-FF-FF-FF-FF-FF-FF-FF-FF-FF-FF-FF-FF-FF-FF-FF-FF-FF;NOTIFICATION;1;da1a1500-d532-4285-be94-b07a3e11a098;da1a150b-d532-4285-be94-b07a3e11a098;18;;
75636;1787670327623;150D;Fahrstatistik Max/Ø;20;23;1;00-48-00-00-FF-FF-FF-FF-47-18-FF-FF-FF-FF-FF-FF-FF-FF-00-00;NOTIFICATION;1;da1a1500-d532-4285-be94-b07a3e11a098;da1a150d-d532-4285-be94-b07a3e11a098;18;;
76678;1787670328665;1502;Akkuinformationen;16;24;–;47-18-FF-FF-FF-FF-47-18-FF-FF-FF-FF-FF-FF-00-00;NOTIFICATION;1;da1a1500-d532-4285-be94-b07a3e11a098;da1a1502-d532-4285-be94-b07a3e11a098;18;;
77095;1787670329082;1505;BikePerformance / Fahrleistung;18;24;7;00-00-00-00-FF-FF-00-00-FF-FF-FF-FF-FF-00-00-00-00-00;NOTIFICATION;1;da1a1500-d532-4285-be94-b07a3e11a098;da1a1505-d532-4285-be94-b07a3e11a098;18;;
77308;1787670329295;1506;Trip / Kilometer & Betriebszähler;16;24;7;00-00-1C-5C-00-02-36-AB-00-00-02-D6-00-00-00-00;NOTIFICATION;1;da1a1500-d532-4285-be94-b07a3e11a098;da1a1506-d532-4285-be94-b07a3e11a098;18;;
77726;1787670329713;1508;Settings / Licht & Fahrstufe;17;24;–;00-00-00-01-FF-FF-FF-FF-FF-FF-FF-00-00-00-00-00-00;NOTIFICATION;1;da1a1500-d532-4285-be94-b07a3e11a098;da1a1508-d532-4285-be94-b07a3e11a098;18;;
77928;1787670329915;1509;BatteryChange / Akku-Livestand;11;24;5,6;00-00-FF-FF-20-B3-B0-00-00-00-00;NOTIFICATION;1;da1a1500-d532-4285-be94-b07a3e11a098;da1a1509-d532-4285-be94-b07a3e11a098;18;;
78136;1787670330123;150A;MotorUpdate / Motor-Livestand;10;24;–;00-00-FF-FF-FF-FF-FF-FF-FF-FF;NOTIFICATION;1;da1a1500-d532-4285-be94-b07a3e11a098;da1a150a-d532-4285-be94-b07a3e11a098;18;;
78346;1787670330333;150B;Motor-/Controllerblock;20;24;–;FF-FF-FF-FF-FF-FF-FF-FF-FF-FF-FF-FF-FF-FF-FF-FF-FF-FF-FF-FF;NOTIFICATION;1;da1a1500-d532-4285-be94-b07a3e11a098;da1a150b-d532-4285-be94-b07a3e11a098;18;;
78560;1787670330547;150D;Fahrstatistik Max/Ø;20;24;–;00-48-00-00-FF-FF-FF-FF-47-18-FF-FF-FF-FF-FF-FF-FF-FF-00-00;NOTIFICATION;1;da1a1500-d532-4285-be94-b07a3e11a098;da1a150d-d532-4285-be94-b07a3e11a098;18;;
79600;1787670331587;1502;Akkuinformationen;16;25;–;47-18-FF-FF-FF-FF-47-18-FF-FF-FF-FF-FF-FF-00-00;NOTIFICATION;1;da1a1500-d532-4285-be94-b07a3e11a098;da1a1502-d532-4285-be94-b07a3e11a098;18;;
80016;1787670332003;1505;BikePerformance / Fahrleistung;18;25;7;00-00-00-00-FF-FF-00-0B-FF-FF-FF-FF-FF-00-00-00-00-00;NOTIFICATION;1;da1a1500-d532-4285-be94-b07a3e11a098;da1a1505-d532-4285-be94-b07a3e11a098;18;;
80229;1787670332216;1506;Trip / Kilometer & Betriebszähler;16;25;7;00-00-1C-5C-00-02-36-AD-00-00-02-D6-00-00-00-00;NOTIFICATION;1;da1a1500-d532-4285-be94-b07a3e11a098;da1a1506-d532-4285-be94-b07a3e11a098;18;;
80650;1787670332637;1508;Settings / Licht & Fahrstufe;17;25;–;00-00-00-01-FF-FF-FF-FF-FF-FF-FF-00-00-00-00-00-00;NOTIFICATION;1;da1a1500-d532-4285-be94-b07a3e11a098;da1a1508-d532-4285-be94-b07a3e11a098;18;;
80849;1787670332836;1509;BatteryChange / Akku-Livestand;11;25;–;00-00-FF-FF-20-B3-B0-00-00-00-00;NOTIFICATION;1;da1a1500-d532-4285-be94-b07a3e11a098;da1a1509-d532-4285-be94-b07a3e11a098;18;;
81054;1787670333041;150A;MotorUpdate / Motor-Livestand;10;25;–;00-00-FF-FF-FF-FF-FF-FF-FF-FF;NOTIFICATION;1;da1a1500-d532-4285-be94-b07a3e11a098;da1a150a-d532-4285-be94-b07a3e11a098;18;;
81270;1787670333257;150B;Motor-/Controllerblock;20;25;–;FF-FF-FF-FF-FF-FF-FF-FF-FF-FF-FF-FF-FF-FF-FF-FF-FF-FF-FF-FF;NOTIFICATION;1;da1a1500-d532-4285-be94-b07a3e11a098;da1a150b-d532-4285-be94-b07a3e11a098;18;;
81476;1787670333463;150D;Fahrstatistik Max/Ø;20;25;–;00-48-00-00-FF-FF-FF-FF-47-18-FF-FF-FF-FF-FF-FF-FF-FF-00-00;NOTIFICATION;1;da1a1500-d532-4285-be94-b07a3e11a098;da1a150d-d532-4285-be94-b07a3e11a098;18;;
82516;1787670334503;1502;Akkuinformationen;16;26;–;47-18-FF-FF-FF-FF-47-18-FF-FF-FF-FF-FF-FF-00-00;NOTIFICATION;1;da1a1500-d532-4285-be94-b07a3e11a098;da1a1502-d532-4285-be94-b07a3e11a098;18;;
82936;1787670334923;1505;BikePerformance / Fahrleistung;18;26;0,1,2,3,7;11-58-11-58-FF-FF-00-70-FF-FF-FF-FF-FF-00-00-00-00-00;NOTIFICATION;1;da1a1500-d532-4285-be94-b07a3e11a098;da1a1505-d532-4285-be94-b07a3e11a098;18;;
83146;1787670335133;1506;Trip / Kilometer & Betriebszähler;16;26;7;00-00-1C-5C-00-02-36-B0-00-00-02-D6-00-00-00-00;NOTIFICATION;1;da1a1500-d532-4285-be94-b07a3e11a098;da1a1506-d532-4285-be94-b07a3e11a098;18;;
83568;1787670335555;1508;Settings / Licht & Fahrstufe;17;26;–;00-00-00-01-FF-FF-FF-FF-FF-FF-FF-00-00-00-00-00-00;NOTIFICATION;1;da1a1500-d532-4285-be94-b07a3e11a098;da1a1508-d532-4285-be94-b07a3e11a098;18;;
83838;1787670335825;1509;BatteryChange / Akku-Livestand;11;26;0,1,5,6,9,10;2A-F8-FF-FF-20-A9-EC-00-00-01-DE;NOTIFICATION;1;da1a1500-d532-4285-be94-b07a3e11a098;da1a1509-d532-4285-be94-b07a3e11a098;18;;
83975;1787670335962;150A;MotorUpdate / Motor-Livestand;10;26;0,1;3A-98-FF-FF-FF-FF-FF-FF-FF-FF;NOTIFICATION;1;da1a1500-d532-4285-be94-b07a3e11a098;da1a150a-d532-4285-be94-b07a3e11a098;18;;
84184;1787670336171;150B;Motor-/Controllerblock;20;26;–;FF-FF-FF-FF-FF-FF-FF-FF-FF-FF-FF-FF-FF-FF-FF-FF-FF-FF-FF-FF;NOTIFICATION;1;da1a1500-d532-4285-be94-b07a3e11a098;da1a150b-d532-4285-be94-b07a3e11a098;18;;
84394;1787670336381;150D;Fahrstatistik Max/Ø;20;26;1;00-A1-00-00-FF-FF-FF-FF-47-18-FF-FF-FF-FF-FF-FF-FF-FF-00-00;NOTIFICATION;1;da1a1500-d532-4285-be94-b07a3e11a098;da1a150d-d532-4285-be94-b07a3e11a098;18;;
85446;1787670337433;1502;Akkuinformationen;16;27;–;47-18-FF-FF-FF-FF-47-18-FF-FF-FF-FF-FF-FF-00-00;NOTIFICATION;1;da1a1500-d532-4285-be94-b07a3e11a098;da1a1502-d532-4285-be94-b07a3e11a098;18;;
85858;1787670337845;1505;BikePerformance / Fahrleistung;18;27;0,1,2,3,7;01-C2-01-C2-FF-FF-00-A8-FF-FF-FF-FF-FF-00-00-00-00-00;NOTIFICATION;1;da1a1500-d532-4285-be94-b07a3e11a098;da1a1505-d532-4285-be94-b07a3e11a098;18;;
86075;1787670338062;1506;Trip / Kilometer & Betriebszähler;16;27;7;00-00-1C-5C-00-02-36-B3-00-00-02-D6-00-00-00-00;NOTIFICATION;1;da1a1500-d532-4285-be94-b07a3e11a098;da1a1506-d532-4285-be94-b07a3e11a098;18;;
86487;1787670338474;1508;Settings / Licht & Fahrstufe;17;27;–;00-00-00-01-FF-FF-FF-FF-FF-FF-FF-00-00-00-00-00-00;NOTIFICATION;1;da1a1500-d532-4285-be94-b07a3e11a098;da1a1508-d532-4285-be94-b07a3e11a098;18;;
86709;1787670338696;1509;BatteryChange / Akku-Livestand;11;27;0,1,5,6,9,10;00-00-FF-FF-20-B3-4C-00-00-00-00;NOTIFICATION;1;da1a1500-d532-4285-be94-b07a3e11a098;da1a1509-d532-4285-be94-b07a3e11a098;18;;
86896;1787670338883;150A;MotorUpdate / Motor-Livestand;10;27;0,1;00-00-FF-FF-FF-FF-FF-FF-FF-FF;NOTIFICATION;1;da1a1500-d532-4285-be94-b07a3e11a098;da1a150a-d532-4285-be94-b07a3e11a098;18;;
87106;1787670339093;150B;Motor-/Controllerblock;20;27;–;FF-FF-FF-FF-FF-FF-FF-FF-FF-FF-FF-FF-FF-FF-FF-FF-FF-FF-FF-FF;NOTIFICATION;1;da1a1500-d532-4285-be94-b07a3e11a098;da1a150b-d532-4285-be94-b07a3e11a098;18;;
87318;1787670339305;150D;Fahrstatistik Max/Ø;20;27;1;00-AC-00-00-FF-FF-FF-FF-47-18-FF-FF-FF-FF-FF-FF-FF-FF-00-00;NOTIFICATION;1;da1a1500-d532-4285-be94-b07a3e11a098;da1a150d-d532-4285-be94-b07a3e11a098;18;;
88366;1787670340353;1502;Akkuinformationen;16;28;–;47-18-FF-FF-FF-FF-47-18-FF-FF-FF-FF-FF-FF-00-00;NOTIFICATION;1;da1a1500-d532-4285-be94-b07a3e11a098;da1a1502-d532-4285-be94-b07a3e11a098;18;;
88780;1787670340767;1505;BikePerformance / Fahrleistung;18;28;0,1,2,3,7;00-00-00-00-FF-FF-00-89-FF-FF-FF-FF-FF-00-00-00-00-00;NOTIFICATION;1;da1a1500-d532-4285-be94-b07a3e11a098;da1a1505-d532-4285-be94-b07a3e11a098;18;;
88987;1787670340974;1506;Trip / Kilometer & Betriebszähler;16;28;7;00-00-1C-5C-00-02-36-B6-00-00-02-D6-00-00-00-00;NOTIFICATION;1;da1a1500-d532-4285-be94-b07a3e11a098;da1a1506-d532-4285-be94-b07a3e11a098;18;;
89406;1787670341393;1508;Settings / Licht & Fahrstufe;17;28;–;00-00-00-01-FF-FF-FF-FF-FF-FF-FF-00-00-00-00-00-00;NOTIFICATION;1;da1a1500-d532-4285-be94-b07a3e11a098;da1a1508-d532-4285-be94-b07a3e11a098;18;;
89618;1787670341605;1509;BatteryChange / Akku-Livestand;11;28;–;00-00-FF-FF-20-B3-4C-00-00-00-00;NOTIFICATION;1;da1a1500-d532-4285-be94-b07a3e11a098;da1a1509-d532-4285-be94-b07a3e11a098;18;;
89829;1787670341816;150A;MotorUpdate / Motor-Livestand;10;28;–;00-00-FF-FF-FF-FF-FF-FF-FF-FF;NOTIFICATION;1;da1a1500-d532-4285-be94-b07a3e11a098;da1a150a-d532-4285-be94-b07a3e11a098;18;;
90036;1787670342023;150B;Motor-/Controllerblock;20;28;–;FF-FF-FF-FF-FF-FF-FF-FF-FF-FF-FF-FF-FF-FF-FF-FF-FF-FF-FF-FF;NOTIFICATION;1;da1a1500-d532-4285-be94-b07a3e11a098;da1a150b-d532-4285-be94-b07a3e11a098;18;;
90236;1787670342223;150D;Fahrstatistik Max/Ø;20;28;–;00-AC-00-00-FF-FF-FF-FF-47-18-FF-FF-FF-FF-FF-FF-FF-FF-00-00;NOTIFICATION;1;da1a1500-d532-4285-be94-b07a3e11a098;da1a150d-d532-4285-be94-b07a3e11a098;18;;
91286;1787670343273;1502;Akkuinformationen;16;29;–;47-18-FF-FF-FF-FF-47-18-FF-FF-FF-FF-FF-FF-00-00;NOTIFICATION;1;da1a1500-d532-4285-be94-b07a3e11a098;da1a1502-d532-4285-be94-b07a3e11a098;18;;
91697;1787670343684;1505;BikePerformance / Fahrleistung;18;29;7;00-00-00-00-FF-FF-00-6F-FF-FF-FF-FF-FF-00-00-00-00-00;NOTIFICATION;1;da1a1500-d532-4285-be94-b07a3e11a098;da1a1505-d532-4285-be94-b07a3e11a098;18;;
91908;1787670343895;1506;Trip / Kilometer & Betriebszähler;16;29;7;00-00-1C-5C-00-02-36-B9-00-00-02-D6-00-00-00-00;NOTIFICATION;1;da1a1500-d532-4285-be94-b07a3e11a098;da1a1506-d532-4285-be94-b07a3e11a098;18;;
92326;1787670344313;1508;Settings / Licht & Fahrstufe;17;29;–;00-00-00-01-FF-FF-FF-FF-FF-FF-FF-00-00-00-00-00-00;NOTIFICATION;1;da1a1500-d532-4285-be94-b07a3e11a098;da1a1508-d532-4285-be94-b07a3e11a098;18;;
92536;1787670344523;1509;BatteryChange / Akku-Livestand;11;29;6;00-00-FF-FF-20-B3-B0-00-00-00-00;NOTIFICATION;1;da1a1500-d532-4285-be94-b07a3e11a098;da1a1509-d532-4285-be94-b07a3e11a098;18;;
92744;1787670344731;150A;MotorUpdate / Motor-Livestand;10;29;–;00-00-FF-FF-FF-FF-FF-FF-FF-FF;NOTIFICATION;1;da1a1500-d532-4285-be94-b07a3e11a098;da1a150a-d532-4285-be94-b07a3e11a098;18;;
92956;1787670344943;150B;Motor-/Controllerblock;20;29;–;FF-FF-FF-FF-FF-FF-FF-FF-FF-FF-FF-FF-FF-FF-FF-FF-FF-FF-FF-FF;NOTIFICATION;1;da1a1500-d532-4285-be94-b07a3e11a098;da1a150b-d532-4285-be94-b07a3e11a098;18;;
93155;1787670345142;150D;Fahrstatistik Max/Ø;20;29;–;00-AC-00-00-FF-FF-FF-FF-47-18-FF-FF-FF-FF-FF-FF-FF-FF-00-00;NOTIFICATION;1;da1a1500-d532-4285-be94-b07a3e11a098;da1a150d-d532-4285-be94-b07a3e11a098;18;;
94218;1787670346205;1502;Akkuinformationen;16;30;–;47-18-FF-FF-FF-FF-47-18-FF-FF-FF-FF-FF-FF-00-00;NOTIFICATION;1;da1a1500-d532-4285-be94-b07a3e11a098;da1a1502-d532-4285-be94-b07a3e11a098;18;;
94625;1787670346612;1505;BikePerformance / Fahrleistung;18;30;7;00-00-00-00-FF-FF-00-28-FF-FF-FF-FF-FF-00-00-00-00-00;NOTIFICATION;1;da1a1500-d532-4285-be94-b07a3e11a098;da1a1505-d532-4285-be94-b07a3e11a098;18;;
94828;1787670346815;1506;Trip / Kilometer & Betriebszähler;16;30;7;00-00-1C-5C-00-02-36-BC-00-00-02-D6-00-00-00-00;NOTIFICATION;1;da1a1500-d532-4285-be94-b07a3e11a098;da1a1506-d532-4285-be94-b07a3e11a098;18;;
95247;1787670347234;1508;Settings / Licht & Fahrstufe;17;30;–;00-00-00-01-FF-FF-FF-FF-FF-FF-FF-00-00-00-00-00-00;NOTIFICATION;1;da1a1500-d532-4285-be94-b07a3e11a098;da1a1508-d532-4285-be94-b07a3e11a098;18;;
95456;1787670347443;1509;BatteryChange / Akku-Livestand;11;30;–;00-00-FF-FF-20-B3-B0-00-00-00-00;NOTIFICATION;1;da1a1500-d532-4285-be94-b07a3e11a098;da1a1509-d532-4285-be94-b07a3e11a098;18;;
95668;1787670347655;150A;MotorUpdate / Motor-Livestand;10;30;–;00-00-FF-FF-FF-FF-FF-FF-FF-FF;NOTIFICATION;1;da1a1500-d532-4285-be94-b07a3e11a098;da1a150a-d532-4285-be94-b07a3e11a098;18;;
95875;1787670347862;150B;Motor-/Controllerblock;20;30;–;FF-FF-FF-FF-FF-FF-FF-FF-FF-FF-FF-FF-FF-FF-FF-FF-FF-FF-FF-FF;NOTIFICATION;1;da1a1500-d532-4285-be94-b07a3e11a098;da1a150b-d532-4285-be94-b07a3e11a098;18;;
96085;1787670348072;150D;Fahrstatistik Max/Ø;20;30;–;00-AC-00-00-FF-FF-FF-FF-47-18-FF-FF-FF-FF-FF-FF-FF-FF-00-00;NOTIFICATION;1;da1a1500-d532-4285-be94-b07a3e11a098;da1a150d-d532-4285-be94-b07a3e11a098;18;;
97128;1787670349115;1502;Akkuinformationen;16;31;–;47-18-FF-FF-FF-FF-47-18-FF-FF-FF-FF-FF-FF-00-00;NOTIFICATION;1;da1a1500-d532-4285-be94-b07a3e11a098;da1a1502-d532-4285-be94-b07a3e11a098;18;;
97550;1787670349537;1505;BikePerformance / Fahrleistung;18;31;–;00-00-00-00-FF-FF-00-00-33-34-35-36-37-38-39-35-3D-14;NOTIFICATION_QUARANTINED;1;da1a1500-d532-4285-be94-b07a3e11a098;da1a1505-d532-4285-be94-b07a3e11a098;18;;
97760;1787670349747;1506;Trip / Kilometer & Betriebszähler;16;31;7;00-00-1C-5C-00-02-36-BF-00-00-02-D6-00-00-00-00;NOTIFICATION;1;da1a1500-d532-4285-be94-b07a3e11a098;da1a1506-d532-4285-be94-b07a3e11a098;18;;
98166;1787670350153;1508;Settings / Licht & Fahrstufe;17;31;–;00-00-00-01-FF-FF-FF-FF-FF-FF-FF-00-00-00-00-00-00;NOTIFICATION;1;da1a1500-d532-4285-be94-b07a3e11a098;da1a1508-d532-4285-be94-b07a3e11a098;18;;
98376;1787670350363;1509;BatteryChange / Akku-Livestand;11;31;–;00-00-FF-FF-20-B3-B0-00-00-00-00;NOTIFICATION;1;da1a1500-d532-4285-be94-b07a3e11a098;da1a1509-d532-4285-be94-b07a3e11a098;18;;
98586;1787670350573;150A;MotorUpdate / Motor-Livestand;10;31;–;00-00-FF-FF-FF-FF-FF-FF-FF-FF;NOTIFICATION;1;da1a1500-d532-4285-be94-b07a3e11a098;da1a150a-d532-4285-be94-b07a3e11a098;18;;
98796;1787670350783;150B;Motor-/Controllerblock;20;31;–;FF-FF-FF-FF-FF-FF-FF-FF-FF-FF-FF-FF-FF-FF-FF-FF-FF-FF-FF-FF;NOTIFICATION;1;da1a1500-d532-4285-be94-b07a3e11a098;da1a150b-d532-4285-be94-b07a3e11a098;18;;
99010;1787670350997;150D;Fahrstatistik Max/Ø;20;31;–;00-AC-00-00-FF-FF-FF-FF-47-18-FF-FF-FF-FF-FF-FF-FF-FF-00-00;NOTIFICATION;1;da1a1500-d532-4285-be94-b07a3e11a098;da1a150d-d532-4285-be94-b07a3e11a098;18;;
100045;1787670352032;1502;Akkuinformationen;16;32;–;47-18-FF-FF-FF-FF-47-18-FF-FF-FF-FF-FF-FF-00-00;NOTIFICATION;1;da1a1500-d532-4285-be94-b07a3e11a098;da1a1502-d532-4285-be94-b07a3e11a098;18;;
100465;1787670352452;1505;BikePerformance / Fahrleistung;18;32;7;00-00-00-00-FF-FF-00-0B-FF-FF-FF-FF-FF-00-00-00-00-00;NOTIFICATION;1;da1a1500-d532-4285-be94-b07a3e11a098;da1a1505-d532-4285-be94-b07a3e11a098;18;;
100677;1787670352664;1506;Trip / Kilometer & Betriebszähler;16;32;7;00-00-1C-5C-00-02-36-C1-00-00-02-D6-00-00-00-00;NOTIFICATION;1;da1a1500-d532-4285-be94-b07a3e11a098;da1a1506-d532-4285-be94-b07a3e11a098;18;;
101088;1787670353075;1508;Settings / Licht & Fahrstufe;17;32;–;00-00-00-01-FF-FF-FF-FF-FF-FF-FF-00-00-00-00-00-00;NOTIFICATION;1;da1a1500-d532-4285-be94-b07a3e11a098;da1a1508-d532-4285-be94-b07a3e11a098;18;;
101295;1787670353282;1509;BatteryChange / Akku-Livestand;11;32;–;00-00-FF-FF-20-B3-B0-00-00-00-00;NOTIFICATION;1;da1a1500-d532-4285-be94-b07a3e11a098;da1a1509-d532-4285-be94-b07a3e11a098;18;;
101503;1787670353490;150A;MotorUpdate / Motor-Livestand;10;32;–;00-00-FF-FF-FF-FF-FF-FF-FF-FF;NOTIFICATION;1;da1a1500-d532-4285-be94-b07a3e11a098;da1a150a-d532-4285-be94-b07a3e11a098;18;;
101713;1787670353700;150B;Motor-/Controllerblock;20;32;–;FF-FF-FF-FF-FF-FF-FF-FF-FF-FF-FF-FF-FF-FF-FF-FF-FF-FF-FF-FF;NOTIFICATION;1;da1a1500-d532-4285-be94-b07a3e11a098;da1a150b-d532-4285-be94-b07a3e11a098;18;;
101930;1787670353917;150D;Fahrstatistik Max/Ø;20;32;–;00-AC-00-00-FF-FF-FF-FF-47-18-FF-FF-FF-FF-FF-FF-FF-FF-00-00;NOTIFICATION;1;da1a1500-d532-4285-be94-b07a3e11a098;da1a150d-d532-4285-be94-b07a3e11a098;18;;
102970;1787670354957;1502;Akkuinformationen;16;33;–;47-18-FF-FF-FF-FF-47-18-FF-FF-FF-FF-FF-FF-00-00;NOTIFICATION;1;da1a1500-d532-4285-be94-b07a3e11a098;da1a1502-d532-4285-be94-b07a3e11a098;18;;
103386;1787670355373;1505;BikePerformance / Fahrleistung;18;33;7;00-00-00-00-FF-FF-00-00-FF-FF-FF-FF-FF-00-00-00-00-00;NOTIFICATION;1;da1a1500-d532-4285-be94-b07a3e11a098;da1a1505-d532-4285-be94-b07a3e11a098;18;;
103598;1787670355585;1506;Trip / Kilometer & Betriebszähler;16;33;7;00-00-1C-5C-00-02-36-C3-00-00-02-D6-00-00-00-00;NOTIFICATION;1;da1a1500-d532-4285-be94-b07a3e11a098;da1a1506-d532-4285-be94-b07a3e11a098;18;;
104012;1787670355999;1508;Settings / Licht & Fahrstufe;17;33;–;00-00-00-01-FF-FF-FF-FF-FF-FF-FF-00-00-00-00-00-00;NOTIFICATION;1;da1a1500-d532-4285-be94-b07a3e11a098;da1a1508-d532-4285-be94-b07a3e11a098;18;;
104216;1787670356203;1509;BatteryChange / Akku-Livestand;11;33;–;00-00-FF-FF-20-B3-B0-00-00-00-00;NOTIFICATION;1;da1a1500-d532-4285-be94-b07a3e11a098;da1a1509-d532-4285-be94-b07a3e11a098;18;;
104425;1787670356412;150A;MotorUpdate / Motor-Livestand;10;33;–;00-00-FF-FF-FF-FF-FF-FF-FF-FF;NOTIFICATION;1;da1a1500-d532-4285-be94-b07a3e11a098;da1a150a-d532-4285-be94-b07a3e11a098;18;;
104636;1787670356623;150B;Motor-/Controllerblock;20;33;–;FF-FF-FF-FF-FF-FF-FF-FF-FF-FF-FF-FF-FF-FF-FF-FF-FF-FF-FF-FF;NOTIFICATION;1;da1a1500-d532-4285-be94-b07a3e11a098;da1a150b-d532-4285-be94-b07a3e11a098;18;;
104845;1787670356832;150D;Fahrstatistik Max/Ø;20;33;–;00-AC-00-00-FF-FF-FF-FF-47-18-FF-FF-FF-FF-FF-FF-FF-FF-00-00;NOTIFICATION;1;da1a1500-d532-4285-be94-b07a3e11a098;da1a150d-d532-4285-be94-b07a3e11a098;18;;
105886;1787670357873;1502;Akkuinformationen;16;34;–;47-18-FF-FF-FF-FF-47-18-FF-FF-FF-FF-FF-FF-00-00;NOTIFICATION;1;da1a1500-d532-4285-be94-b07a3e11a098;da1a1502-d532-4285-be94-b07a3e11a098;18;;
106307;1787670358294;1505;BikePerformance / Fahrleistung;18;34;–;00-00-00-00-FF-FF-00-00-33-34-35-36-37-38-39-35-3D-14;NOTIFICATION_QUARANTINED;1;da1a1500-d532-4285-be94-b07a3e11a098;da1a1505-d532-4285-be94-b07a3e11a098;18;;
106516;1787670358503;1506;Trip / Kilometer & Betriebszähler;16;34;7;00-00-1C-5C-00-02-36-C5-00-00-02-D6-00-00-00-00;NOTIFICATION;1;da1a1500-d532-4285-be94-b07a3e11a098;da1a1506-d532-4285-be94-b07a3e11a098;18;;
106937;1787670358924;1508;Settings / Licht & Fahrstufe;17;34;–;00-00-00-01-FF-FF-FF-FF-FF-FF-FF-00-00-00-00-00-00;NOTIFICATION;1;da1a1500-d532-4285-be94-b07a3e11a098;da1a1508-d532-4285-be94-b07a3e11a098;18;;
107136;1787670359123;1509;BatteryChange / Akku-Livestand;11;34;–;00-00-FF-FF-20-B3-B0-00-00-00-00;NOTIFICATION;1;da1a1500-d532-4285-be94-b07a3e11a098;da1a1509-d532-4285-be94-b07a3e11a098;18;;
107349;1787670359336;150A;MotorUpdate / Motor-Livestand;10;34;–;00-00-FF-FF-FF-FF-FF-FF-FF-FF;NOTIFICATION;1;da1a1500-d532-4285-be94-b07a3e11a098;da1a150a-d532-4285-be94-b07a3e11a098;18;;
107558;1787670359545;150B;Motor-/Controllerblock;20;34;–;FF-FF-FF-FF-FF-FF-FF-FF-FF-FF-FF-FF-FF-FF-FF-FF-FF-FF-FF-FF;NOTIFICATION;1;da1a1500-d532-4285-be94-b07a3e11a098;da1a150b-d532-4285-be94-b07a3e11a098;18;;
107771;1787670359758;150D;Fahrstatistik Max/Ø;20;34;–;00-AC-00-00-FF-FF-FF-FF-47-18-FF-FF-FF-FF-FF-FF-FF-FF-00-00;NOTIFICATION;1;da1a1500-d532-4285-be94-b07a3e11a098;da1a150d-d532-4285-be94-b07a3e11a098;18;;
108811;1787670360798;1502;Akkuinformationen;16;35;–;47-18-FF-FF-FF-FF-47-18-FF-FF-FF-FF-FF-FF-00-00;NOTIFICATION;1;da1a1500-d532-4285-be94-b07a3e11a098;da1a1502-d532-4285-be94-b07a3e11a098;18;;
109227;1787670361214;1505;BikePerformance / Fahrleistung;18;35;7;00-00-00-00-FF-FF-00-01-FF-FF-FF-FF-FF-00-00-00-00-00;NOTIFICATION;1;da1a1500-d532-4285-be94-b07a3e11a098;da1a1505-d532-4285-be94-b07a3e11a098;18;;
109436;1787670361423;1506;Trip / Kilometer & Betriebszähler;16;35;7;00-00-1C-5C-00-02-36-C8-00-00-02-D6-00-00-00-00;NOTIFICATION;1;da1a1500-d532-4285-be94-b07a3e11a098;da1a1506-d532-4285-be94-b07a3e11a098;18;;
109935;1787670361922;1508;Settings / Licht & Fahrstufe;17;35;–;00-00-00-01-FF-FF-FF-FF-FF-FF-FF-00-00-00-00-00-00;NOTIFICATION;1;da1a1500-d532-4285-be94-b07a3e11a098;da1a1508-d532-4285-be94-b07a3e11a098;18;;
110065;1787670362052;1509;BatteryChange / Akku-Livestand;11;35;–;00-00-FF-FF-20-B3-B0-00-00-00-00;NOTIFICATION;1;da1a1500-d532-4285-be94-b07a3e11a098;da1a1509-d532-4285-be94-b07a3e11a098;18;;
110320;1787670362307;150A;MotorUpdate / Motor-Livestand;10;35;–;00-00-FF-FF-FF-FF-FF-FF-FF-FF;NOTIFICATION;1;da1a1500-d532-4285-be94-b07a3e11a098;da1a150a-d532-4285-be94-b07a3e11a098;18;;
110476;1787670362463;150B;Motor-/Controllerblock;20;35;–;FF-FF-FF-FF-FF-FF-FF-FF-FF-FF-FF-FF-FF-FF-FF-FF-FF-FF-FF-FF;NOTIFICATION;1;da1a1500-d532-4285-be94-b07a3e11a098;da1a150b-d532-4285-be94-b07a3e11a098;18;;
110726;1787670362713;150D;Fahrstatistik Max/Ø;20;35;–;00-AC-00-00-FF-FF-FF-FF-47-18-FF-FF-FF-FF-FF-FF-FF-FF-00-00;NOTIFICATION;1;da1a1500-d532-4285-be94-b07a3e11a098;da1a150d-d532-4285-be94-b07a3e11a098;18;;
111842;1787670363829;1502;Akkuinformationen;16;36;–;47-18-FF-FF-FF-FF-47-18-FF-FF-FF-FF-FF-FF-00-00;NOTIFICATION;1;da1a1500-d532-4285-be94-b07a3e11a098;da1a1502-d532-4285-be94-b07a3e11a098;18;;
112227;1787670364214;1505;BikePerformance / Fahrleistung;18;36;0,1,2,3,7;0A-A0-0A-A0-FF-FF-00-75-FF-FF-FF-FF-FF-00-00-00-00-00;NOTIFICATION;1;da1a1500-d532-4285-be94-b07a3e11a098;da1a1505-d532-4285-be94-b07a3e11a098;18;;
112358;1787670364345;1506;Trip / Kilometer & Betriebszähler;16;36;7;00-00-1C-5C-00-02-36-CB-00-00-02-D6-00-00-00-00;NOTIFICATION;1;da1a1500-d532-4285-be94-b07a3e11a098;da1a1506-d532-4285-be94-b07a3e11a098;18;;
112899;1787670364886;1508;Settings / Licht & Fahrstufe;17;36;–;00-00-00-01-FF-FF-FF-FF-FF-FF-FF-00-00-00-00-00-00;NOTIFICATION;1;da1a1500-d532-4285-be94-b07a3e11a098;da1a1508-d532-4285-be94-b07a3e11a098;18;;
112981;1787670364968;1509;BatteryChange / Akku-Livestand;11;36;0,1,5,6,9,10;1B-58-FF-FF-20-AF-64-00-00-01-3A;NOTIFICATION;1;da1a1500-d532-4285-be94-b07a3e11a098;da1a1509-d532-4285-be94-b07a3e11a098;18;;
113260;1787670365247;150A;MotorUpdate / Motor-Livestand;10;36;0,1;1B-58-FF-FF-FF-FF-FF-FF-FF-FF;NOTIFICATION;1;da1a1500-d532-4285-be94-b07a3e11a098;da1a150a-d532-4285-be94-b07a3e11a098;18;;
113396;1787670365383;150B;Motor-/Controllerblock;20;36;–;FF-FF-FF-FF-FF-FF-FF-FF-FF-FF-FF-FF-FF-FF-FF-FF-FF-FF-FF-FF;NOTIFICATION;1;da1a1500-d532-4285-be94-b07a3e11a098;da1a150b-d532-4285-be94-b07a3e11a098;18;;
113666;1787670365653;150D;Fahrstatistik Max/Ø;20;36;–;00-AC-00-00-FF-FF-FF-FF-47-18-FF-FF-FF-FF-FF-FF-FF-FF-00-00;NOTIFICATION;1;da1a1500-d532-4285-be94-b07a3e11a098;da1a150d-d532-4285-be94-b07a3e11a098;18;;
114737;1787670366724;1502;Akkuinformationen;16;37;–;47-18-FF-FF-FF-FF-47-18-FF-FF-FF-FF-FF-FF-00-00;NOTIFICATION;1;da1a1500-d532-4285-be94-b07a3e11a098;da1a1502-d532-4285-be94-b07a3e11a098;18;;
115137;1787670367124;1505;BikePerformance / Fahrleistung;18;37;0,1,2,3,7;00-00-00-00-FF-FF-00-84-FF-FF-FF-FF-FF-00-00-00-00-00;NOTIFICATION;1;da1a1500-d532-4285-be94-b07a3e11a098;da1a1505-d532-4285-be94-b07a3e11a098;18;;
115275;1787670367262;1506;Trip / Kilometer & Betriebszähler;16;37;7;00-00-1C-5C-00-02-36-CE-00-00-02-D6-00-00-00-00;NOTIFICATION;1;da1a1500-d532-4285-be94-b07a3e11a098;da1a1506-d532-4285-be94-b07a3e11a098;18;;
115772;1787670367759;1508;Settings / Licht & Fahrstufe;17;37;–;00-00-00-01-FF-FF-FF-FF-FF-FF-FF-00-00-00-00-00-00;NOTIFICATION;1;da1a1500-d532-4285-be94-b07a3e11a098;da1a1508-d532-4285-be94-b07a3e11a098;18;;
115905;1787670367892;1509;BatteryChange / Akku-Livestand;11;37;0,1,5,6,9,10;3A-98-FF-FF-20-AB-18-00-00-02-36;NOTIFICATION;1;da1a1500-d532-4285-be94-b07a3e11a098;da1a1509-d532-4285-be94-b07a3e11a098;18;;
116115;1787670368102;150A;MotorUpdate / Motor-Livestand;10;37;0,1;42-68-FF-FF-FF-FF-FF-FF-FF-FF;NOTIFICATION;1;da1a1500-d532-4285-be94-b07a3e11a098;da1a150a-d532-4285-be94-b07a3e11a098;18;;
116323;1787670368310;150B;Motor-/Controllerblock;20;37;–;FF-FF-FF-FF-FF-FF-FF-FF-FF-FF-FF-FF-FF-FF-FF-FF-FF-FF-FF-FF;NOTIFICATION;1;da1a1500-d532-4285-be94-b07a3e11a098;da1a150b-d532-4285-be94-b07a3e11a098;18;;
116526;1787670368513;150D;Fahrstatistik Max/Ø;20;37;–;00-AC-00-00-FF-FF-FF-FF-47-18-FF-FF-FF-FF-FF-FF-FF-FF-00-00;NOTIFICATION;1;da1a1500-d532-4285-be94-b07a3e11a098;da1a150d-d532-4285-be94-b07a3e11a098;18;;
117645;1787670369632;1502;Akkuinformationen;16;38;–;47-18-FF-FF-FF-FF-47-18-FF-FF-FF-FF-FF-FF-00-00;NOTIFICATION;1;da1a1500-d532-4285-be94-b07a3e11a098;da1a1502-d532-4285-be94-b07a3e11a098;18;;
118082;1787670370069;1505;BikePerformance / Fahrleistung;18;38;0,1,2,3,7;0C-44-0C-44-FF-FF-00-D0-FF-FF-FF-FF-FF-00-00-00-00-00;NOTIFICATION;1;da1a1500-d532-4285-be94-b07a3e11a098;da1a1505-d532-4285-be94-b07a3e11a098;18;;
118194;1787670370181;1506;Trip / Kilometer & Betriebszähler;16;38;7;00-00-1C-5C-00-02-36-D1-00-00-02-D6-00-00-00-00;NOTIFICATION;1;da1a1500-d532-4285-be94-b07a3e11a098;da1a1506-d532-4285-be94-b07a3e11a098;18;;
118696;1787670370683;1508;Settings / Licht & Fahrstufe;17;38;–;00-00-00-01-FF-FF-FF-FF-FF-FF-FF-00-00-00-00-00-00;NOTIFICATION;1;da1a1500-d532-4285-be94-b07a3e11a098;da1a1508-d532-4285-be94-b07a3e11a098;18;;
118826;1787670370813;1509;BatteryChange / Akku-Livestand;11;38;0,1,5,6,9,10;00-00-FF-FF-20-B2-84-00-00-00-2D;NOTIFICATION;1;da1a1500-d532-4285-be94-b07a3e11a098;da1a1509-d532-4285-be94-b07a3e11a098;18;;
119085;1787670371072;150A;MotorUpdate / Motor-Livestand;10;38;0,1;00-00-FF-FF-FF-FF-FF-FF-FF-FF;NOTIFICATION;1;da1a1500-d532-4285-be94-b07a3e11a098;da1a150a-d532-4285-be94-b07a3e11a098;18;;
119245;1787670371232;150B;Motor-/Controllerblock;20;38;–;FF-FF-FF-FF-FF-FF-FF-FF-FF-FF-FF-FF-FF-FF-FF-FF-FF-FF-FF-FF;NOTIFICATION;1;da1a1500-d532-4285-be94-b07a3e11a098;da1a150b-d532-4285-be94-b07a3e11a098;18;;
119496;1787670371483;150D;Fahrstatistik Max/Ø;20;38;1;00-DA-00-00-FF-FF-FF-FF-47-18-FF-FF-FF-FF-FF-FF-FF-FF-00-00;NOTIFICATION;1;da1a1500-d532-4285-be94-b07a3e11a098;da1a150d-d532-4285-be94-b07a3e11a098;18;;
120500;1787670372487;1502;Akkuinformationen;16;39;–;47-18-FF-FF-FF-FF-47-18-FF-FF-FF-FF-FF-FF-00-00;NOTIFICATION;1;da1a1500-d532-4285-be94-b07a3e11a098;da1a1502-d532-4285-be94-b07a3e11a098;18;;
120917;1787670372904;1505;BikePerformance / Fahrleistung;18;39;0,1,2,3,7;07-08-07-08-FF-FF-00-DA-FF-FF-FF-FF-FF-00-00-00-00-00;NOTIFICATION;1;da1a1500-d532-4285-be94-b07a3e11a098;da1a1505-d532-4285-be94-b07a3e11a098;18;;
121180;1787670373167;1506;Trip / Kilometer & Betriebszähler;16;39;7;00-00-1C-5C-00-02-36-D3-00-00-02-D6-00-00-00-00;NOTIFICATION;1;da1a1500-d532-4285-be94-b07a3e11a098;da1a1506-d532-4285-be94-b07a3e11a098;18;;
121540;1787670373527;1508;Settings / Licht & Fahrstufe;17;39;–;00-00-00-01-FF-FF-FF-FF-FF-FF-FF-00-00-00-00-00-00;NOTIFICATION;1;da1a1500-d532-4285-be94-b07a3e11a098;da1a1508-d532-4285-be94-b07a3e11a098;18;;
121752;1787670373739;1509;BatteryChange / Akku-Livestand;11;39;0,1;03-E8-FF-FF-20-B2-84-00-00-00-2D;NOTIFICATION;1;da1a1500-d532-4285-be94-b07a3e11a098;da1a1509-d532-4285-be94-b07a3e11a098;18;;
121957;1787670373944;150A;MotorUpdate / Motor-Livestand;10;39;–;00-00-FF-FF-FF-FF-FF-FF-FF-FF;NOTIFICATION;1;da1a1500-d532-4285-be94-b07a3e11a098;da1a150a-d532-4285-be94-b07a3e11a098;18;;
122170;1787670374157;150B;Motor-/Controllerblock;20;39;–;FF-FF-FF-FF-FF-FF-FF-FF-FF-FF-FF-FF-FF-FF-FF-FF-FF-FF-FF-FF;NOTIFICATION;1;da1a1500-d532-4285-be94-b07a3e11a098;da1a150b-d532-4285-be94-b07a3e11a098;18;;
122377;1787670374364;150D;Fahrstatistik Max/Ø;20;39;3;00-DA-00-46-FF-FF-FF-FF-47-18-FF-FF-FF-FF-FF-FF-FF-FF-00-00;NOTIFICATION;1;da1a1500-d532-4285-be94-b07a3e11a098;da1a150d-d532-4285-be94-b07a3e11a098;18;;
123523;1787670375510;1502;Akkuinformationen;16;40;–;47-18-FF-FF-FF-FF-47-18-FF-FF-FF-FF-FF-FF-00-00;NOTIFICATION;1;da1a1500-d532-4285-be94-b07a3e11a098;da1a1502-d532-4285-be94-b07a3e11a098;18;;
123849;1787670375836;1505;BikePerformance / Fahrleistung;18;40;0,1,2,3,7;00-00-00-00-FF-FF-00-C4-FF-FF-FF-FF-FF-00-00-00-00-00;NOTIFICATION;1;da1a1500-d532-4285-be94-b07a3e11a098;da1a1505-d532-4285-be94-b07a3e11a098;18;;
124045;1787670376032;1506;Trip / Kilometer & Betriebszähler;16;40;3,7;00-00-1C-5D-00-02-36-D6-00-00-02-D6-00-00-00-00;NOTIFICATION;1;da1a1500-d532-4285-be94-b07a3e11a098;da1a1506-d532-4285-be94-b07a3e11a098;18;;
124568;1787670376555;1508;Settings / Licht & Fahrstufe;17;40;–;00-00-00-01-FF-FF-FF-FF-FF-FF-FF-00-00-00-00-00-00;NOTIFICATION;1;da1a1500-d532-4285-be94-b07a3e11a098;da1a1508-d532-4285-be94-b07a3e11a098;18;;
124664;1787670376651;1509;BatteryChange / Akku-Livestand;11;40;0,1,5,6,10;0F-A0-FF-FF-20-AF-C8-00-00-00-B4;NOTIFICATION;1;da1a1500-d532-4285-be94-b07a3e11a098;da1a1509-d532-4285-be94-b07a3e11a098;18;;
124919;1787670376906;150A;MotorUpdate / Motor-Livestand;10;40;0,1;1B-58-FF-FF-FF-FF-FF-FF-FF-FF;NOTIFICATION;1;da1a1500-d532-4285-be94-b07a3e11a098;da1a150a-d532-4285-be94-b07a3e11a098;18;;
125086;1787670377073;150B;Motor-/Controllerblock;20;40;–;FF-FF-FF-FF-FF-FF-FF-FF-FF-FF-FF-FF-FF-FF-FF-FF-FF-FF-FF-FF;NOTIFICATION;1;da1a1500-d532-4285-be94-b07a3e11a098;da1a150b-d532-4285-be94-b07a3e11a098;18;;
125335;1787670377322;150D;Fahrstatistik Max/Ø;20;40;–;00-DA-00-46-FF-FF-FF-FF-47-18-FF-FF-FF-FF-FF-FF-FF-FF-00-00;NOTIFICATION;1;da1a1500-d532-4285-be94-b07a3e11a098;da1a150d-d532-4285-be94-b07a3e11a098;18;;
126413;1787670378400;1502;Akkuinformationen;16;41;–;47-18-FF-FF-FF-FF-47-18-FF-FF-FF-FF-FF-FF-00-00;NOTIFICATION;1;da1a1500-d532-4285-be94-b07a3e11a098;da1a1502-d532-4285-be94-b07a3e11a098;18;;
126833;1787670378820;1505;BikePerformance / Fahrleistung;18;41;7;00-00-00-00-FF-FF-00-DA-FF-FF-FF-FF-FF-00-00-00-00-00;NOTIFICATION;1;da1a1500-d532-4285-be94-b07a3e11a098;da1a1505-d532-4285-be94-b07a3e11a098;18;;
126965;1787670378952;1506;Trip / Kilometer & Betriebszähler;16;41;7;00-00-1C-5D-00-02-36-D9-00-00-02-D6-00-00-00-00;NOTIFICATION;1;da1a1500-d532-4285-be94-b07a3e11a098;da1a1506-d532-4285-be94-b07a3e11a098;18;;
127377;1787670379364;1508;Settings / Licht & Fahrstufe;17;41;–;00-00-00-01-FF-FF-FF-FF-FF-FF-FF-00-00-00-00-00-00;NOTIFICATION;1;da1a1500-d532-4285-be94-b07a3e11a098;da1a1508-d532-4285-be94-b07a3e11a098;18;;
127585;1787670379572;1509;BatteryChange / Akku-Livestand;11;41;0,1,5,6,10;00-00-FF-FF-20-B2-84-00-00-00-00;NOTIFICATION;1;da1a1500-d532-4285-be94-b07a3e11a098;da1a1509-d532-4285-be94-b07a3e11a098;18;;
127800;1787670379787;150A;MotorUpdate / Motor-Livestand;10;41;0,1;00-00-FF-FF-FF-FF-FF-FF-FF-FF;NOTIFICATION;1;da1a1500-d532-4285-be94-b07a3e11a098;da1a150a-d532-4285-be94-b07a3e11a098;18;;
128068;1787670380055;150B;Motor-/Controllerblock;20;41;–;FF-FF-FF-FF-FF-FF-FF-FF-FF-FF-FF-FF-FF-FF-FF-FF-FF-FF-FF-FF;NOTIFICATION;1;da1a1500-d532-4285-be94-b07a3e11a098;da1a150b-d532-4285-be94-b07a3e11a098;18;;
128221;1787670380208;150D;Fahrstatistik Max/Ø;20;41;–;00-DA-00-46-FF-FF-FF-FF-47-18-FF-FF-FF-FF-FF-FF-FF-FF-00-00;NOTIFICATION;1;da1a1500-d532-4285-be94-b07a3e11a098;da1a150d-d532-4285-be94-b07a3e11a098;18;;
129252;1787670381239;1502;Akkuinformationen;16;42;–;47-18-FF-FF-FF-FF-47-18-FF-FF-FF-FF-FF-FF-00-00;NOTIFICATION;1;da1a1500-d532-4285-be94-b07a3e11a098;da1a1502-d532-4285-be94-b07a3e11a098;18;;
129671;1787670381658;1505;BikePerformance / Fahrleistung;18;42;7;00-00-00-00-FF-FF-00-C1-FF-FF-FF-FF-FF-00-00-00-00-00;NOTIFICATION;1;da1a1500-d532-4285-be94-b07a3e11a098;da1a1505-d532-4285-be94-b07a3e11a098;18;;
129881;1787670381868;1506;Trip / Kilometer & Betriebszähler;16;42;7;00-00-1C-5D-00-02-36-DC-00-00-02-D6-00-00-00-00;NOTIFICATION;1;da1a1500-d532-4285-be94-b07a3e11a098;da1a1506-d532-4285-be94-b07a3e11a098;18;;
130302;1787670382289;1508;Settings / Licht & Fahrstufe;17;42;–;00-00-00-01-FF-FF-FF-FF-FF-FF-FF-00-00-00-00-00-00;NOTIFICATION;1;da1a1500-d532-4285-be94-b07a3e11a098;da1a1508-d532-4285-be94-b07a3e11a098;18;;
130506;1787670382493;1509;BatteryChange / Akku-Livestand;11;42;0,1,4,5,6,10;0B-B8-FF-FF-1F-B0-F4-00-00-00-87;NOTIFICATION;1;da1a1500-d532-4285-be94-b07a3e11a098;da1a1509-d532-4285-be94-b07a3e11a098;18;;
130717;1787670382704;150A;MotorUpdate / Motor-Livestand;10;42;0,1;07-D0-FF-FF-FF-FF-FF-FF-FF-FF;NOTIFICATION;1;da1a1500-d532-4285-be94-b07a3e11a098;da1a150a-d532-4285-be94-b07a3e11a098;18;;
130925;1787670382912;150B;Motor-/Controllerblock;20;42;–;FF-FF-FF-FF-FF-FF-FF-FF-FF-FF-FF-FF-FF-FF-FF-FF-FF-FF-FF-FF;NOTIFICATION;1;da1a1500-d532-4285-be94-b07a3e11a098;da1a150b-d532-4285-be94-b07a3e11a098;18;;
131135;1787670383122;150D;Fahrstatistik Max/Ø;20;42;–;00-DA-00-46-FF-FF-FF-FF-47-18-FF-FF-FF-FF-FF-FF-FF-FF-00-00;NOTIFICATION;1;da1a1500-d532-4285-be94-b07a3e11a098;da1a150d-d532-4285-be94-b07a3e11a098;18;;
132177;1787670384164;1502;Akkuinformationen;16;43;–;47-18-FF-FF-FF-FF-47-18-FF-FF-FF-FF-FF-FF-00-00;NOTIFICATION;1;da1a1500-d532-4285-be94-b07a3e11a098;da1a1502-d532-4285-be94-b07a3e11a098;18;;
132599;1787670384586;1505;BikePerformance / Fahrleistung;18;43;0,1,2,3,7;0A-78-0A-78-FF-FF-00-C3-FF-FF-FF-FF-FF-00-00-00-00-00;NOTIFICATION;1;da1a1500-d532-4285-be94-b07a3e11a098;da1a1505-d532-4285-be94-b07a3e11a098;18;;
132806;1787670384793;1506;Trip / Kilometer & Betriebszähler;16;43;7;00-00-1C-5D-00-02-36-DF-00-00-02-D6-00-00-00-00;NOTIFICATION;1;da1a1500-d532-4285-be94-b07a3e11a098;da1a1506-d532-4285-be94-b07a3e11a098;18;;
133228;1787670385215;1508;Settings / Licht & Fahrstufe;17;43;–;00-00-00-01-FF-FF-FF-FF-FF-FF-FF-00-00-00-00-00-00;NOTIFICATION;1;da1a1500-d532-4285-be94-b07a3e11a098;da1a1508-d532-4285-be94-b07a3e11a098;18;;
133438;1787670385425;1509;BatteryChange / Akku-Livestand;11;43;0,1,5,6,9,10;17-70-FF-FF-1F-AF-C8-00-00-01-0E;NOTIFICATION;1;da1a1500-d532-4285-be94-b07a3e11a098;da1a1509-d532-4285-be94-b07a3e11a098;18;;
133636;1787670385623;150A;MotorUpdate / Motor-Livestand;10;43;0,1;17-70-FF-FF-FF-FF-FF-FF-FF-FF;NOTIFICATION;1;da1a1500-d532-4285-be94-b07a3e11a098;da1a150a-d532-4285-be94-b07a3e11a098;18;;
133846;1787670385833;150B;Motor-/Controllerblock;20;43;–;FF-FF-FF-FF-FF-FF-FF-FF-FF-FF-FF-FF-FF-FF-FF-FF-FF-FF-FF-FF;NOTIFICATION;1;da1a1500-d532-4285-be94-b07a3e11a098;da1a150b-d532-4285-be94-b07a3e11a098;18;;
134058;1787670386045;150D;Fahrstatistik Max/Ø;20;43;–;00-DA-00-46-FF-FF-FF-FF-47-18-FF-FF-FF-FF-FF-FF-FF-FF-00-00;NOTIFICATION;1;da1a1500-d532-4285-be94-b07a3e11a098;da1a150d-d532-4285-be94-b07a3e11a098;18;;
135095;1787670387082;1502;Akkuinformationen;16;44;–;47-18-FF-FF-FF-FF-47-18-FF-FF-FF-FF-FF-FF-00-00;NOTIFICATION;1;da1a1500-d532-4285-be94-b07a3e11a098;da1a1502-d532-4285-be94-b07a3e11a098;18;;
135519;1787670387506;1505;BikePerformance / Fahrleistung;18;44;0,1,2,3,7;01-C2-01-C2-FF-FF-00-DA-FF-FF-FF-FF-FF-00-00-00-00-00;NOTIFICATION;1;da1a1500-d532-4285-be94-b07a3e11a098;da1a1505-d532-4285-be94-b07a3e11a098;18;;
135727;1787670387714;1506;Trip / Kilometer & Betriebszähler;16;44;7;00-00-1C-5D-00-02-36-E2-00-00-02-D6-00-00-00-00;NOTIFICATION;1;da1a1500-d532-4285-be94-b07a3e11a098;da1a1506-d532-4285-be94-b07a3e11a098;18;;
136146;1787670388133;1508;Settings / Licht & Fahrstufe;17;44;–;00-00-00-01-FF-FF-FF-FF-FF-FF-FF-00-00-00-00-00-00;NOTIFICATION;1;da1a1500-d532-4285-be94-b07a3e11a098;da1a1508-d532-4285-be94-b07a3e11a098;18;;
136359;1787670388346;1509;BatteryChange / Akku-Livestand;11;44;0,1,4,5,6,9,10;00-00-FF-FF-1B-B2-84-00-00-00-00;NOTIFICATION;1;da1a1500-d532-4285-be94-b07a3e11a098;da1a1509-d532-4285-be94-b07a3e11a098;18;;
136558;1787670388545;150A;MotorUpdate / Motor-Livestand;10;44;0,1;00-00-FF-FF-FF-FF-FF-FF-FF-FF;NOTIFICATION;1;da1a1500-d532-4285-be94-b07a3e11a098;da1a150a-d532-4285-be94-b07a3e11a098;18;;
136766;1787670388753;150B;Motor-/Controllerblock;20;44;–;FF-FF-FF-FF-FF-FF-FF-FF-FF-FF-FF-FF-FF-FF-FF-FF-FF-FF-FF-FF;NOTIFICATION;1;da1a1500-d532-4285-be94-b07a3e11a098;da1a150b-d532-4285-be94-b07a3e11a098;18;;
136976;1787670388963;150D;Fahrstatistik Max/Ø;20;44;–;00-DA-00-46-FF-FF-FF-FF-47-18-FF-FF-FF-FF-FF-FF-FF-FF-00-00;NOTIFICATION;1;da1a1500-d532-4285-be94-b07a3e11a098;da1a150d-d532-4285-be94-b07a3e11a098;18;;
138027;1787670390014;1502;Akkuinformationen;16;45;–;47-18-FF-FF-FF-FF-47-18-FF-FF-FF-FF-FF-FF-00-00;NOTIFICATION;1;da1a1500-d532-4285-be94-b07a3e11a098;da1a1502-d532-4285-be94-b07a3e11a098;18;;
138440;1787670390427;1505;BikePerformance / Fahrleistung;18;45;0,1,2,3,7;00-00-00-00-FF-FF-00-97-FF-FF-FF-FF-FF-00-00-00-00-00;NOTIFICATION;1;da1a1500-d532-4285-be94-b07a3e11a098;da1a1505-d532-4285-be94-b07a3e11a098;18;;
138649;1787670390636;1506;Trip / Kilometer & Betriebszähler;16;45;7;00-00-1C-5D-00-02-36-E5-00-00-02-D6-00-00-00-00;NOTIFICATION;1;da1a1500-d532-4285-be94-b07a3e11a098;da1a1506-d532-4285-be94-b07a3e11a098;18;;
139066;1787670391053;1508;Settings / Licht & Fahrstufe;17;45;–;00-00-00-01-FF-FF-FF-FF-FF-FF-FF-00-00-00-00-00-00;NOTIFICATION;1;da1a1500-d532-4285-be94-b07a3e11a098;da1a1508-d532-4285-be94-b07a3e11a098;18;;
139274;1787670391261;1509;BatteryChange / Akku-Livestand;11;45;6;00-00-FF-FF-1B-B2-E8-00-00-00-00;NOTIFICATION;1;da1a1500-d532-4285-be94-b07a3e11a098;da1a1509-d532-4285-be94-b07a3e11a098;18;;
139486;1787670391473;150A;MotorUpdate / Motor-Livestand;10;45;0,1;03-E8-FF-FF-FF-FF-FF-FF-FF-FF;NOTIFICATION;1;da1a1500-d532-4285-be94-b07a3e11a098;da1a150a-d532-4285-be94-b07a3e11a098;18;;
139698;1787670391685;150B;Motor-/Controllerblock;20;45;–;FF-FF-FF-FF-FF-FF-FF-FF-FF-FF-FF-FF-FF-FF-FF-FF-FF-FF-FF-FF;NOTIFICATION;1;da1a1500-d532-4285-be94-b07a3e11a098;da1a150b-d532-4285-be94-b07a3e11a098;18;;
139895;1787670391882;150D;Fahrstatistik Max/Ø;20;45;3;00-DA-00-68-FF-FF-FF-FF-47-18-FF-FF-FF-FF-FF-FF-FF-FF-00-00;NOTIFICATION;1;da1a1500-d532-4285-be94-b07a3e11a098;da1a150d-d532-4285-be94-b07a3e11a098;18;;
141040;1787670393027;1502;Akkuinformationen;16;46;–;47-18-FF-FF-FF-FF-47-18-FF-FF-FF-FF-FF-FF-00-00;NOTIFICATION;1;da1a1500-d532-4285-be94-b07a3e11a098;da1a1502-d532-4285-be94-b07a3e11a098;18;;
141367;1787670393354;1505;BikePerformance / Fahrleistung;18;46;0,1,2,3,7;13-06-13-06-FF-FF-00-BA-FF-FF-FF-FF-FF-00-00-00-00-00;NOTIFICATION;1;da1a1500-d532-4285-be94-b07a3e11a098;da1a1505-d532-4285-be94-b07a3e11a098;18;;
141565;1787670393552;1506;Trip / Kilometer & Betriebszähler;16;46;3,7;00-00-1C-5E-00-02-36-E8-00-00-02-D6-00-00-00-00;NOTIFICATION;1;da1a1500-d532-4285-be94-b07a3e11a098;da1a1506-d532-4285-be94-b07a3e11a098;18;;
141985;1787670393972;1508;Settings / Licht & Fahrstufe;17;46;–;00-00-00-01-FF-FF-FF-FF-FF-FF-FF-00-00-00-00-00-00;NOTIFICATION;1;da1a1500-d532-4285-be94-b07a3e11a098;da1a1508-d532-4285-be94-b07a3e11a098;18;;
142197;1787670394184;1509;BatteryChange / Akku-Livestand;11;46;0,1,4,5,6,9,10;1B-58-FF-FF-1E-AE-9C-00-00-01-38;NOTIFICATION;1;da1a1500-d532-4285-be94-b07a3e11a098;da1a1509-d532-4285-be94-b07a3e11a098;18;;
142406;1787670394393;150A;MotorUpdate / Motor-Livestand;10;46;0,1;1B-58-FF-FF-FF-FF-FF-FF-FF-FF;NOTIFICATION;1;da1a1500-d532-4285-be94-b07a3e11a098;da1a150a-d532-4285-be94-b07a3e11a098;18;;
142618;1787670394605;150B;Motor-/Controllerblock;20;46;–;FF-FF-FF-FF-FF-FF-FF-FF-FF-FF-FF-FF-FF-FF-FF-FF-FF-FF-FF-FF;NOTIFICATION;1;da1a1500-d532-4285-be94-b07a3e11a098;da1a150b-d532-4285-be94-b07a3e11a098;18;;
142890;1787670394877;150D;Fahrstatistik Max/Ø;20;46;–;00-DA-00-68-FF-FF-FF-FF-47-18-FF-FF-FF-FF-FF-FF-FF-FF-00-00;NOTIFICATION;1;da1a1500-d532-4285-be94-b07a3e11a098;da1a150d-d532-4285-be94-b07a3e11a098;18;;
143869;1787670395856;1502;Akkuinformationen;16;47;–;47-18-FF-FF-FF-FF-47-18-FF-FF-FF-FF-FF-FF-00-00;NOTIFICATION;1;da1a1500-d532-4285-be94-b07a3e11a098;da1a1502-d532-4285-be94-b07a3e11a098;18;;
144289;1787670396276;1505;BikePerformance / Fahrleistung;18;47;–;;NOTIFICATION_QUARANTINED;1;da1a1500-d532-4285-be94-b07a3e11a098;da1a1505-d532-4285-be94-b07a3e11a098;18;c731f922c864db5014403d5303b06371032ae39c2dc3f73725b4e84b64c756e5;identity_or_free_form
144485;1787670396472;1506;Trip / Kilometer & Betriebszähler;16;47;7;00-00-1C-5E-00-02-36-EB-00-00-02-D6-00-00-00-00;NOTIFICATION;1;da1a1500-d532-4285-be94-b07a3e11a098;da1a1506-d532-4285-be94-b07a3e11a098;18;;
144905;1787670396892;1508;Settings / Licht & Fahrstufe;17;47;–;00-00-00-01-FF-FF-FF-FF-FF-FF-FF-00-00-00-00-00-00;NOTIFICATION;1;da1a1500-d532-4285-be94-b07a3e11a098;da1a1508-d532-4285-be94-b07a3e11a098;18;;
145117;1787670397104;1509;BatteryChange / Akku-Livestand;11;47;0,1,4,5,6,10;1F-40-FF-FF-1F-AD-D4-00-00-01-64;NOTIFICATION;1;da1a1500-d532-4285-be94-b07a3e11a098;da1a1509-d532-4285-be94-b07a3e11a098;18;;
145326;1787670397313;150A;MotorUpdate / Motor-Livestand;10;47;0,1;23-28-FF-FF-FF-FF-FF-FF-FF-FF;NOTIFICATION;1;da1a1500-d532-4285-be94-b07a3e11a098;da1a150a-d532-4285-be94-b07a3e11a098;18;;
145535;1787670397522;150B;Motor-/Controllerblock;20;47;–;FF-FF-FF-FF-FF-FF-FF-FF-FF-FF-FF-FF-FF-FF-FF-FF-FF-FF-FF-FF;NOTIFICATION;1;da1a1500-d532-4285-be94-b07a3e11a098;da1a150b-d532-4285-be94-b07a3e11a098;18;;
145747;1787670397734;150D;Fahrstatistik Max/Ø;20;47;–;00-DA-00-68-FF-FF-FF-FF-47-18-FF-FF-FF-FF-FF-FF-FF-FF-00-00;NOTIFICATION;1;da1a1500-d532-4285-be94-b07a3e11a098;da1a150d-d532-4285-be94-b07a3e11a098;18;;
146785;1787670398772;1502;Akkuinformationen;16;48;–;47-18-FF-FF-FF-FF-47-18-FF-FF-FF-FF-FF-FF-00-00;NOTIFICATION;1;da1a1500-d532-4285-be94-b07a3e11a098;da1a1502-d532-4285-be94-b07a3e11a098;18;;
147206;1787670399193;1505;BikePerformance / Fahrleistung;18;48;0,1,2,3,7;0A-78-0A-78-FF-FF-00-DA-FF-FF-FF-FF-FF-00-00-00-00-00;NOTIFICATION;1;da1a1500-d532-4285-be94-b07a3e11a098;da1a1505-d532-4285-be94-b07a3e11a098;18;;
147416;1787670399403;1506;Trip / Kilometer & Betriebszähler;16;48;7;00-00-1C-5E-00-02-36-EE-00-00-02-D6-00-00-00-00;NOTIFICATION;1;da1a1500-d532-4285-be94-b07a3e11a098;da1a1506-d532-4285-be94-b07a3e11a098;18;;
147827;1787670399814;1508;Settings / Licht & Fahrstufe;17;48;–;00-00-00-01-FF-FF-FF-FF-FF-FF-FF-00-00-00-00-00-00;NOTIFICATION;1;da1a1500-d532-4285-be94-b07a3e11a098;da1a1508-d532-4285-be94-b07a3e11a098;18;;
148038;1787670400025;1509;BatteryChange / Akku-Livestand;11;48;0,1,5,6,9,10;0B-B8-FF-FF-1F-AF-C8-00-00-00-B4;NOTIFICATION;1;da1a1500-d532-4285-be94-b07a3e11a098;da1a1509-d532-4285-be94-b07a3e11a098;18;;
148249;1787670400236;150A;MotorUpdate / Motor-Livestand;10;48;0,1;07-D0-FF-FF-FF-FF-FF-FF-FF-FF;NOTIFICATION;1;da1a1500-d532-4285-be94-b07a3e11a098;da1a150a-d532-4285-be94-b07a3e11a098;18;;
148458;1787670400445;150B;Motor-/Controllerblock;20;48;–;FF-FF-FF-FF-FF-FF-FF-FF-FF-FF-FF-FF-FF-FF-FF-FF-FF-FF-FF-FF;NOTIFICATION;1;da1a1500-d532-4285-be94-b07a3e11a098;da1a150b-d532-4285-be94-b07a3e11a098;18;;
148668;1787670400655;150D;Fahrstatistik Max/Ø;20;48;–;00-DA-00-68-FF-FF-FF-FF-47-18-FF-FF-FF-FF-FF-FF-FF-FF-00-00;NOTIFICATION;1;da1a1500-d532-4285-be94-b07a3e11a098;da1a150d-d532-4285-be94-b07a3e11a098;18;;
149707;1787670401694;1502;Akkuinformationen;16;49;–;47-18-FF-FF-FF-FF-47-18-FF-FF-FF-FF-FF-FF-00-00;NOTIFICATION;1;da1a1500-d532-4285-be94-b07a3e11a098;da1a1502-d532-4285-be94-b07a3e11a098;18;;
150127;1787670402114;1505;BikePerformance / Fahrleistung;18;49;0,1,2,3;06-FE-06-FE-FF-FF-00-DA-FF-FF-FF-FF-FF-00-00-00-00-00;NOTIFICATION;1;da1a1500-d532-4285-be94-b07a3e11a098;da1a1505-d532-4285-be94-b07a3e11a098;18;;
150335;1787670402322;1506;Trip / Kilometer & Betriebszähler;16;49;7;00-00-1C-5E-00-02-36-F1-00-00-02-D6-00-00-00-00;NOTIFICATION;1;da1a1500-d532-4285-be94-b07a3e11a098;da1a1506-d532-4285-be94-b07a3e11a098;18;;
150749;1787670402736;1508;Settings / Licht & Fahrstufe;17;49;–;00-00-00-01-FF-FF-FF-FF-FF-FF-FF-00-00-00-00-00-00;NOTIFICATION;1;da1a1500-d532-4285-be94-b07a3e11a098;da1a1508-d532-4285-be94-b07a3e11a098;18;;
150955;1787670402942;1509;BatteryChange / Akku-Livestand;11;49;0,1;0F-A0-FF-FF-1F-AF-C8-00-00-00-B4;NOTIFICATION;1;da1a1500-d532-4285-be94-b07a3e11a098;da1a1509-d532-4285-be94-b07a3e11a098;18;;
151168;1787670403155;150A;MotorUpdate / Motor-Livestand;10;49;0,1;0F-A0-FF-FF-FF-FF-FF-FF-FF-FF;NOTIFICATION;1;da1a1500-d532-4285-be94-b07a3e11a098;da1a150a-d532-4285-be94-b07a3e11a098;18;;
151376;1787670403363;150B;Motor-/Controllerblock;20;49;–;FF-FF-FF-FF-FF-FF-FF-FF-FF-FF-FF-FF-FF-FF-FF-FF-FF-FF-FF-FF;NOTIFICATION;1;da1a1500-d532-4285-be94-b07a3e11a098;da1a150b-d532-4285-be94-b07a3e11a098;18;;
151587;1787670403574;150D;Fahrstatistik Max/Ø;20;49;–;00-DA-00-68-FF-FF-FF-FF-47-18-FF-FF-FF-FF-FF-FF-FF-FF-00-00;NOTIFICATION;1;da1a1500-d532-4285-be94-b07a3e11a098;da1a150d-d532-4285-be94-b07a3e11a098;18;;
152626;1787670404613;1502;Akkuinformationen;16;50;–;47-18-FF-FF-FF-FF-47-18-FF-FF-FF-FF-FF-FF-00-00;NOTIFICATION;1;da1a1500-d532-4285-be94-b07a3e11a098;da1a1502-d532-4285-be94-b07a3e11a098;18;;
153054;1787670405041;1505;BikePerformance / Fahrleistung;18;50;–;06-FE-06-FE-FF-FF-00-DA-FF-FF-FF-FF-FF-00-00-00-00-00;NOTIFICATION;1;da1a1500-d532-4285-be94-b07a3e11a098;da1a1505-d532-4285-be94-b07a3e11a098;18;;
153260;1787670405247;1506;Trip / Kilometer & Betriebszähler;16;50;7;00-00-1C-5E-00-02-36-F4-00-00-02-D6-00-00-00-00;NOTIFICATION;1;da1a1500-d532-4285-be94-b07a3e11a098;da1a1506-d532-4285-be94-b07a3e11a098;18;;
153678;1787670405665;1508;Settings / Licht & Fahrstufe;17;50;–;00-00-00-01-FF-FF-FF-FF-FF-FF-FF-00-00-00-00-00-00;NOTIFICATION;1;da1a1500-d532-4285-be94-b07a3e11a098;da1a1508-d532-4285-be94-b07a3e11a098;18;;
153877;1787670405864;1509;BatteryChange / Akku-Livestand;11;50;4,5,6;0F-A0-FF-FF-1E-B0-2C-00-00-00-B4;NOTIFICATION;1;da1a1500-d532-4285-be94-b07a3e11a098;da1a1509-d532-4285-be94-b07a3e11a098;18;;
154093;1787670406080;150A;MotorUpdate / Motor-Livestand;10;50;–;0F-A0-FF-FF-FF-FF-FF-FF-FF-FF;NOTIFICATION;1;da1a1500-d532-4285-be94-b07a3e11a098;da1a150a-d532-4285-be94-b07a3e11a098;18;;
154300;1787670406287;150B;Motor-/Controllerblock;20;50;–;FF-FF-FF-FF-FF-FF-FF-FF-FF-FF-FF-FF-FF-FF-FF-FF-FF-FF-FF-FF;NOTIFICATION;1;da1a1500-d532-4285-be94-b07a3e11a098;da1a150b-d532-4285-be94-b07a3e11a098;18;;
154508;1787670406495;150D;Fahrstatistik Max/Ø;20;50;–;00-DA-00-68-FF-FF-FF-FF-47-18-FF-FF-FF-FF-FF-FF-FF-FF-00-00;NOTIFICATION;1;da1a1500-d532-4285-be94-b07a3e11a098;da1a150d-d532-4285-be94-b07a3e11a098;18;;
155546;1787670407533;1502;Akkuinformationen;16;51;–;47-18-FF-FF-FF-FF-47-18-FF-FF-FF-FF-FF-FF-00-00;NOTIFICATION;1;da1a1500-d532-4285-be94-b07a3e11a098;da1a1502-d532-4285-be94-b07a3e11a098;18;;
155964;1787670407951;1505;BikePerformance / Fahrleistung;18;51;0,1,2,3;07-08-07-08-FF-FF-00-DA-FF-FF-FF-FF-FF-00-00-00-00-00;NOTIFICATION;1;da1a1500-d532-4285-be94-b07a3e11a098;da1a1505-d532-4285-be94-b07a3e11a098;18;;
156175;1787670408162;1506;Trip / Kilometer & Betriebszähler;16;51;7;00-00-1C-5E-00-02-36-F7-00-00-02-D6-00-00-00-00;NOTIFICATION;1;da1a1500-d532-4285-be94-b07a3e11a098;da1a1506-d532-4285-be94-b07a3e11a098;18;;
156597;1787670408584;1508;Settings / Licht & Fahrstufe;17;51;–;00-00-00-01-FF-FF-FF-FF-FF-FF-FF-00-00-00-00-00-00;NOTIFICATION;1;da1a1500-d532-4285-be94-b07a3e11a098;da1a1508-d532-4285-be94-b07a3e11a098;18;;
156795;1787670408782;1509;BatteryChange / Akku-Livestand;11;51;6,10;0F-A0-FF-FF-1E-B0-F4-00-00-00-B5;NOTIFICATION;1;da1a1500-d532-4285-be94-b07a3e11a098;da1a1509-d532-4285-be94-b07a3e11a098;18;;
157007;1787670408994;150A;MotorUpdate / Motor-Livestand;10;51;–;0F-A0-FF-FF-FF-FF-FF-FF-FF-FF;NOTIFICATION;1;da1a1500-d532-4285-be94-b07a3e11a098;da1a150a-d532-4285-be94-b07a3e11a098;18;;
157219;1787670409206;150B;Motor-/Controllerblock;20;51;–;FF-FF-FF-FF-FF-FF-FF-FF-FF-FF-FF-FF-FF-FF-FF-FF-FF-FF-FF-FF;NOTIFICATION;1;da1a1500-d532-4285-be94-b07a3e11a098;da1a150b-d532-4285-be94-b07a3e11a098;18;;
157426;1787670409413;150D;Fahrstatistik Max/Ø;20;51;3;00-DA-00-7C-FF-FF-FF-FF-47-18-FF-FF-FF-FF-FF-FF-FF-FF-00-00;NOTIFICATION;1;da1a1500-d532-4285-be94-b07a3e11a098;da1a150d-d532-4285-be94-b07a3e11a098;18;;
158477;1787670410464;1502;Akkuinformationen;16;52;–;47-18-FF-FF-FF-FF-47-18-FF-FF-FF-FF-FF-FF-00-00;NOTIFICATION;1;da1a1500-d532-4285-be94-b07a3e11a098;da1a1502-d532-4285-be94-b07a3e11a098;18;;
158889;1787670410876;1505;BikePerformance / Fahrleistung;18;52;0,1,2,3;08-C0-08-C0-FF-FF-00-DA-FF-FF-FF-FF-FF-00-00-00-00-00;NOTIFICATION;1;da1a1500-d532-4285-be94-b07a3e11a098;da1a1505-d532-4285-be94-b07a3e11a098;18;;
159097;1787670411084;1506;Trip / Kilometer & Betriebszähler;16;52;3,7;00-00-1C-5F-00-02-36-FA-00-00-02-D6-00-00-00-00;NOTIFICATION;1;da1a1500-d532-4285-be94-b07a3e11a098;da1a1506-d532-4285-be94-b07a3e11a098;18;;
159519;1787670411506;1508;Settings / Licht & Fahrstufe;17;52;3;00-00-00-02-FF-FF-FF-FF-FF-FF-FF-00-00-00-00-00-00;NOTIFICATION;1;da1a1500-d532-4285-be94-b07a3e11a098;da1a1508-d532-4285-be94-b07a3e11a098;18;;
159726;1787670411713;1509;BatteryChange / Akku-Livestand;11;52;0,1,4,5,6,10;13-88-FF-FF-1F-AF-00-00-00-00-E0;NOTIFICATION;1;da1a1500-d532-4285-be94-b07a3e11a098;da1a1509-d532-4285-be94-b07a3e11a098;18;;
159937;1787670411924;150A;MotorUpdate / Motor-Livestand;10;52;0,1;13-88-FF-FF-FF-FF-FF-FF-FF-FF;NOTIFICATION;1;da1a1500-d532-4285-be94-b07a3e11a098;da1a150a-d532-4285-be94-b07a3e11a098;18;;
160147;1787670412134;150B;Motor-/Controllerblock;20;52;–;FF-FF-FF-FF-FF-FF-FF-FF-FF-FF-FF-FF-FF-FF-FF-FF-FF-FF-FF-FF;NOTIFICATION;1;da1a1500-d532-4285-be94-b07a3e11a098;da1a150b-d532-4285-be94-b07a3e11a098;18;;
160350;1787670412337;150D;Fahrstatistik Max/Ø;20;52;–;00-DA-00-7C-FF-FF-FF-FF-47-18-FF-FF-FF-FF-FF-FF-FF-FF-00-00;NOTIFICATION;1;da1a1500-d532-4285-be94-b07a3e11a098;da1a150d-d532-4285-be94-b07a3e11a098;18;;
161399;1787670413386;1502;Akkuinformationen;16;53;–;47-18-FF-FF-FF-FF-47-18-FF-FF-FF-FF-FF-FF-00-00;NOTIFICATION;1;da1a1500-d532-4285-be94-b07a3e11a098;da1a1502-d532-4285-be94-b07a3e11a098;18;;
161806;1787670413793;1505;BikePerformance / Fahrleistung;18;53;0,1,2,3;06-FE-06-FE-FF-FF-00-DA-FF-FF-FF-FF-FF-00-00-00-00-00;NOTIFICATION;1;da1a1500-d532-4285-be94-b07a3e11a098;da1a1505-d532-4285-be94-b07a3e11a098;18;;
162019;1787670414006;1506;Trip / Kilometer & Betriebszähler;16;53;7;00-00-1C-5F-00-02-36-FD-00-00-02-D6-00-00-00-00;NOTIFICATION;1;da1a1500-d532-4285-be94-b07a3e11a098;da1a1506-d532-4285-be94-b07a3e11a098;18;;
162437;1787670414424;1508;Settings / Licht & Fahrstufe;17;53;–;00-00-00-02-FF-FF-FF-FF-FF-FF-FF-00-00-00-00-00-00;NOTIFICATION;1;da1a1500-d532-4285-be94-b07a3e11a098;da1a1508-d532-4285-be94-b07a3e11a098;18;;
162649;1787670414636;1509;BatteryChange / Akku-Livestand;11;53;0,1,6,10;0F-A0-FF-FF-1F-AF-64-00-00-00-B3;NOTIFICATION;1;da1a1500-d532-4285-be94-b07a3e11a098;da1a1509-d532-4285-be94-b07a3e11a098;18;;
162855;1787670414842;150A;MotorUpdate / Motor-Livestand;10;53;0,1;0F-A0-FF-FF-FF-FF-FF-FF-FF-FF;NOTIFICATION;1;da1a1500-d532-4285-be94-b07a3e11a098;da1a150a-d532-4285-be94-b07a3e11a098;18;;
163071;1787670415058;150B;Motor-/Controllerblock;20;53;–;FF-FF-FF-FF-FF-FF-FF-FF-FF-FF-FF-FF-FF-FF-FF-FF-FF-FF-FF-FF;NOTIFICATION;1;da1a1500-d532-4285-be94-b07a3e11a098;da1a150b-d532-4285-be94-b07a3e11a098;18;;
163276;1787670415263;150D;Fahrstatistik Max/Ø;20;53;–;00-DA-00-7C-FF-FF-FF-FF-47-18-FF-FF-FF-FF-FF-FF-FF-FF-00-00;NOTIFICATION;1;da1a1500-d532-4285-be94-b07a3e11a098;da1a150d-d532-4285-be94-b07a3e11a098;18;;
164319;1787670416306;1502;Akkuinformationen;16;54;–;47-18-FF-FF-FF-FF-47-18-FF-FF-FF-FF-FF-FF-00-00;NOTIFICATION;1;da1a1500-d532-4285-be94-b07a3e11a098;da1a1502-d532-4285-be94-b07a3e11a098;18;;
164741;1787670416728;1505;BikePerformance / Fahrleistung;18;54;–;06-FE-06-FE-FF-FF-00-DA-FF-FF-FF-FF-FF-00-00-00-00-00;NOTIFICATION;1;da1a1500-d532-4285-be94-b07a3e11a098;da1a1505-d532-4285-be94-b07a3e11a098;18;;
164935;1787670416922;1506;Trip / Kilometer & Betriebszähler;16;54;6,7;00-00-1C-5F-00-02-37-00-00-00-02-D6-00-00-00-00;NOTIFICATION;1;da1a1500-d532-4285-be94-b07a3e11a098;da1a1506-d532-4285-be94-b07a3e11a098;18;;
165359;1787670417346;1508;Settings / Licht & Fahrstufe;17;54;–;00-00-00-02-FF-FF-FF-FF-FF-FF-FF-00-00-00-00-00-00;NOTIFICATION;1;da1a1500-d532-4285-be94-b07a3e11a098;da1a1508-d532-4285-be94-b07a3e11a098;18;;
165568;1787670417555;1509;BatteryChange / Akku-Livestand;11;54;0,1,10;13-88-FF-FF-1F-AF-64-00-00-00-E0;NOTIFICATION;1;da1a1500-d532-4285-be94-b07a3e11a098;da1a1509-d532-4285-be94-b07a3e11a098;18;;
165777;1787670417764;150A;MotorUpdate / Motor-Livestand;10;54;0,1;13-88-FF-FF-FF-FF-FF-FF-FF-FF;NOTIFICATION;1;da1a1500-d532-4285-be94-b07a3e11a098;da1a150a-d532-4285-be94-b07a3e11a098;18;;
166054;1787670418041;150B;Motor-/Controllerblock;20;54;–;FF-FF-FF-FF-FF-FF-FF-FF-FF-FF-FF-FF-FF-FF-FF-FF-FF-FF-FF-FF;NOTIFICATION;1;da1a1500-d532-4285-be94-b07a3e11a098;da1a150b-d532-4285-be94-b07a3e11a098;18;;
166199;1787670418186;150D;Fahrstatistik Max/Ø;20;54;–;00-DA-00-7C-FF-FF-FF-FF-47-18-FF-FF-FF-FF-FF-FF-FF-FF-00-00;NOTIFICATION;1;da1a1500-d532-4285-be94-b07a3e11a098;da1a150d-d532-4285-be94-b07a3e11a098;18;;
167239;1787670419226;1502;Akkuinformationen;16;55;–;47-18-FF-FF-FF-FF-47-18-FF-FF-FF-FF-FF-FF-00-00;NOTIFICATION;1;da1a1500-d532-4285-be94-b07a3e11a098;da1a1502-d532-4285-be94-b07a3e11a098;18;;
167659;1787670419646;1505;BikePerformance / Fahrleistung;18;55;0,1,2,3;08-C0-08-C0-FF-FF-00-DA-FF-FF-FF-FF-FF-00-00-00-00-00;NOTIFICATION;1;da1a1500-d532-4285-be94-b07a3e11a098;da1a1505-d532-4285-be94-b07a3e11a098;18;;
167868;1787670419855;1506;Trip / Kilometer & Betriebszähler;16;55;7;00-00-1C-5F-00-02-37-03-00-00-02-D6-00-00-00-00;NOTIFICATION;1;da1a1500-d532-4285-be94-b07a3e11a098;da1a1506-d532-4285-be94-b07a3e11a098;18;;
168273;1787670420260;1508;Settings / Licht & Fahrstufe;17;55;–;00-00-00-02-FF-FF-FF-FF-FF-FF-FF-00-00-00-00-00-00;NOTIFICATION;1;da1a1500-d532-4285-be94-b07a3e11a098;da1a1508-d532-4285-be94-b07a3e11a098;18;;
168486;1787670420473;1509;BatteryChange / Akku-Livestand;11;55;6;13-88-FF-FF-1F-AF-00-00-00-00-E0;NOTIFICATION;1;da1a1500-d532-4285-be94-b07a3e11a098;da1a1509-d532-4285-be94-b07a3e11a098;18;;
168700;1787670420687;150A;MotorUpdate / Motor-Livestand;10;55;–;13-88-FF-FF-FF-FF-FF-FF-FF-FF;NOTIFICATION;1;da1a1500-d532-4285-be94-b07a3e11a098;da1a150a-d532-4285-be94-b07a3e11a098;18;;
168907;1787670420894;150B;Motor-/Controllerblock;20;55;–;FF-FF-FF-FF-FF-FF-FF-FF-FF-FF-FF-FF-FF-FF-FF-FF-FF-FF-FF-FF;NOTIFICATION;1;da1a1500-d532-4285-be94-b07a3e11a098;da1a150b-d532-4285-be94-b07a3e11a098;18;;
169117;1787670421104;150D;Fahrstatistik Max/Ø;20;55;–;00-DA-00-7C-FF-FF-FF-FF-47-18-FF-FF-FF-FF-FF-FF-FF-FF-00-00;NOTIFICATION;1;da1a1500-d532-4285-be94-b07a3e11a098;da1a150d-d532-4285-be94-b07a3e11a098;18;;
170161;1787670422148;1502;Akkuinformationen;16;56;–;47-18-FF-FF-FF-FF-47-18-FF-FF-FF-FF-FF-FF-00-00;NOTIFICATION;1;da1a1500-d532-4285-be94-b07a3e11a098;da1a1502-d532-4285-be94-b07a3e11a098;18;;
170579;1787670422566;1505;BikePerformance / Fahrleistung;18;56;1,3;08-B6-08-B6-FF-FF-00-DA-FF-FF-FF-FF-FF-00-00-00-00-00;NOTIFICATION;1;da1a1500-d532-4285-be94-b07a3e11a098;da1a1505-d532-4285-be94-b07a3e11a098;18;;
170791;1787670422778;1506;Trip / Kilometer & Betriebszähler;16;56;7;00-00-1C-5F-00-02-37-05-00-00-02-D6-00-00-00-00;NOTIFICATION;1;da1a1500-d532-4285-be94-b07a3e11a098;da1a1506-d532-4285-be94-b07a3e11a098;18;;
171197;1787670423184;1508;Settings / Licht & Fahrstufe;17;56;–;00-00-00-02-FF-FF-FF-FF-FF-FF-FF-00-00-00-00-00-00;NOTIFICATION;1;da1a1500-d532-4285-be94-b07a3e11a098;da1a1508-d532-4285-be94-b07a3e11a098;18;;
171410;1787670423397;1509;BatteryChange / Akku-Livestand;11;56;5,6,10;13-88-FF-FF-1F-AE-38-00-00-00-DF;NOTIFICATION;1;da1a1500-d532-4285-be94-b07a3e11a098;da1a1509-d532-4285-be94-b07a3e11a098;18;;
171619;1787670423606;150A;MotorUpdate / Motor-Livestand;10;56;0,1;17-70-FF-FF-FF-FF-FF-FF-FF-FF;NOTIFICATION;1;da1a1500-d532-4285-be94-b07a3e11a098;da1a150a-d532-4285-be94-b07a3e11a098;18;;
171827;1787670423814;150B;Motor-/Controllerblock;20;56;–;FF-FF-FF-FF-FF-FF-FF-FF-FF-FF-FF-FF-FF-FF-FF-FF-FF-FF-FF-FF;NOTIFICATION;1;da1a1500-d532-4285-be94-b07a3e11a098;da1a150b-d532-4285-be94-b07a3e11a098;18;;
172037;1787670424024;150D;Fahrstatistik Max/Ø;20;56;3;00-DA-00-8D-FF-FF-FF-FF-47-18-FF-FF-FF-FF-FF-FF-FF-FF-00-00;NOTIFICATION;1;da1a1500-d532-4285-be94-b07a3e11a098;da1a150d-d532-4285-be94-b07a3e11a098;18;;
173080;1787670425067;1502;Akkuinformationen;16;57;–;47-18-FF-FF-FF-FF-47-18-FF-FF-FF-FF-FF-FF-00-00;NOTIFICATION;1;da1a1500-d532-4285-be94-b07a3e11a098;da1a1502-d532-4285-be94-b07a3e11a098;18;;
173497;1787670425484;1505;BikePerformance / Fahrleistung;18;57;0,1,2,3;0A-6E-0A-6E-FF-FF-00-DA-FF-FF-FF-FF-FF-00-00-00-00-00;NOTIFICATION;1;da1a1500-d532-4285-be94-b07a3e11a098;da1a1505-d532-4285-be94-b07a3e11a098;18;;
173710;1787670425697;1506;Trip / Kilometer & Betriebszähler;16;57;3,7;00-00-1C-60-00-02-37-08-00-00-02-D6-00-00-00-00;NOTIFICATION;1;da1a1500-d532-4285-be94-b07a3e11a098;da1a1506-d532-4285-be94-b07a3e11a098;18;;
174129;1787670426116;1508;Settings / Licht & Fahrstufe;17;57;–;00-00-00-02-FF-FF-FF-FF-FF-FF-FF-00-00-00-00-00-00;NOTIFICATION;1;da1a1500-d532-4285-be94-b07a3e11a098;da1a1508-d532-4285-be94-b07a3e11a098;18;;
174330;1787670426317;1509;BatteryChange / Akku-Livestand;11;57;0,1,5,6,10;00-00-FF-FF-1F-B2-20-00-00-00-00;NOTIFICATION;1;da1a1500-d532-4285-be94-b07a3e11a098;da1a1509-d532-4285-be94-b07a3e11a098;18;;
174542;1787670426529;150A;MotorUpdate / Motor-Livestand;10;57;0,1;00-00-FF-FF-FF-FF-FF-FF-FF-FF;NOTIFICATION;1;da1a1500-d532-4285-be94-b07a3e11a098;da1a150a-d532-4285-be94-b07a3e11a098;18;;
174748;1787670426735;150B;Motor-/Controllerblock;20;57;–;FF-FF-FF-FF-FF-FF-FF-FF-FF-FF-FF-FF-FF-FF-FF-FF-FF-FF-FF-FF;NOTIFICATION;1;da1a1500-d532-4285-be94-b07a3e11a098;da1a150b-d532-4285-be94-b07a3e11a098;18;;
174961;1787670426948;150D;Fahrstatistik Max/Ø;20;57;–;00-DA-00-8D-FF-FF-FF-FF-47-18-FF-FF-FF-FF-FF-FF-FF-FF-00-00;NOTIFICATION;1;da1a1500-d532-4285-be94-b07a3e11a098;da1a150d-d532-4285-be94-b07a3e11a098;18;;
176004;1787670427991;1502;Akkuinformationen;16;58;–;47-18-FF-FF-FF-FF-47-18-FF-FF-FF-FF-FF-FF-00-00;NOTIFICATION;1;da1a1500-d532-4285-be94-b07a3e11a098;da1a1502-d532-4285-be94-b07a3e11a098;18;;
176419;1787670428406;1505;BikePerformance / Fahrleistung;18;58;–;;NOTIFICATION_QUARANTINED;1;da1a1500-d532-4285-be94-b07a3e11a098;da1a1505-d532-4285-be94-b07a3e11a098;18;c731f922c864db5014403d5303b06371032ae39c2dc3f73725b4e84b64c756e5;identity_or_free_form
176626;1787670428613;1506;Trip / Kilometer & Betriebszähler;16;58;7;00-00-1C-60-00-02-37-0B-00-00-02-D6-00-00-00-00;NOTIFICATION;1;da1a1500-d532-4285-be94-b07a3e11a098;da1a1506-d532-4285-be94-b07a3e11a098;18;;
177043;1787670429030;1508;Settings / Licht & Fahrstufe;17;58;–;00-00-00-02-FF-FF-FF-FF-FF-FF-FF-00-00-00-00-00-00;NOTIFICATION;1;da1a1500-d532-4285-be94-b07a3e11a098;da1a1508-d532-4285-be94-b07a3e11a098;18;;
177257;1787670429244;1509;BatteryChange / Akku-Livestand;11;58;0,1,5,6,9,10;27-10-FF-FF-1F-AC-44-00-00-01-B9;NOTIFICATION;1;da1a1500-d532-4285-be94-b07a3e11a098;da1a1509-d532-4285-be94-b07a3e11a098;18;;
177463;1787670429450;150A;MotorUpdate / Motor-Livestand;10;58;0,1;27-10-FF-FF-FF-FF-FF-FF-FF-FF;NOTIFICATION;1;da1a1500-d532-4285-be94-b07a3e11a098;da1a150a-d532-4285-be94-b07a3e11a098;18;;
177669;1787670429656;150B;Motor-/Controllerblock;20;58;–;FF-FF-FF-FF-FF-FF-FF-FF-FF-FF-FF-FF-FF-FF-FF-FF-FF-FF-FF-FF;NOTIFICATION;1;da1a1500-d532-4285-be94-b07a3e11a098;da1a150b-d532-4285-be94-b07a3e11a098;18;;
177875;1787670429862;150D;Fahrstatistik Max/Ø;20;58;–;00-DA-00-8D-FF-FF-FF-FF-47-18-FF-FF-FF-FF-FF-FF-FF-FF-00-00;NOTIFICATION;1;da1a1500-d532-4285-be94-b07a3e11a098;da1a150d-d532-4285-be94-b07a3e11a098;18;;
178928;1787670430915;1502;Akkuinformationen;16;59;–;47-18-FF-FF-FF-FF-47-18-FF-FF-FF-FF-FF-FF-00-00;NOTIFICATION;1;da1a1500-d532-4285-be94-b07a3e11a098;da1a1502-d532-4285-be94-b07a3e11a098;18;;
179336;1787670431323;1505;BikePerformance / Fahrleistung;18;59;–;;NOTIFICATION_QUARANTINED;1;da1a1500-d532-4285-be94-b07a3e11a098;da1a1505-d532-4285-be94-b07a3e11a098;18;c731f922c864db5014403d5303b06371032ae39c2dc3f73725b4e84b64c756e5;identity_or_free_form
179550;1787670431537;1506;Trip / Kilometer & Betriebszähler;16;59;7;00-00-1C-60-00-02-37-0E-00-00-02-D6-00-00-00-00;NOTIFICATION;1;da1a1500-d532-4285-be94-b07a3e11a098;da1a1506-d532-4285-be94-b07a3e11a098;18;;
179973;1787670431960;1508;Settings / Licht & Fahrstufe;17;59;3;00-00-00-01-FF-FF-FF-FF-FF-FF-FF-00-00-00-00-00-00;NOTIFICATION;1;da1a1500-d532-4285-be94-b07a3e11a098;da1a1508-d532-4285-be94-b07a3e11a098;18;;
180180;1787670432167;1509;BatteryChange / Akku-Livestand;11;59;0,1,4,5,6,10;1F-40-FF-FF-1B-AD-70-00-00-01-63;NOTIFICATION;1;da1a1500-d532-4285-be94-b07a3e11a098;da1a1509-d532-4285-be94-b07a3e11a098;18;;
180385;1787670432372;150A;MotorUpdate / Motor-Livestand;10;59;0,1;1B-58-FF-FF-FF-FF-FF-FF-FF-FF;NOTIFICATION;1;da1a1500-d532-4285-be94-b07a3e11a098;da1a150a-d532-4285-be94-b07a3e11a098;18;;
180583;1787670432570;150B;Motor-/Controllerblock;20;59;–;FF-FF-FF-FF-FF-FF-FF-FF-FF-FF-FF-FF-FF-FF-FF-FF-FF-FF-FF-FF;NOTIFICATION;1;da1a1500-d532-4285-be94-b07a3e11a098;da1a150b-d532-4285-be94-b07a3e11a098;18;;
180798;1787670432785;150D;Fahrstatistik Max/Ø;20;59;–;00-DA-00-8D-FF-FF-FF-FF-47-18-FF-FF-FF-FF-FF-FF-FF-FF-00-00;NOTIFICATION;1;da1a1500-d532-4285-be94-b07a3e11a098;da1a150d-d532-4285-be94-b07a3e11a098;18;;
181849;1787670433836;1502;Akkuinformationen;16;60;–;47-18-FF-FF-FF-FF-47-18-FF-FF-FF-FF-FF-FF-00-00;NOTIFICATION;1;da1a1500-d532-4285-be94-b07a3e11a098;da1a1502-d532-4285-be94-b07a3e11a098;18;;
182258;1787670434245;1505;BikePerformance / Fahrleistung;18;60;0,1,2,3;08-B6-08-B6-FF-FF-00-DA-FF-FF-FF-FF-FF-00-00-00-00-00;NOTIFICATION;1;da1a1500-d532-4285-be94-b07a3e11a098;da1a1505-d532-4285-be94-b07a3e11a098;18;;
182466;1787670434453;1506;Trip / Kilometer & Betriebszähler;16;60;7;00-00-1C-60-00-02-37-11-00-00-02-D6-00-00-00-00;NOTIFICATION;1;da1a1500-d532-4285-be94-b07a3e11a098;da1a1506-d532-4285-be94-b07a3e11a098;18;;
182887;1787670434874;1508;Settings / Licht & Fahrstufe;17;60;–;00-00-00-01-FF-FF-FF-FF-FF-FF-FF-00-00-00-00-00-00;NOTIFICATION;1;da1a1500-d532-4285-be94-b07a3e11a098;da1a1508-d532-4285-be94-b07a3e11a098;18;;
183096;1787670435083;1509;BatteryChange / Akku-Livestand;11;60;0,1,6,10;1B-58-FF-FF-1B-AD-D4-00-00-01-37;NOTIFICATION;1;da1a1500-d532-4285-be94-b07a3e11a098;da1a1509-d532-4285-be94-b07a3e11a098;18;;
183309;1787670435296;150A;MotorUpdate / Motor-Livestand;10;60;–;1B-58-FF-FF-FF-FF-FF-FF-FF-FF;NOTIFICATION;1;da1a1500-d532-4285-be94-b07a3e11a098;da1a150a-d532-4285-be94-b07a3e11a098;18;;
183517;1787670435504;150B;Motor-/Controllerblock;20;60;–;FF-FF-FF-FF-FF-FF-FF-FF-FF-FF-FF-FF-FF-FF-FF-FF-FF-FF-FF-FF;NOTIFICATION;1;da1a1500-d532-4285-be94-b07a3e11a098;da1a150b-d532-4285-be94-b07a3e11a098;18;;
183722;1787670435709;150D;Fahrstatistik Max/Ø;20;60;–;00-DA-00-8D-FF-FF-FF-FF-47-18-FF-FF-FF-FF-FF-FF-FF-FF-00-00;NOTIFICATION;1;da1a1500-d532-4285-be94-b07a3e11a098;da1a150d-d532-4285-be94-b07a3e11a098;18;;
184769;1787670436756;1502;Akkuinformationen;16;61;–;47-18-FF-FF-FF-FF-47-18-FF-FF-FF-FF-FF-FF-00-00;NOTIFICATION;1;da1a1500-d532-4285-be94-b07a3e11a098;da1a1502-d532-4285-be94-b07a3e11a098;18;;
185188;1787670437175;1505;BikePerformance / Fahrleistung;18;61;0,1,2,3;0C-26-0C-26-FF-FF-00-DA-FF-FF-FF-FF-FF-00-00-00-00-00;NOTIFICATION;1;da1a1500-d532-4285-be94-b07a3e11a098;da1a1505-d532-4285-be94-b07a3e11a098;18;;
185389;1787670437376;1506;Trip / Kilometer & Betriebszähler;16;61;7;00-00-1C-60-00-02-37-14-00-00-02-D6-00-00-00-00;NOTIFICATION;1;da1a1500-d532-4285-be94-b07a3e11a098;da1a1506-d532-4285-be94-b07a3e11a098;18;;
185807;1787670437794;1508;Settings / Licht & Fahrstufe;17;61;–;00-00-00-01-FF-FF-FF-FF-FF-FF-FF-00-00-00-00-00-00;NOTIFICATION;1;da1a1500-d532-4285-be94-b07a3e11a098;da1a1508-d532-4285-be94-b07a3e11a098;18;;
186022;1787670438009;1509;BatteryChange / Akku-Livestand;11;61;0,1,5,6,10;1F-40-FF-FF-1B-AC-44-00-00-01-60;NOTIFICATION;1;da1a1500-d532-4285-be94-b07a3e11a098;da1a1509-d532-4285-be94-b07a3e11a098;18;;
186231;1787670438218;150A;MotorUpdate / Motor-Livestand;10;61;–;1B-58-FF-FF-FF-FF-FF-FF-FF-FF;NOTIFICATION;1;da1a1500-d532-4285-be94-b07a3e11a098;da1a150a-d532-4285-be94-b07a3e11a098;18;;
186437;1787670438424;150B;Motor-/Controllerblock;20;61;–;FF-FF-FF-FF-FF-FF-FF-FF-FF-FF-FF-FF-FF-FF-FF-FF-FF-FF-FF-FF;NOTIFICATION;1;da1a1500-d532-4285-be94-b07a3e11a098;da1a150b-d532-4285-be94-b07a3e11a098;18;;
186652;1787670438639;150D;Fahrstatistik Max/Ø;20;61;–;00-DA-00-8D-FF-FF-FF-FF-47-18-FF-FF-FF-FF-FF-FF-FF-FF-00-00;NOTIFICATION;1;da1a1500-d532-4285-be94-b07a3e11a098;da1a150d-d532-4285-be94-b07a3e11a098;18;;
187688;1787670439675;1502;Akkuinformationen;16;62;–;47-18-FF-FF-FF-FF-47-18-FF-FF-FF-FF-FF-FF-00-00;NOTIFICATION;1;da1a1500-d532-4285-be94-b07a3e11a098;da1a1502-d532-4285-be94-b07a3e11a098;18;;
188112;1787670440099;1505;BikePerformance / Fahrleistung;18;62;0,1,2,3;0A-6E-0A-6E-FF-FF-00-DA-FF-FF-FF-FF-FF-00-00-00-00-00;NOTIFICATION;1;da1a1500-d532-4285-be94-b07a3e11a098;da1a1505-d532-4285-be94-b07a3e11a098;18;;
188318;1787670440305;1506;Trip / Kilometer & Betriebszähler;16;62;7;00-00-1C-60-00-02-37-17-00-00-02-D6-00-00-00-00;NOTIFICATION;1;da1a1500-d532-4285-be94-b07a3e11a098;da1a1506-d532-4285-be94-b07a3e11a098;18;;
188727;1787670440714;1508;Settings / Licht & Fahrstufe;17;62;–;00-00-00-01-FF-FF-FF-FF-FF-FF-FF-00-00-00-00-00-00;NOTIFICATION;1;da1a1500-d532-4285-be94-b07a3e11a098;da1a1508-d532-4285-be94-b07a3e11a098;18;;
188937;1787670440924;1509;BatteryChange / Akku-Livestand;11;62;0,1,5,6,10;17-70-FF-FF-1B-AE-38-00-00-01-0B;NOTIFICATION;1;da1a1500-d532-4285-be94-b07a3e11a098;da1a1509-d532-4285-be94-b07a3e11a098;18;;
189147;1787670441134;150A;MotorUpdate / Motor-Livestand;10;62;0,1;17-70-FF-FF-FF-FF-FF-FF-FF-FF;NOTIFICATION;1;da1a1500-d532-4285-be94-b07a3e11a098;da1a150a-d532-4285-be94-b07a3e11a098;18;;
189358;1787670441345;150B;Motor-/Controllerblock;20;62;–;FF-FF-FF-FF-FF-FF-FF-FF-FF-FF-FF-FF-FF-FF-FF-FF-FF-FF-FF-FF;NOTIFICATION;1;da1a1500-d532-4285-be94-b07a3e11a098;da1a150b-d532-4285-be94-b07a3e11a098;18;;
189566;1787670441553;150D;Fahrstatistik Max/Ø;20;62;–;00-DA-00-8D-FF-FF-FF-FF-47-18-FF-FF-FF-FF-FF-FF-FF-FF-00-00;NOTIFICATION;1;da1a1500-d532-4285-be94-b07a3e11a098;da1a150d-d532-4285-be94-b07a3e11a098;18;;
190607;1787670442594;1502;Akkuinformationen;16;63;–;47-18-FF-FF-FF-FF-47-18-FF-FF-FF-FF-FF-FF-00-00;NOTIFICATION;1;da1a1500-d532-4285-be94-b07a3e11a098;da1a1502-d532-4285-be94-b07a3e11a098;18;;
191027;1787670443014;1505;BikePerformance / Fahrleistung;18;63;0,1,2,3;06-F4-06-F4-FF-FF-00-DA-FF-FF-FF-FF-FF-00-00-00-00-00;NOTIFICATION;1;da1a1500-d532-4285-be94-b07a3e11a098;da1a1505-d532-4285-be94-b07a3e11a098;18;;
191236;1787670443223;1506;Trip / Kilometer & Betriebszähler;16;63;3,7;00-00-1C-61-00-02-37-1A-00-00-02-D6-00-00-00-00;NOTIFICATION;1;da1a1500-d532-4285-be94-b07a3e11a098;da1a1506-d532-4285-be94-b07a3e11a098;18;;
191649;1787670443636;1508;Settings / Licht & Fahrstufe;17;63;–;00-00-00-01-FF-FF-FF-FF-FF-FF-FF-00-00-00-00-00-00;NOTIFICATION;1;da1a1500-d532-4285-be94-b07a3e11a098;da1a1508-d532-4285-be94-b07a3e11a098;18;;
191858;1787670443845;1509;BatteryChange / Akku-Livestand;11;63;0,1,6,9,10;13-88-FF-FF-1B-AE-9C-00-00-00-DF;NOTIFICATION;1;da1a1500-d532-4285-be94-b07a3e11a098;da1a1509-d532-4285-be94-b07a3e11a098;18;;
192068;1787670444055;150A;MotorUpdate / Motor-Livestand;10;63;0,1;0F-A0-FF-FF-FF-FF-FF-FF-FF-FF;NOTIFICATION;1;da1a1500-d532-4285-be94-b07a3e11a098;da1a150a-d532-4285-be94-b07a3e11a098;18;;
192277;1787670444264;150B;Motor-/Controllerblock;20;63;–;FF-FF-FF-FF-FF-FF-FF-FF-FF-FF-FF-FF-FF-FF-FF-FF-FF-FF-FF-FF;NOTIFICATION;1;da1a1500-d532-4285-be94-b07a3e11a098;da1a150b-d532-4285-be94-b07a3e11a098;18;;
192487;1787670444474;150D;Fahrstatistik Max/Ø;20;63;3;00-DA-00-95-FF-FF-FF-FF-47-18-FF-FF-FF-FF-FF-FF-FF-FF-00-00;NOTIFICATION;1;da1a1500-d532-4285-be94-b07a3e11a098;da1a150d-d532-4285-be94-b07a3e11a098;18;;
193601;1787670445588;1502;Akkuinformationen;16;64;–;47-18-FF-FF-FF-FF-47-18-FF-FF-FF-FF-FF-FF-00-00;NOTIFICATION;1;da1a1500-d532-4285-be94-b07a3e11a098;da1a1502-d532-4285-be94-b07a3e11a098;18;;
194056;1787670446043;1505;BikePerformance / Fahrleistung;18;64;0,1,2,3;0C-12-0C-12-FF-FF-00-DA-FF-FF-FF-FF-FF-00-00-00-00-00;NOTIFICATION;1;da1a1500-d532-4285-be94-b07a3e11a098;da1a1505-d532-4285-be94-b07a3e11a098;18;;
194152;1787670446139;1506;Trip / Kilometer & Betriebszähler;16;64;7;00-00-1C-61-00-02-37-1D-00-00-02-D6-00-00-00-00;NOTIFICATION;1;da1a1500-d532-4285-be94-b07a3e11a098;da1a1506-d532-4285-be94-b07a3e11a098;18;;
194649;1787670446636;1508;Settings / Licht & Fahrstufe;17;64;–;00-00-00-01-FF-FF-FF-FF-FF-FF-FF-00-00-00-00-00-00;NOTIFICATION;1;da1a1500-d532-4285-be94-b07a3e11a098;da1a1508-d532-4285-be94-b07a3e11a098;18;;
194775;1787670446762;1509;BatteryChange / Akku-Livestand;11;64;0,1,5,6,9,10;1B-58-FF-FF-1B-AD-70-00-00-01-35;NOTIFICATION;1;da1a1500-d532-4285-be94-b07a3e11a098;da1a1509-d532-4285-be94-b07a3e11a098;18;;
195050;1787670447037;150A;MotorUpdate / Motor-Livestand;10;64;0,1;17-70-FF-FF-FF-FF-FF-FF-FF-FF;NOTIFICATION;1;da1a1500-d532-4285-be94-b07a3e11a098;da1a150a-d532-4285-be94-b07a3e11a098;18;;
195196;1787670447183;150B;Motor-/Controllerblock;20;64;–;FF-FF-FF-FF-FF-FF-FF-FF-FF-FF-FF-FF-FF-FF-FF-FF-FF-FF-FF-FF;NOTIFICATION;1;da1a1500-d532-4285-be94-b07a3e11a098;da1a150b-d532-4285-be94-b07a3e11a098;18;;
195456;1787670447443;150D;Fahrstatistik Max/Ø;20;64;–;00-DA-00-95-FF-FF-FF-FF-47-18-FF-FF-FF-FF-FF-FF-FF-FF-00-00;NOTIFICATION;1;da1a1500-d532-4285-be94-b07a3e11a098;da1a150d-d532-4285-be94-b07a3e11a098;18;;
196552;1787670448539;1502;Akkuinformationen;16;65;–;47-18-FF-FF-FF-FF-47-18-FF-FF-FF-FF-FF-FF-00-00;NOTIFICATION;1;da1a1500-d532-4285-be94-b07a3e11a098;da1a1502-d532-4285-be94-b07a3e11a098;18;;
196954;1787670448941;1505;BikePerformance / Fahrleistung;18;65;1,3,7;0C-26-0C-26-FF-FF-00-D4-FF-FF-FF-FF-FF-00-00-00-00-00;NOTIFICATION;1;da1a1500-d532-4285-be94-b07a3e11a098;da1a1505-d532-4285-be94-b07a3e11a098;18;;
197075;1787670449062;1506;Trip / Kilometer & Betriebszähler;16;65;7;00-00-1C-61-00-02-37-20-00-00-02-D6-00-00-00-00;NOTIFICATION;1;da1a1500-d532-4285-be94-b07a3e11a098;da1a1506-d532-4285-be94-b07a3e11a098;18;;
197595;1787670449582;1508;Settings / Licht & Fahrstufe;17;65;–;00-00-00-01-FF-FF-FF-FF-FF-FF-FF-00-00-00-00-00-00;NOTIFICATION;1;da1a1500-d532-4285-be94-b07a3e11a098;da1a1508-d532-4285-be94-b07a3e11a098;18;;
197705;1787670449692;1509;BatteryChange / Akku-Livestand;11;65;6,10;1B-58-FF-FF-1B-AD-0C-00-00-01-36;NOTIFICATION;1;da1a1500-d532-4285-be94-b07a3e11a098;da1a1509-d532-4285-be94-b07a3e11a098;18;;
197951;1787670449938;150A;MotorUpdate / Motor-Livestand;10;65;0,1;1F-40-FF-FF-FF-FF-FF-FF-FF-FF;NOTIFICATION;1;da1a1500-d532-4285-be94-b07a3e11a098;da1a150a-d532-4285-be94-b07a3e11a098;18;;
198118;1787670450105;150B;Motor-/Controllerblock;20;65;–;FF-FF-FF-FF-FF-FF-FF-FF-FF-FF-FF-FF-FF-FF-FF-FF-FF-FF-FF-FF;NOTIFICATION;1;da1a1500-d532-4285-be94-b07a3e11a098;da1a150b-d532-4285-be94-b07a3e11a098;18;;
198376;1787670450363;150D;Fahrstatistik Max/Ø;20;65;–;00-DA-00-95-FF-FF-FF-FF-47-18-FF-FF-FF-FF-FF-FF-FF-FF-00-00;NOTIFICATION;1;da1a1500-d532-4285-be94-b07a3e11a098;da1a150d-d532-4285-be94-b07a3e11a098;18;;
199446;1787670451433;1502;Akkuinformationen;16;66;–;47-18-FF-FF-FF-FF-47-18-FF-FF-FF-FF-FF-FF-00-00;NOTIFICATION;1;da1a1500-d532-4285-be94-b07a3e11a098;da1a1502-d532-4285-be94-b07a3e11a098;18;;
199888;1787670451875;1505;BikePerformance / Fahrleistung;18;66;0,1,2,3,7;08-AC-08-AC-FF-FF-00-DA-FF-FF-FF-FF-FF-00-00-00-00-00;NOTIFICATION;1;da1a1500-d532-4285-be94-b07a3e11a098;da1a1505-d532-4285-be94-b07a3e11a098;18;;
199995;1787670451982;1506;Trip / Kilometer & Betriebszähler;16;66;7;00-00-1C-61-00-02-37-23-00-00-02-D6-00-00-00-00;NOTIFICATION;1;da1a1500-d532-4285-be94-b07a3e11a098;da1a1506-d532-4285-be94-b07a3e11a098;18;;
200532;1787670452519;1508;Settings / Licht & Fahrstufe;17;66;–;00-00-00-01-FF-FF-FF-FF-FF-FF-FF-00-00-00-00-00-00;NOTIFICATION;1;da1a1500-d532-4285-be94-b07a3e11a098;da1a1508-d532-4285-be94-b07a3e11a098;18;;
200623;1787670452610;1509;BatteryChange / Akku-Livestand;11;66;0,1,10;17-70-FF-FF-1B-AD-0C-00-00-01-09;NOTIFICATION;1;da1a1500-d532-4285-be94-b07a3e11a098;da1a1509-d532-4285-be94-b07a3e11a098;18;;
200905;1787670452892;150A;MotorUpdate / Motor-Livestand;10;66;0,1;17-70-FF-FF-FF-FF-FF-FF-FF-FF;NOTIFICATION;1;da1a1500-d532-4285-be94-b07a3e11a098;da1a150a-d532-4285-be94-b07a3e11a098;18;;
201046;1787670453033;150B;Motor-/Controllerblock;20;66;–;FF-FF-FF-FF-FF-FF-FF-FF-FF-FF-FF-FF-FF-FF-FF-FF-FF-FF-FF-FF;NOTIFICATION;1;da1a1500-d532-4285-be94-b07a3e11a098;da1a150b-d532-4285-be94-b07a3e11a098;18;;
201326;1787670453313;150D;Fahrstatistik Max/Ø;20;66;–;00-DA-00-95-FF-FF-FF-FF-47-18-FF-FF-FF-FF-FF-FF-FF-FF-00-00;NOTIFICATION;1;da1a1500-d532-4285-be94-b07a3e11a098;da1a150d-d532-4285-be94-b07a3e11a098;18;;
202396;1787670454383;1502;Akkuinformationen;16;67;–;47-18-FF-FF-FF-FF-47-18-FF-FF-FF-FF-FF-FF-00-00;NOTIFICATION;1;da1a1500-d532-4285-be94-b07a3e11a098;da1a1502-d532-4285-be94-b07a3e11a098;18;;
202716;1787670454703;1505;BikePerformance / Fahrleistung;18;67;0,1,2,3;0A-82-0A-82-FF-FF-00-DA-FF-FF-FF-FF-FF-00-00-00-00-00;NOTIFICATION;1;da1a1500-d532-4285-be94-b07a3e11a098;da1a1505-d532-4285-be94-b07a3e11a098;18;;
202917;1787670454904;1506;Trip / Kilometer & Betriebszähler;16;67;7;00-00-1C-61-00-02-37-26-00-00-02-D6-00-00-00-00;NOTIFICATION;1;da1a1500-d532-4285-be94-b07a3e11a098;da1a1506-d532-4285-be94-b07a3e11a098;18;;
203336;1787670455323;1508;Settings / Licht & Fahrstufe;17;67;–;00-00-00-01-FF-FF-FF-FF-FF-FF-FF-00-00-00-00-00-00;NOTIFICATION;1;da1a1500-d532-4285-be94-b07a3e11a098;da1a1508-d532-4285-be94-b07a3e11a098;18;;
203544;1787670455531;1509;BatteryChange / Akku-Livestand;11;67;0,1,10;1B-58-FF-FF-1B-AD-0C-00-00-01-36;NOTIFICATION;1;da1a1500-d532-4285-be94-b07a3e11a098;da1a1509-d532-4285-be94-b07a3e11a098;18;;
203761;1787670455748;150A;MotorUpdate / Motor-Livestand;10;67;–;17-70-FF-FF-FF-FF-FF-FF-FF-FF;NOTIFICATION;1;da1a1500-d532-4285-be94-b07a3e11a098;da1a150a-d532-4285-be94-b07a3e11a098;18;;
204077;1787670456064;150B;Motor-/Controllerblock;20;67;–;FF-FF-FF-FF-FF-FF-FF-FF-FF-FF-FF-FF-FF-FF-FF-FF-FF-FF-FF-FF;NOTIFICATION;1;da1a1500-d532-4285-be94-b07a3e11a098;da1a150b-d532-4285-be94-b07a3e11a098;18;;
204174;1787670456161;150D;Fahrstatistik Max/Ø;20;67;–;00-DA-00-95-FF-FF-FF-FF-47-18-FF-FF-FF-FF-FF-FF-FF-FF-00-00;NOTIFICATION;1;da1a1500-d532-4285-be94-b07a3e11a098;da1a150d-d532-4285-be94-b07a3e11a098;18;;
205216;1787670457203;1502;Akkuinformationen;16;68;–;47-18-FF-FF-FF-FF-47-18-FF-FF-FF-FF-FF-FF-00-00;NOTIFICATION;1;da1a1500-d532-4285-be94-b07a3e11a098;da1a1502-d532-4285-be94-b07a3e11a098;18;;
205641;1787670457628;1505;BikePerformance / Fahrleistung;18;68;0,1,2,3;05-3C-05-3C-FF-FF-00-DA-FF-FF-FF-FF-FF-00-00-00-00-00;NOTIFICATION;1;da1a1500-d532-4285-be94-b07a3e11a098;da1a1505-d532-4285-be94-b07a3e11a098;18;;
205838;1787670457825;1506;Trip / Kilometer & Betriebszähler;16;68;7;00-00-1C-61-00-02-37-29-00-00-02-D6-00-00-00-00;NOTIFICATION;1;da1a1500-d532-4285-be94-b07a3e11a098;da1a1506-d532-4285-be94-b07a3e11a098;18;;
206263;1787670458250;1508;Settings / Licht & Fahrstufe;17;68;–;00-00-00-01-FF-FF-FF-FF-FF-FF-FF-00-00-00-00-00-00;NOTIFICATION;1;da1a1500-d532-4285-be94-b07a3e11a098;da1a1508-d532-4285-be94-b07a3e11a098;18;;
206464;1787670458451;1509;BatteryChange / Akku-Livestand;11;68;0,1,5,6,9,10;0F-A0-FF-FF-1B-AE-9C-00-00-00-B2;NOTIFICATION;1;da1a1500-d532-4285-be94-b07a3e11a098;da1a1509-d532-4285-be94-b07a3e11a098;18;;
206680;1787670458667;150A;MotorUpdate / Motor-Livestand;10;68;0,1;13-88-FF-FF-FF-FF-FF-FF-FF-FF;NOTIFICATION;1;da1a1500-d532-4285-be94-b07a3e11a098;da1a150a-d532-4285-be94-b07a3e11a098;18;;
206888;1787670458875;150B;Motor-/Controllerblock;20;68;–;FF-FF-FF-FF-FF-FF-FF-FF-FF-FF-FF-FF-FF-FF-FF-FF-FF-FF-FF-FF;NOTIFICATION;1;da1a1500-d532-4285-be94-b07a3e11a098;da1a150b-d532-4285-be94-b07a3e11a098;18;;
207097;1787670459084;150D;Fahrstatistik Max/Ø;20;68;–;00-DA-00-95-FF-FF-FF-FF-47-18-FF-FF-FF-FF-FF-FF-FF-FF-00-00;NOTIFICATION;1;da1a1500-d532-4285-be94-b07a3e11a098;da1a150d-d532-4285-be94-b07a3e11a098;18;;
208130;1787670460117;1502;Akkuinformationen;16;69;–;47-18-FF-FF-FF-FF-47-18-FF-FF-FF-FF-FF-FF-00-00;NOTIFICATION;1;da1a1500-d532-4285-be94-b07a3e11a098;da1a1502-d532-4285-be94-b07a3e11a098;18;;
208551;1787670460538;1505;BikePerformance / Fahrleistung;18;69;0,1,2,3;0A-5A-0A-5A-FF-FF-00-DA-FF-FF-FF-FF-FF-00-00-00-00-00;NOTIFICATION;1;da1a1500-d532-4285-be94-b07a3e11a098;da1a1505-d532-4285-be94-b07a3e11a098;18;;
208762;1787670460749;1506;Trip / Kilometer & Betriebszähler;16;69;3,7;00-00-1C-62-00-02-37-2C-00-00-02-D6-00-00-00-00;NOTIFICATION;1;da1a1500-d532-4285-be94-b07a3e11a098;da1a1506-d532-4285-be94-b07a3e11a098;18;;
209176;1787670461163;1508;Settings / Licht & Fahrstufe;17;69;–;00-00-00-01-FF-FF-FF-FF-FF-FF-FF-00-00-00-00-00-00;NOTIFICATION;1;da1a1500-d532-4285-be94-b07a3e11a098;da1a1508-d532-4285-be94-b07a3e11a098;18;;
209387;1787670461374;1509;BatteryChange / Akku-Livestand;11;69;0,1,6,10;13-88-FF-FF-1B-AE-38-00-00-00-DF;NOTIFICATION;1;da1a1500-d532-4285-be94-b07a3e11a098;da1a1509-d532-4285-be94-b07a3e11a098;18;;
209594;1787670461581;150A;MotorUpdate / Motor-Livestand;10;69;–;13-88-FF-FF-FF-FF-FF-FF-FF-FF;NOTIFICATION;1;da1a1500-d532-4285-be94-b07a3e11a098;da1a150a-d532-4285-be94-b07a3e11a098;18;;
209800;1787670461787;150B;Motor-/Controllerblock;20;69;–;FF-FF-FF-FF-FF-FF-FF-FF-FF-FF-FF-FF-FF-FF-FF-FF-FF-FF-FF-FF;NOTIFICATION;1;da1a1500-d532-4285-be94-b07a3e11a098;da1a150b-d532-4285-be94-b07a3e11a098;18;;
210011;1787670461998;150D;Fahrstatistik Max/Ø;20;69;3;00-DA-00-9C-FF-FF-FF-FF-47-18-FF-FF-FF-FF-FF-FF-FF-FF-00-00;NOTIFICATION;1;da1a1500-d532-4285-be94-b07a3e11a098;da1a150d-d532-4285-be94-b07a3e11a098;18;;
211052;1787670463039;1502;Akkuinformationen;16;70;–;47-18-FF-FF-FF-FF-47-18-FF-FF-FF-FF-FF-FF-00-00;NOTIFICATION;1;da1a1500-d532-4285-be94-b07a3e11a098;da1a1502-d532-4285-be94-b07a3e11a098;18;;
211473;1787670463460;1505;BikePerformance / Fahrleistung;18;70;0,1,2,3;01-C2-01-C2-FF-FF-00-DA-FF-FF-FF-FF-FF-00-00-00-00-00;NOTIFICATION;1;da1a1500-d532-4285-be94-b07a3e11a098;da1a1505-d532-4285-be94-b07a3e11a098;18;;
211686;1787670463673;1506;Trip / Kilometer & Betriebszähler;16;70;7;00-00-1C-62-00-02-37-2F-00-00-02-D6-00-00-00-00;NOTIFICATION;1;da1a1500-d532-4285-be94-b07a3e11a098;da1a1506-d532-4285-be94-b07a3e11a098;18;;
212106;1787670464093;1508;Settings / Licht & Fahrstufe;17;70;–;00-00-00-01-FF-FF-FF-FF-FF-FF-FF-00-00-00-00-00-00;NOTIFICATION;1;da1a1500-d532-4285-be94-b07a3e11a098;da1a1508-d532-4285-be94-b07a3e11a098;18;;
212305;1787670464292;1509;BatteryChange / Akku-Livestand;11;70;0,1,5,6,10;00-00-FF-FF-1B-B0-F4-00-00-00-00;NOTIFICATION;1;da1a1500-d532-4285-be94-b07a3e11a098;da1a1509-d532-4285-be94-b07a3e11a098;18;;
212516;1787670464503;150A;MotorUpdate / Motor-Livestand;10;70;0,1;00-00-FF-FF-FF-FF-FF-FF-FF-FF;NOTIFICATION;1;da1a1500-d532-4285-be94-b07a3e11a098;da1a150a-d532-4285-be94-b07a3e11a098;18;;
212724;1787670464711;150B;Motor-/Controllerblock;20;70;–;FF-FF-FF-FF-FF-FF-FF-FF-FF-FF-FF-FF-FF-FF-FF-FF-FF-FF-FF-FF;NOTIFICATION;1;da1a1500-d532-4285-be94-b07a3e11a098;da1a150b-d532-4285-be94-b07a3e11a098;18;;
212933;1787670464920;150D;Fahrstatistik Max/Ø;20;70;–;00-DA-00-9C-FF-FF-FF-FF-47-18-FF-FF-FF-FF-FF-FF-FF-FF-00-00;NOTIFICATION;1;da1a1500-d532-4285-be94-b07a3e11a098;da1a150d-d532-4285-be94-b07a3e11a098;18;;
213976;1787670465963;1502;Akkuinformationen;16;71;–;47-18-FF-FF-FF-FF-47-18-FF-FF-FF-FF-FF-FF-00-00;NOTIFICATION;1;da1a1500-d532-4285-be94-b07a3e11a098;da1a1502-d532-4285-be94-b07a3e11a098;18;;
214398;1787670466385;1505;BikePerformance / Fahrleistung;18;71;0,1,2,3,7;00-00-00-00-FF-FF-00-AE-FF-FF-FF-FF-FF-00-00-00-00-00;NOTIFICATION;1;da1a1500-d532-4285-be94-b07a3e11a098;da1a1505-d532-4285-be94-b07a3e11a098;18;;
214605;1787670466592;1506;Trip / Kilometer & Betriebszähler;16;71;7;00-00-1C-62-00-02-37-32-00-00-02-D6-00-00-00-00;NOTIFICATION;1;da1a1500-d532-4285-be94-b07a3e11a098;da1a1506-d532-4285-be94-b07a3e11a098;18;;
215024;1787670467011;1508;Settings / Licht & Fahrstufe;17;71;–;00-00-00-01-FF-FF-FF-FF-FF-FF-FF-00-00-00-00-00-00;NOTIFICATION;1;da1a1500-d532-4285-be94-b07a3e11a098;da1a1508-d532-4285-be94-b07a3e11a098;18;;
215234;1787670467221;1509;BatteryChange / Akku-Livestand;11;71;0,1,5,6,10;07-D0-FF-FF-1B-AF-C8-00-00-00-59;NOTIFICATION;1;da1a1500-d532-4285-be94-b07a3e11a098;da1a1509-d532-4285-be94-b07a3e11a098;18;;
215435;1787670467422;150A;MotorUpdate / Motor-Livestand;10;71;0,1;07-D0-FF-FF-FF-FF-FF-FF-FF-FF;NOTIFICATION;1;da1a1500-d532-4285-be94-b07a3e11a098;da1a150a-d532-4285-be94-b07a3e11a098;18;;
215644;1787670467631;150B;Motor-/Controllerblock;20;71;–;FF-FF-FF-FF-FF-FF-FF-FF-FF-FF-FF-FF-FF-FF-FF-FF-FF-FF-FF-FF;NOTIFICATION;1;da1a1500-d532-4285-be94-b07a3e11a098;da1a150b-d532-4285-be94-b07a3e11a098;18;;
215853;1787670467840;150D;Fahrstatistik Max/Ø;20;71;–;00-DA-00-9C-FF-FF-FF-FF-47-18-FF-FF-FF-FF-FF-FF-FF-FF-00-00;NOTIFICATION;1;da1a1500-d532-4285-be94-b07a3e11a098;da1a150d-d532-4285-be94-b07a3e11a098;18;;
216905;1787670468892;1502;Akkuinformationen;16;72;–;47-18-FF-FF-FF-FF-47-18-FF-FF-FF-FF-FF-FF-00-00;NOTIFICATION;1;da1a1500-d532-4285-be94-b07a3e11a098;da1a1502-d532-4285-be94-b07a3e11a098;18;;
217315;1787670469302;1505;BikePerformance / Fahrleistung;18;72;0,1,2,3,7;14-78-14-78-FF-FF-00-B2-FF-FF-FF-FF-FF-00-00-00-00-00;NOTIFICATION;1;da1a1500-d532-4285-be94-b07a3e11a098;da1a1505-d532-4285-be94-b07a3e11a098;18;;
217524;1787670469511;1506;Trip / Kilometer & Betriebszähler;16;72;7;00-00-1C-62-00-02-37-34-00-00-02-D6-00-00-00-00;NOTIFICATION;1;da1a1500-d532-4285-be94-b07a3e11a098;da1a1506-d532-4285-be94-b07a3e11a098;18;;
217944;1787670469931;1508;Settings / Licht & Fahrstufe;17;72;–;00-00-00-01-FF-FF-FF-FF-FF-FF-FF-00-00-00-00-00-00;NOTIFICATION;1;da1a1500-d532-4285-be94-b07a3e11a098;da1a1508-d532-4285-be94-b07a3e11a098;18;;
218154;1787670470141;1509;BatteryChange / Akku-Livestand;11;72;0,1,5,6,9,10;27-10-FF-FF-1B-AB-7C-00-00-01-B7;NOTIFICATION;1;da1a1500-d532-4285-be94-b07a3e11a098;da1a1509-d532-4285-be94-b07a3e11a098;18;;
218366;1787670470353;150A;MotorUpdate / Motor-Livestand;10;72;0,1;27-10-FF-FF-FF-FF-FF-FF-FF-FF;NOTIFICATION;1;da1a1500-d532-4285-be94-b07a3e11a098;da1a150a-d532-4285-be94-b07a3e11a098;18;;
218565;1787670470552;150B;Motor-/Controllerblock;20;72;–;FF-FF-FF-FF-FF-FF-FF-FF-FF-FF-FF-FF-FF-FF-FF-FF-FF-FF-FF-FF;NOTIFICATION;1;da1a1500-d532-4285-be94-b07a3e11a098;da1a150b-d532-4285-be94-b07a3e11a098;18;;
218773;1787670470760;150D;Fahrstatistik Max/Ø;20;72;–;00-DA-00-9C-FF-FF-FF-FF-47-18-FF-FF-FF-FF-FF-FF-FF-FF-00-00;NOTIFICATION;1;da1a1500-d532-4285-be94-b07a3e11a098;da1a150d-d532-4285-be94-b07a3e11a098;18;;
219825;1787670471812;1502;Akkuinformationen;16;73;–;47-18-FF-FF-FF-FF-47-18-FF-FF-FF-FF-FF-FF-00-00;NOTIFICATION;1;da1a1500-d532-4285-be94-b07a3e11a098;da1a1502-d532-4285-be94-b07a3e11a098;18;;
220234;1787670472221;1505;BikePerformance / Fahrleistung;18;73;0,1,2,3,7;0C-26-0C-26-FF-FF-00-DA-FF-FF-FF-FF-FF-00-00-00-00-00;NOTIFICATION;1;da1a1500-d532-4285-be94-b07a3e11a098;da1a1505-d532-4285-be94-b07a3e11a098;18;;
220444;1787670472431;1506;Trip / Kilometer & Betriebszähler;16;73;7;00-00-1C-62-00-02-37-37-00-00-02-D6-00-00-00-00;NOTIFICATION;1;da1a1500-d532-4285-be94-b07a3e11a098;da1a1506-d532-4285-be94-b07a3e11a098;18;;
220863;1787670472850;1508;Settings / Licht & Fahrstufe;17;73;–;00-00-00-01-FF-FF-FF-FF-FF-FF-FF-00-00-00-00-00-00;NOTIFICATION;1;da1a1500-d532-4285-be94-b07a3e11a098;da1a1508-d532-4285-be94-b07a3e11a098;18;;
221074;1787670473061;1509;BatteryChange / Akku-Livestand;11;73;0,1,5,6,10;17-70-FF-FF-1B-AD-D4-00-00-01-0B;NOTIFICATION;1;da1a1500-d532-4285-be94-b07a3e11a098;da1a1509-d532-4285-be94-b07a3e11a098;18;;
221285;1787670473272;150A;MotorUpdate / Motor-Livestand;10;73;0,1;17-70-FF-FF-FF-FF-FF-FF-FF-FF;NOTIFICATION;1;da1a1500-d532-4285-be94-b07a3e11a098;da1a150a-d532-4285-be94-b07a3e11a098;18;;
221497;1787670473484;150B;Motor-/Controllerblock;20;73;–;FF-FF-FF-FF-FF-FF-FF-FF-FF-FF-FF-FF-FF-FF-FF-FF-FF-FF-FF-FF;NOTIFICATION;1;da1a1500-d532-4285-be94-b07a3e11a098;da1a150b-d532-4285-be94-b07a3e11a098;18;;
221693;1787670473680;150D;Fahrstatistik Max/Ø;20;73;–;00-DA-00-9C-FF-FF-FF-FF-47-18-FF-FF-FF-FF-FF-FF-FF-FF-00-00;NOTIFICATION;1;da1a1500-d532-4285-be94-b07a3e11a098;da1a150d-d532-4285-be94-b07a3e11a098;18;;
222744;1787670474731;1502;Akkuinformationen;16;74;–;47-18-FF-FF-FF-FF-47-18-FF-FF-FF-FF-FF-FF-00-00;NOTIFICATION;1;da1a1500-d532-4285-be94-b07a3e11a098;da1a1502-d532-4285-be94-b07a3e11a098;18;;
223168;1787670475155;1505;BikePerformance / Fahrleistung;18;74;0,1,2,3;0A-6E-0A-6E-FF-FF-00-DA-FF-FF-FF-FF-FF-00-00-00-00-00;NOTIFICATION;1;da1a1500-d532-4285-be94-b07a3e11a098;da1a1505-d532-4285-be94-b07a3e11a098;18;;
223373;1787670475360;1506;Trip / Kilometer & Betriebszähler;16;74;3,7;00-00-1C-63-00-02-37-3A-00-00-02-D6-00-00-00-00;NOTIFICATION;1;da1a1500-d532-4285-be94-b07a3e11a098;da1a1506-d532-4285-be94-b07a3e11a098;18;;
223799;1787670475786;1508;Settings / Licht & Fahrstufe;17;74;–;00-00-00-01-FF-FF-FF-FF-FF-FF-FF-00-00-00-00-00-00;NOTIFICATION;1;da1a1500-d532-4285-be94-b07a3e11a098;da1a1508-d532-4285-be94-b07a3e11a098;18;;
223994;1787670475981;1509;BatteryChange / Akku-Livestand;11;74;–;17-70-FF-FF-1B-AD-D4-00-00-01-0B;NOTIFICATION;1;da1a1500-d532-4285-be94-b07a3e11a098;da1a1509-d532-4285-be94-b07a3e11a098;18;;
224206;1787670476193;150A;MotorUpdate / Motor-Livestand;10;74;–;17-70-FF-FF-FF-FF-FF-FF-FF-FF;NOTIFICATION;1;da1a1500-d532-4285-be94-b07a3e11a098;da1a150a-d532-4285-be94-b07a3e11a098;18;;
224418;1787670476405;150B;Motor-/Controllerblock;20;74;–;FF-FF-FF-FF-FF-FF-FF-FF-FF-FF-FF-FF-FF-FF-FF-FF-FF-FF-FF-FF;NOTIFICATION;1;da1a1500-d532-4285-be94-b07a3e11a098;da1a150b-d532-4285-be94-b07a3e11a098;18;;
224627;1787670476614;150D;Fahrstatistik Max/Ø;20;74;3;00-DA-00-A4-FF-FF-FF-FF-47-18-FF-FF-FF-FF-FF-FF-FF-FF-00-00;NOTIFICATION;1;da1a1500-d532-4285-be94-b07a3e11a098;da1a150d-d532-4285-be94-b07a3e11a098;18;;
225666;1787670477653;1502;Akkuinformationen;16;75;–;47-18-FF-FF-FF-FF-47-18-FF-FF-FF-FF-FF-FF-00-00;NOTIFICATION;1;da1a1500-d532-4285-be94-b07a3e11a098;da1a1502-d532-4285-be94-b07a3e11a098;18;;
226088;1787670478075;1505;BikePerformance / Fahrleistung;18;75;1,3;0A-5A-0A-5A-FF-FF-00-DA-FF-FF-FF-FF-FF-00-00-00-00-00;NOTIFICATION;1;da1a1500-d532-4285-be94-b07a3e11a098;da1a1505-d532-4285-be94-b07a3e11a098;18;;
226296;1787670478283;1506;Trip / Kilometer & Betriebszähler;16;75;7;00-00-1C-63-00-02-37-3D-00-00-02-D6-00-00-00-00;NOTIFICATION;1;da1a1500-d532-4285-be94-b07a3e11a098;da1a1506-d532-4285-be94-b07a3e11a098;18;;
226715;1787670478702;1508;Settings / Licht & Fahrstufe;17;75;–;00-00-00-01-FF-FF-FF-FF-FF-FF-FF-00-00-00-00-00-00;NOTIFICATION;1;da1a1500-d532-4285-be94-b07a3e11a098;da1a1508-d532-4285-be94-b07a3e11a098;18;;
226924;1787670478911;1509;BatteryChange / Akku-Livestand;11;75;6,10;17-70-FF-FF-1B-AD-0C-00-00-01-09;NOTIFICATION;1;da1a1500-d532-4285-be94-b07a3e11a098;da1a1509-d532-4285-be94-b07a3e11a098;18;;
227126;1787670479113;150A;MotorUpdate / Motor-Livestand;10;75;–;17-70-FF-FF-FF-FF-FF-FF-FF-FF;NOTIFICATION;1;da1a1500-d532-4285-be94-b07a3e11a098;da1a150a-d532-4285-be94-b07a3e11a098;18;;
227335;1787670479322;150B;Motor-/Controllerblock;20;75;–;FF-FF-FF-FF-FF-FF-FF-FF-FF-FF-FF-FF-FF-FF-FF-FF-FF-FF-FF-FF;NOTIFICATION;1;da1a1500-d532-4285-be94-b07a3e11a098;da1a150b-d532-4285-be94-b07a3e11a098;18;;
227543;1787670479530;150D;Fahrstatistik Max/Ø;20;75;–;00-DA-00-A4-FF-FF-FF-FF-47-18-FF-FF-FF-FF-FF-FF-FF-FF-00-00;NOTIFICATION;1;da1a1500-d532-4285-be94-b07a3e11a098;da1a150d-d532-4285-be94-b07a3e11a098;18;;
228596;1787670480583;1502;Akkuinformationen;16;76;–;47-18-FF-FF-FF-FF-47-18-FF-FF-FF-FF-FF-FF-00-00;NOTIFICATION;1;da1a1500-d532-4285-be94-b07a3e11a098;da1a1502-d532-4285-be94-b07a3e11a098;18;;
229005;1787670480992;1505;BikePerformance / Fahrleistung;18;76;0,1,2,3;0C-1C-0C-1C-FF-FF-00-DA-FF-FF-FF-FF-FF-00-00-00-00-00;NOTIFICATION;1;da1a1500-d532-4285-be94-b07a3e11a098;da1a1505-d532-4285-be94-b07a3e11a098;18;;
229216;1787670481203;1506;Trip / Kilometer & Betriebszähler;16;76;7;00-00-1C-63-00-02-37-40-00-00-02-D6-00-00-00-00;NOTIFICATION;1;da1a1500-d532-4285-be94-b07a3e11a098;da1a1506-d532-4285-be94-b07a3e11a098;18;;
229634;1787670481621;1508;Settings / Licht & Fahrstufe;17;76;–;00-00-00-01-FF-FF-FF-FF-FF-FF-FF-00-00-00-00-00-00;NOTIFICATION;1;da1a1500-d532-4285-be94-b07a3e11a098;da1a1508-d532-4285-be94-b07a3e11a098;18;;
229844;1787670481831;1509;BatteryChange / Akku-Livestand;11;76;0,1,5,6,9,10;03-E8-FF-FF-1B-B0-90-00-00-00-87;NOTIFICATION;1;da1a1500-d532-4285-be94-b07a3e11a098;da1a1509-d532-4285-be94-b07a3e11a098;18;;
230054;1787670482041;150A;MotorUpdate / Motor-Livestand;10;76;0,1;00-00-FF-FF-FF-FF-FF-FF-FF-FF;NOTIFICATION;1;da1a1500-d532-4285-be94-b07a3e11a098;da1a150a-d532-4285-be94-b07a3e11a098;18;;
230264;1787670482251;150B;Motor-/Controllerblock;20;76;–;FF-FF-FF-FF-FF-FF-FF-FF-FF-FF-FF-FF-FF-FF-FF-FF-FF-FF-FF-FF;NOTIFICATION;1;da1a1500-d532-4285-be94-b07a3e11a098;da1a150b-d532-4285-be94-b07a3e11a098;18;;
230464;1787670482451;150D;Fahrstatistik Max/Ø;20;76;–;00-DA-00-A4-FF-FF-FF-FF-47-18-FF-FF-FF-FF-FF-FF-FF-FF-00-00;NOTIFICATION;1;da1a1500-d532-4285-be94-b07a3e11a098;da1a150d-d532-4285-be94-b07a3e11a098;18;;
231516;1787670483503;1502;Akkuinformationen;16;77;–;47-18-FF-FF-FF-FF-47-18-FF-FF-FF-FF-FF-FF-00-00;NOTIFICATION;1;da1a1500-d532-4285-be94-b07a3e11a098;da1a1502-d532-4285-be94-b07a3e11a098;18;;
231925;1787670483912;1505;BikePerformance / Fahrleistung;18;77;0,1,2,3,7;03-7A-03-7A-FF-FF-00-B5-FF-FF-FF-FF-FF-00-00-00-00-00;NOTIFICATION;1;da1a1500-d532-4285-be94-b07a3e11a098;da1a1505-d532-4285-be94-b07a3e11a098;18;;
232143;1787670484130;1506;Trip / Kilometer & Betriebszähler;16;77;7;00-00-1C-63-00-02-37-43-00-00-02-D6-00-00-00-00;NOTIFICATION;1;da1a1500-d532-4285-be94-b07a3e11a098;da1a1506-d532-4285-be94-b07a3e11a098;18;;
232555;1787670484542;1508;Settings / Licht & Fahrstufe;17;77;–;00-00-00-01-FF-FF-FF-FF-FF-FF-FF-00-00-00-00-00-00;NOTIFICATION;1;da1a1500-d532-4285-be94-b07a3e11a098;da1a1508-d532-4285-be94-b07a3e11a098;18;;
232766;1787670484753;1509;BatteryChange / Akku-Livestand;11;77;0,1,5,6,10;0B-B8-FF-FF-1B-AE-9C-00-00-00-86;NOTIFICATION;1;da1a1500-d532-4285-be94-b07a3e11a098;da1a1509-d532-4285-be94-b07a3e11a098;18;;
232973;1787670484960;150A;MotorUpdate / Motor-Livestand;10;77;0,1;0B-B8-FF-FF-FF-FF-FF-FF-FF-FF;NOTIFICATION;1;da1a1500-d532-4285-be94-b07a3e11a098;da1a150a-d532-4285-be94-b07a3e11a098;18;;
233187;1787670485174;150B;Motor-/Controllerblock;20;77;–;FF-FF-FF-FF-FF-FF-FF-FF-FF-FF-FF-FF-FF-FF-FF-FF-FF-FF-FF-FF;NOTIFICATION;1;da1a1500-d532-4285-be94-b07a3e11a098;da1a150b-d532-4285-be94-b07a3e11a098;18;;
233394;1787670485381;150D;Fahrstatistik Max/Ø;20;77;–;00-DA-00-A4-FF-FF-FF-FF-47-18-FF-FF-FF-FF-FF-FF-FF-FF-00-00;NOTIFICATION;1;da1a1500-d532-4285-be94-b07a3e11a098;da1a150d-d532-4285-be94-b07a3e11a098;18;;
234435;1787670486422;1502;Akkuinformationen;16;78;–;47-18-FF-FF-FF-FF-47-18-FF-FF-FF-FF-FF-FF-00-00;NOTIFICATION;1;da1a1500-d532-4285-be94-b07a3e11a098;da1a1502-d532-4285-be94-b07a3e11a098;18;;
234855;1787670486842;1505;BikePerformance / Fahrleistung;18;78;0,1,2,3,7;05-3C-05-3C-FF-FF-00-A9-FF-FF-FF-FF-FF-00-00-00-00-00;NOTIFICATION;1;da1a1500-d532-4285-be94-b07a3e11a098;da1a1505-d532-4285-be94-b07a3e11a098;18;;
235056;1787670487043;1506;Trip / Kilometer & Betriebszähler;16;78;7;00-00-1C-63-00-02-37-46-00-00-02-D6-00-00-00-00;NOTIFICATION;1;da1a1500-d532-4285-be94-b07a3e11a098;da1a1506-d532-4285-be94-b07a3e11a098;18;;
235475;1787670487462;1508;Settings / Licht & Fahrstufe;17;78;–;00-00-00-01-FF-FF-FF-FF-FF-FF-FF-00-00-00-00-00-00;NOTIFICATION;1;da1a1500-d532-4285-be94-b07a3e11a098;da1a1508-d532-4285-be94-b07a3e11a098;18;;
235685;1787670487672;1509;BatteryChange / Akku-Livestand;11;78;6;0B-B8-FF-FF-1B-AE-38-00-00-00-86;NOTIFICATION;1;da1a1500-d532-4285-be94-b07a3e11a098;da1a1509-d532-4285-be94-b07a3e11a098;18;;
235894;1787670487881;150A;MotorUpdate / Motor-Livestand;10;78;0,1;0F-A0-FF-FF-FF-FF-FF-FF-FF-FF;NOTIFICATION;1;da1a1500-d532-4285-be94-b07a3e11a098;da1a150a-d532-4285-be94-b07a3e11a098;18;;
236107;1787670488094;150B;Motor-/Controllerblock;20;78;–;FF-FF-FF-FF-FF-FF-FF-FF-FF-FF-FF-FF-FF-FF-FF-FF-FF-FF-FF-FF;NOTIFICATION;1;da1a1500-d532-4285-be94-b07a3e11a098;da1a150b-d532-4285-be94-b07a3e11a098;18;;
236313;1787670488300;150D;Fahrstatistik Max/Ø;20;78;–;00-DA-00-A4-FF-FF-FF-FF-47-18-FF-FF-FF-FF-FF-FF-FF-FF-00-00;NOTIFICATION;1;da1a1500-d532-4285-be94-b07a3e11a098;da1a150d-d532-4285-be94-b07a3e11a098;18;;
237355;1787670489342;1502;Akkuinformationen;16;79;–;47-18-FF-FF-FF-FF-47-18-FF-FF-FF-FF-FF-FF-00-00;NOTIFICATION;1;da1a1500-d532-4285-be94-b07a3e11a098;da1a1502-d532-4285-be94-b07a3e11a098;18;;
237775;1787670489762;1505;BikePerformance / Fahrleistung;18;79;0,1,2,3,7;06-F4-06-F4-FF-FF-00-A6-FF-FF-FF-FF-FF-00-00-00-00-00;NOTIFICATION;1;da1a1500-d532-4285-be94-b07a3e11a098;da1a1505-d532-4285-be94-b07a3e11a098;18;;
237985;1787670489972;1506;Trip / Kilometer & Betriebszähler;16;79;7;00-00-1C-63-00-02-37-49-00-00-02-D6-00-00-00-00;NOTIFICATION;1;da1a1500-d532-4285-be94-b07a3e11a098;da1a1506-d532-4285-be94-b07a3e11a098;18;;
238393;1787670490380;1508;Settings / Licht & Fahrstufe;17;79;–;00-00-00-01-FF-FF-FF-FF-FF-FF-FF-00-00-00-00-00-00;NOTIFICATION;1;da1a1500-d532-4285-be94-b07a3e11a098;da1a1508-d532-4285-be94-b07a3e11a098;18;;
238604;1787670490591;1509;BatteryChange / Akku-Livestand;11;79;4,6;0B-B8-FF-FF-19-AE-9C-00-00-00-86;NOTIFICATION;1;da1a1500-d532-4285-be94-b07a3e11a098;da1a1509-d532-4285-be94-b07a3e11a098;18;;
238814;1787670490801;150A;MotorUpdate / Motor-Livestand;10;79;0,1;0B-B8-FF-FF-FF-FF-FF-FF-FF-FF;NOTIFICATION;1;da1a1500-d532-4285-be94-b07a3e11a098;da1a150a-d532-4285-be94-b07a3e11a098;18;;
239023;1787670491010;150B;Motor-/Controllerblock;20;79;–;FF-FF-FF-FF-FF-FF-FF-FF-FF-FF-FF-FF-FF-FF-FF-FF-FF-FF-FF-FF;NOTIFICATION;1;da1a1500-d532-4285-be94-b07a3e11a098;da1a150b-d532-4285-be94-b07a3e11a098;18;;
239233;1787670491220;150D;Fahrstatistik Max/Ø;20;79;–;00-DA-00-A4-FF-FF-FF-FF-47-18-FF-FF-FF-FF-FF-FF-FF-FF-00-00;NOTIFICATION;1;da1a1500-d532-4285-be94-b07a3e11a098;da1a150d-d532-4285-be94-b07a3e11a098;18;;
240273;1787670492260;1502;Akkuinformationen;16;80;–;47-18-FF-FF-FF-FF-47-18-FF-FF-FF-FF-FF-FF-00-00;NOTIFICATION;1;da1a1500-d532-4285-be94-b07a3e11a098;da1a1502-d532-4285-be94-b07a3e11a098;18;;
240695;1787670492682;1505;BikePerformance / Fahrleistung;18;80;0,1,2,3,7;00-00-00-00-FF-FF-00-92-FF-FF-FF-FF-FF-00-00-00-00-00;NOTIFICATION;1;da1a1500-d532-4285-be94-b07a3e11a098;da1a1505-d532-4285-be94-b07a3e11a098;18;;
240907;1787670492894;1506;Trip / Kilometer & Betriebszähler;16;80;7;00-00-1C-63-00-02-37-4C-00-00-02-D6-00-00-00-00;NOTIFICATION;1;da1a1500-d532-4285-be94-b07a3e11a098;da1a1506-d532-4285-be94-b07a3e11a098;18;;
241325;1787670493312;1508;Settings / Licht & Fahrstufe;17;80;–;00-00-00-01-FF-FF-FF-FF-FF-FF-FF-00-00-00-00-00-00;NOTIFICATION;1;da1a1500-d532-4285-be94-b07a3e11a098;da1a1508-d532-4285-be94-b07a3e11a098;18;;
241526;1787670493513;1509;BatteryChange / Akku-Livestand;11;80;0,1,4,5,6,10;00-00-FF-FF-17-B0-F4-00-00-00-00;NOTIFICATION;1;da1a1500-d532-4285-be94-b07a3e11a098;da1a1509-d532-4285-be94-b07a3e11a098;18;;
241735;1787670493722;150A;MotorUpdate / Motor-Livestand;10;80;0,1;00-00-FF-FF-FF-FF-FF-FF-FF-FF;NOTIFICATION;1;da1a1500-d532-4285-be94-b07a3e11a098;da1a150a-d532-4285-be94-b07a3e11a098;18;;
241945;1787670493932;150B;Motor-/Controllerblock;20;80;–;FF-FF-FF-FF-FF-FF-FF-FF-FF-FF-FF-FF-FF-FF-FF-FF-FF-FF-FF-FF;NOTIFICATION;1;da1a1500-d532-4285-be94-b07a3e11a098;da1a150b-d532-4285-be94-b07a3e11a098;18;;
242155;1787670494142;150D;Fahrstatistik Max/Ø;20;80;–;00-DA-00-A4-FF-FF-FF-FF-47-18-FF-FF-FF-FF-FF-FF-FF-FF-00-00;NOTIFICATION;1;da1a1500-d532-4285-be94-b07a3e11a098;da1a150d-d532-4285-be94-b07a3e11a098;18;;
243193;1787670495180;1502;Akkuinformationen;16;81;–;47-18-FF-FF-FF-FF-47-18-FF-FF-FF-FF-FF-FF-00-00;NOTIFICATION;1;da1a1500-d532-4285-be94-b07a3e11a098;da1a1502-d532-4285-be94-b07a3e11a098;18;;
243615;1787670495602;1505;BikePerformance / Fahrleistung;18;81;7;00-00-00-00-FF-FF-00-69-FF-FF-FF-FF-FF-00-00-00-00-00;NOTIFICATION;1;da1a1500-d532-4285-be94-b07a3e11a098;da1a1505-d532-4285-be94-b07a3e11a098;18;;
243823;1787670495810;1506;Trip / Kilometer & Betriebszähler;16;81;3,7;00-00-1C-64-00-02-37-4F-00-00-02-D6-00-00-00-00;NOTIFICATION;1;da1a1500-d532-4285-be94-b07a3e11a098;da1a1506-d532-4285-be94-b07a3e11a098;18;;
244245;1787670496232;1508;Settings / Licht & Fahrstufe;17;81;–;00-00-00-01-FF-FF-FF-FF-FF-FF-FF-00-00-00-00-00-00;NOTIFICATION;1;da1a1500-d532-4285-be94-b07a3e11a098;da1a1508-d532-4285-be94-b07a3e11a098;18;;
244456;1787670496443;1509;BatteryChange / Akku-Livestand;11;81;5,6;00-00-FF-FF-17-B1-58-00-00-00-00;NOTIFICATION;1;da1a1500-d532-4285-be94-b07a3e11a098;da1a1509-d532-4285-be94-b07a3e11a098;18;;
244654;1787670496641;150A;MotorUpdate / Motor-Livestand;10;81;–;00-00-FF-FF-FF-FF-FF-FF-FF-FF;NOTIFICATION;1;da1a1500-d532-4285-be94-b07a3e11a098;da1a150a-d532-4285-be94-b07a3e11a098;18;;
244864;1787670496851;150B;Motor-/Controllerblock;20;81;–;FF-FF-FF-FF-FF-FF-FF-FF-FF-FF-FF-FF-FF-FF-FF-FF-FF-FF-FF-FF;NOTIFICATION;1;da1a1500-d532-4285-be94-b07a3e11a098;da1a150b-d532-4285-be94-b07a3e11a098;18;;
245073;1787670497060;150D;Fahrstatistik Max/Ø;20;81;3;00-DA-00-A5-FF-FF-FF-FF-47-18-FF-FF-FF-FF-FF-FF-FF-FF-00-00;NOTIFICATION;1;da1a1500-d532-4285-be94-b07a3e11a098;da1a150d-d532-4285-be94-b07a3e11a098;18;;
246124;1787670498111;1502;Akkuinformationen;16;82;–;47-18-FF-FF-FF-FF-47-18-FF-FF-FF-FF-FF-FF-00-00;NOTIFICATION;1;da1a1500-d532-4285-be94-b07a3e11a098;da1a1502-d532-4285-be94-b07a3e11a098;18;;
246535;1787670498522;1505;BikePerformance / Fahrleistung;18;82;7;00-00-00-00-FF-FF-00-4E-FF-FF-FF-FF-FF-00-00-00-00-00;NOTIFICATION;1;da1a1500-d532-4285-be94-b07a3e11a098;da1a1505-d532-4285-be94-b07a3e11a098;18;;
246745;1787670498732;1506;Trip / Kilometer & Betriebszähler;16;82;7;00-00-1C-64-00-02-37-52-00-00-02-D6-00-00-00-00;NOTIFICATION;1;da1a1500-d532-4285-be94-b07a3e11a098;da1a1506-d532-4285-be94-b07a3e11a098;18;;
247164;1787670499151;1508;Settings / Licht & Fahrstufe;17;82;–;00-00-00-01-FF-FF-FF-FF-FF-FF-FF-00-00-00-00-00-00;NOTIFICATION;1;da1a1500-d532-4285-be94-b07a3e11a098;da1a1508-d532-4285-be94-b07a3e11a098;18;;
247374;1787670499361;1509;BatteryChange / Akku-Livestand;11;82;0,1,4,10;03-E8-FF-FF-1B-B1-58-00-00-00-5A;NOTIFICATION;1;da1a1500-d532-4285-be94-b07a3e11a098;da1a1509-d532-4285-be94-b07a3e11a098;18;;
247585;1787670499572;150A;MotorUpdate / Motor-Livestand;10;82;–;00-00-FF-FF-FF-FF-FF-FF-FF-FF;NOTIFICATION;1;da1a1500-d532-4285-be94-b07a3e11a098;da1a150a-d532-4285-be94-b07a3e11a098;18;;
247795;1787670499782;150B;Motor-/Controllerblock;20;82;–;FF-FF-FF-FF-FF-FF-FF-FF-FF-FF-FF-FF-FF-FF-FF-FF-FF-FF-FF-FF;NOTIFICATION;1;da1a1500-d532-4285-be94-b07a3e11a098;da1a150b-d532-4285-be94-b07a3e11a098;18;;
247994;1787670499981;150D;Fahrstatistik Max/Ø;20;82;–;00-DA-00-A5-FF-FF-FF-FF-47-18-FF-FF-FF-FF-FF-FF-FF-FF-00-00;NOTIFICATION;1;da1a1500-d532-4285-be94-b07a3e11a098;da1a150d-d532-4285-be94-b07a3e11a098;18;;
249045;1787670501032;1502;Akkuinformationen;16;83;–;47-18-FF-FF-FF-FF-47-18-FF-FF-FF-FF-FF-FF-00-00;NOTIFICATION;1;da1a1500-d532-4285-be94-b07a3e11a098;da1a1502-d532-4285-be94-b07a3e11a098;18;;
249463;1787670501450;1505;BikePerformance / Fahrleistung;18;83;7;00-00-00-00-FF-FF-00-60-FF-FF-FF-FF-FF-00-00-00-00-00;NOTIFICATION;1;da1a1500-d532-4285-be94-b07a3e11a098;da1a1505-d532-4285-be94-b07a3e11a098;18;;
249667;1787670501654;1506;Trip / Kilometer & Betriebszähler;16;83;7;00-00-1C-64-00-02-37-55-00-00-02-D6-00-00-00-00;NOTIFICATION;1;da1a1500-d532-4285-be94-b07a3e11a098;da1a1506-d532-4285-be94-b07a3e11a098;18;;
250083;1787670502070;1508;Settings / Licht & Fahrstufe;17;83;–;00-00-00-01-FF-FF-FF-FF-FF-FF-FF-00-00-00-00-00-00;NOTIFICATION;1;da1a1500-d532-4285-be94-b07a3e11a098;da1a1508-d532-4285-be94-b07a3e11a098;18;;
250295;1787670502282;1509;BatteryChange / Akku-Livestand;11;83;0,1,10;00-00-FF-FF-1B-B1-58-00-00-00-00;NOTIFICATION;1;da1a1500-d532-4285-be94-b07a3e11a098;da1a1509-d532-4285-be94-b07a3e11a098;18;;
250506;1787670502493;150A;MotorUpdate / Motor-Livestand;10;83;–;00-00-FF-FF-FF-FF-FF-FF-FF-FF;NOTIFICATION;1;da1a1500-d532-4285-be94-b07a3e11a098;da1a150a-d532-4285-be94-b07a3e11a098;18;;
250715;1787670502702;150B;Motor-/Controllerblock;20;83;–;FF-FF-FF-FF-FF-FF-FF-FF-FF-FF-FF-FF-FF-FF-FF-FF-FF-FF-FF-FF;NOTIFICATION;1;da1a1500-d532-4285-be94-b07a3e11a098;da1a150b-d532-4285-be94-b07a3e11a098;18;;
250927;1787670502914;150D;Fahrstatistik Max/Ø;20;83;–;00-DA-00-A5-FF-FF-FF-FF-47-18-FF-FF-FF-FF-FF-FF-FF-FF-00-00;NOTIFICATION;1;da1a1500-d532-4285-be94-b07a3e11a098;da1a150d-d532-4285-be94-b07a3e11a098;18;;
251967;1787670503954;1502;Akkuinformationen;16;84;–;47-18-FF-FF-FF-FF-47-18-FF-FF-FF-FF-FF-FF-00-00;NOTIFICATION;1;da1a1500-d532-4285-be94-b07a3e11a098;da1a1502-d532-4285-be94-b07a3e11a098;18;;
252386;1787670504373;1505;BikePerformance / Fahrleistung;18;84;7;00-00-00-00-FF-FF-00-3D-FF-FF-FF-FF-FF-00-00-00-00-00;NOTIFICATION;1;da1a1500-d532-4285-be94-b07a3e11a098;da1a1505-d532-4285-be94-b07a3e11a098;18;;
252595;1787670504582;1506;Trip / Kilometer & Betriebszähler;16;84;7;00-00-1C-64-00-02-37-58-00-00-02-D6-00-00-00-00;NOTIFICATION;1;da1a1500-d532-4285-be94-b07a3e11a098;da1a1506-d532-4285-be94-b07a3e11a098;18;;
253005;1787670504992;1508;Settings / Licht & Fahrstufe;17;84;–;00-00-00-01-FF-FF-FF-FF-FF-FF-FF-00-00-00-00-00-00;NOTIFICATION;1;da1a1500-d532-4285-be94-b07a3e11a098;da1a1508-d532-4285-be94-b07a3e11a098;18;;
253217;1787670505204;1509;BatteryChange / Akku-Livestand;11;84;–;00-00-FF-FF-1B-B1-58-00-00-00-00;NOTIFICATION;1;da1a1500-d532-4285-be94-b07a3e11a098;da1a1509-d532-4285-be94-b07a3e11a098;18;;
253427;1787670505414;150A;MotorUpdate / Motor-Livestand;10;84;–;00-00-FF-FF-FF-FF-FF-FF-FF-FF;NOTIFICATION;1;da1a1500-d532-4285-be94-b07a3e11a098;da1a150a-d532-4285-be94-b07a3e11a098;18;;
253635;1787670505622;150B;Motor-/Controllerblock;20;84;–;FF-FF-FF-FF-FF-FF-FF-FF-FF-FF-FF-FF-FF-FF-FF-FF-FF-FF-FF-FF;NOTIFICATION;1;da1a1500-d532-4285-be94-b07a3e11a098;da1a150b-d532-4285-be94-b07a3e11a098;18;;
253847;1787670505834;150D;Fahrstatistik Max/Ø;20;84;–;00-DA-00-A5-FF-FF-FF-FF-47-18-FF-FF-FF-FF-FF-FF-FF-FF-00-00;NOTIFICATION;1;da1a1500-d532-4285-be94-b07a3e11a098;da1a150d-d532-4285-be94-b07a3e11a098;18;;
254886;1787670506873;1502;Akkuinformationen;16;85;–;47-18-FF-FF-FF-FF-47-18-FF-FF-FF-FF-FF-FF-00-00;NOTIFICATION;1;da1a1500-d532-4285-be94-b07a3e11a098;da1a1502-d532-4285-be94-b07a3e11a098;18;;
255305;1787670507292;1505;BikePerformance / Fahrleistung;18;85;7;00-00-00-00-FF-FF-00-01-FF-FF-FF-FF-FF-00-00-00-00-00;NOTIFICATION;1;da1a1500-d532-4285-be94-b07a3e11a098;da1a1505-d532-4285-be94-b07a3e11a098;18;;
255515;1787670507502;1506;Trip / Kilometer & Betriebszähler;16;85;7;00-00-1C-64-00-02-37-5B-00-00-02-D6-00-00-00-00;NOTIFICATION;1;da1a1500-d532-4285-be94-b07a3e11a098;da1a1506-d532-4285-be94-b07a3e11a098;18;;
255924;1787670507911;1508;Settings / Licht & Fahrstufe;17;85;–;00-00-00-01-FF-FF-FF-FF-FF-FF-FF-00-00-00-00-00-00;NOTIFICATION;1;da1a1500-d532-4285-be94-b07a3e11a098;da1a1508-d532-4285-be94-b07a3e11a098;18;;
256135;1787670508122;1509;BatteryChange / Akku-Livestand;11;85;5,6;00-00-FF-FF-1B-B2-20-00-00-00-00;NOTIFICATION;1;da1a1500-d532-4285-be94-b07a3e11a098;da1a1509-d532-4285-be94-b07a3e11a098;18;;
256344;1787670508331;150A;MotorUpdate / Motor-Livestand;10;85;–;00-00-FF-FF-FF-FF-FF-FF-FF-FF;NOTIFICATION;1;da1a1500-d532-4285-be94-b07a3e11a098;da1a150a-d532-4285-be94-b07a3e11a098;18;;
256564;1787670508551;150B;Motor-/Controllerblock;20;85;–;FF-FF-FF-FF-FF-FF-FF-FF-FF-FF-FF-FF-FF-FF-FF-FF-FF-FF-FF-FF;NOTIFICATION;1;da1a1500-d532-4285-be94-b07a3e11a098;da1a150b-d532-4285-be94-b07a3e11a098;18;;
256765;1787670508752;150D;Fahrstatistik Max/Ø;20;85;–;00-DA-00-A5-FF-FF-FF-FF-47-18-FF-FF-FF-FF-FF-FF-FF-FF-00-00;NOTIFICATION;1;da1a1500-d532-4285-be94-b07a3e11a098;da1a150d-d532-4285-be94-b07a3e11a098;18;;
257804;1787670509791;1502;Akkuinformationen;16;86;–;47-18-FF-FF-FF-FF-47-18-FF-FF-FF-FF-FF-FF-00-00;NOTIFICATION;1;da1a1500-d532-4285-be94-b07a3e11a098;da1a1502-d532-4285-be94-b07a3e11a098;18;;
258228;1787670510215;1505;BikePerformance / Fahrleistung;18;86;7;00-00-00-00-FF-FF-00-00-FF-FF-FF-FF-FF-00-00-00-00-00;NOTIFICATION;1;da1a1500-d532-4285-be94-b07a3e11a098;da1a1505-d532-4285-be94-b07a3e11a098;18;;
258436;1787670510423;1506;Trip / Kilometer & Betriebszähler;16;86;–;00-00-1C-64-00-02-37-5B-00-00-02-D6-00-00-00-00;NOTIFICATION;1;da1a1500-d532-4285-be94-b07a3e11a098;da1a1506-d532-4285-be94-b07a3e11a098;18;;
258856;1787670510843;1508;Settings / Licht & Fahrstufe;17;86;–;00-00-00-01-FF-FF-FF-FF-FF-FF-FF-00-00-00-00-00-00;NOTIFICATION;1;da1a1500-d532-4285-be94-b07a3e11a098;da1a1508-d532-4285-be94-b07a3e11a098;18;;
259059;1787670511046;1509;BatteryChange / Akku-Livestand;11;86;5,6;00-00-FF-FF-1B-B1-BC-00-00-00-00;NOTIFICATION;1;da1a1500-d532-4285-be94-b07a3e11a098;da1a1509-d532-4285-be94-b07a3e11a098;18;;
259267;1787670511254;150A;MotorUpdate / Motor-Livestand;10;86;–;00-00-FF-FF-FF-FF-FF-FF-FF-FF;NOTIFICATION;1;da1a1500-d532-4285-be94-b07a3e11a098;da1a150a-d532-4285-be94-b07a3e11a098;18;;
259476;1787670511463;150B;Motor-/Controllerblock;20;86;–;FF-FF-FF-FF-FF-FF-FF-FF-FF-FF-FF-FF-FF-FF-FF-FF-FF-FF-FF-FF;NOTIFICATION;1;da1a1500-d532-4285-be94-b07a3e11a098;da1a150b-d532-4285-be94-b07a3e11a098;18;;
259685;1787670511672;150D;Fahrstatistik Max/Ø;20;86;–;00-DA-00-A5-FF-FF-FF-FF-47-18-FF-FF-FF-FF-FF-FF-FF-FF-00-00;NOTIFICATION;1;da1a1500-d532-4285-be94-b07a3e11a098;da1a150d-d532-4285-be94-b07a3e11a098;18;;
260725;1787670512712;1502;Akkuinformationen;16;87;–;47-18-FF-FF-FF-FF-47-18-FF-FF-FF-FF-FF-FF-00-00;NOTIFICATION;1;da1a1500-d532-4285-be94-b07a3e11a098;da1a1502-d532-4285-be94-b07a3e11a098;18;;
261145;1787670513132;1505;BikePerformance / Fahrleistung;18;87;–;00-00-00-00-FF-FF-00-00-FF-FF-FF-FF-FF-00-00-00-00-00;NOTIFICATION;1;da1a1500-d532-4285-be94-b07a3e11a098;da1a1505-d532-4285-be94-b07a3e11a098;18;;
261357;1787670513344;1506;Trip / Kilometer & Betriebszähler;16;87;–;00-00-1C-64-00-02-37-5B-00-00-02-D6-00-00-00-00;NOTIFICATION;1;da1a1500-d532-4285-be94-b07a3e11a098;da1a1506-d532-4285-be94-b07a3e11a098;18;;
261775;1787670513762;1508;Settings / Licht & Fahrstufe;17;87;–;00-00-00-01-FF-FF-FF-FF-FF-FF-FF-00-00-00-00-00-00;NOTIFICATION;1;da1a1500-d532-4285-be94-b07a3e11a098;da1a1508-d532-4285-be94-b07a3e11a098;18;;
261986;1787670513973;1509;BatteryChange / Akku-Livestand;11;87;5,6;00-00-FF-FF-1B-B2-20-00-00-00-00;NOTIFICATION;1;da1a1500-d532-4285-be94-b07a3e11a098;da1a1509-d532-4285-be94-b07a3e11a098;18;;
262186;1787670514173;150A;MotorUpdate / Motor-Livestand;10;87;–;00-00-FF-FF-FF-FF-FF-FF-FF-FF;NOTIFICATION;1;da1a1500-d532-4285-be94-b07a3e11a098;da1a150a-d532-4285-be94-b07a3e11a098;18;;
262394;1787670514381;150B;Motor-/Controllerblock;20;87;–;FF-FF-FF-FF-FF-FF-FF-FF-FF-FF-FF-FF-FF-FF-FF-FF-FF-FF-FF-FF;NOTIFICATION;1;da1a1500-d532-4285-be94-b07a3e11a098;da1a150b-d532-4285-be94-b07a3e11a098;18;;
262606;1787670514593;150D;Fahrstatistik Max/Ø;20;87;–;00-DA-00-A5-FF-FF-FF-FF-47-18-FF-FF-FF-FF-FF-FF-FF-FF-00-00;NOTIFICATION;1;da1a1500-d532-4285-be94-b07a3e11a098;da1a150d-d532-4285-be94-b07a3e11a098;18;;
263658;1787670515645;1502;Akkuinformationen;16;88;–;47-18-FF-FF-FF-FF-47-18-FF-FF-FF-FF-FF-FF-00-00;NOTIFICATION;1;da1a1500-d532-4285-be94-b07a3e11a098;da1a1502-d532-4285-be94-b07a3e11a098;18;;
264063;1787670516050;1505;BikePerformance / Fahrleistung;18;88;–;00-00-00-00-FF-FF-00-00-FF-FF-FF-FF-FF-00-00-00-00-00;NOTIFICATION;1;da1a1500-d532-4285-be94-b07a3e11a098;da1a1505-d532-4285-be94-b07a3e11a098;18;;
264275;1787670516262;1506;Trip / Kilometer & Betriebszähler;16;88;–;00-00-1C-64-00-02-37-5B-00-00-02-D6-00-00-00-00;NOTIFICATION;1;da1a1500-d532-4285-be94-b07a3e11a098;da1a1506-d532-4285-be94-b07a3e11a098;18;;
264691;1787670516678;1508;Settings / Licht & Fahrstufe;17;88;–;00-00-00-01-FF-FF-FF-FF-FF-FF-FF-00-00-00-00-00-00;NOTIFICATION;1;da1a1500-d532-4285-be94-b07a3e11a098;da1a1508-d532-4285-be94-b07a3e11a098;18;;
264903;1787670516890;1509;BatteryChange / Akku-Livestand;11;88;–;00-00-FF-FF-1B-B2-20-00-00-00-00;NOTIFICATION;1;da1a1500-d532-4285-be94-b07a3e11a098;da1a1509-d532-4285-be94-b07a3e11a098;18;;
265113;1787670517100;150A;MotorUpdate / Motor-Livestand;10;88;–;00-00-FF-FF-FF-FF-FF-FF-FF-FF;NOTIFICATION;1;da1a1500-d532-4285-be94-b07a3e11a098;da1a150a-d532-4285-be94-b07a3e11a098;18;;
265323;1787670517310;150B;Motor-/Controllerblock;20;88;–;FF-FF-FF-FF-FF-FF-FF-FF-FF-FF-FF-FF-FF-FF-FF-FF-FF-FF-FF-FF;NOTIFICATION;1;da1a1500-d532-4285-be94-b07a3e11a098;da1a150b-d532-4285-be94-b07a3e11a098;18;;
265532;1787670517519;150D;Fahrstatistik Max/Ø;20;88;–;00-DA-00-A5-FF-FF-FF-FF-47-18-FF-FF-FF-FF-FF-FF-FF-FF-00-00;NOTIFICATION;1;da1a1500-d532-4285-be94-b07a3e11a098;da1a150d-d532-4285-be94-b07a3e11a098;18;;
266573;1787670518560;1502;Akkuinformationen;16;89;–;47-18-FF-FF-FF-FF-47-18-FF-FF-FF-FF-FF-FF-00-00;NOTIFICATION;1;da1a1500-d532-4285-be94-b07a3e11a098;da1a1502-d532-4285-be94-b07a3e11a098;18;;
266994;1787670518981;1505;BikePerformance / Fahrleistung;18;89;–;00-00-00-00-FF-FF-00-00-FF-FF-FF-FF-FF-00-00-00-00-00;NOTIFICATION;1;da1a1500-d532-4285-be94-b07a3e11a098;da1a1505-d532-4285-be94-b07a3e11a098;18;;
267193;1787670519180;1506;Trip / Kilometer & Betriebszähler;16;89;–;00-00-1C-64-00-02-37-5B-00-00-02-D6-00-00-00-00;NOTIFICATION;1;da1a1500-d532-4285-be94-b07a3e11a098;da1a1506-d532-4285-be94-b07a3e11a098;18;;
267615;1787670519602;1508;Settings / Licht & Fahrstufe;17;89;–;00-00-00-01-FF-FF-FF-FF-FF-FF-FF-00-00-00-00-00-00;NOTIFICATION;1;da1a1500-d532-4285-be94-b07a3e11a098;da1a1508-d532-4285-be94-b07a3e11a098;18;;
267824;1787670519811;1509;BatteryChange / Akku-Livestand;11;89;–;00-00-FF-FF-1B-B2-20-00-00-00-00;NOTIFICATION;1;da1a1500-d532-4285-be94-b07a3e11a098;da1a1509-d532-4285-be94-b07a3e11a098;18;;
268035;1787670520022;150A;MotorUpdate / Motor-Livestand;10;89;–;00-00-FF-FF-FF-FF-FF-FF-FF-FF;NOTIFICATION;1;da1a1500-d532-4285-be94-b07a3e11a098;da1a150a-d532-4285-be94-b07a3e11a098;18;;
268247;1787670520234;150B;Motor-/Controllerblock;20;89;–;FF-FF-FF-FF-FF-FF-FF-FF-FF-FF-FF-FF-FF-FF-FF-FF-FF-FF-FF-FF;NOTIFICATION;1;da1a1500-d532-4285-be94-b07a3e11a098;da1a150b-d532-4285-be94-b07a3e11a098;18;;
268456;1787670520443;150D;Fahrstatistik Max/Ø;20;89;–;00-DA-00-A5-FF-FF-FF-FF-47-18-FF-FF-FF-FF-FF-FF-FF-FF-00-00;NOTIFICATION;1;da1a1500-d532-4285-be94-b07a3e11a098;da1a150d-d532-4285-be94-b07a3e11a098;18;;
269496;1787670521483;1502;Akkuinformationen;16;90;–;47-18-FF-FF-FF-FF-47-18-FF-FF-FF-FF-FF-FF-00-00;NOTIFICATION;1;da1a1500-d532-4285-be94-b07a3e11a098;da1a1502-d532-4285-be94-b07a3e11a098;18;;
269914;1787670521901;1505;BikePerformance / Fahrleistung;18;90;–;00-00-00-00-FF-FF-00-00-FF-FF-FF-FF-FF-00-00-00-00-00;NOTIFICATION;1;da1a1500-d532-4285-be94-b07a3e11a098;da1a1505-d532-4285-be94-b07a3e11a098;18;;
270125;1787670522112;1506;Trip / Kilometer & Betriebszähler;16;90;–;00-00-1C-64-00-02-37-5B-00-00-02-D6-00-00-00-00;NOTIFICATION;1;da1a1500-d532-4285-be94-b07a3e11a098;da1a1506-d532-4285-be94-b07a3e11a098;18;;
270533;1787670522520;1508;Settings / Licht & Fahrstufe;17;90;–;00-00-00-01-FF-FF-FF-FF-FF-FF-FF-00-00-00-00-00-00;NOTIFICATION;1;da1a1500-d532-4285-be94-b07a3e11a098;da1a1508-d532-4285-be94-b07a3e11a098;18;;
270747;1787670522734;1509;BatteryChange / Akku-Livestand;11;90;–;00-00-FF-FF-1B-B2-20-00-00-00-00;NOTIFICATION;1;da1a1500-d532-4285-be94-b07a3e11a098;da1a1509-d532-4285-be94-b07a3e11a098;18;;
270955;1787670522942;150A;MotorUpdate / Motor-Livestand;10;90;–;00-00-FF-FF-FF-FF-FF-FF-FF-FF;NOTIFICATION;1;da1a1500-d532-4285-be94-b07a3e11a098;da1a150a-d532-4285-be94-b07a3e11a098;18;;
271167;1787670523154;150B;Motor-/Controllerblock;20;90;–;FF-FF-FF-FF-FF-FF-FF-FF-FF-FF-FF-FF-FF-FF-FF-FF-FF-FF-FF-FF;NOTIFICATION;1;da1a1500-d532-4285-be94-b07a3e11a098;da1a150b-d532-4285-be94-b07a3e11a098;18;;
271374;1787670523361;150D;Fahrstatistik Max/Ø;20;90;–;00-DA-00-A5-FF-FF-FF-FF-47-18-FF-FF-FF-FF-FF-FF-FF-FF-00-00;NOTIFICATION;1;da1a1500-d532-4285-be94-b07a3e11a098;da1a150d-d532-4285-be94-b07a3e11a098;18;;
272414;1787670524401;1502;Akkuinformationen;16;91;–;47-18-FF-FF-FF-FF-47-18-FF-FF-FF-FF-FF-FF-00-00;NOTIFICATION;1;da1a1500-d532-4285-be94-b07a3e11a098;da1a1502-d532-4285-be94-b07a3e11a098;18;;
272845;1787670524832;1505;BikePerformance / Fahrleistung;18;91;–;00-00-00-00-FF-FF-00-00-FF-FF-FF-FF-FF-00-00-00-00-00;NOTIFICATION;1;da1a1500-d532-4285-be94-b07a3e11a098;da1a1505-d532-4285-be94-b07a3e11a098;18;;
273046;1787670525033;1506;Trip / Kilometer & Betriebszähler;16;91;–;00-00-1C-64-00-02-37-5B-00-00-02-D6-00-00-00-00;NOTIFICATION;1;da1a1500-d532-4285-be94-b07a3e11a098;da1a1506-d532-4285-be94-b07a3e11a098;18;;
273468;1787670525455;1508;Settings / Licht & Fahrstufe;17;91;–;00-00-00-01-FF-FF-FF-FF-FF-FF-FF-00-00-00-00-00-00;NOTIFICATION;1;da1a1500-d532-4285-be94-b07a3e11a098;da1a1508-d532-4285-be94-b07a3e11a098;18;;
273663;1787670525650;1509;BatteryChange / Akku-Livestand;11;91;–;00-00-FF-FF-1B-B2-20-00-00-00-00;NOTIFICATION;1;da1a1500-d532-4285-be94-b07a3e11a098;da1a1509-d532-4285-be94-b07a3e11a098;18;;
273878;1787670525865;150A;MotorUpdate / Motor-Livestand;10;91;–;00-00-FF-FF-FF-FF-FF-FF-FF-FF;NOTIFICATION;1;da1a1500-d532-4285-be94-b07a3e11a098;da1a150a-d532-4285-be94-b07a3e11a098;18;;
274089;1787670526076;150B;Motor-/Controllerblock;20;91;–;FF-FF-FF-FF-FF-FF-FF-FF-FF-FF-FF-FF-FF-FF-FF-FF-FF-FF-FF-FF;NOTIFICATION;1;da1a1500-d532-4285-be94-b07a3e11a098;da1a150b-d532-4285-be94-b07a3e11a098;18;;
274294;1787670526281;150D;Fahrstatistik Max/Ø;20;91;–;00-DA-00-A5-FF-FF-FF-FF-47-18-FF-FF-FF-FF-FF-FF-FF-FF-00-00;NOTIFICATION;1;da1a1500-d532-4285-be94-b07a3e11a098;da1a150d-d532-4285-be94-b07a3e11a098;18;;
275335;1787670527322;1502;Akkuinformationen;16;92;–;47-18-FF-FF-FF-FF-47-18-FF-FF-FF-FF-FF-FF-00-00;NOTIFICATION;1;da1a1500-d532-4285-be94-b07a3e11a098;da1a1502-d532-4285-be94-b07a3e11a098;18;;
275756;1787670527743;1505;BikePerformance / Fahrleistung;18;92;–;00-00-00-00-FF-FF-00-00-FF-FF-FF-FF-FF-00-00-00-00-00;NOTIFICATION;1;da1a1500-d532-4285-be94-b07a3e11a098;da1a1505-d532-4285-be94-b07a3e11a098;18;;
275979;1787670527966;1506;Trip / Kilometer & Betriebszähler;16;92;–;00-00-1C-64-00-02-37-5B-00-00-02-D6-00-00-00-00;NOTIFICATION;1;da1a1500-d532-4285-be94-b07a3e11a098;da1a1506-d532-4285-be94-b07a3e11a098;18;;
276386;1787670528373;1508;Settings / Licht & Fahrstufe;17;92;–;00-00-00-01-FF-FF-FF-FF-FF-FF-FF-00-00-00-00-00-00;NOTIFICATION;1;da1a1500-d532-4285-be94-b07a3e11a098;da1a1508-d532-4285-be94-b07a3e11a098;18;;
276595;1787670528582;1509;BatteryChange / Akku-Livestand;11;92;–;00-00-FF-FF-1B-B2-20-00-00-00-00;NOTIFICATION;1;da1a1500-d532-4285-be94-b07a3e11a098;da1a1509-d532-4285-be94-b07a3e11a098;18;;
276798;1787670528785;150A;MotorUpdate / Motor-Livestand;10;92;–;00-00-FF-FF-FF-FF-FF-FF-FF-FF;NOTIFICATION;1;da1a1500-d532-4285-be94-b07a3e11a098;da1a150a-d532-4285-be94-b07a3e11a098;18;;
277010;1787670528997;150B;Motor-/Controllerblock;20;92;–;FF-FF-FF-FF-FF-FF-FF-FF-FF-FF-FF-FF-FF-FF-FF-FF-FF-FF-FF-FF;NOTIFICATION;1;da1a1500-d532-4285-be94-b07a3e11a098;da1a150b-d532-4285-be94-b07a3e11a098;18;;
277218;1787670529205;150D;Fahrstatistik Max/Ø;20;92;–;00-DA-00-A5-FF-FF-FF-FF-47-18-FF-FF-FF-FF-FF-FF-FF-FF-00-00;NOTIFICATION;1;da1a1500-d532-4285-be94-b07a3e11a098;da1a150d-d532-4285-be94-b07a3e11a098;18;;
278264;1787670530251;1502;Akkuinformationen;16;93;–;47-18-FF-FF-FF-FF-47-18-FF-FF-FF-FF-FF-FF-00-00;NOTIFICATION;1;da1a1500-d532-4285-be94-b07a3e11a098;da1a1502-d532-4285-be94-b07a3e11a098;18;;
278679;1787670530666;1505;BikePerformance / Fahrleistung;18;93;–;00-00-00-00-FF-FF-00-00-FF-FF-FF-FF-FF-00-00-00-00-00;NOTIFICATION;1;da1a1500-d532-4285-be94-b07a3e11a098;da1a1505-d532-4285-be94-b07a3e11a098;18;;
278886;1787670530873;1506;Trip / Kilometer & Betriebszähler;16;93;–;00-00-1C-64-00-02-37-5B-00-00-02-D6-00-00-00-00;NOTIFICATION;1;da1a1500-d532-4285-be94-b07a3e11a098;da1a1506-d532-4285-be94-b07a3e11a098;18;;
279306;1787670531293;1508;Settings / Licht & Fahrstufe;17;93;–;00-00-00-01-FF-FF-FF-FF-FF-FF-FF-00-00-00-00-00-00;NOTIFICATION;1;da1a1500-d532-4285-be94-b07a3e11a098;da1a1508-d532-4285-be94-b07a3e11a098;18;;
279520;1787670531507;1509;BatteryChange / Akku-Livestand;11;93;–;00-00-FF-FF-1B-B2-20-00-00-00-00;NOTIFICATION;1;da1a1500-d532-4285-be94-b07a3e11a098;da1a1509-d532-4285-be94-b07a3e11a098;18;;
279726;1787670531713;150A;MotorUpdate / Motor-Livestand;10;93;–;00-00-FF-FF-FF-FF-FF-FF-FF-FF;NOTIFICATION;1;da1a1500-d532-4285-be94-b07a3e11a098;da1a150a-d532-4285-be94-b07a3e11a098;18;;
279938;1787670531925;150B;Motor-/Controllerblock;20;93;–;FF-FF-FF-FF-FF-FF-FF-FF-FF-FF-FF-FF-FF-FF-FF-FF-FF-FF-FF-FF;NOTIFICATION;1;da1a1500-d532-4285-be94-b07a3e11a098;da1a150b-d532-4285-be94-b07a3e11a098;18;;
280137;1787670532124;150D;Fahrstatistik Max/Ø;20;93;–;00-DA-00-A5-FF-FF-FF-FF-47-18-FF-FF-FF-FF-FF-FF-FF-FF-00-00;NOTIFICATION;1;da1a1500-d532-4285-be94-b07a3e11a098;da1a150d-d532-4285-be94-b07a3e11a098;18;;
281184;1787670533171;1502;Akkuinformationen;16;94;–;47-18-FF-FF-FF-FF-47-18-FF-FF-FF-FF-FF-FF-00-00;NOTIFICATION;1;da1a1500-d532-4285-be94-b07a3e11a098;da1a1502-d532-4285-be94-b07a3e11a098;18;;
281598;1787670533585;1505;BikePerformance / Fahrleistung;18;94;–;00-00-00-00-FF-FF-00-00-FF-FF-FF-FF-FF-00-00-00-00-00;NOTIFICATION;1;da1a1500-d532-4285-be94-b07a3e11a098;da1a1505-d532-4285-be94-b07a3e11a098;18;;
281804;1787670533791;1506;Trip / Kilometer & Betriebszähler;16;94;–;00-00-1C-64-00-02-37-5B-00-00-02-D6-00-00-00-00;NOTIFICATION;1;da1a1500-d532-4285-be94-b07a3e11a098;da1a1506-d532-4285-be94-b07a3e11a098;18;;
282225;1787670534212;1508;Settings / Licht & Fahrstufe;17;94;–;00-00-00-01-FF-FF-FF-FF-FF-FF-FF-00-00-00-00-00-00;NOTIFICATION;1;da1a1500-d532-4285-be94-b07a3e11a098;da1a1508-d532-4285-be94-b07a3e11a098;18;;
282436;1787670534423;1509;BatteryChange / Akku-Livestand;11;94;–;00-00-FF-FF-1B-B2-20-00-00-00-00;NOTIFICATION;1;da1a1500-d532-4285-be94-b07a3e11a098;da1a1509-d532-4285-be94-b07a3e11a098;18;;
282646;1787670534633;150A;MotorUpdate / Motor-Livestand;10;94;–;00-00-FF-FF-FF-FF-FF-FF-FF-FF;NOTIFICATION;1;da1a1500-d532-4285-be94-b07a3e11a098;da1a150a-d532-4285-be94-b07a3e11a098;18;;
282866;1787670534853;150B;Motor-/Controllerblock;20;94;–;FF-FF-FF-FF-FF-FF-FF-FF-FF-FF-FF-FF-FF-FF-FF-FF-FF-FF-FF-FF;NOTIFICATION;1;da1a1500-d532-4285-be94-b07a3e11a098;da1a150b-d532-4285-be94-b07a3e11a098;18;;
283075;1787670535062;150D;Fahrstatistik Max/Ø;20;94;–;00-DA-00-A5-FF-FF-FF-FF-47-18-FF-FF-FF-FF-FF-FF-FF-FF-00-00;NOTIFICATION;1;da1a1500-d532-4285-be94-b07a3e11a098;da1a150d-d532-4285-be94-b07a3e11a098;18;;
284105;1787670536092;1502;Akkuinformationen;16;95;–;47-18-FF-FF-FF-FF-47-18-FF-FF-FF-FF-FF-FF-00-00;NOTIFICATION;1;da1a1500-d532-4285-be94-b07a3e11a098;da1a1502-d532-4285-be94-b07a3e11a098;18;;
284529;1787670536516;1505;BikePerformance / Fahrleistung;18;95;–;00-00-00-00-FF-FF-00-00-FF-FF-FF-FF-FF-00-00-00-00-00;NOTIFICATION;1;da1a1500-d532-4285-be94-b07a3e11a098;da1a1505-d532-4285-be94-b07a3e11a098;18;;
284724;1787670536711;1506;Trip / Kilometer & Betriebszähler;16;95;–;00-00-1C-64-00-02-37-5B-00-00-02-D6-00-00-00-00;NOTIFICATION;1;da1a1500-d532-4285-be94-b07a3e11a098;da1a1506-d532-4285-be94-b07a3e11a098;18;;
285144;1787670537131;1508;Settings / Licht & Fahrstufe;17;95;–;00-00-00-01-FF-FF-FF-FF-FF-FF-FF-00-00-00-00-00-00;NOTIFICATION;1;da1a1500-d532-4285-be94-b07a3e11a098;da1a1508-d532-4285-be94-b07a3e11a098;18;;
285355;1787670537342;1509;BatteryChange / Akku-Livestand;11;95;–;00-00-FF-FF-1B-B2-20-00-00-00-00;NOTIFICATION;1;da1a1500-d532-4285-be94-b07a3e11a098;da1a1509-d532-4285-be94-b07a3e11a098;18;;
285566;1787670537553;150A;MotorUpdate / Motor-Livestand;10;95;–;00-00-FF-FF-FF-FF-FF-FF-FF-FF;NOTIFICATION;1;da1a1500-d532-4285-be94-b07a3e11a098;da1a150a-d532-4285-be94-b07a3e11a098;18;;
285775;1787670537762;150B;Motor-/Controllerblock;20;95;–;FF-FF-FF-FF-FF-FF-FF-FF-FF-FF-FF-FF-FF-FF-FF-FF-FF-FF-FF-FF;NOTIFICATION;1;da1a1500-d532-4285-be94-b07a3e11a098;da1a150b-d532-4285-be94-b07a3e11a098;18;;
285985;1787670537972;150D;Fahrstatistik Max/Ø;20;95;–;00-DA-00-A5-FF-FF-FF-FF-47-18-FF-FF-FF-FF-FF-FF-FF-FF-00-00;NOTIFICATION;1;da1a1500-d532-4285-be94-b07a3e11a098;da1a150d-d532-4285-be94-b07a3e11a098;18;;
