relative_ms;timestamp_ms;speed_kmh_candidate;battery_percent_raw;battery_percent_stable;battery_stability;voltage_v;current_a;power_w;electrical_power_w;power_provenance;motor_temp_c;battery_temp_c;trip_km;odometer_km;speed_raw_1505_u16be_b6_b7;motor_load_raw_be;light_state_1508_b0;ride_mode_1508_b3;start_mode_1508_b11;source_channel
9141;1787864840822;;;;RESET;;;;;;;;;;;;;;;1502
9754;1787864841435;0.0;;;RESET;;;;;;;;;;0;;;;;1505
9967;1787864841648;0.0;;;RESET;;;;;;;;0.0;731.9;0;;;;;1506
10381;1787864842062;0.0;;;RESET;;;;;;;;0.0;731.9;0;;1;1;0;1508
10593;1787864842274;0.0;81;;WAITING_FOR_REST;51.3;0.0;0.0;0.0;1509_direct;;;0.0;731.9;0;0;1;1;0;1509
10809;1787864842490;0.0;81;;WAITING_FOR_REST;51.3;0.0;0.0;0.0;1509_direct_carried;;;0.0;731.9;0;0;1;1;0;150A
11016;1787864842697;0.0;81;;WAITING_FOR_REST;51.3;0.0;0.0;0.0;1509_direct_carried;;;0.0;731.9;0;0;1;1;0;150B
11214;1787864842895;0.0;81;;WAITING_FOR_REST;51.3;0.0;0.0;0.0;1509_direct_carried;;;0.0;731.9;0;0;1;1;0;150D
12264;1787864843945;0.0;81;;WAITING_FOR_REST;51.3;0.0;0.0;0.0;1509_direct_carried;;;0.0;731.9;0;0;1;1;0;1502
12672;1787864844353;0.0;81;;WAITING_FOR_REST;51.3;0.0;0.0;0.0;1509_direct_carried;;;0.0;731.9;0;0;1;1;0;1505
12883;1787864844564;0.0;81;;WAITING_FOR_REST;51.3;0.0;0.0;0.0;1509_direct_carried;;;0.0;731.9;0;0;1;1;0;1506
13311;1787864844992;0.0;81;;WAITING_FOR_REST;51.3;0.0;0.0;0.0;1509_direct_carried;;;0.0;731.9;0;0;1;1;0;1508
13511;1787864845192;0.0;81;;WAITING_FOR_REST;51.3;0.0;0.0;0.0;1509_direct;;;0.0;731.9;0;0;1;1;0;1509
13721;1787864845402;0.0;81;;WAITING_FOR_REST;51.3;0.0;0.0;0.0;1509_direct_carried;;;0.0;731.9;0;0;1;1;0;150A
13922;1787864845603;0.0;81;;WAITING_FOR_REST;51.3;0.0;0.0;0.0;1509_direct_carried;;;0.0;731.9;0;0;1;1;0;150B
14135;1787864845816;0.0;81;;WAITING_FOR_REST;51.3;0.0;0.0;0.0;1509_direct_carried;;;0.0;731.9;0;0;1;1;0;150D
15174;1787864846855;0.0;81;;WAITING_FOR_REST;51.3;0.0;0.0;0.0;1509_direct_carried;;;0.0;731.9;0;0;1;1;0;1502
15593;1787864847274;0.0;81;;WAITING_FOR_REST;51.3;0.0;0.0;0.0;1509_direct_carried;;;0.0;731.9;0;0;1;1;0;1505
15804;1787864847485;0.0;81;;WAITING_FOR_REST;51.3;0.0;0.0;0.0;1509_direct_carried;;;0.0;731.9;0;0;1;1;0;1506
16223;1787864847904;0.0;81;;WAITING_FOR_REST;51.3;0.0;0.0;0.0;1509_direct_carried;;;0.0;731.9;0;0;1;1;0;1508
16434;1787864848115;0.0;81;81;STABLE;51.3;0.0;0.0;0.0;1509_direct;;;0.0;731.9;0;0;1;1;0;1509
16635;1787864848316;0.0;81;81;STABLE;51.3;0.0;0.0;0.0;1509_direct_carried;;;0.0;731.9;0;0;1;1;0;150A
16841;1787864848522;0.0;81;81;STABLE;51.3;0.0;0.0;0.0;1509_direct_carried;;;0.0;731.9;0;0;1;1;0;150B
17051;1787864848732;0.0;81;81;STABLE;51.3;0.0;0.0;0.0;1509_direct_carried;;;0.0;731.9;0;0;1;1;0;150D
18096;1787864849777;0.0;81;81;STABLE;51.3;0.0;0.0;0.0;1509_direct_carried;;;0.0;731.9;0;0;1;1;0;1502
18513;1787864850194;0.0;81;81;STABLE;51.3;0.0;0.0;0.0;1509_direct_carried;;;0.0;731.9;0;0;1;1;0;1505
18724;1787864850405;0.0;81;81;STABLE;51.3;0.0;0.0;0.0;1509_direct_carried;;;0.0;731.9;0;0;1;1;0;1506
19141;1787864850822;0.0;81;81;STABLE;51.3;0.0;0.0;0.0;1509_direct_carried;;;0.0;731.9;0;0;1;1;0;1508
19342;1787864851023;0.0;81;81;WAITING_FOR_REST;51.3;0.0;0.0;0.0;1509_direct;;;0.0;731.9;0;0;1;1;0;1509
19552;1787864851233;0.0;81;81;WAITING_FOR_REST;51.3;0.0;0.0;0.0;1509_direct_carried;;;0.0;731.9;0;0;1;1;0;150A
19762;1787864851443;0.0;81;81;WAITING_FOR_REST;51.3;0.0;0.0;0.0;1509_direct_carried;;;0.0;731.9;0;0;1;1;0;150B
19973;1787864851654;0.0;81;81;WAITING_FOR_REST;51.3;0.0;0.0;0.0;1509_direct_carried;;;0.0;731.9;0;0;1;1;0;150D
21011;1787864852692;0.0;81;81;WAITING_FOR_REST;51.3;0.0;0.0;0.0;1509_direct_carried;;;0.0;731.9;0;0;1;1;0;1502
21432;1787864853113;0.0;81;81;WAITING_FOR_REST;51.3;0.0;0.0;0.0;1509_direct_carried;;;0.0;731.9;0;0;1;1;0;1505
21646;1787864853327;0.0;81;81;WAITING_FOR_REST;51.3;0.0;0.0;0.0;1509_direct_carried;;;0.0;731.9;0;0;1;1;0;1506
22062;1787864853743;0.0;81;81;WAITING_FOR_REST;51.3;0.0;0.0;0.0;1509_direct_carried;;;0.0;731.9;0;0;1;1;0;1508
22262;1787864853943;0.0;81;81;WAITING_FOR_REST;51.3;0.0;0.0;0.0;1509_direct;;;0.0;731.9;0;0;1;1;0;1509
22474;1787864854155;0.0;81;81;WAITING_FOR_REST;51.3;0.0;0.0;0.0;1509_direct_carried;;;0.0;731.9;0;0;1;1;0;150A
22682;1787864854363;0.0;81;81;WAITING_FOR_REST;51.3;0.0;0.0;0.0;1509_direct_carried;;;0.0;731.9;0;0;1;1;0;150B
22890;1787864854571;0.0;81;81;WAITING_FOR_REST;51.3;0.0;0.0;0.0;1509_direct_carried;;;0.0;731.9;0;0;1;1;0;150D
23930;1787864855611;0.0;81;81;WAITING_FOR_REST;51.3;0.0;0.0;0.0;1509_direct_carried;;;0.0;731.9;0;0;1;1;0;1502
24350;1787864856031;0.0;81;81;WAITING_FOR_REST;51.3;0.0;0.0;0.0;1509_direct_carried;;;0.0;731.9;0;0;1;1;0;1505
24561;1787864856242;0.0;81;81;WAITING_FOR_REST;51.3;0.0;0.0;0.0;1509_direct_carried;;;0.0;731.9;0;0;1;1;0;1506
24980;1787864856661;0.0;81;81;WAITING_FOR_REST;51.3;0.0;0.0;0.0;1509_direct_carried;;;0.0;731.9;0;0;1;1;0;1508
25179;1787864856860;0.0;81;81;STABLE;51.3;0.0;0.0;0.0;1509_direct;;;0.0;731.9;0;0;1;1;0;1509
25391;1787864857072;0.0;81;81;STABLE;51.3;0.0;0.0;0.0;1509_direct_carried;;;0.0;731.9;0;0;1;1;0;150A
25599;1787864857280;0.0;81;81;STABLE;51.3;0.0;0.0;0.0;1509_direct_carried;;;0.0;731.9;0;0;1;1;0;150B
25816;1787864857497;0.0;81;81;STABLE;51.3;0.0;0.0;0.0;1509_direct_carried;;;0.0;731.9;0;0;1;1;0;150D
26851;1787864858532;0.0;81;81;STABLE;51.3;0.0;0.0;0.0;1509_direct_carried;;;0.0;731.9;0;0;1;1;0;1502
27273;1787864858954;0.0;81;81;STABLE;51.3;0.0;0.0;0.0;1509_direct_carried;;;0.0;731.9;0;0;1;1;0;1505
27484;1787864859165;0.0;81;81;STABLE;51.3;0.0;0.0;0.0;1509_direct_carried;;;0.0;731.9;0;0;1;1;0;1506
27890;1787864859571;0.0;81;81;STABLE;51.3;0.0;0.0;0.0;1509_direct_carried;;;0.0;731.9;0;0;1;1;0;1508
28102;1787864859783;0.0;81;81;WAITING_FOR_REST;51.3;0.0;0.0;0.0;1509_direct;;;0.0;731.9;0;0;1;1;0;1509
28311;1787864859992;0.0;81;81;WAITING_FOR_REST;51.3;0.0;0.0;0.0;1509_direct_carried;;;0.0;731.9;0;0;1;1;0;150A
28524;1787864860205;0.0;81;81;WAITING_FOR_REST;51.3;0.0;0.0;0.0;1509_direct_carried;;;0.0;731.9;0;0;1;1;0;150B
28730;1787864860411;0.0;81;81;WAITING_FOR_REST;51.3;0.0;0.0;0.0;1509_direct_carried;;;0.0;731.9;0;0;1;1;0;150D
29772;1787864861453;0.0;81;81;WAITING_FOR_REST;51.3;0.0;0.0;0.0;1509_direct_carried;;;0.0;731.9;0;0;1;1;0;1502
30192;1787864861873;0.0;81;81;WAITING_FOR_REST;51.3;0.0;0.0;0.0;1509_direct_carried;;;0.0;731.9;0;0;1;1;0;1505
30403;1787864862084;0.0;81;81;WAITING_FOR_REST;51.3;0.0;0.0;0.0;1509_direct_carried;;;0.0;731.9;0;0;1;1;0;1506
30817;1787864862498;0.0;81;81;WAITING_FOR_REST;51.3;0.0;0.0;0.0;1509_direct_carried;;;0.0;731.9;0;0;1;1;0;1508
31025;1787864862706;0.0;81;81;WAITING_FOR_REST;51.3;0.0;0.0;0.0;1509_direct;;;0.0;731.9;0;0;1;1;0;1509
31231;1787864862912;0.0;81;81;WAITING_FOR_REST;51.3;0.0;0.0;0.0;1509_direct_carried;;;0.0;731.9;0;0;1;1;0;150A
31446;1787864863127;0.0;81;81;WAITING_FOR_REST;51.3;0.0;0.0;0.0;1509_direct_carried;;;0.0;731.9;0;0;1;1;0;150B
31651;1787864863332;0.0;81;81;WAITING_FOR_REST;51.3;0.0;0.0;0.0;1509_direct_carried;;;0.0;731.9;0;0;1;1;0;150D
32691;1787864864372;0.0;81;81;WAITING_FOR_REST;51.3;0.0;0.0;0.0;1509_direct_carried;;;0.0;731.9;0;0;1;1;0;1502
33117;1787864864798;0.0;81;81;WAITING_FOR_REST;51.3;0.0;0.0;0.0;1509_direct_carried;;;0.0;731.9;0;0;1;1;0;1505
33322;1787864865003;0.0;81;81;WAITING_FOR_REST;51.3;0.0;0.0;0.0;1509_direct_carried;;;0.0;731.9;0;0;1;1;0;1506
33731;1787864865412;0.0;81;81;WAITING_FOR_REST;51.3;0.0;0.0;0.0;1509_direct_carried;;;0.0;731.9;0;0;1;1;0;1508
33941;1787864865622;0.0;81;81;STABLE;51.3;0.0;0.0;0.0;1509_direct;;;0.0;731.9;0;0;1;1;0;1509
34153;1787864865834;0.0;81;81;STABLE;51.3;0.0;0.0;0.0;1509_direct_carried;;;0.0;731.9;0;0;1;1;0;150A
34363;1787864866044;0.0;81;81;STABLE;51.3;0.0;0.0;0.0;1509_direct_carried;;;0.0;731.9;0;0;1;1;0;150B
34575;1787864866256;0.0;81;81;STABLE;51.3;0.0;0.0;0.0;1509_direct_carried;;;0.0;731.9;0;0;1;1;0;150D
35610;1787864867291;0.0;81;81;STABLE;51.3;0.0;0.0;0.0;1509_direct_carried;;;0.0;731.9;0;0;1;1;0;1502
36031;1787864867712;0.0;81;81;STABLE;51.3;0.0;0.0;0.0;1509_direct_carried;;;0.0;731.9;0;0;1;1;0;1505
36241;1787864867922;0.0;81;81;STABLE;51.3;0.0;0.0;0.0;1509_direct_carried;;;0.0;731.9;0;0;1;1;0;1506
36650;1787864868331;0.0;81;81;STABLE;51.3;0.0;0.0;0.0;1509_direct_carried;;;0.0;731.9;0;0;1;1;0;1508
36863;1787864868544;0.0;81;81;WAITING_FOR_REST;51.3;0.0;0.0;0.0;1509_direct;;;0.0;731.9;0;0;1;1;0;1509
37074;1787864868755;0.0;81;81;WAITING_FOR_REST;51.3;0.0;0.0;0.0;1509_direct_carried;;;0.0;731.9;0;0;1;1;0;150A
37281;1787864868962;0.0;81;81;WAITING_FOR_REST;51.3;0.0;0.0;0.0;1509_direct_carried;;;0.0;731.9;0;0;1;1;0;150B
37496;1787864869177;0.0;81;81;WAITING_FOR_REST;51.3;0.0;0.0;0.0;1509_direct_carried;;;0.0;731.9;0;0;1;1;0;150D
38534;1787864870215;0.0;81;81;WAITING_FOR_REST;51.3;0.0;0.0;0.0;1509_direct_carried;;;0.0;731.9;0;0;1;1;0;1502
38953;1787864870634;0.0;81;81;WAITING_FOR_REST;51.3;0.0;0.0;0.0;1509_direct_carried;;;0.0;731.9;0;0;1;1;0;1505
39163;1787864870844;0.0;81;81;WAITING_FOR_REST;51.3;0.0;0.0;0.0;1509_direct_carried;;;0.0;731.9;0;0;1;1;0;1506
39574;1787864871255;0.0;81;81;WAITING_FOR_REST;51.3;0.0;0.0;0.0;1509_direct_carried;;;0.0;731.9;0;0;1;1;0;1508
39783;1787864871464;0.0;81;81;WAITING_FOR_REST;51.3;0.0;0.0;0.0;1509_direct;;;0.0;731.9;0;0;1;1;0;1509
39993;1787864871674;0.0;81;81;WAITING_FOR_REST;51.3;0.0;0.0;0.0;1509_direct_carried;;;0.0;731.9;0;0;1;1;0;150A
40201;1787864871882;0.0;81;81;WAITING_FOR_REST;51.3;0.0;0.0;0.0;1509_direct_carried;;;0.0;731.9;0;0;1;1;0;150B
40417;1787864872098;0.0;81;81;WAITING_FOR_REST;51.3;0.0;0.0;0.0;1509_direct_carried;;;0.0;731.9;0;0;1;1;0;150D
41453;1787864873134;0.0;81;81;WAITING_FOR_REST;51.3;0.0;0.0;0.0;1509_direct_carried;;;0.0;731.9;0;0;1;1;0;1502
41874;1787864873555;0.0;81;81;WAITING_FOR_REST;51.3;0.0;0.0;0.0;1509_direct_carried;;;0.0;731.9;0;0;1;1;0;1505
42074;1787864873755;0.0;81;81;WAITING_FOR_REST;51.3;0.0;0.0;0.0;1509_direct_carried;;;0.0;731.9;0;0;1;1;0;1506
42493;1787864874174;0.0;81;81;WAITING_FOR_REST;51.3;0.0;0.0;0.0;1509_direct_carried;;;0.0;731.9;0;0;1;1;0;1508
42702;1787864874383;0.0;81;81;STABLE;51.3;0.0;0.0;0.0;1509_direct;;;0.0;731.9;0;0;1;1;0;1509
42913;1787864874594;0.0;81;81;STABLE;51.3;0.0;0.0;0.0;1509_direct_carried;;;0.0;731.9;0;0;1;1;0;150A
43123;1787864874804;0.0;81;81;STABLE;51.3;0.0;0.0;0.0;1509_direct_carried;;;0.0;731.9;0;0;1;1;0;150B
43333;1787864875014;0.0;81;81;STABLE;51.3;0.0;0.0;0.0;1509_direct_carried;;;0.0;731.9;0;0;1;1;0;150D
44374;1787864876055;0.0;81;81;STABLE;51.3;0.0;0.0;0.0;1509_direct_carried;;;0.0;731.9;0;0;1;1;0;1502
44793;1787864876474;0.0;81;81;STABLE;51.3;0.0;0.0;0.0;1509_direct_carried;;;0.0;731.9;0;0;1;1;0;1505
44993;1787864876674;0.0;81;81;STABLE;51.3;0.0;0.0;0.0;1509_direct_carried;;;0.0;731.9;0;0;1;1;0;1506
45412;1787864877093;0.0;81;81;STABLE;51.3;0.0;0.0;0.0;1509_direct_carried;;;0.0;731.9;0;0;1;1;0;1508
45622;1787864877303;0.0;81;81;WAITING_FOR_REST;51.3;0.0;0.0;0.0;1509_direct;;;0.0;731.9;0;0;1;1;0;1509
45831;1787864877512;0.0;81;81;WAITING_FOR_REST;51.3;0.0;0.0;0.0;1509_direct_carried;;;0.0;731.9;0;0;1;1;0;150A
46041;1787864877722;0.0;81;81;WAITING_FOR_REST;51.3;0.0;0.0;0.0;1509_direct_carried;;;0.0;731.9;0;0;1;1;0;150B
46252;1787864877933;0.0;81;81;WAITING_FOR_REST;51.3;0.0;0.0;0.0;1509_direct_carried;;;0.0;731.9;0;0;1;1;0;150D
47290;1787864878971;0.0;81;81;WAITING_FOR_REST;51.3;0.0;0.0;0.0;1509_direct_carried;;;0.0;731.9;0;0;1;1;0;1502
47710;1787864879391;0.0;81;81;WAITING_FOR_REST;51.3;0.0;0.0;0.0;1509_direct_carried;;;0.0;731.9;0;0;1;1;0;1505
47909;1787864879590;0.0;81;81;WAITING_FOR_REST;51.3;0.0;0.0;0.0;1509_direct_carried;;;0.0;731.9;0;0;1;1;0;1506
48330;1787864880011;0.0;81;81;WAITING_FOR_REST;51.3;0.0;0.0;0.0;1509_direct_carried;;;0.0;731.9;0;0;1;1;0;1508
48541;1787864880222;0.0;81;81;WAITING_FOR_REST;51.3;0.0;0.0;0.0;1509_direct;;;0.0;731.9;0;0;1;1;0;1509
48751;1787864880432;0.0;81;81;WAITING_FOR_REST;51.3;0.0;0.0;0.0;1509_direct_carried;;;0.0;731.9;0;0;1;1;0;150A
48961;1787864880642;0.0;81;81;WAITING_FOR_REST;51.3;0.0;0.0;0.0;1509_direct_carried;;;0.0;731.9;0;0;1;1;0;150B
49171;1787864880852;0.0;81;81;WAITING_FOR_REST;51.3;0.0;0.0;0.0;1509_direct_carried;;;0.0;731.9;0;0;1;1;0;150D
50213;1787864881894;0.0;81;81;WAITING_FOR_REST;51.3;0.0;0.0;0.0;1509_direct_carried;;;0.0;731.9;0;0;1;1;0;1502
50621;1787864882302;0.0;81;81;WAITING_FOR_REST;51.3;0.0;0.0;0.0;1509_direct_carried;;;0.0;731.9;0;0;1;1;0;1505
50833;1787864882514;0.0;81;81;WAITING_FOR_REST;51.3;0.0;0.0;0.0;1509_direct_carried;;;0.0;731.9;0;0;1;1;0;1506
51251;1787864882932;0.0;81;81;WAITING_FOR_REST;51.3;0.0;0.0;0.0;1509_direct_carried;;;0.0;731.9;0;0;1;1;0;1508
51464;1787864883145;0.0;81;81;STABLE;51.3;0.0;0.0;0.0;1509_direct;;;0.0;731.9;0;0;1;1;0;1509
51673;1787864883354;0.0;81;81;STABLE;51.3;0.0;0.0;0.0;1509_direct_carried;;;0.0;731.9;0;0;1;1;0;150A
51884;1787864883565;0.0;81;81;STABLE;51.3;0.0;0.0;0.0;1509_direct_carried;;;0.0;731.9;0;0;1;1;0;150B
52084;1787864883765;0.0;81;81;STABLE;51.3;0.0;0.0;0.0;1509_direct_carried;;;0.0;731.9;0;0;1;1;0;150D
53134;1787864884815;0.0;81;81;STABLE;51.3;0.0;0.0;0.0;1509_direct_carried;;;0.0;731.9;0;0;1;1;0;1502
53541;1787864885222;0.0;81;81;STABLE;51.3;0.0;0.0;0.0;1509_direct_carried;;;0.0;731.9;0;0;1;1;0;1505
53751;1787864885432;0.0;81;81;STABLE;51.3;0.0;0.0;0.0;1509_direct_carried;;;0.0;731.9;0;0;1;1;0;1506
54172;1787864885853;0.0;81;81;STABLE;51.3;0.0;0.0;0.0;1509_direct_carried;;;0.0;731.9;0;0;1;1;0;1508
54382;1787864886063;0.0;81;81;WAITING_FOR_REST;51.3;0.0;0.0;0.0;1509_direct;;;0.0;731.9;0;0;1;1;0;1509
54594;1787864886275;0.0;81;81;WAITING_FOR_REST;51.3;0.0;0.0;0.0;1509_direct_carried;;;0.0;731.9;0;0;1;1;0;150A
54804;1787864886485;0.0;81;81;WAITING_FOR_REST;51.3;0.0;0.0;0.0;1509_direct_carried;;;0.0;731.9;0;0;1;1;0;150B
55004;1787864886685;0.0;81;81;WAITING_FOR_REST;51.3;0.0;0.0;0.0;1509_direct_carried;;;0.0;731.9;0;0;1;1;0;150D
56054;1787864887735;0.0;81;81;WAITING_FOR_REST;51.3;0.0;0.0;0.0;1509_direct_carried;;;0.0;731.9;0;0;1;1;0;1502
56462;1787864888143;0.0;81;81;WAITING_FOR_REST;51.3;0.0;0.0;0.0;1509_direct_carried;;;0.0;731.9;0;0;1;1;0;1505
56673;1787864888354;0.0;81;81;WAITING_FOR_REST;51.3;0.0;0.0;0.0;1509_direct_carried;;;0.0;731.9;0;0;1;1;0;1506
57092;1787864888773;0.0;81;81;WAITING_FOR_REST;51.3;0.0;0.0;0.0;1509_direct_carried;;;0.0;731.9;0;0;1;1;0;1508
57305;1787864888986;0.0;81;81;WAITING_FOR_REST;51.3;0.0;0.0;0.0;1509_direct;;;0.0;731.9;0;0;1;1;0;1509
57513;1787864889194;0.0;81;81;WAITING_FOR_REST;51.3;0.0;0.0;0.0;1509_direct_carried;;;0.0;731.9;0;0;1;1;0;150A
57721;1787864889402;0.0;81;81;WAITING_FOR_REST;51.3;0.0;0.0;0.0;1509_direct_carried;;;0.0;731.9;0;0;1;1;0;150B
57921;1787864889602;0.0;81;81;WAITING_FOR_REST;51.3;0.0;0.0;0.0;1509_direct_carried;;;0.0;731.9;0;0;1;1;0;150D
58974;1787864890655;0.0;81;81;WAITING_FOR_REST;51.3;0.0;0.0;0.0;1509_direct_carried;;;0.0;731.9;0;0;1;1;0;1502
59383;1787864891064;0.0;81;81;WAITING_FOR_REST;51.3;0.0;0.0;0.0;1509_direct_carried;;;0.0;731.9;0;0;1;1;0;1505
59593;1787864891274;0.0;81;81;WAITING_FOR_REST;51.3;0.0;0.0;0.0;1509_direct_carried;;;0.0;731.9;0;0;1;1;0;1506
60014;1787864891695;0.0;81;81;WAITING_FOR_REST;51.3;0.0;0.0;0.0;1509_direct_carried;;;0.0;731.9;0;0;1;1;0;1508
60222;1787864891903;0.0;81;81;STABLE;51.3;0.0;0.0;0.0;1509_direct;;;0.0;731.9;0;0;1;1;0;1509
60432;1787864892113;0.0;81;81;STABLE;51.3;0.0;0.0;0.0;1509_direct_carried;;;0.0;731.9;0;0;1;1;0;150A
60634;1787864892315;0.0;81;81;STABLE;51.3;0.0;0.0;0.0;1509_direct_carried;;;0.0;731.9;0;0;1;1;0;150B
60844;1787864892525;0.0;81;81;STABLE;51.3;0.0;0.0;0.0;1509_direct_carried;;;0.0;731.9;0;0;1;1;0;150D
61893;1787864893574;0.0;81;81;STABLE;51.3;0.0;0.0;0.0;1509_direct_carried;;;0.0;731.9;0;0;1;1;0;1502
62302;1787864893983;0.0;81;81;STABLE;51.3;0.0;0.0;0.0;1509_direct_carried;;;0.0;731.9;0;0;1;1;0;1505
62514;1787864894195;0.0;81;81;STABLE;51.3;0.0;0.0;0.0;1509_direct_carried;;;0.0;731.9;0;0;1;1;0;1506
62933;1787864894614;0.0;81;81;STABLE;51.3;0.0;0.0;0.0;1509_direct_carried;;;0.0;731.9;0;0;1;1;0;1508
63145;1787864894826;0.0;81;81;WAITING_FOR_REST;51.3;0.0;0.0;0.0;1509_direct;;;0.0;731.9;0;0;1;1;0;1509
63343;1787864895024;0.0;81;81;WAITING_FOR_REST;51.3;0.0;0.0;0.0;1509_direct_carried;;;0.0;731.9;0;0;1;1;0;150A
63554;1787864895235;0.0;81;81;WAITING_FOR_REST;51.3;0.0;0.0;0.0;1509_direct_carried;;;0.0;731.9;0;0;1;1;0;150B
63762;1787864895443;0.0;81;81;WAITING_FOR_REST;51.3;0.0;0.0;0.0;1509_direct_carried;;;0.0;731.9;0;0;1;1;0;150D
64815;1787864896496;0.0;81;81;WAITING_FOR_REST;51.3;0.0;0.0;0.0;1509_direct_carried;;;0.0;731.9;0;0;1;1;0;1502
65220;1787864896901;0.0;81;81;WAITING_FOR_REST;51.3;0.0;0.0;0.0;1509_direct_carried;;;0.0;731.9;0;0;1;1;0;1505
65431;1787864897112;0.0;81;81;WAITING_FOR_REST;51.3;0.0;0.0;0.0;1509_direct_carried;;;0.0;731.9;0;0;1;1;0;1506
65854;1787864897535;0.0;81;81;WAITING_FOR_REST;51.3;0.0;0.0;0.0;1509_direct_carried;;;0.0;731.9;0;0;1;1;0;1508
66063;1787864897744;0.0;81;81;WAITING_FOR_REST;51.3;0.0;0.0;0.0;1509_direct;;;0.0;731.9;0;0;1;1;0;1509
66261;1787864897942;0.0;81;81;WAITING_FOR_REST;51.3;0.0;0.0;0.0;1509_direct_carried;;;0.0;731.9;0;0;1;1;0;150A
66474;1787864898155;0.0;81;81;WAITING_FOR_REST;51.3;0.0;0.0;0.0;1509_direct_carried;;;0.0;731.9;0;0;1;1;0;150B
66682;1787864898363;0.0;81;81;WAITING_FOR_REST;51.3;0.0;0.0;0.0;1509_direct_carried;;;0.0;731.9;0;0;1;1;0;150D
67723;1787864899404;0.0;81;81;WAITING_FOR_REST;51.3;0.0;0.0;0.0;1509_direct_carried;;;0.0;731.9;0;0;1;1;0;1502
68143;1787864899824;0.0;81;81;WAITING_FOR_REST;51.3;0.0;0.0;0.0;1509_direct_carried;;;0.0;731.9;0;0;1;1;0;1505
68354;1787864900035;0.0;81;81;WAITING_FOR_REST;51.3;0.0;0.0;0.0;1509_direct_carried;;;0.0;731.9;0;0;1;1;0;1506
68772;1787864900453;0.0;81;81;WAITING_FOR_REST;51.3;0.0;0.0;0.0;1509_direct_carried;;;0.0;731.9;0;0;1;1;0;1508
68980;1787864900661;0.0;81;81;STABLE;51.3;0.0;0.0;0.0;1509_direct;;;0.0;731.9;0;0;1;1;0;1509
69183;1787864900864;0.0;81;81;STABLE;51.3;0.0;0.0;0.0;1509_direct_carried;;;0.0;731.9;0;0;1;1;0;150A
69395;1787864901076;0.0;81;81;STABLE;51.3;0.0;0.0;0.0;1509_direct_carried;;;0.0;731.9;0;0;1;1;0;150B
69604;1787864901285;0.0;81;81;STABLE;51.3;0.0;0.0;0.0;1509_direct_carried;;;0.0;731.9;0;0;1;1;0;150D
70643;1787864902324;0.0;81;81;STABLE;51.3;0.0;0.0;0.0;1509_direct_carried;;;0.0;731.9;0;0;1;1;0;1502
71063;1787864902744;0.0;81;81;STABLE;51.3;0.0;0.0;0.0;1509_direct_carried;;;0.0;731.9;0;0;1;1;0;1505
71271;1787864902952;0.0;81;81;STABLE;51.3;0.0;0.0;0.0;1509_direct_carried;;;0.0;731.9;0;0;1;1;0;1506
71694;1787864903375;0.0;81;81;STABLE;51.3;0.0;0.0;0.0;1509_direct_carried;;;0.0;731.9;0;0;1;1;0;1508
71893;1787864903574;0.0;81;81;WAITING_FOR_REST;51.3;0.0;0.0;0.0;1509_direct;;;0.0;731.9;0;0;1;1;0;1509
72103;1787864903784;0.0;81;81;WAITING_FOR_REST;51.3;0.0;0.0;0.0;1509_direct_carried;;;0.0;731.9;0;0;1;1;0;150A
72314;1787864903995;0.0;81;81;WAITING_FOR_REST;51.3;0.0;0.0;0.0;1509_direct_carried;;;0.0;731.9;0;0;1;1;0;150B
72522;1787864904203;0.0;81;81;WAITING_FOR_REST;51.3;0.0;0.0;0.0;1509_direct_carried;;;0.0;731.9;0;0;1;1;0;150D
73565;1787864905246;0.0;81;81;WAITING_FOR_REST;51.3;0.0;0.0;0.0;1509_direct_carried;;;0.0;731.9;0;0;1;1;0;1502
73996;1787864905677;0.2;81;81;WAITING_FOR_REST;51.3;0.0;0.0;0.0;1509_direct_carried;;;0.0;731.9;2;0;1;1;0;1505
74194;1787864905875;0.2;81;81;WAITING_FOR_REST;51.3;0.0;0.0;0.0;1509_direct_carried;;;0.0;731.9;2;0;1;1;0;1506
74617;1787864906298;0.2;81;81;WAITING_FOR_REST;51.3;0.0;0.0;0.0;1509_direct_carried;;;0.0;731.9;2;0;1;1;0;1508
74811;1787864906492;0.2;81;81;WAITING_FOR_REST;51.3;0.0;0.0;0.0;1509_direct;;;0.0;731.9;2;0;1;1;0;1509
75021;1787864906702;0.2;81;81;WAITING_FOR_REST;51.3;0.0;0.0;0.0;1509_direct_carried;;;0.0;731.9;2;0;1;1;0;150A
75235;1787864906916;0.2;81;81;WAITING_FOR_REST;51.3;0.0;0.0;0.0;1509_direct_carried;;;0.0;731.9;2;0;1;1;0;150B
75442;1787864907123;0.2;81;81;WAITING_FOR_REST;51.3;0.0;0.0;0.0;1509_direct_carried;;;0.0;731.9;2;0;1;1;0;150D
76482;1787864908163;0.2;81;81;WAITING_FOR_REST;51.3;0.0;0.0;0.0;1509_direct_carried;;;0.0;731.9;2;0;1;1;0;1502
76903;1787864908584;0.0;81;81;WAITING_FOR_REST;51.3;0.0;0.0;0.0;1509_direct_carried;;;0.0;731.9;0;0;1;1;0;1505
77110;1787864908791;0.0;81;81;WAITING_FOR_REST;51.3;0.0;0.0;0.0;1509_direct_carried;;;0.0;731.9;0;0;1;1;0;1506
77534;1787864909215;0.0;81;81;WAITING_FOR_REST;51.3;0.0;0.0;0.0;1509_direct_carried;;;0.0;731.9;0;0;1;1;0;1508
77734;1787864909415;0.0;81;81;STABLE;51.3;0.0;0.0;0.0;1509_direct;;;0.0;731.9;0;0;1;1;0;1509
77943;1787864909624;0.0;81;81;STABLE;51.3;0.0;0.0;0.0;1509_direct_carried;;;0.0;731.9;0;0;1;1;0;150A
78152;1787864909833;0.0;81;81;STABLE;51.3;0.0;0.0;0.0;1509_direct_carried;;;0.0;731.9;0;0;1;1;0;150B
78362;1787864910043;0.0;81;81;STABLE;51.3;0.0;0.0;0.0;1509_direct_carried;;;0.0;731.9;0;0;1;1;0;150D
79402;1787864911083;0.0;81;81;STABLE;51.3;0.0;0.0;0.0;1509_direct_carried;;;0.0;731.9;0;0;1;1;0;1502
79822;1787864911503;0.0;81;81;STABLE;51.3;0.0;0.0;0.0;1509_direct_carried;;;0.0;731.9;0;0;1;1;0;1505
80033;1787864911714;0.0;81;81;STABLE;51.3;0.0;0.0;0.0;1509_direct_carried;;;0.0;731.9;0;0;1;1;0;1506
80455;1787864912136;0.0;81;81;STABLE;51.3;0.0;0.0;0.0;1509_direct_carried;;;0.0;731.9;0;0;1;1;0;1508
80652;1787864912333;0.0;81;81;WAITING_FOR_REST;51.3;0.0;0.0;0.0;1509_direct;;;0.0;731.9;0;0;1;1;0;1509
80863;1787864912544;0.0;81;81;WAITING_FOR_REST;51.3;0.0;0.0;0.0;1509_direct_carried;;;0.0;731.9;0;0;1;1;0;150A
81073;1787864912754;0.0;81;81;WAITING_FOR_REST;51.3;0.0;0.0;0.0;1509_direct_carried;;;0.0;731.9;0;0;1;1;0;150B
81282;1787864912963;0.0;81;81;WAITING_FOR_REST;51.3;0.0;0.0;0.0;1509_direct_carried;;;0.0;731.9;0;0;1;1;0;150D
82322;1787864914003;0.0;81;81;WAITING_FOR_REST;51.3;0.0;0.0;0.0;1509_direct_carried;;;0.0;731.9;0;0;1;1;0;1502
82745;1787864914426;0.0;81;81;WAITING_FOR_REST;51.3;0.0;0.0;0.0;1509_direct_carried;;;0.0;731.9;0;0;1;1;0;1505
82952;1787864914633;0.0;81;81;WAITING_FOR_REST;51.3;0.0;0.0;0.0;1509_direct_carried;;;0.0;731.9;0;0;1;1;0;1506
83373;1787864915054;0.0;81;81;WAITING_FOR_REST;51.3;0.0;0.0;0.0;1509_direct_carried;;;0.0;731.9;0;0;1;1;0;1508
83574;1787864915255;0.0;81;81;WAITING_FOR_REST;51.3;0.0;0.0;0.0;1509_direct;;;0.0;731.9;0;0;1;1;0;1509
83783;1787864915464;0.0;81;81;WAITING_FOR_REST;51.3;0.0;0.0;0.0;1509_direct_carried;;;0.0;731.9;0;0;1;1;0;150A
83992;1787864915673;0.0;81;81;WAITING_FOR_REST;51.3;0.0;0.0;0.0;1509_direct_carried;;;0.0;731.9;0;0;1;1;0;150B
84202;1787864915883;0.0;81;81;WAITING_FOR_REST;51.3;0.0;0.0;0.0;1509_direct_carried;;;0.0;731.9;0;0;1;1;0;150D
85243;1787864916924;0.0;81;81;WAITING_FOR_REST;51.3;0.0;0.0;0.0;1509_direct_carried;;;0.0;731.9;0;0;1;1;0;1502
85664;1787864917345;0.0;81;81;WAITING_FOR_REST;51.3;0.0;0.0;0.0;1509_direct_carried;;;0.0;731.9;0;0;1;1;0;1505
85873;1787864917554;0.0;81;81;WAITING_FOR_REST;51.3;0.0;0.0;0.0;1509_direct_carried;;;0.0;731.9;0;0;1;1;0;1506
86292;1787864917973;0.0;81;81;WAITING_FOR_REST;51.3;0.0;0.0;0.0;1509_direct_carried;;;0.0;731.9;0;0;1;1;0;1508
86494;1787864918175;0.0;81;81;STABLE;51.3;0.0;0.0;0.0;1509_direct;;;0.0;731.9;0;0;1;1;0;1509
86703;1787864918384;0.0;81;81;STABLE;51.3;0.0;0.0;0.0;1509_direct_carried;;;0.0;731.9;0;0;1;1;0;150A
86914;1787864918595;0.0;81;81;STABLE;51.3;0.0;0.0;0.0;1509_direct_carried;;;0.0;731.9;0;0;1;1;0;150B
87122;1787864918803;0.0;81;81;STABLE;51.3;0.0;0.0;0.0;1509_direct_carried;;;0.0;731.9;0;0;1;1;0;150D
88164;1787864919845;0.0;81;81;STABLE;51.3;0.0;0.0;0.0;1509_direct_carried;;;0.0;731.9;0;0;1;1;0;1502
88582;1787864920263;0.0;81;81;STABLE;51.3;0.0;0.0;0.0;1509_direct_carried;;;0.0;731.9;0;0;1;1;0;1505
88795;1787864920476;0.0;81;81;STABLE;51.3;0.0;0.0;0.0;1509_direct_carried;;;0.0;731.9;0;0;1;1;0;1506
89213;1787864920894;0.0;81;81;STABLE;51.3;0.0;0.0;0.0;1509_direct_carried;;;0.0;731.9;0;0;1;1;0;1508
89413;1787864921094;0.0;81;81;WAITING_FOR_REST;51.3;0.0;0.0;0.0;1509_direct;;;0.0;731.9;0;0;1;1;0;1509
89622;1787864921303;0.0;81;81;WAITING_FOR_REST;51.3;0.0;0.0;0.0;1509_direct_carried;;;0.0;731.9;0;0;1;1;0;150A
89831;1787864921512;0.0;81;81;WAITING_FOR_REST;51.3;0.0;0.0;0.0;1509_direct_carried;;;0.0;731.9;0;0;1;1;0;150B
90042;1787864921723;0.0;81;81;WAITING_FOR_REST;51.3;0.0;0.0;0.0;1509_direct_carried;;;0.0;731.9;0;0;1;1;0;150D
91083;1787864922764;0.0;81;81;WAITING_FOR_REST;51.3;0.0;0.0;0.0;1509_direct_carried;;;0.0;731.9;0;0;1;1;0;1502
91501;1787864923182;0.0;81;81;WAITING_FOR_REST;51.3;0.0;0.0;0.0;1509_direct_carried;;;0.0;731.9;0;0;1;1;0;1505
91714;1787864923395;0.0;81;81;WAITING_FOR_REST;51.3;0.0;0.0;0.0;1509_direct_carried;;;0.0;731.9;0;0;1;1;0;1506
92133;1787864923814;0.0;81;81;WAITING_FOR_REST;51.3;0.0;0.0;0.0;1509_direct_carried;;;0.0;731.9;0;0;1;1;0;1508
92332;1787864924013;0.0;81;81;WAITING_FOR_REST;51.3;0.0;0.0;0.0;1509_direct;;;0.0;731.9;0;0;1;1;0;1509
92543;1787864924224;0.0;81;81;WAITING_FOR_REST;51.3;0.0;0.0;0.0;1509_direct_carried;;;0.0;731.9;0;0;1;1;0;150A
92751;1787864924432;0.0;81;81;WAITING_FOR_REST;51.3;0.0;0.0;0.0;1509_direct_carried;;;0.0;731.9;0;0;1;1;0;150B
92964;1787864924645;0.0;81;81;WAITING_FOR_REST;51.3;0.0;0.0;0.0;1509_direct_carried;;;0.0;731.9;0;0;1;1;0;150D
94001;1787864925682;0.0;81;81;WAITING_FOR_REST;51.3;0.0;0.0;0.0;1509_direct_carried;;;0.0;731.9;0;0;1;1;0;1502
94426;1787864926107;0.0;81;81;WAITING_FOR_REST;51.3;0.0;0.0;0.0;1509_direct_carried;;;0.0;731.9;0;0;1;1;0;1505
94633;1787864926314;0.0;81;81;WAITING_FOR_REST;51.3;0.0;0.0;0.0;1509_direct_carried;;;0.0;731.9;0;0;1;1;0;1506
95053;1787864926734;0.0;81;81;WAITING_FOR_REST;51.3;0.0;0.0;0.0;1509_direct_carried;;;0.0;731.9;0;0;1;1;0;1508
95252;1787864926933;0.0;81;81;STABLE;51.3;0.0;0.0;0.0;1509_direct;;;0.0;731.9;0;0;1;1;0;1509
95462;1787864927143;0.0;81;81;STABLE;51.3;0.0;0.0;0.0;1509_direct_carried;;;0.0;731.9;0;0;1;1;0;150A
95672;1787864927353;0.0;81;81;STABLE;51.3;0.0;0.0;0.0;1509_direct_carried;;;0.0;731.9;0;0;1;1;0;150B
95882;1787864927563;0.0;81;81;STABLE;51.3;0.0;0.0;0.0;1509_direct_carried;;;0.0;731.9;0;0;1;1;0;150D
96923;1787864928604;0.0;81;81;STABLE;51.3;0.0;0.0;0.0;1509_direct_carried;;;0.0;731.9;0;0;1;1;0;1502
97341;1787864929022;0.0;81;81;STABLE;51.3;0.0;0.0;0.0;1509_direct_carried;;;0.0;731.9;0;0;1;1;0;1505
97553;1787864929234;0.0;81;81;STABLE;51.3;0.0;0.0;0.0;1509_direct_carried;;;0.0;731.9;0;0;1;1;0;1506
97975;1787864929656;0.0;81;81;STABLE;51.3;0.0;0.0;0.0;1509_direct_carried;;;0.0;731.9;0;0;1;1;0;1508
98183;1787864929864;0.0;81;81;WAITING_FOR_REST;51.3;0.0;0.0;0.0;1509_direct;;;0.0;731.9;0;0;1;1;0;1509
98382;1787864930063;0.0;81;81;WAITING_FOR_REST;51.3;0.0;0.0;0.0;1509_direct_carried;;;0.0;731.9;0;0;1;1;0;150A
98593;1787864930274;0.0;81;81;WAITING_FOR_REST;51.3;0.0;0.0;0.0;1509_direct_carried;;;0.0;731.9;0;0;1;1;0;150B
98803;1787864930484;0.0;81;81;WAITING_FOR_REST;51.3;0.0;0.0;0.0;1509_direct_carried;;;0.0;731.9;0;0;1;1;0;150D
99844;1787864931525;0.0;81;81;WAITING_FOR_REST;51.3;0.0;0.0;0.0;1509_direct_carried;;;0.0;731.9;0;0;1;1;0;1502
100266;1787864931947;0.0;81;81;WAITING_FOR_REST;51.3;0.0;0.0;0.0;1509_direct_carried;;;0.0;731.9;0;0;1;1;0;1505
100474;1787864932155;0.0;81;81;WAITING_FOR_REST;51.3;0.0;0.0;0.0;1509_direct_carried;;;0.0;731.9;0;0;1;1;0;1506
100893;1787864932574;0.0;81;81;WAITING_FOR_REST;51.3;0.0;0.0;0.0;1509_direct_carried;;;0.0;731.9;0;0;1;1;0;1508
101093;1787864932774;0.0;81;81;WAITING_FOR_REST;51.3;0.0;0.0;0.0;1509_direct;;;0.0;731.9;0;0;1;1;0;1509
101304;1787864932985;0.0;81;81;WAITING_FOR_REST;51.3;0.0;0.0;0.0;1509_direct_carried;;;0.0;731.9;0;0;1;1;0;150A
101514;1787864933195;0.0;81;81;WAITING_FOR_REST;51.3;0.0;0.0;0.0;1509_direct_carried;;;0.0;731.9;0;0;1;1;0;150B
101722;1787864933403;0.0;81;81;WAITING_FOR_REST;51.3;0.0;0.0;0.0;1509_direct_carried;;;0.0;731.9;0;0;1;1;0;150D
102762;1787864934443;0.0;81;81;WAITING_FOR_REST;51.3;0.0;0.0;0.0;1509_direct_carried;;;0.0;731.9;0;0;1;1;0;1502
103181;1787864934862;0.0;81;81;WAITING_FOR_REST;51.3;0.0;0.0;0.0;1509_direct_carried;;;0.0;731.9;0;0;1;1;0;1505
103394;1787864935075;0.0;81;81;WAITING_FOR_REST;51.3;0.0;0.0;0.0;1509_direct_carried;;;0.0;731.9;0;0;1;1;0;1506
103812;1787864935493;0.0;81;81;WAITING_FOR_REST;51.3;0.0;0.0;0.0;1509_direct_carried;;;0.0;731.9;0;0;1;1;0;1508
104015;1787864935696;0.0;81;81;STABLE;51.3;0.0;0.0;0.0;1509_direct;;;0.0;731.9;0;0;1;1;0;1509
104223;1787864935904;0.0;81;81;STABLE;51.3;0.0;0.0;0.0;1509_direct_carried;;;0.0;731.9;0;0;1;1;0;150A
104433;1787864936114;0.0;81;81;STABLE;51.3;0.0;0.0;0.0;1509_direct_carried;;;0.0;731.9;0;0;1;1;0;150B
104644;1787864936325;0.0;81;81;STABLE;51.3;0.0;0.0;0.0;1509_direct_carried;;;0.0;731.9;0;0;1;1;0;150D
105680;1787864937361;0.0;81;81;STABLE;51.3;0.0;0.0;0.0;1509_direct_carried;;;0.0;731.9;0;0;1;1;0;1502
106104;1787864937785;0.0;81;81;STABLE;51.3;0.0;0.0;0.0;1509_direct_carried;;;0.0;731.9;0;0;1;1;0;1505
106314;1787864937995;0.0;81;81;STABLE;51.3;0.0;0.0;0.0;1509_direct_carried;;;0.0;731.9;0;0;1;1;0;1506
106733;1787864938414;0.0;81;81;STABLE;51.3;0.0;0.0;0.0;1509_direct_carried;;;0.0;731.9;0;0;1;1;0;1508
106935;1787864938616;0.0;81;81;WAITING_FOR_REST;51.3;0.0;0.0;0.0;1509_direct;;;0.0;731.9;0;0;1;1;0;1509
107143;1787864938824;0.0;81;81;WAITING_FOR_REST;51.3;0.0;0.0;0.0;1509_direct_carried;;;0.0;731.9;0;0;1;1;0;150A
107354;1787864939035;0.0;81;81;WAITING_FOR_REST;51.3;0.0;0.0;0.0;1509_direct_carried;;;0.0;731.9;0;0;1;1;0;150B
107562;1787864939243;0.0;81;81;WAITING_FOR_REST;51.3;0.0;0.0;0.0;1509_direct_carried;;;0.0;731.9;0;0;1;1;0;150D
108601;1787864940282;0.0;81;81;WAITING_FOR_REST;51.3;0.0;0.0;0.0;1509_direct_carried;;;0.0;731.9;0;0;1;1;0;1502
109022;1787864940703;0.0;81;81;WAITING_FOR_REST;51.3;0.0;0.0;0.0;1509_direct_carried;;;0.0;731.9;0;0;1;1;0;1505
109230;1787864940911;0.0;81;81;WAITING_FOR_REST;51.3;0.0;0.0;0.0;1509_direct_carried;;;0.0;731.9;0;0;1;1;0;1506
109650;1787864941331;0.0;81;81;WAITING_FOR_REST;51.3;0.0;0.0;0.0;1509_direct_carried;;;0.0;731.9;0;0;1;1;0;1508
109860;1787864941541;0.0;81;81;WAITING_FOR_REST;51.3;0.0;0.0;0.0;1509_direct;;;0.0;731.9;0;0;1;1;0;1509
110060;1787864941741;0.0;81;81;WAITING_FOR_REST;51.3;0.0;0.0;0.0;1509_direct_carried;;;0.0;731.9;0;0;1;1;0;150A
110270;1787864941951;0.0;81;81;WAITING_FOR_REST;51.3;0.0;0.0;0.0;1509_direct_carried;;;0.0;731.9;0;0;1;1;0;150B
110480;1787864942161;0.0;81;81;WAITING_FOR_REST;51.3;0.0;0.0;0.0;1509_direct_carried;;;0.0;731.9;0;0;1;1;0;150D
111521;1787864943202;0.0;81;81;WAITING_FOR_REST;51.3;0.0;0.0;0.0;1509_direct_carried;;;0.0;731.9;0;0;1;1;0;1502
111942;1787864943623;0.0;81;81;WAITING_FOR_REST;51.3;0.0;0.0;0.0;1509_direct_carried;;;0.0;731.9;0;0;1;1;0;1505
112152;1787864943833;0.0;81;81;WAITING_FOR_REST;51.3;0.0;0.0;0.0;1509_direct_carried;;;0.0;731.9;0;0;1;1;0;1506
112575;1787864944256;0.0;81;81;WAITING_FOR_REST;51.3;0.0;0.0;0.0;1509_direct_carried;;;0.0;731.9;0;0;1;1;0;1508
112783;1787864944464;0.0;81;81;STABLE;51.3;0.0;0.0;0.0;1509_direct;;;0.0;731.9;0;0;1;1;0;1509
112980;1787864944661;0.0;81;81;STABLE;51.3;0.0;0.0;0.0;1509_direct_carried;;;0.0;731.9;0;0;1;1;0;150A
113193;1787864944874;0.0;81;81;STABLE;51.3;0.0;0.0;0.0;1509_direct_carried;;;0.0;731.9;0;0;1;1;0;150B
113403;1787864945084;0.0;81;81;STABLE;51.3;0.0;0.0;0.0;1509_direct_carried;;;0.0;731.9;0;0;1;1;0;150D
114444;1787864946125;0.0;81;81;STABLE;51.3;0.0;0.0;0.0;1509_direct_carried;;;0.0;731.9;0;0;1;1;0;1502
114861;1787864946542;0.0;81;81;STABLE;51.3;0.0;0.0;0.0;1509_direct_carried;;;0.0;731.9;0;0;1;1;0;1505
115077;1787864946758;0.0;81;81;STABLE;51.3;0.0;0.0;0.0;1509_direct_carried;;;0.0;731.9;0;0;1;1;0;1506
115493;1787864947174;0.0;81;81;STABLE;51.3;0.0;0.0;0.0;1509_direct_carried;;;0.0;731.9;0;0;1;1;0;1508
115703;1787864947384;0.0;81;81;WAITING_FOR_REST;51.3;0.0;0.0;0.0;1509_direct;;;0.0;731.9;0;0;1;1;0;1509
115904;1787864947585;0.0;81;81;WAITING_FOR_REST;51.3;0.0;0.0;0.0;1509_direct_carried;;;0.0;731.9;0;0;1;1;0;150A
116113;1787864947794;0.0;81;81;WAITING_FOR_REST;51.3;0.0;0.0;0.0;1509_direct_carried;;;0.0;731.9;0;0;1;1;0;150B
116328;1787864948009;0.0;81;81;WAITING_FOR_REST;51.3;0.0;0.0;0.0;1509_direct_carried;;;0.0;731.9;0;0;1;1;0;150D
117363;1787864949044;0.0;81;81;WAITING_FOR_REST;51.3;0.0;0.0;0.0;1509_direct_carried;;;0.0;731.9;0;0;1;1;0;1502
117781;1787864949462;0.0;81;81;WAITING_FOR_REST;51.3;0.0;0.0;0.0;1509_direct_carried;;;0.0;731.9;0;0;1;1;0;1505
117991;1787864949672;0.0;81;81;WAITING_FOR_REST;51.3;0.0;0.0;0.0;1509_direct_carried;;;0.0;731.9;0;0;1;1;0;1506
118423;1787864950104;0.0;81;81;WAITING_FOR_REST;51.3;0.0;0.0;0.0;1509_direct_carried;;;0.0;731.9;0;0;1;1;0;1508
118622;1787864950303;0.0;81;81;WAITING_FOR_REST;51.3;0.0;0.0;0.0;1509_direct;;;0.0;731.9;0;0;1;1;0;1509
118822;1787864950503;0.0;81;81;WAITING_FOR_REST;51.3;0.0;0.0;0.0;1509_direct_carried;;;0.0;731.9;0;0;1;1;0;150A
119032;1787864950713;0.0;81;81;WAITING_FOR_REST;51.3;0.0;0.0;0.0;1509_direct_carried;;;0.0;731.9;0;0;1;1;0;150B
119243;1787864950924;0.0;81;81;WAITING_FOR_REST;51.3;0.0;0.0;0.0;1509_direct_carried;;;0.0;731.9;0;0;1;1;0;150D
120293;1787864951974;0.0;81;81;WAITING_FOR_REST;51.3;0.0;0.0;0.0;1509_direct_carried;;;0.0;731.9;0;0;1;1;0;1502
120701;1787864952382;0.0;81;81;WAITING_FOR_REST;51.3;0.0;0.0;0.0;1509_direct_carried;;;0.0;731.9;0;0;1;1;0;1505
120911;1787864952592;0.0;81;81;WAITING_FOR_REST;51.3;0.0;0.0;0.0;1509_direct_carried;;;0.0;731.9;0;0;1;1;0;1506
121335;1787864953016;0.0;81;81;WAITING_FOR_REST;51.3;0.0;0.0;0.0;1509_direct_carried;;;0.0;731.9;0;0;1;1;0;1508
121544;1787864953225;0.0;81;81;STABLE;51.3;0.0;0.0;0.0;1509_direct;;;0.0;731.9;0;0;1;1;0;1509
121742;1787864953423;0.0;81;81;STABLE;51.3;0.0;0.0;0.0;1509_direct_carried;;;0.0;731.9;0;0;1;1;0;150A
121953;1787864953634;0.0;81;81;STABLE;51.3;0.0;0.0;0.0;1509_direct_carried;;;0.0;731.9;0;0;1;1;0;150B
122163;1787864953844;0.0;81;81;STABLE;51.3;0.0;0.0;0.0;1509_direct_carried;;;0.0;731.9;0;0;1;1;0;150D
123211;1787864954892;0.0;81;81;STABLE;51.3;0.0;0.0;0.0;1509_direct_carried;;;0.0;731.9;0;0;1;1;0;1502
123622;1787864955303;0.0;81;81;STABLE;51.3;0.0;0.0;0.0;1509_direct_carried;;;0.0;731.9;0;0;1;1;0;1505
123832;1787864955513;0.0;81;81;STABLE;51.3;0.0;0.0;0.0;1509_direct_carried;;;0.0;731.9;0;0;1;1;0;1506
124253;1787864955934;0.0;81;81;STABLE;51.3;0.0;0.0;0.0;1509_direct_carried;;;0.0;731.9;0;0;1;1;0;1508
124461;1787864956142;0.0;81;81;WAITING_FOR_REST;51.3;0.0;0.0;0.0;1509_direct;;;0.0;731.9;0;0;1;1;0;1509
124677;1787864956358;0.0;81;81;WAITING_FOR_REST;51.3;0.0;0.0;0.0;1509_direct_carried;;;0.0;731.9;0;0;1;1;0;150A
124876;1787864956557;0.0;81;81;WAITING_FOR_REST;51.3;0.0;0.0;0.0;1509_direct_carried;;;0.0;731.9;0;0;1;1;0;150B
125081;1787864956762;0.0;81;81;WAITING_FOR_REST;51.3;0.0;0.0;0.0;1509_direct_carried;;;0.0;731.9;0;0;1;1;0;150D
126134;1787864957815;0.0;81;81;WAITING_FOR_REST;51.3;0.0;0.0;0.0;1509_direct_carried;;;0.0;731.9;0;0;1;1;0;1502
126541;1787864958222;0.0;81;81;WAITING_FOR_REST;51.3;0.0;0.0;0.0;1509_direct_carried;;;0.0;731.9;0;0;1;1;0;1505
126752;1787864958433;0.0;81;81;WAITING_FOR_REST;51.3;0.0;0.0;0.0;1509_direct_carried;;;0.0;731.9;0;0;1;1;0;1506
127173;1787864958854;0.0;81;81;WAITING_FOR_REST;51.3;0.0;0.0;0.0;1509_direct_carried;;;0.0;731.9;0;0;1;1;0;1508
127390;1787864959071;0.0;81;81;WAITING_FOR_REST;51.3;0.0;0.0;0.0;1509_direct;;;0.0;731.9;0;0;1;1;0;1509
127593;1787864959274;0.0;81;81;WAITING_FOR_REST;51.3;0.0;0.0;0.0;1509_direct_carried;;;0.0;731.9;0;0;1;1;0;150A
127805;1787864959486;0.0;81;81;WAITING_FOR_REST;51.3;0.0;0.0;0.0;1509_direct_carried;;;0.0;731.9;0;0;1;1;0;150B
128003;1787864959684;0.0;81;81;WAITING_FOR_REST;51.3;0.0;0.0;0.0;1509_direct_carried;;;0.0;731.9;0;0;1;1;0;150D
129058;1787864960739;0.0;81;81;WAITING_FOR_REST;51.3;0.0;0.0;0.0;1509_direct_carried;;;0.0;731.9;0;0;1;1;0;1502
129462;1787864961143;0.0;81;81;WAITING_FOR_REST;51.3;0.0;0.0;0.0;1509_direct_carried;;;0.0;731.9;0;0;1;1;0;1505
129672;1787864961353;0.0;81;81;WAITING_FOR_REST;51.3;0.0;0.0;0.0;1509_direct_carried;;;0.0;731.9;0;0;1;1;0;1506
130098;1787864961779;0.0;81;81;WAITING_FOR_REST;51.3;0.0;0.0;0.0;1509_direct_carried;;;0.0;731.9;0;0;1;1;0;1508
130304;1787864961985;0.0;81;81;STABLE;51.3;0.0;0.0;0.0;1509_direct;;;0.0;731.9;0;0;1;1;0;1509
130514;1787864962195;0.0;81;81;STABLE;51.3;0.0;0.0;0.0;1509_direct_carried;;;0.0;731.9;0;0;1;1;0;150A
130725;1787864962406;0.0;81;81;STABLE;51.3;0.0;0.0;0.0;1509_direct_carried;;;0.0;731.9;0;0;1;1;0;150B
130923;1787864962604;0.0;81;81;STABLE;51.3;0.0;0.0;0.0;1509_direct_carried;;;0.0;731.9;0;0;1;1;0;150D
131974;1787864963655;0.0;81;81;STABLE;51.3;0.0;0.0;0.0;1509_direct_carried;;;0.0;731.9;0;0;1;1;0;1502
132385;1787864964066;0.0;81;81;STABLE;51.3;0.0;0.0;0.0;1509_direct_carried;;;0.0;731.9;0;0;1;1;0;1505
132594;1787864964275;0.0;81;81;STABLE;51.3;0.0;0.0;0.0;1509_direct_carried;;;0.0;731.9;0;0;1;1;0;1506
133013;1787864964694;0.0;81;81;STABLE;51.3;0.0;0.0;0.0;1509_direct_carried;;;0.0;731.9;0;0;1;2;0;1508
133222;1787864964903;0.0;81;81;WAITING_FOR_REST;51.3;0.0;0.0;0.0;1509_direct;;;0.0;731.9;0;0;1;2;0;1509
133434;1787864965115;0.0;81;81;WAITING_FOR_REST;51.3;0.0;0.0;0.0;1509_direct_carried;;;0.0;731.9;0;0;1;2;0;150A
133643;1787864965324;0.0;81;81;WAITING_FOR_REST;51.3;0.0;0.0;0.0;1509_direct_carried;;;0.0;731.9;0;0;1;2;0;150B
133843;1787864965524;0.0;81;81;WAITING_FOR_REST;51.3;0.0;0.0;0.0;1509_direct_carried;;;0.0;731.9;0;0;1;2;0;150D
134895;1787864966576;0.0;81;81;WAITING_FOR_REST;51.3;0.0;0.0;0.0;1509_direct_carried;;;0.0;731.9;0;0;1;2;0;1502
135306;1787864966987;0.0;81;81;WAITING_FOR_REST;51.3;0.0;0.0;0.0;1509_direct_carried;;;0.0;731.9;0;0;1;2;0;1505
135513;1787864967194;0.0;81;81;WAITING_FOR_REST;51.3;0.0;0.0;0.0;1509_direct_carried;;;0.0;731.9;0;0;1;2;0;1506
135934;1787864967615;0.0;81;81;WAITING_FOR_REST;51.3;0.0;0.0;0.0;1509_direct_carried;;;0.0;731.9;0;0;1;2;0;1508
136144;1787864967825;0.0;81;81;WAITING_FOR_REST;51.3;0.0;0.0;0.0;1509_direct;;;0.0;731.9;0;0;1;2;0;1509
136354;1787864968035;0.0;81;81;WAITING_FOR_REST;51.3;0.0;0.0;0.0;1509_direct_carried;;;0.0;731.9;0;0;1;2;0;150A
136563;1787864968244;0.0;81;81;WAITING_FOR_REST;51.3;0.0;0.0;0.0;1509_direct_carried;;;0.0;731.9;0;0;1;2;0;150B
136773;1787864968454;0.0;81;81;WAITING_FOR_REST;51.3;0.0;0.0;0.0;1509_direct_carried;;;0.0;731.9;0;0;1;2;0;150D
137812;1787864969493;0.0;81;81;WAITING_FOR_REST;51.3;0.0;0.0;0.0;1509_direct_carried;;;0.0;731.9;0;0;1;2;0;1502
138232;1787864969913;0.0;81;81;WAITING_FOR_REST;51.3;0.0;0.0;0.0;1509_direct_carried;;;0.0;731.9;0;0;1;2;0;1505
138433;1787864970114;0.0;81;81;WAITING_FOR_REST;51.3;0.0;0.0;0.0;1509_direct_carried;;;0.0;731.9;0;0;1;2;0;1506
138850;1787864970531;0.0;81;81;WAITING_FOR_REST;51.3;0.0;0.0;0.0;1509_direct_carried;;;0.0;731.9;0;0;1;2;0;1508
139062;1787864970743;0.0;81;81;STABLE;51.3;0.0;0.0;0.0;1509_direct;;;0.0;731.9;0;0;1;2;0;1509
139273;1787864970954;0.0;81;81;STABLE;51.3;0.0;0.0;0.0;1509_direct_carried;;;0.0;731.9;0;0;1;2;0;150A
139481;1787864971162;0.0;81;81;STABLE;51.3;0.0;0.0;0.0;1509_direct_carried;;;0.0;731.9;0;0;1;2;0;150B
139692;1787864971373;0.0;81;81;STABLE;51.3;0.0;0.0;0.0;1509_direct_carried;;;0.0;731.9;0;0;1;2;0;150D
140732;1787864972413;0.0;81;81;STABLE;51.3;0.0;0.0;0.0;1509_direct_carried;;;0.0;731.9;0;0;1;2;0;1502
141153;1787864972834;0.0;81;81;STABLE;51.3;0.0;0.0;0.0;1509_direct_carried;;;0.0;731.9;0;0;1;2;0;1505
141353;1787864973034;0.0;81;81;STABLE;51.3;0.0;0.0;0.0;1509_direct_carried;;;0.0;731.9;0;0;1;2;0;1506
141775;1787864973456;0.0;81;81;STABLE;51.3;0.0;0.0;0.0;1509_direct_carried;;;0.0;731.9;0;0;1;2;0;1508
141983;1787864973664;0.0;81;81;WAITING_FOR_REST;51.3;0.0;0.0;0.0;1509_direct;;;0.0;731.9;0;0;1;2;0;1509
142193;1787864973874;0.0;81;81;WAITING_FOR_REST;51.3;0.0;0.0;0.0;1509_direct_carried;;;0.0;731.9;0;0;1;2;0;150A
142403;1787864974084;0.0;81;81;WAITING_FOR_REST;51.3;0.0;0.0;0.0;1509_direct_carried;;;0.0;731.9;0;0;1;2;0;150B
142614;1787864974295;0.0;81;81;WAITING_FOR_REST;51.3;0.0;0.0;0.0;1509_direct_carried;;;0.0;731.9;0;0;1;2;0;150D
143653;1787864975334;0.0;81;81;WAITING_FOR_REST;51.3;0.0;0.0;0.0;1509_direct_carried;;;0.0;731.9;0;0;1;2;0;1502
144072;1787864975753;0.0;81;81;WAITING_FOR_REST;51.3;0.0;0.0;0.0;1509_direct_carried;;;0.0;731.9;0;0;1;2;0;1505
144272;1787864975953;0.0;81;81;WAITING_FOR_REST;51.3;0.0;0.0;0.0;1509_direct_carried;;;0.0;731.9;0;0;1;2;0;1506
144699;1787864976380;0.0;81;81;WAITING_FOR_REST;51.3;0.0;0.0;0.0;1509_direct_carried;;;0.0;731.9;0;0;1;2;0;1508
144905;1787864976586;0.0;81;81;WAITING_FOR_REST;51.3;0.0;0.0;0.0;1509_direct;;;0.0;731.9;0;0;1;2;0;1509
145113;1787864976794;0.0;81;81;WAITING_FOR_REST;51.3;0.0;0.0;0.0;1509_direct_carried;;;0.0;731.9;0;0;1;2;0;150A
145326;1787864977007;0.0;81;81;WAITING_FOR_REST;51.3;0.0;0.0;0.0;1509_direct_carried;;;0.0;731.9;0;0;1;2;0;150B
145533;1787864977214;0.0;81;81;WAITING_FOR_REST;51.3;0.0;0.0;0.0;1509_direct_carried;;;0.0;731.9;0;0;1;2;0;150D
146573;1787864978254;0.0;81;81;WAITING_FOR_REST;51.3;0.0;0.0;0.0;1509_direct_carried;;;0.0;731.9;0;0;1;2;0;1502
146994;1787864978675;0.0;81;81;WAITING_FOR_REST;51.3;0.0;0.0;0.0;1509_direct_carried;;;0.0;731.9;0;0;1;2;0;1505
147204;1787864978885;0.0;81;81;WAITING_FOR_REST;51.3;0.0;0.0;0.0;1509_direct_carried;;;0.0;731.9;0;0;1;2;0;1506
147615;1787864979296;0.0;81;81;WAITING_FOR_REST;51.3;0.0;0.0;0.0;1509_direct_carried;;;0.0;731.9;0;0;1;2;0;1508
147822;1787864979503;0.0;81;81;STABLE;51.3;0.0;0.0;0.0;1509_direct;;;0.0;731.9;0;0;1;2;0;1509
148034;1787864979715;0.0;81;81;STABLE;51.3;0.0;0.0;0.0;1509_direct_carried;;;0.0;731.9;0;0;1;2;0;150A
148244;1787864979925;0.0;81;81;STABLE;51.3;0.0;0.0;0.0;1509_direct_carried;;;0.0;731.9;0;0;1;2;0;150B
148453;1787864980134;0.0;81;81;STABLE;51.3;0.0;0.0;0.0;1509_direct_carried;;;0.0;731.9;0;0;1;2;0;150D
149492;1787864981173;0.0;81;81;STABLE;51.3;0.0;0.0;0.0;1509_direct_carried;;;0.0;731.9;0;0;1;2;0;1502
149913;1787864981594;0.0;81;81;STABLE;51.3;0.0;0.0;0.0;1509_direct_carried;;;0.0;731.9;0;0;1;2;0;1505
150123;1787864981804;0.0;81;81;STABLE;51.3;0.0;0.0;0.0;1509_direct_carried;;;0.0;731.9;0;0;1;2;0;1506
150535;1787864982216;0.0;81;81;STABLE;51.3;0.0;0.0;0.0;1509_direct_carried;;;0.0;731.9;0;0;1;2;0;1508
150744;1787864982425;0.0;81;81;WAITING_FOR_REST;51.3;0.0;0.0;0.0;1509_direct;;;0.0;731.9;0;0;1;2;0;1509
150954;1787864982635;0.0;81;81;WAITING_FOR_REST;51.3;0.0;0.0;0.0;1509_direct_carried;;;0.0;731.9;0;0;1;2;0;150A
151163;1787864982844;0.0;81;81;WAITING_FOR_REST;51.3;0.0;0.0;0.0;1509_direct_carried;;;0.0;731.9;0;0;1;2;0;150B
151373;1787864983054;0.0;81;81;WAITING_FOR_REST;51.3;0.0;0.0;0.0;1509_direct_carried;;;0.0;731.9;0;0;1;2;0;150D
152414;1787864984095;0.0;81;81;WAITING_FOR_REST;51.3;0.0;0.0;0.0;1509_direct_carried;;;0.0;731.9;0;0;1;2;0;1502
152835;1787864984516;0.0;81;81;WAITING_FOR_REST;51.3;0.0;0.0;0.0;1509_direct_carried;;;0.0;731.9;0;0;1;2;0;1505
153044;1787864984725;0.0;81;81;WAITING_FOR_REST;51.3;0.0;0.0;0.0;1509_direct_carried;;;0.0;731.9;0;0;1;2;0;1506
153452;1787864985133;0.0;81;81;WAITING_FOR_REST;51.3;0.0;0.0;0.0;1509_direct_carried;;;0.0;731.9;0;0;1;2;0;1508
153664;1787864985345;0.0;81;81;WAITING_FOR_REST;51.3;0.0;0.0;0.0;1509_direct;;;0.0;731.9;0;0;1;2;0;1509
153872;1787864985553;0.0;81;81;WAITING_FOR_REST;51.3;0.0;0.0;0.0;1509_direct_carried;;;0.0;731.9;0;0;1;2;0;150A
154082;1787864985763;0.0;81;81;WAITING_FOR_REST;51.3;0.0;0.0;0.0;1509_direct_carried;;;0.0;731.9;0;0;1;2;0;150B
154295;1787864985976;0.0;81;81;WAITING_FOR_REST;51.3;0.0;0.0;0.0;1509_direct_carried;;;0.0;731.9;0;0;1;2;0;150D
155331;1787864987012;0.0;81;81;WAITING_FOR_REST;51.3;0.0;0.0;0.0;1509_direct_carried;;;0.0;731.9;0;0;1;2;0;1502
155751;1787864987432;0.0;81;81;WAITING_FOR_REST;51.3;0.0;0.0;0.0;1509_direct_carried;;;0.0;731.9;0;0;1;2;0;1505
155964;1787864987645;0.0;81;81;WAITING_FOR_REST;51.3;0.0;0.0;0.0;1509_direct_carried;;;0.0;731.9;0;0;1;2;0;1506
156374;1787864988055;0.0;81;81;WAITING_FOR_REST;51.3;0.0;0.0;0.0;1509_direct_carried;;;0.0;731.9;0;0;1;2;0;1508
156584;1787864988265;0.0;81;81;STABLE;51.3;0.0;0.0;0.0;1509_direct;;;0.0;731.9;0;0;1;2;0;1509
156791;1787864988472;0.0;81;81;STABLE;51.3;0.0;0.0;0.0;1509_direct_carried;;;0.0;731.9;0;0;1;2;0;150A
157003;1787864988684;0.0;81;81;STABLE;51.3;0.0;0.0;0.0;1509_direct_carried;;;0.0;731.9;0;0;1;2;0;150B
157212;1787864988893;0.0;81;81;STABLE;51.3;0.0;0.0;0.0;1509_direct_carried;;;0.0;731.9;0;0;1;2;0;150D
158254;1787864989935;0.0;81;81;STABLE;51.3;0.0;0.0;0.0;1509_direct_carried;;;0.0;731.9;0;0;1;2;0;1502
158674;1787864990355;0.0;81;81;STABLE;51.3;0.0;0.0;0.0;1509_direct_carried;;;0.0;731.9;0;0;1;2;0;1505
158882;1787864990563;0.0;81;81;STABLE;51.3;0.0;0.0;0.0;1509_direct_carried;;;0.0;731.9;0;0;1;2;0;1506
159293;1787864990974;0.0;81;81;STABLE;51.3;0.0;0.0;0.0;1509_direct_carried;;;0.0;731.9;0;0;1;2;0;1508
159503;1787864991184;0.0;81;81;WAITING_FOR_REST;51.3;0.0;0.0;0.0;1509_direct;;;0.0;731.9;0;0;1;2;0;1509
159716;1787864991397;0.0;81;81;WAITING_FOR_REST;51.3;0.0;0.0;0.0;1509_direct_carried;;;0.0;731.9;0;0;1;2;0;150A
159924;1787864991605;0.0;81;81;WAITING_FOR_REST;51.3;0.0;0.0;0.0;1509_direct_carried;;;0.0;731.9;0;0;1;2;0;150B
160134;1787864991815;0.0;81;81;WAITING_FOR_REST;51.3;0.0;0.0;0.0;1509_direct_carried;;;0.0;731.9;0;0;1;2;0;150D
161173;1787864992854;0.0;81;81;WAITING_FOR_REST;51.3;0.0;0.0;0.0;1509_direct_carried;;;0.0;731.9;0;0;1;2;0;1502
161594;1787864993275;0.0;81;81;WAITING_FOR_REST;51.3;0.0;0.0;0.0;1509_direct_carried;;;0.0;731.9;0;0;1;2;0;1505
161804;1787864993485;0.0;81;81;WAITING_FOR_REST;51.3;0.0;0.0;0.0;1509_direct_carried;;;0.0;731.9;0;0;1;2;0;1506
162223;1787864993904;0.0;81;81;WAITING_FOR_REST;51.3;0.0;0.0;0.0;1509_direct_carried;;;0.0;731.9;0;0;1;2;0;1508
162423;1787864994104;0.0;81;81;WAITING_FOR_REST;51.3;0.0;0.0;0.0;1509_direct;;;0.0;731.9;0;0;1;2;0;1509
162631;1787864994312;0.0;81;81;WAITING_FOR_REST;51.3;0.0;0.0;0.0;1509_direct_carried;;;0.0;731.9;0;0;1;2;0;150A
162844;1787864994525;0.0;81;81;WAITING_FOR_REST;51.3;0.0;0.0;0.0;1509_direct_carried;;;0.0;731.9;0;0;1;2;0;150B
163052;1787864994733;0.0;81;81;WAITING_FOR_REST;51.3;0.0;0.0;0.0;1509_direct_carried;;;0.0;731.9;0;0;1;2;0;150D
164093;1787864995774;0.0;81;81;WAITING_FOR_REST;51.3;0.0;0.0;0.0;1509_direct_carried;;;0.0;731.9;0;0;1;2;0;1502
164513;1787864996194;0.0;81;81;WAITING_FOR_REST;51.3;0.0;0.0;0.0;1509_direct_carried;;;0.0;731.9;0;0;1;2;0;1505
164722;1787864996403;0.0;81;81;WAITING_FOR_REST;51.3;0.0;0.0;0.0;1509_direct_carried;;;0.0;731.9;0;0;1;2;0;1506
165144;1787864996825;0.0;81;81;WAITING_FOR_REST;51.3;0.0;0.0;0.0;1509_direct_carried;;;0.0;731.9;0;0;1;2;0;1508
165343;1787864997024;0.0;81;81;STABLE;51.3;0.0;0.0;0.0;1509_direct;;;0.0;731.9;0;0;1;2;0;1509
165555;1787864997236;0.0;81;81;STABLE;51.3;0.0;0.0;0.0;1509_direct_carried;;;0.0;731.9;0;0;1;2;0;150A
165764;1787864997445;0.0;81;81;STABLE;51.3;0.0;0.0;0.0;1509_direct_carried;;;0.0;731.9;0;0;1;2;0;150B
165973;1787864997654;0.0;81;81;STABLE;51.3;0.0;0.0;0.0;1509_direct_carried;;;0.0;731.9;0;0;1;2;0;150D
167011;1787864998692;0.0;81;81;STABLE;51.3;0.0;0.0;0.0;1509_direct_carried;;;0.0;731.9;0;0;1;2;0;1502
167432;1787864999113;0.0;81;81;STABLE;51.3;0.0;0.0;0.0;1509_direct_carried;;;0.0;731.9;0;0;1;2;0;1505
167646;1787864999327;0.0;81;81;STABLE;51.3;0.0;0.0;0.0;1509_direct_carried;;;0.0;731.9;0;0;1;2;0;1506
168060;1787864999741;0.0;81;81;STABLE;51.3;0.0;0.0;0.0;1509_direct_carried;;;0.0;731.9;0;0;1;2;0;1508
168264;1787864999945;0.0;81;81;WAITING_FOR_REST;51.3;0.0;0.0;0.0;1509_direct;;;0.0;731.9;0;0;1;2;0;1509
168474;1787865000155;0.0;81;81;WAITING_FOR_REST;51.3;0.0;0.0;0.0;1509_direct_carried;;;0.0;731.9;0;0;1;2;0;150A
168682;1787865000363;0.0;81;81;WAITING_FOR_REST;51.3;0.0;0.0;0.0;1509_direct_carried;;;0.0;731.9;0;0;1;2;0;150B
168896;1787865000577;0.0;81;81;WAITING_FOR_REST;51.3;0.0;0.0;0.0;1509_direct_carried;;;0.0;731.9;0;0;1;2;0;150D
169933;1787865001614;0.0;81;81;WAITING_FOR_REST;51.3;0.0;0.0;0.0;1509_direct_carried;;;0.0;731.9;0;0;1;2;0;1502
170351;1787865002032;0.0;81;81;WAITING_FOR_REST;51.3;0.0;0.0;0.0;1509_direct_carried;;;0.0;731.9;0;0;1;2;0;1505
170563;1787865002244;0.0;81;81;WAITING_FOR_REST;51.3;0.0;0.0;0.0;1509_direct_carried;;;0.0;731.9;0;0;1;2;0;1506
170983;1787865002664;0.0;81;81;WAITING_FOR_REST;51.3;0.0;0.0;0.0;1509_direct_carried;;;0.0;731.9;0;0;1;2;0;1508
171183;1787865002864;0.0;81;81;WAITING_FOR_REST;51.3;0.0;0.0;0.0;1509_direct;;;0.0;731.9;0;0;1;2;0;1509
171394;1787865003075;0.0;81;81;WAITING_FOR_REST;51.3;0.0;0.0;0.0;1509_direct_carried;;;0.0;731.9;0;0;1;2;0;150A
171604;1787865003285;0.0;81;81;WAITING_FOR_REST;51.3;0.0;0.0;0.0;1509_direct_carried;;;0.0;731.9;0;0;1;2;0;150B
171814;1787865003495;0.0;81;81;WAITING_FOR_REST;51.3;0.0;0.0;0.0;1509_direct_carried;;;0.0;731.9;0;0;1;2;0;150D
172852;1787865004533;0.0;81;81;WAITING_FOR_REST;51.3;0.0;0.0;0.0;1509_direct_carried;;;0.0;731.9;0;0;1;2;0;1502
173274;1787865004955;0.0;81;81;WAITING_FOR_REST;51.3;0.0;0.0;0.0;1509_direct_carried;;;0.0;731.9;0;0;1;2;0;1505
173483;1787865005164;0.0;81;81;WAITING_FOR_REST;51.3;0.0;0.0;0.0;1509_direct_carried;;;0.0;731.9;0;0;1;2;0;1506
173903;1787865005584;0.0;81;81;WAITING_FOR_REST;51.3;0.0;0.0;0.0;1509_direct_carried;;;0.0;731.9;0;0;1;2;0;1508
174113;1787865005794;0.0;81;81;STABLE;51.3;0.0;0.0;0.0;1509_direct;;;0.0;731.9;0;0;1;2;0;1509
174312;1787865005993;0.0;81;81;STABLE;51.3;0.0;0.0;0.0;1509_direct_carried;;;0.0;731.9;0;0;1;2;0;150A
174524;1787865006205;0.0;81;81;STABLE;51.3;0.0;0.0;0.0;1509_direct_carried;;;0.0;731.9;0;0;1;2;0;150B
174733;1787865006414;0.0;81;81;STABLE;51.3;0.0;0.0;0.0;1509_direct_carried;;;0.0;731.9;0;0;1;2;0;150D
175773;1787865007454;0.0;81;81;STABLE;51.3;0.0;0.0;0.0;1509_direct_carried;;;0.0;731.9;0;0;1;2;0;1502
176191;1787865007872;0.0;81;81;STABLE;51.3;0.0;0.0;0.0;1509_direct_carried;;;0.0;731.9;0;0;1;2;0;1505
176403;1787865008084;0.0;81;81;STABLE;51.3;0.0;0.0;0.0;1509_direct_carried;;;0.0;731.9;0;0;1;2;0;1506
176824;1787865008505;0.0;81;81;STABLE;51.3;0.0;0.0;0.0;1509_direct_carried;;;0.0;731.9;0;0;1;2;0;1508
177034;1787865008715;0.0;81;81;WAITING_FOR_REST;51.3;0.0;0.0;0.0;1509_direct;;;0.0;731.9;0;0;1;2;0;1509
177233;1787865008914;0.0;81;81;WAITING_FOR_REST;51.3;0.0;0.0;0.0;1509_direct_carried;;;0.0;731.9;0;0;1;2;0;150A
177443;1787865009124;0.0;81;81;WAITING_FOR_REST;51.3;0.0;0.0;0.0;1509_direct_carried;;;0.0;731.9;0;0;1;2;0;150B
177654;1787865009335;0.0;81;81;WAITING_FOR_REST;51.3;0.0;0.0;0.0;1509_direct_carried;;;0.0;731.9;0;0;1;2;0;150D
178702;1787865010383;0.0;81;81;WAITING_FOR_REST;51.3;0.0;0.0;0.0;1509_direct_carried;;;0.0;731.9;0;0;1;2;0;1502
179114;1787865010795;0.0;81;81;WAITING_FOR_REST;51.3;0.0;0.0;0.0;1509_direct_carried;;;0.0;731.9;0;0;1;2;0;1505
179323;1787865011004;0.0;81;81;WAITING_FOR_REST;51.3;0.0;0.0;0.0;1509_direct_carried;;;0.0;731.9;0;0;1;2;0;1506
179745;1787865011426;0.0;81;81;WAITING_FOR_REST;51.3;0.0;0.0;0.0;1509_direct_carried;;;0.0;731.9;0;0;1;2;0;1508
179953;1787865011634;0.0;81;81;WAITING_FOR_REST;51.3;0.0;0.0;0.0;1509_direct;;;0.0;731.9;0;0;1;2;0;1509
180164;1787865011845;0.0;81;81;WAITING_FOR_REST;51.3;0.0;0.0;0.0;1509_direct_carried;;;0.0;731.9;0;0;1;2;0;150A
180364;1787865012045;0.0;81;81;WAITING_FOR_REST;51.3;0.0;0.0;0.0;1509_direct_carried;;;0.0;731.9;0;0;1;2;0;150B
180575;1787865012256;0.0;81;81;WAITING_FOR_REST;51.3;0.0;0.0;0.0;1509_direct_carried;;;0.0;731.9;0;0;1;2;0;150D
181623;1787865013304;0.0;81;81;WAITING_FOR_REST;51.3;0.0;0.0;0.0;1509_direct_carried;;;0.0;731.9;0;0;1;2;0;1502
182033;1787865013714;0.0;81;81;WAITING_FOR_REST;51.3;0.0;0.0;0.0;1509_direct_carried;;;0.0;731.9;0;0;1;2;0;1505
182244;1787865013925;0.0;81;81;WAITING_FOR_REST;51.3;0.0;0.0;0.0;1509_direct_carried;;;0.0;731.9;0;0;1;2;0;1506
182665;1787865014346;0.0;81;81;WAITING_FOR_REST;51.3;0.0;0.0;0.0;1509_direct_carried;;;0.0;731.9;0;0;1;2;0;1508
182873;1787865014554;0.0;81;81;STABLE;51.3;0.0;0.0;0.0;1509_direct;;;0.0;731.9;0;0;1;2;0;1509
183081;1787865014762;0.0;81;81;STABLE;51.3;0.0;0.0;0.0;1509_direct_carried;;;0.0;731.9;0;0;1;2;0;150A
183293;1787865014974;0.0;81;81;STABLE;51.3;0.0;0.0;0.0;1509_direct_carried;;;0.0;731.9;0;0;1;2;0;150B
183492;1787865015173;0.0;81;81;STABLE;51.3;0.0;0.0;0.0;1509_direct_carried;;;0.0;731.9;0;0;1;2;0;150D
184542;1787865016223;0.0;81;81;STABLE;51.3;0.0;0.0;0.0;1509_direct_carried;;;0.0;731.9;0;0;1;2;0;1502
184954;1787865016635;0.0;81;81;STABLE;51.3;0.0;0.0;0.0;1509_direct_carried;;;0.0;731.9;0;0;1;2;0;1505
185162;1787865016843;0.0;81;81;STABLE;51.3;0.0;0.0;0.0;1509_direct_carried;;;0.0;731.9;0;0;1;2;0;1506
185584;1787865017265;0.0;81;81;STABLE;51.3;0.0;0.0;0.0;1509_direct_carried;;;0.0;731.9;0;0;1;2;0;1508
185793;1787865017474;0.0;81;81;WAITING_FOR_REST;51.3;0.0;0.0;0.0;1509_direct;;;0.0;731.9;0;0;1;2;0;1509
186001;1787865017682;0.0;81;81;WAITING_FOR_REST;51.3;0.0;0.0;0.0;1509_direct_carried;;;0.0;731.9;0;0;1;2;0;150A
186215;1787865017896;0.0;81;81;WAITING_FOR_REST;51.3;0.0;0.0;0.0;1509_direct_carried;;;0.0;731.9;0;0;1;2;0;150B
186415;1787865018096;0.0;81;81;WAITING_FOR_REST;51.3;0.0;0.0;0.0;1509_direct_carried;;;0.0;731.9;0;0;1;2;0;150D
187464;1787865019145;0.0;81;81;WAITING_FOR_REST;51.3;0.0;0.0;0.0;1509_direct_carried;;;0.0;731.9;0;0;1;2;0;1502
187874;1787865019555;0.0;81;81;WAITING_FOR_REST;51.3;0.0;0.0;0.0;1509_direct_carried;;;0.0;731.9;0;0;1;2;0;1505
188083;1787865019764;0.0;81;81;WAITING_FOR_REST;51.3;0.0;0.0;0.0;1509_direct_carried;;;0.0;731.9;0;0;1;2;0;1506
188503;1787865020184;0.0;81;81;WAITING_FOR_REST;51.3;0.0;0.0;0.0;1509_direct_carried;;;0.0;731.9;0;0;1;2;0;1508
188714;1787865020395;0.0;81;81;WAITING_FOR_REST;51.3;0.0;0.0;0.0;1509_direct;;;0.0;731.9;0;0;1;2;0;1509
188924;1787865020605;0.0;81;81;WAITING_FOR_REST;51.3;0.0;0.0;0.0;1509_direct_carried;;;0.0;731.9;0;0;1;2;0;150A
189135;1787865020816;0.0;81;81;WAITING_FOR_REST;51.3;0.0;0.0;0.0;1509_direct_carried;;;0.0;731.9;0;0;1;2;0;150B
189344;1787865021025;0.0;81;81;WAITING_FOR_REST;51.3;0.0;0.0;0.0;1509_direct_carried;;;0.0;731.9;0;0;1;2;0;150D
190384;1787865022065;0.0;81;81;WAITING_FOR_REST;51.3;0.0;0.0;0.0;1509_direct_carried;;;0.0;731.9;0;0;1;2;0;1502
190804;1787865022485;0.0;81;81;WAITING_FOR_REST;51.3;0.0;0.0;0.0;1509_direct_carried;;;0.0;731.9;0;0;1;2;0;1505
191004;1787865022685;0.0;81;81;WAITING_FOR_REST;51.3;0.0;0.0;0.0;1509_direct_carried;;;0.0;731.9;0;0;1;2;0;1506
191422;1787865023103;0.0;81;81;WAITING_FOR_REST;51.3;0.0;0.0;0.0;1509_direct_carried;;;0.0;731.9;0;0;1;2;0;1508
191633;1787865023314;0.0;81;81;STABLE;51.3;0.0;0.0;0.0;1509_direct;;;0.0;731.9;0;0;1;2;0;1509
191844;1787865023525;0.0;81;81;STABLE;51.3;0.0;0.0;0.0;1509_direct_carried;;;0.0;731.9;0;0;1;2;0;150A
192052;1787865023733;0.0;81;81;STABLE;51.3;0.0;0.0;0.0;1509_direct_carried;;;0.0;731.9;0;0;1;2;0;150B
192265;1787865023946;0.0;81;81;STABLE;51.3;0.0;0.0;0.0;1509_direct_carried;;;0.0;731.9;0;0;1;2;0;150D
193302;1787865024983;0.0;81;81;STABLE;51.3;0.0;0.0;0.0;1509_direct_carried;;;0.0;731.9;0;0;1;2;0;1502
193724;1787865025405;0.0;81;81;STABLE;51.3;0.0;0.0;0.0;1509_direct_carried;;;0.0;731.9;0;0;1;2;0;1505
193922;1787865025603;0.0;81;81;STABLE;51.3;0.0;0.0;0.0;1509_direct_carried;;;0.0;731.9;0;0;1;2;0;1506
194341;1787865026022;0.0;81;81;STABLE;51.3;0.0;0.0;0.0;1509_direct_carried;;;0.0;731.9;0;0;1;2;0;1508
194553;1787865026234;0.0;81;81;WAITING_FOR_REST;51.3;0.0;0.0;0.0;1509_direct;;;0.0;731.9;0;0;1;2;0;1509
194763;1787865026444;0.0;81;81;WAITING_FOR_REST;51.3;0.0;0.0;0.0;1509_direct_carried;;;0.0;731.9;0;0;1;2;0;150A
194975;1787865026656;0.0;81;81;WAITING_FOR_REST;51.3;0.0;0.0;0.0;1509_direct_carried;;;0.0;731.9;0;0;1;2;0;150B
195184;1787865026865;0.0;81;81;WAITING_FOR_REST;51.3;0.0;0.0;0.0;1509_direct_carried;;;0.0;731.9;0;0;1;2;0;150D
196222;1787865027903;0.0;81;81;WAITING_FOR_REST;51.3;0.0;0.0;0.0;1509_direct_carried;;;0.0;731.9;0;0;1;2;0;1502
196643;1787865028324;0.0;81;81;WAITING_FOR_REST;51.3;0.0;0.0;0.0;1509_direct_carried;;;0.0;731.9;0;0;1;2;0;1505
196854;1787865028535;0.0;81;81;WAITING_FOR_REST;51.3;0.0;0.0;0.0;1509_direct_carried;;;0.0;731.9;0;0;1;2;0;1506
197273;1787865028954;0.0;81;81;WAITING_FOR_REST;51.3;0.0;0.0;0.0;1509_direct_carried;;;0.0;731.9;0;0;1;2;0;1508
197474;1787865029155;0.0;81;81;WAITING_FOR_REST;51.3;0.0;0.0;0.0;1509_direct;;;0.0;731.9;0;0;1;2;0;1509
197683;1787865029364;0.0;81;81;WAITING_FOR_REST;51.3;0.0;0.0;0.0;1509_direct_carried;;;0.0;731.9;0;0;1;2;0;150A
197893;1787865029574;0.0;81;81;WAITING_FOR_REST;51.3;0.0;0.0;0.0;1509_direct_carried;;;0.0;731.9;0;0;1;2;0;150B
198102;1787865029783;0.0;81;81;WAITING_FOR_REST;51.3;0.0;0.0;0.0;1509_direct_carried;;;0.0;731.9;0;0;1;2;0;150D
199143;1787865030824;0.0;81;81;WAITING_FOR_REST;51.3;0.0;0.0;0.0;1509_direct_carried;;;0.0;731.9;0;0;1;2;0;1502
199563;1787865031244;0.0;81;81;WAITING_FOR_REST;51.3;0.0;0.0;0.0;1509_direct_carried;;;0.0;731.9;0;0;1;2;0;1505
199772;1787865031453;0.0;81;81;WAITING_FOR_REST;51.3;0.0;0.0;0.0;1509_direct_carried;;;0.0;731.9;0;0;1;2;0;1506
200183;1787865031864;0.0;81;81;WAITING_FOR_REST;51.3;0.0;0.0;0.0;1509_direct_carried;;;0.0;731.9;0;0;1;2;0;1508
200393;1787865032074;0.0;81;81;STABLE;51.3;0.0;0.0;0.0;1509_direct;;;0.0;731.9;0;0;1;2;0;1509
200603;1787865032284;0.0;81;81;STABLE;51.3;0.0;0.0;0.0;1509_direct_carried;;;0.0;731.9;0;0;1;2;0;150A
200812;1787865032493;0.0;81;81;STABLE;51.3;0.0;0.0;0.0;1509_direct_carried;;;0.0;731.9;0;0;1;2;0;150B
201022;1787865032703;0.0;81;81;STABLE;51.3;0.0;0.0;0.0;1509_direct_carried;;;0.0;731.9;0;0;1;2;0;150D
202062;1787865033743;0.0;81;81;STABLE;51.3;0.0;0.0;0.0;1509_direct_carried;;;0.0;731.9;0;0;1;2;0;1502
202481;1787865034162;0.0;81;81;STABLE;51.3;0.0;0.0;0.0;1509_direct_carried;;;0.0;731.9;0;0;1;2;0;1505
202693;1787865034374;0.0;81;81;STABLE;51.3;0.0;0.0;0.0;1509_direct_carried;;;0.0;731.9;0;0;1;2;0;1506
203104;1787865034785;0.0;81;81;STABLE;51.3;0.0;0.0;0.0;1509_direct_carried;;;0.0;731.9;0;0;1;2;0;1508
203313;1787865034994;0.0;81;81;WAITING_FOR_REST;51.3;0.0;0.0;0.0;1509_direct;;;0.0;731.9;0;0;1;2;0;1509
203525;1787865035206;0.0;81;81;WAITING_FOR_REST;51.3;0.0;0.0;0.0;1509_direct_carried;;;0.0;731.9;0;0;1;2;0;150A
203731;1787865035412;0.0;81;81;WAITING_FOR_REST;51.3;0.0;0.0;0.0;1509_direct_carried;;;0.0;731.9;0;0;1;2;0;150B
203943;1787865035624;0.0;81;81;WAITING_FOR_REST;51.3;0.0;0.0;0.0;1509_direct_carried;;;0.0;731.9;0;0;1;2;0;150D
204983;1787865036664;0.0;81;81;WAITING_FOR_REST;51.3;0.0;0.0;0.0;1509_direct_carried;;;0.0;731.9;0;0;1;2;0;1502
205403;1787865037084;0.0;81;81;WAITING_FOR_REST;51.3;0.0;0.0;0.0;1509_direct_carried;;;0.0;731.9;0;0;1;2;0;1505
205612;1787865037293;0.0;81;81;WAITING_FOR_REST;51.3;0.0;0.0;0.0;1509_direct_carried;;;0.0;731.9;0;0;1;2;0;1506
206042;1787865037723;0.0;81;81;WAITING_FOR_REST;51.3;0.0;0.0;0.0;1509_direct_carried;;;0.0;731.9;0;0;1;2;0;1508
206233;1787865037914;0.0;81;81;WAITING_FOR_REST;51.3;0.0;0.0;0.0;1509_direct;;;0.0;731.9;0;0;1;2;0;1509
206442;1787865038123;0.0;81;81;WAITING_FOR_REST;51.3;0.0;0.0;0.0;1509_direct_carried;;;0.0;731.9;0;0;1;2;0;150A
206652;1787865038333;0.0;81;81;WAITING_FOR_REST;51.3;0.0;0.0;0.0;1509_direct_carried;;;0.0;731.9;0;0;1;2;0;150B
206862;1787865038543;0.0;81;81;WAITING_FOR_REST;51.3;0.0;0.0;0.0;1509_direct_carried;;;0.0;731.9;0;0;1;2;0;150D
207903;1787865039584;0.0;81;81;WAITING_FOR_REST;51.3;0.0;0.0;0.0;1509_direct_carried;;;0.0;731.9;0;0;1;2;0;1502
208322;1787865040003;0.0;81;81;WAITING_FOR_REST;51.3;0.0;0.0;0.0;1509_direct_carried;;;0.0;731.9;0;0;1;2;0;1505
208534;1787865040215;0.0;81;81;WAITING_FOR_REST;51.3;0.0;0.0;0.0;1509_direct_carried;;;0.0;731.9;0;0;1;2;0;1506
208954;1787865040635;0.0;81;81;WAITING_FOR_REST;51.3;0.0;0.0;0.0;1509_direct_carried;;;0.0;731.9;0;0;1;2;0;1508
209153;1787865040834;0.0;81;81;STABLE;51.3;0.0;0.0;0.0;1509_direct;;;0.0;731.9;0;0;1;2;0;1509
209363;1787865041044;0.0;81;81;STABLE;51.3;0.0;0.0;0.0;1509_direct_carried;;;0.0;731.9;0;0;1;2;0;150A
209574;1787865041255;0.0;81;81;STABLE;51.3;0.0;0.0;0.0;1509_direct_carried;;;0.0;731.9;0;0;1;2;0;150B
209782;1787865041463;0.0;81;81;STABLE;51.3;0.0;0.0;0.0;1509_direct_carried;;;0.0;731.9;0;0;1;2;0;150D
210824;1787865042505;0.0;81;81;STABLE;51.3;0.0;0.0;0.0;1509_direct_carried;;;0.0;731.9;0;0;1;2;0;1502
211242;1787865042923;0.0;81;81;STABLE;51.3;0.0;0.0;0.0;1509_direct_carried;;;0.0;731.9;0;0;1;2;0;1505
211452;1787865043133;0.0;81;81;STABLE;51.3;0.0;0.0;0.0;1509_direct_carried;;;0.0;731.9;0;0;1;2;0;1506
211874;1787865043555;0.0;81;81;STABLE;51.3;0.0;0.0;0.0;1509_direct_carried;;;0.0;731.9;0;0;1;2;0;1508
212083;1787865043764;0.0;81;81;WAITING_FOR_REST;51.3;0.0;0.0;0.0;1509_direct;;;0.0;731.9;0;0;1;2;0;1509
212283;1787865043964;0.0;81;81;WAITING_FOR_REST;51.3;0.0;0.0;0.0;1509_direct_carried;;;0.0;731.9;0;0;1;2;0;150A
212491;1787865044172;0.0;81;81;WAITING_FOR_REST;51.3;0.0;0.0;0.0;1509_direct_carried;;;0.0;731.9;0;0;1;2;0;150B
212703;1787865044384;0.0;81;81;WAITING_FOR_REST;51.3;0.0;0.0;0.0;1509_direct_carried;;;0.0;731.9;0;0;1;2;0;150D
213752;1787865045433;0.0;81;81;WAITING_FOR_REST;51.3;0.0;0.0;0.0;1509_direct_carried;;;0.0;731.9;0;0;1;2;0;1502
214162;1787865045843;0.0;81;81;WAITING_FOR_REST;51.3;0.0;0.0;0.0;1509_direct_carried;;;0.0;731.9;0;0;1;2;0;1505
214377;1787865046058;0.0;81;81;WAITING_FOR_REST;51.3;0.0;0.0;0.0;1509_direct_carried;;;0.0;731.9;0;0;1;2;0;1506
214793;1787865046474;0.0;81;81;WAITING_FOR_REST;51.3;0.0;0.0;0.0;1509_direct_carried;;;0.0;731.9;0;0;1;2;0;1508
215003;1787865046684;0.0;81;81;WAITING_FOR_REST;51.3;0.0;0.0;0.0;1509_direct;;;0.0;731.9;0;0;1;2;0;1509
215214;1787865046895;0.0;81;81;WAITING_FOR_REST;51.3;0.0;0.0;0.0;1509_direct_carried;;;0.0;731.9;0;0;1;2;0;150A
215412;1787865047093;0.0;81;81;WAITING_FOR_REST;51.3;0.0;0.0;0.0;1509_direct_carried;;;0.0;731.9;0;0;1;2;0;150B
215623;1787865047304;0.0;81;81;WAITING_FOR_REST;51.3;0.0;0.0;0.0;1509_direct_carried;;;0.0;731.9;0;0;1;2;0;150D
216672;1787865048353;0.0;81;81;WAITING_FOR_REST;51.3;0.0;0.0;0.0;1509_direct_carried;;;0.0;731.9;0;0;1;2;0;1502
217083;1787865048764;0.0;81;81;WAITING_FOR_REST;51.3;0.0;0.0;0.0;1509_direct_carried;;;0.0;731.9;0;0;1;2;0;1505
217295;1787865048976;0.0;81;81;WAITING_FOR_REST;51.3;0.0;0.0;0.0;1509_direct_carried;;;0.0;731.9;0;0;1;2;0;1506
217713;1787865049394;0.0;81;81;WAITING_FOR_REST;51.3;0.0;0.0;0.0;1509_direct_carried;;;0.0;731.9;0;0;1;2;0;1508
217922;1787865049603;0.0;81;81;STABLE;51.3;0.0;0.0;0.0;1509_direct;;;0.0;731.9;0;0;1;2;0;1509
218133;1787865049814;0.0;81;81;STABLE;51.3;0.0;0.0;0.0;1509_direct_carried;;;0.0;731.9;0;0;1;2;0;150A
218343;1787865050024;0.0;81;81;STABLE;51.3;0.0;0.0;0.0;1509_direct_carried;;;0.0;731.9;0;0;1;2;0;150B
218544;1787865050225;0.0;81;81;STABLE;51.3;0.0;0.0;0.0;1509_direct_carried;;;0.0;731.9;0;0;1;2;0;150D
219592;1787865051273;0.0;81;81;STABLE;51.3;0.0;0.0;0.0;1509_direct_carried;;;0.0;731.9;0;0;1;2;0;1502
220008;1787865051689;0.0;81;81;STABLE;51.3;0.0;0.0;0.0;1509_direct_carried;;;0.0;731.9;0;0;1;2;0;1505
220213;1787865051894;0.0;81;81;STABLE;51.3;0.0;0.0;0.0;1509_direct_carried;;;0.0;731.9;0;0;1;2;0;1506
220633;1787865052314;0.0;81;81;STABLE;51.3;0.0;0.0;0.0;1509_direct_carried;;;0.0;731.9;0;0;1;2;0;1508
220841;1787865052522;0.0;81;81;WAITING_FOR_REST;51.3;0.0;0.0;0.0;1509_direct;;;0.0;731.9;0;0;1;2;0;1509
221051;1787865052732;0.0;81;81;WAITING_FOR_REST;51.3;0.0;0.0;0.0;1509_direct_carried;;;0.0;731.9;0;0;1;2;0;150A
221262;1787865052943;0.0;81;81;WAITING_FOR_REST;51.3;0.0;0.0;0.0;1509_direct_carried;;;0.0;731.9;0;0;1;2;0;150B
221472;1787865053153;0.0;81;81;WAITING_FOR_REST;51.3;0.0;0.0;0.0;1509_direct_carried;;;0.0;731.9;0;0;1;2;0;150D
222518;1787865054199;0.0;81;81;WAITING_FOR_REST;51.3;0.0;0.0;0.0;1509_direct_carried;;;0.0;731.9;0;0;1;2;0;1502
222934;1787865054615;0.0;81;81;WAITING_FOR_REST;51.3;0.0;0.0;0.0;1509_direct_carried;;;0.0;731.9;0;0;1;2;0;1505
223133;1787865054814;0.0;81;81;WAITING_FOR_REST;51.3;0.0;0.0;0.0;1509_direct_carried;;;0.0;731.9;0;0;1;2;0;1506
223551;1787865055232;0.0;81;81;WAITING_FOR_REST;51.3;0.0;0.0;0.0;1509_direct_carried;;;0.0;731.9;0;0;1;2;0;1508
223764;1787865055445;0.0;81;81;WAITING_FOR_REST;51.3;0.0;0.0;0.0;1509_direct;;;0.0;731.9;0;0;1;2;0;1509
223974;1787865055655;0.0;81;81;WAITING_FOR_REST;51.3;0.0;0.0;0.0;1509_direct_carried;;;0.0;731.9;0;0;1;2;0;150A
224185;1787865055866;0.0;81;81;WAITING_FOR_REST;51.3;0.0;0.0;0.0;1509_direct_carried;;;0.0;731.9;0;0;1;2;0;150B
224404;1787865056085;0.0;81;81;WAITING_FOR_REST;51.3;0.0;0.0;0.0;1509_direct_carried;;;0.0;731.9;0;0;1;2;0;150D
225433;1787865057114;0.0;81;81;WAITING_FOR_REST;51.3;0.0;0.0;0.0;1509_direct_carried;;;0.0;731.9;0;0;1;2;0;1502
225853;1787865057534;0.0;81;81;WAITING_FOR_REST;51.3;0.0;0.0;0.0;1509_direct_carried;;;0.0;731.9;0;0;1;2;0;1505
226062;1787865057743;0.0;81;81;WAITING_FOR_REST;51.3;0.0;0.0;0.0;1509_direct_carried;;;0.0;731.9;0;0;1;2;0;1506
226472;1787865058153;0.0;81;81;WAITING_FOR_REST;51.3;0.0;0.0;0.0;1509_direct_carried;;;0.0;731.9;0;0;1;2;0;1508
226682;1787865058363;0.0;81;81;STABLE;51.3;0.0;0.0;0.0;1509_direct;;;0.0;731.9;0;0;1;2;0;1509
226893;1787865058574;0.0;81;81;STABLE;51.3;0.0;0.0;0.0;1509_direct_carried;;;0.0;731.9;0;0;1;2;0;150A
227101;1787865058782;0.0;81;81;STABLE;51.3;0.0;0.0;0.0;1509_direct_carried;;;0.0;731.9;0;0;1;2;0;150B
227312;1787865058993;0.0;81;81;STABLE;51.3;0.0;0.0;0.0;1509_direct_carried;;;0.0;731.9;0;0;1;2;0;150D
228352;1787865060033;0.0;81;81;STABLE;51.3;0.0;0.0;0.0;1509_direct_carried;;;0.0;731.9;0;0;1;2;0;1502
228772;1787865060453;0.0;81;81;STABLE;51.3;0.0;0.0;0.0;1509_direct_carried;;;0.0;731.9;0;0;1;2;0;1505
228984;1787865060665;0.0;81;81;STABLE;51.3;0.0;0.0;0.0;1509_direct_carried;;;0.0;731.9;0;0;1;2;0;1506
229393;1787865061074;0.0;81;81;STABLE;51.3;0.0;0.0;0.0;1509_direct_carried;;;0.0;731.9;0;0;1;2;0;1508
229612;1787865061293;0.0;81;81;WAITING_FOR_REST;51.3;0.0;0.0;0.0;1509_direct;;;0.0;731.9;0;0;1;2;0;1509
229811;1787865061492;0.0;81;81;WAITING_FOR_REST;51.3;0.0;0.0;0.0;1509_direct_carried;;;0.0;731.9;0;0;1;2;0;150A
230022;1787865061703;0.0;81;81;WAITING_FOR_REST;51.3;0.0;0.0;0.0;1509_direct_carried;;;0.0;731.9;0;0;1;2;0;150B
230237;1787865061918;0.0;81;81;WAITING_FOR_REST;51.3;0.0;0.0;0.0;1509_direct_carried;;;0.0;731.9;0;0;1;2;0;150D
231271;1787865062952;0.0;81;81;WAITING_FOR_REST;51.3;0.0;0.0;0.0;1509_direct_carried;;;0.0;731.9;0;0;1;2;0;1502
231690;1787865063371;0.0;81;81;WAITING_FOR_REST;51.3;0.0;0.0;0.0;1509_direct_carried;;;0.0;731.9;0;0;1;2;0;1505
231904;1787865063585;0.0;81;81;WAITING_FOR_REST;51.3;0.0;0.0;0.0;1509_direct_carried;;;0.0;731.9;0;0;1;2;0;1506
232324;1787865064005;0.0;81;81;WAITING_FOR_REST;51.3;0.0;0.0;0.0;1509_direct_carried;;;0.0;731.9;0;0;1;2;0;1508
232523;1787865064204;0.0;81;81;WAITING_FOR_REST;51.3;0.0;0.0;0.0;1509_direct;;;0.0;731.9;0;0;1;2;0;1509
232730;1787865064411;0.0;81;81;WAITING_FOR_REST;51.3;0.0;0.0;0.0;1509_direct_carried;;;0.0;731.9;0;0;1;2;0;150A
232945;1787865064626;0.0;81;81;WAITING_FOR_REST;51.3;0.0;0.0;0.0;1509_direct_carried;;;0.0;731.9;0;0;1;2;0;150B
233151;1787865064832;0.0;81;81;WAITING_FOR_REST;51.3;0.0;0.0;0.0;1509_direct_carried;;;0.0;731.9;0;0;1;2;0;150D
234193;1787865065874;0.0;81;81;WAITING_FOR_REST;51.3;0.0;0.0;0.0;1509_direct_carried;;;0.0;731.9;0;0;1;2;0;1502
234612;1787865066293;0.0;81;81;WAITING_FOR_REST;51.3;0.0;0.0;0.0;1509_direct_carried;;;0.0;731.9;0;0;1;2;0;1505
234822;1787865066503;0.0;81;81;WAITING_FOR_REST;51.3;0.0;0.0;0.0;1509_direct_carried;;;0.0;731.9;0;0;1;2;0;1506
235245;1787865066926;0.0;81;81;WAITING_FOR_REST;51.3;0.0;0.0;0.0;1509_direct_carried;;;0.0;731.9;0;0;1;2;0;1508
235442;1787865067123;0.0;81;81;STABLE;51.3;0.0;0.0;0.0;1509_direct;;;0.0;731.9;0;0;1;2;0;1509
235650;1787865067331;0.0;81;81;STABLE;51.3;0.0;0.0;0.0;1509_direct_carried;;;0.0;731.9;0;0;1;2;0;150A
235872;1787865067553;0.0;81;81;STABLE;51.3;0.0;0.0;0.0;1509_direct_carried;;;0.0;731.9;0;0;1;2;0;150B
236081;1787865067762;0.0;81;81;STABLE;51.3;0.0;0.0;0.0;1509_direct_carried;;;0.0;731.9;0;0;1;2;0;150D
237112;1787865068793;0.0;81;81;STABLE;51.3;0.0;0.0;0.0;1509_direct_carried;;;0.0;731.9;0;0;1;2;0;1502
237535;1787865069216;0.0;81;81;STABLE;51.3;0.0;0.0;0.0;1509_direct_carried;;;0.0;731.9;0;0;1;2;0;1505
237743;1787865069424;0.0;81;81;STABLE;51.3;0.0;0.0;0.0;1509_direct_carried;;;0.0;731.9;0;0;1;2;0;1506
238161;1787865069842;0.0;81;81;STABLE;51.3;0.0;0.0;0.0;1509_direct_carried;;;0.0;731.9;0;0;1;2;0;1508
238372;1787865070053;0.0;81;81;WAITING_FOR_REST;51.3;0.0;0.0;0.0;1509_direct;;;0.0;731.9;0;0;1;2;0;1509
238572;1787865070253;0.0;81;81;WAITING_FOR_REST;51.3;0.0;0.0;0.0;1509_direct_carried;;;0.0;731.9;0;0;1;2;0;150A
238782;1787865070463;0.0;81;81;WAITING_FOR_REST;51.3;0.0;0.0;0.0;1509_direct_carried;;;0.0;731.9;0;0;1;2;0;150B
238992;1787865070673;0.0;81;81;WAITING_FOR_REST;51.3;0.0;0.0;0.0;1509_direct_carried;;;0.0;731.9;0;0;1;2;0;150D
240034;1787865071715;0.0;81;81;WAITING_FOR_REST;51.3;0.0;0.0;0.0;1509_direct_carried;;;0.0;731.9;0;0;1;2;0;1502
240451;1787865072132;0.0;81;81;WAITING_FOR_REST;51.3;0.0;0.0;0.0;1509_direct_carried;;;0.0;731.9;0;0;1;2;0;1505
240661;1787865072342;0.0;81;81;WAITING_FOR_REST;51.3;0.0;0.0;0.0;1509_direct_carried;;;0.0;731.9;0;0;1;2;0;1506
241082;1787865072763;0.0;81;81;WAITING_FOR_REST;51.3;0.0;0.0;0.0;1509_direct_carried;;;0.0;731.9;0;0;1;2;0;1508
241291;1787865072972;0.0;81;81;WAITING_FOR_REST;51.3;0.0;0.0;0.0;1509_direct;;;0.0;731.9;0;0;1;2;0;1509
241492;1787865073173;0.0;81;81;WAITING_FOR_REST;51.3;0.0;0.0;0.0;1509_direct_carried;;;0.0;731.9;0;0;1;2;0;150A
241703;1787865073384;0.0;81;81;WAITING_FOR_REST;51.3;0.0;0.0;0.0;1509_direct_carried;;;0.0;731.9;0;0;1;2;0;150B
241911;1787865073592;0.0;81;81;WAITING_FOR_REST;51.3;0.0;0.0;0.0;1509_direct_carried;;;0.0;731.9;0;0;1;2;0;150D
242962;1787865074643;0.0;81;81;WAITING_FOR_REST;51.3;0.0;0.0;0.0;1509_direct_carried;;;0.0;731.9;0;0;1;2;0;1502
243374;1787865075055;0.0;81;81;WAITING_FOR_REST;51.3;0.0;0.0;0.0;1509_direct_carried;;;0.0;731.9;0;0;1;2;0;1505
243582;1787865075263;0.0;81;81;WAITING_FOR_REST;51.3;0.0;0.0;0.0;1509_direct_carried;;;0.0;731.9;0;0;1;2;0;1506
244002;1787865075683;0.0;81;81;WAITING_FOR_REST;51.3;0.0;0.0;0.0;1509_direct_carried;;;0.0;731.9;0;0;1;2;0;1508
244213;1787865075894;0.0;81;81;STABLE;51.3;0.0;0.0;0.0;1509_direct;;;0.0;731.9;0;0;1;2;0;1509
244425;1787865076106;0.0;81;81;STABLE;51.3;0.0;0.0;0.0;1509_direct_carried;;;0.0;731.9;0;0;1;2;0;150A
244631;1787865076312;0.0;81;81;STABLE;51.3;0.0;0.0;0.0;1509_direct_carried;;;0.0;731.9;0;0;1;2;0;150B
244833;1787865076514;0.0;81;81;STABLE;51.3;0.0;0.0;0.0;1509_direct_carried;;;0.0;731.9;0;0;1;2;0;150D
245882;1787865077563;0.0;81;81;STABLE;51.3;0.0;0.0;0.0;1509_direct_carried;;;0.0;731.9;0;0;1;2;0;1502
246291;1787865077972;0.0;81;81;STABLE;51.3;0.0;0.0;0.0;1509_direct_carried;;;0.0;731.9;0;0;1;2;0;1505
246502;1787865078183;0.0;81;81;STABLE;51.3;0.0;0.0;0.0;1509_direct_carried;;;0.0;731.9;0;0;1;2;0;1506
246923;1787865078604;0.0;81;81;STABLE;51.3;0.0;0.0;0.0;1509_direct_carried;;;0.0;731.9;0;0;1;2;0;1508
247132;1787865078813;0.0;81;81;WAITING_FOR_REST;51.3;0.0;0.0;0.0;1509_direct;;;0.0;731.9;0;0;1;2;0;1509
247345;1787865079026;0.0;81;81;WAITING_FOR_REST;51.3;0.0;0.0;0.0;1509_direct_carried;;;0.0;731.9;0;0;1;2;0;150A
247551;1787865079232;0.0;81;81;WAITING_FOR_REST;51.3;0.0;0.0;0.0;1509_direct_carried;;;0.0;731.9;0;0;1;2;0;150B
247761;1787865079442;0.0;81;81;WAITING_FOR_REST;51.3;0.0;0.0;0.0;1509_direct_carried;;;0.0;731.9;0;0;1;2;0;150D
248804;1787865080485;0.0;81;81;WAITING_FOR_REST;51.3;0.0;0.0;0.0;1509_direct_carried;;;0.0;731.9;0;0;1;2;0;1502
249221;1787865080902;0.0;81;81;WAITING_FOR_REST;51.3;0.0;0.0;0.0;1509_direct_carried;;;0.0;731.9;0;0;1;2;0;1505
249423;1787865081104;0.0;81;81;WAITING_FOR_REST;51.3;0.0;0.0;0.0;1509_direct_carried;;;0.0;731.9;0;0;1;2;0;1506
249841;1787865081522;0.0;81;81;WAITING_FOR_REST;51.3;0.0;0.0;0.0;1509_direct_carried;;;0.0;731.9;0;0;1;2;0;1508
250051;1787865081732;0.0;81;81;WAITING_FOR_REST;51.3;0.0;0.0;0.0;1509_direct;;;0.0;731.9;0;0;1;2;0;1509
250261;1787865081942;0.0;81;81;WAITING_FOR_REST;51.3;0.0;0.0;0.0;1509_direct_carried;;;0.0;731.9;0;0;1;2;0;150A
250473;1787865082154;0.0;81;81;WAITING_FOR_REST;51.3;0.0;0.0;0.0;1509_direct_carried;;;0.0;731.9;0;0;1;2;0;150B
250682;1787865082363;0.0;81;81;WAITING_FOR_REST;51.3;0.0;0.0;0.0;1509_direct_carried;;;0.0;731.9;0;0;1;2;0;150D
251722;1787865083403;0.0;81;81;WAITING_FOR_REST;51.3;0.0;0.0;0.0;1509_direct_carried;;;0.0;731.9;0;0;1;2;0;1502
252142;1787865083823;0.0;81;81;WAITING_FOR_REST;51.3;0.0;0.0;0.0;1509_direct_carried;;;0.0;731.9;0;0;1;2;0;1505
252355;1787865084036;0.0;81;81;WAITING_FOR_REST;51.3;0.0;0.0;0.0;1509_direct_carried;;;0.0;731.9;0;0;1;2;0;1506
252762;1787865084443;0.0;81;81;WAITING_FOR_REST;51.3;0.0;0.0;0.0;1509_direct_carried;;;0.0;731.9;0;0;1;2;0;1508
252973;1787865084654;0.0;81;81;STABLE;51.3;0.0;0.0;0.0;1509_direct;;;0.0;731.9;0;0;1;2;0;1509
253182;1787865084863;0.0;81;81;STABLE;51.3;0.0;0.0;0.0;1509_direct_carried;;;0.0;731.9;0;0;1;2;0;150A
253392;1787865085073;0.0;81;81;STABLE;51.3;0.0;0.0;0.0;1509_direct_carried;;;0.0;731.9;0;0;1;2;0;150B
253604;1787865085285;0.0;81;81;STABLE;51.3;0.0;0.0;0.0;1509_direct_carried;;;0.0;731.9;0;0;1;2;0;150D
254647;1787865086328;0.0;81;81;STABLE;51.3;0.0;0.0;0.0;1509_direct_carried;;;0.0;731.9;0;0;1;2;0;1502
255063;1787865086744;0.0;81;81;STABLE;51.3;0.0;0.0;0.0;1509_direct_carried;;;0.0;731.9;0;0;1;2;0;1505
255271;1787865086952;0.0;81;81;STABLE;51.3;0.0;0.0;0.0;1509_direct_carried;;;0.0;731.9;0;0;1;2;0;1506
255681;1787865087362;0.0;81;81;STABLE;51.3;0.0;0.0;0.0;1509_direct_carried;;;0.0;731.9;0;0;1;2;0;1508
255891;1787865087572;0.0;81;81;WAITING_FOR_REST;51.3;0.0;0.0;0.0;1509_direct;;;0.0;731.9;0;0;1;2;0;1509
256099;1787865087780;0.0;81;81;WAITING_FOR_REST;51.3;0.0;0.0;0.0;1509_direct_carried;;;0.0;731.9;0;0;1;2;0;150A
256309;1787865087990;0.0;81;81;WAITING_FOR_REST;51.3;0.0;0.0;0.0;1509_direct_carried;;;0.0;731.9;0;0;1;2;0;150B
256525;1787865088206;0.0;81;81;WAITING_FOR_REST;51.3;0.0;0.0;0.0;1509_direct_carried;;;0.0;731.9;0;0;1;2;0;150D
257565;1787865089246;0.0;81;81;WAITING_FOR_REST;51.3;0.0;0.0;0.0;1509_direct_carried;;;0.0;731.9;0;0;1;2;0;1502
257981;1787865089662;0.0;81;81;WAITING_FOR_REST;51.3;0.0;0.0;0.0;1509_direct_carried;;;0.0;731.9;0;0;1;2;0;1505
258192;1787865089873;0.0;81;81;WAITING_FOR_REST;51.3;0.0;0.0;0.0;1509_direct_carried;;;0.0;731.9;0;0;1;2;0;1506
258600;1787865090281;0.0;81;81;WAITING_FOR_REST;51.3;0.0;0.0;0.0;1509_direct_carried;;;0.0;731.9;0;0;1;2;0;1508
258811;1787865090492;0.0;81;81;WAITING_FOR_REST;51.3;0.0;0.0;0.0;1509_direct;;;0.0;731.9;0;0;1;2;0;1509
259021;1787865090702;0.0;81;81;WAITING_FOR_REST;51.3;0.0;0.0;0.0;1509_direct_carried;;;0.0;731.9;0;0;1;2;0;150A
259230;1787865090911;0.0;81;81;WAITING_FOR_REST;51.3;0.0;0.0;0.0;1509_direct_carried;;;0.0;731.9;0;0;1;2;0;150B
259444;1787865091125;0.0;81;81;WAITING_FOR_REST;51.3;0.0;0.0;0.0;1509_direct_carried;;;0.0;731.9;0;0;1;2;0;150D
260481;1787865092162;0.0;81;81;WAITING_FOR_REST;51.3;0.0;0.0;0.0;1509_direct_carried;;;0.0;731.9;0;0;1;2;0;1502
260903;1787865092584;0.0;81;81;WAITING_FOR_REST;51.3;0.0;0.0;0.0;1509_direct_carried;;;0.0;731.9;0;0;1;2;0;1505
261112;1787865092793;0.0;81;81;WAITING_FOR_REST;51.3;0.0;0.0;0.0;1509_direct_carried;;;0.0;731.9;0;0;1;2;0;1506
261535;1787865093216;0.0;81;81;WAITING_FOR_REST;51.3;0.0;0.0;0.0;1509_direct_carried;;;0.0;731.9;0;0;1;2;0;1508
261733;1787865093414;0.0;81;81;STABLE;51.3;0.0;0.0;0.0;1509_direct;;;0.0;731.9;0;0;1;2;0;1509
261941;1787865093622;0.0;81;81;STABLE;51.3;0.0;0.0;0.0;1509_direct_carried;;;0.0;731.9;0;0;1;2;0;150A
262154;1787865093835;0.0;81;81;STABLE;51.3;0.0;0.0;0.0;1509_direct_carried;;;0.0;731.9;0;0;1;2;0;150B
262362;1787865094043;0.0;81;81;STABLE;51.3;0.0;0.0;0.0;1509_direct_carried;;;0.0;731.9;0;0;1;2;0;150D
263403;1787865095084;0.0;81;81;STABLE;51.3;0.0;0.0;0.0;1509_direct_carried;;;0.0;731.9;0;0;1;2;0;1502
263820;1787865095501;0.0;81;81;STABLE;51.3;0.0;0.0;0.0;1509_direct_carried;;;0.0;731.9;0;0;1;2;0;1505
264033;1787865095714;0.0;81;81;STABLE;51.3;0.0;0.0;0.0;1509_direct_carried;;;0.0;731.9;0;0;1;2;0;1506
264452;1787865096133;0.0;81;81;STABLE;51.3;0.0;0.0;0.0;1509_direct_carried;;;0.0;731.9;0;0;1;2;0;1508
264651;1787865096332;0.0;81;81;WAITING_FOR_REST;51.3;0.0;0.0;0.0;1509_direct;;;0.0;731.9;0;0;1;2;0;1509
264861;1787865096542;0.0;81;81;WAITING_FOR_REST;51.3;0.0;0.0;0.0;1509_direct_carried;;;0.0;731.9;0;0;1;2;0;150A
265073;1787865096754;0.0;81;81;WAITING_FOR_REST;51.3;0.0;0.0;0.0;1509_direct_carried;;;0.0;731.9;0;0;1;2;0;150B
265280;1787865096961;0.0;81;81;WAITING_FOR_REST;51.3;0.0;0.0;0.0;1509_direct_carried;;;0.0;731.9;0;0;1;2;0;150D
266320;1787865098001;0.0;81;81;WAITING_FOR_REST;51.3;0.0;0.0;0.0;1509_direct_carried;;;0.0;731.9;0;0;1;2;0;1502
266741;1787865098422;0.0;81;81;WAITING_FOR_REST;51.3;0.0;0.0;0.0;1509_direct_carried;;;0.0;731.9;0;0;1;2;0;1505
266950;1787865098631;0.0;81;81;WAITING_FOR_REST;51.3;0.0;0.0;0.0;1509_direct_carried;;;0.0;731.9;0;0;1;2;0;1506
267372;1787865099053;0.0;81;81;WAITING_FOR_REST;51.3;0.0;0.0;0.0;1509_direct_carried;;;0.0;731.9;0;0;1;2;0;1508
267581;1787865099262;0.0;81;81;WAITING_FOR_REST;51.3;0.0;0.0;0.0;1509_direct;;;0.0;731.9;0;0;1;2;0;1509
267783;1787865099464;0.0;81;81;WAITING_FOR_REST;51.3;0.0;0.0;0.0;1509_direct_carried;;;0.0;731.9;0;0;1;2;0;150A
267993;1787865099674;0.0;81;81;WAITING_FOR_REST;51.3;0.0;0.0;0.0;1509_direct_carried;;;0.0;731.9;0;0;1;2;0;150B
268202;1787865099883;0.0;81;81;WAITING_FOR_REST;51.3;0.0;0.0;0.0;1509_direct_carried;;;0.0;731.9;0;0;1;2;0;150D
269252;1787865100933;0.0;81;81;WAITING_FOR_REST;51.3;0.0;0.0;0.0;1509_direct_carried;;;0.0;731.9;0;0;1;2;0;1502
269663;1787865101344;0.0;81;81;WAITING_FOR_REST;51.3;0.0;0.0;0.0;1509_direct_carried;;;0.0;731.9;0;0;1;2;0;1505
269872;1787865101553;0.0;81;81;WAITING_FOR_REST;51.3;0.0;0.0;0.0;1509_direct_carried;;;0.0;731.9;0;0;1;2;0;1506
270297;1787865101978;0.0;81;81;WAITING_FOR_REST;51.3;0.0;0.0;0.0;1509_direct_carried;;;0.0;731.9;0;0;1;2;0;1508
270503;1787865102184;0.0;81;81;STABLE;51.3;0.0;0.0;0.0;1509_direct;;;0.0;731.9;0;0;1;2;0;1509
270711;1787865102392;0.0;81;81;STABLE;51.3;0.0;0.0;0.0;1509_direct_carried;;;0.0;731.9;0;0;1;2;0;150A
270914;1787865102595;0.0;81;81;STABLE;51.3;0.0;0.0;0.0;1509_direct_carried;;;0.0;731.9;0;0;1;2;0;150B
271121;1787865102802;0.0;81;81;STABLE;51.3;0.0;0.0;0.0;1509_direct_carried;;;0.0;731.9;0;0;1;2;0;150D
272172;1787865103853;0.0;81;81;STABLE;51.3;0.0;0.0;0.0;1509_direct_carried;;;0.0;731.9;0;0;1;2;0;1502
272581;1787865104262;0.0;81;81;STABLE;51.3;0.0;0.0;0.0;1509_direct_carried;;;0.0;731.9;0;0;1;2;0;1505
272790;1787865104471;0.0;81;81;STABLE;51.3;0.0;0.0;0.0;1509_direct_carried;;;0.0;731.9;0;0;1;2;0;1506
273211;1787865104892;0.0;81;81;STABLE;51.3;0.0;0.0;0.0;1509_direct_carried;;;0.0;731.9;0;0;1;2;0;1508
273422;1787865105103;0.0;81;81;WAITING_FOR_REST;51.3;0.0;0.0;0.0;1509_direct;;;0.0;731.9;0;0;1;2;0;1509
273633;1787865105314;0.0;81;81;WAITING_FOR_REST;51.3;0.0;0.0;0.0;1509_direct_carried;;;0.0;731.9;0;0;1;2;0;150A
273843;1787865105524;0.0;81;81;WAITING_FOR_REST;51.3;0.0;0.0;0.0;1509_direct_carried;;;0.0;731.9;0;0;1;2;0;150B
274042;1787865105723;0.0;81;81;WAITING_FOR_REST;51.3;0.0;0.0;0.0;1509_direct_carried;;;0.0;731.9;0;0;1;2;0;150D
275092;1787865106773;0.0;81;81;WAITING_FOR_REST;51.3;0.0;0.0;0.0;1509_direct_carried;;;0.0;731.9;0;0;1;2;0;1502
275512;1787865107193;0.0;81;81;WAITING_FOR_REST;51.3;0.0;0.0;0.0;1509_direct_carried;;;0.0;731.9;0;0;1;2;0;1505
275711;1787865107392;0.0;81;81;WAITING_FOR_REST;51.3;0.0;0.0;0.0;1509_direct_carried;;;0.0;731.9;0;0;1;2;0;1506
276133;1787865107814;0.0;81;81;WAITING_FOR_REST;51.3;0.0;0.0;0.0;1509_direct_carried;;;0.0;731.9;0;0;1;2;0;1508
276345;1787865108026;0.0;81;81;WAITING_FOR_REST;51.3;0.0;0.0;0.0;1509_direct;;;0.0;731.9;0;0;1;2;0;1509
276551;1787865108232;0.0;81;81;WAITING_FOR_REST;51.3;0.0;0.0;0.0;1509_direct_carried;;;0.0;731.9;0;0;1;2;0;150A
276761;1787865108442;0.0;81;81;WAITING_FOR_REST;51.3;0.0;0.0;0.0;1509_direct_carried;;;0.0;731.9;0;0;1;2;0;150B
276972;1787865108653;0.0;81;81;WAITING_FOR_REST;51.3;0.0;0.0;0.0;1509_direct_carried;;;0.0;731.9;0;0;1;2;0;150D
278012;1787865109693;0.0;81;81;WAITING_FOR_REST;51.3;0.0;0.0;0.0;1509_direct_carried;;;0.0;731.9;0;0;1;2;0;1502
278430;1787865110111;0.0;81;81;WAITING_FOR_REST;51.3;0.0;0.0;0.0;1509_direct_carried;;;0.0;731.9;0;0;1;2;0;1505
278630;1787865110311;0.0;81;81;WAITING_FOR_REST;51.3;0.0;0.0;0.0;1509_direct_carried;;;0.0;731.9;0;0;1;2;0;1506
279053;1787865110734;0.0;81;81;WAITING_FOR_REST;51.3;0.0;0.0;0.0;1509_direct_carried;;;0.0;731.9;0;0;1;2;0;1508
279264;1787865110945;0.0;81;81;STABLE;51.3;0.0;0.0;0.0;1509_direct;;;0.0;731.9;0;0;1;2;0;1509
279473;1787865111154;0.0;81;81;STABLE;51.3;0.0;0.0;0.0;1509_direct_carried;;;0.0;731.9;0;0;1;2;0;150A
279683;1787865111364;0.0;81;81;STABLE;51.3;0.0;0.0;0.0;1509_direct_carried;;;0.0;731.9;0;0;1;2;0;150B
279890;1787865111571;0.0;81;81;STABLE;51.3;0.0;0.0;0.0;1509_direct_carried;;;0.0;731.9;0;0;1;2;0;150D
280933;1787865112614;0.0;81;81;STABLE;51.3;0.0;0.0;0.0;1509_direct_carried;;;0.0;731.9;0;0;1;2;0;1502
281355;1787865113036;0.0;81;81;STABLE;51.3;0.0;0.0;0.0;1509_direct_carried;;;0.0;731.9;0;0;1;2;0;1505
281563;1787865113244;0.0;81;81;STABLE;51.3;0.0;0.0;0.0;1509_direct_carried;;;0.0;731.9;0;0;1;2;0;1506
281973;1787865113654;0.0;81;81;STABLE;51.3;0.0;0.0;0.0;1509_direct_carried;;;0.0;731.9;0;0;1;2;0;1508
282181;1787865113862;0.0;81;81;WAITING_FOR_REST;51.3;0.0;0.0;0.0;1509_direct;;;0.0;731.9;0;0;1;2;0;1509
282393;1787865114074;0.0;81;81;WAITING_FOR_REST;51.3;0.0;0.0;0.0;1509_direct_carried;;;0.0;731.9;0;0;1;2;0;150A
282604;1787865114285;0.0;81;81;WAITING_FOR_REST;51.3;0.0;0.0;0.0;1509_direct_carried;;;0.0;731.9;0;0;1;2;0;150B
282813;1787865114494;0.0;81;81;WAITING_FOR_REST;51.3;0.0;0.0;0.0;1509_direct_carried;;;0.0;731.9;0;0;1;2;0;150D
283852;1787865115533;0.0;81;81;WAITING_FOR_REST;51.3;0.0;0.0;0.0;1509_direct_carried;;;0.0;731.9;0;0;1;2;0;1502
284273;1787865115954;0.0;81;81;WAITING_FOR_REST;51.3;0.0;0.0;0.0;1509_direct_carried;;;0.0;731.9;0;0;1;2;0;1505
284482;1787865116163;0.0;81;81;WAITING_FOR_REST;51.3;0.0;0.0;0.0;1509_direct_carried;;;0.0;731.9;0;0;1;2;0;1506
284892;1787865116573;0.0;81;81;WAITING_FOR_REST;51.3;0.0;0.0;0.0;1509_direct_carried;;;0.0;731.9;0;0;1;2;0;1508
285103;1787865116784;0.0;81;81;WAITING_FOR_REST;51.3;0.0;0.0;0.0;1509_direct;;;0.0;731.9;0;0;1;2;0;1509
285313;1787865116994;0.0;81;81;WAITING_FOR_REST;51.3;0.0;0.0;0.0;1509_direct_carried;;;0.0;731.9;0;0;1;2;0;150A
285521;1787865117202;0.0;81;81;WAITING_FOR_REST;51.3;0.0;0.0;0.0;1509_direct_carried;;;0.0;731.9;0;0;1;2;0;150B
285730;1787865117411;0.0;81;81;WAITING_FOR_REST;51.3;0.0;0.0;0.0;1509_direct_carried;;;0.0;731.9;0;0;1;2;0;150D
286774;1787865118455;0.0;81;81;WAITING_FOR_REST;51.3;0.0;0.0;0.0;1509_direct_carried;;;0.0;731.9;0;0;1;2;0;1502
287193;1787865118874;0.0;81;81;WAITING_FOR_REST;51.3;0.0;0.0;0.0;1509_direct_carried;;;0.0;731.9;0;0;1;2;0;1505
287404;1787865119085;0.0;81;81;WAITING_FOR_REST;51.3;0.0;0.0;0.0;1509_direct_carried;;;0.0;731.9;0;0;1;2;0;1506
287822;1787865119503;0.0;81;81;WAITING_FOR_REST;51.3;0.0;0.0;0.0;1509_direct_carried;;;0.0;731.9;0;0;1;2;0;1508
288022;1787865119703;0.0;81;81;STABLE;51.3;0.0;0.0;0.0;1509_direct;;;0.0;731.9;0;0;1;2;0;1509
288230;1787865119911;0.0;81;81;STABLE;51.3;0.0;0.0;0.0;1509_direct_carried;;;0.0;731.9;0;0;1;2;0;150A
288442;1787865120123;0.0;81;81;STABLE;51.3;0.0;0.0;0.0;1509_direct_carried;;;0.0;731.9;0;0;1;2;0;150B
288652;1787865120333;0.0;81;81;STABLE;51.3;0.0;0.0;0.0;1509_direct_carried;;;0.0;731.9;0;0;1;2;0;150D
289693;1787865121374;0.0;81;81;STABLE;51.3;0.0;0.0;0.0;1509_direct_carried;;;0.0;731.9;0;0;1;2;0;1502
290113;1787865121794;0.0;81;81;STABLE;51.3;0.0;0.0;0.0;1509_direct_carried;;;0.0;731.9;0;0;1;2;0;1505
290323;1787865122004;0.0;81;81;STABLE;51.3;0.0;0.0;0.0;1509_direct_carried;;;0.0;731.9;0;0;1;2;0;1506
290745;1787865122426;0.0;81;81;STABLE;51.3;0.0;0.0;0.0;1509_direct_carried;;;0.0;731.9;0;0;1;2;0;1508
290953;1787865122634;0.0;81;81;WAITING_FOR_REST;51.3;0.0;0.0;0.0;1509_direct;;;0.0;731.9;0;0;1;2;0;1509
291152;1787865122833;0.0;81;81;WAITING_FOR_REST;51.3;0.0;0.0;0.0;1509_direct_carried;;;0.0;731.9;0;0;1;2;0;150A
291366;1787865123047;0.0;81;81;WAITING_FOR_REST;51.3;0.0;0.0;0.0;1509_direct_carried;;;0.0;731.9;0;0;1;2;0;150B
291582;1787865123263;0.0;81;81;WAITING_FOR_REST;51.3;0.0;0.0;0.0;1509_direct_carried;;;0.0;731.9;0;0;1;2;0;150D
292621;1787865124302;0.0;81;81;WAITING_FOR_REST;51.3;0.0;0.0;0.0;1509_direct_carried;;;0.0;731.9;0;0;1;2;0;1502
293031;1787865124712;0.0;81;81;WAITING_FOR_REST;51.3;0.0;0.0;0.0;1509_direct_carried;;;0.0;731.9;0;0;1;2;0;1505
293241;1787865124922;0.0;81;81;WAITING_FOR_REST;51.3;0.0;0.0;0.0;1509_direct_carried;;;0.0;731.9;0;0;1;2;0;1506
293661;1787865125342;0.0;81;81;WAITING_FOR_REST;51.3;0.0;0.0;0.0;1509_direct_carried;;;0.0;731.9;0;0;1;2;0;1508
293872;1787865125553;0.0;81;81;WAITING_FOR_REST;51.3;0.0;0.0;0.0;1509_direct;;;0.0;731.9;0;0;1;2;0;1509
294082;1787865125763;0.0;81;81;WAITING_FOR_REST;51.3;0.0;0.0;0.0;1509_direct_carried;;;0.0;731.9;0;0;1;2;0;150A
294283;1787865125964;0.0;81;81;WAITING_FOR_REST;51.3;0.0;0.0;0.0;1509_direct_carried;;;0.0;731.9;0;0;1;2;0;150B
294493;1787865126174;0.0;81;81;WAITING_FOR_REST;51.3;0.0;0.0;0.0;1509_direct_carried;;;0.0;731.9;0;0;1;2;0;150D
295542;1787865127223;0.0;81;81;WAITING_FOR_REST;51.3;0.0;0.0;0.0;1509_direct_carried;;;0.0;731.9;0;0;1;2;0;1502
295952;1787865127633;0.0;81;81;WAITING_FOR_REST;51.3;0.0;0.0;0.0;1509_direct_carried;;;0.0;731.9;0;0;1;2;0;1505
296165;1787865127846;0.0;81;81;WAITING_FOR_REST;51.3;0.0;0.0;0.0;1509_direct_carried;;;0.0;731.9;0;0;1;2;0;1506
296581;1787865128262;0.0;81;81;WAITING_FOR_REST;51.3;0.0;0.0;0.0;1509_direct_carried;;;0.0;731.9;0;0;1;2;0;1508
296792;1787865128473;0.0;81;81;STABLE;51.3;0.0;0.0;0.0;1509_direct;;;0.0;731.9;0;0;1;2;0;1509
297000;1787865128681;0.0;81;81;STABLE;51.3;0.0;0.0;0.0;1509_direct_carried;;;0.0;731.9;0;0;1;2;0;150A
297211;1787865128892;0.0;81;81;STABLE;51.3;0.0;0.0;0.0;1509_direct_carried;;;0.0;731.9;0;0;1;2;0;150B
297421;1787865129102;0.0;81;81;STABLE;51.3;0.0;0.0;0.0;1509_direct_carried;;;0.0;731.9;0;0;1;2;0;150D
298464;1787865130145;0.0;81;81;STABLE;51.3;0.0;0.0;0.0;1509_direct_carried;;;0.0;731.9;0;0;1;2;0;1502
298884;1787865130565;0.0;81;81;STABLE;51.3;0.0;0.0;0.0;1509_direct_carried;;;0.0;731.9;0;0;1;2;0;1505
299082;1787865130763;0.0;81;81;STABLE;51.3;0.0;0.0;0.0;1509_direct_carried;;;0.0;731.9;0;0;1;2;0;1506
299502;1787865131183;0.0;81;81;STABLE;51.3;0.0;0.0;0.0;1509_direct_carried;;;0.0;731.9;0;0;1;2;0;1508
299712;1787865131393;0.0;81;81;WAITING_FOR_REST;51.3;0.0;0.0;0.0;1509_direct;;;0.0;731.9;0;0;1;2;0;1509
299921;1787865131602;0.0;81;81;WAITING_FOR_REST;51.3;0.0;0.0;0.0;1509_direct_carried;;;0.0;731.9;0;0;1;2;0;150A
300134;1787865131815;0.0;81;81;WAITING_FOR_REST;51.3;0.0;0.0;0.0;1509_direct_carried;;;0.0;731.9;0;0;1;2;0;150B
300344;1787865132025;0.0;81;81;WAITING_FOR_REST;51.3;0.0;0.0;0.0;1509_direct_carried;;;0.0;731.9;0;0;1;2;0;150D
301382;1787865133063;0.0;81;81;WAITING_FOR_REST;51.3;0.0;0.0;0.0;1509_direct_carried;;;0.0;731.9;0;0;1;2;0;1502
301802;1787865133483;0.0;81;81;WAITING_FOR_REST;51.3;0.0;0.0;0.0;1509_direct_carried;;;0.0;731.9;0;0;1;2;0;1505
302011;1787865133692;0.0;81;81;WAITING_FOR_REST;51.3;0.0;0.0;0.0;1509_direct_carried;;;0.0;731.9;0;0;1;2;0;1506
302424;1787865134105;0.0;81;81;WAITING_FOR_REST;51.3;0.0;0.0;0.0;1509_direct_carried;;;0.0;731.9;0;0;1;2;0;1508
302631;1787865134312;0.0;81;81;WAITING_FOR_REST;51.3;0.0;0.0;0.0;1509_direct;;;0.0;731.9;0;0;1;2;0;1509
302842;1787865134523;0.0;81;81;WAITING_FOR_REST;51.3;0.0;0.0;0.0;1509_direct_carried;;;0.0;731.9;0;0;1;2;0;150A
303052;1787865134733;0.0;81;81;WAITING_FOR_REST;51.3;0.0;0.0;0.0;1509_direct_carried;;;0.0;731.9;0;0;1;2;0;150B
303261;1787865134942;0.0;81;81;WAITING_FOR_REST;51.3;0.0;0.0;0.0;1509_direct_carried;;;0.0;731.9;0;0;1;2;0;150D
304301;1787865135982;0.0;81;81;WAITING_FOR_REST;51.3;0.0;0.0;0.0;1509_direct_carried;;;0.0;731.9;0;0;1;2;0;1502
304722;1787865136403;0.0;81;81;WAITING_FOR_REST;51.3;0.0;0.0;0.0;1509_direct_carried;;;0.0;731.9;0;0;1;2;0;1505
304934;1787865136615;0.0;81;81;WAITING_FOR_REST;51.3;0.0;0.0;0.0;1509_direct_carried;;;0.0;731.9;0;0;1;2;0;1506
305341;1787865137022;0.0;81;81;WAITING_FOR_REST;51.3;0.0;0.0;0.0;1509_direct_carried;;;0.0;731.9;0;0;1;2;0;1508
305552;1787865137233;0.0;81;81;STABLE;51.3;0.0;0.0;0.0;1509_direct;;;0.0;731.9;0;0;1;2;0;1509
305761;1787865137442;0.0;81;81;STABLE;51.3;0.0;0.0;0.0;1509_direct_carried;;;0.0;731.9;0;0;1;2;0;150A
305982;1787865137663;0.0;81;81;STABLE;51.3;0.0;0.0;0.0;1509_direct_carried;;;0.0;731.9;0;0;1;2;0;150B
306184;1787865137865;0.0;81;81;STABLE;51.3;0.0;0.0;0.0;1509_direct_carried;;;0.0;731.9;0;0;1;2;0;150D
307223;1787865138904;0.0;81;81;STABLE;51.3;0.0;0.0;0.0;1509_direct_carried;;;0.0;731.9;0;0;1;2;0;1502
307643;1787865139324;0.0;81;81;STABLE;51.3;0.0;0.0;0.0;1509_direct_carried;;;0.0;731.9;0;0;1;2;0;1505
307853;1787865139534;0.0;81;81;STABLE;51.3;0.0;0.0;0.0;1509_direct_carried;;;0.0;731.9;0;0;1;2;0;1506
308276;1787865139957;0.0;81;81;STABLE;51.3;0.0;0.0;0.0;1509_direct_carried;;;0.0;731.9;0;0;1;2;0;1508
308473;1787865140154;0.0;81;81;WAITING_FOR_REST;51.3;0.0;0.0;0.0;1509_direct;;;0.0;731.9;0;0;1;2;0;1509
308683;1787865140364;0.0;81;81;WAITING_FOR_REST;51.3;0.0;0.0;0.0;1509_direct_carried;;;0.0;731.9;0;0;1;2;0;150A
308895;1787865140576;0.0;81;81;WAITING_FOR_REST;51.3;0.0;0.0;0.0;1509_direct_carried;;;0.0;731.9;0;0;1;2;0;150B
309103;1787865140784;0.0;81;81;WAITING_FOR_REST;51.3;0.0;0.0;0.0;1509_direct_carried;;;0.0;731.9;0;0;1;2;0;150D
310143;1787865141824;0.0;81;81;WAITING_FOR_REST;51.3;0.0;0.0;0.0;1509_direct_carried;;;0.0;731.9;0;0;1;2;0;1502
310561;1787865142242;0.0;81;81;WAITING_FOR_REST;51.3;0.0;0.0;0.0;1509_direct_carried;;;0.0;731.9;0;0;1;2;0;1505
310773;1787865142454;0.0;81;81;WAITING_FOR_REST;51.3;0.0;0.0;0.0;1509_direct_carried;;;0.0;731.9;0;0;1;2;0;1506
311192;1787865142873;0.0;81;81;WAITING_FOR_REST;51.3;0.0;0.0;0.0;1509_direct_carried;;;0.0;731.9;0;0;1;2;0;1508
311391;1787865143072;0.0;81;81;WAITING_FOR_REST;51.3;0.0;0.0;0.0;1509_direct;;;0.0;731.9;0;0;1;2;0;1509
311603;1787865143284;0.0;81;81;WAITING_FOR_REST;51.3;0.0;0.0;0.0;1509_direct_carried;;;0.0;731.9;0;0;1;2;0;150A
311813;1787865143494;0.0;81;81;WAITING_FOR_REST;51.3;0.0;0.0;0.0;1509_direct_carried;;;0.0;731.9;0;0;1;2;0;150B
312023;1787865143704;0.0;81;81;WAITING_FOR_REST;51.3;0.0;0.0;0.0;1509_direct_carried;;;0.0;731.9;0;0;1;2;0;150D
313060;1787865144741;0.0;81;81;WAITING_FOR_REST;51.3;0.0;0.0;0.0;1509_direct_carried;;;0.0;731.9;0;0;1;2;0;1502
313481;1787865145162;0.0;81;81;WAITING_FOR_REST;51.3;0.0;0.0;0.0;1509_direct_carried;;;0.0;731.9;0;0;1;2;0;1505
313692;1787865145373;0.0;81;81;WAITING_FOR_REST;51.3;0.0;0.0;0.0;1509_direct_carried;;;0.0;731.9;0;0;1;2;0;1506
314111;1787865145792;0.0;81;81;WAITING_FOR_REST;51.3;0.0;0.0;0.0;1509_direct_carried;;;0.0;731.9;0;0;1;2;0;1508
314323;1787865146004;0.0;81;81;STABLE;51.3;0.0;0.0;0.0;1509_direct;;;0.0;731.9;0;0;1;2;0;1509
314524;1787865146205;0.0;81;81;STABLE;51.3;0.0;0.0;0.0;1509_direct_carried;;;0.0;731.9;0;0;1;2;0;150A
314731;1787865146412;0.0;81;81;STABLE;51.3;0.0;0.0;0.0;1509_direct_carried;;;0.0;731.9;0;0;1;2;0;150B
314945;1787865146626;0.0;81;81;STABLE;51.3;0.0;0.0;0.0;1509_direct_carried;;;0.0;731.9;0;0;1;2;0;150D
315990;1787865147671;0.0;81;81;STABLE;51.3;0.0;0.0;0.0;1509_direct_carried;;;0.0;731.9;0;0;1;2;0;1502
316400;1787865148081;0.0;81;81;STABLE;51.3;0.0;0.0;0.0;1509_direct_carried;;;0.0;731.9;0;0;1;2;0;1505
316611;1787865148292;0.0;81;81;STABLE;51.3;0.0;0.0;0.0;1509_direct_carried;;;0.0;731.9;0;0;1;2;0;1506
317039;1787865148720;0.0;81;81;STABLE;51.3;0.0;0.0;0.0;1509_direct_carried;;;0.0;731.9;0;0;1;2;0;1508
317243;1787865148924;0.0;81;81;WAITING_FOR_REST;51.3;0.0;0.0;0.0;1509_direct;;;0.0;731.9;0;0;1;2;0;1509
317453;1787865149134;0.0;81;81;WAITING_FOR_REST;51.3;0.0;0.0;0.0;1509_direct_carried;;;0.0;731.9;0;0;1;2;0;150A
317660;1787865149341;0.0;81;81;WAITING_FOR_REST;51.3;0.0;0.0;0.0;1509_direct_carried;;;0.0;731.9;0;0;1;2;0;150B
317859;1787865149540;0.0;81;81;WAITING_FOR_REST;51.3;0.0;0.0;0.0;1509_direct_carried;;;0.0;731.9;0;0;1;2;0;150D
318909;1787865150590;0.0;81;81;WAITING_FOR_REST;51.3;0.0;0.0;0.0;1509_direct_carried;;;0.0;731.9;0;0;1;2;0;1502
319321;1787865151002;0.0;81;81;WAITING_FOR_REST;51.3;0.0;0.0;0.0;1509_direct_carried;;;0.0;731.9;0;0;1;2;0;1505
319531;1787865151212;0.0;81;81;WAITING_FOR_REST;51.3;0.0;0.0;0.0;1509_direct_carried;;;0.0;731.9;0;0;1;2;0;1506
319950;1787865151631;0.0;81;81;WAITING_FOR_REST;51.3;0.0;0.0;0.0;1509_direct_carried;;;0.0;731.9;0;0;1;2;0;1508
320161;1787865151842;0.0;81;81;WAITING_FOR_REST;51.3;0.0;0.0;0.0;1509_direct;;;0.0;731.9;0;0;1;2;0;1509
320371;1787865152052;0.0;81;81;WAITING_FOR_REST;51.3;0.0;0.0;0.0;1509_direct_carried;;;0.0;731.9;0;0;1;2;0;150A
320582;1787865152263;0.0;81;81;WAITING_FOR_REST;51.3;0.0;0.0;0.0;1509_direct_carried;;;0.0;731.9;0;0;1;2;0;150B
320791;1787865152472;0.0;81;81;WAITING_FOR_REST;51.3;0.0;0.0;0.0;1509_direct_carried;;;0.0;731.9;0;0;1;2;0;150D
321834;1787865153515;0.0;81;81;WAITING_FOR_REST;51.3;0.0;0.0;0.0;1509_direct_carried;;;0.0;731.9;0;0;1;2;0;1502
322252;1787865153933;0.0;81;81;WAITING_FOR_REST;51.3;0.0;0.0;0.0;1509_direct_carried;;;0.0;731.9;0;0;1;2;0;1505
322450;1787865154131;0.0;81;81;WAITING_FOR_REST;51.3;0.0;0.0;0.0;1509_direct_carried;;;0.0;731.9;0;0;1;2;0;1506
322875;1787865154556;0.0;81;81;WAITING_FOR_REST;51.3;0.0;0.0;0.0;1509_direct_carried;;;0.0;731.9;0;0;1;2;0;1508
323082;1787865154763;0.0;81;81;STABLE;51.3;0.0;0.0;0.0;1509_direct;;;0.0;731.9;0;0;1;2;0;1509
323292;1787865154973;0.0;81;81;STABLE;51.3;0.0;0.0;0.0;1509_direct_carried;;;0.0;731.9;0;0;1;2;0;150A
323502;1787865155183;0.0;81;81;STABLE;51.3;0.0;0.0;0.0;1509_direct_carried;;;0.0;731.9;0;0;1;2;0;150B
323712;1787865155393;0.0;81;81;STABLE;51.3;0.0;0.0;0.0;1509_direct_carried;;;0.0;731.9;0;0;1;2;0;150D
324751;1787865156432;0.0;81;81;STABLE;51.3;0.0;0.0;0.0;1509_direct_carried;;;0.0;731.9;0;0;1;2;0;1502
325173;1787865156854;0.0;81;81;STABLE;51.3;0.0;0.0;0.0;1509_direct_carried;;;0.0;731.9;0;0;1;2;0;1505
325385;1787865157066;0.0;81;81;STABLE;51.3;0.0;0.0;0.0;1509_direct_carried;;;0.0;731.9;0;0;1;2;0;1506
325793;1787865157474;0.0;81;81;STABLE;51.3;0.0;0.0;0.0;1509_direct_carried;;;0.0;731.9;0;0;1;2;0;1508
326004;1787865157685;0.0;81;81;WAITING_FOR_REST;51.3;0.0;0.0;0.0;1509_direct;;;0.0;731.9;0;0;1;2;0;1509
326216;1787865157897;0.0;81;81;WAITING_FOR_REST;51.3;0.0;0.0;0.0;1509_direct_carried;;;0.0;731.9;0;0;1;2;0;150A
326423;1787865158104;0.0;81;81;WAITING_FOR_REST;51.3;0.0;0.0;0.0;1509_direct_carried;;;0.0;731.9;0;0;1;2;0;150B
326632;1787865158313;0.0;81;81;WAITING_FOR_REST;51.3;0.0;0.0;0.0;1509_direct_carried;;;0.0;731.9;0;0;1;2;0;150D
327674;1787865159355;0.0;81;81;WAITING_FOR_REST;51.3;0.0;0.0;0.0;1509_direct_carried;;;0.0;731.9;0;0;1;2;0;1502
328096;1787865159777;0.0;81;81;WAITING_FOR_REST;51.3;0.0;0.0;0.0;1509_direct_carried;;;0.0;731.9;0;0;1;2;0;1505
328302;1787865159983;0.0;81;81;WAITING_FOR_REST;51.3;0.0;0.0;0.0;1509_direct_carried;;;0.0;731.9;0;0;1;2;0;1506
328712;1787865160393;0.0;81;81;WAITING_FOR_REST;51.3;0.0;0.0;0.0;1509_direct_carried;;;0.0;731.9;0;0;1;2;0;1508
328922;1787865160603;0.0;81;81;WAITING_FOR_REST;51.3;0.0;0.0;0.0;1509_direct;;;0.0;731.9;0;0;1;2;0;1509
329130;1787865160811;0.0;81;81;WAITING_FOR_REST;51.3;0.0;0.0;0.0;1509_direct_carried;;;0.0;731.9;0;0;1;2;0;150A
329341;1787865161022;0.0;81;81;WAITING_FOR_REST;51.3;0.0;0.0;0.0;1509_direct_carried;;;0.0;731.9;0;0;1;2;0;150B
329552;1787865161233;0.0;81;81;WAITING_FOR_REST;51.3;0.0;0.0;0.0;1509_direct_carried;;;0.0;731.9;0;0;1;2;0;150D
330595;1787865162276;0.0;81;81;WAITING_FOR_REST;51.3;0.0;0.0;0.0;1509_direct_carried;;;0.0;731.9;0;0;1;2;0;1502
331014;1787865162695;0.0;81;81;WAITING_FOR_REST;51.3;0.0;0.0;0.0;1509_direct_carried;;;0.0;731.9;0;0;1;2;0;1505
331222;1787865162903;0.0;81;81;WAITING_FOR_REST;51.3;0.0;0.0;0.0;1509_direct_carried;;;0.0;731.9;0;0;1;2;0;1506
331646;1787865163327;0.0;81;81;WAITING_FOR_REST;51.3;0.0;0.0;0.0;1509_direct_carried;;;0.0;731.9;0;0;1;2;0;1508
331842;1787865163523;0.0;81;81;STABLE;51.3;0.0;0.0;0.0;1509_direct;;;0.0;731.9;0;0;1;2;0;1509
332052;1787865163733;0.0;81;81;STABLE;51.3;0.0;0.0;0.0;1509_direct_carried;;;0.0;731.9;0;0;1;2;0;150A
332263;1787865163944;0.0;81;81;STABLE;51.3;0.0;0.0;0.0;1509_direct_carried;;;0.0;731.9;0;0;1;2;0;150B
332476;1787865164157;0.0;81;81;STABLE;51.3;0.0;0.0;0.0;1509_direct_carried;;;0.0;731.9;0;0;1;2;0;150D
333512;1787865165193;0.0;81;81;STABLE;51.3;0.0;0.0;0.0;1509_direct_carried;;;0.0;731.9;0;0;1;2;0;1502
333931;1787865165612;0.0;81;81;STABLE;51.3;0.0;0.0;0.0;1509_direct_carried;;;0.0;731.9;0;0;1;2;0;1505
334140;1787865165821;0.0;81;81;STABLE;51.3;0.0;0.0;0.0;1509_direct_carried;;;0.0;731.9;0;0;1;2;0;1506
334561;1787865166242;0.0;81;81;STABLE;51.3;0.0;0.0;0.0;1509_direct_carried;;;0.0;731.9;0;0;1;2;0;1508
334775;1787865166456;0.0;81;81;WAITING_FOR_REST;51.3;0.0;0.0;0.0;1509_direct;;;0.0;731.9;0;0;1;2;0;1509
334972;1787865166653;0.0;81;81;WAITING_FOR_REST;51.3;0.0;0.0;0.0;1509_direct_carried;;;0.0;731.9;0;0;1;2;0;150A
335183;1787865166864;0.0;81;81;WAITING_FOR_REST;51.3;0.0;0.0;0.0;1509_direct_carried;;;0.0;731.9;0;0;1;2;0;150B
335391;1787865167072;0.0;81;81;WAITING_FOR_REST;51.3;0.0;0.0;0.0;1509_direct_carried;;;0.0;731.9;0;0;1;2;0;150D
336441;1787865168122;0.0;81;81;WAITING_FOR_REST;51.3;0.0;0.0;0.0;1509_direct_carried;;;0.0;731.9;0;0;1;2;0;1502
336852;1787865168533;2.0;81;81;RECOVERING_AFTER_LOAD;51.3;0.0;0.0;0.0;1509_direct_carried;;;0.0;731.9;20;0;1;2;0;1505
337061;1787865168742;2.0;81;81;RECOVERING_AFTER_LOAD;51.3;0.0;0.0;0.0;1509_direct_carried;;;0.0;731.9;20;0;1;2;0;1506
337481;1787865169162;2.0;81;81;RECOVERING_AFTER_LOAD;51.3;0.0;0.0;0.0;1509_direct_carried;;;0.0;731.9;20;0;1;2;0;1508
337691;1787865169372;2.0;81;81;RECOVERING_AFTER_LOAD;51.3;0.0;0.0;0.0;1509_direct;;;0.0;731.9;20;0;1;2;0;1509
337901;1787865169582;2.0;81;81;RECOVERING_AFTER_LOAD;51.3;0.0;0.0;0.0;1509_direct_carried;;;0.0;731.9;20;0;1;2;0;150A
338112;1787865169793;2.0;81;81;RECOVERING_AFTER_LOAD;51.3;0.0;0.0;0.0;1509_direct_carried;;;0.0;731.9;20;0;1;2;0;150B
338311;1787865169992;2.0;81;81;RECOVERING_AFTER_LOAD;51.3;0.0;0.0;0.0;1509_direct_carried;;;0.0;731.9;20;0;1;2;0;150D
339363;1787865171044;2.0;81;81;RECOVERING_AFTER_LOAD;51.3;0.0;0.0;0.0;1509_direct_carried;;;0.0;731.9;20;0;1;2;0;1502
339774;1787865171455;2.5;81;81;RECOVERING_AFTER_LOAD;51.3;0.0;0.0;0.0;1509_direct_carried;;;0.0;731.9;25;0;1;2;0;1505
339982;1787865171663;2.5;81;81;RECOVERING_AFTER_LOAD;51.3;0.0;0.0;0.0;1509_direct_carried;;;0.0;731.9;25;0;1;2;0;1506
340408;1787865172089;2.5;81;81;RECOVERING_AFTER_LOAD;51.3;0.0;0.0;0.0;1509_direct_carried;;;0.0;731.9;25;0;1;2;0;1508
340613;1787865172294;2.5;81;81;RECOVERING_AFTER_LOAD;51.3;0.0;0.0;0.0;1509_direct;;;0.0;731.9;25;0;1;2;0;1509
340824;1787865172505;2.5;81;81;RECOVERING_AFTER_LOAD;51.3;0.0;0.0;0.0;1509_direct_carried;;;0.0;731.9;25;0;1;2;0;150A
341032;1787865172713;2.5;81;81;RECOVERING_AFTER_LOAD;51.3;0.0;0.0;0.0;1509_direct_carried;;;0.0;731.9;25;0;1;2;0;150B
341230;1787865172911;2.5;81;81;RECOVERING_AFTER_LOAD;51.3;0.0;0.0;0.0;1509_direct_carried;;;0.0;731.9;25;0;1;2;0;150D
342283;1787865173964;2.5;81;81;RECOVERING_AFTER_LOAD;51.3;0.0;0.0;0.0;1509_direct_carried;;;0.0;731.9;25;0;1;2;0;1502
342705;1787865174386;2.2;81;81;RECOVERING_AFTER_LOAD;51.3;0.0;0.0;0.0;1509_direct_carried;;;0.0;731.9;22;0;1;2;0;1505
342905;1787865174586;2.2;81;81;RECOVERING_AFTER_LOAD;51.3;0.0;0.0;0.0;1509_direct_carried;;;0.0;731.9;22;0;1;2;0;1506
343322;1787865175003;2.2;81;81;RECOVERING_AFTER_LOAD;51.3;0.0;0.0;0.0;1509_direct_carried;;;0.0;731.9;22;0;1;2;0;1508
343533;1787865175214;2.2;81;81;RECOVERING_AFTER_LOAD;51.3;0.0;0.0;0.0;1509_direct;;;0.0;731.9;22;0;1;2;0;1509
343743;1787865175424;2.2;81;81;RECOVERING_AFTER_LOAD;51.3;0.0;0.0;0.0;1509_direct_carried;;;0.0;731.9;22;0;1;2;0;150A
343956;1787865175637;2.2;81;81;RECOVERING_AFTER_LOAD;51.3;0.0;0.0;0.0;1509_direct_carried;;;0.0;731.9;22;0;1;2;0;150B
344164;1787865175845;2.2;81;81;RECOVERING_AFTER_LOAD;51.3;0.0;0.0;0.0;1509_direct_carried;;;0.0;731.9;22;0;1;2;0;150D
345203;1787865176884;2.2;81;81;RECOVERING_AFTER_LOAD;51.3;0.0;0.0;0.0;1509_direct_carried;;;0.0;731.9;22;0;1;2;0;1502
345623;1787865177304;1.6;81;81;RECOVERING_AFTER_LOAD;51.3;0.0;0.0;0.0;1509_direct_carried;;;0.0;731.9;16;0;1;2;0;1505
345832;1787865177513;1.6;81;81;RECOVERING_AFTER_LOAD;51.3;0.0;0.0;0.0;1509_direct_carried;;;0.0;731.9;16;0;1;2;0;1506
346241;1787865177922;1.6;81;81;RECOVERING_AFTER_LOAD;51.3;0.0;0.0;0.0;1509_direct_carried;;;0.0;731.9;16;0;1;2;0;1508
346453;1787865178134;1.6;81;81;RECOVERING_AFTER_LOAD;51.3;0.0;0.0;0.0;1509_direct;;;0.0;731.9;16;0;1;2;0;1509
346663;1787865178344;1.6;81;81;RECOVERING_AFTER_LOAD;51.3;0.0;0.0;0.0;1509_direct_carried;;;0.0;731.9;16;0;1;2;0;150A
346874;1787865178555;1.6;81;81;RECOVERING_AFTER_LOAD;51.3;0.0;0.0;0.0;1509_direct_carried;;;0.0;731.9;16;0;1;2;0;150B
347081;1787865178762;1.6;81;81;RECOVERING_AFTER_LOAD;51.3;0.0;0.0;0.0;1509_direct_carried;;;0.0;731.9;16;0;1;2;0;150D
348122;1787865179803;1.6;81;81;RECOVERING_AFTER_LOAD;51.3;0.0;0.0;0.0;1509_direct_carried;;;0.0;731.9;16;0;1;2;0;1502
348544;1787865180225;0.0;81;81;RECOVERING_AFTER_LOAD;51.3;0.0;0.0;0.0;1509_direct_carried;;;0.0;731.9;0;0;1;2;0;1505
348751;1787865180432;0.0;81;81;RECOVERING_AFTER_LOAD;51.3;0.0;0.0;0.0;1509_direct_carried;;;0.0;731.9;0;0;1;2;0;1506
349163;1787865180844;0.0;81;81;RECOVERING_AFTER_LOAD;51.3;0.0;0.0;0.0;1509_direct_carried;;;0.0;731.9;0;0;1;2;0;1508
349380;1787865181061;0.0;81;81;RECOVERING_AFTER_LOAD;51.3;0.0;0.0;0.0;1509_direct;;;0.0;731.9;0;0;1;2;0;1509
349582;1787865181263;0.0;81;81;RECOVERING_AFTER_LOAD;51.3;0.0;0.0;0.0;1509_direct_carried;;;0.0;731.9;0;0;1;2;0;150A
349795;1787865181476;0.0;81;81;RECOVERING_AFTER_LOAD;51.3;0.0;0.0;0.0;1509_direct_carried;;;0.0;731.9;0;0;1;2;0;150B
350003;1787865181684;0.0;81;81;RECOVERING_AFTER_LOAD;51.3;0.0;0.0;0.0;1509_direct_carried;;;0.0;731.9;0;0;1;2;0;150D
351047;1787865182728;0.0;81;81;RECOVERING_AFTER_LOAD;51.3;0.0;0.0;0.0;1509_direct_carried;;;0.0;731.9;0;0;1;2;0;1502
351462;1787865183143;0.0;81;81;RECOVERING_AFTER_LOAD;51.3;0.0;0.0;0.0;1509_direct_carried;;;0.0;731.9;0;0;1;2;0;1505
351675;1787865183356;0.0;81;81;RECOVERING_AFTER_LOAD;51.3;0.0;0.0;0.0;1509_direct_carried;;;0.0;731.9;0;0;1;2;0;1506
352093;1787865183774;0.0;81;81;RECOVERING_AFTER_LOAD;51.3;0.0;0.0;0.0;1509_direct_carried;;;0.0;731.9;0;0;1;2;0;1508
352293;1787865183974;0.0;81;81;RECOVERING_AFTER_LOAD;51.3;0.0;0.0;0.0;1509_direct;;;0.0;731.9;0;0;1;2;0;1509
352501;1787865184182;0.0;81;81;RECOVERING_AFTER_LOAD;51.3;0.0;0.0;0.0;1509_direct_carried;;;0.0;731.9;0;0;1;2;0;150A
352712;1787865184393;0.0;81;81;RECOVERING_AFTER_LOAD;51.3;0.0;0.0;0.0;1509_direct_carried;;;0.0;731.9;0;0;1;2;0;150B
352923;1787865184604;0.0;81;81;RECOVERING_AFTER_LOAD;51.3;0.0;0.0;0.0;1509_direct_carried;;;0.0;731.9;0;0;1;2;0;150D
353961;1787865185642;0.0;81;81;RECOVERING_AFTER_LOAD;51.3;0.0;0.0;0.0;1509_direct_carried;;;0.0;731.9;0;0;1;2;0;1502
354380;1787865186061;0.0;81;81;RECOVERING_AFTER_LOAD;51.3;0.0;0.0;0.0;1509_direct_carried;;;0.0;731.9;0;0;1;2;0;1505
354591;1787865186272;0.0;81;81;RECOVERING_AFTER_LOAD;51.3;0.0;0.0;0.0;1509_direct_carried;;;0.0;731.9;0;0;1;2;0;1506
355010;1787865186691;0.0;81;81;RECOVERING_AFTER_LOAD;51.3;0.0;0.0;0.0;1509_direct_carried;;;0.0;731.9;0;0;1;2;0;1508
355222;1787865186903;0.0;81;81;RECOVERING_AFTER_LOAD;51.3;0.0;0.0;0.0;1509_direct;;;0.0;731.9;0;0;1;2;0;1509
355422;1787865187103;0.0;81;81;RECOVERING_AFTER_LOAD;51.3;0.0;0.0;0.0;1509_direct_carried;;;0.0;731.9;0;0;1;2;0;150A
355634;1787865187315;0.0;81;81;RECOVERING_AFTER_LOAD;51.3;0.0;0.0;0.0;1509_direct_carried;;;0.0;731.9;0;0;1;2;0;150B
355842;1787865187523;0.0;81;81;RECOVERING_AFTER_LOAD;51.3;0.0;0.0;0.0;1509_direct_carried;;;0.0;731.9;0;0;1;2;0;150D
356894;1787865188575;0.0;81;81;RECOVERING_AFTER_LOAD;51.3;0.0;0.0;0.0;1509_direct_carried;;;0.0;731.9;0;0;1;2;0;1502
357301;1787865188982;0.0;81;81;RECOVERING_AFTER_LOAD;51.3;0.0;0.0;0.0;1509_direct_carried;;;0.0;731.9;0;0;1;2;0;1505
357510;1787865189191;0.0;81;81;RECOVERING_AFTER_LOAD;51.3;0.0;0.0;0.0;1509_direct_carried;;;0.0;731.9;0;0;1;2;0;1506
357933;1787865189614;0.0;81;81;RECOVERING_AFTER_LOAD;51.3;0.0;0.0;0.0;1509_direct_carried;;;0.0;731.9;0;0;1;2;0;1508
358144;1787865189825;0.0;81;81;RECOVERING_AFTER_LOAD;51.3;0.0;0.0;0.0;1509_direct;;;0.0;731.9;0;0;1;2;0;1509
358353;1787865190034;0.0;81;81;RECOVERING_AFTER_LOAD;51.3;0.0;0.0;0.0;1509_direct_carried;;;0.0;731.9;0;0;1;2;0;150A
358565;1787865190246;0.0;81;81;RECOVERING_AFTER_LOAD;51.3;0.0;0.0;0.0;1509_direct_carried;;;0.0;731.9;0;0;1;2;0;150B
358762;1787865190443;0.0;81;81;RECOVERING_AFTER_LOAD;51.3;0.0;0.0;0.0;1509_direct_carried;;;0.0;731.9;0;0;1;2;0;150D
359813;1787865191494;0.0;81;81;RECOVERING_AFTER_LOAD;51.3;0.0;0.0;0.0;1509_direct_carried;;;0.0;731.9;0;0;1;2;0;1502
360222;1787865191903;0.0;81;81;RECOVERING_AFTER_LOAD;51.3;0.0;0.0;0.0;1509_direct_carried;;;0.0;731.9;0;0;1;2;0;1505
360431;1787865192112;0.0;81;81;RECOVERING_AFTER_LOAD;51.3;0.0;0.0;0.0;1509_direct_carried;;;0.0;731.9;0;0;1;2;0;1506
360851;1787865192532;0.0;81;81;RECOVERING_AFTER_LOAD;51.3;0.0;0.0;0.0;1509_direct_carried;;;0.0;731.9;0;0;1;2;0;1508
361061;1787865192742;0.0;81;81;RECOVERING_AFTER_LOAD;51.3;0.0;0.0;0.0;1509_direct;;;0.0;731.9;0;0;1;2;0;1509
361270;1787865192951;0.0;81;81;RECOVERING_AFTER_LOAD;51.3;0.0;0.0;0.0;1509_direct_carried;;;0.0;731.9;0;0;1;2;0;150A
361485;1787865193166;0.0;81;81;RECOVERING_AFTER_LOAD;51.3;0.0;0.0;0.0;1509_direct_carried;;;0.0;731.9;0;0;1;2;0;150B
361694;1787865193375;0.0;81;81;RECOVERING_AFTER_LOAD;51.3;0.0;0.0;0.0;1509_direct_carried;;;0.0;731.9;0;0;1;2;0;150D
362732;1787865194413;0.0;81;81;RECOVERING_AFTER_LOAD;51.3;0.0;0.0;0.0;1509_direct_carried;;;0.0;731.9;0;0;1;2;0;1502
363151;1787865194832;0.0;81;81;RECOVERING_AFTER_LOAD;51.3;0.0;0.0;0.0;1509_direct_carried;;;0.0;731.9;0;0;1;2;0;1505
363351;1787865195032;0.0;81;81;RECOVERING_AFTER_LOAD;51.3;0.0;0.0;0.0;1509_direct_carried;;;0.0;731.9;0;0;1;2;0;1506
363772;1787865195453;0.0;81;81;RECOVERING_AFTER_LOAD;51.3;0.0;0.0;0.0;1509_direct_carried;;;0.0;731.9;0;0;1;2;0;1508
363981;1787865195662;0.0;81;81;RECOVERING_AFTER_LOAD;51.3;0.0;0.0;0.0;1509_direct;;;0.0;731.9;0;0;1;2;0;1509
364202;1787865195883;0.0;81;81;RECOVERING_AFTER_LOAD;51.3;0.0;0.0;0.0;1509_direct_carried;;;0.0;731.9;0;0;1;2;0;150A
364402;1787865196083;0.0;81;81;RECOVERING_AFTER_LOAD;51.3;0.0;0.0;0.0;1509_direct_carried;;;0.0;731.9;0;0;1;2;0;150B
364612;1787865196293;0.0;81;81;RECOVERING_AFTER_LOAD;51.3;0.0;0.0;0.0;1509_direct_carried;;;0.0;731.9;0;0;1;2;0;150D
365651;1787865197332;0.0;81;81;RECOVERING_AFTER_LOAD;51.3;0.0;0.0;0.0;1509_direct_carried;;;0.0;731.9;0;0;1;2;0;1502
366071;1787865197752;0.0;81;81;RECOVERING_AFTER_LOAD;51.3;0.0;0.0;0.0;1509_direct_carried;;;0.0;731.9;0;0;1;2;0;1505
366281;1787865197962;0.0;81;81;RECOVERING_AFTER_LOAD;51.3;0.0;0.0;0.0;1509_direct_carried;;;0.0;731.9;0;0;1;2;0;1506
366691;1787865198372;0.0;81;81;RECOVERING_AFTER_LOAD;51.3;0.0;0.0;0.0;1509_direct_carried;;;0.0;731.9;0;0;1;2;0;1508
366901;1787865198582;0.0;81;81;RECOVERING_AFTER_LOAD;51.3;0.0;0.0;0.0;1509_direct;;;0.0;731.9;0;0;1;2;0;1509
367111;1787865198792;0.0;81;81;RECOVERING_AFTER_LOAD;51.3;0.0;0.0;0.0;1509_direct_carried;;;0.0;731.9;0;0;1;2;0;150A
367327;1787865199008;0.0;81;81;RECOVERING_AFTER_LOAD;51.3;0.0;0.0;0.0;1509_direct_carried;;;0.0;731.9;0;0;1;2;0;150B
367535;1787865199216;0.0;81;81;RECOVERING_AFTER_LOAD;51.3;0.0;0.0;0.0;1509_direct_carried;;;0.0;731.9;0;0;1;2;0;150D
368573;1787865200254;0.0;81;81;RECOVERING_AFTER_LOAD;51.3;0.0;0.0;0.0;1509_direct_carried;;;0.0;731.9;0;0;1;2;0;1502
368994;1787865200675;0.0;81;81;RECOVERING_AFTER_LOAD;51.3;0.0;0.0;0.0;1509_direct_carried;;;0.0;731.9;0;0;1;2;0;1505
369204;1787865200885;0.0;81;81;RECOVERING_AFTER_LOAD;51.3;0.0;0.0;0.0;1509_direct_carried;;;0.0;731.9;0;0;1;2;0;1506
369623;1787865201304;0.0;81;81;RECOVERING_AFTER_LOAD;51.3;0.0;0.0;0.0;1509_direct_carried;;;0.0;731.9;0;0;1;2;0;1508
369822;1787865201503;0.0;81;81;RECOVERING_AFTER_LOAD;51.3;0.0;0.0;0.0;1509_direct;;;0.0;731.9;0;0;1;2;0;1509
370032;1787865201713;0.0;81;81;RECOVERING_AFTER_LOAD;51.3;0.0;0.0;0.0;1509_direct_carried;;;0.0;731.9;0;0;1;2;0;150A
370241;1787865201922;0.0;81;81;RECOVERING_AFTER_LOAD;51.3;0.0;0.0;0.0;1509_direct_carried;;;0.0;731.9;0;0;1;2;0;150B
370452;1787865202133;0.0;81;81;RECOVERING_AFTER_LOAD;51.3;0.0;0.0;0.0;1509_direct_carried;;;0.0;731.9;0;0;1;2;0;150D
371493;1787865203174;0.0;81;81;RECOVERING_AFTER_LOAD;51.3;0.0;0.0;0.0;1509_direct_carried;;;0.0;731.9;0;0;1;2;0;1502
371911;1787865203592;0.0;81;81;RECOVERING_AFTER_LOAD;51.3;0.0;0.0;0.0;1509_direct_carried;;;0.0;731.9;0;0;1;2;0;1505
372122;1787865203803;0.0;81;81;RECOVERING_AFTER_LOAD;51.3;0.0;0.0;0.0;1509_direct_carried;;;0.0;731.9;0;0;1;2;0;1506
372542;1787865204223;0.0;81;81;RECOVERING_AFTER_LOAD;51.3;0.0;0.0;0.0;1509_direct_carried;;;0.0;731.9;0;0;1;2;0;1508
372742;1787865204423;0.0;81;81;RECOVERING_AFTER_LOAD;51.3;0.0;0.0;0.0;1509_direct;;;0.0;731.9;0;0;1;2;0;1509
372952;1787865204633;0.0;81;81;RECOVERING_AFTER_LOAD;51.3;0.0;0.0;0.0;1509_direct_carried;;;0.0;731.9;0;0;1;2;0;150A
373162;1787865204843;0.0;81;81;RECOVERING_AFTER_LOAD;51.3;0.0;0.0;0.0;1509_direct_carried;;;0.0;731.9;0;0;1;2;0;150B
373375;1787865205056;0.0;81;81;RECOVERING_AFTER_LOAD;51.3;0.0;0.0;0.0;1509_direct_carried;;;0.0;731.9;0;0;1;2;0;150D
374411;1787865206092;0.0;81;81;RECOVERING_AFTER_LOAD;51.3;0.0;0.0;0.0;1509_direct_carried;;;0.0;731.9;0;0;1;2;0;1502
374834;1787865206515;0.0;81;81;RECOVERING_AFTER_LOAD;51.3;0.0;0.0;0.0;1509_direct_carried;;;0.0;731.9;0;0;1;2;0;1505
375044;1787865206725;0.0;81;81;RECOVERING_AFTER_LOAD;51.3;0.0;0.0;0.0;1509_direct_carried;;;0.0;731.9;0;0;1;2;0;1506
375461;1787865207142;0.0;81;81;RECOVERING_AFTER_LOAD;51.3;0.0;0.0;0.0;1509_direct_carried;;;0.0;731.9;0;0;1;2;0;1508
375673;1787865207354;0.0;81;81;RECOVERING_AFTER_LOAD;51.3;0.0;0.0;0.0;1509_direct;;;0.0;731.9;0;0;1;2;0;1509
375874;1787865207555;0.0;81;81;RECOVERING_AFTER_LOAD;51.3;0.0;0.0;0.0;1509_direct_carried;;;0.0;731.9;0;0;1;2;0;150A
376082;1787865207763;0.0;81;81;RECOVERING_AFTER_LOAD;51.3;0.0;0.0;0.0;1509_direct_carried;;;0.0;731.9;0;0;1;2;0;150B
376293;1787865207974;0.0;81;81;RECOVERING_AFTER_LOAD;51.3;0.0;0.0;0.0;1509_direct_carried;;;0.0;731.9;0;0;1;2;0;150D
377343;1787865209024;0.0;81;81;RECOVERING_AFTER_LOAD;51.3;0.0;0.0;0.0;1509_direct_carried;;;0.0;731.9;0;0;1;2;0;1502
377752;1787865209433;0.0;81;81;RECOVERING_AFTER_LOAD;51.3;0.0;0.0;0.0;1509_direct_carried;;;0.0;731.9;0;0;1;2;0;1505
377964;1787865209645;0.0;81;81;RECOVERING_AFTER_LOAD;51.3;0.0;0.0;0.0;1509_direct_carried;;;0.0;731.9;0;0;1;2;0;1506
378381;1787865210062;0.0;81;81;RECOVERING_AFTER_LOAD;51.3;0.0;0.0;0.0;1509_direct_carried;;;0.0;731.9;0;0;1;2;0;1508
378597;1787865210278;0.0;81;81;RECOVERING_AFTER_LOAD;51.3;0.0;0.0;0.0;1509_direct;;;0.0;731.9;0;0;1;2;0;1509
378806;1787865210487;0.0;81;81;RECOVERING_AFTER_LOAD;51.3;0.0;0.0;0.0;1509_direct_carried;;;0.0;731.9;0;0;1;2;0;150A
379012;1787865210693;0.0;81;81;RECOVERING_AFTER_LOAD;51.3;0.0;0.0;0.0;1509_direct_carried;;;0.0;731.9;0;0;1;2;0;150B
379210;1787865210891;0.0;81;81;RECOVERING_AFTER_LOAD;51.3;0.0;0.0;0.0;1509_direct_carried;;;0.0;731.9;0;0;1;2;0;150D
380262;1787865211943;0.0;81;81;RECOVERING_AFTER_LOAD;51.3;0.0;0.0;0.0;1509_direct_carried;;;0.0;731.9;0;0;1;2;0;1502
380682;1787865212363;0.0;81;81;RECOVERING_AFTER_LOAD;51.3;0.0;0.0;0.0;1509_direct_carried;;;0.0;731.9;0;0;1;2;0;1505
380881;1787865212562;0.0;81;81;RECOVERING_AFTER_LOAD;51.3;0.0;0.0;0.0;1509_direct_carried;;;0.0;731.9;0;0;1;2;0;1506
381302;1787865212983;0.0;81;81;RECOVERING_AFTER_LOAD;51.3;0.0;0.0;0.0;1509_direct_carried;;;0.0;731.9;0;0;1;2;0;1508
381512;1787865213193;0.0;81;81;RECOVERING_AFTER_LOAD;51.3;0.0;0.0;0.0;1509_direct;;;0.0;731.9;0;0;1;2;0;1509
381721;1787865213402;0.0;81;81;RECOVERING_AFTER_LOAD;51.3;0.0;0.0;0.0;1509_direct_carried;;;0.0;731.9;0;0;1;2;0;150A
381934;1787865213615;0.0;81;81;RECOVERING_AFTER_LOAD;51.3;0.0;0.0;0.0;1509_direct_carried;;;0.0;731.9;0;0;1;2;0;150B
382143;1787865213824;0.0;81;81;RECOVERING_AFTER_LOAD;51.3;0.0;0.0;0.0;1509_direct_carried;;;0.0;731.9;0;0;1;2;0;150D
383181;1787865214862;0.0;81;81;RECOVERING_AFTER_LOAD;51.3;0.0;0.0;0.0;1509_direct_carried;;;0.0;731.9;0;0;1;2;0;1502
383603;1787865215284;0.0;81;81;RECOVERING_AFTER_LOAD;51.3;0.0;0.0;0.0;1509_direct_carried;;;0.0;731.9;0;0;1;2;0;1505
383811;1787865215492;0.0;81;81;RECOVERING_AFTER_LOAD;51.3;0.0;0.0;0.0;1509_direct_carried;;;0.0;731.9;0;0;1;2;0;1506
384223;1787865215904;0.0;81;81;RECOVERING_AFTER_LOAD;51.3;0.0;0.0;0.0;1509_direct_carried;;;0.0;731.9;0;0;1;2;0;1508
384433;1787865216114;0.0;81;81;RECOVERING_AFTER_LOAD;51.3;0.0;0.0;0.0;1509_direct;;;0.0;731.9;0;0;1;2;0;1509
384643;1787865216324;0.0;81;81;RECOVERING_AFTER_LOAD;51.3;0.0;0.0;0.0;1509_direct_carried;;;0.0;731.9;0;0;1;2;0;150A
384851;1787865216532;0.0;81;81;RECOVERING_AFTER_LOAD;51.3;0.0;0.0;0.0;1509_direct_carried;;;0.0;731.9;0;0;1;2;0;150B
385062;1787865216743;0.0;81;81;RECOVERING_AFTER_LOAD;51.3;0.0;0.0;0.0;1509_direct_carried;;;0.0;731.9;0;0;1;2;0;150D
386103;1787865217784;0.0;81;81;RECOVERING_AFTER_LOAD;51.3;0.0;0.0;0.0;1509_direct_carried;;;0.0;731.9;0;0;1;2;0;1502
386522;1787865218203;0.0;81;81;RECOVERING_AFTER_LOAD;51.3;0.0;0.0;0.0;1509_direct_carried;;;0.0;731.9;0;0;1;2;0;1505
386734;1787865218415;0.0;81;81;RECOVERING_AFTER_LOAD;51.3;0.0;0.0;0.0;1509_direct_carried;;;0.0;731.9;0;0;1;2;0;1506
387144;1787865218825;0.0;81;81;RECOVERING_AFTER_LOAD;51.3;0.0;0.0;0.0;1509_direct_carried;;;0.0;731.9;0;0;1;2;0;1508
387351;1787865219032;0.0;81;81;RECOVERING_AFTER_LOAD;51.3;0.0;0.0;0.0;1509_direct;;;0.0;731.9;0;0;1;2;0;1509
387561;1787865219242;0.0;81;81;RECOVERING_AFTER_LOAD;51.3;0.0;0.0;0.0;1509_direct_carried;;;0.0;731.9;0;0;1;2;0;150A
387770;1787865219451;0.0;81;81;RECOVERING_AFTER_LOAD;51.3;0.0;0.0;0.0;1509_direct_carried;;;0.0;731.9;0;0;1;2;0;150B
387981;1787865219662;0.0;81;81;RECOVERING_AFTER_LOAD;51.3;0.0;0.0;0.0;1509_direct_carried;;;0.0;731.9;0;0;1;2;0;150D
389022;1787865220703;0.0;81;81;RECOVERING_AFTER_LOAD;51.3;0.0;0.0;0.0;1509_direct_carried;;;0.0;731.9;0;0;1;2;0;1502
389443;1787865221124;0.0;81;81;RECOVERING_AFTER_LOAD;51.3;0.0;0.0;0.0;1509_direct_carried;;;0.0;731.9;0;0;1;2;0;1505
389654;1787865221335;0.0;81;81;RECOVERING_AFTER_LOAD;51.3;0.0;0.0;0.0;1509_direct_carried;;;0.0;731.9;0;0;1;2;0;1506
390071;1787865221752;0.0;81;81;RECOVERING_AFTER_LOAD;51.3;0.0;0.0;0.0;1509_direct_carried;;;0.0;731.9;0;0;1;2;0;1508
390273;1787865221954;0.0;81;81;RECOVERING_AFTER_LOAD;51.3;0.0;0.0;0.0;1509_direct;;;0.0;731.9;0;0;1;2;0;1509
390481;1787865222162;0.0;81;81;RECOVERING_AFTER_LOAD;51.3;0.0;0.0;0.0;1509_direct_carried;;;0.0;731.9;0;0;1;2;0;150A
390695;1787865222376;0.0;81;81;RECOVERING_AFTER_LOAD;51.3;0.0;0.0;0.0;1509_direct_carried;;;0.0;731.9;0;0;1;2;0;150B
390902;1787865222583;0.0;81;81;RECOVERING_AFTER_LOAD;51.3;0.0;0.0;0.0;1509_direct_carried;;;0.0;731.9;0;0;1;2;0;150D
391941;1787865223622;0.0;81;81;RECOVERING_AFTER_LOAD;51.3;0.0;0.0;0.0;1509_direct_carried;;;0.0;731.9;0;0;1;2;0;1502
392362;1787865224043;0.0;81;81;WAITING_FOR_REST;51.3;0.0;0.0;0.0;1509_direct_carried;;;0.0;731.9;0;0;1;2;0;1505
392573;1787865224254;0.0;81;81;WAITING_FOR_REST;51.3;0.0;0.0;0.0;1509_direct_carried;;;0.0;731.9;0;0;1;2;0;1506
392991;1787865224672;0.0;81;81;WAITING_FOR_REST;51.3;0.0;0.0;0.0;1509_direct_carried;;;0.0;731.9;0;0;1;2;0;1508
393202;1787865224883;0.0;81;81;WAITING_FOR_REST;51.3;0.0;0.0;0.0;1509_direct;;;0.0;731.9;0;0;1;2;0;1509
393411;1787865225092;0.0;81;81;WAITING_FOR_REST;51.3;0.0;0.0;0.0;1509_direct_carried;;;0.0;731.9;0;0;1;2;0;150A
393611;1787865225292;0.0;81;81;WAITING_FOR_REST;51.3;0.0;0.0;0.0;1509_direct_carried;;;0.0;731.9;0;0;1;2;0;150B
393821;1787865225502;0.0;81;81;WAITING_FOR_REST;51.3;0.0;0.0;0.0;1509_direct_carried;;;0.0;731.9;0;0;1;2;0;150D
394875;1787865226556;0.0;81;81;WAITING_FOR_REST;51.3;0.0;0.0;0.0;1509_direct_carried;;;0.0;731.9;0;0;1;2;0;1502
395292;1787865226973;0.0;81;81;WAITING_FOR_REST;51.3;0.0;0.0;0.0;1509_direct_carried;;;0.0;731.9;0;0;1;2;0;1505
395491;1787865227172;0.0;81;81;WAITING_FOR_REST;51.3;0.0;0.0;0.0;1509_direct_carried;;;0.0;731.9;0;0;1;2;0;1506
395914;1787865227595;0.0;81;81;WAITING_FOR_REST;51.3;0.0;0.0;0.0;1509_direct_carried;;;0.0;731.9;0;0;1;2;0;1508
396121;1787865227802;0.0;81;81;WAITING_FOR_REST;51.3;0.0;0.0;0.0;1509_direct;;;0.0;731.9;0;0;1;2;0;1509
396332;1787865228013;0.0;81;81;WAITING_FOR_REST;51.3;0.0;0.0;0.0;1509_direct_carried;;;0.0;731.9;0;0;1;2;0;150A
396542;1787865228223;0.0;81;81;WAITING_FOR_REST;51.3;0.0;0.0;0.0;1509_direct_carried;;;0.0;731.9;0;0;1;2;0;150B
396753;1787865228434;0.0;81;81;WAITING_FOR_REST;51.3;0.0;0.0;0.0;1509_direct_carried;;;0.0;731.9;0;0;1;2;0;150D
397792;1787865229473;0.0;81;81;WAITING_FOR_REST;51.3;0.0;0.0;0.0;1509_direct_carried;;;0.0;731.9;0;0;1;2;0;1502
398213;1787865229894;0.0;81;81;WAITING_FOR_REST;51.3;0.0;0.0;0.0;1509_direct_carried;;;0.0;731.9;0;0;1;2;0;1505
398415;1787865230096;0.0;81;81;WAITING_FOR_REST;51.3;0.0;0.0;0.0;1509_direct_carried;;;0.0;731.9;0;0;1;2;0;1506
398832;1787865230513;0.0;81;81;WAITING_FOR_REST;51.3;0.0;0.0;0.0;1509_direct_carried;;;0.0;731.9;0;0;1;2;0;1508
399046;1787865230727;0.0;81;81;STABLE;51.3;0.0;0.0;0.0;1509_direct;;;0.0;731.9;0;0;1;2;0;1509
399251;1787865230932;0.0;81;81;STABLE;51.3;0.0;0.0;0.0;1509_direct_carried;;;0.0;731.9;0;0;1;2;0;150A
399462;1787865231143;0.0;81;81;STABLE;51.3;0.0;0.0;0.0;1509_direct_carried;;;0.0;731.9;0;0;1;2;0;150B
399670;1787865231351;0.0;81;81;STABLE;51.3;0.0;0.0;0.0;1509_direct_carried;;;0.0;731.9;0;0;1;2;0;150D
400712;1787865232393;0.0;81;81;STABLE;51.3;0.0;0.0;0.0;1509_direct_carried;;;0.0;731.9;0;0;1;2;0;1502
401132;1787865232813;3.3;81;81;RECOVERING_AFTER_LOAD;51.3;0.0;0.0;0.0;1509_direct_carried;;;0.0;731.9;33;0;1;2;0;1505
401343;1787865233024;3.3;81;81;RECOVERING_AFTER_LOAD;51.3;0.0;0.0;0.0;1509_direct_carried;;;0.0;731.9;33;0;1;2;0;1506
401751;1787865233432;3.3;81;81;RECOVERING_AFTER_LOAD;51.3;0.0;0.0;0.0;1509_direct_carried;;;0.0;731.9;33;0;1;2;0;1508
401962;1787865233643;3.3;81;81;RECOVERING_AFTER_LOAD;50.4;4.0;201.0;201.6;1509_direct;;;0.0;731.9;33;201;1;2;0;1509
402171;1787865233852;3.3;81;81;RECOVERING_AFTER_LOAD;50.4;4.0;201.0;201.6;1509_direct_carried;;;0.0;731.9;33;201;1;2;0;150A
402383;1787865234064;3.3;81;81;RECOVERING_AFTER_LOAD;50.4;4.0;201.0;201.6;1509_direct_carried;;;0.0;731.9;33;201;1;2;0;150B
402592;1787865234273;3.3;81;81;RECOVERING_AFTER_LOAD;50.4;4.0;201.0;201.6;1509_direct_carried;;;0.0;731.9;33;201;1;2;0;150D
403634;1787865235315;3.3;81;81;RECOVERING_AFTER_LOAD;50.4;4.0;201.0;201.6;1509_direct_carried;;;0.0;731.9;33;201;1;2;0;1502
404262;1787865235943;3.3;81;81;RECOVERING_AFTER_LOAD;50.4;4.0;201.0;201.6;1509_direct_carried;;;0.0;731.9;33;201;1;2;0;1506
404682;1787865236363;3.3;81;81;RECOVERING_AFTER_LOAD;50.4;4.0;201.0;201.6;1509_direct_carried;;;0.0;731.9;33;201;1;2;0;1508
404880;1787865236561;3.3;81;81;RECOVERING_AFTER_LOAD;50.3;7.0;352.0;352.09999999999997;1509_direct;;;0.0;731.9;33;352;1;2;0;1509
405090;1787865236771;3.3;81;81;RECOVERING_AFTER_LOAD;50.3;7.0;352.0;352.09999999999997;1509_direct_carried;;;0.0;731.9;33;352;1;2;0;150A
405303;1787865236984;3.3;81;81;RECOVERING_AFTER_LOAD;50.3;7.0;352.0;352.09999999999997;1509_direct_carried;;;0.0;731.9;33;352;1;2;0;150B
405512;1787865237193;3.3;81;81;RECOVERING_AFTER_LOAD;50.3;7.0;352.0;352.09999999999997;1509_direct_carried;;;0.0;731.9;33;352;1;2;0;150D
406551;1787865238232;3.3;81;81;RECOVERING_AFTER_LOAD;50.3;7.0;352.0;352.09999999999997;1509_direct_carried;;;0.0;731.9;33;352;1;2;0;1502
406972;1787865238653;8.7;81;81;RECOVERING_AFTER_LOAD;50.3;7.0;352.0;352.09999999999997;1509_direct_carried;;;0.0;731.9;87;352;1;2;0;1505
407185;1787865238866;8.7;81;81;RECOVERING_AFTER_LOAD;50.3;7.0;352.0;352.09999999999997;1509_direct_carried;;;0.0;731.9;87;352;1;2;0;1506
407606;1787865239287;8.7;81;81;RECOVERING_AFTER_LOAD;50.3;7.0;352.0;352.09999999999997;1509_direct_carried;;;0.0;731.9;87;352;1;2;0;1508
407815;1787865239496;8.7;81;81;RECOVERING_AFTER_LOAD;51.2;0.0;0.0;0.0;1509_direct;;;0.0;731.9;87;0;1;2;0;1509
408013;1787865239694;8.7;81;81;RECOVERING_AFTER_LOAD;51.2;0.0;0.0;0.0;1509_direct_carried;;;0.0;731.9;87;0;1;2;0;150A
408219;1787865239900;8.7;81;81;RECOVERING_AFTER_LOAD;51.2;0.0;0.0;0.0;1509_direct_carried;;;0.0;731.9;87;0;1;2;0;150B
408436;1787865240117;8.7;81;81;RECOVERING_AFTER_LOAD;51.2;0.0;0.0;0.0;1509_direct_carried;;;0.0;731.9;87;0;1;2;0;150D
409484;1787865241165;8.7;81;81;RECOVERING_AFTER_LOAD;51.2;0.0;0.0;0.0;1509_direct_carried;;;0.0;731.9;87;0;1;2;0;1502
409892;1787865241573;5.2;81;81;RECOVERING_AFTER_LOAD;51.2;0.0;0.0;0.0;1509_direct_carried;;;0.0;731.9;52;0;1;2;0;1505
410101;1787865241782;5.2;81;81;RECOVERING_AFTER_LOAD;51.2;0.0;0.0;0.0;1509_direct_carried;;;0.0;731.9;52;0;1;2;0;1506
410523;1787865242204;5.2;81;81;RECOVERING_AFTER_LOAD;51.2;0.0;0.0;0.0;1509_direct_carried;;;0.0;731.9;52;0;1;2;0;1508
410733;1787865242414;5.2;81;81;RECOVERING_AFTER_LOAD;51.2;0.0;0.0;0.0;1509_direct;;;0.0;731.9;52;0;1;2;0;1509
410947;1787865242628;5.2;81;81;RECOVERING_AFTER_LOAD;51.2;0.0;0.0;0.0;1509_direct_carried;;;0.0;731.9;52;0;1;2;0;150A
411152;1787865242833;5.2;81;81;RECOVERING_AFTER_LOAD;51.2;0.0;0.0;0.0;1509_direct_carried;;;0.0;731.9;52;0;1;2;0;150B
411353;1787865243034;5.2;81;81;RECOVERING_AFTER_LOAD;51.2;0.0;0.0;0.0;1509_direct_carried;;;0.0;731.9;52;0;1;2;0;150D
412405;1787865244086;5.2;81;81;RECOVERING_AFTER_LOAD;51.2;0.0;0.0;0.0;1509_direct_carried;;;0.0;731.9;52;0;1;2;0;1502
412819;1787865244500;6.7;81;81;RECOVERING_AFTER_LOAD;51.2;0.0;0.0;0.0;1509_direct_carried;;;0.0;731.9;67;0;1;2;0;1505
413023;1787865244704;6.7;81;81;RECOVERING_AFTER_LOAD;51.2;0.0;0.0;0.0;1509_direct_carried;;;0.0;731.9;67;0;1;2;0;1506
413446;1787865245127;6.7;81;81;RECOVERING_AFTER_LOAD;51.2;0.0;0.0;0.0;1509_direct_carried;;;0.0;731.9;67;0;1;2;0;1508
413653;1787865245334;6.7;81;81;RECOVERING_AFTER_LOAD;51.0;1.0;51.0;51.0;1509_direct;;;0.0;731.9;67;51;1;2;0;1509
413862;1787865245543;6.7;81;81;RECOVERING_AFTER_LOAD;51.0;1.0;51.0;51.0;1509_direct_carried;;;0.0;731.9;67;51;1;2;0;150A
414073;1787865245754;6.7;81;81;RECOVERING_AFTER_LOAD;51.0;1.0;51.0;51.0;1509_direct_carried;;;0.0;731.9;67;51;1;2;0;150B
414282;1787865245963;6.7;81;81;RECOVERING_AFTER_LOAD;51.0;1.0;51.0;51.0;1509_direct_carried;;;0.0;731.9;67;51;1;2;0;150D
415323;1787865247004;6.7;81;81;RECOVERING_AFTER_LOAD;51.0;1.0;51.0;51.0;1509_direct_carried;;;0.0;731.9;67;51;1;2;0;1502
415941;1787865247622;6.7;81;81;RECOVERING_AFTER_LOAD;51.0;1.0;51.0;51.0;1509_direct_carried;;;0.0;731.9;67;51;1;2;0;1506
416369;1787865248050;6.7;81;81;RECOVERING_AFTER_LOAD;51.0;1.0;51.0;51.0;1509_direct_carried;;;0.0;731.9;67;51;1;2;0;1508
416572;1787865248253;6.7;81;81;RECOVERING_AFTER_LOAD;49.3;9.0;443.0;443.7;1509_direct;;;0.0;731.9;67;443;1;2;0;1509
416781;1787865248462;6.7;81;81;RECOVERING_AFTER_LOAD;49.3;9.0;443.0;443.7;1509_direct_carried;;;0.0;731.9;67;443;1;2;0;150A
416995;1787865248676;6.7;81;81;RECOVERING_AFTER_LOAD;49.3;9.0;443.0;443.7;1509_direct_carried;;;0.0;731.9;67;443;1;2;0;150B
417205;1787865248886;6.7;81;81;RECOVERING_AFTER_LOAD;49.3;9.0;443.0;443.7;1509_direct_carried;;;0.0;731.9;67;443;1;2;0;150D
418242;1787865249923;6.7;81;81;RECOVERING_AFTER_LOAD;49.3;9.0;443.0;443.7;1509_direct_carried;;;0.0;731.9;67;443;1;2;0;1502
418663;1787865250344;18.1;81;81;RECOVERING_AFTER_LOAD;49.3;9.0;443.0;443.7;1509_direct_carried;;;0.0;731.9;181;443;1;2;0;1505
418873;1787865250554;18.1;81;81;RECOVERING_AFTER_LOAD;49.3;9.0;443.0;443.7;1509_direct_carried;;;0.0;731.9;181;443;1;2;0;1506
419284;1787865250965;18.1;81;81;RECOVERING_AFTER_LOAD;49.3;9.0;443.0;443.7;1509_direct_carried;;;0.0;731.9;181;443;1;2;0;1508
419493;1787865251174;18.1;81;81;RECOVERING_AFTER_LOAD;51.0;0.0;0.0;0.0;1509_direct;;;0.0;731.9;181;0;1;2;0;1509
419701;1787865251382;18.1;81;81;RECOVERING_AFTER_LOAD;51.0;0.0;0.0;0.0;1509_direct_carried;;;0.0;731.9;181;0;1;2;0;150A
419911;1787865251592;18.1;81;81;RECOVERING_AFTER_LOAD;51.0;0.0;0.0;0.0;1509_direct_carried;;;0.0;731.9;181;0;1;2;0;150B
420122;1787865251803;18.1;81;81;RECOVERING_AFTER_LOAD;51.0;0.0;0.0;0.0;1509_direct_carried;;;0.0;731.9;181;0;1;2;0;150D
421164;1787865252845;18.1;81;81;RECOVERING_AFTER_LOAD;51.0;0.0;0.0;0.0;1509_direct_carried;;;0.0;731.9;181;0;1;2;0;1502
421583;1787865253264;18.7;81;81;RECOVERING_AFTER_LOAD;51.0;0.0;0.0;0.0;1509_direct_carried;;;0.0;731.9;187;0;1;2;0;1505
421795;1787865253476;18.7;81;81;RECOVERING_AFTER_LOAD;51.0;0.0;0.0;0.0;1509_direct_carried;;;0.0;731.9;187;0;1;2;0;1506
422215;1787865253896;18.7;81;81;RECOVERING_AFTER_LOAD;51.0;0.0;0.0;0.0;1509_direct_carried;;;0.0;731.9;187;0;1;2;0;1508
422414;1787865254095;18.7;81;81;RECOVERING_AFTER_LOAD;49.5;9.0;445.0;445.5;1509_direct;;;0.0;731.9;187;445;1;2;0;1509
422625;1787865254306;18.7;81;81;RECOVERING_AFTER_LOAD;49.5;9.0;445.0;445.5;1509_direct_carried;;;0.0;731.9;187;445;1;2;0;150A
422832;1787865254513;18.7;81;81;RECOVERING_AFTER_LOAD;49.5;9.0;445.0;445.5;1509_direct_carried;;;0.0;731.9;187;445;1;2;0;150B
423047;1787865254728;18.7;81;81;RECOVERING_AFTER_LOAD;49.5;9.0;445.0;445.5;1509_direct_carried;;;0.0;731.9;187;445;1;2;0;150D
424085;1787865255766;18.7;81;81;RECOVERING_AFTER_LOAD;49.5;9.0;445.0;445.5;1509_direct_carried;;;0.0;731.9;187;445;1;2;0;1502
424505;1787865256186;19.5;81;81;RECOVERING_AFTER_LOAD;49.5;9.0;445.0;445.5;1509_direct_carried;;;0.0;731.9;195;445;1;2;0;1505
424713;1787865256394;19.5;81;81;RECOVERING_AFTER_LOAD;49.5;9.0;445.0;445.5;1509_direct_carried;;;0.0;731.9;195;445;1;2;0;1506
425134;1787865256815;19.5;81;81;RECOVERING_AFTER_LOAD;49.5;9.0;445.0;445.5;1509_direct_carried;;;0.0;731.9;195;445;1;2;0;1508
425345;1787865257026;19.5;81;81;RECOVERING_AFTER_LOAD;50.9;0.0;0.0;0.0;1509_direct;;;0.0;731.9;195;0;1;2;0;1509
425544;1787865257225;19.5;81;81;RECOVERING_AFTER_LOAD;50.9;0.0;0.0;0.0;1509_direct_carried;;;0.0;731.9;195;0;1;2;0;150A
425754;1787865257435;19.5;81;81;RECOVERING_AFTER_LOAD;50.9;0.0;0.0;0.0;1509_direct_carried;;;0.0;731.9;195;0;1;2;0;150B
425964;1787865257645;19.5;81;81;RECOVERING_AFTER_LOAD;50.9;0.0;0.0;0.0;1509_direct_carried;;;0.0;731.9;195;0;1;2;0;150D
427016;1787865258697;19.5;81;81;RECOVERING_AFTER_LOAD;50.9;0.0;0.0;0.0;1509_direct_carried;;;0.0;731.9;195;0;1;2;0;1502
427423;1787865259104;20.1;81;81;RECOVERING_AFTER_LOAD;50.9;0.0;0.0;0.0;1509_direct_carried;;;0.0;731.9;201;0;1;2;0;1505
427634;1787865259315;20.1;81;81;RECOVERING_AFTER_LOAD;50.9;0.0;0.0;0.0;1509_direct_carried;;;0.0;731.9;201;0;1;2;0;1506
428051;1787865259732;20.1;81;81;RECOVERING_AFTER_LOAD;50.9;0.0;0.0;0.0;1509_direct_carried;;;0.0;731.9;201;0;1;2;0;1508
428274;1787865259955;20.1;81;81;RECOVERING_AFTER_LOAD;49.9;8.0;399.0;399.2;1509_direct;;;0.0;731.9;201;399;1;2;0;1509
428473;1787865260154;20.1;81;81;RECOVERING_AFTER_LOAD;49.9;8.0;399.0;399.2;1509_direct_carried;;;0.0;731.9;201;399;1;2;0;150A
428688;1787865260369;20.1;81;81;RECOVERING_AFTER_LOAD;49.9;8.0;399.0;399.2;1509_direct_carried;;;0.0;731.9;201;399;1;2;0;150B
428891;1787865260572;20.1;81;81;RECOVERING_AFTER_LOAD;49.9;8.0;399.0;399.2;1509_direct_carried;;;0.0;731.9;201;399;1;2;0;150D
429934;1787865261615;20.1;81;81;RECOVERING_AFTER_LOAD;49.9;8.0;399.0;399.2;1509_direct_carried;;;0.0;731.9;201;399;1;2;0;1502
430346;1787865262027;19.2;81;81;RECOVERING_AFTER_LOAD;49.9;8.0;399.0;399.2;1509_direct_carried;;;0.0;731.9;192;399;1;2;0;1505
430554;1787865262235;19.2;81;81;RECOVERING_AFTER_LOAD;49.9;8.0;399.0;399.2;1509_direct_carried;;;0.1;732.0;192;399;1;2;0;1506
430976;1787865262657;19.2;81;81;RECOVERING_AFTER_LOAD;49.9;8.0;399.0;399.2;1509_direct_carried;;;0.1;732.0;192;399;1;2;0;1508
431183;1787865262864;19.2;81;81;RECOVERING_AFTER_LOAD;50.9;0.0;0.0;0.0;1509_direct;;;0.1;732.0;192;0;1;2;0;1509
431393;1787865263074;19.2;81;81;RECOVERING_AFTER_LOAD;50.9;0.0;0.0;0.0;1509_direct_carried;;;0.1;732.0;192;0;1;2;0;150A
431605;1787865263286;19.2;81;81;RECOVERING_AFTER_LOAD;50.9;0.0;0.0;0.0;1509_direct_carried;;;0.1;732.0;192;0;1;2;0;150B
431817;1787865263498;19.2;81;81;RECOVERING_AFTER_LOAD;50.9;0.0;0.0;0.0;1509_direct_carried;;;0.1;732.0;192;0;1;2;0;150D
432855;1787865264536;19.2;81;81;RECOVERING_AFTER_LOAD;50.9;0.0;0.0;0.0;1509_direct_carried;;;0.1;732.0;192;0;1;2;0;1502
433274;1787865264955;15.7;81;81;RECOVERING_AFTER_LOAD;50.9;0.0;0.0;0.0;1509_direct_carried;;;0.1;732.0;157;0;1;2;0;1505
433474;1787865265155;15.7;81;81;RECOVERING_AFTER_LOAD;50.9;0.0;0.0;0.0;1509_direct_carried;;;0.1;732.0;157;0;1;2;0;1506
433891;1787865265572;15.7;81;81;RECOVERING_AFTER_LOAD;50.9;0.0;0.0;0.0;1509_direct_carried;;;0.1;732.0;157;0;1;2;0;1508
434104;1787865265785;15.7;81;81;RECOVERING_AFTER_LOAD;51.0;0.0;0.0;0.0;1509_direct;;;0.1;732.0;157;0;1;2;0;1509
434315;1787865265996;15.7;81;81;RECOVERING_AFTER_LOAD;51.0;0.0;0.0;0.0;1509_direct_carried;;;0.1;732.0;157;0;1;2;0;150A
434524;1787865266205;15.7;81;81;RECOVERING_AFTER_LOAD;51.0;0.0;0.0;0.0;1509_direct_carried;;;0.1;732.0;157;0;1;2;0;150B
434744;1787865266425;15.7;81;81;RECOVERING_AFTER_LOAD;51.0;0.0;0.0;0.0;1509_direct_carried;;;0.1;732.0;157;0;1;2;0;150D
435775;1787865267456;15.7;81;81;RECOVERING_AFTER_LOAD;51.0;0.0;0.0;0.0;1509_direct_carried;;;0.1;732.0;157;0;1;2;0;1502
436194;1787865267875;12.4;81;81;RECOVERING_AFTER_LOAD;51.0;0.0;0.0;0.0;1509_direct_carried;;;0.1;732.0;124;0;1;2;0;1505
436403;1787865268084;12.4;81;81;RECOVERING_AFTER_LOAD;51.0;0.0;0.0;0.0;1509_direct_carried;;;0.1;732.0;124;0;1;2;0;1506
436814;1787865268495;12.4;81;81;RECOVERING_AFTER_LOAD;51.0;0.0;0.0;0.0;1509_direct_carried;;;0.1;732.0;124;0;1;2;0;1508
437024;1787865268705;12.4;81;81;RECOVERING_AFTER_LOAD;51.0;0.0;0.0;0.0;1509_direct;;;0.1;732.0;124;0;1;2;0;1509
437233;1787865268914;12.4;81;81;RECOVERING_AFTER_LOAD;51.0;0.0;0.0;0.0;1509_direct_carried;;;0.1;732.0;124;0;1;2;0;150A
437448;1787865269129;12.4;81;81;RECOVERING_AFTER_LOAD;51.0;0.0;0.0;0.0;1509_direct_carried;;;0.1;732.0;124;0;1;2;0;150B
437654;1787865269335;12.4;81;81;RECOVERING_AFTER_LOAD;51.0;0.0;0.0;0.0;1509_direct_carried;;;0.1;732.0;124;0;1;2;0;150D
438692;1787865270373;12.4;81;81;RECOVERING_AFTER_LOAD;51.0;0.0;0.0;0.0;1509_direct_carried;;;0.1;732.0;124;0;1;2;0;1502
439113;1787865270794;10.3;81;81;RECOVERING_AFTER_LOAD;51.0;0.0;0.0;0.0;1509_direct_carried;;;0.1;732.0;103;0;1;2;0;1505
439325;1787865271006;10.3;81;81;RECOVERING_AFTER_LOAD;51.0;0.0;0.0;0.0;1509_direct_carried;;;0.1;732.0;103;0;1;2;0;1506
439745;1787865271426;10.3;81;81;RECOVERING_AFTER_LOAD;51.0;0.0;0.0;0.0;1509_direct_carried;;;0.1;732.0;103;0;1;2;0;1508
439946;1787865271627;10.3;81;81;RECOVERING_AFTER_LOAD;50.5;2.0;50.0;101.0;1509_direct;;;0.1;732.0;103;50;1;2;0;1509
440152;1787865271833;10.3;81;81;RECOVERING_AFTER_LOAD;50.5;2.0;50.0;101.0;1509_direct_carried;;;0.1;732.0;103;50;1;2;0;150A
440363;1787865272044;10.3;81;81;RECOVERING_AFTER_LOAD;50.5;2.0;50.0;101.0;1509_direct_carried;;;0.1;732.0;103;50;1;2;0;150B
440576;1787865272257;10.3;81;81;RECOVERING_AFTER_LOAD;50.5;2.0;50.0;101.0;1509_direct_carried;;;0.1;732.0;103;50;1;2;0;150D
441615;1787865273296;10.3;81;81;RECOVERING_AFTER_LOAD;50.5;2.0;50.0;101.0;1509_direct_carried;;;0.1;732.0;103;50;1;2;0;1502
442037;1787865273718;10.8;81;81;RECOVERING_AFTER_LOAD;50.5;2.0;50.0;101.0;1509_direct_carried;;;0.1;732.0;108;50;1;2;0;1505
442243;1787865273924;10.8;81;81;RECOVERING_AFTER_LOAD;50.5;2.0;50.0;101.0;1509_direct_carried;;;0.1;732.0;108;50;1;2;0;1506
442666;1787865274347;10.8;81;81;RECOVERING_AFTER_LOAD;50.5;2.0;50.0;101.0;1509_direct_carried;;;0.1;732.0;108;50;1;2;0;1508
442865;1787865274546;10.8;81;81;RECOVERING_AFTER_LOAD;50.3;5.0;251.0;251.5;1509_direct;;;0.1;732.0;108;251;1;2;0;1509
443079;1787865274760;10.8;81;81;RECOVERING_AFTER_LOAD;50.3;5.0;251.0;251.5;1509_direct_carried;;;0.1;732.0;108;251;1;2;0;150A
443286;1787865274967;10.8;81;81;RECOVERING_AFTER_LOAD;50.3;5.0;251.0;251.5;1509_direct_carried;;;0.1;732.0;108;251;1;2;0;150B
443493;1787865275174;10.8;81;81;RECOVERING_AFTER_LOAD;50.3;5.0;251.0;251.5;1509_direct_carried;;;0.1;732.0;108;251;1;2;0;150D
444536;1787865276217;10.8;81;81;RECOVERING_AFTER_LOAD;50.3;5.0;251.0;251.5;1509_direct_carried;;;0.1;732.0;108;251;1;2;0;1502
444954;1787865276635;12.9;81;81;RECOVERING_AFTER_LOAD;50.3;5.0;251.0;251.5;1509_direct_carried;;;0.1;732.0;129;251;1;2;0;1505
445163;1787865276844;12.9;81;81;RECOVERING_AFTER_LOAD;50.3;5.0;251.0;251.5;1509_direct_carried;;;0.1;732.0;129;251;1;2;0;1506
445583;1787865277264;12.9;81;81;RECOVERING_AFTER_LOAD;50.3;5.0;251.0;251.5;1509_direct_carried;;;0.1;732.0;129;251;1;2;0;1508
445793;1787865277474;12.9;81;81;RECOVERING_AFTER_LOAD;51.0;0.0;0.0;0.0;1509_direct;;;0.1;732.0;129;0;1;2;0;1509
446004;1787865277685;12.9;81;81;RECOVERING_AFTER_LOAD;51.0;0.0;0.0;0.0;1509_direct_carried;;;0.1;732.0;129;0;1;2;0;150A
446206;1787865277887;12.9;81;81;RECOVERING_AFTER_LOAD;51.0;0.0;0.0;0.0;1509_direct_carried;;;0.1;732.0;129;0;1;2;0;150B
446415;1787865278096;12.9;81;81;RECOVERING_AFTER_LOAD;51.0;0.0;0.0;0.0;1509_direct_carried;;;0.1;732.0;129;0;1;2;0;150D
447467;1787865279148;12.9;81;81;RECOVERING_AFTER_LOAD;51.0;0.0;0.0;0.0;1509_direct_carried;;;0.1;732.0;129;0;1;2;0;1502
447872;1787865279553;9.0;81;81;RECOVERING_AFTER_LOAD;51.0;0.0;0.0;0.0;1509_direct_carried;;;0.1;732.0;90;0;1;2;0;1505
448085;1787865279766;9.0;81;81;RECOVERING_AFTER_LOAD;51.0;0.0;0.0;0.0;1509_direct_carried;;;0.1;732.0;90;0;1;2;0;1506
448507;1787865280188;9.0;81;81;RECOVERING_AFTER_LOAD;51.0;0.0;0.0;0.0;1509_direct_carried;;;0.1;732.0;90;0;1;2;0;1508
448718;1787865280399;9.0;81;81;RECOVERING_AFTER_LOAD;51.0;0.0;0.0;0.0;1509_direct;;;0.1;732.0;90;0;1;2;0;1509
448926;1787865280607;9.0;81;81;RECOVERING_AFTER_LOAD;51.0;0.0;0.0;0.0;1509_direct_carried;;;0.1;732.0;90;0;1;2;0;150A
449132;1787865280813;9.0;81;81;RECOVERING_AFTER_LOAD;51.0;0.0;0.0;0.0;1509_direct_carried;;;0.1;732.0;90;0;1;2;0;150B
449344;1787865281025;9.0;81;81;RECOVERING_AFTER_LOAD;51.0;0.0;0.0;0.0;1509_direct_carried;;;0.1;732.0;90;0;1;2;0;150D
450383;1787865282064;9.0;81;81;RECOVERING_AFTER_LOAD;51.0;0.0;0.0;0.0;1509_direct_carried;;;0.1;732.0;90;0;1;2;0;1502
450803;1787865282484;5.2;81;81;RECOVERING_AFTER_LOAD;51.0;0.0;0.0;0.0;1509_direct_carried;;;0.1;732.0;52;0;1;2;0;1505
451002;1787865282683;5.2;81;81;RECOVERING_AFTER_LOAD;51.0;0.0;0.0;0.0;1509_direct_carried;;;0.1;732.0;52;0;1;2;0;1506
451422;1787865283103;5.2;81;81;RECOVERING_AFTER_LOAD;51.0;0.0;0.0;0.0;1509_direct_carried;;;0.1;732.0;52;0;1;2;0;1508
451632;1787865283313;5.2;81;81;RECOVERING_AFTER_LOAD;51.0;0.0;0.0;0.0;1509_direct;;;0.1;732.0;52;0;1;2;0;1509
451842;1787865283523;5.2;81;81;RECOVERING_AFTER_LOAD;51.0;0.0;0.0;0.0;1509_direct_carried;;;0.1;732.0;52;0;1;2;0;150A
452052;1787865283733;5.2;81;81;RECOVERING_AFTER_LOAD;51.0;0.0;0.0;0.0;1509_direct_carried;;;0.1;732.0;52;0;1;2;0;150B
452263;1787865283944;5.2;81;81;RECOVERING_AFTER_LOAD;51.0;0.0;0.0;0.0;1509_direct_carried;;;0.1;732.0;52;0;1;2;0;150D
453302;1787865284983;5.2;81;81;RECOVERING_AFTER_LOAD;51.0;0.0;0.0;0.0;1509_direct_carried;;;0.1;732.0;52;0;1;2;0;1502
453723;1787865285404;6.5;81;81;RECOVERING_AFTER_LOAD;51.0;0.0;0.0;0.0;1509_direct_carried;;;0.1;732.0;65;0;1;2;0;1505
453932;1787865285613;6.5;81;81;RECOVERING_AFTER_LOAD;51.0;0.0;0.0;0.0;1509_direct_carried;;;0.1;732.0;65;0;1;2;0;1506
454343;1787865286024;6.5;81;81;RECOVERING_AFTER_LOAD;51.0;0.0;0.0;0.0;1509_direct_carried;;;0.1;732.0;65;0;1;2;0;1508
454552;1787865286233;6.5;81;81;RECOVERING_AFTER_LOAD;51.0;0.0;0.0;0.0;1509_direct;;;0.1;732.0;65;0;1;2;0;1509
454762;1787865286443;6.5;81;81;RECOVERING_AFTER_LOAD;51.0;0.0;0.0;0.0;1509_direct_carried;;;0.1;732.0;65;0;1;2;0;150A
454972;1787865286653;6.5;81;81;RECOVERING_AFTER_LOAD;51.0;0.0;0.0;0.0;1509_direct_carried;;;0.1;732.0;65;0;1;2;0;150B
455183;1787865286864;6.5;81;81;RECOVERING_AFTER_LOAD;51.0;0.0;0.0;0.0;1509_direct_carried;;;0.1;732.0;65;0;1;2;0;150D
456222;1787865287903;6.5;81;81;RECOVERING_AFTER_LOAD;51.0;0.0;0.0;0.0;1509_direct_carried;;;0.1;732.0;65;0;1;2;0;1502
456643;1787865288324;5.2;81;81;RECOVERING_AFTER_LOAD;51.0;0.0;0.0;0.0;1509_direct_carried;;;0.1;732.0;52;0;1;2;0;1505
456852;1787865288533;5.2;81;81;RECOVERING_AFTER_LOAD;51.0;0.0;0.0;0.0;1509_direct_carried;;;0.1;732.0;52;0;1;2;0;1506
457273;1787865288954;5.2;81;81;RECOVERING_AFTER_LOAD;51.0;0.0;0.0;0.0;1509_direct_carried;;;0.1;732.0;52;0;1;2;0;1508
457473;1787865289154;5.2;81;81;RECOVERING_AFTER_LOAD;50.8;3.0;152.0;152.39999999999998;1509_direct;;;0.1;732.0;52;152;1;2;0;1509
457682;1787865289363;5.2;81;81;RECOVERING_AFTER_LOAD;50.8;3.0;152.0;152.39999999999998;1509_direct_carried;;;0.1;732.0;52;152;1;2;0;150A
457893;1787865289574;5.2;81;81;RECOVERING_AFTER_LOAD;50.8;3.0;152.0;152.39999999999998;1509_direct_carried;;;0.1;732.0;52;152;1;2;0;150B
458102;1787865289783;5.2;81;81;RECOVERING_AFTER_LOAD;50.8;3.0;152.0;152.39999999999998;1509_direct_carried;;;0.1;732.0;52;152;1;2;0;150D
459145;1787865290826;5.2;81;81;RECOVERING_AFTER_LOAD;50.8;3.0;152.0;152.39999999999998;1509_direct_carried;;;0.1;732.0;52;152;1;2;0;1502
459562;1787865291243;6.5;81;81;RECOVERING_AFTER_LOAD;50.8;3.0;152.0;152.39999999999998;1509_direct_carried;;;0.1;732.0;65;152;1;2;0;1505
459772;1787865291453;6.5;81;81;RECOVERING_AFTER_LOAD;50.8;3.0;152.0;152.39999999999998;1509_direct_carried;;;0.1;732.0;65;152;1;2;0;1506
460192;1787865291873;6.5;81;81;RECOVERING_AFTER_LOAD;50.8;3.0;152.0;152.39999999999998;1509_direct_carried;;;0.1;732.0;65;152;1;2;0;1508
460402;1787865292083;6.5;81;81;RECOVERING_AFTER_LOAD;51.0;0.0;0.0;0.0;1509_direct;;;0.1;732.0;65;0;1;2;0;1509
460603;1787865292284;6.5;81;81;RECOVERING_AFTER_LOAD;51.0;0.0;0.0;0.0;1509_direct_carried;;;0.1;732.0;65;0;1;2;0;150A
460813;1787865292494;6.5;81;81;RECOVERING_AFTER_LOAD;51.0;0.0;0.0;0.0;1509_direct_carried;;;0.1;732.0;65;0;1;2;0;150B
461023;1787865292704;6.5;81;81;RECOVERING_AFTER_LOAD;51.0;0.0;0.0;0.0;1509_direct_carried;;;0.1;732.0;65;0;1;2;0;150D
462075;1787865293756;6.5;81;81;RECOVERING_AFTER_LOAD;51.0;0.0;0.0;0.0;1509_direct_carried;;;0.1;732.0;65;0;1;2;0;1502
462485;1787865294166;7.2;81;81;RECOVERING_AFTER_LOAD;51.0;0.0;0.0;0.0;1509_direct_carried;;;0.1;732.0;72;0;1;2;0;1505
462693;1787865294374;7.2;81;81;RECOVERING_AFTER_LOAD;51.0;0.0;0.0;0.0;1509_direct_carried;;;0.1;732.0;72;0;1;2;0;1506
463112;1787865294793;7.2;81;81;RECOVERING_AFTER_LOAD;51.0;0.0;0.0;0.0;1509_direct_carried;;;0.1;732.0;72;0;1;2;0;1508
463322;1787865295003;7.2;81;81;RECOVERING_AFTER_LOAD;50.5;4.0;202.0;202.0;1509_direct;;;0.1;732.0;72;202;1;2;0;1509
463533;1787865295214;7.2;81;81;RECOVERING_AFTER_LOAD;50.5;4.0;202.0;202.0;1509_direct_carried;;;0.1;732.0;72;202;1;2;0;150A
463744;1787865295425;7.2;81;81;RECOVERING_AFTER_LOAD;50.5;4.0;202.0;202.0;1509_direct_carried;;;0.1;732.0;72;202;1;2;0;150B
463944;1787865295625;7.2;81;81;RECOVERING_AFTER_LOAD;50.5;4.0;202.0;202.0;1509_direct_carried;;;0.1;732.0;72;202;1;2;0;150D
464992;1787865296673;7.2;81;81;RECOVERING_AFTER_LOAD;50.5;4.0;202.0;202.0;1509_direct_carried;;;0.1;732.0;72;202;1;2;0;1502
465413;1787865297094;11.2;81;81;RECOVERING_AFTER_LOAD;50.5;4.0;202.0;202.0;1509_direct_carried;;;0.1;732.0;112;202;1;2;0;1505
465612;1787865297293;11.2;81;81;RECOVERING_AFTER_LOAD;50.5;4.0;202.0;202.0;1509_direct_carried;;;0.2;732.1;112;202;1;2;0;1506
466035;1787865297716;11.2;81;81;RECOVERING_AFTER_LOAD;50.5;4.0;202.0;202.0;1509_direct_carried;;;0.2;732.1;112;202;1;2;0;1508
466243;1787865297924;11.2;81;81;RECOVERING_AFTER_LOAD;50.3;5.0;251.0;251.5;1509_direct;;;0.2;732.1;112;251;1;2;0;1509
466453;1787865298134;11.2;81;81;RECOVERING_AFTER_LOAD;50.3;5.0;251.0;251.5;1509_direct_carried;;;0.2;732.1;112;251;1;2;0;150A
466662;1787865298343;11.2;81;81;RECOVERING_AFTER_LOAD;50.3;5.0;251.0;251.5;1509_direct_carried;;;0.2;732.1;112;251;1;2;0;150B
466872;1787865298553;11.2;81;81;RECOVERING_AFTER_LOAD;50.3;5.0;251.0;251.5;1509_direct_carried;;;0.2;732.1;112;251;1;2;0;150D
467914;1787865299595;11.2;81;81;RECOVERING_AFTER_LOAD;50.3;5.0;251.0;251.5;1509_direct_carried;;;0.2;732.1;112;251;1;2;0;1502
468330;1787865300011;15.6;81;81;RECOVERING_AFTER_LOAD;50.3;5.0;251.0;251.5;1509_direct_carried;;;0.2;732.1;156;251;1;2;0;1505
468542;1787865300223;15.6;81;81;RECOVERING_AFTER_LOAD;50.3;5.0;251.0;251.5;1509_direct_carried;;;0.2;732.1;156;251;1;2;0;1506
468954;1787865300635;15.6;81;81;RECOVERING_AFTER_LOAD;50.3;5.0;251.0;251.5;1509_direct_carried;;;0.2;732.1;156;251;1;2;0;1508
469164;1787865300845;15.6;81;81;RECOVERING_AFTER_LOAD;50.0;7.0;350.0;350.0;1509_direct;;;0.2;732.1;156;350;1;2;0;1509
469376;1787865301057;15.6;81;81;RECOVERING_AFTER_LOAD;50.0;7.0;350.0;350.0;1509_direct_carried;;;0.2;732.1;156;350;1;2;0;150A
469583;1787865301264;15.6;81;81;RECOVERING_AFTER_LOAD;50.0;7.0;350.0;350.0;1509_direct_carried;;;0.2;732.1;156;350;1;2;0;150B
469795;1787865301476;15.6;81;81;RECOVERING_AFTER_LOAD;50.0;7.0;350.0;350.0;1509_direct_carried;;;0.2;732.1;156;350;1;2;0;150D
470835;1787865302516;15.6;81;81;RECOVERING_AFTER_LOAD;50.0;7.0;350.0;350.0;1509_direct_carried;;;0.2;732.1;156;350;1;2;0;1502
471464;1787865303145;15.6;81;81;RECOVERING_AFTER_LOAD;50.0;7.0;350.0;350.0;1509_direct_carried;;;0.2;732.1;156;350;1;2;0;1506
471871;1787865303552;15.6;81;81;RECOVERING_AFTER_LOAD;50.0;7.0;350.0;350.0;1509_direct_carried;;;0.2;732.1;156;350;1;2;0;1508
472083;1787865303764;15.6;81;81;RECOVERING_AFTER_LOAD;49.9;7.0;349.0;349.3;1509_direct;;;0.2;732.1;156;349;1;2;0;1509
472291;1787865303972;15.6;81;81;RECOVERING_AFTER_LOAD;49.9;7.0;349.0;349.3;1509_direct_carried;;;0.2;732.1;156;349;1;2;0;150A
472505;1787865304186;15.6;81;81;RECOVERING_AFTER_LOAD;49.9;7.0;349.0;349.3;1509_direct_carried;;;0.2;732.1;156;349;1;2;0;150B
472713;1787865304394;15.6;81;81;RECOVERING_AFTER_LOAD;49.9;7.0;349.0;349.3;1509_direct_carried;;;0.2;732.1;156;349;1;2;0;150D
473753;1787865305434;15.6;81;81;RECOVERING_AFTER_LOAD;49.9;7.0;349.0;349.3;1509_direct_carried;;;0.2;732.1;156;349;1;2;0;1502
474383;1787865306064;15.6;81;81;RECOVERING_AFTER_LOAD;49.9;7.0;349.0;349.3;1509_direct_carried;;;0.2;732.1;156;349;1;2;0;1506
474802;1787865306483;15.6;81;81;RECOVERING_AFTER_LOAD;49.9;7.0;349.0;349.3;1509_direct_carried;;;0.2;732.1;156;349;1;2;0;1508
475012;1787865306693;15.6;81;81;RECOVERING_AFTER_LOAD;49.4;8.0;395.0;395.2;1509_direct;;;0.2;732.1;156;395;1;2;0;1509
475212;1787865306893;15.6;81;81;RECOVERING_AFTER_LOAD;49.4;8.0;395.0;395.2;1509_direct_carried;;;0.2;732.1;156;395;1;2;0;150A
475423;1787865307104;15.6;81;81;RECOVERING_AFTER_LOAD;49.4;8.0;395.0;395.2;1509_direct_carried;;;0.2;732.1;156;395;1;2;0;150B
475633;1787865307314;15.6;81;81;RECOVERING_AFTER_LOAD;49.4;8.0;395.0;395.2;1509_direct_carried;;;0.2;732.1;156;395;1;2;0;150D
476682;1787865308363;15.6;81;81;RECOVERING_AFTER_LOAD;49.4;8.0;395.0;395.2;1509_direct_carried;;;0.2;732.1;156;395;1;2;0;1502
477096;1787865308777;21.8;81;81;RECOVERING_AFTER_LOAD;49.4;8.0;395.0;395.2;1509_direct_carried;;;0.2;732.1;218;395;1;2;0;1505
477302;1787865308983;21.8;81;81;RECOVERING_AFTER_LOAD;49.4;8.0;395.0;395.2;1509_direct_carried;;;0.2;732.1;218;395;1;2;0;1506
477726;1787865309407;21.8;81;81;RECOVERING_AFTER_LOAD;49.4;8.0;395.0;395.2;1509_direct_carried;;;0.2;732.1;218;395;1;2;0;1508
477935;1787865309616;21.8;81;81;RECOVERING_AFTER_LOAD;50.1;4.0;200.0;200.4;1509_direct;;;0.2;732.1;218;200;1;2;0;1509
478144;1787865309825;21.8;81;81;RECOVERING_AFTER_LOAD;50.1;4.0;200.0;200.4;1509_direct_carried;;;0.2;732.1;218;200;1;2;0;150A
478355;1787865310036;21.8;81;81;RECOVERING_AFTER_LOAD;50.1;4.0;200.0;200.4;1509_direct_carried;;;0.2;732.1;218;200;1;2;0;150B
478554;1787865310235;21.8;81;81;RECOVERING_AFTER_LOAD;50.1;4.0;200.0;200.4;1509_direct_carried;;;0.2;732.1;218;200;1;2;0;150D
479603;1787865311284;21.8;81;81;RECOVERING_AFTER_LOAD;50.1;4.0;200.0;200.4;1509_direct_carried;;;0.2;732.1;218;200;1;2;0;1502
480013;1787865311694;21.8;81;81;RECOVERING_AFTER_LOAD;50.1;4.0;200.0;200.4;1509_direct_carried;;;0.2;732.1;218;200;1;2;0;1505
480224;1787865311905;21.8;81;81;RECOVERING_AFTER_LOAD;50.1;4.0;200.0;200.4;1509_direct_carried;;;0.2;732.1;218;200;1;2;0;1506
480643;1787865312324;21.8;81;81;RECOVERING_AFTER_LOAD;50.1;4.0;200.0;200.4;1509_direct_carried;;;0.2;732.1;218;200;1;2;0;1508
480853;1787865312534;21.8;81;81;RECOVERING_AFTER_LOAD;50.0;5.0;250.0;250.0;1509_direct;;;0.2;732.1;218;250;1;2;0;1509
481063;1787865312744;21.8;81;81;RECOVERING_AFTER_LOAD;50.0;5.0;250.0;250.0;1509_direct_carried;;;0.2;732.1;218;250;1;2;0;150A
481273;1787865312954;21.8;81;81;RECOVERING_AFTER_LOAD;50.0;5.0;250.0;250.0;1509_direct_carried;;;0.2;732.1;218;250;1;2;0;150B
481483;1787865313164;21.8;81;81;RECOVERING_AFTER_LOAD;50.0;5.0;250.0;250.0;1509_direct_carried;;;0.2;732.1;218;250;1;2;0;150D
482525;1787865314206;21.8;81;81;RECOVERING_AFTER_LOAD;50.0;5.0;250.0;250.0;1509_direct_carried;;;0.2;732.1;218;250;1;2;0;1502
482942;1787865314623;21.8;81;81;RECOVERING_AFTER_LOAD;50.0;5.0;250.0;250.0;1509_direct_carried;;;0.2;732.1;218;250;1;2;0;1505
483153;1787865314834;21.8;81;81;RECOVERING_AFTER_LOAD;50.0;5.0;250.0;250.0;1509_direct_carried;;;0.2;732.1;218;250;1;2;0;1506
483563;1787865315244;21.8;81;81;RECOVERING_AFTER_LOAD;50.0;5.0;250.0;250.0;1509_direct_carried;;;0.2;732.1;218;250;1;2;0;1508
483773;1787865315454;21.8;81;81;RECOVERING_AFTER_LOAD;50.0;5.0;250.0;250.0;1509_direct;;;0.2;732.1;218;250;1;2;0;1509
483983;1787865315664;21.8;81;81;RECOVERING_AFTER_LOAD;50.0;5.0;250.0;250.0;1509_direct_carried;;;0.2;732.1;218;250;1;2;0;150A
484194;1787865315875;21.8;81;81;RECOVERING_AFTER_LOAD;50.0;5.0;250.0;250.0;1509_direct_carried;;;0.2;732.1;218;250;1;2;0;150B
484405;1787865316086;21.8;81;81;RECOVERING_AFTER_LOAD;50.0;5.0;250.0;250.0;1509_direct_carried;;;0.2;732.1;218;250;1;2;0;150D
485446;1787865317127;21.8;81;81;RECOVERING_AFTER_LOAD;50.0;5.0;250.0;250.0;1509_direct_carried;;;0.2;732.1;218;250;1;2;0;1502
485863;1787865317544;21.8;81;81;RECOVERING_AFTER_LOAD;50.0;5.0;250.0;250.0;1509_direct_carried;;;0.2;732.1;218;250;1;2;0;1505
486073;1787865317754;21.8;81;81;RECOVERING_AFTER_LOAD;50.0;5.0;250.0;250.0;1509_direct_carried;;;0.3;732.2;218;250;1;2;0;1506
486493;1787865318174;21.8;81;81;RECOVERING_AFTER_LOAD;50.0;5.0;250.0;250.0;1509_direct_carried;;;0.3;732.2;218;250;1;2;0;1508
486692;1787865318373;21.8;81;81;RECOVERING_AFTER_LOAD;49.8;4.0;200.0;199.2;1509_direct;;;0.3;732.2;218;200;1;2;0;1509
486903;1787865318584;21.8;81;81;RECOVERING_AFTER_LOAD;49.8;4.0;200.0;199.2;1509_direct_carried;;;0.3;732.2;218;200;1;2;0;150A
487113;1787865318794;21.8;81;81;RECOVERING_AFTER_LOAD;49.8;4.0;200.0;199.2;1509_direct_carried;;;0.3;732.2;218;200;1;2;0;150B
487323;1787865319004;21.8;81;81;RECOVERING_AFTER_LOAD;49.8;4.0;200.0;199.2;1509_direct_carried;;;0.3;732.2;218;200;1;2;0;150D
488364;1787865320045;21.8;81;81;RECOVERING_AFTER_LOAD;49.8;4.0;200.0;199.2;1509_direct_carried;;;0.3;732.2;218;200;1;2;0;1502
488782;1787865320463;21.8;81;81;RECOVERING_AFTER_LOAD;49.8;4.0;200.0;199.2;1509_direct_carried;;;0.3;732.2;218;200;1;2;0;1505
488994;1787865320675;21.8;81;81;RECOVERING_AFTER_LOAD;49.8;4.0;200.0;199.2;1509_direct_carried;;;0.3;732.2;218;200;1;2;0;1506
489414;1787865321095;21.8;81;81;RECOVERING_AFTER_LOAD;49.8;4.0;200.0;199.2;1509_direct_carried;;;0.3;732.2;218;200;1;2;0;1508
489625;1787865321306;21.8;81;81;RECOVERING_AFTER_LOAD;50.0;6.0;300.0;300.0;1509_direct;;;0.3;732.2;218;300;1;2;0;1509
489823;1787865321504;21.8;81;81;RECOVERING_AFTER_LOAD;50.0;6.0;300.0;300.0;1509_direct_carried;;;0.3;732.2;218;300;1;2;0;150A
490031;1787865321712;21.8;81;81;RECOVERING_AFTER_LOAD;50.0;6.0;300.0;300.0;1509_direct_carried;;;0.3;732.2;218;300;1;2;0;150B
490242;1787865321923;21.8;81;81;RECOVERING_AFTER_LOAD;50.0;6.0;300.0;300.0;1509_direct_carried;;;0.3;732.2;218;300;1;2;0;150D
491293;1787865322974;21.8;81;81;RECOVERING_AFTER_LOAD;50.0;6.0;300.0;300.0;1509_direct_carried;;;0.3;732.2;218;300;1;2;0;1502
491703;1787865323384;21.8;81;81;RECOVERING_AFTER_LOAD;50.0;6.0;300.0;300.0;1509_direct_carried;;;0.3;732.2;218;300;1;2;0;1505
491913;1787865323594;21.8;81;81;RECOVERING_AFTER_LOAD;50.0;6.0;300.0;300.0;1509_direct_carried;;;0.3;732.2;218;300;1;2;0;1506
492336;1787865324017;21.8;81;81;RECOVERING_AFTER_LOAD;50.0;6.0;300.0;300.0;1509_direct_carried;;;0.3;732.2;218;300;1;2;0;1508
492543;1787865324224;21.8;81;81;RECOVERING_AFTER_LOAD;50.1;3.0;150.0;150.3;1509_direct;;;0.3;732.2;218;150;1;2;0;1509
492757;1787865324438;21.8;81;81;RECOVERING_AFTER_LOAD;50.1;3.0;150.0;150.3;1509_direct_carried;;;0.3;732.2;218;150;1;2;0;150A
492965;1787865324646;21.8;81;81;RECOVERING_AFTER_LOAD;50.1;3.0;150.0;150.3;1509_direct_carried;;;0.3;732.2;218;150;1;2;0;150B
493163;1787865324844;21.8;81;81;RECOVERING_AFTER_LOAD;50.1;3.0;150.0;150.3;1509_direct_carried;;;0.3;732.2;218;150;1;2;0;150D
494214;1787865325895;21.8;81;81;RECOVERING_AFTER_LOAD;50.1;3.0;150.0;150.3;1509_direct_carried;;;0.3;732.2;218;150;1;2;0;1502
494635;1787865326316;21.8;81;81;RECOVERING_AFTER_LOAD;50.1;3.0;150.0;150.3;1509_direct_carried;;;0.3;732.2;218;150;1;2;0;1505
494832;1787865326513;21.8;81;81;RECOVERING_AFTER_LOAD;50.1;3.0;150.0;150.3;1509_direct_carried;;;0.3;732.2;218;150;1;2;0;1506
495254;1787865326935;21.8;81;81;RECOVERING_AFTER_LOAD;50.1;3.0;150.0;150.3;1509_direct_carried;;;0.3;732.2;218;150;1;2;0;1508
495463;1787865327144;21.8;81;81;RECOVERING_AFTER_LOAD;49.8;6.0;298.0;298.79999999999995;1509_direct;;;0.3;732.2;218;298;1;2;0;1509
495671;1787865327352;21.8;81;81;RECOVERING_AFTER_LOAD;49.8;6.0;298.0;298.79999999999995;1509_direct_carried;;;0.3;732.2;218;298;1;2;0;150A
495883;1787865327564;21.8;81;81;RECOVERING_AFTER_LOAD;49.8;6.0;298.0;298.79999999999995;1509_direct_carried;;;0.3;732.2;218;298;1;2;0;150B
496093;1787865327774;21.8;81;81;RECOVERING_AFTER_LOAD;49.8;6.0;298.0;298.79999999999995;1509_direct_carried;;;0.3;732.2;218;298;1;2;0;150D
497135;1787865328816;21.8;81;81;RECOVERING_AFTER_LOAD;49.8;6.0;298.0;298.79999999999995;1509_direct_carried;;;0.3;732.2;218;298;1;2;0;1502
497556;1787865329237;21.8;81;81;RECOVERING_AFTER_LOAD;49.8;6.0;298.0;298.79999999999995;1509_direct_carried;;;0.3;732.2;218;298;1;2;0;1505
497764;1787865329445;21.8;81;81;RECOVERING_AFTER_LOAD;49.8;6.0;298.0;298.79999999999995;1509_direct_carried;;;0.3;732.2;218;298;1;2;0;1506
498173;1787865329854;21.8;81;81;RECOVERING_AFTER_LOAD;49.8;6.0;298.0;298.79999999999995;1509_direct_carried;;;0.3;732.2;218;298;1;2;0;1508
498384;1787865330065;21.8;81;81;RECOVERING_AFTER_LOAD;50.0;5.0;250.0;250.0;1509_direct;;;0.3;732.2;218;250;1;2;0;1509
498593;1787865330274;21.8;81;81;RECOVERING_AFTER_LOAD;50.0;5.0;250.0;250.0;1509_direct_carried;;;0.3;732.2;218;250;1;2;0;150A
498804;1787865330485;21.8;81;81;RECOVERING_AFTER_LOAD;50.0;5.0;250.0;250.0;1509_direct_carried;;;0.3;732.2;218;250;1;2;0;150B
499013;1787865330694;21.8;81;81;RECOVERING_AFTER_LOAD;50.0;5.0;250.0;250.0;1509_direct_carried;;;0.3;732.2;218;250;1;2;0;150D
500056;1787865331737;21.8;81;81;RECOVERING_AFTER_LOAD;50.0;5.0;250.0;250.0;1509_direct_carried;;;0.3;732.2;218;250;1;2;0;1502
500474;1787865332155;21.8;81;81;RECOVERING_AFTER_LOAD;50.0;5.0;250.0;250.0;1509_direct_carried;;;0.3;732.2;218;250;1;2;0;1505
500683;1787865332364;21.8;81;81;RECOVERING_AFTER_LOAD;50.0;5.0;250.0;250.0;1509_direct_carried;;;0.4;732.3;218;250;1;2;0;1506
501106;1787865332787;21.8;81;81;RECOVERING_AFTER_LOAD;50.0;5.0;250.0;250.0;1509_direct_carried;;;0.4;732.3;218;250;1;2;0;1508
501307;1787865332988;21.8;81;81;RECOVERING_AFTER_LOAD;50.1;3.0;201.0;150.3;1509_direct;;;0.4;732.3;218;201;1;2;0;1509
501513;1787865333194;21.8;81;81;RECOVERING_AFTER_LOAD;50.1;3.0;201.0;150.3;1509_direct_carried;;;0.4;732.3;218;201;1;2;0;150A
501722;1787865333403;21.8;81;81;RECOVERING_AFTER_LOAD;50.1;3.0;201.0;150.3;1509_direct_carried;;;0.4;732.3;218;201;1;2;0;150B
501933;1787865333614;21.8;81;81;RECOVERING_AFTER_LOAD;50.1;3.0;201.0;150.3;1509_direct_carried;;;0.4;732.3;218;201;1;2;0;150D
502973;1787865334654;21.8;81;81;RECOVERING_AFTER_LOAD;50.1;3.0;201.0;150.3;1509_direct_carried;;;0.4;732.3;218;201;1;2;0;1502
503395;1787865335076;21.8;81;81;RECOVERING_AFTER_LOAD;50.1;3.0;201.0;150.3;1509_direct_carried;;;0.4;732.3;218;201;1;2;0;1505
503603;1787865335284;21.8;81;81;RECOVERING_AFTER_LOAD;50.1;3.0;201.0;150.3;1509_direct_carried;;;0.4;732.3;218;201;1;2;0;1506
504024;1787865335705;21.8;81;81;RECOVERING_AFTER_LOAD;50.1;3.0;201.0;150.3;1509_direct_carried;;;0.4;732.3;218;201;1;2;0;1508
504234;1787865335915;21.8;81;81;RECOVERING_AFTER_LOAD;49.9;4.0;199.0;199.6;1509_direct;;;0.4;732.3;218;199;1;2;0;1509
504444;1787865336125;21.8;81;81;RECOVERING_AFTER_LOAD;49.9;4.0;199.0;199.6;1509_direct_carried;;;0.4;732.3;218;199;1;2;0;150A
504653;1787865336334;21.8;81;81;RECOVERING_AFTER_LOAD;49.9;4.0;199.0;199.6;1509_direct_carried;;;0.4;732.3;218;199;1;2;0;150B
504855;1787865336536;21.8;81;81;RECOVERING_AFTER_LOAD;49.9;4.0;199.0;199.6;1509_direct_carried;;;0.4;732.3;218;199;1;2;0;150D
505903;1787865337584;21.8;81;81;RECOVERING_AFTER_LOAD;49.9;4.0;199.0;199.6;1509_direct_carried;;;0.4;732.3;218;199;1;2;0;1502
506315;1787865337996;21.8;81;81;RECOVERING_AFTER_LOAD;49.9;4.0;199.0;199.6;1509_direct_carried;;;0.4;732.3;218;199;1;2;0;1505
506522;1787865338203;21.8;81;81;RECOVERING_AFTER_LOAD;49.9;4.0;199.0;199.6;1509_direct_carried;;;0.4;732.3;218;199;1;2;0;1506
506943;1787865338624;21.8;81;81;RECOVERING_AFTER_LOAD;49.9;4.0;199.0;199.6;1509_direct_carried;;;0.4;732.3;218;199;1;2;0;1508
507153;1787865338834;21.8;81;81;RECOVERING_AFTER_LOAD;49.7;6.0;298.0;298.20000000000005;1509_direct;;;0.4;732.3;218;298;1;2;0;1509
507365;1787865339046;21.8;81;81;RECOVERING_AFTER_LOAD;49.7;6.0;298.0;298.20000000000005;1509_direct_carried;;;0.4;732.3;218;298;1;2;0;150A
507575;1787865339256;21.8;81;81;RECOVERING_AFTER_LOAD;49.7;6.0;298.0;298.20000000000005;1509_direct_carried;;;0.4;732.3;218;298;1;2;0;150B
507783;1787865339464;21.8;81;81;RECOVERING_AFTER_LOAD;49.7;6.0;298.0;298.20000000000005;1509_direct_carried;;;0.4;732.3;218;298;1;2;0;150D
508825;1787865340506;21.8;81;81;RECOVERING_AFTER_LOAD;49.7;6.0;298.0;298.20000000000005;1509_direct_carried;;;0.4;732.3;218;298;1;2;0;1502
509243;1787865340924;21.8;81;81;RECOVERING_AFTER_LOAD;49.7;6.0;298.0;298.20000000000005;1509_direct_carried;;;0.4;732.3;218;298;1;2;0;1505
509454;1787865341135;21.8;81;81;RECOVERING_AFTER_LOAD;49.7;6.0;298.0;298.20000000000005;1509_direct_carried;;;0.4;732.3;218;298;1;2;0;1506
509864;1787865341545;21.8;81;81;RECOVERING_AFTER_LOAD;49.7;6.0;298.0;298.20000000000005;1509_direct_carried;;;0.4;732.3;218;298;1;2;0;1508
510076;1787865341757;21.8;81;81;RECOVERING_AFTER_LOAD;49.7;5.0;248.0;248.5;1509_direct;;;0.4;732.3;218;248;1;2;0;1509
510284;1787865341965;21.8;81;81;RECOVERING_AFTER_LOAD;49.7;5.0;248.0;248.5;1509_direct_carried;;;0.4;732.3;218;248;1;2;0;150A
510494;1787865342175;21.8;81;81;RECOVERING_AFTER_LOAD;49.7;5.0;248.0;248.5;1509_direct_carried;;;0.4;732.3;218;248;1;2;0;150B
510705;1787865342386;21.8;81;81;RECOVERING_AFTER_LOAD;49.7;5.0;248.0;248.5;1509_direct_carried;;;0.4;732.3;218;248;1;2;0;150D
511744;1787865343425;21.8;81;81;RECOVERING_AFTER_LOAD;49.7;5.0;248.0;248.5;1509_direct_carried;;;0.4;732.3;218;248;1;2;0;1502
512164;1787865343845;21.8;81;81;RECOVERING_AFTER_LOAD;49.7;5.0;248.0;248.5;1509_direct_carried;;;0.4;732.3;218;248;1;2;0;1505
512373;1787865344054;21.8;81;81;RECOVERING_AFTER_LOAD;49.7;5.0;248.0;248.5;1509_direct_carried;;;0.4;732.3;218;248;1;2;0;1506
512782;1787865344463;21.8;81;81;RECOVERING_AFTER_LOAD;49.7;5.0;248.0;248.5;1509_direct_carried;;;0.4;732.3;218;248;1;2;0;1508
512991;1787865344672;21.8;81;81;RECOVERING_AFTER_LOAD;49.8;5.0;249.0;249.0;1509_direct;;;0.4;732.3;218;249;1;2;0;1509
513211;1787865344892;21.8;81;81;RECOVERING_AFTER_LOAD;49.8;5.0;249.0;249.0;1509_direct_carried;;;0.4;732.3;218;249;1;2;0;150A
513411;1787865345092;21.8;81;81;RECOVERING_AFTER_LOAD;49.8;5.0;249.0;249.0;1509_direct_carried;;;0.4;732.3;218;249;1;2;0;150B
513621;1787865345302;21.8;81;81;RECOVERING_AFTER_LOAD;49.8;5.0;249.0;249.0;1509_direct_carried;;;0.4;732.3;218;249;1;2;0;150D
514662;1787865346343;21.8;81;81;RECOVERING_AFTER_LOAD;49.8;5.0;249.0;249.0;1509_direct_carried;;;0.4;732.3;218;249;1;2;0;1502
515081;1787865346762;21.8;81;81;RECOVERING_AFTER_LOAD;49.8;5.0;249.0;249.0;1509_direct_carried;;;0.4;732.3;218;249;1;2;0;1505
515292;1787865346973;21.8;81;81;RECOVERING_AFTER_LOAD;49.8;5.0;249.0;249.0;1509_direct_carried;;;0.4;732.3;218;249;1;2;0;1506
515712;1787865347393;21.8;81;81;RECOVERING_AFTER_LOAD;49.8;5.0;249.0;249.0;1509_direct_carried;;;0.4;732.3;218;249;1;2;0;1508
515923;1787865347604;21.8;81;81;RECOVERING_AFTER_LOAD;49.6;5.0;248.0;248.0;1509_direct;;;0.4;732.3;218;248;1;2;0;1509
516122;1787865347803;21.8;81;81;RECOVERING_AFTER_LOAD;49.6;5.0;248.0;248.0;1509_direct_carried;;;0.4;732.3;218;248;1;2;0;150A
516333;1787865348014;21.8;81;81;RECOVERING_AFTER_LOAD;49.6;5.0;248.0;248.0;1509_direct_carried;;;0.4;732.3;218;248;1;2;0;150B
516543;1787865348224;21.8;81;81;RECOVERING_AFTER_LOAD;49.6;5.0;248.0;248.0;1509_direct_carried;;;0.4;732.3;218;248;1;2;0;150D
517594;1787865349275;21.8;81;81;RECOVERING_AFTER_LOAD;49.6;5.0;248.0;248.0;1509_direct_carried;;;0.4;732.3;218;248;1;2;0;1502
518003;1787865349684;21.8;81;81;RECOVERING_AFTER_LOAD;49.6;5.0;248.0;248.0;1509_direct_carried;;;0.4;732.3;218;248;1;2;0;1505
518214;1787865349895;21.8;81;81;RECOVERING_AFTER_LOAD;49.6;5.0;248.0;248.0;1509_direct_carried;;;0.5;732.4;218;248;1;2;0;1506
518634;1787865350315;21.8;81;81;RECOVERING_AFTER_LOAD;49.6;5.0;248.0;248.0;1509_direct_carried;;;0.5;732.4;218;248;1;2;0;1508
518845;1787865350526;21.8;81;81;RECOVERING_AFTER_LOAD;50.0;4.0;249.0;200.0;1509_direct;;;0.5;732.4;218;249;1;2;0;1509
519056;1787865350737;21.8;81;81;RECOVERING_AFTER_LOAD;50.0;4.0;249.0;200.0;1509_direct_carried;;;0.5;732.4;218;249;1;2;0;150A
519267;1787865350948;21.8;81;81;RECOVERING_AFTER_LOAD;50.0;4.0;249.0;200.0;1509_direct_carried;;;0.5;732.4;218;249;1;2;0;150B
519466;1787865351147;21.8;81;81;RECOVERING_AFTER_LOAD;50.0;4.0;249.0;200.0;1509_direct_carried;;;0.5;732.4;218;249;1;2;0;150D
520513;1787865352194;21.8;81;81;RECOVERING_AFTER_LOAD;50.0;4.0;249.0;200.0;1509_direct_carried;;;0.5;732.4;218;249;1;2;0;1502
520933;1787865352614;21.8;81;81;RECOVERING_AFTER_LOAD;50.0;4.0;249.0;200.0;1509_direct_carried;;;0.5;732.4;218;249;1;2;0;1505
521135;1787865352816;21.8;81;81;RECOVERING_AFTER_LOAD;50.0;4.0;249.0;200.0;1509_direct_carried;;;0.5;732.4;218;249;1;2;0;1506
521553;1787865353234;21.8;81;81;RECOVERING_AFTER_LOAD;50.0;4.0;249.0;200.0;1509_direct_carried;;;0.5;732.4;218;249;1;2;0;1508
521763;1787865353444;21.8;81;81;RECOVERING_AFTER_LOAD;49.8;5.0;249.0;249.0;1509_direct;;;0.5;732.4;218;249;1;2;0;1509
521975;1787865353656;21.8;81;81;RECOVERING_AFTER_LOAD;49.8;5.0;249.0;249.0;1509_direct_carried;;;0.5;732.4;218;249;1;2;0;150A
522183;1787865353864;21.8;81;81;RECOVERING_AFTER_LOAD;49.8;5.0;249.0;249.0;1509_direct_carried;;;0.5;732.4;218;249;1;2;0;150B
522398;1787865354079;21.8;81;81;RECOVERING_AFTER_LOAD;49.8;5.0;249.0;249.0;1509_direct_carried;;;0.5;732.4;218;249;1;2;0;150D
523433;1787865355114;21.8;81;81;RECOVERING_AFTER_LOAD;49.8;5.0;249.0;249.0;1509_direct_carried;;;0.5;732.4;218;249;1;2;0;1502
523852;1787865355533;21.8;81;81;RECOVERING_AFTER_LOAD;49.8;5.0;249.0;249.0;1509_direct_carried;;;0.5;732.4;218;249;1;2;0;1505
524063;1787865355744;21.8;81;81;RECOVERING_AFTER_LOAD;49.8;5.0;249.0;249.0;1509_direct_carried;;;0.5;732.4;218;249;1;2;0;1506
524473;1787865356154;21.8;81;81;RECOVERING_AFTER_LOAD;49.8;5.0;249.0;249.0;1509_direct_carried;;;0.5;732.4;218;249;1;2;0;1508
524682;1787865356363;21.8;81;81;RECOVERING_AFTER_LOAD;49.8;4.0;199.0;199.2;1509_direct;;;0.5;732.4;218;199;1;2;0;1509
524892;1787865356573;21.8;81;81;RECOVERING_AFTER_LOAD;49.8;4.0;199.0;199.2;1509_direct_carried;;;0.5;732.4;218;199;1;2;0;150A
525101;1787865356782;21.8;81;81;RECOVERING_AFTER_LOAD;49.8;4.0;199.0;199.2;1509_direct_carried;;;0.5;732.4;218;199;1;2;0;150B
525312;1787865356993;21.8;81;81;RECOVERING_AFTER_LOAD;49.8;4.0;199.0;199.2;1509_direct_carried;;;0.5;732.4;218;199;1;2;0;150D
526351;1787865358032;21.8;81;81;RECOVERING_AFTER_LOAD;49.8;4.0;199.0;199.2;1509_direct_carried;;;0.5;732.4;218;199;1;2;0;1502
526771;1787865358452;21.8;81;81;RECOVERING_AFTER_LOAD;49.8;4.0;199.0;199.2;1509_direct_carried;;;0.5;732.4;218;199;1;2;0;1505
526982;1787865358663;21.8;81;81;RECOVERING_AFTER_LOAD;49.8;4.0;199.0;199.2;1509_direct_carried;;;0.5;732.4;218;199;1;2;0;1506
527402;1787865359083;21.8;81;81;RECOVERING_AFTER_LOAD;49.8;4.0;199.0;199.2;1509_direct_carried;;;0.5;732.4;218;199;1;2;0;1508
527602;1787865359283;21.8;81;81;RECOVERING_AFTER_LOAD;50.0;4.0;199.0;200.0;1509_direct;;;0.5;732.4;218;199;1;2;0;1509
527813;1787865359494;21.8;81;81;RECOVERING_AFTER_LOAD;50.0;4.0;199.0;200.0;1509_direct_carried;;;0.5;732.4;218;199;1;2;0;150A
528022;1787865359703;21.8;81;81;RECOVERING_AFTER_LOAD;50.0;4.0;199.0;200.0;1509_direct_carried;;;0.5;732.4;218;199;1;2;0;150B
528231;1787865359912;21.8;81;81;RECOVERING_AFTER_LOAD;50.0;4.0;199.0;200.0;1509_direct_carried;;;0.5;732.4;218;199;1;2;0;150D
529276;1787865360957;21.8;81;81;RECOVERING_AFTER_LOAD;50.0;4.0;199.0;200.0;1509_direct_carried;;;0.5;732.4;218;199;1;2;0;1502
529694;1787865361375;21.8;81;81;RECOVERING_AFTER_LOAD;50.0;4.0;199.0;200.0;1509_direct_carried;;;0.5;732.4;218;199;1;2;0;1505
529904;1787865361585;21.8;81;81;RECOVERING_AFTER_LOAD;50.0;4.0;199.0;200.0;1509_direct_carried;;;0.5;732.4;218;199;1;2;0;1506
530325;1787865362006;21.8;81;81;RECOVERING_AFTER_LOAD;50.0;4.0;199.0;200.0;1509_direct_carried;;;0.5;732.4;218;199;1;2;0;1508
530536;1787865362217;21.8;81;81;RECOVERING_AFTER_LOAD;49.7;5.0;248.0;248.5;1509_direct;;;0.5;732.4;218;248;1;2;0;1509
530736;1787865362417;21.8;81;81;RECOVERING_AFTER_LOAD;49.7;5.0;248.0;248.5;1509_direct_carried;;;0.5;732.4;218;248;1;2;0;150A
530946;1787865362627;21.8;81;81;RECOVERING_AFTER_LOAD;49.7;5.0;248.0;248.5;1509_direct_carried;;;0.5;732.4;218;248;1;2;0;150B
531156;1787865362837;21.8;81;81;RECOVERING_AFTER_LOAD;49.7;5.0;248.0;248.5;1509_direct_carried;;;0.5;732.4;218;248;1;2;0;150D
532204;1787865363885;21.8;81;81;RECOVERING_AFTER_LOAD;49.7;5.0;248.0;248.5;1509_direct_carried;;;0.5;732.4;218;248;1;2;0;1502
532615;1787865364296;21.8;81;81;RECOVERING_AFTER_LOAD;49.7;5.0;248.0;248.5;1509_direct_carried;;;0.5;732.4;218;248;1;2;0;1505
532825;1787865364506;21.8;81;81;RECOVERING_AFTER_LOAD;49.7;5.0;248.0;248.5;1509_direct_carried;;;0.6;732.5;218;248;1;2;0;1506
533246;1787865364927;21.8;81;81;RECOVERING_AFTER_LOAD;49.7;5.0;248.0;248.5;1509_direct_carried;;;0.6;732.5;218;248;1;2;0;1508
533455;1787865365136;21.8;81;81;RECOVERING_AFTER_LOAD;49.7;5.0;248.0;248.5;1509_direct;;;0.6;732.5;218;248;1;2;0;1509
533666;1787865365347;21.8;81;81;RECOVERING_AFTER_LOAD;49.7;5.0;248.0;248.5;1509_direct_carried;;;0.6;732.5;218;248;1;2;0;150A
533876;1787865365557;21.8;81;81;RECOVERING_AFTER_LOAD;49.7;5.0;248.0;248.5;1509_direct_carried;;;0.6;732.5;218;248;1;2;0;150B
534075;1787865365756;21.8;81;81;RECOVERING_AFTER_LOAD;49.7;5.0;248.0;248.5;1509_direct_carried;;;0.6;732.5;218;248;1;2;0;150D
535125;1787865366806;21.8;81;81;RECOVERING_AFTER_LOAD;49.7;5.0;248.0;248.5;1509_direct_carried;;;0.6;732.5;218;248;1;2;0;1502
535545;1787865367226;21.8;81;81;RECOVERING_AFTER_LOAD;49.7;5.0;248.0;248.5;1509_direct_carried;;;0.6;732.5;218;248;1;2;0;1505
535746;1787865367427;21.8;81;81;RECOVERING_AFTER_LOAD;49.7;5.0;248.0;248.5;1509_direct_carried;;;0.6;732.5;218;248;1;2;0;1506
536166;1787865367847;21.8;81;81;RECOVERING_AFTER_LOAD;49.7;5.0;248.0;248.5;1509_direct_carried;;;0.6;732.5;218;248;1;2;0;1508
536377;1787865368058;21.8;81;81;RECOVERING_AFTER_LOAD;49.8;5.0;249.0;249.0;1509_direct;;;0.6;732.5;218;249;1;2;0;1509
536588;1787865368269;21.8;81;81;RECOVERING_AFTER_LOAD;49.8;5.0;249.0;249.0;1509_direct_carried;;;0.6;732.5;218;249;1;2;0;150A
536795;1787865368476;21.8;81;81;RECOVERING_AFTER_LOAD;49.8;5.0;249.0;249.0;1509_direct_carried;;;0.6;732.5;218;249;1;2;0;150B
537007;1787865368688;21.8;81;81;RECOVERING_AFTER_LOAD;49.8;5.0;249.0;249.0;1509_direct_carried;;;0.6;732.5;218;249;1;2;0;150D
538046;1787865369727;21.8;81;81;RECOVERING_AFTER_LOAD;49.8;5.0;249.0;249.0;1509_direct_carried;;;0.6;732.5;218;249;1;2;0;1502
538466;1787865370147;21.8;81;81;RECOVERING_AFTER_LOAD;49.8;5.0;249.0;249.0;1509_direct_carried;;;0.6;732.5;218;249;1;2;0;1505
538674;1787865370355;21.8;81;81;RECOVERING_AFTER_LOAD;49.8;5.0;249.0;249.0;1509_direct_carried;;;0.6;732.5;218;249;1;2;0;1506
539086;1787865370767;21.8;81;81;RECOVERING_AFTER_LOAD;49.8;5.0;249.0;249.0;1509_direct_carried;;;0.6;732.5;218;249;1;2;0;1508
539295;1787865370976;21.8;81;81;RECOVERING_AFTER_LOAD;49.8;4.0;199.0;199.2;1509_direct;;;0.6;732.5;218;199;1;2;0;1509
539506;1787865371187;21.8;81;81;RECOVERING_AFTER_LOAD;49.8;4.0;199.0;199.2;1509_direct_carried;;;0.6;732.5;218;199;1;2;0;150A
539717;1787865371398;21.8;81;81;RECOVERING_AFTER_LOAD;49.8;4.0;199.0;199.2;1509_direct_carried;;;0.6;732.5;218;199;1;2;0;150B
539927;1787865371608;21.8;81;81;RECOVERING_AFTER_LOAD;49.8;4.0;199.0;199.2;1509_direct_carried;;;0.6;732.5;218;199;1;2;0;150D
540967;1787865372648;21.8;81;81;RECOVERING_AFTER_LOAD;49.8;4.0;199.0;199.2;1509_direct_carried;;;0.6;732.5;218;199;1;2;0;1502
541388;1787865373069;21.8;81;81;RECOVERING_AFTER_LOAD;49.8;4.0;199.0;199.2;1509_direct_carried;;;0.6;732.5;218;199;1;2;0;1505
541596;1787865373277;21.8;81;81;RECOVERING_AFTER_LOAD;49.8;4.0;199.0;199.2;1509_direct_carried;;;0.6;732.5;218;199;1;2;0;1506
542016;1787865373697;21.8;81;81;RECOVERING_AFTER_LOAD;49.8;4.0;199.0;199.2;1509_direct_carried;;;0.6;732.5;218;199;1;2;0;1508
542215;1787865373896;21.8;81;81;RECOVERING_AFTER_LOAD;49.7;5.0;248.0;248.5;1509_direct;;;0.6;732.5;218;248;1;2;0;1509
542426;1787865374107;21.8;81;81;RECOVERING_AFTER_LOAD;49.7;5.0;248.0;248.5;1509_direct_carried;;;0.6;732.5;218;248;1;2;0;150A
542637;1787865374318;21.8;81;81;RECOVERING_AFTER_LOAD;49.7;5.0;248.0;248.5;1509_direct_carried;;;0.6;732.5;218;248;1;2;0;150B
542847;1787865374528;21.8;81;81;RECOVERING_AFTER_LOAD;49.7;5.0;248.0;248.5;1509_direct_carried;;;0.6;732.5;218;248;1;2;0;150D
543887;1787865375568;21.8;81;81;RECOVERING_AFTER_LOAD;49.7;5.0;248.0;248.5;1509_direct_carried;;;0.6;732.5;218;248;1;2;0;1502
544307;1787865375988;21.8;81;81;RECOVERING_AFTER_LOAD;49.7;5.0;248.0;248.5;1509_direct_carried;;;0.6;732.5;218;248;1;2;0;1505
544516;1787865376197;21.8;81;81;RECOVERING_AFTER_LOAD;49.7;5.0;248.0;248.5;1509_direct_carried;;;0.6;732.5;218;248;1;2;0;1506
544935;1787865376616;21.8;81;81;RECOVERING_AFTER_LOAD;49.7;5.0;248.0;248.5;1509_direct_carried;;;0.6;732.5;218;248;1;2;0;1508
545144;1787865376825;21.8;81;81;RECOVERING_AFTER_LOAD;49.6;5.0;248.0;248.0;1509_direct;;;0.6;732.5;218;248;1;2;0;1509
545355;1787865377036;21.8;81;81;RECOVERING_AFTER_LOAD;49.6;5.0;248.0;248.0;1509_direct_carried;;;0.6;732.5;218;248;1;2;0;150A
545557;1787865377238;21.8;81;81;RECOVERING_AFTER_LOAD;49.6;5.0;248.0;248.0;1509_direct_carried;;;0.6;732.5;218;248;1;2;0;150B
545774;1787865377455;21.8;81;81;RECOVERING_AFTER_LOAD;49.6;5.0;248.0;248.0;1509_direct_carried;;;0.6;732.5;218;248;1;2;0;150D
546820;1787865378501;21.8;81;81;RECOVERING_AFTER_LOAD;49.6;5.0;248.0;248.0;1509_direct_carried;;;0.6;732.5;218;248;1;2;0;1502
547226;1787865378907;21.8;81;81;RECOVERING_AFTER_LOAD;49.6;5.0;248.0;248.0;1509_direct_carried;;;0.6;732.5;218;248;1;2;0;1505
547436;1787865379117;21.8;81;81;RECOVERING_AFTER_LOAD;49.6;5.0;248.0;248.0;1509_direct_carried;;;0.6;732.5;218;248;1;2;0;1506
547858;1787865379539;21.8;81;81;RECOVERING_AFTER_LOAD;49.6;5.0;248.0;248.0;1509_direct_carried;;;0.6;732.5;218;248;1;2;0;1508
548069;1787865379750;21.8;81;81;RECOVERING_AFTER_LOAD;49.7;4.0;199.0;198.8;1509_direct;;;0.6;732.5;218;199;1;2;0;1509
548278;1787865379959;21.8;81;81;RECOVERING_AFTER_LOAD;49.7;4.0;199.0;198.8;1509_direct_carried;;;0.6;732.5;218;199;1;2;0;150A
548488;1787865380169;21.8;81;81;RECOVERING_AFTER_LOAD;49.7;4.0;199.0;198.8;1509_direct_carried;;;0.6;732.5;218;199;1;2;0;150B
548698;1787865380379;21.8;81;81;RECOVERING_AFTER_LOAD;49.7;4.0;199.0;198.8;1509_direct_carried;;;0.6;732.5;218;199;1;2;0;150D
549747;1787865381428;21.8;81;81;RECOVERING_AFTER_LOAD;49.7;4.0;199.0;198.8;1509_direct_carried;;;0.6;732.5;218;199;1;2;0;1502
550167;1787865381848;21.8;81;81;RECOVERING_AFTER_LOAD;49.7;4.0;199.0;198.8;1509_direct_carried;;;0.6;732.5;218;199;1;2;0;1505
550376;1787865382057;21.8;81;81;RECOVERING_AFTER_LOAD;49.7;4.0;199.0;198.8;1509_direct_carried;;;0.7;732.6;218;199;1;2;0;1506
550797;1787865382478;21.8;81;81;RECOVERING_AFTER_LOAD;49.7;4.0;199.0;198.8;1509_direct_carried;;;0.7;732.6;218;199;1;2;0;1508
551007;1787865382688;21.8;81;81;RECOVERING_AFTER_LOAD;49.8;4.0;199.0;199.2;1509_direct;;;0.7;732.6;218;199;1;2;0;1509
551207;1787865382888;21.8;81;81;RECOVERING_AFTER_LOAD;49.8;4.0;199.0;199.2;1509_direct_carried;;;0.7;732.6;218;199;1;2;0;150A
551416;1787865383097;21.8;81;81;RECOVERING_AFTER_LOAD;49.8;4.0;199.0;199.2;1509_direct_carried;;;0.7;732.6;218;199;1;2;0;150B
551626;1787865383307;21.8;81;81;RECOVERING_AFTER_LOAD;49.8;4.0;199.0;199.2;1509_direct_carried;;;0.7;732.6;218;199;1;2;0;150D
552676;1787865384357;21.8;81;81;RECOVERING_AFTER_LOAD;49.8;4.0;199.0;199.2;1509_direct_carried;;;0.7;732.6;218;199;1;2;0;1502
553088;1787865384769;21.8;81;81;RECOVERING_AFTER_LOAD;49.8;4.0;199.0;199.2;1509_direct_carried;;;0.7;732.6;218;199;1;2;0;1505
553297;1787865384978;21.8;81;81;RECOVERING_AFTER_LOAD;49.8;4.0;199.0;199.2;1509_direct_carried;;;0.7;732.6;218;199;1;2;0;1506
553717;1787865385398;21.8;81;81;RECOVERING_AFTER_LOAD;49.8;4.0;199.0;199.2;1509_direct_carried;;;0.7;732.6;218;199;1;2;0;1508
553926;1787865385607;21.8;81;81;RECOVERING_AFTER_LOAD;49.7;4.0;198.0;198.8;1509_direct;;;0.7;732.6;218;198;1;2;0;1509
554133;1787865385814;21.8;81;81;RECOVERING_AFTER_LOAD;49.7;4.0;198.0;198.8;1509_direct_carried;;;0.7;732.6;218;198;1;2;0;150A
554344;1787865386025;21.8;81;81;RECOVERING_AFTER_LOAD;49.7;4.0;198.0;198.8;1509_direct_carried;;;0.7;732.6;218;198;1;2;0;150B
554553;1787865386234;21.8;81;81;RECOVERING_AFTER_LOAD;49.7;4.0;198.0;198.8;1509_direct_carried;;;0.7;732.6;218;198;1;2;0;150D
555593;1787865387274;21.8;81;81;RECOVERING_AFTER_LOAD;49.7;4.0;198.0;198.8;1509_direct_carried;;;0.7;732.6;218;198;1;2;0;1502
556016;1787865387697;21.8;81;81;RECOVERING_AFTER_LOAD;49.7;4.0;198.0;198.8;1509_direct_carried;;;0.7;732.6;218;198;1;2;0;1505
556215;1787865387896;21.8;81;81;RECOVERING_AFTER_LOAD;49.7;4.0;198.0;198.8;1509_direct_carried;;;0.7;732.6;218;198;1;2;0;1506
556636;1787865388317;21.8;81;81;RECOVERING_AFTER_LOAD;49.7;4.0;198.0;198.8;1509_direct_carried;;;0.7;732.6;218;198;1;2;0;1508
556848;1787865388529;21.8;81;81;RECOVERING_AFTER_LOAD;49.7;4.0;198.0;198.8;1509_direct;;;0.7;732.6;218;198;1;2;0;1509
557056;1787865388737;21.8;81;81;RECOVERING_AFTER_LOAD;49.7;4.0;198.0;198.8;1509_direct_carried;;;0.7;732.6;218;198;1;2;0;150A
557266;1787865388947;21.8;81;81;RECOVERING_AFTER_LOAD;49.7;4.0;198.0;198.8;1509_direct_carried;;;0.7;732.6;218;198;1;2;0;150B
557477;1787865389158;21.8;81;81;RECOVERING_AFTER_LOAD;49.7;4.0;198.0;198.8;1509_direct_carried;;;0.7;732.6;218;198;1;2;0;150D
558518;1787865390199;21.8;81;81;RECOVERING_AFTER_LOAD;49.7;4.0;198.0;198.8;1509_direct_carried;;;0.7;732.6;218;198;1;2;0;1502
558939;1787865390620;21.8;81;81;RECOVERING_AFTER_LOAD;49.7;4.0;198.0;198.8;1509_direct_carried;;;0.7;732.6;218;198;1;2;0;1505
559144;1787865390825;21.8;81;81;RECOVERING_AFTER_LOAD;49.7;4.0;198.0;198.8;1509_direct_carried;;;0.7;732.6;218;198;1;2;0;1506
559556;1787865391237;21.8;81;81;RECOVERING_AFTER_LOAD;49.7;4.0;198.0;198.8;1509_direct_carried;;;0.7;732.6;218;198;1;2;0;1508
559765;1787865391446;21.8;81;81;RECOVERING_AFTER_LOAD;49.7;5.0;248.0;248.5;1509_direct;;;0.7;732.6;218;248;1;2;0;1509
559976;1787865391657;21.8;81;81;RECOVERING_AFTER_LOAD;49.7;5.0;248.0;248.5;1509_direct_carried;;;0.7;732.6;218;248;1;2;0;150A
560186;1787865391867;21.8;81;81;RECOVERING_AFTER_LOAD;49.7;5.0;248.0;248.5;1509_direct_carried;;;0.7;732.6;218;248;1;2;0;150B
560396;1787865392077;21.8;81;81;RECOVERING_AFTER_LOAD;49.7;5.0;248.0;248.5;1509_direct_carried;;;0.7;732.6;218;248;1;2;0;150D
561437;1787865393118;21.8;81;81;RECOVERING_AFTER_LOAD;49.7;5.0;248.0;248.5;1509_direct_carried;;;0.7;732.6;218;248;1;2;0;1502
561855;1787865393536;21.8;81;81;RECOVERING_AFTER_LOAD;49.7;5.0;248.0;248.5;1509_direct_carried;;;0.7;732.6;218;248;1;2;0;1505
562066;1787865393747;21.8;81;81;RECOVERING_AFTER_LOAD;49.7;5.0;248.0;248.5;1509_direct_carried;;;0.7;732.6;218;248;1;2;0;1506
562487;1787865394168;21.8;81;81;RECOVERING_AFTER_LOAD;49.7;5.0;248.0;248.5;1509_direct_carried;;;0.7;732.6;218;248;1;2;0;1508
562686;1787865394367;21.8;81;81;RECOVERING_AFTER_LOAD;49.7;5.0;247.0;248.5;1509_direct;;;0.7;732.6;218;247;1;2;0;1509
562894;1787865394575;21.8;81;81;RECOVERING_AFTER_LOAD;49.7;5.0;247.0;248.5;1509_direct_carried;;;0.7;732.6;218;247;1;2;0;150A
563106;1787865394787;21.8;81;81;RECOVERING_AFTER_LOAD;49.7;5.0;247.0;248.5;1509_direct_carried;;;0.7;732.6;218;247;1;2;0;150B
563316;1787865394997;21.8;81;81;RECOVERING_AFTER_LOAD;49.7;5.0;247.0;248.5;1509_direct_carried;;;0.7;732.6;218;247;1;2;0;150D
564357;1787865396038;21.8;81;81;RECOVERING_AFTER_LOAD;49.7;5.0;247.0;248.5;1509_direct_carried;;;0.7;732.6;218;247;1;2;0;1502
564777;1787865396458;21.8;81;81;RECOVERING_AFTER_LOAD;49.7;5.0;247.0;248.5;1509_direct_carried;;;0.7;732.6;218;247;1;2;0;1505
564988;1787865396669;21.8;81;81;RECOVERING_AFTER_LOAD;49.7;5.0;247.0;248.5;1509_direct_carried;;;0.8;732.7;218;247;1;2;0;1506
565408;1787865397089;21.8;81;81;RECOVERING_AFTER_LOAD;49.7;5.0;247.0;248.5;1509_direct_carried;;;0.8;732.7;218;247;1;2;0;1508
565616;1787865397297;21.8;81;81;RECOVERING_AFTER_LOAD;49.8;4.0;199.0;199.2;1509_direct;;;0.8;732.7;218;199;1;2;0;1509
565824;1787865397505;21.8;81;81;RECOVERING_AFTER_LOAD;49.8;4.0;199.0;199.2;1509_direct_carried;;;0.8;732.7;218;199;1;2;0;150A
566039;1787865397720;21.8;81;81;RECOVERING_AFTER_LOAD;49.8;4.0;199.0;199.2;1509_direct_carried;;;0.8;732.7;218;199;1;2;0;150B
566236;1787865397917;21.8;81;81;RECOVERING_AFTER_LOAD;49.8;4.0;199.0;199.2;1509_direct_carried;;;0.8;732.7;218;199;1;2;0;150D
567288;1787865398969;21.8;81;81;RECOVERING_AFTER_LOAD;49.8;4.0;199.0;199.2;1509_direct_carried;;;0.8;732.7;218;199;1;2;0;1502
567697;1787865399378;21.8;81;81;RECOVERING_AFTER_LOAD;49.8;4.0;199.0;199.2;1509_direct_carried;;;0.8;732.7;218;199;1;2;0;1505
567907;1787865399588;21.8;81;81;RECOVERING_AFTER_LOAD;49.8;4.0;199.0;199.2;1509_direct_carried;;;0.8;732.7;218;199;1;2;0;1506
568328;1787865400009;21.8;81;81;RECOVERING_AFTER_LOAD;49.8;4.0;199.0;199.2;1509_direct_carried;;;0.8;732.7;218;199;1;2;0;1508
568539;1787865400220;21.8;81;81;RECOVERING_AFTER_LOAD;49.5;4.0;248.0;198.0;1509_direct;;;0.8;732.7;218;248;1;2;0;1509
568746;1787865400427;21.8;81;81;RECOVERING_AFTER_LOAD;49.5;4.0;248.0;198.0;1509_direct_carried;;;0.8;732.7;218;248;1;2;0;150A
568957;1787865400638;21.8;81;81;RECOVERING_AFTER_LOAD;49.5;4.0;248.0;198.0;1509_direct_carried;;;0.8;732.7;218;248;1;2;0;150B
569166;1787865400847;21.8;81;81;RECOVERING_AFTER_LOAD;49.5;4.0;248.0;198.0;1509_direct_carried;;;0.8;732.7;218;248;1;2;0;150D
570207;1787865401888;21.8;81;81;RECOVERING_AFTER_LOAD;49.5;4.0;248.0;198.0;1509_direct_carried;;;0.8;732.7;218;248;1;2;0;1502
570627;1787865402308;21.8;81;81;RECOVERING_AFTER_LOAD;49.5;4.0;248.0;198.0;1509_direct_carried;;;0.8;732.7;218;248;1;2;0;1505
570838;1787865402519;21.8;81;81;RECOVERING_AFTER_LOAD;49.5;4.0;248.0;198.0;1509_direct_carried;;;0.8;732.7;218;248;1;2;0;1506
571246;1787865402927;21.8;81;81;RECOVERING_AFTER_LOAD;49.5;4.0;248.0;198.0;1509_direct_carried;;;0.8;732.7;218;248;1;2;0;1508
571459;1787865403140;21.8;81;81;RECOVERING_AFTER_LOAD;49.6;5.0;248.0;248.0;1509_direct;;;0.8;732.7;218;248;1;2;0;1509
571667;1787865403348;21.8;81;81;RECOVERING_AFTER_LOAD;49.6;5.0;248.0;248.0;1509_direct_carried;;;0.8;732.7;218;248;1;2;0;150A
571877;1787865403558;21.8;81;81;RECOVERING_AFTER_LOAD;49.6;5.0;248.0;248.0;1509_direct_carried;;;0.8;732.7;218;248;1;2;0;150B
572086;1787865403767;21.8;81;81;RECOVERING_AFTER_LOAD;49.6;5.0;248.0;248.0;1509_direct_carried;;;0.8;732.7;218;248;1;2;0;150D
573127;1787865404808;21.8;81;81;RECOVERING_AFTER_LOAD;49.6;5.0;248.0;248.0;1509_direct_carried;;;0.8;732.7;218;248;1;2;0;1502
573548;1787865405229;21.8;81;81;RECOVERING_AFTER_LOAD;49.6;5.0;248.0;248.0;1509_direct_carried;;;0.8;732.7;218;248;1;2;0;1505
573757;1787865405438;21.8;81;81;RECOVERING_AFTER_LOAD;49.6;5.0;248.0;248.0;1509_direct_carried;;;0.8;732.7;218;248;1;2;0;1506
574177;1787865405858;21.8;81;81;RECOVERING_AFTER_LOAD;49.6;5.0;248.0;248.0;1509_direct_carried;;;0.8;732.7;218;248;1;2;0;1508
574387;1787865406068;21.8;81;81;RECOVERING_AFTER_LOAD;49.5;5.0;247.0;247.5;1509_direct;;;0.8;732.7;218;247;1;2;0;1509
574586;1787865406267;21.8;81;81;RECOVERING_AFTER_LOAD;49.5;5.0;247.0;247.5;1509_direct_carried;;;0.8;732.7;218;247;1;2;0;150A
574799;1787865406480;21.8;81;81;RECOVERING_AFTER_LOAD;49.5;5.0;247.0;247.5;1509_direct_carried;;;0.8;732.7;218;247;1;2;0;150B
575003;1787865406684;21.8;81;81;RECOVERING_AFTER_LOAD;49.5;5.0;247.0;247.5;1509_direct_carried;;;0.8;732.7;218;247;1;2;0;150D
576047;1787865407728;21.8;81;81;RECOVERING_AFTER_LOAD;49.5;5.0;247.0;247.5;1509_direct_carried;;;0.8;732.7;218;247;1;2;0;1502
576466;1787865408147;21.8;81;81;RECOVERING_AFTER_LOAD;49.5;5.0;247.0;247.5;1509_direct_carried;;;0.8;732.7;218;247;1;2;0;1505
576674;1787865408355;21.8;81;81;RECOVERING_AFTER_LOAD;49.5;5.0;247.0;247.5;1509_direct_carried;;;0.8;732.7;218;247;1;2;0;1506
577097;1787865408778;21.8;81;81;RECOVERING_AFTER_LOAD;49.5;5.0;247.0;247.5;1509_direct_carried;;;0.8;732.7;218;247;1;2;0;1508
577308;1787865408989;21.8;81;81;RECOVERING_AFTER_LOAD;49.4;6.0;296.0;296.4;1509_direct;;;0.8;732.7;218;296;1;2;0;1509
577506;1787865409187;21.8;81;81;RECOVERING_AFTER_LOAD;49.4;6.0;296.0;296.4;1509_direct_carried;;;0.8;732.7;218;296;1;2;0;150A
577717;1787865409398;21.8;81;81;RECOVERING_AFTER_LOAD;49.4;6.0;296.0;296.4;1509_direct_carried;;;0.8;732.7;218;296;1;2;0;150B
577928;1787865409609;21.8;81;81;RECOVERING_AFTER_LOAD;49.4;6.0;296.0;296.4;1509_direct_carried;;;0.8;732.7;218;296;1;2;0;150D
578978;1787865410659;21.8;81;81;RECOVERING_AFTER_LOAD;49.4;6.0;296.0;296.4;1509_direct_carried;;;0.8;732.7;218;296;1;2;0;1502
579389;1787865411070;21.8;81;81;RECOVERING_AFTER_LOAD;49.4;6.0;296.0;296.4;1509_direct_carried;;;0.8;732.7;218;296;1;2;0;1505
579596;1787865411277;21.8;81;81;RECOVERING_AFTER_LOAD;49.4;6.0;296.0;296.4;1509_direct_carried;;;0.8;732.7;218;296;1;2;0;1506
580017;1787865411698;21.8;81;81;RECOVERING_AFTER_LOAD;49.4;6.0;296.0;296.4;1509_direct_carried;;;0.8;732.7;218;296;1;2;0;1508
580227;1787865411908;21.8;81;81;RECOVERING_AFTER_LOAD;49.4;6.0;296.0;296.4;1509_direct;;;0.8;732.7;218;296;1;2;0;1509
580439;1787865412120;21.8;81;81;RECOVERING_AFTER_LOAD;49.4;6.0;296.0;296.4;1509_direct_carried;;;0.8;732.7;218;296;1;2;0;150A
580646;1787865412327;21.8;81;81;RECOVERING_AFTER_LOAD;49.4;6.0;296.0;296.4;1509_direct_carried;;;0.8;732.7;218;296;1;2;0;150B
580847;1787865412528;21.8;81;81;RECOVERING_AFTER_LOAD;49.4;6.0;296.0;296.4;1509_direct_carried;;;0.8;732.7;218;296;1;2;0;150D
581898;1787865413579;21.8;81;81;RECOVERING_AFTER_LOAD;49.4;6.0;296.0;296.4;1509_direct_carried;;;0.8;732.7;218;296;1;2;0;1502
582516;1787865414197;21.8;81;81;RECOVERING_AFTER_LOAD;49.4;6.0;296.0;296.4;1509_direct_carried;;;0.9;732.8;218;296;1;2;0;1506
582939;1787865414620;21.8;81;81;RECOVERING_AFTER_LOAD;49.4;6.0;296.0;296.4;1509_direct_carried;;;0.9;732.8;218;296;1;2;0;1508
583147;1787865414828;21.8;81;81;RECOVERING_AFTER_LOAD;49.3;7.0;345.0;345.09999999999997;1509_direct;;;0.9;732.8;218;345;1;2;0;1509
583357;1787865415038;21.8;81;81;RECOVERING_AFTER_LOAD;49.3;7.0;345.0;345.09999999999997;1509_direct_carried;;;0.9;732.8;218;345;1;2;0;150A
583565;1787865415246;21.8;81;81;RECOVERING_AFTER_LOAD;49.3;7.0;345.0;345.09999999999997;1509_direct_carried;;;0.9;732.8;218;345;1;2;0;150B
583773;1787865415454;21.8;81;81;RECOVERING_AFTER_LOAD;49.3;7.0;345.0;345.09999999999997;1509_direct_carried;;;0.9;732.8;218;345;1;2;0;150D
584814;1787865416495;21.8;81;81;RECOVERING_AFTER_LOAD;49.3;7.0;345.0;345.09999999999997;1509_direct_carried;;;0.9;732.8;218;345;1;2;0;1502
585237;1787865416918;21.8;81;81;RECOVERING_AFTER_LOAD;49.3;7.0;345.0;345.09999999999997;1509_direct_carried;;;0.9;732.8;218;345;1;2;0;1505
585443;1787865417124;21.8;81;81;RECOVERING_AFTER_LOAD;49.3;7.0;345.0;345.09999999999997;1509_direct_carried;;;0.9;732.8;218;345;1;2;0;1506
585853;1787865417534;21.8;81;81;RECOVERING_AFTER_LOAD;49.3;7.0;345.0;345.09999999999997;1509_direct_carried;;;0.9;732.8;218;345;1;2;0;1508
586065;1787865417746;21.8;81;81;RECOVERING_AFTER_LOAD;49.2;6.0;295.0;295.20000000000005;1509_direct;;;0.9;732.8;218;295;1;2;0;1509
586273;1787865417954;21.8;81;81;RECOVERING_AFTER_LOAD;49.2;6.0;295.0;295.20000000000005;1509_direct_carried;;;0.9;732.8;218;295;1;2;0;150A
586485;1787865418166;21.8;81;81;RECOVERING_AFTER_LOAD;49.2;6.0;295.0;295.20000000000005;1509_direct_carried;;;0.9;732.8;218;295;1;2;0;150B
586694;1787865418375;21.8;81;81;RECOVERING_AFTER_LOAD;49.2;6.0;295.0;295.20000000000005;1509_direct_carried;;;0.9;732.8;218;295;1;2;0;150D
587733;1787865419414;21.8;81;81;RECOVERING_AFTER_LOAD;49.2;6.0;295.0;295.20000000000005;1509_direct_carried;;;0.9;732.8;218;295;1;2;0;1502
588362;1787865420043;21.8;81;81;RECOVERING_AFTER_LOAD;49.2;6.0;295.0;295.20000000000005;1509_direct_carried;;;0.9;732.8;218;295;1;2;0;1506
588784;1787865420465;21.8;81;81;RECOVERING_AFTER_LOAD;49.2;6.0;295.0;295.20000000000005;1509_direct_carried;;;0.9;732.8;218;295;1;2;0;1508
588994;1787865420675;21.8;81;81;RECOVERING_AFTER_LOAD;49.2;7.0;343.0;344.40000000000003;1509_direct;;;0.9;732.8;218;343;1;2;0;1509
589195;1787865420876;21.8;81;81;RECOVERING_AFTER_LOAD;49.2;7.0;343.0;344.40000000000003;1509_direct_carried;;;0.9;732.8;218;343;1;2;0;150A
589402;1787865421083;21.8;81;81;RECOVERING_AFTER_LOAD;49.2;7.0;343.0;344.40000000000003;1509_direct_carried;;;0.9;732.8;218;343;1;2;0;150B
589613;1787865421294;21.8;81;81;RECOVERING_AFTER_LOAD;49.2;7.0;343.0;344.40000000000003;1509_direct_carried;;;0.9;732.8;218;343;1;2;0;150D
590664;1787865422345;21.8;81;81;RECOVERING_AFTER_LOAD;49.2;7.0;343.0;344.40000000000003;1509_direct_carried;;;0.9;732.8;218;343;1;2;0;1502
591282;1787865422963;21.8;81;81;RECOVERING_AFTER_LOAD;49.2;7.0;343.0;344.40000000000003;1509_direct_carried;;;0.9;732.8;218;343;1;2;0;1506
591702;1787865423383;21.8;81;81;RECOVERING_AFTER_LOAD;49.2;7.0;343.0;344.40000000000003;1509_direct_carried;;;0.9;732.8;218;343;1;2;0;1508
591912;1787865423593;21.8;81;81;RECOVERING_AFTER_LOAD;49.3;7.0;344.0;345.09999999999997;1509_direct;;;0.9;732.8;218;344;1;2;0;1509
592123;1787865423804;21.8;81;81;RECOVERING_AFTER_LOAD;49.3;7.0;344.0;345.09999999999997;1509_direct_carried;;;0.9;732.8;218;344;1;2;0;150A
592334;1787865424015;21.8;81;81;RECOVERING_AFTER_LOAD;49.3;7.0;344.0;345.09999999999997;1509_direct_carried;;;0.9;732.8;218;344;1;2;0;150B
592534;1787865424215;21.8;81;81;RECOVERING_AFTER_LOAD;49.3;7.0;344.0;345.09999999999997;1509_direct_carried;;;0.9;732.8;218;344;1;2;0;150D
593584;1787865425265;21.8;81;81;RECOVERING_AFTER_LOAD;49.3;7.0;344.0;345.09999999999997;1509_direct_carried;;;0.9;732.8;218;344;1;2;0;1502
594203;1787865425884;21.8;81;81;RECOVERING_AFTER_LOAD;49.3;7.0;344.0;345.09999999999997;1509_direct_carried;;;0.9;732.8;218;344;1;2;0;1506
594633;1787865426314;21.8;81;81;RECOVERING_AFTER_LOAD;49.3;7.0;344.0;345.09999999999997;1509_direct_carried;;;0.9;732.8;218;344;1;2;0;1508
594832;1787865426513;21.8;81;81;RECOVERING_AFTER_LOAD;49.4;7.0;345.0;345.8;1509_direct;;;0.9;732.8;218;345;1;2;0;1509
595043;1787865426724;21.8;81;81;RECOVERING_AFTER_LOAD;49.4;7.0;345.0;345.8;1509_direct_carried;;;0.9;732.8;218;345;1;2;0;150A
595252;1787865426933;21.8;81;81;RECOVERING_AFTER_LOAD;49.4;7.0;345.0;345.8;1509_direct_carried;;;0.9;732.8;218;345;1;2;0;150B
595463;1787865427144;21.8;81;81;RECOVERING_AFTER_LOAD;49.4;7.0;345.0;345.8;1509_direct_carried;;;0.9;732.8;218;345;1;2;0;150D
596502;1787865428183;21.8;81;81;RECOVERING_AFTER_LOAD;49.4;7.0;345.0;345.8;1509_direct_carried;;;0.9;732.8;218;345;1;2;0;1502
597137;1787865428818;21.8;81;81;RECOVERING_AFTER_LOAD;49.4;7.0;345.0;345.8;1509_direct_carried;;;0.9;732.8;218;345;1;2;0;1506
597542;1787865429223;21.8;81;81;RECOVERING_AFTER_LOAD;49.4;7.0;345.0;345.8;1509_direct_carried;;;0.9;732.8;218;345;1;2;0;1508
597753;1787865429434;21.8;81;81;RECOVERING_AFTER_LOAD;49.2;7.0;344.0;344.40000000000003;1509_direct;;;0.9;732.8;218;344;1;2;0;1509
597964;1787865429645;21.8;81;81;RECOVERING_AFTER_LOAD;49.2;7.0;344.0;344.40000000000003;1509_direct_carried;;;0.9;732.8;218;344;1;2;0;150A
598173;1787865429854;21.8;81;81;RECOVERING_AFTER_LOAD;49.2;7.0;344.0;344.40000000000003;1509_direct_carried;;;0.9;732.8;218;344;1;2;0;150B
598388;1787865430069;21.8;81;81;RECOVERING_AFTER_LOAD;49.2;7.0;344.0;344.40000000000003;1509_direct_carried;;;0.9;732.8;218;344;1;2;0;150D
599427;1787865431108;21.8;81;81;RECOVERING_AFTER_LOAD;49.2;7.0;344.0;344.40000000000003;1509_direct_carried;;;0.9;732.8;218;344;1;2;0;1502
600057;1787865431738;21.8;81;81;RECOVERING_AFTER_LOAD;49.2;7.0;344.0;344.40000000000003;1509_direct_carried;;;1.0;732.9;218;344;1;2;0;1506
600476;1787865432157;21.8;81;81;RECOVERING_AFTER_LOAD;49.2;7.0;344.0;344.40000000000003;1509_direct_carried;;;1.0;732.9;218;344;1;2;0;1508
600678;1787865432359;21.8;81;81;RECOVERING_AFTER_LOAD;49.3;7.0;343.0;345.09999999999997;1509_direct;;;1.0;732.9;218;343;1;2;0;1509
600888;1787865432569;21.8;81;81;RECOVERING_AFTER_LOAD;49.3;7.0;343.0;345.09999999999997;1509_direct_carried;;;1.0;732.9;218;343;1;2;0;150A
601097;1787865432778;21.8;81;81;RECOVERING_AFTER_LOAD;49.3;7.0;343.0;345.09999999999997;1509_direct_carried;;;1.0;732.9;218;343;1;2;0;150B
601307;1787865432988;21.8;81;81;RECOVERING_AFTER_LOAD;49.3;7.0;343.0;345.09999999999997;1509_direct_carried;;;1.0;732.9;218;343;1;2;0;150D
602347;1787865434028;21.8;81;81;RECOVERING_AFTER_LOAD;49.3;7.0;343.0;345.09999999999997;1509_direct_carried;;;1.0;732.9;218;343;1;2;0;1502
602765;1787865434446;21.8;81;81;RECOVERING_AFTER_LOAD;49.3;7.0;343.0;345.09999999999997;1509_direct_carried;;;1.0;732.9;218;343;1;2;0;1505
602977;1787865434658;21.8;81;81;RECOVERING_AFTER_LOAD;49.3;7.0;343.0;345.09999999999997;1509_direct_carried;;;1.0;732.9;218;343;1;2;0;1506
603398;1787865435079;21.8;81;81;RECOVERING_AFTER_LOAD;49.3;7.0;343.0;345.09999999999997;1509_direct_carried;;;1.0;732.9;218;343;1;2;0;1508
603606;1787865435287;21.8;81;81;RECOVERING_AFTER_LOAD;49.0;8.0;392.0;392.0;1509_direct;;;1.0;732.9;218;392;1;2;0;1509
603806;1787865435487;21.8;81;81;RECOVERING_AFTER_LOAD;49.0;8.0;392.0;392.0;1509_direct_carried;;;1.0;732.9;218;392;1;2;0;150A
604018;1787865435699;21.8;81;81;RECOVERING_AFTER_LOAD;49.0;8.0;392.0;392.0;1509_direct_carried;;;1.0;732.9;218;392;1;2;0;150B
604226;1787865435907;21.8;81;81;RECOVERING_AFTER_LOAD;49.0;8.0;392.0;392.0;1509_direct_carried;;;1.0;732.9;218;392;1;2;0;150D
605274;1787865436955;21.8;81;81;RECOVERING_AFTER_LOAD;49.0;8.0;392.0;392.0;1509_direct_carried;;;1.0;732.9;218;392;1;2;0;1502
605893;1787865437574;21.8;81;81;RECOVERING_AFTER_LOAD;49.0;8.0;392.0;392.0;1509_direct_carried;;;1.0;732.9;218;392;1;2;0;1506
606317;1787865437998;21.8;81;81;RECOVERING_AFTER_LOAD;49.0;8.0;392.0;392.0;1509_direct_carried;;;1.0;732.9;218;392;1;2;0;1508
606525;1787865438206;21.8;81;81;RECOVERING_AFTER_LOAD;49.0;7.0;343.0;343.0;1509_direct;;;1.0;732.9;218;343;1;2;0;1509
606737;1787865438418;21.8;81;81;RECOVERING_AFTER_LOAD;49.0;7.0;343.0;343.0;1509_direct_carried;;;1.0;732.9;218;343;1;2;0;150A
606947;1787865438628;21.8;81;81;RECOVERING_AFTER_LOAD;49.0;7.0;343.0;343.0;1509_direct_carried;;;1.0;732.9;218;343;1;2;0;150B
607146;1787865438827;21.8;81;81;RECOVERING_AFTER_LOAD;49.0;7.0;343.0;343.0;1509_direct_carried;;;1.0;732.9;218;343;1;2;0;150D
608196;1787865439877;21.8;81;81;RECOVERING_AFTER_LOAD;49.0;7.0;343.0;343.0;1509_direct_carried;;;1.0;732.9;218;343;1;2;0;1502
608816;1787865440497;21.8;81;81;RECOVERING_AFTER_LOAD;49.0;7.0;343.0;343.0;1509_direct_carried;;;1.0;732.9;218;343;1;2;0;1506
609236;1787865440917;21.8;81;81;RECOVERING_AFTER_LOAD;49.0;7.0;343.0;343.0;1509_direct_carried;;;1.0;732.9;218;343;1;2;0;1508
609445;1787865441126;21.8;81;81;RECOVERING_AFTER_LOAD;49.1;7.0;344.0;343.7;1509_direct;;;1.0;732.9;218;344;1;2;0;1509
609656;1787865441337;21.8;81;81;RECOVERING_AFTER_LOAD;49.1;7.0;344.0;343.7;1509_direct_carried;;;1.0;732.9;218;344;1;2;0;150A
609867;1787865441548;21.8;81;81;RECOVERING_AFTER_LOAD;49.1;7.0;344.0;343.7;1509_direct_carried;;;1.0;732.9;218;344;1;2;0;150B
610076;1787865441757;21.8;81;81;RECOVERING_AFTER_LOAD;49.1;7.0;344.0;343.7;1509_direct_carried;;;1.0;732.9;218;344;1;2;0;150D
611117;1787865442798;21.8;81;81;RECOVERING_AFTER_LOAD;49.1;7.0;344.0;343.7;1509_direct_carried;;;1.0;732.9;218;344;1;2;0;1502
611538;1787865443219;21.8;81;81;RECOVERING_AFTER_LOAD;49.1;7.0;344.0;343.7;1509_direct_carried;;;1.0;732.9;218;344;1;2;0;1505
611750;1787865443431;21.8;81;81;RECOVERING_AFTER_LOAD;49.1;7.0;344.0;343.7;1509_direct_carried;;;1.0;732.9;218;344;1;2;0;1506
612155;1787865443836;21.8;81;81;RECOVERING_AFTER_LOAD;49.1;7.0;344.0;343.7;1509_direct_carried;;;1.0;732.9;218;344;1;2;0;1508
612367;1787865444048;21.8;81;81;RECOVERING_AFTER_LOAD;49.2;7.0;344.0;344.40000000000003;1509_direct;;;1.0;732.9;218;344;1;2;0;1509
612576;1787865444257;21.8;81;81;RECOVERING_AFTER_LOAD;49.2;7.0;344.0;344.40000000000003;1509_direct_carried;;;1.0;732.9;218;344;1;2;0;150A
612786;1787865444467;21.8;81;81;RECOVERING_AFTER_LOAD;49.2;7.0;344.0;344.40000000000003;1509_direct_carried;;;1.0;732.9;218;344;1;2;0;150B
612998;1787865444679;21.8;81;81;RECOVERING_AFTER_LOAD;49.2;7.0;344.0;344.40000000000003;1509_direct_carried;;;1.0;732.9;218;344;1;2;0;150D
614037;1787865445718;21.8;81;81;RECOVERING_AFTER_LOAD;49.2;7.0;344.0;344.40000000000003;1509_direct_carried;;;1.0;732.9;218;344;1;2;0;1502
614456;1787865446137;21.8;81;81;RECOVERING_AFTER_LOAD;49.2;7.0;344.0;344.40000000000003;1509_direct_carried;;;1.0;732.9;218;344;1;2;0;1505
614667;1787865446348;21.8;81;81;RECOVERING_AFTER_LOAD;49.2;7.0;344.0;344.40000000000003;1509_direct_carried;;;1.0;732.9;218;344;1;2;0;1506
615089;1787865446770;21.8;81;81;RECOVERING_AFTER_LOAD;49.2;7.0;344.0;344.40000000000003;1509_direct_carried;;;1.0;732.9;218;344;1;2;0;1508
615286;1787865446967;21.8;81;81;RECOVERING_AFTER_LOAD;48.8;8.0;390.0;390.4;1509_direct;;;1.0;732.9;218;390;1;2;0;1509
615496;1787865447177;21.8;81;81;RECOVERING_AFTER_LOAD;48.8;8.0;390.0;390.4;1509_direct_carried;;;1.0;732.9;218;390;1;2;0;150A
615705;1787865447386;21.8;81;81;RECOVERING_AFTER_LOAD;48.8;8.0;390.0;390.4;1509_direct_carried;;;1.0;732.9;218;390;1;2;0;150B
615916;1787865447597;21.8;81;81;RECOVERING_AFTER_LOAD;48.8;8.0;390.0;390.4;1509_direct_carried;;;1.0;732.9;218;390;1;2;0;150D
616957;1787865448638;21.8;81;81;RECOVERING_AFTER_LOAD;48.8;8.0;390.0;390.4;1509_direct_carried;;;1.0;732.9;218;390;1;2;0;1502
617377;1787865449058;21.8;81;81;RECOVERING_AFTER_LOAD;48.8;8.0;390.0;390.4;1509_direct_carried;;;1.0;732.9;218;390;1;2;0;1505
617587;1787865449268;21.8;81;81;RECOVERING_AFTER_LOAD;48.8;8.0;390.0;390.4;1509_direct_carried;;;1.1;733.0;218;390;1;2;0;1506
618008;1787865449689;21.8;81;81;RECOVERING_AFTER_LOAD;48.8;8.0;390.0;390.4;1509_direct_carried;;;1.1;733.0;218;390;1;2;0;1508
618217;1787865449898;21.8;81;81;RECOVERING_AFTER_LOAD;48.7;9.0;438.0;438.3;1509_direct;;;1.1;733.0;218;438;1;2;0;1509
618418;1787865450099;21.8;81;81;RECOVERING_AFTER_LOAD;48.7;9.0;438.0;438.3;1509_direct_carried;;;1.1;733.0;218;438;1;2;0;150A
618628;1787865450309;21.8;81;81;RECOVERING_AFTER_LOAD;48.7;9.0;438.0;438.3;1509_direct_carried;;;1.1;733.0;218;438;1;2;0;150B
618836;1787865450517;21.8;81;81;RECOVERING_AFTER_LOAD;48.7;9.0;438.0;438.3;1509_direct_carried;;;1.1;733.0;218;438;1;2;0;150D
619888;1787865451569;21.8;81;81;RECOVERING_AFTER_LOAD;48.7;9.0;438.0;438.3;1509_direct_carried;;;1.1;733.0;218;438;1;2;0;1502
620297;1787865451978;21.8;81;81;RECOVERING_AFTER_LOAD;48.7;9.0;438.0;438.3;1509_direct_carried;;;1.1;733.0;218;438;1;2;0;1505
620517;1787865452198;21.8;81;81;RECOVERING_AFTER_LOAD;48.7;9.0;438.0;438.3;1509_direct_carried;;;1.1;733.0;218;438;1;2;0;1506
620926;1787865452607;21.8;81;81;RECOVERING_AFTER_LOAD;48.7;9.0;438.0;438.3;1509_direct_carried;;;1.1;733.0;218;438;1;2;0;1508
621137;1787865452818;21.8;81;81;RECOVERING_AFTER_LOAD;49.0;9.0;438.0;441.0;1509_direct;;;1.1;733.0;218;438;1;2;0;1509
621347;1787865453028;21.8;81;81;RECOVERING_AFTER_LOAD;49.0;9.0;438.0;441.0;1509_direct_carried;;;1.1;733.0;218;438;1;2;0;150A
621557;1787865453238;21.8;81;81;RECOVERING_AFTER_LOAD;49.0;9.0;438.0;441.0;1509_direct_carried;;;1.1;733.0;218;438;1;2;0;150B
621756;1787865453437;21.8;81;81;RECOVERING_AFTER_LOAD;49.0;9.0;438.0;441.0;1509_direct_carried;;;1.1;733.0;218;438;1;2;0;150D
622808;1787865454489;21.8;81;81;RECOVERING_AFTER_LOAD;49.0;9.0;438.0;441.0;1509_direct_carried;;;1.1;733.0;218;438;1;2;0;1502
623227;1787865454908;21.8;81;81;RECOVERING_AFTER_LOAD;49.0;9.0;438.0;441.0;1509_direct_carried;;;1.1;733.0;218;438;1;2;0;1505
623427;1787865455108;21.8;81;81;RECOVERING_AFTER_LOAD;49.0;9.0;438.0;441.0;1509_direct_carried;;;1.1;733.0;218;438;1;2;0;1506
623848;1787865455529;21.8;81;81;RECOVERING_AFTER_LOAD;49.0;9.0;438.0;441.0;1509_direct_carried;;;1.1;733.0;218;438;1;2;0;1508
624059;1787865455740;21.8;81;81;RECOVERING_AFTER_LOAD;48.8;9.0;439.0;439.2;1509_direct;;;1.1;733.0;218;439;1;2;0;1509
624266;1787865455947;21.8;81;81;RECOVERING_AFTER_LOAD;48.8;9.0;439.0;439.2;1509_direct_carried;;;1.1;733.0;218;439;1;2;0;150A
624478;1787865456159;21.8;81;81;RECOVERING_AFTER_LOAD;48.8;9.0;439.0;439.2;1509_direct_carried;;;1.1;733.0;218;439;1;2;0;150B
624686;1787865456367;21.8;81;81;RECOVERING_AFTER_LOAD;48.8;9.0;439.0;439.2;1509_direct_carried;;;1.1;733.0;218;439;1;2;0;150D
625726;1787865457407;21.8;81;81;RECOVERING_AFTER_LOAD;48.8;9.0;439.0;439.2;1509_direct_carried;;;1.1;733.0;218;439;1;2;0;1502
626147;1787865457828;21.8;81;81;RECOVERING_AFTER_LOAD;48.8;9.0;439.0;439.2;1509_direct_carried;;;1.1;733.0;218;439;1;2;0;1505
626357;1787865458038;21.8;81;81;RECOVERING_AFTER_LOAD;48.8;9.0;439.0;439.2;1509_direct_carried;;;1.1;733.0;218;439;1;2;0;1506
626766;1787865458447;21.8;81;81;RECOVERING_AFTER_LOAD;48.8;9.0;439.0;439.2;1509_direct_carried;;;1.1;733.0;218;439;1;2;0;1508
626978;1787865458659;21.8;81;81;RECOVERING_AFTER_LOAD;48.6;9.0;437.0;437.40000000000003;1509_direct;;;1.1;733.0;218;437;1;2;0;1509
627186;1787865458867;21.8;81;81;RECOVERING_AFTER_LOAD;48.6;9.0;437.0;437.40000000000003;1509_direct_carried;;;1.1;733.0;218;437;1;2;0;150A
627395;1787865459076;21.8;81;81;RECOVERING_AFTER_LOAD;48.6;9.0;437.0;437.40000000000003;1509_direct_carried;;;1.1;733.0;218;437;1;2;0;150B
627608;1787865459289;21.8;81;81;RECOVERING_AFTER_LOAD;48.6;9.0;437.0;437.40000000000003;1509_direct_carried;;;1.1;733.0;218;437;1;2;0;150D
628647;1787865460328;21.8;81;81;RECOVERING_AFTER_LOAD;48.6;9.0;437.0;437.40000000000003;1509_direct_carried;;;1.1;733.0;218;437;1;2;0;1502
629067;1787865460748;21.8;81;81;RECOVERING_AFTER_LOAD;48.6;9.0;437.0;437.40000000000003;1509_direct_carried;;;1.1;733.0;218;437;1;2;0;1505
629277;1787865460958;21.8;81;81;RECOVERING_AFTER_LOAD;48.6;9.0;437.0;437.40000000000003;1509_direct_carried;;;1.1;733.0;218;437;1;2;0;1506
629697;1787865461378;21.8;81;81;RECOVERING_AFTER_LOAD;48.6;9.0;437.0;437.40000000000003;1509_direct_carried;;;1.1;733.0;218;437;1;2;0;1508
629897;1787865461578;21.8;81;81;RECOVERING_AFTER_LOAD;48.7;9.0;438.0;438.3;1509_direct;;;1.1;733.0;218;438;1;2;0;1509
630107;1787865461788;21.8;81;81;RECOVERING_AFTER_LOAD;48.7;9.0;438.0;438.3;1509_direct_carried;;;1.1;733.0;218;438;1;2;0;150A
630318;1787865461999;21.8;81;81;RECOVERING_AFTER_LOAD;48.7;9.0;438.0;438.3;1509_direct_carried;;;1.1;733.0;218;438;1;2;0;150B
630527;1787865462208;21.8;81;81;RECOVERING_AFTER_LOAD;48.7;9.0;438.0;438.3;1509_direct_carried;;;1.1;733.0;218;438;1;2;0;150D
631567;1787865463248;21.8;81;81;RECOVERING_AFTER_LOAD;48.7;9.0;438.0;438.3;1509_direct_carried;;;1.1;733.0;218;438;1;2;0;1502
631984;1787865463665;21.8;81;81;RECOVERING_AFTER_LOAD;48.7;9.0;438.0;438.3;1509_direct_carried;;;1.1;733.0;218;438;1;2;0;1505
632194;1787865463875;21.8;81;81;RECOVERING_AFTER_LOAD;48.7;9.0;438.0;438.3;1509_direct_carried;;;1.2;733.1;218;438;1;2;0;1506
632617;1787865464298;21.8;81;81;RECOVERING_AFTER_LOAD;48.7;9.0;438.0;438.3;1509_direct_carried;;;1.2;733.1;218;438;1;2;0;1508
632827;1787865464508;21.8;81;81;RECOVERING_AFTER_LOAD;48.6;8.0;388.0;388.8;1509_direct;;;1.2;733.1;218;388;1;2;0;1509
633027;1787865464708;21.8;81;81;RECOVERING_AFTER_LOAD;48.6;8.0;388.0;388.8;1509_direct_carried;;;1.2;733.1;218;388;1;2;0;150A
633236;1787865464917;21.8;81;81;RECOVERING_AFTER_LOAD;48.6;8.0;388.0;388.8;1509_direct_carried;;;1.2;733.1;218;388;1;2;0;150B
633445;1787865465126;21.8;81;81;RECOVERING_AFTER_LOAD;48.6;8.0;388.0;388.8;1509_direct_carried;;;1.2;733.1;218;388;1;2;0;150D
634498;1787865466179;21.8;81;81;RECOVERING_AFTER_LOAD;48.6;8.0;388.0;388.8;1509_direct_carried;;;1.2;733.1;218;388;1;2;0;1502
634906;1787865466587;21.8;81;81;RECOVERING_AFTER_LOAD;48.6;8.0;388.0;388.8;1509_direct_carried;;;1.2;733.1;218;388;1;2;0;1505
635117;1787865466798;21.8;81;81;RECOVERING_AFTER_LOAD;48.6;8.0;388.0;388.8;1509_direct_carried;;;1.2;733.1;218;388;1;2;0;1506
635537;1787865467218;21.8;81;81;RECOVERING_AFTER_LOAD;48.6;8.0;388.0;388.8;1509_direct_carried;;;1.2;733.1;218;388;1;2;0;1508
635747;1787865467428;21.8;81;81;RECOVERING_AFTER_LOAD;48.7;9.0;438.0;438.3;1509_direct;;;1.2;733.1;218;438;1;2;0;1509
635958;1787865467639;21.8;81;81;RECOVERING_AFTER_LOAD;48.7;9.0;438.0;438.3;1509_direct_carried;;;1.2;733.1;218;438;1;2;0;150A
636167;1787865467848;21.8;81;81;RECOVERING_AFTER_LOAD;48.7;9.0;438.0;438.3;1509_direct_carried;;;1.2;733.1;218;438;1;2;0;150B
636377;1787865468058;21.8;81;81;RECOVERING_AFTER_LOAD;48.7;9.0;438.0;438.3;1509_direct_carried;;;1.2;733.1;218;438;1;2;0;150D
637416;1787865469097;21.8;81;81;RECOVERING_AFTER_LOAD;48.7;9.0;438.0;438.3;1509_direct_carried;;;1.2;733.1;218;438;1;2;0;1502
637836;1787865469517;21.8;81;81;RECOVERING_AFTER_LOAD;48.7;9.0;438.0;438.3;1509_direct_carried;;;1.2;733.1;218;438;1;2;0;1505
638034;1787865469715;21.8;81;81;RECOVERING_AFTER_LOAD;48.7;9.0;438.0;438.3;1509_direct_carried;;;1.2;733.1;218;438;1;2;0;1506
638455;1787865470136;21.8;81;81;RECOVERING_AFTER_LOAD;48.7;9.0;438.0;438.3;1509_direct_carried;;;1.2;733.1;218;438;1;2;0;1508
638665;1787865470346;21.8;81;81;RECOVERING_AFTER_LOAD;48.8;8.0;390.0;390.4;1509_direct;;;1.2;733.1;218;390;1;2;0;1509
638878;1787865470559;21.8;81;81;RECOVERING_AFTER_LOAD;48.8;8.0;390.0;390.4;1509_direct_carried;;;1.2;733.1;218;390;1;2;0;150A
639086;1787865470767;21.8;81;81;RECOVERING_AFTER_LOAD;48.8;8.0;390.0;390.4;1509_direct_carried;;;1.2;733.1;218;390;1;2;0;150B
639297;1787865470978;21.8;81;81;RECOVERING_AFTER_LOAD;48.8;8.0;390.0;390.4;1509_direct_carried;;;1.2;733.1;218;390;1;2;0;150D
640337;1787865472018;21.8;81;81;RECOVERING_AFTER_LOAD;48.8;8.0;390.0;390.4;1509_direct_carried;;;1.2;733.1;218;390;1;2;0;1502
640758;1787865472439;21.8;81;81;RECOVERING_AFTER_LOAD;48.8;8.0;390.0;390.4;1509_direct_carried;;;1.2;733.1;218;390;1;2;0;1505
640969;1787865472650;21.8;81;81;RECOVERING_AFTER_LOAD;48.8;8.0;390.0;390.4;1509_direct_carried;;;1.2;733.1;218;390;1;2;0;1506
641378;1787865473059;21.8;81;81;RECOVERING_AFTER_LOAD;48.8;8.0;390.0;390.4;1509_direct_carried;;;1.2;733.1;218;390;1;2;0;1508
641586;1787865473267;21.8;81;81;RECOVERING_AFTER_LOAD;48.6;8.0;389.0;388.8;1509_direct;;;1.2;733.1;218;389;1;2;0;1509
641799;1787865473480;21.8;81;81;RECOVERING_AFTER_LOAD;48.6;8.0;389.0;388.8;1509_direct_carried;;;1.2;733.1;218;389;1;2;0;150A
642004;1787865473685;21.8;81;81;RECOVERING_AFTER_LOAD;48.6;8.0;389.0;388.8;1509_direct_carried;;;1.2;733.1;218;389;1;2;0;150B
642214;1787865473895;21.8;81;81;RECOVERING_AFTER_LOAD;48.6;8.0;389.0;388.8;1509_direct_carried;;;1.2;733.1;218;389;1;2;0;150D
643254;1787865474935;21.8;81;81;RECOVERING_AFTER_LOAD;48.6;8.0;389.0;388.8;1509_direct_carried;;;1.2;733.1;218;389;1;2;0;1502
643675;1787865475356;21.8;81;81;RECOVERING_AFTER_LOAD;48.6;8.0;389.0;388.8;1509_direct_carried;;;1.2;733.1;218;389;1;2;0;1505
643883;1787865475564;21.8;81;81;RECOVERING_AFTER_LOAD;48.6;8.0;389.0;388.8;1509_direct_carried;;;1.2;733.1;218;389;1;2;0;1506
644303;1787865475984;21.8;81;81;RECOVERING_AFTER_LOAD;48.6;8.0;389.0;388.8;1509_direct_carried;;;1.2;733.1;218;389;1;2;0;1508
644507;1787865476188;21.8;81;81;RECOVERING_AFTER_LOAD;48.8;9.0;439.0;439.2;1509_direct;;;1.2;733.1;218;439;1;2;0;1509
644716;1787865476397;21.8;81;81;RECOVERING_AFTER_LOAD;48.8;9.0;439.0;439.2;1509_direct_carried;;;1.2;733.1;218;439;1;2;0;150A
644925;1787865476606;21.8;81;81;RECOVERING_AFTER_LOAD;48.8;9.0;439.0;439.2;1509_direct_carried;;;1.2;733.1;218;439;1;2;0;150B
645134;1787865476815;21.8;81;81;RECOVERING_AFTER_LOAD;48.8;9.0;439.0;439.2;1509_direct_carried;;;1.2;733.1;218;439;1;2;0;150D
646178;1787865477859;21.8;81;81;RECOVERING_AFTER_LOAD;48.8;9.0;439.0;439.2;1509_direct_carried;;;1.2;733.1;218;439;1;2;0;1502
646594;1787865478275;21.8;81;81;RECOVERING_AFTER_LOAD;48.8;9.0;439.0;439.2;1509_direct_carried;;;1.2;733.1;218;439;1;2;0;1505
646804;1787865478485;21.8;81;81;RECOVERING_AFTER_LOAD;48.8;9.0;439.0;439.2;1509_direct_carried;;;1.2;733.1;218;439;1;2;0;1506
647226;1787865478907;21.8;81;81;RECOVERING_AFTER_LOAD;48.8;9.0;439.0;439.2;1509_direct_carried;;;1.2;733.1;218;439;1;2;0;1508
647434;1787865479115;21.8;81;81;RECOVERING_AFTER_LOAD;48.8;8.0;390.0;390.4;1509_direct;;;1.2;733.1;218;390;1;2;0;1509
647645;1787865479326;21.8;81;81;RECOVERING_AFTER_LOAD;48.8;8.0;390.0;390.4;1509_direct_carried;;;1.2;733.1;218;390;1;2;0;150A
647845;1787865479526;21.8;81;81;RECOVERING_AFTER_LOAD;48.8;8.0;390.0;390.4;1509_direct_carried;;;1.2;733.1;218;390;1;2;0;150B
648056;1787865479737;21.8;81;81;RECOVERING_AFTER_LOAD;48.8;8.0;390.0;390.4;1509_direct_carried;;;1.2;733.1;218;390;1;2;0;150D
649104;1787865480785;21.8;81;81;RECOVERING_AFTER_LOAD;48.8;8.0;390.0;390.4;1509_direct_carried;;;1.2;733.1;218;390;1;2;0;1502
649515;1787865481196;21.8;81;81;RECOVERING_AFTER_LOAD;48.8;8.0;390.0;390.4;1509_direct_carried;;;1.2;733.1;218;390;1;2;0;1505
649724;1787865481405;21.8;81;81;RECOVERING_AFTER_LOAD;48.8;8.0;390.0;390.4;1509_direct_carried;;;1.3;733.2;218;390;1;2;0;1506
650144;1787865481825;21.8;81;81;RECOVERING_AFTER_LOAD;48.8;8.0;390.0;390.4;1509_direct_carried;;;1.3;733.2;218;390;1;2;0;1508
650356;1787865482037;21.8;81;81;RECOVERING_AFTER_LOAD;48.7;9.0;437.0;438.3;1509_direct;;;1.3;733.2;218;437;1;2;0;1509
650564;1787865482245;21.8;81;81;RECOVERING_AFTER_LOAD;48.7;9.0;437.0;438.3;1509_direct_carried;;;1.3;733.2;218;437;1;2;0;150A
650774;1787865482455;21.8;81;81;RECOVERING_AFTER_LOAD;48.7;9.0;437.0;438.3;1509_direct_carried;;;1.3;733.2;218;437;1;2;0;150B
650986;1787865482667;21.8;81;81;RECOVERING_AFTER_LOAD;48.7;9.0;437.0;438.3;1509_direct_carried;;;1.3;733.2;218;437;1;2;0;150D
652026;1787865483707;21.8;81;81;RECOVERING_AFTER_LOAD;48.7;9.0;437.0;438.3;1509_direct_carried;;;1.3;733.2;218;437;1;2;0;1502
652445;1787865484126;21.8;81;81;RECOVERING_AFTER_LOAD;48.7;9.0;437.0;438.3;1509_direct_carried;;;1.3;733.2;218;437;1;2;0;1505
652659;1787865484340;21.8;81;81;RECOVERING_AFTER_LOAD;48.7;9.0;437.0;438.3;1509_direct_carried;;;1.3;733.2;218;437;1;2;0;1506
653065;1787865484746;21.8;81;81;RECOVERING_AFTER_LOAD;48.7;9.0;437.0;438.3;1509_direct_carried;;;1.3;733.2;218;437;1;2;0;1508
653278;1787865484959;21.8;81;81;RECOVERING_AFTER_LOAD;48.6;9.0;438.0;437.40000000000003;1509_direct;;;1.3;733.2;218;438;1;2;0;1509
653489;1787865485170;21.8;81;81;RECOVERING_AFTER_LOAD;48.6;9.0;438.0;437.40000000000003;1509_direct_carried;;;1.3;733.2;218;438;1;2;0;150A
653694;1787865485375;21.8;81;81;RECOVERING_AFTER_LOAD;48.6;9.0;438.0;437.40000000000003;1509_direct_carried;;;1.3;733.2;218;438;1;2;0;150B
653906;1787865485587;21.8;81;81;RECOVERING_AFTER_LOAD;48.6;9.0;438.0;437.40000000000003;1509_direct_carried;;;1.3;733.2;218;438;1;2;0;150D
654946;1787865486627;21.8;81;81;RECOVERING_AFTER_LOAD;48.6;9.0;438.0;437.40000000000003;1509_direct_carried;;;1.3;733.2;218;438;1;2;0;1502
655365;1787865487046;21.8;81;81;RECOVERING_AFTER_LOAD;48.6;9.0;438.0;437.40000000000003;1509_direct_carried;;;1.3;733.2;218;438;1;2;0;1505
655579;1787865487260;21.8;81;81;RECOVERING_AFTER_LOAD;48.6;9.0;438.0;437.40000000000003;1509_direct_carried;;;1.3;733.2;218;438;1;2;0;1506
655994;1787865487675;21.8;81;81;RECOVERING_AFTER_LOAD;48.6;9.0;438.0;437.40000000000003;1509_direct_carried;;;1.3;733.2;218;438;1;2;0;1508
656200;1787865487881;21.8;81;81;RECOVERING_AFTER_LOAD;48.5;9.0;436.0;436.5;1509_direct;;;1.3;733.2;218;436;1;2;0;1509
656408;1787865488089;21.8;81;81;RECOVERING_AFTER_LOAD;48.5;9.0;436.0;436.5;1509_direct_carried;;;1.3;733.2;218;436;1;2;0;150A
656616;1787865488297;21.8;81;81;RECOVERING_AFTER_LOAD;48.5;9.0;436.0;436.5;1509_direct_carried;;;1.3;733.2;218;436;1;2;0;150B
656824;1787865488505;21.8;81;81;RECOVERING_AFTER_LOAD;48.5;9.0;436.0;436.5;1509_direct_carried;;;1.3;733.2;218;436;1;2;0;150D
657865;1787865489546;21.8;81;81;RECOVERING_AFTER_LOAD;48.5;9.0;436.0;436.5;1509_direct_carried;;;1.3;733.2;218;436;1;2;0;1502
658293;1787865489974;21.8;81;81;RECOVERING_AFTER_LOAD;48.5;9.0;436.0;436.5;1509_direct_carried;;;1.3;733.2;218;436;1;2;0;1505
658497;1787865490178;21.8;81;81;RECOVERING_AFTER_LOAD;48.5;9.0;436.0;436.5;1509_direct_carried;;;1.3;733.2;218;436;1;2;0;1506
658917;1787865490598;21.8;81;81;RECOVERING_AFTER_LOAD;48.5;9.0;436.0;436.5;1509_direct_carried;;;1.3;733.2;218;436;1;2;0;1508
659127;1787865490808;21.8;81;81;RECOVERING_AFTER_LOAD;48.6;8.0;388.0;388.8;1509_direct;;;1.3;733.2;218;388;1;2;0;1509
659325;1787865491006;21.8;81;81;RECOVERING_AFTER_LOAD;48.6;8.0;388.0;388.8;1509_direct_carried;;;1.3;733.2;218;388;1;2;0;150A
659539;1787865491220;21.8;81;81;RECOVERING_AFTER_LOAD;48.6;8.0;388.0;388.8;1509_direct_carried;;;1.3;733.2;218;388;1;2;0;150B
659751;1787865491432;21.8;81;81;RECOVERING_AFTER_LOAD;48.6;8.0;388.0;388.8;1509_direct_carried;;;1.3;733.2;218;388;1;2;0;150D
660796;1787865492477;21.8;81;81;RECOVERING_AFTER_LOAD;48.6;8.0;388.0;388.8;1509_direct_carried;;;1.3;733.2;218;388;1;2;0;1502
661215;1787865492896;21.8;81;81;RECOVERING_AFTER_LOAD;48.6;8.0;388.0;388.8;1509_direct_carried;;;1.3;733.2;218;388;1;2;0;1505
661417;1787865493098;21.8;81;81;RECOVERING_AFTER_LOAD;48.6;8.0;388.0;388.8;1509_direct_carried;;;1.3;733.2;218;388;1;2;0;1506
661835;1787865493516;21.8;81;81;RECOVERING_AFTER_LOAD;48.6;8.0;388.0;388.8;1509_direct_carried;;;1.3;733.2;218;388;1;2;0;1508
662046;1787865493727;21.8;81;81;RECOVERING_AFTER_LOAD;48.6;8.0;388.0;388.8;1509_direct;;;1.3;733.2;218;388;1;2;0;1509
662256;1787865493937;21.8;81;81;RECOVERING_AFTER_LOAD;48.6;8.0;388.0;388.8;1509_direct_carried;;;1.3;733.2;218;388;1;2;0;150A
662465;1787865494146;21.8;81;81;RECOVERING_AFTER_LOAD;48.6;8.0;388.0;388.8;1509_direct_carried;;;1.3;733.2;218;388;1;2;0;150B
662665;1787865494346;21.8;81;81;RECOVERING_AFTER_LOAD;48.6;8.0;388.0;388.8;1509_direct_carried;;;1.3;733.2;218;388;1;2;0;150D
663715;1787865495396;21.8;81;81;RECOVERING_AFTER_LOAD;48.6;8.0;388.0;388.8;1509_direct_carried;;;1.3;733.2;218;388;1;2;0;1502
664127;1787865495808;21.8;81;81;RECOVERING_AFTER_LOAD;48.6;8.0;388.0;388.8;1509_direct_carried;;;1.3;733.2;218;388;1;2;0;1505
664336;1787865496017;21.8;81;81;RECOVERING_AFTER_LOAD;48.6;8.0;388.0;388.8;1509_direct_carried;;;1.4;733.3;218;388;1;2;0;1506
664756;1787865496437;21.8;81;81;RECOVERING_AFTER_LOAD;48.6;8.0;388.0;388.8;1509_direct_carried;;;1.4;733.3;218;388;1;2;0;1508
664965;1787865496646;21.8;81;81;RECOVERING_AFTER_LOAD;48.8;8.0;390.0;390.4;1509_direct;;;1.4;733.3;218;390;1;2;0;1509
665175;1787865496856;21.8;81;81;RECOVERING_AFTER_LOAD;48.8;8.0;390.0;390.4;1509_direct_carried;;;1.4;733.3;218;390;1;2;0;150A
665386;1787865497067;21.8;81;81;RECOVERING_AFTER_LOAD;48.8;8.0;390.0;390.4;1509_direct_carried;;;1.4;733.3;218;390;1;2;0;150B
665595;1787865497276;21.8;81;81;RECOVERING_AFTER_LOAD;48.8;8.0;390.0;390.4;1509_direct_carried;;;1.4;733.3;218;390;1;2;0;150D
666637;1787865498318;21.8;81;81;RECOVERING_AFTER_LOAD;48.8;8.0;390.0;390.4;1509_direct_carried;;;1.4;733.3;218;390;1;2;0;1502
667055;1787865498736;21.8;81;81;RECOVERING_AFTER_LOAD;48.8;8.0;390.0;390.4;1509_direct_carried;;;1.4;733.3;218;390;1;2;0;1505
667268;1787865498949;21.8;81;81;RECOVERING_AFTER_LOAD;48.8;8.0;390.0;390.4;1509_direct_carried;;;1.4;733.3;218;390;1;2;0;1506
667677;1787865499358;21.8;81;81;RECOVERING_AFTER_LOAD;48.8;8.0;390.0;390.4;1509_direct_carried;;;1.4;733.3;218;390;1;2;0;1508
667886;1787865499567;21.8;81;81;RECOVERING_AFTER_LOAD;48.8;7.0;341.0;341.59999999999997;1509_direct;;;1.4;733.3;218;341;1;2;0;1509
668095;1787865499776;21.8;81;81;RECOVERING_AFTER_LOAD;48.8;7.0;341.0;341.59999999999997;1509_direct_carried;;;1.4;733.3;218;341;1;2;0;150A
668310;1787865499991;21.8;81;81;RECOVERING_AFTER_LOAD;48.8;7.0;341.0;341.59999999999997;1509_direct_carried;;;1.4;733.3;218;341;1;2;0;150B
668515;1787865500196;21.8;81;81;RECOVERING_AFTER_LOAD;48.8;7.0;341.0;341.59999999999997;1509_direct_carried;;;1.4;733.3;218;341;1;2;0;150D
669555;1787865501236;21.8;81;81;RECOVERING_AFTER_LOAD;48.8;7.0;341.0;341.59999999999997;1509_direct_carried;;;1.4;733.3;218;341;1;2;0;1502
669977;1787865501658;21.8;81;81;RECOVERING_AFTER_LOAD;48.8;7.0;341.0;341.59999999999997;1509_direct_carried;;;1.4;733.3;218;341;1;2;0;1505
670188;1787865501869;21.8;81;81;RECOVERING_AFTER_LOAD;48.8;7.0;341.0;341.59999999999997;1509_direct_carried;;;1.4;733.3;218;341;1;2;0;1506
670606;1787865502287;21.8;81;81;RECOVERING_AFTER_LOAD;48.8;7.0;341.0;341.59999999999997;1509_direct_carried;;;1.4;733.3;218;341;1;2;0;1508
670806;1787865502487;21.8;81;81;RECOVERING_AFTER_LOAD;48.6;8.0;389.0;388.8;1509_direct;;;1.4;733.3;218;389;1;2;0;1509
671014;1787865502695;21.8;81;81;RECOVERING_AFTER_LOAD;48.6;8.0;389.0;388.8;1509_direct_carried;;;1.4;733.3;218;389;1;2;0;150A
671226;1787865502907;21.8;81;81;RECOVERING_AFTER_LOAD;48.6;8.0;389.0;388.8;1509_direct_carried;;;1.4;733.3;218;389;1;2;0;150B
671436;1787865503117;21.8;81;81;RECOVERING_AFTER_LOAD;48.6;8.0;389.0;388.8;1509_direct_carried;;;1.4;733.3;218;389;1;2;0;150D
672478;1787865504159;21.8;81;81;RECOVERING_AFTER_LOAD;48.6;8.0;389.0;388.8;1509_direct_carried;;;1.4;733.3;218;389;1;2;0;1502
672898;1787865504579;21.8;81;81;RECOVERING_AFTER_LOAD;48.6;8.0;389.0;388.8;1509_direct_carried;;;1.4;733.3;218;389;1;2;0;1505
673105;1787865504786;21.8;81;81;RECOVERING_AFTER_LOAD;48.6;8.0;389.0;388.8;1509_direct_carried;;;1.4;733.3;218;389;1;2;0;1506
673526;1787865505207;21.8;81;81;RECOVERING_AFTER_LOAD;48.6;8.0;389.0;388.8;1509_direct_carried;;;1.4;733.3;218;389;1;2;0;1508
673734;1787865505415;21.8;81;81;RECOVERING_AFTER_LOAD;48.8;7.0;340.0;341.59999999999997;1509_direct;;;1.4;733.3;218;340;1;2;0;1509
673938;1787865505619;21.8;81;81;RECOVERING_AFTER_LOAD;48.8;7.0;340.0;341.59999999999997;1509_direct_carried;;;1.4;733.3;218;340;1;2;0;150A
674145;1787865505826;21.8;81;81;RECOVERING_AFTER_LOAD;48.8;7.0;340.0;341.59999999999997;1509_direct_carried;;;1.4;733.3;218;340;1;2;0;150B
674355;1787865506036;21.8;81;81;RECOVERING_AFTER_LOAD;48.8;7.0;340.0;341.59999999999997;1509_direct_carried;;;1.4;733.3;218;340;1;2;0;150D
675404;1787865507085;21.8;81;81;RECOVERING_AFTER_LOAD;48.8;7.0;340.0;341.59999999999997;1509_direct_carried;;;1.4;733.3;218;340;1;2;0;1502
675815;1787865507496;21.8;81;81;RECOVERING_AFTER_LOAD;48.8;7.0;340.0;341.59999999999997;1509_direct_carried;;;1.4;733.3;218;340;1;2;0;1505
676026;1787865507707;21.8;81;81;RECOVERING_AFTER_LOAD;48.8;7.0;340.0;341.59999999999997;1509_direct_carried;;;1.4;733.3;218;340;1;2;0;1506
676446;1787865508127;21.8;81;81;RECOVERING_AFTER_LOAD;48.8;7.0;340.0;341.59999999999997;1509_direct_carried;;;1.4;733.3;218;340;1;2;0;1508
676655;1787865508336;21.8;81;81;RECOVERING_AFTER_LOAD;48.7;8.0;389.0;389.6;1509_direct;;;1.4;733.3;218;389;1;2;0;1509
676867;1787865508548;21.8;81;81;RECOVERING_AFTER_LOAD;48.7;8.0;389.0;389.6;1509_direct_carried;;;1.4;733.3;218;389;1;2;0;150A
677076;1787865508757;21.8;81;81;RECOVERING_AFTER_LOAD;48.7;8.0;389.0;389.6;1509_direct_carried;;;1.4;733.3;218;389;1;2;0;150B
677276;1787865508957;21.8;81;81;RECOVERING_AFTER_LOAD;48.7;8.0;389.0;389.6;1509_direct_carried;;;1.4;733.3;218;389;1;2;0;150D
678325;1787865510006;21.8;81;81;RECOVERING_AFTER_LOAD;48.7;8.0;389.0;389.6;1509_direct_carried;;;1.4;733.3;218;389;1;2;0;1502
678746;1787865510427;21.8;81;81;RECOVERING_AFTER_LOAD;48.7;8.0;389.0;389.6;1509_direct_carried;;;1.4;733.3;218;389;1;2;0;1505
678947;1787865510628;21.8;81;81;RECOVERING_AFTER_LOAD;48.7;8.0;389.0;389.6;1509_direct_carried;;;1.4;733.3;218;389;1;2;0;1506
679366;1787865511047;21.8;81;81;RECOVERING_AFTER_LOAD;48.7;8.0;389.0;389.6;1509_direct_carried;;;1.4;733.3;218;389;1;2;0;1508
679577;1787865511258;21.8;81;81;RECOVERING_AFTER_LOAD;48.7;8.0;389.0;389.6;1509_direct;;;1.4;733.3;218;389;1;2;0;1509
679785;1787865511466;21.8;81;81;RECOVERING_AFTER_LOAD;48.7;8.0;389.0;389.6;1509_direct_carried;;;1.4;733.3;218;389;1;2;0;150A
679997;1787865511678;21.8;81;81;RECOVERING_AFTER_LOAD;48.7;8.0;389.0;389.6;1509_direct_carried;;;1.4;733.3;218;389;1;2;0;150B
680207;1787865511888;21.8;81;81;RECOVERING_AFTER_LOAD;48.7;8.0;389.0;389.6;1509_direct_carried;;;1.4;733.3;218;389;1;2;0;150D
681246;1787865512927;21.8;81;81;RECOVERING_AFTER_LOAD;48.7;8.0;389.0;389.6;1509_direct_carried;;;1.4;733.3;218;389;1;2;0;1502
681669;1787865513350;21.8;81;81;RECOVERING_AFTER_LOAD;48.7;8.0;389.0;389.6;1509_direct_carried;;;1.4;733.3;218;389;1;2;0;1505
681876;1787865513557;21.8;81;81;RECOVERING_AFTER_LOAD;48.7;8.0;389.0;389.6;1509_direct_carried;;;1.5;733.4;218;389;1;2;0;1506
682296;1787865513977;21.8;81;81;RECOVERING_AFTER_LOAD;48.7;8.0;389.0;389.6;1509_direct_carried;;;1.5;733.4;218;389;1;2;0;1508
682507;1787865514188;21.8;81;81;RECOVERING_AFTER_LOAD;48.8;7.0;341.0;341.59999999999997;1509_direct;;;1.5;733.4;218;341;1;2;0;1509
682716;1787865514397;21.8;81;81;RECOVERING_AFTER_LOAD;48.8;7.0;341.0;341.59999999999997;1509_direct_carried;;;1.5;733.4;218;341;1;2;0;150A
682915;1787865514596;21.8;81;81;RECOVERING_AFTER_LOAD;48.8;7.0;341.0;341.59999999999997;1509_direct_carried;;;1.5;733.4;218;341;1;2;0;150B
683126;1787865514807;21.8;81;81;RECOVERING_AFTER_LOAD;48.8;7.0;341.0;341.59999999999997;1509_direct_carried;;;1.5;733.4;218;341;1;2;0;150D
684177;1787865515858;21.8;81;81;RECOVERING_AFTER_LOAD;48.8;7.0;341.0;341.59999999999997;1509_direct_carried;;;1.5;733.4;218;341;1;2;0;1502
684795;1787865516476;21.8;81;81;RECOVERING_AFTER_LOAD;48.8;7.0;341.0;341.59999999999997;1509_direct_carried;;;1.5;733.4;218;341;1;2;0;1506
685216;1787865516897;21.8;81;81;RECOVERING_AFTER_LOAD;48.8;7.0;341.0;341.59999999999997;1509_direct_carried;;;1.5;733.4;218;341;1;2;0;1508
685425;1787865517106;21.8;81;81;RECOVERING_AFTER_LOAD;48.6;7.0;340.0;340.2;1509_direct;;;1.5;733.4;218;340;1;2;0;1509
685637;1787865517318;21.8;81;81;RECOVERING_AFTER_LOAD;48.6;7.0;340.0;340.2;1509_direct_carried;;;1.5;733.4;218;340;1;2;0;150A
685846;1787865517527;21.8;81;81;RECOVERING_AFTER_LOAD;48.6;7.0;340.0;340.2;1509_direct_carried;;;1.5;733.4;218;340;1;2;0;150B
686055;1787865517736;21.8;81;81;RECOVERING_AFTER_LOAD;48.6;7.0;340.0;340.2;1509_direct_carried;;;1.5;733.4;218;340;1;2;0;150D
687095;1787865518776;21.8;81;81;RECOVERING_AFTER_LOAD;48.6;7.0;340.0;340.2;1509_direct_carried;;;1.5;733.4;218;340;1;2;0;1502
687725;1787865519406;21.8;81;81;RECOVERING_AFTER_LOAD;48.6;7.0;340.0;340.2;1509_direct_carried;;;1.5;733.4;218;340;1;2;0;1506
688136;1787865519817;21.8;81;81;RECOVERING_AFTER_LOAD;48.6;7.0;340.0;340.2;1509_direct_carried;;;1.5;733.4;218;340;1;2;0;1508
688345;1787865520026;21.8;81;81;RECOVERING_AFTER_LOAD;48.5;8.0;388.0;388.0;1509_direct;;;1.5;733.4;218;388;1;2;0;1509
688554;1787865520235;21.8;81;81;RECOVERING_AFTER_LOAD;48.5;8.0;388.0;388.0;1509_direct_carried;;;1.5;733.4;218;388;1;2;0;150A
688767;1787865520448;21.8;81;81;RECOVERING_AFTER_LOAD;48.5;8.0;388.0;388.0;1509_direct_carried;;;1.5;733.4;218;388;1;2;0;150B
688976;1787865520657;21.8;81;81;RECOVERING_AFTER_LOAD;48.5;8.0;388.0;388.0;1509_direct_carried;;;1.5;733.4;218;388;1;2;0;150D
690015;1787865521696;21.8;81;81;RECOVERING_AFTER_LOAD;48.5;8.0;388.0;388.0;1509_direct_carried;;;1.5;733.4;218;388;1;2;0;1502
690647;1787865522328;21.8;81;81;RECOVERING_AFTER_LOAD;48.5;8.0;388.0;388.0;1509_direct_carried;;;1.5;733.4;218;388;1;2;0;1506
691065;1787865522746;21.8;81;81;RECOVERING_AFTER_LOAD;48.5;8.0;388.0;388.0;1509_direct_carried;;;1.5;733.4;218;388;1;2;0;1508
691268;1787865522949;21.8;81;81;RECOVERING_AFTER_LOAD;48.5;8.0;388.0;388.0;1509_direct;;;1.5;733.4;218;388;1;2;0;1509
691476;1787865523157;21.8;81;81;RECOVERING_AFTER_LOAD;48.5;8.0;388.0;388.0;1509_direct_carried;;;1.5;733.4;218;388;1;2;0;150A
691686;1787865523367;21.8;81;81;RECOVERING_AFTER_LOAD;48.5;8.0;388.0;388.0;1509_direct_carried;;;1.5;733.4;218;388;1;2;0;150B
691895;1787865523576;21.8;81;81;RECOVERING_AFTER_LOAD;48.5;8.0;388.0;388.0;1509_direct_carried;;;1.5;733.4;218;388;1;2;0;150D
692936;1787865524617;21.8;81;81;RECOVERING_AFTER_LOAD;48.5;8.0;388.0;388.0;1509_direct_carried;;;1.5;733.4;218;388;1;2;0;1502
693356;1787865525037;21.8;81;81;RECOVERING_AFTER_LOAD;48.5;8.0;388.0;388.0;1509_direct_carried;;;1.5;733.4;218;388;1;2;0;1505
693566;1787865525247;21.8;81;81;RECOVERING_AFTER_LOAD;48.5;8.0;388.0;388.0;1509_direct_carried;;;1.5;733.4;218;388;1;2;0;1506
693985;1787865525666;21.8;81;81;RECOVERING_AFTER_LOAD;48.5;8.0;388.0;388.0;1509_direct_carried;;;1.5;733.4;218;388;1;2;0;1508
694196;1787865525877;21.8;81;81;RECOVERING_AFTER_LOAD;48.7;8.0;389.0;389.6;1509_direct;;;1.5;733.4;218;389;1;2;0;1509
694396;1787865526077;21.8;81;81;RECOVERING_AFTER_LOAD;48.7;8.0;389.0;389.6;1509_direct_carried;;;1.5;733.4;218;389;1;2;0;150A
694604;1787865526285;21.8;81;81;RECOVERING_AFTER_LOAD;48.7;8.0;389.0;389.6;1509_direct_carried;;;1.5;733.4;218;389;1;2;0;150B
694816;1787865526497;21.8;81;81;RECOVERING_AFTER_LOAD;48.7;8.0;389.0;389.6;1509_direct_carried;;;1.5;733.4;218;389;1;2;0;150D
695868;1787865527549;21.8;81;81;RECOVERING_AFTER_LOAD;48.7;8.0;389.0;389.6;1509_direct_carried;;;1.5;733.4;218;389;1;2;0;1502
696489;1787865528170;21.8;81;81;RECOVERING_AFTER_LOAD;48.7;8.0;389.0;389.6;1509_direct_carried;;;1.6;733.5;218;389;1;2;0;1506
696906;1787865528587;21.8;81;81;RECOVERING_AFTER_LOAD;48.7;8.0;389.0;389.6;1509_direct_carried;;;1.6;733.5;218;389;1;2;0;1508
697115;1787865528796;21.8;81;81;RECOVERING_AFTER_LOAD;48.5;8.0;388.0;388.0;1509_direct;;;1.6;733.5;218;388;1;2;0;1509
697327;1787865529008;21.8;81;81;RECOVERING_AFTER_LOAD;48.5;8.0;388.0;388.0;1509_direct_carried;;;1.6;733.5;218;388;1;2;0;150A
697537;1787865529218;21.8;81;81;RECOVERING_AFTER_LOAD;48.5;8.0;388.0;388.0;1509_direct_carried;;;1.6;733.5;218;388;1;2;0;150B
697747;1787865529428;21.8;81;81;RECOVERING_AFTER_LOAD;48.5;8.0;388.0;388.0;1509_direct_carried;;;1.6;733.5;218;388;1;2;0;150D
698786;1787865530467;21.8;81;81;RECOVERING_AFTER_LOAD;48.5;8.0;388.0;388.0;1509_direct_carried;;;1.6;733.5;218;388;1;2;0;1502
699406;1787865531087;21.8;81;81;RECOVERING_AFTER_LOAD;48.5;8.0;388.0;388.0;1509_direct_carried;;;1.6;733.5;218;388;1;2;0;1506
699828;1787865531509;21.8;81;81;RECOVERING_AFTER_LOAD;48.5;8.0;388.0;388.0;1509_direct_carried;;;1.6;733.5;218;388;1;2;0;1508
700036;1787865531717;21.8;81;81;RECOVERING_AFTER_LOAD;48.6;7.0;340.0;340.2;1509_direct;;;1.6;733.5;218;340;1;2;0;1509
700246;1787865531927;21.8;81;81;RECOVERING_AFTER_LOAD;48.6;7.0;340.0;340.2;1509_direct_carried;;;1.6;733.5;218;340;1;2;0;150A
700457;1787865532138;21.8;81;81;RECOVERING_AFTER_LOAD;48.6;7.0;340.0;340.2;1509_direct_carried;;;1.6;733.5;218;340;1;2;0;150B
700666;1787865532347;21.8;81;81;RECOVERING_AFTER_LOAD;48.6;7.0;340.0;340.2;1509_direct_carried;;;1.6;733.5;218;340;1;2;0;150D
701706;1787865533387;21.8;81;81;RECOVERING_AFTER_LOAD;48.6;7.0;340.0;340.2;1509_direct_carried;;;1.6;733.5;218;340;1;2;0;1502
702337;1787865534018;21.8;81;81;RECOVERING_AFTER_LOAD;48.6;7.0;340.0;340.2;1509_direct_carried;;;1.6;733.5;218;340;1;2;0;1506
702747;1787865534428;21.8;81;81;RECOVERING_AFTER_LOAD;48.6;7.0;340.0;340.2;1509_direct_carried;;;1.6;733.5;218;340;1;2;0;1508
702958;1787865534639;21.8;81;81;RECOVERING_AFTER_LOAD;48.6;7.0;292.0;340.2;1509_direct;;;1.6;733.5;218;292;1;2;0;1509
703177;1787865534858;21.8;81;81;RECOVERING_AFTER_LOAD;48.6;7.0;292.0;340.2;1509_direct_carried;;;1.6;733.5;218;292;1;2;0;150A
703377;1787865535058;21.8;81;81;RECOVERING_AFTER_LOAD;48.6;7.0;292.0;340.2;1509_direct_carried;;;1.6;733.5;218;292;1;2;0;150B
703586;1787865535267;21.8;81;81;RECOVERING_AFTER_LOAD;48.6;7.0;292.0;340.2;1509_direct_carried;;;1.6;733.5;218;292;1;2;0;150D
704626;1787865536307;21.8;81;81;RECOVERING_AFTER_LOAD;48.6;7.0;292.0;340.2;1509_direct_carried;;;1.6;733.5;218;292;1;2;0;1502
705046;1787865536727;21.8;81;81;RECOVERING_AFTER_LOAD;48.6;7.0;292.0;340.2;1509_direct_carried;;;1.6;733.5;218;292;1;2;0;1505
705258;1787865536939;21.8;81;81;RECOVERING_AFTER_LOAD;48.6;7.0;292.0;340.2;1509_direct_carried;;;1.6;733.5;218;292;1;2;0;1506
705678;1787865537359;21.8;81;81;RECOVERING_AFTER_LOAD;48.6;7.0;292.0;340.2;1509_direct_carried;;;1.6;733.5;218;292;1;2;0;1508
705876;1787865537557;21.8;81;81;RECOVERING_AFTER_LOAD;48.8;6.0;292.0;292.79999999999995;1509_direct;;;1.6;733.5;218;292;1;2;0;1509
706088;1787865537769;21.8;81;81;RECOVERING_AFTER_LOAD;48.8;6.0;292.0;292.79999999999995;1509_direct_carried;;;1.6;733.5;218;292;1;2;0;150A
706295;1787865537976;21.8;81;81;RECOVERING_AFTER_LOAD;48.8;6.0;292.0;292.79999999999995;1509_direct_carried;;;1.6;733.5;218;292;1;2;0;150B
706507;1787865538188;21.8;81;81;RECOVERING_AFTER_LOAD;48.8;6.0;292.0;292.79999999999995;1509_direct_carried;;;1.6;733.5;218;292;1;2;0;150D
707556;1787865539237;21.8;81;81;RECOVERING_AFTER_LOAD;48.8;6.0;292.0;292.79999999999995;1509_direct_carried;;;1.6;733.5;218;292;1;2;0;1502
707969;1787865539650;21.8;81;81;RECOVERING_AFTER_LOAD;48.8;6.0;292.0;292.79999999999995;1509_direct_carried;;;1.6;733.5;218;292;1;2;0;1505
708175;1787865539856;21.8;81;81;RECOVERING_AFTER_LOAD;48.8;6.0;292.0;292.79999999999995;1509_direct_carried;;;1.6;733.5;218;292;1;2;0;1506
708596;1787865540277;21.8;81;81;RECOVERING_AFTER_LOAD;48.8;6.0;292.0;292.79999999999995;1509_direct_carried;;;1.6;733.5;218;292;1;2;0;1508
708806;1787865540487;21.8;78;81;RECOVERING_AFTER_LOAD;49.0;5.0;245.0;245.0;1509_direct;;;1.6;733.5;218;245;1;2;0;1509
709016;1787865540697;21.8;78;81;RECOVERING_AFTER_LOAD;49.0;5.0;245.0;245.0;1509_direct_carried;;;1.6;733.5;218;245;1;2;0;150A
709226;1787865540907;21.8;78;81;RECOVERING_AFTER_LOAD;49.0;5.0;245.0;245.0;1509_direct_carried;;;1.6;733.5;218;245;1;2;0;150B
709425;1787865541106;21.8;78;81;RECOVERING_AFTER_LOAD;49.0;5.0;245.0;245.0;1509_direct_carried;;;1.6;733.5;218;245;1;2;0;150D
710478;1787865542159;21.8;78;81;RECOVERING_AFTER_LOAD;49.0;5.0;245.0;245.0;1509_direct_carried;;;1.6;733.5;218;245;1;2;0;1502
710897;1787865542578;21.8;78;81;RECOVERING_AFTER_LOAD;49.0;5.0;245.0;245.0;1509_direct_carried;;;1.6;733.5;218;245;1;2;0;1505
711096;1787865542777;21.8;78;81;RECOVERING_AFTER_LOAD;49.0;5.0;245.0;245.0;1509_direct_carried;;;1.6;733.5;218;245;1;2;0;1506
711517;1787865543198;21.8;78;81;RECOVERING_AFTER_LOAD;49.0;5.0;245.0;245.0;1509_direct_carried;;;1.6;733.5;218;245;1;2;0;1508
711729;1787865543410;21.8;75;81;RECOVERING_AFTER_LOAD;48.8;5.0;245.0;244.0;1509_direct;;;1.6;733.5;218;245;1;2;0;1509
711935;1787865543616;21.8;75;81;RECOVERING_AFTER_LOAD;48.8;5.0;245.0;244.0;1509_direct_carried;;;1.6;733.5;218;245;1;2;0;150A
712145;1787865543826;21.8;75;81;RECOVERING_AFTER_LOAD;48.8;5.0;245.0;244.0;1509_direct_carried;;;1.6;733.5;218;245;1;2;0;150B
712355;1787865544036;21.8;75;81;RECOVERING_AFTER_LOAD;48.8;5.0;245.0;244.0;1509_direct_carried;;;1.6;733.5;218;245;1;2;0;150D
713396;1787865545077;21.8;75;81;RECOVERING_AFTER_LOAD;48.8;5.0;245.0;244.0;1509_direct_carried;;;1.6;733.5;218;245;1;2;0;1502
713816;1787865545497;21.8;75;81;RECOVERING_AFTER_LOAD;48.8;5.0;245.0;244.0;1509_direct_carried;;;1.6;733.5;218;245;1;2;0;1505
714026;1787865545707;21.8;75;81;RECOVERING_AFTER_LOAD;48.8;5.0;245.0;244.0;1509_direct_carried;;;1.7;733.6;218;245;1;2;0;1506
714439;1787865546120;21.8;75;81;RECOVERING_AFTER_LOAD;48.8;5.0;245.0;244.0;1509_direct_carried;;;1.7;733.6;218;245;1;2;0;1508
714646;1787865546327;21.8;75;81;RECOVERING_AFTER_LOAD;49.0;5.0;245.0;245.0;1509_direct;;;1.7;733.6;218;245;1;2;0;1509
714855;1787865546536;21.8;75;81;RECOVERING_AFTER_LOAD;49.0;5.0;245.0;245.0;1509_direct_carried;;;1.7;733.6;218;245;1;2;0;150A
715067;1787865546748;21.8;75;81;RECOVERING_AFTER_LOAD;49.0;5.0;245.0;245.0;1509_direct_carried;;;1.7;733.6;218;245;1;2;0;150B
715277;1787865546958;21.8;75;81;RECOVERING_AFTER_LOAD;49.0;5.0;245.0;245.0;1509_direct_carried;;;1.7;733.6;218;245;1;2;0;150D
716316;1787865547997;21.8;75;81;RECOVERING_AFTER_LOAD;49.0;5.0;245.0;245.0;1509_direct_carried;;;1.7;733.6;218;245;1;2;0;1502
716738;1787865548419;21.8;75;81;RECOVERING_AFTER_LOAD;49.0;5.0;245.0;245.0;1509_direct_carried;;;1.7;733.6;218;245;1;2;0;1505
716948;1787865548629;21.8;75;81;RECOVERING_AFTER_LOAD;49.0;5.0;245.0;245.0;1509_direct_carried;;;1.7;733.6;218;245;1;2;0;1506
717369;1787865549050;21.8;75;81;RECOVERING_AFTER_LOAD;49.0;5.0;245.0;245.0;1509_direct_carried;;;1.7;733.6;218;245;1;2;0;1508
717567;1787865549248;21.8;75;81;RECOVERING_AFTER_LOAD;49.1;5.0;245.0;245.5;1509_direct;;;1.7;733.6;218;245;1;2;0;1509
717777;1787865549458;21.8;75;81;RECOVERING_AFTER_LOAD;49.1;5.0;245.0;245.5;1509_direct_carried;;;1.7;733.6;218;245;1;2;0;150A
717986;1787865549667;21.8;75;81;RECOVERING_AFTER_LOAD;49.1;5.0;245.0;245.5;1509_direct_carried;;;1.7;733.6;218;245;1;2;0;150B
718196;1787865549877;21.8;75;81;RECOVERING_AFTER_LOAD;49.1;5.0;245.0;245.5;1509_direct_carried;;;1.7;733.6;218;245;1;2;0;150D
719236;1787865550917;21.8;75;81;RECOVERING_AFTER_LOAD;49.1;5.0;245.0;245.5;1509_direct_carried;;;1.7;733.6;218;245;1;2;0;1502
719655;1787865551336;21.8;75;81;RECOVERING_AFTER_LOAD;49.1;5.0;245.0;245.5;1509_direct_carried;;;1.7;733.6;218;245;1;2;0;1505
719867;1787865551548;21.8;75;81;RECOVERING_AFTER_LOAD;49.1;5.0;245.0;245.5;1509_direct_carried;;;1.7;733.6;218;245;1;2;0;1506
720288;1787865551969;21.8;75;81;RECOVERING_AFTER_LOAD;49.1;5.0;245.0;245.5;1509_direct_carried;;;1.7;733.6;218;245;1;2;0;1508
720496;1787865552177;21.8;75;81;RECOVERING_AFTER_LOAD;48.8;6.0;292.0;292.79999999999995;1509_direct;;;1.7;733.6;218;292;1;2;0;1509
720697;1787865552378;21.8;75;81;RECOVERING_AFTER_LOAD;48.8;6.0;292.0;292.79999999999995;1509_direct_carried;;;1.7;733.6;218;292;1;2;0;150A
720907;1787865552588;21.8;75;81;RECOVERING_AFTER_LOAD;48.8;6.0;292.0;292.79999999999995;1509_direct_carried;;;1.7;733.6;218;292;1;2;0;150B
721115;1787865552796;21.8;75;81;RECOVERING_AFTER_LOAD;48.8;6.0;292.0;292.79999999999995;1509_direct_carried;;;1.7;733.6;218;292;1;2;0;150D
722166;1787865553847;21.8;75;81;RECOVERING_AFTER_LOAD;48.8;6.0;292.0;292.79999999999995;1509_direct_carried;;;1.7;733.6;218;292;1;2;0;1502
722576;1787865554257;21.8;75;81;RECOVERING_AFTER_LOAD;48.8;6.0;292.0;292.79999999999995;1509_direct_carried;;;1.7;733.6;218;292;1;2;0;1505
722786;1787865554467;21.8;75;81;RECOVERING_AFTER_LOAD;48.8;6.0;292.0;292.79999999999995;1509_direct_carried;;;1.7;733.6;218;292;1;2;0;1506
723206;1787865554887;21.8;75;81;RECOVERING_AFTER_LOAD;48.8;6.0;292.0;292.79999999999995;1509_direct_carried;;;1.7;733.6;218;292;1;2;0;1508
723417;1787865555098;21.8;75;81;RECOVERING_AFTER_LOAD;49.0;4.0;196.0;196.0;1509_direct;;;1.7;733.6;218;196;1;2;0;1509
723625;1787865555306;21.8;75;81;RECOVERING_AFTER_LOAD;49.0;4.0;196.0;196.0;1509_direct_carried;;;1.7;733.6;218;196;1;2;0;150A
723835;1787865555516;21.8;75;81;RECOVERING_AFTER_LOAD;49.0;4.0;196.0;196.0;1509_direct_carried;;;1.7;733.6;218;196;1;2;0;150B
724045;1787865555726;21.8;75;81;RECOVERING_AFTER_LOAD;49.0;4.0;196.0;196.0;1509_direct_carried;;;1.7;733.6;218;196;1;2;0;150D
725086;1787865556767;21.8;75;81;RECOVERING_AFTER_LOAD;49.0;4.0;196.0;196.0;1509_direct_carried;;;1.7;733.6;218;196;1;2;0;1502
725507;1787865557188;21.8;75;81;RECOVERING_AFTER_LOAD;49.0;4.0;196.0;196.0;1509_direct_carried;;;1.7;733.6;218;196;1;2;0;1505
725715;1787865557396;21.8;75;81;RECOVERING_AFTER_LOAD;49.0;4.0;196.0;196.0;1509_direct_carried;;;1.7;733.6;218;196;1;2;0;1506
726127;1787865557808;21.8;75;81;RECOVERING_AFTER_LOAD;49.0;4.0;196.0;196.0;1509_direct_carried;;;1.7;733.6;218;196;1;2;0;1508
726336;1787865558017;21.8;75;81;RECOVERING_AFTER_LOAD;49.0;4.0;196.0;196.0;1509_direct;;;1.7;733.6;218;196;1;2;0;1509
726546;1787865558227;21.8;75;81;RECOVERING_AFTER_LOAD;49.0;4.0;196.0;196.0;1509_direct_carried;;;1.7;733.6;218;196;1;2;0;150A
726755;1787865558436;21.8;75;81;RECOVERING_AFTER_LOAD;49.0;4.0;196.0;196.0;1509_direct_carried;;;1.7;733.6;218;196;1;2;0;150B
726966;1787865558647;21.8;75;81;RECOVERING_AFTER_LOAD;49.0;4.0;196.0;196.0;1509_direct_carried;;;1.7;733.6;218;196;1;2;0;150D
728011;1787865559692;21.8;75;81;RECOVERING_AFTER_LOAD;49.0;4.0;196.0;196.0;1509_direct_carried;;;1.7;733.6;218;196;1;2;0;1502
728428;1787865560109;21.8;75;81;RECOVERING_AFTER_LOAD;49.0;4.0;196.0;196.0;1509_direct_carried;;;1.7;733.6;218;196;1;2;0;1505
728639;1787865560320;21.8;75;81;RECOVERING_AFTER_LOAD;49.0;4.0;196.0;196.0;1509_direct_carried;;;1.8;733.7;218;196;1;2;0;1506
729056;1787865560737;21.8;75;81;RECOVERING_AFTER_LOAD;49.0;4.0;196.0;196.0;1509_direct_carried;;;1.8;733.7;218;196;1;2;0;1508
729255;1787865560936;21.8;75;81;RECOVERING_AFTER_LOAD;49.2;4.0;196.0;196.8;1509_direct;;;1.8;733.7;218;196;1;2;0;1509
729468;1787865561149;21.8;75;81;RECOVERING_AFTER_LOAD;49.2;4.0;196.0;196.8;1509_direct_carried;;;1.8;733.7;218;196;1;2;0;150A
729675;1787865561356;21.8;75;81;RECOVERING_AFTER_LOAD;49.2;4.0;196.0;196.8;1509_direct_carried;;;1.8;733.7;218;196;1;2;0;150B
729888;1787865561569;21.8;75;81;RECOVERING_AFTER_LOAD;49.2;4.0;196.0;196.8;1509_direct_carried;;;1.8;733.7;218;196;1;2;0;150D
730926;1787865562607;21.8;75;81;RECOVERING_AFTER_LOAD;49.2;4.0;196.0;196.8;1509_direct_carried;;;1.8;733.7;218;196;1;2;0;1502
731345;1787865563026;21.8;75;81;RECOVERING_AFTER_LOAD;49.2;4.0;196.0;196.8;1509_direct_carried;;;1.8;733.7;218;196;1;2;0;1505
731555;1787865563236;21.8;75;81;RECOVERING_AFTER_LOAD;49.2;4.0;196.0;196.8;1509_direct_carried;;;1.8;733.7;218;196;1;2;0;1506
731976;1787865563657;21.8;75;81;RECOVERING_AFTER_LOAD;49.2;4.0;196.0;196.8;1509_direct_carried;;;1.8;733.7;218;196;1;2;0;1508
732185;1787865563866;21.8;75;81;RECOVERING_AFTER_LOAD;49.1;5.0;245.0;245.5;1509_direct;;;1.8;733.7;218;245;1;2;0;1509
732386;1787865564067;21.8;75;81;RECOVERING_AFTER_LOAD;49.1;5.0;245.0;245.5;1509_direct_carried;;;1.8;733.7;218;245;1;2;0;150A
732596;1787865564277;21.8;75;81;RECOVERING_AFTER_LOAD;49.1;5.0;245.0;245.5;1509_direct_carried;;;1.8;733.7;218;245;1;2;0;150B
732806;1787865564487;21.8;75;81;RECOVERING_AFTER_LOAD;49.1;5.0;245.0;245.5;1509_direct_carried;;;1.8;733.7;218;245;1;2;0;150D
733855;1787865565536;21.8;75;81;RECOVERING_AFTER_LOAD;49.1;5.0;245.0;245.5;1509_direct_carried;;;1.8;733.7;218;245;1;2;0;1502
734266;1787865565947;21.8;75;81;RECOVERING_AFTER_LOAD;49.1;5.0;245.0;245.5;1509_direct_carried;;;1.8;733.7;218;245;1;2;0;1505
734479;1787865566160;21.8;75;81;RECOVERING_AFTER_LOAD;49.1;5.0;245.0;245.5;1509_direct_carried;;;1.8;733.7;218;245;1;2;0;1506
734896;1787865566577;21.8;75;81;RECOVERING_AFTER_LOAD;49.1;5.0;245.0;245.5;1509_direct_carried;;;1.8;733.7;218;245;1;2;0;1508
735106;1787865566787;21.8;75;81;RECOVERING_AFTER_LOAD;49.3;4.0;197.0;197.2;1509_direct;;;1.8;733.7;218;197;1;2;0;1509
735315;1787865566996;21.8;75;81;RECOVERING_AFTER_LOAD;49.3;4.0;197.0;197.2;1509_direct_carried;;;1.8;733.7;218;197;1;2;0;150A
735526;1787865567207;21.8;75;81;RECOVERING_AFTER_LOAD;49.3;4.0;197.0;197.2;1509_direct_carried;;;1.8;733.7;218;197;1;2;0;150B
735726;1787865567407;21.8;75;81;RECOVERING_AFTER_LOAD;49.3;4.0;197.0;197.2;1509_direct_carried;;;1.8;733.7;218;197;1;2;0;150D
736778;1787865568459;21.8;75;81;RECOVERING_AFTER_LOAD;49.3;4.0;197.0;197.2;1509_direct_carried;;;1.8;733.7;218;197;1;2;0;1502
737196;1787865568877;21.8;75;81;RECOVERING_AFTER_LOAD;49.3;4.0;197.0;197.2;1509_direct_carried;;;1.8;733.7;218;197;1;2;0;1505
737396;1787865569077;21.8;75;81;RECOVERING_AFTER_LOAD;49.3;4.0;197.0;197.2;1509_direct_carried;;;1.8;733.7;218;197;1;2;0;1506
737817;1787865569498;21.8;75;81;RECOVERING_AFTER_LOAD;49.3;4.0;197.0;197.2;1509_direct_carried;;;1.8;733.7;218;197;1;2;0;1508
738027;1787865569708;21.8;75;81;RECOVERING_AFTER_LOAD;49.3;4.0;197.0;197.2;1509_direct;;;1.8;733.7;218;197;1;2;0;1509
738236;1787865569917;21.8;75;81;RECOVERING_AFTER_LOAD;49.3;4.0;197.0;197.2;1509_direct_carried;;;1.8;733.7;218;197;1;2;0;150A
738446;1787865570127;21.8;75;81;RECOVERING_AFTER_LOAD;49.3;4.0;197.0;197.2;1509_direct_carried;;;1.8;733.7;218;197;1;2;0;150B
738656;1787865570337;21.8;75;81;RECOVERING_AFTER_LOAD;49.3;4.0;197.0;197.2;1509_direct_carried;;;1.8;733.7;218;197;1;2;0;150D
739698;1787865571379;21.8;75;81;RECOVERING_AFTER_LOAD;49.3;4.0;197.0;197.2;1509_direct_carried;;;1.8;733.7;218;197;1;2;0;1502
740116;1787865571797;21.8;75;81;RECOVERING_AFTER_LOAD;49.3;4.0;197.0;197.2;1509_direct_carried;;;1.8;733.7;218;197;1;2;0;1505
740326;1787865572007;21.8;75;81;RECOVERING_AFTER_LOAD;49.3;4.0;197.0;197.2;1509_direct_carried;;;1.8;733.7;218;197;1;2;0;1506
740737;1787865572418;21.8;75;81;RECOVERING_AFTER_LOAD;49.3;4.0;197.0;197.2;1509_direct_carried;;;1.8;733.7;218;197;1;2;0;1508
740947;1787865572628;21.8;75;81;RECOVERING_AFTER_LOAD;49.2;3.0;147.0;147.60000000000002;1509_direct;;;1.8;733.7;218;147;1;2;0;1509
741156;1787865572837;21.8;75;81;RECOVERING_AFTER_LOAD;49.2;3.0;147.0;147.60000000000002;1509_direct_carried;;;1.8;733.7;218;147;1;2;0;150A
741366;1787865573047;21.8;75;81;RECOVERING_AFTER_LOAD;49.2;3.0;147.0;147.60000000000002;1509_direct_carried;;;1.8;733.7;218;147;1;2;0;150B
741575;1787865573256;21.8;75;81;RECOVERING_AFTER_LOAD;49.2;3.0;147.0;147.60000000000002;1509_direct_carried;;;1.8;733.7;218;147;1;2;0;150D
742617;1787865574298;21.8;75;81;RECOVERING_AFTER_LOAD;49.2;3.0;147.0;147.60000000000002;1509_direct_carried;;;1.8;733.7;218;147;1;2;0;1502
743037;1787865574718;21.8;75;81;RECOVERING_AFTER_LOAD;49.2;3.0;147.0;147.60000000000002;1509_direct_carried;;;1.8;733.7;218;147;1;2;0;1505
743245;1787865574926;21.8;75;81;RECOVERING_AFTER_LOAD;49.2;3.0;147.0;147.60000000000002;1509_direct_carried;;;1.8;733.7;218;147;1;2;0;1506
743667;1787865575348;21.8;75;81;RECOVERING_AFTER_LOAD;49.2;3.0;147.0;147.60000000000002;1509_direct_carried;;;1.8;733.7;218;147;1;2;0;1508
743867;1787865575548;21.8;75;81;RECOVERING_AFTER_LOAD;49.2;3.0;196.0;147.60000000000002;1509_direct;;;1.8;733.7;218;196;1;2;0;1509
744076;1787865575757;21.8;75;81;RECOVERING_AFTER_LOAD;49.2;3.0;196.0;147.60000000000002;1509_direct_carried;;;1.8;733.7;218;196;1;2;0;150A
744284;1787865575965;21.8;75;81;RECOVERING_AFTER_LOAD;49.2;3.0;196.0;147.60000000000002;1509_direct_carried;;;1.8;733.7;218;196;1;2;0;150B
744496;1787865576177;21.8;75;81;RECOVERING_AFTER_LOAD;49.2;3.0;196.0;147.60000000000002;1509_direct_carried;;;1.8;733.7;218;196;1;2;0;150D
745538;1787865577219;21.8;75;81;RECOVERING_AFTER_LOAD;49.2;3.0;196.0;147.60000000000002;1509_direct_carried;;;1.8;733.7;218;196;1;2;0;1502
745958;1787865577639;21.8;75;81;RECOVERING_AFTER_LOAD;49.2;3.0;196.0;147.60000000000002;1509_direct_carried;;;1.8;733.7;218;196;1;2;0;1505
746168;1787865577849;21.8;75;81;RECOVERING_AFTER_LOAD;49.2;3.0;196.0;147.60000000000002;1509_direct_carried;;;1.8;733.7;218;196;1;2;0;1506
746586;1787865578267;21.8;75;81;RECOVERING_AFTER_LOAD;49.2;3.0;196.0;147.60000000000002;1509_direct_carried;;;1.8;733.7;218;196;1;2;0;1508
746811;1787865578492;21.8;75;81;RECOVERING_AFTER_LOAD;49.3;3.0;147.0;147.89999999999998;1509_direct;;;1.8;733.7;218;147;1;2;0;1509
746995;1787865578676;21.8;75;81;RECOVERING_AFTER_LOAD;49.3;3.0;147.0;147.89999999999998;1509_direct_carried;;;1.8;733.7;218;147;1;2;0;150A
747207;1787865578888;21.8;75;81;RECOVERING_AFTER_LOAD;49.3;3.0;147.0;147.89999999999998;1509_direct_carried;;;1.8;733.7;218;147;1;2;0;150B
747416;1787865579097;21.8;75;81;RECOVERING_AFTER_LOAD;49.3;3.0;147.0;147.89999999999998;1509_direct_carried;;;1.8;733.7;218;147;1;2;0;150D
748467;1787865580148;21.8;75;81;RECOVERING_AFTER_LOAD;49.3;3.0;147.0;147.89999999999998;1509_direct_carried;;;1.8;733.7;218;147;1;2;0;1502
748877;1787865580558;21.8;75;81;RECOVERING_AFTER_LOAD;49.3;3.0;147.0;147.89999999999998;1509_direct_carried;;;1.8;733.7;218;147;1;2;0;1505
749086;1787865580767;21.8;75;81;RECOVERING_AFTER_LOAD;49.3;3.0;147.0;147.89999999999998;1509_direct_carried;;;1.9;733.8;218;147;1;2;0;1506
749508;1787865581189;21.8;75;81;RECOVERING_AFTER_LOAD;49.3;3.0;147.0;147.89999999999998;1509_direct_carried;;;1.9;733.8;218;147;1;2;0;1508
749715;1787865581396;21.8;75;81;RECOVERING_AFTER_LOAD;49.3;4.0;197.0;197.2;1509_direct;;;1.9;733.8;218;197;1;2;0;1509
749928;1787865581609;21.8;75;81;RECOVERING_AFTER_LOAD;49.3;4.0;197.0;197.2;1509_direct_carried;;;1.9;733.8;218;197;1;2;0;150A
750146;1787865581827;21.8;75;81;RECOVERING_AFTER_LOAD;49.3;4.0;197.0;197.2;1509_direct_carried;;;1.9;733.8;218;197;1;2;0;150B
750347;1787865582028;21.8;75;81;RECOVERING_AFTER_LOAD;49.3;4.0;197.0;197.2;1509_direct_carried;;;1.9;733.8;218;197;1;2;0;150D
751386;1787865583067;21.8;75;81;RECOVERING_AFTER_LOAD;49.3;4.0;197.0;197.2;1509_direct_carried;;;1.9;733.8;218;197;1;2;0;1502
751807;1787865583488;21.8;75;81;RECOVERING_AFTER_LOAD;49.3;4.0;197.0;197.2;1509_direct_carried;;;1.9;733.8;218;197;1;2;0;1505
752016;1787865583697;21.8;75;81;RECOVERING_AFTER_LOAD;49.3;4.0;197.0;197.2;1509_direct_carried;;;1.9;733.8;218;197;1;2;0;1506
752429;1787865584110;21.8;75;81;RECOVERING_AFTER_LOAD;49.3;4.0;197.0;197.2;1509_direct_carried;;;1.9;733.8;218;197;1;2;0;1508
752640;1787865584321;21.8;75;81;RECOVERING_AFTER_LOAD;49.2;4.0;147.0;196.8;1509_direct;;;1.9;733.8;218;147;1;2;0;1509
752845;1787865584526;21.8;75;81;RECOVERING_AFTER_LOAD;49.2;4.0;147.0;196.8;1509_direct_carried;;;1.9;733.8;218;147;1;2;0;150A
753057;1787865584738;21.8;75;81;RECOVERING_AFTER_LOAD;49.2;4.0;147.0;196.8;1509_direct_carried;;;1.9;733.8;218;147;1;2;0;150B
753266;1787865584947;21.8;75;81;RECOVERING_AFTER_LOAD;49.2;4.0;147.0;196.8;1509_direct_carried;;;1.9;733.8;218;147;1;2;0;150D
754307;1787865585988;21.8;75;81;RECOVERING_AFTER_LOAD;49.2;4.0;147.0;196.8;1509_direct_carried;;;1.9;733.8;218;147;1;2;0;1502
754726;1787865586407;21.8;75;81;RECOVERING_AFTER_LOAD;49.2;4.0;147.0;196.8;1509_direct_carried;;;1.9;733.8;218;147;1;2;0;1505
754935;1787865586616;21.8;75;81;RECOVERING_AFTER_LOAD;49.2;4.0;147.0;196.8;1509_direct_carried;;;1.9;733.8;218;147;1;2;0;1506
755345;1787865587026;21.8;75;81;RECOVERING_AFTER_LOAD;49.2;4.0;147.0;196.8;1509_direct_carried;;;1.9;733.8;218;147;1;2;0;1508
755556;1787865587237;21.8;75;81;RECOVERING_AFTER_LOAD;49.1;4.0;196.0;196.4;1509_direct;;;1.9;733.8;218;196;1;2;0;1509
755765;1787865587446;21.8;75;81;RECOVERING_AFTER_LOAD;49.1;4.0;196.0;196.4;1509_direct_carried;;;1.9;733.8;218;196;1;2;0;150A
755975;1787865587656;21.8;75;81;RECOVERING_AFTER_LOAD;49.1;4.0;196.0;196.4;1509_direct_carried;;;1.9;733.8;218;196;1;2;0;150B
756185;1787865587866;21.8;75;81;RECOVERING_AFTER_LOAD;49.1;4.0;196.0;196.4;1509_direct_carried;;;1.9;733.8;218;196;1;2;0;150D
757229;1787865588910;21.8;75;81;RECOVERING_AFTER_LOAD;49.1;4.0;196.0;196.4;1509_direct_carried;;;1.9;733.8;218;196;1;2;0;1502
757647;1787865589328;21.8;75;81;RECOVERING_AFTER_LOAD;49.1;4.0;196.0;196.4;1509_direct_carried;;;1.9;733.8;218;196;1;2;0;1505
757861;1787865589542;21.8;75;81;RECOVERING_AFTER_LOAD;49.1;4.0;196.0;196.4;1509_direct_carried;;;1.9;733.8;218;196;1;2;0;1506
758276;1787865589957;21.8;75;81;RECOVERING_AFTER_LOAD;49.1;4.0;196.0;196.4;1509_direct_carried;;;1.9;733.8;218;196;1;2;0;1508
758486;1787865590167;21.8;75;81;RECOVERING_AFTER_LOAD;49.2;4.0;196.0;196.8;1509_direct;;;1.9;733.8;218;196;1;2;0;1509
758687;1787865590368;21.8;75;81;RECOVERING_AFTER_LOAD;49.2;4.0;196.0;196.8;1509_direct_carried;;;1.9;733.8;218;196;1;2;0;150A
758896;1787865590577;21.8;75;81;RECOVERING_AFTER_LOAD;49.2;4.0;196.0;196.8;1509_direct_carried;;;1.9;733.8;218;196;1;2;0;150B
759109;1787865590790;21.8;75;81;RECOVERING_AFTER_LOAD;49.2;4.0;196.0;196.8;1509_direct_carried;;;1.9;733.8;218;196;1;2;0;150D
760158;1787865591839;21.8;75;81;RECOVERING_AFTER_LOAD;49.2;4.0;196.0;196.8;1509_direct_carried;;;1.9;733.8;218;196;1;2;0;1502
760565;1787865592246;21.8;75;81;RECOVERING_AFTER_LOAD;49.2;4.0;196.0;196.8;1509_direct_carried;;;1.9;733.8;218;196;1;2;0;1505
760775;1787865592456;21.8;75;81;RECOVERING_AFTER_LOAD;49.2;4.0;196.0;196.8;1509_direct_carried;;;1.9;733.8;218;196;1;2;0;1506
761196;1787865592877;21.8;75;81;RECOVERING_AFTER_LOAD;49.2;4.0;196.0;196.8;1509_direct_carried;;;1.9;733.8;218;196;1;2;0;1508
761405;1787865593086;21.8;75;81;RECOVERING_AFTER_LOAD;49.2;4.0;196.0;196.8;1509_direct;;;1.9;733.8;218;196;1;2;0;1509
761617;1787865593298;21.8;75;81;RECOVERING_AFTER_LOAD;49.2;4.0;196.0;196.8;1509_direct_carried;;;1.9;733.8;218;196;1;2;0;150A
761826;1787865593507;21.8;75;81;RECOVERING_AFTER_LOAD;49.2;4.0;196.0;196.8;1509_direct_carried;;;1.9;733.8;218;196;1;2;0;150B
762030;1787865593711;21.8;75;81;RECOVERING_AFTER_LOAD;49.2;4.0;196.0;196.8;1509_direct_carried;;;1.9;733.8;218;196;1;2;0;150D
763078;1787865594759;21.8;75;81;RECOVERING_AFTER_LOAD;49.2;4.0;196.0;196.8;1509_direct_carried;;;1.9;733.8;218;196;1;2;0;1502
763500;1787865595181;21.8;75;81;RECOVERING_AFTER_LOAD;49.2;4.0;196.0;196.8;1509_direct_carried;;;1.9;733.8;218;196;1;2;0;1505
763698;1787865595379;21.8;75;81;RECOVERING_AFTER_LOAD;49.2;4.0;196.0;196.8;1509_direct_carried;;;2.0;733.9;218;196;1;2;0;1506
764120;1787865595801;21.8;75;81;RECOVERING_AFTER_LOAD;49.2;4.0;196.0;196.8;1509_direct_carried;;;2.0;733.9;218;196;1;2;0;1508
764327;1787865596008;21.8;75;81;RECOVERING_AFTER_LOAD;49.4;2.0;148.0;98.8;1509_direct;;;2.0;733.9;218;148;1;2;0;1509
764540;1787865596221;21.8;75;81;RECOVERING_AFTER_LOAD;49.4;2.0;148.0;98.8;1509_direct_carried;;;2.0;733.9;218;148;1;2;0;150A
764750;1787865596431;21.8;75;81;RECOVERING_AFTER_LOAD;49.4;2.0;148.0;98.8;1509_direct_carried;;;2.0;733.9;218;148;1;2;0;150B
764960;1787865596641;21.8;75;81;RECOVERING_AFTER_LOAD;49.4;2.0;148.0;98.8;1509_direct_carried;;;2.0;733.9;218;148;1;2;0;150D
765998;1787865597679;21.8;75;81;RECOVERING_AFTER_LOAD;49.4;2.0;148.0;98.8;1509_direct_carried;;;2.0;733.9;218;148;1;2;0;1502
766418;1787865598099;21.8;75;81;RECOVERING_AFTER_LOAD;49.4;2.0;148.0;98.8;1509_direct_carried;;;2.0;733.9;218;148;1;2;0;1505
766627;1787865598308;21.8;75;81;RECOVERING_AFTER_LOAD;49.4;2.0;148.0;98.8;1509_direct_carried;;;2.0;733.9;218;148;1;2;0;1506
767038;1787865598719;21.8;75;81;RECOVERING_AFTER_LOAD;49.4;2.0;148.0;98.8;1509_direct_carried;;;2.0;733.9;218;148;1;2;0;1508
767251;1787865598932;21.8;75;81;RECOVERING_AFTER_LOAD;49.2;3.0;147.0;147.60000000000002;1509_direct;;;2.0;733.9;218;147;1;2;0;1509
767459;1787865599140;21.8;75;81;RECOVERING_AFTER_LOAD;49.2;3.0;147.0;147.60000000000002;1509_direct_carried;;;2.0;733.9;218;147;1;2;0;150A
767669;1787865599350;21.8;75;81;RECOVERING_AFTER_LOAD;49.2;3.0;147.0;147.60000000000002;1509_direct_carried;;;2.0;733.9;218;147;1;2;0;150B
767879;1787865599560;21.8;75;81;RECOVERING_AFTER_LOAD;49.2;3.0;147.0;147.60000000000002;1509_direct_carried;;;2.0;733.9;218;147;1;2;0;150D
768916;1787865600597;21.8;75;81;RECOVERING_AFTER_LOAD;49.2;3.0;147.0;147.60000000000002;1509_direct_carried;;;2.0;733.9;218;147;1;2;0;1502
769342;1787865601023;21.8;75;81;RECOVERING_AFTER_LOAD;49.2;3.0;147.0;147.60000000000002;1509_direct_carried;;;2.0;733.9;218;147;1;2;0;1505
769550;1787865601231;21.8;75;81;RECOVERING_AFTER_LOAD;49.2;3.0;147.0;147.60000000000002;1509_direct_carried;;;2.0;733.9;218;147;1;2;0;1506
769967;1787865601648;21.8;75;81;RECOVERING_AFTER_LOAD;49.2;3.0;147.0;147.60000000000002;1509_direct_carried;;;2.0;733.9;218;147;1;2;0;1508
770167;1787865601848;21.8;75;81;RECOVERING_AFTER_LOAD;49.2;3.0;147.0;147.60000000000002;1509_direct;;;2.0;733.9;218;147;1;2;0;1509
770377;1787865602058;21.8;75;81;RECOVERING_AFTER_LOAD;49.2;3.0;147.0;147.60000000000002;1509_direct_carried;;;2.0;733.9;218;147;1;2;0;150A
770587;1787865602268;21.8;75;81;RECOVERING_AFTER_LOAD;49.2;3.0;147.0;147.60000000000002;1509_direct_carried;;;2.0;733.9;218;147;1;2;0;150B
770798;1787865602479;21.8;75;81;RECOVERING_AFTER_LOAD;49.2;3.0;147.0;147.60000000000002;1509_direct_carried;;;2.0;733.9;218;147;1;2;0;150D
771839;1787865603520;21.8;75;81;RECOVERING_AFTER_LOAD;49.2;3.0;147.0;147.60000000000002;1509_direct_carried;;;2.0;733.9;218;147;1;2;0;1502
772259;1787865603940;21.8;75;81;RECOVERING_AFTER_LOAD;49.2;3.0;147.0;147.60000000000002;1509_direct_carried;;;2.0;733.9;218;147;1;2;0;1505
772470;1787865604151;21.8;75;81;RECOVERING_AFTER_LOAD;49.2;3.0;147.0;147.60000000000002;1509_direct_carried;;;2.0;733.9;218;147;1;2;0;1506
772891;1787865604572;21.8;75;81;RECOVERING_AFTER_LOAD;49.2;3.0;147.0;147.60000000000002;1509_direct_carried;;;2.0;733.9;218;147;1;2;0;1508
773100;1787865604781;21.8;74;81;RECOVERING_AFTER_LOAD;49.4;2.0;98.0;98.8;1509_direct;;;2.0;733.9;218;98;1;2;0;1509
773309;1787865604990;21.8;74;81;RECOVERING_AFTER_LOAD;49.4;2.0;98.0;98.8;1509_direct_carried;;;2.0;733.9;218;98;1;2;0;150A
773509;1787865605190;21.8;74;81;RECOVERING_AFTER_LOAD;49.4;2.0;98.0;98.8;1509_direct_carried;;;2.0;733.9;218;98;1;2;0;150B
773718;1787865605399;21.8;74;81;RECOVERING_AFTER_LOAD;49.4;2.0;98.0;98.8;1509_direct_carried;;;2.0;733.9;218;98;1;2;0;150D
774770;1787865606451;21.8;74;81;RECOVERING_AFTER_LOAD;49.4;2.0;98.0;98.8;1509_direct_carried;;;2.0;733.9;218;98;1;2;0;1502
775179;1787865606860;21.8;74;81;RECOVERING_AFTER_LOAD;49.4;2.0;98.0;98.8;1509_direct_carried;;;2.0;733.9;218;98;1;2;0;1505
775389;1787865607070;21.8;74;81;RECOVERING_AFTER_LOAD;49.4;2.0;98.0;98.8;1509_direct_carried;;;2.0;733.9;218;98;1;2;0;1506
775807;1787865607488;21.8;74;81;RECOVERING_AFTER_LOAD;49.4;2.0;98.0;98.8;1509_direct_carried;;;2.0;733.9;218;98;1;2;0;1508
776018;1787865607699;21.8;72;81;RECOVERING_AFTER_LOAD;49.4;1.0;49.0;49.4;1509_direct;;;2.0;733.9;218;49;1;2;0;1509
776226;1787865607907;21.8;72;81;RECOVERING_AFTER_LOAD;49.4;1.0;49.0;49.4;1509_direct_carried;;;2.0;733.9;218;49;1;2;0;150A
776447;1787865608128;21.8;72;81;RECOVERING_AFTER_LOAD;49.4;1.0;49.0;49.4;1509_direct_carried;;;2.0;733.9;218;49;1;2;0;150B
776648;1787865608329;21.8;72;81;RECOVERING_AFTER_LOAD;49.4;1.0;49.0;49.4;1509_direct_carried;;;2.0;733.9;218;49;1;2;0;150D
777688;1787865609369;21.8;72;81;RECOVERING_AFTER_LOAD;49.4;1.0;49.0;49.4;1509_direct_carried;;;2.0;733.9;218;49;1;2;0;1502
778109;1787865609790;21.8;72;81;RECOVERING_AFTER_LOAD;49.4;1.0;49.0;49.4;1509_direct_carried;;;2.0;733.9;218;49;1;2;0;1505
778318;1787865609999;21.8;72;81;RECOVERING_AFTER_LOAD;49.4;1.0;49.0;49.4;1509_direct_carried;;;2.0;733.9;218;49;1;2;0;1506
778729;1787865610410;21.8;72;81;RECOVERING_AFTER_LOAD;49.4;1.0;49.0;49.4;1509_direct_carried;;;2.0;733.9;218;49;1;2;0;1508
778939;1787865610620;21.8;70;81;RECOVERING_AFTER_LOAD;49.5;1.0;49.0;49.5;1509_direct;;;2.0;733.9;218;49;1;2;0;1509
779148;1787865610829;21.8;70;81;RECOVERING_AFTER_LOAD;49.5;1.0;49.0;49.5;1509_direct_carried;;;2.0;733.9;218;49;1;2;0;150A
779358;1787865611039;21.8;70;81;RECOVERING_AFTER_LOAD;49.5;1.0;49.0;49.5;1509_direct_carried;;;2.0;733.9;218;49;1;2;0;150B
779569;1787865611250;21.8;70;81;RECOVERING_AFTER_LOAD;49.5;1.0;49.0;49.5;1509_direct_carried;;;2.0;733.9;218;49;1;2;0;150D
780611;1787865612292;21.8;70;81;RECOVERING_AFTER_LOAD;49.5;1.0;49.0;49.5;1509_direct_carried;;;2.0;733.9;218;49;1;2;0;1502
781029;1787865612710;21.8;70;81;RECOVERING_AFTER_LOAD;49.5;1.0;49.0;49.5;1509_direct_carried;;;2.0;733.9;218;49;1;2;0;1505
781239;1787865612920;21.8;70;81;RECOVERING_AFTER_LOAD;49.5;1.0;49.0;49.5;1509_direct_carried;;;2.1;734.0;218;49;1;2;0;1506
781647;1787865613328;21.8;70;81;RECOVERING_AFTER_LOAD;49.5;1.0;49.0;49.5;1509_direct_carried;;;2.1;734.0;218;49;1;2;0;1508
781857;1787865613538;21.8;70;81;RECOVERING_AFTER_LOAD;49.3;2.0;98.0;98.6;1509_direct;;;2.1;734.0;218;98;1;2;0;1509
782068;1787865613749;21.8;70;81;RECOVERING_AFTER_LOAD;49.3;2.0;98.0;98.6;1509_direct_carried;;;2.1;734.0;218;98;1;2;0;150A
782278;1787865613959;21.8;70;81;RECOVERING_AFTER_LOAD;49.3;2.0;98.0;98.6;1509_direct_carried;;;2.1;734.0;218;98;1;2;0;150B
782488;1787865614169;21.8;70;81;RECOVERING_AFTER_LOAD;49.3;2.0;98.0;98.6;1509_direct_carried;;;2.1;734.0;218;98;1;2;0;150D
783525;1787865615206;21.8;70;81;RECOVERING_AFTER_LOAD;49.3;2.0;98.0;98.6;1509_direct_carried;;;2.1;734.0;218;98;1;2;0;1502
783949;1787865615630;21.8;70;81;RECOVERING_AFTER_LOAD;49.3;2.0;98.0;98.6;1509_direct_carried;;;2.1;734.0;218;98;1;2;0;1505
784157;1787865615838;21.8;70;81;RECOVERING_AFTER_LOAD;49.3;2.0;98.0;98.6;1509_direct_carried;;;2.1;734.0;218;98;1;2;0;1506
784578;1787865616259;21.8;70;81;RECOVERING_AFTER_LOAD;49.3;2.0;98.0;98.6;1509_direct_carried;;;2.1;734.0;218;98;1;2;0;1508
784788;1787865616469;21.8;70;81;RECOVERING_AFTER_LOAD;49.5;2.0;98.0;99.0;1509_direct;;;2.1;734.0;218;98;1;2;0;1509
784987;1787865616668;21.8;70;81;RECOVERING_AFTER_LOAD;49.5;2.0;98.0;99.0;1509_direct_carried;;;2.1;734.0;218;98;1;2;0;150A
785197;1787865616878;21.8;70;81;RECOVERING_AFTER_LOAD;49.5;2.0;98.0;99.0;1509_direct_carried;;;2.1;734.0;218;98;1;2;0;150B
785409;1787865617090;21.8;70;81;RECOVERING_AFTER_LOAD;49.5;2.0;98.0;99.0;1509_direct_carried;;;2.1;734.0;218;98;1;2;0;150D
786458;1787865618139;21.8;70;81;RECOVERING_AFTER_LOAD;49.5;2.0;98.0;99.0;1509_direct_carried;;;2.1;734.0;218;98;1;2;0;1502
786870;1787865618551;21.8;70;81;RECOVERING_AFTER_LOAD;49.5;2.0;98.0;99.0;1509_direct_carried;;;2.1;734.0;218;98;1;2;0;1505
787079;1787865618760;21.8;70;81;RECOVERING_AFTER_LOAD;49.5;2.0;98.0;99.0;1509_direct_carried;;;2.1;734.0;218;98;1;2;0;1506
787497;1787865619178;21.8;70;81;RECOVERING_AFTER_LOAD;49.5;2.0;98.0;99.0;1509_direct_carried;;;2.1;734.0;218;98;1;2;0;1508
787712;1787865619393;21.8;70;81;RECOVERING_AFTER_LOAD;49.5;1.0;49.0;49.5;1509_direct;;;2.1;734.0;218;49;1;2;0;1509
787917;1787865619598;21.8;70;81;RECOVERING_AFTER_LOAD;49.5;1.0;49.0;49.5;1509_direct_carried;;;2.1;734.0;218;49;1;2;0;150A
788128;1787865619809;21.8;70;81;RECOVERING_AFTER_LOAD;49.5;1.0;49.0;49.5;1509_direct_carried;;;2.1;734.0;218;49;1;2;0;150B
788330;1787865620011;21.8;70;81;RECOVERING_AFTER_LOAD;49.5;1.0;49.0;49.5;1509_direct_carried;;;2.1;734.0;218;49;1;2;0;150D
789377;1787865621058;21.8;70;81;RECOVERING_AFTER_LOAD;49.5;1.0;49.0;49.5;1509_direct_carried;;;2.1;734.0;218;49;1;2;0;1502
789788;1787865621469;21.8;70;81;RECOVERING_AFTER_LOAD;49.5;1.0;49.0;49.5;1509_direct_carried;;;2.1;734.0;218;49;1;2;0;1505
789999;1787865621680;21.8;70;81;RECOVERING_AFTER_LOAD;49.5;1.0;49.0;49.5;1509_direct_carried;;;2.1;734.0;218;49;1;2;0;1506
790419;1787865622100;21.8;70;81;RECOVERING_AFTER_LOAD;49.5;1.0;49.0;49.5;1509_direct_carried;;;2.1;734.0;218;49;1;2;0;1508
790629;1787865622310;21.8;70;81;RECOVERING_AFTER_LOAD;49.6;1.0;49.0;49.6;1509_direct;;;2.1;734.0;218;49;1;2;0;1509
790838;1787865622519;21.8;70;81;RECOVERING_AFTER_LOAD;49.6;1.0;49.0;49.6;1509_direct_carried;;;2.1;734.0;218;49;1;2;0;150A
791049;1787865622730;21.8;70;81;RECOVERING_AFTER_LOAD;49.6;1.0;49.0;49.6;1509_direct_carried;;;2.1;734.0;218;49;1;2;0;150B
791257;1787865622938;21.8;70;81;RECOVERING_AFTER_LOAD;49.6;1.0;49.0;49.6;1509_direct_carried;;;2.1;734.0;218;49;1;2;0;150D
792300;1787865623981;21.8;70;81;RECOVERING_AFTER_LOAD;49.6;1.0;49.0;49.6;1509_direct_carried;;;2.1;734.0;218;49;1;2;0;1502
792718;1787865624399;21.8;70;81;RECOVERING_AFTER_LOAD;49.6;1.0;49.0;49.6;1509_direct_carried;;;2.1;734.0;218;49;1;2;0;1505
792929;1787865624610;21.8;70;81;RECOVERING_AFTER_LOAD;49.6;1.0;49.0;49.6;1509_direct_carried;;;2.1;734.0;218;49;1;2;0;1506
793337;1787865625018;21.8;70;81;RECOVERING_AFTER_LOAD;49.6;1.0;49.0;49.6;1509_direct_carried;;;2.1;734.0;218;49;1;2;0;1508
793549;1787865625230;21.8;70;81;RECOVERING_AFTER_LOAD;49.6;1.0;49.0;49.6;1509_direct;;;2.1;734.0;218;49;1;2;0;1509
793758;1787865625439;21.8;70;81;RECOVERING_AFTER_LOAD;49.6;1.0;49.0;49.6;1509_direct_carried;;;2.1;734.0;218;49;1;2;0;150A
793969;1787865625650;21.8;70;81;RECOVERING_AFTER_LOAD;49.6;1.0;49.0;49.6;1509_direct_carried;;;2.1;734.0;218;49;1;2;0;150B
794180;1787865625861;21.8;70;81;RECOVERING_AFTER_LOAD;49.6;1.0;49.0;49.6;1509_direct_carried;;;2.1;734.0;218;49;1;2;0;150D
795217;1787865626898;21.8;70;81;RECOVERING_AFTER_LOAD;49.6;1.0;49.0;49.6;1509_direct_carried;;;2.1;734.0;218;49;1;2;0;1502
795639;1787865627320;21.8;70;81;RECOVERING_AFTER_LOAD;49.6;1.0;49.0;49.6;1509_direct_carried;;;2.1;734.0;218;49;1;2;0;1505
795848;1787865627529;21.8;70;81;RECOVERING_AFTER_LOAD;49.6;1.0;49.0;49.6;1509_direct_carried;;;2.2;734.1;218;49;1;2;0;1506
796270;1787865627951;21.8;70;81;RECOVERING_AFTER_LOAD;49.6;1.0;49.0;49.6;1509_direct_carried;;;2.2;734.1;218;49;1;2;0;1508
796469;1787865628150;21.8;70;81;RECOVERING_AFTER_LOAD;49.5;1.0;49.0;49.5;1509_direct;;;2.2;734.1;218;49;1;2;0;1509
796677;1787865628358;21.8;70;81;RECOVERING_AFTER_LOAD;49.5;1.0;49.0;49.5;1509_direct_carried;;;2.2;734.1;218;49;1;2;0;150A
796889;1787865628570;21.8;70;81;RECOVERING_AFTER_LOAD;49.5;1.0;49.0;49.5;1509_direct_carried;;;2.2;734.1;218;49;1;2;0;150B
797103;1787865628784;21.8;70;81;RECOVERING_AFTER_LOAD;49.5;1.0;49.0;49.5;1509_direct_carried;;;2.2;734.1;218;49;1;2;0;150D
798139;1787865629820;21.8;70;81;RECOVERING_AFTER_LOAD;49.5;1.0;49.0;49.5;1509_direct_carried;;;2.2;734.1;218;49;1;2;0;1502
798558;1787865630239;21.8;70;81;RECOVERING_AFTER_LOAD;49.5;1.0;49.0;49.5;1509_direct_carried;;;2.2;734.1;218;49;1;2;0;1505
798770;1787865630451;21.8;70;81;RECOVERING_AFTER_LOAD;49.5;1.0;49.0;49.5;1509_direct_carried;;;2.2;734.1;218;49;1;2;0;1506
799187;1787865630868;21.8;70;81;RECOVERING_AFTER_LOAD;49.5;1.0;49.0;49.5;1509_direct_carried;;;2.2;734.1;218;49;1;2;0;1508
799399;1787865631080;21.8;70;81;RECOVERING_AFTER_LOAD;49.6;1.0;49.0;49.6;1509_direct;;;2.2;734.1;218;49;1;2;0;1509
799597;1787865631278;21.8;70;81;RECOVERING_AFTER_LOAD;49.6;1.0;49.0;49.6;1509_direct_carried;;;2.2;734.1;218;49;1;2;0;150A
799808;1787865631489;21.8;70;81;RECOVERING_AFTER_LOAD;49.6;1.0;49.0;49.6;1509_direct_carried;;;2.2;734.1;218;49;1;2;0;150B
800020;1787865631701;21.8;70;81;RECOVERING_AFTER_LOAD;49.6;1.0;49.0;49.6;1509_direct_carried;;;2.2;734.1;218;49;1;2;0;150D
801069;1787865632750;21.8;70;81;RECOVERING_AFTER_LOAD;49.6;1.0;49.0;49.6;1509_direct_carried;;;2.2;734.1;218;49;1;2;0;1502
801476;1787865633157;21.8;70;81;RECOVERING_AFTER_LOAD;49.6;1.0;49.0;49.6;1509_direct_carried;;;2.2;734.1;218;49;1;2;0;1505
801687;1787865633368;21.8;70;81;RECOVERING_AFTER_LOAD;49.6;1.0;49.0;49.6;1509_direct_carried;;;2.2;734.1;218;49;1;2;0;1506
802106;1787865633787;21.8;70;81;RECOVERING_AFTER_LOAD;49.6;1.0;49.0;49.6;1509_direct_carried;;;2.2;734.1;218;49;1;2;0;1508
802315;1787865633996;21.8;70;81;RECOVERING_AFTER_LOAD;49.6;2.0;99.0;99.2;1509_direct;;;2.2;734.1;218;99;1;2;0;1509
802527;1787865634208;21.8;70;81;RECOVERING_AFTER_LOAD;49.6;2.0;99.0;99.2;1509_direct_carried;;;2.2;734.1;218;99;1;2;0;150A
802736;1787865634417;21.8;70;81;RECOVERING_AFTER_LOAD;49.6;2.0;99.0;99.2;1509_direct_carried;;;2.2;734.1;218;99;1;2;0;150B
802936;1787865634617;21.8;70;81;RECOVERING_AFTER_LOAD;49.6;2.0;99.0;99.2;1509_direct_carried;;;2.2;734.1;218;99;1;2;0;150D
803991;1787865635672;21.8;70;81;RECOVERING_AFTER_LOAD;49.6;2.0;99.0;99.2;1509_direct_carried;;;2.2;734.1;218;99;1;2;0;1502
804408;1787865636089;21.8;70;81;RECOVERING_AFTER_LOAD;49.6;2.0;99.0;99.2;1509_direct_carried;;;2.2;734.1;218;99;1;2;0;1505
804610;1787865636291;21.8;70;81;RECOVERING_AFTER_LOAD;49.6;2.0;99.0;99.2;1509_direct_carried;;;2.2;734.1;218;99;1;2;0;1506
805030;1787865636711;21.8;70;81;RECOVERING_AFTER_LOAD;49.6;2.0;99.0;99.2;1509_direct_carried;;;2.2;734.1;218;99;1;2;0;1508
805238;1787865636919;21.8;70;81;RECOVERING_AFTER_LOAD;49.6;1.0;49.0;49.6;1509_direct;;;2.2;734.1;218;49;1;2;0;1509
805452;1787865637133;21.8;70;81;RECOVERING_AFTER_LOAD;49.6;1.0;49.0;49.6;1509_direct_carried;;;2.2;734.1;218;49;1;2;0;150A
805657;1787865637338;21.8;70;81;RECOVERING_AFTER_LOAD;49.6;1.0;49.0;49.6;1509_direct_carried;;;2.2;734.1;218;49;1;2;0;150B
805871;1787865637552;21.8;70;81;RECOVERING_AFTER_LOAD;49.6;1.0;49.0;49.6;1509_direct_carried;;;2.2;734.1;218;49;1;2;0;150D
806906;1787865638587;21.8;70;81;RECOVERING_AFTER_LOAD;49.6;1.0;49.0;49.6;1509_direct_carried;;;2.2;734.1;218;49;1;2;0;1502
807326;1787865639007;21.8;70;81;RECOVERING_AFTER_LOAD;49.6;1.0;49.0;49.6;1509_direct_carried;;;2.2;734.1;218;49;1;2;0;1505
807536;1787865639217;21.8;70;81;RECOVERING_AFTER_LOAD;49.6;1.0;49.0;49.6;1509_direct_carried;;;2.2;734.1;218;49;1;2;0;1506
807948;1787865639629;21.8;70;81;RECOVERING_AFTER_LOAD;49.6;1.0;49.0;49.6;1509_direct_carried;;;2.2;734.1;218;49;1;2;0;1508
808158;1787865639839;21.8;70;81;RECOVERING_AFTER_LOAD;49.6;1.0;49.0;49.6;1509_direct;;;2.2;734.1;218;49;1;2;0;1509
808367;1787865640048;21.8;70;81;RECOVERING_AFTER_LOAD;49.6;1.0;49.0;49.6;1509_direct_carried;;;2.2;734.1;218;49;1;2;0;150A
808577;1787865640258;21.8;70;81;RECOVERING_AFTER_LOAD;49.6;1.0;49.0;49.6;1509_direct_carried;;;2.2;734.1;218;49;1;2;0;150B
808791;1787865640472;21.8;70;81;RECOVERING_AFTER_LOAD;49.6;1.0;49.0;49.6;1509_direct_carried;;;2.2;734.1;218;49;1;2;0;150D
809830;1787865641511;21.8;70;81;RECOVERING_AFTER_LOAD;49.6;1.0;49.0;49.6;1509_direct_carried;;;2.2;734.1;218;49;1;2;0;1502
810247;1787865641928;21.8;70;81;RECOVERING_AFTER_LOAD;49.6;1.0;49.0;49.6;1509_direct_carried;;;2.2;734.1;218;49;1;2;0;1505
810459;1787865642140;21.8;70;81;RECOVERING_AFTER_LOAD;49.6;1.0;49.0;49.6;1509_direct_carried;;;2.2;734.1;218;49;1;2;0;1506
810880;1787865642561;21.8;70;81;RECOVERING_AFTER_LOAD;49.6;1.0;49.0;49.6;1509_direct_carried;;;2.2;734.1;218;49;1;2;0;1508
811081;1787865642762;21.8;70;81;RECOVERING_AFTER_LOAD;49.4;2.0;98.0;98.8;1509_direct;;;2.2;734.1;218;98;1;2;0;1509
811289;1787865642970;21.8;70;81;RECOVERING_AFTER_LOAD;49.4;2.0;98.0;98.8;1509_direct_carried;;;2.2;734.1;218;98;1;2;0;150A
811500;1787865643181;21.8;70;81;RECOVERING_AFTER_LOAD;49.4;2.0;98.0;98.8;1509_direct_carried;;;2.2;734.1;218;98;1;2;0;150B
811714;1787865643395;21.8;70;81;RECOVERING_AFTER_LOAD;49.4;2.0;98.0;98.8;1509_direct_carried;;;2.2;734.1;218;98;1;2;0;150D
812758;1787865644439;21.8;70;81;RECOVERING_AFTER_LOAD;49.4;2.0;98.0;98.8;1509_direct_carried;;;2.2;734.1;218;98;1;2;0;1502
813177;1787865644858;21.8;70;81;RECOVERING_AFTER_LOAD;49.4;2.0;98.0;98.8;1509_direct_carried;;;2.2;734.1;218;98;1;2;0;1505
813385;1787865645066;21.8;70;81;RECOVERING_AFTER_LOAD;49.4;2.0;98.0;98.8;1509_direct_carried;;;2.3;734.2;218;98;1;2;0;1506
813810;1787865645491;21.8;70;81;RECOVERING_AFTER_LOAD;49.4;2.0;98.0;98.8;1509_direct_carried;;;2.3;734.2;218;98;1;2;0;1508
814009;1787865645690;21.8;70;81;RECOVERING_AFTER_LOAD;49.5;1.0;49.0;49.5;1509_direct;;;2.3;734.2;218;49;1;2;0;1509
814217;1787865645898;21.8;70;81;RECOVERING_AFTER_LOAD;49.5;1.0;49.0;49.5;1509_direct_carried;;;2.3;734.2;218;49;1;2;0;150A
814427;1787865646108;21.8;70;81;RECOVERING_AFTER_LOAD;49.5;1.0;49.0;49.5;1509_direct_carried;;;2.3;734.2;218;49;1;2;0;150B
814639;1787865646320;21.8;70;81;RECOVERING_AFTER_LOAD;49.5;1.0;49.0;49.5;1509_direct_carried;;;2.3;734.2;218;49;1;2;0;150D
815679;1787865647360;21.8;70;81;RECOVERING_AFTER_LOAD;49.5;1.0;49.0;49.5;1509_direct_carried;;;2.3;734.2;218;49;1;2;0;1502
816097;1787865647778;21.8;70;81;RECOVERING_AFTER_LOAD;49.5;1.0;49.0;49.5;1509_direct_carried;;;2.3;734.2;218;49;1;2;0;1505
816311;1787865647992;21.8;70;81;RECOVERING_AFTER_LOAD;49.5;1.0;49.0;49.5;1509_direct_carried;;;2.3;734.2;218;49;1;2;0;1506
816729;1787865648410;21.8;70;81;RECOVERING_AFTER_LOAD;49.5;1.0;49.0;49.5;1509_direct_carried;;;2.3;734.2;218;49;1;2;0;1508
816941;1787865648622;21.8;70;81;RECOVERING_AFTER_LOAD;49.6;1.0;49.0;49.6;1509_direct;;;2.3;734.2;218;49;1;2;0;1509
817148;1787865648829;21.8;70;81;RECOVERING_AFTER_LOAD;49.6;1.0;49.0;49.6;1509_direct_carried;;;2.3;734.2;218;49;1;2;0;150A
817348;1787865649029;21.8;70;81;RECOVERING_AFTER_LOAD;49.6;1.0;49.0;49.6;1509_direct_carried;;;2.3;734.2;218;49;1;2;0;150B
817559;1787865649240;21.8;70;81;RECOVERING_AFTER_LOAD;49.6;1.0;49.0;49.6;1509_direct_carried;;;2.3;734.2;218;49;1;2;0;150D
818611;1787865650292;21.8;70;81;RECOVERING_AFTER_LOAD;49.6;1.0;49.0;49.6;1509_direct_carried;;;2.3;734.2;218;49;1;2;0;1502
819018;1787865650699;21.8;70;81;RECOVERING_AFTER_LOAD;49.6;1.0;49.0;49.6;1509_direct_carried;;;2.3;734.2;218;49;1;2;0;1505
819229;1787865650910;21.8;70;81;RECOVERING_AFTER_LOAD;49.6;1.0;49.0;49.6;1509_direct_carried;;;2.3;734.2;218;49;1;2;0;1506
819649;1787865651330;21.8;70;81;RECOVERING_AFTER_LOAD;49.6;1.0;49.0;49.6;1509_direct_carried;;;2.3;734.2;218;49;1;2;0;1508
819859;1787865651540;21.8;70;81;RECOVERING_AFTER_LOAD;49.6;1.0;49.0;49.6;1509_direct;;;2.3;734.2;218;49;1;2;0;1509
820067;1787865651748;21.8;70;81;RECOVERING_AFTER_LOAD;49.6;1.0;49.0;49.6;1509_direct_carried;;;2.3;734.2;218;49;1;2;0;150A
820279;1787865651960;21.8;70;81;RECOVERING_AFTER_LOAD;49.6;1.0;49.0;49.6;1509_direct_carried;;;2.3;734.2;218;49;1;2;0;150B
820487;1787865652168;21.8;70;81;RECOVERING_AFTER_LOAD;49.6;1.0;49.0;49.6;1509_direct_carried;;;2.3;734.2;218;49;1;2;0;150D
821529;1787865653210;21.8;70;81;RECOVERING_AFTER_LOAD;49.6;1.0;49.0;49.6;1509_direct_carried;;;2.3;734.2;218;49;1;2;0;1502
821949;1787865653630;21.8;70;81;RECOVERING_AFTER_LOAD;49.6;1.0;49.0;49.6;1509_direct_carried;;;2.3;734.2;218;49;1;2;0;1505
822159;1787865653840;21.8;70;81;RECOVERING_AFTER_LOAD;49.6;1.0;49.0;49.6;1509_direct_carried;;;2.3;734.2;218;49;1;2;0;1506
822570;1787865654251;21.8;70;81;RECOVERING_AFTER_LOAD;49.6;1.0;49.0;49.6;1509_direct_carried;;;2.3;734.2;218;49;1;2;0;1508
822780;1787865654461;21.8;70;81;RECOVERING_AFTER_LOAD;49.6;1.0;49.0;49.6;1509_direct;;;2.3;734.2;218;49;1;2;0;1509
822989;1787865654670;21.8;70;81;RECOVERING_AFTER_LOAD;49.6;1.0;49.0;49.6;1509_direct_carried;;;2.3;734.2;218;49;1;2;0;150A
823198;1787865654879;21.8;70;81;RECOVERING_AFTER_LOAD;49.6;1.0;49.0;49.6;1509_direct_carried;;;2.3;734.2;218;49;1;2;0;150B
823410;1787865655091;21.8;70;81;RECOVERING_AFTER_LOAD;49.6;1.0;49.0;49.6;1509_direct_carried;;;2.3;734.2;218;49;1;2;0;150D
824450;1787865656131;21.8;70;81;RECOVERING_AFTER_LOAD;49.6;1.0;49.0;49.6;1509_direct_carried;;;2.3;734.2;218;49;1;2;0;1502
824869;1787865656550;21.8;70;81;RECOVERING_AFTER_LOAD;49.6;1.0;49.0;49.6;1509_direct_carried;;;2.3;734.2;218;49;1;2;0;1505
825079;1787865656760;21.8;70;81;RECOVERING_AFTER_LOAD;49.6;1.0;49.0;49.6;1509_direct_carried;;;2.3;734.2;218;49;1;2;0;1506
825501;1787865657182;21.8;70;81;RECOVERING_AFTER_LOAD;49.6;1.0;49.0;49.6;1509_direct_carried;;;2.3;734.2;218;49;1;2;0;1508
825700;1787865657381;21.8;70;81;RECOVERING_AFTER_LOAD;49.6;2.0;99.0;99.2;1509_direct;;;2.3;734.2;218;99;1;2;0;1509
825909;1787865657590;21.8;70;81;RECOVERING_AFTER_LOAD;49.6;2.0;99.0;99.2;1509_direct_carried;;;2.3;734.2;218;99;1;2;0;150A
826120;1787865657801;21.8;70;81;RECOVERING_AFTER_LOAD;49.6;2.0;99.0;99.2;1509_direct_carried;;;2.3;734.2;218;99;1;2;0;150B
826329;1787865658010;21.8;70;81;RECOVERING_AFTER_LOAD;49.6;2.0;99.0;99.2;1509_direct_carried;;;2.3;734.2;218;99;1;2;0;150D
827373;1787865659054;21.8;70;81;RECOVERING_AFTER_LOAD;49.6;2.0;99.0;99.2;1509_direct_carried;;;2.3;734.2;218;99;1;2;0;1502
827787;1787865659468;21.8;70;81;RECOVERING_AFTER_LOAD;49.6;2.0;99.0;99.2;1509_direct_carried;;;2.3;734.2;218;99;1;2;0;1505
827998;1787865659679;21.8;70;81;RECOVERING_AFTER_LOAD;49.6;2.0;99.0;99.2;1509_direct_carried;;;2.4;734.3;218;99;1;2;0;1506
828419;1787865660100;21.8;70;81;RECOVERING_AFTER_LOAD;49.6;2.0;99.0;99.2;1509_direct_carried;;;2.4;734.3;218;99;1;2;0;1508
828626;1787865660307;21.8;70;81;RECOVERING_AFTER_LOAD;49.5;2.0;99.0;99.0;1509_direct;;;2.4;734.3;218;99;1;2;0;1509
828829;1787865660510;21.8;70;81;RECOVERING_AFTER_LOAD;49.5;2.0;99.0;99.0;1509_direct_carried;;;2.4;734.3;218;99;1;2;0;150A
829039;1787865660720;21.8;70;81;RECOVERING_AFTER_LOAD;49.5;2.0;99.0;99.0;1509_direct_carried;;;2.4;734.3;218;99;1;2;0;150B
829248;1787865660929;21.8;70;81;RECOVERING_AFTER_LOAD;49.5;2.0;99.0;99.0;1509_direct_carried;;;2.4;734.3;218;99;1;2;0;150D
830300;1787865661981;21.8;70;81;RECOVERING_AFTER_LOAD;49.5;2.0;99.0;99.0;1509_direct_carried;;;2.4;734.3;218;99;1;2;0;1502
830709;1787865662390;21.8;70;81;RECOVERING_AFTER_LOAD;49.5;2.0;99.0;99.0;1509_direct_carried;;;2.4;734.3;218;99;1;2;0;1505
830919;1787865662600;21.8;70;81;RECOVERING_AFTER_LOAD;49.5;2.0;99.0;99.0;1509_direct_carried;;;2.4;734.3;218;99;1;2;0;1506
831338;1787865663019;21.8;70;81;RECOVERING_AFTER_LOAD;49.5;2.0;99.0;99.0;1509_direct_carried;;;2.4;734.3;218;99;1;2;0;1508
831546;1787865663227;21.8;70;81;RECOVERING_AFTER_LOAD;49.5;2.0;99.0;99.0;1509_direct;;;2.4;734.3;218;99;1;2;0;1509
831761;1787865663442;21.8;70;81;RECOVERING_AFTER_LOAD;49.5;2.0;99.0;99.0;1509_direct_carried;;;2.4;734.3;218;99;1;2;0;150A
831969;1787865663650;21.8;70;81;RECOVERING_AFTER_LOAD;49.5;2.0;99.0;99.0;1509_direct_carried;;;2.4;734.3;218;99;1;2;0;150B
832181;1787865663862;21.8;70;81;RECOVERING_AFTER_LOAD;49.5;2.0;99.0;99.0;1509_direct_carried;;;2.4;734.3;218;99;1;2;0;150D
833219;1787865664900;21.8;70;81;RECOVERING_AFTER_LOAD;49.5;2.0;99.0;99.0;1509_direct_carried;;;2.4;734.3;218;99;1;2;0;1502
833639;1787865665320;21.8;70;81;RECOVERING_AFTER_LOAD;49.5;2.0;99.0;99.0;1509_direct_carried;;;2.4;734.3;218;99;1;2;0;1505
833851;1787865665532;21.8;70;81;RECOVERING_AFTER_LOAD;49.5;2.0;99.0;99.0;1509_direct_carried;;;2.4;734.3;218;99;1;2;0;1506
834258;1787865665939;21.8;70;81;RECOVERING_AFTER_LOAD;49.5;2.0;99.0;99.0;1509_direct_carried;;;2.4;734.3;218;99;1;2;0;1508
834469;1787865666150;21.8;70;81;RECOVERING_AFTER_LOAD;49.4;2.0;98.0;98.8;1509_direct;;;2.4;734.3;218;98;1;2;0;1509
834678;1787865666359;21.8;70;81;RECOVERING_AFTER_LOAD;49.4;2.0;98.0;98.8;1509_direct_carried;;;2.4;734.3;218;98;1;2;0;150A
834891;1787865666572;21.8;70;81;RECOVERING_AFTER_LOAD;49.4;2.0;98.0;98.8;1509_direct_carried;;;2.4;734.3;218;98;1;2;0;150B
835099;1787865666780;21.8;70;81;RECOVERING_AFTER_LOAD;49.4;2.0;98.0;98.8;1509_direct_carried;;;2.4;734.3;218;98;1;2;0;150D
836137;1787865667818;21.8;70;81;RECOVERING_AFTER_LOAD;49.4;2.0;98.0;98.8;1509_direct_carried;;;2.4;734.3;218;98;1;2;0;1502
836560;1787865668241;21.8;70;81;RECOVERING_AFTER_LOAD;49.4;2.0;98.0;98.8;1509_direct_carried;;;2.4;734.3;218;98;1;2;0;1505
836769;1787865668450;21.8;70;81;RECOVERING_AFTER_LOAD;49.4;2.0;98.0;98.8;1509_direct_carried;;;2.4;734.3;218;98;1;2;0;1506
837187;1787865668868;21.8;70;81;RECOVERING_AFTER_LOAD;49.4;2.0;98.0;98.8;1509_direct_carried;;;2.4;734.3;218;98;1;2;0;1508
837388;1787865669069;21.8;70;81;RECOVERING_AFTER_LOAD;49.6;1.0;49.0;49.6;1509_direct;;;2.4;734.3;218;49;1;2;0;1509
837598;1787865669279;21.8;70;81;RECOVERING_AFTER_LOAD;49.6;1.0;49.0;49.6;1509_direct_carried;;;2.4;734.3;218;49;1;2;0;150A
837807;1787865669488;21.8;70;81;RECOVERING_AFTER_LOAD;49.6;1.0;49.0;49.6;1509_direct_carried;;;2.4;734.3;218;49;1;2;0;150B
838018;1787865669699;21.8;70;81;RECOVERING_AFTER_LOAD;49.6;1.0;49.0;49.6;1509_direct_carried;;;2.4;734.3;218;49;1;2;0;150D
839057;1787865670738;21.8;70;81;RECOVERING_AFTER_LOAD;49.6;1.0;49.0;49.6;1509_direct_carried;;;2.4;734.3;218;49;1;2;0;1502
839479;1787865671160;21.8;70;81;RECOVERING_AFTER_LOAD;49.6;1.0;49.0;49.6;1509_direct_carried;;;2.4;734.3;218;49;1;2;0;1505
839689;1787865671370;21.8;70;81;RECOVERING_AFTER_LOAD;49.6;1.0;49.0;49.6;1509_direct_carried;;;2.4;734.3;218;49;1;2;0;1506
840110;1787865671791;21.8;70;81;RECOVERING_AFTER_LOAD;49.6;1.0;49.0;49.6;1509_direct_carried;;;2.4;734.3;218;49;1;2;0;1508
840318;1787865671999;21.8;70;81;RECOVERING_AFTER_LOAD;49.7;1.0;49.0;49.7;1509_direct;;;2.4;734.3;218;49;1;2;0;1509
840517;1787865672198;21.8;70;81;RECOVERING_AFTER_LOAD;49.7;1.0;49.0;49.7;1509_direct_carried;;;2.4;734.3;218;49;1;2;0;150A
840730;1787865672411;21.8;70;81;RECOVERING_AFTER_LOAD;49.7;1.0;49.0;49.7;1509_direct_carried;;;2.4;734.3;218;49;1;2;0;150B
840949;1787865672630;21.8;70;81;RECOVERING_AFTER_LOAD;49.7;1.0;49.0;49.7;1509_direct_carried;;;2.4;734.3;218;49;1;2;0;150D
841988;1787865673669;21.8;70;81;RECOVERING_AFTER_LOAD;49.7;1.0;49.0;49.7;1509_direct_carried;;;2.4;734.3;218;49;1;2;0;1502
842399;1787865674080;20.2;70;81;RECOVERING_AFTER_LOAD;49.7;1.0;49.0;49.7;1509_direct_carried;;;2.4;734.3;202;49;1;2;0;1505
842612;1787865674293;20.2;70;81;RECOVERING_AFTER_LOAD;49.7;1.0;49.0;49.7;1509_direct_carried;;;2.4;734.3;202;49;1;2;0;1506
843027;1787865674708;20.2;70;81;RECOVERING_AFTER_LOAD;49.7;1.0;49.0;49.7;1509_direct_carried;;;2.4;734.3;202;49;1;2;0;1508
843237;1787865674918;20.2;70;81;RECOVERING_AFTER_LOAD;49.8;0.0;0.0;0.0;1509_direct;;;2.4;734.3;202;0;1;2;0;1509
843450;1787865675131;20.2;70;81;RECOVERING_AFTER_LOAD;49.8;0.0;0.0;0.0;1509_direct_carried;;;2.4;734.3;202;0;1;2;0;150A
843659;1787865675340;20.2;70;81;RECOVERING_AFTER_LOAD;49.8;0.0;0.0;0.0;1509_direct_carried;;;2.4;734.3;202;0;1;2;0;150B
843872;1787865675553;20.2;70;81;RECOVERING_AFTER_LOAD;49.8;0.0;0.0;0.0;1509_direct_carried;;;2.4;734.3;202;0;1;2;0;150D
844910;1787865676591;20.2;70;81;RECOVERING_AFTER_LOAD;49.8;0.0;0.0;0.0;1509_direct_carried;;;2.4;734.3;202;0;1;2;0;1502
845330;1787865677011;14.8;70;81;RECOVERING_AFTER_LOAD;49.8;0.0;0.0;0.0;1509_direct_carried;;;2.4;734.3;148;0;1;2;0;1505
845527;1787865677208;14.8;70;81;RECOVERING_AFTER_LOAD;49.8;0.0;0.0;0.0;1509_direct_carried;;;2.5;734.4;148;0;1;2;0;1506
845951;1787865677632;14.8;70;81;RECOVERING_AFTER_LOAD;49.8;0.0;0.0;0.0;1509_direct_carried;;;2.5;734.4;148;0;1;2;0;1508
846159;1787865677840;14.8;70;81;RECOVERING_AFTER_LOAD;50.1;0.0;0.0;0.0;1509_direct;;;2.5;734.4;148;0;1;2;0;1509
846369;1787865678050;14.8;70;81;RECOVERING_AFTER_LOAD;50.1;0.0;0.0;0.0;1509_direct_carried;;;2.5;734.4;148;0;1;2;0;150A
846579;1787865678260;14.8;70;81;RECOVERING_AFTER_LOAD;50.1;0.0;0.0;0.0;1509_direct_carried;;;2.5;734.4;148;0;1;2;0;150B
846791;1787865678472;14.8;70;81;RECOVERING_AFTER_LOAD;50.1;0.0;0.0;0.0;1509_direct_carried;;;2.5;734.4;148;0;1;2;0;150D
847830;1787865679511;14.8;70;81;RECOVERING_AFTER_LOAD;50.1;0.0;0.0;0.0;1509_direct_carried;;;2.5;734.4;148;0;1;2;0;1502
848249;1787865679930;9.6;70;81;RECOVERING_AFTER_LOAD;50.1;0.0;0.0;0.0;1509_direct_carried;;;2.5;734.4;96;0;1;2;0;1505
848460;1787865680141;9.6;70;81;RECOVERING_AFTER_LOAD;50.1;0.0;0.0;0.0;1509_direct_carried;;;2.5;734.4;96;0;1;2;0;1506
848870;1787865680551;9.6;70;81;RECOVERING_AFTER_LOAD;50.1;0.0;0.0;0.0;1509_direct_carried;;;2.5;734.4;96;0;1;2;0;1508
849078;1787865680759;9.6;70;81;RECOVERING_AFTER_LOAD;49.5;3.0;148.0;148.5;1509_direct;;;2.5;734.4;96;148;1;2;0;1509
849291;1787865680972;9.6;70;81;RECOVERING_AFTER_LOAD;49.5;3.0;148.0;148.5;1509_direct_carried;;;2.5;734.4;96;148;1;2;0;150A
849499;1787865681180;9.6;70;81;RECOVERING_AFTER_LOAD;49.5;3.0;148.0;148.5;1509_direct_carried;;;2.5;734.4;96;148;1;2;0;150B
849713;1787865681394;9.6;70;81;RECOVERING_AFTER_LOAD;49.5;3.0;148.0;148.5;1509_direct_carried;;;2.5;734.4;96;148;1;2;0;150D
850749;1787865682430;9.6;70;81;RECOVERING_AFTER_LOAD;49.5;3.0;148.0;148.5;1509_direct_carried;;;2.5;734.4;96;148;1;2;0;1502
851171;1787865682852;12.5;70;81;RECOVERING_AFTER_LOAD;49.5;3.0;148.0;148.5;1509_direct_carried;;;2.5;734.4;125;148;1;2;0;1505
851379;1787865683060;12.5;70;81;RECOVERING_AFTER_LOAD;49.5;3.0;148.0;148.5;1509_direct_carried;;;2.5;734.4;125;148;1;2;0;1506
851800;1787865683481;12.5;70;81;RECOVERING_AFTER_LOAD;49.5;3.0;148.0;148.5;1509_direct_carried;;;2.5;734.4;125;148;1;2;0;1508
852008;1787865683689;12.5;70;81;RECOVERING_AFTER_LOAD;49.6;2.0;99.0;99.2;1509_direct;;;2.5;734.4;125;99;1;2;0;1509
852209;1787865683890;12.5;70;81;RECOVERING_AFTER_LOAD;49.6;2.0;99.0;99.2;1509_direct_carried;;;2.5;734.4;125;99;1;2;0;150A
852422;1787865684103;12.5;70;81;RECOVERING_AFTER_LOAD;49.6;2.0;99.0;99.2;1509_direct_carried;;;2.5;734.4;125;99;1;2;0;150B
852629;1787865684310;12.5;70;81;RECOVERING_AFTER_LOAD;49.6;2.0;99.0;99.2;1509_direct_carried;;;2.5;734.4;125;99;1;2;0;150D
853679;1787865685360;12.5;70;81;RECOVERING_AFTER_LOAD;49.6;2.0;99.0;99.2;1509_direct_carried;;;2.5;734.4;125;99;1;2;0;1502
854089;1787865685770;14.5;70;81;RECOVERING_AFTER_LOAD;49.6;2.0;99.0;99.2;1509_direct_carried;;;2.5;734.4;145;99;1;2;0;1505
854301;1787865685982;14.5;70;81;RECOVERING_AFTER_LOAD;49.6;2.0;99.0;99.2;1509_direct_carried;;;2.5;734.4;145;99;1;2;0;1506
854718;1787865686399;14.5;70;81;RECOVERING_AFTER_LOAD;49.6;2.0;99.0;99.2;1509_direct_carried;;;2.5;734.4;145;99;1;2;0;1508
854932;1787865686613;14.5;70;81;RECOVERING_AFTER_LOAD;49.6;1.0;49.0;49.6;1509_direct;;;2.5;734.4;145;49;1;2;0;1509
855140;1787865686821;14.5;70;81;RECOVERING_AFTER_LOAD;49.6;1.0;49.0;49.6;1509_direct_carried;;;2.5;734.4;145;49;1;2;0;150A
855347;1787865687028;14.5;70;81;RECOVERING_AFTER_LOAD;49.6;1.0;49.0;49.6;1509_direct_carried;;;2.5;734.4;145;49;1;2;0;150B
855549;1787865687230;14.5;70;81;RECOVERING_AFTER_LOAD;49.6;1.0;49.0;49.6;1509_direct_carried;;;2.5;734.4;145;49;1;2;0;150D
856600;1787865688281;14.5;70;81;RECOVERING_AFTER_LOAD;49.6;1.0;49.0;49.6;1509_direct_carried;;;2.5;734.4;145;49;1;2;0;1502
857018;1787865688699;16.1;70;81;RECOVERING_AFTER_LOAD;49.6;1.0;49.0;49.6;1509_direct_carried;;;2.5;734.4;161;49;1;2;0;1505
857219;1787865688900;16.1;70;81;RECOVERING_AFTER_LOAD;49.6;1.0;49.0;49.6;1509_direct_carried;;;2.5;734.4;161;49;1;2;0;1506
857640;1787865689321;16.1;70;81;RECOVERING_AFTER_LOAD;49.6;1.0;49.0;49.6;1509_direct_carried;;;2.5;734.4;161;49;1;2;0;1508
857850;1787865689531;16.1;70;81;RECOVERING_AFTER_LOAD;49.5;2.0;99.0;99.0;1509_direct;;;2.5;734.4;161;99;1;2;0;1509
858058;1787865689739;16.1;70;81;RECOVERING_AFTER_LOAD;49.5;2.0;99.0;99.0;1509_direct_carried;;;2.5;734.4;161;99;1;2;0;150A
858267;1787865689948;16.1;70;81;RECOVERING_AFTER_LOAD;49.5;2.0;99.0;99.0;1509_direct_carried;;;2.5;734.4;161;99;1;2;0;150B
858481;1787865690162;16.1;70;81;RECOVERING_AFTER_LOAD;49.5;2.0;99.0;99.0;1509_direct_carried;;;2.5;734.4;161;99;1;2;0;150D
859519;1787865691200;16.1;70;81;RECOVERING_AFTER_LOAD;49.5;2.0;99.0;99.0;1509_direct_carried;;;2.5;734.4;161;99;1;2;0;1502
859941;1787865691622;17.9;70;81;RECOVERING_AFTER_LOAD;49.5;2.0;99.0;99.0;1509_direct_carried;;;2.5;734.4;179;99;1;2;0;1505
860150;1787865691831;17.9;70;81;RECOVERING_AFTER_LOAD;49.5;2.0;99.0;99.0;1509_direct_carried;;;2.5;734.4;179;99;1;2;0;1506
860558;1787865692239;17.9;70;81;RECOVERING_AFTER_LOAD;49.5;2.0;99.0;99.0;1509_direct_carried;;;2.5;734.4;179;99;1;2;0;1508
860769;1787865692450;17.9;70;81;RECOVERING_AFTER_LOAD;49.2;4.0;196.0;196.8;1509_direct;;;2.5;734.4;179;196;1;2;0;1509
860979;1787865692660;17.9;70;81;RECOVERING_AFTER_LOAD;49.2;4.0;196.0;196.8;1509_direct_carried;;;2.5;734.4;179;196;1;2;0;150A
861189;1787865692870;17.9;70;81;RECOVERING_AFTER_LOAD;49.2;4.0;196.0;196.8;1509_direct_carried;;;2.5;734.4;179;196;1;2;0;150B
861400;1787865693081;17.9;70;81;RECOVERING_AFTER_LOAD;49.2;4.0;196.0;196.8;1509_direct_carried;;;2.5;734.4;179;196;1;2;0;150D
862440;1787865694121;17.9;70;81;RECOVERING_AFTER_LOAD;49.2;4.0;196.0;196.8;1509_direct_carried;;;2.5;734.4;179;196;1;2;0;1502
862858;1787865694539;19.5;70;81;RECOVERING_AFTER_LOAD;49.2;4.0;196.0;196.8;1509_direct_carried;;;2.5;734.4;195;196;1;2;0;1505
863071;1787865694752;19.5;70;81;RECOVERING_AFTER_LOAD;49.2;4.0;196.0;196.8;1509_direct_carried;;;2.5;734.4;195;196;1;2;0;1506
863491;1787865695172;19.5;70;81;RECOVERING_AFTER_LOAD;49.2;4.0;196.0;196.8;1509_direct_carried;;;2.5;734.4;195;196;1;2;0;1508
863691;1787865695372;19.5;70;81;RECOVERING_AFTER_LOAD;49.5;2.0;99.0;99.0;1509_direct;;;2.5;734.4;195;99;1;2;0;1509
863902;1787865695583;19.5;70;81;RECOVERING_AFTER_LOAD;49.5;2.0;99.0;99.0;1509_direct_carried;;;2.5;734.4;195;99;1;2;0;150A
864111;1787865695792;19.5;70;81;RECOVERING_AFTER_LOAD;49.5;2.0;99.0;99.0;1509_direct_carried;;;2.5;734.4;195;99;1;2;0;150B
864320;1787865696001;19.5;70;81;RECOVERING_AFTER_LOAD;49.5;2.0;99.0;99.0;1509_direct_carried;;;2.5;734.4;195;99;1;2;0;150D
865370;1787865697051;19.5;70;81;RECOVERING_AFTER_LOAD;49.5;2.0;99.0;99.0;1509_direct_carried;;;2.5;734.4;195;99;1;2;0;1502
865779;1787865697460;20.4;70;81;RECOVERING_AFTER_LOAD;49.5;2.0;99.0;99.0;1509_direct_carried;;;2.5;734.4;204;99;1;2;0;1505
865989;1787865697670;20.4;70;81;RECOVERING_AFTER_LOAD;49.5;2.0;99.0;99.0;1509_direct_carried;;;2.5;734.4;204;99;1;2;0;1506
866411;1787865698092;20.4;70;81;RECOVERING_AFTER_LOAD;49.5;2.0;99.0;99.0;1509_direct_carried;;;2.5;734.4;204;99;1;2;0;1508
866619;1787865698300;20.4;70;81;RECOVERING_AFTER_LOAD;49.6;1.0;49.0;49.6;1509_direct;;;2.5;734.4;204;49;1;2;0;1509
866829;1787865698510;20.4;70;81;RECOVERING_AFTER_LOAD;49.6;1.0;49.0;49.6;1509_direct_carried;;;2.5;734.4;204;49;1;2;0;150A
867040;1787865698721;20.4;70;81;RECOVERING_AFTER_LOAD;49.6;1.0;49.0;49.6;1509_direct_carried;;;2.5;734.4;204;49;1;2;0;150B
867238;1787865698919;20.4;70;81;RECOVERING_AFTER_LOAD;49.6;1.0;49.0;49.6;1509_direct_carried;;;2.5;734.4;204;49;1;2;0;150D
868290;1787865699971;20.4;70;81;RECOVERING_AFTER_LOAD;49.6;1.0;49.0;49.6;1509_direct_carried;;;2.5;734.4;204;49;1;2;0;1502
868712;1787865700393;20.5;70;81;RECOVERING_AFTER_LOAD;49.6;1.0;49.0;49.6;1509_direct_carried;;;2.5;734.4;205;49;1;2;0;1505
868911;1787865700592;20.5;70;81;RECOVERING_AFTER_LOAD;49.6;1.0;49.0;49.6;1509_direct_carried;;;2.6;734.5;205;49;1;2;0;1506
869329;1787865701010;20.5;70;81;RECOVERING_AFTER_LOAD;49.6;1.0;49.0;49.6;1509_direct_carried;;;2.6;734.5;205;49;1;2;0;1508
869539;1787865701220;20.5;70;81;RECOVERING_AFTER_LOAD;49.5;2.0;99.0;99.0;1509_direct;;;2.6;734.5;205;99;1;2;0;1509
869749;1787865701430;20.5;70;81;RECOVERING_AFTER_LOAD;49.5;2.0;99.0;99.0;1509_direct_carried;;;2.6;734.5;205;99;1;2;0;150A
869959;1787865701640;20.5;70;81;RECOVERING_AFTER_LOAD;49.5;2.0;99.0;99.0;1509_direct_carried;;;2.6;734.5;205;99;1;2;0;150B
870168;1787865701849;20.5;70;81;RECOVERING_AFTER_LOAD;49.5;2.0;99.0;99.0;1509_direct_carried;;;2.6;734.5;205;99;1;2;0;150D
871209;1787865702890;20.5;70;81;RECOVERING_AFTER_LOAD;49.5;2.0;99.0;99.0;1509_direct_carried;;;2.6;734.5;205;99;1;2;0;1502
871629;1787865703310;20.5;70;81;RECOVERING_AFTER_LOAD;49.5;2.0;99.0;99.0;1509_direct_carried;;;2.6;734.5;205;99;1;2;0;1505
871842;1787865703523;20.5;70;81;RECOVERING_AFTER_LOAD;49.5;2.0;99.0;99.0;1509_direct_carried;;;2.6;734.5;205;99;1;2;0;1506
872250;1787865703931;20.5;70;81;RECOVERING_AFTER_LOAD;49.5;2.0;99.0;99.0;1509_direct_carried;;;2.6;734.5;205;99;1;2;0;1508
872460;1787865704141;20.5;70;81;RECOVERING_AFTER_LOAD;49.5;3.0;148.0;148.5;1509_direct;;;2.6;734.5;205;148;1;2;0;1509
872672;1787865704353;20.5;70;81;RECOVERING_AFTER_LOAD;49.5;3.0;148.0;148.5;1509_direct_carried;;;2.6;734.5;205;148;1;2;0;150A
872880;1787865704561;20.5;70;81;RECOVERING_AFTER_LOAD;49.5;3.0;148.0;148.5;1509_direct_carried;;;2.6;734.5;205;148;1;2;0;150B
873089;1787865704770;20.5;70;81;RECOVERING_AFTER_LOAD;49.5;3.0;148.0;148.5;1509_direct_carried;;;2.6;734.5;205;148;1;2;0;150D
874127;1787865705808;20.5;70;81;RECOVERING_AFTER_LOAD;49.5;3.0;148.0;148.5;1509_direct_carried;;;2.6;734.5;205;148;1;2;0;1502
874549;1787865706230;21.8;70;81;RECOVERING_AFTER_LOAD;49.5;3.0;148.0;148.5;1509_direct_carried;;;2.6;734.5;218;148;1;2;0;1505
874760;1787865706441;21.8;70;81;RECOVERING_AFTER_LOAD;49.5;3.0;148.0;148.5;1509_direct_carried;;;2.6;734.5;218;148;1;2;0;1506
875179;1787865706860;21.8;70;81;RECOVERING_AFTER_LOAD;49.5;3.0;148.0;148.5;1509_direct_carried;;;2.6;734.5;218;148;1;2;0;1508
875381;1787865707062;21.8;70;81;RECOVERING_AFTER_LOAD;49.6;1.0;49.0;49.6;1509_direct;;;2.6;734.5;218;49;1;2;0;1509
875591;1787865707272;21.8;70;81;RECOVERING_AFTER_LOAD;49.6;1.0;49.0;49.6;1509_direct_carried;;;2.6;734.5;218;49;1;2;0;150A
875799;1787865707480;21.8;70;81;RECOVERING_AFTER_LOAD;49.6;1.0;49.0;49.6;1509_direct_carried;;;2.6;734.5;218;49;1;2;0;150B
876009;1787865707690;21.8;70;81;RECOVERING_AFTER_LOAD;49.6;1.0;49.0;49.6;1509_direct_carried;;;2.6;734.5;218;49;1;2;0;150D
877047;1787865708728;21.8;70;81;RECOVERING_AFTER_LOAD;49.6;1.0;49.0;49.6;1509_direct_carried;;;2.6;734.5;218;49;1;2;0;1502
877470;1787865709151;20.5;70;81;RECOVERING_AFTER_LOAD;49.6;1.0;49.0;49.6;1509_direct_carried;;;2.6;734.5;205;49;1;2;0;1505
877680;1787865709361;20.5;70;81;RECOVERING_AFTER_LOAD;49.6;1.0;49.0;49.6;1509_direct_carried;;;2.6;734.5;205;49;1;2;0;1506
878100;1787865709781;20.5;70;81;RECOVERING_AFTER_LOAD;49.6;1.0;49.0;49.6;1509_direct_carried;;;2.6;734.5;205;49;1;2;0;1508
878310;1787865709991;20.5;70;81;RECOVERING_AFTER_LOAD;49.2;4.0;196.0;196.8;1509_direct;;;2.6;734.5;205;196;1;2;0;1509
878510;1787865710191;20.5;70;81;RECOVERING_AFTER_LOAD;49.2;4.0;196.0;196.8;1509_direct_carried;;;2.6;734.5;205;196;1;2;0;150A
878721;1787865710402;20.5;70;81;RECOVERING_AFTER_LOAD;49.2;4.0;196.0;196.8;1509_direct_carried;;;2.6;734.5;205;196;1;2;0;150B
878929;1787865710610;20.5;70;81;RECOVERING_AFTER_LOAD;49.2;4.0;196.0;196.8;1509_direct_carried;;;2.6;734.5;205;196;1;2;0;150D
879977;1787865711658;20.5;70;81;RECOVERING_AFTER_LOAD;49.2;4.0;196.0;196.8;1509_direct_carried;;;2.6;734.5;205;196;1;2;0;1502
880389;1787865712070;21.8;70;81;RECOVERING_AFTER_LOAD;49.2;4.0;196.0;196.8;1509_direct_carried;;;2.6;734.5;218;196;1;2;0;1505
880601;1787865712282;21.8;70;81;RECOVERING_AFTER_LOAD;49.2;4.0;196.0;196.8;1509_direct_carried;;;2.6;734.5;218;196;1;2;0;1506
881019;1787865712700;21.8;70;81;RECOVERING_AFTER_LOAD;49.2;4.0;196.0;196.8;1509_direct_carried;;;2.6;734.5;218;196;1;2;0;1508
881229;1787865712910;21.8;70;81;RECOVERING_AFTER_LOAD;49.4;2.0;98.0;98.8;1509_direct;;;2.6;734.5;218;98;1;2;0;1509
881441;1787865713122;21.8;70;81;RECOVERING_AFTER_LOAD;49.4;2.0;98.0;98.8;1509_direct_carried;;;2.6;734.5;218;98;1;2;0;150A
881651;1787865713332;21.8;70;81;RECOVERING_AFTER_LOAD;49.4;2.0;98.0;98.8;1509_direct_carried;;;2.6;734.5;218;98;1;2;0;150B
881849;1787865713530;21.8;70;81;RECOVERING_AFTER_LOAD;49.4;2.0;98.0;98.8;1509_direct_carried;;;2.6;734.5;218;98;1;2;0;150D
882900;1787865714581;21.8;70;81;RECOVERING_AFTER_LOAD;49.4;2.0;98.0;98.8;1509_direct_carried;;;2.6;734.5;218;98;1;2;0;1502
883319;1787865715000;21.8;70;81;RECOVERING_AFTER_LOAD;49.4;2.0;98.0;98.8;1509_direct_carried;;;2.6;734.5;218;98;1;2;0;1505
883518;1787865715199;21.8;70;81;RECOVERING_AFTER_LOAD;49.4;2.0;98.0;98.8;1509_direct_carried;;;2.6;734.5;218;98;1;2;0;1506
883940;1787865715621;21.8;70;81;RECOVERING_AFTER_LOAD;49.4;2.0;98.0;98.8;1509_direct_carried;;;2.6;734.5;218;98;1;2;0;1508
884150;1787865715831;21.8;70;81;RECOVERING_AFTER_LOAD;49.4;2.0;98.0;98.8;1509_direct;;;2.6;734.5;218;98;1;2;0;1509
884360;1787865716041;21.8;70;81;RECOVERING_AFTER_LOAD;49.4;2.0;98.0;98.8;1509_direct_carried;;;2.6;734.5;218;98;1;2;0;150A
884569;1787865716250;21.8;70;81;RECOVERING_AFTER_LOAD;49.4;2.0;98.0;98.8;1509_direct_carried;;;2.6;734.5;218;98;1;2;0;150B
884784;1787865716465;21.8;70;81;RECOVERING_AFTER_LOAD;49.4;2.0;98.0;98.8;1509_direct_carried;;;2.6;734.5;218;98;1;2;0;150D
885818;1787865717499;21.8;70;81;RECOVERING_AFTER_LOAD;49.4;2.0;98.0;98.8;1509_direct_carried;;;2.6;734.5;218;98;1;2;0;1502
886242;1787865717923;21.8;70;81;RECOVERING_AFTER_LOAD;49.4;2.0;98.0;98.8;1509_direct_carried;;;2.6;734.5;218;98;1;2;0;1505
886451;1787865718132;21.8;70;81;RECOVERING_AFTER_LOAD;49.4;2.0;98.0;98.8;1509_direct_carried;;;2.7;734.6;218;98;1;2;0;1506
886861;1787865718542;21.8;70;81;RECOVERING_AFTER_LOAD;49.4;2.0;98.0;98.8;1509_direct_carried;;;2.7;734.6;218;98;1;2;0;1508
887068;1787865718749;21.8;70;81;RECOVERING_AFTER_LOAD;49.5;2.0;99.0;99.0;1509_direct;;;2.7;734.6;218;99;1;2;0;1509
887281;1787865718962;21.8;70;81;RECOVERING_AFTER_LOAD;49.5;2.0;99.0;99.0;1509_direct_carried;;;2.7;734.6;218;99;1;2;0;150A
887492;1787865719173;21.8;70;81;RECOVERING_AFTER_LOAD;49.5;2.0;99.0;99.0;1509_direct_carried;;;2.7;734.6;218;99;1;2;0;150B
887699;1787865719380;21.8;70;81;RECOVERING_AFTER_LOAD;49.5;2.0;99.0;99.0;1509_direct_carried;;;2.7;734.6;218;99;1;2;0;150D
888737;1787865720418;21.8;70;81;RECOVERING_AFTER_LOAD;49.5;2.0;99.0;99.0;1509_direct_carried;;;2.7;734.6;218;99;1;2;0;1502
889161;1787865720842;21.8;70;81;RECOVERING_AFTER_LOAD;49.5;2.0;99.0;99.0;1509_direct_carried;;;2.7;734.6;218;99;1;2;0;1505
889374;1787865721055;21.8;70;81;RECOVERING_AFTER_LOAD;49.5;2.0;99.0;99.0;1509_direct_carried;;;2.7;734.6;218;99;1;2;0;1506
889780;1787865721461;21.8;70;81;RECOVERING_AFTER_LOAD;49.5;2.0;99.0;99.0;1509_direct_carried;;;2.7;734.6;218;99;1;2;0;1508
889991;1787865721672;21.8;70;81;RECOVERING_AFTER_LOAD;49.5;1.0;49.0;49.5;1509_direct;;;2.7;734.6;218;49;1;2;0;1509
890200;1787865721881;21.8;70;81;RECOVERING_AFTER_LOAD;49.5;1.0;49.0;49.5;1509_direct_carried;;;2.7;734.6;218;49;1;2;0;150A
890410;1787865722091;21.8;70;81;RECOVERING_AFTER_LOAD;49.5;1.0;49.0;49.5;1509_direct_carried;;;2.7;734.6;218;49;1;2;0;150B
890622;1787865722303;21.8;70;81;RECOVERING_AFTER_LOAD;49.5;1.0;49.0;49.5;1509_direct_carried;;;2.7;734.6;218;49;1;2;0;150D
891661;1787865723342;21.8;70;81;RECOVERING_AFTER_LOAD;49.5;1.0;49.0;49.5;1509_direct_carried;;;2.7;734.6;218;49;1;2;0;1502
892079;1787865723760;21.8;70;81;RECOVERING_AFTER_LOAD;49.5;1.0;49.0;49.5;1509_direct_carried;;;2.7;734.6;218;49;1;2;0;1505
892290;1787865723971;21.8;70;81;RECOVERING_AFTER_LOAD;49.5;1.0;49.0;49.5;1509_direct_carried;;;2.7;734.6;218;49;1;2;0;1506
892709;1787865724390;21.8;70;81;RECOVERING_AFTER_LOAD;49.5;1.0;49.0;49.5;1509_direct_carried;;;2.7;734.6;218;49;1;2;0;1508
892919;1787865724600;21.8;70;81;RECOVERING_AFTER_LOAD;49.4;2.0;98.0;98.8;1509_direct;;;2.7;734.6;218;98;1;2;0;1509
893121;1787865724802;21.8;70;81;RECOVERING_AFTER_LOAD;49.4;2.0;98.0;98.8;1509_direct_carried;;;2.7;734.6;218;98;1;2;0;150A
893330;1787865725011;21.8;70;81;RECOVERING_AFTER_LOAD;49.4;2.0;98.0;98.8;1509_direct_carried;;;2.7;734.6;218;98;1;2;0;150B
893541;1787865725222;21.8;70;81;RECOVERING_AFTER_LOAD;49.4;2.0;98.0;98.8;1509_direct_carried;;;2.7;734.6;218;98;1;2;0;150D
894591;1787865726272;21.8;70;81;RECOVERING_AFTER_LOAD;49.4;2.0;98.0;98.8;1509_direct_carried;;;2.7;734.6;218;98;1;2;0;1502
895002;1787865726683;21.8;70;81;RECOVERING_AFTER_LOAD;49.4;2.0;98.0;98.8;1509_direct_carried;;;2.7;734.6;218;98;1;2;0;1505
895210;1787865726891;21.8;70;81;RECOVERING_AFTER_LOAD;49.4;2.0;98.0;98.8;1509_direct_carried;;;2.7;734.6;218;98;1;2;0;1506
895629;1787865727310;21.8;70;81;RECOVERING_AFTER_LOAD;49.4;2.0;98.0;98.8;1509_direct_carried;;;2.7;734.6;218;98;1;2;0;1508
895839;1787865727520;21.8;70;81;RECOVERING_AFTER_LOAD;49.4;2.0;99.0;98.8;1509_direct;;;2.7;734.6;218;99;1;2;0;1509
896050;1787865727731;21.8;70;81;RECOVERING_AFTER_LOAD;49.4;2.0;99.0;98.8;1509_direct_carried;;;2.7;734.6;218;99;1;2;0;150A
896259;1787865727940;21.8;70;81;RECOVERING_AFTER_LOAD;49.4;2.0;99.0;98.8;1509_direct_carried;;;2.7;734.6;218;99;1;2;0;150B
896459;1787865728140;21.8;70;81;RECOVERING_AFTER_LOAD;49.4;2.0;99.0;98.8;1509_direct_carried;;;2.7;734.6;218;99;1;2;0;150D
897511;1787865729192;21.8;70;81;RECOVERING_AFTER_LOAD;49.4;2.0;99.0;98.8;1509_direct_carried;;;2.7;734.6;218;99;1;2;0;1502
897922;1787865729603;21.8;70;81;RECOVERING_AFTER_LOAD;49.4;2.0;99.0;98.8;1509_direct_carried;;;2.7;734.6;218;99;1;2;0;1505
898130;1787865729811;21.8;70;81;RECOVERING_AFTER_LOAD;49.4;2.0;99.0;98.8;1509_direct_carried;;;2.7;734.6;218;99;1;2;0;1506
898550;1787865730231;21.8;70;81;RECOVERING_AFTER_LOAD;49.4;2.0;99.0;98.8;1509_direct_carried;;;2.7;734.6;218;99;1;2;0;1508
898761;1787865730442;21.8;70;81;RECOVERING_AFTER_LOAD;49.3;3.0;147.0;147.89999999999998;1509_direct;;;2.7;734.6;218;147;1;2;0;1509
898971;1787865730652;21.8;70;81;RECOVERING_AFTER_LOAD;49.3;3.0;147.0;147.89999999999998;1509_direct_carried;;;2.7;734.6;218;147;1;2;0;150A
899184;1787865730865;21.8;70;81;RECOVERING_AFTER_LOAD;49.3;3.0;147.0;147.89999999999998;1509_direct_carried;;;2.7;734.6;218;147;1;2;0;150B
899390;1787865731071;21.8;70;81;RECOVERING_AFTER_LOAD;49.3;3.0;147.0;147.89999999999998;1509_direct_carried;;;2.7;734.6;218;147;1;2;0;150D
900428;1787865732109;21.8;70;81;RECOVERING_AFTER_LOAD;49.3;3.0;147.0;147.89999999999998;1509_direct_carried;;;2.7;734.6;218;147;1;2;0;1502
900850;1787865732531;21.8;70;81;RECOVERING_AFTER_LOAD;49.3;3.0;147.0;147.89999999999998;1509_direct_carried;;;2.7;734.6;218;147;1;2;0;1505
901060;1787865732741;21.8;70;81;RECOVERING_AFTER_LOAD;49.3;3.0;147.0;147.89999999999998;1509_direct_carried;;;2.7;734.6;218;147;1;2;0;1506
901474;1787865733155;21.8;70;81;RECOVERING_AFTER_LOAD;49.3;3.0;147.0;147.89999999999998;1509_direct_carried;;;2.7;734.6;218;147;1;2;0;1508
901680;1787865733361;21.8;70;81;RECOVERING_AFTER_LOAD;49.5;2.0;98.0;99.0;1509_direct;;;2.7;734.6;218;98;1;2;0;1509
901890;1787865733571;21.8;70;81;RECOVERING_AFTER_LOAD;49.5;2.0;98.0;99.0;1509_direct_carried;;;2.7;734.6;218;98;1;2;0;150A
902100;1787865733781;21.8;70;81;RECOVERING_AFTER_LOAD;49.5;2.0;98.0;99.0;1509_direct_carried;;;2.7;734.6;218;98;1;2;0;150B
902310;1787865733991;21.8;70;81;RECOVERING_AFTER_LOAD;49.5;2.0;98.0;99.0;1509_direct_carried;;;2.7;734.6;218;98;1;2;0;150D
903350;1787865735031;21.8;70;81;RECOVERING_AFTER_LOAD;49.5;2.0;98.0;99.0;1509_direct_carried;;;2.7;734.6;218;98;1;2;0;1502
903770;1787865735451;21.8;70;81;RECOVERING_AFTER_LOAD;49.5;2.0;98.0;99.0;1509_direct_carried;;;2.7;734.6;218;98;1;2;0;1505
903981;1787865735662;21.8;70;81;RECOVERING_AFTER_LOAD;49.5;2.0;98.0;99.0;1509_direct_carried;;;2.8;734.7;218;98;1;2;0;1506
904400;1787865736081;21.8;70;81;RECOVERING_AFTER_LOAD;49.5;2.0;98.0;99.0;1509_direct_carried;;;2.8;734.7;218;98;1;2;0;1508
904600;1787865736281;21.8;70;81;RECOVERING_AFTER_LOAD;49.5;2.0;99.0;99.0;1509_direct;;;2.8;734.7;218;99;1;2;0;1509
904810;1787865736491;21.8;70;81;RECOVERING_AFTER_LOAD;49.5;2.0;99.0;99.0;1509_direct_carried;;;2.8;734.7;218;99;1;2;0;150A
905020;1787865736701;21.8;70;81;RECOVERING_AFTER_LOAD;49.5;2.0;99.0;99.0;1509_direct_carried;;;2.8;734.7;218;99;1;2;0;150B
905230;1787865736911;21.8;70;81;RECOVERING_AFTER_LOAD;49.5;2.0;99.0;99.0;1509_direct_carried;;;2.8;734.7;218;99;1;2;0;150D
906271;1787865737952;21.8;70;81;RECOVERING_AFTER_LOAD;49.5;2.0;99.0;99.0;1509_direct_carried;;;2.8;734.7;218;99;1;2;0;1502
906693;1787865738374;21.8;70;81;RECOVERING_AFTER_LOAD;49.5;2.0;99.0;99.0;1509_direct_carried;;;2.8;734.7;218;99;1;2;0;1505
906900;1787865738581;21.8;70;81;RECOVERING_AFTER_LOAD;49.5;2.0;99.0;99.0;1509_direct_carried;;;2.8;734.7;218;99;1;2;0;1506
907320;1787865739001;21.8;70;81;RECOVERING_AFTER_LOAD;49.5;2.0;99.0;99.0;1509_direct_carried;;;2.8;734.7;218;99;1;2;0;1508
907529;1787865739210;21.8;70;81;RECOVERING_AFTER_LOAD;49.2;3.0;147.0;147.60000000000002;1509_direct;;;2.8;734.7;218;147;1;2;0;1509
907742;1787865739423;21.8;70;81;RECOVERING_AFTER_LOAD;49.2;3.0;147.0;147.60000000000002;1509_direct_carried;;;2.8;734.7;218;147;1;2;0;150A
907941;1787865739622;21.8;70;81;RECOVERING_AFTER_LOAD;49.2;3.0;147.0;147.60000000000002;1509_direct_carried;;;2.8;734.7;218;147;1;2;0;150B
908149;1787865739830;21.8;70;81;RECOVERING_AFTER_LOAD;49.2;3.0;147.0;147.60000000000002;1509_direct_carried;;;2.8;734.7;218;147;1;2;0;150D
909199;1787865740880;21.8;70;81;RECOVERING_AFTER_LOAD;49.2;3.0;147.0;147.60000000000002;1509_direct_carried;;;2.8;734.7;218;147;1;2;0;1502
909610;1787865741291;21.8;70;81;RECOVERING_AFTER_LOAD;49.2;3.0;147.0;147.60000000000002;1509_direct_carried;;;2.8;734.7;218;147;1;2;0;1505
909819;1787865741500;21.8;70;81;RECOVERING_AFTER_LOAD;49.2;3.0;147.0;147.60000000000002;1509_direct_carried;;;2.8;734.7;218;147;1;2;0;1506
910241;1787865741922;21.8;70;81;RECOVERING_AFTER_LOAD;49.2;3.0;147.0;147.60000000000002;1509_direct_carried;;;2.8;734.7;218;147;1;2;0;1508
910451;1787865742132;21.8;70;81;RECOVERING_AFTER_LOAD;49.3;2.0;98.0;98.6;1509_direct;;;2.8;734.7;218;98;1;2;0;1509
910661;1787865742342;21.8;70;81;RECOVERING_AFTER_LOAD;49.3;2.0;98.0;98.6;1509_direct_carried;;;2.8;734.7;218;98;1;2;0;150A
910869;1787865742550;21.8;70;81;RECOVERING_AFTER_LOAD;49.3;2.0;98.0;98.6;1509_direct_carried;;;2.8;734.7;218;98;1;2;0;150B
911080;1787865742761;21.8;70;81;RECOVERING_AFTER_LOAD;49.3;2.0;98.0;98.6;1509_direct_carried;;;2.8;734.7;218;98;1;2;0;150D
912119;1787865743800;21.8;70;81;RECOVERING_AFTER_LOAD;49.3;2.0;98.0;98.6;1509_direct_carried;;;2.8;734.7;218;98;1;2;0;1502
912541;1787865744222;21.8;70;81;RECOVERING_AFTER_LOAD;49.3;2.0;98.0;98.6;1509_direct_carried;;;2.8;734.7;218;98;1;2;0;1505
912742;1787865744423;21.8;70;81;RECOVERING_AFTER_LOAD;49.3;2.0;98.0;98.6;1509_direct_carried;;;2.8;734.7;218;98;1;2;0;1506
913163;1787865744844;21.8;70;81;RECOVERING_AFTER_LOAD;49.3;2.0;98.0;98.6;1509_direct_carried;;;2.8;734.7;218;98;1;2;0;1508
913368;1787865745049;21.8;70;81;RECOVERING_AFTER_LOAD;49.5;2.0;99.0;99.0;1509_direct;;;2.8;734.7;218;99;1;2;0;1509
913580;1787865745261;21.8;70;81;RECOVERING_AFTER_LOAD;49.5;2.0;99.0;99.0;1509_direct_carried;;;2.8;734.7;218;99;1;2;0;150A
913790;1787865745471;21.8;70;81;RECOVERING_AFTER_LOAD;49.5;2.0;99.0;99.0;1509_direct_carried;;;2.8;734.7;218;99;1;2;0;150B
914001;1787865745682;21.8;70;81;RECOVERING_AFTER_LOAD;49.5;2.0;99.0;99.0;1509_direct_carried;;;2.8;734.7;218;99;1;2;0;150D
915043;1787865746724;21.8;70;81;RECOVERING_AFTER_LOAD;49.5;2.0;99.0;99.0;1509_direct_carried;;;2.8;734.7;218;99;1;2;0;1502
915460;1787865747141;21.8;70;81;RECOVERING_AFTER_LOAD;49.5;2.0;99.0;99.0;1509_direct_carried;;;2.8;734.7;218;99;1;2;0;1505
915671;1787865747352;21.8;70;81;RECOVERING_AFTER_LOAD;49.5;2.0;99.0;99.0;1509_direct_carried;;;2.8;734.7;218;99;1;2;0;1506
916083;1787865747764;21.8;70;81;RECOVERING_AFTER_LOAD;49.5;2.0;99.0;99.0;1509_direct_carried;;;2.8;734.7;218;99;1;2;0;1508
916292;1787865747973;21.8;70;81;RECOVERING_AFTER_LOAD;49.4;3.0;196.0;148.2;1509_direct;;;2.8;734.7;218;196;1;2;0;1509
916501;1787865748182;21.8;70;81;RECOVERING_AFTER_LOAD;49.4;3.0;196.0;148.2;1509_direct_carried;;;2.8;734.7;218;196;1;2;0;150A
916712;1787865748393;21.8;70;81;RECOVERING_AFTER_LOAD;49.4;3.0;196.0;148.2;1509_direct_carried;;;2.8;734.7;218;196;1;2;0;150B
916921;1787865748602;21.8;70;81;RECOVERING_AFTER_LOAD;49.4;3.0;196.0;148.2;1509_direct_carried;;;2.8;734.7;218;196;1;2;0;150D
917961;1787865749642;21.8;70;81;RECOVERING_AFTER_LOAD;49.4;3.0;196.0;148.2;1509_direct_carried;;;2.8;734.7;218;196;1;2;0;1502
918381;1787865750062;21.8;70;81;RECOVERING_AFTER_LOAD;49.4;3.0;196.0;148.2;1509_direct_carried;;;2.8;734.7;218;196;1;2;0;1505
918589;1787865750270;21.8;70;81;RECOVERING_AFTER_LOAD;49.4;3.0;196.0;148.2;1509_direct_carried;;;2.9;734.8;218;196;1;2;0;1506
919010;1787865750691;21.8;70;81;RECOVERING_AFTER_LOAD;49.4;3.0;196.0;148.2;1509_direct_carried;;;2.9;734.8;218;196;1;2;0;1508
919210;1787865750891;21.8;70;81;RECOVERING_AFTER_LOAD;49.1;3.0;147.0;147.3;1509_direct;;;2.9;734.8;218;147;1;2;0;1509
919421;1787865751102;21.8;70;81;RECOVERING_AFTER_LOAD;49.1;3.0;147.0;147.3;1509_direct_carried;;;2.9;734.8;218;147;1;2;0;150A
919631;1787865751312;21.8;70;81;RECOVERING_AFTER_LOAD;49.1;3.0;147.0;147.3;1509_direct_carried;;;2.9;734.8;218;147;1;2;0;150B
919841;1787865751522;21.8;70;81;RECOVERING_AFTER_LOAD;49.1;3.0;147.0;147.3;1509_direct_carried;;;2.9;734.8;218;147;1;2;0;150D
920882;1787865752563;21.8;70;81;RECOVERING_AFTER_LOAD;49.1;3.0;147.0;147.3;1509_direct_carried;;;2.9;734.8;218;147;1;2;0;1502
921302;1787865752983;21.8;70;81;RECOVERING_AFTER_LOAD;49.1;3.0;147.0;147.3;1509_direct_carried;;;2.9;734.8;218;147;1;2;0;1505
921509;1787865753190;21.8;70;81;RECOVERING_AFTER_LOAD;49.1;3.0;147.0;147.3;1509_direct_carried;;;2.9;734.8;218;147;1;2;0;1506
921930;1787865753611;21.8;70;81;RECOVERING_AFTER_LOAD;49.1;3.0;147.0;147.3;1509_direct_carried;;;2.9;734.8;218;147;1;2;0;1508
922142;1787865753823;21.8;70;81;RECOVERING_AFTER_LOAD;49.2;3.0;147.0;147.60000000000002;1509_direct;;;2.9;734.8;218;147;1;2;0;1509
922349;1787865754030;21.8;70;81;RECOVERING_AFTER_LOAD;49.2;3.0;147.0;147.60000000000002;1509_direct_carried;;;2.9;734.8;218;147;1;2;0;150A
922550;1787865754231;21.8;70;81;RECOVERING_AFTER_LOAD;49.2;3.0;147.0;147.60000000000002;1509_direct_carried;;;2.9;734.8;218;147;1;2;0;150B
922762;1787865754443;21.8;70;81;RECOVERING_AFTER_LOAD;49.2;3.0;147.0;147.60000000000002;1509_direct_carried;;;2.9;734.8;218;147;1;2;0;150D
923811;1787865755492;21.8;70;81;RECOVERING_AFTER_LOAD;49.2;3.0;147.0;147.60000000000002;1509_direct_carried;;;2.9;734.8;218;147;1;2;0;1502
924221;1787865755902;21.8;70;81;RECOVERING_AFTER_LOAD;49.2;3.0;147.0;147.60000000000002;1509_direct_carried;;;2.9;734.8;218;147;1;2;0;1505
924431;1787865756112;21.8;70;81;RECOVERING_AFTER_LOAD;49.2;3.0;147.0;147.60000000000002;1509_direct_carried;;;2.9;734.8;218;147;1;2;0;1506
924853;1787865756534;21.8;70;81;RECOVERING_AFTER_LOAD;49.2;3.0;147.0;147.60000000000002;1509_direct_carried;;;2.9;734.8;218;147;1;2;0;1508
925062;1787865756743;21.8;70;81;RECOVERING_AFTER_LOAD;49.0;3.0;147.0;147.0;1509_direct;;;2.9;734.8;218;147;1;2;0;1509
925271;1787865756952;21.8;70;81;RECOVERING_AFTER_LOAD;49.0;3.0;147.0;147.0;1509_direct_carried;;;2.9;734.8;218;147;1;2;0;150A
925481;1787865757162;21.8;70;81;RECOVERING_AFTER_LOAD;49.0;3.0;147.0;147.0;1509_direct_carried;;;2.9;734.8;218;147;1;2;0;150B
925690;1787865757371;21.8;70;81;RECOVERING_AFTER_LOAD;49.0;3.0;147.0;147.0;1509_direct_carried;;;2.9;734.8;218;147;1;2;0;150D
926732;1787865758413;21.8;70;81;RECOVERING_AFTER_LOAD;49.0;3.0;147.0;147.0;1509_direct_carried;;;2.9;734.8;218;147;1;2;0;1502
927151;1787865758832;21.8;70;81;RECOVERING_AFTER_LOAD;49.0;3.0;147.0;147.0;1509_direct_carried;;;2.9;734.8;218;147;1;2;0;1505
927349;1787865759030;21.8;70;81;RECOVERING_AFTER_LOAD;49.0;3.0;147.0;147.0;1509_direct_carried;;;2.9;734.8;218;147;1;2;0;1506
927772;1787865759453;21.8;70;81;RECOVERING_AFTER_LOAD;49.0;3.0;147.0;147.0;1509_direct_carried;;;2.9;734.8;218;147;1;2;0;1508
927983;1787865759664;21.8;70;81;RECOVERING_AFTER_LOAD;49.3;4.0;197.0;197.2;1509_direct;;;2.9;734.8;218;197;1;2;0;1509
928191;1787865759872;21.8;70;81;RECOVERING_AFTER_LOAD;49.3;4.0;197.0;197.2;1509_direct_carried;;;2.9;734.8;218;197;1;2;0;150A
928401;1787865760082;21.8;70;81;RECOVERING_AFTER_LOAD;49.3;4.0;197.0;197.2;1509_direct_carried;;;2.9;734.8;218;197;1;2;0;150B
928612;1787865760293;21.8;70;81;RECOVERING_AFTER_LOAD;49.3;4.0;197.0;197.2;1509_direct_carried;;;2.9;734.8;218;197;1;2;0;150D
929651;1787865761332;21.8;70;81;RECOVERING_AFTER_LOAD;49.3;4.0;197.0;197.2;1509_direct_carried;;;2.9;734.8;218;197;1;2;0;1502
930075;1787865761756;21.8;70;81;RECOVERING_AFTER_LOAD;49.3;4.0;197.0;197.2;1509_direct_carried;;;2.9;734.8;218;197;1;2;0;1505
930281;1787865761962;21.8;70;81;RECOVERING_AFTER_LOAD;49.3;4.0;197.0;197.2;1509_direct_carried;;;2.9;734.8;218;197;1;2;0;1506
930691;1787865762372;21.8;70;81;RECOVERING_AFTER_LOAD;49.3;4.0;197.0;197.2;1509_direct_carried;;;2.9;734.8;218;197;1;2;0;1508
930900;1787865762581;21.8;70;81;RECOVERING_AFTER_LOAD;49.2;4.0;196.0;196.8;1509_direct;;;2.9;734.8;218;196;1;2;0;1509
931109;1787865762790;21.8;70;81;RECOVERING_AFTER_LOAD;49.2;4.0;196.0;196.8;1509_direct_carried;;;2.9;734.8;218;196;1;2;0;150A
931322;1787865763003;21.8;70;81;RECOVERING_AFTER_LOAD;49.2;4.0;196.0;196.8;1509_direct_carried;;;2.9;734.8;218;196;1;2;0;150B
931531;1787865763212;21.8;70;81;RECOVERING_AFTER_LOAD;49.2;4.0;196.0;196.8;1509_direct_carried;;;2.9;734.8;218;196;1;2;0;150D
932570;1787865764251;21.8;70;81;RECOVERING_AFTER_LOAD;49.2;4.0;196.0;196.8;1509_direct_carried;;;2.9;734.8;218;196;1;2;0;1502
932990;1787865764671;21.8;70;81;RECOVERING_AFTER_LOAD;49.2;4.0;196.0;196.8;1509_direct_carried;;;2.9;734.8;218;196;1;2;0;1505
933202;1787865764883;21.8;70;81;RECOVERING_AFTER_LOAD;49.2;4.0;196.0;196.8;1509_direct_carried;;;2.9;734.8;218;196;1;2;0;1506
933631;1787865765312;21.8;70;81;RECOVERING_AFTER_LOAD;49.2;4.0;196.0;196.8;1509_direct_carried;;;2.9;734.8;218;196;1;2;0;1508
933821;1787865765502;21.8;70;81;RECOVERING_AFTER_LOAD;49.4;2.0;98.0;98.8;1509_direct;;;2.9;734.8;218;98;1;2;0;1509
934030;1787865765711;21.8;70;81;RECOVERING_AFTER_LOAD;49.4;2.0;98.0;98.8;1509_direct_carried;;;2.9;734.8;218;98;1;2;0;150A
934242;1787865765923;21.8;70;81;RECOVERING_AFTER_LOAD;49.4;2.0;98.0;98.8;1509_direct_carried;;;2.9;734.8;218;98;1;2;0;150B
934450;1787865766131;21.8;70;81;RECOVERING_AFTER_LOAD;49.4;2.0;98.0;98.8;1509_direct_carried;;;2.9;734.8;218;98;1;2;0;150D
935500;1787865767181;21.8;70;81;RECOVERING_AFTER_LOAD;49.4;2.0;98.0;98.8;1509_direct_carried;;;2.9;734.8;218;98;1;2;0;1502
935923;1787865767604;21.8;70;81;RECOVERING_AFTER_LOAD;49.4;2.0;98.0;98.8;1509_direct_carried;;;2.9;734.8;218;98;1;2;0;1505
936120;1787865767801;21.8;70;81;RECOVERING_AFTER_LOAD;49.4;2.0;98.0;98.8;1509_direct_carried;;;3.0;734.9;218;98;1;2;0;1506
936539;1787865768220;21.8;70;81;RECOVERING_AFTER_LOAD;49.4;2.0;98.0;98.8;1509_direct_carried;;;3.0;734.9;218;98;1;2;0;1508
936749;1787865768430;21.8;70;81;RECOVERING_AFTER_LOAD;49.2;2.0;148.0;98.4;1509_direct;;;3.0;734.9;218;148;1;2;0;1509
936961;1787865768642;21.8;70;81;RECOVERING_AFTER_LOAD;49.2;2.0;148.0;98.4;1509_direct_carried;;;3.0;734.9;218;148;1;2;0;150A
937169;1787865768850;21.8;70;81;RECOVERING_AFTER_LOAD;49.2;2.0;148.0;98.4;1509_direct_carried;;;3.0;734.9;218;148;1;2;0;150B
937373;1787865769054;21.8;70;81;RECOVERING_AFTER_LOAD;49.2;2.0;148.0;98.4;1509_direct_carried;;;3.0;734.9;218;148;1;2;0;150D
938422;1787865770103;21.8;70;81;RECOVERING_AFTER_LOAD;49.2;2.0;148.0;98.4;1509_direct_carried;;;3.0;734.9;218;148;1;2;0;1502
938841;1787865770522;21.8;70;81;RECOVERING_AFTER_LOAD;49.2;2.0;148.0;98.4;1509_direct_carried;;;3.0;734.9;218;148;1;2;0;1505
939040;1787865770721;21.8;70;81;RECOVERING_AFTER_LOAD;49.2;2.0;148.0;98.4;1509_direct_carried;;;3.0;734.9;218;148;1;2;0;1506
939458;1787865771139;21.8;70;81;RECOVERING_AFTER_LOAD;49.2;2.0;148.0;98.4;1509_direct_carried;;;3.0;734.9;218;148;1;2;0;1508
939669;1787865771350;21.8;70;81;RECOVERING_AFTER_LOAD;49.2;4.0;196.0;196.8;1509_direct;;;3.0;734.9;218;196;1;2;0;1509
939877;1787865771558;21.8;70;81;RECOVERING_AFTER_LOAD;49.2;4.0;196.0;196.8;1509_direct_carried;;;3.0;734.9;218;196;1;2;0;150A
940093;1787865771774;21.8;70;81;RECOVERING_AFTER_LOAD;49.2;4.0;196.0;196.8;1509_direct_carried;;;3.0;734.9;218;196;1;2;0;150B
940300;1787865771981;21.8;70;81;RECOVERING_AFTER_LOAD;49.2;4.0;196.0;196.8;1509_direct_carried;;;3.0;734.9;218;196;1;2;0;150D
941345;1787865773026;21.8;70;81;RECOVERING_AFTER_LOAD;49.2;4.0;196.0;196.8;1509_direct_carried;;;3.0;734.9;218;196;1;2;0;1502
941761;1787865773442;21.8;70;81;RECOVERING_AFTER_LOAD;49.2;4.0;196.0;196.8;1509_direct_carried;;;3.0;734.9;218;196;1;2;0;1505
941969;1787865773650;21.8;70;81;RECOVERING_AFTER_LOAD;49.2;4.0;196.0;196.8;1509_direct_carried;;;3.0;734.9;218;196;1;2;0;1506
942380;1787865774061;21.8;70;81;RECOVERING_AFTER_LOAD;49.2;4.0;196.0;196.8;1509_direct_carried;;;3.0;734.9;218;196;1;2;0;1508
942592;1787865774273;21.8;70;81;RECOVERING_AFTER_LOAD;49.1;3.0;147.0;147.3;1509_direct;;;3.0;734.9;218;147;1;2;0;1509
942801;1787865774482;21.8;70;81;RECOVERING_AFTER_LOAD;49.1;3.0;147.0;147.3;1509_direct_carried;;;3.0;734.9;218;147;1;2;0;150A
943011;1787865774692;21.8;70;81;RECOVERING_AFTER_LOAD;49.1;3.0;147.0;147.3;1509_direct_carried;;;3.0;734.9;218;147;1;2;0;150B
943219;1787865774900;21.8;70;81;RECOVERING_AFTER_LOAD;49.1;3.0;147.0;147.3;1509_direct_carried;;;3.0;734.9;218;147;1;2;0;150D
944259;1787865775940;21.8;70;81;RECOVERING_AFTER_LOAD;49.1;3.0;147.0;147.3;1509_direct_carried;;;3.0;734.9;218;147;1;2;0;1502
944685;1787865776366;21.8;70;81;RECOVERING_AFTER_LOAD;49.1;3.0;147.0;147.3;1509_direct_carried;;;3.0;734.9;218;147;1;2;0;1505
944889;1787865776570;21.8;70;81;RECOVERING_AFTER_LOAD;49.1;3.0;147.0;147.3;1509_direct_carried;;;3.0;734.9;218;147;1;2;0;1506
945310;1787865776991;21.8;70;81;RECOVERING_AFTER_LOAD;49.1;3.0;147.0;147.3;1509_direct_carried;;;3.0;734.9;218;147;1;2;0;1508
945510;1787865777191;21.8;70;81;RECOVERING_AFTER_LOAD;49.1;3.0;147.0;147.3;1509_direct;;;3.0;734.9;218;147;1;2;0;1509
945720;1787865777401;21.8;70;81;RECOVERING_AFTER_LOAD;49.1;3.0;147.0;147.3;1509_direct_carried;;;3.0;734.9;218;147;1;2;0;150A
945930;1787865777611;21.8;70;81;RECOVERING_AFTER_LOAD;49.1;3.0;147.0;147.3;1509_direct_carried;;;3.0;734.9;218;147;1;2;0;150B
946138;1787865777819;21.8;70;81;RECOVERING_AFTER_LOAD;49.1;3.0;147.0;147.3;1509_direct_carried;;;3.0;734.9;218;147;1;2;0;150D
947180;1787865778861;21.8;70;81;RECOVERING_AFTER_LOAD;49.1;3.0;147.0;147.3;1509_direct_carried;;;3.0;734.9;218;147;1;2;0;1502
947601;1787865779282;21.8;70;81;RECOVERING_AFTER_LOAD;49.1;3.0;147.0;147.3;1509_direct_carried;;;3.0;734.9;218;147;1;2;0;1505
947812;1787865779493;21.8;70;81;RECOVERING_AFTER_LOAD;49.1;3.0;147.0;147.3;1509_direct_carried;;;3.0;734.9;218;147;1;2;0;1506
948232;1787865779913;21.8;70;81;RECOVERING_AFTER_LOAD;49.1;3.0;147.0;147.3;1509_direct_carried;;;3.0;734.9;218;147;1;2;0;1508
948442;1787865780123;21.8;70;81;RECOVERING_AFTER_LOAD;49.4;3.0;148.0;148.2;1509_direct;;;3.0;734.9;218;148;1;2;0;1509
948638;1787865780319;21.8;70;81;RECOVERING_AFTER_LOAD;49.4;3.0;148.0;148.2;1509_direct_carried;;;3.0;734.9;218;148;1;2;0;150A
948850;1787865780531;21.8;70;81;RECOVERING_AFTER_LOAD;49.4;3.0;148.0;148.2;1509_direct_carried;;;3.0;734.9;218;148;1;2;0;150B
949061;1787865780742;21.8;70;81;RECOVERING_AFTER_LOAD;49.4;3.0;148.0;148.2;1509_direct_carried;;;3.0;734.9;218;148;1;2;0;150D
950110;1787865781791;21.8;70;81;RECOVERING_AFTER_LOAD;49.4;3.0;148.0;148.2;1509_direct_carried;;;3.0;734.9;218;148;1;2;0;1502
950531;1787865782212;21.8;70;81;RECOVERING_AFTER_LOAD;49.4;3.0;148.0;148.2;1509_direct_carried;;;3.0;734.9;218;148;1;2;0;1505
950739;1787865782420;21.8;70;81;RECOVERING_AFTER_LOAD;49.4;3.0;148.0;148.2;1509_direct_carried;;;3.1;735.0;218;148;1;2;0;1506
951159;1787865782840;21.8;70;81;RECOVERING_AFTER_LOAD;49.4;3.0;148.0;148.2;1509_direct_carried;;;3.1;735.0;218;148;1;2;0;1508
951360;1787865783041;21.8;70;81;RECOVERING_AFTER_LOAD;49.0;4.0;196.0;196.0;1509_direct;;;3.1;735.0;218;196;1;2;0;1509
951574;1787865783255;21.8;70;81;RECOVERING_AFTER_LOAD;49.0;4.0;196.0;196.0;1509_direct_carried;;;3.1;735.0;218;196;1;2;0;150A
951782;1787865783463;21.8;70;81;RECOVERING_AFTER_LOAD;49.0;4.0;196.0;196.0;1509_direct_carried;;;3.1;735.0;218;196;1;2;0;150B
951990;1787865783671;21.8;70;81;RECOVERING_AFTER_LOAD;49.0;4.0;196.0;196.0;1509_direct_carried;;;3.1;735.0;218;196;1;2;0;150D
953032;1787865784713;21.8;70;81;RECOVERING_AFTER_LOAD;49.0;4.0;196.0;196.0;1509_direct_carried;;;3.1;735.0;218;196;1;2;0;1502
953451;1787865785132;20.4;70;81;RECOVERING_AFTER_LOAD;49.0;4.0;196.0;196.0;1509_direct_carried;;;3.1;735.0;204;196;1;2;0;1505
953661;1787865785342;20.4;70;81;RECOVERING_AFTER_LOAD;49.0;4.0;196.0;196.0;1509_direct_carried;;;3.1;735.0;204;196;1;2;0;1506
954080;1787865785761;20.4;70;81;RECOVERING_AFTER_LOAD;49.0;4.0;196.0;196.0;1509_direct_carried;;;3.1;735.0;204;196;1;2;0;1508
954290;1787865785971;20.4;70;81;RECOVERING_AFTER_LOAD;49.0;5.0;244.0;245.0;1509_direct;;;3.1;735.0;204;244;1;2;0;1509
954490;1787865786171;20.4;70;81;RECOVERING_AFTER_LOAD;49.0;5.0;244.0;245.0;1509_direct_carried;;;3.1;735.0;204;244;1;2;0;150A
954700;1787865786381;20.4;70;81;RECOVERING_AFTER_LOAD;49.0;5.0;244.0;245.0;1509_direct_carried;;;3.1;735.0;204;244;1;2;0;150B
954911;1787865786592;20.4;70;81;RECOVERING_AFTER_LOAD;49.0;5.0;244.0;245.0;1509_direct_carried;;;3.1;735.0;204;244;1;2;0;150D
955961;1787865787642;20.4;70;81;RECOVERING_AFTER_LOAD;49.0;5.0;244.0;245.0;1509_direct_carried;;;3.1;735.0;204;244;1;2;0;1502
956370;1787865788051;21.8;70;81;RECOVERING_AFTER_LOAD;49.0;5.0;244.0;245.0;1509_direct_carried;;;3.1;735.0;218;244;1;2;0;1505
956580;1787865788261;21.8;70;81;RECOVERING_AFTER_LOAD;49.0;5.0;244.0;245.0;1509_direct_carried;;;3.1;735.0;218;244;1;2;0;1506
957001;1787865788682;21.8;70;81;RECOVERING_AFTER_LOAD;49.0;5.0;244.0;245.0;1509_direct_carried;;;3.1;735.0;218;244;1;2;0;1508
957211;1787865788892;21.8;70;81;RECOVERING_AFTER_LOAD;48.8;5.0;244.0;244.0;1509_direct;;;3.1;735.0;218;244;1;2;0;1509
957420;1787865789101;21.8;70;81;RECOVERING_AFTER_LOAD;48.8;5.0;244.0;244.0;1509_direct_carried;;;3.1;735.0;218;244;1;2;0;150A
957631;1787865789312;21.8;70;81;RECOVERING_AFTER_LOAD;48.8;5.0;244.0;244.0;1509_direct_carried;;;3.1;735.0;218;244;1;2;0;150B
957830;1787865789511;21.8;70;81;RECOVERING_AFTER_LOAD;48.8;5.0;244.0;244.0;1509_direct_carried;;;3.1;735.0;218;244;1;2;0;150D
958879;1787865790560;21.8;70;81;RECOVERING_AFTER_LOAD;48.8;5.0;244.0;244.0;1509_direct_carried;;;3.1;735.0;218;244;1;2;0;1502
959302;1787865790983;21.8;70;81;RECOVERING_AFTER_LOAD;48.8;5.0;244.0;244.0;1509_direct_carried;;;3.1;735.0;218;244;1;2;0;1505
959500;1787865791181;21.8;70;81;RECOVERING_AFTER_LOAD;48.8;5.0;244.0;244.0;1509_direct_carried;;;3.1;735.0;218;244;1;2;0;1506
959921;1787865791602;21.8;70;81;RECOVERING_AFTER_LOAD;48.8;5.0;244.0;244.0;1509_direct_carried;;;3.1;735.0;218;244;1;2;0;1508
960132;1787865791813;21.8;70;81;RECOVERING_AFTER_LOAD;48.8;5.0;244.0;244.0;1509_direct;;;3.1;735.0;218;244;1;2;0;1509
960344;1787865792025;21.8;70;81;RECOVERING_AFTER_LOAD;48.8;5.0;244.0;244.0;1509_direct_carried;;;3.1;735.0;218;244;1;2;0;150A
960550;1787865792231;21.8;70;81;RECOVERING_AFTER_LOAD;48.8;5.0;244.0;244.0;1509_direct_carried;;;3.1;735.0;218;244;1;2;0;150B
960762;1787865792443;21.8;70;81;RECOVERING_AFTER_LOAD;48.8;5.0;244.0;244.0;1509_direct_carried;;;3.1;735.0;218;244;1;2;0;150D
961801;1787865793482;21.8;70;81;RECOVERING_AFTER_LOAD;48.8;5.0;244.0;244.0;1509_direct_carried;;;3.1;735.0;218;244;1;2;0;1502
962221;1787865793902;21.8;70;81;RECOVERING_AFTER_LOAD;48.8;5.0;244.0;244.0;1509_direct_carried;;;3.1;735.0;218;244;1;2;0;1505
962431;1787865794112;21.8;70;81;RECOVERING_AFTER_LOAD;48.8;5.0;244.0;244.0;1509_direct_carried;;;3.1;735.0;218;244;1;2;0;1506
962841;1787865794522;21.8;70;81;RECOVERING_AFTER_LOAD;48.8;5.0;244.0;244.0;1509_direct_carried;;;3.1;735.0;218;244;1;2;0;1508
963051;1787865794732;21.8;70;81;RECOVERING_AFTER_LOAD;49.1;4.0;196.0;196.4;1509_direct;;;3.1;735.0;218;196;1;2;0;1509
963261;1787865794942;21.8;70;81;RECOVERING_AFTER_LOAD;49.1;4.0;196.0;196.4;1509_direct_carried;;;3.1;735.0;218;196;1;2;0;150A
963471;1787865795152;21.8;70;81;RECOVERING_AFTER_LOAD;49.1;4.0;196.0;196.4;1509_direct_carried;;;3.1;735.0;218;196;1;2;0;150B
963681;1787865795362;21.8;70;81;RECOVERING_AFTER_LOAD;49.1;4.0;196.0;196.4;1509_direct_carried;;;3.1;735.0;218;196;1;2;0;150D
964722;1787865796403;21.8;70;81;RECOVERING_AFTER_LOAD;49.1;4.0;196.0;196.4;1509_direct_carried;;;3.1;735.0;218;196;1;2;0;1502
965142;1787865796823;21.8;70;81;RECOVERING_AFTER_LOAD;49.1;4.0;196.0;196.4;1509_direct_carried;;;3.1;735.0;218;196;1;2;0;1505
965353;1787865797034;21.8;70;81;RECOVERING_AFTER_LOAD;49.1;4.0;196.0;196.4;1509_direct_carried;;;3.1;735.0;218;196;1;2;0;1506
965771;1787865797452;21.8;70;81;RECOVERING_AFTER_LOAD;49.1;4.0;196.0;196.4;1509_direct_carried;;;3.1;735.0;218;196;1;2;0;1508
965971;1787865797652;21.8;70;81;RECOVERING_AFTER_LOAD;48.6;5.0;243.0;243.0;1509_direct;;;3.1;735.0;218;243;1;2;0;1509
966181;1787865797862;21.8;70;81;RECOVERING_AFTER_LOAD;48.6;5.0;243.0;243.0;1509_direct_carried;;;3.1;735.0;218;243;1;2;0;150A
966390;1787865798071;21.8;70;81;RECOVERING_AFTER_LOAD;48.6;5.0;243.0;243.0;1509_direct_carried;;;3.1;735.0;218;243;1;2;0;150B
966599;1787865798280;21.8;70;81;RECOVERING_AFTER_LOAD;48.6;5.0;243.0;243.0;1509_direct_carried;;;3.1;735.0;218;243;1;2;0;150D
967641;1787865799322;21.8;70;81;RECOVERING_AFTER_LOAD;48.6;5.0;243.0;243.0;1509_direct_carried;;;3.1;735.0;218;243;1;2;0;1502
968062;1787865799743;21.8;70;81;RECOVERING_AFTER_LOAD;48.6;5.0;243.0;243.0;1509_direct_carried;;;3.1;735.0;218;243;1;2;0;1505
968271;1787865799952;21.8;70;81;RECOVERING_AFTER_LOAD;48.6;5.0;243.0;243.0;1509_direct_carried;;;3.2;735.1;218;243;1;2;0;1506
968693;1787865800374;21.8;70;81;RECOVERING_AFTER_LOAD;48.6;5.0;243.0;243.0;1509_direct_carried;;;3.2;735.1;218;243;1;2;0;1508
968903;1787865800584;21.8;70;81;RECOVERING_AFTER_LOAD;48.5;6.0;291.0;291.0;1509_direct;;;3.2;735.1;218;291;1;2;0;1509
969102;1787865800783;21.8;70;81;RECOVERING_AFTER_LOAD;48.5;6.0;291.0;291.0;1509_direct_carried;;;3.2;735.1;218;291;1;2;0;150A
969311;1787865800992;21.8;70;81;RECOVERING_AFTER_LOAD;48.5;6.0;291.0;291.0;1509_direct_carried;;;3.2;735.1;218;291;1;2;0;150B
969521;1787865801202;21.8;70;81;RECOVERING_AFTER_LOAD;48.5;6.0;291.0;291.0;1509_direct_carried;;;3.2;735.1;218;291;1;2;0;150D
970570;1787865802251;21.8;70;81;RECOVERING_AFTER_LOAD;48.5;6.0;291.0;291.0;1509_direct_carried;;;3.2;735.1;218;291;1;2;0;1502
970982;1787865802663;21.8;70;81;RECOVERING_AFTER_LOAD;48.5;6.0;291.0;291.0;1509_direct_carried;;;3.2;735.1;218;291;1;2;0;1505
971190;1787865802871;21.8;70;81;RECOVERING_AFTER_LOAD;48.5;6.0;291.0;291.0;1509_direct_carried;;;3.2;735.1;218;291;1;2;0;1506
971611;1787865803292;21.8;70;81;RECOVERING_AFTER_LOAD;48.5;6.0;291.0;291.0;1509_direct_carried;;;3.2;735.1;218;291;1;2;0;1508
971822;1787865803503;21.8;70;81;RECOVERING_AFTER_LOAD;48.8;6.0;292.0;292.79999999999995;1509_direct;;;3.2;735.1;218;292;1;2;0;1509
972030;1787865803711;21.8;70;81;RECOVERING_AFTER_LOAD;48.8;6.0;292.0;292.79999999999995;1509_direct_carried;;;3.2;735.1;218;292;1;2;0;150A
972241;1787865803922;21.8;70;81;RECOVERING_AFTER_LOAD;48.8;6.0;292.0;292.79999999999995;1509_direct_carried;;;3.2;735.1;218;292;1;2;0;150B
972443;1787865804124;21.8;70;81;RECOVERING_AFTER_LOAD;48.8;6.0;292.0;292.79999999999995;1509_direct_carried;;;3.2;735.1;218;292;1;2;0;150D
973492;1787865805173;21.8;70;81;RECOVERING_AFTER_LOAD;48.8;6.0;292.0;292.79999999999995;1509_direct_carried;;;3.2;735.1;218;292;1;2;0;1502
973912;1787865805593;21.8;70;81;RECOVERING_AFTER_LOAD;48.8;6.0;292.0;292.79999999999995;1509_direct_carried;;;3.2;735.1;218;292;1;2;0;1505
974110;1787865805791;21.8;70;81;RECOVERING_AFTER_LOAD;48.8;6.0;292.0;292.79999999999995;1509_direct_carried;;;3.2;735.1;218;292;1;2;0;1506
974532;1787865806213;21.8;70;81;RECOVERING_AFTER_LOAD;48.8;6.0;292.0;292.79999999999995;1509_direct_carried;;;3.2;735.1;218;292;1;2;0;1508
974744;1787865806425;21.8;70;81;RECOVERING_AFTER_LOAD;48.7;5.0;291.0;243.5;1509_direct;;;3.2;735.1;218;291;1;2;0;1509
974951;1787865806632;21.8;70;81;RECOVERING_AFTER_LOAD;48.7;5.0;291.0;243.5;1509_direct_carried;;;3.2;735.1;218;291;1;2;0;150A
975163;1787865806844;21.8;70;81;RECOVERING_AFTER_LOAD;48.7;5.0;291.0;243.5;1509_direct_carried;;;3.2;735.1;218;291;1;2;0;150B
975372;1787865807053;21.8;70;81;RECOVERING_AFTER_LOAD;48.7;5.0;291.0;243.5;1509_direct_carried;;;3.2;735.1;218;291;1;2;0;150D
976413;1787865808094;21.8;70;81;RECOVERING_AFTER_LOAD;48.7;5.0;291.0;243.5;1509_direct_carried;;;3.2;735.1;218;291;1;2;0;1502
976831;1787865808512;21.8;70;81;RECOVERING_AFTER_LOAD;48.7;5.0;291.0;243.5;1509_direct_carried;;;3.2;735.1;218;291;1;2;0;1505
977042;1787865808723;21.8;70;81;RECOVERING_AFTER_LOAD;48.7;5.0;291.0;243.5;1509_direct_carried;;;3.2;735.1;218;291;1;2;0;1506
977451;1787865809132;21.8;70;81;RECOVERING_AFTER_LOAD;48.7;5.0;291.0;243.5;1509_direct_carried;;;3.2;735.1;218;291;1;2;0;1508
977661;1787865809342;21.8;70;81;RECOVERING_AFTER_LOAD;49.2;1.0;49.0;49.2;1509_direct;;;3.2;735.1;218;49;1;2;0;1509
977870;1787865809551;21.8;70;81;RECOVERING_AFTER_LOAD;49.2;1.0;49.0;49.2;1509_direct_carried;;;3.2;735.1;218;49;1;2;0;150A
978079;1787865809760;21.8;70;81;RECOVERING_AFTER_LOAD;49.2;1.0;49.0;49.2;1509_direct_carried;;;3.2;735.1;218;49;1;2;0;150B
978294;1787865809975;21.8;70;81;RECOVERING_AFTER_LOAD;49.2;1.0;49.0;49.2;1509_direct_carried;;;3.2;735.1;218;49;1;2;0;150D
979332;1787865811013;21.8;70;81;RECOVERING_AFTER_LOAD;49.2;1.0;49.0;49.2;1509_direct_carried;;;3.2;735.1;218;49;1;2;0;1502
979750;1787865811431;19.0;70;81;RECOVERING_AFTER_LOAD;49.2;1.0;49.0;49.2;1509_direct_carried;;;3.2;735.1;190;49;1;2;0;1505
979962;1787865811643;19.0;70;81;RECOVERING_AFTER_LOAD;49.2;1.0;49.0;49.2;1509_direct_carried;;;3.2;735.1;190;49;1;2;0;1506
980381;1787865812062;19.0;70;81;RECOVERING_AFTER_LOAD;49.2;1.0;49.0;49.2;1509_direct_carried;;;3.2;735.1;190;49;1;2;0;1508
980581;1787865812262;19.0;70;81;RECOVERING_AFTER_LOAD;48.8;4.0;195.0;195.2;1509_direct;;;3.2;735.1;190;195;1;2;0;1509
980790;1787865812471;19.0;70;81;RECOVERING_AFTER_LOAD;48.8;4.0;195.0;195.2;1509_direct_carried;;;3.2;735.1;190;195;1;2;0;150A
981000;1787865812681;19.0;70;81;RECOVERING_AFTER_LOAD;48.8;4.0;195.0;195.2;1509_direct_carried;;;3.2;735.1;190;195;1;2;0;150B
981211;1787865812892;19.0;70;81;RECOVERING_AFTER_LOAD;48.8;4.0;195.0;195.2;1509_direct_carried;;;3.2;735.1;190;195;1;2;0;150D
982250;1787865813931;19.0;70;81;RECOVERING_AFTER_LOAD;48.8;4.0;195.0;195.2;1509_direct_carried;;;3.2;735.1;190;195;1;2;0;1502
982672;1787865814353;21.2;70;81;RECOVERING_AFTER_LOAD;48.8;4.0;195.0;195.2;1509_direct_carried;;;3.2;735.1;212;195;1;2;0;1505
982880;1787865814561;21.2;70;81;RECOVERING_AFTER_LOAD;48.8;4.0;195.0;195.2;1509_direct_carried;;;3.2;735.1;212;195;1;2;0;1506
983301;1787865814982;21.2;70;81;RECOVERING_AFTER_LOAD;48.8;4.0;195.0;195.2;1509_direct_carried;;;3.2;735.1;212;195;1;2;0;1508
983509;1787865815190;21.2;70;81;RECOVERING_AFTER_LOAD;48.8;5.0;291.0;244.0;1509_direct;;;3.2;735.1;212;291;1;2;0;1509
983711;1787865815392;21.2;70;81;RECOVERING_AFTER_LOAD;48.8;5.0;291.0;244.0;1509_direct_carried;;;3.2;735.1;212;291;1;2;0;150A
983922;1787865815603;21.2;70;81;RECOVERING_AFTER_LOAD;48.8;5.0;291.0;244.0;1509_direct_carried;;;3.2;735.1;212;291;1;2;0;150B
984133;1787865815814;21.2;70;81;RECOVERING_AFTER_LOAD;48.8;5.0;291.0;244.0;1509_direct_carried;;;3.2;735.1;212;291;1;2;0;150D
985180;1787865816861;21.2;70;81;RECOVERING_AFTER_LOAD;48.8;5.0;291.0;244.0;1509_direct_carried;;;3.2;735.1;212;291;1;2;0;1502
985591;1787865817272;21.8;70;81;RECOVERING_AFTER_LOAD;48.8;5.0;291.0;244.0;1509_direct_carried;;;3.2;735.1;218;291;1;2;0;1505
985800;1787865817481;21.8;70;81;RECOVERING_AFTER_LOAD;48.8;5.0;291.0;244.0;1509_direct_carried;;;3.3;735.2;218;291;1;2;0;1506
986222;1787865817903;21.8;70;81;RECOVERING_AFTER_LOAD;48.8;5.0;291.0;244.0;1509_direct_carried;;;3.3;735.2;218;291;1;2;0;1508
986432;1787865818113;21.8;70;81;RECOVERING_AFTER_LOAD;49.0;2.0;98.0;98.0;1509_direct;;;3.3;735.2;218;98;1;2;0;1509
986642;1787865818323;21.8;70;81;RECOVERING_AFTER_LOAD;49.0;2.0;98.0;98.0;1509_direct_carried;;;3.3;735.2;218;98;1;2;0;150A
986852;1787865818533;21.8;70;81;RECOVERING_AFTER_LOAD;49.0;2.0;98.0;98.0;1509_direct_carried;;;3.3;735.2;218;98;1;2;0;150B
987052;1787865818733;21.8;70;81;RECOVERING_AFTER_LOAD;49.0;2.0;98.0;98.0;1509_direct_carried;;;3.3;735.2;218;98;1;2;0;150D
988102;1787865819783;21.8;70;81;RECOVERING_AFTER_LOAD;49.0;2.0;98.0;98.0;1509_direct_carried;;;3.3;735.2;218;98;1;2;0;1502
988521;1787865820202;21.8;70;81;RECOVERING_AFTER_LOAD;49.0;2.0;98.0;98.0;1509_direct_carried;;;3.3;735.2;218;98;1;2;0;1505
988720;1787865820401;21.8;70;81;RECOVERING_AFTER_LOAD;49.0;2.0;98.0;98.0;1509_direct_carried;;;3.3;735.2;218;98;1;2;0;1506
989141;1787865820822;21.8;70;81;RECOVERING_AFTER_LOAD;49.0;2.0;98.0;98.0;1509_direct_carried;;;3.3;735.2;218;98;1;2;0;1508
989351;1787865821032;21.8;70;81;RECOVERING_AFTER_LOAD;49.2;2.0;98.0;98.4;1509_direct;;;3.3;735.2;218;98;1;2;0;1509
989561;1787865821242;21.8;70;81;RECOVERING_AFTER_LOAD;49.2;2.0;98.0;98.4;1509_direct_carried;;;3.3;735.2;218;98;1;2;0;150A
989771;1787865821452;21.8;70;81;RECOVERING_AFTER_LOAD;49.2;2.0;98.0;98.4;1509_direct_carried;;;3.3;735.2;218;98;1;2;0;150B
989983;1787865821664;21.8;70;81;RECOVERING_AFTER_LOAD;49.2;2.0;98.0;98.4;1509_direct_carried;;;3.3;735.2;218;98;1;2;0;150D
991022;1787865822703;21.8;70;81;RECOVERING_AFTER_LOAD;49.2;2.0;98.0;98.4;1509_direct_carried;;;3.3;735.2;218;98;1;2;0;1502
991442;1787865823123;21.8;70;81;RECOVERING_AFTER_LOAD;49.2;2.0;98.0;98.4;1509_direct_carried;;;3.3;735.2;218;98;1;2;0;1505
991651;1787865823332;21.8;70;81;RECOVERING_AFTER_LOAD;49.2;2.0;98.0;98.4;1509_direct_carried;;;3.3;735.2;218;98;1;2;0;1506
992063;1787865823744;21.8;70;81;RECOVERING_AFTER_LOAD;49.2;2.0;98.0;98.4;1509_direct_carried;;;3.3;735.2;218;98;1;2;0;1508
992272;1787865823953;21.8;70;81;RECOVERING_AFTER_LOAD;49.5;0.0;0.0;0.0;1509_direct;;;3.3;735.2;218;0;1;2;0;1509
992480;1787865824161;21.8;70;81;RECOVERING_AFTER_LOAD;49.5;0.0;0.0;0.0;1509_direct_carried;;;3.3;735.2;218;0;1;2;0;150A
992692;1787865824373;21.8;70;81;RECOVERING_AFTER_LOAD;49.5;0.0;0.0;0.0;1509_direct_carried;;;3.3;735.2;218;0;1;2;0;150B
992901;1787865824582;21.8;70;81;RECOVERING_AFTER_LOAD;49.5;0.0;0.0;0.0;1509_direct_carried;;;3.3;735.2;218;0;1;2;0;150D
993940;1787865825621;21.8;70;81;RECOVERING_AFTER_LOAD;49.5;0.0;0.0;0.0;1509_direct_carried;;;3.3;735.2;218;0;1;2;0;1502
994362;1787865826043;21.8;70;81;RECOVERING_AFTER_LOAD;49.5;0.0;0.0;0.0;1509_direct_carried;;;3.3;735.2;218;0;1;2;0;1505
994572;1787865826253;21.8;70;81;RECOVERING_AFTER_LOAD;49.5;0.0;0.0;0.0;1509_direct_carried;;;3.3;735.2;218;0;1;2;0;1506
994990;1787865826671;21.8;70;81;RECOVERING_AFTER_LOAD;49.5;0.0;0.0;0.0;1509_direct_carried;;;3.3;735.2;218;0;1;2;0;1508
995190;1787865826871;21.8;69;81;RECOVERING_AFTER_LOAD;49.5;0.0;0.0;0.0;1509_direct;;;3.3;735.2;218;0;1;2;0;1509
995402;1787865827083;21.8;69;81;RECOVERING_AFTER_LOAD;49.5;0.0;0.0;0.0;1509_direct_carried;;;3.3;735.2;218;0;1;2;0;150A
995611;1787865827292;21.8;69;81;RECOVERING_AFTER_LOAD;49.5;0.0;0.0;0.0;1509_direct_carried;;;3.3;735.2;218;0;1;2;0;150B
995819;1787865827500;21.8;69;81;RECOVERING_AFTER_LOAD;49.5;0.0;0.0;0.0;1509_direct_carried;;;3.3;735.2;218;0;1;2;0;150D
996861;1787865828542;21.8;69;81;RECOVERING_AFTER_LOAD;49.5;0.0;0.0;0.0;1509_direct_carried;;;3.3;735.2;218;0;1;2;0;1502
997280;1787865828961;20.6;69;81;RECOVERING_AFTER_LOAD;49.5;0.0;0.0;0.0;1509_direct_carried;;;3.3;735.2;206;0;1;2;0;1505
997489;1787865829170;20.6;69;81;RECOVERING_AFTER_LOAD;49.5;0.0;0.0;0.0;1509_direct_carried;;;3.3;735.2;206;0;1;2;0;1506
997911;1787865829592;20.6;69;81;RECOVERING_AFTER_LOAD;49.5;0.0;0.0;0.0;1509_direct_carried;;;3.3;735.2;206;0;1;2;0;1508
998121;1787865829802;20.6;64;81;RECOVERING_AFTER_LOAD;49.2;2.0;98.0;98.4;1509_direct;;;3.3;735.2;206;98;1;2;0;1509
998322;1787865830003;20.6;64;81;RECOVERING_AFTER_LOAD;49.2;2.0;98.0;98.4;1509_direct_carried;;;3.3;735.2;206;98;1;2;0;150A
998532;1787865830213;20.6;64;81;RECOVERING_AFTER_LOAD;49.2;2.0;98.0;98.4;1509_direct_carried;;;3.3;735.2;206;98;1;2;0;150B
998742;1787865830423;20.6;64;81;RECOVERING_AFTER_LOAD;49.2;2.0;98.0;98.4;1509_direct_carried;;;3.3;735.2;206;98;1;2;0;150D
999792;1787865831473;20.6;64;81;RECOVERING_AFTER_LOAD;49.2;2.0;98.0;98.4;1509_direct_carried;;;3.3;735.2;206;98;1;2;0;1502
1000202;1787865831883;21.8;64;81;RECOVERING_AFTER_LOAD;49.2;2.0;98.0;98.4;1509_direct_carried;;;3.3;735.2;218;98;1;2;0;1505
1000411;1787865832092;21.8;64;81;RECOVERING_AFTER_LOAD;49.2;2.0;98.0;98.4;1509_direct_carried;;;3.4;735.3;218;98;1;2;0;1506
1000832;1787865832513;21.8;64;81;RECOVERING_AFTER_LOAD;49.2;2.0;98.0;98.4;1509_direct_carried;;;3.4;735.3;218;98;1;2;0;1508
1001041;1787865832722;21.8;64;81;RECOVERING_AFTER_LOAD;49.4;1.0;49.0;49.4;1509_direct;;;3.4;735.3;218;49;1;2;0;1509
1001251;1787865832932;21.8;64;81;RECOVERING_AFTER_LOAD;49.4;1.0;49.0;49.4;1509_direct_carried;;;3.4;735.3;218;49;1;2;0;150A
1001462;1787865833143;21.8;64;81;RECOVERING_AFTER_LOAD;49.4;1.0;49.0;49.4;1509_direct_carried;;;3.4;735.3;218;49;1;2;0;150B
1001661;1787865833342;21.8;64;81;RECOVERING_AFTER_LOAD;49.4;1.0;49.0;49.4;1509_direct_carried;;;3.4;735.3;218;49;1;2;0;150D
1002713;1787865834394;21.8;64;81;RECOVERING_AFTER_LOAD;49.4;1.0;49.0;49.4;1509_direct_carried;;;3.4;735.3;218;49;1;2;0;1502
1003121;1787865834802;21.8;64;81;RECOVERING_AFTER_LOAD;49.4;1.0;49.0;49.4;1509_direct_carried;;;3.4;735.3;218;49;1;2;0;1505
1003332;1787865835013;21.8;64;81;RECOVERING_AFTER_LOAD;49.4;1.0;49.0;49.4;1509_direct_carried;;;3.4;735.3;218;49;1;2;0;1506
1003750;1787865835431;21.8;64;81;RECOVERING_AFTER_LOAD;49.4;1.0;49.0;49.4;1509_direct_carried;;;3.4;735.3;218;49;1;2;0;1508
1003961;1787865835642;21.8;64;81;RECOVERING_AFTER_LOAD;49.2;2.0;98.0;98.4;1509_direct;;;3.4;735.3;218;98;1;2;0;1509
1004170;1787865835851;21.8;64;81;RECOVERING_AFTER_LOAD;49.2;2.0;98.0;98.4;1509_direct_carried;;;3.4;735.3;218;98;1;2;0;150A
1004382;1787865836063;21.8;64;81;RECOVERING_AFTER_LOAD;49.2;2.0;98.0;98.4;1509_direct_carried;;;3.4;735.3;218;98;1;2;0;150B
1004591;1787865836272;21.8;64;81;RECOVERING_AFTER_LOAD;49.2;2.0;98.0;98.4;1509_direct_carried;;;3.4;735.3;218;98;1;2;0;150D
1005634;1787865837315;21.8;64;81;RECOVERING_AFTER_LOAD;49.2;2.0;98.0;98.4;1509_direct_carried;;;3.4;735.3;218;98;1;2;0;1502
1006051;1787865837732;21.8;64;81;RECOVERING_AFTER_LOAD;49.2;2.0;98.0;98.4;1509_direct_carried;;;3.4;735.3;218;98;1;2;0;1505
1006261;1787865837942;21.8;64;81;RECOVERING_AFTER_LOAD;49.2;2.0;98.0;98.4;1509_direct_carried;;;3.4;735.3;218;98;1;2;0;1506
1006671;1787865838352;21.8;64;81;RECOVERING_AFTER_LOAD;49.2;2.0;98.0;98.4;1509_direct_carried;;;3.4;735.3;218;98;1;2;0;1508
1006880;1787865838561;21.8;64;81;RECOVERING_AFTER_LOAD;49.4;2.0;98.0;98.8;1509_direct;;;3.4;735.3;218;98;1;2;0;1509
1007092;1787865838773;21.8;64;81;RECOVERING_AFTER_LOAD;49.4;2.0;98.0;98.8;1509_direct_carried;;;3.4;735.3;218;98;1;2;0;150A
1007303;1787865838984;21.8;64;81;RECOVERING_AFTER_LOAD;49.4;2.0;98.0;98.8;1509_direct_carried;;;3.4;735.3;218;98;1;2;0;150B
1007510;1787865839191;21.8;64;81;RECOVERING_AFTER_LOAD;49.4;2.0;98.0;98.8;1509_direct_carried;;;3.4;735.3;218;98;1;2;0;150D
1008551;1787865840232;21.8;64;81;RECOVERING_AFTER_LOAD;49.4;2.0;98.0;98.8;1509_direct_carried;;;3.4;735.3;218;98;1;2;0;1502
1008971;1787865840652;21.8;64;81;RECOVERING_AFTER_LOAD;49.4;2.0;98.0;98.8;1509_direct_carried;;;3.4;735.3;218;98;1;2;0;1505
1009182;1787865840863;21.8;64;81;RECOVERING_AFTER_LOAD;49.4;2.0;98.0;98.8;1509_direct_carried;;;3.4;735.3;218;98;1;2;0;1506
1009602;1787865841283;21.8;64;81;RECOVERING_AFTER_LOAD;49.4;2.0;98.0;98.8;1509_direct_carried;;;3.4;735.3;218;98;1;2;0;1508
1009801;1787865841482;21.8;64;81;RECOVERING_AFTER_LOAD;49.1;3.0;147.0;147.3;1509_direct;;;3.4;735.3;218;147;1;2;0;1509
1010013;1787865841694;21.8;64;81;RECOVERING_AFTER_LOAD;49.1;3.0;147.0;147.3;1509_direct_carried;;;3.4;735.3;218;147;1;2;0;150A
1010223;1787865841904;21.8;64;81;RECOVERING_AFTER_LOAD;49.1;3.0;147.0;147.3;1509_direct_carried;;;3.4;735.3;218;147;1;2;0;150B
1010431;1787865842112;21.8;64;81;RECOVERING_AFTER_LOAD;49.1;3.0;147.0;147.3;1509_direct_carried;;;3.4;735.3;218;147;1;2;0;150D
1011472;1787865843153;21.8;64;81;RECOVERING_AFTER_LOAD;49.1;3.0;147.0;147.3;1509_direct_carried;;;3.4;735.3;218;147;1;2;0;1502
1011890;1787865843571;21.8;64;81;RECOVERING_AFTER_LOAD;49.1;3.0;147.0;147.3;1509_direct_carried;;;3.4;735.3;218;147;1;2;0;1505
1012101;1787865843782;21.8;64;81;RECOVERING_AFTER_LOAD;49.1;3.0;147.0;147.3;1509_direct_carried;;;3.4;735.3;218;147;1;2;0;1506
1012521;1787865844202;21.8;64;81;RECOVERING_AFTER_LOAD;49.1;3.0;147.0;147.3;1509_direct_carried;;;3.4;735.3;218;147;1;2;0;1508
1012732;1787865844413;21.8;64;81;RECOVERING_AFTER_LOAD;48.8;4.0;195.0;195.2;1509_direct;;;3.4;735.3;218;195;1;2;0;1509
1012933;1787865844614;21.8;64;81;RECOVERING_AFTER_LOAD;48.8;4.0;195.0;195.2;1509_direct_carried;;;3.4;735.3;218;195;1;2;0;150A
1013141;1787865844822;21.8;64;81;RECOVERING_AFTER_LOAD;48.8;4.0;195.0;195.2;1509_direct_carried;;;3.4;735.3;218;195;1;2;0;150B
1013351;1787865845032;21.8;64;81;RECOVERING_AFTER_LOAD;48.8;4.0;195.0;195.2;1509_direct_carried;;;3.4;735.3;218;195;1;2;0;150D
1014402;1787865846083;21.8;64;81;RECOVERING_AFTER_LOAD;48.8;4.0;195.0;195.2;1509_direct_carried;;;3.4;735.3;218;195;1;2;0;1502
1014813;1787865846494;21.8;64;81;RECOVERING_AFTER_LOAD;48.8;4.0;195.0;195.2;1509_direct_carried;;;3.4;735.3;218;195;1;2;0;1505
1015022;1787865846703;21.8;64;81;RECOVERING_AFTER_LOAD;48.8;4.0;195.0;195.2;1509_direct_carried;;;3.4;735.3;218;195;1;2;0;1506
1015439;1787865847120;21.8;64;81;RECOVERING_AFTER_LOAD;48.8;4.0;195.0;195.2;1509_direct_carried;;;3.4;735.3;218;195;1;2;0;1508
1015651;1787865847332;21.8;64;81;RECOVERING_AFTER_LOAD;49.1;3.0;196.0;147.3;1509_direct;;;3.4;735.3;218;196;1;2;0;1509
1015862;1787865847543;21.8;64;81;RECOVERING_AFTER_LOAD;49.1;3.0;196.0;147.3;1509_direct_carried;;;3.4;735.3;218;196;1;2;0;150A
1016073;1787865847754;21.8;64;81;RECOVERING_AFTER_LOAD;49.1;3.0;196.0;147.3;1509_direct_carried;;;3.4;735.3;218;196;1;2;0;150B
1016271;1787865847952;21.8;64;81;RECOVERING_AFTER_LOAD;49.1;3.0;196.0;147.3;1509_direct_carried;;;3.4;735.3;218;196;1;2;0;150D
1017325;1787865849006;21.8;64;81;RECOVERING_AFTER_LOAD;49.1;3.0;196.0;147.3;1509_direct_carried;;;3.4;735.3;218;196;1;2;0;1502
1017743;1787865849424;21.8;64;81;RECOVERING_AFTER_LOAD;49.1;3.0;196.0;147.3;1509_direct_carried;;;3.4;735.3;218;196;1;2;0;1505
1017941;1787865849622;21.8;64;81;RECOVERING_AFTER_LOAD;49.1;3.0;196.0;147.3;1509_direct_carried;;;3.5;735.4;218;196;1;2;0;1506
1018362;1787865850043;21.8;64;81;RECOVERING_AFTER_LOAD;49.1;3.0;196.0;147.3;1509_direct_carried;;;3.5;735.4;218;196;1;2;0;1508
1018572;1787865850253;21.8;64;81;RECOVERING_AFTER_LOAD;49.0;4.0;196.0;196.0;1509_direct;;;3.5;735.4;218;196;1;2;0;1509
1018782;1787865850463;21.8;64;81;RECOVERING_AFTER_LOAD;49.0;4.0;196.0;196.0;1509_direct_carried;;;3.5;735.4;218;196;1;2;0;150A
1018994;1787865850675;21.8;64;81;RECOVERING_AFTER_LOAD;49.0;4.0;196.0;196.0;1509_direct_carried;;;3.5;735.4;218;196;1;2;0;150B
1019204;1787865850885;21.8;64;81;RECOVERING_AFTER_LOAD;49.0;4.0;196.0;196.0;1509_direct_carried;;;3.5;735.4;218;196;1;2;0;150D
1020242;1787865851923;21.8;64;81;RECOVERING_AFTER_LOAD;49.0;4.0;196.0;196.0;1509_direct_carried;;;3.5;735.4;218;196;1;2;0;1502
1020661;1787865852342;21.8;64;81;RECOVERING_AFTER_LOAD;49.0;4.0;196.0;196.0;1509_direct_carried;;;3.5;735.4;218;196;1;2;0;1505
1020874;1787865852555;21.8;64;81;RECOVERING_AFTER_LOAD;49.0;4.0;196.0;196.0;1509_direct_carried;;;3.5;735.4;218;196;1;2;0;1506
1021281;1787865852962;21.8;64;81;RECOVERING_AFTER_LOAD;49.0;4.0;196.0;196.0;1509_direct_carried;;;3.5;735.4;218;196;1;2;0;1508
1021492;1787865853173;21.8;64;81;RECOVERING_AFTER_LOAD;49.0;4.0;196.0;196.0;1509_direct;;;3.5;735.4;218;196;1;2;0;1509
1021702;1787865853383;21.8;64;81;RECOVERING_AFTER_LOAD;49.0;4.0;196.0;196.0;1509_direct_carried;;;3.5;735.4;218;196;1;2;0;150A
1021912;1787865853593;21.8;64;81;RECOVERING_AFTER_LOAD;49.0;4.0;196.0;196.0;1509_direct_carried;;;3.5;735.4;218;196;1;2;0;150B
1022120;1787865853801;21.8;64;81;RECOVERING_AFTER_LOAD;49.0;4.0;196.0;196.0;1509_direct_carried;;;3.5;735.4;218;196;1;2;0;150D
1023163;1787865854844;21.8;64;81;RECOVERING_AFTER_LOAD;49.0;4.0;196.0;196.0;1509_direct_carried;;;3.5;735.4;218;196;1;2;0;1502
1023582;1787865855263;20.3;64;81;RECOVERING_AFTER_LOAD;49.0;4.0;196.0;196.0;1509_direct_carried;;;3.5;735.4;203;196;1;2;0;1505
1023793;1787865855474;20.3;64;81;RECOVERING_AFTER_LOAD;49.0;4.0;196.0;196.0;1509_direct_carried;;;3.5;735.4;203;196;1;2;0;1506
1024212;1787865855893;20.3;64;81;RECOVERING_AFTER_LOAD;49.0;4.0;196.0;196.0;1509_direct_carried;;;3.5;735.4;203;196;1;2;0;1508
1024410;1787865856091;20.3;64;81;RECOVERING_AFTER_LOAD;48.6;6.0;245.0;291.6;1509_direct;;;3.5;735.4;203;245;1;2;0;1509
1024623;1787865856304;20.3;64;81;RECOVERING_AFTER_LOAD;48.6;6.0;245.0;291.6;1509_direct_carried;;;3.5;735.4;203;245;1;2;0;150A
1024832;1787865856513;20.3;64;81;RECOVERING_AFTER_LOAD;48.6;6.0;245.0;291.6;1509_direct_carried;;;3.5;735.4;203;245;1;2;0;150B
1025042;1787865856723;20.3;64;81;RECOVERING_AFTER_LOAD;48.6;6.0;245.0;291.6;1509_direct_carried;;;3.5;735.4;203;245;1;2;0;150D
1026082;1787865857763;20.3;64;81;RECOVERING_AFTER_LOAD;48.6;6.0;245.0;291.6;1509_direct_carried;;;3.5;735.4;203;245;1;2;0;1502
1026503;1787865858184;21.8;64;81;RECOVERING_AFTER_LOAD;48.6;6.0;245.0;291.6;1509_direct_carried;;;3.5;735.4;218;245;1;2;0;1505
1026712;1787865858393;21.8;64;81;RECOVERING_AFTER_LOAD;48.6;6.0;245.0;291.6;1509_direct_carried;;;3.5;735.4;218;245;1;2;0;1506
1027131;1787865858812;21.8;64;81;RECOVERING_AFTER_LOAD;48.6;6.0;245.0;291.6;1509_direct_carried;;;3.5;735.4;218;245;1;2;0;1508
1027344;1787865859025;21.8;64;81;RECOVERING_AFTER_LOAD;48.7;5.0;243.0;243.5;1509_direct;;;3.5;735.4;218;243;1;2;0;1509
1027541;1787865859222;21.8;64;81;RECOVERING_AFTER_LOAD;48.7;5.0;243.0;243.5;1509_direct_carried;;;3.5;735.4;218;243;1;2;0;150A
1027751;1787865859432;21.8;64;81;RECOVERING_AFTER_LOAD;48.7;5.0;243.0;243.5;1509_direct_carried;;;3.5;735.4;218;243;1;2;0;150B
1027961;1787865859642;21.8;64;81;RECOVERING_AFTER_LOAD;48.7;5.0;243.0;243.5;1509_direct_carried;;;3.5;735.4;218;243;1;2;0;150D
1029014;1787865860695;21.8;64;81;RECOVERING_AFTER_LOAD;48.7;5.0;243.0;243.5;1509_direct_carried;;;3.5;735.4;218;243;1;2;0;1502
1029423;1787865861104;19.2;64;81;RECOVERING_AFTER_LOAD;48.7;5.0;243.0;243.5;1509_direct_carried;;;3.5;735.4;192;243;1;2;0;1505
1029631;1787865861312;19.2;64;81;RECOVERING_AFTER_LOAD;48.7;5.0;243.0;243.5;1509_direct_carried;;;3.5;735.4;192;243;1;2;0;1506
1030051;1787865861732;19.2;64;81;RECOVERING_AFTER_LOAD;48.7;5.0;243.0;243.5;1509_direct_carried;;;3.5;735.4;192;243;1;2;0;1508
1030261;1787865861942;19.2;64;81;RECOVERING_AFTER_LOAD;49.4;0.0;0.0;0.0;1509_direct;;;3.5;735.4;192;0;1;2;0;1509
1030472;1787865862153;19.2;64;81;RECOVERING_AFTER_LOAD;49.4;0.0;0.0;0.0;1509_direct_carried;;;3.5;735.4;192;0;1;2;0;150A
1030683;1787865862364;19.2;64;81;RECOVERING_AFTER_LOAD;49.4;0.0;0.0;0.0;1509_direct_carried;;;3.5;735.4;192;0;1;2;0;150B
1030896;1787865862577;19.2;64;81;RECOVERING_AFTER_LOAD;49.4;0.0;0.0;0.0;1509_direct_carried;;;3.5;735.4;192;0;1;2;0;150D
1031932;1787865863613;19.2;64;81;RECOVERING_AFTER_LOAD;49.4;0.0;0.0;0.0;1509_direct_carried;;;3.5;735.4;192;0;1;2;0;1502
1032353;1787865864034;14.8;64;81;RECOVERING_AFTER_LOAD;49.4;0.0;0.0;0.0;1509_direct_carried;;;3.5;735.4;148;0;1;2;0;1505
1032550;1787865864231;14.8;64;81;RECOVERING_AFTER_LOAD;49.4;0.0;0.0;0.0;1509_direct_carried;;;3.5;735.4;148;0;1;2;0;1506
1032973;1787865864654;14.8;64;81;RECOVERING_AFTER_LOAD;49.4;0.0;0.0;0.0;1509_direct_carried;;;3.5;735.4;148;0;1;2;0;1508
1033180;1787865864861;14.8;64;81;RECOVERING_AFTER_LOAD;49.0;4.0;196.0;196.0;1509_direct;;;3.5;735.4;148;196;1;2;0;1509
1033391;1787865865072;14.8;64;81;RECOVERING_AFTER_LOAD;49.0;4.0;196.0;196.0;1509_direct_carried;;;3.5;735.4;148;196;1;2;0;150A
1033603;1787865865284;14.8;64;81;RECOVERING_AFTER_LOAD;49.0;4.0;196.0;196.0;1509_direct_carried;;;3.5;735.4;148;196;1;2;0;150B
1033812;1787865865493;14.8;64;81;RECOVERING_AFTER_LOAD;49.0;4.0;196.0;196.0;1509_direct_carried;;;3.5;735.4;148;196;1;2;0;150D
1034852;1787865866533;14.8;64;81;RECOVERING_AFTER_LOAD;49.0;4.0;196.0;196.0;1509_direct_carried;;;3.5;735.4;148;196;1;2;0;1502
1035273;1787865866954;15.0;64;81;RECOVERING_AFTER_LOAD;49.0;4.0;196.0;196.0;1509_direct_carried;;;3.5;735.4;150;196;1;2;0;1505
1035484;1787865867165;15.0;64;81;RECOVERING_AFTER_LOAD;49.0;4.0;196.0;196.0;1509_direct_carried;;;3.5;735.4;150;196;1;2;0;1506
1035893;1787865867574;15.0;64;81;RECOVERING_AFTER_LOAD;49.0;4.0;196.0;196.0;1509_direct_carried;;;3.5;735.4;150;196;1;2;0;1508
1036102;1787865867783;15.0;64;81;RECOVERING_AFTER_LOAD;48.7;6.0;291.0;292.20000000000005;1509_direct;;;3.5;735.4;150;291;1;2;0;1509
1036313;1787865867994;15.0;64;81;RECOVERING_AFTER_LOAD;48.7;6.0;291.0;292.20000000000005;1509_direct_carried;;;3.5;735.4;150;291;1;2;0;150A
1036522;1787865868203;15.0;64;81;RECOVERING_AFTER_LOAD;48.7;6.0;291.0;292.20000000000005;1509_direct_carried;;;3.5;735.4;150;291;1;2;0;150B
1036732;1787865868413;15.0;64;81;RECOVERING_AFTER_LOAD;48.7;6.0;291.0;292.20000000000005;1509_direct_carried;;;3.5;735.4;150;291;1;2;0;150D
1037771;1787865869452;15.0;64;81;RECOVERING_AFTER_LOAD;48.7;6.0;291.0;292.20000000000005;1509_direct_carried;;;3.5;735.4;150;291;1;2;0;1502
1038401;1787865870082;15.0;64;81;RECOVERING_AFTER_LOAD;48.7;6.0;291.0;292.20000000000005;1509_direct_carried;;;3.6;735.5;150;291;1;2;0;1506
1038823;1787865870504;15.0;64;81;RECOVERING_AFTER_LOAD;48.7;6.0;291.0;292.20000000000005;1509_direct_carried;;;3.6;735.5;150;291;1;2;0;1508
1039022;1787865870703;15.0;64;81;RECOVERING_AFTER_LOAD;48.3;8.0;386.0;386.4;1509_direct;;;3.6;735.5;150;386;1;2;0;1509
1039233;1787865870914;15.0;64;81;RECOVERING_AFTER_LOAD;48.3;8.0;386.0;386.4;1509_direct_carried;;;3.6;735.5;150;386;1;2;0;150A
1039441;1787865871122;15.0;64;81;RECOVERING_AFTER_LOAD;48.3;8.0;386.0;386.4;1509_direct_carried;;;3.6;735.5;150;386;1;2;0;150B
1039652;1787865871333;15.0;64;81;RECOVERING_AFTER_LOAD;48.3;8.0;386.0;386.4;1509_direct_carried;;;3.6;735.5;150;386;1;2;0;150D
1040692;1787865872373;15.0;64;81;RECOVERING_AFTER_LOAD;48.3;8.0;386.0;386.4;1509_direct_carried;;;3.6;735.5;150;386;1;2;0;1502
1041113;1787865872794;21.4;64;81;RECOVERING_AFTER_LOAD;48.3;8.0;386.0;386.4;1509_direct_carried;;;3.6;735.5;214;386;1;2;0;1505
1041321;1787865873002;21.4;64;81;RECOVERING_AFTER_LOAD;48.3;8.0;386.0;386.4;1509_direct_carried;;;3.6;735.5;214;386;1;2;0;1506
1041745;1787865873426;21.4;64;81;RECOVERING_AFTER_LOAD;48.3;8.0;386.0;386.4;1509_direct_carried;;;3.6;735.5;214;386;1;2;0;1508
1041952;1787865873633;21.4;64;81;RECOVERING_AFTER_LOAD;48.3;9.0;434.0;434.7;1509_direct;;;3.6;735.5;214;434;1;2;0;1509
1042152;1787865873833;21.4;64;81;RECOVERING_AFTER_LOAD;48.3;9.0;434.0;434.7;1509_direct_carried;;;3.6;735.5;214;434;1;2;0;150A
1042364;1787865874045;21.4;64;81;RECOVERING_AFTER_LOAD;48.3;9.0;434.0;434.7;1509_direct_carried;;;3.6;735.5;214;434;1;2;0;150B
1042572;1787865874253;21.4;64;81;RECOVERING_AFTER_LOAD;48.3;9.0;434.0;434.7;1509_direct_carried;;;3.6;735.5;214;434;1;2;0;150D
1043622;1787865875303;21.4;64;81;RECOVERING_AFTER_LOAD;48.3;9.0;434.0;434.7;1509_direct_carried;;;3.6;735.5;214;434;1;2;0;1502
1044032;1787865875713;17.5;64;81;RECOVERING_AFTER_LOAD;48.3;9.0;434.0;434.7;1509_direct_carried;;;3.6;735.5;175;434;1;2;0;1505
1044243;1787865875924;17.5;64;81;RECOVERING_AFTER_LOAD;48.3;9.0;434.0;434.7;1509_direct_carried;;;3.6;735.5;175;434;1;2;0;1506
1044663;1787865876344;17.5;64;81;RECOVERING_AFTER_LOAD;48.3;9.0;434.0;434.7;1509_direct_carried;;;3.6;735.5;175;434;1;2;0;1508
1044872;1787865876553;17.5;64;81;RECOVERING_AFTER_LOAD;48.8;4.0;195.0;195.2;1509_direct;;;3.6;735.5;175;195;1;2;0;1509
1045083;1787865876764;17.5;64;81;RECOVERING_AFTER_LOAD;48.8;4.0;195.0;195.2;1509_direct_carried;;;3.6;735.5;175;195;1;2;0;150A
1045292;1787865876973;17.5;64;81;RECOVERING_AFTER_LOAD;48.8;4.0;195.0;195.2;1509_direct_carried;;;3.6;735.5;175;195;1;2;0;150B
1045491;1787865877172;17.5;64;81;RECOVERING_AFTER_LOAD;48.8;4.0;195.0;195.2;1509_direct_carried;;;3.6;735.5;175;195;1;2;0;150D
1046542;1787865878223;17.5;64;81;RECOVERING_AFTER_LOAD;48.8;4.0;195.0;195.2;1509_direct_carried;;;3.6;735.5;175;195;1;2;0;1502
1046962;1787865878643;15.9;64;81;RECOVERING_AFTER_LOAD;48.8;4.0;195.0;195.2;1509_direct_carried;;;3.6;735.5;159;195;1;2;0;1505
1047160;1787865878841;15.9;64;81;RECOVERING_AFTER_LOAD;48.8;4.0;195.0;195.2;1509_direct_carried;;;3.6;735.5;159;195;1;2;0;1506
1047580;1787865879261;15.9;64;81;RECOVERING_AFTER_LOAD;48.8;4.0;195.0;195.2;1509_direct_carried;;;3.6;735.5;159;195;1;2;0;1508
1047792;1787865879473;15.9;64;81;RECOVERING_AFTER_LOAD;49.0;2.0;147.0;98.0;1509_direct;;;3.6;735.5;159;147;1;2;0;1509
1048003;1787865879684;15.9;64;81;RECOVERING_AFTER_LOAD;49.0;2.0;147.0;98.0;1509_direct_carried;;;3.6;735.5;159;147;1;2;0;150A
1048212;1787865879893;15.9;64;81;RECOVERING_AFTER_LOAD;49.0;2.0;147.0;98.0;1509_direct_carried;;;3.6;735.5;159;147;1;2;0;150B
1048421;1787865880102;15.9;64;81;RECOVERING_AFTER_LOAD;49.0;2.0;147.0;98.0;1509_direct_carried;;;3.6;735.5;159;147;1;2;0;150D
1049460;1787865881141;15.9;64;81;RECOVERING_AFTER_LOAD;49.0;2.0;147.0;98.0;1509_direct_carried;;;3.6;735.5;159;147;1;2;0;1502
1049883;1787865881564;18.1;64;81;RECOVERING_AFTER_LOAD;49.0;2.0;147.0;98.0;1509_direct_carried;;;3.6;735.5;181;147;1;2;0;1505
1050092;1787865881773;18.1;64;81;RECOVERING_AFTER_LOAD;49.0;2.0;147.0;98.0;1509_direct_carried;;;3.6;735.5;181;147;1;2;0;1506
1050501;1787865882182;18.1;64;81;RECOVERING_AFTER_LOAD;49.0;2.0;147.0;98.0;1509_direct_carried;;;3.6;735.5;181;147;1;2;0;1508
1050711;1787865882392;18.1;64;81;RECOVERING_AFTER_LOAD;48.8;4.0;195.0;195.2;1509_direct;;;3.6;735.5;181;195;1;2;0;1509
1050921;1787865882602;18.1;64;81;RECOVERING_AFTER_LOAD;48.8;4.0;195.0;195.2;1509_direct_carried;;;3.6;735.5;181;195;1;2;0;150A
1051131;1787865882812;18.1;64;81;RECOVERING_AFTER_LOAD;48.8;4.0;195.0;195.2;1509_direct_carried;;;3.6;735.5;181;195;1;2;0;150B
1051342;1787865883023;18.1;64;81;RECOVERING_AFTER_LOAD;48.8;4.0;195.0;195.2;1509_direct_carried;;;3.6;735.5;181;195;1;2;0;150D
1052384;1787865884065;18.1;64;81;RECOVERING_AFTER_LOAD;48.8;4.0;195.0;195.2;1509_direct_carried;;;3.6;735.5;181;195;1;2;0;1502
1052802;1787865884483;20.6;64;81;RECOVERING_AFTER_LOAD;48.8;4.0;195.0;195.2;1509_direct_carried;;;3.6;735.5;206;195;1;2;0;1505
1053013;1787865884694;20.6;64;81;RECOVERING_AFTER_LOAD;48.8;4.0;195.0;195.2;1509_direct_carried;;;3.6;735.5;206;195;1;2;0;1506
1053432;1787865885113;20.6;64;81;RECOVERING_AFTER_LOAD;48.8;4.0;195.0;195.2;1509_direct_carried;;;3.6;735.5;206;195;1;2;0;1508
1053633;1787865885314;20.6;64;81;RECOVERING_AFTER_LOAD;48.5;7.0;339.0;339.5;1509_direct;;;3.6;735.5;206;339;1;2;0;1509
1053844;1787865885525;20.6;64;81;RECOVERING_AFTER_LOAD;48.5;7.0;339.0;339.5;1509_direct_carried;;;3.6;735.5;206;339;1;2;0;150A
1054052;1787865885733;20.6;64;81;RECOVERING_AFTER_LOAD;48.5;7.0;339.0;339.5;1509_direct_carried;;;3.6;735.5;206;339;1;2;0;150B
1054264;1787865885945;20.6;64;81;RECOVERING_AFTER_LOAD;48.5;7.0;339.0;339.5;1509_direct_carried;;;3.6;735.5;206;339;1;2;0;150D
1055303;1787865886984;20.6;64;81;RECOVERING_AFTER_LOAD;48.5;7.0;339.0;339.5;1509_direct_carried;;;3.6;735.5;206;339;1;2;0;1502
1055722;1787865887403;21.8;64;81;RECOVERING_AFTER_LOAD;48.5;7.0;339.0;339.5;1509_direct_carried;;;3.6;735.5;218;339;1;2;0;1505
1055935;1787865887616;21.8;64;81;RECOVERING_AFTER_LOAD;48.5;7.0;339.0;339.5;1509_direct_carried;;;3.6;735.5;218;339;1;2;0;1506
1056353;1787865888034;21.8;64;81;RECOVERING_AFTER_LOAD;48.5;7.0;339.0;339.5;1509_direct_carried;;;3.6;735.5;218;339;1;2;0;1508
1056561;1787865888242;21.8;64;81;RECOVERING_AFTER_LOAD;48.8;3.0;146.0;146.39999999999998;1509_direct;;;3.6;735.5;218;146;1;2;0;1509
1056773;1787865888454;21.8;64;81;RECOVERING_AFTER_LOAD;48.8;3.0;146.0;146.39999999999998;1509_direct_carried;;;3.6;735.5;218;146;1;2;0;150A
1056973;1787865888654;21.8;64;81;RECOVERING_AFTER_LOAD;48.8;3.0;146.0;146.39999999999998;1509_direct_carried;;;3.6;735.5;218;146;1;2;0;150B
1057181;1787865888862;21.8;64;81;RECOVERING_AFTER_LOAD;48.8;3.0;146.0;146.39999999999998;1509_direct_carried;;;3.6;735.5;218;146;1;2;0;150D
1058236;1787865889917;21.8;64;81;RECOVERING_AFTER_LOAD;48.8;3.0;146.0;146.39999999999998;1509_direct_carried;;;3.6;735.5;218;146;1;2;0;1502
1058642;1787865890323;21.8;64;81;RECOVERING_AFTER_LOAD;48.8;3.0;146.0;146.39999999999998;1509_direct_carried;;;3.6;735.5;218;146;1;2;0;1505
1058853;1787865890534;21.8;64;81;RECOVERING_AFTER_LOAD;48.8;3.0;146.0;146.39999999999998;1509_direct_carried;;;3.7;735.6;218;146;1;2;0;1506
1059275;1787865890956;21.8;64;81;RECOVERING_AFTER_LOAD;48.8;3.0;146.0;146.39999999999998;1509_direct_carried;;;3.7;735.6;218;146;1;2;0;1508
1059482;1787865891163;21.8;64;81;RECOVERING_AFTER_LOAD;49.0;2.0;98.0;98.0;1509_direct;;;3.7;735.6;218;98;1;2;0;1509
1059694;1787865891375;21.8;64;81;RECOVERING_AFTER_LOAD;49.0;2.0;98.0;98.0;1509_direct_carried;;;3.7;735.6;218;98;1;2;0;150A
1059902;1787865891583;21.8;64;81;RECOVERING_AFTER_LOAD;49.0;2.0;98.0;98.0;1509_direct_carried;;;3.7;735.6;218;98;1;2;0;150B
1060114;1787865891795;21.8;64;81;RECOVERING_AFTER_LOAD;49.0;2.0;98.0;98.0;1509_direct_carried;;;3.7;735.6;218;98;1;2;0;150D
1061153;1787865892834;21.8;64;81;RECOVERING_AFTER_LOAD;49.0;2.0;98.0;98.0;1509_direct_carried;;;3.7;735.6;218;98;1;2;0;1502
1061574;1787865893255;21.4;64;81;RECOVERING_AFTER_LOAD;49.0;2.0;98.0;98.0;1509_direct_carried;;;3.7;735.6;214;98;1;2;0;1505
1061771;1787865893452;21.4;64;81;RECOVERING_AFTER_LOAD;49.0;2.0;98.0;98.0;1509_direct_carried;;;3.7;735.6;214;98;1;2;0;1506
1062193;1787865893874;21.4;64;81;RECOVERING_AFTER_LOAD;49.0;2.0;98.0;98.0;1509_direct_carried;;;3.7;735.6;214;98;1;2;0;1508
1062402;1787865894083;21.4;64;81;RECOVERING_AFTER_LOAD;49.1;2.0;98.0;98.2;1509_direct;;;3.7;735.6;214;98;1;2;0;1509
1062612;1787865894293;21.4;64;81;RECOVERING_AFTER_LOAD;49.1;2.0;98.0;98.2;1509_direct_carried;;;3.7;735.6;214;98;1;2;0;150A
1062819;1787865894500;21.4;64;81;RECOVERING_AFTER_LOAD;49.1;2.0;98.0;98.2;1509_direct_carried;;;3.7;735.6;214;98;1;2;0;150B
1063033;1787865894714;21.4;64;81;RECOVERING_AFTER_LOAD;49.1;2.0;98.0;98.2;1509_direct_carried;;;3.7;735.6;214;98;1;2;0;150D
1064072;1787865895753;21.4;64;81;RECOVERING_AFTER_LOAD;49.1;2.0;98.0;98.2;1509_direct_carried;;;3.7;735.6;214;98;1;2;0;1502
1064493;1787865896174;18.7;64;81;RECOVERING_AFTER_LOAD;49.1;2.0;98.0;98.2;1509_direct_carried;;;3.7;735.6;187;98;1;2;0;1505
1064702;1787865896383;18.7;64;81;RECOVERING_AFTER_LOAD;49.1;2.0;98.0;98.2;1509_direct_carried;;;3.7;735.6;187;98;1;2;0;1506
1065114;1787865896795;18.7;64;81;RECOVERING_AFTER_LOAD;49.1;2.0;98.0;98.2;1509_direct_carried;;;3.7;735.6;187;98;1;2;0;1508
1065325;1787865897006;18.7;64;81;RECOVERING_AFTER_LOAD;48.3;7.0;339.0;338.09999999999997;1509_direct;;;3.7;735.6;187;339;1;2;0;1509
1065531;1787865897212;18.7;64;81;RECOVERING_AFTER_LOAD;48.3;7.0;339.0;338.09999999999997;1509_direct_carried;;;3.7;735.6;187;339;1;2;0;150A
1065741;1787865897422;18.7;64;81;RECOVERING_AFTER_LOAD;48.3;7.0;339.0;338.09999999999997;1509_direct_carried;;;3.7;735.6;187;339;1;2;0;150B
1065953;1787865897634;18.7;64;81;RECOVERING_AFTER_LOAD;48.3;7.0;339.0;338.09999999999997;1509_direct_carried;;;3.7;735.6;187;339;1;2;0;150D
1066993;1787865898674;18.7;64;81;RECOVERING_AFTER_LOAD;48.3;7.0;339.0;338.09999999999997;1509_direct_carried;;;3.7;735.6;187;339;1;2;0;1502
1067412;1787865899093;19.7;64;81;RECOVERING_AFTER_LOAD;48.3;7.0;339.0;338.09999999999997;1509_direct_carried;;;3.7;735.6;197;339;1;2;0;1505
1067622;1787865899303;19.7;64;81;RECOVERING_AFTER_LOAD;48.3;7.0;339.0;338.09999999999997;1509_direct_carried;;;3.7;735.6;197;339;1;2;0;1506
1068047;1787865899728;19.7;64;81;RECOVERING_AFTER_LOAD;48.3;7.0;339.0;338.09999999999997;1509_direct_carried;;;3.7;735.6;197;339;1;2;0;1508
1068244;1787865899925;19.7;64;81;RECOVERING_AFTER_LOAD;48.5;5.0;194.0;242.5;1509_direct;;;3.7;735.6;197;194;1;2;0;1509
1068454;1787865900135;19.7;64;81;RECOVERING_AFTER_LOAD;48.5;5.0;194.0;242.5;1509_direct_carried;;;3.7;735.6;197;194;1;2;0;150A
1068661;1787865900342;19.7;64;81;RECOVERING_AFTER_LOAD;48.5;5.0;194.0;242.5;1509_direct_carried;;;3.7;735.6;197;194;1;2;0;150B
1068872;1787865900553;19.7;64;81;RECOVERING_AFTER_LOAD;48.5;5.0;194.0;242.5;1509_direct_carried;;;3.7;735.6;197;194;1;2;0;150D
1069913;1787865901594;19.7;64;81;RECOVERING_AFTER_LOAD;48.5;5.0;194.0;242.5;1509_direct_carried;;;3.7;735.6;197;194;1;2;0;1502
1070333;1787865902014;20.4;64;81;RECOVERING_AFTER_LOAD;48.5;5.0;194.0;242.5;1509_direct_carried;;;3.7;735.6;204;194;1;2;0;1505
1070541;1787865902222;20.4;64;81;RECOVERING_AFTER_LOAD;48.5;5.0;194.0;242.5;1509_direct_carried;;;3.7;735.6;204;194;1;2;0;1506
1070960;1787865902641;20.4;64;81;RECOVERING_AFTER_LOAD;48.5;5.0;194.0;242.5;1509_direct_carried;;;3.7;735.6;204;194;1;2;0;1508
1071174;1787865902855;20.4;64;81;RECOVERING_AFTER_LOAD;49.0;4.0;196.0;196.0;1509_direct;;;3.7;735.6;204;196;1;2;0;1509
1071373;1787865903054;20.4;64;81;RECOVERING_AFTER_LOAD;49.0;4.0;196.0;196.0;1509_direct_carried;;;3.7;735.6;204;196;1;2;0;150A
1071581;1787865903262;20.4;64;81;RECOVERING_AFTER_LOAD;49.0;4.0;196.0;196.0;1509_direct_carried;;;3.7;735.6;204;196;1;2;0;150B
1071792;1787865903473;20.4;64;81;RECOVERING_AFTER_LOAD;49.0;4.0;196.0;196.0;1509_direct_carried;;;3.7;735.6;204;196;1;2;0;150D
1072840;1787865904521;20.4;64;81;RECOVERING_AFTER_LOAD;49.0;4.0;196.0;196.0;1509_direct_carried;;;3.7;735.6;204;196;1;2;0;1502
1073251;1787865904932;21.8;64;81;RECOVERING_AFTER_LOAD;49.0;4.0;196.0;196.0;1509_direct_carried;;;3.7;735.6;218;196;1;2;0;1505
1073461;1787865905142;21.8;64;81;RECOVERING_AFTER_LOAD;49.0;4.0;196.0;196.0;1509_direct_carried;;;3.8;735.7;218;196;1;2;0;1506
1073880;1787865905561;21.8;64;81;RECOVERING_AFTER_LOAD;49.0;4.0;196.0;196.0;1509_direct_carried;;;3.8;735.7;218;196;1;2;0;1508
1074092;1787865905773;21.8;64;81;RECOVERING_AFTER_LOAD;48.6;6.0;291.0;291.6;1509_direct;;;3.8;735.7;218;291;1;2;0;1509
1074302;1787865905983;21.8;64;81;RECOVERING_AFTER_LOAD;48.6;6.0;291.0;291.6;1509_direct_carried;;;3.8;735.7;218;291;1;2;0;150A
1074511;1787865906192;21.8;64;81;RECOVERING_AFTER_LOAD;48.6;6.0;291.0;291.6;1509_direct_carried;;;3.8;735.7;218;291;1;2;0;150B
1074713;1787865906394;21.8;64;81;RECOVERING_AFTER_LOAD;48.6;6.0;291.0;291.6;1509_direct_carried;;;3.8;735.7;218;291;1;2;0;150D
1075760;1787865907441;21.8;64;81;RECOVERING_AFTER_LOAD;48.6;6.0;291.0;291.6;1509_direct_carried;;;3.8;735.7;218;291;1;2;0;1502
1076183;1787865907864;20.5;64;81;RECOVERING_AFTER_LOAD;48.6;6.0;291.0;291.6;1509_direct_carried;;;3.8;735.7;205;291;1;2;0;1505
1076381;1787865908062;20.5;64;81;RECOVERING_AFTER_LOAD;48.6;6.0;291.0;291.6;1509_direct_carried;;;3.8;735.7;205;291;1;2;0;1506
1076803;1787865908484;20.5;64;81;RECOVERING_AFTER_LOAD;48.6;6.0;291.0;291.6;1509_direct_carried;;;3.8;735.7;205;291;1;2;0;1508
1077013;1787865908694;20.5;64;81;RECOVERING_AFTER_LOAD;48.6;4.0;195.0;194.4;1509_direct;;;3.8;735.7;205;195;1;2;0;1509
1077223;1787865908904;20.5;64;81;RECOVERING_AFTER_LOAD;48.6;4.0;195.0;194.4;1509_direct_carried;;;3.8;735.7;205;195;1;2;0;150A
1077432;1787865909113;20.5;64;81;RECOVERING_AFTER_LOAD;48.6;4.0;195.0;194.4;1509_direct_carried;;;3.8;735.7;205;195;1;2;0;150B
1077643;1787865909324;20.5;64;81;RECOVERING_AFTER_LOAD;48.6;4.0;195.0;194.4;1509_direct_carried;;;3.8;735.7;205;195;1;2;0;150D
1078681;1787865910362;20.5;64;81;RECOVERING_AFTER_LOAD;48.6;4.0;195.0;194.4;1509_direct_carried;;;3.8;735.7;205;195;1;2;0;1502
1079103;1787865910784;20.1;64;81;RECOVERING_AFTER_LOAD;48.6;4.0;195.0;194.4;1509_direct_carried;;;3.8;735.7;201;195;1;2;0;1505
1079311;1787865910992;20.1;64;81;RECOVERING_AFTER_LOAD;48.6;4.0;195.0;194.4;1509_direct_carried;;;3.8;735.7;201;195;1;2;0;1506
1079722;1787865911403;20.1;64;81;RECOVERING_AFTER_LOAD;48.6;4.0;195.0;194.4;1509_direct_carried;;;3.8;735.7;201;195;1;2;0;1508
1079933;1787865911614;20.1;64;81;RECOVERING_AFTER_LOAD;49.0;2.0;98.0;98.0;1509_direct;;;3.8;735.7;201;98;1;2;0;1509
1080142;1787865911823;20.1;64;81;RECOVERING_AFTER_LOAD;49.0;2.0;98.0;98.0;1509_direct_carried;;;3.8;735.7;201;98;1;2;0;150A
1080351;1787865912032;20.1;64;81;RECOVERING_AFTER_LOAD;49.0;2.0;98.0;98.0;1509_direct_carried;;;3.8;735.7;201;98;1;2;0;150B
1080561;1787865912242;20.1;64;81;RECOVERING_AFTER_LOAD;49.0;2.0;98.0;98.0;1509_direct_carried;;;3.8;735.7;201;98;1;2;0;150D
1081602;1787865913283;20.1;64;81;RECOVERING_AFTER_LOAD;49.0;2.0;98.0;98.0;1509_direct_carried;;;3.8;735.7;201;98;1;2;0;1502
1082023;1787865913704;18.9;64;81;RECOVERING_AFTER_LOAD;49.0;2.0;98.0;98.0;1509_direct_carried;;;3.8;735.7;189;98;1;2;0;1505
1082233;1787865913914;18.9;64;81;RECOVERING_AFTER_LOAD;49.0;2.0;98.0;98.0;1509_direct_carried;;;3.8;735.7;189;98;1;2;0;1506
1082642;1787865914323;18.9;64;81;RECOVERING_AFTER_LOAD;49.0;2.0;98.0;98.0;1509_direct_carried;;;3.8;735.7;189;98;1;2;0;1508
1082855;1787865914536;18.9;64;81;RECOVERING_AFTER_LOAD;48.7;4.0;194.0;194.8;1509_direct;;;3.8;735.7;189;194;1;2;0;1509
1083064;1787865914745;18.9;64;81;RECOVERING_AFTER_LOAD;48.7;4.0;194.0;194.8;1509_direct_carried;;;3.8;735.7;189;194;1;2;0;150A
1083272;1787865914953;18.9;64;81;RECOVERING_AFTER_LOAD;48.7;4.0;194.0;194.8;1509_direct_carried;;;3.8;735.7;189;194;1;2;0;150B
1083482;1787865915163;18.9;64;81;RECOVERING_AFTER_LOAD;48.7;4.0;194.0;194.8;1509_direct_carried;;;3.8;735.7;189;194;1;2;0;150D
1084523;1787865916204;18.9;64;81;RECOVERING_AFTER_LOAD;48.7;4.0;194.0;194.8;1509_direct_carried;;;3.8;735.7;189;194;1;2;0;1502
1084943;1787865916624;17.9;64;81;RECOVERING_AFTER_LOAD;48.7;4.0;194.0;194.8;1509_direct_carried;;;3.8;735.7;179;194;1;2;0;1505
1085152;1787865916833;17.9;64;81;RECOVERING_AFTER_LOAD;48.7;4.0;194.0;194.8;1509_direct_carried;;;3.8;735.7;179;194;1;2;0;1506
1085575;1787865917256;17.9;64;81;RECOVERING_AFTER_LOAD;48.7;4.0;194.0;194.8;1509_direct_carried;;;3.8;735.7;179;194;1;2;0;1508
1085771;1787865917452;17.9;64;81;RECOVERING_AFTER_LOAD;48.7;4.0;146.0;194.8;1509_direct;;;3.8;735.7;179;146;1;2;0;1509
1085983;1787865917664;17.9;64;81;RECOVERING_AFTER_LOAD;48.7;4.0;146.0;194.8;1509_direct_carried;;;3.8;735.7;179;146;1;2;0;150A
1086193;1787865917874;17.9;64;81;RECOVERING_AFTER_LOAD;48.7;4.0;146.0;194.8;1509_direct_carried;;;3.8;735.7;179;146;1;2;0;150B
1086402;1787865918083;17.9;64;81;RECOVERING_AFTER_LOAD;48.7;4.0;146.0;194.8;1509_direct_carried;;;3.8;735.7;179;146;1;2;0;150D
1087452;1787865919133;17.9;64;81;RECOVERING_AFTER_LOAD;48.7;4.0;146.0;194.8;1509_direct_carried;;;3.8;735.7;179;146;1;2;0;1502
1087861;1787865919542;18.8;64;81;RECOVERING_AFTER_LOAD;48.7;4.0;146.0;194.8;1509_direct_carried;;;3.8;735.7;188;146;1;2;0;1505
1088071;1787865919752;18.8;64;81;RECOVERING_AFTER_LOAD;48.7;4.0;146.0;194.8;1509_direct_carried;;;3.8;735.7;188;146;1;2;0;1506
1088493;1787865920174;18.8;64;81;RECOVERING_AFTER_LOAD;48.7;4.0;146.0;194.8;1509_direct_carried;;;3.8;735.7;188;146;1;2;0;1508
1088705;1787865920386;18.8;64;81;RECOVERING_AFTER_LOAD;48.7;6.0;340.0;292.20000000000005;1509_direct;;;3.8;735.7;188;340;1;2;0;1509
1088913;1787865920594;18.8;64;81;RECOVERING_AFTER_LOAD;48.7;6.0;340.0;292.20000000000005;1509_direct_carried;;;3.8;735.7;188;340;1;2;0;150A
1089123;1787865920804;18.8;64;81;RECOVERING_AFTER_LOAD;48.7;6.0;340.0;292.20000000000005;1509_direct_carried;;;3.8;735.7;188;340;1;2;0;150B
1089324;1787865921005;18.8;64;81;RECOVERING_AFTER_LOAD;48.7;6.0;340.0;292.20000000000005;1509_direct_carried;;;3.8;735.7;188;340;1;2;0;150D
1090373;1787865922054;18.8;64;81;RECOVERING_AFTER_LOAD;48.7;6.0;340.0;292.20000000000005;1509_direct_carried;;;3.8;735.7;188;340;1;2;0;1502
1090793;1787865922474;19.7;64;81;RECOVERING_AFTER_LOAD;48.7;6.0;340.0;292.20000000000005;1509_direct_carried;;;3.8;735.7;197;340;1;2;0;1505
1091002;1787865922683;19.7;64;81;RECOVERING_AFTER_LOAD;48.7;6.0;340.0;292.20000000000005;1509_direct_carried;;;3.9;735.8;197;340;1;2;0;1506
1091422;1787865923103;19.7;64;81;RECOVERING_AFTER_LOAD;48.7;6.0;340.0;292.20000000000005;1509_direct_carried;;;3.9;735.8;197;340;1;2;0;1508
1091622;1787865923303;19.7;64;81;RECOVERING_AFTER_LOAD;49.3;0.0;0.0;0.0;1509_direct;;;3.9;735.8;197;0;1;2;0;1509
1091832;1787865923513;19.7;64;81;RECOVERING_AFTER_LOAD;49.3;0.0;0.0;0.0;1509_direct_carried;;;3.9;735.8;197;0;1;2;0;150A
1092042;1787865923723;19.7;64;81;RECOVERING_AFTER_LOAD;49.3;0.0;0.0;0.0;1509_direct_carried;;;3.9;735.8;197;0;1;2;0;150B
1092252;1787865923933;19.7;64;81;RECOVERING_AFTER_LOAD;49.3;0.0;0.0;0.0;1509_direct_carried;;;3.9;735.8;197;0;1;2;0;150D
1093294;1787865924975;19.7;64;81;RECOVERING_AFTER_LOAD;49.3;0.0;0.0;0.0;1509_direct_carried;;;3.9;735.8;197;0;1;2;0;1502
1093712;1787865925393;11.1;64;81;RECOVERING_AFTER_LOAD;49.3;0.0;0.0;0.0;1509_direct_carried;;;3.9;735.8;111;0;1;2;0;1505
1093921;1787865925602;11.1;64;81;RECOVERING_AFTER_LOAD;49.3;0.0;0.0;0.0;1509_direct_carried;;;3.9;735.8;111;0;1;2;0;1506
1094344;1787865926025;11.1;64;81;RECOVERING_AFTER_LOAD;49.3;0.0;0.0;0.0;1509_direct_carried;;;3.9;735.8;111;0;1;2;0;1508
1094553;1787865926234;11.1;64;81;RECOVERING_AFTER_LOAD;49.4;0.0;0.0;0.0;1509_direct;;;3.9;735.8;111;0;1;2;0;1509
1094765;1787865926446;11.1;64;81;RECOVERING_AFTER_LOAD;49.4;0.0;0.0;0.0;1509_direct_carried;;;3.9;735.8;111;0;1;2;0;150A
1094962;1787865926643;11.1;64;81;RECOVERING_AFTER_LOAD;49.4;0.0;0.0;0.0;1509_direct_carried;;;3.9;735.8;111;0;1;2;0;150B
1095174;1787865926855;11.1;64;81;RECOVERING_AFTER_LOAD;49.4;0.0;0.0;0.0;1509_direct_carried;;;3.9;735.8;111;0;1;2;0;150D
1096222;1787865927903;11.1;64;81;RECOVERING_AFTER_LOAD;49.4;0.0;0.0;0.0;1509_direct_carried;;;3.9;735.8;111;0;1;2;0;1502
1096632;1787865928313;10.1;64;81;RECOVERING_AFTER_LOAD;49.4;0.0;0.0;0.0;1509_direct_carried;;;3.9;735.8;101;0;1;2;0;1505
1096843;1787865928524;10.1;64;81;RECOVERING_AFTER_LOAD;49.4;0.0;0.0;0.0;1509_direct_carried;;;3.9;735.8;101;0;1;2;0;1506
1097261;1787865928942;10.1;64;81;RECOVERING_AFTER_LOAD;49.4;0.0;0.0;0.0;1509_direct_carried;;;3.9;735.8;101;0;1;2;0;1508
1097473;1787865929154;10.1;64;81;RECOVERING_AFTER_LOAD;48.6;5.0;243.0;243.0;1509_direct;;;3.9;735.8;101;243;1;2;0;1509
1097686;1787865929367;10.1;64;81;RECOVERING_AFTER_LOAD;48.6;5.0;243.0;243.0;1509_direct_carried;;;3.9;735.8;101;243;1;2;0;150A
1097893;1787865929574;10.1;64;81;RECOVERING_AFTER_LOAD;48.6;5.0;243.0;243.0;1509_direct_carried;;;3.9;735.8;101;243;1;2;0;150B
1098102;1787865929783;10.1;64;81;RECOVERING_AFTER_LOAD;48.6;5.0;243.0;243.0;1509_direct_carried;;;3.9;735.8;101;243;1;2;0;150D
1099141;1787865930822;10.1;64;81;RECOVERING_AFTER_LOAD;48.6;5.0;243.0;243.0;1509_direct_carried;;;3.9;735.8;101;243;1;2;0;1502
1099564;1787865931245;19.8;64;81;RECOVERING_AFTER_LOAD;48.6;5.0;243.0;243.0;1509_direct_carried;;;3.9;735.8;198;243;1;2;0;1505
1099763;1787865931444;19.8;64;81;RECOVERING_AFTER_LOAD;48.6;5.0;243.0;243.0;1509_direct_carried;;;3.9;735.8;198;243;1;2;0;1506
1100182;1787865931863;19.8;64;81;RECOVERING_AFTER_LOAD;48.6;5.0;243.0;243.0;1509_direct_carried;;;3.9;735.8;198;243;1;2;0;1508
1100394;1787865932075;19.8;64;81;RECOVERING_AFTER_LOAD;49.2;1.0;49.0;49.2;1509_direct;;;3.9;735.8;198;49;1;2;0;1509
1100604;1787865932285;19.8;64;81;RECOVERING_AFTER_LOAD;49.2;1.0;49.0;49.2;1509_direct_carried;;;3.9;735.8;198;49;1;2;0;150A
1100816;1787865932497;19.8;64;81;RECOVERING_AFTER_LOAD;49.2;1.0;49.0;49.2;1509_direct_carried;;;3.9;735.8;198;49;1;2;0;150B
1101023;1787865932704;19.8;64;81;RECOVERING_AFTER_LOAD;49.2;1.0;49.0;49.2;1509_direct_carried;;;3.9;735.8;198;49;1;2;0;150D
1102062;1787865933743;19.8;64;81;RECOVERING_AFTER_LOAD;49.2;1.0;49.0;49.2;1509_direct_carried;;;3.9;735.8;198;49;1;2;0;1502
1102484;1787865934165;19.9;64;81;RECOVERING_AFTER_LOAD;49.2;1.0;49.0;49.2;1509_direct_carried;;;3.9;735.8;199;49;1;2;0;1505
1102692;1787865934373;19.9;64;81;RECOVERING_AFTER_LOAD;49.2;1.0;49.0;49.2;1509_direct_carried;;;3.9;735.8;199;49;1;2;0;1506
1103103;1787865934784;19.9;64;81;RECOVERING_AFTER_LOAD;49.2;1.0;49.0;49.2;1509_direct_carried;;;3.9;735.8;199;49;1;2;0;1508
1103313;1787865934994;19.9;64;81;RECOVERING_AFTER_LOAD;48.7;4.0;194.0;194.8;1509_direct;;;3.9;735.8;199;194;1;2;0;1509
1103525;1787865935206;19.9;64;81;RECOVERING_AFTER_LOAD;48.7;4.0;194.0;194.8;1509_direct_carried;;;3.9;735.8;199;194;1;2;0;150A
1103732;1787865935413;19.9;64;81;RECOVERING_AFTER_LOAD;48.7;4.0;194.0;194.8;1509_direct_carried;;;3.9;735.8;199;194;1;2;0;150B
1103944;1787865935625;19.9;64;81;RECOVERING_AFTER_LOAD;48.7;4.0;194.0;194.8;1509_direct_carried;;;3.9;735.8;199;194;1;2;0;150D
1104983;1787865936664;19.9;64;81;RECOVERING_AFTER_LOAD;48.7;4.0;194.0;194.8;1509_direct_carried;;;3.9;735.8;199;194;1;2;0;1502
1105404;1787865937085;18.8;64;81;RECOVERING_AFTER_LOAD;48.7;4.0;194.0;194.8;1509_direct_carried;;;3.9;735.8;188;194;1;2;0;1505
1105613;1787865937294;18.8;64;81;RECOVERING_AFTER_LOAD;48.7;4.0;194.0;194.8;1509_direct_carried;;;3.9;735.8;188;194;1;2;0;1506
1106032;1787865937713;18.8;64;81;RECOVERING_AFTER_LOAD;48.7;4.0;194.0;194.8;1509_direct_carried;;;3.9;735.8;188;194;1;2;0;1508
1106235;1787865937916;18.8;64;81;RECOVERING_AFTER_LOAD;49.0;2.0;98.0;98.0;1509_direct;;;3.9;735.8;188;98;1;2;0;1509
1106442;1787865938123;18.8;64;81;RECOVERING_AFTER_LOAD;49.0;2.0;98.0;98.0;1509_direct_carried;;;3.9;735.8;188;98;1;2;0;150A
1106653;1787865938334;18.8;64;81;RECOVERING_AFTER_LOAD;49.0;2.0;98.0;98.0;1509_direct_carried;;;3.9;735.8;188;98;1;2;0;150B
1106862;1787865938543;18.8;64;81;RECOVERING_AFTER_LOAD;49.0;2.0;98.0;98.0;1509_direct_carried;;;3.9;735.8;188;98;1;2;0;150D
1107902;1787865939583;18.8;64;81;RECOVERING_AFTER_LOAD;49.0;2.0;98.0;98.0;1509_direct_carried;;;3.9;735.8;188;98;1;2;0;1502
1108324;1787865940005;17.3;64;81;RECOVERING_AFTER_LOAD;49.0;2.0;98.0;98.0;1509_direct_carried;;;3.9;735.8;173;98;1;2;0;1505
1108534;1787865940215;17.3;64;81;RECOVERING_AFTER_LOAD;49.0;2.0;98.0;98.0;1509_direct_carried;;;3.9;735.8;173;98;1;2;0;1506
1108954;1787865940635;17.3;64;81;RECOVERING_AFTER_LOAD;49.0;2.0;98.0;98.0;1509_direct_carried;;;3.9;735.8;173;98;1;2;0;1508
1109162;1787865940843;17.3;64;81;RECOVERING_AFTER_LOAD;49.2;1.0;98.0;49.2;1509_direct;;;3.9;735.8;173;98;1;2;0;1509
1109362;1787865941043;17.3;64;81;RECOVERING_AFTER_LOAD;49.2;1.0;98.0;49.2;1509_direct_carried;;;3.9;735.8;173;98;1;2;0;150A
1109574;1787865941255;17.3;64;81;RECOVERING_AFTER_LOAD;49.2;1.0;98.0;49.2;1509_direct_carried;;;3.9;735.8;173;98;1;2;0;150B
1109787;1787865941468;17.3;64;81;RECOVERING_AFTER_LOAD;49.2;1.0;98.0;49.2;1509_direct_carried;;;3.9;735.8;173;98;1;2;0;150D
1110833;1787865942514;17.3;64;81;RECOVERING_AFTER_LOAD;49.2;1.0;98.0;49.2;1509_direct_carried;;;3.9;735.8;173;98;1;2;0;1502
1111244;1787865942925;17.3;64;81;RECOVERING_AFTER_LOAD;49.2;1.0;98.0;49.2;1509_direct_carried;;;3.9;735.8;173;98;1;2;0;1505
1111454;1787865943135;17.3;64;81;RECOVERING_AFTER_LOAD;49.2;1.0;98.0;49.2;1509_direct_carried;;;4.0;735.9;173;98;1;2;0;1506
1111876;1787865943557;17.3;64;81;RECOVERING_AFTER_LOAD;49.2;1.0;98.0;49.2;1509_direct_carried;;;4.0;735.9;173;98;1;2;0;1508
1112082;1787865943763;17.3;64;81;RECOVERING_AFTER_LOAD;49.2;1.0;49.0;49.2;1509_direct;;;4.0;735.9;173;49;1;2;0;1509
1112296;1787865943977;17.3;64;81;RECOVERING_AFTER_LOAD;49.2;1.0;49.0;49.2;1509_direct_carried;;;4.0;735.9;173;49;1;2;0;150A
1112502;1787865944183;17.3;64;81;RECOVERING_AFTER_LOAD;49.2;1.0;49.0;49.2;1509_direct_carried;;;4.0;735.9;173;49;1;2;0;150B
1112713;1787865944394;17.3;64;81;RECOVERING_AFTER_LOAD;49.2;1.0;49.0;49.2;1509_direct_carried;;;4.0;735.9;173;49;1;2;0;150D
1113754;1787865945435;17.3;64;81;RECOVERING_AFTER_LOAD;49.2;1.0;49.0;49.2;1509_direct_carried;;;4.0;735.9;173;49;1;2;0;1502
1114173;1787865945854;15.4;64;81;RECOVERING_AFTER_LOAD;49.2;1.0;49.0;49.2;1509_direct_carried;;;4.0;735.9;154;49;1;2;0;1505
1114372;1787865946053;15.4;64;81;RECOVERING_AFTER_LOAD;49.2;1.0;49.0;49.2;1509_direct_carried;;;4.0;735.9;154;49;1;2;0;1506
1114794;1787865946475;15.4;64;81;RECOVERING_AFTER_LOAD;49.2;1.0;49.0;49.2;1509_direct_carried;;;4.0;735.9;154;49;1;2;0;1508
1115003;1787865946684;15.4;64;81;RECOVERING_AFTER_LOAD;49.2;1.0;49.0;49.2;1509_direct;;;4.0;735.9;154;49;1;2;0;1509
1115210;1787865946891;15.4;64;81;RECOVERING_AFTER_LOAD;49.2;1.0;49.0;49.2;1509_direct_carried;;;4.0;735.9;154;49;1;2;0;150A
1115423;1787865947104;15.4;64;81;RECOVERING_AFTER_LOAD;49.2;1.0;49.0;49.2;1509_direct_carried;;;4.0;735.9;154;49;1;2;0;150B
1115634;1787865947315;15.4;64;81;RECOVERING_AFTER_LOAD;49.2;1.0;49.0;49.2;1509_direct_carried;;;4.0;735.9;154;49;1;2;0;150D
1116678;1787865948359;15.4;64;81;RECOVERING_AFTER_LOAD;49.2;1.0;49.0;49.2;1509_direct_carried;;;4.0;735.9;154;49;1;2;0;1502
1117093;1787865948774;13.8;64;81;RECOVERING_AFTER_LOAD;49.2;1.0;49.0;49.2;1509_direct_carried;;;4.0;735.9;138;49;1;2;0;1505
1117304;1787865948985;13.8;64;81;RECOVERING_AFTER_LOAD;49.2;1.0;49.0;49.2;1509_direct_carried;;;4.0;735.9;138;49;1;2;0;1506
1117714;1787865949395;13.8;64;81;RECOVERING_AFTER_LOAD;49.2;1.0;49.0;49.2;1509_direct_carried;;;4.0;735.9;138;49;1;2;0;1508
1117921;1787865949602;13.8;64;81;RECOVERING_AFTER_LOAD;48.7;4.0;195.0;194.8;1509_direct;;;4.0;735.9;138;195;1;2;0;1509
1118131;1787865949812;13.8;64;81;RECOVERING_AFTER_LOAD;48.7;4.0;195.0;194.8;1509_direct_carried;;;4.0;735.9;138;195;1;2;0;150A
1118343;1787865950024;13.8;64;81;RECOVERING_AFTER_LOAD;48.7;4.0;195.0;194.8;1509_direct_carried;;;4.0;735.9;138;195;1;2;0;150B
1118554;1787865950235;13.8;64;81;RECOVERING_AFTER_LOAD;48.7;4.0;195.0;194.8;1509_direct_carried;;;4.0;735.9;138;195;1;2;0;150D
1119592;1787865951273;13.8;64;81;RECOVERING_AFTER_LOAD;48.7;4.0;195.0;194.8;1509_direct_carried;;;4.0;735.9;138;195;1;2;0;1502
1120012;1787865951693;14.9;64;81;RECOVERING_AFTER_LOAD;48.7;4.0;195.0;194.8;1509_direct_carried;;;4.0;735.9;149;195;1;2;0;1505
1120223;1787865951904;14.9;64;81;RECOVERING_AFTER_LOAD;48.7;4.0;195.0;194.8;1509_direct_carried;;;4.0;735.9;149;195;1;2;0;1506
1120644;1787865952325;14.9;64;81;RECOVERING_AFTER_LOAD;48.7;4.0;195.0;194.8;1509_direct_carried;;;4.0;735.9;149;195;1;2;0;1508
1120843;1787865952524;14.9;64;81;RECOVERING_AFTER_LOAD;48.8;4.0;195.0;195.2;1509_direct;;;4.0;735.9;149;195;1;2;0;1509
1121053;1787865952734;14.9;64;81;RECOVERING_AFTER_LOAD;48.8;4.0;195.0;195.2;1509_direct_carried;;;4.0;735.9;149;195;1;2;0;150A
1121265;1787865952946;14.9;64;81;RECOVERING_AFTER_LOAD;48.8;4.0;195.0;195.2;1509_direct_carried;;;4.0;735.9;149;195;1;2;0;150B
1121474;1787865953155;14.9;64;81;RECOVERING_AFTER_LOAD;48.8;4.0;195.0;195.2;1509_direct_carried;;;4.0;735.9;149;195;1;2;0;150D
1122526;1787865954207;14.9;64;81;RECOVERING_AFTER_LOAD;48.8;4.0;195.0;195.2;1509_direct_carried;;;4.0;735.9;149;195;1;2;0;1502
1122933;1787865954614;16.2;64;81;RECOVERING_AFTER_LOAD;48.8;4.0;195.0;195.2;1509_direct_carried;;;4.0;735.9;162;195;1;2;0;1505
1123143;1787865954824;16.2;64;81;RECOVERING_AFTER_LOAD;48.8;4.0;195.0;195.2;1509_direct_carried;;;4.0;735.9;162;195;1;2;0;1506
1123564;1787865955245;16.2;64;81;RECOVERING_AFTER_LOAD;48.8;4.0;195.0;195.2;1509_direct_carried;;;4.0;735.9;162;195;1;2;0;1508
1123773;1787865955454;16.2;64;81;RECOVERING_AFTER_LOAD;48.8;4.0;195.0;195.2;1509_direct;;;4.0;735.9;162;195;1;2;0;1509
1123983;1787865955664;16.2;64;81;RECOVERING_AFTER_LOAD;48.8;4.0;195.0;195.2;1509_direct_carried;;;4.0;735.9;162;195;1;2;0;150A
1124193;1787865955874;16.2;64;81;RECOVERING_AFTER_LOAD;48.8;4.0;195.0;195.2;1509_direct_carried;;;4.0;735.9;162;195;1;2;0;150B
1124392;1787865956073;16.2;64;81;RECOVERING_AFTER_LOAD;48.8;4.0;195.0;195.2;1509_direct_carried;;;4.0;735.9;162;195;1;2;0;150D
1125444;1787865957125;16.2;64;81;RECOVERING_AFTER_LOAD;48.8;4.0;195.0;195.2;1509_direct_carried;;;4.0;735.9;162;195;1;2;0;1502
1125863;1787865957544;17.4;64;81;RECOVERING_AFTER_LOAD;48.8;4.0;195.0;195.2;1509_direct_carried;;;4.0;735.9;174;195;1;2;0;1505
1126062;1787865957743;17.4;64;81;RECOVERING_AFTER_LOAD;48.8;4.0;195.0;195.2;1509_direct_carried;;;4.0;735.9;174;195;1;2;0;1506
1126481;1787865958162;17.4;64;81;RECOVERING_AFTER_LOAD;48.8;4.0;195.0;195.2;1509_direct_carried;;;4.0;735.9;174;195;1;2;0;1508
1126695;1787865958376;17.4;64;81;RECOVERING_AFTER_LOAD;48.6;4.0;146.0;194.4;1509_direct;;;4.0;735.9;174;146;1;2;0;1509
1126902;1787865958583;17.4;64;81;RECOVERING_AFTER_LOAD;48.6;4.0;146.0;194.4;1509_direct_carried;;;4.0;735.9;174;146;1;2;0;150A
1127113;1787865958794;17.4;64;81;RECOVERING_AFTER_LOAD;48.6;4.0;146.0;194.4;1509_direct_carried;;;4.0;735.9;174;146;1;2;0;150B
1127324;1787865959005;17.4;64;81;RECOVERING_AFTER_LOAD;48.6;4.0;146.0;194.4;1509_direct_carried;;;4.0;735.9;174;146;1;2;0;150D
1128364;1787865960045;17.4;64;81;RECOVERING_AFTER_LOAD;48.6;4.0;146.0;194.4;1509_direct_carried;;;4.0;735.9;174;146;1;2;0;1502
1128780;1787865960461;17.3;64;81;RECOVERING_AFTER_LOAD;48.6;4.0;146.0;194.4;1509_direct_carried;;;4.0;735.9;173;146;1;2;0;1505
1128993;1787865960674;17.3;64;81;RECOVERING_AFTER_LOAD;48.6;4.0;146.0;194.4;1509_direct_carried;;;4.0;735.9;173;146;1;2;0;1506
1129405;1787865961086;17.3;64;81;RECOVERING_AFTER_LOAD;48.6;4.0;146.0;194.4;1509_direct_carried;;;4.0;735.9;173;146;1;2;0;1508
1129615;1787865961296;17.3;64;81;RECOVERING_AFTER_LOAD;48.8;3.0;97.0;146.39999999999998;1509_direct;;;4.0;735.9;173;97;1;2;0;1509
1129823;1787865961504;17.3;64;81;RECOVERING_AFTER_LOAD;48.8;3.0;97.0;146.39999999999998;1509_direct_carried;;;4.0;735.9;173;97;1;2;0;150A
1130034;1787865961715;17.3;64;81;RECOVERING_AFTER_LOAD;48.8;3.0;97.0;146.39999999999998;1509_direct_carried;;;4.0;735.9;173;97;1;2;0;150B
1130244;1787865961925;17.3;64;81;RECOVERING_AFTER_LOAD;48.8;3.0;97.0;146.39999999999998;1509_direct_carried;;;4.0;735.9;173;97;1;2;0;150D
1131287;1787865962968;17.3;64;81;RECOVERING_AFTER_LOAD;48.8;3.0;97.0;146.39999999999998;1509_direct_carried;;;4.0;735.9;173;97;1;2;0;1502
1131704;1787865963385;14.6;64;81;RECOVERING_AFTER_LOAD;48.8;3.0;97.0;146.39999999999998;1509_direct_carried;;;4.0;735.9;146;97;1;2;0;1505
1131912;1787865963593;14.6;64;81;RECOVERING_AFTER_LOAD;48.8;3.0;97.0;146.39999999999998;1509_direct_carried;;;4.0;735.9;146;97;1;2;0;1506
1132334;1787865964015;14.6;64;81;RECOVERING_AFTER_LOAD;48.8;3.0;97.0;146.39999999999998;1509_direct_carried;;;4.0;735.9;146;97;1;2;0;1508
1132534;1787865964215;14.6;64;81;RECOVERING_AFTER_LOAD;48.8;4.0;195.0;195.2;1509_direct;;;4.0;735.9;146;195;1;2;0;1509
1132743;1787865964424;14.6;64;81;RECOVERING_AFTER_LOAD;48.8;4.0;195.0;195.2;1509_direct_carried;;;4.0;735.9;146;195;1;2;0;150A
1132954;1787865964635;14.6;64;81;RECOVERING_AFTER_LOAD;48.8;4.0;195.0;195.2;1509_direct_carried;;;4.0;735.9;146;195;1;2;0;150B
1133164;1787865964845;14.6;64;81;RECOVERING_AFTER_LOAD;48.8;4.0;195.0;195.2;1509_direct_carried;;;4.0;735.9;146;195;1;2;0;150D
1134210;1787865965891;14.6;64;81;RECOVERING_AFTER_LOAD;48.8;4.0;195.0;195.2;1509_direct_carried;;;4.0;735.9;146;195;1;2;0;1502
1134622;1787865966303;14.4;64;81;RECOVERING_AFTER_LOAD;48.8;4.0;195.0;195.2;1509_direct_carried;;;4.0;735.9;144;195;1;2;0;1505
1134832;1787865966513;14.4;64;81;RECOVERING_AFTER_LOAD;48.8;4.0;195.0;195.2;1509_direct_carried;;;4.1;736.0;144;195;1;2;0;1506
1135253;1787865966934;14.4;64;81;RECOVERING_AFTER_LOAD;48.8;4.0;195.0;195.2;1509_direct_carried;;;4.1;736.0;144;195;1;2;0;1508
1135463;1787865967144;14.4;64;81;RECOVERING_AFTER_LOAD;49.0;2.0;98.0;98.0;1509_direct;;;4.1;736.0;144;98;1;2;0;1509
1135676;1787865967357;14.4;64;81;RECOVERING_AFTER_LOAD;49.0;2.0;98.0;98.0;1509_direct_carried;;;4.1;736.0;144;98;1;2;0;150A
1135885;1787865967566;14.4;64;81;RECOVERING_AFTER_LOAD;49.0;2.0;98.0;98.0;1509_direct_carried;;;4.1;736.0;144;98;1;2;0;150B
1136083;1787865967764;14.4;64;81;RECOVERING_AFTER_LOAD;49.0;2.0;98.0;98.0;1509_direct_carried;;;4.1;736.0;144;98;1;2;0;150D
1137134;1787865968815;14.4;64;81;RECOVERING_AFTER_LOAD;49.0;2.0;98.0;98.0;1509_direct_carried;;;4.1;736.0;144;98;1;2;0;1502
1137543;1787865969224;12.6;64;81;RECOVERING_AFTER_LOAD;49.0;2.0;98.0;98.0;1509_direct_carried;;;4.1;736.0;126;98;1;2;0;1505
1137753;1787865969434;12.6;64;81;RECOVERING_AFTER_LOAD;49.0;2.0;98.0;98.0;1509_direct_carried;;;4.1;736.0;126;98;1;2;0;1506
1138174;1787865969855;12.6;64;81;RECOVERING_AFTER_LOAD;49.0;2.0;98.0;98.0;1509_direct_carried;;;4.1;736.0;126;98;1;2;0;1508
1138382;1787865970063;12.6;64;81;RECOVERING_AFTER_LOAD;49.2;1.0;49.0;49.2;1509_direct;;;4.1;736.0;126;49;1;2;0;1509
1138594;1787865970275;12.6;64;81;RECOVERING_AFTER_LOAD;49.2;1.0;49.0;49.2;1509_direct_carried;;;4.1;736.0;126;49;1;2;0;150A
1138803;1787865970484;12.6;64;81;RECOVERING_AFTER_LOAD;49.2;1.0;49.0;49.2;1509_direct_carried;;;4.1;736.0;126;49;1;2;0;150B
1139016;1787865970697;12.6;64;81;RECOVERING_AFTER_LOAD;49.2;1.0;49.0;49.2;1509_direct_carried;;;4.1;736.0;126;49;1;2;0;150D
1140053;1787865971734;12.6;64;81;RECOVERING_AFTER_LOAD;49.2;1.0;49.0;49.2;1509_direct_carried;;;4.1;736.0;126;49;1;2;0;1502
1140473;1787865972154;10.2;64;81;RECOVERING_AFTER_LOAD;49.2;1.0;49.0;49.2;1509_direct_carried;;;4.1;736.0;102;49;1;2;0;1505
1140684;1787865972365;10.2;64;81;RECOVERING_AFTER_LOAD;49.2;1.0;49.0;49.2;1509_direct_carried;;;4.1;736.0;102;49;1;2;0;1506
1141096;1787865972777;10.2;64;81;RECOVERING_AFTER_LOAD;49.2;1.0;49.0;49.2;1509_direct_carried;;;4.1;736.0;102;49;1;2;0;1508
1141307;1787865972988;10.2;64;81;RECOVERING_AFTER_LOAD;49.1;1.0;49.0;49.1;1509_direct;;;4.1;736.0;102;49;1;2;0;1509
1141513;1787865973194;10.2;64;81;RECOVERING_AFTER_LOAD;49.1;1.0;49.0;49.1;1509_direct_carried;;;4.1;736.0;102;49;1;2;0;150A
1141724;1787865973405;10.2;64;81;RECOVERING_AFTER_LOAD;49.1;1.0;49.0;49.1;1509_direct_carried;;;4.1;736.0;102;49;1;2;0;150B
1141936;1787865973617;10.2;64;81;RECOVERING_AFTER_LOAD;49.1;1.0;49.0;49.1;1509_direct_carried;;;4.1;736.0;102;49;1;2;0;150D
1142974;1787865974655;10.2;64;81;RECOVERING_AFTER_LOAD;49.1;1.0;49.0;49.1;1509_direct_carried;;;4.1;736.0;102;49;1;2;0;1502
1143394;1787865975075;9.0;64;81;RECOVERING_AFTER_LOAD;49.1;1.0;49.0;49.1;1509_direct_carried;;;4.1;736.0;90;49;1;2;0;1505
1143604;1787865975285;9.0;64;81;RECOVERING_AFTER_LOAD;49.1;1.0;49.0;49.1;1509_direct_carried;;;4.1;736.0;90;49;1;2;0;1506
1144022;1787865975703;9.0;64;81;RECOVERING_AFTER_LOAD;49.1;1.0;49.0;49.1;1509_direct_carried;;;4.1;736.0;90;49;1;2;0;1508
1144224;1787865975905;9.0;64;81;RECOVERING_AFTER_LOAD;49.0;3.0;147.0;147.0;1509_direct;;;4.1;736.0;90;147;1;2;0;1509
1144433;1787865976114;9.0;64;81;RECOVERING_AFTER_LOAD;49.0;3.0;147.0;147.0;1509_direct_carried;;;4.1;736.0;90;147;1;2;0;150A
1144647;1787865976328;9.0;64;81;RECOVERING_AFTER_LOAD;49.0;3.0;147.0;147.0;1509_direct_carried;;;4.1;736.0;90;147;1;2;0;150B
1144854;1787865976535;9.0;64;81;RECOVERING_AFTER_LOAD;49.0;3.0;147.0;147.0;1509_direct_carried;;;4.1;736.0;90;147;1;2;0;150D
1145894;1787865977575;9.0;64;81;RECOVERING_AFTER_LOAD;49.0;3.0;147.0;147.0;1509_direct_carried;;;4.1;736.0;90;147;1;2;0;1502
1146315;1787865977996;11.5;64;81;RECOVERING_AFTER_LOAD;49.0;3.0;147.0;147.0;1509_direct_carried;;;4.1;736.0;115;147;1;2;0;1505
1146525;1787865978206;11.5;64;81;RECOVERING_AFTER_LOAD;49.0;3.0;147.0;147.0;1509_direct_carried;;;4.1;736.0;115;147;1;2;0;1506
1146944;1787865978625;11.5;64;81;RECOVERING_AFTER_LOAD;49.0;3.0;147.0;147.0;1509_direct_carried;;;4.1;736.0;115;147;1;2;0;1508
1147154;1787865978835;11.5;64;81;RECOVERING_AFTER_LOAD;49.2;1.0;0.0;49.2;1509_direct;;;4.1;736.0;115;0;1;2;0;1509
1147355;1787865979036;11.5;64;81;RECOVERING_AFTER_LOAD;49.2;1.0;0.0;49.2;1509_direct_carried;;;4.1;736.0;115;0;1;2;0;150A
1147564;1787865979245;11.5;64;81;RECOVERING_AFTER_LOAD;49.2;1.0;0.0;49.2;1509_direct_carried;;;4.1;736.0;115;0;1;2;0;150B
1147774;1787865979455;11.5;64;81;RECOVERING_AFTER_LOAD;49.2;1.0;0.0;49.2;1509_direct_carried;;;4.1;736.0;115;0;1;2;0;150D
1148823;1787865980504;11.5;64;81;RECOVERING_AFTER_LOAD;49.2;1.0;0.0;49.2;1509_direct_carried;;;4.1;736.0;115;0;1;2;0;1502
1149234;1787865980915;11.1;64;81;RECOVERING_AFTER_LOAD;49.2;1.0;0.0;49.2;1509_direct_carried;;;4.1;736.0;111;0;1;2;0;1505
1149442;1787865981123;11.1;64;81;RECOVERING_AFTER_LOAD;49.2;1.0;0.0;49.2;1509_direct_carried;;;4.1;736.0;111;0;1;2;0;1506
1149863;1787865981544;11.1;64;81;RECOVERING_AFTER_LOAD;49.2;1.0;0.0;49.2;1509_direct_carried;;;4.1;736.0;111;0;1;2;0;1508
1150073;1787865981754;11.1;64;81;RECOVERING_AFTER_LOAD;49.4;0.0;0.0;0.0;1509_direct;;;4.1;736.0;111;0;1;2;0;1509
1150284;1787865981965;11.1;64;81;RECOVERING_AFTER_LOAD;49.4;0.0;0.0;0.0;1509_direct_carried;;;4.1;736.0;111;0;1;2;0;150A
1150494;1787865982175;11.1;64;81;RECOVERING_AFTER_LOAD;49.4;0.0;0.0;0.0;1509_direct_carried;;;4.1;736.0;111;0;1;2;0;150B
1150694;1787865982375;11.1;64;81;RECOVERING_AFTER_LOAD;49.4;0.0;0.0;0.0;1509_direct_carried;;;4.1;736.0;111;0;1;2;0;150D
1151745;1787865983426;11.1;64;81;RECOVERING_AFTER_LOAD;49.4;0.0;0.0;0.0;1509_direct_carried;;;4.1;736.0;111;0;1;2;0;1502
1152163;1787865983844;11.4;64;81;RECOVERING_AFTER_LOAD;49.4;0.0;0.0;0.0;1509_direct_carried;;;4.1;736.0;114;0;1;2;0;1505
1152363;1787865984044;11.4;64;81;RECOVERING_AFTER_LOAD;49.4;0.0;0.0;0.0;1509_direct_carried;;;4.1;736.0;114;0;1;2;0;1506
1152784;1787865984465;11.4;64;81;RECOVERING_AFTER_LOAD;49.4;0.0;0.0;0.0;1509_direct_carried;;;4.1;736.0;114;0;1;2;0;1508
1152993;1787865984674;11.4;64;81;RECOVERING_AFTER_LOAD;49.4;0.0;0.0;0.0;1509_direct;;;4.1;736.0;114;0;1;2;0;1509
1153207;1787865984888;11.4;64;81;RECOVERING_AFTER_LOAD;49.4;0.0;0.0;0.0;1509_direct_carried;;;4.1;736.0;114;0;1;2;0;150A
1153415;1787865985096;11.4;64;81;RECOVERING_AFTER_LOAD;49.4;0.0;0.0;0.0;1509_direct_carried;;;4.1;736.0;114;0;1;2;0;150B
1153626;1787865985307;11.4;64;81;RECOVERING_AFTER_LOAD;49.4;0.0;0.0;0.0;1509_direct_carried;;;4.1;736.0;114;0;1;2;0;150D
1154664;1787865986345;11.4;64;81;RECOVERING_AFTER_LOAD;49.4;0.0;0.0;0.0;1509_direct_carried;;;4.1;736.0;114;0;1;2;0;1502
1155084;1787865986765;9.8;64;81;RECOVERING_AFTER_LOAD;49.4;0.0;0.0;0.0;1509_direct_carried;;;4.1;736.0;98;0;1;2;0;1505
1155295;1787865986976;9.8;64;81;RECOVERING_AFTER_LOAD;49.4;0.0;0.0;0.0;1509_direct_carried;;;4.1;736.0;98;0;1;2;0;1506
1155703;1787865987384;9.8;64;81;RECOVERING_AFTER_LOAD;49.4;0.0;0.0;0.0;1509_direct_carried;;;4.1;736.0;98;0;1;2;0;1508
1155917;1787865987598;9.8;64;81;RECOVERING_AFTER_LOAD;49.2;2.0;98.0;98.4;1509_direct;;;4.1;736.0;98;98;1;2;0;1509
1156122;1787865987803;9.8;64;81;RECOVERING_AFTER_LOAD;49.2;2.0;98.0;98.4;1509_direct_carried;;;4.1;736.0;98;98;1;2;0;150A
1156335;1787865988016;9.8;64;81;RECOVERING_AFTER_LOAD;49.2;2.0;98.0;98.4;1509_direct_carried;;;4.1;736.0;98;98;1;2;0;150B
1156546;1787865988227;9.8;64;81;RECOVERING_AFTER_LOAD;49.2;2.0;98.0;98.4;1509_direct_carried;;;4.1;736.0;98;98;1;2;0;150D
1157580;1787865989261;9.8;64;81;RECOVERING_AFTER_LOAD;49.2;2.0;98.0;98.4;1509_direct_carried;;;4.1;736.0;98;98;1;2;0;1502
1158002;1787865989683;9.7;64;81;RECOVERING_AFTER_LOAD;49.2;2.0;98.0;98.4;1509_direct_carried;;;4.1;736.0;97;98;1;2;0;1505
1158209;1787865989890;9.7;64;81;RECOVERING_AFTER_LOAD;49.2;2.0;98.0;98.4;1509_direct_carried;;;4.1;736.0;97;98;1;2;0;1506
1158634;1787865990315;9.7;64;81;RECOVERING_AFTER_LOAD;49.2;2.0;98.0;98.4;1509_direct_carried;;;4.1;736.0;97;98;1;2;0;1508
1158832;1787865990513;9.7;64;81;RECOVERING_AFTER_LOAD;49.0;3.0;98.0;147.0;1509_direct;;;4.1;736.0;97;98;1;2;0;1509
1159044;1787865990725;9.7;64;81;RECOVERING_AFTER_LOAD;49.0;3.0;98.0;147.0;1509_direct_carried;;;4.1;736.0;97;98;1;2;0;150A
1159253;1787865990934;9.7;64;81;RECOVERING_AFTER_LOAD;49.0;3.0;98.0;147.0;1509_direct_carried;;;4.1;736.0;97;98;1;2;0;150B
1159462;1787865991143;9.7;64;81;RECOVERING_AFTER_LOAD;49.0;3.0;98.0;147.0;1509_direct_carried;;;4.1;736.0;97;98;1;2;0;150D
1160505;1787865992186;9.7;64;81;RECOVERING_AFTER_LOAD;49.0;3.0;98.0;147.0;1509_direct_carried;;;4.1;736.0;97;98;1;2;0;1502
1160922;1787865992603;8.7;64;81;RECOVERING_AFTER_LOAD;49.0;3.0;98.0;147.0;1509_direct_carried;;;4.1;736.0;87;98;1;2;0;1505
1161132;1787865992813;8.7;64;81;RECOVERING_AFTER_LOAD;49.0;3.0;98.0;147.0;1509_direct_carried;;;4.1;736.0;87;98;1;2;0;1506
1161553;1787865993234;8.7;64;81;RECOVERING_AFTER_LOAD;49.0;3.0;98.0;147.0;1509_direct_carried;;;4.1;736.0;87;98;1;2;0;1508
1161763;1787865993444;8.7;64;81;RECOVERING_AFTER_LOAD;49.4;1.0;49.0;49.4;1509_direct;;;4.1;736.0;87;49;1;2;0;1509
1161972;1787865993653;8.7;64;81;RECOVERING_AFTER_LOAD;49.4;1.0;49.0;49.4;1509_direct_carried;;;4.1;736.0;87;49;1;2;0;150A
1162173;1787865993854;8.7;64;81;RECOVERING_AFTER_LOAD;49.4;1.0;49.0;49.4;1509_direct_carried;;;4.1;736.0;87;49;1;2;0;150B
1162384;1787865994065;8.7;64;81;RECOVERING_AFTER_LOAD;49.4;1.0;49.0;49.4;1509_direct_carried;;;4.1;736.0;87;49;1;2;0;150D
1163432;1787865995113;8.7;64;81;RECOVERING_AFTER_LOAD;49.4;1.0;49.0;49.4;1509_direct_carried;;;4.1;736.0;87;49;1;2;0;1502
1163845;1787865995526;6.8;64;81;RECOVERING_AFTER_LOAD;49.4;1.0;49.0;49.4;1509_direct_carried;;;4.1;736.0;68;49;1;2;0;1505
1164052;1787865995733;6.8;64;81;RECOVERING_AFTER_LOAD;49.4;1.0;49.0;49.4;1509_direct_carried;;;4.1;736.0;68;49;1;2;0;1506
1164476;1787865996157;6.8;64;81;RECOVERING_AFTER_LOAD;49.4;1.0;49.0;49.4;1509_direct_carried;;;4.1;736.0;68;49;1;2;0;1508
1164683;1787865996364;6.8;64;81;RECOVERING_AFTER_LOAD;49.4;1.0;49.0;49.4;1509_direct;;;4.1;736.0;68;49;1;2;0;1509
1164894;1787865996575;6.8;64;81;RECOVERING_AFTER_LOAD;49.4;1.0;49.0;49.4;1509_direct_carried;;;4.1;736.0;68;49;1;2;0;150A
1165102;1787865996783;6.8;64;81;RECOVERING_AFTER_LOAD;49.4;1.0;49.0;49.4;1509_direct_carried;;;4.1;736.0;68;49;1;2;0;150B
1165316;1787865996997;6.8;64;81;RECOVERING_AFTER_LOAD;49.4;1.0;49.0;49.4;1509_direct_carried;;;4.1;736.0;68;49;1;2;0;150D
1166355;1787865998036;6.8;64;81;RECOVERING_AFTER_LOAD;49.4;1.0;49.0;49.4;1509_direct_carried;;;4.1;736.0;68;49;1;2;0;1502
1166775;1787865998456;5.9;64;81;RECOVERING_AFTER_LOAD;49.4;1.0;49.0;49.4;1509_direct_carried;;;4.1;736.0;59;49;1;2;0;1505
1166983;1787865998664;5.9;64;81;RECOVERING_AFTER_LOAD;49.4;1.0;49.0;49.4;1509_direct_carried;;;4.1;736.0;59;49;1;2;0;1506
1167392;1787865999073;5.9;64;81;RECOVERING_AFTER_LOAD;49.4;1.0;49.0;49.4;1509_direct_carried;;;4.1;736.0;59;49;1;2;0;1508
1167605;1787865999286;5.9;64;81;RECOVERING_AFTER_LOAD;49.4;0.0;0.0;0.0;1509_direct;;;4.1;736.0;59;0;1;2;0;1509
1167813;1787865999494;5.9;64;81;RECOVERING_AFTER_LOAD;49.4;0.0;0.0;0.0;1509_direct_carried;;;4.1;736.0;59;0;1;2;0;150A
1168025;1787865999706;5.9;64;81;RECOVERING_AFTER_LOAD;49.4;0.0;0.0;0.0;1509_direct_carried;;;4.1;736.0;59;0;1;2;0;150B
1168230;1787865999911;5.9;64;81;RECOVERING_AFTER_LOAD;49.4;0.0;0.0;0.0;1509_direct_carried;;;4.1;736.0;59;0;1;2;0;150D
1169273;1787866000954;5.9;64;81;RECOVERING_AFTER_LOAD;49.4;0.0;0.0;0.0;1509_direct_carried;;;4.1;736.0;59;0;1;2;0;1502
1169696;1787866001377;1.8;64;81;RECOVERING_AFTER_LOAD;49.4;0.0;0.0;0.0;1509_direct_carried;;;4.1;736.0;18;0;1;2;0;1505
1169906;1787866001587;1.8;64;81;RECOVERING_AFTER_LOAD;49.4;0.0;0.0;0.0;1509_direct_carried;;;4.2;736.1;18;0;1;2;0;1506
1170323;1787866002004;1.8;64;81;RECOVERING_AFTER_LOAD;49.4;0.0;0.0;0.0;1509_direct_carried;;;4.2;736.1;18;0;1;2;0;1508
1170527;1787866002208;1.8;64;81;RECOVERING_AFTER_LOAD;49.5;0.0;0.0;0.0;1509_direct;;;4.2;736.1;18;0;1;2;0;1509
1170734;1787866002415;1.8;64;81;RECOVERING_AFTER_LOAD;49.5;0.0;0.0;0.0;1509_direct_carried;;;4.2;736.1;18;0;1;2;0;150A
1170946;1787866002627;1.8;64;81;RECOVERING_AFTER_LOAD;49.5;0.0;0.0;0.0;1509_direct_carried;;;4.2;736.1;18;0;1;2;0;150B
1171156;1787866002837;1.8;64;81;RECOVERING_AFTER_LOAD;49.5;0.0;0.0;0.0;1509_direct_carried;;;4.2;736.1;18;0;1;2;0;150D
1172193;1787866003874;1.8;64;81;RECOVERING_AFTER_LOAD;49.5;0.0;0.0;0.0;1509_direct_carried;;;4.2;736.1;18;0;1;2;0;1502
1172613;1787866004294;1.1;64;81;RECOVERING_AFTER_LOAD;49.5;0.0;0.0;0.0;1509_direct_carried;;;4.2;736.1;11;0;1;2;0;1505
1172824;1787866004505;1.1;64;81;RECOVERING_AFTER_LOAD;49.5;0.0;0.0;0.0;1509_direct_carried;;;4.2;736.1;11;0;1;2;0;1506
1173246;1787866004927;1.1;64;81;RECOVERING_AFTER_LOAD;49.5;0.0;0.0;0.0;1509_direct_carried;;;4.2;736.1;11;0;1;2;0;1508
1173457;1787866005138;1.1;64;81;RECOVERING_AFTER_LOAD;49.5;0.0;0.0;0.0;1509_direct;;;4.2;736.1;11;0;1;2;0;1509
1173656;1787866005337;1.1;64;81;RECOVERING_AFTER_LOAD;49.5;0.0;0.0;0.0;1509_direct_carried;;;4.2;736.1;11;0;1;2;0;150A
1173862;1787866005543;1.1;64;81;RECOVERING_AFTER_LOAD;49.5;0.0;0.0;0.0;1509_direct_carried;;;4.2;736.1;11;0;1;2;0;150B
1174074;1787866005755;1.1;64;81;RECOVERING_AFTER_LOAD;49.5;0.0;0.0;0.0;1509_direct_carried;;;4.2;736.1;11;0;1;2;0;150D
1175123;1787866006804;1.1;64;81;RECOVERING_AFTER_LOAD;49.5;0.0;0.0;0.0;1509_direct_carried;;;4.2;736.1;11;0;1;2;0;1502
1175533;1787866007214;1.1;64;81;RECOVERING_AFTER_LOAD;49.5;0.0;0.0;0.0;1509_direct_carried;;;4.2;736.1;11;0;1;2;0;1505
1175745;1787866007426;1.1;64;81;RECOVERING_AFTER_LOAD;49.5;0.0;0.0;0.0;1509_direct_carried;;;4.2;736.1;11;0;1;2;0;1506
1176165;1787866007846;1.1;64;81;RECOVERING_AFTER_LOAD;49.5;0.0;0.0;0.0;1509_direct_carried;;;4.2;736.1;11;0;1;2;0;1508
1176375;1787866008056;1.1;64;81;RECOVERING_AFTER_LOAD;49.5;0.0;0.0;0.0;1509_direct;;;4.2;736.1;11;0;1;2;0;1509
1176583;1787866008264;1.1;64;81;RECOVERING_AFTER_LOAD;49.5;0.0;0.0;0.0;1509_direct_carried;;;4.2;736.1;11;0;1;2;0;150A
1176795;1787866008476;1.1;64;81;RECOVERING_AFTER_LOAD;49.5;0.0;0.0;0.0;1509_direct_carried;;;4.2;736.1;11;0;1;2;0;150B
1176993;1787866008674;1.1;64;81;RECOVERING_AFTER_LOAD;49.5;0.0;0.0;0.0;1509_direct_carried;;;4.2;736.1;11;0;1;2;0;150D
1178045;1787866009726;1.1;64;81;RECOVERING_AFTER_LOAD;49.5;0.0;0.0;0.0;1509_direct_carried;;;4.2;736.1;11;0;1;2;0;1502
1178466;1787866010147;1.5;64;81;RECOVERING_AFTER_LOAD;49.5;0.0;0.0;0.0;1509_direct_carried;;;4.2;736.1;15;0;1;2;0;1505
1178664;1787866010345;1.5;64;81;RECOVERING_AFTER_LOAD;49.5;0.0;0.0;0.0;1509_direct_carried;;;4.2;736.1;15;0;1;2;0;1506
1179083;1787866010764;1.5;64;81;RECOVERING_AFTER_LOAD;49.5;0.0;0.0;0.0;1509_direct_carried;;;4.2;736.1;15;0;1;2;0;1508
1179294;1787866010975;1.5;64;81;RECOVERING_AFTER_LOAD;49.5;0.0;0.0;0.0;1509_direct;;;4.2;736.1;15;0;1;2;0;1509
1179504;1787866011185;1.5;64;81;RECOVERING_AFTER_LOAD;49.5;0.0;0.0;0.0;1509_direct_carried;;;4.2;736.1;15;0;1;2;0;150A
1179714;1787866011395;1.5;64;81;RECOVERING_AFTER_LOAD;49.5;0.0;0.0;0.0;1509_direct_carried;;;4.2;736.1;15;0;1;2;0;150B
1179924;1787866011605;1.5;64;81;RECOVERING_AFTER_LOAD;49.5;0.0;0.0;0.0;1509_direct_carried;;;4.2;736.1;15;0;1;2;0;150D
1180964;1787866012645;1.5;64;81;RECOVERING_AFTER_LOAD;49.5;0.0;0.0;0.0;1509_direct_carried;;;4.2;736.1;15;0;1;2;0;1502
1181384;1787866013065;0.0;64;81;RECOVERING_AFTER_LOAD;49.5;0.0;0.0;0.0;1509_direct_carried;;;4.2;736.1;0;0;1;2;0;1505
1181597;1787866013278;0.0;64;81;RECOVERING_AFTER_LOAD;49.5;0.0;0.0;0.0;1509_direct_carried;;;4.2;736.1;0;0;1;2;0;1506
1182013;1787866013694;0.0;64;81;RECOVERING_AFTER_LOAD;49.5;0.0;0.0;0.0;1509_direct_carried;;;4.2;736.1;0;0;1;2;0;1508
1182216;1787866013897;0.0;64;81;RECOVERING_AFTER_LOAD;49.5;0.0;0.0;0.0;1509_direct;;;4.2;736.1;0;0;1;2;0;1509
1182422;1787866014103;0.0;64;81;RECOVERING_AFTER_LOAD;49.5;0.0;0.0;0.0;1509_direct_carried;;;4.2;736.1;0;0;1;2;0;150A
1182635;1787866014316;0.0;64;81;RECOVERING_AFTER_LOAD;49.5;0.0;0.0;0.0;1509_direct_carried;;;4.2;736.1;0;0;1;2;0;150B
1182844;1787866014525;0.0;64;81;RECOVERING_AFTER_LOAD;49.5;0.0;0.0;0.0;1509_direct_carried;;;4.2;736.1;0;0;1;2;0;150D
1183884;1787866015565;0.0;64;81;RECOVERING_AFTER_LOAD;49.5;0.0;0.0;0.0;1509_direct_carried;;;4.2;736.1;0;0;1;2;0;1502
1184309;1787866015990;0.0;64;81;RECOVERING_AFTER_LOAD;49.5;0.0;0.0;0.0;1509_direct_carried;;;4.2;736.1;0;0;1;2;0;1505
1184514;1787866016195;0.0;64;81;RECOVERING_AFTER_LOAD;49.5;0.0;0.0;0.0;1509_direct_carried;;;4.2;736.1;0;0;1;2;0;1506
1184936;1787866016617;0.0;64;81;RECOVERING_AFTER_LOAD;49.5;0.0;0.0;0.0;1509_direct_carried;;;4.2;736.1;0;0;1;2;0;1508
1185137;1787866016818;0.0;64;81;RECOVERING_AFTER_LOAD;49.5;0.0;0.0;0.0;1509_direct;;;4.2;736.1;0;0;1;2;0;1509
1185345;1787866017026;0.0;64;81;RECOVERING_AFTER_LOAD;49.5;0.0;0.0;0.0;1509_direct_carried;;;4.2;736.1;0;0;1;2;0;150A
1185553;1787866017234;0.0;64;81;RECOVERING_AFTER_LOAD;49.5;0.0;0.0;0.0;1509_direct_carried;;;4.2;736.1;0;0;1;2;0;150B
1185761;1787866017442;0.0;64;81;RECOVERING_AFTER_LOAD;49.5;0.0;0.0;0.0;1509_direct_carried;;;4.2;736.1;0;0;1;2;0;150D
1186802;1787866018483;0.0;64;81;RECOVERING_AFTER_LOAD;49.5;0.0;0.0;0.0;1509_direct_carried;;;4.2;736.1;0;0;1;2;0;1502
1187222;1787866018903;0.0;64;81;RECOVERING_AFTER_LOAD;49.5;0.0;0.0;0.0;1509_direct_carried;;;4.2;736.1;0;0;1;2;0;1505
1187432;1787866019113;0.0;64;81;RECOVERING_AFTER_LOAD;49.5;0.0;0.0;0.0;1509_direct_carried;;;4.2;736.1;0;0;1;2;0;1506
1187856;1787866019537;0.0;64;81;RECOVERING_AFTER_LOAD;49.5;0.0;0.0;0.0;1509_direct_carried;;;4.2;736.1;0;0;1;2;0;1508
1188063;1787866019744;0.0;64;81;RECOVERING_AFTER_LOAD;49.5;0.0;0.0;0.0;1509_direct;;;4.2;736.1;0;0;1;2;0;1509
1188270;1787866019951;0.0;64;81;RECOVERING_AFTER_LOAD;49.5;0.0;0.0;0.0;1509_direct_carried;;;4.2;736.1;0;0;1;2;0;150A
1188482;1787866020163;0.0;64;81;RECOVERING_AFTER_LOAD;49.5;0.0;0.0;0.0;1509_direct_carried;;;4.2;736.1;0;0;1;2;0;150B
1188684;1787866020365;0.0;64;81;RECOVERING_AFTER_LOAD;49.5;0.0;0.0;0.0;1509_direct_carried;;;4.2;736.1;0;0;1;2;0;150D
1189733;1787866021414;0.0;64;81;RECOVERING_AFTER_LOAD;49.5;0.0;0.0;0.0;1509_direct_carried;;;4.2;736.1;0;0;1;2;0;1502
1190141;1787866021822;0.0;64;81;RECOVERING_AFTER_LOAD;49.5;0.0;0.0;0.0;1509_direct_carried;;;4.2;736.1;0;0;1;2;0;1505
1190352;1787866022033;0.0;64;81;RECOVERING_AFTER_LOAD;49.5;0.0;0.0;0.0;1509_direct_carried;;;4.2;736.1;0;0;1;2;0;1506
1190771;1787866022452;0.0;64;81;RECOVERING_AFTER_LOAD;49.5;0.0;0.0;0.0;1509_direct_carried;;;4.2;736.1;0;0;1;2;0;1508
1190982;1787866022663;0.0;64;81;RECOVERING_AFTER_LOAD;49.5;0.0;0.0;0.0;1509_direct;;;4.2;736.1;0;0;1;2;0;1509
1191191;1787866022872;0.0;64;81;RECOVERING_AFTER_LOAD;49.5;0.0;0.0;0.0;1509_direct_carried;;;4.2;736.1;0;0;1;2;0;150A
1191405;1787866023086;0.0;64;81;RECOVERING_AFTER_LOAD;49.5;0.0;0.0;0.0;1509_direct_carried;;;4.2;736.1;0;0;1;2;0;150B
1191613;1787866023294;0.0;64;81;RECOVERING_AFTER_LOAD;49.5;0.0;0.0;0.0;1509_direct_carried;;;4.2;736.1;0;0;1;2;0;150D
1192653;1787866024334;0.0;64;81;RECOVERING_AFTER_LOAD;49.5;0.0;0.0;0.0;1509_direct_carried;;;4.2;736.1;0;0;1;2;0;1502
1193082;1787866024763;0.0;64;81;RECOVERING_AFTER_LOAD;49.5;0.0;0.0;0.0;1509_direct_carried;;;4.2;736.1;0;0;1;2;0;1505
1193286;1787866024967;0.0;64;81;RECOVERING_AFTER_LOAD;49.5;0.0;0.0;0.0;1509_direct_carried;;;4.2;736.1;0;0;1;2;0;1506
1193697;1787866025378;0.0;64;81;RECOVERING_AFTER_LOAD;49.5;0.0;0.0;0.0;1509_direct_carried;;;4.2;736.1;0;0;1;2;0;1508
1193906;1787866025587;0.0;64;81;RECOVERING_AFTER_LOAD;49.5;0.0;0.0;0.0;1509_direct;;;4.2;736.1;0;0;1;2;0;1509
1194115;1787866025796;0.0;64;81;RECOVERING_AFTER_LOAD;49.5;0.0;0.0;0.0;1509_direct_carried;;;4.2;736.1;0;0;1;2;0;150A
1194325;1787866026006;0.0;64;81;RECOVERING_AFTER_LOAD;49.5;0.0;0.0;0.0;1509_direct_carried;;;4.2;736.1;0;0;1;2;0;150B
1194534;1787866026215;0.0;64;81;RECOVERING_AFTER_LOAD;49.5;0.0;0.0;0.0;1509_direct_carried;;;4.2;736.1;0;0;1;2;0;150D
1195573;1787866027254;0.0;64;81;RECOVERING_AFTER_LOAD;49.5;0.0;0.0;0.0;1509_direct_carried;;;4.2;736.1;0;0;1;2;0;1502
1195994;1787866027675;0.0;64;81;RECOVERING_AFTER_LOAD;49.5;0.0;0.0;0.0;1509_direct_carried;;;4.2;736.1;0;0;1;2;0;1505
1196205;1787866027886;0.0;64;81;RECOVERING_AFTER_LOAD;49.5;0.0;0.0;0.0;1509_direct_carried;;;4.2;736.1;0;0;1;2;0;1506
1196614;1787866028295;0.0;64;81;RECOVERING_AFTER_LOAD;49.5;0.0;0.0;0.0;1509_direct_carried;;;4.2;736.1;0;0;1;2;0;1508
1196827;1787866028508;0.0;64;81;RECOVERING_AFTER_LOAD;49.6;0.0;0.0;0.0;1509_direct;;;4.2;736.1;0;0;1;2;0;1509
1197034;1787866028715;0.0;64;81;RECOVERING_AFTER_LOAD;49.6;0.0;0.0;0.0;1509_direct_carried;;;4.2;736.1;0;0;1;2;0;150A
1197243;1787866028924;0.0;64;81;RECOVERING_AFTER_LOAD;49.6;0.0;0.0;0.0;1509_direct_carried;;;4.2;736.1;0;0;1;2;0;150B
1197454;1787866029135;0.0;64;81;RECOVERING_AFTER_LOAD;49.6;0.0;0.0;0.0;1509_direct_carried;;;4.2;736.1;0;0;1;2;0;150D
1198494;1787866030175;0.0;64;81;RECOVERING_AFTER_LOAD;49.6;0.0;0.0;0.0;1509_direct_carried;;;4.2;736.1;0;0;1;2;0;1502
1198914;1787866030595;0.0;64;81;RECOVERING_AFTER_LOAD;49.6;0.0;0.0;0.0;1509_direct_carried;;;4.2;736.1;0;0;1;2;0;1505
1199123;1787866030804;0.0;64;81;RECOVERING_AFTER_LOAD;49.6;0.0;0.0;0.0;1509_direct_carried;;;4.2;736.1;0;0;1;2;0;1506
1199544;1787866031225;0.0;64;81;RECOVERING_AFTER_LOAD;49.6;0.0;0.0;0.0;1509_direct_carried;;;4.2;736.1;0;0;1;2;0;1508
1199753;1787866031434;0.0;64;81;RECOVERING_AFTER_LOAD;49.6;0.0;0.0;0.0;1509_direct;;;4.2;736.1;0;0;1;2;0;1509
1199954;1787866031635;0.0;64;81;RECOVERING_AFTER_LOAD;49.6;0.0;0.0;0.0;1509_direct_carried;;;4.2;736.1;0;0;1;2;0;150A
1200163;1787866031844;0.0;64;81;RECOVERING_AFTER_LOAD;49.6;0.0;0.0;0.0;1509_direct_carried;;;4.2;736.1;0;0;1;2;0;150B
1200375;1787866032056;0.0;64;81;RECOVERING_AFTER_LOAD;49.6;0.0;0.0;0.0;1509_direct_carried;;;4.2;736.1;0;0;1;2;0;150D
1201423;1787866033104;0.0;64;81;RECOVERING_AFTER_LOAD;49.6;0.0;0.0;0.0;1509_direct_carried;;;4.2;736.1;0;0;1;2;0;1502
1201834;1787866033515;0.0;64;81;RECOVERING_AFTER_LOAD;49.6;0.0;0.0;0.0;1509_direct_carried;;;4.2;736.1;0;0;1;2;0;1505
1202043;1787866033724;0.0;64;81;RECOVERING_AFTER_LOAD;49.6;0.0;0.0;0.0;1509_direct_carried;;;4.2;736.1;0;0;1;2;0;1506
1202463;1787866034144;0.0;64;81;RECOVERING_AFTER_LOAD;49.6;0.0;0.0;0.0;1509_direct_carried;;;4.2;736.1;0;0;1;2;0;1508
1202675;1787866034356;0.0;64;81;RECOVERING_AFTER_LOAD;49.6;0.0;0.0;0.0;1509_direct;;;4.2;736.1;0;0;1;2;0;1509
1202884;1787866034565;0.0;64;81;RECOVERING_AFTER_LOAD;49.6;0.0;0.0;0.0;1509_direct_carried;;;4.2;736.1;0;0;1;2;0;150A
1203094;1787866034775;0.0;64;81;RECOVERING_AFTER_LOAD;49.6;0.0;0.0;0.0;1509_direct_carried;;;4.2;736.1;0;0;1;2;0;150B
1203293;1787866034974;0.0;64;81;RECOVERING_AFTER_LOAD;49.6;0.0;0.0;0.0;1509_direct_carried;;;4.2;736.1;0;0;1;2;0;150D
1204345;1787866036026;0.0;64;81;RECOVERING_AFTER_LOAD;49.6;0.0;0.0;0.0;1509_direct_carried;;;4.2;736.1;0;0;1;2;0;1502
1204765;1787866036446;0.0;64;81;RECOVERING_AFTER_LOAD;49.6;0.0;0.0;0.0;1509_direct_carried;;;4.2;736.1;0;0;1;2;0;1505
1204967;1787866036648;0.0;64;81;RECOVERING_AFTER_LOAD;49.6;0.0;0.0;0.0;1509_direct_carried;;;4.2;736.1;0;0;1;2;0;1506
1205384;1787866037065;0.0;64;81;RECOVERING_AFTER_LOAD;49.6;0.0;0.0;0.0;1509_direct_carried;;;4.2;736.1;0;0;1;2;0;1508
1205593;1787866037274;0.0;64;81;RECOVERING_AFTER_LOAD;49.6;0.0;0.0;0.0;1509_direct;;;4.2;736.1;0;0;1;2;0;1509
1205803;1787866037484;0.0;64;81;RECOVERING_AFTER_LOAD;49.6;0.0;0.0;0.0;1509_direct_carried;;;4.2;736.1;0;0;1;2;0;150A
1206013;1787866037694;0.0;64;81;RECOVERING_AFTER_LOAD;49.6;0.0;0.0;0.0;1509_direct_carried;;;4.2;736.1;0;0;1;2;0;150B
1206224;1787866037905;0.0;64;81;RECOVERING_AFTER_LOAD;49.6;0.0;0.0;0.0;1509_direct_carried;;;4.2;736.1;0;0;1;2;0;150D
1207266;1787866038947;0.0;64;81;RECOVERING_AFTER_LOAD;49.6;0.0;0.0;0.0;1509_direct_carried;;;4.2;736.1;0;0;1;2;0;1502
1207686;1787866039367;0.0;64;81;RECOVERING_AFTER_LOAD;49.6;0.0;0.0;0.0;1509_direct_carried;;;4.2;736.1;0;0;1;2;0;1505
1207895;1787866039576;0.0;64;81;RECOVERING_AFTER_LOAD;49.6;0.0;0.0;0.0;1509_direct_carried;;;4.2;736.1;0;0;1;2;0;1506
1208305;1787866039986;0.0;64;81;RECOVERING_AFTER_LOAD;49.6;0.0;0.0;0.0;1509_direct_carried;;;4.2;736.1;0;0;1;2;0;1508
1208515;1787866040196;0.0;64;81;RECOVERING_AFTER_LOAD;49.6;0.0;0.0;0.0;1509_direct;;;4.2;736.1;0;0;1;2;0;1509
1208725;1787866040406;0.0;64;81;RECOVERING_AFTER_LOAD;49.6;0.0;0.0;0.0;1509_direct_carried;;;4.2;736.1;0;0;1;2;0;150A
1208934;1787866040615;0.0;64;81;RECOVERING_AFTER_LOAD;49.6;0.0;0.0;0.0;1509_direct_carried;;;4.2;736.1;0;0;1;2;0;150B
1209144;1787866040825;0.0;64;81;RECOVERING_AFTER_LOAD;49.6;0.0;0.0;0.0;1509_direct_carried;;;4.2;736.1;0;0;1;2;0;150D
1210185;1787866041866;0.0;64;81;RECOVERING_AFTER_LOAD;49.6;0.0;0.0;0.0;1509_direct_carried;;;4.2;736.1;0;0;1;2;0;1502
1210606;1787866042287;0.0;64;81;RECOVERING_AFTER_LOAD;49.6;0.0;0.0;0.0;1509_direct_carried;;;4.2;736.1;0;0;1;2;0;1505
1210814;1787866042495;0.0;64;81;RECOVERING_AFTER_LOAD;49.6;0.0;0.0;0.0;1509_direct_carried;;;4.2;736.1;0;0;1;2;0;1506
1211237;1787866042918;0.0;64;81;RECOVERING_AFTER_LOAD;49.6;0.0;0.0;0.0;1509_direct_carried;;;4.2;736.1;0;0;1;2;0;1508
1211435;1787866043116;0.0;64;81;RECOVERING_AFTER_LOAD;49.6;0.0;0.0;0.0;1509_direct;;;4.2;736.1;0;0;1;2;0;1509
1211646;1787866043327;0.0;64;81;RECOVERING_AFTER_LOAD;49.6;0.0;0.0;0.0;1509_direct_carried;;;4.2;736.1;0;0;1;2;0;150A
1211855;1787866043536;0.0;64;81;RECOVERING_AFTER_LOAD;49.6;0.0;0.0;0.0;1509_direct_carried;;;4.2;736.1;0;0;1;2;0;150B
1212065;1787866043746;0.0;64;81;RECOVERING_AFTER_LOAD;49.6;0.0;0.0;0.0;1509_direct_carried;;;4.2;736.1;0;0;1;2;0;150D
1213106;1787866044787;0.0;64;81;RECOVERING_AFTER_LOAD;49.6;0.0;0.0;0.0;1509_direct_carried;;;4.2;736.1;0;0;1;2;0;1502
1213525;1787866045206;0.0;64;81;RECOVERING_AFTER_LOAD;49.6;0.0;0.0;0.0;1509_direct_carried;;;4.2;736.1;0;0;1;2;0;1505
1213745;1787866045426;0.0;64;81;RECOVERING_AFTER_LOAD;49.6;0.0;0.0;0.0;1509_direct_carried;;;4.2;736.1;0;0;1;2;0;1506
1214156;1787866045837;0.0;64;81;RECOVERING_AFTER_LOAD;49.6;0.0;0.0;0.0;1509_direct_carried;;;4.2;736.1;0;0;1;2;0;1508
1214364;1787866046045;0.0;64;81;RECOVERING_AFTER_LOAD;49.6;0.0;0.0;0.0;1509_direct;;;4.2;736.1;0;0;1;2;0;1509
1214565;1787866046246;0.0;64;81;RECOVERING_AFTER_LOAD;49.6;0.0;0.0;0.0;1509_direct_carried;;;4.2;736.1;0;0;1;2;0;150A
1214776;1787866046457;0.0;64;81;RECOVERING_AFTER_LOAD;49.6;0.0;0.0;0.0;1509_direct_carried;;;4.2;736.1;0;0;1;2;0;150B
1214985;1787866046666;0.0;64;81;RECOVERING_AFTER_LOAD;49.6;0.0;0.0;0.0;1509_direct_carried;;;4.2;736.1;0;0;1;2;0;150D
1216036;1787866047717;0.0;64;81;RECOVERING_AFTER_LOAD;49.6;0.0;0.0;0.0;1509_direct_carried;;;4.2;736.1;0;0;1;2;0;1502
1216444;1787866048125;0.0;64;81;RECOVERING_AFTER_LOAD;49.6;0.0;0.0;0.0;1509_direct_carried;;;4.2;736.1;0;0;1;2;0;1505
1216654;1787866048335;0.0;64;81;RECOVERING_AFTER_LOAD;49.6;0.0;0.0;0.0;1509_direct_carried;;;4.2;736.1;0;0;1;2;0;1506
1217073;1787866048754;0.0;64;81;RECOVERING_AFTER_LOAD;49.6;0.0;0.0;0.0;1509_direct_carried;;;4.2;736.1;0;0;1;2;0;1508
1217283;1787866048964;0.0;64;81;RECOVERING_AFTER_LOAD;49.6;0.0;0.0;0.0;1509_direct;;;4.2;736.1;0;0;1;2;0;1509
1217495;1787866049176;0.0;64;81;RECOVERING_AFTER_LOAD;49.6;0.0;0.0;0.0;1509_direct_carried;;;4.2;736.1;0;0;1;2;0;150A
1217705;1787866049386;0.0;64;81;RECOVERING_AFTER_LOAD;49.6;0.0;0.0;0.0;1509_direct_carried;;;4.2;736.1;0;0;1;2;0;150B
1217917;1787866049598;0.0;64;81;RECOVERING_AFTER_LOAD;49.6;0.0;0.0;0.0;1509_direct_carried;;;4.2;736.1;0;0;1;2;0;150D
1218955;1787866050636;0.0;64;81;RECOVERING_AFTER_LOAD;49.6;0.0;0.0;0.0;1509_direct_carried;;;4.2;736.1;0;0;1;2;0;1502
1219375;1787866051056;0.0;64;81;RECOVERING_AFTER_LOAD;49.6;0.0;0.0;0.0;1509_direct_carried;;;4.2;736.1;0;0;1;2;0;1505
1219578;1787866051259;0.0;64;81;RECOVERING_AFTER_LOAD;49.6;0.0;0.0;0.0;1509_direct_carried;;;4.2;736.1;0;0;1;2;0;1506
1219997;1787866051678;0.0;64;81;RECOVERING_AFTER_LOAD;49.6;0.0;0.0;0.0;1509_direct_carried;;;4.2;736.1;0;0;1;2;0;1508
1220207;1787866051888;0.0;64;81;RECOVERING_AFTER_LOAD;49.6;0.0;0.0;0.0;1509_direct;;;4.2;736.1;0;0;1;2;0;1509
1220420;1787866052101;0.0;64;81;RECOVERING_AFTER_LOAD;49.6;0.0;0.0;0.0;1509_direct_carried;;;4.2;736.1;0;0;1;2;0;150A
1220626;1787866052307;0.0;64;81;RECOVERING_AFTER_LOAD;49.6;0.0;0.0;0.0;1509_direct_carried;;;4.2;736.1;0;0;1;2;0;150B
1220837;1787866052518;0.0;64;81;RECOVERING_AFTER_LOAD;49.6;0.0;0.0;0.0;1509_direct_carried;;;4.2;736.1;0;0;1;2;0;150D
1221875;1787866053556;0.0;64;81;RECOVERING_AFTER_LOAD;49.6;0.0;0.0;0.0;1509_direct_carried;;;4.2;736.1;0;0;1;2;0;1502
1222296;1787866053977;0.0;64;81;RECOVERING_AFTER_LOAD;49.6;0.0;0.0;0.0;1509_direct_carried;;;4.2;736.1;0;0;1;2;0;1505
1222506;1787866054187;0.0;64;81;RECOVERING_AFTER_LOAD;49.6;0.0;0.0;0.0;1509_direct_carried;;;4.2;736.1;0;0;1;2;0;1506
1222914;1787866054595;0.0;64;81;RECOVERING_AFTER_LOAD;49.6;0.0;0.0;0.0;1509_direct_carried;;;4.2;736.1;0;0;1;2;0;1508
1223127;1787866054808;0.0;64;81;RECOVERING_AFTER_LOAD;49.6;0.0;0.0;0.0;1509_direct;;;4.2;736.1;0;0;1;2;0;1509
1223337;1787866055018;0.0;64;81;RECOVERING_AFTER_LOAD;49.6;0.0;0.0;0.0;1509_direct_carried;;;4.2;736.1;0;0;1;2;0;150A
1223546;1787866055227;0.0;64;81;RECOVERING_AFTER_LOAD;49.6;0.0;0.0;0.0;1509_direct_carried;;;4.2;736.1;0;0;1;2;0;150B
1223754;1787866055435;0.0;64;81;RECOVERING_AFTER_LOAD;49.6;0.0;0.0;0.0;1509_direct_carried;;;4.2;736.1;0;0;1;2;0;150D
1224794;1787866056475;0.0;64;81;RECOVERING_AFTER_LOAD;49.6;0.0;0.0;0.0;1509_direct_carried;;;4.2;736.1;0;0;1;2;0;1502
1225214;1787866056895;0.0;64;81;WAITING_FOR_REST;49.6;0.0;0.0;0.0;1509_direct_carried;;;4.2;736.1;0;0;1;2;0;1505
1225424;1787866057105;0.0;64;81;WAITING_FOR_REST;49.6;0.0;0.0;0.0;1509_direct_carried;;;4.2;736.1;0;0;1;2;0;1506
1225845;1787866057526;0.0;64;81;WAITING_FOR_REST;49.6;0.0;0.0;0.0;1509_direct_carried;;;4.2;736.1;0;0;1;2;0;1508
1226045;1787866057726;0.0;64;81;WAITING_FOR_REST;49.6;0.0;0.0;0.0;1509_direct;;;4.2;736.1;0;0;1;2;0;1509
1226254;1787866057935;0.0;64;81;WAITING_FOR_REST;49.6;0.0;0.0;0.0;1509_direct_carried;;;4.2;736.1;0;0;1;2;0;150A
1226467;1787866058148;0.0;64;81;WAITING_FOR_REST;49.6;0.0;0.0;0.0;1509_direct_carried;;;4.2;736.1;0;0;1;2;0;150B
1226675;1787866058356;0.0;64;81;WAITING_FOR_REST;49.6;0.0;0.0;0.0;1509_direct_carried;;;4.2;736.1;0;0;1;2;0;150D
1227716;1787866059397;0.0;64;81;WAITING_FOR_REST;49.6;0.0;0.0;0.0;1509_direct_carried;;;4.2;736.1;0;0;1;2;0;1502
1228137;1787866059818;0.0;64;81;WAITING_FOR_REST;49.6;0.0;0.0;0.0;1509_direct_carried;;;4.2;736.1;0;0;1;2;0;1505
1228345;1787866060026;0.0;64;81;WAITING_FOR_REST;49.6;0.0;0.0;0.0;1509_direct_carried;;;4.2;736.1;0;0;1;2;0;1506
1228766;1787866060447;0.0;64;81;WAITING_FOR_REST;49.6;0.0;0.0;0.0;1509_direct_carried;;;4.2;736.1;0;0;1;2;0;1508
1228975;1787866060656;0.0;64;81;WAITING_FOR_REST;49.6;0.0;0.0;0.0;1509_direct;;;4.2;736.1;0;0;1;2;0;1509
1229187;1787866060868;0.0;64;81;WAITING_FOR_REST;49.6;0.0;0.0;0.0;1509_direct_carried;;;4.2;736.1;0;0;1;2;0;150A
1229385;1787866061066;0.0;64;81;WAITING_FOR_REST;49.6;0.0;0.0;0.0;1509_direct_carried;;;4.2;736.1;0;0;1;2;0;150B
1229596;1787866061277;0.0;64;81;WAITING_FOR_REST;49.6;0.0;0.0;0.0;1509_direct_carried;;;4.2;736.1;0;0;1;2;0;150D
1230646;1787866062327;0.0;64;81;WAITING_FOR_REST;49.6;0.0;0.0;0.0;1509_direct_carried;;;4.2;736.1;0;0;1;2;0;1502
1231055;1787866062736;0.0;64;81;WAITING_FOR_REST;49.6;0.0;0.0;0.0;1509_direct_carried;;;4.2;736.1;0;0;1;2;0;1505
1231266;1787866062947;0.0;64;81;WAITING_FOR_REST;49.6;0.0;0.0;0.0;1509_direct_carried;;;4.2;736.1;0;0;1;2;0;1506
1231686;1787866063367;0.0;64;81;WAITING_FOR_REST;49.6;0.0;0.0;0.0;1509_direct_carried;;;4.2;736.1;0;0;1;2;0;1508
1231899;1787866063580;0.0;64;64;STABLE;49.6;0.0;0.0;0.0;1509_direct;;;4.2;736.1;0;0;1;2;0;1509
1232106;1787866063787;0.0;64;64;STABLE;49.6;0.0;0.0;0.0;1509_direct_carried;;;4.2;736.1;0;0;1;2;0;150A
1232315;1787866063996;0.0;64;64;STABLE;49.6;0.0;0.0;0.0;1509_direct_carried;;;4.2;736.1;0;0;1;2;0;150B
1232526;1787866064207;0.0;64;64;STABLE;49.6;0.0;0.0;0.0;1509_direct_carried;;;4.2;736.1;0;0;1;2;0;150D
1233568;1787866065249;0.0;64;64;STABLE;49.6;0.0;0.0;0.0;1509_direct_carried;;;4.2;736.1;0;0;1;2;0;1502
1233986;1787866065667;0.0;64;64;STABLE;49.6;0.0;0.0;0.0;1509_direct_carried;;;4.2;736.1;0;0;1;2;0;1505
1234186;1787866065867;0.0;64;64;STABLE;49.6;0.0;0.0;0.0;1509_direct_carried;;;4.2;736.1;0;0;1;2;0;1506
1234608;1787866066289;0.0;64;64;STABLE;49.6;0.0;0.0;0.0;1509_direct_carried;;;4.2;736.1;0;0;1;2;0;1508
1234815;1787866066496;0.0;64;64;WAITING_FOR_REST;49.6;0.0;0.0;0.0;1509_direct;;;4.2;736.1;0;0;1;2;0;1509
1235027;1787866066708;0.0;64;64;WAITING_FOR_REST;49.6;0.0;0.0;0.0;1509_direct_carried;;;4.2;736.1;0;0;1;2;0;150A
1235237;1787866066918;0.0;64;64;WAITING_FOR_REST;49.6;0.0;0.0;0.0;1509_direct_carried;;;4.2;736.1;0;0;1;2;0;150B
1235445;1787866067126;0.0;64;64;WAITING_FOR_REST;49.6;0.0;0.0;0.0;1509_direct_carried;;;4.2;736.1;0;0;1;2;0;150D
1236488;1787866068169;0.0;64;64;WAITING_FOR_REST;49.6;0.0;0.0;0.0;1509_direct_carried;;;4.2;736.1;0;0;1;2;0;1502
1236908;1787866068589;0.0;64;64;WAITING_FOR_REST;49.6;0.0;0.0;0.0;1509_direct_carried;;;4.2;736.1;0;0;1;2;0;1505
1237116;1787866068797;0.0;64;64;WAITING_FOR_REST;49.6;0.0;0.0;0.0;1509_direct_carried;;;4.2;736.1;0;0;1;2;0;1506
1237528;1787866069209;0.0;64;64;WAITING_FOR_REST;49.6;0.0;0.0;0.0;1509_direct_carried;;;4.2;736.1;0;0;1;2;0;1508
1237740;1787866069421;0.0;64;64;WAITING_FOR_REST;49.6;0.0;0.0;0.0;1509_direct;;;4.2;736.1;0;0;1;2;0;1509
1237946;1787866069627;0.0;64;64;WAITING_FOR_REST;49.6;0.0;0.0;0.0;1509_direct_carried;;;4.2;736.1;0;0;1;2;0;150A
1238157;1787866069838;0.0;64;64;WAITING_FOR_REST;49.6;0.0;0.0;0.0;1509_direct_carried;;;4.2;736.1;0;0;1;2;0;150B
1238368;1787866070049;0.0;64;64;WAITING_FOR_REST;49.6;0.0;0.0;0.0;1509_direct_carried;;;4.2;736.1;0;0;1;2;0;150D
1239410;1787866071091;0.0;64;64;WAITING_FOR_REST;49.6;0.0;0.0;0.0;1509_direct_carried;;;4.2;736.1;0;0;1;2;0;1502
1239828;1787866071509;0.0;64;64;WAITING_FOR_REST;49.6;0.0;0.0;0.0;1509_direct_carried;;;4.2;736.1;0;0;1;2;0;1505
1240039;1787866071720;0.0;64;64;WAITING_FOR_REST;49.6;0.0;0.0;0.0;1509_direct_carried;;;4.2;736.1;0;0;1;2;0;1506
1240456;1787866072137;0.0;64;64;WAITING_FOR_REST;49.6;0.0;0.0;0.0;1509_direct_carried;;;4.2;736.1;0;0;1;2;0;1508
1240658;1787866072339;0.0;64;64;STABLE;49.6;0.0;0.0;0.0;1509_direct;;;4.2;736.1;0;0;1;2;0;1509
1240868;1787866072549;0.0;64;64;STABLE;49.6;0.0;0.0;0.0;1509_direct_carried;;;4.2;736.1;0;0;1;2;0;150A
1241078;1787866072759;0.0;64;64;STABLE;49.6;0.0;0.0;0.0;1509_direct_carried;;;4.2;736.1;0;0;1;2;0;150B
1241287;1787866072968;0.0;64;64;STABLE;49.6;0.0;0.0;0.0;1509_direct_carried;;;4.2;736.1;0;0;1;2;0;150D
1242327;1787866074008;0.0;64;64;STABLE;49.6;0.0;0.0;0.0;1509_direct_carried;;;4.2;736.1;0;0;1;2;0;1502
1242747;1787866074428;0.0;64;64;STABLE;49.6;0.0;0.0;0.0;1509_direct_carried;;;4.2;736.1;0;0;1;2;0;1505
1242957;1787866074638;0.0;64;64;STABLE;49.6;0.0;0.0;0.0;1509_direct_carried;;;4.2;736.1;0;0;1;2;0;1506
1243379;1787866075060;0.0;64;64;STABLE;49.6;0.0;0.0;0.0;1509_direct_carried;;;4.2;736.1;0;0;1;2;0;1508
1243589;1787866075270;0.0;64;64;WAITING_FOR_REST;49.7;0.0;0.0;0.0;1509_direct;;;4.2;736.1;0;0;1;2;0;1509
1243798;1787866075479;0.0;64;64;WAITING_FOR_REST;49.7;0.0;0.0;0.0;1509_direct_carried;;;4.2;736.1;0;0;1;2;0;150A
1244009;1787866075690;0.0;64;64;WAITING_FOR_REST;49.7;0.0;0.0;0.0;1509_direct_carried;;;4.2;736.1;0;0;1;2;0;150B
1244208;1787866075889;0.0;64;64;WAITING_FOR_REST;49.7;0.0;0.0;0.0;1509_direct_carried;;;4.2;736.1;0;0;1;2;0;150D
1245257;1787866076938;0.0;64;64;WAITING_FOR_REST;49.7;0.0;0.0;0.0;1509_direct_carried;;;4.2;736.1;0;0;1;2;0;1502
1245669;1787866077350;0.0;64;64;WAITING_FOR_REST;49.7;0.0;0.0;0.0;1509_direct_carried;;;4.2;736.1;0;0;1;2;0;1505
1245877;1787866077558;0.0;64;64;WAITING_FOR_REST;49.7;0.0;0.0;0.0;1509_direct_carried;;;4.2;736.1;0;0;1;2;0;1506
1246297;1787866077978;0.0;64;64;WAITING_FOR_REST;49.7;0.0;0.0;0.0;1509_direct_carried;;;4.2;736.1;0;0;1;2;0;1508
1246507;1787866078188;0.0;64;64;WAITING_FOR_REST;49.7;0.0;0.0;0.0;1509_direct;;;4.2;736.1;0;0;1;2;0;1509
1246718;1787866078399;0.0;64;64;WAITING_FOR_REST;49.7;0.0;0.0;0.0;1509_direct_carried;;;4.2;736.1;0;0;1;2;0;150A
1246928;1787866078609;0.0;64;64;WAITING_FOR_REST;49.7;0.0;0.0;0.0;1509_direct_carried;;;4.2;736.1;0;0;1;2;0;150B
1247137;1787866078818;0.0;64;64;WAITING_FOR_REST;49.7;0.0;0.0;0.0;1509_direct_carried;;;4.2;736.1;0;0;1;2;0;150D
1248177;1787866079858;0.0;64;64;WAITING_FOR_REST;49.7;0.0;0.0;0.0;1509_direct_carried;;;4.2;736.1;0;0;1;2;0;1502
1248600;1787866080281;0.0;64;64;WAITING_FOR_REST;49.7;0.0;0.0;0.0;1509_direct_carried;;;4.2;736.1;0;0;1;2;0;1505
1248809;1787866080490;0.0;64;64;WAITING_FOR_REST;49.7;0.0;0.0;0.0;1509_direct_carried;;;4.2;736.1;0;0;1;2;0;1506
1249218;1787866080899;0.0;64;64;WAITING_FOR_REST;49.7;0.0;0.0;0.0;1509_direct_carried;;;4.2;736.1;0;0;1;2;0;1508
1249433;1787866081114;0.0;64;64;STABLE;49.6;0.0;0.0;0.0;1509_direct;;;4.2;736.1;0;0;1;2;0;1509
1249640;1787866081321;0.0;64;64;STABLE;49.6;0.0;0.0;0.0;1509_direct_carried;;;4.2;736.1;0;0;1;2;0;150A
1249847;1787866081528;0.0;64;64;STABLE;49.6;0.0;0.0;0.0;1509_direct_carried;;;4.2;736.1;0;0;1;2;0;150B
1250059;1787866081740;0.0;64;64;STABLE;49.6;0.0;0.0;0.0;1509_direct_carried;;;4.2;736.1;0;0;1;2;0;150D
1251100;1787866082781;0.0;64;64;STABLE;49.6;0.0;0.0;0.0;1509_direct_carried;;;4.2;736.1;0;0;1;2;0;1502
1251518;1787866083199;0.0;64;64;STABLE;49.6;0.0;0.0;0.0;1509_direct_carried;;;4.2;736.1;0;0;1;2;0;1505
1251729;1787866083410;0.0;64;64;STABLE;49.6;0.0;0.0;0.0;1509_direct_carried;;;4.2;736.1;0;0;1;2;0;1506
1252146;1787866083827;0.0;64;64;STABLE;49.6;0.0;0.0;0.0;1509_direct_carried;;;4.2;736.1;0;0;1;2;0;1508
1252347;1787866084028;0.0;64;64;WAITING_FOR_REST;49.7;0.0;0.0;0.0;1509_direct;;;4.2;736.1;0;0;1;2;0;1509
1252557;1787866084238;0.0;64;64;WAITING_FOR_REST;49.7;0.0;0.0;0.0;1509_direct_carried;;;4.2;736.1;0;0;1;2;0;150A
1252768;1787866084449;0.0;64;64;WAITING_FOR_REST;49.7;0.0;0.0;0.0;1509_direct_carried;;;4.2;736.1;0;0;1;2;0;150B
1252978;1787866084659;0.0;64;64;WAITING_FOR_REST;49.7;0.0;0.0;0.0;1509_direct_carried;;;4.2;736.1;0;0;1;2;0;150D
1254017;1787866085698;0.0;64;64;WAITING_FOR_REST;49.7;0.0;0.0;0.0;1509_direct_carried;;;4.2;736.1;0;0;1;2;0;1502
1254437;1787866086118;0.0;64;64;WAITING_FOR_REST;49.7;0.0;0.0;0.0;1509_direct_carried;;;4.2;736.1;0;0;1;2;0;1505
1254656;1787866086337;0.0;64;64;WAITING_FOR_REST;49.7;0.0;0.0;0.0;1509_direct_carried;;;4.2;736.1;0;0;1;2;0;1506
1255077;1787866086758;0.0;64;64;WAITING_FOR_REST;49.7;0.0;0.0;0.0;1509_direct_carried;;;4.2;736.1;0;0;1;2;0;1508
1255279;1787866086960;0.0;64;64;WAITING_FOR_REST;49.7;0.0;0.0;0.0;1509_direct;;;4.2;736.1;0;0;1;2;0;1509
1255476;1787866087157;0.0;64;64;WAITING_FOR_REST;49.7;0.0;0.0;0.0;1509_direct_carried;;;4.2;736.1;0;0;1;2;0;150A
1255686;1787866087367;0.0;64;64;WAITING_FOR_REST;49.7;0.0;0.0;0.0;1509_direct_carried;;;4.2;736.1;0;0;1;2;0;150B
1255896;1787866087577;0.0;64;64;WAITING_FOR_REST;49.7;0.0;0.0;0.0;1509_direct_carried;;;4.2;736.1;0;0;1;2;0;150D
1256949;1787866088630;0.0;64;64;WAITING_FOR_REST;49.7;0.0;0.0;0.0;1509_direct_carried;;;4.2;736.1;0;0;1;2;0;1502
1257361;1787866089042;0.0;64;64;WAITING_FOR_REST;49.7;0.0;0.0;0.0;1509_direct_carried;;;4.2;736.1;0;0;1;2;0;1505
1257572;1787866089253;0.0;64;64;WAITING_FOR_REST;49.7;0.0;0.0;0.0;1509_direct_carried;;;4.2;736.1;0;0;1;2;0;1506
1257991;1787866089672;0.0;64;64;WAITING_FOR_REST;49.7;0.0;0.0;0.0;1509_direct_carried;;;4.2;736.1;0;0;1;2;0;1508
1258199;1787866089880;0.0;64;64;STABLE;49.7;0.0;0.0;0.0;1509_direct;;;4.2;736.1;0;0;1;2;0;1509
1258410;1787866090091;0.0;64;64;STABLE;49.7;0.0;0.0;0.0;1509_direct_carried;;;4.2;736.1;0;0;1;2;0;150A
1258618;1787866090299;0.0;64;64;STABLE;49.7;0.0;0.0;0.0;1509_direct_carried;;;4.2;736.1;0;0;1;2;0;150B
1258827;1787866090508;0.0;64;64;STABLE;49.7;0.0;0.0;0.0;1509_direct_carried;;;4.2;736.1;0;0;1;2;0;150D
1259871;1787866091552;0.0;64;64;STABLE;49.7;0.0;0.0;0.0;1509_direct_carried;;;4.2;736.1;0;0;1;2;0;1502
1260287;1787866091968;0.0;64;64;STABLE;49.7;0.0;0.0;0.0;1509_direct_carried;;;4.2;736.1;0;0;1;2;0;1505
1260497;1787866092178;0.0;64;64;STABLE;49.7;0.0;0.0;0.0;1509_direct_carried;;;4.2;736.1;0;0;1;2;0;1506
1260907;1787866092588;0.0;64;64;STABLE;49.7;0.0;0.0;0.0;1509_direct_carried;;;4.2;736.1;0;0;1;2;0;1508
1261118;1787866092799;0.0;64;64;WAITING_FOR_REST;49.6;0.0;0.0;0.0;1509_direct;;;4.2;736.1;0;0;1;2;0;1509
1261327;1787866093008;0.0;64;64;WAITING_FOR_REST;49.6;0.0;0.0;0.0;1509_direct_carried;;;4.2;736.1;0;0;1;2;0;150A
1261538;1787866093219;0.0;64;64;WAITING_FOR_REST;49.6;0.0;0.0;0.0;1509_direct_carried;;;4.2;736.1;0;0;1;2;0;150B
1261748;1787866093429;0.0;64;64;WAITING_FOR_REST;49.6;0.0;0.0;0.0;1509_direct_carried;;;4.2;736.1;0;0;1;2;0;150D
1262788;1787866094469;0.0;64;64;WAITING_FOR_REST;49.6;0.0;0.0;0.0;1509_direct_carried;;;4.2;736.1;0;0;1;2;0;1502
1263208;1787866094889;0.0;64;64;WAITING_FOR_REST;49.6;0.0;0.0;0.0;1509_direct_carried;;;4.2;736.1;0;0;1;2;0;1505
1263419;1787866095100;0.0;64;64;WAITING_FOR_REST;49.6;0.0;0.0;0.0;1509_direct_carried;;;4.2;736.1;0;0;1;2;0;1506
1263840;1787866095521;0.0;64;64;WAITING_FOR_REST;49.6;0.0;0.0;0.0;1509_direct_carried;;;4.2;736.1;0;0;1;2;0;1508
1264037;1787866095718;0.0;64;64;WAITING_FOR_REST;49.7;0.0;0.0;0.0;1509_direct;;;4.2;736.1;0;0;1;2;0;1509
1264247;1787866095928;0.0;64;64;WAITING_FOR_REST;49.7;0.0;0.0;0.0;1509_direct_carried;;;4.2;736.1;0;0;1;2;0;150A
1264458;1787866096139;0.0;64;64;WAITING_FOR_REST;49.7;0.0;0.0;0.0;1509_direct_carried;;;4.2;736.1;0;0;1;2;0;150B
1264668;1787866096349;0.0;64;64;WAITING_FOR_REST;49.7;0.0;0.0;0.0;1509_direct_carried;;;4.2;736.1;0;0;1;2;0;150D
1265709;1787866097390;0.0;64;64;WAITING_FOR_REST;49.7;0.0;0.0;0.0;1509_direct_carried;;;4.2;736.1;0;0;1;2;0;1502
1266128;1787866097809;0.0;64;64;WAITING_FOR_REST;49.7;0.0;0.0;0.0;1509_direct_carried;;;4.2;736.1;0;0;1;2;0;1505
1266339;1787866098020;0.0;64;64;WAITING_FOR_REST;49.7;0.0;0.0;0.0;1509_direct_carried;;;4.2;736.1;0;0;1;2;0;1506
1266758;1787866098439;0.0;64;64;WAITING_FOR_REST;49.7;0.0;0.0;0.0;1509_direct_carried;;;4.2;736.1;0;0;1;2;0;1508
1266968;1787866098649;0.0;64;64;STABLE;49.7;0.0;0.0;0.0;1509_direct;;;4.2;736.1;0;0;1;2;0;1509
1267172;1787866098853;0.0;64;64;STABLE;49.7;0.0;0.0;0.0;1509_direct_carried;;;4.2;736.1;0;0;1;2;0;150A
1267378;1787866099059;0.0;64;64;STABLE;49.7;0.0;0.0;0.0;1509_direct_carried;;;4.2;736.1;0;0;1;2;0;150B
1267588;1787866099269;0.0;64;64;STABLE;49.7;0.0;0.0;0.0;1509_direct_carried;;;4.2;736.1;0;0;1;2;0;150D
1268638;1787866100319;0.0;64;64;STABLE;49.7;0.0;0.0;0.0;1509_direct_carried;;;4.2;736.1;0;0;1;2;0;1502
1269048;1787866100729;0.0;64;64;STABLE;49.7;0.0;0.0;0.0;1509_direct_carried;;;4.2;736.1;0;0;1;2;0;1505
1269260;1787866100941;0.0;64;64;STABLE;49.7;0.0;0.0;0.0;1509_direct_carried;;;4.2;736.1;0;0;1;2;0;1506
1269683;1787866101364;0.0;64;64;STABLE;49.7;0.0;0.0;0.0;1509_direct_carried;;;4.2;736.1;0;0;1;2;0;1508
1269894;1787866101575;0.0;64;64;WAITING_FOR_REST;49.7;0.0;0.0;0.0;1509_direct;;;4.2;736.1;0;0;1;2;0;1509
1270102;1787866101783;0.0;64;64;WAITING_FOR_REST;49.7;0.0;0.0;0.0;1509_direct_carried;;;4.2;736.1;0;0;1;2;0;150A
1270312;1787866101993;0.0;64;64;WAITING_FOR_REST;49.7;0.0;0.0;0.0;1509_direct_carried;;;4.2;736.1;0;0;1;2;0;150B
1270512;1787866102193;0.0;64;64;WAITING_FOR_REST;49.7;0.0;0.0;0.0;1509_direct_carried;;;4.2;736.1;0;0;1;2;0;150D
1271558;1787866103239;0.0;64;64;WAITING_FOR_REST;49.7;0.0;0.0;0.0;1509_direct_carried;;;4.2;736.1;0;0;1;2;0;1502
1271978;1787866103659;0.0;64;64;WAITING_FOR_REST;49.7;0.0;0.0;0.0;1509_direct_carried;;;4.2;736.1;0;0;1;2;0;1505
1272178;1787866103859;0.0;64;64;WAITING_FOR_REST;49.7;0.0;0.0;0.0;1509_direct_carried;;;4.2;736.1;0;0;1;2;0;1506
1272602;1787866104283;0.0;64;64;WAITING_FOR_REST;49.7;0.0;0.0;0.0;1509_direct_carried;;;4.2;736.1;0;0;1;2;0;1508
1272809;1787866104490;0.0;64;64;WAITING_FOR_REST;49.7;0.0;0.0;0.0;1509_direct;;;4.2;736.1;0;0;1;2;0;1509
1273021;1787866104702;0.0;64;64;WAITING_FOR_REST;49.7;0.0;0.0;0.0;1509_direct_carried;;;4.2;736.1;0;0;1;2;0;150A
1273230;1787866104911;0.0;64;64;WAITING_FOR_REST;49.7;0.0;0.0;0.0;1509_direct_carried;;;4.2;736.1;0;0;1;2;0;150B
1273440;1787866105121;0.0;64;64;WAITING_FOR_REST;49.7;0.0;0.0;0.0;1509_direct_carried;;;4.2;736.1;0;0;1;2;0;150D
1274483;1787866106164;0.0;64;64;WAITING_FOR_REST;49.7;0.0;0.0;0.0;1509_direct_carried;;;4.2;736.1;0;0;1;2;0;1502
1274904;1787866106585;0.0;64;64;WAITING_FOR_REST;49.7;0.0;0.0;0.0;1509_direct_carried;;;4.2;736.1;0;0;1;2;0;1505
1275111;1787866106792;0.0;64;64;WAITING_FOR_REST;49.7;0.0;0.0;0.0;1509_direct_carried;;;4.2;736.1;0;0;1;2;0;1506
1275519;1787866107200;0.0;64;64;WAITING_FOR_REST;49.7;0.0;0.0;0.0;1509_direct_carried;;;4.2;736.1;0;0;1;2;0;1508
1275730;1787866107411;0.0;64;64;STABLE;49.7;0.0;0.0;0.0;1509_direct;;;4.2;736.1;0;0;1;2;0;1509
1275939;1787866107620;0.0;64;64;STABLE;49.7;0.0;0.0;0.0;1509_direct_carried;;;4.2;736.1;0;0;1;2;0;150A
1276150;1787866107831;0.0;64;64;STABLE;49.7;0.0;0.0;0.0;1509_direct_carried;;;4.2;736.1;0;0;1;2;0;150B
1276365;1787866108046;0.0;64;64;STABLE;49.7;0.0;0.0;0.0;1509_direct_carried;;;4.2;736.1;0;0;1;2;0;150D
1277401;1787866109082;0.0;64;64;STABLE;49.7;0.0;0.0;0.0;1509_direct_carried;;;4.2;736.1;0;0;1;2;0;1502
1277821;1787866109502;0.0;64;64;STABLE;49.7;0.0;0.0;0.0;1509_direct_carried;;;4.2;736.1;0;0;1;2;0;1505
1278031;1787866109712;0.0;64;64;STABLE;49.7;0.0;0.0;0.0;1509_direct_carried;;;4.2;736.1;0;0;1;2;0;1506
1278451;1787866110132;0.0;64;64;STABLE;49.7;0.0;0.0;0.0;1509_direct_carried;;;4.2;736.1;0;0;1;2;0;1508
1278660;1787866110341;0.0;64;64;WAITING_FOR_REST;49.7;0.0;0.0;0.0;1509_direct;;;4.2;736.1;0;0;1;2;0;1509
1278863;1787866110544;0.0;64;64;WAITING_FOR_REST;49.7;0.0;0.0;0.0;1509_direct_carried;;;4.2;736.1;0;0;1;2;0;150A
1279071;1787866110752;0.0;64;64;WAITING_FOR_REST;49.7;0.0;0.0;0.0;1509_direct_carried;;;4.2;736.1;0;0;1;2;0;150B
1279282;1787866110963;0.0;64;64;WAITING_FOR_REST;49.7;0.0;0.0;0.0;1509_direct_carried;;;4.2;736.1;0;0;1;2;0;150D
1280329;1787866112010;0.0;64;64;WAITING_FOR_REST;49.7;0.0;0.0;0.0;1509_direct_carried;;;4.2;736.1;0;0;1;2;0;1502
1280742;1787866112423;0.0;64;64;WAITING_FOR_REST;49.7;0.0;0.0;0.0;1509_direct_carried;;;4.2;736.1;0;0;1;2;0;1505
1280952;1787866112633;0.0;64;64;WAITING_FOR_REST;49.7;0.0;0.0;0.0;1509_direct_carried;;;4.2;736.1;0;0;1;2;0;1506
1281374;1787866113055;0.0;64;64;WAITING_FOR_REST;49.7;0.0;0.0;0.0;1509_direct_carried;;;4.2;736.1;0;0;1;2;0;1508
1281585;1787866113266;0.0;64;64;WAITING_FOR_REST;49.7;0.0;0.0;0.0;1509_direct;;;4.2;736.1;0;0;1;2;0;1509
1281793;1787866113474;0.0;64;64;WAITING_FOR_REST;49.7;0.0;0.0;0.0;1509_direct_carried;;;4.2;736.1;0;0;1;2;0;150A
1282003;1787866113684;0.0;64;64;WAITING_FOR_REST;49.7;0.0;0.0;0.0;1509_direct_carried;;;4.2;736.1;0;0;1;2;0;150B
1282201;1787866113882;0.0;64;64;WAITING_FOR_REST;49.7;0.0;0.0;0.0;1509_direct_carried;;;4.2;736.1;0;0;1;2;0;150D
1283253;1787866114934;0.0;64;64;WAITING_FOR_REST;49.7;0.0;0.0;0.0;1509_direct_carried;;;4.2;736.1;0;0;1;2;0;1502
1283674;1787866115355;0.0;64;64;WAITING_FOR_REST;49.7;0.0;0.0;0.0;1509_direct_carried;;;4.2;736.1;0;0;1;2;0;1505
1283873;1787866115554;0.0;64;64;WAITING_FOR_REST;49.7;0.0;0.0;0.0;1509_direct_carried;;;4.2;736.1;0;0;1;2;0;1506
1284293;1787866115974;0.0;64;64;WAITING_FOR_REST;49.7;0.0;0.0;0.0;1509_direct_carried;;;4.2;736.1;0;0;1;2;1;1508
1284503;1787866116184;0.0;64;64;STABLE;49.7;0.0;0.0;0.0;1509_direct;;;4.2;736.1;0;0;1;2;1;1509
1284710;1787866116391;0.0;64;64;STABLE;49.7;0.0;0.0;0.0;1509_direct_carried;;;4.2;736.1;0;0;1;2;1;150A
1284923;1787866116604;0.0;64;64;STABLE;49.7;0.0;0.0;0.0;1509_direct_carried;;;4.2;736.1;0;0;1;2;1;150B
1285134;1787866116815;0.0;64;64;STABLE;49.7;0.0;0.0;0.0;1509_direct_carried;;;4.2;736.1;0;0;1;2;1;150D
1286176;1787866117857;0.0;64;64;STABLE;49.7;0.0;0.0;0.0;1509_direct_carried;;;4.2;736.1;0;0;1;2;1;1502
1286594;1787866118275;0.0;64;64;STABLE;49.7;0.0;0.0;0.0;1509_direct_carried;;;4.2;736.1;0;0;1;2;1;1505
1286803;1787866118484;0.0;64;64;STABLE;49.7;0.0;0.0;0.0;1509_direct_carried;;;4.2;736.1;0;0;1;2;1;1506
1287213;1787866118894;0.0;64;64;STABLE;49.7;0.0;0.0;0.0;1509_direct_carried;;;4.2;736.1;0;0;1;2;1;1508
1287422;1787866119103;0.0;64;64;WAITING_FOR_REST;49.7;0.0;0.0;0.0;1509_direct;;;4.2;736.1;0;0;1;2;1;1509
1287632;1787866119313;0.0;64;64;WAITING_FOR_REST;49.7;0.0;0.0;0.0;1509_direct_carried;;;4.2;736.1;0;0;1;2;1;150A
1287843;1787866119524;0.0;64;64;WAITING_FOR_REST;49.7;0.0;0.0;0.0;1509_direct_carried;;;4.2;736.1;0;0;1;2;1;150B
1288054;1787866119735;0.0;64;64;WAITING_FOR_REST;49.7;0.0;0.0;0.0;1509_direct_carried;;;4.2;736.1;0;0;1;2;1;150D
1289093;1787866120774;0.0;64;64;WAITING_FOR_REST;49.7;0.0;0.0;0.0;1509_direct_carried;;;4.2;736.1;0;0;1;2;1;1502
1289512;1787866121193;0.0;64;64;WAITING_FOR_REST;49.7;0.0;0.0;0.0;1509_direct_carried;;;4.2;736.1;0;0;1;2;1;1505
1289722;1787866121403;0.0;64;64;WAITING_FOR_REST;49.7;0.0;0.0;0.0;1509_direct_carried;;;4.2;736.1;0;0;1;2;1;1506
1290140;1787866121821;0.0;64;64;WAITING_FOR_REST;49.7;0.0;0.0;0.0;1509_direct_carried;;;4.2;736.1;0;0;1;2;1;1508
1290353;1787866122034;0.0;64;64;WAITING_FOR_REST;49.7;0.0;0.0;0.0;1509_direct;;;4.2;736.1;0;0;1;2;1;1509
1290553;1787866122234;0.0;64;64;WAITING_FOR_REST;49.7;0.0;0.0;0.0;1509_direct_carried;;;4.2;736.1;0;0;1;2;1;150A
1290764;1787866122445;0.0;64;64;WAITING_FOR_REST;49.7;0.0;0.0;0.0;1509_direct_carried;;;4.2;736.1;0;0;1;2;1;150B
1290973;1787866122654;0.0;64;64;WAITING_FOR_REST;49.7;0.0;0.0;0.0;1509_direct_carried;;;4.2;736.1;0;0;1;2;1;150D
1292026;1787866123707;0.0;64;64;WAITING_FOR_REST;49.7;0.0;0.0;0.0;1509_direct_carried;;;4.2;736.1;0;0;1;2;1;1502
1292434;1787866124115;0.0;64;64;WAITING_FOR_REST;49.7;0.0;0.0;0.0;1509_direct_carried;;;4.2;736.1;0;0;1;2;1;1505
1292645;1787866124326;0.0;64;64;WAITING_FOR_REST;49.7;0.0;0.0;0.0;1509_direct_carried;;;4.2;736.1;0;0;1;2;1;1506
1293062;1787866124743;0.0;64;64;WAITING_FOR_REST;49.7;0.0;0.0;0.0;1509_direct_carried;;;4.2;736.1;0;0;1;2;1;1508
1293274;1787866124955;0.0;64;64;STABLE;49.7;0.0;0.0;0.0;1509_direct;;;4.2;736.1;0;0;1;2;1;1509
1293484;1787866125165;0.0;64;64;STABLE;49.7;0.0;0.0;0.0;1509_direct_carried;;;4.2;736.1;0;0;1;2;1;150A
1293693;1787866125374;0.0;64;64;STABLE;49.7;0.0;0.0;0.0;1509_direct_carried;;;4.2;736.1;0;0;1;2;1;150B
1293902;1787866125583;0.0;64;64;STABLE;49.7;0.0;0.0;0.0;1509_direct_carried;;;4.2;736.1;0;0;1;2;1;150D
1294942;1787866126623;0.0;64;64;STABLE;49.7;0.0;0.0;0.0;1509_direct_carried;;;4.2;736.1;0;0;1;2;1;1502
1295362;1787866127043;0.0;64;64;STABLE;49.7;0.0;0.0;0.0;1509_direct_carried;;;4.2;736.1;0;0;1;2;1;1505
1295575;1787866127256;0.0;64;64;STABLE;49.7;0.0;0.0;0.0;1509_direct_carried;;;4.2;736.1;0;0;1;2;1;1506
1295983;1787866127664;0.0;64;64;STABLE;49.7;0.0;0.0;0.0;1509_direct_carried;;;4.2;736.1;0;0;1;2;1;1508
1296193;1787866127874;0.0;64;64;WAITING_FOR_REST;49.7;0.0;0.0;0.0;1509_direct;;;4.2;736.1;0;0;1;2;1;1509
1296401;1787866128082;0.0;64;64;WAITING_FOR_REST;49.7;0.0;0.0;0.0;1509_direct_carried;;;4.2;736.1;0;0;1;2;1;150A
1296614;1787866128295;0.0;64;64;WAITING_FOR_REST;49.7;0.0;0.0;0.0;1509_direct_carried;;;4.2;736.1;0;0;1;2;1;150B
1296825;1787866128506;0.0;64;64;WAITING_FOR_REST;49.7;0.0;0.0;0.0;1509_direct_carried;;;4.2;736.1;0;0;1;2;1;150D
1297865;1787866129546;0.0;64;64;WAITING_FOR_REST;49.7;0.0;0.0;0.0;1509_direct_carried;;;4.2;736.1;0;0;1;2;1;1502
1298282;1787866129963;0.0;64;64;WAITING_FOR_REST;49.7;0.0;0.0;0.0;1509_direct_carried;;;4.2;736.1;0;0;1;2;1;1505
1298496;1787866130177;0.0;64;64;WAITING_FOR_REST;49.7;0.0;0.0;0.0;1509_direct_carried;;;4.2;736.1;0;0;1;2;1;1506
1298914;1787866130595;0.0;64;64;WAITING_FOR_REST;49.7;0.0;0.0;0.0;1509_direct_carried;;;4.2;736.1;0;0;1;2;1;1508
1299114;1787866130795;0.0;64;64;WAITING_FOR_REST;49.7;0.0;0.0;0.0;1509_direct;;;4.2;736.1;0;0;1;2;1;1509
1299325;1787866131006;0.0;64;64;WAITING_FOR_REST;49.7;0.0;0.0;0.0;1509_direct_carried;;;4.2;736.1;0;0;1;2;1;150A
1299532;1787866131213;0.0;64;64;WAITING_FOR_REST;49.7;0.0;0.0;0.0;1509_direct_carried;;;4.2;736.1;0;0;1;2;1;150B
1299743;1787866131424;0.0;64;64;WAITING_FOR_REST;49.7;0.0;0.0;0.0;1509_direct_carried;;;4.2;736.1;0;0;1;2;1;150D
1300784;1787866132465;0.0;64;64;WAITING_FOR_REST;49.7;0.0;0.0;0.0;1509_direct_carried;;;4.2;736.1;0;0;1;2;1;1502
1301203;1787866132884;0.0;64;64;WAITING_FOR_REST;49.7;0.0;0.0;0.0;1509_direct_carried;;;4.2;736.1;0;0;1;2;1;1505
1301414;1787866133095;0.0;64;64;WAITING_FOR_REST;49.7;0.0;0.0;0.0;1509_direct_carried;;;4.2;736.1;0;0;1;2;1;1506
1301833;1787866133514;0.0;64;64;WAITING_FOR_REST;49.7;0.0;0.0;0.0;1509_direct_carried;;;4.2;736.1;0;0;1;2;0;1508
1302042;1787866133723;0.0;64;64;STABLE;49.7;0.0;0.0;0.0;1509_direct;;;4.2;736.1;0;0;1;2;0;1509
1302255;1787866133936;0.0;64;64;STABLE;49.7;0.0;0.0;0.0;1509_direct_carried;;;4.2;736.1;0;0;1;2;0;150A
1302453;1787866134134;0.0;64;64;STABLE;49.7;0.0;0.0;0.0;1509_direct_carried;;;4.2;736.1;0;0;1;2;0;150B
1302663;1787866134344;0.0;64;64;STABLE;49.7;0.0;0.0;0.0;1509_direct_carried;;;4.2;736.1;0;0;1;2;0;150D
1303713;1787866135394;0.0;64;64;STABLE;49.7;0.0;0.0;0.0;1509_direct_carried;;;4.2;736.1;0;0;1;2;0;1502
1304127;1787866135808;0.0;64;64;STABLE;49.7;0.0;0.0;0.0;1509_direct_carried;;;4.2;736.1;0;0;1;2;0;1505
1304336;1787866136017;0.0;64;64;STABLE;49.7;0.0;0.0;0.0;1509_direct_carried;;;4.2;736.1;0;0;1;2;0;1506
1304755;1787866136436;0.0;64;64;STABLE;49.7;0.0;0.0;0.0;1509_direct_carried;;;4.2;736.1;0;0;1;2;0;1508
1304965;1787866136646;0.0;64;64;WAITING_FOR_REST;49.7;0.0;0.0;0.0;1509_direct;;;4.2;736.1;0;0;1;2;0;1509
1305175;1787866136856;0.0;64;64;WAITING_FOR_REST;49.7;0.0;0.0;0.0;1509_direct_carried;;;4.2;736.1;0;0;1;2;0;150A
1305382;1787866137063;0.0;64;64;WAITING_FOR_REST;49.7;0.0;0.0;0.0;1509_direct_carried;;;4.2;736.1;0;0;1;2;0;150B
1305596;1787866137277;0.0;64;64;WAITING_FOR_REST;49.7;0.0;0.0;0.0;1509_direct_carried;;;4.2;736.1;0;0;1;2;0;150D
1306634;1787866138315;0.0;64;64;WAITING_FOR_REST;49.7;0.0;0.0;0.0;1509_direct_carried;;;4.2;736.1;0;0;1;2;0;1502
1307055;1787866138736;0.0;64;64;WAITING_FOR_REST;49.7;0.0;0.0;0.0;1509_direct_carried;;;4.2;736.1;0;0;1;2;0;1505
1307264;1787866138945;0.0;64;64;WAITING_FOR_REST;49.7;0.0;0.0;0.0;1509_direct_carried;;;4.2;736.1;0;0;1;2;0;1506
1307674;1787866139355;0.0;64;64;WAITING_FOR_REST;49.7;0.0;0.0;0.0;1509_direct_carried;;;4.2;736.1;0;0;1;2;0;1508
1307884;1787866139565;0.0;64;64;WAITING_FOR_REST;49.7;0.0;0.0;0.0;1509_direct;;;4.2;736.1;0;0;1;2;0;1509
1308096;1787866139777;0.0;64;64;WAITING_FOR_REST;49.7;0.0;0.0;0.0;1509_direct_carried;;;4.2;736.1;0;0;1;2;0;150A
1308306;1787866139987;0.0;64;64;WAITING_FOR_REST;49.7;0.0;0.0;0.0;1509_direct_carried;;;4.2;736.1;0;0;1;2;0;150B
1308514;1787866140195;0.0;64;64;WAITING_FOR_REST;49.7;0.0;0.0;0.0;1509_direct_carried;;;4.2;736.1;0;0;1;2;0;150D
1309556;1787866141237;0.0;64;64;WAITING_FOR_REST;49.7;0.0;0.0;0.0;1509_direct_carried;;;4.2;736.1;0;0;1;2;0;1502
1309973;1787866141654;0.0;64;64;WAITING_FOR_REST;49.7;0.0;0.0;0.0;1509_direct_carried;;;4.2;736.1;0;0;1;2;0;1505
1310184;1787866141865;0.0;64;64;WAITING_FOR_REST;49.7;0.0;0.0;0.0;1509_direct_carried;;;4.2;736.1;0;0;1;2;0;1506
1310605;1787866142286;0.0;64;64;WAITING_FOR_REST;49.7;0.0;0.0;0.0;1509_direct_carried;;;4.2;736.1;0;0;1;2;0;1508
1310805;1787866142486;0.0;64;64;STABLE;49.7;0.0;0.0;0.0;1509_direct;;;4.2;736.1;0;0;1;2;0;1509
1311013;1787866142694;0.0;64;64;STABLE;49.7;0.0;0.0;0.0;1509_direct_carried;;;4.2;736.1;0;0;1;2;0;150A
1311223;1787866142904;0.0;64;64;STABLE;49.7;0.0;0.0;0.0;1509_direct_carried;;;4.2;736.1;0;0;1;2;0;150B
1311433;1787866143114;0.0;64;64;STABLE;49.7;0.0;0.0;0.0;1509_direct_carried;;;4.2;736.1;0;0;1;2;0;150D
1312477;1787866144158;0.0;64;64;STABLE;49.7;0.0;0.0;0.0;1509_direct_carried;;;4.2;736.1;0;0;1;2;0;1502
1312893;1787866144574;0.0;64;64;STABLE;49.7;0.0;0.0;0.0;1509_direct_carried;;;4.2;736.1;0;0;1;2;0;1505
1313103;1787866144784;0.0;64;64;STABLE;49.7;0.0;0.0;0.0;1509_direct_carried;;;4.2;736.1;0;0;1;2;0;1506
1313527;1787866145208;0.0;64;64;STABLE;49.7;0.0;0.0;0.0;1509_direct_carried;;;4.2;736.1;0;0;1;2;0;1508
1313733;1787866145414;0.0;64;64;WAITING_FOR_REST;49.7;0.0;0.0;0.0;1509_direct;;;4.2;736.1;0;0;1;2;0;1509
1313943;1787866145624;0.0;64;64;WAITING_FOR_REST;49.7;0.0;0.0;0.0;1509_direct_carried;;;4.2;736.1;0;0;1;2;0;150A
1314153;1787866145834;0.0;64;64;WAITING_FOR_REST;49.7;0.0;0.0;0.0;1509_direct_carried;;;4.2;736.1;0;0;1;2;0;150B
1314356;1787866146037;0.0;64;64;WAITING_FOR_REST;49.7;0.0;0.0;0.0;1509_direct_carried;;;4.2;736.1;0;0;1;2;0;150D
1315405;1787866147086;0.0;64;64;WAITING_FOR_REST;49.7;0.0;0.0;0.0;1509_direct_carried;;;4.2;736.1;0;0;1;2;0;1502
1315828;1787866147509;0.0;64;64;WAITING_FOR_REST;49.7;0.0;0.0;0.0;1509_direct_carried;;;4.2;736.1;0;0;1;2;0;1505
1316022;1787866147703;0.0;64;64;WAITING_FOR_REST;49.7;0.0;0.0;0.0;1509_direct_carried;;;4.2;736.1;0;0;1;2;0;1506
1316444;1787866148125;0.0;64;64;WAITING_FOR_REST;49.7;0.0;0.0;0.0;1509_direct_carried;;;4.2;736.1;0;0;1;2;0;1508
1316660;1787866148341;0.0;64;64;WAITING_FOR_REST;49.7;0.0;0.0;0.0;1509_direct;;;4.2;736.1;0;0;1;2;0;1509
1316866;1787866148547;0.0;64;64;WAITING_FOR_REST;49.7;0.0;0.0;0.0;1509_direct_carried;;;4.2;736.1;0;0;1;2;0;150A
1317075;1787866148756;0.0;64;64;WAITING_FOR_REST;49.7;0.0;0.0;0.0;1509_direct_carried;;;4.2;736.1;0;0;1;2;0;150B
1317290;1787866148971;0.0;64;64;WAITING_FOR_REST;49.7;0.0;0.0;0.0;1509_direct_carried;;;4.2;736.1;0;0;1;2;0;150D
1318325;1787866150006;0.0;64;64;WAITING_FOR_REST;49.7;0.0;0.0;0.0;1509_direct_carried;;;4.2;736.1;0;0;1;2;0;1502
1318745;1787866150426;0.0;64;64;WAITING_FOR_REST;49.7;0.0;0.0;0.0;1509_direct_carried;;;4.2;736.1;0;0;1;2;0;1505
1318957;1787866150638;0.0;64;64;WAITING_FOR_REST;49.7;0.0;0.0;0.0;1509_direct_carried;;;4.2;736.1;0;0;1;2;0;1506
1319366;1787866151047;0.0;64;64;WAITING_FOR_REST;49.7;0.0;0.0;0.0;1509_direct_carried;;;4.2;736.1;0;0;1;2;0;1508
1319576;1787866151257;0.0;64;64;STABLE;49.7;0.0;0.0;0.0;1509_direct;;;4.2;736.1;0;0;1;2;0;1509
1319786;1787866151467;0.0;64;64;STABLE;49.7;0.0;0.0;0.0;1509_direct_carried;;;4.2;736.1;0;0;1;2;0;150A
1319996;1787866151677;0.0;64;64;STABLE;49.7;0.0;0.0;0.0;1509_direct_carried;;;4.2;736.1;0;0;1;2;0;150B
1320206;1787866151887;0.0;64;64;STABLE;49.7;0.0;0.0;0.0;1509_direct_carried;;;4.2;736.1;0;0;1;2;0;150D
1321247;1787866152928;0.0;64;64;STABLE;49.7;0.0;0.0;0.0;1509_direct_carried;;;4.2;736.1;0;0;1;2;0;1502
1321670;1787866153351;0.0;64;64;STABLE;49.7;0.0;0.0;0.0;1509_direct_carried;;;4.2;736.1;0;0;1;2;0;1505
1321875;1787866153556;0.0;64;64;STABLE;49.7;0.0;0.0;0.0;1509_direct_carried;;;4.2;736.1;0;0;1;2;0;1506
1322296;1787866153977;0.0;64;64;STABLE;49.7;0.0;0.0;0.0;1509_direct_carried;;;4.2;736.1;0;0;1;2;0;1508
1322498;1787866154179;0.0;64;64;WAITING_FOR_REST;49.7;0.0;0.0;0.0;1509_direct;;;4.2;736.1;0;0;1;2;0;1509
1322704;1787866154385;0.0;64;64;WAITING_FOR_REST;49.7;0.0;0.0;0.0;1509_direct_carried;;;4.2;736.1;0;0;1;2;0;150A
1322917;1787866154598;0.0;64;64;WAITING_FOR_REST;49.7;0.0;0.0;0.0;1509_direct_carried;;;4.2;736.1;0;0;1;2;0;150B
1323124;1787866154805;0.0;64;64;WAITING_FOR_REST;49.7;0.0;0.0;0.0;1509_direct_carried;;;4.2;736.1;0;0;1;2;0;150D
1324163;1787866155844;0.0;64;64;WAITING_FOR_REST;49.7;0.0;0.0;0.0;1509_direct_carried;;;4.2;736.1;0;0;1;2;0;1502
1324584;1787866156265;0.0;64;64;WAITING_FOR_REST;49.7;0.0;0.0;0.0;1509_direct_carried;;;4.2;736.1;0;0;1;2;0;1505
1324793;1787866156474;0.0;64;64;WAITING_FOR_REST;49.7;0.0;0.0;0.0;1509_direct_carried;;;4.2;736.1;0;0;1;2;0;1506
1325214;1787866156895;0.0;64;64;WAITING_FOR_REST;49.7;0.0;0.0;0.0;1509_direct_carried;;;4.2;736.1;0;0;1;2;0;1508
1325423;1787866157104;0.0;64;64;WAITING_FOR_REST;49.7;0.0;0.0;0.0;1509_direct;;;4.2;736.1;0;0;1;2;0;1509
1325633;1787866157314;0.0;64;64;WAITING_FOR_REST;49.7;0.0;0.0;0.0;1509_direct_carried;;;4.2;736.1;0;0;1;2;0;150A
1325842;1787866157523;0.0;64;64;WAITING_FOR_REST;49.7;0.0;0.0;0.0;1509_direct_carried;;;4.2;736.1;0;0;1;2;0;150B
1326042;1787866157723;0.0;64;64;WAITING_FOR_REST;49.7;0.0;0.0;0.0;1509_direct_carried;;;4.2;736.1;0;0;1;2;0;150D
1327093;1787866158774;0.0;64;64;WAITING_FOR_REST;49.7;0.0;0.0;0.0;1509_direct_carried;;;4.2;736.1;0;0;1;2;0;1502
1327503;1787866159184;0.0;64;64;WAITING_FOR_REST;49.7;0.0;0.0;0.0;1509_direct_carried;;;4.2;736.1;0;0;1;2;0;1505
1327713;1787866159394;0.0;64;64;WAITING_FOR_REST;49.7;0.0;0.0;0.0;1509_direct_carried;;;4.2;736.1;0;0;1;2;0;1506
1328134;1787866159815;0.0;64;64;WAITING_FOR_REST;49.7;0.0;0.0;0.0;1509_direct_carried;;;4.2;736.1;0;0;1;2;0;1508
1328343;1787866160024;0.0;64;64;STABLE;49.7;0.0;0.0;0.0;1509_direct;;;4.2;736.1;0;0;1;2;0;1509
1328553;1787866160234;0.0;64;64;STABLE;49.7;0.0;0.0;0.0;1509_direct_carried;;;4.2;736.1;0;0;1;2;0;150A
1328765;1787866160446;0.0;64;64;STABLE;49.7;0.0;0.0;0.0;1509_direct_carried;;;4.2;736.1;0;0;1;2;0;150B
1328974;1787866160655;0.0;64;64;STABLE;49.7;0.0;0.0;0.0;1509_direct_carried;;;4.2;736.1;0;0;1;2;0;150D
1330012;1787866161693;0.0;64;64;STABLE;49.7;0.0;0.0;0.0;1509_direct_carried;;;4.2;736.1;0;0;1;2;0;1502
1330644;1787866162325;0.0;64;64;STABLE;49.7;0.0;0.0;0.0;1509_direct_carried;;;4.2;736.1;0;0;1;2;0;1505
1330846;1787866162527;0.0;64;64;STABLE;49.7;0.0;0.0;0.0;1509_direct_carried;;;4.2;736.1;0;0;1;2;0;1506
1331266;1787866162947;0.0;64;64;STABLE;49.7;0.0;0.0;0.0;1509_direct_carried;;;4.2;736.1;0;0;1;2;0;1508
1331475;1787866163156;0.0;64;64;WAITING_FOR_REST;49.7;0.0;0.0;0.0;1509_direct;;;4.2;736.1;0;0;1;2;0;1509
1331683;1787866163364;0.0;64;64;WAITING_FOR_REST;49.7;0.0;0.0;0.0;1509_direct_carried;;;4.2;736.1;0;0;1;2;0;150A
1331893;1787866163574;0.0;64;64;WAITING_FOR_REST;49.7;0.0;0.0;0.0;1509_direct_carried;;;4.2;736.1;0;0;1;2;0;150B
1332104;1787866163785;0.0;64;64;WAITING_FOR_REST;49.7;0.0;0.0;0.0;1509_direct_carried;;;4.2;736.1;0;0;1;2;0;150D
1333145;1787866164826;0.0;64;64;WAITING_FOR_REST;49.7;0.0;0.0;0.0;1509_direct_carried;;;4.2;736.1;0;0;1;2;0;1502
1333563;1787866165244;0.0;64;64;WAITING_FOR_REST;49.7;0.0;0.0;0.0;1509_direct_carried;;;4.2;736.1;0;0;1;2;0;1505
1333775;1787866165456;0.0;64;64;WAITING_FOR_REST;49.7;0.0;0.0;0.0;1509_direct_carried;;;4.2;736.1;0;0;1;2;0;1506
1334186;1787866165867;0.0;64;64;WAITING_FOR_REST;49.7;0.0;0.0;0.0;1509_direct_carried;;;4.2;736.1;0;0;1;2;0;1508
1334395;1787866166076;0.0;64;64;WAITING_FOR_REST;49.7;0.0;0.0;0.0;1509_direct;;;4.2;736.1;0;0;1;2;0;1509
1334605;1787866166286;0.0;64;64;WAITING_FOR_REST;49.7;0.0;0.0;0.0;1509_direct_carried;;;4.2;736.1;0;0;1;2;0;150A
1334816;1787866166497;0.0;64;64;WAITING_FOR_REST;49.7;0.0;0.0;0.0;1509_direct_carried;;;4.2;736.1;0;0;1;2;0;150B
1335024;1787866166705;0.0;64;64;WAITING_FOR_REST;49.7;0.0;0.0;0.0;1509_direct_carried;;;4.2;736.1;0;0;1;2;0;150D
1336064;1787866167745;0.0;64;64;WAITING_FOR_REST;49.7;0.0;0.0;0.0;1509_direct_carried;;;4.2;736.1;0;0;1;2;0;1502
1336483;1787866168164;0.0;64;64;WAITING_FOR_REST;49.7;0.0;0.0;0.0;1509_direct_carried;;;4.2;736.1;0;0;1;2;0;1505
1336694;1787866168375;0.0;64;64;WAITING_FOR_REST;49.7;0.0;0.0;0.0;1509_direct_carried;;;4.2;736.1;0;0;1;2;0;1506
1337114;1787866168795;0.0;64;64;WAITING_FOR_REST;49.7;0.0;0.0;0.0;1509_direct_carried;;;4.2;736.1;0;0;1;2;0;1508
1337324;1787866169005;0.0;64;64;STABLE;49.7;0.0;0.0;0.0;1509_direct;;;4.2;736.1;0;0;1;2;0;1509
1337524;1787866169205;0.0;64;64;STABLE;49.7;0.0;0.0;0.0;1509_direct_carried;;;4.2;736.1;0;0;1;2;0;150A
1337734;1787866169415;0.0;64;64;STABLE;49.7;0.0;0.0;0.0;1509_direct_carried;;;4.2;736.1;0;0;1;2;0;150B
1337945;1787866169626;0.0;64;64;STABLE;49.7;0.0;0.0;0.0;1509_direct_carried;;;4.2;736.1;0;0;1;2;0;150D
1338995;1787866170676;0.0;64;64;STABLE;49.7;0.0;0.0;0.0;1509_direct_carried;;;4.2;736.1;0;0;1;2;0;1502